n;A023705;weight;level;jump
1;1;0;0;1
2;2;0;0;1
3;3;0;0;2
4;5;2;2;1
5;6;5;1;1
6;7;5;1;2
7;9;2;4;1
8;10;3;3;1
9;11;3;3;2
10;13;2;6;1
11;14;13;1;1
12;15;9;1;6
13;21;2;10;1
14;22;3;7;1
15;23;3;7;2
16;25;2;12;1
17;26;5;5;1
18;27;5;5;2
19;29;2;14;1
20;30;29;1;1
21;31;25;1;6
22;37;2;18;1
23;38;37;1;1
24;39;37;1;2
25;41;2;20;1
26;42;41;1;1
27;43;41;1;2
28;45;2;22;1
29;46;3;15;1
30;47;41;1;6
31;53;2;26;1
32;54;53;1;1
33;55;53;1;2
34;57;2;28;1
35;58;3;19;1
36;59;3;19;2
37;61;2;30;1
38;62;61;1;1
39;63;41;1;22
40;85;2;42;1
41;86;5;17;1
42;87;5;17;2
43;89;2;44;1
44;90;89;1;1
45;91;89;1;2
46;93;2;46;1
47;94;3;31;1
48;95;89;1;6
49;101;2;50;1
50;102;101;1;1
51;103;101;1;2
52;105;2;52;1
53;106;3;35;1
54;107;3;35;2
55;109;2;54;1
56;110;109;1;1
57;111;7;15;6
58;117;2;58;1
59;118;3;39;1
60;119;3;39;2
61;121;2;60;1
62;122;11;11;1
63;123;11;11;2
64;125;2;62;1
65;126;5;25;1
66;127;35;3;22
67;149;2;74;1
68;150;149;1;1
69;151;149;1;2
70;153;2;76;1
71;154;3;51;1
72;155;3;51;2
73;157;2;78;1
74;158;157;1;1
75;159;9;17;6
76;165;2;82;1
77;166;3;55;1
78;167;3;55;2
79;169;2;84;1
80;170;13;13;1
81;171;13;13;2
82;173;2;86;1
83;174;173;1;1
84;175;13;13;6
85;181;2;90;1
86;182;181;1;1
87;183;181;1;2
88;185;2;92;1
89;186;5;37;1
90;187;5;37;2
91;189;2;94;1
92;190;3;63;1
93;191;169;1;22
94;213;2;106;1
95;214;3;71;1
96;215;3;71;2
97;217;2;108;1
98;218;7;31;1
99;219;7;31;2
100;221;2;110;1
101;222;13;17;1
102;223;7;31;6
103;229;2;114;1
104;230;229;1;1
105;231;229;1;2
106;233;2;116;1
107;234;233;1;1
108;235;233;1;2
109;237;2;118;1
110;238;3;79;1
111;239;233;1;6
112;245;2;122;1
113;246;5;49;1
114;247;5;49;2
115;249;2;124;1
116;250;3;83;1
117;251;3;83;2
118;253;2;126;1
119;254;11;23;1
120;255;169;1;86
121;341;2;170;1
122;342;11;31;1
123;343;11;31;2
124;345;2;172;1
125;346;3;115;1
126;347;3;115;2
127;349;2;174;1
128;350;349;1;1
129;351;15;23;6
130;357;2;178;1
131;358;3;119;1
132;359;3;119;2
133;361;2;180;1
134;362;19;19;1
135;363;19;19;2
136;365;2;182;1
137;366;5;73;1
138;367;19;19;6
139;373;2;186;1
140;374;373;1;1
141;375;373;1;2
142;377;2;188;1
143;378;13;29;1
144;379;13;29;2
145;381;2;190;1
146;382;3;127;1
147;383;361;1;22
148;405;2;202;1
149;406;3;135;1
150;407;3;135;2
151;409;2;204;1
152;410;409;1;1
153;411;409;1;2
154;413;2;206;1
155;414;7;59;1
156;415;409;1;6
157;421;2;210;1
158;422;421;1;1
159;423;421;1;2
160;425;2;212;1
161;426;5;85;1
162;427;5;85;2
163;429;2;214;1
164;430;3;143;1
165;431;17;25;6
166;437;2;218;1
167;438;19;23;1
168;439;19;23;2
169;441;2;220;1
170;442;3;147;1
171;443;3;147;2
172;445;2;222;1
173;446;5;89;1
174;447;25;17;22
175;469;2;234;1
176;470;7;67;1
177;471;7;67;2
178;473;2;236;1
179;474;11;43;1
180;475;11;43;2
181;477;2;238;1
182;478;3;159;1
183;479;11;43;6
184;485;2;242;1
185;486;5;97;1
186;487;5;97;2
187;489;2;244;1
188;490;3;163;1
189;491;3;163;2
190;493;2;246;1
191;494;17;29;1
192;495;163;3;6
193;501;2;250;1
194;502;3;167;1
195;503;3;167;2
196;505;2;252;1
197;506;5;101;1
198;507;5;101;2
199;509;2;254;1
200;510;509;1;1
201;511;425;1;86
202;597;2;298;1
203;598;3;199;1
204;599;3;199;2
205;601;2;300;1
206;602;601;1;1
207;603;601;1;2
208;605;2;302;1
209;606;5;121;1
210;607;601;1;6
211;613;2;306;1
212;614;613;1;1
213;615;613;1;2
214;617;2;308;1
215;618;617;1;1
216;619;617;1;2
217;621;2;310;1
218;622;3;207;1
219;623;617;1;6
220;629;2;314;1
221;630;17;37;1
222;631;17;37;2
223;633;2;316;1
224;634;3;211;1
225;635;3;211;2
226;637;2;318;1
227;638;7;91;1
228;639;617;1;22
229;661;2;330;1
230;662;661;1;1
231;663;661;1;2
232;665;2;332;1
233;666;5;133;1
234;667;5;133;2
235;669;2;334;1
236;670;3;223;1
237;671;7;95;6
238;677;2;338;1
239;678;677;1;1
240;679;677;1;2
241;681;2;340;1
242;682;3;227;1
243;683;3;227;2
244;685;2;342;1
245;686;5;137;1
246;687;227;3;6
247;693;2;346;1
248;694;3;231;1
249;695;3;231;2
250;697;2;348;1
251;698;17;41;1
252;699;17;41;2
253;701;2;350;1
254;702;701;1;1
255;703;227;3;22
256;725;2;362;1
257;726;5;145;1
258;727;5;145;2
259;729;2;364;1
260;730;3;243;1
261;731;3;243;2
262;733;2;366;1
263;734;733;1;1
264;735;9;81;6
265;741;2;370;1
266;742;3;247;1
267;743;3;247;2
268;745;2;372;1
269;746;5;149;1
270;747;5;149;2
271;749;2;374;1
272;750;7;107;1
273;751;149;5;6
274;757;2;378;1
275;758;757;1;1
276;759;757;1;2
277;761;2;380;1
278;762;761;1;1
279;763;761;1;2
280;765;2;382;1
281;766;3;255;1
282;767;227;3;86
283;853;2;426;1
284;854;853;1;1
285;855;853;1;2
286;857;2;428;1
287;858;857;1;1
288;859;857;1;2
289;861;2;430;1
290;862;3;287;1
291;863;857;1;6
292;869;2;434;1
293;870;11;79;1
294;871;11;79;2
295;873;2;436;1
296;874;3;291;1
297;875;3;291;2
298;877;2;438;1
299;878;877;1;1
300;879;9;97;6
301;885;2;442;1
302;886;3;295;1
303;887;3;295;2
304;889;2;444;1
305;890;7;127;1
306;891;7;127;2
307;893;2;446;1
308;894;19;47;1
309;895;97;9;22
310;917;2;458;1
311;918;7;131;1
312;919;7;131;2
313;921;2;460;1
314;922;3;307;1
315;923;3;307;2
316;925;2;462;1
317;926;5;185;1
318;927;307;3;6
319;933;2;466;1
320;934;3;311;1
321;935;3;311;2
322;937;2;468;1
323;938;937;1;1
324;939;937;1;2
325;941;2;470;1
326;942;941;1;1
327;943;937;1;6
328;949;2;474;1
329;950;13;73;1
330;951;13;73;2
331;953;2;476;1
332;954;953;1;1
333;955;953;1;2
334;957;2;478;1
335;958;3;319;1
336;959;937;1;22
337;981;2;490;1
338;982;3;327;1
339;983;3;327;2
340;985;2;492;1
341;986;5;197;1
342;987;5;197;2
343;989;2;494;1
344;990;23;43;1
345;991;197;5;6
346;997;2;498;1
347;998;997;1;1
348;999;997;1;2
349;1001;2;500;1
350;1002;7;143;1
351;1003;7;143;2
352;1005;2;502;1
353;1006;3;335;1
354;1007;7;143;6
355;1013;2;506;1
356;1014;1013;1;1
357;1015;1013;1;2
358;1017;2;508;1
359;1018;3;339;1
360;1019;3;339;2
361;1021;2;510;1
362;1022;1021;1;1
363;1023;681;1;342
364;1365;2;682;1
365;1366;3;455;1
366;1367;3;455;2
367;1369;2;684;1
368;1370;37;37;1
369;1371;37;37;2
370;1373;2;686;1
371;1374;1373;1;1
372;1375;37;37;6
373;1381;2;690;1
374;1382;1381;1;1
375;1383;1381;1;2
376;1385;2;692;1
377;1386;5;277;1
378;1387;5;277;2
379;1389;2;694;1
380;1390;3;463;1
381;1391;277;5;6
382;1397;2;698;1
383;1398;11;127;1
384;1399;11;127;2
385;1401;2;700;1
386;1402;3;467;1
387;1403;3;467;2
388;1405;2;702;1
389;1406;5;281;1
390;1407;277;5;22
391;1429;2;714;1
392;1430;1429;1;1
393;1431;1429;1;2
394;1433;2;716;1
395;1434;1433;1;1
396;1435;1433;1;2
397;1437;2;718;1
398;1438;3;479;1
399;1439;1433;1;6
400;1445;2;722;1
401;1446;5;289;1
402;1447;5;289;2
403;1449;2;724;1
404;1450;3;483;1
405;1451;3;483;2
406;1453;2;726;1
407;1454;1453;1;1
408;1455;7;207;6
409;1461;2;730;1
410;1462;3;487;1
411;1463;3;487;2
412;1465;2;732;1
413;1466;5;293;1
414;1467;5;293;2
415;1469;2;734;1
416;1470;13;113;1
417;1471;23;63;22
418;1493;2;746;1
419;1494;1493;1;1
420;1495;1493;1;2
421;1497;2;748;1
422;1498;3;499;1
423;1499;3;499;2
424;1501;2;750;1
425;1502;19;79;1
426;1503;499;3;6
427;1509;2;754;1
428;1510;3;503;1
429;1511;3;503;2
430;1513;2;756;1
431;1514;17;89;1
432;1515;17;89;2
433;1517;2;758;1
434;1518;37;41;1
435;1519;17;89;6
436;1525;2;762;1
437;1526;5;305;1
438;1527;5;305;2
439;1529;2;764;1
440;1530;11;139;1
441;1531;11;139;2
442;1533;2;766;1
443;1534;3;511;1
444;1535;161;9;86
445;1621;2;810;1
446;1622;1621;1;1
447;1623;1621;1;2
448;1625;2;812;1
449;1626;5;325;1
450;1627;5;325;2
451;1629;2;814;1
452;1630;3;543;1
453;1631;13;125;6
454;1637;2;818;1
455;1638;1637;1;1
456;1639;1637;1;2
457;1641;2;820;1
458;1642;3;547;1
459;1643;3;547;2
460;1645;2;822;1
461;1646;5;329;1
462;1647;547;3;6
463;1653;2;826;1
464;1654;3;551;1
465;1655;3;551;2
466;1657;2;828;1
467;1658;1657;1;1
468;1659;1657;1;2
469;1661;2;830;1
470;1662;11;151;1
471;1663;547;3;22
472;1685;2;842;1
473;1686;5;337;1
474;1687;5;337;2
475;1689;2;844;1
476;1690;3;563;1
477;1691;3;563;2
478;1693;2;846;1
479;1694;1693;1;1
480;1695;563;3;6
481;1701;2;850;1
482;1702;3;567;1
483;1703;3;567;2
484;1705;2;852;1
485;1706;5;341;1
486;1707;5;341;2
487;1709;2;854;1
488;1710;1709;1;1
489;1711;11;155;6
490;1717;2;858;1
491;1718;17;101;1
492;1719;17;101;2
493;1721;2;860;1
494;1722;1721;1;1
495;1723;1721;1;2
496;1725;2;862;1
497;1726;3;575;1
498;1727;31;55;22
499;1749;2;874;1
500;1750;3;583;1
501;1751;3;583;2
502;1753;2;876;1
503;1754;1753;1;1
504;1755;1753;1;2
505;1757;2;878;1
506;1758;7;251;1
507;1759;1753;1;6
508;1765;2;882;1
509;1766;5;353;1
510;1767;5;353;2
511;1769;2;884;1
512;1770;29;61;1
513;1771;29;61;2
514;1773;2;886;1
515;1774;3;591;1
516;1775;29;61;6
517;1781;2;890;1
518;1782;13;137;1
519;1783;13;137;2
520;1785;2;892;1
521;1786;3;595;1
522;1787;3;595;2
523;1789;2;894;1
524;1790;1789;1;1
525;1791;155;11;86
526;1877;2;938;1
527;1878;1877;1;1
528;1879;1877;1;2
529;1881;2;940;1
530;1882;3;627;1
531;1883;3;627;2
532;1885;2;942;1
533;1886;5;377;1
534;1887;9;209;6
535;1893;2;946;1
536;1894;3;631;1
537;1895;3;631;2
538;1897;2;948;1
539;1898;7;271;1
540;1899;7;271;2
541;1901;2;950;1
542;1902;1901;1;1
543;1903;7;271;6
544;1909;2;954;1
545;1910;23;83;1
546;1911;23;83;2
547;1913;2;956;1
548;1914;1913;1;1
549;1915;1913;1;2
550;1917;2;958;1
551;1918;3;639;1
552;1919;271;7;22
553;1941;2;970;1
554;1942;3;647;1
555;1943;3;647;2
556;1945;2;972;1
557;1946;5;389;1
558;1947;5;389;2
559;1949;2;974;1
560;1950;1949;1;1
561;1951;389;5;6
562;1957;2;978;1
563;1958;19;103;1
564;1959;19;103;2
565;1961;2;980;1
566;1962;37;53;1
567;1963;37;53;2
568;1965;2;982;1
569;1966;3;655;1
570;1967;37;53;6
571;1973;2;986;1
572;1974;1973;1;1
573;1975;1973;1;2
574;1977;2;988;1
575;1978;3;659;1
576;1979;3;659;2
577;1981;2;990;1
578;1982;7;283;1
579;1983;37;53;22
580;2005;2;1002;1
581;2006;5;401;1
582;2007;5;401;2
583;2009;2;1004;1
584;2010;7;287;1
585;2011;7;287;2
586;2013;2;1006;1
587;2014;3;671;1
588;2015;7;287;6
589;2021;2;1010;1
590;2022;43;47;1
591;2023;43;47;2
592;2025;2;1012;1
593;2026;3;675;1
594;2027;3;675;2
595;2029;2;1014;1
596;2030;2029;1;1
597;2031;9;225;6
598;2037;2;1018;1
599;2038;3;679;1
600;2039;3;679;2
601;2041;2;1020;1
602;2042;13;157;1
603;2043;13;157;2
604;2045;2;1022;1
605;2046;5;409;1
606;2047;1705;1;342
607;2389;2;1194;1
608;2390;2389;1;1
609;2391;2389;1;2
610;2393;2;1196;1
611;2394;2393;1;1
612;2395;2393;1;2
613;2397;2;1198;1
614;2398;3;799;1
615;2399;2393;1;6
616;2405;2;1202;1
617;2406;5;481;1
618;2407;5;481;2
619;2409;2;1204;1
620;2410;3;803;1
621;2411;3;803;2
622;2413;2;1206;1
623;2414;19;127;1
624;2415;11;219;6
625;2421;2;1210;1
626;2422;3;807;1
627;2423;3;807;2
628;2425;2;1212;1
629;2426;5;485;1
630;2427;5;485;2
631;2429;2;1214;1
632;2430;7;347;1
633;2431;33;73;22
634;2453;2;1226;1
635;2454;11;223;1
636;2455;11;223;2
637;2457;2;1228;1
638;2458;3;819;1
639;2459;3;819;2
640;2461;2;1230;1
641;2462;23;107;1
642;2463;7;351;6
643;2469;2;1234;1
644;2470;3;823;1
645;2471;3;823;2
646;2473;2;1236;1
647;2474;2473;1;1
648;2475;2473;1;2
649;2477;2;1238;1
650;2478;2477;1;1
651;2479;2473;1;6
652;2485;2;1242;1
653;2486;5;497;1
654;2487;5;497;2
655;2489;2;1244;1
656;2490;19;131;1
657;2491;19;131;2
658;2493;2;1246;1
659;2494;3;831;1
660;2495;2473;1;22
661;2517;2;1258;1
662;2518;3;839;1
663;2519;3;839;2
664;2521;2;1260;1
665;2522;2521;1;1
666;2523;2521;1;2
667;2525;2;1262;1
668;2526;5;505;1
669;2527;2521;1;6
670;2533;2;1266;1
671;2534;17;149;1
672;2535;17;149;2
673;2537;2;1268;1
674;2538;43;59;1
675;2539;43;59;2
676;2541;2;1270;1
677;2542;3;847;1
678;2543;43;59;6
679;2549;2;1274;1
680;2550;2549;1;1
681;2551;2549;1;2
682;2553;2;1276;1
683;2554;3;851;1
684;2555;3;851;2
685;2557;2;1278;1
686;2558;2557;1;1
687;2559;2473;1;86
688;2645;2;1322;1
689;2646;5;529;1
690;2647;5;529;2
691;2649;2;1324;1
692;2650;3;883;1
693;2651;3;883;2
694;2653;2;1326;1
695;2654;7;379;1
696;2655;883;3;6
697;2661;2;1330;1
698;2662;3;887;1
699;2663;3;887;2
700;2665;2;1332;1
701;2666;5;533;1
702;2667;5;533;2
703;2669;2;1334;1
704;2670;17;157;1
705;2671;13;205;6
706;2677;2;1338;1
707;2678;2677;1;1
708;2679;2677;1;2
709;2681;2;1340;1
710;2682;7;383;1
711;2683;7;383;2
712;2685;2;1342;1
713;2686;3;895;1
714;2687;41;65;22
715;2709;2;1354;1
716;2710;3;903;1
717;2711;3;903;2
718;2713;2;1356;1
719;2714;2713;1;1
720;2715;2713;1;2
721;2717;2;1358;1
722;2718;11;247;1
723;2719;2713;1;6
724;2725;2;1362;1
725;2726;5;545;1
726;2727;5;545;2
727;2729;2;1364;1
728;2730;2729;1;1
729;2731;2729;1;2
730;2733;2;1366;1
731;2734;3;911;1
732;2735;2729;1;6
733;2741;2;1370;1
734;2742;2741;1;1
735;2743;2741;1;2
736;2745;2;1372;1
737;2746;3;915;1
738;2747;3;915;2
739;2749;2;1374;1
740;2750;2749;1;1
741;2751;2729;1;22
742;2773;2;1386;1
743;2774;47;59;1
744;2775;47;59;2
745;2777;2;1388;1
746;2778;2777;1;1
747;2779;2777;1;2
748;2781;2;1390;1
749;2782;3;927;1
750;2783;2777;1;6
751;2789;2;1394;1
752;2790;2789;1;1
753;2791;2789;1;2
754;2793;2;1396;1
755;2794;3;931;1
756;2795;3;931;2
757;2797;2;1398;1
758;2798;2797;1;1
759;2799;7;399;6
760;2805;2;1402;1
761;2806;3;935;1
762;2807;3;935;2
763;2809;2;1404;1
764;2810;53;53;1
765;2811;53;53;2
766;2813;2;1406;1
767;2814;29;97;1
768;2815;2729;1;86
769;2901;2;1450;1
770;2902;3;967;1
771;2903;3;967;2
772;2905;2;1452;1
773;2906;5;581;1
774;2907;5;581;2
775;2909;2;1454;1
776;2910;2909;1;1
777;2911;7;415;6
778;2917;2;1458;1
779;2918;2917;1;1
780;2919;2917;1;2
781;2921;2;1460;1
782;2922;23;127;1
783;2923;23;127;2
784;2925;2;1462;1
785;2926;3;975;1
786;2927;23;127;6
787;2933;2;1466;1
788;2934;7;419;1
789;2935;7;419;2
790;2937;2;1468;1
791;2938;3;979;1
792;2939;3;979;2
793;2941;2;1470;1
794;2942;17;173;1
795;2943;23;127;22
796;2965;2;1482;1
797;2966;5;593;1
798;2967;5;593;2
799;2969;2;1484;1
800;2970;2969;1;1
801;2971;2969;1;2
802;2973;2;1486;1
803;2974;3;991;1
804;2975;2969;1;6
805;2981;2;1490;1
806;2982;11;271;1
807;2983;11;271;2
808;2985;2;1492;1
809;2986;3;995;1
810;2987;3;995;2
811;2989;2;1494;1
812;2990;7;427;1
813;2991;15;199;6
814;2997;2;1498;1
815;2998;3;999;1
816;2999;3;999;2
817;3001;2;1500;1
818;3002;3001;1;1
819;3003;3001;1;2
820;3005;2;1502;1
821;3006;5;601;1
822;3007;199;15;22
823;3029;2;1514;1
824;3030;13;233;1
825;3031;13;233;2
826;3033;2;1516;1
827;3034;3;1011;1
828;3035;3;1011;2
829;3037;2;1518;1
830;3038;3037;1;1
831;3039;9;337;6
832;3045;2;1522;1
833;3046;3;1015;1
834;3047;3;1015;2
835;3049;2;1524;1
836;3050;3049;1;1
837;3051;3049;1;2
838;3053;2;1526;1
839;3054;43;71;1
840;3055;3049;1;6
841;3061;2;1530;1
842;3062;3061;1;1
843;3063;3061;1;2
844;3065;2;1532;1
845;3066;5;613;1
846;3067;5;613;2
847;3069;2;1534;1
848;3070;3;1023;1
849;3071;2729;1;342
850;3413;2;1706;1
851;3414;3413;1;1
852;3415;3413;1;2
853;3417;2;1708;1
854;3418;3;1139;1
855;3419;3;1139;2
856;3421;2;1710;1
857;3422;11;311;1
858;3423;17;201;6
859;3429;2;1714;1
860;3430;3;1143;1
861;3431;3;1143;2
862;3433;2;1716;1
863;3434;3433;1;1
864;3435;3433;1;2
865;3437;2;1718;1
866;3438;7;491;1
867;3439;3433;1;6
868;3445;2;1722;1
869;3446;5;689;1
870;3447;5;689;2
871;3449;2;1724;1
872;3450;3449;1;1
873;3451;3449;1;2
874;3453;2;1726;1
875;3454;3;1151;1
876;3455;3433;1;22
877;3477;2;1738;1
878;3478;3;1159;1
879;3479;3;1159;2
880;3481;2;1740;1
881;3482;59;59;1
882;3483;59;59;2
883;3485;2;1742;1
884;3486;5;697;1
885;3487;59;59;6
886;3493;2;1746;1
887;3494;7;499;1
888;3495;7;499;2
889;3497;2;1748;1
890;3498;13;269;1
891;3499;13;269;2
892;3501;2;1750;1
893;3502;3;1167;1
894;3503;13;269;6
895;3509;2;1754;1
896;3510;11;319;1
897;3511;11;319;2
898;3513;2;1756;1
899;3514;3;1171;1
900;3515;3;1171;2
901;3517;2;1758;1
902;3518;3517;1;1
903;3519;269;13;22
904;3541;2;1770;1
905;3542;3541;1;1
906;3543;3541;1;2
907;3545;2;1772;1
908;3546;5;709;1
909;3547;5;709;2
910;3549;2;1774;1
911;3550;3;1183;1
912;3551;709;5;6
913;3557;2;1778;1
914;3558;3557;1;1
915;3559;3557;1;2
916;3561;2;1780;1
917;3562;3;1187;1
918;3563;3;1187;2
919;3565;2;1782;1
920;3566;5;713;1
921;3567;1187;3;6
922;3573;2;1786;1
923;3574;3;1191;1
924;3575;3;1191;2
925;3577;2;1788;1
926;3578;7;511;1
927;3579;7;511;2
928;3581;2;1790;1
929;3582;3581;1;1
930;3583;269;13;86
931;3669;2;1834;1
932;3670;3;1223;1
933;3671;3;1223;2
934;3673;2;1836;1
935;3674;3673;1;1
936;3675;3673;1;2
937;3677;2;1838;1
938;3678;3677;1;1
939;3679;3673;1;6
940;3685;2;1842;1
941;3686;5;737;1
942;3687;5;737;2
943;3689;2;1844;1
944;3690;7;527;1
945;3691;7;527;2
946;3693;2;1846;1
947;3694;3;1231;1
948;3695;7;527;6
949;3701;2;1850;1
950;3702;3701;1;1
951;3703;3701;1;2
952;3705;2;1852;1
953;3706;3;1235;1
954;3707;3;1235;2
955;3709;2;1854;1
956;3710;3709;1;1
957;3711;31;119;22
958;3733;2;1866;1
959;3734;3733;1;1
960;3735;3733;1;2
961;3737;2;1868;1
962;3738;37;101;1
963;3739;37;101;2
964;3741;2;1870;1
965;3742;3;1247;1
966;3743;37;101;6
967;3749;2;1874;1
968;3750;23;163;1
969;3751;23;163;2
970;3753;2;1876;1
971;3754;3;1251;1
972;3755;3;1251;2
973;3757;2;1878;1
974;3758;13;289;1
975;3759;9;417;6
976;3765;2;1882;1
977;3766;3;1255;1
978;3767;3;1255;2
979;3769;2;1884;1
980;3770;3769;1;1
981;3771;3769;1;2
982;3773;2;1886;1
983;3774;7;539;1
984;3775;27;139;22
985;3797;2;1898;1
986;3798;3797;1;1
987;3799;3797;1;2
988;3801;2;1900;1
989;3802;3;1267;1
990;3803;3;1267;2
991;3805;2;1902;1
992;3806;5;761;1
993;3807;7;543;6
994;3813;2;1906;1
995;3814;3;1271;1
996;3815;3;1271;2
997;3817;2;1908;1
998;3818;11;347;1
999;3819;11;347;2
1000;3821;2;1910;1
1001;3822;3821;1;1
1002;3823;11;347;6
1003;3829;2;1914;1
1004;3830;7;547;1
1005;3831;7;547;2
1006;3833;2;1916;1
1007;3834;3833;1;1
1008;3835;3833;1;2
1009;3837;2;1918;1
1010;3838;3;1279;1
1011;3839;139;27;86
1012;3925;2;1962;1
1013;3926;5;785;1
1014;3927;5;785;2
1015;3929;2;1964;1
1016;3930;3929;1;1
1017;3931;3929;1;2
1018;3933;2;1966;1
1019;3934;3;1311;1
1020;3935;3929;1;6
1021;3941;2;1970;1
1022;3942;7;563;1
1023;3943;7;563;2
1024;3945;2;1972;1
1025;3946;3;1315;1
1026;3947;3;1315;2
1027;3949;2;1974;1
1028;3950;11;359;1
1029;3951;15;263;6
1030;3957;2;1978;1
1031;3958;3;1319;1
1032;3959;3;1319;2
1033;3961;2;1980;1
1034;3962;17;233;1
1035;3963;17;233;2
1036;3965;2;1982;1
1037;3966;5;793;1
1038;3967;263;15;22
1039;3989;2;1994;1
1040;3990;3989;1;1
1041;3991;3989;1;2
1042;3993;2;1996;1
1043;3994;3;1331;1
1044;3995;3;1331;2
1045;3997;2;1998;1
1046;3998;7;571;1
1047;3999;11;363;6
1048;4005;2;2002;1
1049;4006;3;1335;1
1050;4007;3;1335;2
1051;4009;2;2004;1
1052;4010;19;211;1
1053;4011;19;211;2
1054;4013;2;2006;1
1055;4014;4013;1;1
1056;4015;19;211;6
1057;4021;2;2010;1
1058;4022;4021;1;1
1059;4023;4021;1;2
1060;4025;2;2012;1
1061;4026;5;805;1
1062;4027;5;805;2
1063;4029;2;2014;1
1064;4030;3;1343;1
1065;4031;211;19;22
1066;4053;2;2026;1
1067;4054;3;1351;1
1068;4055;3;1351;2
1069;4057;2;2028;1
1070;4058;4057;1;1
1071;4059;4057;1;2
1072;4061;2;2030;1
1073;4062;31;131;1
1074;4063;4057;1;6
1075;4069;2;2034;1
1076;4070;13;313;1
1077;4071;13;313;2
1078;4073;2;2036;1
1079;4074;4073;1;1
1080;4075;4073;1;2
1081;4077;2;2038;1
1082;4078;3;1359;1
1083;4079;4073;1;6
1084;4085;2;2042;1
1085;4086;5;817;1
1086;4087;5;817;2
1087;4089;2;2044;1
1088;4090;3;1363;1
1089;4091;3;1363;2
1090;4093;2;2046;1
1091;4094;4093;1;1
1092;4095;2729;1;1366
1093;5461;2;2730;1
1094;5462;43;127;1
1095;5463;43;127;2
1096;5465;2;2732;1
1097;5466;5;1093;1
1098;5467;5;1093;2
1099;5469;2;2734;1
1100;5470;3;1823;1
1101;5471;1093;5;6
1102;5477;2;2738;1
1103;5478;5477;1;1
1104;5479;5477;1;2
1105;5481;2;2740;1
1106;5482;3;1827;1
1107;5483;3;1827;2
1108;5485;2;2742;1
1109;5486;5;1097;1
1110;5487;7;783;6
1111;5493;2;2746;1
1112;5494;3;1831;1
1113;5495;3;1831;2
1114;5497;2;2748;1
1115;5498;23;239;1
1116;5499;23;239;2
1117;5501;2;2750;1
1118;5502;5501;1;1
1119;5503;27;203;22
1120;5525;2;2762;1
1121;5526;5;1105;1
1122;5527;5;1105;2
1123;5529;2;2764;1
1124;5530;3;1843;1
1125;5531;3;1843;2
1126;5533;2;2766;1
1127;5534;11;503;1
1128;5535;19;291;6
1129;5541;2;2770;1
1130;5542;3;1847;1
1131;5543;3;1847;2
1132;5545;2;2772;1
1133;5546;5;1109;1
1134;5547;5;1109;2
1135;5549;2;2774;1
1136;5550;31;179;1
1137;5551;1109;5;6
1138;5557;2;2778;1
1139;5558;5557;1;1
1140;5559;5557;1;2
1141;5561;2;2780;1
1142;5562;67;83;1
1143;5563;67;83;2
1144;5565;2;2782;1
1145;5566;3;1855;1
1146;5567;1109;5;22
1147;5589;2;2794;1
1148;5590;3;1863;1
1149;5591;3;1863;2
1150;5593;2;2796;1
1151;5594;7;799;1
1152;5595;7;799;2
1153;5597;2;2798;1
1154;5598;29;193;1
1155;5599;7;799;6
1156;5605;2;2802;1
1157;5606;5;1121;1
1158;5607;5;1121;2
1159;5609;2;2804;1
1160;5610;71;79;1
1161;5611;71;79;2
1162;5613;2;2806;1
1163;5614;3;1871;1
1164;5615;71;79;6
1165;5621;2;2810;1
1166;5622;7;803;1
1167;5623;7;803;2
1168;5625;2;2812;1
1169;5626;3;1875;1
1170;5627;3;1875;2
1171;5629;2;2814;1
1172;5630;13;433;1
1173;5631;1109;5;86
1174;5717;2;2858;1
1175;5718;5717;1;1
1176;5719;5717;1;2
1177;5721;2;2860;1
1178;5722;3;1907;1
1179;5723;3;1907;2
1180;5725;2;2862;1
1181;5726;5;1145;1
1182;5727;1907;3;6
1183;5733;2;2866;1
1184;5734;3;1911;1
1185;5735;3;1911;2
1186;5737;2;2868;1
1187;5738;5737;1;1
1188;5739;5737;1;2
1189;5741;2;2870;1
1190;5742;5741;1;1
1191;5743;5737;1;6
1192;5749;2;2874;1
1193;5750;5749;1;1
1194;5751;5749;1;2
1195;5753;2;2876;1
1196;5754;11;523;1
1197;5755;11;523;2
1198;5757;2;2878;1
1199;5758;3;1919;1
1200;5759;5737;1;22
1201;5781;2;2890;1
1202;5782;3;1927;1
1203;5783;3;1927;2
1204;5785;2;2892;1
1205;5786;5;1157;1
1206;5787;5;1157;2
1207;5789;2;2894;1
1208;5790;7;827;1
1209;5791;13;445;6
1210;5797;2;2898;1
1211;5798;11;527;1
1212;5799;11;527;2
1213;5801;2;2900;1
1214;5802;5801;1;1
1215;5803;5801;1;2
1216;5805;2;2902;1
1217;5806;3;1935;1
1218;5807;5801;1;6
1219;5813;2;2906;1
1220;5814;5813;1;1
1221;5815;5813;1;2
1222;5817;2;2908;1
1223;5818;3;1939;1
1224;5819;3;1939;2
1225;5821;2;2910;1
1226;5822;5821;1;1
1227;5823;5801;1;22
1228;5845;2;2922;1
1229;5846;5;1169;1
1230;5847;5;1169;2
1231;5849;2;2924;1
1232;5850;5849;1;1
1233;5851;5849;1;2
1234;5853;2;2926;1
1235;5854;3;1951;1
1236;5855;5849;1;6
1237;5861;2;2930;1
1238;5862;5861;1;1
1239;5863;5861;1;2
1240;5865;2;2932;1
1241;5866;3;1955;1
1242;5867;3;1955;2
1243;5869;2;2934;1
1244;5870;5869;1;1
1245;5871;15;391;6
1246;5877;2;2938;1
1247;5878;3;1959;1
1248;5879;3;1959;2
1249;5881;2;2940;1
1250;5882;5881;1;1
1251;5883;5881;1;2
1252;5885;2;2942;1
1253;5886;5;1177;1
1254;5887;5801;1;86
1255;5973;2;2986;1
1256;5974;3;1991;1
1257;5975;3;1991;2
1258;5977;2;2988;1
1259;5978;43;139;1
1260;5979;43;139;2
1261;5981;2;2990;1
1262;5982;5981;1;1
1263;5983;43;139;6
1264;5989;2;2994;1
1265;5990;53;113;1
1266;5991;53;113;2
1267;5993;2;2996;1
1268;5994;13;461;1
1269;5995;13;461;2
1270;5997;2;2998;1
1271;5998;3;1999;1
1272;5999;13;461;6
1273;6005;2;3002;1
1274;6006;5;1201;1
1275;6007;5;1201;2
1276;6009;2;3004;1
1277;6010;3;2003;1
1278;6011;3;2003;2
1279;6013;2;3006;1
1280;6014;7;859;1
1281;6015;461;13;22
1282;6037;2;3018;1
1283;6038;6037;1;1
1284;6039;6037;1;2
1285;6041;2;3020;1
1286;6042;7;863;1
1287;6043;7;863;2
1288;6045;2;3022;1
1289;6046;3;2015;1
1290;6047;7;863;6
1291;6053;2;3026;1
1292;6054;6053;1;1
1293;6055;6053;1;2
1294;6057;2;3028;1
1295;6058;3;2019;1
1296;6059;3;2019;2
1297;6061;2;3030;1
1298;6062;11;551;1
1299;6063;9;673;6
1300;6069;2;3034;1
1301;6070;3;2023;1
1302;6071;3;2023;2
1303;6073;2;3036;1
1304;6074;6073;1;1
1305;6075;6073;1;2
1306;6077;2;3038;1
1307;6078;59;103;1
1308;6079;673;9;22
1309;6101;2;3050;1
1310;6102;6101;1;1
1311;6103;6101;1;2
1312;6105;2;3052;1
1313;6106;3;2035;1
1314;6107;3;2035;2
1315;6109;2;3054;1
1316;6110;41;149;1
1317;6111;11;555;6
1318;6117;2;3058;1
1319;6118;3;2039;1
1320;6119;3;2039;2
1321;6121;2;3060;1
1322;6122;6121;1;1
1323;6123;6121;1;2
1324;6125;2;3062;1
1325;6126;5;1225;1
1326;6127;6121;1;6
1327;6133;2;3066;1
1328;6134;6133;1;1
1329;6135;6133;1;2
1330;6137;2;3068;1
1331;6138;17;361;1
1332;6139;17;361;2
1333;6141;2;3070;1
1334;6142;3;2047;1
1335;6143;5801;1;342
1336;6485;2;3242;1
1337;6486;5;1297;1
1338;6487;5;1297;2
1339;6489;2;3244;1
1340;6490;3;2163;1
1341;6491;3;2163;2
1342;6493;2;3246;1
1343;6494;43;151;1
1344;6495;7;927;6
1345;6501;2;3250;1
1346;6502;3;2167;1
1347;6503;3;2167;2
1348;6505;2;3252;1
1349;6506;5;1301;1
1350;6507;5;1301;2
1351;6509;2;3254;1
1352;6510;23;283;1
1353;6511;1301;5;6
1354;6517;2;3258;1
1355;6518;7;931;1
1356;6519;7;931;2
1357;6521;2;3260;1
1358;6522;6521;1;1
1359;6523;6521;1;2
1360;6525;2;3262;1
1361;6526;3;2175;1
1362;6527;1301;5;22
1363;6549;2;3274;1
1364;6550;3;2183;1
1365;6551;3;2183;2
1366;6553;2;3276;1
1367;6554;6553;1;1
1368;6555;6553;1;2
1369;6557;2;3278;1
1370;6558;79;83;1
1371;6559;6553;1;6
1372;6565;2;3282;1
1373;6566;5;1313;1
1374;6567;5;1313;2
1375;6569;2;3284;1
1376;6570;6569;1;1
1377;6571;6569;1;2
1378;6573;2;3286;1
1379;6574;3;2191;1
1380;6575;6569;1;6
1381;6581;2;3290;1
1382;6582;6581;1;1
1383;6583;6581;1;2
1384;6585;2;3292;1
1385;6586;3;2195;1
1386;6587;3;2195;2
1387;6589;2;3294;1
1388;6590;11;599;1
1389;6591;6569;1;22
1390;6613;2;3306;1
1391;6614;17;389;1
1392;6615;17;389;2
1393;6617;2;3308;1
1394;6618;13;509;1
1395;6619;13;509;2
1396;6621;2;3310;1
1397;6622;3;2207;1
1398;6623;13;509;6
1399;6629;2;3314;1
1400;6630;7;947;1
1401;6631;7;947;2
1402;6633;2;3316;1
1403;6634;3;2211;1
1404;6635;3;2211;2
1405;6637;2;3318;1
1406;6638;6637;1;1
1407;6639;9;737;6
1408;6645;2;3322;1
1409;6646;3;2215;1
1410;6647;3;2215;2
1411;6649;2;3324;1
1412;6650;61;109;1
1413;6651;61;109;2
1414;6653;2;3326;1
1415;6654;6653;1;1
1416;6655;6569;1;86
1417;6741;2;3370;1
1418;6742;3;2247;1
1419;6743;3;2247;2
1420;6745;2;3372;1
1421;6746;5;1349;1
1422;6747;5;1349;2
1423;6749;2;3374;1
1424;6750;17;397;1
1425;6751;19;355;6
1426;6757;2;3378;1
1427;6758;29;233;1
1428;6759;29;233;2
1429;6761;2;3380;1
1430;6762;6761;1;1
1431;6763;6761;1;2
1432;6765;2;3382;1
1433;6766;3;2255;1
1434;6767;6761;1;6
1435;6773;2;3386;1
1436;6774;13;521;1
1437;6775;13;521;2
1438;6777;2;3388;1
1439;6778;3;2259;1
1440;6779;3;2259;2
1441;6781;2;3390;1
1442;6782;6781;1;1
1443;6783;6761;1;22
1444;6805;2;3402;1
1445;6806;5;1361;1
1446;6807;5;1361;2
1447;6809;2;3404;1
1448;6810;11;619;1
1449;6811;11;619;2
1450;6813;2;3406;1
1451;6814;3;2271;1
1452;6815;11;619;6
1453;6821;2;3410;1
1454;6822;19;359;1
1455;6823;19;359;2
1456;6825;2;3412;1
1457;6826;3;2275;1
1458;6827;3;2275;2
1459;6829;2;3414;1
1460;6830;6829;1;1
1461;6831;7;975;6
1462;6837;2;3418;1
1463;6838;3;2279;1
1464;6839;3;2279;2
1465;6841;2;3420;1
1466;6842;6841;1;1
1467;6843;6841;1;2
1468;6845;2;3422;1
1469;6846;5;1369;1
1470;6847;25;273;22
1471;6869;2;3434;1
1472;6870;6869;1;1
1473;6871;6869;1;2
1474;6873;2;3436;1
1475;6874;3;2291;1
1476;6875;3;2291;2
1477;6877;2;3438;1
1478;6878;13;529;1
1479;6879;29;237;6
1480;6885;2;3442;1
1481;6886;3;2295;1
1482;6887;3;2295;2
1483;6889;2;3444;1
1484;6890;83;83;1
1485;6891;83;83;2
1486;6893;2;3446;1
1487;6894;61;113;1
1488;6895;83;83;6
1489;6901;2;3450;1
1490;6902;67;103;1
1491;6903;67;103;2
1492;6905;2;3452;1
1493;6906;5;1381;1
1494;6907;5;1381;2
1495;6909;2;3454;1
1496;6910;3;2303;1
1497;6911;91;75;86
1498;6997;2;3498;1
1499;6998;6997;1;1
1500;6999;6997;1;2
1501;7001;2;3500;1
1502;7002;7001;1;1
1503;7003;7001;1;2
1504;7005;2;3502;1
1505;7006;3;2335;1
1506;7007;7001;1;6
1507;7013;2;3506;1
1508;7014;7013;1;1
1509;7015;7013;1;2
1510;7017;2;3508;1
1511;7018;3;2339;1
1512;7019;3;2339;2
1513;7021;2;3510;1
1514;7022;7;1003;1
1515;7023;2339;3;6
1516;7029;2;3514;1
1517;7030;3;2343;1
1518;7031;3;2343;2
1519;7033;2;3516;1
1520;7034;13;541;1
1521;7035;13;541;2
1522;7037;2;3518;1
1523;7038;31;227;1
1524;7039;2339;3;22
1525;7061;2;3530;1
1526;7062;23;307;1
1527;7063;23;307;2
1528;7065;2;3532;1
1529;7066;3;2355;1
1530;7067;3;2355;2
1531;7069;2;3534;1
1532;7070;7069;1;1
1533;7071;9;785;6
1534;7077;2;3538;1
1535;7078;3;2359;1
1536;7079;3;2359;2
1537;7081;2;3540;1
1538;7082;73;97;1
1539;7083;73;97;2
1540;7085;2;3542;1
1541;7086;5;1417;1
1542;7087;73;97;6
1543;7093;2;3546;1
1544;7094;41;173;1
1545;7095;41;173;2
1546;7097;2;3548;1
1547;7098;47;151;1
1548;7099;47;151;2
1549;7101;2;3550;1
1550;7102;3;2367;1
1551;7103;73;97;22
1552;7125;2;3562;1
1553;7126;3;2375;1
1554;7127;3;2375;2
1555;7129;2;3564;1
1556;7130;7129;1;1
1557;7131;7129;1;2
1558;7133;2;3566;1
1559;7134;7;1019;1
1560;7135;7129;1;6
1561;7141;2;3570;1
1562;7142;37;193;1
1563;7143;37;193;2
1564;7145;2;3572;1
1565;7146;5;1429;1
1566;7147;5;1429;2
1567;7149;2;3574;1
1568;7150;3;2383;1
1569;7151;1429;5;6
1570;7157;2;3578;1
1571;7158;17;421;1
1572;7159;17;421;2
1573;7161;2;3580;1
1574;7162;3;2387;1
1575;7163;3;2387;2
1576;7165;2;3582;1
1577;7166;5;1433;1
1578;7167;455;15;342
1579;7509;2;3754;1
1580;7510;3;2503;1
1581;7511;3;2503;2
1582;7513;2;3756;1
1583;7514;11;683;1
1584;7515;11;683;2
1585;7517;2;3758;1
1586;7518;7517;1;1
1587;7519;11;683;6
1588;7525;2;3762;1
1589;7526;5;1505;1
1590;7527;5;1505;2
1591;7529;2;3764;1
1592;7530;7529;1;1
1593;7531;7529;1;2
1594;7533;2;3766;1
1595;7534;3;2511;1
1596;7535;7529;1;6
1597;7541;2;3770;1
1598;7542;7541;1;1
1599;7543;7541;1;2
1600;7545;2;3772;1
1601;7546;3;2515;1
1602;7547;3;2515;2
1603;7549;2;3774;1
1604;7550;7549;1;1
1605;7551;7529;1;22
1606;7573;2;3786;1
1607;7574;7573;1;1
1608;7575;7573;1;2
1609;7577;2;3788;1
1610;7578;7577;1;1
1611;7579;7577;1;2
1612;7581;2;3790;1
1613;7582;3;2527;1
1614;7583;7577;1;6
1615;7589;2;3794;1
1616;7590;7589;1;1
1617;7591;7589;1;2
1618;7593;2;3796;1
1619;7594;3;2531;1
1620;7595;3;2531;2
1621;7597;2;3798;1
1622;7598;71;107;1
1623;7599;2531;3;6
1624;7605;2;3802;1
1625;7606;3;2535;1
1626;7607;3;2535;2
1627;7609;2;3804;1
1628;7610;7;1087;1
1629;7611;7;1087;2
1630;7613;2;3806;1
1631;7614;23;331;1
1632;7615;2531;3;22
1633;7637;2;3818;1
1634;7638;7;1091;1
1635;7639;7;1091;2
1636;7641;2;3820;1
1637;7642;3;2547;1
1638;7643;3;2547;2
1639;7645;2;3822;1
1640;7646;5;1529;1
1641;7647;9;849;6
1642;7653;2;3826;1
1643;7654;3;2551;1
1644;7655;3;2551;2
1645;7657;2;3828;1
1646;7658;13;589;1
1647;7659;13;589;2
1648;7661;2;3830;1
1649;7662;47;163;1
1650;7663;13;589;6
1651;7669;2;3834;1
1652;7670;7669;1;1
1653;7671;7669;1;2
1654;7673;2;3836;1
1655;7674;7673;1;1
1656;7675;7673;1;2
1657;7677;2;3838;1
1658;7678;3;2559;1
1659;7679;2531;3;86
1660;7765;2;3882;1
1661;7766;5;1553;1
1662;7767;5;1553;2
1663;7769;2;3884;1
1664;7770;17;457;1
1665;7771;17;457;2
1666;7773;2;3886;1
1667;7774;3;2591;1
1668;7775;17;457;6
1669;7781;2;3890;1
1670;7782;31;251;1
1671;7783;31;251;2
1672;7785;2;3892;1
1673;7786;3;2595;1
1674;7787;3;2595;2
1675;7789;2;3894;1
1676;7790;7789;1;1
1677;7791;9;865;6
1678;7797;2;3898;1
1679;7798;3;2599;1
1680;7799;3;2599;2
1681;7801;2;3900;1
1682;7802;29;269;1
1683;7803;29;269;2
1684;7805;2;3902;1
1685;7806;5;1561;1
1686;7807;45;173;22
1687;7829;2;3914;1
1688;7830;7829;1;1
1689;7831;7829;1;2
1690;7833;2;3916;1
1691;7834;3;2611;1
1692;7835;3;2611;2
1693;7837;2;3918;1
1694;7838;17;461;1
1695;7839;7;1119;6
1696;7845;2;3922;1
1697;7846;3;2615;1
1698;7847;3;2615;2
1699;7849;2;3924;1
1700;7850;47;167;1
1701;7851;47;167;2
1702;7853;2;3926;1
1703;7854;7853;1;1
1704;7855;47;167;6
1705;7861;2;3930;1
1706;7862;7;1123;1
1707;7863;7;1123;2
1708;7865;2;3932;1
1709;7866;5;1573;1
1710;7867;5;1573;2
1711;7869;2;3934;1
1712;7870;3;2623;1
1713;7871;47;167;22
1714;7893;2;3946;1
1715;7894;3;2631;1
1716;7895;3;2631;2
1717;7897;2;3948;1
1718;7898;53;149;1
1719;7899;53;149;2
1720;7901;2;3950;1
1721;7902;7901;1;1
1722;7903;53;149;6
1723;7909;2;3954;1
1724;7910;11;719;1
1725;7911;11;719;2
1726;7913;2;3956;1
1727;7914;41;193;1
1728;7915;41;193;2
1729;7917;2;3958;1
1730;7918;3;2639;1
1731;7919;41;193;6
1732;7925;2;3962;1
1733;7926;5;1585;1
1734;7927;5;1585;2
1735;7929;2;3964;1
1736;7930;3;2643;1
1737;7931;3;2643;2
1738;7933;2;3966;1
1739;7934;7933;1;1
1740;7935;167;47;86
1741;8021;2;4010;1
1742;8022;13;617;1
1743;8023;13;617;2
1744;8025;2;4012;1
1745;8026;3;2675;1
1746;8027;3;2675;2
1747;8029;2;4014;1
1748;8030;7;1147;1
1749;8031;15;535;6
1750;8037;2;4018;1
1751;8038;3;2679;1
1752;8039;3;2679;2
1753;8041;2;4020;1
1754;8042;11;731;1
1755;8043;11;731;2
1756;8045;2;4022;1
1757;8046;5;1609;1
1758;8047;11;731;6
1759;8053;2;4026;1
1760;8054;8053;1;1
1761;8055;8053;1;2
1762;8057;2;4028;1
1763;8058;7;1151;1
1764;8059;7;1151;2
1765;8061;2;4030;1
1766;8062;3;2687;1
1767;8063;43;187;22
1768;8085;2;4042;1
1769;8086;3;2695;1
1770;8087;3;2695;2
1771;8089;2;4044;1
1772;8090;8089;1;1
1773;8091;8089;1;2
1774;8093;2;4046;1
1775;8094;8093;1;1
1776;8095;8089;1;6
1777;8101;2;4050;1
1778;8102;8101;1;1
1779;8103;8101;1;2
1780;8105;2;4052;1
1781;8106;5;1621;1
1782;8107;5;1621;2
1783;8109;2;4054;1
1784;8110;3;2703;1
1785;8111;1621;5;6
1786;8117;2;4058;1
1787;8118;8117;1;1
1788;8119;8117;1;2
1789;8121;2;4060;1
1790;8122;3;2707;1
1791;8123;3;2707;2
1792;8125;2;4062;1
1793;8126;5;1625;1
1794;8127;1621;5;22
1795;8149;2;4074;1
1796;8150;29;281;1
1797;8151;29;281;2
1798;8153;2;4076;1
1799;8154;31;263;1
1800;8155;31;263;2
1801;8157;2;4078;1
1802;8158;3;2719;1
1803;8159;31;263;6
1804;8165;2;4082;1
1805;8166;5;1633;1
1806;8167;5;1633;2
1807;8169;2;4084;1
1808;8170;3;2723;1
1809;8171;3;2723;2
1810;8173;2;4086;1
1811;8174;11;743;1
1812;8175;7;1167;6
1813;8181;2;4090;1
1814;8182;3;2727;1
1815;8183;3;2727;2
1816;8185;2;4092;1
1817;8186;5;1637;1
1818;8187;5;1637;2
1819;8189;2;4094;1
1820;8190;19;431;1
1821;8191;2275;3;1366
1822;9557;2;4778;1
1823;9558;19;503;1
1824;9559;19;503;2
1825;9561;2;4780;1
1826;9562;3;3187;1
1827;9563;3;3187;2
1828;9565;2;4782;1
1829;9566;5;1913;1
1830;9567;3187;3;6
1831;9573;2;4786;1
1832;9574;3;3191;1
1833;9575;3;3191;2
1834;9577;2;4788;1
1835;9578;61;157;1
1836;9579;61;157;2
1837;9581;2;4790;1
1838;9582;11;871;1
1839;9583;61;157;6
1840;9589;2;4794;1
1841;9590;43;223;1
1842;9591;43;223;2
1843;9593;2;4796;1
1844;9594;53;181;1
1845;9595;53;181;2
1846;9597;2;4798;1
1847;9598;3;3199;1
1848;9599;61;157;22
1849;9621;2;4810;1
1850;9622;3;3207;1
1851;9623;3;3207;2
1852;9625;2;4812;1
1853;9626;5;1925;1
1854;9627;5;1925;2
1855;9629;2;4814;1
1856;9630;9629;1;1
1857;9631;7;1375;6
1858;9637;2;4818;1
1859;9638;23;419;1
1860;9639;23;419;2
1861;9641;2;4820;1
1862;9642;31;311;1
1863;9643;31;311;2
1864;9645;2;4822;1
1865;9646;3;3215;1
1866;9647;31;311;6
1867;9653;2;4826;1
1868;9654;7;1379;1
1869;9655;7;1379;2
1870;9657;2;4828;1
1871;9658;3;3219;1
1872;9659;3;3219;2
1873;9661;2;4830;1
1874;9662;9661;1;1
1875;9663;31;311;22
1876;9685;2;4842;1
1877;9686;5;1937;1
1878;9687;5;1937;2
1879;9689;2;4844;1
1880;9690;9689;1;1
1881;9691;9689;1;2
1882;9693;2;4846;1
1883;9694;3;3231;1
1884;9695;9689;1;6
1885;9701;2;4850;1
1886;9702;89;109;1
1887;9703;89;109;2
1888;9705;2;4852;1
1889;9706;3;3235;1
1890;9707;3;3235;2
1891;9709;2;4854;1
1892;9710;7;1387;1
1893;9711;15;647;6
1894;9717;2;4858;1
1895;9718;3;3239;1
1896;9719;3;3239;2
1897;9721;2;4860;1
1898;9722;9721;1;1
1899;9723;9721;1;2
1900;9725;2;4862;1
1901;9726;5;1945;1
1902;9727;311;31;86
1903;9813;2;4906;1
1904;9814;3;3271;1
1905;9815;3;3271;2
1906;9817;2;4908;1
1907;9818;9817;1;1
1908;9819;9817;1;2
1909;9821;2;4910;1
1910;9822;7;1403;1
1911;9823;9817;1;6
1912;9829;2;4914;1
1913;9830;9829;1;1
1914;9831;9829;1;2
1915;9833;2;4916;1
1916;9834;9833;1;1
1917;9835;9833;1;2
1918;9837;2;4918;1
1919;9838;3;3279;1
1920;9839;9833;1;6
1921;9845;2;4922;1
1922;9846;5;1969;1
1923;9847;5;1969;2
1924;9849;2;4924;1
1925;9850;3;3283;1
1926;9851;3;3283;2
1927;9853;2;4926;1
1928;9854;59;167;1
1929;9855;9833;1;22
1930;9877;2;4938;1
1931;9878;7;1411;1
1932;9879;7;1411;2
1933;9881;2;4940;1
1934;9882;41;241;1
1935;9883;41;241;2
1936;9885;2;4942;1
1937;9886;3;3295;1
1938;9887;41;241;6
1939;9893;2;4946;1
1940;9894;13;761;1
1941;9895;13;761;2
1942;9897;2;4948;1
1943;9898;3;3299;1
1944;9899;3;3299;2
1945;9901;2;4950;1
1946;9902;9901;1;1
1947;9903;3299;3;6
1948;9909;2;4954;1
1949;9910;3;3303;1
1950;9911;3;3303;2
1951;9913;2;4956;1
1952;9914;23;431;1
1953;9915;23;431;2
1954;9917;2;4958;1
1955;9918;47;211;1
1956;9919;3299;3;22
1957;9941;2;4970;1
1958;9942;9941;1;1
1959;9943;9941;1;2
1960;9945;2;4972;1
1961;9946;3;3315;1
1962;9947;3;3315;2
1963;9949;2;4974;1
1964;9950;9949;1;1
1965;9951;9;1105;6
1966;9957;2;4978;1
1967;9958;3;3319;1
1968;9959;3;3319;2
1969;9961;2;4980;1
1970;9962;7;1423;1
1971;9963;7;1423;2
1972;9965;2;4982;1
1973;9966;5;1993;1
1974;9967;7;1423;6
1975;9973;2;4986;1
1976;9974;9973;1;1
1977;9975;9973;1;2
1978;9977;2;4988;1
1979;9978;11;907;1
1980;9979;11;907;2
1981;9981;2;4990;1
1982;9982;3;3327;1
1983;9983;3299;3;86
1984;10069;2;5034;1
1985;10070;10069;1;1
1986;10071;10069;1;2
1987;10073;2;5036;1
1988;10074;7;1439;1
1989;10075;7;1439;2
1990;10077;2;5038;1
1991;10078;3;3359;1
1992;10079;7;1439;6
1993;10085;2;5042;1
1994;10086;5;2017;1
1995;10087;5;2017;2
1996;10089;2;5044;1
1997;10090;3;3363;1
1998;10091;3;3363;2
1999;10093;2;5046;1
2000;10094;10093;1;1
2001;10095;9;1121;6
2002;10101;2;5050;1
2003;10102;3;3367;1
2004;10103;3;3367;2
2005;10105;2;5052;1
2006;10106;5;2021;1
2007;10107;5;2021;2
2008;10109;2;5054;1
2009;10110;11;919;1
2010;10111;57;177;22
2011;10133;2;5066;1
2012;10134;10133;1;1
2013;10135;10133;1;2
2014;10137;2;5068;1
2015;10138;3;3379;1
2016;10139;3;3379;2
2017;10141;2;5070;1
2018;10142;10141;1;1
2019;10143;31;327;6
2020;10149;2;5074;1
2021;10150;3;3383;1
2022;10151;3;3383;2
2023;10153;2;5076;1
2024;10154;11;923;1
2025;10155;11;923;2
2026;10157;2;5078;1
2027;10158;7;1451;1
2028;10159;11;923;6
2029;10165;2;5082;1
2030;10166;5;2033;1
2031;10167;5;2033;2
2032;10169;2;5084;1
2033;10170;10169;1;1
2034;10171;10169;1;2
2035;10173;2;5086;1
2036;10174;3;3391;1
2037;10175;71;143;22
2038;10197;2;5098;1
2039;10198;3;3399;1
2040;10199;3;3399;2
2041;10201;2;5100;1
2042;10202;101;101;1
2043;10203;101;101;2
2044;10205;2;5102;1
2045;10206;5;2041;1
2046;10207;101;101;6
2047;10213;2;5106;1
2048;10214;7;1459;1
2049;10215;7;1459;2
2050;10217;2;5108;1
2051;10218;17;601;1
2052;10219;17;601;2
2053;10221;2;5110;1
2054;10222;3;3407;1
2055;10223;17;601;6
2056;10229;2;5114;1
2057;10230;53;193;1
2058;10231;53;193;2
2059;10233;2;5116;1
2060;10234;3;3411;1
2061;10235;3;3411;2
2062;10237;2;5118;1
2063;10238;29;353;1
2064;10239;3299;3;342
2065;10581;2;5290;1
2066;10582;3;3527;1
2067;10583;3;3527;2
2068;10585;2;5292;1
2069;10586;5;2117;1
2070;10587;5;2117;2
2071;10589;2;5294;1
2072;10590;10589;1;1
2073;10591;29;365;6
2074;10597;2;5298;1
2075;10598;10597;1;1
2076;10599;10597;1;2
2077;10601;2;5300;1
2078;10602;10601;1;1
2079;10603;10601;1;2
2080;10605;2;5302;1
2081;10606;3;3535;1
2082;10607;10601;1;6
2083;10613;2;5306;1
2084;10614;10613;1;1
2085;10615;10613;1;2
2086;10617;2;5308;1
2087;10618;3;3539;1
2088;10619;3;3539;2
2089;10621;2;5310;1
2090;10622;13;817;1
2091;10623;10601;1;22
2092;10645;2;5322;1
2093;10646;5;2129;1
2094;10647;5;2129;2
2095;10649;2;5324;1
2096;10650;23;463;1
2097;10651;23;463;2
2098;10653;2;5326;1
2099;10654;3;3551;1
2100;10655;23;463;6
2101;10661;2;5330;1
2102;10662;7;1523;1
2103;10663;7;1523;2
2104;10665;2;5332;1
2105;10666;3;3555;1
2106;10667;3;3555;2
2107;10669;2;5334;1
2108;10670;47;227;1
2109;10671;9;1185;6
2110;10677;2;5338;1
2111;10678;3;3559;1
2112;10679;3;3559;2
2113;10681;2;5340;1
2114;10682;11;971;1
2115;10683;11;971;2
2116;10685;2;5342;1
2117;10686;5;2137;1
2118;10687;27;395;22
2119;10709;2;5354;1
2120;10710;10709;1;1
2121;10711;10709;1;2
2122;10713;2;5356;1
2123;10714;3;3571;1
2124;10715;3;3571;2
2125;10717;2;5358;1
2126;10718;7;1531;1
2127;10719;3571;3;6
2128;10725;2;5362;1
2129;10726;3;3575;1
2130;10727;3;3575;2
2131;10729;2;5364;1
2132;10730;10729;1;1
2133;10731;10729;1;2
2134;10733;2;5366;1
2135;10734;10733;1;1
2136;10735;10729;1;6
2137;10741;2;5370;1
2138;10742;23;467;1
2139;10743;23;467;2
2140;10745;2;5372;1
2141;10746;5;2149;1
2142;10747;5;2149;2
2143;10749;2;5374;1
2144;10750;3;3583;1
2145;10751;135;79;86
2146;10837;2;5418;1
2147;10838;10837;1;1
2148;10839;10837;1;2
2149;10841;2;5420;1
2150;10842;37;293;1
2151;10843;37;293;2
2152;10845;2;5422;1
2153;10846;3;3615;1
2154;10847;37;293;6
2155;10853;2;5426;1
2156;10854;10853;1;1
2157;10855;10853;1;2
2158;10857;2;5428;1
2159;10858;3;3619;1
2160;10859;3;3619;2
2161;10861;2;5430;1
2162;10862;10861;1;1
2163;10863;7;1551;6
2164;10869;2;5434;1
2165;10870;3;3623;1
2166;10871;3;3623;2
2167;10873;2;5436;1
2168;10874;83;131;1
2169;10875;83;131;2
2170;10877;2;5438;1
2171;10878;73;149;1
2172;10879;33;329;22
2173;10901;2;5450;1
2174;10902;11;991;1
2175;10903;11;991;2
2176;10905;2;5452;1
2177;10906;3;3635;1
2178;10907;3;3635;2
2179;10909;2;5454;1
2180;10910;10909;1;1
2181;10911;15;727;6
2182;10917;2;5458;1
2183;10918;3;3639;1
2184;10919;3;3639;2
2185;10921;2;5460;1
2186;10922;67;163;1
2187;10923;67;163;2
2188;10925;2;5462;1
2189;10926;5;2185;1
2190;10927;67;163;6
2191;10933;2;5466;1
2192;10934;13;841;1
2193;10935;13;841;2
2194;10937;2;5468;1
2195;10938;10937;1;1
2196;10939;10937;1;2
2197;10941;2;5470;1
2198;10942;3;3647;1
2199;10943;67;163;22
2200;10965;2;5482;1
2201;10966;3;3655;1
2202;10967;3;3655;2
2203;10969;2;5484;1
2204;10970;7;1567;1
2205;10971;7;1567;2
2206;10973;2;5486;1
2207;10974;10973;1;1
2208;10975;7;1567;6
2209;10981;2;5490;1
2210;10982;79;139;1
2211;10983;79;139;2
2212;10985;2;5492;1
2213;10986;5;2197;1
2214;10987;5;2197;2
2215;10989;2;5494;1
2216;10990;3;3663;1
2217;10991;13;845;6
2218;10997;2;5498;1
2219;10998;7;1571;1
2220;10999;7;1571;2
2221;11001;2;5500;1
2222;11002;3;3667;1
2223;11003;3;3667;2
2224;11005;2;5502;1
2225;11006;5;2201;1
2226;11007;163;67;86
2227;11093;2;5546;1
2228;11094;11093;1;1
2229;11095;11093;1;2
2230;11097;2;5548;1
2231;11098;3;3699;1
2232;11099;3;3699;2
2233;11101;2;5550;1
2234;11102;17;653;1
2235;11103;9;1233;6
2236;11109;2;5554;1
2237;11110;3;3703;1
2238;11111;3;3703;2
2239;11113;2;5556;1
2240;11114;11113;1;1
2241;11115;11113;1;2
2242;11117;2;5558;1
2243;11118;11117;1;1
2244;11119;11113;1;6
2245;11125;2;5562;1
2246;11126;5;2225;1
2247;11127;5;2225;2
2248;11129;2;5564;1
2249;11130;31;359;1
2250;11131;31;359;2
2251;11133;2;5566;1
2252;11134;3;3711;1
2253;11135;11113;1;22
2254;11157;2;5578;1
2255;11158;3;3719;1
2256;11159;3;3719;2
2257;11161;2;5580;1
2258;11162;11161;1;1
2259;11163;11161;1;2
2260;11165;2;5582;1
2261;11166;5;2233;1
2262;11167;11161;1;6
2263;11173;2;5586;1
2264;11174;11173;1;1
2265;11175;11173;1;2
2266;11177;2;5588;1
2267;11178;11177;1;1
2268;11179;11177;1;2
2269;11181;2;5590;1
2270;11182;3;3727;1
2271;11183;11177;1;6
2272;11189;2;5594;1
2273;11190;67;167;1
2274;11191;67;167;2
2275;11193;2;5596;1
2276;11194;3;3731;1
2277;11195;3;3731;2
2278;11197;2;5598;1
2279;11198;11197;1;1
2280;11199;11177;1;22
2281;11221;2;5610;1
2282;11222;7;1603;1
2283;11223;7;1603;2
2284;11225;2;5612;1
2285;11226;5;2245;1
2286;11227;5;2245;2
2287;11229;2;5614;1
2288;11230;3;3743;1
2289;11231;25;449;6
2290;11237;2;5618;1
2291;11238;17;661;1
2292;11239;17;661;2
2293;11241;2;5620;1
2294;11242;3;3747;1
2295;11243;3;3747;2
2296;11245;2;5622;1
2297;11246;5;2249;1
2298;11247;9;1249;6
2299;11253;2;5626;1
2300;11254;3;3751;1
2301;11255;3;3751;2
2302;11257;2;5628;1
2303;11258;11257;1;1
2304;11259;11257;1;2
2305;11261;2;5630;1
2306;11262;11261;1;1
2307;11263;10921;1;342
2308;11605;2;5802;1
2309;11606;5;2321;1
2310;11607;5;2321;2
2311;11609;2;5804;1
2312;11610;13;893;1
2313;11611;13;893;2
2314;11613;2;5806;1
2315;11614;3;3871;1
2316;11615;13;893;6
2317;11621;2;5810;1
2318;11622;11621;1;1
2319;11623;11621;1;2
2320;11625;2;5812;1
2321;11626;3;3875;1
2322;11627;3;3875;2
2323;11629;2;5814;1
2324;11630;29;401;1
2325;11631;15;775;6
2326;11637;2;5818;1
2327;11638;3;3879;1
2328;11639;3;3879;2
2329;11641;2;5820;1
2330;11642;7;1663;1
2331;11643;7;1663;2
2332;11645;2;5822;1
2333;11646;5;2329;1
2334;11647;25;465;22
2335;11669;2;5834;1
2336;11670;7;1667;1
2337;11671;7;1667;2
2338;11673;2;5836;1
2339;11674;3;3891;1
2340;11675;3;3891;2
2341;11677;2;5838;1
2342;11678;11677;1;1
2343;11679;9;1297;6
2344;11685;2;5842;1
2345;11686;3;3895;1
2346;11687;3;3895;2
2347;11689;2;5844;1
2348;11690;11689;1;1
2349;11691;11689;1;2
2350;11693;2;5846;1
2351;11694;11;1063;1
2352;11695;11689;1;6
2353;11701;2;5850;1
2354;11702;11701;1;1
2355;11703;11701;1;2
2356;11705;2;5852;1
2357;11706;5;2341;1
2358;11707;5;2341;2
2359;11709;2;5854;1
2360;11710;3;3903;1
2361;11711;11689;1;22
2362;11733;2;5866;1
2363;11734;3;3911;1
2364;11735;3;3911;2
2365;11737;2;5868;1
2366;11738;11;1067;1
2367;11739;11;1067;2
2368;11741;2;5870;1
2369;11742;59;199;1
2370;11743;11;1067;6
2371;11749;2;5874;1
2372;11750;31;379;1
2373;11751;31;379;2
2374;11753;2;5876;1
2375;11754;7;1679;1
2376;11755;7;1679;2
2377;11757;2;5878;1
2378;11758;3;3919;1
2379;11759;7;1679;6
2380;11765;2;5882;1
2381;11766;5;2353;1
2382;11767;5;2353;2
2383;11769;2;5884;1
2384;11770;3;3923;1
2385;11771;3;3923;2
2386;11773;2;5886;1
2387;11774;61;193;1
2388;11775;11689;1;86
2389;11861;2;5930;1
2390;11862;29;409;1
2391;11863;29;409;2
2392;11865;2;5932;1
2393;11866;3;3955;1
2394;11867;3;3955;2
2395;11869;2;5934;1
2396;11870;11;1079;1
2397;11871;7;1695;6
2398;11877;2;5938;1
2399;11878;3;3959;1
2400;11879;3;3959;2
2401;11881;2;5940;1
2402;11882;109;109;1
2403;11883;109;109;2
2404;11885;2;5942;1
2405;11886;5;2377;1
2406;11887;109;109;6
2407;11893;2;5946;1
2408;11894;7;1699;1
2409;11895;7;1699;2
2410;11897;2;5948;1
2411;11898;11897;1;1
2412;11899;11897;1;2
2413;11901;2;5950;1
2414;11902;3;3967;1
2415;11903;109;109;22
2416;11925;2;5962;1
2417;11926;3;3975;1
2418;11927;3;3975;2
2419;11929;2;5964;1
2420;11930;79;151;1
2421;11931;79;151;2
2422;11933;2;5966;1
2423;11934;11933;1;1
2424;11935;79;151;6
2425;11941;2;5970;1
2426;11942;11941;1;1
2427;11943;11941;1;2
2428;11945;2;5972;1
2429;11946;5;2389;1
2430;11947;5;2389;2
2431;11949;2;5974;1
2432;11950;3;3983;1
2433;11951;2389;5;6
2434;11957;2;5978;1
2435;11958;11;1087;1
2436;11959;11;1087;2
2437;11961;2;5980;1
2438;11962;3;3987;1
2439;11963;3;3987;2
2440;11965;2;5982;1
2441;11966;5;2393;1
2442;11967;2389;5;22
2443;11989;2;5994;1
2444;11990;19;631;1
2445;11991;19;631;2
2446;11993;2;5996;1
2447;11994;67;179;1
2448;11995;67;179;2
2449;11997;2;5998;1
2450;11998;3;3999;1
2451;11999;67;179;6
2452;12005;2;6002;1
2453;12006;5;2401;1
2454;12007;5;2401;2
2455;12009;2;6004;1
2456;12010;3;4003;1
2457;12011;3;4003;2
2458;12013;2;6006;1
2459;12014;41;293;1
2460;12015;4003;3;6
2461;12021;2;6010;1
2462;12022;3;4007;1
2463;12023;3;4007;2
2464;12025;2;6012;1
2465;12026;5;2405;1
2466;12027;5;2405;2
2467;12029;2;6014;1
2468;12030;23;523;1
2469;12031;2389;5;86
2470;12117;2;6058;1
2471;12118;3;4039;1
2472;12119;3;4039;2
2473;12121;2;6060;1
2474;12122;17;713;1
2475;12123;17;713;2
2476;12125;2;6062;1
2477;12126;5;2425;1
2478;12127;17;713;6
2479;12133;2;6066;1
2480;12134;11;1103;1
2481;12135;11;1103;2
2482;12137;2;6068;1
2483;12138;53;229;1
2484;12139;53;229;2
2485;12141;2;6070;1
2486;12142;3;4047;1
2487;12143;53;229;6
2488;12149;2;6074;1
2489;12150;12149;1;1
2490;12151;12149;1;2
2491;12153;2;6076;1
2492;12154;3;4051;1
2493;12155;3;4051;2
2494;12157;2;6078;1
2495;12158;12157;1;1
2496;12159;53;229;22
2497;12181;2;6090;1
2498;12182;13;937;1
2499;12183;13;937;2
2500;12185;2;6092;1
2501;12186;5;2437;1
2502;12187;5;2437;2
2503;12189;2;6094;1
2504;12190;3;4063;1
2505;12191;2437;5;6
2506;12197;2;6098;1
2507;12198;12197;1;1
2508;12199;12197;1;2
2509;12201;2;6100;1
2510;12202;3;4067;1
2511;12203;3;4067;2
2512;12205;2;6102;1
2513;12206;5;2441;1
2514;12207;7;1743;6
2515;12213;2;6106;1
2516;12214;3;4071;1
2517;12215;3;4071;2
2518;12217;2;6108;1
2519;12218;19;643;1
2520;12219;19;643;2
2521;12221;2;6110;1
2522;12222;11;1111;1
2523;12223;49;249;22
2524;12245;2;6122;1
2525;12246;5;2449;1
2526;12247;5;2449;2
2527;12249;2;6124;1
2528;12250;3;4083;1
2529;12251;3;4083;2
2530;12253;2;6126;1
2531;12254;12253;1;1
2532;12255;9;1361;6
2533;12261;2;6130;1
2534;12262;3;4087;1
2535;12263;3;4087;2
2536;12265;2;6132;1
2537;12266;5;2453;1
2538;12267;5;2453;2
2539;12269;2;6134;1
2540;12270;12269;1;1
2541;12271;11;1115;6
2542;12277;2;6138;1
2543;12278;12277;1;1
2544;12279;12277;1;2
2545;12281;2;6140;1
2546;12282;12281;1;1
2547;12283;12281;1;2
2548;12285;2;6142;1
2549;12286;3;4095;1
2550;12287;10921;1;1366
2551;13653;2;6826;1
2552;13654;3;4551;1
2553;13655;3;4551;2
2554;13657;2;6828;1
2555;13658;7;1951;1
2556;13659;7;1951;2
2557;13661;2;6830;1
2558;13662;19;719;1
2559;13663;7;1951;6
2560;13669;2;6834;1
2561;13670;13669;1;1
2562;13671;13669;1;2
2563;13673;2;6836;1
2564;13674;11;1243;1
2565;13675;11;1243;2
2566;13677;2;6838;1
2567;13678;3;4559;1
2568;13679;11;1243;6
2569;13685;2;6842;1
2570;13686;5;2737;1
2571;13687;5;2737;2
2572;13689;2;6844;1
2573;13690;3;4563;1
2574;13691;3;4563;2
2575;13693;2;6846;1
2576;13694;13693;1;1
2577;13695;113;121;22
2578;13717;2;6858;1
2579;13718;11;1247;1
2580;13719;11;1247;2
2581;13721;2;6860;1
2582;13722;13721;1;1
2583;13723;13721;1;2
2584;13725;2;6862;1
2585;13726;3;4575;1
2586;13727;13721;1;6
2587;13733;2;6866;1
2588;13734;31;443;1
2589;13735;31;443;2
2590;13737;2;6868;1
2591;13738;3;4579;1
2592;13739;3;4579;2
2593;13741;2;6870;1
2594;13742;7;1963;1
2595;13743;19;723;6
2596;13749;2;6874;1
2597;13750;3;4583;1
2598;13751;3;4583;2
2599;13753;2;6876;1
2600;13754;17;809;1
2601;13755;17;809;2
2602;13757;2;6878;1
2603;13758;13757;1;1
2604;13759;57;241;22
2605;13781;2;6890;1
2606;13782;13781;1;1
2607;13783;13781;1;2
2608;13785;2;6892;1
2609;13786;3;4595;1
2610;13787;3;4595;2
2611;13789;2;6894;1
2612;13790;13789;1;1
2613;13791;15;919;6
2614;13797;2;6898;1
2615;13798;3;4599;1
2616;13799;3;4599;2
2617;13801;2;6900;1
2618;13802;37;373;1
2619;13803;37;373;2
2620;13805;2;6902;1
2621;13806;5;2761;1
2622;13807;37;373;6
2623;13813;2;6906;1
2624;13814;19;727;1
2625;13815;19;727;2
2626;13817;2;6908;1
2627;13818;41;337;1
2628;13819;41;337;2
2629;13821;2;6910;1
2630;13822;3;4607;1
2631;13823;241;57;86
2632;13909;2;6954;1
2633;13910;7;1987;1
2634;13911;7;1987;2
2635;13913;2;6956;1
2636;13914;13913;1;1
2637;13915;13913;1;2
2638;13917;2;6958;1
2639;13918;3;4639;1
2640;13919;13913;1;6
2641;13925;2;6962;1
2642;13926;5;2785;1
2643;13927;5;2785;2
2644;13929;2;6964;1
2645;13930;3;4643;1
2646;13931;3;4643;2
2647;13933;2;6966;1
2648;13934;13933;1;1
2649;13935;4643;3;6
2650;13941;2;6970;1
2651;13942;3;4647;1
2652;13943;3;4647;2
2653;13945;2;6972;1
2654;13946;5;2789;1
2655;13947;5;2789;2
2656;13949;2;6974;1
2657;13950;13;1073;1
2658;13951;4643;3;22
2659;13973;2;6986;1
2660;13974;89;157;1
2661;13975;89;157;2
2662;13977;2;6988;1
2663;13978;3;4659;1
2664;13979;3;4659;2
2665;13981;2;6990;1
2666;13982;11;1271;1
2667;13983;9;1553;6
2668;13989;2;6994;1
2669;13990;3;4663;1
2670;13991;3;4663;2
2671;13993;2;6996;1
2672;13994;7;1999;1
2673;13995;7;1999;2
2674;13997;2;6998;1
2675;13998;13997;1;1
2676;13999;7;1999;6
2677;14005;2;7002;1
2678;14006;5;2801;1
2679;14007;5;2801;2
2680;14009;2;7004;1
2681;14010;14009;1;1
2682;14011;14009;1;2
2683;14013;2;7006;1
2684;14014;3;4671;1
2685;14015;1999;7;22
2686;14037;2;7018;1
2687;14038;3;4679;1
2688;14039;3;4679;2
2689;14041;2;7020;1
2690;14042;19;739;1
2691;14043;19;739;2
2692;14045;2;7022;1
2693;14046;5;2809;1
2694;14047;19;739;6
2695;14053;2;7026;1
2696;14054;13;1081;1
2697;14055;13;1081;2
2698;14057;2;7028;1
2699;14058;14057;1;1
2700;14059;14057;1;2
2701;14061;2;7030;1
2702;14062;3;4687;1
2703;14063;14057;1;6
2704;14069;2;7034;1
2705;14070;11;1279;1
2706;14071;11;1279;2
2707;14073;2;7036;1
2708;14074;3;4691;1
2709;14075;3;4691;2
2710;14077;2;7038;1
2711;14078;7;2011;1
2712;14079;1999;7;86
2713;14165;2;7082;1
2714;14166;5;2833;1
2715;14167;5;2833;2
2716;14169;2;7084;1
2717;14170;3;4723;1
2718;14171;3;4723;2
2719;14173;2;7086;1
2720;14174;14173;1;1
2721;14175;4723;3;6
2722;14181;2;7090;1
2723;14182;3;4727;1
2724;14183;3;4727;2
2725;14185;2;7092;1
2726;14186;5;2837;1
2727;14187;5;2837;2
2728;14189;2;7094;1
2729;14190;7;2027;1
2730;14191;2837;5;6
2731;14197;2;7098;1
2732;14198;14197;1;1
2733;14199;14197;1;2
2734;14201;2;7100;1
2735;14202;11;1291;1
2736;14203;11;1291;2
2737;14205;2;7102;1
2738;14206;3;4735;1
2739;14207;2837;5;22
2740;14229;2;7114;1
2741;14230;3;4743;1
2742;14231;3;4743;2
2743;14233;2;7116;1
2744;14234;43;331;1
2745;14235;43;331;2
2746;14237;2;7118;1
2747;14238;23;619;1
2748;14239;43;331;6
2749;14245;2;7122;1
2750;14246;5;2849;1
2751;14247;5;2849;2
2752;14249;2;7124;1
2753;14250;14249;1;1
2754;14251;14249;1;2
2755;14253;2;7126;1
2756;14254;3;4751;1
2757;14255;14249;1;6
2758;14261;2;7130;1
2759;14262;13;1097;1
2760;14263;13;1097;2
2761;14265;2;7132;1
2762;14266;3;4755;1
2763;14267;3;4755;2
2764;14269;2;7134;1
2765;14270;19;751;1
2766;14271;14249;1;22
2767;14293;2;7146;1
2768;14294;14293;1;1
2769;14295;14293;1;2
2770;14297;2;7148;1
2771;14298;17;841;1
2772;14299;17;841;2
2773;14301;2;7150;1
2774;14302;3;4767;1
2775;14303;17;841;6
2776;14309;2;7154;1
2777;14310;41;349;1
2778;14311;41;349;2
2779;14313;2;7156;1
2780;14314;3;4771;1
2781;14315;3;4771;2
2782;14317;2;7158;1
2783;14318;103;139;1
2784;14319;13;1101;6
2785;14325;2;7162;1
2786;14326;3;4775;1
2787;14327;3;4775;2
2788;14329;2;7164;1
2789;14330;7;2047;1
2790;14331;7;2047;2
2791;14333;2;7166;1
2792;14334;11;1303;1
2793;14335;1999;7;342
2794;14677;2;7338;1
2795;14678;13;1129;1
2796;14679;13;1129;2
2797;14681;2;7340;1
2798;14682;53;277;1
2799;14683;53;277;2
2800;14685;2;7342;1
2801;14686;3;4895;1
2802;14687;53;277;6
2803;14693;2;7346;1
2804;14694;7;2099;1
2805;14695;7;2099;2
2806;14697;2;7348;1
2807;14698;3;4899;1
2808;14699;3;4899;2
2809;14701;2;7350;1
2810;14702;61;241;1
2811;14703;9;1633;6
2812;14709;2;7354;1
2813;14710;3;4903;1
2814;14711;3;4903;2
2815;14713;2;7356;1
2816;14714;14713;1;1
2817;14715;14713;1;2
2818;14717;2;7358;1
2819;14718;14717;1;1
2820;14719;23;639;22
2821;14741;2;7370;1
2822;14742;14741;1;1
2823;14743;14741;1;2
2824;14745;2;7372;1
2825;14746;3;4915;1
2826;14747;3;4915;2
2827;14749;2;7374;1
2828;14750;7;2107;1
2829;14751;15;983;6
2830;14757;2;7378;1
2831;14758;3;4919;1
2832;14759;3;4919;2
2833;14761;2;7380;1
2834;14762;29;509;1
2835;14763;29;509;2
2836;14765;2;7382;1
2837;14766;5;2953;1
2838;14767;29;509;6
2839;14773;2;7386;1
2840;14774;11;1343;1
2841;14775;11;1343;2
2842;14777;2;7388;1
2843;14778;7;2111;1
2844;14779;7;2111;2
2845;14781;2;7390;1
2846;14782;3;4927;1
2847;14783;29;509;22
2848;14805;2;7402;1
2849;14806;3;4935;1
2850;14807;3;4935;2
2851;14809;2;7404;1
2852;14810;59;251;1
2853;14811;59;251;2
2854;14813;2;7406;1
2855;14814;14813;1;1
2856;14815;59;251;6
2857;14821;2;7410;1
2858;14822;14821;1;1
2859;14823;14821;1;2
2860;14825;2;7412;1
2861;14826;5;2965;1
2862;14827;5;2965;2
2863;14829;2;7414;1
2864;14830;3;4943;1
2865;14831;25;593;6
2866;14837;2;7418;1
2867;14838;37;401;1
2868;14839;37;401;2
2869;14841;2;7420;1
2870;14842;3;4947;1
2871;14843;3;4947;2
2872;14845;2;7422;1
2873;14846;5;2969;1
2874;14847;509;29;86
2875;14933;2;7466;1
2876;14934;109;137;1
2877;14935;109;137;2
2878;14937;2;7468;1
2879;14938;3;4979;1
2880;14939;3;4979;2
2881;14941;2;7470;1
2882;14942;67;223;1
2883;14943;13;1149;6
2884;14949;2;7474;1
2885;14950;3;4983;1
2886;14951;3;4983;2
2887;14953;2;7476;1
2888;14954;19;787;1
2889;14955;19;787;2
2890;14957;2;7478;1
2891;14958;14957;1;1
2892;14959;19;787;6
2893;14965;2;7482;1
2894;14966;5;2993;1
2895;14967;5;2993;2
2896;14969;2;7484;1
2897;14970;14969;1;1
2898;14971;14969;1;2
2899;14973;2;7486;1
2900;14974;3;4991;1
2901;14975;787;19;22
2902;14997;2;7498;1
2903;14998;3;4999;1
2904;14999;3;4999;2
2905;15001;2;7500;1
2906;15002;7;2143;1
2907;15003;7;2143;2
2908;15005;2;7502;1
2909;15006;5;3001;1
2910;15007;7;2143;6
2911;15013;2;7506;1
2912;15014;15013;1;1
2913;15015;15013;1;2
2914;15017;2;7508;1
2915;15018;15017;1;1
2916;15019;15017;1;2
2917;15021;2;7510;1
2918;15022;3;5007;1
2919;15023;15017;1;6
2920;15029;2;7514;1
2921;15030;7;2147;1
2922;15031;7;2147;2
2923;15033;2;7516;1
2924;15034;3;5011;1
2925;15035;3;5011;2
2926;15037;2;7518;1
2927;15038;11;1367;1
2928;15039;15017;1;22
2929;15061;2;7530;1
2930;15062;15061;1;1
2931;15063;15061;1;2
2932;15065;2;7532;1
2933;15066;5;3013;1
2934;15067;5;3013;2
2935;15069;2;7534;1
2936;15070;3;5023;1
2937;15071;23;655;6
2938;15077;2;7538;1
2939;15078;15077;1;1
2940;15079;15077;1;2
2941;15081;2;7540;1
2942;15082;3;5027;1
2943;15083;3;5027;2
2944;15085;2;7542;1
2945;15086;5;3017;1
2946;15087;11;1371;6
2947;15093;2;7546;1
2948;15094;3;5031;1
2949;15095;3;5031;2
2950;15097;2;7548;1
2951;15098;31;487;1
2952;15099;31;487;2
2953;15101;2;7550;1
2954;15102;15101;1;1
2955;15103;15017;1;86
2956;15189;2;7594;1
2957;15190;3;5063;1
2958;15191;3;5063;2
2959;15193;2;7596;1
2960;15194;15193;1;1
2961;15195;15193;1;2
2962;15197;2;7598;1
2963;15198;7;2171;1
2964;15199;15193;1;6
2965;15205;2;7602;1
2966;15206;5;3041;1
2967;15207;5;3041;2
2968;15209;2;7604;1
2969;15210;67;227;1
2970;15211;67;227;2
2971;15213;2;7606;1
2972;15214;3;5071;1
2973;15215;67;227;6
2974;15221;2;7610;1
2975;15222;31;491;1
2976;15223;31;491;2
2977;15225;2;7612;1
2978;15226;3;5075;1
2979;15227;3;5075;2
2980;15229;2;7614;1
2981;15230;97;157;1
2982;15231;67;227;22
2983;15253;2;7626;1
2984;15254;7;2179;1
2985;15255;7;2179;2
2986;15257;2;7628;1
2987;15258;11;1387;1
2988;15259;11;1387;2
2989;15261;2;7630;1
2990;15262;3;5087;1
2991;15263;11;1387;6
2992;15269;2;7634;1
2993;15270;15269;1;1
2994;15271;15269;1;2
2995;15273;2;7636;1
2996;15274;3;5091;1
2997;15275;3;5091;2
2998;15277;2;7638;1
2999;15278;15277;1;1
3000;15279;9;1697;6
3001;15285;2;7642;1
3002;15286;3;5095;1
3003;15287;3;5095;2
3004;15289;2;7644;1
3005;15290;15289;1;1
3006;15291;15289;1;2
3007;15293;2;7646;1
3008;15294;41;373;1
3009;15295;1697;9;22
3010;15317;2;7658;1
3011;15318;17;901;1
3012;15319;17;901;2
3013;15321;2;7660;1
3014;15322;3;5107;1
3015;15323;3;5107;2
3016;15325;2;7662;1
3017;15326;5;3065;1
3018;15327;5107;3;6
3019;15333;2;7666;1
3020;15334;3;5111;1
3021;15335;3;5111;2
3022;15337;2;7668;1
3023;15338;7;2191;1
3024;15339;7;2191;2
3025;15341;2;7670;1
3026;15342;23;667;1
3027;15343;7;2191;6
3028;15349;2;7674;1
3029;15350;15349;1;1
3030;15351;15349;1;2
3031;15353;2;7676;1
3032;15354;13;1181;1
3033;15355;13;1181;2
3034;15357;2;7678;1
3035;15358;3;5119;1
3036;15359;15017;1;342
3037;15701;2;7850;1
3038;15702;7;2243;1
3039;15703;7;2243;2
3040;15705;2;7852;1
3041;15706;3;5235;1
3042;15707;3;5235;2
3043;15709;2;7854;1
3044;15710;23;683;1
3045;15711;9;1745;6
3046;15717;2;7858;1
3047;15718;3;5239;1
3048;15719;3;5239;2
3049;15721;2;7860;1
3050;15722;79;199;1
3051;15723;79;199;2
3052;15725;2;7862;1
3053;15726;5;3145;1
3054;15727;79;199;6
3055;15733;2;7866;1
3056;15734;15733;1;1
3057;15735;15733;1;2
3058;15737;2;7868;1
3059;15738;15737;1;1
3060;15739;15737;1;2
3061;15741;2;7870;1
3062;15742;3;5247;1
3063;15743;79;199;22
3064;15765;2;7882;1
3065;15766;3;5255;1
3066;15767;3;5255;2
3067;15769;2;7884;1
3068;15770;13;1213;1
3069;15771;13;1213;2
3070;15773;2;7886;1
3071;15774;15773;1;1
3072;15775;13;1213;6
3073;15781;2;7890;1
3074;15782;43;367;1
3075;15783;43;367;2
3076;15785;2;7892;1
3077;15786;5;3157;1
3078;15787;5;3157;2
3079;15789;2;7894;1
3080;15790;3;5263;1
3081;15791;7;2255;6
3082;15797;2;7898;1
3083;15798;15797;1;1
3084;15799;15797;1;2
3085;15801;2;7900;1
3086;15802;3;5267;1
3087;15803;3;5267;2
3088;15805;2;7902;1
3089;15806;5;3161;1
3090;15807;35;451;22
3091;15829;2;7914;1
3092;15830;11;1439;1
3093;15831;11;1439;2
3094;15833;2;7916;1
3095;15834;71;223;1
3096;15835;71;223;2
3097;15837;2;7918;1
3098;15838;3;5279;1
3099;15839;71;223;6
3100;15845;2;7922;1
3101;15846;5;3169;1
3102;15847;5;3169;2
3103;15849;2;7924;1
3104;15850;3;5283;1
3105;15851;3;5283;2
3106;15853;2;7926;1
3107;15854;83;191;1
3108;15855;9;1761;6
3109;15861;2;7930;1
3110;15862;3;5287;1
3111;15863;3;5287;2
3112;15865;2;7932;1
3113;15866;5;3173;1
3114;15867;5;3173;2
3115;15869;2;7934;1
3116;15870;7;2267;1
3117;15871;205;77;86
3118;15957;2;7978;1
3119;15958;3;5319;1
3120;15959;3;5319;2
3121;15961;2;7980;1
3122;15962;11;1451;1
3123;15963;11;1451;2
3124;15965;2;7982;1
3125;15966;5;3193;1
3126;15967;11;1451;6
3127;15973;2;7986;1
3128;15974;15973;1;1
3129;15975;15973;1;2
3130;15977;2;7988;1
3131;15978;13;1229;1
3132;15979;13;1229;2
3133;15981;2;7990;1
3134;15982;3;5327;1
3135;15983;13;1229;6
3136;15989;2;7994;1
3137;15990;59;271;1
3138;15991;59;271;2
3139;15993;2;7996;1
3140;15994;3;5331;1
3141;15995;3;5331;2
3142;15997;2;7998;1
3143;15998;17;941;1
3144;15999;1229;13;22
3145;16021;2;8010;1
3146;16022;37;433;1
3147;16023;37;433;2
3148;16025;2;8012;1
3149;16026;5;3205;1
3150;16027;5;3205;2
3151;16029;2;8014;1
3152;16030;3;5343;1
3153;16031;25;641;6
3154;16037;2;8018;1
3155;16038;7;2291;1
3156;16039;7;2291;2
3157;16041;2;8020;1
3158;16042;3;5347;1
3159;16043;3;5347;2
3160;16045;2;8022;1
3161;16046;5;3209;1
3162;16047;5347;3;6
3163;16053;2;8026;1
3164;16054;3;5351;1
3165;16055;3;5351;2
3166;16057;2;8028;1
3167;16058;16057;1;1
3168;16059;16057;1;2
3169;16061;2;8030;1
3170;16062;16061;1;1
3171;16063;5347;3;22
3172;16085;2;8042;1
3173;16086;5;3217;1
3174;16087;5;3217;2
3175;16089;2;8044;1
3176;16090;3;5363;1
3177;16091;3;5363;2
3178;16093;2;8046;1
3179;16094;7;2299;1
3180;16095;31;519;6
3181;16101;2;8050;1
3182;16102;3;5367;1
3183;16103;3;5367;2
3184;16105;2;8052;1
3185;16106;5;3221;1
3186;16107;5;3221;2
3187;16109;2;8054;1
3188;16110;89;181;1
3189;16111;3221;5;6
3190;16117;2;8058;1
3191;16118;71;227;1
3192;16119;71;227;2
3193;16121;2;8060;1
3194;16122;7;2303;1
3195;16123;7;2303;2
3196;16125;2;8062;1
3197;16126;3;5375;1
3198;16127;5347;3;86
3199;16213;2;8106;1
3200;16214;31;523;1
3201;16215;31;523;2
3202;16217;2;8108;1
3203;16218;16217;1;1
3204;16219;16217;1;2
3205;16221;2;8110;1
3206;16222;3;5407;1
3207;16223;16217;1;6
3208;16229;2;8114;1
3209;16230;16229;1;1
3210;16231;16229;1;2
3211;16233;2;8116;1
3212;16234;3;5411;1
3213;16235;3;5411;2
3214;16237;2;8118;1
3215;16238;13;1249;1
3216;16239;7;2319;6
3217;16245;2;8122;1
3218;16246;3;5415;1
3219;16247;3;5415;2
3220;16249;2;8124;1
3221;16250;16249;1;1
3222;16251;16249;1;2
3223;16253;2;8126;1
3224;16254;16253;1;1
3225;16255;773;21;22
3226;16277;2;8138;1
3227;16278;41;397;1
3228;16279;41;397;2
3229;16281;2;8140;1
3230;16282;3;5427;1
3231;16283;3;5427;2
3232;16285;2;8142;1
3233;16286;5;3257;1
3234;16287;9;1809;6
3235;16293;2;8146;1
3236;16294;3;5431;1
3237;16295;3;5431;2
3238;16297;2;8148;1
3239;16298;43;379;1
3240;16299;43;379;2
3241;16301;2;8150;1
3242;16302;16301;1;1
3243;16303;43;379;6
3244;16309;2;8154;1
3245;16310;47;347;1
3246;16311;47;347;2
3247;16313;2;8156;1
3248;16314;11;1483;1
3249;16315;11;1483;2
3250;16317;2;8158;1
3251;16318;3;5439;1
3252;16319;43;379;22
3253;16341;2;8170;1
3254;16342;3;5447;1
3255;16343;3;5447;2
3256;16345;2;8172;1
3257;16346;5;3269;1
3258;16347;5;3269;2
3259;16349;2;8174;1
3260;16350;16349;1;1
3261;16351;7;2335;6
3262;16357;2;8178;1
3263;16358;11;1487;1
3264;16359;11;1487;2
3265;16361;2;8180;1
3266;16362;16361;1;1
3267;16363;16361;1;2
3268;16365;2;8182;1
3269;16366;3;5455;1
3270;16367;16361;1;6
3271;16373;2;8186;1
3272;16374;7;2339;1
3273;16375;7;2339;2
3274;16377;2;8188;1
3275;16378;3;5459;1
3276;16379;3;5459;2
3277;16381;2;8190;1
3278;16382;16381;1;1
3279;16383;10921;1;5462
3280;21845;2;10922;1
3281;21846;5;4369;1
3282;21847;5;4369;2
3283;21849;2;10924;1
3284;21850;3;7283;1
3285;21851;3;7283;2
3286;21853;2;10926;1
3287;21854;13;1681;1
3288;21855;7283;3;6
3289;21861;2;10930;1
3290;21862;3;7287;1
3291;21863;3;7287;2
3292;21865;2;10932;1
3293;21866;5;4373;1
3294;21867;5;4373;2
3295;21869;2;10934;1
3296;21870;19;1151;1
3297;21871;4373;5;6
3298;21877;2;10938;1
3299;21878;131;167;1
3300;21879;131;167;2
3301;21881;2;10940;1
3302;21882;21881;1;1
3303;21883;21881;1;2
3304;21885;2;10942;1
3305;21886;3;7295;1
3306;21887;4373;5;22
3307;21909;2;10954;1
3308;21910;3;7303;1
3309;21911;3;7303;2
3310;21913;2;10956;1
3311;21914;17;1289;1
3312;21915;17;1289;2
3313;21917;2;10958;1
3314;21918;7;3131;1
3315;21919;17;1289;6
3316;21925;2;10962;1
3317;21926;5;4385;1
3318;21927;5;4385;2
3319;21929;2;10964;1
3320;21930;21929;1;1
3321;21931;21929;1;2
3322;21933;2;10966;1
3323;21934;3;7311;1
3324;21935;21929;1;6
3325;21941;2;10970;1
3326;21942;37;593;1
3327;21943;37;593;2
3328;21945;2;10972;1
3329;21946;3;7315;1
3330;21947;3;7315;2
3331;21949;2;10974;1
3332;21950;47;467;1
3333;21951;21929;1;22
3334;21973;2;10986;1
3335;21974;7;3139;1
3336;21975;7;3139;2
3337;21977;2;10988;1
3338;21978;21977;1;1
3339;21979;21977;1;2
3340;21981;2;10990;1
3341;21982;3;7327;1
3342;21983;21977;1;6
3343;21989;2;10994;1
3344;21990;11;1999;1
3345;21991;11;1999;2
3346;21993;2;10996;1
3347;21994;3;7331;1
3348;21995;3;7331;2
3349;21997;2;10998;1
3350;21998;21997;1;1
3351;21999;7331;3;6
3352;22005;2;11002;1
3353;22006;3;7335;1
3354;22007;3;7335;2
3355;22009;2;11004;1
3356;22010;13;1693;1
3357;22011;13;1693;2
3358;22013;2;11006;1
3359;22014;22013;1;1
3360;22015;21929;1;86
3361;22101;2;11050;1
3362;22102;3;7367;1
3363;22103;3;7367;2
3364;22105;2;11052;1
3365;22106;5;4421;1
3366;22107;5;4421;2
3367;22109;2;11054;1
3368;22110;22109;1;1
3369;22111;4421;5;6
3370;22117;2;11058;1
3371;22118;17;1301;1
3372;22119;17;1301;2
3373;22121;2;11060;1
3374;22122;11;2011;1
3375;22123;11;2011;2
3376;22125;2;11062;1
3377;22126;3;7375;1
3378;22127;11;2011;6
3379;22133;2;11066;1
3380;22134;22133;1;1
3381;22135;22133;1;2
3382;22137;2;11068;1
3383;22138;3;7379;1
3384;22139;3;7379;2
3385;22141;2;11070;1
3386;22142;7;3163;1
3387;22143;2011;11;22
3388;22165;2;11082;1
3389;22166;5;4433;1
3390;22167;5;4433;2
3391;22169;2;11084;1
3392;22170;7;3167;1
3393;22171;7;3167;2
3394;22173;2;11086;1
3395;22174;3;7391;1
3396;22175;7;3167;6
3397;22181;2;11090;1
3398;22182;41;541;1
3399;22183;41;541;2
3400;22185;2;11092;1
3401;22186;3;7395;1
3402;22187;3;7395;2
3403;22189;2;11094;1
3404;22190;22189;1;1
3405;22191;9;2465;6
3406;22197;2;11098;1
3407;22198;3;7399;1
3408;22199;3;7399;2
3409;22201;2;11100;1
3410;22202;149;149;1
3411;22203;149;149;2
3412;22205;2;11102;1
3413;22206;5;4441;1
3414;22207;29;765;22
3415;22229;2;11114;1
3416;22230;22229;1;1
3417;22231;22229;1;2
3418;22233;2;11116;1
3419;22234;3;7411;1
3420;22235;3;7411;2
3421;22237;2;11118;1
3422;22238;37;601;1
3423;22239;7411;3;6
3424;22245;2;11122;1
3425;22246;3;7415;1
3426;22247;3;7415;2
3427;22249;2;11124;1
3428;22250;19;1171;1
3429;22251;19;1171;2
3430;22253;2;11126;1
3431;22254;7;3179;1
3432;22255;19;1171;6
3433;22261;2;11130;1
3434;22262;113;197;1
3435;22263;113;197;2
3436;22265;2;11132;1
3437;22266;5;4453;1
3438;22267;5;4453;2
3439;22269;2;11134;1
3440;22270;3;7423;1
3441;22271;87;255;86
3442;22357;2;11178;1
3443;22358;79;283;1
3444;22359;79;283;2
3445;22361;2;11180;1
3446;22362;59;379;1
3447;22363;59;379;2
3448;22365;2;11182;1
3449;22366;3;7455;1
3450;22367;59;379;6
3451;22373;2;11186;1
3452;22374;13;1721;1
3453;22375;13;1721;2
3454;22377;2;11188;1
3455;22378;3;7459;1
3456;22379;3;7459;2
3457;22381;2;11190;1
3458;22382;22381;1;1
3459;22383;7459;3;6
3460;22389;2;11194;1
3461;22390;3;7463;1
3462;22391;3;7463;2
3463;22393;2;11196;1
3464;22394;7;3199;1
3465;22395;7;3199;2
3466;22397;2;11198;1
3467;22398;22397;1;1
3468;22399;7459;3;22
3469;22421;2;11210;1
3470;22422;7;3203;1
3471;22423;7;3203;2
3472;22425;2;11212;1
3473;22426;3;7475;1
3474;22427;3;7475;2
3475;22429;2;11214;1
3476;22430;11;2039;1
3477;22431;13;1725;6
3478;22437;2;11218;1
3479;22438;3;7479;1
3480;22439;3;7479;2
3481;22441;2;11220;1
3482;22442;22441;1;1
3483;22443;22441;1;2
3484;22445;2;11222;1
3485;22446;5;4489;1
3486;22447;22441;1;6
3487;22453;2;11226;1
3488;22454;22453;1;1
3489;22455;22453;1;2
3490;22457;2;11228;1
3491;22458;17;1321;1
3492;22459;17;1321;2
3493;22461;2;11230;1
3494;22462;3;7487;1
3495;22463;22441;1;22
3496;22485;2;11242;1
3497;22486;3;7495;1
3498;22487;3;7495;2
3499;22489;2;11244;1
3500;22490;43;523;1
3501;22491;43;523;2
3502;22493;2;11246;1
3503;22494;83;271;1
3504;22495;43;523;6
3505;22501;2;11250;1
3506;22502;22501;1;1
3507;22503;22501;1;2
3508;22505;2;11252;1
3509;22506;5;4501;1
3510;22507;5;4501;2
3511;22509;2;11254;1
3512;22510;3;7503;1
3513;22511;7;3215;6
3514;22517;2;11258;1
3515;22518;11;2047;1
3516;22519;11;2047;2
3517;22521;2;11260;1
3518;22522;3;7507;1
3519;22523;3;7507;2
3520;22525;2;11262;1
3521;22526;5;4505;1
3522;22527;435;51;342
3523;22869;2;11434;1
3524;22870;3;7623;1
3525;22871;3;7623;2
3526;22873;2;11436;1
3527;22874;89;257;1
3528;22875;89;257;2
3529;22877;2;11438;1
3530;22878;22877;1;1
3531;22879;89;257;6
3532;22885;2;11442;1
3533;22886;5;4577;1
3534;22887;5;4577;2
3535;22889;2;11444;1
3536;22890;47;487;1
3537;22891;47;487;2
3538;22893;2;11446;1
3539;22894;3;7631;1
3540;22895;47;487;6
3541;22901;2;11450;1
3542;22902;22901;1;1
3543;22903;22901;1;2
3544;22905;2;11452;1
3545;22906;3;7635;1
3546;22907;3;7635;2
3547;22909;2;11454;1
3548;22910;31;739;1
3549;22911;47;487;22
3550;22933;2;11466;1
3551;22934;17;1349;1
3552;22935;17;1349;2
3553;22937;2;11468;1
3554;22938;22937;1;1
3555;22939;22937;1;2
3556;22941;2;11470;1
3557;22942;3;7647;1
3558;22943;22937;1;6
3559;22949;2;11474;1
3560;22950;53;433;1
3561;22951;53;433;2
3562;22953;2;11476;1
3563;22954;3;7651;1
3564;22955;3;7651;2
3565;22957;2;11478;1
3566;22958;11;2087;1
3567;22959;7;3279;6
3568;22965;2;11482;1
3569;22966;3;7655;1
3570;22967;3;7655;2
3571;22969;2;11484;1
3572;22970;103;223;1
3573;22971;103;223;2
3574;22973;2;11486;1
3575;22974;22973;1;1
3576;22975;1093;21;22
3577;22997;2;11498;1
3578;22998;13;1769;1
3579;22999;13;1769;2
3580;23001;2;11500;1
3581;23002;3;7667;1
3582;23003;3;7667;2
3583;23005;2;11502;1
3584;23006;5;4601;1
3585;23007;11;2091;6
3586;23013;2;11506;1
3587;23014;3;7671;1
3588;23015;3;7671;2
3589;23017;2;11508;1
3590;23018;23017;1;1
3591;23019;23017;1;2
3592;23021;2;11510;1
3593;23022;23021;1;1
3594;23023;23017;1;6
3595;23029;2;11514;1
3596;23030;23029;1;1
3597;23031;23029;1;2
3598;23033;2;11516;1
3599;23034;31;743;1
3600;23035;31;743;2
3601;23037;2;11518;1
3602;23038;3;7679;1
3603;23039;1093;21;86
3604;23125;2;11562;1
3605;23126;5;4625;1
3606;23127;5;4625;2
3607;23129;2;11564;1
3608;23130;101;229;1
3609;23131;101;229;2
3610;23133;2;11566;1
3611;23134;3;7711;1
3612;23135;101;229;6
3613;23141;2;11570;1
3614;23142;73;317;1
3615;23143;73;317;2
3616;23145;2;11572;1
3617;23146;3;7715;1
3618;23147;3;7715;2
3619;23149;2;11574;1
3620;23150;7;3307;1
3621;23151;15;1543;6
3622;23157;2;11578;1
3623;23158;3;7719;1
3624;23159;3;7719;2
3625;23161;2;11580;1
3626;23162;19;1219;1
3627;23163;19;1219;2
3628;23165;2;11582;1
3629;23166;5;4633;1
3630;23167;1543;15;22
3631;23189;2;11594;1
3632;23190;23189;1;1
3633;23191;23189;1;2
3634;23193;2;11596;1
3635;23194;3;7731;1
3636;23195;3;7731;2
3637;23197;2;11598;1
3638;23198;23197;1;1
3639;23199;9;2577;6
3640;23205;2;11602;1
3641;23206;3;7735;1
3642;23207;3;7735;2
3643;23209;2;11604;1
3644;23210;23209;1;1
3645;23211;23209;1;2
3646;23213;2;11606;1
3647;23214;139;167;1
3648;23215;23209;1;6
3649;23221;2;11610;1
3650;23222;11;2111;1
3651;23223;11;2111;2
3652;23225;2;11612;1
3653;23226;5;4645;1
3654;23227;5;4645;2
3655;23229;2;11614;1
3656;23230;3;7743;1
3657;23231;23209;1;22
3658;23253;2;11626;1
3659;23254;3;7751;1
3660;23255;3;7751;2
3661;23257;2;11628;1
3662;23258;13;1789;1
3663;23259;13;1789;2
3664;23261;2;11630;1
3665;23262;7;3323;1
3666;23263;13;1789;6
3667;23269;2;11634;1
3668;23270;23269;1;1
3669;23271;23269;1;2
3670;23273;2;11636;1
3671;23274;17;1369;1
3672;23275;17;1369;2
3673;23277;2;11638;1
3674;23278;3;7759;1
3675;23279;17;1369;6
3676;23285;2;11642;1
3677;23286;5;4657;1
3678;23287;5;4657;2
3679;23289;2;11644;1
3680;23290;3;7763;1
3681;23291;3;7763;2
3682;23293;2;11646;1
3683;23294;23293;1;1
3684;23295;23209;1;86
3685;23381;2;11690;1
3686;23382;103;227;1
3687;23383;103;227;2
3688;23385;2;11692;1
3689;23386;3;7795;1
3690;23387;3;7795;2
3691;23389;2;11694;1
3692;23390;19;1231;1
3693;23391;15;1559;6
3694;23397;2;11698;1
3695;23398;3;7799;1
3696;23399;3;7799;2
3697;23401;2;11700;1
3698;23402;7;3343;1
3699;23403;7;3343;2
3700;23405;2;11702;1
3701;23406;5;4681;1
3702;23407;7;3343;6
3703;23413;2;11706;1
3704;23414;13;1801;1
3705;23415;13;1801;2
3706;23417;2;11708;1
3707;23418;23417;1;1
3708;23419;23417;1;2
3709;23421;2;11710;1
3710;23422;3;7807;1
3711;23423;3343;7;22
3712;23445;2;11722;1
3713;23446;3;7815;1
3714;23447;3;7815;2
3715;23449;2;11724;1
3716;23450;131;179;1
3717;23451;131;179;2
3718;23453;2;11726;1
3719;23454;47;499;1
3720;23455;131;179;6
3721;23461;2;11730;1
3722;23462;29;809;1
3723;23463;29;809;2
3724;23465;2;11732;1
3725;23466;5;4693;1
3726;23467;5;4693;2
3727;23469;2;11734;1
3728;23470;3;7823;1
3729;23471;13;1805;6
3730;23477;2;11738;1
3731;23478;17;1381;1
3732;23479;17;1381;2
3733;23481;2;11740;1
3734;23482;3;7827;1
3735;23483;3;7827;2
3736;23485;2;11742;1
3737;23486;5;4697;1
3738;23487;65;361;22
3739;23509;2;11754;1
3740;23510;23509;1;1
3741;23511;23509;1;2
3742;23513;2;11756;1
3743;23514;7;3359;1
3744;23515;7;3359;2
3745;23517;2;11758;1
3746;23518;3;7839;1
3747;23519;7;3359;6
3748;23525;2;11762;1
3749;23526;5;4705;1
3750;23527;5;4705;2
3751;23529;2;11764;1
3752;23530;3;7843;1
3753;23531;3;7843;2
3754;23533;2;11766;1
3755;23534;101;233;1
3756;23535;11;2139;6
3757;23541;2;11770;1
3758;23542;3;7847;1
3759;23543;3;7847;2
3760;23545;2;11772;1
3761;23546;5;4709;1
3762;23547;5;4709;2
3763;23549;2;11774;1
3764;23550;23549;1;1
3765;23551;23209;1;342
3766;23893;2;11946;1
3767;23894;23893;1;1
3768;23895;23893;1;2
3769;23897;2;11948;1
3770;23898;23;1039;1
3771;23899;23;1039;2
3772;23901;2;11950;1
3773;23902;3;7967;1
3774;23903;23;1039;6
3775;23909;2;11954;1
3776;23910;23909;1;1
3777;23911;23909;1;2
3778;23913;2;11956;1
3779;23914;3;7971;1
3780;23915;3;7971;2
3781;23917;2;11958;1
3782;23918;23917;1;1
3783;23919;9;2657;6
3784;23925;2;11962;1
3785;23926;3;7975;1
3786;23927;3;7975;2
3787;23929;2;11964;1
3788;23930;23929;1;1
3789;23931;23929;1;2
3790;23933;2;11966;1
3791;23934;7;3419;1
3792;23935;2657;9;22
3793;23957;2;11978;1
3794;23958;23957;1;1
3795;23959;23957;1;2
3796;23961;2;11980;1
3797;23962;3;7987;1
3798;23963;3;7987;2
3799;23965;2;11982;1
3800;23966;5;4793;1
3801;23967;7;3423;6
3802;23973;2;11986;1
3803;23974;3;7991;1
3804;23975;3;7991;2
3805;23977;2;11988;1
3806;23978;23977;1;1
3807;23979;23977;1;2
3808;23981;2;11990;1
3809;23982;23981;1;1
3810;23983;23977;1;6
3811;23989;2;11994;1
3812;23990;7;3427;1
3813;23991;7;3427;2
3814;23993;2;11996;1
3815;23994;23993;1;1
3816;23995;23993;1;2
3817;23997;2;11998;1
3818;23998;3;7999;1
3819;23999;23977;1;22
3820;24021;2;12010;1
3821;24022;3;8007;1
3822;24023;3;8007;2
3823;24025;2;12012;1
3824;24026;5;4805;1
3825;24027;5;4805;2
3826;24029;2;12014;1
3827;24030;24029;1;1
3828;24031;25;961;6
3829;24037;2;12018;1
3830;24038;13;1849;1
3831;24039;13;1849;2
3832;24041;2;12020;1
3833;24042;29;829;1
3834;24043;29;829;2
3835;24045;2;12022;1
3836;24046;3;8015;1
3837;24047;29;829;6
3838;24053;2;12026;1
3839;24054;67;359;1
3840;24055;67;359;2
3841;24057;2;12028;1
3842;24058;3;8019;1
3843;24059;3;8019;2
3844;24061;2;12030;1
3845;24062;24061;1;1
3846;24063;23977;1;86
3847;24149;2;12074;1
3848;24150;19;1271;1
3849;24151;19;1271;2
3850;24153;2;12076;1
3851;24154;3;8051;1
3852;24155;3;8051;2
3853;24157;2;12078;1
3854;24158;7;3451;1
3855;24159;83;291;6
3856;24165;2;12082;1
3857;24166;3;8055;1
3858;24167;3;8055;2
3859;24169;2;12084;1
3860;24170;24169;1;1
3861;24171;24169;1;2
3862;24173;2;12086;1
3863;24174;23;1051;1
3864;24175;24169;1;6
3865;24181;2;12090;1
3866;24182;24181;1;1
3867;24183;24181;1;2
3868;24185;2;12092;1
3869;24186;5;4837;1
3870;24187;5;4837;2
3871;24189;2;12094;1
3872;24190;3;8063;1
3873;24191;24169;1;22
3874;24213;2;12106;1
3875;24214;3;8071;1
3876;24215;3;8071;2
3877;24217;2;12108;1
3878;24218;61;397;1
3879;24219;61;397;2
3880;24221;2;12110;1
3881;24222;53;457;1
3882;24223;61;397;6
3883;24229;2;12114;1
3884;24230;24229;1;1
3885;24231;24229;1;2
3886;24233;2;12116;1
3887;24234;11;2203;1
3888;24235;11;2203;2
3889;24237;2;12118;1
3890;24238;3;8079;1
3891;24239;11;2203;6
3892;24245;2;12122;1
3893;24246;5;4849;1
3894;24247;5;4849;2
3895;24249;2;12124;1
3896;24250;3;8083;1
3897;24251;3;8083;2
3898;24253;2;12126;1
3899;24254;79;307;1
3900;24255;2203;11;22
3901;24277;2;12138;1
3902;24278;11;2207;1
3903;24279;11;2207;2
3904;24281;2;12140;1
3905;24282;24281;1;1
3906;24283;24281;1;2
3907;24285;2;12142;1
3908;24286;3;8095;1
3909;24287;24281;1;6
3910;24293;2;12146;1
3911;24294;17;1429;1
3912;24295;17;1429;2
3913;24297;2;12148;1
3914;24298;3;8099;1
3915;24299;3;8099;2
3916;24301;2;12150;1
3917;24302;19;1279;1
3918;24303;7;3471;6
3919;24309;2;12154;1
3920;24310;3;8103;1
3921;24311;3;8103;2
3922;24313;2;12156;1
3923;24314;41;593;1
3924;24315;41;593;2
3925;24317;2;12158;1
3926;24318;24317;1;1
3927;24319;2203;11;86
3928;24405;2;12202;1
3929;24406;3;8135;1
3930;24407;3;8135;2
3931;24409;2;12204;1
3932;24410;7;3487;1
3933;24411;7;3487;2
3934;24413;2;12206;1
3935;24414;24413;1;1
3936;24415;7;3487;6
3937;24421;2;12210;1
3938;24422;24421;1;1
3939;24423;24421;1;2
3940;24425;2;12212;1
3941;24426;5;4885;1
3942;24427;5;4885;2
3943;24429;2;12214;1
3944;24430;3;8143;1
3945;24431;25;977;6
3946;24437;2;12218;1
3947;24438;7;3491;1
3948;24439;7;3491;2
3949;24441;2;12220;1
3950;24442;3;8147;1
3951;24443;3;8147;2
3952;24445;2;12222;1
3953;24446;5;4889;1
3954;24447;25;977;22
3955;24469;2;12234;1
3956;24470;24469;1;1
3957;24471;24469;1;2
3958;24473;2;12236;1
3959;24474;24473;1;1
3960;24475;24473;1;2
3961;24477;2;12238;1
3962;24478;3;8159;1
3963;24479;24473;1;6
3964;24485;2;12242;1
3965;24486;5;4897;1
3966;24487;5;4897;2
3967;24489;2;12244;1
3968;24490;3;8163;1
3969;24491;3;8163;2
3970;24493;2;12246;1
3971;24494;7;3499;1
3972;24495;9;2721;6
3973;24501;2;12250;1
3974;24502;3;8167;1
3975;24503;3;8167;2
3976;24505;2;12252;1
3977;24506;5;4901;1
3978;24507;5;4901;2
3979;24509;2;12254;1
3980;24510;24509;1;1
3981;24511;27;907;22
3982;24533;2;12266;1
3983;24534;24533;1;1
3984;24535;24533;1;2
3985;24537;2;12268;1
3986;24538;3;8179;1
3987;24539;3;8179;2
3988;24541;2;12270;1
3989;24542;11;2231;1
3990;24543;8179;3;6
3991;24549;2;12274;1
3992;24550;3;8183;1
3993;24551;3;8183;2
3994;24553;2;12276;1
3995;24554;43;571;1
3996;24555;43;571;2
3997;24557;2;12278;1
3998;24558;13;1889;1
3999;24559;43;571;6
4000;24565;2;12282;1
4001;24566;5;4913;1
4002;24567;5;4913;2
4003;24569;2;12284;1
4004;24570;79;311;1
4005;24571;79;311;2
4006;24573;2;12286;1
4007;24574;3;8191;1
4008;24575;23209;1;1366
4009;25941;2;12970;1
4010;25942;3;8647;1
4011;25943;3;8647;2
4012;25945;2;12972;1
4013;25946;5;5189;1
4014;25947;5;5189;2
4015;25949;2;12974;1
4016;25950;7;3707;1
4017;25951;5189;5;6
4018;25957;2;12978;1
4019;25958;101;257;1
4020;25959;101;257;2
4021;25961;2;12980;1
4022;25962;13;1997;1
4023;25963;13;1997;2
4024;25965;2;12982;1
4025;25966;3;8655;1
4026;25967;13;1997;6
4027;25973;2;12986;1
4028;25974;19;1367;1
4029;25975;19;1367;2
4030;25977;2;12988;1
4031;25978;3;8659;1
4032;25979;3;8659;2
4033;25981;2;12990;1
4034;25982;25981;1;1
4035;25983;1997;13;22
4036;26005;2;13002;1
4037;26006;5;5201;1
4038;26007;5;5201;2
4039;26009;2;13004;1
4040;26010;31;839;1
4041;26011;31;839;2
4042;26013;2;13006;1
4043;26014;3;8671;1
4044;26015;31;839;6
4045;26021;2;13010;1
4046;26022;26021;1;1
4047;26023;26021;1;2
4048;26025;2;13012;1
4049;26026;3;8675;1
4050;26027;3;8675;2
4051;26029;2;13014;1
4052;26030;26029;1;1
4053;26031;15;1735;6
4054;26037;2;13018;1
4055;26038;3;8679;1
4056;26039;3;8679;2
4057;26041;2;13020;1
4058;26042;26041;1;1
4059;26043;26041;1;2
4060;26045;2;13022;1
4061;26046;5;5209;1
4062;26047;25;1041;22
4063;26069;2;13034;1
4064;26070;131;199;1
4065;26071;131;199;2
4066;26073;2;13036;1
4067;26074;3;8691;1
4068;26075;3;8691;2
4069;26077;2;13038;1
4070;26078;89;293;1
4071;26079;9;2897;6
4072;26085;2;13042;1
4073;26086;3;8695;1
4074;26087;3;8695;2
4075;26089;2;13044;1
4076;26090;7;3727;1
4077;26091;7;3727;2
4078;26093;2;13046;1
4079;26094;97;269;1
4080;26095;7;3727;6
4081;26101;2;13050;1
4082;26102;43;607;1
4083;26103;43;607;2
4084;26105;2;13052;1
4085;26106;5;5221;1
4086;26107;5;5221;2
4087;26109;2;13054;1
4088;26110;3;8703;1
4089;26111;347;75;86
4090;26197;2;13098;1
4091;26198;17;1541;1
4092;26199;17;1541;2
4093;26201;2;13100;1
4094;26202;7;3743;1
4095;26203;7;3743;2
4096;26205;2;13102;1
4097;26206;3;8735;1
4098;26207;7;3743;6
4099;26213;2;13106;1
4100;26214;11;2383;1
4101;26215;11;2383;2
4102;26217;2;13108;1
4103;26218;3;8739;1
4104;26219;3;8739;2
4105;26221;2;13110;1
4106;26222;13;2017;1
4107;26223;9;2913;6
4108;26229;2;13114;1
4109;26230;3;8743;1
4110;26231;3;8743;2
4111;26233;2;13116;1
4112;26234;37;709;1
4113;26235;37;709;2
4114;26237;2;13118;1
4115;26238;26237;1;1
4116;26239;27;971;22
4117;26261;2;13130;1
4118;26262;26261;1;1
4119;26263;26261;1;2
4120;26265;2;13132;1
4121;26266;3;8755;1
4122;26267;3;8755;2
4123;26269;2;13134;1
4124;26270;109;241;1
4125;26271;15;1751;6
4126;26277;2;13138;1
4127;26278;3;8759;1
4128;26279;3;8759;2
4129;26281;2;13140;1
4130;26282;41;641;1
4131;26283;41;641;2
4132;26285;2;13142;1
4133;26286;5;5257;1
4134;26287;41;641;6
4135;26293;2;13146;1
4136;26294;26293;1;1
4137;26295;26293;1;2
4138;26297;2;13148;1
4139;26298;26297;1;1
4140;26299;26297;1;2
4141;26301;2;13150;1
4142;26302;3;8767;1
4143;26303;41;641;22
4144;26325;2;13162;1
4145;26326;3;8775;1
4146;26327;3;8775;2
4147;26329;2;13164;1
4148;26330;113;233;1
4149;26331;113;233;2
4150;26333;2;13166;1
4151;26334;17;1549;1
4152;26335;113;233;6
4153;26341;2;13170;1
4154;26342;7;3763;1
4155;26343;7;3763;2
4156;26345;2;13172;1
4157;26346;5;5269;1
4158;26347;5;5269;2
4159;26349;2;13174;1
4160;26350;3;8783;1
4161;26351;11;2395;6
4162;26357;2;13178;1
4163;26358;26357;1;1
4164;26359;26357;1;2
4165;26361;2;13180;1
4166;26362;3;8787;1
4167;26363;3;8787;2
4168;26365;2;13182;1
4169;26366;5;5273;1
4170;26367;641;41;86
4171;26453;2;13226;1
4172;26454;7;3779;1
4173;26455;7;3779;2
4174;26457;2;13228;1
4175;26458;3;8819;1
4176;26459;3;8819;2
4177;26461;2;13230;1
4178;26462;47;563;1
4179;26463;8819;3;6
4180;26469;2;13234;1
4181;26470;3;8823;1
4182;26471;3;8823;2
4183;26473;2;13236;1
4184;26474;23;1151;1
4185;26475;23;1151;2
4186;26477;2;13238;1
4187;26478;11;2407;1
4188;26479;23;1151;6
4189;26485;2;13242;1
4190;26486;5;5297;1
4191;26487;5;5297;2
4192;26489;2;13244;1
4193;26490;26489;1;1
4194;26491;26489;1;2
4195;26493;2;13246;1
4196;26494;3;8831;1
4197;26495;23;1151;22
4198;26517;2;13258;1
4199;26518;3;8839;1
4200;26519;3;8839;2
4201;26521;2;13260;1
4202;26522;11;2411;1
4203;26523;11;2411;2
4204;26525;2;13262;1
4205;26526;5;5305;1
4206;26527;11;2411;6
4207;26533;2;13266;1
4208;26534;13;2041;1
4209;26535;13;2041;2
4210;26537;2;13268;1
4211;26538;7;3791;1
4212;26539;7;3791;2
4213;26541;2;13270;1
4214;26542;3;8847;1
4215;26543;7;3791;6
4216;26549;2;13274;1
4217;26550;139;191;1
4218;26551;139;191;2
4219;26553;2;13276;1
4220;26554;3;8851;1
4221;26555;3;8851;2
4222;26557;2;13278;1
4223;26558;26557;1;1
4224;26559;119;223;22
4225;26581;2;13290;1
4226;26582;19;1399;1
4227;26583;19;1399;2
4228;26585;2;13292;1
4229;26586;5;5317;1
4230;26587;5;5317;2
4231;26589;2;13294;1
4232;26590;3;8863;1
4233;26591;13;2045;6
4234;26597;2;13298;1
4235;26598;26597;1;1
4236;26599;26597;1;2
4237;26601;2;13300;1
4238;26602;3;8867;1
4239;26603;3;8867;2
4240;26605;2;13302;1
4241;26606;5;5321;1
4242;26607;8867;3;6
4243;26613;2;13306;1
4244;26614;3;8871;1
4245;26615;3;8871;2
4246;26617;2;13308;1
4247;26618;43;619;1
4248;26619;43;619;2
4249;26621;2;13310;1
4250;26622;7;3803;1
4251;26623;641;41;342
4252;26965;2;13482;1
4253;26966;5;5393;1
4254;26967;5;5393;2
4255;26969;2;13484;1
4256;26970;149;181;1
4257;26971;149;181;2
4258;26973;2;13486;1
4259;26974;3;8991;1
4260;26975;149;181;6
4261;26981;2;13490;1
4262;26982;26981;1;1
4263;26983;26981;1;2
4264;26985;2;13492;1
4265;26986;3;8995;1
4266;26987;3;8995;2
4267;26989;2;13494;1
4268;26990;137;197;1
4269;26991;7;3855;6
4270;26997;2;13498;1
4271;26998;3;8999;1
4272;26999;3;8999;2
4273;27001;2;13500;1
4274;27002;13;2077;1
4275;27003;13;2077;2
4276;27005;2;13502;1
4277;27006;5;5401;1
4278;27007;35;771;22
4279;27029;2;13514;1
4280;27030;151;179;1
4281;27031;151;179;2
4282;27033;2;13516;1
4283;27034;3;9011;1
4284;27035;3;9011;2
4285;27037;2;13518;1
4286;27038;19;1423;1
4287;27039;9011;3;6
4288;27045;2;13522;1
4289;27046;3;9015;1
4290;27047;3;9015;2
4291;27049;2;13524;1
4292;27050;11;2459;1
4293;27051;11;2459;2
4294;27053;2;13526;1
4295;27054;13;2081;1
4296;27055;11;2459;6
4297;27061;2;13530;1
4298;27062;27061;1;1
4299;27063;27061;1;2
4300;27065;2;13532;1
4301;27066;5;5413;1
4302;27067;5;5413;2
4303;27069;2;13534;1
4304;27070;3;9023;1
4305;27071;2459;11;22
4306;27093;2;13546;1
4307;27094;3;9031;1
4308;27095;3;9031;2
4309;27097;2;13548;1
4310;27098;7;3871;1
4311;27099;7;3871;2
4312;27101;2;13550;1
4313;27102;41;661;1
4314;27103;7;3871;6
4315;27109;2;13554;1
4316;27110;27109;1;1
4317;27111;27109;1;2
4318;27113;2;13556;1
4319;27114;19;1427;1
4320;27115;19;1427;2
4321;27117;2;13558;1
4322;27118;3;9039;1
4323;27119;19;1427;6
4324;27125;2;13562;1
4325;27126;5;5425;1
4326;27127;5;5425;2
4327;27129;2;13564;1
4328;27130;3;9043;1
4329;27131;3;9043;2
4330;27133;2;13566;1
4331;27134;43;631;1
4332;27135;2459;11;86
4333;27221;2;13610;1
4334;27222;163;167;1
4335;27223;163;167;2
4336;27225;2;13612;1
4337;27226;3;9075;1
4338;27227;3;9075;2
4339;27229;2;13614;1
4340;27230;73;373;1
4341;27231;9;3025;6
4342;27237;2;13618;1
4343;27238;3;9079;1
4344;27239;3;9079;2
4345;27241;2;13620;1
4346;27242;27241;1;1
4347;27243;27241;1;2
4348;27245;2;13622;1
4349;27246;5;5449;1
4350;27247;27241;1;6
4351;27253;2;13626;1
4352;27254;27253;1;1
4353;27255;27253;1;2
4354;27257;2;13628;1
4355;27258;97;281;1
4356;27259;97;281;2
4357;27261;2;13630;1
4358;27262;3;9087;1
4359;27263;27241;1;22
4360;27285;2;13642;1
4361;27286;3;9095;1
4362;27287;3;9095;2
4363;27289;2;13644;1
4364;27290;29;941;1
4365;27291;29;941;2
4366;27293;2;13646;1
4367;27294;7;3899;1
4368;27295;29;941;6
4369;27301;2;13650;1
4370;27302;23;1187;1
4371;27303;23;1187;2
4372;27305;2;13652;1
4373;27306;5;5461;1
4374;27307;5;5461;2
4375;27309;2;13654;1
4376;27310;3;9103;1
4377;27311;43;635;6
4378;27317;2;13658;1
4379;27318;59;463;1
4380;27319;59;463;2
4381;27321;2;13660;1
4382;27322;3;9107;1
4383;27323;3;9107;2
4384;27325;2;13662;1
4385;27326;5;5465;1
4386;27327;43;635;22
4387;27349;2;13674;1
4388;27350;7;3907;1
4389;27351;7;3907;2
4390;27353;2;13676;1
4391;27354;17;1609;1
4392;27355;17;1609;2
4393;27357;2;13678;1
4394;27358;3;9119;1
4395;27359;17;1609;6
4396;27365;2;13682;1
4397;27366;5;5473;1
4398;27367;5;5473;2
4399;27369;2;13684;1
4400;27370;3;9123;1
4401;27371;3;9123;2
4402;27373;2;13686;1
4403;27374;31;883;1
4404;27375;9;3041;6
4405;27381;2;13690;1
4406;27382;3;9127;1
4407;27383;3;9127;2
4408;27385;2;13692;1
4409;27386;5;5477;1
4410;27387;5;5477;2
4411;27389;2;13694;1
4412;27390;61;449;1
4413;27391;127;215;86
4414;27477;2;13738;1
4415;27478;3;9159;1
4416;27479;3;9159;2
4417;27481;2;13740;1
4418;27482;27481;1;1
4419;27483;27481;1;2
4420;27485;2;13742;1
4421;27486;5;5497;1
4422;27487;27481;1;6
4423;27493;2;13746;1
4424;27494;19;1447;1
4425;27495;19;1447;2
4426;27497;2;13748;1
4427;27498;31;887;1
4428;27499;31;887;2
4429;27501;2;13750;1
4430;27502;3;9167;1
4431;27503;31;887;6
4432;27509;2;13754;1
4433;27510;27509;1;1
4434;27511;27509;1;2
4435;27513;2;13756;1
4436;27514;3;9171;1
4437;27515;3;9171;2
4438;27517;2;13758;1
4439;27518;7;3931;1
4440;27519;31;887;22
4441;27541;2;13770;1
4442;27542;27541;1;1
4443;27543;27541;1;2
4444;27545;2;13772;1
4445;27546;5;5509;1
4446;27547;5;5509;2
4447;27549;2;13774;1
4448;27550;3;9183;1
4449;27551;7;3935;6
4450;27557;2;13778;1
4451;27558;17;1621;1
4452;27559;17;1621;2
4453;27561;2;13780;1
4454;27562;3;9187;1
4455;27563;3;9187;2
4456;27565;2;13782;1
4457;27566;5;5513;1
4458;27567;9187;3;6
4459;27573;2;13786;1
4460;27574;3;9191;1
4461;27575;3;9191;2
4462;27577;2;13788;1
4463;27578;11;2507;1
4464;27579;11;2507;2
4465;27581;2;13790;1
4466;27582;27581;1;1
4467;27583;9187;3;22
4468;27605;2;13802;1
4469;27606;5;5521;1
4470;27607;5;5521;2
4471;27609;2;13804;1
4472;27610;3;9203;1
4473;27611;3;9203;2
4474;27613;2;13806;1
4475;27614;53;521;1
4476;27615;9203;3;6
4477;27621;2;13810;1
4478;27622;3;9207;1
4479;27623;3;9207;2
4480;27625;2;13812;1
4481;27626;5;5525;1
4482;27627;5;5525;2
4483;27629;2;13814;1
4484;27630;7;3947;1
4485;27631;13;2125;6
4486;27637;2;13818;1
4487;27638;29;953;1
4488;27639;29;953;2
4489;27641;2;13820;1
4490;27642;131;211;1
4491;27643;131;211;2
4492;27645;2;13822;1
4493;27646;3;9215;1
4494;27647;635;43;342
4495;27989;2;13994;1
4496;27990;13;2153;1
4497;27991;13;2153;2
4498;27993;2;13996;1
4499;27994;3;9331;1
4500;27995;3;9331;2
4501;27997;2;13998;1
4502;27998;27997;1;1
4503;27999;7;3999;6
4504;28005;2;14002;1
4505;28006;3;9335;1
4506;28007;3;9335;2
4507;28009;2;14004;1
4508;28010;37;757;1
4509;28011;37;757;2
4510;28013;2;14006;1
4511;28014;109;257;1
4512;28015;37;757;6
4513;28021;2;14010;1
4514;28022;7;4003;1
4515;28023;7;4003;2
4516;28025;2;14012;1
4517;28026;5;5605;1
4518;28027;5;5605;2
4519;28029;2;14014;1
4520;28030;3;9343;1
4521;28031;37;757;22
4522;28053;2;14026;1
4523;28054;3;9351;1
4524;28055;3;9351;2
4525;28057;2;14028;1
4526;28058;28057;1;1
4527;28059;28057;1;2
4528;28061;2;14030;1
4529;28062;11;2551;1
4530;28063;28057;1;6
4531;28069;2;14034;1
4532;28070;28069;1;1
4533;28071;28069;1;2
4534;28073;2;14036;1
4535;28074;67;419;1
4536;28075;67;419;2
4537;28077;2;14038;1
4538;28078;3;9359;1
4539;28079;67;419;6
4540;28085;2;14042;1
4541;28086;5;5617;1
4542;28087;5;5617;2
4543;28089;2;14044;1
4544;28090;3;9363;1
4545;28091;3;9363;2
4546;28093;2;14046;1
4547;28094;13;2161;1
4548;28095;67;419;22
4549;28117;2;14058;1
4550;28118;31;907;1
4551;28119;31;907;2
4552;28121;2;14060;1
4553;28122;61;461;1
4554;28123;61;461;2
4555;28125;2;14062;1
4556;28126;3;9375;1
4557;28127;61;461;6
4558;28133;2;14066;1
4559;28134;7;4019;1
4560;28135;7;4019;2
4561;28137;2;14068;1
4562;28138;3;9379;1
4563;28139;3;9379;2
4564;28141;2;14070;1
4565;28142;107;263;1
4566;28143;83;339;6
4567;28149;2;14074;1
4568;28150;3;9383;1
4569;28151;3;9383;2
4570;28153;2;14076;1
4571;28154;47;599;1
4572;28155;47;599;2
4573;28157;2;14078;1
4574;28158;37;761;1
4575;28159;419;67;86
4576;28245;2;14122;1
4577;28246;3;9415;1
4578;28247;3;9415;2
4579;28249;2;14124;1
4580;28250;13;2173;1
4581;28251;13;2173;2
4582;28253;2;14126;1
4583;28254;19;1487;1
4584;28255;13;2173;6
4585;28261;2;14130;1
4586;28262;59;479;1
4587;28263;59;479;2
4588;28265;2;14132;1
4589;28266;5;5653;1
4590;28267;5;5653;2
4591;28269;2;14134;1
4592;28270;3;9423;1
4593;28271;5653;5;6
4594;28277;2;14138;1
4595;28278;28277;1;1
4596;28279;28277;1;2
4597;28281;2;14140;1
4598;28282;3;9427;1
4599;28283;3;9427;2
4600;28285;2;14142;1
4601;28286;5;5657;1
4602;28287;5653;5;22
4603;28309;2;14154;1
4604;28310;28309;1;1
4605;28311;28309;1;2
4606;28313;2;14156;1
4607;28314;23;1231;1
4608;28315;23;1231;2
4609;28317;2;14158;1
4610;28318;3;9439;1
4611;28319;23;1231;6
4612;28325;2;14162;1
4613;28326;5;5665;1
4614;28327;5;5665;2
4615;28329;2;14164;1
4616;28330;3;9443;1
4617;28331;3;9443;2
4618;28333;2;14166;1
4619;28334;29;977;1
4620;28335;7;4047;6
4621;28341;2;14170;1
4622;28342;3;9447;1
4623;28343;3;9447;2
4624;28345;2;14172;1
4625;28346;5;5669;1
4626;28347;5;5669;2
4627;28349;2;14174;1
4628;28350;28349;1;1
4629;28351;57;497;22
4630;28373;2;14186;1
4631;28374;17;1669;1
4632;28375;17;1669;2
4633;28377;2;14188;1
4634;28378;3;9459;1
4635;28379;3;9459;2
4636;28381;2;14190;1
4637;28382;101;281;1
4638;28383;9;3153;6
4639;28389;2;14194;1
4640;28390;3;9463;1
4641;28391;3;9463;2
4642;28393;2;14196;1
4643;28394;28393;1;1
4644;28395;28393;1;2
4645;28397;2;14198;1
4646;28398;73;389;1
4647;28399;28393;1;6
4648;28405;2;14202;1
4649;28406;5;5681;1
4650;28407;5;5681;2
4651;28409;2;14204;1
4652;28410;28409;1;1
4653;28411;28409;1;2
4654;28413;2;14206;1
4655;28414;3;9471;1
4656;28415;133;213;86
4657;28501;2;14250;1
4658;28502;11;2591;1
4659;28503;11;2591;2
4660;28505;2;14252;1
4661;28506;5;5701;1
4662;28507;5;5701;2
4663;28509;2;14254;1
4664;28510;3;9503;1
4665;28511;5701;5;6
4666;28517;2;14258;1
4667;28518;28517;1;1
4668;28519;28517;1;2
4669;28521;2;14260;1
4670;28522;3;9507;1
4671;28523;3;9507;2
4672;28525;2;14262;1
4673;28526;5;5705;1
4674;28527;9;3169;6
4675;28533;2;14266;1
4676;28534;3;9511;1
4677;28535;3;9511;2
4678;28537;2;14268;1
4679;28538;28537;1;1
4680;28539;28537;1;2
4681;28541;2;14270;1
4682;28542;28541;1;1
4683;28543;3169;9;22
4684;28565;2;14282;1
4685;28566;5;5713;1
4686;28567;5;5713;2
4687;28569;2;14284;1
4688;28570;3;9523;1
4689;28571;3;9523;2
4690;28573;2;14286;1
4691;28574;28573;1;1
4692;28575;89;321;6
4693;28581;2;14290;1
4694;28582;3;9527;1
4695;28583;3;9527;2
4696;28585;2;14292;1
4697;28586;5;5717;1
4698;28587;5;5717;2
4699;28589;2;14294;1
4700;28590;11;2599;1
4701;28591;5717;5;6
4702;28597;2;14298;1
4703;28598;28597;1;1
4704;28599;28597;1;2
4705;28601;2;14300;1
4706;28602;37;773;1
4707;28603;37;773;2
4708;28605;2;14302;1
4709;28606;3;9535;1
4710;28607;5717;5;22
4711;28629;2;14314;1
4712;28630;3;9543;1
4713;28631;3;9543;2
4714;28633;2;14316;1
4715;28634;11;2603;1
4716;28635;11;2603;2
4717;28637;2;14318;1
4718;28638;7;4091;1
4719;28639;11;2603;6
4720;28645;2;14322;1
4721;28646;5;5729;1
4722;28647;5;5729;2
4723;28649;2;14324;1
4724;28650;28649;1;1
4725;28651;28649;1;2
4726;28653;2;14326;1
4727;28654;3;9551;1
4728;28655;28649;1;6
4729;28661;2;14330;1
4730;28662;28661;1;1
4731;28663;28661;1;2
4732;28665;2;14332;1
4733;28666;3;9555;1
4734;28667;3;9555;2
4735;28669;2;14334;1
4736;28670;28669;1;1
4737;28671;5461;5;1366
4738;30037;2;15018;1
4739;30038;7;4291;1
4740;30039;7;4291;2
4741;30041;2;15020;1
4742;30042;11;2731;1
4743;30043;11;2731;2
4744;30045;2;15022;1
4745;30046;3;10015;1
4746;30047;11;2731;6
4747;30053;2;15026;1
4748;30054;41;733;1
4749;30055;41;733;2
4750;30057;2;15028;1
4751;30058;3;10019;1
4752;30059;3;10019;2
4753;30061;2;15030;1
4754;30062;23;1307;1
4755;30063;43;699;6
4756;30069;2;15034;1
4757;30070;3;10023;1
4758;30071;3;10023;2
4759;30073;2;15036;1
4760;30074;17;1769;1
4761;30075;17;1769;2
4762;30077;2;15038;1
4763;30078;19;1583;1
4764;30079;43;699;22
4765;30101;2;15050;1
4766;30102;31;971;1
4767;30103;31;971;2
4768;30105;2;15052;1
4769;30106;3;10035;1
4770;30107;3;10035;2
4771;30109;2;15054;1
4772;30110;30109;1;1
4773;30111;9;3345;6
4774;30117;2;15058;1
4775;30118;3;10039;1
4776;30119;3;10039;2
4777;30121;2;15060;1
4778;30122;7;4303;1
4779;30123;7;4303;2
4780;30125;2;15062;1
4781;30126;5;6025;1
4782;30127;7;4303;6
4783;30133;2;15066;1
4784;30134;30133;1;1
4785;30135;30133;1;2
4786;30137;2;15068;1
4787;30138;30137;1;1
4788;30139;30137;1;2
4789;30141;2;15070;1
4790;30142;3;10047;1
4791;30143;91;331;22
4792;30165;2;15082;1
4793;30166;3;10055;1
4794;30167;3;10055;2
4795;30169;2;15084;1
4796;30170;30169;1;1
4797;30171;30169;1;2
4798;30173;2;15086;1
4799;30174;11;2743;1
4800;30175;30169;1;6
4801;30181;2;15090;1
4802;30182;30181;1;1
4803;30183;30181;1;2
4804;30185;2;15092;1
4805;30186;5;6037;1
4806;30187;5;6037;2
4807;30189;2;15094;1
4808;30190;3;10063;1
4809;30191;6037;5;6
4810;30197;2;15098;1
4811;30198;30197;1;1
4812;30199;30197;1;2
4813;30201;2;15100;1
4814;30202;3;10067;1
4815;30203;3;10067;2
4816;30205;2;15102;1
4817;30206;5;6041;1
4818;30207;91;331;86
4819;30293;2;15146;1
4820;30294;30293;1;1
4821;30295;30293;1;2
4822;30297;2;15148;1
4823;30298;3;10099;1
4824;30299;3;10099;2
4825;30301;2;15150;1
4826;30302;157;193;1
4827;30303;10099;3;6
4828;30309;2;15154;1
4829;30310;3;10103;1
4830;30311;3;10103;2
4831;30313;2;15156;1
4832;30314;30313;1;1
4833;30315;30313;1;2
4834;30317;2;15158;1
4835;30318;7;4331;1
4836;30319;30313;1;6
4837;30325;2;15162;1
4838;30326;5;6065;1
4839;30327;5;6065;2
4840;30329;2;15164;1
4841;30330;13;2333;1
4842;30331;13;2333;2
4843;30333;2;15166;1
4844;30334;3;10111;1
4845;30335;30313;1;22
4846;30357;2;15178;1
4847;30358;3;10119;1
4848;30359;3;10119;2
4849;30361;2;15180;1
4850;30362;97;313;1
4851;30363;97;313;2
4852;30365;2;15182;1
4853;30366;5;6073;1
4854;30367;97;313;6
4855;30373;2;15186;1
4856;30374;7;4339;1
4857;30375;7;4339;2
4858;30377;2;15188;1
4859;30378;37;821;1
4860;30379;37;821;2
4861;30381;2;15190;1
4862;30382;3;10127;1
4863;30383;37;821;6
4864;30389;2;15194;1
4865;30390;30389;1;1
4866;30391;30389;1;2
4867;30393;2;15196;1
4868;30394;3;10131;1
4869;30395;3;10131;2
4870;30397;2;15198;1
4871;30398;113;269;1
4872;30399;37;821;22
4873;30421;2;15210;1
4874;30422;29;1049;1
4875;30423;29;1049;2
4876;30425;2;15212;1
4877;30426;5;6085;1
4878;30427;5;6085;2
4879;30429;2;15214;1
4880;30430;3;10143;1
4881;30431;25;1217;6
4882;30437;2;15218;1
4883;30438;11;2767;1
4884;30439;11;2767;2
4885;30441;2;15220;1
4886;30442;3;10147;1
4887;30443;3;10147;2
4888;30445;2;15222;1
4889;30446;5;6089;1
4890;30447;73;417;6
4891;30453;2;15226;1
4892;30454;3;10151;1
4893;30455;3;10151;2
4894;30457;2;15228;1
4895;30458;7;4351;1
4896;30459;7;4351;2
4897;30461;2;15230;1
4898;30462;83;367;1
4899;30463;821;37;86
4900;30549;2;15274;1
4901;30550;3;10183;1
4902;30551;3;10183;2
4903;30553;2;15276;1
4904;30554;30553;1;1
4905;30555;30553;1;2
4906;30557;2;15278;1
4907;30558;30557;1;1
4908;30559;30553;1;6
4909;30565;2;15282;1
4910;30566;5;6113;1
4911;30567;5;6113;2
4912;30569;2;15284;1
4913;30570;7;4367;1
4914;30571;7;4367;2
4915;30573;2;15286;1
4916;30574;3;10191;1
4917;30575;7;4367;6
4918;30581;2;15290;1
4919;30582;53;577;1
4920;30583;53;577;2
4921;30585;2;15292;1
4922;30586;3;10195;1
4923;30587;3;10195;2
4924;30589;2;15294;1
4925;30590;13;2353;1
4926;30591;77;397;22
4927;30613;2;15306;1
4928;30614;11;2783;1
4929;30615;11;2783;2
4930;30617;2;15308;1
4931;30618;17;1801;1
4932;30619;17;1801;2
4933;30621;2;15310;1
4934;30622;3;10207;1
4935;30623;17;1801;6
4936;30629;2;15314;1
4937;30630;109;281;1
4938;30631;109;281;2
4939;30633;2;15316;1
4940;30634;3;10211;1
4941;30635;3;10211;2
4942;30637;2;15318;1
4943;30638;30637;1;1
4944;30639;10211;3;6
4945;30645;2;15322;1
4946;30646;3;10215;1
4947;30647;3;10215;2
4948;30649;2;15324;1
4949;30650;30649;1;1
4950;30651;30649;1;2
4951;30653;2;15326;1
4952;30654;7;4379;1
4953;30655;10211;3;22
4954;30677;2;15338;1
4955;30678;30677;1;1
4956;30679;30677;1;2
4957;30681;2;15340;1
4958;30682;3;10227;1
4959;30683;3;10227;2
4960;30685;2;15342;1
4961;30686;5;6137;1
4962;30687;7;4383;6
4963;30693;2;15346;1
4964;30694;3;10231;1
4965;30695;3;10231;2
4966;30697;2;15348;1
4967;30698;30697;1;1
4968;30699;30697;1;2
4969;30701;2;15350;1
4970;30702;11;2791;1
4971;30703;30697;1;6
4972;30709;2;15354;1
4973;30710;7;4387;1
4974;30711;7;4387;2
4975;30713;2;15356;1
4976;30714;30713;1;1
4977;30715;30713;1;2
4978;30717;2;15358;1
4979;30718;3;10239;1
4980;30719;821;37;342
4981;31061;2;15530;1
4982;31062;89;349;1
4983;31063;89;349;2
4984;31065;2;15532;1
4985;31066;3;10355;1
4986;31067;3;10355;2
4987;31069;2;15534;1
4988;31070;31069;1;1
4989;31071;15;2071;6
4990;31077;2;15538;1
4991;31078;3;10359;1
4992;31079;3;10359;2
4993;31081;2;15540;1
4994;31082;31081;1;1
4995;31083;31081;1;2
4996;31085;2;15542;1
4997;31086;5;6217;1
4998;31087;31081;1;6
4999;31093;2;15546;1
5000;31094;17;1829;1
5001;31095;17;1829;2
5002;31097;2;15548;1
5003;31098;11;2827;1
5004;31099;11;2827;2
5005;31101;2;15550;1
5006;31102;3;10367;1
5007;31103;31081;1;22
5008;31125;2;15562;1
5009;31126;3;10375;1
5010;31127;3;10375;2
5011;31129;2;15564;1
5012;31130;7;4447;1
5013;31131;7;4447;2
5014;31133;2;15566;1
5015;31134;163;191;1
5016;31135;7;4447;6
5017;31141;2;15570;1
5018;31142;11;2831;1
5019;31143;11;2831;2
5020;31145;2;15572;1
5021;31146;5;6229;1
5022;31147;5;6229;2
5023;31149;2;15574;1
5024;31150;3;10383;1
5025;31151;6229;5;6
5026;31157;2;15578;1
5027;31158;7;4451;1
5028;31159;7;4451;2
5029;31161;2;15580;1
5030;31162;3;10387;1
5031;31163;3;10387;2
5032;31165;2;15582;1
5033;31166;5;6233;1
5034;31167;6229;5;22
5035;31189;2;15594;1
5036;31190;31189;1;1
5037;31191;31189;1;2
5038;31193;2;15596;1
5039;31194;31193;1;1
5040;31195;31193;1;2
5041;31197;2;15598;1
5042;31198;3;10399;1
5043;31199;31193;1;6
5044;31205;2;15602;1
5045;31206;5;6241;1
5046;31207;5;6241;2
5047;31209;2;15604;1
5048;31210;3;10403;1
5049;31211;3;10403;2
5050;31213;2;15606;1
5051;31214;7;4459;1
5052;31215;101;309;6
5053;31221;2;15610;1
5054;31222;3;10407;1
5055;31223;3;10407;2
5056;31225;2;15612;1
5057;31226;5;6245;1
5058;31227;5;6245;2
5059;31229;2;15614;1
5060;31230;11;2839;1
5061;31231;6229;5;86
5062;31317;2;15658;1
5063;31318;3;10439;1
5064;31319;3;10439;2
5065;31321;2;15660;1
5066;31322;31321;1;1
5067;31323;31321;1;2
5068;31325;2;15662;1
5069;31326;5;6265;1
5070;31327;31321;1;6
5071;31333;2;15666;1
5072;31334;31333;1;1
5073;31335;31333;1;2
5074;31337;2;15668;1
5075;31338;31337;1;1
5076;31339;31337;1;2
5077;31341;2;15670;1
5078;31342;3;10447;1
5079;31343;31337;1;6
5080;31349;2;15674;1
5081;31350;23;1363;1
5082;31351;23;1363;2
5083;31353;2;15676;1
5084;31354;3;10451;1
5085;31355;3;10451;2
5086;31357;2;15678;1
5087;31358;31357;1;1
5088;31359;31337;1;22
5089;31381;2;15690;1
5090;31382;7;4483;1
5091;31383;7;4483;2
5092;31385;2;15692;1
5093;31386;5;6277;1
5094;31387;5;6277;2
5095;31389;2;15694;1
5096;31390;3;10463;1
5097;31391;6277;5;6
5098;31397;2;15698;1
5099;31398;31397;1;1
5100;31399;31397;1;2
5101;31401;2;15700;1
5102;31402;3;10467;1
5103;31403;3;10467;2
5104;31405;2;15702;1
5105;31406;5;6281;1
5106;31407;9;3489;6
5107;31413;2;15706;1
5108;31414;3;10471;1
5109;31415;3;10471;2
5110;31417;2;15708;1
5111;31418;89;353;1
5112;31419;89;353;2
5113;31421;2;15710;1
5114;31422;13;2417;1
5115;31423;27;1163;22
5116;31445;2;15722;1
5117;31446;5;6289;1
5118;31447;5;6289;2
5119;31449;2;15724;1
5120;31450;3;10483;1
5121;31451;3;10483;2
5122;31453;2;15726;1
5123;31454;71;443;1
5124;31455;11;2859;6
5125;31461;2;15730;1
5126;31462;3;10487;1
5127;31463;3;10487;2
5128;31465;2;15732;1
5129;31466;5;6293;1
5130;31467;5;6293;2
5131;31469;2;15734;1
5132;31470;31469;1;1
5133;31471;7;4495;6
5134;31477;2;15738;1
5135;31478;31477;1;1
5136;31479;31477;1;2
5137;31481;2;15740;1
5138;31482;31481;1;1
5139;31483;31481;1;2
5140;31485;2;15742;1
5141;31486;3;10495;1
5142;31487;1163;27;86
5143;31573;2;15786;1
5144;31574;31573;1;1
5145;31575;31573;1;2
5146;31577;2;15788;1
5147;31578;7;4511;1
5148;31579;7;4511;2
5149;31581;2;15790;1
5150;31582;3;10527;1
5151;31583;7;4511;6
5152;31589;2;15794;1
5153;31590;31;1019;1
5154;31591;31;1019;2
5155;31593;2;15796;1
5156;31594;3;10531;1
5157;31595;3;10531;2
5158;31597;2;15798;1
5159;31598;19;1663;1
5160;31599;10531;3;6
5161;31605;2;15802;1
5162;31606;3;10535;1
5163;31607;3;10535;2
5164;31609;2;15804;1
5165;31610;73;433;1
5166;31611;73;433;2
5167;31613;2;15806;1
5168;31614;101;313;1
5169;31615;10531;3;22
5170;31637;2;15818;1
5171;31638;17;1861;1
5172;31639;17;1861;2
5173;31641;2;15820;1
5174;31642;3;10547;1
5175;31643;3;10547;2
5176;31645;2;15822;1
5177;31646;5;6329;1
5178;31647;53;597;6
5179;31653;2;15826;1
5180;31654;3;10551;1
5181;31655;3;10551;2
5182;31657;2;15828;1
5183;31658;31657;1;1
5184;31659;31657;1;2
5185;31661;2;15830;1
5186;31662;7;4523;1
5187;31663;31657;1;6
5188;31669;2;15834;1
5189;31670;11;2879;1
5190;31671;11;2879;2
5191;31673;2;15836;1
5192;31674;19;1667;1
5193;31675;19;1667;2
5194;31677;2;15838;1
5195;31678;3;10559;1
5196;31679;31657;1;22
5197;31701;2;15850;1
5198;31702;3;10567;1
5199;31703;3;10567;2
5200;31705;2;15852;1
5201;31706;5;6341;1
5202;31707;5;6341;2
5203;31709;2;15854;1
5204;31710;37;857;1
5205;31711;17;1865;6
5206;31717;2;15858;1
5207;31718;7;4531;1
5208;31719;7;4531;2
5209;31721;2;15860;1
5210;31722;31721;1;1
5211;31723;31721;1;2
5212;31725;2;15862;1
5213;31726;3;10575;1
5214;31727;31721;1;6
5215;31733;2;15866;1
5216;31734;13;2441;1
5217;31735;13;2441;2
5218;31737;2;15868;1
5219;31738;3;10579;1
5220;31739;3;10579;2
5221;31741;2;15870;1
5222;31742;31741;1;1
5223;31743;1163;27;342
5224;32085;2;16042;1
5225;32086;3;10695;1
5226;32087;3;10695;2
5227;32089;2;16044;1
5228;32090;32089;1;1
5229;32091;32089;1;2
5230;32093;2;16046;1
5231;32094;67;479;1
5232;32095;32089;1;6
5233;32101;2;16050;1
5234;32102;47;683;1
5235;32103;47;683;2
5236;32105;2;16052;1
5237;32106;5;6421;1
5238;32107;5;6421;2
5239;32109;2;16054;1
5240;32110;3;10703;1
5241;32111;6421;5;6
5242;32117;2;16058;1
5243;32118;32117;1;1
5244;32119;32117;1;2
5245;32121;2;16060;1
5246;32122;3;10707;1
5247;32123;3;10707;2
5248;32125;2;16062;1
5249;32126;5;6425;1
5250;32127;6421;5;22
5251;32149;2;16074;1
5252;32150;13;2473;1
5253;32151;13;2473;2
5254;32153;2;16076;1
5255;32154;11;2923;1
5256;32155;11;2923;2
5257;32157;2;16078;1
5258;32158;3;10719;1
5259;32159;11;2923;6
5260;32165;2;16082;1
5261;32166;5;6433;1
5262;32167;5;6433;2
5263;32169;2;16084;1
5264;32170;3;10723;1
5265;32171;3;10723;2
5266;32173;2;16086;1
5267;32174;32173;1;1
5268;32175;10723;3;6
5269;32181;2;16090;1
5270;32182;3;10727;1
5271;32183;3;10727;2
5272;32185;2;16092;1
5273;32186;5;6437;1
5274;32187;5;6437;2
5275;32189;2;16094;1
5276;32190;32189;1;1
5277;32191;10723;3;22
5278;32213;2;16106;1
5279;32214;32213;1;1
5280;32215;32213;1;2
5281;32217;2;16108;1
5282;32218;3;10739;1
5283;32219;3;10739;2
5284;32221;2;16110;1
5285;32222;7;4603;1
5286;32223;10739;3;6
5287;32229;2;16114;1
5288;32230;3;10743;1
5289;32231;3;10743;2
5290;32233;2;16116;1
5291;32234;32233;1;1
5292;32235;32233;1;2
5293;32237;2;16118;1
5294;32238;32237;1;1
5295;32239;32233;1;6
5296;32245;2;16122;1
5297;32246;5;6449;1
5298;32247;5;6449;2
5299;32249;2;16124;1
5300;32250;7;4607;1
5301;32251;7;4607;2
5302;32253;2;16126;1
5303;32254;3;10751;1
5304;32255;10723;3;86
5305;32341;2;16170;1
5306;32342;32341;1;1
5307;32343;32341;1;2
5308;32345;2;16172;1
5309;32346;5;6469;1
5310;32347;5;6469;2
5311;32349;2;16174;1
5312;32350;3;10783;1
5313;32351;6469;5;6
5314;32357;2;16178;1
5315;32358;13;2489;1
5316;32359;13;2489;2
5317;32361;2;16180;1
5318;32362;3;10787;1
5319;32363;3;10787;2
5320;32365;2;16182;1
5321;32366;5;6473;1
5322;32367;7;4623;6
5323;32373;2;16186;1
5324;32374;3;10791;1
5325;32375;3;10791;2
5326;32377;2;16188;1
5327;32378;32377;1;1
5328;32379;32377;1;2
5329;32381;2;16190;1
5330;32382;32381;1;1
5331;32383;23;1407;22
5332;32405;2;16202;1
5333;32406;5;6481;1
5334;32407;5;6481;2
5335;32409;2;16204;1
5336;32410;3;10803;1
5337;32411;3;10803;2
5338;32413;2;16206;1
5339;32414;32413;1;1
5340;32415;9;3601;6
5341;32421;2;16210;1
5342;32422;3;10807;1
5343;32423;3;10807;2
5344;32425;2;16212;1
5345;32426;5;6485;1
5346;32427;5;6485;2
5347;32429;2;16214;1
5348;32430;32429;1;1
5349;32431;25;1297;6
5350;32437;2;16218;1
5351;32438;163;199;1
5352;32439;163;199;2
5353;32441;2;16220;1
5354;32442;32441;1;1
5355;32443;32441;1;2
5356;32445;2;16222;1
5357;32446;3;10815;1
5358;32447;25;1297;22
5359;32469;2;16234;1
5360;32470;3;10823;1
5361;32471;3;10823;2
5362;32473;2;16236;1
5363;32474;7;4639;1
5364;32475;7;4639;2
5365;32477;2;16238;1
5366;32478;47;691;1
5367;32479;7;4639;6
5368;32485;2;16242;1
5369;32486;5;6497;1
5370;32487;5;6497;2
5371;32489;2;16244;1
5372;32490;53;613;1
5373;32491;53;613;2
5374;32493;2;16246;1
5375;32494;3;10831;1
5376;32495;53;613;6
5377;32501;2;16250;1
5378;32502;7;4643;1
5379;32503;7;4643;2
5380;32505;2;16252;1
5381;32506;3;10835;1
5382;32507;3;10835;2
5383;32509;2;16254;1
5384;32510;19;1711;1
5385;32511;1297;25;86
5386;32597;2;16298;1
5387;32598;37;881;1
5388;32599;37;881;2
5389;32601;2;16300;1
5390;32602;3;10867;1
5391;32603;3;10867;2
5392;32605;2;16302;1
5393;32606;5;6521;1
5394;32607;10867;3;6
5395;32613;2;16306;1
5396;32614;3;10871;1
5397;32615;3;10871;2
5398;32617;2;16308;1
5399;32618;13;2509;1
5400;32619;13;2509;2
5401;32621;2;16310;1
5402;32622;32621;1;1
5403;32623;13;2509;6
5404;32629;2;16314;1
5405;32630;67;487;1
5406;32631;67;487;2
5407;32633;2;16316;1
5408;32634;32633;1;1
5409;32635;32633;1;2
5410;32637;2;16318;1
5411;32638;3;10879;1
5412;32639;169;193;22
5413;32661;2;16330;1
5414;32662;3;10887;1
5415;32663;3;10887;2
5416;32665;2;16332;1
5417;32666;5;6533;1
5418;32667;5;6533;2
5419;32669;2;16334;1
5420;32670;7;4667;1
5421;32671;47;695;6
5422;32677;2;16338;1
5423;32678;41;797;1
5424;32679;41;797;2
5425;32681;2;16340;1
5426;32682;11;2971;1
5427;32683;11;2971;2
5428;32685;2;16342;1
5429;32686;3;10895;1
5430;32687;11;2971;6
5431;32693;2;16346;1
5432;32694;32693;1;1
5433;32695;32693;1;2
5434;32697;2;16348;1
5435;32698;3;10899;1
5436;32699;3;10899;2
5437;32701;2;16350;1
5438;32702;53;617;1
5439;32703;2971;11;22
5440;32725;2;16362;1
5441;32726;5;6545;1
5442;32727;5;6545;2
5443;32729;2;16364;1
5444;32730;23;1423;1
5445;32731;23;1423;2
5446;32733;2;16366;1
5447;32734;3;10911;1
5448;32735;23;1423;6
5449;32741;2;16370;1
5450;32742;29;1129;1
5451;32743;29;1129;2
5452;32745;2;16372;1
5453;32746;3;10915;1
5454;32747;3;10915;2
5455;32749;2;16374;1
5456;32750;32749;1;1
5457;32751;15;2183;6
5458;32757;2;16378;1
5459;32758;3;10919;1
5460;32759;3;10919;2
5461;32761;2;16380;1
5462;32762;181;181;1
5463;32763;181;181;2
5464;32765;2;16382;1
5465;32766;5;6553;1
5466;32767;27305;1;5462
5467;38229;2;19114;1
5468;38230;3;12743;1
5469;38231;3;12743;2
5470;38233;2;19116;1
5471;38234;13;2941;1
5472;38235;13;2941;2
5473;38237;2;19118;1
5474;38238;38237;1;1
5475;38239;13;2941;6
5476;38245;2;19122;1
5477;38246;5;7649;1
5478;38247;5;7649;2
5479;38249;2;19124;1
5480;38250;23;1663;1
5481;38251;23;1663;2
5482;38253;2;19126;1
5483;38254;3;12751;1
5484;38255;23;1663;6
5485;38261;2;19130;1
5486;38262;38261;1;1
5487;38263;38261;1;2
5488;38265;2;19132;1
5489;38266;3;12755;1
5490;38267;3;12755;2
5491;38269;2;19134;1
5492;38270;7;5467;1
5493;38271;23;1663;22
5494;38293;2;19146;1
5495;38294;149;257;1
5496;38295;149;257;2
5497;38297;2;19148;1
5498;38298;7;5471;1
5499;38299;7;5471;2
5500;38301;2;19150;1
5501;38302;3;12767;1
5502;38303;7;5471;6
5503;38309;2;19154;1
5504;38310;29;1321;1
5505;38311;29;1321;2
5506;38313;2;19156;1
5507;38314;3;12771;1
5508;38315;3;12771;2
5509;38317;2;19158;1
5510;38318;38317;1;1
5511;38319;9;4257;6
5512;38325;2;19162;1
5513;38326;3;12775;1
5514;38327;3;12775;2
5515;38329;2;19164;1
5516;38330;38329;1;1
5517;38331;38329;1;2
5518;38333;2;19166;1
5519;38334;38333;1;1
5520;38335;27;1419;22
5521;38357;2;19178;1
5522;38358;11;3487;1
5523;38359;11;3487;2
5524;38361;2;19180;1
5525;38362;3;12787;1
5526;38363;3;12787;2
5527;38365;2;19182;1
5528;38366;5;7673;1
5529;38367;19;2019;6
5530;38373;2;19186;1
5531;38374;3;12791;1
5532;38375;3;12791;2
5533;38377;2;19188;1
5534;38378;38377;1;1
5535;38379;38377;1;2
5536;38381;2;19190;1
5537;38382;7;5483;1
5538;38383;38377;1;6
5539;38389;2;19194;1
5540;38390;13;2953;1
5541;38391;13;2953;2
5542;38393;2;19196;1
5543;38394;38393;1;1
5544;38395;38393;1;2
5545;38397;2;19198;1
5546;38398;3;12799;1
5547;38399;99;387;86
5548;38485;2;19242;1
5549;38486;5;7697;1
5550;38487;5;7697;2
5551;38489;2;19244;1
5552;38490;11;3499;1
5553;38491;11;3499;2
5554;38493;2;19246;1
5555;38494;3;12831;1
5556;38495;11;3499;6
5557;38501;2;19250;1
5558;38502;38501;1;1
5559;38503;38501;1;2
5560;38505;2;19252;1
5561;38506;3;12835;1
5562;38507;3;12835;2
5563;38509;2;19254;1
5564;38510;97;397;1
5565;38511;15;2567;6
5566;38517;2;19258;1
5567;38518;3;12839;1
5568;38519;3;12839;2
5569;38521;2;19260;1
5570;38522;7;5503;1
5571;38523;7;5503;2
5572;38525;2;19262;1
5573;38526;5;7705;1
5574;38527;51;755;22
5575;38549;2;19274;1
5576;38550;7;5507;1
5577;38551;7;5507;2
5578;38553;2;19276;1
5579;38554;3;12851;1
5580;38555;3;12851;2
5581;38557;2;19278;1
5582;38558;38557;1;1
5583;38559;71;543;6
5584;38565;2;19282;1
5585;38566;3;12855;1
5586;38567;3;12855;2
5587;38569;2;19284;1
5588;38570;38569;1;1
5589;38571;38569;1;2
5590;38573;2;19286;1
5591;38574;17;2269;1
5592;38575;38569;1;6
5593;38581;2;19290;1
5594;38582;41;941;1
5595;38583;41;941;2
5596;38585;2;19292;1
5597;38586;5;7717;1
5598;38587;5;7717;2
5599;38589;2;19294;1
5600;38590;3;12863;1
5601;38591;38569;1;22
5602;38613;2;19306;1
5603;38614;3;12871;1
5604;38615;3;12871;2
5605;38617;2;19308;1
5606;38618;23;1679;1
5607;38619;23;1679;2
5608;38621;2;19310;1
5609;38622;11;3511;1
5610;38623;23;1679;6
5611;38629;2;19314;1
5612;38630;38629;1;1
5613;38631;38629;1;2
5614;38633;2;19316;1
5615;38634;7;5519;1
5616;38635;7;5519;2
5617;38637;2;19318;1
5618;38638;3;12879;1
5619;38639;7;5519;6
5620;38645;2;19322;1
5621;38646;5;7729;1
5622;38647;5;7729;2
5623;38649;2;19324;1
5624;38650;3;12883;1
5625;38651;3;12883;2
5626;38653;2;19326;1
5627;38654;38653;1;1
5628;38655;38569;1;86
5629;38741;2;19370;1
5630;38742;19;2039;1
5631;38743;19;2039;2
5632;38745;2;19372;1
5633;38746;3;12915;1
5634;38747;3;12915;2
5635;38749;2;19374;1
5636;38750;38749;1;1
5637;38751;7;5535;6
5638;38757;2;19378;1
5639;38758;3;12919;1
5640;38759;3;12919;2
5641;38761;2;19380;1
5642;38762;83;467;1
5643;38763;83;467;2
5644;38765;2;19382;1
5645;38766;5;7753;1
5646;38767;83;467;6
5647;38773;2;19386;1
5648;38774;7;5539;1
5649;38775;7;5539;2
5650;38777;2;19388;1
5651;38778;17;2281;1
5652;38779;17;2281;2
5653;38781;2;19390;1
5654;38782;3;12927;1
5655;38783;83;467;22
5656;38805;2;19402;1
5657;38806;3;12935;1
5658;38807;3;12935;2
5659;38809;2;19404;1
5660;38810;197;197;1
5661;38811;197;197;2
5662;38813;2;19406;1
5663;38814;37;1049;1
5664;38815;197;197;6
5665;38821;2;19410;1
5666;38822;38821;1;1
5667;38823;38821;1;2
5668;38825;2;19412;1
5669;38826;5;7765;1
5670;38827;5;7765;2
5671;38829;2;19414;1
5672;38830;3;12943;1
5673;38831;25;1553;6
5674;38837;2;19418;1
5675;38838;71;547;1
5676;38839;71;547;2
5677;38841;2;19420;1
5678;38842;3;12947;1
5679;38843;3;12947;2
5680;38845;2;19422;1
5681;38846;5;7769;1
5682;38847;25;1553;22
5683;38869;2;19434;1
5684;38870;47;827;1
5685;38871;47;827;2
5686;38873;2;19436;1
5687;38874;38873;1;1
5688;38875;38873;1;2
5689;38877;2;19438;1
5690;38878;3;12959;1
5691;38879;38873;1;6
5692;38885;2;19442;1
5693;38886;5;7777;1
5694;38887;5;7777;2
5695;38889;2;19444;1
5696;38890;3;12963;1
5697;38891;3;12963;2
5698;38893;2;19446;1
5699;38894;19;2047;1
5700;38895;9;4321;6
5701;38901;2;19450;1
5702;38902;3;12967;1
5703;38903;3;12967;2
5704;38905;2;19452;1
5705;38906;5;7781;1
5706;38907;5;7781;2
5707;38909;2;19454;1
5708;38910;13;2993;1
5709;38911;38569;1;342
5710;39253;2;19626;1
5711;39254;17;2309;1
5712;39255;17;2309;2
5713;39257;2;19628;1
5714;39258;37;1061;1
5715;39259;37;1061;2
5716;39261;2;19630;1
5717;39262;3;13087;1
5718;39263;37;1061;6
5719;39269;2;19634;1
5720;39270;107;367;1
5721;39271;107;367;2
5722;39273;2;19636;1
5723;39274;3;13091;1
5724;39275;3;13091;2
5725;39277;2;19638;1
5726;39278;7;5611;1
5727;39279;13;3021;6
5728;39285;2;19642;1
5729;39286;3;13095;1
5730;39287;3;13095;2
5731;39289;2;19644;1
5732;39290;101;389;1
5733;39291;101;389;2
5734;39293;2;19646;1
5735;39294;39293;1;1
5736;39295;39;1007;22
5737;39317;2;19658;1
5738;39318;39317;1;1
5739;39319;39317;1;2
5740;39321;2;19660;1
5741;39322;3;13107;1
5742;39323;3;13107;2
5743;39325;2;19662;1
5744;39326;5;7865;1
5745;39327;9;4369;6
5746;39333;2;19666;1
5747;39334;3;13111;1
5748;39335;3;13111;2
5749;39337;2;19668;1
5750;39338;139;283;1
5751;39339;139;283;2
5752;39341;2;19670;1
5753;39342;39341;1;1
5754;39343;139;283;6
5755;39349;2;19674;1
5756;39350;19;2071;1
5757;39351;19;2071;2
5758;39353;2;19676;1
5759;39354;23;1711;1
5760;39355;23;1711;2
5761;39357;2;19678;1
5762;39358;3;13119;1
5763;39359;139;283;22
5764;39381;2;19690;1
5765;39382;3;13127;1
5766;39383;3;13127;2
5767;39385;2;19692;1
5768;39386;5;7877;1
5769;39387;5;7877;2
5770;39389;2;19694;1
5771;39390;7;5627;1
5772;39391;7877;5;6
5773;39397;2;19698;1
5774;39398;39397;1;1
5775;39399;39397;1;2
5776;39401;2;19700;1
5777;39402;31;1271;1
5778;39403;31;1271;2
5779;39405;2;19702;1
5780;39406;3;13135;1
5781;39407;31;1271;6
5782;39413;2;19706;1
5783;39414;11;3583;1
5784;39415;11;3583;2
5785;39417;2;19708;1
5786;39418;3;13139;1
5787;39419;3;13139;2
5788;39421;2;19710;1
5789;39422;79;499;1
5790;39423;139;283;86
5791;39509;2;19754;1
5792;39510;39509;1;1
5793;39511;39509;1;2
5794;39513;2;19756;1
5795;39514;3;13171;1
5796;39515;3;13171;2
5797;39517;2;19758;1
5798;39518;43;919;1
5799;39519;13171;3;6
5800;39525;2;19762;1
5801;39526;3;13175;1
5802;39527;3;13175;2
5803;39529;2;19764;1
5804;39530;7;5647;1
5805;39531;7;5647;2
5806;39533;2;19766;1
5807;39534;13;3041;1
5808;39535;7;5647;6
5809;39541;2;19770;1
5810;39542;39541;1;1
5811;39543;39541;1;2
5812;39545;2;19772;1
5813;39546;5;7909;1
5814;39547;5;7909;2
5815;39549;2;19774;1
5816;39550;3;13183;1
5817;39551;5647;7;22
5818;39573;2;19786;1
5819;39574;3;13191;1
5820;39575;3;13191;2
5821;39577;2;19788;1
5822;39578;19;2083;1
5823;39579;19;2083;2
5824;39581;2;19790;1
5825;39582;39581;1;1
5826;39583;19;2083;6
5827;39589;2;19794;1
5828;39590;11;3599;1
5829;39591;11;3599;2
5830;39593;2;19796;1
5831;39594;17;2329;1
5832;39595;17;2329;2
5833;39597;2;19798;1
5834;39598;3;13199;1
5835;39599;17;2329;6
5836;39605;2;19802;1
5837;39606;5;7921;1
5838;39607;5;7921;2
5839;39609;2;19804;1
5840;39610;3;13203;1
5841;39611;3;13203;2
5842;39613;2;19806;1
5843;39614;7;5659;1
5844;39615;137;289;22
5845;39637;2;19818;1
5846;39638;13;3049;1
5847;39639;13;3049;2
5848;39641;2;19820;1
5849;39642;7;5663;1
5850;39643;7;5663;2
5851;39645;2;19822;1
5852;39646;3;13215;1
5853;39647;7;5663;6
5854;39653;2;19826;1
5855;39654;19;2087;1
5856;39655;19;2087;2
5857;39657;2;19828;1
5858;39658;3;13219;1
5859;39659;3;13219;2
5860;39661;2;19830;1
5861;39662;17;2333;1
5862;39663;13219;3;6
5863;39669;2;19834;1
5864;39670;3;13223;1
5865;39671;3;13223;2
5866;39673;2;19836;1
5867;39674;97;409;1
5868;39675;97;409;2
5869;39677;2;19838;1
5870;39678;11;3607;1
5871;39679;137;289;86
5872;39765;2;19882;1
5873;39766;3;13255;1
5874;39767;3;13255;2
5875;39769;2;19884;1
5876;39770;39769;1;1
5877;39771;39769;1;2
5878;39773;2;19886;1
5879;39774;31;1283;1
5880;39775;39769;1;6
5881;39781;2;19890;1
5882;39782;7;5683;1
5883;39783;7;5683;2
5884;39785;2;19892;1
5885;39786;5;7957;1
5886;39787;5;7957;2
5887;39789;2;19894;1
5888;39790;3;13263;1
5889;39791;73;545;6
5890;39797;2;19898;1
5891;39798;17;2341;1
5892;39799;17;2341;2
5893;39801;2;19900;1
5894;39802;3;13267;1
5895;39803;3;13267;2
5896;39805;2;19902;1
5897;39806;5;7961;1
5898;39807;73;545;22
5899;39829;2;19914;1
5900;39830;39829;1;1
5901;39831;39829;1;2
5902;39833;2;19916;1
5903;39834;61;653;1
5904;39835;61;653;2
5905;39837;2;19918;1
5906;39838;3;13279;1
5907;39839;61;653;6
5908;39845;2;19922;1
5909;39846;5;7969;1
5910;39847;5;7969;2
5911;39849;2;19924;1
5912;39850;3;13283;1
5913;39851;3;13283;2
5914;39853;2;19926;1
5915;39854;11;3623;1
5916;39855;37;1077;6
5917;39861;2;19930;1
5918;39862;3;13287;1
5919;39863;3;13287;2
5920;39865;2;19932;1
5921;39866;5;7973;1
5922;39867;5;7973;2
5923;39869;2;19934;1
5924;39870;39869;1;1
5925;39871;37;1077;22
5926;39893;2;19946;1
5927;39894;7;5699;1
5928;39895;7;5699;2
5929;39897;2;19948;1
5930;39898;3;13299;1
5931;39899;3;13299;2
5932;39901;2;19950;1
5933;39902;39901;1;1
5934;39903;9;4433;6
5935;39909;2;19954;1
5936;39910;3;13303;1
5937;39911;3;13303;2
5938;39913;2;19956;1
5939;39914;167;239;1
5940;39915;167;239;2
5941;39917;2;19958;1
5942;39918;179;223;1
5943;39919;167;239;6
5944;39925;2;19962;1
5945;39926;5;7985;1
5946;39927;5;7985;2
5947;39929;2;19964;1
5948;39930;39929;1;1
5949;39931;39929;1;2
5950;39933;2;19966;1
5951;39934;3;13311;1
5952;39935;2329;17;342
5953;40277;2;20138;1
5954;40278;40277;1;1
5955;40279;40277;1;2
5956;40281;2;20140;1
5957;40282;3;13427;1
5958;40283;3;13427;2
5959;40285;2;20142;1
5960;40286;5;8057;1
5961;40287;29;1389;6
5962;40293;2;20146;1
5963;40294;3;13431;1
5964;40295;3;13431;2
5965;40297;2;20148;1
5966;40298;59;683;1
5967;40299;59;683;2
5968;40301;2;20150;1
5969;40302;191;211;1
5970;40303;59;683;6
5971;40309;2;20154;1
5972;40310;173;233;1
5973;40311;173;233;2
5974;40313;2;20156;1
5975;40314;7;5759;1
5976;40315;7;5759;2
5977;40317;2;20158;1
5978;40318;3;13439;1
5979;40319;59;683;22
5980;40341;2;20170;1
5981;40342;3;13447;1
5982;40343;3;13447;2
5983;40345;2;20172;1
5984;40346;5;8069;1
5985;40347;5;8069;2
5986;40349;2;20174;1
5987;40350;157;257;1
5988;40351;8069;5;6
5989;40357;2;20178;1
5990;40358;40357;1;1
5991;40359;40357;1;2
5992;40361;2;20180;1
5993;40362;40361;1;1
5994;40363;40361;1;2
5995;40365;2;20182;1
5996;40366;3;13455;1
5997;40367;40361;1;6
5998;40373;2;20186;1
5999;40374;47;859;1
6000;40375;47;859;2
6001;40377;2;20188;1
6002;40378;3;13459;1
6003;40379;3;13459;2
6004;40381;2;20190;1
6005;40382;11;3671;1
6006;40383;40361;1;22
6007;40405;2;20202;1
6008;40406;5;8081;1
6009;40407;5;8081;2
6010;40409;2;20204;1
6011;40410;17;2377;1
6012;40411;17;2377;2
6013;40413;2;20206;1
6014;40414;3;13471;1
6015;40415;17;2377;6
6016;40421;2;20210;1
6017;40422;83;487;1
6018;40423;83;487;2
6019;40425;2;20212;1
6020;40426;3;13475;1
6021;40427;3;13475;2
6022;40429;2;20214;1
6023;40430;40429;1;1
6024;40431;7;5775;6
6025;40437;2;20218;1
6026;40438;3;13479;1
6027;40439;3;13479;2
6028;40441;2;20220;1
6029;40442;37;1093;1
6030;40443;37;1093;2
6031;40445;2;20222;1
6032;40446;5;8089;1
6033;40447;40361;1;86
6034;40533;2;20266;1
6035;40534;3;13511;1
6036;40535;3;13511;2
6037;40537;2;20268;1
6038;40538;7;5791;1
6039;40539;7;5791;2
6040;40541;2;20270;1
6041;40542;71;571;1
6042;40543;7;5791;6
6043;40549;2;20274;1
6044;40550;23;1763;1
6045;40551;23;1763;2
6046;40553;2;20276;1
6047;40554;107;379;1
6048;40555;107;379;2
6049;40557;2;20278;1
6050;40558;3;13519;1
6051;40559;107;379;6
6052;40565;2;20282;1
6053;40566;5;8113;1
6054;40567;5;8113;2
6055;40569;2;20284;1
6056;40570;3;13523;1
6057;40571;3;13523;2
6058;40573;2;20286;1
6059;40574;13;3121;1
6060;40575;107;379;22
6061;40597;2;20298;1
6062;40598;40597;1;1
6063;40599;40597;1;2
6064;40601;2;20300;1
6065;40602;11;3691;1
6066;40603;11;3691;2
6067;40605;2;20302;1
6068;40606;3;13535;1
6069;40607;11;3691;6
6070;40613;2;20306;1
6071;40614;17;2389;1
6072;40615;17;2389;2
6073;40617;2;20308;1
6074;40618;3;13539;1
6075;40619;3;13539;2
6076;40621;2;20310;1
6077;40622;7;5803;1
6078;40623;9;4513;6
6079;40629;2;20314;1
6080;40630;3;13543;1
6081;40631;3;13543;2
6082;40633;2;20316;1
6083;40634;179;227;1
6084;40635;179;227;2
6085;40637;2;20318;1
6086;40638;40637;1;1
6087;40639;4513;9;22
6088;40661;2;20330;1
6089;40662;73;557;1
6090;40663;73;557;2
6091;40665;2;20332;1
6092;40666;3;13555;1
6093;40667;3;13555;2
6094;40669;2;20334;1
6095;40670;67;607;1
6096;40671;15;2711;6
6097;40677;2;20338;1
6098;40678;3;13559;1
6099;40679;3;13559;2
6100;40681;2;20340;1
6101;40682;17;2393;1
6102;40683;17;2393;2
6103;40685;2;20342;1
6104;40686;5;8137;1
6105;40687;17;2393;6
6106;40693;2;20346;1
6107;40694;40693;1;1
6108;40695;40693;1;2
6109;40697;2;20348;1
6110;40698;40697;1;1
6111;40699;40697;1;2
6112;40701;2;20350;1
6113;40702;3;13567;1
6114;40703;4513;9;86
6115;40789;2;20394;1
6116;40790;7;5827;1
6117;40791;7;5827;2
6118;40793;2;20396;1
6119;40794;19;2147;1
6120;40795;19;2147;2
6121;40797;2;20398;1
6122;40798;3;13599;1
6123;40799;19;2147;6
6124;40805;2;20402;1
6125;40806;5;8161;1
6126;40807;5;8161;2
6127;40809;2;20404;1
6128;40810;3;13603;1
6129;40811;3;13603;2
6130;40813;2;20406;1
6131;40814;40813;1;1
6132;40815;61;669;6
6133;40821;2;20410;1
6134;40822;3;13607;1
6135;40823;3;13607;2
6136;40825;2;20412;1
6137;40826;5;8165;1
6138;40827;5;8165;2
6139;40829;2;20414;1
6140;40830;40829;1;1
6141;40831;61;669;22
6142;40853;2;20426;1
6143;40854;40853;1;1
6144;40855;40853;1;2
6145;40857;2;20428;1
6146;40858;3;13619;1
6147;40859;3;13619;2
6148;40861;2;20430;1
6149;40862;29;1409;1
6150;40863;13619;3;6
6151;40869;2;20434;1
6152;40870;3;13623;1
6153;40871;3;13623;2
6154;40873;2;20436;1
6155;40874;7;5839;1
6156;40875;7;5839;2
6157;40877;2;20438;1
6158;40878;41;997;1
6159;40879;7;5839;6
6160;40885;2;20442;1
6161;40886;5;8177;1
6162;40887;5;8177;2
6163;40889;2;20444;1
6164;40890;31;1319;1
6165;40891;31;1319;2
6166;40893;2;20446;1
6167;40894;3;13631;1
6168;40895;5839;7;22
6169;40917;2;20458;1
6170;40918;3;13639;1
6171;40919;3;13639;2
6172;40921;2;20460;1
6173;40922;151;271;1
6174;40923;151;271;2
6175;40925;2;20462;1
6176;40926;5;8185;1
6177;40927;151;271;6
6178;40933;2;20466;1
6179;40934;40933;1;1
6180;40935;40933;1;2
6181;40937;2;20468;1
6182;40938;13;3149;1
6183;40939;13;3149;2
6184;40941;2;20470;1
6185;40942;3;13647;1
6186;40943;13;3149;6
6187;40949;2;20474;1
6188;40950;40949;1;1
6189;40951;40949;1;2
6190;40953;2;20476;1
6191;40954;3;13651;1
6192;40955;3;13651;2
6193;40957;2;20478;1
6194;40958;7;5851;1
6195;40959;2329;17;1366
6196;42325;2;21162;1
6197;42326;5;8465;1
6198;42327;5;8465;2
6199;42329;2;21164;1
6200;42330;7;6047;1
6201;42331;7;6047;2
6202;42333;2;21166;1
6203;42334;3;14111;1
6204;42335;7;6047;6
6205;42341;2;21170;1
6206;42342;13;3257;1
6207;42343;13;3257;2
6208;42345;2;21172;1
6209;42346;3;14115;1
6210;42347;3;14115;2
6211;42349;2;21174;1
6212;42350;42349;1;1
6213;42351;9;4705;6
6214;42357;2;21178;1
6215;42358;3;14119;1
6216;42359;3;14119;2
6217;42361;2;21180;1
6218;42362;11;3851;1
6219;42363;11;3851;2
6220;42365;2;21182;1
6221;42366;5;8473;1
6222;42367;45;941;22
6223;42389;2;21194;1
6224;42390;19;2231;1
6225;42391;19;2231;2
6226;42393;2;21196;1
6227;42394;3;14131;1
6228;42395;3;14131;2
6229;42397;2;21198;1
6230;42398;42397;1;1
6231;42399;13;3261;6
6232;42405;2;21202;1
6233;42406;3;14135;1
6234;42407;3;14135;2
6235;42409;2;21204;1
6236;42410;42409;1;1
6237;42411;42409;1;2
6238;42413;2;21206;1
6239;42414;7;6059;1
6240;42415;42409;1;6
6241;42421;2;21210;1
6242;42422;59;719;1
6243;42423;59;719;2
6244;42425;2;21212;1
6245;42426;5;8485;1
6246;42427;5;8485;2
6247;42429;2;21214;1
6248;42430;3;14143;1
6249;42431;42409;1;22
6250;42453;2;21226;1
6251;42454;3;14151;1
6252;42455;3;14151;2
6253;42457;2;21228;1
6254;42458;42457;1;1
6255;42459;42457;1;2
6256;42461;2;21230;1
6257;42462;42461;1;1
6258;42463;42457;1;6
6259;42469;2;21234;1
6260;42470;7;6067;1
6261;42471;7;6067;2
6262;42473;2;21236;1
6263;42474;42473;1;1
6264;42475;42473;1;2
6265;42477;2;21238;1
6266;42478;3;14159;1
6267;42479;42473;1;6
6268;42485;2;21242;1
6269;42486;5;8497;1
6270;42487;5;8497;2
6271;42489;2;21244;1
6272;42490;3;14163;1
6273;42491;3;14163;2
6274;42493;2;21246;1
6275;42494;11;3863;1
6276;42495;42409;1;86
6277;42581;2;21290;1
6278;42582;7;6083;1
6279;42583;7;6083;2
6280;42585;2;21292;1
6281;42586;3;14195;1
6282;42587;3;14195;2
6283;42589;2;21294;1
6284;42590;42589;1;1
6285;42591;15;2839;6
6286;42597;2;21298;1
6287;42598;3;14199;1
6288;42599;3;14199;2
6289;42601;2;21300;1
6290;42602;13;3277;1
6291;42603;13;3277;2
6292;42605;2;21302;1
6293;42606;5;8521;1
6294;42607;13;3277;6
6295;42613;2;21306;1
6296;42614;43;991;1
6297;42615;43;991;2
6298;42617;2;21308;1
6299;42618;19;2243;1
6300;42619;19;2243;2
6301;42621;2;21310;1
6302;42622;3;14207;1
6303;42623;29;1469;22
6304;42645;2;21322;1
6305;42646;3;14215;1
6306;42647;3;14215;2
6307;42649;2;21324;1
6308;42650;42649;1;1
6309;42651;42649;1;2
6310;42653;2;21326;1
6311;42654;13;3281;1
6312;42655;42649;1;6
6313;42661;2;21330;1
6314;42662;37;1153;1
6315;42663;37;1153;2
6316;42665;2;21332;1
6317;42666;5;8533;1
6318;42667;5;8533;2
6319;42669;2;21334;1
6320;42670;3;14223;1
6321;42671;7;6095;6
6322;42677;2;21338;1
6323;42678;42677;1;1
6324;42679;42677;1;2
6325;42681;2;21340;1
6326;42682;3;14227;1
6327;42683;3;14227;2
6328;42685;2;21342;1
6329;42686;5;8537;1
6330;42687;23;1855;22
6331;42709;2;21354;1
6332;42710;42709;1;1
6333;42711;42709;1;2
6334;42713;2;21356;1
6335;42714;11;3883;1
6336;42715;11;3883;2
6337;42717;2;21358;1
6338;42718;3;14239;1
6339;42719;11;3883;6
6340;42725;2;21362;1
6341;42726;5;8545;1
6342;42727;5;8545;2
6343;42729;2;21364;1
6344;42730;3;14243;1
6345;42731;3;14243;2
6346;42733;2;21366;1
6347;42734;151;283;1
6348;42735;14243;3;6
6349;42741;2;21370;1
6350;42742;3;14247;1
6351;42743;3;14247;2
6352;42745;2;21372;1
6353;42746;5;8549;1
6354;42747;5;8549;2
6355;42749;2;21374;1
6356;42750;7;6107;1
6357;42751;115;371;86
6358;42837;2;21418;1
6359;42838;3;14279;1
6360;42839;3;14279;2
6361;42841;2;21420;1
6362;42842;42841;1;1
6363;42843;42841;1;2
6364;42845;2;21422;1
6365;42846;5;8569;1
6366;42847;42841;1;6
6367;42853;2;21426;1
6368;42854;42853;1;1
6369;42855;42853;1;2
6370;42857;2;21428;1
6371;42858;17;2521;1
6372;42859;17;2521;2
6373;42861;2;21430;1
6374;42862;3;14287;1
6375;42863;17;2521;6
6376;42869;2;21434;1
6377;42870;163;263;1
6378;42871;163;263;2
6379;42873;2;21436;1
6380;42874;3;14291;1
6381;42875;3;14291;2
6382;42877;2;21438;1
6383;42878;53;809;1
6384;42879;2521;17;22
6385;42901;2;21450;1
6386;42902;42901;1;1
6387;42903;42901;1;2
6388;42905;2;21452;1
6389;42906;5;8581;1
6390;42907;5;8581;2
6391;42909;2;21454;1
6392;42910;3;14303;1
6393;42911;8581;5;6
6394;42917;2;21458;1
6395;42918;7;6131;1
6396;42919;7;6131;2
6397;42921;2;21460;1
6398;42922;3;14307;1
6399;42923;3;14307;2
6400;42925;2;21462;1
6401;42926;5;8585;1
6402;42927;9;4769;6
6403;42933;2;21466;1
6404;42934;3;14311;1
6405;42935;3;14311;2
6406;42937;2;21468;1
6407;42938;42937;1;1
6408;42939;42937;1;2
6409;42941;2;21470;1
6410;42942;23;1867;1
6411;42943;57;753;22
6412;42965;2;21482;1
6413;42966;5;8593;1
6414;42967;5;8593;2
6415;42969;2;21484;1
6416;42970;3;14323;1
6417;42971;3;14323;2
6418;42973;2;21486;1
6419;42974;7;6139;1
6420;42975;14323;3;6
6421;42981;2;21490;1
6422;42982;3;14327;1
6423;42983;3;14327;2
6424;42985;2;21492;1
6425;42986;5;8597;1
6426;42987;5;8597;2
6427;42989;2;21494;1
6428;42990;42989;1;1
6429;42991;8597;5;6
6430;42997;2;21498;1
6431;42998;19;2263;1
6432;42999;19;2263;2
6433;43001;2;21500;1
6434;43002;7;6143;1
6435;43003;7;6143;2
6436;43005;2;21502;1
6437;43006;3;14335;1
6438;43007;371;115;342
6439;43349;2;21674;1
6440;43350;67;647;1
6441;43351;67;647;2
6442;43353;2;21676;1
6443;43354;3;14451;1
6444;43355;3;14451;2
6445;43357;2;21678;1
6446;43358;191;227;1
6447;43359;9;4817;6
6448;43365;2;21682;1
6449;43366;3;14455;1
6450;43367;3;14455;2
6451;43369;2;21684;1
6452;43370;31;1399;1
6453;43371;31;1399;2
6454;43373;2;21686;1
6455;43374;11;3943;1
6456;43375;31;1399;6
6457;43381;2;21690;1
6458;43382;13;3337;1
6459;43383;13;3337;2
6460;43385;2;21692;1
6461;43386;5;8677;1
6462;43387;5;8677;2
6463;43389;2;21694;1
6464;43390;3;14463;1
6465;43391;31;1399;22
6466;43413;2;21706;1
6467;43414;3;14471;1
6468;43415;3;14471;2
6469;43417;2;21708;1
6470;43418;11;3947;1
6471;43419;11;3947;2
6472;43421;2;21710;1
6473;43422;7;6203;1
6474;43423;11;3947;6
6475;43429;2;21714;1
6476;43430;137;317;1
6477;43431;137;317;2
6478;43433;2;21716;1
6479;43434;13;3341;1
6480;43435;13;3341;2
6481;43437;2;21718;1
6482;43438;3;14479;1
6483;43439;13;3341;6
6484;43445;2;21722;1
6485;43446;5;8689;1
6486;43447;5;8689;2
6487;43449;2;21724;1
6488;43450;3;14483;1
6489;43451;3;14483;2
6490;43453;2;21726;1
6491;43454;19;2287;1
6492;43455;169;257;22
6493;43477;2;21738;1
6494;43478;7;6211;1
6495;43479;7;6211;2
6496;43481;2;21740;1
6497;43482;43481;1;1
6498;43483;43481;1;2
6499;43485;2;21742;1
6500;43486;3;14495;1
6501;43487;43481;1;6
6502;43493;2;21746;1
6503;43494;23;1891;1
6504;43495;23;1891;2
6505;43497;2;21748;1
6506;43498;3;14499;1
6507;43499;3;14499;2
6508;43501;2;21750;1
6509;43502;41;1061;1
6510;43503;9;4833;6
6511;43509;2;21754;1
6512;43510;3;14503;1
6513;43511;3;14503;2
6514;43513;2;21756;1
6515;43514;53;821;1
6516;43515;53;821;2
6517;43517;2;21758;1
6518;43518;43517;1;1
6519;43519;169;257;86
6520;43605;2;21802;1
6521;43606;3;14535;1
6522;43607;3;14535;2
6523;43609;2;21804;1
6524;43610;43609;1;1
6525;43611;43609;1;2
6526;43613;2;21806;1
6527;43614;43613;1;1
6528;43615;43609;1;6
6529;43621;2;21810;1
6530;43622;181;241;1
6531;43623;181;241;2
6532;43625;2;21812;1
6533;43626;5;8725;1
6534;43627;5;8725;2
6535;43629;2;21814;1
6536;43630;3;14543;1
6537;43631;25;1745;6
6538;43637;2;21818;1
6539;43638;11;3967;1
6540;43639;11;3967;2
6541;43641;2;21820;1
6542;43642;3;14547;1
6543;43643;3;14547;2
6544;43645;2;21822;1
6545;43646;5;8729;1
6546;43647;25;1745;22
6547;43669;2;21834;1
6548;43670;43669;1;1
6549;43671;43669;1;2
6550;43673;2;21836;1
6551;43674;7;6239;1
6552;43675;7;6239;2
6553;43677;2;21838;1
6554;43678;3;14559;1
6555;43679;7;6239;6
6556;43685;2;21842;1
6557;43686;5;8737;1
6558;43687;5;8737;2
6559;43689;2;21844;1
6560;43690;3;14563;1
6561;43691;3;14563;2
6562;43693;2;21846;1
6563;43694;13;3361;1
6564;43695;14563;3;6
6565;43701;2;21850;1
6566;43702;3;14567;1
6567;43703;3;14567;2
6568;43705;2;21852;1
6569;43706;5;8741;1
6570;43707;5;8741;2
6571;43709;2;21854;1
6572;43710;109;401;1
6573;43711;14563;3;22
6574;43733;2;21866;1
6575;43734;101;433;1
6576;43735;101;433;2
6577;43737;2;21868;1
6578;43738;3;14579;1
6579;43739;3;14579;2
6580;43741;2;21870;1
6581;43742;17;2573;1
6582;43743;61;717;6
6583;43749;2;21874;1
6584;43750;3;14583;1
6585;43751;3;14583;2
6586;43753;2;21876;1
6587;43754;43753;1;1
6588;43755;43753;1;2
6589;43757;2;21878;1
6590;43758;7;6251;1
6591;43759;43753;1;6
6592;43765;2;21882;1
6593;43766;5;8753;1
6594;43767;5;8753;2
6595;43769;2;21884;1
6596;43770;11;3979;1
6597;43771;11;3979;2
6598;43773;2;21886;1
6599;43774;3;14591;1
6600;43775;14563;3;86
6601;43861;2;21930;1
6602;43862;23;1907;1
6603;43863;23;1907;2
6604;43865;2;21932;1
6605;43866;5;8773;1
6606;43867;5;8773;2
6607;43869;2;21934;1
6608;43870;3;14623;1
6609;43871;31;1415;6
6610;43877;2;21938;1
6611;43878;17;2581;1
6612;43879;17;2581;2
6613;43881;2;21940;1
6614;43882;3;14627;1
6615;43883;3;14627;2
6616;43885;2;21942;1
6617;43886;5;8777;1
6618;43887;14627;3;6
6619;43893;2;21946;1
6620;43894;3;14631;1
6621;43895;3;14631;2
6622;43897;2;21948;1
6623;43898;7;6271;1
6624;43899;7;6271;2
6625;43901;2;21950;1
6626;43902;11;3991;1
6627;43903;14627;3;22
6628;43925;2;21962;1
6629;43926;5;8785;1
6630;43927;5;8785;2
6631;43929;2;21964;1
6632;43930;3;14643;1
6633;43931;3;14643;2
6634;43933;2;21966;1
6635;43934;43933;1;1
6636;43935;9;4881;6
6637;43941;2;21970;1
6638;43942;3;14647;1
6639;43943;3;14647;2
6640;43945;2;21972;1
6641;43946;5;8789;1
6642;43947;5;8789;2
6643;43949;2;21974;1
6644;43950;71;619;1
6645;43951;11;3995;6
6646;43957;2;21978;1
6647;43958;113;389;1
6648;43959;113;389;2
6649;43961;2;21980;1
6650;43962;43961;1;1
6651;43963;43961;1;2
6652;43965;2;21982;1
6653;43966;3;14655;1
6654;43967;47;935;22
6655;43989;2;21994;1
6656;43990;3;14663;1
6657;43991;3;14663;2
6658;43993;2;21996;1
6659;43994;29;1517;1
6660;43995;29;1517;2
6661;43997;2;21998;1
6662;43998;43997;1;1
6663;43999;29;1517;6
6664;44005;2;22002;1
6665;44006;5;8801;1
6666;44007;5;8801;2
6667;44009;2;22004;1
6668;44010;7;6287;1
6669;44011;7;6287;2
6670;44013;2;22006;1
6671;44014;3;14671;1
6672;44015;7;6287;6
6673;44021;2;22010;1
6674;44022;44021;1;1
6675;44023;44021;1;2
6676;44025;2;22012;1
6677;44026;3;14675;1
6678;44027;3;14675;2
6679;44029;2;22014;1
6680;44030;44029;1;1
6681;44031;14563;3;342
6682;44373;2;22186;1
6683;44374;3;14791;1
6684;44375;3;14791;2
6685;44377;2;22188;1
6686;44378;199;223;1
6687;44379;199;223;2
6688;44381;2;22190;1
6689;44382;44381;1;1
6690;44383;199;223;6
6691;44389;2;22194;1
6692;44390;44389;1;1
6693;44391;44389;1;2
6694;44393;2;22196;1
6695;44394;103;431;1
6696;44395;103;431;2
6697;44397;2;22198;1
6698;44398;3;14799;1
6699;44399;103;431;6
6700;44405;2;22202;1
6701;44406;5;8881;1
6702;44407;5;8881;2
6703;44409;2;22204;1
6704;44410;3;14803;1
6705;44411;3;14803;2
6706;44413;2;22206;1
6707;44414;23;1931;1
6708;44415;103;431;22
6709;44437;2;22218;1
6710;44438;37;1201;1
6711;44439;37;1201;2
6712;44441;2;22220;1
6713;44442;19;2339;1
6714;44443;19;2339;2
6715;44445;2;22222;1
6716;44446;3;14815;1
6717;44447;19;2339;6
6718;44453;2;22226;1
6719;44454;44453;1;1
6720;44455;44453;1;2
6721;44457;2;22228;1
6722;44458;3;14819;1
6723;44459;3;14819;2
6724;44461;2;22230;1
6725;44462;173;257;1
6726;44463;7;6351;6
6727;44469;2;22234;1
6728;44470;3;14823;1
6729;44471;3;14823;2
6730;44473;2;22236;1
6731;44474;11;4043;1
6732;44475;11;4043;2
6733;44477;2;22238;1
6734;44478;79;563;1
6735;44479;29;1533;22
6736;44501;2;22250;1
6737;44502;44501;1;1
6738;44503;44501;1;2
6739;44505;2;22252;1
6740;44506;3;14835;1
6741;44507;3;14835;2
6742;44509;2;22254;1
6743;44510;47;947;1
6744;44511;9;4945;6
6745;44517;2;22258;1
6746;44518;3;14839;1
6747;44519;3;14839;2
6748;44521;2;22260;1
6749;44522;211;211;1
6750;44523;211;211;2
6751;44525;2;22262;1
6752;44526;5;8905;1
6753;44527;211;211;6
6754;44533;2;22266;1
6755;44534;44533;1;1
6756;44535;44533;1;2
6757;44537;2;22268;1
6758;44538;44537;1;1
6759;44539;44537;1;2
6760;44541;2;22270;1
6761;44542;3;14847;1
6762;44543;87;511;86
6763;44629;2;22314;1
6764;44630;13;3433;1
6765;44631;13;3433;2
6766;44633;2;22316;1
6767;44634;44633;1;1
6768;44635;44633;1;2
6769;44637;2;22318;1
6770;44638;3;14879;1
6771;44639;44633;1;6
6772;44645;2;22322;1
6773;44646;5;8929;1
6774;44647;5;8929;2
6775;44649;2;22324;1
6776;44650;3;14883;1
6777;44651;3;14883;2
6778;44653;2;22326;1
6779;44654;7;6379;1
6780;44655;9;4961;6
6781;44661;2;22330;1
6782;44662;3;14887;1
6783;44663;3;14887;2
6784;44665;2;22332;1
6785;44666;5;8933;1
6786;44667;5;8933;2
6787;44669;2;22334;1
6788;44670;19;2351;1
6789;44671;33;1353;22
6790;44693;2;22346;1
6791;44694;11;4063;1
6792;44695;11;4063;2
6793;44697;2;22348;1
6794;44698;3;14899;1
6795;44699;3;14899;2
6796;44701;2;22350;1
6797;44702;44701;1;1
6798;44703;47;951;6
6799;44709;2;22354;1
6800;44710;3;14903;1
6801;44711;3;14903;2
6802;44713;2;22356;1
6803;44714;61;733;1
6804;44715;61;733;2
6805;44717;2;22358;1
6806;44718;97;461;1
6807;44719;61;733;6
6808;44725;2;22362;1
6809;44726;5;8945;1
6810;44727;5;8945;2
6811;44729;2;22364;1
6812;44730;44729;1;1
6813;44731;44729;1;2
6814;44733;2;22366;1
6815;44734;3;14911;1
6816;44735;61;733;22
6817;44757;2;22378;1
6818;44758;3;14919;1
6819;44759;3;14919;2
6820;44761;2;22380;1
6821;44762;17;2633;1
6822;44763;17;2633;2
6823;44765;2;22382;1
6824;44766;5;8953;1
6825;44767;17;2633;6
6826;44773;2;22386;1
6827;44774;44773;1;1
6828;44775;44773;1;2
6829;44777;2;22388;1
6830;44778;44777;1;1
6831;44779;44777;1;2
6832;44781;2;22390;1
6833;44782;3;14927;1
6834;44783;44777;1;6
6835;44789;2;22394;1
6836;44790;44789;1;1
6837;44791;44789;1;2
6838;44793;2;22396;1
6839;44794;3;14931;1
6840;44795;3;14931;2
6841;44797;2;22398;1
6842;44798;44797;1;1
6843;44799;733;61;86
6844;44885;2;22442;1
6845;44886;5;8977;1
6846;44887;5;8977;2
6847;44889;2;22444;1
6848;44890;3;14963;1
6849;44891;3;14963;2
6850;44893;2;22446;1
6851;44894;44893;1;1
6852;44895;13;3453;6
6853;44901;2;22450;1
6854;44902;3;14967;1
6855;44903;3;14967;2
6856;44905;2;22452;1
6857;44906;5;8981;1
6858;44907;5;8981;2
6859;44909;2;22454;1
6860;44910;44909;1;1
6861;44911;7;6415;6
6862;44917;2;22458;1
6863;44918;44917;1;1
6864;44919;44917;1;2
6865;44921;2;22460;1
6866;44922;29;1549;1
6867;44923;29;1549;2
6868;44925;2;22462;1
6869;44926;3;14975;1
6870;44927;35;1283;22
6871;44949;2;22474;1
6872;44950;3;14983;1
6873;44951;3;14983;2
6874;44953;2;22476;1
6875;44954;44953;1;1
6876;44955;44953;1;2
6877;44957;2;22478;1
6878;44958;11;4087;1
6879;44959;44953;1;6
6880;44965;2;22482;1
6881;44966;5;8993;1
6882;44967;5;8993;2
6883;44969;2;22484;1
6884;44970;193;233;1
6885;44971;193;233;2
6886;44973;2;22486;1
6887;44974;3;14991;1
6888;44975;193;233;6
6889;44981;2;22490;1
6890;44982;31;1451;1
6891;44983;31;1451;2
6892;44985;2;22492;1
6893;44986;3;14995;1
6894;44987;3;14995;2
6895;44989;2;22494;1
6896;44990;7;6427;1
6897;44991;193;233;22
6898;45013;2;22506;1
6899;45014;45013;1;1
6900;45015;45013;1;2
6901;45017;2;22508;1
6902;45018;7;6431;1
6903;45019;7;6431;2
6904;45021;2;22510;1
6905;45022;3;15007;1
6906;45023;7;6431;6
6907;45029;2;22514;1
6908;45030;37;1217;1
6909;45031;37;1217;2
6910;45033;2;22516;1
6911;45034;3;15011;1
6912;45035;3;15011;2
6913;45037;2;22518;1
6914;45038;29;1553;1
6915;45039;17;2649;6
6916;45045;2;22522;1
6917;45046;3;15015;1
6918;45047;3;15015;2
6919;45049;2;22524;1
6920;45050;19;2371;1
6921;45051;19;2371;2
6922;45053;2;22526;1
6923;45054;45053;1;1
6924;45055;14563;3;1366
6925;46421;2;23210;1
6926;46422;61;761;1
6927;46423;61;761;2
6928;46425;2;23212;1
6929;46426;3;15475;1
6930;46427;3;15475;2
6931;46429;2;23214;1
6932;46430;29;1601;1
6933;46431;15;3095;6
6934;46437;2;23218;1
6935;46438;3;15479;1
6936;46439;3;15479;2
6937;46441;2;23220;1
6938;46442;46441;1;1
6939;46443;46441;1;2
6940;46445;2;23222;1
6941;46446;5;9289;1
6942;46447;46441;1;6
6943;46453;2;23226;1
6944;46454;11;4223;1
6945;46455;11;4223;2
6946;46457;2;23228;1
6947;46458;46457;1;1
6948;46459;46457;1;2
6949;46461;2;23230;1
6950;46462;3;15487;1
6951;46463;46441;1;22
6952;46485;2;23242;1
6953;46486;3;15495;1
6954;46487;3;15495;2
6955;46489;2;23244;1
6956;46490;46489;1;1
6957;46491;46489;1;2
6958;46493;2;23246;1
6959;46494;19;2447;1
6960;46495;46489;1;6
6961;46501;2;23250;1
6962;46502;7;6643;1
6963;46503;7;6643;2
6964;46505;2;23252;1
6965;46506;5;9301;1
6966;46507;5;9301;2
6967;46509;2;23254;1
6968;46510;3;15503;1
6969;46511;71;655;6
6970;46517;2;23258;1
6971;46518;181;257;1
6972;46519;181;257;2
6973;46521;2;23260;1
6974;46522;3;15507;1
6975;46523;3;15507;2
6976;46525;2;23262;1
6977;46526;5;9305;1
6978;46527;71;655;22
6979;46549;2;23274;1
6980;46550;46549;1;1
6981;46551;46549;1;2
6982;46553;2;23276;1
6983;46554;13;3581;1
6984;46555;13;3581;2
6985;46557;2;23278;1
6986;46558;3;15519;1
6987;46559;13;3581;6
6988;46565;2;23282;1
6989;46566;5;9313;1
6990;46567;5;9313;2
6991;46569;2;23284;1
6992;46570;3;15523;1
6993;46571;3;15523;2
6994;46573;2;23286;1
6995;46574;46573;1;1
6996;46575;19;2451;6
6997;46581;2;23290;1
6998;46582;3;15527;1
6999;46583;3;15527;2
7000;46585;2;23292;1
7001;46586;5;9317;1
7002;46587;5;9317;2
7003;46589;2;23294;1
7004;46590;46589;1;1
7005;46591;131;355;86
7006;46677;2;23338;1
7007;46678;3;15559;1
7008;46679;3;15559;2
7009;46681;2;23340;1
7010;46682;46681;1;1
7011;46683;46681;1;2
7012;46685;2;23342;1
7013;46686;5;9337;1
7014;46687;46681;1;6
7015;46693;2;23346;1
7016;46694;53;881;1
7017;46695;53;881;2
7018;46697;2;23348;1
7019;46698;7;6671;1
7020;46699;7;6671;2
7021;46701;2;23350;1
7022;46702;3;15567;1
7023;46703;7;6671;6
7024;46709;2;23354;1
7025;46710;13;3593;1
7026;46711;13;3593;2
7027;46713;2;23356;1
7028;46714;3;15571;1
7029;46715;3;15571;2
7030;46717;2;23358;1
7031;46718;11;4247;1
7032;46719;49;953;22
7033;46741;2;23370;1
7034;46742;43;1087;1
7035;46743;43;1087;2
7036;46745;2;23372;1
7037;46746;5;9349;1
7038;46747;5;9349;2
7039;46749;2;23374;1
7040;46750;3;15583;1
7041;46751;9349;5;6
7042;46757;2;23378;1
7043;46758;46757;1;1
7044;46759;46757;1;2
7045;46761;2;23380;1
7046;46762;3;15587;1
7047;46763;3;15587;2
7048;46765;2;23382;1
7049;46766;5;9353;1
7050;46767;11;4251;6
7051;46773;2;23386;1
7052;46774;3;15591;1
7053;46775;3;15591;2
7054;46777;2;23388;1
7055;46778;29;1613;1
7056;46779;29;1613;2
7057;46781;2;23390;1
7058;46782;7;6683;1
7059;46783;33;1417;22
7060;46805;2;23402;1
7061;46806;5;9361;1
7062;46807;5;9361;2
7063;46809;2;23404;1
7064;46810;3;15603;1
7065;46811;3;15603;2
7066;46813;2;23406;1
7067;46814;13;3601;1
7068;46815;7;6687;6
7069;46821;2;23410;1
7070;46822;3;15607;1
7071;46823;3;15607;2
7072;46825;2;23412;1
7073;46826;5;9365;1
7074;46827;5;9365;2
7075;46829;2;23414;1
7076;46830;46829;1;1
7077;46831;25;1873;6
7078;46837;2;23418;1
7079;46838;7;6691;1
7080;46839;7;6691;2
7081;46841;2;23420;1
7082;46842;31;1511;1
7083;46843;31;1511;2
7084;46845;2;23422;1
7085;46846;3;15615;1
7086;46847;109;429;86
7087;46933;2;23466;1
7088;46934;46933;1;1
7089;46935;46933;1;2
7090;46937;2;23468;1
7091;46938;11;4267;1
7092;46939;11;4267;2
7093;46941;2;23470;1
7094;46942;3;15647;1
7095;46943;11;4267;6
7096;46949;2;23474;1
7097;46950;7;6707;1
7098;46951;7;6707;2
7099;46953;2;23476;1
7100;46954;3;15651;1
7101;46955;3;15651;2
7102;46957;2;23478;1
7103;46958;46957;1;1
7104;46959;9;5217;6
7105;46965;2;23482;1
7106;46966;3;15655;1
7107;46967;3;15655;2
7108;46969;2;23484;1
7109;46970;13;3613;1
7110;46971;13;3613;2
7111;46973;2;23486;1
7112;46974;107;439;1
7113;46975;27;1739;22
7114;46997;2;23498;1
7115;46998;46997;1;1
7116;46999;46997;1;2
7117;47001;2;23500;1
7118;47002;3;15667;1
7119;47003;3;15667;2
7120;47005;2;23502;1
7121;47006;5;9401;1
7122;47007;15667;3;6
7123;47013;2;23506;1
7124;47014;3;15671;1
7125;47015;3;15671;2
7126;47017;2;23508;1
7127;47018;47017;1;1
7128;47019;47017;1;2
7129;47021;2;23510;1
7130;47022;13;3617;1
7131;47023;47017;1;6
7132;47029;2;23514;1
7133;47030;131;359;1
7134;47031;131;359;2
7135;47033;2;23516;1
7136;47034;7;6719;1
7137;47035;7;6719;2
7138;47037;2;23518;1
7139;47038;3;15679;1
7140;47039;47017;1;22
7141;47061;2;23530;1
7142;47062;3;15687;1
7143;47063;3;15687;2
7144;47065;2;23532;1
7145;47066;5;9413;1
7146;47067;5;9413;2
7147;47069;2;23534;1
7148;47070;11;4279;1
7149;47071;9413;5;6
7150;47077;2;23538;1
7151;47078;179;263;1
7152;47079;179;263;2
7153;47081;2;23540;1
7154;47082;23;2047;1
7155;47083;23;2047;2
7156;47085;2;23542;1
7157;47086;3;15695;1
7158;47087;23;2047;6
7159;47093;2;23546;1
7160;47094;47093;1;1
7161;47095;47093;1;2
7162;47097;2;23548;1
7163;47098;3;15699;1
7164;47099;3;15699;2
7165;47101;2;23550;1
7166;47102;19;2479;1
7167;47103;429;109;342
7168;47445;2;23722;1
7169;47446;3;15815;1
7170;47447;3;15815;2
7171;47449;2;23724;1
7172;47450;23;2063;1
7173;47451;23;2063;2
7174;47453;2;23726;1
7175;47454;7;6779;1
7176;47455;23;2063;6
7177;47461;2;23730;1
7178;47462;31;1531;1
7179;47463;31;1531;2
7180;47465;2;23732;1
7181;47466;5;9493;1
7182;47467;5;9493;2
7183;47469;2;23734;1
7184;47470;3;15823;1
7185;47471;11;4315;6
7186;47477;2;23738;1
7187;47478;197;241;1
7188;47479;197;241;2
7189;47481;2;23740;1
7190;47482;3;15827;1
7191;47483;3;15827;2
7192;47485;2;23742;1
7193;47486;5;9497;1
7194;47487;55;863;22
7195;47509;2;23754;1
7196;47510;7;6787;1
7197;47511;7;6787;2
7198;47513;2;23756;1
7199;47514;47513;1;1
7200;47515;47513;1;2
7201;47517;2;23758;1
7202;47518;3;15839;1
7203;47519;47513;1;6
7204;47525;2;23762;1
7205;47526;5;9505;1
7206;47527;5;9505;2
7207;47529;2;23764;1
7208;47530;3;15843;1
7209;47531;3;15843;2
7210;47533;2;23766;1
7211;47534;47533;1;1
7212;47535;9;5281;6
7213;47541;2;23770;1
7214;47542;3;15847;1
7215;47543;3;15847;2
7216;47545;2;23772;1
7217;47546;5;9509;1
7218;47547;5;9509;2
7219;47549;2;23774;1
7220;47550;17;2797;1
7221;47551;5281;9;22
7222;47573;2;23786;1
7223;47574;113;421;1
7224;47575;113;421;2
7225;47577;2;23788;1
7226;47578;3;15859;1
7227;47579;3;15859;2
7228;47581;2;23790;1
7229;47582;47581;1;1
7230;47583;15859;3;6
7231;47589;2;23794;1
7232;47590;3;15863;1
7233;47591;3;15863;2
7234;47593;2;23796;1
7235;47594;7;6799;1
7236;47595;7;6799;2
7237;47597;2;23798;1
7238;47598;11;4327;1
7239;47599;7;6799;6
7240;47605;2;23802;1
7241;47606;5;9521;1
7242;47607;5;9521;2
7243;47609;2;23804;1
7244;47610;47609;1;1
7245;47611;47609;1;2
7246;47613;2;23806;1
7247;47614;3;15871;1
7248;47615;5281;9;86
7249;47701;2;23850;1
7250;47702;47701;1;1
7251;47703;47701;1;2
7252;47705;2;23852;1
7253;47706;5;9541;1
7254;47707;5;9541;2
7255;47709;2;23854;1
7256;47710;3;15903;1
7257;47711;7;6815;6
7258;47717;2;23858;1
7259;47718;47717;1;1
7260;47719;47717;1;2
7261;47721;2;23860;1
7262;47722;3;15907;1
7263;47723;3;15907;2
7264;47725;2;23862;1
7265;47726;5;9545;1
7266;47727;15907;3;6
7267;47733;2;23866;1
7268;47734;3;15911;1
7269;47735;3;15911;2
7270;47737;2;23868;1
7271;47738;47737;1;1
7272;47739;47737;1;2
7273;47741;2;23870;1
7274;47742;47741;1;1
7275;47743;15907;3;22
7276;47765;2;23882;1
7277;47766;5;9553;1
7278;47767;5;9553;2
7279;47769;2;23884;1
7280;47770;3;15923;1
7281;47771;3;15923;2
7282;47773;2;23886;1
7283;47774;11;4343;1
7284;47775;15923;3;6
7285;47781;2;23890;1
7286;47782;3;15927;1
7287;47783;3;15927;2
7288;47785;2;23892;1
7289;47786;5;9557;1
7290;47787;5;9557;2
7291;47789;2;23894;1
7292;47790;7;6827;1
7293;47791;19;2515;6
7294;47797;2;23898;1
7295;47798;47797;1;1
7296;47799;47797;1;2
7297;47801;2;23900;1
7298;47802;13;3677;1
7299;47803;13;3677;2
7300;47805;2;23902;1
7301;47806;3;15935;1
7302;47807;95;503;22
7303;47829;2;23914;1
7304;47830;3;15943;1
7305;47831;3;15943;2
7306;47833;2;23916;1
7307;47834;31;1543;1
7308;47835;31;1543;2
7309;47837;2;23918;1
7310;47838;47837;1;1
7311;47839;31;1543;6
7312;47845;2;23922;1
7313;47846;5;9569;1
7314;47847;5;9569;2
7315;47849;2;23924;1
7316;47850;59;811;1
7317;47851;59;811;2
7318;47853;2;23926;1
7319;47854;3;15951;1
7320;47855;59;811;6
7321;47861;2;23930;1
7322;47862;11;4351;1
7323;47863;11;4351;2
7324;47865;2;23932;1
7325;47866;3;15955;1
7326;47867;3;15955;2
7327;47869;2;23934;1
7328;47870;47869;1;1
7329;47871;95;503;86
7330;47957;2;23978;1
7331;47958;7;6851;1
7332;47959;7;6851;2
7333;47961;2;23980;1
7334;47962;3;15987;1
7335;47963;3;15987;2
7336;47965;2;23982;1
7337;47966;5;9593;1
7338;47967;9;5329;6
7339;47973;2;23986;1
7340;47974;3;15991;1
7341;47975;3;15991;2
7342;47977;2;23988;1
7343;47978;47977;1;1
7344;47979;47977;1;2
7345;47981;2;23990;1
7346;47982;47981;1;1
7347;47983;47977;1;6
7348;47989;2;23994;1
7349;47990;37;1297;1
7350;47991;37;1297;2
7351;47993;2;23996;1
7352;47994;11;4363;1
7353;47995;11;4363;2
7354;47997;2;23998;1
7355;47998;3;15999;1
7356;47999;47977;1;22
7357;48021;2;24010;1
7358;48022;3;16007;1
7359;48023;3;16007;2
7360;48025;2;24012;1
7361;48026;5;9605;1
7362;48027;5;9605;2
7363;48029;2;24014;1
7364;48030;48029;1;1
7365;48031;17;2825;6
7366;48037;2;24018;1
7367;48038;11;4367;1
7368;48039;11;4367;2
7369;48041;2;24020;1
7370;48042;7;6863;1
7371;48043;7;6863;2
7372;48045;2;24022;1
7373;48046;3;16015;1
7374;48047;7;6863;6
7375;48053;2;24026;1
7376;48054;29;1657;1
7377;48055;29;1657;2
7378;48057;2;24028;1
7379;48058;3;16019;1
7380;48059;3;16019;2
7381;48061;2;24030;1
7382;48062;13;3697;1
7383;48063;6863;7;22
7384;48085;2;24042;1
7385;48086;5;9617;1
7386;48087;5;9617;2
7387;48089;2;24044;1
7388;48090;19;2531;1
7389;48091;19;2531;2
7390;48093;2;24046;1
7391;48094;3;16031;1
7392;48095;19;2531;6
7393;48101;2;24050;1
7394;48102;103;467;1
7395;48103;103;467;2
7396;48105;2;24052;1
7397;48106;3;16035;1
7398;48107;3;16035;2
7399;48109;2;24054;1
7400;48110;48109;1;1
7401;48111;9;5345;6
7402;48117;2;24058;1
7403;48118;3;16039;1
7404;48119;3;16039;2
7405;48121;2;24060;1
7406;48122;48121;1;1
7407;48123;48121;1;2
7408;48125;2;24062;1
7409;48126;5;9625;1
7410;48127;503;95;342
7411;48469;2;24234;1
7412;48470;19;2551;1
7413;48471;19;2551;2
7414;48473;2;24236;1
7415;48474;48473;1;1
7416;48475;48473;1;2
7417;48477;2;24238;1
7418;48478;3;16159;1
7419;48479;48473;1;6
7420;48485;2;24242;1
7421;48486;5;9697;1
7422;48487;5;9697;2
7423;48489;2;24244;1
7424;48490;3;16163;1
7425;48491;3;16163;2
7426;48493;2;24246;1
7427;48494;71;683;1
7428;48495;7;6927;6
7429;48501;2;24250;1
7430;48502;3;16167;1
7431;48503;3;16167;2
7432;48505;2;24252;1
7433;48506;5;9701;1
7434;48507;5;9701;2
7435;48509;2;24254;1
7436;48510;179;271;1
7437;48511;2309;21;22
7438;48533;2;24266;1
7439;48534;48533;1;1
7440;48535;48533;1;2
7441;48537;2;24268;1
7442;48538;3;16179;1
7443;48539;3;16179;2
7444;48541;2;24270;1
7445;48542;48541;1;1
7446;48543;9;5393;6
7447;48549;2;24274;1
7448;48550;3;16183;1
7449;48551;3;16183;2
7450;48553;2;24276;1
7451;48554;23;2111;1
7452;48555;23;2111;2
7453;48557;2;24278;1
7454;48558;59;823;1
7455;48559;23;2111;6
7456;48565;2;24282;1
7457;48566;5;9713;1
7458;48567;5;9713;2
7459;48569;2;24284;1
7460;48570;17;2857;1
7461;48571;17;2857;2
7462;48573;2;24286;1
7463;48574;3;16191;1
7464;48575;23;2111;22
7465;48597;2;24298;1
7466;48598;3;16199;1
7467;48599;3;16199;2
7468;48601;2;24300;1
7469;48602;7;6943;1
7470;48603;7;6943;2
7471;48605;2;24302;1
7472;48606;5;9721;1
7473;48607;7;6943;6
7474;48613;2;24306;1
7475;48614;173;281;1
7476;48615;173;281;2
7477;48617;2;24308;1
7478;48618;61;797;1
7479;48619;61;797;2
7480;48621;2;24310;1
7481;48622;3;16207;1
7482;48623;61;797;6
7483;48629;2;24314;1
7484;48630;7;6947;1
7485;48631;7;6947;2
7486;48633;2;24316;1
7487;48634;3;16211;1
7488;48635;3;16211;2
7489;48637;2;24318;1
7490;48638;17;2861;1
7491;48639;2111;23;86
7492;48725;2;24362;1
7493;48726;5;9745;1
7494;48727;5;9745;2
7495;48729;2;24364;1
7496;48730;3;16243;1
7497;48731;3;16243;2
7498;48733;2;24366;1
7499;48734;48733;1;1
7500;48735;37;1317;6
7501;48741;2;24370;1
7502;48742;3;16247;1
7503;48743;3;16247;2
7504;48745;2;24372;1
7505;48746;5;9749;1
7506;48747;5;9749;2
7507;48749;2;24374;1
7508;48750;29;1681;1
7509;48751;9749;5;6
7510;48757;2;24378;1
7511;48758;48757;1;1
7512;48759;48757;1;2
7513;48761;2;24380;1
7514;48762;48761;1;1
7515;48763;48761;1;2
7516;48765;2;24382;1
7517;48766;3;16255;1
7518;48767;9749;5;22
7519;48789;2;24394;1
7520;48790;3;16263;1
7521;48791;3;16263;2
7522;48793;2;24396;1
7523;48794;59;827;1
7524;48795;59;827;2
7525;48797;2;24398;1
7526;48798;7;6971;1
7527;48799;59;827;6
7528;48805;2;24402;1
7529;48806;5;9761;1
7530;48807;5;9761;2
7531;48809;2;24404;1
7532;48810;48809;1;1
7533;48811;48809;1;2
7534;48813;2;24406;1
7535;48814;3;16271;1
7536;48815;48809;1;6
7537;48821;2;24410;1
7538;48822;48821;1;1
7539;48823;48821;1;2
7540;48825;2;24412;1
7541;48826;3;16275;1
7542;48827;3;16275;2
7543;48829;2;24414;1
7544;48830;11;4439;1
7545;48831;48809;1;22
7546;48853;2;24426;1
7547;48854;7;6979;1
7548;48855;7;6979;2
7549;48857;2;24428;1
7550;48858;48857;1;1
7551;48859;48857;1;2
7552;48861;2;24430;1
7553;48862;3;16287;1
7554;48863;48857;1;6
7555;48869;2;24434;1
7556;48870;48869;1;1
7557;48871;48869;1;2
7558;48873;2;24436;1
7559;48874;3;16291;1
7560;48875;3;16291;2
7561;48877;2;24438;1
7562;48878;37;1321;1
7563;48879;11;4443;6
7564;48885;2;24442;1
7565;48886;3;16295;1
7566;48887;3;16295;2
7567;48889;2;24444;1
7568;48890;48889;1;1
7569;48891;48889;1;2
7570;48893;2;24446;1
7571;48894;13;3761;1
7572;48895;48809;1;86
7573;48981;2;24490;1
7574;48982;3;16327;1
7575;48983;3;16327;2
7576;48985;2;24492;1
7577;48986;5;9797;1
7578;48987;5;9797;2
7579;48989;2;24494;1
7580;48990;48989;1;1
7581;48991;97;505;6
7582;48997;2;24498;1
7583;48998;13;3769;1
7584;48999;13;3769;2
7585;49001;2;24500;1
7586;49002;19;2579;1
7587;49003;19;2579;2
7588;49005;2;24502;1
7589;49006;3;16335;1
7590;49007;19;2579;6
7591;49013;2;24506;1
7592;49014;23;2131;1
7593;49015;23;2131;2
7594;49017;2;24508;1
7595;49018;3;16339;1
7596;49019;3;16339;2
7597;49021;2;24510;1
7598;49022;7;7003;1
7599;49023;2579;19;22
7600;49045;2;24522;1
7601;49046;5;9809;1
7602;49047;5;9809;2
7603;49049;2;24524;1
7604;49050;7;7007;1
7605;49051;7;7007;2
7606;49053;2;24526;1
7607;49054;3;16351;1
7608;49055;7;7007;6
7609;49061;2;24530;1
7610;49062;71;691;1
7611;49063;71;691;2
7612;49065;2;24532;1
7613;49066;3;16355;1
7614;49067;3;16355;2
7615;49069;2;24534;1
7616;49070;49069;1;1
7617;49071;15;3271;6
7618;49077;2;24538;1
7619;49078;3;16359;1
7620;49079;3;16359;2
7621;49081;2;24540;1
7622;49082;49081;1;1
7623;49083;49081;1;2
7624;49085;2;24542;1
7625;49086;5;9817;1
7626;49087;3271;15;22
7627;49109;2;24554;1
7628;49110;49109;1;1
7629;49111;49109;1;2
7630;49113;2;24556;1
7631;49114;3;16371;1
7632;49115;3;16371;2
7633;49117;2;24558;1
7634;49118;49117;1;1
7635;49119;9;5457;6
7636;49125;2;24562;1
7637;49126;3;16375;1
7638;49127;3;16375;2
7639;49129;2;24564;1
7640;49130;73;673;1
7641;49131;73;673;2
7642;49133;2;24566;1
7643;49134;7;7019;1
7644;49135;73;673;6
7645;49141;2;24570;1
7646;49142;157;313;1
7647;49143;157;313;2
7648;49145;2;24572;1
7649;49146;5;9829;1
7650;49147;5;9829;2
7651;49149;2;24574;1
7652;49150;3;16383;1
7653;49151;14563;3;5462
7654;54613;2;27306;1
7655;54614;13;4201;1
7656;54615;13;4201;2
7657;54617;2;27308;1
7658;54618;54617;1;1
7659;54619;54617;1;2
7660;54621;2;27310;1
7661;54622;3;18207;1
7662;54623;54617;1;6
7663;54629;2;27314;1
7664;54630;54629;1;1
7665;54631;54629;1;2
7666;54633;2;27316;1
7667;54634;3;18211;1
7668;54635;3;18211;2
7669;54637;2;27318;1
7670;54638;11;4967;1
7671;54639;18211;3;6
7672;54645;2;27322;1
7673;54646;3;18215;1
7674;54647;3;18215;2
7675;54649;2;27324;1
7676;54650;7;7807;1
7677;54651;7;7807;2
7678;54653;2;27326;1
7679;54654;31;1763;1
7680;54655;18211;3;22
7681;54677;2;27338;1
7682;54678;7;7811;1
7683;54679;7;7811;2
7684;54681;2;27340;1
7685;54682;3;18227;1
7686;54683;3;18227;2
7687;54685;2;27342;1
7688;54686;5;10937;1
7689;54687;11;4971;6
7690;54693;2;27346;1
7691;54694;3;18231;1
7692;54695;3;18231;2
7693;54697;2;27348;1
7694;54698;83;659;1
7695;54699;83;659;2
7696;54701;2;27350;1
7697;54702;19;2879;1
7698;54703;83;659;6
7699;54709;2;27354;1
7700;54710;54709;1;1
7701;54711;54709;1;2
7702;54713;2;27356;1
7703;54714;54713;1;1
7704;54715;54713;1;2
7705;54717;2;27358;1
7706;54718;3;18239;1
7707;54719;83;659;22
7708;54741;2;27370;1
7709;54742;3;18247;1
7710;54743;3;18247;2
7711;54745;2;27372;1
7712;54746;5;10949;1
7713;54747;5;10949;2
7714;54749;2;27374;1
7715;54750;53;1033;1
7716;54751;10949;5;6
7717;54757;2;27378;1
7718;54758;17;3221;1
7719;54759;17;3221;2
7720;54761;2;27380;1
7721;54762;7;7823;1
7722;54763;7;7823;2
7723;54765;2;27382;1
7724;54766;3;18255;1
7725;54767;7;7823;6
7726;54773;2;27386;1
7727;54774;54773;1;1
7728;54775;54773;1;2
7729;54777;2;27388;1
7730;54778;3;18259;1
7731;54779;3;18259;2
7732;54781;2;27390;1
7733;54782;29;1889;1
7734;54783;659;83;86
7735;54869;2;27434;1
7736;54870;54869;1;1
7737;54871;54869;1;2
7738;54873;2;27436;1
7739;54874;3;18291;1
7740;54875;3;18291;2
7741;54877;2;27438;1
7742;54878;54877;1;1
7743;54879;7;7839;6
7744;54885;2;27442;1
7745;54886;3;18295;1
7746;54887;3;18295;2
7747;54889;2;27444;1
7748;54890;131;419;1
7749;54891;131;419;2
7750;54893;2;27446;1
7751;54894;17;3229;1
7752;54895;131;419;6
7753;54901;2;27450;1
7754;54902;7;7843;1
7755;54903;7;7843;2
7756;54905;2;27452;1
7757;54906;5;10981;1
7758;54907;5;10981;2
7759;54909;2;27454;1
7760;54910;3;18303;1
7761;54911;131;419;22
7762;54933;2;27466;1
7763;54934;3;18311;1
7764;54935;3;18311;2
7765;54937;2;27468;1
7766;54938;137;401;1
7767;54939;137;401;2
7768;54941;2;27470;1
7769;54942;54941;1;1
7770;54943;137;401;6
7771;54949;2;27474;1
7772;54950;54949;1;1
7773;54951;54949;1;2
7774;54953;2;27476;1
7775;54954;179;307;1
7776;54955;179;307;2
7777;54957;2;27478;1
7778;54958;3;18319;1
7779;54959;179;307;6
7780;54965;2;27482;1
7781;54966;5;10993;1
7782;54967;5;10993;2
7783;54969;2;27484;1
7784;54970;3;18323;1
7785;54971;3;18323;2
7786;54973;2;27486;1
7787;54974;54973;1;1
7788;54975;179;307;22
7789;54997;2;27498;1
7790;54998;43;1279;1
7791;54999;43;1279;2
7792;55001;2;27500;1
7793;55002;55001;1;1
7794;55003;55001;1;2
7795;55005;2;27502;1
7796;55006;3;18335;1
7797;55007;55001;1;6
7798;55013;2;27506;1
7799;55014;7;7859;1
7800;55015;7;7859;2
7801;55017;2;27508;1
7802;55018;3;18339;1
7803;55019;3;18339;2
7804;55021;2;27510;1
7805;55022;55021;1;1
7806;55023;9;6113;6
7807;55029;2;27514;1
7808;55030;3;18343;1
7809;55031;3;18343;2
7810;55033;2;27516;1
7811;55034;11;5003;1
7812;55035;11;5003;2
7813;55037;2;27518;1
7814;55038;47;1171;1
7815;55039;179;307;86
7816;55125;2;27562;1
7817;55126;3;18375;1
7818;55127;3;18375;2
7819;55129;2;27564;1
7820;55130;29;1901;1
7821;55131;29;1901;2
7822;55133;2;27566;1
7823;55134;13;4241;1
7824;55135;29;1901;6
7825;55141;2;27570;1
7826;55142;67;823;1
7827;55143;67;823;2
7828;55145;2;27572;1
7829;55146;5;11029;1
7830;55147;5;11029;2
7831;55149;2;27574;1
7832;55150;3;18383;1
7833;55151;41;1345;6
7834;55157;2;27578;1
7835;55158;19;2903;1
7836;55159;19;2903;2
7837;55161;2;27580;1
7838;55162;3;18387;1
7839;55163;3;18387;2
7840;55165;2;27582;1
7841;55166;5;11033;1
7842;55167;41;1345;22
7843;55189;2;27594;1
7844;55190;229;241;1
7845;55191;229;241;2
7846;55193;2;27596;1
7847;55194;97;569;1
7848;55195;97;569;2
7849;55197;2;27598;1
7850;55198;3;18399;1
7851;55199;97;569;6
7852;55205;2;27602;1
7853;55206;5;11041;1
7854;55207;5;11041;2
7855;55209;2;27604;1
7856;55210;3;18403;1
7857;55211;3;18403;2
7858;55213;2;27606;1
7859;55214;55213;1;1
7860;55215;7;7887;6
7861;55221;2;27610;1
7862;55222;3;18407;1
7863;55223;3;18407;2
7864;55225;2;27612;1
7865;55226;5;11045;1
7866;55227;5;11045;2
7867;55229;2;27614;1
7868;55230;55229;1;1
7869;55231;33;1673;22
7870;55253;2;27626;1
7871;55254;11;5023;1
7872;55255;11;5023;2
7873;55257;2;27628;1
7874;55258;3;18419;1
7875;55259;3;18419;2
7876;55261;2;27630;1
7877;55262;73;757;1
7878;55263;113;489;6
7879;55269;2;27634;1
7880;55270;3;18423;1
7881;55271;3;18423;2
7882;55273;2;27636;1
7883;55274;31;1783;1
7884;55275;31;1783;2
7885;55277;2;27638;1
7886;55278;167;331;1
7887;55279;31;1783;6
7888;55285;2;27642;1
7889;55286;5;11057;1
7890;55287;5;11057;2
7891;55289;2;27644;1
7892;55290;13;4253;1
7893;55291;13;4253;2
7894;55293;2;27646;1
7895;55294;3;18431;1
7896;55295;54953;1;342
7897;55637;2;27818;1
7898;55638;23;2419;1
7899;55639;23;2419;2
7900;55641;2;27820;1
7901;55642;3;18547;1
7902;55643;3;18547;2
7903;55645;2;27822;1
7904;55646;5;11129;1
7905;55647;17;3273;6
7906;55653;2;27826;1
7907;55654;3;18551;1
7908;55655;3;18551;2
7909;55657;2;27828;1
7910;55658;7;7951;1
7911;55659;7;7951;2
7912;55661;2;27830;1
7913;55662;55661;1;1
7914;55663;7;7951;6
7915;55669;2;27834;1
7916;55670;179;311;1
7917;55671;179;311;2
7918;55673;2;27836;1
7919;55674;55673;1;1
7920;55675;55673;1;2
7921;55677;2;27838;1
7922;55678;3;18559;1
7923;55679;7951;7;22
7924;55701;2;27850;1
7925;55702;3;18567;1
7926;55703;3;18567;2
7927;55705;2;27852;1
7928;55706;5;11141;1
7929;55707;5;11141;2
7930;55709;2;27854;1
7931;55710;17;3277;1
7932;55711;13;4285;6
7933;55717;2;27858;1
7934;55718;55717;1;1
7935;55719;55717;1;2
7936;55721;2;27860;1
7937;55722;55721;1;1
7938;55723;55721;1;2
7939;55725;2;27862;1
7940;55726;3;18575;1
7941;55727;55721;1;6
7942;55733;2;27866;1
7943;55734;55733;1;1
7944;55735;55733;1;2
7945;55737;2;27868;1
7946;55738;3;18579;1
7947;55739;3;18579;2
7948;55741;2;27870;1
7949;55742;7;7963;1
7950;55743;55721;1;22
7951;55765;2;27882;1
7952;55766;5;11153;1
7953;55767;5;11153;2
7954;55769;2;27884;1
7955;55770;7;7967;1
7956;55771;7;7967;2
7957;55773;2;27886;1
7958;55774;3;18591;1
7959;55775;7;7967;6
7960;55781;2;27890;1
7961;55782;11;5071;1
7962;55783;11;5071;2
7963;55785;2;27892;1
7964;55786;3;18595;1
7965;55787;3;18595;2
7966;55789;2;27894;1
7967;55790;47;1187;1
7968;55791;15;3719;6
7969;55797;2;27898;1
7970;55798;3;18599;1
7971;55799;3;18599;2
7972;55801;2;27900;1
7973;55802;41;1361;1
7974;55803;41;1361;2
7975;55805;2;27902;1
7976;55806;5;11161;1
7977;55807;55721;1;86
7978;55893;2;27946;1
7979;55894;3;18631;1
7980;55895;3;18631;2
7981;55897;2;27948;1
7982;55898;55897;1;1
7983;55899;55897;1;2
7984;55901;2;27950;1
7985;55902;55901;1;1
7986;55903;55897;1;6
7987;55909;2;27954;1
7988;55910;7;7987;1
7989;55911;7;7987;2
7990;55913;2;27956;1
7991;55914;11;5083;1
7992;55915;11;5083;2
7993;55917;2;27958;1
7994;55918;3;18639;1
7995;55919;11;5083;6
7996;55925;2;27962;1
7997;55926;5;11185;1
7998;55927;5;11185;2
7999;55929;2;27964;1
8000;55930;3;18643;1
8001;55931;3;18643;2
8002;55933;2;27966;1
8003;55934;55933;1;1
8004;55935;23;2431;22
8005;55957;2;27978;1
8006;55958;11;5087;1
8007;55959;11;5087;2
8008;55961;2;27980;1
8009;55962;107;523;1
8010;55963;107;523;2
8011;55965;2;27982;1
8012;55966;3;18655;1
8013;55967;107;523;6
8014;55973;2;27986;1
8015;55974;223;251;1
8016;55975;223;251;2
8017;55977;2;27988;1
8018;55978;3;18659;1
8019;55979;3;18659;2
8020;55981;2;27990;1
8021;55982;17;3293;1
8022;55983;47;1191;6
8023;55989;2;27994;1
8024;55990;3;18663;1
8025;55991;3;18663;2
8026;55993;2;27996;1
8027;55994;7;7999;1
8028;55995;7;7999;2
8029;55997;2;27998;1
8030;55998;55997;1;1
8031;55999;47;1191;22
8032;56021;2;28010;1
8033;56022;7;8003;1
8034;56023;7;8003;2
8035;56025;2;28012;1
8036;56026;3;18675;1
8037;56027;3;18675;2
8038;56029;2;28014;1
8039;56030;43;1303;1
8040;56031;9;6225;6
8041;56037;2;28018;1
8042;56038;3;18679;1
8043;56039;3;18679;2
8044;56041;2;28020;1
8045;56042;56041;1;1
8046;56043;56041;1;2
8047;56045;2;28022;1
8048;56046;5;11209;1
8049;56047;56041;1;6
8050;56053;2;28026;1
8051;56054;56053;1;1
8052;56055;56053;1;2
8053;56057;2;28028;1
8054;56058;29;1933;1
8055;56059;29;1933;2
8056;56061;2;28030;1
8057;56062;3;18687;1
8058;56063;141;397;86
8059;56149;2;28074;1
8060;56150;56149;1;1
8061;56151;56149;1;2
8062;56153;2;28076;1
8063;56154;233;241;1
8064;56155;233;241;2
8065;56157;2;28078;1
8066;56158;3;18719;1
8067;56159;233;241;6
8068;56165;2;28082;1
8069;56166;5;11233;1
8070;56167;5;11233;2
8071;56169;2;28084;1
8072;56170;3;18723;1
8073;56171;3;18723;2
8074;56173;2;28086;1
8075;56174;13;4321;1
8076;56175;9;6241;6
8077;56181;2;28090;1
8078;56182;3;18727;1
8079;56183;3;18727;2
8080;56185;2;28092;1
8081;56186;5;11237;1
8082;56187;5;11237;2
8083;56189;2;28094;1
8084;56190;7;8027;1
8085;56191;79;711;22
8086;56213;2;28106;1
8087;56214;67;839;1
8088;56215;67;839;2
8089;56217;2;28108;1
8090;56218;3;18739;1
8091;56219;3;18739;2
8092;56221;2;28110;1
8093;56222;11;5111;1
8094;56223;7;8031;6
8095;56229;2;28114;1
8096;56230;3;18743;1
8097;56231;3;18743;2
8098;56233;2;28116;1
8099;56234;53;1061;1
8100;56235;53;1061;2
8101;56237;2;28118;1
8102;56238;56237;1;1
8103;56239;53;1061;6
8104;56245;2;28122;1
8105;56246;5;11249;1
8106;56247;5;11249;2
8107;56249;2;28124;1
8108;56250;56249;1;1
8109;56251;56249;1;2
8110;56253;2;28126;1
8111;56254;3;18751;1
8112;56255;53;1061;22
8113;56277;2;28138;1
8114;56278;3;18759;1
8115;56279;3;18759;2
8116;56281;2;28140;1
8117;56282;23;2447;1
8118;56283;23;2447;2
8119;56285;2;28142;1
8120;56286;5;11257;1
8121;56287;23;2447;6
8122;56293;2;28146;1
8123;56294;41;1373;1
8124;56295;41;1373;2
8125;56297;2;28148;1
8126;56298;19;2963;1
8127;56299;19;2963;2
8128;56301;2;28150;1
8129;56302;3;18767;1
8130;56303;19;2963;6
8131;56309;2;28154;1
8132;56310;11;5119;1
8133;56311;11;5119;2
8134;56313;2;28156;1
8135;56314;3;18771;1
8136;56315;3;18771;2
8137;56317;2;28158;1
8138;56318;199;283;1
8139;56319;397;141;342
8140;56661;2;28330;1
8141;56662;3;18887;1
8142;56663;3;18887;2
8143;56665;2;28332;1
8144;56666;5;11333;1
8145;56667;5;11333;2
8146;56669;2;28334;1
8147;56670;61;929;1
8148;56671;7;8095;6
8149;56677;2;28338;1
8150;56678;19;2983;1
8151;56679;19;2983;2
8152;56681;2;28340;1
8153;56682;56681;1;1
8154;56683;56681;1;2
8155;56685;2;28342;1
8156;56686;3;18895;1
8157;56687;56681;1;6
8158;56693;2;28346;1
8159;56694;7;8099;1
8160;56695;7;8099;2
8161;56697;2;28348;1
8162;56698;3;18899;1
8163;56699;3;18899;2
8164;56701;2;28350;1
8165;56702;56701;1;1
8166;56703;56681;1;22
8167;56725;2;28362;1
8168;56726;5;11345;1
8169;56727;5;11345;2
8170;56729;2;28364;1
8171;56730;17;3337;1
8172;56731;17;3337;2
8173;56733;2;28366;1
8174;56734;3;18911;1
8175;56735;17;3337;6
8176;56741;2;28370;1
8177;56742;23;2467;1
8178;56743;23;2467;2
8179;56745;2;28372;1
8180;56746;3;18915;1
8181;56747;3;18915;2
8182;56749;2;28374;1
8183;56750;7;8107;1
8184;56751;9;6305;6
8185;56757;2;28378;1
8186;56758;3;18919;1
8187;56759;3;18919;2
8188;56761;2;28380;1
8189;56762;31;1831;1
8190;56763;31;1831;2
8191;56765;2;28382;1
8192;56766;5;11353;1
8193;56767;39;1455;22
8194;56789;2;28394;1
8195;56790;109;521;1
8196;56791;109;521;2
8197;56793;2;28396;1
8198;56794;3;18931;1
8199;56795;3;18931;2
8200;56797;2;28398;1
8201;56798;13;4369;1
8202;56799;11;5163;6
8203;56805;2;28402;1
8204;56806;3;18935;1
8205;56807;3;18935;2
8206;56809;2;28404;1
8207;56810;56809;1;1
8208;56811;56809;1;2
8209;56813;2;28406;1
8210;56814;56813;1;1
8211;56815;56809;1;6
8212;56821;2;28410;1
8213;56822;56821;1;1
8214;56823;56821;1;2
8215;56825;2;28412;1
8216;56826;5;11365;1
8217;56827;5;11365;2
8218;56829;2;28414;1
8219;56830;3;18943;1
8220;56831;97;585;86
8221;56917;2;28458;1
8222;56918;7;8131;1
8223;56919;7;8131;2
8224;56921;2;28460;1
8225;56922;56921;1;1
8226;56923;56921;1;2
8227;56925;2;28462;1
8228;56926;3;18975;1
8229;56927;56921;1;6
8230;56933;2;28466;1
8231;56934;17;3349;1
8232;56935;17;3349;2
8233;56937;2;28468;1
8234;56938;3;18979;1
8235;56939;3;18979;2
8236;56941;2;28470;1
8237;56942;56941;1;1
8238;56943;18979;3;6
8239;56949;2;28474;1
8240;56950;3;18983;1
8241;56951;3;18983;2
8242;56953;2;28476;1
8243;56954;13;4381;1
8244;56955;13;4381;2
8245;56957;2;28478;1
8246;56958;56957;1;1
8247;56959;18979;3;22
8248;56981;2;28490;1
8249;56982;19;2999;1
8250;56983;19;2999;2
8251;56985;2;28492;1
8252;56986;3;18995;1
8253;56987;3;18995;2
8254;56989;2;28494;1
8255;56990;56989;1;1
8256;56991;15;3799;6
8257;56997;2;28498;1
8258;56998;3;18999;1
8259;56999;3;18999;2
8260;57001;2;28500;1
8261;57002;7;8143;1
8262;57003;7;8143;2
8263;57005;2;28502;1
8264;57006;5;11401;1
8265;57007;7;8143;6
8266;57013;2;28506;1
8267;57014;11;5183;1
8268;57015;11;5183;2
8269;57017;2;28508;1
8270;57018;23;2479;1
8271;57019;23;2479;2
8272;57021;2;28510;1
8273;57022;3;19007;1
8274;57023;119;479;22
8275;57045;2;28522;1
8276;57046;3;19015;1
8277;57047;3;19015;2
8278;57049;2;28524;1
8279;57050;89;641;1
8280;57051;89;641;2
8281;57053;2;28526;1
8282;57054;59;967;1
8283;57055;89;641;6
8284;57061;2;28530;1
8285;57062;43;1327;1
8286;57063;43;1327;2
8287;57065;2;28532;1
8288;57066;5;11413;1
8289;57067;5;11413;2
8290;57069;2;28534;1
8291;57070;3;19023;1
8292;57071;101;565;6
8293;57077;2;28538;1
8294;57078;57077;1;1
8295;57079;57077;1;2
8296;57081;2;28540;1
8297;57082;3;19027;1
8298;57083;3;19027;2
8299;57085;2;28542;1
8300;57086;5;11417;1
8301;57087;119;479;86
8302;57173;2;28586;1
8303;57174;57173;1;1
8304;57175;57173;1;2
8305;57177;2;28588;1
8306;57178;3;19059;1
8307;57179;3;19059;2
8308;57181;2;28590;1
8309;57182;211;271;1
8310;57183;9;6353;6
8311;57189;2;28594;1
8312;57190;3;19063;1
8313;57191;3;19063;2
8314;57193;2;28596;1
8315;57194;57193;1;1
8316;57195;57193;1;2
8317;57197;2;28598;1
8318;57198;7;8171;1
8319;57199;57193;1;6
8320;57205;2;28602;1
8321;57206;5;11441;1
8322;57207;5;11441;2
8323;57209;2;28604;1
8324;57210;19;3011;1
8325;57211;19;3011;2
8326;57213;2;28606;1
8327;57214;3;19071;1
8328;57215;57193;1;22
8329;57237;2;28618;1
8330;57238;3;19079;1
8331;57239;3;19079;2
8332;57241;2;28620;1
8333;57242;57241;1;1
8334;57243;57241;1;2
8335;57245;2;28622;1
8336;57246;5;11449;1
8337;57247;57241;1;6
8338;57253;2;28626;1
8339;57254;7;8179;1
8340;57255;7;8179;2
8341;57257;2;28628;1
8342;57258;31;1847;1
8343;57259;31;1847;2
8344;57261;2;28630;1
8345;57262;3;19087;1
8346;57263;31;1847;6
8347;57269;2;28634;1
8348;57270;57269;1;1
8349;57271;57269;1;2
8350;57273;2;28636;1
8351;57274;3;19091;1
8352;57275;3;19091;2
8353;57277;2;28638;1
8354;57278;11;5207;1
8355;57279;31;1847;22
8356;57301;2;28650;1
8357;57302;57301;1;1
8358;57303;57301;1;2
8359;57305;2;28652;1
8360;57306;5;11461;1
8361;57307;5;11461;2
8362;57309;2;28654;1
8363;57310;3;19103;1
8364;57311;73;785;6
8365;57317;2;28658;1
8366;57318;13;4409;1
8367;57319;13;4409;2
8368;57321;2;28660;1
8369;57322;3;19107;1
8370;57323;3;19107;2
8371;57325;2;28662;1
8372;57326;5;11465;1
8373;57327;9;6369;6
8374;57333;2;28666;1
8375;57334;3;19111;1
8376;57335;3;19111;2
8377;57337;2;28668;1
8378;57338;7;8191;1
8379;57339;7;8191;2
8380;57341;2;28670;1
8381;57342;17;3373;1
8382;57343;18659;3;1366
8383;58709;2;29354;1
8384;58710;7;8387;1
8385;58711;7;8387;2
8386;58713;2;29356;1
8387;58714;3;19571;1
8388;58715;3;19571;2
8389;58717;2;29358;1
8390;58718;71;827;1
8391;58719;19571;3;6
8392;58725;2;29362;1
8393;58726;3;19575;1
8394;58727;3;19575;2
8395;58729;2;29364;1
8396;58730;11;5339;1
8397;58731;11;5339;2
8398;58733;2;29366;1
8399;58734;58733;1;1
8400;58735;11;5339;6
8401;58741;2;29370;1
8402;58742;58741;1;1
8403;58743;58741;1;2
8404;58745;2;29372;1
8405;58746;5;11749;1
8406;58747;5;11749;2
8407;58749;2;29374;1
8408;58750;3;19583;1
8409;58751;209;281;22
8410;58773;2;29386;1
8411;58774;3;19591;1
8412;58775;3;19591;2
8413;58777;2;29388;1
8414;58778;53;1109;1
8415;58779;53;1109;2
8416;58781;2;29390;1
8417;58782;43;1367;1
8418;58783;53;1109;6
8419;58789;2;29394;1
8420;58790;58789;1;1
8421;58791;58789;1;2
8422;58793;2;29396;1
8423;58794;7;8399;1
8424;58795;7;8399;2
8425;58797;2;29398;1
8426;58798;3;19599;1
8427;58799;7;8399;6
8428;58805;2;29402;1
8429;58806;5;11761;1
8430;58807;5;11761;2
8431;58809;2;29404;1
8432;58810;3;19603;1
8433;58811;3;19603;2
8434;58813;2;29406;1
8435;58814;103;571;1
8436;58815;37;1589;22
8437;58837;2;29418;1
8438;58838;17;3461;1
8439;58839;17;3461;2
8440;58841;2;29420;1
8441;58842;29;2029;1
8442;58843;29;2029;2
8443;58845;2;29422;1
8444;58846;3;19615;1
8445;58847;29;2029;6
8446;58853;2;29426;1
8447;58854;229;257;1
8448;58855;229;257;2
8449;58857;2;29428;1
8450;58858;3;19619;1
8451;58859;3;19619;2
8452;58861;2;29430;1
8453;58862;11;5351;1
8454;58863;23;2559;6
8455;58869;2;29434;1
8456;58870;3;19623;1
8457;58871;3;19623;2
8458;58873;2;29436;1
8459;58874;113;521;1
8460;58875;113;521;2
8461;58877;2;29438;1
8462;58878;7;8411;1
8463;58879;227;259;86
8464;58965;2;29482;1
8465;58966;3;19655;1
8466;58967;3;19655;2
8467;58969;2;29484;1
8468;58970;109;541;1
8469;58971;109;541;2
8470;58973;2;29486;1
8471;58974;17;3469;1
8472;58975;109;541;6
8473;58981;2;29490;1
8474;58982;13;4537;1
8475;58983;13;4537;2
8476;58985;2;29492;1
8477;58986;5;11797;1
8478;58987;5;11797;2
8479;58989;2;29494;1
8480;58990;3;19663;1
8481;58991;47;1255;6
8482;58997;2;29498;1
8483;58998;58997;1;1
8484;58999;58997;1;2
8485;59001;2;29500;1
8486;59002;3;19667;1
8487;59003;3;19667;2
8488;59005;2;29502;1
8489;59006;5;11801;1
8490;59007;47;1255;22
8491;59029;2;29514;1
8492;59030;59029;1;1
8493;59031;59029;1;2
8494;59033;2;29516;1
8495;59034;13;4541;1
8496;59035;13;4541;2
8497;59037;2;29518;1
8498;59038;3;19679;1
8499;59039;13;4541;6
8500;59045;2;29522;1
8501;59046;5;11809;1
8502;59047;5;11809;2
8503;59049;2;29524;1
8504;59050;3;19683;1
8505;59051;3;19683;2
8506;59053;2;29526;1
8507;59054;59053;1;1
8508;59055;9;6561;6
8509;59061;2;29530;1
8510;59062;3;19687;1
8511;59063;3;19687;2
8512;59065;2;29532;1
8513;59066;5;11813;1
8514;59067;5;11813;2
8515;59069;2;29534;1
8516;59070;59069;1;1
8517;59071;27;2187;22
8518;59093;2;29546;1
8519;59094;59093;1;1
8520;59095;59093;1;2
8521;59097;2;29548;1
8522;59098;3;19699;1
8523;59099;3;19699;2
8524;59101;2;29550;1
8525;59102;7;8443;1
8526;59103;19699;3;6
8527;59109;2;29554;1
8528;59110;3;19703;1
8529;59111;3;19703;2
8530;59113;2;29556;1
8531;59114;59113;1;1
8532;59115;59113;1;2
8533;59117;2;29558;1
8534;59118;31;1907;1
8535;59119;59113;1;6
8536;59125;2;29562;1
8537;59126;5;11825;1
8538;59127;5;11825;2
8539;59129;2;29564;1
8540;59130;7;8447;1
8541;59131;7;8447;2
8542;59133;2;29566;1
8543;59134;3;19711;1
8544;59135;243;243;86
8545;59221;2;29610;1
8546;59222;59221;1;1
8547;59223;59221;1;2
8548;59225;2;29612;1
8549;59226;5;11845;1
8550;59227;5;11845;2
8551;59229;2;29614;1
8552;59230;3;19743;1
8553;59231;23;2575;6
8554;59237;2;29618;1
8555;59238;37;1601;1
8556;59239;37;1601;2
8557;59241;2;29620;1
8558;59242;3;19747;1
8559;59243;3;19747;2
8560;59245;2;29622;1
8561;59246;5;11849;1
8562;59247;7;8463;6
8563;59253;2;29626;1
8564;59254;3;19751;1
8565;59255;3;19751;2
8566;59257;2;29628;1
8567;59258;11;5387;1
8568;59259;11;5387;2
8569;59261;2;29630;1
8570;59262;19;3119;1
8571;59263;31;1911;22
8572;59285;2;29642;1
8573;59286;5;11857;1
8574;59287;5;11857;2
8575;59289;2;29644;1
8576;59290;3;19763;1
8577;59291;3;19763;2
8578;59293;2;29646;1
8579;59294;13;4561;1
8580;59295;19763;3;6
8581;59301;2;29650;1
8582;59302;3;19767;1
8583;59303;3;19767;2
8584;59305;2;29652;1
8585;59306;5;11861;1
8586;59307;5;11861;2
8587;59309;2;29654;1
8588;59310;127;467;1
8589;59311;29;2045;6
8590;59317;2;29658;1
8591;59318;23;2579;1
8592;59319;23;2579;2
8593;59321;2;29660;1
8594;59322;137;433;1
8595;59323;137;433;2
8596;59325;2;29662;1
8597;59326;3;19775;1
8598;59327;29;2045;22
8599;59349;2;29674;1
8600;59350;3;19783;1
8601;59351;3;19783;2
8602;59353;2;29676;1
8603;59354;7;8479;1
8604;59355;7;8479;2
8605;59357;2;29678;1
8606;59358;59357;1;1
8607;59359;7;8479;6
8608;59365;2;29682;1
8609;59366;5;11873;1
8610;59367;5;11873;2
8611;59369;2;29684;1
8612;59370;59369;1;1
8613;59371;59369;1;2
8614;59373;2;29686;1
8615;59374;3;19791;1
8616;59375;59369;1;6
8617;59381;2;29690;1
8618;59382;7;8483;1
8619;59383;7;8483;2
8620;59385;2;29692;1
8621;59386;3;19795;1
8622;59387;3;19795;2
8623;59389;2;29694;1
8624;59390;11;5399;1
8625;59391;729;81;342
8626;59733;2;29866;1
8627;59734;3;19911;1
8628;59735;3;19911;2
8629;59737;2;29868;1
8630;59738;31;1927;1
8631;59739;31;1927;2
8632;59741;2;29870;1
8633;59742;11;5431;1
8634;59743;31;1927;6
8635;59749;2;29874;1
8636;59750;149;401;1
8637;59751;149;401;2
8638;59753;2;29876;1
8639;59754;59753;1;1
8640;59755;59753;1;2
8641;59757;2;29878;1
8642;59758;3;19919;1
8643;59759;59753;1;6
8644;59765;2;29882;1
8645;59766;5;11953;1
8646;59767;5;11953;2
8647;59769;2;29884;1
8648;59770;3;19923;1
8649;59771;3;19923;2
8650;59773;2;29886;1
8651;59774;7;8539;1
8652;59775;59753;1;22
8653;59797;2;29898;1
8654;59798;59797;1;1
8655;59799;59797;1;2
8656;59801;2;29900;1
8657;59802;7;8543;1
8658;59803;7;8543;2
8659;59805;2;29902;1
8660;59806;3;19935;1
8661;59807;7;8543;6
8662;59813;2;29906;1
8663;59814;13;4601;1
8664;59815;13;4601;2
8665;59817;2;29908;1
8666;59818;3;19939;1
8667;59819;3;19939;2
8668;59821;2;29910;1
8669;59822;163;367;1
8670;59823;127;471;6
8671;59829;2;29914;1
8672;59830;3;19943;1
8673;59831;3;19943;2
8674;59833;2;29916;1
8675;59834;59833;1;1
8676;59835;59833;1;2
8677;59837;2;29918;1
8678;59838;53;1129;1
8679;59839;127;471;22
8680;59861;2;29930;1
8681;59862;31;1931;1
8682;59863;31;1931;2
8683;59865;2;29932;1
8684;59866;3;19955;1
8685;59867;3;19955;2
8686;59869;2;29934;1
8687;59870;19;3151;1
8688;59871;13;4605;6
8689;59877;2;29938;1
8690;59878;3;19959;1
8691;59879;3;19959;2
8692;59881;2;29940;1
8693;59882;233;257;1
8694;59883;233;257;2
8695;59885;2;29942;1
8696;59886;5;11977;1
8697;59887;233;257;6
8698;59893;2;29946;1
8699;59894;101;593;1
8700;59895;101;593;2
8701;59897;2;29948;1
8702;59898;89;673;1
8703;59899;89;673;2
8704;59901;2;29950;1
8705;59902;3;19967;1
8706;59903;127;471;86
8707;59989;2;29994;1
8708;59990;239;251;1
8709;59991;239;251;2
8710;59993;2;29996;1
8711;59994;17;3529;1
8712;59995;17;3529;2
8713;59997;2;29998;1
8714;59998;3;19999;1
8715;59999;17;3529;6
8716;60005;2;30002;1
8717;60006;5;12001;1
8718;60007;5;12001;2
8719;60009;2;30004;1
8720;60010;3;20003;1
8721;60011;3;20003;2
8722;60013;2;30006;1
8723;60014;60013;1;1
8724;60015;83;723;6
8725;60021;2;30010;1
8726;60022;3;20007;1
8727;60023;3;20007;2
8728;60025;2;30012;1
8729;60026;5;12005;1
8730;60027;5;12005;2
8731;60029;2;30014;1
8732;60030;60029;1;1
8733;60031;83;723;22
8734;60053;2;30026;1
8735;60054;7;8579;1
8736;60055;7;8579;2
8737;60057;2;30028;1
8738;60058;3;20019;1
8739;60059;3;20019;2
8740;60061;2;30030;1
8741;60062;17;3533;1
8742;60063;9;6673;6
8743;60069;2;30034;1
8744;60070;3;20023;1
8745;60071;3;20023;2
8746;60073;2;30036;1
8747;60074;13;4621;1
8748;60075;13;4621;2
8749;60077;2;30038;1
8750;60078;60077;1;1
8751;60079;13;4621;6
8752;60085;2;30042;1
8753;60086;5;12017;1
8754;60087;5;12017;2
8755;60089;2;30044;1
8756;60090;60089;1;1
8757;60091;60089;1;2
8758;60093;2;30046;1
8759;60094;3;20031;1
8760;60095;4621;13;22
8761;60117;2;30058;1
8762;60118;3;20039;1
8763;60119;3;20039;2
8764;60121;2;30060;1
8765;60122;59;1019;1
8766;60123;59;1019;2
8767;60125;2;30062;1
8768;60126;5;12025;1
8769;60127;59;1019;6
8770;60133;2;30066;1
8771;60134;60133;1;1
8772;60135;60133;1;2
8773;60137;2;30068;1
8774;60138;7;8591;1
8775;60139;7;8591;2
8776;60141;2;30070;1
8777;60142;3;20047;1
8778;60143;7;8591;6
8779;60149;2;30074;1
8780;60150;60149;1;1
8781;60151;60149;1;2
8782;60153;2;30076;1
8783;60154;3;20051;1
8784;60155;3;20051;2
8785;60157;2;30078;1
8786;60158;43;1399;1
8787;60159;4621;13;86
8788;60245;2;30122;1
8789;60246;5;12049;1
8790;60247;5;12049;2
8791;60249;2;30124;1
8792;60250;3;20083;1
8793;60251;3;20083;2
8794;60253;2;30126;1
8795;60254;89;677;1
8796;60255;7;8607;6
8797;60261;2;30130;1
8798;60262;3;20087;1
8799;60263;3;20087;2
8800;60265;2;30132;1
8801;60266;5;12053;1
8802;60267;5;12053;2
8803;60269;2;30134;1
8804;60270;11;5479;1
8805;60271;17;3545;6
8806;60277;2;30138;1
8807;60278;7;8611;1
8808;60279;7;8611;2
8809;60281;2;30140;1
8810;60282;13;4637;1
8811;60283;13;4637;2
8812;60285;2;30142;1
8813;60286;3;20095;1
8814;60287;85;709;22
8815;60309;2;30154;1
8816;60310;3;20103;1
8817;60311;3;20103;2
8818;60313;2;30156;1
8819;60314;11;5483;1
8820;60315;11;5483;2
8821;60317;2;30158;1
8822;60318;60317;1;1
8823;60319;11;5483;6
8824;60325;2;30162;1
8825;60326;5;12065;1
8826;60327;5;12065;2
8827;60329;2;30164;1
8828;60330;23;2623;1
8829;60331;23;2623;2
8830;60333;2;30166;1
8831;60334;3;20111;1
8832;60335;23;2623;6
8833;60341;2;30170;1
8834;60342;83;727;1
8835;60343;83;727;2
8836;60345;2;30172;1
8837;60346;3;20115;1
8838;60347;3;20115;2
8839;60349;2;30174;1
8840;60350;29;2081;1
8841;60351;23;2623;22
8842;60373;2;30186;1
8843;60374;60373;1;1
8844;60375;60373;1;2
8845;60377;2;30188;1
8846;60378;173;349;1
8847;60379;173;349;2
8848;60381;2;30190;1
8849;60382;3;20127;1
8850;60383;173;349;6
8851;60389;2;30194;1
8852;60390;7;8627;1
8853;60391;7;8627;2
8854;60393;2;30196;1
8855;60394;3;20131;1
8856;60395;3;20131;2
8857;60397;2;30198;1
8858;60398;60397;1;1
8859;60399;41;1473;6
8860;60405;2;30202;1
8861;60406;3;20135;1
8862;60407;3;20135;2
8863;60409;2;30204;1
8864;60410;193;313;1
8865;60411;193;313;2
8866;60413;2;30206;1
8867;60414;60413;1;1
8868;60415;4621;13;342
8869;60757;2;30378;1
8870;60758;60757;1;1
8871;60759;60757;1;2
8872;60761;2;30380;1
8873;60762;60761;1;1
8874;60763;60761;1;2
8875;60765;2;30382;1
8876;60766;3;20255;1
8877;60767;60761;1;6
8878;60773;2;30386;1
8879;60774;60773;1;1
8880;60775;60773;1;2
8881;60777;2;30388;1
8882;60778;3;20259;1
8883;60779;3;20259;2
8884;60781;2;30390;1
8885;60782;7;8683;1
8886;60783;9;6753;6
8887;60789;2;30394;1
8888;60790;3;20263;1
8889;60791;3;20263;2
8890;60793;2;30396;1
8891;60794;60793;1;1
8892;60795;60793;1;2
8893;60797;2;30398;1
8894;60798;11;5527;1
8895;60799;27;2251;22
8896;60821;2;30410;1
8897;60822;60821;1;1
8898;60823;60821;1;2
8899;60825;2;30412;1
8900;60826;3;20275;1
8901;60827;3;20275;2
8902;60829;2;30414;1
8903;60830;59;1031;1
8904;60831;15;4055;6
8905;60837;2;30418;1
8906;60838;3;20279;1
8907;60839;3;20279;2
8908;60841;2;30420;1
8909;60842;11;5531;1
8910;60843;11;5531;2
8911;60845;2;30422;1
8912;60846;5;12169;1
8913;60847;11;5531;6
8914;60853;2;30426;1
8915;60854;13;4681;1
8916;60855;13;4681;2
8917;60857;2;30428;1
8918;60858;19;3203;1
8919;60859;19;3203;2
8920;60861;2;30430;1
8921;60862;3;20287;1
8922;60863;5531;11;22
8923;60885;2;30442;1
8924;60886;3;20295;1
8925;60887;3;20295;2
8926;60889;2;30444;1
8927;60890;60889;1;1
8928;60891;60889;1;2
8929;60893;2;30446;1
8930;60894;7;8699;1
8931;60895;60889;1;6
8932;60901;2;30450;1
8933;60902;60901;1;1
8934;60903;60901;1;2
8935;60905;2;30452;1
8936;60906;5;12181;1
8937;60907;5;12181;2
8938;60909;2;30454;1
8939;60910;3;20303;1
8940;60911;13;4685;6
8941;60917;2;30458;1
8942;60918;60917;1;1
8943;60919;60917;1;2
8944;60921;2;30460;1
8945;60922;3;20307;1
8946;60923;3;20307;2
8947;60925;2;30462;1
8948;60926;5;12185;1
8949;60927;5531;11;86
8950;61013;2;30506;1
8951;61014;17;3589;1
8952;61015;17;3589;2
8953;61017;2;30508;1
8954;61018;3;20339;1
8955;61019;3;20339;2
8956;61021;2;30510;1
8957;61022;139;439;1
8958;61023;11;5547;6
8959;61029;2;30514;1
8960;61030;3;20343;1
8961;61031;3;20343;2
8962;61033;2;30516;1
8963;61034;7;8719;1
8964;61035;7;8719;2
8965;61037;2;30518;1
8966;61038;67;911;1
8967;61039;7;8719;6
8968;61045;2;30522;1
8969;61046;5;12209;1
8970;61047;5;12209;2
8971;61049;2;30524;1
8972;61050;41;1489;1
8973;61051;41;1489;2
8974;61053;2;30526;1
8975;61054;3;20351;1
8976;61055;8719;7;22
8977;61077;2;30538;1
8978;61078;3;20359;1
8979;61079;3;20359;2
8980;61081;2;30540;1
8981;61082;17;3593;1
8982;61083;17;3593;2
8983;61085;2;30542;1
8984;61086;5;12217;1
8985;61087;17;3593;6
8986;61093;2;30546;1
8987;61094;199;307;1
8988;61095;199;307;2
8989;61097;2;30548;1
8990;61098;107;571;1
8991;61099;107;571;2
8992;61101;2;30550;1
8993;61102;3;20367;1
8994;61103;107;571;6
8995;61109;2;30554;1
8996;61110;53;1153;1
8997;61111;53;1153;2
8998;61113;2;30556;1
8999;61114;3;20371;1
9000;61115;3;20371;2
9001;61117;2;30558;1
9002;61118;7;8731;1
9003;61119;107;571;22
9004;61141;2;30570;1
9005;61142;61141;1;1
9006;61143;61141;1;2
9007;61145;2;30572;1
9008;61146;5;12229;1
9009;61147;5;12229;2
9010;61149;2;30574;1
9011;61150;3;20383;1
9012;61151;7;8735;6
9013;61157;2;30578;1
9014;61158;23;2659;1
9015;61159;23;2659;2
9016;61161;2;30580;1
9017;61162;3;20387;1
9018;61163;3;20387;2
9019;61165;2;30582;1
9020;61166;5;12233;1
9021;61167;19;3219;6
9022;61173;2;30586;1
9023;61174;3;20391;1
9024;61175;3;20391;2
9025;61177;2;30588;1
9026;61178;131;467;1
9027;61179;131;467;2
9028;61181;2;30590;1
9029;61182;193;317;1
9030;61183;107;571;86
9031;61269;2;30634;1
9032;61270;3;20423;1
9033;61271;3;20423;2
9034;61273;2;30636;1
9035;61274;71;863;1
9036;61275;71;863;2
9037;61277;2;30638;1
9038;61278;29;2113;1
9039;61279;71;863;6
9040;61285;2;30642;1
9041;61286;5;12257;1
9042;61287;5;12257;2
9043;61289;2;30644;1
9044;61290;167;367;1
9045;61291;167;367;2
9046;61293;2;30646;1
9047;61294;3;20431;1
9048;61295;167;367;6
9049;61301;2;30650;1
9050;61302;59;1039;1
9051;61303;59;1039;2
9052;61305;2;30652;1
9053;61306;3;20435;1
9054;61307;3;20435;2
9055;61309;2;30654;1
9056;61310;37;1657;1
9057;61311;167;367;22
9058;61333;2;30666;1
9059;61334;61333;1;1
9060;61335;61333;1;2
9061;61337;2;30668;1
9062;61338;83;739;1
9063;61339;83;739;2
9064;61341;2;30670;1
9065;61342;3;20447;1
9066;61343;83;739;6
9067;61349;2;30674;1
9068;61350;31;1979;1
9069;61351;31;1979;2
9070;61353;2;30676;1
9071;61354;3;20451;1
9072;61355;3;20451;2
9073;61357;2;30678;1
9074;61358;61357;1;1
9075;61359;9;6817;6
9076;61365;2;30682;1
9077;61366;3;20455;1
9078;61367;3;20455;2
9079;61369;2;30684;1
9080;61370;7;8767;1
9081;61371;7;8767;2
9082;61373;2;30686;1
9083;61374;13;4721;1
9084;61375;51;1203;22
9085;61397;2;30698;1
9086;61398;7;8771;1
9087;61399;7;8771;2
9088;61401;2;30700;1
9089;61402;3;20467;1
9090;61403;3;20467;2
9091;61405;2;30702;1
9092;61406;5;12281;1
9093;61407;97;633;6
9094;61413;2;30706;1
9095;61414;3;20471;1
9096;61415;3;20471;2
9097;61417;2;30708;1
9098;61418;61417;1;1
9099;61419;61417;1;2
9100;61421;2;30710;1
9101;61422;17;3613;1
9102;61423;61417;1;6
9103;61429;2;30714;1
9104;61430;47;1307;1
9105;61431;47;1307;2
9106;61433;2;30716;1
9107;61434;23;2671;1
9108;61435;23;2671;2
9109;61437;2;30718;1
9110;61438;3;20479;1
9111;61439;4621;13;1366
9112;62805;2;31402;1
9113;62806;3;20935;1
9114;62807;3;20935;2
9115;62809;2;31404;1
9116;62810;107;587;1
9117;62811;107;587;2
9118;62813;2;31406;1
9119;62814;23;2731;1
9120;62815;107;587;6
9121;62821;2;31410;1
9122;62822;11;5711;1
9123;62823;11;5711;2
9124;62825;2;31412;1
9125;62826;5;12565;1
9126;62827;5;12565;2
9127;62829;2;31414;1
9128;62830;3;20943;1
9129;62831;7;8975;6
9130;62837;2;31418;1
9131;62838;31;2027;1
9132;62839;31;2027;2
9133;62841;2;31420;1
9134;62842;3;20947;1
9135;62843;3;20947;2
9136;62845;2;31422;1
9137;62846;5;12569;1
9138;62847;25;2513;22
9139;62869;2;31434;1
9140;62870;62869;1;1
9141;62871;62869;1;2
9142;62873;2;31436;1
9143;62874;62873;1;1
9144;62875;62873;1;2
9145;62877;2;31438;1
9146;62878;3;20959;1
9147;62879;62873;1;6
9148;62885;2;31442;1
9149;62886;5;12577;1
9150;62887;5;12577;2
9151;62889;2;31444;1
9152;62890;3;20963;1
9153;62891;3;20963;2
9154;62893;2;31446;1
9155;62894;109;577;1
9156;62895;20963;3;6
9157;62901;2;31450;1
9158;62902;3;20967;1
9159;62903;3;20967;2
9160;62905;2;31452;1
9161;62906;5;12581;1
9162;62907;5;12581;2
9163;62909;2;31454;1
9164;62910;7;8987;1
9165;62911;20963;3;22
9166;62933;2;31466;1
9167;62934;13;4841;1
9168;62935;13;4841;2
9169;62937;2;31468;1
9170;62938;3;20979;1
9171;62939;3;20979;2
9172;62941;2;31470;1
9173;62942;113;557;1
9174;62943;7;8991;6
9175;62949;2;31474;1
9176;62950;3;20983;1
9177;62951;3;20983;2
9178;62953;2;31476;1
9179;62954;11;5723;1
9180;62955;11;5723;2
9181;62957;2;31478;1
9182;62958;157;401;1
9183;62959;11;5723;6
9184;62965;2;31482;1
9185;62966;5;12593;1
9186;62967;5;12593;2
9187;62969;2;31484;1
9188;62970;62969;1;1
9189;62971;62969;1;2
9190;62973;2;31486;1
9191;62974;3;20991;1
9192;62975;20963;3;86
9193;63061;2;31530;1
9194;63062;19;3319;1
9195;63063;19;3319;2
9196;63065;2;31532;1
9197;63066;5;12613;1
9198;63067;5;12613;2
9199;63069;2;31534;1
9200;63070;3;21023;1
9201;63071;12613;5;6
9202;63077;2;31538;1
9203;63078;7;9011;1
9204;63079;7;9011;2
9205;63081;2;31540;1
9206;63082;3;21027;1
9207;63083;3;21027;2
9208;63085;2;31542;1
9209;63086;5;12617;1
9210;63087;9;7009;6
9211;63093;2;31546;1
9212;63094;3;21031;1
9213;63095;3;21031;2
9214;63097;2;31548;1
9215;63098;63097;1;1
9216;63099;63097;1;2
9217;63101;2;31550;1
9218;63102;89;709;1
9219;63103;43;1467;22
9220;63125;2;31562;1
9221;63126;5;12625;1
9222;63127;5;12625;2
9223;63129;2;31564;1
9224;63130;3;21043;1
9225;63131;3;21043;2
9226;63133;2;31566;1
9227;63134;7;9019;1
9228;63135;11;5739;6
9229;63141;2;31570;1
9230;63142;3;21047;1
9231;63143;3;21047;2
9232;63145;2;31572;1
9233;63146;5;12629;1
9234;63147;5;12629;2
9235;63149;2;31574;1
9236;63150;63149;1;1
9237;63151;73;865;6
9238;63157;2;31578;1
9239;63158;137;461;1
9240;63159;137;461;2
9241;63161;2;31580;1
9242;63162;7;9023;1
9243;63163;7;9023;2
9244;63165;2;31582;1
9245;63166;3;21055;1
9246;63167;73;865;22
9247;63189;2;31594;1
9248;63190;3;21063;1
9249;63191;3;21063;2
9250;63193;2;31596;1
9251;63194;13;4861;1
9252;63195;13;4861;2
9253;63197;2;31598;1
9254;63198;63197;1;1
9255;63199;13;4861;6
9256;63205;2;31602;1
9257;63206;5;12641;1
9258;63207;5;12641;2
9259;63209;2;31604;1
9260;63210;31;2039;1
9261;63211;31;2039;2
9262;63213;2;31606;1
9263;63214;3;21071;1
9264;63215;31;2039;6
9265;63221;2;31610;1
9266;63222;191;331;1
9267;63223;191;331;2
9268;63225;2;31612;1
9269;63226;3;21075;1
9270;63227;3;21075;2
9271;63229;2;31614;1
9272;63230;53;1193;1
9273;63231;173;365;86
9274;63317;2;31658;1
9275;63318;63317;1;1
9276;63319;63317;1;2
9277;63321;2;31660;1
9278;63322;3;21107;1
9279;63323;3;21107;2
9280;63325;2;31662;1
9281;63326;5;12665;1
9282;63327;21107;3;6
9283;63333;2;31666;1
9284;63334;3;21111;1
9285;63335;3;21111;2
9286;63337;2;31668;1
9287;63338;63337;1;1
9288;63339;63337;1;2
9289;63341;2;31670;1
9290;63342;97;653;1
9291;63343;63337;1;6
9292;63349;2;31674;1
9293;63350;11;5759;1
9294;63351;11;5759;2
9295;63353;2;31676;1
9296;63354;63353;1;1
9297;63355;63353;1;2
9298;63357;2;31678;1
9299;63358;3;21119;1
9300;63359;63337;1;22
9301;63381;2;31690;1
9302;63382;3;21127;1
9303;63383;3;21127;2
9304;63385;2;31692;1
9305;63386;5;12677;1
9306;63387;5;12677;2
9307;63389;2;31694;1
9308;63390;63389;1;1
9309;63391;7;9055;6
9310;63397;2;31698;1
9311;63398;63397;1;1
9312;63399;63397;1;2
9313;63401;2;31700;1
9314;63402;13;4877;1
9315;63403;13;4877;2
9316;63405;2;31702;1
9317;63406;3;21135;1
9318;63407;13;4877;6
9319;63413;2;31706;1
9320;63414;7;9059;1
9321;63415;7;9059;2
9322;63417;2;31708;1
9323;63418;3;21139;1
9324;63419;3;21139;2
9325;63421;2;31710;1
9326;63422;63421;1;1
9327;63423;4877;13;22
9328;63445;2;31722;1
9329;63446;5;12689;1
9330;63447;5;12689;2
9331;63449;2;31724;1
9332;63450;67;947;1
9333;63451;67;947;2
9334;63453;2;31726;1
9335;63454;3;21151;1
9336;63455;67;947;6
9337;63461;2;31730;1
9338;63462;17;3733;1
9339;63463;17;3733;2
9340;63465;2;31732;1
9341;63466;3;21155;1
9342;63467;3;21155;2
9343;63469;2;31734;1
9344;63470;7;9067;1
9345;63471;15;4231;6
9346;63477;2;31738;1
9347;63478;3;21159;1
9348;63479;3;21159;2
9349;63481;2;31740;1
9350;63482;11;5771;1
9351;63483;11;5771;2
9352;63485;2;31742;1
9353;63486;5;12697;1
9354;63487;365;173;342
9355;63829;2;31914;1
9356;63830;29;2201;1
9357;63831;29;2201;2
9358;63833;2;31916;1
9359;63834;7;9119;1
9360;63835;7;9119;2
9361;63837;2;31918;1
9362;63838;3;21279;1
9363;63839;7;9119;6
9364;63845;2;31922;1
9365;63846;5;12769;1
9366;63847;5;12769;2
9367;63849;2;31924;1
9368;63850;3;21283;1
9369;63851;3;21283;2
9370;63853;2;31926;1
9371;63854;63853;1;1
9372;63855;21283;3;6
9373;63861;2;31930;1
9374;63862;3;21287;1
9375;63863;3;21287;2
9376;63865;2;31932;1
9377;63866;5;12773;1
9378;63867;5;12773;2
9379;63869;2;31934;1
9380;63870;13;4913;1
9381;63871;21283;3;22
9382;63893;2;31946;1
9383;63894;181;353;1
9384;63895;181;353;2
9385;63897;2;31948;1
9386;63898;3;21299;1
9387;63899;3;21299;2
9388;63901;2;31950;1
9389;63902;63901;1;1
9390;63903;19;3363;6
9391;63909;2;31954;1
9392;63910;3;21303;1
9393;63911;3;21303;2
9394;63913;2;31956;1
9395;63914;63913;1;1
9396;63915;63913;1;2
9397;63917;2;31958;1
9398;63918;7;9131;1
9399;63919;63913;1;6
9400;63925;2;31962;1
9401;63926;5;12785;1
9402;63927;5;12785;2
9403;63929;2;31964;1
9404;63930;63929;1;1
9405;63931;63929;1;2
9406;63933;2;31966;1
9407;63934;3;21311;1
9408;63935;63913;1;22
9409;63957;2;31978;1
9410;63958;3;21319;1
9411;63959;3;21319;2
9412;63961;2;31980;1
9413;63962;167;383;1
9414;63963;167;383;2
9415;63965;2;31982;1
9416;63966;5;12793;1
9417;63967;167;383;6
9418;63973;2;31986;1
9419;63974;7;9139;1
9420;63975;7;9139;2
9421;63977;2;31988;1
9422;63978;63977;1;1
9423;63979;63977;1;2
9424;63981;2;31990;1
9425;63982;3;21327;1
9426;63983;63977;1;6
9427;63989;2;31994;1
9428;63990;61;1049;1
9429;63991;61;1049;2
9430;63993;2;31996;1
9431;63994;3;21331;1
9432;63995;3;21331;2
9433;63997;2;31998;1
9434;63998;63997;1;1
9435;63999;63913;1;86
9436;64085;2;32042;1
9437;64086;5;12817;1
9438;64087;5;12817;2
9439;64089;2;32044;1
9440;64090;3;21363;1
9441;64091;3;21363;2
9442;64093;2;32046;1
9443;64094;107;599;1
9444;64095;9;7121;6
9445;64101;2;32050;1
9446;64102;3;21367;1
9447;64103;3;21367;2
9448;64105;2;32052;1
9449;64106;5;12821;1
9450;64107;5;12821;2
9451;64109;2;32054;1
9452;64110;64109;1;1
9453;64111;12821;5;6
9454;64117;2;32058;1
9455;64118;97;661;1
9456;64119;97;661;2
9457;64121;2;32060;1
9458;64122;37;1733;1
9459;64123;37;1733;2
9460;64125;2;32062;1
9461;64126;3;21375;1
9462;64127;12821;5;22
9463;64149;2;32074;1
9464;64150;3;21383;1
9465;64151;3;21383;2
9466;64153;2;32076;1
9467;64154;64153;1;1
9468;64155;64153;1;2
9469;64157;2;32078;1
9470;64158;64157;1;1
9471;64159;64153;1;6
9472;64165;2;32082;1
9473;64166;5;12833;1
9474;64167;5;12833;2
9475;64169;2;32084;1
9476;64170;7;9167;1
9477;64171;7;9167;2
9478;64173;2;32086;1
9479;64174;3;21391;1
9480;64175;7;9167;6
9481;64181;2;32090;1
9482;64182;13;4937;1
9483;64183;13;4937;2
9484;64185;2;32092;1
9485;64186;3;21395;1
9486;64187;3;21395;2
9487;64189;2;32094;1
9488;64190;64189;1;1
9489;64191;89;721;22
9490;64213;2;32106;1
9491;64214;157;409;1
9492;64215;157;409;2
9493;64217;2;32108;1
9494;64218;64217;1;1
9495;64219;64217;1;2
9496;64221;2;32110;1
9497;64222;3;21407;1
9498;64223;64217;1;6
9499;64229;2;32114;1
9500;64230;11;5839;1
9501;64231;11;5839;2
9502;64233;2;32116;1
9503;64234;3;21411;1
9504;64235;3;21411;2
9505;64237;2;32118;1
9506;64238;64237;1;1
9507;64239;9;7137;6
9508;64245;2;32122;1
9509;64246;3;21415;1
9510;64247;3;21415;2
9511;64249;2;32124;1
9512;64250;47;1367;1
9513;64251;47;1367;2
9514;64253;2;32126;1
9515;64254;7;9179;1
9516;64255;89;721;86
9517;64341;2;32170;1
9518;64342;3;21447;1
9519;64343;3;21447;2
9520;64345;2;32172;1
9521;64346;5;12869;1
9522;64347;5;12869;2
9523;64349;2;32174;1
9524;64350;229;281;1
9525;64351;17;3785;6
9526;64357;2;32178;1
9527;64358;139;463;1
9528;64359;139;463;2
9529;64361;2;32180;1
9530;64362;11;5851;1
9531;64363;11;5851;2
9532;64365;2;32182;1
9533;64366;3;21455;1
9534;64367;11;5851;6
9535;64373;2;32186;1
9536;64374;64373;1;1
9537;64375;64373;1;2
9538;64377;2;32188;1
9539;64378;3;21459;1
9540;64379;3;21459;2
9541;64381;2;32190;1
9542;64382;64381;1;1
9543;64383;5851;11;22
9544;64405;2;32202;1
9545;64406;5;12881;1
9546;64407;5;12881;2
9547;64409;2;32204;1
9548;64410;29;2221;1
9549;64411;29;2221;2
9550;64413;2;32206;1
9551;64414;3;21471;1
9552;64415;29;2221;6
9553;64421;2;32210;1
9554;64422;7;9203;1
9555;64423;7;9203;2
9556;64425;2;32212;1
9557;64426;3;21475;1
9558;64427;3;21475;2
9559;64429;2;32214;1
9560;64430;19;3391;1
9561;64431;15;4295;6
9562;64437;2;32218;1
9563;64438;3;21479;1
9564;64439;3;21479;2
9565;64441;2;32220;1
9566;64442;13;4957;1
9567;64443;13;4957;2
9568;64445;2;32222;1
9569;64446;5;12889;1
9570;64447;25;2577;22
9571;64469;2;32234;1
9572;64470;23;2803;1
9573;64471;23;2803;2
9574;64473;2;32236;1
9575;64474;3;21491;1
9576;64475;3;21491;2
9577;64477;2;32238;1
9578;64478;7;9211;1
9579;64479;21491;3;6
9580;64485;2;32242;1
9581;64486;3;21495;1
9582;64487;3;21495;2
9583;64489;2;32244;1
9584;64490;64489;1;1
9585;64491;64489;1;2
9586;64493;2;32246;1
9587;64494;11;5863;1
9588;64495;64489;1;6
9589;64501;2;32250;1
9590;64502;53;1217;1
9591;64503;53;1217;2
9592;64505;2;32252;1
9593;64506;5;12901;1
9594;64507;5;12901;2
9595;64509;2;32254;1
9596;64510;3;21503;1
9597;64511;623;103;342
9598;64853;2;32426;1
9599;64854;64853;1;1
9600;64855;64853;1;2
9601;64857;2;32428;1
9602;64858;3;21619;1
9603;64859;3;21619;2
9604;64861;2;32430;1
9605;64862;37;1753;1
9606;64863;13;4989;6
9607;64869;2;32434;1
9608;64870;3;21623;1
9609;64871;3;21623;2
9610;64873;2;32436;1
9611;64874;29;2237;1
9612;64875;29;2237;2
9613;64877;2;32438;1
9614;64878;64877;1;1
9615;64879;29;2237;6
9616;64885;2;32442;1
9617;64886;5;12977;1
9618;64887;5;12977;2
9619;64889;2;32444;1
9620;64890;11;5899;1
9621;64891;11;5899;2
9622;64893;2;32446;1
9623;64894;3;21631;1
9624;64895;29;2237;22
9625;64917;2;32458;1
9626;64918;3;21639;1
9627;64919;3;21639;2
9628;64921;2;32460;1
9629;64922;64921;1;1
9630;64923;64921;1;2
9631;64925;2;32462;1
9632;64926;5;12985;1
9633;64927;64921;1;6
9634;64933;2;32466;1
9635;64934;11;5903;1
9636;64935;11;5903;2
9637;64937;2;32468;1
9638;64938;64937;1;1
9639;64939;64937;1;2
9640;64941;2;32470;1
9641;64942;3;21647;1
9642;64943;64937;1;6
9643;64949;2;32474;1
9644;64950;107;607;1
9645;64951;107;607;2
9646;64953;2;32476;1
9647;64954;3;21651;1
9648;64955;3;21651;2
9649;64957;2;32478;1
9650;64958;17;3821;1
9651;64959;64937;1;22
9652;64981;2;32490;1
9653;64982;7;9283;1
9654;64983;7;9283;2
9655;64985;2;32492;1
9656;64986;5;12997;1
9657;64987;5;12997;2
9658;64989;2;32494;1
9659;64990;3;21663;1
9660;64991;41;1585;6
9661;64997;2;32498;1
9662;64998;64997;1;1
9663;64999;64997;1;2
9664;65001;2;32500;1
9665;65002;3;21667;1
9666;65003;3;21667;2
9667;65005;2;32502;1
9668;65006;5;13001;1
9669;65007;47;1383;6
9670;65013;2;32506;1
9671;65014;3;21671;1
9672;65015;3;21671;2
9673;65017;2;32508;1
9674;65018;79;823;1
9675;65019;79;823;2
9676;65021;2;32510;1
9677;65022;11;5911;1
9678;65023;64937;1;86
9679;65109;2;32554;1
9680;65110;3;21703;1
9681;65111;3;21703;2
9682;65113;2;32556;1
9683;65114;19;3427;1
9684;65115;19;3427;2
9685;65117;2;32558;1
9686;65118;13;5009;1
9687;65119;19;3427;6
9688;65125;2;32562;1
9689;65126;5;13025;1
9690;65127;5;13025;2
9691;65129;2;32564;1
9692;65130;65129;1;1
9693;65131;65129;1;2
9694;65133;2;32566;1
9695;65134;3;21711;1
9696;65135;65129;1;6
9697;65141;2;32570;1
9698;65142;65141;1;1
9699;65143;65141;1;2
9700;65145;2;32572;1
9701;65146;3;21715;1
9702;65147;3;21715;2
9703;65149;2;32574;1
9704;65150;7;9307;1
9705;65151;65129;1;22
9706;65173;2;32586;1
9707;65174;65173;1;1
9708;65175;65173;1;2
9709;65177;2;32588;1
9710;65178;7;9311;1
9711;65179;7;9311;2
9712;65181;2;32590;1
9713;65182;3;21727;1
9714;65183;7;9311;6
9715;65189;2;32594;1
9716;65190;19;3431;1
9717;65191;19;3431;2
9718;65193;2;32596;1
9719;65194;3;21731;1
9720;65195;3;21731;2
9721;65197;2;32598;1
9722;65198;11;5927;1
9723;65199;31;2103;6
9724;65205;2;32602;1
9725;65206;3;21735;1
9726;65207;3;21735;2
9727;65209;2;32604;1
9728;65210;61;1069;1
9729;65211;61;1069;2
9730;65213;2;32606;1
9731;65214;65213;1;1
9732;65215;31;2103;22
9733;65237;2;32618;1
9734;65238;89;733;1
9735;65239;89;733;2
9736;65241;2;32620;1
9737;65242;3;21747;1
9738;65243;3;21747;2
9739;65245;2;32622;1
9740;65246;5;13049;1
9741;65247;9;7249;6
9742;65253;2;32626;1
9743;65254;3;21751;1
9744;65255;3;21751;2
9745;65257;2;32628;1
9746;65258;65257;1;1
9747;65259;65257;1;2
9748;65261;2;32630;1
9749;65262;7;9323;1
9750;65263;65257;1;6
9751;65269;2;32634;1
9752;65270;65269;1;1
9753;65271;65269;1;2
9754;65273;2;32636;1
9755;65274;13;5021;1
9756;65275;13;5021;2
9757;65277;2;32638;1
9758;65278;3;21759;1
9759;65279;93;701;86
9760;65365;2;32682;1
9761;65366;5;13073;1
9762;65367;5;13073;2
9763;65369;2;32684;1
9764;65370;131;499;1
9765;65371;131;499;2
9766;65373;2;32686;1
9767;65374;3;21791;1
9768;65375;131;499;6
9769;65381;2;32690;1
9770;65382;65381;1;1
9771;65383;65381;1;2
9772;65385;2;32692;1
9773;65386;3;21795;1
9774;65387;3;21795;2
9775;65389;2;32694;1
9776;65390;23;2843;1
9777;65391;9;7265;6
9778;65397;2;32698;1
9779;65398;3;21799;1
9780;65399;3;21799;2
9781;65401;2;32700;1
9782;65402;7;9343;1
9783;65403;7;9343;2
9784;65405;2;32702;1
9785;65406;5;13081;1
9786;65407;45;1453;22
9787;65429;2;32714;1
9788;65430;7;9347;1
9789;65431;7;9347;2
9790;65433;2;32716;1
9791;65434;3;21811;1
9792;65435;3;21811;2
9793;65437;2;32718;1
9794;65438;65437;1;1
9795;65439;17;3849;6
9796;65445;2;32722;1
9797;65446;3;21815;1
9798;65447;3;21815;2
9799;65449;2;32724;1
9800;65450;65449;1;1
9801;65451;65449;1;2
9802;65453;2;32726;1
9803;65454;29;2257;1
9804;65455;65449;1;6
9805;65461;2;32730;1
9806;65462;11;5951;1
9807;65463;11;5951;2
9808;65465;2;32732;1
9809;65466;5;13093;1
9810;65467;5;13093;2
9811;65469;2;32734;1
9812;65470;3;21823;1
9813;65471;65449;1;22
9814;65493;2;32746;1
9815;65494;3;21831;1
9816;65495;3;21831;2
9817;65497;2;32748;1
9818;65498;65497;1;1
9819;65499;65497;1;2
9820;65501;2;32750;1
9821;65502;17;3853;1
9822;65503;65497;1;6
9823;65509;2;32754;1
9824;65510;109;601;1
9825;65511;109;601;2
9826;65513;2;32756;1
9827;65514;7;9359;1
9828;65515;7;9359;2
9829;65517;2;32758;1
9830;65518;3;21839;1
9831;65519;7;9359;6
9832;65525;2;32762;1
9833;65526;5;13105;1
9834;65527;5;13105;2
9835;65529;2;32764;1
9836;65530;3;21843;1
9837;65531;3;21843;2
9838;65533;2;32766;1
9839;65534;13;5041;1
9840;65535;43689;1;21846
9841;87381;2;43690;1
9842;87382;3;29127;1
9843;87383;3;29127;2
9844;87385;2;43692;1
9845;87386;5;17477;1
9846;87387;5;17477;2
9847;87389;2;43694;1
9848;87390;31;2819;1
9849;87391;17477;5;6
9850;87397;2;43698;1
9851;87398;17;5141;1
9852;87399;17;5141;2
9853;87401;2;43700;1
9854;87402;71;1231;1
9855;87403;71;1231;2
9856;87405;2;43702;1
9857;87406;3;29135;1
9858;87407;71;1231;6
9859;87413;2;43706;1
9860;87414;61;1433;1
9861;87415;61;1433;2
9862;87417;2;43708;1
9863;87418;3;29139;1
9864;87419;3;29139;2
9865;87421;2;43710;1
9866;87422;87421;1;1
9867;87423;71;1231;22
9868;87445;2;43722;1
9869;87446;5;17489;1
9870;87447;5;17489;2
9871;87449;2;43724;1
9872;87450;157;557;1
9873;87451;157;557;2
9874;87453;2;43726;1
9875;87454;3;29151;1
9876;87455;157;557;6
9877;87461;2;43730;1
9878;87462;11;7951;1
9879;87463;11;7951;2
9880;87465;2;43732;1
9881;87466;3;29155;1
9882;87467;3;29155;2
9883;87469;2;43734;1
9884;87470;23;3803;1
9885;87471;7;12495;6
9886;87477;2;43738;1
9887;87478;3;29159;1
9888;87479;3;29159;2
9889;87481;2;43740;1
9890;87482;87481;1;1
9891;87483;87481;1;2
9892;87485;2;43742;1
9893;87486;5;17497;1
9894;87487;35;2499;22
9895;87509;2;43754;1
9896;87510;87509;1;1
9897;87511;87509;1;2
9898;87513;2;43756;1
9899;87514;3;29171;1
9900;87515;3;29171;2
9901;87517;2;43758;1
9902;87518;87517;1;1
9903;87519;31;2823;6
9904;87525;2;43762;1
9905;87526;3;29175;1
9906;87527;3;29175;2
9907;87529;2;43764;1
9908;87530;13;6733;1
9909;87531;13;6733;2
9910;87533;2;43766;1
9911;87534;17;5149;1
9912;87535;13;6733;6
9913;87541;2;43770;1
9914;87542;87541;1;1
9915;87543;87541;1;2
9916;87545;2;43772;1
9917;87546;5;17509;1
9918;87547;5;17509;2
9919;87549;2;43774;1
9920;87550;3;29183;1
9921;87551;105;833;86
9922;87637;2;43818;1
9923;87638;11;7967;1
9924;87639;11;7967;2
9925;87641;2;43820;1
9926;87642;87641;1;1
9927;87643;87641;1;2
9928;87645;2;43822;1
9929;87646;3;29215;1
9930;87647;87641;1;6
9931;87653;2;43826;1
9932;87654;23;3811;1
9933;87655;23;3811;2
9934;87657;2;43828;1
9935;87658;3;29219;1
9936;87659;3;29219;2
9937;87661;2;43830;1
9938;87662;7;12523;1
9939;87663;61;1437;6
9940;87669;2;43834;1
9941;87670;3;29223;1
9942;87671;3;29223;2
9943;87673;2;43836;1
9944;87674;73;1201;1
9945;87675;73;1201;2
9946;87677;2;43838;1
9947;87678;43;2039;1
9948;87679;61;1437;22
9949;87701;2;43850;1
9950;87702;87701;1;1
9951;87703;87701;1;2
9952;87705;2;43852;1
9953;87706;3;29235;1
9954;87707;3;29235;2
9955;87709;2;43854;1
9956;87710;139;631;1
9957;87711;9;9745;6
9958;87717;2;43858;1
9959;87718;3;29239;1
9960;87719;3;29239;2
9961;87721;2;43860;1
9962;87722;87721;1;1
9963;87723;87721;1;2
9964;87725;2;43862;1
9965;87726;5;17545;1
9966;87727;87721;1;6
9967;87733;2;43866;1
9968;87734;59;1487;1
9969;87735;59;1487;2
9970;87737;2;43868;1
9971;87738;13;6749;1
9972;87739;13;6749;2
9973;87741;2;43870;1
9974;87742;3;29247;1
9975;87743;87721;1;22
9976;87765;2;43882;1
9977;87766;3;29255;1
9978;87767;3;29255;2
9979;87769;2;43884;1
9980;87770;11;7979;1
9981;87771;11;7979;2
9982;87773;2;43886;1
9983;87774;7;12539;1
9984;87775;11;7979;6
9985;87781;2;43890;1
9986;87782;41;2141;1
9987;87783;41;2141;2
9988;87785;2;43892;1
9989;87786;5;17557;1
9990;87787;5;17557;2
9991;87789;2;43894;1
9992;87790;3;29263;1
9993;87791;97;905;6
9994;87797;2;43898;1
9995;87798;87797;1;1
9996;87799;87797;1;2
9997;87801;2;43900;1
9998;87802;3;29267;1
9999;87803;3;29267;2
