n;A027697;weight;level;jump
1;2;0;0;5
2;7;0;0;4
3;11;3;3;2
4;13;7;1;6
5;19;0;0;12
6;31;25;1;6
7;37;11;3;4
8;41;7;5;6
9;47;35;1;12
10;59;3;19;2
11;61;11;5;6
12;67;61;1;6
13;73;67;1;6
14;79;61;1;18
15;97;7;13;6
16;103;9;11;4
17;107;3;35;2
18;109;91;1;18
19;127;41;3;4
20;131;25;5;6
21;137;41;3;14
22;151;29;5;6
23;157;21;7;10
24;167;7;23;6
25;173;167;1;6
26;179;3;59;2
27;181;19;9;10
28;191;3;63;2
29;193;11;17;6
30;199;17;11;12
31;211;199;1;12
32;223;73;3;4
33;227;3;75;2
34;229;5;45;4
35;233;227;1;6
36;239;3;79;2
37;241;11;21;10
38;251;21;11;20
39;271;37;7;12
40;283;37;7;24
41;307;7;43;6
42;313;59;5;18
43;331;59;5;36
44;367;71;5;12
45;379;19;19;18
46;397;35;11;12
47;409;19;21;10
48;419;3;139;2
49;421;137;3;10
50;431;3;143;2
51;433;7;61;6
52;439;5;87;4
53;443;33;13;14
54;457;11;41;6
55;463;439;1;24
56;487;7;69;4
57;491;21;23;8
58;499;53;9;22
59;521;167;3;20
60;541;21;25;16
61;557;19;29;6
62;563;557;1;6
63;569;11;51;8
64;577;21;27;10
65;587;191;3;14
66;601;7;85;6
67;607;601;1;6
68;613;7;87;4
69;617;67;9;14
70;631;23;27;10
71;641;127;5;6
72;647;641;1;6
73;653;647;1;6
74;659;3;219;2
75;661;43;15;16
76;677;653;1;24
77;701;9;77;8
78;709;233;3;10
79;719;9;79;8
80;727;7;103;6
81;733;241;3;10
82;743;27;27;14
83;757;251;3;4
84;761;251;3;8
85;769;751;1;18
86;787;45;17;22
87;809;15;53;14
88;823;7;117;4
89;827;3;275;2
90;829;47;17;30
91;859;29;29;18
92;877;13;67;6
93;883;45;19;28
94;911;21;43;8
95;919;101;9;10
96;929;131;7;12
97;941;11;85;6
98;947;941;1;6
99;953;313;3;14
100;967;9;107;4
101;971;317;3;20
102;991;197;5;6
103;997;197;5;12
104;1009;27;37;10
105;1019;3;339;2
106;1021;1009;1;12
107;1033;13;79;6
108;1039;13;79;12
109;1051;1039;1;12
110;1063;7;151;6
111;1069;1051;1;18
112;1087;71;15;22
113;1109;15;73;14
114;1123;1117;1;6
115;1129;65;17;24
116;1153;127;9;10
117;1163;11;105;8
118;1171;21;55;16
119;1187;1181;1;6
120;1193;15;79;8
121;1201;29;41;12
122;1213;239;5;18
123;1231;1213;1;18
124;1249;21;59;10
125;1259;21;59;20
126;1279;181;7;12
127;1291;21;61;10
128;1301;21;61;20
129;1321;263;5;6
130;1327;431;3;34
131;1361;271;5;6
132;1367;1361;1;6
133;1373;63;21;50
134;1423;1399;1;24
135;1447;13;111;4
136;1451;3;483;2
137;1453;1447;1;6
138;1459;1447;1;12
139;1471;1459;1;12
140;1483;491;3;10
141;1493;97;15;38
142;1531;31;49;12
143;1543;29;53;6
144;1549;1531;1;18
145;1567;521;3;4
146;1571;1559;1;12
147;1583;523;3;14
148;1597;317;5;12
149;1609;37;43;18
150;1627;1597;1;30
151;1657;13;127;6
152;1663;7;237;4
153;1667;3;555;2
154;1669;35;47;24
155;1693;563;3;4
156;1697;337;5;12
157;1709;1697;1;12
158;1721;21;81;20
159;1741;347;5;6
160;1747;1741;1;6
161;1753;1747;1;6
162;1759;1741;1;18
163;1777;7;253;6
164;1783;593;3;4
165;1787;3;595;2
166;1789;1777;1;12
167;1801;77;23;30
168;1831;359;5;36
169;1867;619;3;10
170;1877;1823;1;54
171;1931;3;643;2
172;1933;383;5;18
173;1951;641;3;28
174;1979;9;219;8
175;1987;7;283;6
176;1993;1987;1;6
177;1999;1987;1;12
178;2011;401;5;6
179;2017;223;9;10
180;2027;3;675;2
181;2029;401;5;24
182;2053;227;9;10
183;2063;409;5;18
184;2081;25;83;6
185;2087;25;83;12
186;2099;2087;1;12
187;2111;3;703;2
188;2113;419;5;18
189;2131;17;125;6
190;2137;2131;1;6
191;2143;27;79;10
192;2153;11;195;8
193;2161;47;45;46
194;2207;31;71;6
195;2213;199;11;24
196;2237;23;97;6
197;2243;317;7;24
198;2267;3;755;2
199;2269;5;453;4
200;2273;751;3;20
201;2293;7;327;4
202;2297;761;3;14
203;2311;761;3;28
204;2339;3;779;2
205;2341;21;111;10
206;2351;21;111;20
207;2371;11;215;6
208;2377;2371;1;6
209;2383;157;15;28
210;2411;45;53;26
211;2437;811;3;4
212;2441;487;5;6
213;2447;487;5;12
214;2459;2441;1;18
215;2477;43;57;26
216;2503;35;71;18
217;2521;27;93;10
218;2531;229;11;12
219;2543;13;195;8
220;2551;509;5;6
221;2557;39;65;22
222;2579;17;151;12
223;2591;31;83;18
224;2609;49;53;12
225;2621;2609;1;12
226;2633;27;97;14
227;2647;293;9;10
228;2657;11;241;6
229;2663;883;3;14
230;2677;21;127;10
231;2687;7;383;6
232;2693;25;107;18
233;2711;23;117;20
234;2731;907;3;10
235;2741;2729;1;12
236;2753;2729;1;24
237;2777;35;79;12
238;2789;2777;1;12
239;2801;23;121;18
240;2819;15;187;14
241;2833;941;3;10
242;2843;25;113;18
243;2861;2843;1;18
244;2879;9;319;8
245;2887;2857;1;30
246;2917;17;171;10
247;2927;53;55;12
248;2939;23;127;18
249;2957;13;227;6
250;2963;2957;1;6
251;2969;2939;1;30
252;2999;29;103;12
253;3011;2999;1;12
254;3023;17;177;14
255;3037;9;337;4
256;3041;53;57;20
257;3061;179;17;18
258;3079;5;615;4
259;3083;1019;3;26
260;3109;1033;3;10
261;3119;3;1039;2
262;3121;3079;1;42
263;3163;7;451;6
264;3169;41;77;12
265;3181;25;127;6
266;3187;21;151;16
267;3203;23;139;6
268;3209;11;291;8
269;3217;641;5;12
270;3229;1069;3;22
271;3251;3;1083;2
272;3253;9;361;4
273;3257;23;141;14
274;3271;47;69;28
275;3299;3;1099;2
276;3301;13;253;12
277;3313;3307;1;6
278;3319;5;663;4
279;3323;13;255;8
280;3331;3319;1;12
281;3343;19;175;18
282;3361;1117;3;10
283;3371;3;1123;2
284;3373;55;61;18
285;3391;1123;3;22
286;3413;29;117;20
287;3433;487;7;24
288;3457;7;493;6
289;3463;1153;3;4
290;3467;3;1155;2
291;3469;383;9;22
292;3491;39;89;20
293;3511;701;5;6
294;3517;701;5;12
295;3529;3511;1;18
296;3547;35;101;12
297;3559;3547;1;12
298;3571;3559;1;12
299;3583;397;9;10
300;3593;1193;3;14
301;3607;13;277;6
302;3613;9;401;4
303;3617;23;157;6
304;3623;401;9;14
305;3637;241;15;22
306;3659;15;243;14
307;3673;41;89;24
308;3697;55;67;12
309;3709;27;137;10
310;3719;15;247;14
311;3733;39;95;28
312;3761;751;5;6
313;3767;751;5;12
314;3779;15;251;14
315;3793;13;291;10
316;3803;757;5;18
317;3821;13;293;12
318;3833;19;201;14
319;3847;7;549;4
320;3851;3;1283;2
321;3853;547;7;24
322;3877;1291;3;4
323;3881;1291;3;8
324;3889;49;79;18
325;3907;19;205;12
326;3919;3907;1;12
327;3931;3919;1;12
328;3943;13;303;4
329;3947;21;187;20
330;3967;57;69;34
331;4001;17;235;6
332;4007;4001;1;6
333;4013;4007;1;6
334;4019;3;1339;2
335;4021;307;13;30
336;4051;809;5;6
337;4057;449;9;16
338;4073;7;581;6
339;4079;49;83;12
340;4091;3;1363;2
341;4093;61;67;6
342;4099;61;67;12
343;4111;4093;1;18
344;4129;1373;3;10
345;4139;15;275;14
346;4153;11;377;6
347;4159;179;23;42
348;4201;47;89;18
349;4219;601;7;12
350;4231;4219;1;12
351;4243;1409;3;16
352;4259;3;1419;2
353;4261;13;327;10
354;4271;3;1423;2
355;4273;21;203;10
356;4283;1423;3;14
357;4297;251;17;30
358;4327;863;5;12
359;4339;863;5;24
360;4363;1451;3;10
361;4373;173;25;48
362;4421;1453;3;62
363;4483;49;91;24
364;4507;7;643;6
365;4513;4507;1;6
366;4519;5;903;4
367;4523;81;55;68
368;4591;19;241;12
369;4603;35;131;18
370;4621;4603;1;18
371;4639;5;927;4
372;4643;4637;1;6
373;4649;13;357;8
374;4657;4651;1;6
375;4663;4603;1;60
376;4723;53;89;6
377;4729;523;9;22
378;4751;9;527;8
379;4759;57;83;28
380;4787;3;1595;2
381;4789;5;957;4
382;4793;4787;1;6
383;4799;3;1599;2
384;4801;4789;1;12
385;4813;35;137;18
386;4831;4801;1;30
387;4861;61;79;42
388;4903;59;83;6
389;4909;373;13;60
390;4969;4951;1;18
391;4987;17;293;6
392;4993;4987;1;6
393;4999;5;999;4
394;5003;9;555;8
395;5011;4999;1;12
396;5023;1669;3;16
397;5039;457;11;12
398;5051;41;123;8
399;5059;239;21;40
400;5099;3;1699;2
401;5101;1019;5;6
402;5107;5101;1;6
403;5113;5107;1;6
404;5119;461;11;48
405;5167;1031;5;12
406;5179;1723;3;10
407;5189;51;101;38
408;5227;37;141;10
409;5237;577;9;44
410;5281;169;31;42
411;5323;11;483;10
412;5333;27;197;14
413;5347;69;77;34
414;5381;13;413;12
415;5393;5387;1;6
416;5399;33;163;20
417;5419;257;21;22
418;5441;773;7;30
419;5471;1093;5;6
420;5477;41;133;24
421;5501;111;49;62
422;5563;617;9;10
423;5573;55;101;18
424;5591;1847;3;50
425;5641;7;805;6
426;5647;23;245;12
427;5659;35;161;24
428;5683;7;811;6
429;5689;37;153;28
430;5717;27;211;20
431;5737;11;521;6
432;5743;439;13;36
433;5779;73;79;12
434;5791;41;141;10
435;5801;19;305;6
436;5807;1931;3;14
437;5821;1163;5;6
438;5827;1163;5;12
439;5839;5827;1;12
440;5851;7;835;6
441;5857;1949;3;10
442;5867;3;1955;2
443;5869;5857;1;12
444;5881;5839;1;42
445;5923;69;85;58
446;5981;1973;3;62
447;6043;463;13;24
448;6067;11;551;6
449;6073;6067;1;6
450;6079;6067;1;12
451;6091;2027;3;10
452;6101;2027;3;20
453;6121;6091;1;30
454;6151;877;7;12
455;6163;557;11;36
456;6199;5;1239;4
457;6203;15;413;8
458;6211;17;365;6
459;6217;269;23;30
460;6247;49;127;24
461;6271;7;895;6
462;6277;2089;3;10
463;6287;25;251;12
464;6299;3;2099;2
465;6301;27;233;10
466;6311;13;485;6
467;6317;6311;1;6
468;6323;6317;1;6
469;6329;21;301;8
470;6337;13;487;6
471;6343;23;275;18
472;6361;31;205;6
473;6367;6361;1;6
474;6373;907;7;24
475;6397;6367;1;30
476;6427;337;19;24
477;6451;6373;1;78
478;6529;383;17;18
479;6547;31;211;6
480;6553;727;9;10
481;6563;79;83;6
482;6569;9;729;8
483;6577;6547;1;30
484;6607;1319;5;12
485;6619;23;287;18
486;6637;27;245;22
487;6659;3;2219;2
488;6661;61;109;12
489;6673;59;113;6
490;6679;13;513;10
491;6689;607;11;12
492;6701;23;291;8
493;6709;11;609;10
494;6719;15;447;14
495;6733;45;149;28
496;6761;613;11;18
497;6779;3;2259;2
498;6781;37;183;10
499;6791;6779;1;12
500;6803;521;13;30
501;6833;619;11;24
502;6857;13;527;6
503;6863;15;457;8
504;6871;2281;3;28
505;6899;71;97;12
506;6911;55;125;36
507;6947;3;2315;2
508;6949;27;257;10
509;6959;3;2319;2
510;6961;13;535;6
511;6967;11;633;4
512;6971;21;331;20
513;6991;33;211;28
514;7019;9;779;8
515;7027;23;305;12
516;7039;5;1407;4
517;7043;33;213;14
518;7057;1409;5;12
519;7069;13;543;10
520;7079;83;85;24
521;7103;337;21;26
522;7129;23;309;22
523;7151;2381;3;8
524;7159;37;193;18
525;7177;1021;7;30
526;7207;7;1029;4
527;7211;3;2403;2
528;7213;7207;1;6
529;7219;1439;5;24
530;7243;2411;3;10
531;7253;81;89;44
532;7297;21;347;10
533;7307;3;2435;2
534;7309;7297;1;12
535;7321;2437;3;10
536;7331;3;2443;2
537;7333;19;385;18
538;7351;7333;1;18
539;7369;65;113;24
540;7393;25;295;18
541;7411;1481;5;6
542;7417;59;125;42
543;7459;2467;3;58
544;7517;59;127;24
545;7541;23;327;20
546;7561;443;17;30
547;7591;13;583;12
548;7603;175;43;78
549;7681;25;307;6
550;7687;13;591;4
551;7691;13;591;8
552;7699;7681;1;18
553;7717;21;367;10
554;7727;857;9;14
555;7741;59;131;12
556;7753;61;127;6
557;7759;59;131;30
558;7789;39;199;28
559;7817;73;107;6
560;7823;35;223;18
561;7841;7829;1;12
562;7853;21;373;20
563;7873;7867;1;6
564;7879;5;1575;4
565;7883;29;271;24
566;7907;1579;5;12
567;7919;9;879;8
568;7927;89;89;6
569;7933;1583;5;18
570;7951;17;467;12
571;7963;7933;1;30
572;7993;25;319;18
573;8011;7963;1;48
574;8059;31;259;30
575;8089;41;197;12
576;8101;29;279;10
577;8111;13;623;12
578;8123;49;165;38
579;8161;7;1165;6
580;8167;9;907;4
581;8171;9;907;8
582;8179;8167;1;12
583;8191;743;11;18
584;8209;911;9;10
585;8219;3;2739;2
586;8221;17;483;10
587;8231;7;1175;6
588;8237;8231;1;6
589;8243;2741;3;20
590;8263;23;359;6
591;8269;37;223;18
592;8287;11;753;4
593;8291;3;2763;2
594;8293;9;921;4
595;8297;33;251;14
596;8311;11;755;6
597;8317;57;145;52
598;8369;1193;7;18
599;8387;3;2795;2
600;8389;557;15;34
601;8423;19;443;6
602;8429;647;13;18
603;8447;937;9;14
604;8461;19;445;6
605;8467;179;47;54
606;8521;13;655;6
607;8527;13;655;12
608;8539;65;131;24
609;8563;1709;5;18
610;8581;8563;1;18
611;8599;21;409;10
612;8609;71;121;18
613;8627;3;2875;2
614;8629;1231;7;12
615;8641;11;785;6
616;8647;1231;7;30
617;8677;7;1239;4
618;8681;21;413;8
619;8689;11;789;10
620;8699;787;11;42
621;8741;29;301;12
622;8753;61;143;30
623;8783;461;19;24
624;8807;1759;5;12
625;8819;3;2939;2
626;8821;11;801;10
627;8831;25;353;6
628;8837;25;353;12
629;8849;8837;1;12
630;8861;187;47;72
631;8933;1783;5;18
632;8951;1277;7;12
633;8963;13;689;6
634;8969;1277;7;30
635;8999;19;473;12
636;9011;3;3003;2
637;9013;691;13;30
638;9043;7;1291;6
639;9049;23;393;10
640;9059;63;143;50
641;9109;1009;9;28
642;9137;1013;9;20
643;9157;9;1017;4
644;9161;33;277;20
645;9181;43;213;22
646;9203;17;541;6
647;9209;91;101;18
648;9227;37;249;14
649;9241;25;369;16
650;9257;3079;3;20
651;9277;73;127;6
652;9283;1321;7;36
653;9319;5;1863;4
654;9323;29;321;14
655;9337;7;1333;6
656;9343;9337;1;6
657;9349;3109;3;22
658;9371;1873;5;6
659;9377;3119;3;20
660;9397;25;375;22
661;9419;3;3139;2
662;9421;97;97;12
663;9433;11;857;6
664;9439;35;269;24
665;9463;9;1051;4
666;9467;349;27;44
667;9511;379;25;36
668;9547;863;11;54
669;9601;43;223;12
670;9613;13;739;6
671;9619;13;739;12
672;9631;9613;1;18
673;9649;23;419;12
674;9661;9643;1;18
675;9679;9661;1;18
676;9697;569;17;24
677;9721;19;511;12
678;9733;21;463;10
679;9743;9719;1;24
680;9767;3251;3;14
681;9781;3257;3;10
682;9791;77;127;12
683;9803;15;653;8
684;9811;37;265;6
685;9817;37;265;12
686;9829;5;1965;4
687;9833;31;317;6
688;9839;31;317;12
689;9851;11;895;6
690;9857;31;317;30
691;9887;9851;1;36
692;9923;47;211;6
693;9929;27;367;20
694;9949;25;397;24
695;9973;523;19;36
696;10009;587;17;30
697;10039;3329;3;52
698;10091;3;3363;2
699;10093;7;1441;6
700;10099;77;131;12
701;10111;3361;3;28
702;10139;3;3379;2
703;10141;11;921;10
704;10151;10139;1;12
705;10163;7;1451;6
706;10169;9;1129;8
707;10177;49;207;34
708;10211;31;329;12
709;10223;31;329;24
710;10247;7;1463;6
711;10253;10247;1;6
712;10259;10247;1;12
713;10271;10253;1;18
714;10289;43;239;12
715;10301;10289;1;12
716;10313;9;1145;8
717;10321;21;491;10
718;10331;3;3443;2
719;10333;11;939;4
720;10337;10331;1;6
721;10343;33;313;14
722;10357;37;279;34
723;10391;79;131;42
724;10433;39;267;20
725;10453;9;1161;4
726;10457;7;1493;6
727;10463;73;143;24
728;10487;25;419;12
729;10499;3;3499;2
730;10501;17;617;12
731;10513;3499;3;16
732;10529;10499;1;30
733;10559;3517;3;8
734;10567;41;257;30
735;10597;9;1177;4
736;10601;13;815;6
737;10607;557;19;24
738;10631;341;31;60
739;10691;3557;3;20
740;10711;509;21;22
741;10733;17;631;6
742;10739;563;19;42
743;10781;65;165;56
744;10837;27;401;10
745;10847;37;293;6
746;10853;103;105;38
747;10891;1549;7;48
748;10939;3643;3;10
749;10949;25;437;24
750;10973;39;281;14
751;10987;41;267;40
752;11027;1571;7;30
753;11057;47;235;12
754;11069;43;257;18
755;11087;11057;1;30
756;11117;443;25;42
757;11159;2221;5;54
758;11213;55;203;48
759;11261;1607;7;12
760;11273;19;593;6
761;11279;13;867;8
762;11287;11257;1;30
763;11317;9;1257;4
764;11321;9;1257;8
765;11329;35;323;24
766;11353;3779;3;16
767;11369;15;757;14
768;11383;17;669;10
769;11393;59;193;6
770;11399;59;193;12
771;11411;11399;1;12
772;11423;11399;1;24
773;11447;11423;1;24
774;11471;1637;7;12
775;11483;23;499;6
776;11489;1637;7;30
777;11519;9;1279;8
778;11527;11503;1;24
779;11551;69;167;28
780;11579;19;609;8
781;11587;37;313;6
782;11593;503;23;24
783;11617;51;227;40
784;11657;27;431;20
785;11677;9;1297;4
786;11681;107;109;18
787;11699;3;3899;2
788;11701;1669;7;18
789;11719;23;509;12
790;11731;11719;1;12
791;11743;1301;9;34
792;11777;79;149;6
793;11783;11777;1;6
794;11789;11777;1;12
795;11801;7;1685;6
796;11807;11801;1;6
797;11813;35;337;18
798;11831;57;207;32
799;11863;59;201;4
800;11867;89;133;30
801;11897;11;1081;6
802;11903;11897;1;6
803;11909;23;517;18
804;11927;7;1703;6
805;11933;11897;1;36
806;11969;1087;11;12
807;11981;25;479;6
808;11987;69;173;50
809;12037;7;1719;4
810;12041;9;1337;8
811;12049;57;211;22
812;12071;33;365;26
813;12097;17;711;10
814;12107;3;4035;2
815;12109;35;345;34
816;12143;39;311;14
817;12157;4051;3;4
818;12161;97;125;36
819;12197;529;23;30
820;12227;35;349;12
821;12239;3;4079;2
822;12241;27;453;10
823;12251;3;4083;2
824;12253;11;1113;10
825;12263;7;1751;6
826;12269;61;201;8
827;12277;4091;3;4
828;12281;4091;3;8
829;12289;12277;1;12
830;12301;4093;3;22
831;12323;109;113;6
832;12329;15;821;14
833;12343;9;1371;4
834;12347;821;15;32
835;12379;83;149;12
836;12391;12373;1;18
837;12409;23;539;12
838;12421;12409;1;12
839;12433;51;243;40
840;12473;7;1781;6
841;12479;4157;3;8
842;12487;9;1387;4
843;12491;4157;3;20
844;12511;41;305;6
845;12517;11;1137;10
846;12527;2503;5;12
847;12539;3;4179;2
848;12541;23;545;6
849;12547;12541;1;6
850;12553;67;187;24
851;12577;13;967;6
852;12583;12577;1;6
853;12589;12577;1;12
854;12601;12583;1;18
855;12619;12541;1;78
856;12697;7;1813;6
857;12703;4231;3;10
858;12713;11;1155;8
859;12721;12703;1;18
860;12739;2543;5;24
861;12763;2549;5;18
862;12781;12763;1;18
863;12799;21;609;10
864;12809;15;853;14
865;12823;7;1831;6
866;12829;65;197;24
867;12853;1831;7;36
868;12889;27;477;10
869;12899;49;263;12
870;12911;11;1173;8
871;12919;5;2583;4
872;12923;29;445;18
873;12941;1847;7;12
874;12953;11;1177;6
875;12959;65;199;24
876;12983;2593;5;18
877;13001;23;565;6
878;13007;3;4335;2
879;13009;4327;3;28
880;13037;83;157;6
881;13043;13037;1;6
882;13049;15;869;14
883;13063;13033;1;30
884;13093;21;623;10
885;13103;1451;9;44
886;13147;37;355;12
887;13159;5;2631;4
888;13163;15;877;8
889;13171;2633;5;6
890;13177;13171;1;6
891;13183;23;573;4
892;13187;59;223;30
893;13217;19;695;12
894;13229;13217;1;12
895;13241;11;1203;8
896;13249;1471;9;10
897;13259;21;631;8
898;13267;31;427;30
899;13297;2657;5;12
900;13309;13291;1;18
901;13327;2663;5;12
902;13339;233;57;58
903;13397;1487;9;14
904;13411;7;1915;6
905;13417;59;227;24
906;13441;11;1221;10
907;13451;75;179;26
908;13477;67;201;10
909;13487;25;539;12
910;13499;15;899;14
911;13513;41;329;24
912;13537;1039;13;30
913;13567;1039;13;60
914;13627;907;15;22
915;13649;647;21;62
916;13711;19;721;12
917;13723;11;1247;6
918;13729;103;133;30
919;13759;57;241;22
920;13781;35;393;26
921;13807;77;179;24
922;13831;43;321;28
923;13859;15;923;14
924;13873;7;1981;6
925;13879;5;2775;4
926;13883;4621;3;20
927;13903;2777;5;18
928;13921;4637;3;10
929;13931;3;4643;2
930;13933;41;339;34
931;13967;77;181;30
932;13997;2797;5;12
933;14009;4663;3;20
934;14029;23;609;22
935;14051;53;265;6
936;14057;31;453;14
937;14071;17;827;12
938;14083;827;17;24
939;14107;14071;1;36
940;14143;97;145;78
941;14221;4733;3;22
942;14243;23;619;6
943;14249;677;21;32
944;14281;491;29;42
945;14323;2861;5;18
946;14341;39;367;28
947;14369;113;127;18
948;14387;3;4795;2
949;14389;1307;11;12
950;14401;2879;5;6
951;14407;4801;3;4
952;14411;4801;3;8
953;14419;14407;1;12
954;14431;25;577;6
955;14437;21;687;10
956;14447;3;4815;2
957;14449;14437;1;12
958;14461;51;283;28
959;14489;761;19;30
960;14519;15;967;14
961;14533;29;501;4
962;14537;11;1321;6
963;14543;9;1615;8
964;14551;2909;5;6
965;14557;7;2079;4
966;14561;1321;11;30
967;14591;3;4863;2
968;14593;69;211;34
969;14627;3;4875;2
970;14629;5;2925;4
971;14633;14627;1;6
972;14639;15;975;14
973;14653;2089;7;30
974;14683;4889;3;16
975;14699;15;979;14
976;14713;13;1131;10
977;14723;4903;3;14
978;14737;4909;3;10
979;14747;14741;1;6
980;14753;14747;1;6
981;14759;14747;1;12
982;14771;14759;1;12
983;14783;27;547;14
984;14797;79;187;24
985;14821;4937;3;10
986;14831;29;511;12
987;14843;29;511;24
988;14867;3;4955;2
989;14869;13;1143;10
990;14879;77;193;18
991;14897;991;15;32
992;14929;4973;3;10
993;14939;23;649;12
994;14951;7;2135;6
995;14957;35;427;12
996;14969;229;65;84
997;15053;15;1003;8
998;15061;17;885;16
999;15077;15053;1;24
1000;15101;3019;5;6
1001;15107;27;559;14
1002;15121;23;657;10
1003;15131;11;1375;6
1004;15137;25;605;12
1005;15149;15137;1;12
1006;15161;1009;15;26
1007;15187;17;893;6
1008;15193;15187;1;6
1009;15199;19;799;18
1010;15217;37;411;10
1011;15227;31;491;6
1012;15233;661;23;30
1013;15263;11;1387;6
1014;15269;101;151;18
1015;15287;13;1175;12
1016;15299;15;1019;14
1017;15313;15307;1;6
1018;15319;21;729;10
1019;15329;21;729;20
1020;15349;5113;3;10
1021;15359;3;5119;2
1022;15361;15349;1;12
1023;15373;37;415;18
1024;15391;1709;9;10
1025;15401;41;375;26
1026;15427;3083;5;12
1027;15439;15427;1;12
1028;15451;21;735;16
1029;15467;5147;3;26
1030;15493;9;1721;4
1031;15497;39;397;14
1032;15511;1033;15;16
1033;15527;5171;3;14
1034;15541;31;501;10
1035;15551;9;1727;8
1036;15559;65;239;24
1037;15583;55;283;18
1038;15601;3119;5;6
1039;15607;3119;5;12
1040;15619;3119;5;24
1041;15643;19;823;6
1042;15649;19;823;12
1043;15661;31;505;6
1044;15667;31;505;12
1045;15679;49;319;48
1046;15727;35;449;12
1047;15739;63;249;52
1048;15791;31;509;12
1049;15803;19;831;14
1050;15817;97;163;6
1051;15823;15787;1;36
1052;15859;31;511;18
1053;15877;11;1443;4
1054;15881;25;635;6
1055;15887;3;5295;2
1056;15889;15877;1;12
1057;15901;67;237;22
1058;15923;5303;3;14
1059;15937;57;279;34
1060;15971;3;5323;2
1061;15973;3191;5;18
1062;15991;21;761;10
1063;16001;7;2285;6
1064;16007;301;53;54
1065;16061;13;1235;6
1066;16067;3;5355;2
1067;16069;5;3213;4
1068;16073;53;303;14
1069;16087;9;1787;4
1070;16091;3217;5;6
1071;16097;16091;1;6
1072;16103;2297;7;24
1073;16127;55;293;12
1074;16139;3;5379;2
1075;16141;947;17;42
1076;16183;5393;3;4
1077;16187;3;5395;2
1078;16189;67;241;42
1079;16231;31;523;18
1080;16249;25;649;24
1081;16273;45;361;28
1082;16301;19;857;18
1083;16319;15;1087;14
1084;16333;29;563;6
1085;16339;37;441;22
1086;16361;9;1817;8
1087;16369;1487;11;12
1088;16381;83;197;30
1089;16411;17;965;6
1090;16417;1823;9;10
1091;16427;1823;9;20
1092;16447;125;131;72
1093;16519;69;239;28
1094;16547;7;2363;6
1095;16553;15;1103;8
1096;16561;7;2365;6
1097;16567;16561;1;6
1098;16573;71;233;30
1099;16603;19;873;16
1100;16619;15;1107;14
1101;16633;3323;5;18
1102;16651;43;387;10
1103;16661;1847;9;38
1104;16699;16651;1;48
1105;16747;67;249;64
1106;16811;29;579;20
1107;16831;121;139;12
1108;16843;49;343;36
1109;16879;3371;5;24
1110;16903;55;307;18
1111;16921;17;995;6
1112;16927;5641;3;4
1113;16931;25;677;6
1114;16937;16931;1;6
1115;16943;5641;3;20
1116;16963;1303;13;24
1117;16987;16981;1;6
1118;16993;25;679;18
1119;17011;33;515;16
1120;17027;3;5675;2
1121;17029;5;3405;4
1122;17033;15;1135;8
1123;17041;3407;5;6
1124;17047;17041;1;6
1125;17053;17029;1;24
1126;17077;45;379;22
1127;17099;9;1899;8
1128;17107;27;633;16
1129;17123;1901;9;14
1130;17137;17107;1;30
1131;17167;31;553;24
1132;17191;41;419;12
1133;17203;29;593;6
1134;17209;131;131;48
1135;17257;5741;3;34
1136;17291;3;5763;2
1137;17293;59;293;6
1138;17299;1571;11;18
1139;17317;29;597;4
1140;17321;3463;5;6
1141;17327;29;597;14
1142;17341;1019;17;18
1143;17359;17341;1;18
1144;17377;29;599;6
1145;17383;9;1931;4
1146;17387;3;5795;2
1147;17389;17377;1;12
1148;17401;17383;1;18
1149;17419;35;497;24
1150;17443;7;2491;6
1151;17449;17431;1;18
1152;17467;11;1587;10
1153;17477;35;499;12
1154;17489;5813;3;50
1155;17539;17;1031;12
1156;17551;89;197;18
1157;17569;1951;9;10
1158;17579;3;5859;2
1159;17581;91;193;18
1160;17599;17539;1;60
1161;17659;37;477;10
1162;17669;17657;1;12
1163;17681;33;535;26
1164;17707;27;655;22
1165;17729;89;199;18
1166;17747;3;5915;2
1167;17749;1181;15;34
1168;17783;29;613;6
1169;17789;61;291;38
1170;17827;35;509;12
1171;17839;17827;1;12
1172;17851;659;27;58
1173;17909;15;1193;14
1174;17923;19;943;6
1175;17929;2557;7;30
1176;17959;131;137;12
1177;17971;3593;5;6
1178;17977;17911;1;66
1179;18043;17;1061;6
1180;18049;21;859;10
1181;18059;3;6019;2
1182;18061;6011;3;28
1183;18089;9;2009;8
1184;18097;31;583;24
1185;18121;3623;5;6
1186;18127;3617;5;42
1187;18169;18127;1;42
1188;18211;11;1655;6
1189;18217;18211;1;6
1190;18223;43;423;34
1191;18257;41;445;12
1192;18269;59;309;38
1193;18307;18301;1;6
1194;18313;589;31;54
1195;18367;3671;5;12
1196;18379;797;23;48
1197;18427;13;1417;6
1198;18433;18427;1;6
1199;18439;5;3687;4
1200;18443;15;1229;8
1201;18451;7;2635;6
1202;18457;18433;1;24
1203;18481;23;803;12
1204;18493;37;499;30
1205;18523;31;597;16
1206;18539;3;6179;2
1207;18541;2647;7;12
1208;18553;18523;1;30
1209;18583;11;1689;4
1210;18587;17;1093;6
1211;18593;31;599;24
1212;18617;6199;3;20
1213;18637;2659;7;24
1214;18661;6217;3;10
1215;18671;6221;3;8
1216;18679;1697;11;12
1217;18691;6217;3;40
1218;18731;1699;11;42
1219;18773;37;507;14
1220;18787;7;2683;6
1221;18793;263;71;120
1222;18913;7;2701;6
1223;18919;2099;9;28
1224;18947;35;541;12
1225;18959;15;1263;14
1226;18973;45;421;28
1227;19001;13;1461;8
1228;19009;2707;7;60
1229;19069;5;3813;4
1230;19073;23;829;6
1231;19079;19037;1;42
1232;19121;2729;7;18
1233;19139;3;6379;2
1234;19141;6373;3;22
1235;19163;35;547;18
1236;19181;1277;15;26
1237;19207;37;519;4
1238;19211;3;6403;2
1239;19213;19207;1;6
1240;19219;19207;1;12
1241;19231;25;769;6
1242;19237;25;769;12
1243;19249;11;1749;10
1244;19259;9;2139;8
1245;19267;11;1751;6
1246;19273;19237;1;36
1247;19309;29;665;24
1248;19333;59;327;40
1249;19373;107;181;6
1250;19379;3;6459;2
1251;19381;11;1761;10
1252;19391;19379;1;12
1253;19403;23;843;14
1254;19417;7;2773;6
1255;19423;6473;3;4
1256;19427;3;6475;2
1257;19429;5;3885;4
1258;19433;15;1295;8
1259;19441;13;1495;6
1260;19447;19423;1;24
1261;19471;29;671;12
1262;19483;19477;1;6
1263;19489;19477;1;12
1264;19501;7;2785;6
1265;19507;19483;1;24
1266;19531;27;723;10
1267;19541;433;45;56
1268;19597;11;1781;6
1269;19603;19597;1;6
1270;19609;2791;7;72
1271;19681;25;787;6
1272;19687;25;787;12
1273;19699;3929;5;54
1274;19753;7;2821;6
1275;19759;75;263;34
1276;19793;33;599;26
1277;19819;37;535;24
1278;19843;19819;1;24
1279;19867;19843;1;24
1280;19891;19819;1;72
1281;19963;61;327;16
1282;19979;15;1331;14
1283;19993;19963;1;30
1284;20023;37;541;6
1285;20029;20011;1;18
1286;20047;20023;1;24
1287;20071;1823;11;18
1288;20089;17;1181;12
1289;20101;20089;1;12
1290;20113;6701;3;10
1291;20123;20117;1;6
1292;20129;91;221;18
1293;20147;3;6715;2
1294;20149;13;1549;12
1295;20161;20149;1;12
1296;20173;51;395;28
1297;20201;20183;1;18
1298;20219;15;1347;14
1299;20233;1063;19;36
1300;20269;77;263;18
1301;20287;77;263;36
1302;20323;53;383;24
1303;20347;20341;1;6
1304;20353;20347;1;6
1305;20359;701;29;30
1306;20389;5;4077;4
1307;20393;19;1073;6
1308;20399;21;971;8
1309;20407;9;2267;4
1310;20411;21;971;20
1311;20431;2917;7;12
1312;20443;20407;1;36
1313;20479;107;191;42
1314;20521;33;621;28
1315;20549;6829;3;62
1316;20611;1871;11;30
1317;20641;6863;3;52
1318;20693;61;339;14
1319;20707;4139;5;12
1320;20719;20707;1;12
1321;20731;27;767;22
1322;20753;20747;1;6
1323;20759;1091;19;30
1324;20789;20771;1;18
1325;20807;4153;5;42
1326;20849;2311;9;50
1327;20899;257;81;82
1328;20981;51;411;20
1329;21001;20983;1;18
1330;21019;3001;7;12
1331;21031;65;323;36
1332;21067;21013;1;54
1333;21121;47;449;18
1334;21139;21121;1;18
1335;21157;4229;5;12
1336;21169;2351;9;10
1337;21179;7057;3;8
1338;21187;59;359;6
1339;21193;25;847;18
1340;21211;27;785;16
1341;21227;7069;3;20
1342;21247;25;849;22
1343;21269;15;1417;14
1344;21283;787;27;34
1345;21317;107;199;24
1346;21341;81;263;38
1347;21379;23;929;12
1348;21391;7121;3;28
1349;21419;15;1427;14
1350;21433;65;329;48
1351;21481;25;859;6
1352;21487;25;859;12
1353;21499;7159;3;22
1354;21521;4297;5;36
1355;21557;31;695;12
1356;21569;23;937;18
1357;21587;3;7195;2
1358;21589;7193;3;10
1359;21599;3083;7;18
1360;21617;7187;3;56
1361;21673;37;585;28
1362;21701;23;943;12
1363;21713;7229;3;26
1364;21739;7237;3;28
1365;21767;47;463;6
1366;21773;55;395;48
1367;21821;21803;1;18
1368;21839;3;7279;2
1369;21841;19;1149;10
1370;21851;21839;1;12
1371;21863;85;257;18
1372;21881;19;1151;12
1373;21893;25;875;18
1374;21911;85;257;66
1375;21977;37;593;36
1376;22013;7333;3;14
1377;22027;41;537;10
1378;22037;2447;9;14
1379;22051;22039;1;12
1380;22063;123;179;46
1381;22109;15;1473;14
1382;22123;13;1701;10
1383;22133;73;303;14
1384;22147;7;3163;6
1385;22153;22147;1;6
1386;22159;22147;1;12
1387;22171;22153;1;18
1388;22189;69;321;40
1389;22229;541;41;48
1390;22277;133;167;66
1391;22343;7;3191;6
1392;22349;137;163;18
1393;22367;22343;1;24
1394;22391;11;2035;6
1395;22397;7451;3;44
1396;22441;7;3205;6
1397;22447;23;975;22
1398;22469;17;1321;12
1399;22481;7477;3;50
1400;22531;3217;7;12
1401;22543;3217;7;24
1402;22567;9;2507;4
1403;22571;3;7523;2
1404;22573;87;259;40
1405;22613;7529;3;26
1406;22639;17;1331;12
1407;22651;1741;13;18
1408;22669;7549;3;22
1409;22691;13;1745;6
1410;22697;7559;3;20
1411;22717;139;163;60
1412;22777;7;3253;6
1413;22783;113;201;70
1414;22853;4567;5;18
1415;22871;17;1345;6
1416;22877;22853;1;24
1417;22901;29;789;20
1418;22921;137;167;42
1419;22963;4583;5;48
1420;23011;43;535;6
1421;23017;22993;1;24
1422;23041;23029;1;12
1423;23053;19;1213;6
1424;23059;19;1213;12
1425;23071;7687;3;10
1426;23081;13;1775;6
1427;23087;13;1775;12
1428;23099;33;699;32
1429;23131;61;379;12
1430;23143;61;379;24
1431;23167;19;1219;6
1432;23173;3307;7;24
1433;23197;9;2577;4
1434;23201;7717;3;50
1435;23251;3319;7;18
1436;23269;7753;3;10
1437;23279;53;439;12
1438;23291;3;7763;2
1439;23293;19;1225;18
1440;23311;39;597;28
1441;23339;51;457;32
1442;23371;23311;1;60
1443;23431;29;807;28
1444;23459;15;1563;14
1445;23473;131;179;24
1446;23497;79;297;34
1447;23531;7841;3;8
1448;23539;4703;5;24
1449;23563;101;233;30
1450;23593;103;229;6
1451;23599;1571;15;34
1452;23633;3371;7;36
1453;23669;7883;3;20
1454;23689;59;401;30
1455;23719;35;677;24
1456;23743;607;39;70
1457;23813;4759;5;18
1458;23831;23789;1;42
1459;23873;29;823;6
1460;23879;15;1591;14
1461;23893;21;1137;16
1462;23909;107;223;48
1463;23957;23;1041;14
1464;23971;4793;5;6
1465;23977;2659;9;46
1466;24023;7;3431;6
1467;24029;15;1601;14
1468;24043;4799;5;48
1469;24091;4817;5;6
1470;24097;24091;1;6
1471;24103;29;831;4
1472;24107;3;8035;2
1473;24109;24097;1;12
1474;24121;133;181;48
1475;24169;1609;15;34
1476;24203;2687;9;20
1477;24223;61;397;6
1478;24229;13;1863;10
1479;24239;41;591;8
1480;24247;8081;3;4
1481;24251;129;187;128
1482;24379;8117;3;28
1483;24407;13;1877;6
1484;24413;541;45;68
1485;24481;1439;17;18
1486;24499;35;699;34
1487;24533;33;743;14
1488;24547;137;179;24
1489;24571;51;481;40
1490;24611;17;1447;12
1491;24623;9;2735;8
1492;24631;2731;9;52
1493;24683;15;1645;8
1494;24691;4937;5;6
1495;24697;4937;5;12
1496;24709;4937;5;24
1497;24733;21;1177;16
1498;24749;3533;7;18
1499;24767;37;669;14
1500;24781;17;1457;12
1501;24793;7;3541;6
1502;24799;8263;3;10
1503;24809;2753;9;32
1504;24841;4967;5;6
1505;24847;4967;5;12
1506;24859;24841;1;18
1507;24877;4973;5;12
1508;24889;19;1309;18
1509;24907;43;579;10
1510;24917;8297;3;26
1511;24943;24919;1;24
1512;24967;53;471;4
1513;24971;53;471;8
1514;24979;997;25;54
1515;25033;89;281;24
1516;25057;863;29;30
1517;25087;13;1929;10
1518;25097;27;929;14
1519;25111;5021;5;6
1520;25117;11;2283;4
1521;25121;5023;5;6
1522;25127;2789;9;26
1523;25153;17;1479;10
1524;25163;9;2795;8
1525;25171;139;181;12
1526;25183;17;1481;6
1527;25189;83;303;40
1528;25229;21;1201;8
1529;25237;2803;9;10
1530;25247;43;587;6
1531;25253;93;271;50
1532;25303;9;2811;4
1533;25307;3;8435;2
1534;25309;75;337;34
1535;25343;8443;3;14
1536;25357;69;367;34
1537;25391;2819;9;20
1538;25411;2309;11;12
1539;25423;2309;11;24
1540;25447;13;1957;6
1541;25453;5087;5;18
1542;25471;111;229;52
1543;25523;33;773;14
1544;25537;31;823;24
1545;25561;39;655;16
1546;25577;7;3653;6
1547;25583;8521;3;20
1548;25603;11;2327;6
1549;25609;35;731;24
1550;25633;7;3661;6
1551;25639;5;5127;4
1552;25643;8543;3;14
1553;25657;107;239;84
1554;25741;5147;5;6
1555;25747;5147;5;12
1556;25759;5;5151;4
1557;25763;49;525;38
1558;25801;19;1357;18
1559;25819;37;697;30
1560;25849;1987;13;18
1561;25867;1987;13;36
1562;25903;111;233;40
1563;25943;8629;3;56
1564;25999;25981;1;18
1565;26017;35;743;12
1566;26029;26017;1;12
1567;26041;25999;1;42
1568;26083;103;253;24
1569;26107;43;607;6
1570;26113;26107;1;6
1571;26119;37;705;34
1572;26153;9;2905;8
1573;26161;23;1137;10
1574;26171;8713;3;32
1575;26203;17;1541;6
1576;26209;2381;11;18
1577;26227;1747;15;22
1578;26249;15;1749;14
1579;26263;8753;3;4
1580;26267;8747;3;26
1581;26293;9;2921;4
1582;26297;57;461;20
1583;26317;1753;15;22
1584;26339;37;711;32
1585;26371;115;229;36
1586;26407;3769;7;24
1587;26431;3769;7;48
1588;26479;47;563;18
1589;26497;26437;1;60
1590;26557;81;327;70
1591;26627;7;3803;6
1592;26633;15;1775;8
1593;26641;7;3805;6
1594;26647;25;1065;22
1595;26669;19;1403;12
1596;26681;11;2425;6
1597;26687;25;1067;12
1598;26699;3;8899;2
1599;26701;13;2053;12
1600;26713;23;1161;10
1601;26723;26717;1;6
1602;26729;9;2969;8
1603;26737;39;685;22
1604;26759;121;221;18
1605;26777;19;1409;6
1606;26783;53;505;18
1607;26801;43;623;12
1608;26813;15;1787;8
1609;26821;17;1577;12
1610;26833;139;193;6
1611;26839;11;2439;10
1612;26849;47;571;12
1613;26861;1579;17;18
1614;26879;3;8959;2
1615;26881;13;2067;10
1616;26891;3;8963;2
1617;26893;45;597;28
1618;26921;7;3845;6
1619;26927;8969;3;20
1620;26947;29;929;6
1621;26953;26947;1;6
1622;26959;47;573;28
1623;26987;59;457;24
1624;27011;11;2455;6
1625;27017;9001;3;14
1626;27031;9001;3;28
1627;27059;3;9019;2
1628;27061;2459;11;12
1629;27073;35;773;18
1630;27091;13;2083;12
1631;27103;9;3011;4
1632;27107;3;9035;2
1633;27109;27091;1;18
1634;27127;21;1291;16
1635;27143;5419;5;48
1636;27191;5437;5;6
1637;27197;5431;5;42
1638;27239;15;1815;14
1639;27253;33;825;28
1640;27281;113;241;48
1641;27329;117;233;68
1642;27397;17;1611;10
1643;27407;3;9135;2
1644;27409;51;537;22
1645;27431;25;1097;6
1646;27437;25;1097;12
1647;27449;9;3049;8
1648;27457;3919;7;24
1649;27481;7;3925;6
1650;27487;1307;21;40
1651;27527;5503;5;12
1652;27539;3;9179;2
1653;27541;19;1449;10
1654;27551;73;377;30
1655;27581;27551;1;30
1656;27611;5521;5;6
1657;27617;49;563;30
1658;27647;27;1023;26
1659;27673;21;1317;16
1660;27689;9227;3;8
1661;27697;5531;5;42
1662;27739;17;1631;12
1663;27751;27739;1;12
1664;27763;3083;9;16
1665;27779;27767;1;12
1666;27791;3;9263;2
1667;27793;37;751;6
1668;27799;5;5559;4
1669;27803;7;3971;6
1670;27809;27791;1;18
1671;27827;23;1209;20
1672;27847;9281;3;4
1673;27851;3089;9;50
1674;27901;27883;1;18
1675;27919;35;797;24
1676;27943;67;417;4
1677;27947;9311;3;14
1678;27961;5591;5;6
1679;27967;473;59;60
1680;28027;41;683;24
1681;28051;71;395;6
1682;28057;71;395;12
1683;28069;28057;1;12
1684;28081;25;1123;6
1685;28087;25;1123;12
1686;28099;28087;1;12
1687;28111;28099;1;12
1688;28123;69;407;40
1689;28163;53;531;20
1690;28183;1877;15;28
1691;28211;159;177;68
1692;28279;5;5655;4
1693;28283;28277;1;6
1694;28289;1663;17;18
1695;28307;3;9435;2
1696;28309;9433;3;10
1697;28319;28289;1;30
1698;28349;5659;5;54
1699;28403;73;389;6
1700;28409;9463;3;20
1701;28429;28411;1;18
1702;28447;27;1053;16
1703;28463;29;981;14
1704;28477;119;239;36
1705;28513;31;919;24
1706;28537;37;771;10
1707;28547;3;9515;2
1708;28549;21;1359;10
1709;28559;28547;1;12
1710;28571;3;9523;2
1711;28573;28549;1;24
1712;28597;13;2199;10
1713;28607;19;1505;12
1714;28619;3;9539;2
1715;28621;59;485;6
1716;28627;17;1683;16
1717;28643;7;4091;6
1718;28649;9547;3;8
1719;28657;7;4093;6
1720;28663;28657;1;6
1721;28669;4093;7;18
1722;28687;28663;1;24
1723;28711;2609;11;12
1724;28723;13;2209;6
1725;28729;28687;1;42
1726;28771;821;35;36
1727;28807;83;347;6
1728;28813;28789;1;24
1729;28837;51;565;22
1730;28859;59;489;8
1731;28867;29;995;12
1732;28879;1697;17;30
1733;28909;37;781;12
1734;28921;5783;5;6
1735;28927;41;705;22
1736;28949;4127;7;60
1737;29009;107;271;12
1738;29021;9661;3;38
1739;29059;29017;1;42
1740;29101;4153;7;30
1741;29131;55;529;36
1742;29167;17;1715;12
1743;29179;29167;1;12
1744;29191;29173;1;18
1745;29209;43;679;12
1746;29221;13;2247;10
1747;29231;61;479;12
1748;29243;15;1949;8
1749;29251;5843;5;36
1750;29287;2251;13;24
1751;29311;21;1395;16
1752;29327;13;2255;12
1753;29339;41;715;24
1754;29363;9781;3;20
1755;29383;7;4197;4
1756;29387;3;9795;2
1757;29389;29;1013;12
1758;29401;97;303;10
1759;29411;29399;1;12
1760;29423;9803;3;14
1761;29437;19;1549;6
1762;29443;67;439;30
1763;29473;21;1403;10
1764;29483;123;239;86
1765;29569;2687;11;12
1766;29581;7;4225;6
1767;29587;13;2275;12
1768;29599;29569;1;30
1769;29629;4231;7;12
1770;29641;29611;1;30
1771;29671;19;1561;12
1772;29683;9883;3;34
1773;29717;77;385;72
1774;29789;15;1985;14
1775;29803;1567;19;30
1776;29833;67;445;18
1777;29851;53;563;12
1778;29863;37;807;4
1779;29867;31;963;14
1780;29881;67;445;66
1781;29947;165;181;82
1782;30029;30011;1;18
1783;30047;4289;7;24
1784;30071;21;1431;20
1785;30091;2311;13;48
1786;30139;10039;3;22
1787;30161;35;861;26
1788;30187;21;1437;10
1789;30197;10061;3;14
1790;30211;13;2323;12
1791;30223;35;863;18
1792;30241;19;1591;12
1793;30253;7;4321;6
1794;30259;29;1043;12
1795;30271;3361;9;22
1796;30293;10093;3;14
1797;30307;157;193;6
1798;30313;30307;1;6
1799;30319;69;439;28
1800;30347;33;919;20
1801;30367;1597;19;24
1802;30391;17;1787;12
1803;30403;1787;17;24
1804;30427;10099;3;130
1805;30557;1129;27;74
1806;30631;7;4375;6
1807;30637;30631;1;6
1808;30643;30637;1;6
1809;30649;59;519;28
1810;30677;33;929;20
1811;30697;47;653;6
1812;30703;2789;11;24
1813;30727;30697;1;30
1814;30757;73;421;24
1815;30781;43;715;36
1816;30817;61;505;12
1817;30829;30817;1;12
1818;30841;43;717;10
1819;30851;3;10283;2
1820;30853;35;881;18
1821;30871;27;1143;10
1822;30881;30869;1;12
1823;30893;19;1625;18
1824;30911;21;1471;20
1825;30931;25;1237;6
1826;30937;25;1237;12
1827;30949;39;793;22
1828;30971;107;289;48
1829;31019;15;2067;14
1830;31033;19;1633;6
1831;31039;19;1633;12
1832;31051;67;463;30
1833;31081;31039;1;42
1834;31123;10369;3;16
1835;31139;17;1831;12
1836;31151;3;10383;2
1837;31153;31147;1;6
1838;31159;19;1639;18
1839;31177;7;4453;6
1840;31183;31147;1;36
1841;31219;2837;11;12
1842;31231;25;1249;6
1843;31237;21;1487;10
1844;31247;3;10415;2
1845;31249;13;2403;10
1846;31259;31247;1;12
1847;31271;13;2405;6
1848;31277;31247;1;30
1849;31307;19;1647;14
1850;31321;6263;5;6
1851;31327;31321;1;6
1852;31333;9;3481;4
1853;31337;33;949;20
1854;31357;2089;15;22
1855;31379;4481;7;12
1856;31391;6277;5;6
1857;31397;175;179;72
1858;31469;10487;3;8
1859;31477;9;3497;4
1860;31481;9;3497;8
1861;31489;29;1085;24
1862;31513;1657;19;30
1863;31543;10513;3;4
1864;31547;31;1017;20
1865;31567;3499;9;76
1866;31643;17;1861;6
1867;31649;47;673;18
1868;31667;21;1507;20
1869;31687;25;1267;12
1870;31699;10559;3;22
1871;31721;6343;5;6
1872;31727;3;10575;2
1873;31729;23;1379;12
1874;31741;1669;19;30
1875;31771;773;41;78
1876;31849;25;1273;24
1877;31873;13;2451;10
1878;31883;15;2125;8
1879;31891;17;1875;16
1880;31907;3539;9;56
1881;31963;6389;5;18
1882;31981;523;61;78
1883;32059;27;1187;10
1884;32069;71;451;48
1885;32117;57;563;26
1886;32143;1889;17;30
1887;32173;59;545;18
1888;32191;4597;7;12
1889;32203;21;1533;10
1890;32213;21;1533;20
1891;32233;85;379;18
1892;32251;6449;5;6
1893;32257;10739;3;40
1894;32297;7;4613;6
1895;32303;51;633;20
1896;32323;43;751;30
1897;32353;7;4621;6
1898;32359;5;6471;4
1899;32363;9;3595;8
1900;32371;6473;5;6
1901;32377;32353;1;24
1902;32401;59;549;10
1903;32411;3;10803;2
1904;32413;21;1543;10
1905;32423;7;4631;6
1906;32429;77;421;12
1907;32441;2161;15;26
1908;32467;6491;5;12
1909;32479;143;227;18
1910;32497;32491;1;6
1911;32503;9;3611;4
1912;32507;87;373;56
1913;32563;7;4651;6
1914;32569;43;757;18
1915;32587;32563;1;24
1916;32611;1303;25;36
1917;32647;7;4663;6
1918;32653;83;393;34
1919;32687;10889;3;20
1920;32707;53;617;6
1921;32713;32707;1;6
1922;32719;97;337;30
1923;32749;10909;3;22
1924;32771;17;1927;12
1925;32783;33;993;14
1926;32797;17;1929;4
1927;32801;32771;1;30
1928;32831;3;10943;2
1929;32833;17;1931;6
1930;32839;5;6567;4
1931;32843;10939;3;26
1932;32869;19;1729;18
1933;32887;35;939;22
1934;32909;11;2991;8
1935;32917;33;997;16
1936;32933;32909;1;24
1937;32957;55;599;12
1938;32969;15;2197;14
1939;32983;10993;3;4
1940;32987;13;2537;6
1941;32993;32987;1;6
1942;32999;15;2199;14
1943;33013;19;1737;10
1944;33023;11003;3;14
1945;33037;25;1321;12
1946;33049;101;327;22
1947;33071;3;11023;2
1948;33073;103;321;10
1949;33083;9;3675;8
1950;33091;67;493;60
1951;33151;11047;3;10
1952;33161;23;1441;18
1953;33179;3;11059;2
1954;33181;11057;3;10
1955;33191;33179;1;12
1956;33203;27;1229;20
1957;33223;33199;1;24
1958;33247;11069;3;40
1959;33287;3697;9;14
1960;33301;27;1233;10
1961;33311;6661;5;6
1962;33317;6661;5;12
1963;33329;33311;1;18
1964;33347;3;11115;2
1965;33349;5;6669;4
1966;33353;33347;1;6
1967;33359;77;433;18
1968;33377;77;433;36
1969;33413;6673;5;48
1970;33461;53;631;18
1971;33479;15;2231;14
1972;33493;11161;3;10
1973;33503;37;905;18
1974;33521;4787;7;12
1975;33533;33503;1;30
1976;33563;23;1459;6
1977;33569;23;1459;12
1978;33581;17;1975;6
1979;33587;3;11195;2
1980;33589;13;2583;10
1981;33599;3;11199;2
1982;33601;33589;1;12
1983;33613;7;4801;6
1984;33619;33601;1;18
1985;33637;9;3737;4
1986;33641;7;4805;6
1987;33647;33581;1;66
1988;33713;75;449;38
1989;33751;17;1985;6
1990;33757;21;1607;10
1991;33767;7;4823;6
1992;33773;43;785;18
1993;33791;11257;3;20
1994;33811;45;751;16
1995;33827;3;11275;2
1996;33829;59;573;22
1997;33851;21;1611;20
1998;33871;97;349;18
1999;33889;37;915;34
2000;33923;89;381;14
2001;33937;1783;19;60
2002;33997;25;1359;22
2003;34019;31;1097;12
2004;34031;3;11343;2
2005;34033;7;4861;6
2006;34039;2617;13;18
2007;34057;1789;19;66
2008;34123;43;793;24
2009;34147;6827;5;12
2010;34159;34147;1;12
2011;34171;34159;1;12
2012;34183;33;1035;28
2013;34211;3;11403;2
2014;34213;7;4887;4
2015;34217;39;877;14
2016;34231;977;35;36
2017;34267;34261;1;6
2018;34273;27;1269;10
2019;34283;11423;3;14
2020;34297;53;647;6
2021;34303;21;1633;10
2022;34313;7;4901;6
2023;34319;11437;3;8
2024;34327;27;1271;10
2025;34337;34313;1;24
2026;34361;6871;5;6
2027;34367;3;11455;2
2028;34369;17;2021;12
2029;34381;39;881;22
2030;34403;1637;21;26
2031;34429;11;3129;10
2032;34439;34421;1;18
2033;34457;83;415;12
2034;34469;47;733;18
2035;34487;25;1379;12
2036;34499;3;11499;2
2037;34501;11497;3;10
2038;34511;3;11503;2
2039;34513;11;3137;6
2040;34519;91;379;30
2041;34549;3137;11;42
2042;34591;25;1383;16
2043;34607;123;281;44
2044;34651;2309;15;16
2045;34667;11549;3;20
2046;34687;79;439;6
2047;34693;11;3153;10
2048;34703;35;991;18
2049;34721;34703;1;18
2050;34739;71;489;20
2051;34759;5;6951;4
2052;34763;71;489;44
2053;34807;67;519;34
2054;34841;6967;5;6
2055;34847;97;359;24
2056;34871;19;1835;6
2057;34877;34871;1;6
2058;34883;59;591;14
2059;34897;21;1661;16
2060;34913;67;521;6
2061;34919;139;251;30
2062;34949;23;1519;12
2063;34961;997;35;66
2064;35027;6997;5;42
2065;35069;3187;11;12
2066;35081;9;3897;8
2067;35089;11;3189;10
2068;35099;13;2699;12
2069;35111;7;5015;6
2070;35117;17;2065;12
2071;35129;47;747;20
2072;35149;27;1301;22
2073;35171;35141;1;30
2074;35201;27;1303;20
2075;35221;67;525;46
2076;35267;55;641;12
2077;35279;3;11759;2
2078;35281;3919;9;10
2079;35291;2351;15;26
2080;35317;3923;9;10
2081;35327;5039;7;54
2082;35381;113;313;12
2083;35393;35363;1;30
2084;35423;91;389;24
2085;35447;11801;3;44
2086;35491;51;695;46
2087;35537;35531;1;6
2088;35543;2089;17;30
2089;35573;65;547;18
2090;35591;11;3235;6
2091;35597;35591;1;6
2092;35603;69;515;68
2093;35671;7;5095;6
2094;35677;57;625;52
2095;35729;11887;3;68
2096;35797;9;3977;4
2097;35801;35771;1;30
2098;35831;25;1433;6
2099;35837;69;519;26
2100;35863;23;1559;6
2101;35869;11953;3;10
2102;35879;47;763;18
2103;35897;27;1329;14
2104;35911;35899;1;12
2105;35923;2393;15;28
2106;35951;83;433;12
2107;35963;41;877;6
2108;35969;35;1027;24
2109;35993;7;5141;6
2110;35999;3271;11;18
2111;36017;39;923;20
2112;36037;36013;1;24
2113;36061;41;879;22
2114;36083;33;1093;14
2115;36097;23;1569;10
2116;36107;3;12035;2
2117;36109;23;1569;22
2118;36131;17;2125;6
2119;36137;12041;3;14
2120;36151;155;233;36
2121;36187;173;209;30
2122;36217;13;2785;12
2123;36229;36217;1;12
2124;36241;13;2787;10
2125;36251;31;1169;12
2126;36263;13;2789;6
2127;36269;9;4029;8
2128;36277;2417;15;22
2129;36299;12097;3;8
2130;36307;31;1171;6
2131;36313;36307;1;6
2132;36319;35;1037;24
2133;36343;11;3303;10
2134;36353;33;1101;20
2135;36373;17;2139;10
2136;36383;11;3307;6
2137;36389;2423;15;44
2138;36433;1103;33;34
2139;36467;3;12155;2
2140;36469;5;7293;4
2141;36473;36467;1;6
2142;36479;19;1919;18
2143;36497;12157;3;26
2144;36523;45;811;28
2145;36551;61;599;12
2146;36563;36527;1;36
2147;36599;1741;21;38
2148;36637;39;939;16
2149;36653;85;431;18
2150;36671;5237;7;12
2151;36683;9;4075;8
2152;36691;11;3335;6
2153;36697;23;1595;12
2154;36709;5;7341;4
2155;36713;15;2447;8
2156;36721;81;453;28
2157;36749;17;2161;12
2158;36761;7351;5;6
2159;36767;29;1267;24
2160;36791;3343;11;18
2161;36809;35;1051;24
2162;36833;36809;1;24
2163;36857;12281;3;14
2164;36871;73;505;6
2165;36877;27;1365;22
2166;36899;3;12299;2
2167;36901;37;997;12
2168;36913;13;2839;6
2169;36919;5;7383;4
2170;36923;15;2461;8
2171;36931;36919;1;12
2172;36943;36913;1;30
2173;36973;7;5281;6
2174;36979;23;1607;18
2175;36997;25;1479;22
2176;37019;3;12339;2
2177;37021;33;1121;28
2178;37049;12347;3;8
2179;37057;61;607;30
2180;37087;17;2181;10
2181;37097;51;727;20
2182;37117;17;2183;6
2183;37123;37087;1;36
2184;37159;121;307;12
2185;37171;1613;23;72
2186;37243;187;199;30
2187;37273;12413;3;34
2188;37307;3;12435;2
2189;37309;13;2869;12
2190;37321;73;511;18
2191;37339;37321;1;18
2192;37357;41;911;6
2193;37363;37357;1;6
2194;37369;21;1779;10
2195;37379;169;221;30
2196;37409;4153;9;32
2197;37441;7487;5;6
2198;37447;7481;5;42
2199;37489;3407;11;12
2200;37501;12497;3;10
2201;37511;13;2885;6
2202;37517;13;2885;12
2203;37529;1973;19;42
2204;37571;3;12523;2
2205;37573;29;1295;18
2206;37591;25;1503;16
2207;37607;73;515;12
2208;37619;15;2507;14
2209;37633;12541;3;10
2210;37643;37;1017;14
2211;37657;23;1637;6
2212;37663;39;965;28
2213;37691;3;12563;2
2214;37693;13;2899;6
2215;37699;1637;23;48
2216;37747;43;877;36
2217;37783;12589;3;16
2218;37799;29;1303;12
2219;37811;3;12603;2
2220;37813;7559;5;18
2221;37831;103;367;30
2222;37861;11;3441;10
2223;37871;9;4207;8
2224;37879;37861;1;18
2225;37897;71;533;54
2226;37951;3449;11;12
2227;37963;3449;11;24
2228;37987;19;1999;6
2229;37993;25;1519;18
2230;38011;49;775;36
2231;38047;109;349;6
2232;38053;47;809;30
2233;38083;38053;1;30
2234;38113;53;719;6
2235;38119;123;309;112
2236;38231;11;3475;6
2237;38237;53;721;24
2238;38261;21;1821;20
2239;38281;25;1531;6
2240;38287;25;1531;12
2241;38299;38281;1;18
2242;38317;47;815;12
2243;38329;38287;1;42
2244;38371;7673;5;6
2245;38377;2017;19;54
2246;38431;39;985;16
2247;38447;3;12815;2
2248;38449;4271;9;10
2249;38459;3;12819;2
2250;38461;1163;33;82
2251;38543;27;1427;14
2252;38557;71;543;4
2253;38561;11;3505;6
2254;38567;29;1329;26
2255;38593;27;1429;10
2256;38603;15;2573;8
2257;38611;38593;1;18
2258;38629;21;1839;10
2259;38639;19;2033;12
2260;38651;3;12883;2
2261;38653;7727;5;18
2262;38671;33;1171;28
2263;38699;9;4299;8
2264;38707;13;2977;6
2265;38713;67;577;54
2266;38767;43;901;24
2267;38791;13;2983;12
2268;38803;7757;5;18
2269;38821;197;197;12
2270;38833;41;947;6
2271;38839;41;947;12
2272;38851;51;761;40
2273;38891;2591;15;26
2274;38917;7;5559;4
2275;38921;2591;15;56
2276;38977;57;683;46
2277;39023;29;1345;18
2278;39041;37;1055;6
2279;39047;145;269;42
2280;39089;89;439;18
2281;39107;61;641;6
2282;39113;39107;1;6
2283;39119;15;2607;14
2284;39133;37;1057;24
2285;39157;31;1263;4
2286;39161;4349;9;20
2287;39181;39163;1;18
2288;39199;13063;3;10
2289;39209;73;537;8
2290;39217;21;1867;10
2291;39227;3;13075;2
2292;39229;39217;1;12
2293;39241;39181;1;60
2294;39301;101;389;12
2295;39313;11;3573;10
2296;39323;35;1123;18
2297;39341;39323;1;18
2298;39359;13;3027;8
2299;39367;13121;3;4
2300;39371;3;13123;2
2301;39373;109;361;24
2302;39397;7877;5;12
2303;39409;23;1713;10
2304;39419;7879;5;24
2305;39443;19;2075;18
2306;39461;39419;1;42
2307;39503;15;2633;8
2308;39511;11;3591;10
2309;39521;21;1881;20
2310;39541;13177;3;10
2311;39551;3041;13;18
2312;39569;5651;7;12
2313;39581;2081;19;42
2314;39623;1583;25;48
2315;39671;73;543;32
2316;39703;7;5671;6
2317;39709;11;3609;10
2318;39719;15;2647;14
2319;39733;53;749;36
2320;39769;29;1371;10
2321;39779;13;3059;12
2322;39791;89;447;8
2323;39799;13259;3;22
2324;39821;7963;5;6
2325;39827;3;13275;2
2326;39829;13;3063;10
2327;39839;39821;1;18
2328;39857;7;5693;6
2329;39863;39857;1;6
2330;39869;9;4429;8
2331;39877;97;411;10
2332;39887;13291;3;14
2333;39901;13291;3;28
2334;39929;21;1901;8
2335;39937;47;849;34
2336;39971;31;1289;12
2337;39983;57;701;26
2338;40009;39979;1;30
2339;40039;53;755;24
2340;40063;40039;1;24
2341;40087;149;269;6
2342;40093;4451;9;34
2343;40127;3;13375;2
2344;40129;65;617;24
2345;40153;13381;3;10
2346;40163;13;3089;6
2347;40169;11;3651;8
2348;40177;29;1385;12
2349;40189;2113;19;42
2350;40231;25;1609;6
2351;40237;13399;3;40
2352;40277;1489;27;74
2353;40351;8069;5;6
2354;40357;13451;3;4
2355;40361;2689;15;26
2356;40387;40351;1;36
2357;40423;9;4491;4
2358;40427;3;13475;2
2359;40429;40387;1;42
2360;40471;29;1395;16
2361;40487;7;5783;6
2362;40493;40487;1;6
2363;40499;103;393;20
2364;40519;40507;1;12
2365;40531;40519;1;12
2366;40543;19;2133;16
2367;40559;71;571;18
2368;40577;29;1399;6
2369;40583;13523;3;14
2370;40597;1229;33;40
2371;40637;81;501;56
2372;40693;9;4521;4
2373;40697;47;865;42
2374;40739;139;293;12
2375;40751;9;4527;8
2376;40759;5;8151;4
2377;40763;11;3705;8
2378;40771;131;311;30
2379;40801;5827;7;12
2380;40813;13;3139;6
2381;40819;27;1511;22
2382;40841;8167;5;6
2383;40847;3;13615;2
2384;40849;45;907;34
2385;40883;19;2151;14
2386;40897;103;397;6
2387;40903;40879;1;24
2388;40927;151;271;6
2389;40933;45;909;28
2390;40961;40949;1;12
2391;40973;2153;19;66
2392;41039;9;4559;8
2393;41047;13681;3;4
2394;41051;8209;5;6
2395;41057;13679;3;20
2396;41077;13691;3;4
2397;41081;8209;5;36
2398;41117;4567;9;14
2399;41131;27;1523;10
2400;41141;8221;5;36
2401;41177;13;3167;6
2402;41183;41177;1;6
2403;41189;41177;1;12
2404;41201;41189;1;12
2405;41213;15;2747;8
2406;41221;19;2169;10
2407;41231;3;13743;2
2408;41233;13;3171;10
2409;41243;33;1249;26
2410;41269;41257;1;12
2411;41281;41263;1;18
2412;41299;41257;1;42
2413;41341;23;1797;10
2414;41351;8269;5;6
2415;41357;41333;1;24
2416;41381;19;2177;18
2417;41399;41387;1;12
2418;41411;3;13803;2
2419;41413;4597;9;40
2420;41453;133;311;90
2421;41543;73;569;6
2422;41549;883;47;48
2423;41597;83;501;14
2424;41611;21;1981;10
2425;41621;21;1981;20
2426;41641;11;3785;6
2427;41647;55;757;12
2428;41659;13883;3;10
2429;41669;77;541;12
2430;41681;25;1667;6
2431;41687;8329;5;42
2432;41729;37;1127;30
2433;41759;67;623;18
2434;41777;43;971;24
2435;41801;13931;3;8
2436;41809;75;557;34
2437;41843;17;2461;6
2438;41849;31;1349;30
2439;41879;59;709;48
2440;41927;4657;9;14
2441;41941;25;1677;16
2442;41957;8389;5;12
2443;41969;41957;1;12
2444;41981;29;1447;18
2445;41999;15;2799;14
2446;42013;11;3819;4
2447;42017;43;977;6
2448;42023;45;933;38
2449;42061;6007;7;12
2450;42073;21;2003;10
2451;42083;7;6011;6
2452;42089;2213;19;42
2453;42131;42083;1;48
2454;42179;3;14059;2
2455;42181;42169;1;12
2456;42193;17;2481;16
2457;42209;42197;1;12
2458;42221;8443;5;6
2459;42227;8443;5;12
2460;42239;42197;1;42
2461;42281;3251;13;18
2462;42299;9;4699;8
2463;42307;42283;1;24
2464;42331;25;1693;6
2465;42337;25;1693;12
2466;42349;25;1693;24
2467;42373;43;985;18
2468;42391;7;6055;6
2469;42397;71;597;10
2470;42407;51;831;26
2471;42433;79;537;10
2472;42443;9;4715;8
2473;42451;13;3265;6
2474;42457;42451;1;6
2475;42463;14153;3;4
2476;42467;42461;1;6
2477;42473;14153;3;14
2478;42487;7;6069;4
2479;42491;42473;1;18
2480;42509;29;1465;24
2481;42533;42509;1;24
2482;42557;67;635;12
2483;42569;9;4729;8
2484;42577;8513;5;12
2485;42589;2027;21;22
2486;42611;49;869;30
2487;42641;45;947;26
2488;42667;59;723;10
2489;42677;23;1855;12
2490;42689;42677;1;12
2491;42701;19;2247;8
2492;42709;43;993;10
2493;42719;42701;1;18
2494;42737;13;3287;6
2495;42743;42719;1;24
2496;42767;42737;1;30
2497;42797;2851;15;32
2498;42829;47;911;12
2499;42841;42829;1;12
2500;42853;14281;3;10
2501;42863;113;379;36
2502;42899;3;14299;2
2503;42901;31;1383;28
2504;42929;8581;5;24
2505;42953;15;2863;8
2506;42961;11;3905;6
2507;42967;35;1227;22
2508;42989;65;661;24
2509;43013;42989;1;24
2510;43037;14341;3;14
2511;43051;1049;41;42
2512;43093;4787;9;10
2513;43103;2267;19;30
2514;43133;53;813;44
2515;43177;1307;33;46
2516;43223;55;785;48
2517;43271;181;239;12
2518;43283;37;1169;30
2519;43313;11;3937;6
2520;43319;31;1397;12
2521;43331;43271;1;60
2522;43391;8677;5;6
2523;43397;151;287;60
2524;43457;169;257;24
2525;43481;25;1739;6
2526;43487;43457;1;30
2527;43517;31;1403;24
2528;43541;51;853;38
2529;43579;1613;27;28
2530;43607;59;739;6
2531;43613;14533;3;14
2532;43627;6229;7;24
2533;43651;14537;3;40
2534;43691;14557;3;20
2535;43711;43669;1;42
2536;43753;11;3977;6
2537;43759;61;717;22
2538;43781;23;1903;12
2539;43793;101;433;60
2540;43853;43;1019;36
2541;43889;2087;21;62
2542;43951;6277;7;12
2543;43963;13;3381;10
2544;43973;59;745;18
2545;43991;19;2315;6
2546;43997;43973;1;24
2547;44021;33;1333;32
2548;44053;67;657;34
2549;44087;59;747;14
2550;44101;23;1917;10
2551;44111;61;723;8
2552;44119;5;8823;4
2553;44123;157;281;6
2554;44129;209;211;30
2555;44159;44129;1;30
2556;44189;15;2945;14
2557;44203;123;359;46
2558;44249;25;1769;24
2559;44273;44267;1;6
2560;44279;15;2951;14
2561;44293;983;45;58
2562;44351;21;2111;20
2563;44371;6337;7;12
2564;44383;199;223;6
2565;44389;31;1431;28
2566;44417;44381;1;36
2567;44453;31;1433;30
2568;44483;27;1647;14
2569;44497;4943;9;10
2570;44507;55;809;12
2571;44519;44507;1;12
2572;44531;3;14843;2
2573;44533;14843;3;4
2574;44537;44531;1;6
2575;44543;44537;1;6
2576;44549;111;401;38
2577;44587;14851;3;34
2578;44621;31;1439;12
2579;44633;31;1439;24
2580;44657;27;1653;26
2581;44683;75;595;58
2582;44741;44729;1;12
2583;44753;97;461;36
2584;44789;143;313;30
2585;44819;44771;1;48
2586;44867;8971;5;12
2587;44879;14957;3;8
2588;44887;37;1213;6
2589;44893;21;2137;16
2590;44909;9;4989;8
2591;44917;14969;3;10
2592;44927;4987;9;44
2593;44971;179;251;42
2594;45013;57;789;40
2595;45053;9;5005;8
2596;45061;15013;3;22
2597;45083;107;421;36
2598;45119;3;15039;2
2599;45121;7;6445;6
2600;45127;13;3471;4
2601;45131;13;3471;8
2602;45139;27;1671;22
2603;45161;6449;7;18
2604;45179;3;15059;2
2605;45181;21;2151;10
2606;45191;7;6455;6
2607;45197;45161;1;36
2608;45233;2659;17;30
2609;45263;9049;5;18
2610;45281;29;1561;12
2611;45293;79;573;26
2612;45319;89;509;18
2613;45337;11;4121;6
2614;45343;25;1813;18
2615;45361;45319;1;42
2616;45403;1973;23;24
2617;45427;53;857;6
2618;45433;45427;1;6
2619;45439;123;369;52
2620;45491;11;4135;6
2621;45497;45491;1;6
2622;45503;15161;3;20
2623;45523;19;2395;18
2624;45541;4139;11;12
2625;45553;43;1059;16
2626;45569;41;1111;18
2627;45587;3;15195;2
2628;45589;15193;3;10
2629;45599;45557;1;42
2630;45641;43;1061;18
2631;45659;45641;1;18
2632;45677;45587;1;90
2633;45767;9151;5;12
2634;45779;45737;1;42
2635;45821;7;6545;6
2636;45827;45821;1;6
2637;45833;13;3525;8
2638;45841;6547;7;12
2639;45853;21;2183;10
2640;45863;7;6551;6
2641;45869;3527;13;18
2642;45887;15277;3;56
2643;45943;71;647;6
2644;45949;5;9189;4
2645;45953;11;4177;6
2646;45959;4177;11;12
2647;45971;45953;1;18
2648;45989;15319;3;32
2649;46021;15331;3;28
2650;46049;19;2423;12
2651;46061;46049;1;12
2652;46073;61;755;18
2653;46091;3;15363;2
2654;46093;17;2711;6
2655;46099;53;869;42
2656;46141;9227;5;6
2657;46147;46141;1;6
2658;46153;9227;5;18
2659;46171;31;1489;12
2660;46183;7;6597;4
2661;46187;91;507;50
2662;46237;37;1249;24
2663;46261;27;1713;10
2664;46271;3;15423;2
2665;46273;13;3559;6
2666;46279;81;571;28
2667;46307;3;15435;2
2668;46309;119;389;18
2669;46327;2437;19;24
2670;46351;4211;11;30
2671;46381;71;653;18
2672;46399;4217;11;12
2673;46411;46381;1;30
2674;46441;37;1255;6
2675;46447;3571;13;24
2676;46471;9293;5;6
2677;46477;9293;5;12
2678;46489;15493;3;10
2679;46499;29;1603;12
2680;46511;46499;1;12
2681;46523;15493;3;44
2682;46567;101;461;6
2683;46573;9311;5;18
2684;46591;15527;3;10
2685;46601;37;1259;18
2686;46619;9319;5;24
2687;46643;149;313;6
2688;46649;15;3109;14
2689;46663;19;2455;18
2690;46681;25;1867;6
2691;46687;7;6669;4
2692;46691;46679;1;12
2693;46703;46679;1;24
2694;46727;46703;1;24
2695;46751;9349;5;6
2696;46757;9349;5;12
2697;46769;111;421;38
2698;46807;15601;3;4
2699;46811;11;4255;6
2700;46817;23;2035;12
2701;46829;57;821;32
2702;46861;9371;5;6
2703;46867;27;1735;22
2704;46889;15607;3;68
2705;46957;6703;7;36
2706;46993;205;229;48
2707;47041;61;771;10
2708;47051;9;5227;8
2709;47059;61;771;28
2710;47087;2477;19;24
2711;47111;13;3623;12
2712;47123;7;6731;6
2713;47129;47051;1;78
2714;47207;15731;3;14
2715;47221;45;1049;16
2716;47237;191;247;60
2717;47297;19;2489;6
2718;47303;47297;1;6
2719;47309;15767;3;8
2720;47317;15761;3;34
2721;47351;47339;1;12
2722;47363;47339;1;24
2723;47387;3;15795;2
2724;47389;15787;3;28
2725;47417;23;2061;14
2726;47431;69;687;28
2727;47459;47417;1;42
2728;47501;7;6785;6
2729;47507;47501;1;6
2730;47513;103;461;30
2731;47543;47;1011;26
2732;47569;19;2503;12
2733;47581;101;471;10
2734;47591;113;421;18
2735;47609;49;971;30
2736;47639;33;1443;20
2737;47659;67;711;22
2738;47681;77;619;18
2739;47699;3;15899;2
2740;47701;21;2271;10
2741;47711;7;6815;6
2742;47717;37;1289;24
2743;47741;15901;3;38
2744;47779;37;1291;12
2745;47791;1061;45;46
2746;47837;67;713;66
2747;47903;49;977;30
2748;47933;11;4357;6
2749;47939;4357;11;12
2750;47951;47939;1;12
2751;47963;7;6851;6
2752;47969;13;3689;12
2753;47981;43;1115;36
2754;48017;41;1171;6
2755;48023;48017;1;6
2756;48029;47939;1;90
2757;48119;73;659;12
2758;48131;45;1069;26
2759;48157;3209;15;22
2760;48179;15;3211;14
2761;48193;1459;33;46
2762;48239;9;5359;8
2763;48247;99;487;34
2764;48281;61;791;30
2765;48311;29;1665;26
2766;48337;21;2301;16
2767;48353;35;1381;18
2768;48371;37;1307;12
2769;48383;23;2103;14
2770;48397;9677;5;12
2771;48409;95;509;54
2772;48463;9689;5;18
2773;48481;7;6925;6
2774;48487;9;5387;4
2775;48491;55;881;36
2776;48527;31;1565;12
2777;48539;3;16179;2
2778;48541;27;1797;22
2779;48563;5393;9;26
2780;48589;16189;3;22
2781;48611;23;2113;12
2782;48623;2113;23;24
2783;48647;29;1677;14
2784;48661;23;2115;16
2785;48677;48623;1;54
2786;48731;3;16243;2
2787;48733;67;727;24
2788;48757;9;5417;4
2789;48761;7;6965;6
2790;48767;6959;7;54
2791;48821;55;887;36
2792;48857;9769;5;12
2793;48869;97;503;78
2794;48947;109;449;6
2795;48953;5437;9;20
2796;48973;9791;5;18
2797;48991;48973;1;18
2798;49009;16333;3;10
2799;49019;7001;7;12
2800;49031;25;1961;6
2801;49037;49031;1;6
2802;49043;61;803;60
2803;49103;16363;3;14
2804;49117;9;5457;4
2805;49121;49103;1;18
2806;49139;16369;3;32
2807;49171;9833;5;6
2808;49177;21;2341;16
2809;49193;101;487;6
2810;49199;3;16399;2
2811;49201;9839;5;6
2812;49207;7;7029;4
2813;49211;2341;21;50
2814;49261;23;2141;18
2815;49279;49261;1;18
2816;49297;21;2347;10
2817;49307;221;223;24
2818;49331;3;16443;2
2819;49333;47;1049;30
2820;49363;7;7051;6
2821;49369;5483;9;22
2822;49391;3;16463;2
2823;49393;25;1975;18
2824;49411;41;1205;6
2825;49417;59;837;34
2826;49451;16481;3;8
2827;49459;131;377;72
2828;49531;7;7075;6
2829;49537;5503;9;10
2830;49547;3;16515;2
2831;49549;59;839;48
2832;49597;101;491;6
2833;49603;43;1153;24
2834;49627;11;4511;6
2835;49633;49627;1;6
2836;49639;9923;5;24
2837;49663;16553;3;4
2838;49667;3;16555;2
2839;49669;17;2921;12
2840;49681;21;2365;16
2841;49697;49667;1;30
2842;49727;61;815;12
2843;49739;3;16579;2
2844;49741;7;7105;6
2845;49747;49711;1;36
2846;49783;9;5531;4
2847;49787;3;16595;2
2848;49789;53;939;22
2849;49811;19;2621;12
2850;49823;101;493;30
2851;49853;9967;5;18
2852;49871;49823;1;48
2853;49919;3;16639;2
2854;49921;67;745;6
2855;49927;67;745;12
2856;49939;49921;1;18
2857;49957;49921;1;36
2858;49993;7;7141;6
2859;49999;25;1999;24
2860;50023;49999;1;24
2861;50047;7;7149;4
2862;50051;3;16683;2
2863;50053;49;1021;24
2864;50077;5563;9;10
2865;50087;61;821;6
2866;50093;9;5565;8
2867;50101;59;849;10
2868;50111;9;5567;8
2869;50119;5;10023;4
2870;50123;13;3855;8
2871;50131;39;1285;16
2872;50147;7;7163;6
2873;50153;50147;1;6
2874;50159;16699;3;62
2875;50221;11;4565;6
2876;50227;39;1287;34
2877;50261;51;985;26
2878;50287;50263;1;24
2879;50311;19;2647;18
2880;50329;67;751;12
2881;50341;49;1027;18
2882;50359;5;10071;4
2883;50363;39;1291;14
2884;50377;17;2963;6
2885;50383;45;1119;28
2886;50411;7187;7;102
2887;50513;16829;3;26
2888;50539;16843;3;10
2889;50549;113;447;38
2890;50587;50581;1;6
2891;50593;50587;1;6
2892;50599;50527;1;72
2893;50671;7237;7;12
2894;50683;7237;7;24
2895;50707;61;831;16
2896;50723;1877;27;44
2897;50767;83;611;54
2898;50821;31;1639;12
2899;50833;7;7261;6
2900;50839;16943;3;10
2901;50849;4621;11;18
2902;50867;181;281;6
2903;50873;35;1453;18
2904;50891;3;16963;2
2905;50893;50857;1;36
2906;50929;151;337;42
2907;50971;29;1757;18
2908;50989;19;2683;12
2909;51001;131;389;42
2910;51043;2683;19;66
2911;51109;17029;3;22
2912;51131;3;17043;2
2913;51133;10223;5;18
2914;51151;51133;1;18
2915;51169;53;965;24
2916;51193;17;3011;6
2917;51199;5;10239;4
2918;51203;113;453;14
2919;51217;19;2695;12
2920;51229;21;2439;10
2921;51239;23;2227;18
2922;51257;53;967;6
2923;51263;29;1767;20
2924;51283;5693;9;46
2925;51329;7331;7;12
2926;51341;10267;5;6
2927;51347;3;17115;2
2928;51349;55;933;34
2929;51383;29;1771;24
2930;51407;19;2705;12
2931;51419;3;17139;2
2932;51421;17137;3;10
2933;51431;11;4675;6
2934;51437;17;3025;12
2935;51449;87;591;32
2936;51481;25;2059;6
2937;51487;19;2709;16
2938;51503;15;3433;8
2939;51511;10301;5;6
2940;51517;57;903;46
2941;51563;17183;3;14
2942;51577;17;3033;16
2943;51593;79;653;6
2944;51599;29;1779;8
2945;51607;11;4691;6
2946;51613;2243;23;24
2947;51637;17209;3;10
2948;51647;23;2245;12
2949;51659;15;3443;14
2950;51673;7;7381;6
2951;51679;5;10335;4
2952;51683;47;1099;30
2953;51713;29;1783;6
2954;51719;37;1397;30
2955;51749;179;289;18
2956;51767;179;289;36
2957;51803;91;569;24
2958;51827;3;17275;2
2959;51829;23;2253;10
2960;51839;103;503;30
2961;51869;10369;5;24
2962;51893;3989;13;36
2963;51929;193;269;12
2964;51941;37;1403;30
2965;51971;3;17323;2
2966;51973;17;3057;4
2967;51977;17321;3;14
2968;51991;91;571;30
2969;52021;51991;1;30
2970;52051;7;7435;6
2971;52057;5783;9;10
2972;52067;3;17355;2
2973;52069;52057;1;12
2974;52081;37;1407;22
2975;52103;55;947;18
2976;52121;7;7445;6
2977;52127;4007;13;36
2978;52163;17383;3;14
2979;52177;7;7453;6
2980;52183;52177;1;6
2981;52189;45;1159;34
2982;52223;5801;9;14
2983;52237;25;2089;12
2984;52249;11;4749;10
2985;52259;63;829;32
2986;52291;4751;11;30
2987;52321;111;471;40
2988;52361;9;5817;8
2989;52369;31;1689;10
2990;52379;7481;7;12
2991;52391;17443;3;62
2992;52453;17483;3;4
2993;52457;45;1165;32
2994;52489;10487;5;54
2995;52543;91;577;36
2996;52579;7507;7;30
2997;52609;77;683;18
2998;52627;17;3095;12
2999;52639;39;1349;28
3000;52667;1949;27;44
3001;52711;17551;3;58
3002;52769;63;837;38
3003;52807;7;7543;6
3004;52813;4799;11;24
3005;52837;35;1509;22
3006;52859;3;17619;2
3007;52861;27;1957;22
3008;52883;11;4807;6
3009;52889;19;2783;12
3010;52901;52883;1;18
3011;52919;52901;1;18
3012;52937;23;2301;14
3013;52951;10589;5;6
3014;52957;27;1961;10
3015;52967;211;251;6
3016;52973;9;5885;8
3017;52981;52963;1;18
3018;52999;5;10599;4
3019;53003;17;3117;14
3020;53017;4817;11;30
3021;53047;17681;3;4
3022;53051;41;1293;38
3023;53089;53077;1;12
3024;53101;53089;1;12
3025;53113;33;1609;16
3026;53129;173;307;18
3027;53147;3;17715;2
3028;53149;5903;9;22
3029;53171;3;17723;2
3030;53173;53149;1;24
3031;53197;99;537;34
3032;53231;3;17743;2
3033;53233;17;3131;6
3034;53239;53197;1;42
3035;53281;49;1087;18
3036;53299;25;2131;24
3037;53323;137;389;30
3038;53353;7;7621;6
3039;53359;41;1301;18
3040;53377;53353;1;24
3041;53401;59;905;6
3042;53407;7;7629;4
3043;53411;3559;15;26
3044;53437;59;905;42
3045;53479;10691;5;24
3046;53503;10691;5;48
3047;53551;17837;3;40
3048;53591;7;7655;6
3049;53597;53;1011;14
3050;53611;123;435;106
3051;53717;17;3159;14
3052;53731;53;1013;42
3053;53773;65;827;18
3054;53791;17921;3;28
3055;53819;39;1379;38
3056;53857;41;1313;24
3057;53881;25;2155;6
3058;53887;9;5987;4
3059;53891;13;4145;6
3060;53897;17959;3;20
3061;53917;17;3171;10
3062;53927;41;1315;12
3063;53939;53927;1;12
3064;53951;17981;3;8
3065;53959;17977;3;28
3066;53987;23;2347;6
3067;53993;15;3599;8
3068;54001;21;2571;10
3069;54011;3;18003;2
3070;54013;77;701;36
3071;54049;18013;3;10
3072;54059;69;783;32
3073;54091;27;2003;10
3074;54101;27;2003;20
3075;54121;59;917;18
3076;54139;113;479;12
3077;54151;54139;1;12
3078;54163;35;1547;18
3079;54181;19;2851;12
3080;54193;2851;19;24
3081;54217;18061;3;34
3082;54251;151;359;42
3083;54293;18089;3;26
3084;54319;4937;11;12
3085;54331;1871;29;72
3086;54403;7;7771;6
3087;54409;75;725;34
3088;54443;6043;9;56
3089;54499;97;561;82
3090;54581;10909;5;36
3091;54617;97;563;6
3092;54623;54617;1;6
3093;54629;97;563;18
3094;54647;131;417;20
3095;54667;1399;39;106
3096;54773;18253;3;14
3097;54787;25;2191;12
3098;54799;143;383;30
3099;54829;2609;21;40
3100;54869;49;1119;38
3101;54907;10979;5;12
3102;54919;131;419;30
3103;54949;18313;3;10
3104;54959;15;3663;14
3105;54973;11;4997;6
3106;54979;54949;1;30
3107;55009;43;1279;12
3108;55021;127;433;30
3109;55051;21;2621;10
3110;55061;203;271;48
3111;55109;89;619;18
3112;55127;27;2041;20
3113;55147;199;277;24
3114;55171;67;823;30
3115;55201;7;7885;6
3116;55207;55201;1;6
3117;55213;55207;1;6
3118;55219;35;1577;24
3119;55243;83;665;48
3120;55291;63;877;40
3121;55331;3;18443;2
3122;55333;18443;3;4
3123;55337;55331;1;6
3124;55343;15;3689;8
3125;55351;1907;29;48
3126;55399;97;571;12
3127;55411;18461;3;28
3128;55439;3;18479;2
3129;55441;25;2217;16
3130;55457;13;4265;12
3131;55469;71;781;18
3132;55487;33;1681;14
3133;55501;33;1681;28
3134;55529;55511;1;18
3135;55547;3701;15;32
3136;55579;41;1355;24
3137;55603;53;1049;6
3138;55609;205;271;54
3139;55663;31;1795;18
3140;55681;11;5061;10
3141;55691;21;2651;20
3142;55711;13;4285;6
3143;55717;7;7959;4
3144;55721;11131;5;66
3145;55787;29;1923;20
3146;55807;41;1361;6
3147;55813;9;6201;4
3148;55817;7;7973;6
3149;55823;27;2067;14
3150;55837;57;979;34
3151;55871;45;1241;26
3152;55897;11;5081;6
3153;55903;11177;5;18
3154;55921;53;1055;6
3155;55927;7;7989;4
3156;55931;3;18643;2
3157;55933;19;2943;16
3158;55949;55931;1;18
3159;55967;61;917;30
3160;55997;13;4307;6
3161;56003;55997;1;6
3162;56009;77;727;30
3163;56039;15;3735;14
3164;56053;49;1143;46
3165;56099;3;18699;2
3166;56101;5099;11;12
3167;56113;18701;3;10
3168;56123;9;6235;8
3169;56131;65;863;36
3170;56167;97;579;4
3171;56171;97;579;8
3172;56179;71;791;18
3173;56197;27;2081;10
3174;56207;3;18735;2
3175;56209;61;921;28
3176;56237;13;4325;12
3177;56249;15;3749;14
3178;56263;7;8037;4
3179;56267;3;18755;2
3180;56269;59;953;42
3181;56311;56263;1;48
3182;56359;103;547;18
3183;56377;7;8053;6
3184;56383;95;593;48
3185;56431;23;2453;12
3186;56443;223;253;24
3187;56467;131;431;6
3188;56473;56467;1;6
3189;56479;21;2689;10
3190;56489;15;3765;14
3191;56503;7;8071;6
3192;56509;3323;17;18
3193;56527;55;1027;42
3194;56569;47;1203;28
3195;56597;6287;9;14
3196;56611;1109;51;52
3197;56663;113;501;50
3198;56713;23;2465;18
3199;56731;25;2269;6
3200;56737;11;5157;10
3201;56747;27;2101;20
3202;56767;11351;5;12
3203;56779;67;847;30
3204;56809;19;2989;18
3205;56827;29;1959;16
3206;56843;19;2991;14
3207;56857;18947;3;16
3208;56873;83;685;18
3209;56891;3;18963;2
3210;56893;25;2275;18
3211;56911;17;3347;12
3212;56923;7;8131;6
3213;56929;47;1211;12
3214;56941;18973;3;22
3215;56963;27;2109;20
3216;56983;227;251;6
3217;56989;5;11397;4
3218;56993;7;8141;6
3219;56999;6329;9;38
3220;57037;35;1629;22
3221;57059;15;3803;14
3222;57073;89;641;24
3223;57097;69;827;34
3224;57131;9;6347;8
3225;57139;11423;5;24
3226;57163;19051;3;10
3227;57173;19051;3;20
3228;57193;57163;1;30
3229;57223;85;673;18
3230;57241;6359;9;10
3231;57251;6359;9;20
3232;57271;57259;1;12
3233;57283;11447;5;48
3234;57331;3821;15;16
3235;57347;3;19115;2
3236;57349;57331;1;18
3237;57367;19;3019;6
3238;57373;19121;3;10
3239;57383;181;317;6
3240;57389;31;1851;8
3241;57397;57367;1;30
3242;57427;57397;1;30
3243;57457;13;4419;10
3244;57467;41;1401;26
3245;57493;27;2129;10
3246;57503;229;251;24
3247;57527;3833;15;32
3248;57559;127;453;28
3249;57587;71;811;6
3250;57593;11;5235;8
3251;57601;145;397;36
3252;57637;19211;3;4
3253;57641;19211;3;8
3254;57649;8233;7;18
3255;57667;13;4435;12
3256;57679;23;2507;18
3257;57697;83;695;12
3258;57709;31;1861;18
3259;57727;71;813;4
3260;57731;25;2309;6
3261;57737;71;813;14
3262;57751;2749;21;22
3263;57773;15;3851;8
3264;57781;21;2751;10
3265;57791;3;19263;2
3266;57793;11;5253;10
3267;57803;19259;3;26
3268;57829;19273;3;10
3269;57839;37;1563;8
3270;57847;7;8263;6
3271;57853;45;1285;28
3272;57881;115;503;36
3273;57917;7;8273;6
3274;57923;19301;3;20
3275;57943;7;8277;4
3276;57947;43;1347;26
3277;57973;9;6441;4
3278;57977;4457;13;36
3279;58013;19333;3;14
3280;58027;45;1289;22
3281;58049;8291;7;12
3282;58061;17;3415;6
3283;58067;58061;1;6
3284;58073;8291;7;36
3285;58109;51;1139;20
3286;58129;2767;21;22
3287;58151;61;953;18
3288;58169;21;2769;20
3289;58189;58171;1;18
3290;58207;9;6467;4
3291;58211;7;8315;6
3292;58217;29;2007;14
3293;58231;17;3425;6
3294;58237;87;669;34
3295;58271;47;1239;38
3296;58309;5;11661;4
3297;58313;13;4485;8
3298;58321;23;2535;16
3299;58337;199;293;30
3300;58367;3;19455;2
3301;58369;21;2779;10
3302;58379;15;3891;14
3303;58393;13;4491;10
3304;58403;19463;3;14
3305;58417;19469;3;10
3306;58427;19471;3;14
3307;58441;11681;5;36
3308;58477;69;847;34
3309;58511;73;801;38
3310;58549;187;313;18
3311;58567;157;373;6
3312;58573;58567;1;6
3313;58579;131;447;22
3314;58601;1301;45;56
3315;58657;2549;23;30
3316;58687;25;2347;12
3317;58699;1303;45;64
3318;58763;15;3917;8
3319;58771;3917;15;16
3320;58787;3;19595;2
3321;58789;4519;13;42
3322;58831;137;429;58
3323;58889;19;3099;8
3324;58897;27;2181;10
3325;58907;3;19635;2
3326;58909;5;11781;4
3327;58913;58889;1;24
3328;58937;31;1901;6
3329;58943;6547;9;20
3330;58963;21;2807;16
3331;58979;58967;1;12
3332;58991;3469;17;18
3333;59009;58997;1;12
3334;59021;9;6557;8
3335;59029;45;1311;34
3336;59063;73;809;6
3337;59069;19687;3;8
3338;59077;63;937;46
3339;59123;19699;3;26
3340;59149;29;2039;18
3341;59167;19717;3;16
3342;59183;33;1793;14
3343;59197;19;3115;12
3344;59209;35;1691;24
3345;59233;7;8461;6
3346;59239;5;11847;4
3347;59243;57;1039;20
3348;59263;19751;3;10
3349;59273;9;6585;8
3350;59281;59221;1;60
3351;59341;5393;11;18
3352;59359;73;813;10
3353;59369;47;1263;8
3354;59377;11;5397;10
3355;59387;7;8483;6
3356;59393;59387;1;6
3357;59399;119;499;18
3358;59417;59393;1;24
3359;59441;11887;5;6
3360;59447;59441;1;6
3361;59453;11887;5;18
3362;59471;3;19823;2
3363;59473;49;1213;36
3364;59509;5;11901;4
3365;59513;109;545;108
3366;59621;8513;7;30
3367;59651;23;2593;12
3368;59663;15;3977;8
3369;59671;59;1011;22
3370;59693;17;3511;6
3371;59699;25;2387;24
3372;59723;21;2843;20
3373;59743;19913;3;4
3374;59747;11;5431;6
3375;59753;65;919;18
3376;59771;35;1707;26
3377;59797;161;371;66
3378;59863;19949;3;16
3379;59879;53;1129;42
3380;59921;59;1015;36
3381;59957;73;821;24
3382;59981;61;983;18
3383;59999;59981;1;18
3384;60017;55;1091;12
3385;60029;2221;27;62
3386;60091;21;2861;10
3387;60101;20021;3;38
3388;60139;17;3537;10
3389;60149;71;847;12
3390;60161;53;1135;6
3391;60167;65;925;42
3392;60209;60167;1;42
3393;60251;12049;5;6
3394;60257;49;1229;36
3395;60293;5479;11;24
3396;60317;20101;3;14
3397;60331;6701;9;22
3398;60353;21;2873;20
3399;60373;19;3177;10
3400;60383;60353;1;30
3401;60413;60383;1;30
3402;60443;13;4649;6
3403;60449;4027;15;44
3404;60493;29;2085;28
3405;60521;7;8645;6
3406;60527;13;4655;12
3407;60539;239;253;72
3408;60611;17;3565;6
3409;60617;60611;1;6
3410;60623;9;6735;8
3411;60631;25;2425;6
3412;60637;21;2887;10
3413;60647;67;905;12
3414;60659;3;20219;2
3415;60661;37;1639;18
3416;60679;35;1733;24
3417;60703;33;1839;16
3418;60719;21;2891;8
3419;60727;41;1481;6
3420;60733;60703;1;30
3421;60763;20249;3;16
3422;60779;15;4051;14
3423;60793;161;377;96
3424;60889;13;4683;10
3425;60899;3;20299;2
3426;60901;60889;1;12
3427;60913;7;8701;6
3428;60919;5;12183;4
3429;60923;8699;7;30
3430;60953;65;937;48
3431;61001;11;5545;6
3432;61007;4691;13;24
3433;61031;23;2653;12
3434;61043;87;701;56
3435;61099;20359;3;22
3436;61121;27;2263;20
3437;61141;21;2911;10
3438;61151;113;541;18
3439;61169;5557;11;42
3440;61211;19;3221;12
3441;61223;4079;15;38
3442;61261;137;447;22
3443;61283;39;1571;14
3444;61297;2269;27;34
3445;61331;3;20443;2
3446;61333;20441;3;10
3447;61343;101;607;36
3448;61379;3;20459;2
3449;61381;113;543;22
3450;61403;7;8771;6
3451;61409;41;1497;32
3452;61441;31;1981;30
3453;61471;17;3615;16
3454;61487;21;2927;20
3455;61507;35;1757;12
3456;61519;35;1757;24
3457;61543;73;843;4
3458;61547;27;2279;14
3459;61561;73;843;22
3460;61583;61553;1;30
3461;61613;97;635;18
3462;61631;43;1433;12
3463;61643;15;4109;8
3464;61651;12329;5;6
3465;61657;20549;3;10
3466;61667;197;313;6
3467;61673;15;4111;8
3468;61681;25;2467;6
3469;61687;61651;1;36
3470;61723;61717;1;6
3471;61729;63;979;52
3472;61781;1871;33;38
3473;61819;23;2687;18
3474;61837;7;8833;6
3475;61843;25;2473;18
3476;61861;53;1167;10
3477;61871;17;3639;8
3478;61879;73;847;48
3479;61927;19;3259;6
3480;61933;4127;15;28
3481;61961;12391;5;6
3482;61967;12391;5;12
3483;61979;3;20659;2
3484;61981;13;4767;10
3485;61991;61979;1;12
3486;62003;20663;3;14
3487;62017;61987;1;30
3488;62047;7;8863;6
3489;62053;13;4773;4
3490;62057;20681;3;14
3491;62071;137;453;10
3492;62081;53;1171;18
3493;62099;8867;7;30
3494;62129;5647;11;12
3495;62141;133;467;30
3496;62171;91;683;18
3497;62189;97;641;12
3498;62201;7;8885;6
3499;62207;35;1777;12
3500;62219;15;4147;14
3501;62233;83;749;66
3502;62299;199;313;12
3503;62311;62299;1;12
3504;62323;4153;15;28
3505;62351;57;1093;50
3506;62401;2309;27;58
3507;62459;9;6939;8
3508;62467;7;8923;6
3509;62473;197;317;24
3510;62497;53;1179;10
3511;62507;35;1785;32
3512;62539;19;3291;10
3513;62549;15;4169;14
3514;62563;6947;9;40
3515;62603;31;2019;14
3516;62617;41;1527;10
3517;62627;13;4817;6
3518;62633;62627;1;6
3519;62639;15;4175;14
3520;62653;13;4819;6
3521;62659;12527;5;24
3522;62683;83;755;18
3523;62701;49;1279;30
3524;62731;62701;1;30
3525;62761;69;909;40
3526;62801;27;2325;26
3527;62827;4831;13;24
3528;62851;62731;1;120
3529;62971;13;4843;12
3530;62983;7;8997;4
3531;62987;3;20995;2
3532;62989;3313;19;42
3533;63031;43;1465;36
3534;63067;19;3319;6
3535;63073;63067;1;6
3536;63079;19;3319;18
3537;63097;7;9013;6
3538;63103;21031;3;10
3539;63113;19;3321;14
3540;63127;53;1191;4
3541;63131;63113;1;18
3542;63149;71;889;30
3543;63179;37;1707;20
3544;63199;137;461;42
3545;63241;12647;5;6
3546;63247;77;821;30
3547;63277;107;591;40
3548;63317;21101;3;14
3549;63331;17;3725;6
3550;63337;63313;1;24
3551;63361;12671;5;6
3552;63367;9049;7;24
3553;63391;7;9055;6
3554;63397;35;1811;12
3555;63409;21;3019;10
3556;63419;3;21139;2
3557;63421;19;3337;18
3558;63439;55;1153;24
3559;63463;9;7051;4
3560;63467;21149;3;20
3561;63487;11;5771;6
3562;63493;4231;15;28
3563;63521;12703;5;6
3564;63527;63521;1;6
3565;63533;11;5775;8
3566;63541;139;457;18
3567;63559;63541;1;18
3568;63577;21;3027;10
3569;63587;3;21195;2
3570;63589;21193;3;10
3571;63599;3;21199;2
3572;63601;7;9085;6
3573;63607;9;7067;4
3574;63611;12721;5;6
3575;63617;12721;5;12
3576;63629;63611;1;18
3577;63647;61;1043;24
3578;63671;53;1201;18
3579;63689;21227;3;8
3580;63697;63691;1;6
3581;63703;63697;1;6
3582;63709;17;3747;10
3583;63719;5791;11;18
3584;63737;101;631;6
3585;63743;93;685;38
3586;63781;43;1483;12
3587;63793;227;281;6
3588;63799;5;12759;4
3589;63803;57;1119;20
3590;63823;35;1823;18
3591;63841;29;2201;12
3592;63853;1823;35;48
3593;63901;47;1359;28
3594;63929;27;2367;20
3595;63949;33;1937;28
3596;63977;21319;3;20
3597;63997;11;5817;10
3598;64007;7;9143;6
3599;64013;64007;1;6
3600;64019;41;1561;18
3601;64037;64007;1;30
3602;64067;33;1941;14
3603;64081;21;3051;10
3604;64091;3769;17;18
3605;64109;64067;1;42
3606;64151;12829;5;6
3607;64157;7127;9;14
3608;64171;57;1125;46
3609;64217;7;9173;6
3610;64223;85;755;48
3611;64271;31;2073;8
3612;64279;5;12855;4
3613;64283;12853;5;18
3614;64301;64283;1;18
3615;64319;13;4947;8
3616;64327;131;491;6
3617;64333;65;989;48
3618;64381;7151;9;22
3619;64403;64373;1;30
3620;64433;11;5857;6
3621;64439;5857;11;12
3622;64451;3;21483;2
3623;64453;3067;21;46
3624;64499;15;4299;14
3625;64513;21491;3;40
3626;64553;71;909;14
3627;64567;12911;5;12
3628;64579;64567;1;12
3629;64591;31;2083;18
3630;64609;13;4969;12
3631;64621;12923;5;6
3632;64627;64621;1;6
3633;64633;77;839;30
3634;64663;7;9237;4
3635;64667;67;965;12
3636;64679;15;4311;14
3637;64693;5879;11;24
3638;64717;21557;3;46
3639;64763;21;3083;20
3640;64783;45;1439;28
3641;64811;239;271;42
3642;64853;27;2401;26
3643;64879;5897;11;12
3644;64891;37;1753;30
3645;64921;12983;5;6
3646;64927;7213;9;10
3647;64937;17;3819;14
3648;64951;5903;11;18
3649;64969;37;1755;34
3650;65003;15;4333;8
3651;65011;21;3095;16
3652;65027;3;21675;2
3653;65029;5;13005;4
3654;65033;39;1667;20
3655;65053;11;5913;10
3656;65063;57;1141;26
3657;65089;21;3099;10
3658;65099;3;21699;2
3659;65101;37;1759;18
3660;65119;5;13023;4
3661;65123;13;5009;6
3662;65129;65111;1;18
3663;65147;65123;1;24
3664;65171;3;21723;2
3665;65173;21;3103;10
3666;65183;5923;11;30
3667;65213;7243;9;26
3668;65239;21737;3;28
3669;65267;3;21755;2
3670;65269;23;2837;18
3671;65287;97;673;6
3672;65293;2417;27;34
3673;65327;21767;3;26
3674;65353;73;895;18
3675;65371;73;895;36
3676;65407;7;9343;6
3677;65413;13;5031;10
3678;65423;21803;3;14
3679;65437;113;579;10
3680;65447;35;1869;32
3681;65479;121;541;18
3682;65497;25;2619;22
3683;65519;3;21839;2
3684;65521;31;2113;18
3685;65539;23;2849;12
3686;65551;65539;1;12
3687;65563;7283;9;16
3688;65579;3;21859;2
3689;65581;25;2623;6
3690;65587;25;2623;12
3691;65599;65551;1;48
3692;65647;65617;1;30
3693;65677;45;1459;22
3694;65699;3;21899;2
3695;65701;13;5053;12
3696;65713;65707;1;6
3697;65719;65707;1;12
3698;65731;65701;1;30
3699;65761;1877;35;66
3700;65827;13163;5;12
3701;65839;65827;1;12
3702;65851;2861;23;48
3703;65899;199;331;30
3704;65929;69;955;34
3705;65963;51;1293;20
3706;65983;65899;1;84
3707;66067;41;1611;16
3708;66083;11;6007;6
3709;66089;15;4405;14
3710;66103;11;6009;4
3711;66107;3;22035;2
3712;66109;257;257;60
3713;66169;7351;9;10
3714;66179;127;521;12
3715;66191;66161;1;30
3716;66221;239;277;18
3717;66239;87;761;32
3718;66271;9463;7;30
3719;66301;145;457;36
3720;66337;113;587;6
3721;66343;7;9477;4
3722;66347;22111;3;14
3723;66361;6029;11;42
3724;66403;1543;43;54
3725;66457;7;9493;6
3726;66463;22153;3;4
3727;66467;247;269;24
3728;66491;9;7387;8
3729;66499;25;2659;24
3730;66523;11;6047;6
3731;66529;6047;11;12
3732;66541;66529;1;12
3733;66553;35;1901;18
3734;66571;66541;1;30
3735;66601;39;1707;28
3736;66629;35;1903;24
3737;66653;2467;27;44
3738;66697;61;1093;24
3739;66721;19;3511;12
3740;66733;53;1259;6
3741;66739;53;1259;12
3742;66751;66739;1;12
3743;66763;4447;15;58
3744;66821;229;291;182
3745;67003;4463;15;58
3746;67061;137;489;68
3747;67129;22367;3;28
3748;67157;67103;1;54
3749;67211;3;22403;2
3750;67213;7;9601;6
3751;67219;9601;7;12
3752;67231;4481;15;16
3753;67247;73;921;14
3754;67261;13;5173;12
3755;67273;93;723;34
3756;67307;39;1725;32
3757;67339;7481;9;10
3758;67349;7481;9;20
3759;67369;7481;9;40
3760;67409;121;557;12
3761;67421;143;471;68
3762;67489;83;813;10
3763;67499;43;1569;32
3764;67531;13499;5;36
3765;67567;59;1145;12
3766;67579;47;1437;40
3767;67619;67607;1;12
3768;67631;31;2181;20
3769;67651;67;1009;48
3770;67699;2333;29;42
3771;67741;107;633;10
3772;67751;17;3985;6
3773;67757;67751;1;6
3774;67763;33;2053;14
3775;67777;11;6161;6
3776;67783;67777;1;6
3777;67789;67777;1;12
3778;67801;7;9685;6
3779;67807;61;1111;36
3780;67843;67819;1;24
3781;67867;21;3231;16
3782;67883;15;4525;8
3783;67891;67843;1;48
3784;67939;1741;39;40
3785;67979;139;489;8
3786;67987;157;433;6
3787;67993;49;1387;30
3788;68023;29;2345;18
3789;68041;68023;1;18
3790;68059;9721;7;12
3791;68071;37;1839;28
3792;68099;68087;1;12
3793;68111;3;22703;2
3794;68113;45;1513;28
3795;68141;13627;5;6
3796;68147;39;1747;14
3797;68161;22717;3;10
3798;68171;13627;5;36
3799;68207;3;22735;2
3800;68209;127;537;10
3801;68219;79;863;42
3802;68261;9749;7;18
3803;68279;7583;9;32
3804;68311;3251;21;40
3805;68351;22777;3;20
3806;68371;29;2357;18
3807;68389;23;2973;10
3808;68399;45;1519;44
3809;68443;68437;1;6
3810;68449;25;2737;24
3811;68473;7607;9;10
3812;68483;68477;1;6
3813;68489;23;2977;18
3814;68507;68483;1;24
3815;68531;6229;11;12
3816;68543;4567;15;38
3817;68581;49;1399;30
3818;68611;253;271;48
3819;68659;35;1961;24
3820;68683;5281;13;30
3821;68713;149;461;24
3822;68737;13;5287;6
3823;68743;68737;1;6
3824;68749;221;311;18
3825;68767;22921;3;4
3826;68771;17;4045;6
3827;68777;22921;3;14
3828;68791;9817;7;72
3829;68863;6257;11;36
3830;68899;773;89;102
3831;69001;101;683;18
3832;69019;151;457;12
3833;69031;13799;5;36
3834;69067;151;457;60
3835;69127;3637;19;24
3836;69151;69109;1;42
3837;69193;83;833;54
3838;69247;21;3297;10
3839;69257;7;9893;6
3840;69263;23071;3;50
3841;69313;6299;11;24
3842;69337;39;1777;34
3843;69371;9;7707;8
3844;69379;55;1261;24
3845;69403;69379;1;24
3846;69427;13883;5;12
3847;69439;2393;29;42
3848;69481;69463;1;18
3849;69499;137;507;40
3850;69539;2777;25;114
3851;69653;39;1785;38
3852;69691;9949;7;48
3853;69739;73;955;24
3854;69763;233;299;96
3855;69859;23269;3;52
3856;69911;23297;3;20
3857;69931;17;4113;10
3858;69941;49;1427;18
3859;69959;139;503;42
3860;70001;3331;21;50
3861;70051;91;769;72
3862;70123;1709;41;54
3863;70177;47;1493;6
3864;70183;14033;5;18
3865;70201;101;695;6
3866;70207;4679;15;22
3867;70229;29;2421;20
3868;70249;70201;1;48
3869;70297;14057;5;12
3870;70309;5;14061;4
3871;70313;15;4687;8
3872;70321;7;10045;6
3873;70327;229;307;24
3874;70351;33;2131;28
3875;70379;3;23459;2
3876;70381;13;5413;12
3877;70393;70327;1;66
3878;70459;53;1329;22
3879;70481;25;2819;6
3880;70487;83;849;20
3881;70507;43;1639;30
3882;70537;71;993;34
3883;70571;3;23523;2
3884;70573;97;727;54
3885;70627;29;2435;12
3886;70639;7841;9;70
3887;70709;1333;53;60
3888;70769;1571;45;74
3889;70843;21;3373;10
3890;70853;47;1507;24
3891;70877;23;3081;14
3892;70891;23627;3;10
3893;70901;13;5453;12
3894;70913;17;4171;6
3895;70919;70901;1;18
3896;70937;25;2837;12
3897;70949;70919;1;30
3898;70979;3;23659;2
3899;70981;41;1731;10
3900;70991;9;7887;8
3901;70999;93;763;40
3902;71039;4177;17;30
3903;71069;4177;17;60
3904;71129;14221;5;24
3905;71153;1823;39;56
3906;71209;33;2157;28
3907;71237;25;2849;12
3908;71249;71237;1;12
3909;71261;1249;57;68
3910;71329;23773;3;10
3911;71339;3;23779;2
3912;71341;11;6485;6
3913;71347;71341;1;6
3914;71353;71347;1;6
3915;71359;1517;47;60
3916;71419;13;5493;10
3917;71429;14281;5;24
3918;71453;107;667;84
3919;71537;25;2861;12
3920;71549;15;4769;14
3921;71563;77;929;30
3922;71593;51;1403;40
3923;71633;7951;9;74
3924;71707;7;10243;6
3925;71713;71707;1;6
3926;71719;863;83;90
3927;71809;61;1177;12
3928;71821;39;1841;22
3929;71843;71837;1;6
3930;71849;109;659;18
3931;71867;43;1671;14
3932;71881;23;3125;6
3933;71887;23;3125;12
3934;71899;71881;1;18
3935;71917;71887;1;30
3936;71947;71;1013;24
3937;71971;227;317;12
3938;71983;71;1013;60
3939;72043;13;5541;10
3940;72053;39;1847;20
3941;72073;14411;5;18
3942;72091;49;1471;12
3943;72103;17;4241;6
3944;72109;49;1471;30
3945;72139;72109;1;30
3946;72169;79;913;42
3947;72211;17;4247;12
3948;72223;7;10317;4
3949;72227;3;24075;2
3950;72229;71;1017;22
3951;72251;3;24083;2
3952;72253;14447;5;18
3953;72271;14447;5;36
3954;72307;17;4253;6
3955;72313;161;449;24
3956;72337;24107;3;16
3957;72353;31;2333;30
3958;72383;39;1855;38
3959;72421;24137;3;10
3960;72431;69;1049;50
3961;72481;72469;1;12
3962;72493;24151;3;40
3963;72533;23;3153;14
3964;72547;89;815;12
3965;72559;43;1687;18
3966;72577;43;1687;36
3967;72613;24203;3;4
3968;72617;7;10373;6
3969;72623;27;2689;20
3970;72643;19;3823;6
3971;72649;25;2905;24
3972;72673;7;10381;6
3973;72679;101;719;60
3974;72739;14543;5;24
3975;72763;8081;9;34
3976;72797;65;1119;62
3977;72859;97;751;12
3978;72871;72859;1;12
3979;72883;7;10411;6
3980;72889;72871;1;18
3981;72907;72883;1;24
3982;72931;25;2917;6
3983;72937;47;1551;40
3984;72977;209;349;36
3985;73013;10427;7;24
3986;73037;7;10433;6
3987;73043;23;3175;18
3988;73061;73043;1;18
3989;73079;72977;1;102
3990;73181;24373;3;62
3991;73243;21;3487;16
3992;73259;33;2219;32
3993;73291;49;1495;36
3994;73327;73303;1;24
3995;73351;10477;7;12
3996;73363;109;673;6
3997;73369;11;6669;10
3998;73379;87;843;38
3999;73417;77;953;36
4000;73453;11;6677;6
4001;73459;121;607;12
4002;73471;73459;1;12
4003;73483;2719;27;70
4004;73553;73517;1;36
4005;73589;137;537;20
4006;73609;45;1635;34
4007;73643;15;4909;8
4008;73651;89;827;48
4009;73699;14723;5;84
4010;73783;2543;29;36
4011;73819;113;653;30
4012;73849;151;489;10
4013;73859;14767;5;24
4014;73883;73859;1;24
4015;73907;75;985;32
4016;73939;59;1253;12
4017;73951;21;3521;10
4018;73961;41;1803;38
4019;73999;167;443;18
4020;74017;27;2741;10
4021;74027;27;2741;20
4022;74047;1999;37;84
4023;74131;19;3901;12
4024;74143;7;10591;6
4025;74149;13;5703;10
4026;74159;3;24719;2
4027;74161;14831;5;6
4028;74167;74131;1;36
4029;74203;74197;1;6
4030;74209;24733;3;10
4031;74219;79;939;38
4032;74257;35;2121;22
4033;74279;15;4951;14
4034;74293;24763;3;4
4035;74297;33;2251;14
4036;74311;7;10615;6
4037;74317;74311;1;6
4038;74323;74293;1;30
4039;74353;24781;3;10
4040;74363;14869;5;18
4041;74381;5717;13;60
4042;74441;43;1731;8
4043;74449;24809;3;22
4044;74471;74453;1;18
4045;74489;74471;1;18
4046;74507;3;24835;2
4047;74509;23;3239;12
4048;74521;7;10645;6
4049;74527;24841;3;4
4050;74531;51;1461;20
4051;74551;2129;35;36
4052;74587;173;431;24
4053;74611;10657;7;12
4054;74623;97;769;30
4055;74653;8291;9;34
4056;74687;25;2987;12
4057;74699;9;8299;8
4058;74707;11;6791;6
4059;74713;74707;1;6
4060;74719;27;2767;10
4061;74729;91;821;18
4062;74747;29;2577;14
4063;74761;41;1823;18
4064;74779;74761;1;18
4065;74797;77;971;30
4066;74827;74797;1;30
4067;74857;74827;1;30
4068;74887;109;687;4
4069;74891;8317;9;38
4070;74929;19;3943;12
4071;74941;74923;1;18
4072;74959;157;477;70
4073;75029;157;477;140
4074;75169;17;4421;12
4075;75181;75169;1;12
4076;75193;25;3007;18
4077;75211;95;791;66
4078;75277;15053;5;12
4079;75289;87;865;34
4080;75323;39;1931;14
4081;75337;75307;1;30
4082;75367;59;1277;24
4083;75391;25127;3;10
4084;75401;17;4435;6
4085;75407;77;979;24
4086;75431;7;10775;6
4087;75437;113;667;66
4088;75503;15;5033;8
4089;75511;163;463;42
4090;75553;15107;5;18
4091;75571;7;10795;6
4092;75577;75571;1;6
4093;75583;2437;31;36
4094;75619;59;1281;40
4095;75659;57;1327;20
4096;75679;5;15135;4
4097;75683;7;10811;6
4098;75689;15;5045;14
4099;75703;9;8411;4
4100;75707;3;25235;2
4101;75709;59;1283;12
4102;75721;2609;29;60
4103;75781;17;4457;12
4104;75793;5051;15;28
4105;75821;41;1849;12
4106;75833;37;2049;20
4107;75853;5051;15;88
4108;75941;71;1069;42
4109;75983;15;5065;8
4110;75991;7;10855;6
4111;75997;73;1041;4
4112;76001;10853;7;30
4113;76031;9;8447;8
4114;76039;47;1617;40
4115;76079;3;25359;2
4116;76081;25357;3;10
4117;76091;21;3623;8
4118;76099;25;3043;24
4119;76123;103;739;6
4120;76129;83;917;18
4121;76147;15227;5;12
4122;76159;5;15231;4
4123;76163;2819;27;50
4124;76213;35;2177;18
4125;76231;13;5863;12
4126;76243;7;10891;6
4127;76249;43;1773;10
4128;76259;3;25419;2
4129;76261;43;1773;22
4130;76283;83;919;6
4131;76289;79;965;54
4132;76343;167;457;24
4133;76367;3;25455;2
4134;76369;25453;3;10
4135;76379;15271;5;24
4136;76403;15277;5;18
4137;76421;4019;19;60
4138;76481;7;10925;6
4139;76487;76481;1;6
4140;76493;19;4025;18
4141;76511;76481;1;30
4142;76541;23;3327;20
4143;76561;3061;25;36
4144;76597;21;3647;10
4145;76607;15313;5;42
4146;76649;76631;1;18
4147;76667;13;5897;6
4148;76673;76667;1;6
4149;76679;5897;13;18
4150;76697;5897;13;36
4151;76733;21;3653;20
4152;76753;31;2475;28
4153;76781;27;2843;20
4154;76801;49;1567;18
4155;76819;89;863;12
4156;76831;7;10975;6
4157;76837;25609;3;10
4158;76847;29;2649;26
4159;76873;3659;21;34
4160;76907;76871;1;36
4161;76943;25;3077;18
4162;76961;4049;19;30
4163;76991;49;1571;12
4164;77003;33;2333;14
4165;77017;11;7001;6
4166;77023;77017;1;6
4167;77029;77017;1;12
4168;77041;7;11005;6
4169;77047;119;647;54
4170;77101;51;1511;40
4171;77141;53;1455;26
4172;77167;7013;11;24
4173;77191;7013;11;48
4174;77239;5;15447;4
4175;77243;25741;3;20
4176;77263;57;1355;28
4177;77291;45;1717;26
4178;77317;5153;15;22
4179;77339;53;1459;12
4180;77351;4549;17;18
4181;77369;107;723;8
4182;77377;7;11053;6
4183;77383;57;1357;34
4184;77417;25801;3;14
4185;77431;39;1985;16
4186;77447;139;557;24
4187;77471;15493;5;6
4188;77477;15493;5;12
4189;77489;21;3689;20
4190;77509;5;15501;4
4191;77513;15;5167;8
4192;77521;37;2095;6
4193;77527;21;3691;16
4194;77543;17;4561;6
4195;77549;25847;3;8
4196;77557;13;5965;12
4197;77569;77551;1;18
4198;77587;77557;1;30
4199;77617;31;2503;24
4200;77641;15527;5;6
4201;77647;15527;5;12
4202;77659;149;521;30
4203;77689;21;3699;10
4204;77699;77687;1;12
4205;77711;3;25903;2
4206;77713;7;11101;6
4207;77719;5;15543;4
4208;77723;77699;1;24
4209;77747;27;2879;14
4210;77761;29;2681;12
4211;77773;29;2681;24
4212;77797;25931;3;4
4213;77801;49;1587;38
4214;77839;79;985;24
4215;77863;9;8651;4
4216;77867;5189;15;32
4217;77899;7079;11;30
4218;77929;4099;19;48
4219;77977;103;757;6
4220;77983;8663;9;16
4221;77999;25997;3;8
4222;78007;77983;1;24
4223;78031;221;353;18
4224;78049;13;6003;10
4225;78059;23;3393;20
4226;78079;27;2891;22
4227;78101;51;1531;20
4228;78121;83;941;18
4229;78139;33;2367;28
4230;78167;47;1663;6
4231;78173;123;635;68
4232;78241;19;4117;18
4233;78259;15647;5;24
4234;78283;78259;1;24
4235;78307;3727;21;40
4236;78347;27;2901;20
4237;78367;78307;1;60
4238;78427;15683;5;12
4239;78439;59;1329;28
4240;78467;13;6035;12
4241;78479;9;8719;8
4242;78487;21;3737;10
4243;78497;55;1427;12
4244;78509;137;573;8
4245;78517;5233;15;22
4246;78539;3;26179;2
4247;78541;59;1331;12
4248;78553;47;1671;16
4249;78569;9;8729;8
4250;78577;78571;1;6
4251;78583;6043;13;24
4252;78607;78571;1;36
4253;78643;13;6049;6
4254;78649;78607;1;42
4255;78691;15737;5;6
4256;78697;11239;7;24
4257;78721;2017;39;58
4258;78779;3;26259;2
4259;78781;23;3425;6
4260;78787;61;1291;36
4261;78823;11251;7;66
4262;78889;8761;9;40
4263;78929;53;1489;12
4264;78941;99;797;38
4265;78979;78919;1;60
4266;79039;167;473;48
4267;79087;26347;3;46
4268;79133;59;1341;14
4269;79147;26371;3;34
4270;79181;25;3167;6
4271;79187;79181;1;6
4272;79193;6089;13;36
4273;79229;5279;15;44
4274;79273;31;2557;6
4275;79279;29;2733;22
4276;79301;79283;1;18
4277;79319;47;1687;30
4278;79349;51;1555;44
4279;79393;7;11341;6
4280;79399;77;1031;12
4281;79411;79399;1;12
4282;79423;79309;1;114
4283;79537;25;3181;12
4284;79549;79537;1;12
4285;79561;4679;17;18
4286;79579;79549;1;30
4287;79609;19;4189;18
4288;79627;83;959;30
4289;79657;26539;3;40
4290;79697;26539;3;80
4291;79777;173;461;24
4292;79801;26591;3;28
4293;79829;15;5321;14
4294;79843;4201;19;24
4295;79867;79861;1;6
4296;79873;79843;1;30
4297;79903;26633;3;4
4298;79907;45;1775;32
4299;79939;26633;3;40
4300;79979;19;4209;8
4301;79987;25;3199;12
4302;79999;2423;33;40
4303;80039;79;1013;12
4304;80051;21;3811;20
4305;80071;67;1195;6
4306;80077;26681;3;34
4307;80111;135;593;56
4308;80167;19;4219;6
4309;80173;23;3485;18
4310;80191;80149;1;42
4311;80233;7;11461;6
4312;80239;73;1099;12
4313;80251;80239;1;12
4314;80263;80239;1;24
4315;80287;4721;17;30
4316;80317;16061;5;12
4317;80329;49;1639;18
4318;80347;26777;3;16
4319;80363;161;499;24
4320;80387;21;3827;20
4321;80407;23;3495;22
4322;80429;191;421;18
4323;80447;3;26815;2
4324;80449;25;3217;24
4325;80473;39;2063;16
4326;80489;35;2299;24
4327;80513;80489;1;24
4328;80537;31;2597;30
4329;80567;35;2301;32
4330;80599;5;16119;4
4331;80603;71;1135;18
4332;80621;23;3505;6
4333;80627;3;26875;2
4334;80629;97;831;22
4335;80651;31;2601;20
4336;80671;13;6205;6
4337;80677;26891;3;4
4338;80681;7;11525;6
4339;80687;26891;3;14
4340;80701;11527;7;12
4341;80713;11527;7;24
4342;80737;71;1137;10
4343;80747;3;26915;2
4344;80749;80737;1;12
4345;80761;21;3845;16
4346;80777;37;2183;6
4347;80783;80747;1;36
4348;80819;19;4253;12
4349;80831;3;26943;2
4350;80833;80803;1;30
4351;80863;2309;35;48
4352;80911;13;6223;12
4353;80923;80917;1;6
4354;80929;55;1471;24
4355;80953;55;1471;48
4356;81001;23;3521;18
4357;81019;59;1373;12
4358;81031;81019;1;12
4359;81043;11;7367;6
4360;81049;27;3001;22
4361;81071;7369;11;12
4362;81083;61;1329;14
4363;81097;9007;9;34
4364;81131;9011;9;32
4365;81163;71;1143;10
4366;81173;33;2459;26
4367;81199;35;2319;34
4368;81233;43;1889;6
4369;81239;5413;15;44
4370;81283;3533;23;24
4371;81307;81283;1;24
4372;81331;11617;7;12
4373;81343;119;683;66
4374;81409;23;3539;12
4375;81421;29;2807;18
4376;81439;81421;1;18
4377;81457;47;1733;6
4378;81463;81409;1;54
4379;81517;157;519;34
4380;81551;3;27183;2
4381;81553;81547;1;6
4382;81559;5;16311;4
4383;81563;7;11651;6
4384;81569;81527;1;42
4385;81611;9;9067;8
4386;81619;6277;13;18
4387;81637;13;6279;10
4388;81647;3;27215;2
4389;81649;41;1991;18
4390;81667;41;1991;36
4391;81703;113;723;4
4392;81707;73;1119;20
4393;81727;39;2095;22
4394;81749;27;3027;20
4395;81769;11677;7;30
4396;81799;49;1669;18
4397;81817;35;2337;22
4398;81839;27277;3;8
4399;81847;223;367;6
4400;81853;11689;7;30
4401;81883;29;2823;16
4402;81899;3;27299;2
4403;81901;81883;1;18
4404;81919;11701;7;12
4405;81931;55;1489;36
4406;81967;9103;9;40
4407;82007;43;1907;6
4408;82013;163;503;24
4409;82037;19;4317;14
4410;82051;161;509;102
4411;82153;16427;5;18
4412;82171;139;591;22
4413;82193;61;1347;26
4414;82219;9133;9;22
4415;82241;27407;3;20
4416;82261;27407;3;40
4417;82301;51;1613;38
4418;82339;19;4333;12
4419;82351;39;2111;22
4420;82373;89;925;48
4421;82421;27457;3;50
4422;82471;13;6343;12
4423;82483;6343;13;24
4424;82507;82483;1;24
4425;82531;211;391;30
4426;82561;11;7505;6
4427;82567;13;6351;4
4428;82571;21;3931;20
4429;82591;27527;3;10
4430;82601;9;9177;8
4431;82609;11;7509;10
4432;82619;15;5507;14
4433;82633;31;2665;18
4434;82651;16529;5;6
4435;82657;65;1271;42
4436;82699;25;3307;24
4437;82723;181;457;6
4438;82729;81;1021;28
4439;82757;53;1561;24
4440;82781;1621;51;110
4441;82891;2239;37;48
4442;82939;9209;9;58
4443;82997;35;2371;12
4444;83009;235;353;54
4445;83063;43;1931;30
4446;83093;169;491;114
4447;83207;35;2377;12
4448;83219;3;27739;2
4449;83221;27737;3;10
4450;83231;2377;35;36
4451;83267;3;27755;2
4452;83269;5;16653;4
4453;83273;2029;41;84
4454;83357;95;877;42
4455;83399;199;419;18
4456;83417;239;349;6
4457;83423;121;689;54
4458;83477;27;3091;20
4459;83497;99;843;40
4460;83537;27;3093;26
4461;83563;61;1369;54
4462;83617;179;467;24
4463;83641;179;467;48
4464;83689;79;1059;28
4465;83717;119;703;60
4466;83777;49;1709;36
4467;83813;16741;5;108
4468;83921;11987;7;12
4469;83933;27961;3;50
4470;83983;29;2895;28
4471;84011;83969;1;42
4472;84053;109;771;14
4473;84067;2897;29;54
4474;84121;16823;5;6
4475;84127;9;9347;4
4476;84131;25;3365;6
4477;84137;84131;1;6
4478;84143;39;2157;20
4479;84163;84127;1;36
4480;84199;29;2903;12
4481;84211;84199;1;12
4482;84223;967;87;94
4483;84317;28081;3;74
4484;84391;5623;15;46
4485;84437;57;1481;20
4486;84457;79;1069;6
4487;84463;16889;5;18
4488;84481;84463;1;18
4489;84499;29;2913;22
4490;84521;63;1341;38
4491;84559;137;617;30
4492;84589;59;1433;42
4493;84631;51;1659;22
4494;84653;47;1801;6
4495;84659;15;5643;14
4496;84673;16931;5;18
4497;84691;16937;5;6
4498;84697;97;873;16
4499;84713;7;12101;6
4500;84719;12101;7;12
4501;84731;33;2567;20
4502;84751;16943;5;36
4503;84787;149;569;6
4504;84793;25;3391;18
4505;84811;12109;7;48
4506;84859;17;4991;12
4507;84871;2069;41;42
4508;84913;197;431;6
4509;84919;6529;13;42
4510;84961;13;6535;6
4511;84967;13;6535;12
4512;84979;84967;1;12
4513;84991;65;1307;36
4514;85027;41;2073;34
4515;85061;151;563;48
4516;85109;4051;21;38
4517;85147;17027;5;12
4518;85159;205;415;84
4519;85243;87;979;70
4520;85313;35;2437;18
4521;85331;3;28443;2
4522;85333;33;2585;28
4523;85361;9479;9;50
4524;85411;69;1237;58
4525;85469;51;1675;44
4526;85513;17099;5;18
4527;85531;85513;1;18
4528;85549;127;673;78
4529;85627;17123;5;12
4530;85639;5;17127;4
4531;85643;85619;1;24
4532;85667;3;28555;2
4533;85669;28549;3;22
4534;85691;27;3173;20
4535;85711;28547;3;70
4536;85781;63;1361;38
4537;85819;28603;3;10
4538;85829;29;2959;18
4539;85847;7;12263;6
4540;85853;111;773;50
4541;85903;75;1145;28
4542;85931;3;28643;2
4543;85933;5051;17;66
4544;85999;7817;11;12
4545;86011;4093;21;58
4546;86069;86027;1;42
4547;86111;17;5065;6
4548;86117;5737;15;62
4549;86179;131;657;112
4550;86291;3;28763;2
4551;86293;7;12327;4
4552;86297;28751;3;44
4553;86341;21;4111;10
4554;86351;3;28783;2
4555;86353;53;1629;16
4556;86369;86357;1;12
4557;86381;9;9597;8
4558;86389;28793;3;10
4559;86399;25;3455;24
4560;86423;4547;19;30
4561;86453;12347;7;24
4562;86477;86453;1;24
4563;86501;39;2217;38
4564;86539;86491;1;48
4565;86587;245;353;102
4566;86689;4561;19;30
4567;86719;59;1469;48
4568;86767;137;633;46
4569;86813;59;1471;24
4570;86837;86813;1;24
4571;86861;13;6681;8
4572;86869;97;895;54
4573;86923;269;323;36
4574;86959;28979;3;22
4575;86981;86969;1;12
4576;86993;17389;5;48
4577;87041;87011;1;30
4578;87071;65;1339;36
4579;87107;17419;5;12
4580;87119;3;29039;2
4581;87121;7919;11;12
4582;87133;71;1227;16
4583;87149;77;1131;62
4584;87211;9689;9;10
4585;87221;247;353;30
4586;87251;3;29083;2
4587;87253;127;687;4
4588;87257;83;1051;24
4589;87281;13;6713;12
4590;87293;191;457;6
4591;87299;15;5819;14
4592;87313;29101;3;10
4593;87323;191;457;36
4594;87359;12473;7;48
4595;87407;29131;3;14
4596;87421;27;3237;22
4597;87443;61;1433;30
4598;87473;17491;5;18
4599;87491;9719;9;20
4600;87511;11;7955;6
4601;87517;57;1535;22
4602;87539;3;29179;2
4603;87541;25;3501;16
4604;87557;87491;1;66
4605;87623;41;2137;6
4606;87629;41;2137;12
4607;87641;79;1109;30
4608;87671;9739;9;20
4609;87691;11;7971;10
4610;87701;33;2657;20
4611;87721;67;1309;18
4612;87739;39;2249;28
4613;87767;221;397;30
4614;87797;149;589;36
4615;87833;87797;1;36
4616;87869;29287;3;8
4617;87877;17;5169;4
4618;87881;19;4625;6
4619;87887;41;2143;24
4620;87911;17581;5;6
4621;87917;95;925;42
4622;87959;87917;1;42
4623;88001;17599;5;6
4624;88007;17599;5;12
4625;88019;88001;1;18
4626;88037;201;437;200
4627;88237;1399;63;100
4628;88337;12611;7;60
4629;88397;3533;25;72
4630;88469;147;601;122
4631;88591;23;3851;18
4632;88609;2857;31;42
4633;88651;21;4221;10
4634;88661;21;4221;20
4635;88681;61;1453;48
4636;88729;79;1123;12
4637;88741;133;667;30
4638;88771;88741;1;30
4639;88801;7;12685;6
4640;88807;9;9867;4
4641;88811;3;29603;2
4642;88813;88807;1;6
4643;88819;35;2537;24
4644;88843;29611;3;10
4645;88853;9871;9;14
4646;88867;88861;1;6
4647;88873;87;1021;46
4648;88919;2693;33;50
4649;88969;17789;5;24
4650;88993;9887;9;10
4651;89003;29663;3;14
4652;89017;71;1253;54
4653;89071;29;3071;12
4654;89083;29671;3;70
4655;89153;203;439;36
4656;89189;85;1049;24
4657;89213;17;5247;14
4658;89227;23;3879;10
4659;89237;3877;23;66
4660;89303;61;1463;60
4661;89363;107;835;18
4662;89381;17;5257;12
4663;89393;89387;1;6
4664;89399;15;5959;14
4665;89413;29803;3;4
4666;89417;17;5259;14
4667;89431;51;1753;28
4668;89459;47;1903;18
4669;89477;91;983;24
4670;89501;173;517;60
4671;89561;17911;5;6
4672;89567;151;593;24
4673;89591;19;4715;6
4674;89597;39;2297;14
4675;89611;89563;1;48
4676;89659;21;4269;10
4677;89669;89657;1;12
4678;89681;99;905;86
4679;89767;29;3095;12
4680;89779;97;925;54
4681;89833;43;2089;6
4682;89839;89779;1;60
4683;89899;19;4731;10
4684;89909;289;311;30
4685;89939;231;389;80
4686;90019;90007;1;12
4687;90031;73;1233;22
4688;90053;55;1637;18
4689;90071;111;811;50
4690;90121;67;1345;6
4691;90127;3917;23;36
4692;90163;79;1141;24
4693;90187;30059;3;10
4694;90197;30059;3;20
4695;90217;90187;1;30
4696;90247;12889;7;24
4697;90271;27;3343;10
4698;90281;30091;3;8
4699;90289;35;2579;24
4700;90313;90247;1;66
4701;90379;85;1063;24
4702;90403;3347;27;34
4703;90437;75;1205;62
4704;90499;41;2207;12
4705;90511;90499;1;12
4706;90523;7;12931;6
4707;90529;90511;1;18
4708;90547;77;1175;72
4709;90619;8237;11;12
4710;90631;10067;9;28
4711;90659;27;3357;20
4712;90679;5333;17;18
4713;90697;89;1019;6
4714;90703;31;2925;28
4715;90731;90659;1;72
4716;90803;21;4323;20
4717;90823;55;1651;18
4718;90841;37;2455;6
4719;90847;17;5343;16
4720;90863;10091;9;44
4721;90907;6991;13;24
4722;90931;12979;7;78
4723;91009;10111;9;10
4724;91019;15;6067;14
4725;91033;155;587;48
4726;91081;13009;7;18
4727;91099;187;487;30
4728;91129;3643;25;54
4729;91183;51;1787;46
4730;91229;15;6081;14
4731;91243;27;3379;10
4732;91253;45;2027;38
4733;91291;18257;5;6
4734;91297;91291;1;6
4735;91303;91297;1;6
4736;91309;91249;1;60
4737;91369;7027;13;18
4738;91387;11;8307;10
4739;91397;149;613;60
4740;91457;109;839;6
4741;91463;91433;1;30
4742;91493;18289;5;48
4743;91541;1549;59;150
4744;91691;30557;3;20
4745;91711;39;2351;22
4746;91733;57;1609;20
4747;91753;35;2621;18
4748;91771;7057;13;30
4749;91801;11;8345;6
4750;91807;71;1293;4
4751;91811;3;30603;2
4752;91813;71;1293;10
4753;91823;101;909;14
4754;91837;91807;1;30
4755;91867;7;13123;6
4756;91873;91807;1;66
4757;91939;61;1507;12
4758;91951;55;1671;46
4759;91997;51;1803;44
4760;92041;18401;5;36
4761;92077;7;13153;6
4762;92083;8369;11;24
4763;92107;49;1879;36
4764;92143;13159;7;30
4765;92173;37;2491;6
4766;92179;30713;3;40
4767;92219;3;30739;2
4768;92221;18443;5;6
4769;92227;92221;1;6
4770;92233;18443;5;18
4771;92251;92233;1;18
4772;92269;37;2493;28
4773;92297;19;4857;14
4774;92311;18461;5;6
4775;92317;33;2797;16
4776;92333;27;3419;20
4777;92353;30781;3;10
4778;92363;31;2979;14
4779;92377;71;1301;6
4780;92383;7;13197;4
4781;92387;25;3695;12
4782;92399;3;30799;2
4783;92401;37;2497;12
4784;92413;7;13201;6
4785;92419;43;2149;12
4786;92431;10267;9;28
4787;92459;3;30819;2
4788;92461;11;8405;6
4789;92467;41;2255;12
4790;92479;301;307;72
4791;92551;83;1115;6
4792;92557;83;1115;12
4793;92569;92557;1;12
4794;92581;92569;1;12
4795;92593;151;613;30
4796;92623;18521;5;18
4797;92641;97;955;6
4798;92647;92623;1;24
4799;92671;67;1383;10
4800;92681;19;4877;18
4801;92699;92681;1;18
4802;92717;83;1117;6
4803;92723;10301;9;14
4804;92737;29;3197;24
4805;92761;13;7135;6
4806;92767;13249;7;24
4807;92791;13;7137;10
4808;92801;39;2379;20
4809;92821;30937;3;10
4810;92831;13259;7;18
4811;92849;17;5461;12
4812;92861;7;13265;6
4813;92867;4421;21;26
4814;92893;41;2265;28
4815;92921;18583;5;6
4816;92927;30971;3;14
4817;92941;43;2161;18
4818;92959;30977;3;28
4819;92987;17;5469;14
4820;93001;69;1347;58
4821;93059;115;809;24
4822;93083;93077;1;6
4823;93089;35;2659;24
4824;93113;43;2165;18
4825;93131;3;31043;2
4826;93133;23;4049;6
4827;93139;23;4049;12
4828;93151;93133;1;18
4829;93169;11;8469;10
4830;93179;13;7167;8
4831;93187;25;3727;12
4832;93199;93169;1;30
4833;93229;31;3007;12
4834;93241;93199;1;42
4835;93283;179;521;24
4836;93307;47;1985;12
4837;93319;5;18663;4
4838;93323;19;4911;14
4839;93337;63;1481;34
4840;93371;93323;1;48
4841;93419;9;10379;8
4842;93427;13339;7;54
4843;93481;25;3739;6
4844;93487;31139;3;70
4845;93557;61;1533;44
4846;93601;18719;5;6
4847;93607;8501;11;96
4848;93703;8513;11;60
4849;93763;93739;1;24
4850;93787;93763;1;24
4851;93811;37;2535;16
4852;93827;4937;19;24
4853;93851;145;647;36
4854;93887;3;31295;2
4855;93889;13411;7;12
4856;93901;93889;1;12
4857;93913;113;831;10
4858;93923;23;4083;14
4859;93937;13;7225;12
4860;93949;29;3239;18
4861;93967;19;4945;12
4862;93979;31;3031;18
4863;93997;18797;5;12
4864;94009;217;433;48
4865;94057;163;577;6
4866;94063;5531;17;36
4867;94099;13441;7;12
4868;94111;11;8555;6
4869;94117;9;10457;4
4870;94121;79;1191;32
4871;94153;55;1711;48
4872;94201;18839;5;6
4873;94207;18839;5;12
4874;94219;31;3039;10
4875;94229;127;741;122
4876;94351;69;1367;28
4877;94379;71;1329;20
4878;94399;163;579;22
4879;94421;51;1851;20
4880;94441;11;8585;6
4881;94447;135;699;82
4882;94529;47;2011;12
4883;94541;7;13505;6
4884;94547;35;2701;12
4885;94559;35;2701;24
4886;94583;21;4503;20
4887;94603;31531;3;10
4888;94613;39;2425;38
4889;94651;31531;3;58
4890;94709;15;6313;14
4891;94723;8609;11;24
4892;94747;94723;1;24
4893;94771;11;8615;6
4894;94777;18947;5;42
4895;94819;94789;1;30
4896;94849;25;3793;24
4897;94873;21;4517;16
4898;94889;15;6325;14
4899;94903;7;13557;4
4900;94907;103;921;44
4901;94951;303;313;112
4902;95063;39;2437;20
4903;95083;11;8643;10
4904;95093;41;2319;14
4905;95107;95083;1;24
4906;95131;73;1303;12
4907;95143;31699;3;46
4908;95189;15;6345;14
4909;95203;6343;15;58
4910;95261;165;577;56
4911;95317;31769;3;10
4912;95327;31751;3;74
4913;95401;95383;1;18
4914;95419;10601;9;10
4915;95429;43;2219;12
4916;95441;6361;15;26
4917;95467;69;1383;40
4918;95507;61;1565;42
4919;95549;13;7349;12
4920;95561;9;10617;8
4921;95569;17;5621;12
4922;95581;23;4155;16
4923;95597;17;5623;6
4924;95603;35;2731;18
4925;95621;67;1427;12
4926;95633;69;1385;68
4927;95701;6379;15;16
4928;95717;10627;9;74
4929;95791;19;5041;12
4930;95803;37;2589;10
4931;95813;195;491;68
4932;95881;13693;7;30
4933;95911;19181;5;6
4934;95917;95911;1;6
4935;95923;95917;1;6
4936;95929;95911;1;18
4937;95947;113;849;10
4938;95957;31981;3;14
4939;95971;75;1279;46
4940;96017;49;1959;26
4941;96043;17;5649;10
4942;96053;95957;1;96
4943;96149;3313;29;72
4944;96221;10687;9;38
4945;96259;59;1631;30
4946;96289;109;883;42
4947;96331;4583;21;88
4948;96419;17;5671;12
4949;96431;96419;1;12
4950;96443;9;10715;8
4951;96451;19289;5;6
4952;96457;211;457;30
4953;96487;7;13783;6
4954;96493;73;1321;60
4955;96553;33;2925;28
4956;96581;32173;3;62
4957;96643;53;1823;24
4958;96667;41;2357;30
4959;96697;7;13813;6
4960;96703;96667;1;36
4961;96739;29;3335;24
4962;96763;96757;1;6
4963;96769;13;7443;10
4964;96779;32257;3;8
4965;96787;25;3871;12
4966;96799;25;3871;24
4967;96823;59;1641;4
4968;96827;23;4209;20
4969;96847;32261;3;64
4970;96911;157;617;42
4971;96953;29;3343;6
4972;96959;15;6463;14
4973;96973;13;7459;6
4974;96979;47;2063;18
4975;96997;9;10777;4
4976;97001;19;5105;6
4977;97007;39;2487;14
4978;97021;97003;1;18
4979;97039;96997;1;42
4980;97081;97003;1;78
4981;97159;19;5113;12
4982;97171;19433;5;6
4983;97177;21;4627;10
4984;97187;139;699;26
4985;97213;35;2777;18
4986;97231;32401;3;28
4987;97259;67;1451;42
4988;97301;75;1297;26
4989;97327;32429;3;40
4990;97367;11;8851;6
4991;97373;17;5727;14
4992;97387;21;4637;10
4993;97397;31;3141;26
4994;97423;23;4235;18
4995;97441;97429;1;12
4996;97453;7;13921;6
4997;97459;6491;15;94
4998;97553;29;3363;26
4999;97579;3613;27;28
5000;97607;7;13943;6
5001;97613;97577;1;36
5002;97649;63;1549;62
5003;97711;97651;1;60
5004;97771;119;821;72
5005;97843;227;431;6
5006;97849;97771;1;78
5007;97927;7;13989;4
5008;97931;47;2083;30
5009;97961;11;8905;6
5010;97967;10883;9;20
5011;97987;163;601;24
5012;98011;17;5765;6
5013;98017;13999;7;24
5014;98041;7;14005;6
5015;98047;105;933;82
5016;98129;32693;3;50
5017;98179;7549;13;42
5018;98221;13;7555;6
5019;98227;14029;7;24
5020;98251;14029;7;48
5021;98299;29;3389;18
5022;98317;17;5783;6
5023;98323;98269;1;54
5024;98377;98347;1;30
5025;98407;32801;3;4
5026;98411;32801;3;8
5027;98419;51;1929;40
5028;98459;98411;1;48
5029;98507;51;1931;26
5030;98533;27;3649;10
5031;98543;27;3649;20
5032;98563;173;569;126
5033;98689;35;2819;24
5034;98713;167;591;16
5035;98729;9;10969;8
5036;98737;19739;5;42
5037;98779;14107;7;30
5038;98809;41;2409;40
5039;98849;23;4297;18
5040;98867;3;32955;2
5041;98869;5;19773;4
5042;98873;31;3189;14
5043;98887;61;1621;6
5044;98893;98887;1;6
5045;98899;98887;1;12
5046;98911;19;5205;16
5047;98927;3;32975;2
5048;98929;29;3411;10
5049;98939;73;1355;24
5050;98963;35;2827;18
5051;98981;13;7613;12
5052;98993;7;14141;6
5053;98999;15;6599;14
5054;99013;9;11001;4
5055;99017;11;9001;6
5056;99023;19801;5;18
5057;99041;43;2303;12
5058;99053;11003;9;26
5059;99079;5;19815;4
5060;99083;27;3669;20
5061;99103;41;2417;6
5062;99109;11;9009;10
5063;99119;23;4309;12
5064;99131;3;33043;2
5065;99133;7;14161;6
5066;99139;2417;41;42
5067;99181;99139;1;42
5068;99223;33071;3;10
5069;99233;19843;5;18
5070;99251;23;4315;6
5071;99257;57;1741;20
5072;99277;19853;5;12
5073;99289;14173;7;78
5074;99367;11;9033;4
5075;99371;21;4731;20
5076;99391;2423;41;48
5077;99439;99409;1;30
5078;99469;9041;11;18
5079;99487;21;4737;10
5080;99497;71;1401;26
5081;99523;11;9047;6
5082;99529;47;2117;30
5083;99559;5;19911;4
5084;99563;15;6637;8
5085;99571;19913;5;6
5086;99577;191;521;66
5087;99643;19913;5;78
5088;99721;95;1049;66
5089;99787;14251;7;30
5090;99817;151;661;6
5091;99823;99787;1;36
5092;99859;29;3443;12
5093;99871;19973;5;6
5094;99877;9;11097;4
5095;99881;33287;3;20
5096;99901;19979;5;6
5097;99907;7681;13;54
5098;99961;33317;3;10
5099;99971;33317;3;20
5100;99991;29;3447;28
5101;100019;35;2857;24
5102;100043;33343;3;14
5103;100057;17;5885;12
5104;100069;91;1099;60
5105;100129;20021;5;24
5106;100153;3229;31;54
5107;100207;77;1301;30
5108;100237;127;789;34
5109;100271;19;5277;8
5110;100279;100267;1;12
5111;100291;31;3235;6
5112;100297;14323;7;36
5113;100333;121;829;24
5114;100357;11;9123;4
5115;100361;100343;1;18
5116;100379;167;601;12
5117;100391;100379;1;12
5118;100403;109;921;14
5119;100417;14341;7;30
5120;100447;49;2049;46
5121;100493;9;11165;8
5122;100501;19;5289;10
5123;100511;20101;5;6
5124;100517;257;391;30
5125;100547;3;33515;2
5126;100549;11171;9;10
5127;100559;33503;3;50
5128;100609;49;2053;12
5129;100621;11177;9;28
5130;100649;27;3727;20
5131;100669;77;1307;30
5132;100699;191;527;42
5133;100741;59;1707;28
5134;100769;37;2723;18
5135;100787;25;4031;12
5136;100799;3;33599;2
5137;100801;27;3733;10
5138;100811;139;725;36
5139;100847;3251;31;66
5140;100913;85;1187;18
5141;100931;11;9175;6
5142;100937;100931;1;6
5143;100943;17;5937;14
5144;100957;14419;7;24
5145;100981;3739;27;28
5146;101009;13;7769;12
5147;101021;241;419;42
5148;101063;35;2887;18
5149;101081;101051;1;30
5150;101111;73;1385;6
5151;101117;69;1465;32
5152;101149;33713;3;10
5153;101159;15;6743;14
5154;101173;33721;3;10
5155;101183;27;3747;14
5156;101197;47;2153;6
5157;101203;101197;1;6
5158;101209;101197;1;12
5159;101221;57;1775;46
5160;101267;109;929;6
5161;101273;101267;1;6
5162;101279;33739;3;62
5163;101341;33773;3;22
5164;101363;11261;9;14
5165;101377;17;5963;6
5166;101383;29;3495;28
5167;101411;33791;3;38
5168;101449;9221;11;18
5169;101467;21;4831;16
5170;101483;31;3273;20
5171;101503;21;4833;10
5172;101513;23;4413;14
5173;101527;43;2361;4
5174;101531;3;33843;2
5175;101533;9;11281;4
5176;101537;101513;1;24
5177;101561;33;3077;20
5178;101581;77;1319;18
5179;101599;5;20319;4
5180;101603;157;647;24
5181;101627;33871;3;14
5182;101641;115;883;96
5183;101737;87;1169;34
5184;101771;35;2907;26
5185;101797;21;4847;10
5186;101807;43;2367;26
5187;101833;11;9257;6
5188;101839;35;2909;24
5189;101863;7;14551;6
5190;101869;51;1997;22
5191;101891;6791;15;26
5192;101917;7;14559;4
5193;101921;181;563;18
5194;101939;55;1853;24
5195;101963;17;5997;14
5196;101977;41;2487;10
5197;101987;25;4079;12
5198;101999;3;33999;2
5199;102001;79;1291;12
5200;102013;11;9273;10
5201;102023;4079;25;48
5202;102071;137;745;6
5203;102077;29;3519;26
5204;102103;34033;3;4
5205;102107;3779;27;74
5206;102181;34057;3;10
5207;102191;34061;3;8
5208;102199;5;20439;4
5209;102203;23;4443;14
5210;102217;91;1123;24
5211;102241;37;2763;10
5212;102251;3;34083;2
5213;102253;59;1733;6
5214;102259;2621;39;40
5215;102299;3;34099;2
5216;102301;45;2273;16
5217;102317;35;2923;12
5218;102329;9;11369;8
5219;102337;263;389;30
5220;102367;102337;1;30
5221;102397;20477;5;12
5222;102409;20477;5;24
5223;102433;20483;5;18
5224;102451;14629;7;48
5225;102499;25;4099;24
5226;102523;47;2181;16
5227;102539;11;9321;8
5228;102547;20507;5;12
5229;102559;5;20511;4
5230;102563;102539;1;24
5231;102587;179;573;20
5232;102607;14653;7;36
5233;102643;209;491;24
5234;102667;19;5403;10
5235;102677;11399;9;86
5236;102763;5407;19;30
5237;102793;25;4111;18
5238;102811;102793;1;18
5239;102829;13;7909;12
5240;102841;37;2779;18
5241;102859;145;709;54
5242;102913;65;1583;18
5243;102931;34303;3;22
5244;102953;34313;3;14
5245;102967;34297;3;76
5246;103043;11;9367;6
5247;103049;197;523;18
5248;103067;3;34355;2
5249;103069;11;9369;10
5250;103079;103067;1;12
5251;103091;3;34363;2
5252;103093;4481;23;30
5253;103123;85;1213;18
5254;103141;97;1063;30
5255;103171;47;2195;6
5256;103177;103171;1;6
5257;103183;20627;5;48
5258;103231;103171;1;60
5259;103291;17;6075;16
5260;103307;173;597;26
5261;103333;59;1751;24
5262;103357;203;509;30
5263;103387;67;1543;6
5264;103393;103387;1;6
5265;103399;25;4135;24
5266;103423;125;827;48
5267;103471;307;337;12
5268;103483;33;3135;28
5269;103511;34487;3;50
5270;103561;139;745;6
5271;103567;9413;11;24
5272;103591;5449;19;60
5273;103651;19;5455;6
5274;103657;34537;3;46
5275;103703;51;2033;20
5276;103723;4937;21;46
5277;103769;93;1115;74
5278;103843;31;3349;24
5279;103867;23;4515;22
5280;103889;159;653;62
5281;103951;121;859;12
5282;103963;7;14851;6
5283;103969;11551;9;10
5284;103979;3;34659;2
5285;103981;103969;1;12
5286;103993;29;3585;28
5287;104021;45;2311;26
5288;104047;20807;5;12
5289;104059;4523;23;30
5290;104089;65;1601;24
5291;104113;104107;1;6
5292;104119;5;20823;4
5293;104123;45;2313;38
5294;104161;104149;1;12
5295;104173;7;14881;6
5296;104179;85;1225;54
5297;104233;17;6131;6
5298;104239;2671;39;70
5299;104309;15;6953;14
5300;104323;71;1469;24
5301;104347;104311;1;36
5302;104383;4967;21;76
5303;104459;15;6963;14
5304;104473;11;9497;6
5305;104479;6143;17;48
5306;104527;14929;7;24
5307;104551;34841;3;28
5308;104579;15;6971;14
5309;104593;34849;3;46
5310;104639;23;4549;12
5311;104651;9;11627;8
5312;104659;269;389;18
5313;104677;23;4551;4
5314;104681;29;3609;20
5315;104701;20939;5;6
5316;104707;133;787;36
5317;104743;25;4189;18
5318;104761;104743;1;18
5319;104779;21;4989;10
5320;104789;15;6985;14
5321;104803;104779;1;24
5322;104827;104803;1;24
5323;104851;79;1327;18
5324;104869;61;1719;10
5325;104879;71;1477;12
5326;104891;39;2689;20
5327;104911;125;839;36
5328;104947;17;6173;6
5329;104953;104947;1;6
5330;104959;89;1179;28
5331;104987;13;8075;12
5332;104999;25;4199;24
5333;105023;15;7001;8
5334;105031;25;4201;6
5335;105037;3889;27;34
5336;105071;3001;35;36
5337;105107;119;883;30
5338;105137;13;8087;6
5339;105143;15017;7;24
5340;105167;105107;1;60
5341;105227;3;35075;2
5342;105229;35069;3;22
5343;105251;3;35083;2
5344;105253;35081;3;10
5345;105263;35083;3;14
5346;105277;65;1619;42
5347;105319;5;21063;4
5348;105323;15;7021;8
5349;105331;11;9575;6
5350;105337;35;3009;22
5351;105359;3;35119;2
5352;105361;19;5545;6
5353;105367;105361;1;6
5354;105373;21;5017;16
5355;105389;9;11709;8
5356;105397;19;5547;4
5357;105401;107;985;6
5358;105407;65;1621;42
5359;105449;19;5549;18
5360;105467;33;3195;32
5361;105499;313;337;18
5362;105517;21101;5;12
5363;105529;33;3197;28
5364;105557;35171;3;44
5365;105601;7;15085;6
5366;105607;105601;1;6
5367;105613;105607;1;6
5368;105619;319;331;30
5369;105649;73;1447;18
5370;105667;157;673;6
5371;105673;55;1921;18
5372;105691;55;1921;36
5373;105727;115;919;42
5374;105769;105667;1;102
5375;105871;13;8143;12
5376;105883;27;3921;16
5377;105899;47;2253;8
5378;105907;137;773;6
5379;105913;221;479;54
5380;105967;281;377;30
5381;105997;25;4239;22
5382;106019;23;4609;12
5383;106031;3;35343;2
5384;106033;131;809;54
5385;106087;53;2001;34
5386;106121;21;5053;8
5387;106129;55;1929;34
5388;106163;9649;11;24
5389;106187;3;35395;2
5390;106189;8167;13;18
5391;106207;61;1741;6
5392;106213;9;11801;4
5393;106217;27;3933;26
5394;106243;106213;1;30
5395;106273;7;15181;6
5396;106279;17;6251;12
5397;106291;29;3665;6
5398;106297;106291;1;6
5399;106303;106243;1;60
5400;106363;15187;7;54
5401;106417;21;5067;10
5402;106427;79;1347;14
5403;106441;209;509;60
5404;106501;3943;27;40
5405;106541;77;1383;50
5406;106591;35521;3;28
5407;106619;3;35539;2
5408;106621;23;4635;16
5409;106637;25;4265;12
5410;106649;106637;1;12
5411;106661;35543;3;32
5412;106693;43;2481;10
5413;106703;19;5615;18
5414;106721;7;15245;6
5415;106727;35;3049;12
5416;106739;106727;1;12
5417;106751;3;35583;2
5418;106753;106747;1;6
5419;106759;21347;5;24
5420;106783;35593;3;4
5421;106787;35591;3;14
5422;106801;69;1547;58
5423;106859;3;35619;2
5424;106861;7;15265;6
5425;106867;47;2273;36
5426;106903;13;8223;4
5427;106907;106877;1;30
5428;106937;157;681;20
5429;106957;13;8227;6
5430;106963;17;6291;16
5431;106979;15;7131;14
5432;106993;45;2377;28
5433;107021;15287;7;12
5434;107033;15287;7;24
5435;107057;79;1355;12
5436;107069;127;843;8
5437;107077;19;5635;12
5438;107089;21;5099;10
5439;107099;3;35699;2
5440;107101;5099;21;22
5441;107123;79;1355;78
5442;107201;123;871;68
5443;107269;5;21453;4
5444;107273;67;1601;6
5445;107279;4663;23;30
5446;107309;107279;1;30
5447;107339;19;5649;8
5448;107347;15331;7;30
5449;107377;35771;3;64
5450;107441;103;1043;12
5451;107453;23;4671;20
5452;107473;59;1821;34
5453;107507;3;35835;2
5454;107509;9767;11;72
5455;107581;107563;1;18
5456;107599;59;1823;42
5457;107641;11;9785;6
5458;107647;281;383;24
5459;107671;7177;15;16
5460;107687;7;15383;6
5461;107693;107687;1;6
5462;107699;15;7179;14
5463;107713;37;2911;6
5464;107719;35897;3;28
5465;107747;35911;3;14
5466;107761;19;5671;12
5467;107773;23;4685;18
5468;107791;115;937;36
5469;107827;21563;5;12
5470;107839;289;373;42
5471;107881;107839;1;42
5472;107923;35;3083;18
5473;107941;35977;3;10
5474;107951;35977;3;20
5475;107971;21587;5;36
5476;108007;7;15429;4
5477;108011;3;36003;2
5478;108013;15427;7;24
5479;108037;36011;3;4
5480;108041;36007;3;20
5481;108061;36011;3;28
5482;108089;67;1613;18
5483;108107;3;36035;2
5484;108109;19;5689;18
5485;108127;23;4701;4
5486;108131;15443;7;30
5487;108161;49;2207;18
5488;108179;19;5693;12
5489;108191;83;1303;42
5490;108233;36073;3;14
5491;108247;43;2517;16
5492;108263;6367;17;24
5493;108287;3;36095;2
5494;108289;13;8329;12
5495;108301;73;1483;42
5496;108343;7;15477;4
5497;108347;45;2407;32
5498;108379;131;827;42
5499;108421;43;2521;18
5500;108439;71;1527;22
5501;108461;63;1721;38
5502;108499;83;1307;18
5503;108517;21701;5;12
5504;108529;108517;1;12
5505;108541;25;4341;16
5506;108557;36161;3;74
5507;108631;11;9875;6
5508;108637;53;2049;40
5509;108677;113;961;84
5510;108761;49;2219;30
5511;108791;29;3751;12
5512;108803;29;3751;24
5513;108827;108791;1;36
5514;108863;39;2791;14
5515;108877;7;15553;6
5516;108883;71;1533;40
5517;108923;108917;1;6
5518;108929;9901;11;18
5519;108947;3;36315;2
5520;108949;36313;3;10
5521;108959;108917;1;42
5522;109001;37;2945;36
5523;109037;25;4361;12
5524;109049;25;4361;24
5525;109073;49;2225;48
5526;109121;13;8393;12
5527;109133;29;3763;6
5528;109139;3;36379;2
5529;109141;37;2949;28
5530;109169;21817;5;84
5531;109253;133;821;60
5532;109313;21859;5;18
5533;109331;21859;5;36
5534;109367;21871;5;12
5535;109379;109367;1;12
5536;109391;43;2543;42
5537;109433;109397;1;36
5538;109469;247;443;48
5539;109517;223;491;24
5540;109541;8423;13;42
5541;109583;36523;3;14
5542;109597;25;4383;22
5543;109619;3;36539;2
5544;109621;8431;13;18
5545;109639;55;1993;24
5546;109663;36551;3;10
5547;109673;117;937;44
5548;109717;36571;3;4
5549;109721;229;479;30
5550;109751;36571;3;38
5551;109789;5;21957;4
5552;109793;45;2439;38
5553;109831;109819;1;12
5554;109843;7;15691;6
5555;109849;19;5781;10
5556;109859;15;7323;14
5557;109873;13;8451;10
5558;109883;15;7325;8
5559;109891;21977;5;6
5560;109897;109891;1;6
5561;109903;2441;45;58
5562;109961;85;1293;56
5563;110017;11;10001;6
5564;110023;7333;15;28
5565;110051;110039;1;12
5566;110063;3793;29;66
5567;110129;39;2823;32
5568;110161;36713;3;22
5569;110183;110129;1;54
5570;110237;37;2979;14
5571;110251;27;4083;10
5572;110261;41;2689;12
5573;110273;22051;5;18
5574;110291;110261;1;30
5575;110321;73;1511;18
5576;110339;33;3343;20
5577;110359;2251;49;60
5578;110419;10037;11;12
5579;110431;7;15775;6
5580;110437;131;843;4
5581;110441;23;4801;18
5582;110459;110441;1;18
5583;110477;31;3563;24
5584;110501;69;1601;32
5585;110533;19;5817;10
5586;110543;12281;9;14
5587;110557;71;1557;10
5588;110567;11;10051;6
5589;110573;9;12285;8
5590;110581;137;807;22
5591;110603;33;3351;20
5592;110623;13;8509;6
5593;110629;13;8509;12
5594;110641;7;15805;6
5595;110647;13;8511;4
5596;110651;110573;1;78
5597;110729;12301;9;20
5598;110749;5;22149;4
5599;110753;22147;5;18
5600;110771;22153;5;6
5601;110777;22147;5;42
5602;110819;3;36939;2
5603;110821;47;2357;42
5604;110863;35;3167;18
5605;110881;110863;1;18
5606;110899;25;4435;24
5607;110923;11;10083;10
5608;110933;36973;3;14
5609;110947;110917;1;30
5610;110977;22193;5;12
5611;110989;110947;1;42
5612;111031;67;1657;12
5613;111043;37;3001;6
5614;111049;8539;13;42
5615;111091;113;983;12
5616;111103;7;15871;6
5617;111109;29;3831;10
5618;111119;3;37039;2
5619;111121;71;1565;6
5620;111127;21;5291;16
5621;111143;13;8549;6
5622;111149;39;2849;38
5623;111187;3833;29;30
5624;111217;19;5853;10
5625;111227;3;37075;2
5626;111229;115;967;24
5627;111253;11;10113;10
5628;111263;71;1567;6
5629;111269;5297;21;32
5630;111301;49;2271;22
5631;111323;113;985;18
5632;111341;7;15905;6
5633;111347;27;4123;26
5634;111373;111337;1;36
5635;111409;15913;7;18
5636;111427;22283;5;12
5637;111439;12379;9;28
5638;111467;21;5307;20
5639;111487;9;12387;4
5640;111491;3;37163;2
5641;111493;7;15927;4
5642;111497;5867;19;24
5643;111521;111509;1;12
5644;111533;13;8579;6
5645;111539;39;2859;38
5646;111577;41;2721;16
5647;111593;7;15941;6
5648;111599;19;5873;12
5649;111611;3847;29;48
5650;111659;37217;3;8
5651;111667;239;467;54
5652;111721;61;1831;30
5653;111751;167;669;28
5654;111779;3;37259;2
5655;111781;11;10161;10
5656;111791;21;5323;8
5657;111799;111751;1;48
5658;111847;67;1669;24
5659;111871;23;4863;22
5660;111893;89;1257;20
5661;111913;47;2381;6
5662;111919;7459;15;34
5663;111953;11;10177;6
5664;111959;303;369;152
5665;112111;197;569;18
5666;112129;19;5901;10
5667;112139;15;7475;14
5668;112153;29;3867;10
5669;112163;57;1967;44
5670;112207;8629;13;30
5671;112237;25;4489;12
5672;112249;112237;1;12
5673;112261;107;1049;18
5674;112279;37423;3;10
5675;112289;51;2201;38
5676;112327;37441;3;4
5677;112331;37441;3;8
5678;112339;29;3873;22
5679;112361;4159;27;68
5680;112429;16057;7;30
5681;112459;8647;13;48
5682;112507;47;2393;36
5683;112543;12503;9;16
5684;112559;241;467;12
5685;112571;3;37523;2
5686;112573;112543;1;30
5687;112603;23;4895;18
5688;112621;12511;9;22
5689;112643;33;3413;14
5690;112657;7;16093;6
5691;112663;45;2503;28
5692;112691;37547;3;50
5693;112741;23;4901;18
5694;112759;53;2127;28
5695;112787;13;8675;12
5696;112799;277;407;60
5697;112859;19;5939;18
5698;112877;7523;15;32
5699;112909;17;6641;12
5700;112921;11;10265;6
5701;112927;127;889;24
5702;112951;79;1429;60
5703;113011;97;1165;6
5704;113017;113011;1;6
5705;113023;101;1119;4
5706;113027;35;3229;12
5707;113039;3;37679;2
5708;113041;19;5949;10
5709;113051;113039;1;12
5710;113063;23;4915;18
5711;113081;37691;3;8
5712;113089;7537;15;34
5713;113123;27;4189;20
5714;113143;9;12571;4
5715;113147;3;37715;2
5716;113149;5;22629;4
5717;113153;113147;1;6
5718;113159;113147;1;12
5719;113171;3;37723;2
5720;113173;7;16167;4
5721;113177;13;8705;12
5722;113189;65;1741;24
5723;113213;12577;9;20
5724;113233;87;1301;46
5725;113279;251;451;78
5726;113357;7;16193;6
5727;113363;22669;5;18
5728;113381;22669;5;36
5729;113417;37799;3;20
5730;113437;21;5401;16
5731;113453;12601;9;44
5732;113497;27;4203;16
5733;113513;113489;1;24
5734;113537;12613;9;20
5735;113557;21;5407;10
5736;113567;6679;17;24
5737;113591;37853;3;32
5738;113623;63;1803;34
5739;113657;49;2319;26
5740;113683;113647;1;36
5741;113719;5;22743;4
5742;113723;9;12635;8
5743;113731;37;3073;30
5744;113761;16249;7;18
5745;113779;113761;1;18
5746;113797;35;3251;12
5747;113809;21;5419;10
5748;113819;31;3671;18
5749;113837;89;1279;6
5750;113843;55;2069;48
5751;113891;263;433;12
5752;113903;4217;27;44
5753;113947;12659;9;16
5754;113963;57;1999;20
5755;113983;22787;5;48
5756;114031;17;6707;12
5757;114043;323;353;24
5758;114067;167;683;6
5759;114073;193;591;10
5760;114083;114077;1;6
5761;114089;103;1107;68
5762;114157;49;2329;36
5763;114193;89;1283;6
5764;114199;5;22839;4
5765;114203;41;2785;18
5766;114221;11;10383;8
5767;114229;114199;1;30
5768;114259;23;4967;18
5769;114277;9;12697;4
5770;114281;163;701;18
5771;114299;23;4969;12
5772;114311;37;3089;18
5773;114329;4969;23;42
5774;114371;89;1285;6
5775;114377;3943;29;30
5776;114407;137;835;12
5777;114419;39;2933;32
5778;114451;45;2543;16
5779;114467;17;6733;6
5780;114473;114467;1;6
5781;114479;9;12719;8
5782;114487;239;479;6
5783;114493;8803;13;54
5784;114547;7;16363;6
5785;114553;6737;17;24
5786;114577;27;4243;16
5787;114593;11;10417;6
5788;114599;15;7639;14
5789;114613;11;10419;4
5790;114617;38197;3;26
5791;114643;29;3953;6
5792;114649;21;5459;10
5793;114659;3;38219;2
5794;114661;12739;9;10
5795;114671;37;3099;8
5796;114679;16381;7;12
5797;114691;151;759;82
5798;114773;69;1663;26
5799;114799;67;1713;28
5800;114827;21;5467;20
5801;114847;37;3103;36
5802;114883;7;16411;6
5803;114889;22973;5;24
5804;114913;12757;9;100
5805;115013;22993;5;48
5806;115061;69;1667;38
5807;115099;157;733;18
5808;115117;43;2677;6
5809;115123;167;689;60
5810;115183;31;3715;18
5811;115201;12799;9;10
5812;115211;35;3291;26
5813;115237;25;4609;12
5814;115249;107;1077;10
5815;115259;107;1077;20
5816;115279;35;3293;24
5817;115303;7;16471;6
5818;115309;13;8869;12
5819;115321;23063;5;6
5820;115327;13;8871;4
5821;115331;7;16475;6
5822;115337;115331;1;6
5823;115343;25;4613;18
5824;115361;39;2957;38
5825;115399;43;2683;30
5826;115429;115399;1;30
5827;115459;17;6791;12
5828;115471;101;1143;28
5829;115499;15;7699;14
5830;115513;3299;35;48
5831;115561;4621;25;36
5832;115597;7;16513;6
5833;115603;67;1725;28
5834;115631;35;3303;26
5835;115657;17;6803;6
5836;115663;16519;7;30
5837;115693;57;2029;40
5838;115733;45;2571;38
5839;115771;47;2463;10
5840;115781;115769;1;12
5841;115793;173;669;56
5842;115849;25;4633;24
5843;115873;109;1063;6
5844;115879;5;23175;4
5845;115883;9;12875;8
5846;115891;115879;1;12
5847;115903;67;1729;60
5848;115963;10529;11;144
5849;116107;61;1903;24
5850;116131;71;1635;46
5851;116177;35;3319;12
5852;116189;38713;3;50
5853;116239;16603;7;18
5854;116257;67;1735;12
5855;116269;79;1471;60
5856;116329;6121;19;30
5857;116359;77;1511;12
5858;116371;7757;15;16
5859;116387;8951;13;24
5860;116411;67;1737;32
5861;116443;25;4657;18
5862;116461;16633;7;30
5863;116491;116443;1;48
5864;116539;21;5549;10
5865;116549;3527;33;158
5866;116707;23339;5;12
5867;116719;116707;1;12
5868;116731;31;3765;16
5869;116747;12967;9;44
5870;116791;23357;5;6
5871;116797;116791;1;6
5872;116803;169;691;24
5873;116827;197;593;6
5874;116833;38933;3;34
5875;116867;33;3541;14
5876;116881;38953;3;22
5877;116903;59;1981;24
5878;116927;3;38975;2
5879;116929;103;1135;24
5880;116953;83;1409;6
5881;116959;21;5569;10
5882;116969;21;5569;20
5883;116989;10631;11;48
5884;117037;37;3163;6
5885;117043;116959;1;84
5886;117127;173;677;6
5887;117133;4337;27;34
5888;117167;39047;3;26
5889;117193;117163;1;30
5890;117223;55;2131;18
5891;117241;23;5097;10
5892;117251;71;1651;30
5893;117281;63;1861;38
5894;117319;117307;1;12
5895;117331;39103;3;22
5896;117353;15;7823;8
5897;117361;13;9027;10
5898;117371;3;39123;2
5899;117373;39119;3;16
5900;117389;23473;5;24
5901;117413;53;2215;18
5902;117431;7;16775;6
5903;117437;117431;1;6
5904;117443;117389;1;54
5905;117497;11;10681;6
5906;117503;9;13055;8
5907;117511;71;1655;6
5908;117517;71;1655;12
5909;117529;43;2733;10
5910;117539;3;39179;2
5911;117541;43;2733;22
5912;117563;15;7837;8
5913;117571;7;16795;6
5914;117577;55;2137;42
5915;117619;77;1527;40
5916;117659;71;1657;12
5917;117671;4357;27;32
5918;117703;37;3181;6
5919;117709;37;3181;12
5920;117721;13;9055;6
5921;117727;39241;3;4
5922;117731;29;4059;20
5923;117751;23549;5;6
5924;117757;117751;1;6
5925;117763;281;419;24
5926;117787;117763;1;24
5927;117811;281;419;72
5928;117883;117877;1;6
5929;117889;39293;3;10
5930;117899;51;2311;38
5931;117937;73;1615;42
5932;117979;23;5129;12
5933;117991;2621;45;46
5934;118037;39341;3;14
5935;118051;23609;5;6
5936;118057;223;529;90
5937;118147;6217;19;24
5938;118171;16879;7;18
5939;118189;173;683;30
5940;118219;118189;1;30
5941;118249;25;4729;24
5942;118273;118249;1;24
5943;118297;4729;25;72
5944;118369;19;6229;18
5945;118387;25;4735;12
5946;118399;19;6231;10
5947;118409;15;7893;14
5948;118423;13;9109;6
5949;118429;35;3383;24
5950;118453;9;13161;4
5951;118457;31;3821;6
5952;118463;15;7897;8
5953;118471;118399;1;72
5954;118543;7901;15;28
5955;118571;13171;9;32
5956;118603;91;1303;30
5957;118633;233;509;36
5958;118669;23;5159;12
5959;118681;25;4747;6
5960;118687;9;13187;4
5961;118691;27;4395;26
5962;118717;118687;1;30
5963;118747;101;1175;72
5964;118819;13;9139;12
5965;118831;118819;1;12
5966;118843;115;1033;48
5967;118891;17;6993;10
5968;118901;75;1585;26
5969;118927;5657;21;130
5970;119057;29;4105;12
5971;119069;15;7937;14
5972;119083;39679;3;46
5973;119129;119099;1;30
5974;119159;151;789;20
5975;119179;119131;1;48
5976;119227;21;5677;10
5977;119237;75;1589;62
5978;119299;17041;7;12
5979;119311;6277;19;48
5980;119359;119299;1;60
5981;119419;145;823;84
5982;119503;37;3229;30
5983;119533;41;2915;18
5984;119551;17077;7;12
5985;119563;53;2255;48
5986;119611;39863;3;22
5987;119633;39869;3;26
5988;119659;31;3859;30
5989;119689;45;2659;34
5990;119723;47;2547;14
5991;119737;39887;3;76
5992;119813;19;6305;18
5993;119831;39937;3;20
5994;119851;39937;3;40
5995;119891;17123;7;30
5996;119921;57;2103;50
5997;119971;17137;7;12
5998;119983;39983;3;34
5999;120017;139;863;60
6000;120077;199;603;80
6001;120157;29;4143;10
6002;120167;33;3641;14
6003;120181;33;3641;28
6004;120209;1907;63;68
6005;120277;40087;3;16
6006;120293;8017;15;38
6007;120331;40087;3;70
6008;120401;131;919;12
6009;120413;67;1797;14
6010;120427;7079;17;84
6011;120511;6337;19;108
6012;120619;61;1977;22
6013;120641;23;5245;6
6014;120647;79;1527;14
6015;120661;131;921;10
6016;120671;24133;5;6
6017;120677;24133;5;12
6018;120689;40213;3;50
6019;120739;35;3449;24
6020;120763;3449;35;48
6021;120811;4831;25;36
6022;120847;120823;1;24
6023;120871;23;5255;6
6024;120877;23;5255;12
6025;120889;120871;1;18
6026;120907;19;6363;10
6027;120917;21;5757;20
6028;120937;31;3901;6
6029;120943;120889;1;54
6030;120997;31;3903;4
6031;121001;7;17285;6
6032;121007;35;3457;12
6033;121019;3;40339;2
6034;121021;23;5261;18
6035;121039;24203;5;24
6036;121063;9;13451;4
6037;121067;40351;3;14
6038;121081;121039;1;42
6039;121123;181;669;34
6040;121157;24229;5;12
6041;121169;121157;1;12
6042;121181;347;349;78
6043;121259;13;9327;8
6044;121267;263;461;24
6045;121291;119;1019;30
6046;121321;19;6385;6
6047;121327;31;3913;24
6048;121351;7;17335;6
6049;121357;35;3467;12
6050;121369;21;5779;10
6051;121379;65;1867;24
6052;121403;45;2697;38
6053;121441;149;815;6
6054;121447;121441;1;6
6055;121453;81;1499;34
6056;121487;27;4499;14
6057;121501;40493;3;22
6058;121523;119;1021;24
6059;121547;121523;1;24
6060;121571;41;2965;6
6061;121577;39;3117;14
6062;121591;61;1993;18
6063;121609;24317;5;24
6064;121633;115;1057;78
6065;121711;107;1137;52
6066;121763;67;1817;24
6067;121787;3;40595;2
6068;121789;97;1255;54
6069;121843;43;2833;24
6070;121867;117;1041;70
6071;121937;25;4877;12
6072;121949;15;8129;14
6073;121963;17419;7;30
6074;121993;25;4879;18
6075;122011;45;2711;16
6076;122027;3;40675;2
6077;122029;17431;7;12
6078;122041;4519;27;28
6079;122069;122021;1;48
6080;122117;122033;1;84
6081;122201;24439;5;6
6082;122207;61;2003;24
6083;122231;37;3303;20
6084;122251;122203;1;48
6085;122299;40759;3;22
6086;122321;17;7195;6
6087;122327;59;2073;20
6088;122347;4217;29;54
6089;122401;3307;37;42
6090;122443;37;3309;10
6091;122453;63;1943;44
6092;122497;347;353;6
6093;122503;122497;1;6
6094;122509;347;353;18
6095;122527;7;17503;6
6096;122533;122509;1;24
6097;122557;107;1145;42
6098;122599;17;7211;12
6099;122611;141;869;82
6100;122693;95;1291;48
6101;122741;57;2153;20
6102;122761;265;463;66
6103;122827;293;419;60
6104;122887;40961;3;4
6105;122891;122861;1;30
6106;122921;9;13657;8
6107;122929;40973;3;10
6108;122939;15;8195;14
6109;122953;23;5345;18
6110;122971;49;2509;30
6111;123001;17;7235;6
6112;123007;21;5857;10
6113;123017;79;1557;14
6114;123031;79;1557;28
6115;123059;55;2237;24
6116;123083;9;13675;8
6117;123091;41023;3;22
6118;123113;15;8207;8
6119;123121;24623;5;6
6120;123127;103;1195;42
6121;123169;167;737;90
6122;123259;123229;1;30
6123;123289;51;2417;22
6124;123311;121;1019;12
6125;123323;13697;9;50
6126;123373;19;6493;6
6127;123379;17623;7;18
6128;123397;41131;3;4
6129;123401;23;5365;6
6130;123407;23;5365;12
6131;123419;17627;7;30
6132;123449;23;5367;8
6133;123457;41141;3;34
6134;123491;3;41163;2
6135;123493;41161;3;10
6136;123503;13721;9;14
6137;123517;13723;9;10
6138;123527;123503;1;24
6139;123551;149;829;30
6140;123581;29;4261;12
6141;123593;11;11235;8
6142;123601;65;1901;36
6143;123637;17659;7;24
6144;123661;7;17665;6
6145;123667;49;2523;40
6146;123707;27;4581;20
6147;123727;41;3017;30
6148;123757;59;2097;34
6149;123791;41;3019;12
6150;123803;19;6515;18
6151;123821;9;13757;8
6152;123829;5;24765;4
6153;123833;13757;9;20
6154;123853;149;831;34
6155;123887;41281;3;44
6156;123931;67;1849;48
6157;123979;31;3999;10
6158;123989;123911;1;78
6159;124067;21;5907;20
6160;124087;6529;19;36
6161;124123;41;3027;16
6162;124139;21;5911;8
6163;124147;43;2887;6
6164;124153;37;3355;18
6165;124171;41387;3;10
6166;124181;103;1205;66
6167;124247;31;4007;30
6168;124277;13807;9;14
6169;124291;7;17755;6
6170;124297;124291;1;6
6171;124303;79;1573;36
6172;124339;17761;7;12
6173;124351;124339;1;12
6174;124363;1973;63;64
6175;124427;3;41475;2
6176;124429;49;2539;18
6177;124447;221;563;24
6178;124471;11;11315;6
6179;124477;31;4015;12
6180;124489;31;4015;24
6181;124513;281;443;30
6182;124543;25;4981;18
6183;124561;29;4295;6
6184;124567;41519;3;10
6185;124577;67;1859;24
6186;124601;13841;9;32
6187;124633;61;2043;10
6188;124643;41539;3;26
6189;124669;113;1103;30
6190;124699;41;3041;18
6191;124717;77;1619;54
6192;124771;24953;5;6
6193;124777;124771;1;6
6194;124783;71;1757;36
6195;124819;41597;3;28
6196;124847;51;2447;50
6197;124897;19;6573;10
6198;124907;3;41635;2
6199;124909;61;2047;42
6200;124951;41641;3;28
6201;124979;3;41659;2
6202;124981;11;11361;10
6203;124991;124979;1;12
6204;125003;61;2049;14
6205;125017;23;5435;12
6206;125029;115;1087;24
6207;125053;41681;3;10
6208;125063;97;1289;30
6209;125093;119;1051;24
6210;125117;93;1345;32
6211;125149;57;2195;34
6212;125183;33;3793;14
6213;125197;25;5007;22
6214;125219;3;41739;2
6215;125221;41737;3;10
6216;125231;125219;1;12
6217;125243;4637;27;44
6218;125287;25;5011;12
6219;125299;125287;1;12
6220;125311;49;2557;18
6221;125329;37;3387;10
6222;125339;8353;15;44
6223;125383;9;13931;4
6224;125387;29;4323;20
6225;125407;21;5971;16
6226;125423;35;3583;18
6227;125441;125429;1;12
6228;125453;25087;5;18
6229;125471;25087;5;36
6230;125507;3;41835;2
6231;125509;67;1873;18
6232;125527;3217;39;64
6233;125591;25117;5;6
6234;125597;17939;7;24
6235;125621;23;5461;18
6236;125639;125627;1;12
6237;125651;73;1721;18
6238;125669;125651;1;18
6239;125687;17;7393;6
6240;125693;25;5027;18
6241;125711;125669;1;42
6242;125753;51;2465;38
6243;125791;6619;19;30
6244;125821;83;1515;76
6245;125897;11443;11;24
6246;125921;25183;5;6
6247;125927;125921;1;6
6248;125933;15;8395;8
6249;125941;17989;7;18
6250;125959;5;25191;4
6251;125963;69;1825;38
6252;126001;13999;9;10
6253;126011;3;42003;2
6254;126013;7;18001;6
6255;126019;47;2681;12
6256;126031;113;1115;36
6257;126067;17;7415;12
6258;126079;9697;13;18
6259;126097;13;9699;10
6260;126107;59;2137;24
6261;126131;43;2933;12
6262;126143;9;14015;8
6263;126151;6637;19;48
6264;126199;257;491;12
6265;126211;126199;1;12
6266;126223;43;2935;18
6267;126241;126211;1;30
6268;126271;25247;5;36
6269;126307;197;641;30
6270;126337;25;5053;12
6271;126349;18043;7;48
6272;126397;7433;17;36
6273;126433;11;11493;10
6274;126443;17;7437;14
6275;126457;21;6021;16
6276;126473;15;8431;8
6277;126481;25;5059;6
6278;126487;7;18069;4
6279;126491;3;42163;2
6280;126493;29;4361;24
6281;126517;126493;1;24
6282;126541;25307;5;6
6283;126547;53;2387;36
6284;126583;33;3835;28
6285;126611;3;42203;2
6286;126613;29;4365;28
6287;126641;139;911;12
6288;126653;18089;7;30
6289;126683;126653;1;30
6290;126713;7;18101;6
6291;126719;15;8447;14
6292;126733;353;359;6
6293;126739;353;359;12
6294;126751;25349;5;6
6295;126757;11;11523;4
6296;126761;83;1527;20
6297;126781;126739;1;42
6298;126823;7;18117;4
6299;126827;7459;17;24
6300;126851;23;5515;6
6301;126857;73;1737;56
6302;126913;21;6043;10
6303;126923;21;6043;20
6304;126943;23;5519;6
6305;126949;23;5519;12
6306;126961;25391;5;6
6307;126967;6679;19;66
6308;127033;19;6685;18
6309;127051;37;3433;30
6310;127081;11549;11;42
6311;127123;29;4383;16
6312;127139;25423;5;24
6313;127163;42373;3;44
6314;127207;25439;5;12
6315;127219;2399;53;72
6316;127291;11;11571;10
6317;127301;73;1743;62
6318;127363;157;811;36
6319;127399;5;25479;4
6320;127403;42461;3;20
6321;127423;4391;29;84
6322;127507;45;2833;22
6323;127529;57;2237;20
6324;127549;18217;7;30
6325;127579;11597;11;12
6326;127591;17;7505;6
6327;127597;17;7505;12
6328;127609;35;3645;34
6329;127643;127637;1;6
6330;127649;27;4727;20
6331;127669;21;6079;10
6332;127679;3;42559;2
6333;127681;42557;3;10
6334;127691;42557;3;20
6335;127711;25541;5;6
6336;127717;42569;3;10
6337;127727;35;3649;12
6338;127739;42577;3;8
6339;127747;119;1073;60
6340;127807;61;2095;12
6341;127819;61;2095;24
6342;127843;127837;1;6
6343;127849;11621;11;18
6344;127867;29;4409;6
6345;127873;42611;3;40
6346;127913;15;8527;8
6347;127921;21;6091;10
6348;127931;21;6091;20
6349;127951;42641;3;28
6350;127979;4127;31;42
6351;128021;35;3657;26
6352;128047;127921;1;126
6353;128173;127;1009;30
6354;128203;13;9861;10
6355;128213;14243;9;26
6356;128239;35;3663;34
6357;128273;115;1115;48
6358;128321;11;11665;6
6359;128327;55;2333;12
6360;128339;3;42779;2
6361;128341;21;6111;10
6362;128351;143;897;80
6363;128431;81;1585;46
6364;128477;93;1381;44
6365;128521;11681;11;30
6366;128551;173;743;12
6367;128563;128467;1;96
6368;128659;197;653;18
6369;128677;163;789;70
6370;128747;3;42915;2
6371;128749;53;2429;12
6372;128761;11;11705;6
6373;128767;42899;3;70
6374;128837;128813;1;24
6375;128861;99;1301;62
6376;128923;14323;9;16
6377;128939;3;42979;2
6378;128941;128923;1;18
6379;128959;13;9919;12
6380;128971;21;6141;10
6381;128981;21;6141;20
6382;129001;25793;5;36
6383;129037;13;9925;12
6384;129049;129037;1;12
6385;129061;43013;3;22
6386;129083;14341;9;14
6387;129097;18439;7;24
6388;129121;7;18445;6
6389;129127;55;2347;42
6390;129169;4783;27;28
6391;129197;35;3691;12
6392;129209;15;8613;14
6393;129223;11;11747;6
6394;129229;45;2871;34
6395;129263;27;4787;14
6396;129277;103;1255;12
6397;129289;103;1255;24
6398;129313;307;421;66
6399;129379;41;3155;24
6400;129403;17;7611;16
6401;129419;43133;3;20
6402;129439;5;25887;4
6403;129443;7;18491;6
6404;129449;13;9957;8
6405;129457;25889;5;12
6406;129469;129439;1;30
6407;129499;79;1639;18
6408;129517;59;2195;12
6409;129529;13;9963;10
6410;129539;15;8635;14
6411;129553;33;3925;28
6412;129581;25;5183;6
6413;129587;3;43195;2
6414;129589;5;25917;4
6415;129593;47;2757;14
6416;129607;101;1283;24
6417;129631;43207;3;10
6418;129641;31;4181;30
6419;129671;59;2197;48
6420;129719;15;8647;14
6421;129733;83;1563;4
6422;129737;21;6177;20
6423;129757;73;1777;36
6424;129793;43261;3;10
6425;129803;41;3165;38
6426;129841;17;7637;12
6427;129853;65;1997;48
6428;129901;97;1339;18
6429;129919;129901;1;18
6430;129937;31;4191;16
6431;129953;199;653;6
6432;129959;199;653;12
6433;129971;43313;3;32
6434;130003;25997;5;18
6435;130021;51;2549;22
6436;130043;15;8669;8
6437;130051;31;4195;6
6438;130057;130027;1;30
6439;130087;25;5203;12
6440;130099;130051;1;48
6441;130147;29;4487;24
6442;130171;73;1783;12
6443;130183;35;3719;18
6444;130201;43397;3;10
6445;130211;130199;1;12
6446;130223;6199;21;44
6447;130267;109;1195;12
6448;130279;109;1195;24
6449;130303;139;937;60
6450;130363;67;1945;48
6451;130411;125;1043;36
6452;130447;31;4207;30
6453;130477;11;11861;6
6454;130483;130477;1;6
6455;130489;43487;3;28
6456;130517;41;3183;14
6457;130531;130483;1;48
6458;130579;53;2463;40
6459;130619;3;43539;2
6460;130621;211;619;12
6461;130633;7;18661;6
6462;130639;18661;7;12
6463;130651;17;7685;6
6464;130657;130633;1;24
6465;130681;25;5227;6
6466;130687;130681;1;6
6467;130693;341;383;90
6468;130783;9;14531;4
6469;130787;21;6227;20
6470;130807;59;2217;4
6471;130811;33;3963;32
6472;130843;43609;3;16
6473;130859;15;8723;14
6474;130873;347;377;54
6475;130927;10069;13;30
6476;130957;26189;5;12
6477;130969;130957;1;12
6478;130981;7703;17;30
6479;131011;11909;11;12
6480;131023;19;6895;18
6481;131041;131023;1;18
6482;131059;97;1351;12
6483;131071;131041;1;30
6484;131101;37;3543;10
6485;131111;337;389;18
6486;131129;15;8741;14
6487;131143;71;1847;6
6488;131149;109;1203;22
6489;131171;131129;1;42
6490;131213;15;8747;8
6491;131221;61;2151;10
6492;131231;131213;1;18
6493;131249;131231;1;18
6494;131267;33;3977;26
6495;131293;107;1227;4
6496;131297;17;7723;6
6497;131303;107;1227;14
6498;131317;7;18759;4
6499;131321;43;3053;42
6500;131363;8753;15;68
6501;131431;7;18775;6
6502;131437;25;5257;12
6503;131449;113;1163;30
6504;131479;13;10113;10
6505;131489;131477;1;12
6506;131501;7;18785;6
6507;131507;13;10115;12
6508;131519;131477;1;42
6509;131561;163;807;20
6510;131581;11;11961;10
6511;131591;131543;1;48
6512;131639;63;2089;32
6513;131671;67;1965;16
6514;131687;43891;3;14
6515;131701;21;6271;10
6516;131711;113;1165;66
6517;131777;131771;1;6
6518;131783;33;3993;14
6519;131797;111;1187;40
6520;131837;25;5273;12
6521;131849;10139;13;42
6522;131891;3;43963;2
6523;131893;71;1857;46
6524;131939;3;43979;2
6525;131941;67;1969;18
6526;131959;27;4887;10
6527;131969;131891;1;78
6528;132047;3;44015;2
6529;132049;17;7767;10
6530;132059;132047;1;12
6531;132071;51;2589;32
6532;132103;7;18871;6
6533;132109;44027;3;28
6534;132137;44041;3;14
6535;132151;13;10165;6
6536;132157;13;10165;12
6537;132169;43;3073;30
6538;132199;132169;1;30
6539;132229;5;26445;4
6540;132233;15;8815;8
6541;132241;53;2495;6
6542;132247;21;6297;10
6543;132257;7;18893;6
6544;132263;223;593;24
6545;132287;13;10175;12
6546;132299;15;8819;14
6547;132313;19;6963;16
6548;132329;43;3077;18
6549;132347;44111;3;14
6550;132361;103;1285;6
6551;132367;132331;1;36
6552;132403;43;3079;6
6553;132409;4903;27;28
6554;132437;132383;1;54
6555;132491;13;10191;8
6556;132499;19;6973;12
6557;132511;33;4015;16
6558;132527;3;44175;2
6559;132529;77;1721;12
6560;132541;13;10195;6
6561;132547;26501;5;42
6562;132589;37;3583;18
6563;132607;44201;3;4
6564;132611;97;1367;12
6565;132623;9;14735;8
6566;132631;25;5305;6
6567;132637;11;12057;10
6568;132647;14737;9;14
6569;132661;49;2707;18
6570;132679;132661;1;18
6571;132697;23;5769;10
6572;132707;3;44235;2
6573;132709;132697;1;12
6574;132721;33;4021;28
6575;132749;9;14749;8
6576;132757;17;7809;4
6577;132761;135;983;56
6578;132817;44267;3;16
6579;132833;101;1315;18
6580;132851;163;815;6
6581;132857;132851;1;6
6582;132863;101;1315;48
6583;132911;67;1983;50
6584;132961;26591;5;6
6585;132967;23;5781;4
6586;132971;3407;39;98
6587;133069;133051;1;18
6588;133087;21;6337;10
6589;133097;7;19013;6
6590;133103;33;4033;14
6591;133117;44371;3;4
6592;133121;43;3095;36
6593;133157;31;4295;12
6594;133169;47;2833;18
6595;133187;14797;9;14
6596;133201;53;2513;12
6597;133213;39;3415;28
6598;133241;17;7837;12
6599;133253;26647;5;18
6600;133271;11;12115;6
6601;133277;26647;5;42
6602;133319;137;973;18
6603;133337;25;5333;12
6604;133349;133319;1;30
6605;133379;13;10259;12
6606;133391;133379;1;12
6607;133403;10259;13;36
6608;133439;79;1689;8
6609;133447;9;14827;4
6610;133451;101;1321;30
6611;133481;121;1103;18
6612;133499;317;421;42
6613;133541;10271;13;18
6614;133559;83;1609;12
6615;133571;133559;1;12
6616;133583;17;7857;14
6617;133597;211;633;34
6618;133631;53;2521;18
6619;133649;239;559;48
6620;133697;26737;5;12
6621;133709;41;3261;8
6622;133717;41;3261;16
6623;133733;26737;5;48
6624;133781;44587;3;20
6625;133801;63;2123;52
6626;133853;37;3617;24
6627;133877;65;2059;42
6628;133919;31;4319;30
6629;133949;19;7049;18
6630;133967;73;1835;12
6631;133979;3;44659;2
6632;133981;69;1941;52
6633;134033;101;1327;6
6634;134039;14891;9;20
6635;134059;53;2529;22
6636;134081;25;5363;6
6637;134087;134081;1;6
6638;134093;77;1741;36
6639;134129;26821;5;24
6640;134153;9;14905;8
6641;134161;97;1383;10
6642;134171;26833;5;6
6643;134177;221;607;30
6644;134207;26839;5;12
6645;134219;11;12201;8
6646;134227;21;6391;16
6647;134243;101;1329;14
6648;134257;13;10327;6
6649;134263;134257;1;6
6650;134269;73;1839;22
6651;134291;3;44763;2
6652;134293;44753;3;34
6653;134327;11;12211;6
6654;134333;134327;1;6
6655;134339;3;44779;2
6656;134341;13;10333;12
6657;134353;37;3631;6
6658;134359;5;26871;4
6659;134363;29;4633;6
6660;134369;134339;1;30
6661;134399;3;44799;2
6662;134401;55;2443;36
6663;134437;134371;1;66
6664;134503;107;1257;4
6665;134507;117;1149;74
6666;134581;31;4341;10
6667;134591;3;44863;2
6668;134593;129;1043;46
6669;134639;134609;1;30
6670;134669;44887;3;8
6671;134677;7;19239;4
6672;134681;134609;1;72
6673;134753;133;1013;24
6674;134777;26953;5;12
6675;134789;91;1481;18
6676;134807;134777;1;30
6677;134837;134807;1;30
6678;134867;17;7933;6
6679;134873;134837;1;36
6680;134909;9;14989;8
6681;134917;44971;3;4
6682;134921;43;3137;30
6683;134951;44971;3;38
6684;134989;71;1901;18
6685;135007;17;7941;10
6686;135017;5399;25;42
6687;135059;83;1627;18
6688;135077;17;7945;12
6689;135089;135077;1;12
6690;135101;10391;13;18
6691;135119;19301;7;12
6692;135131;5003;27;50
6693;135181;29;4661;12
6694;135193;21;6437;16
6695;135209;41;3297;32
6696;135241;135211;1;30
6697;135271;13;10405;6
6698;135277;135271;1;6
6699;135283;65;2081;18
6700;135301;135283;1;18
6701;135319;23;5883;10
6702;135329;12301;11;18
6703;135347;3;45115;2
6704;135349;5;27069;4
6705;135353;197;687;14
6706;135367;29;4667;24
6707;135391;83;1631;18
6708;135409;135391;1;18
6709;135427;11;12311;6
6710;135433;135403;1;30
6711;135463;9;15051;4
6712;135467;3;45155;2
6713;135469;331;409;90
6714;135559;89;1523;12
6715;135571;12323;11;18
6716;135589;5;27117;4
6717;135593;41;3307;6
6718;135599;3;45199;2
6719;135601;47;2885;6
6720;135607;135601;1;6
6721;135613;10429;13;36
6722;135649;135637;1;12
6723;135661;125;1085;36
6724;135697;25;5427;22
6725;135719;13;10439;12
6726;135731;135719;1;12
6727;135743;27;5027;14
6728;135757;53;2561;24
6729;135781;127;1069;18
6730;135799;5903;23;30
6731;135829;167;813;58
6732;135887;25;5435;12
6733;135899;135887;1;12
6734;135911;135893;1;18
6735;135929;45307;3;8
6736;135937;97;1401;40
6737;135977;99;1373;50
6738;136027;19;7159;6
6739;136033;45341;3;10
6740;136043;45343;3;14
6741;136057;101;1347;10
6742;136067;3;45355;2
6743;136069;35;3887;24
6744;136093;101;1347;46
6745;136139;35;3889;24
6746;136163;39;3491;14
6747;136177;113;1205;12
6748;136189;49;2779;18
6749;136207;136177;1;30
6750;136237;111;1227;40
6751;136277;15139;9;26
6752;136303;143;953;24
6753;136327;23;5927;6
6754;136333;137;995;18
6755;136351;15149;9;10
6756;136361;136343;1;18
6757;136379;15;9091;14
6758;136393;29;4703;6
6759;136399;19483;7;18
6760;136417;27281;5;12
6761;136429;12401;11;18
6762;136447;12401;11;36
6763;136483;75;1819;58
6764;136541;67;2037;62
6765;136603;59;2315;18
6766;136621;79;1729;30
6767;136651;79;1729;60
6768;136711;15187;9;28
6769;136739;136727;1;12
6770;136751;3;45583;2
6771;136753;73;1873;24
6772;136777;57;2399;34
6773;136811;3;45603;2
6774;136813;33;4145;28
6775;136841;17;8049;8
6776;136849;45613;3;10
6777;136859;3;45619;2
6778;136861;45613;3;22
6779;136883;13;10529;6
6780;136889;9;15209;8
6781;136897;87;1573;46
6782;136943;9;15215;8
6783;136951;59;2321;12
6784;136963;59;2321;24
6785;136987;13;10537;6
6786;136993;136987;1;6
6787;136999;4721;29;90
6788;137089;169;811;30
6789;137119;35;3917;24
6790;137143;17;8067;4
6791;137147;69;1987;44
6792;137191;27437;5;6
6793;137197;27437;5;12
6794;137209;19;7221;10
6795;137219;29;4731;20
6796;137239;45;3049;34
6797;137273;13;10559;6
6798;137279;233;589;42
6799;137321;137303;1;18
6800;137339;3;45779;2
6801;137341;39;3521;22
6802;137363;11;12487;6
6803;137369;65;2113;24
6804;137393;137387;1;6
6805;137399;15;9159;14
6806;137413;133;1033;24
6807;137437;19;7233;10
6808;137447;167;823;6
6809;137453;31;4433;30
6810;137483;9;15275;8
6811;137491;25;5499;16
6812;137507;107;1285;12
6813;137519;45817;3;68
6814;137587;17;8093;6
6815;137593;5981;23;30
6816;137623;21;6553;10
6817;137633;7;19661;6
6818;137639;15;9175;14
6819;137653;45869;3;46
6820;137699;15;9179;14
6821;137713;197;699;10
6822;137723;71;1939;54
6823;137777;137723;1;54
6824;137831;10601;13;18
6825;137849;25;5513;24
6826;137873;49;2813;36
6827;137909;10607;13;18
6828;137927;7;19703;6
6829;137933;9;15325;8
6830;137941;25;5517;16
6831;137957;61;2261;36
6832;137993;43;3209;6
6833;137999;21;6571;8
6834;138007;37;3729;34
6835;138041;23;6001;18
6836;138059;33;4183;20
6837;138079;5113;27;28
6838;138107;138101;1;6
6839;138113;12553;11;30
6840;138143;138107;1;36
6841;138179;3;46059;2
6842;138181;11;12561;10
6843;138191;19739;7;18
6844;138209;138179;1;30
6845;138239;3;46079;2
6846;138241;27647;5;6
6847;138247;7;19749;4
6848;138251;5119;27;38
6849;138289;12569;11;30
6850;138319;19;7279;18
6851;138337;25;5533;12
6852;138349;49;2823;22
6853;138371;3;46123;2
6854;138373;69;2005;28
6855;138401;89;1555;6
6856;138407;193;717;26
6857;138433;19;7285;18
6858;138451;138433;1;18
6859;138469;27689;5;24
6860;138493;25;5539;18
6861;138511;145;955;36
6862;138547;103;1345;12
6863;138559;138547;1;12
6864;138571;46187;3;10
6865;138581;75;1847;56
6866;138637;97;1429;24
6867;138661;19;7297;18
6868;138679;5;27735;4
6869;138683;111;1249;44
6870;138727;13;10671;4
6871;138731;13;10671;8
6872;138739;171;811;58
6873;138797;33;4205;32
6874;138829;49;2833;12
6875;138841;46273;3;22
6876;138863;7307;19;30
6877;138893;7;19841;6
6878;138899;29;4789;18
6879;138917;55;2525;42
6880;138959;9;15439;8
6881;138967;13;10689;10
6882;138977;129;1077;44
6883;139021;13;10693;12
6884;139033;6619;21;34
6885;139067;46337;3;56
6886;139123;51;2727;46
6887;139169;227;613;18
6888;139187;19;7325;12
6889;139199;3;46399;2
6890;139201;4217;33;40
6891;139241;337;413;60
6892;139301;19;7331;12
6893;139313;21;6633;20
6894;139333;46441;3;10
6895;139343;25;5573;18
6896;139361;47;2965;6
6897;139367;53;2629;30
6898;139397;61;2285;12
6899;139409;139361;1;48
6900;139457;67;2081;30
6901;139487;101;1381;6
6902;139493;25;5579;18
6903;139511;51;2735;26
6904;139537;37;3771;10
6905;139547;41;3403;24
6906;139571;181;771;20
6907;139591;27917;5;6
6908;139597;27917;5;12
6909;139609;15511;9;10
6910;139619;4813;29;42
6911;139661;125;1117;36
6912;139697;163;857;6
6913;139703;139697;1;6
6914;139709;139697;1;12
6915;139721;21;6653;8
6916;139729;46573;3;10
6917;139739;5171;27;122
6918;139861;41;3411;10
6919;139871;31;4511;30
6920;139901;69;2027;38
6921;139939;81;1727;52
6922;139991;46643;3;62
6923;140053;7;20007;4
6924;140057;37;3785;12
6925;140069;4517;31;42
6926;140111;29;4831;12
6927;140123;73;1919;36
6928;140159;353;397;18
6929;140177;61;2297;60
6930;140237;25;5609;12
6931;140249;157;893;48
6932;140297;23;6099;20
6933;140317;46771;3;4
6934;140321;13;10793;12
6935;140333;11;12757;6
6936;140339;12757;11;12
6937;140351;140339;1;12
6938;140363;75;1871;38
6939;140401;43;3265;6
6940;140407;17;8259;4
6941;140411;28081;5;6
6942;140417;140411;1;6
6943;140423;12763;11;30
6944;140453;361;389;24
6945;140477;46807;3;56
6946;140533;157;895;18
6947;140551;28109;5;6
6948;140557;140521;1;36
6949;140593;46861;3;10
6950;140603;13;10815;8
6951;140611;61;2305;6
6952;140617;5623;25;42
6953;140659;8273;17;18
6954;140677;13;10821;4
6955;140681;13;10821;8
6956;140689;15629;9;28
6957;140717;107;1315;12
6958;140729;81;1737;32
6959;140761;20107;7;12
6960;140773;20107;7;24
6961;140797;167;843;16
6962;140813;29;4855;18
6963;140831;25;5633;6
6964;140837;139;1013;30
6965;140867;3;46955;2
6966;140869;57;2471;22
6967;140891;3;46963;2
6968;140893;7;20127;4
6969;140897;19;7415;12
6970;140909;145;971;114
6971;141023;28201;5;18
6972;141041;27;5223;20
6973;141061;17;8297;12
6974;141073;141067;1;6
6975;141079;63;2239;22
6976;141101;28219;5;6
6977;141107;61;2313;14
6978;141121;15679;9;10
6979;141131;69;2045;26
6980;141157;47051;3;4
6981;141161;29;4867;18
6982;141179;3;47059;2
6983;141181;47051;3;28
6984;141209;23;6139;12
6985;141221;141209;1;12
6986;141233;141209;1;24
6987;141257;11;12841;6
6988;141263;197;717;14
6989;141277;119;1187;24
6990;141301;27;5233;10
6991;141311;105;1345;86
6992;141397;23;6147;16
6993;141413;49;2885;48
6994;141461;47147;3;20
6995;141481;49;2887;18
6996;141499;79;1791;10
6997;141509;233;607;78
6998;141587;141551;1;36
6999;141623;7;20231;6
7000;141629;47207;3;8
7001;141637;25;5665;12
7002;141649;51;2777;22
7003;141671;29;4885;6
7004;141677;29;4885;12
7005;141689;49;2891;30
7006;141719;141677;1;42
7007;141761;28351;5;6
7008;141767;141761;1;6
7009;141773;1889;75;98
7010;141871;61;2325;46
7011;141917;15767;9;14
7012;141931;13;10917;10
7013;141941;39;3639;20
7014;141961;141931;1;30
7015;141991;175;811;66
7016;142057;47339;3;40
7017;142097;29;4899;26
7018;142123;9473;15;28
7019;142151;28429;5;6
7020;142157;28429;5;12
7021;142169;28429;5;24
7022;142193;367;387;164
7023;142357;47441;3;34
7024;142391;173;823;12
7025;142403;173;823;24
7026;142427;142421;1;6
7027;142433;37;3849;20
7028;142453;79;1803;16
7029;142469;8377;17;60
7030;142529;83;1717;18
7031;142547;7;20363;6
7032;142553;142547;1;6
7033;142559;142529;1;30
7034;142589;23;6199;12
7035;142601;19;7505;6
7036;142607;3;47535;2
7037;142609;47533;3;10
7038;142619;47527;3;38
7039;142657;137;1041;40
7040;142697;199;717;14
7041;142711;47563;3;22
7042;142733;29;4921;24
7043;142757;10979;13;30
7044;142787;3;47595;2
7045;142789;13;10983;10
7046;142799;142787;1;12
7047;142811;45;3173;26
7048;142837;47;3039;4
7049;142841;142811;1;30
7050;142871;20399;7;78
7051;142949;25;5717;24
7052;142973;377;379;90
7053;143063;13003;11;30
7054;143093;25;5723;18
7055;143111;199;719;30
7056;143141;8419;17;18
7057;143159;143141;1;18
7058;143177;21;6817;20
7059;143197;3181;45;52
7060;143249;227;631;12
7061;143261;149;961;72
7062;143333;139;1031;24
7063;143357;8431;17;30
7064;143387;51;2811;26
7065;143413;127;1129;30
7066;143443;25;5737;18
7067;143461;137;1047;22
7068;143483;143477;1;6
7069;143489;143477;1;12
7070;143501;21;6833;8
7071;143509;5;28701;4
7072;143513;7;20501;6
7073;143519;143501;1;18
7074;143537;83;1729;30
7075;143567;3;47855;2
7076;143569;47843;3;40
7077;143609;151;951;8
7078;143617;35;4103;12
7079;143629;47869;3;22
7080;143651;3;47883;2
7081;143653;143629;1;24
7082;143677;115;1249;42
7083;143719;29;4955;24
7084;143743;91;1579;54
7085;143797;21;6847;10
7086;143807;39;3687;14
7087;143821;7;20545;6
7088;143827;143821;1;6
7089;143833;117;1229;40
7090;143873;47;3061;6
7091;143879;67;2147;30
7092;143909;45;3197;44
7093;143953;57;2525;28
7094;143981;19;7577;18
7095;143999;203;709;72
7096;144071;143981;1;90
7097;144161;11;13105;6
7098;144167;144161;1;6
7099;144173;61;2363;30
7100;144203;39;3697;20
7101;144223;151;955;18
7102;144241;7;20605;6
7103;144247;144241;1;6
7104;144253;9613;15;58
7105;144311;144299;1;12
7106;144323;16033;9;26
7107;144349;45;3207;34
7108;144383;48119;3;26
7109;144409;144379;1;30
7110;144439;144427;1;12
7111;144451;139;1039;30
7112;144481;144451;1;30
7113;144511;51;2833;28
7114;144539;3;48179;2
7115;144541;67;2157;22
7116;144563;7;20651;6
7117;144569;48187;3;8
7118;144577;7;20653;6
7119;144583;144577;1;6
7120;144589;16063;9;22
7121;144611;69;2095;56
7122;144667;144583;1;84
7123;144751;23;6293;12
7124;144763;27;5361;16
7125;144779;48247;3;38
7126;144817;28961;5;12
7127;144829;179;809;18
7128;144847;179;809;36
7129;144883;23;6299;6
7130;144889;21;6899;10
7131;144899;8521;17;42
7132;144941;21;6901;20
7133;144961;53;2735;6
7134;144967;144961;1;6
7135;144973;48313;3;34
7136;145007;3;48335;2
7137;145009;61;2377;12
7138;145021;48337;3;10
7139;145031;25;5801;6
7140;145037;145031;1;6
7141;145043;235;617;48
7142;145091;53;2737;30
7143;145121;145109;1;12
7144;145133;103;1409;6
7145;145139;4397;33;38
7146;145177;127;1143;16
7147;145193;19;7641;14
7148;145207;7;20743;6
7149;145213;145207;1;6
7150;145219;57;2547;40
7151;145259;9;16139;8
7152;145267;16139;9;16
7153;145283;11;13207;6
7154;145289;15;9685;14
7155;145303;7;20757;4
7156;145307;81;1793;74
7157;145381;47;3093;10
7158;145391;21;6923;8
7159;145399;55;2643;34
7160;145433;97;1499;30
7161;145463;27;5387;14
7162;145477;21;6927;10
7163;145487;48491;3;14
7164;145501;48497;3;10
7165;145511;29101;5;6
7166;145517;95;1531;72
7167;145589;145577;1;12
7168;145601;4159;35;36
7169;145637;299;487;24
7170;145661;145643;1;18
7171;145679;3;48559;2
7172;145681;25;5827;6
7173;145687;59;2469;16
7174;145703;53;2749;6
7175;145709;53;2749;12
7176;145721;48563;3;32
7177;145753;7;20821;6
7178;145759;8573;17;18
7179;145777;41;3555;22
7180;145799;25;5831;24
7181;145823;7;20831;6
7182;145829;69;2113;32
7183;145861;23;6341;18
7184;145879;153;953;70
7185;145949;15;9729;14
7186;145963;45;3243;28
7187;145991;61;2393;18
7188;146009;83;1759;12
7189;146021;146009;1;12
7190;146033;16223;9;26
7191;146059;123;1187;58
7192;146117;146093;1;24
7193;146141;9739;15;56
7194;146197;21;6961;16
7195;146213;127;1151;36
7196;146249;25;5849;24
7197;146273;29251;5;18
7198;146291;17;8605;6
7199;146297;17;8605;12
7200;146309;48757;3;38
7201;146347;25;5853;22
7202;146369;19;7703;12
7203;146381;97;1509;8
7204;146389;48787;3;28
7205;146417;41;3571;6
7206;146423;37;3957;14
7207;146437;25;5857;12
7208;146449;29;5049;28
7209;146477;57;2569;44
7210;146521;29303;5;6
7211;146527;73;2007;16
7212;146543;9767;15;38
7213;146581;33;4441;28
7214;146609;6373;23;30
7215;146639;37;3963;8
7216;146647;23;6375;22
7217;146669;19;7719;8
7218;146677;9;16297;4
7219;146681;31;4731;20
7220;146701;146683;1;18
7221;146719;29339;5;24
7222;146743;19;7723;6
7223;146749;11287;13;18
7224;146767;9781;15;52
7225;146819;15;9787;14
7226;146833;109;1347;10
7227;146843;146837;1;6
7228;146849;146807;1;42
7229;146891;3;48963;2
7230;146893;227;647;24
7231;146917;13;11301;4
7232;146921;23;6387;20
7233;146941;16319;9;70
7234;147011;39;3769;20
7235;147031;27;5445;16
7236;147047;29401;5;42
7237;147089;71;2071;48
7238;147137;21011;7;60
7239;147197;29437;5;12
7240;147209;13381;11;18
7241;147227;3;49075;2
7242;147229;59;2495;24
7243;147253;49081;3;10
7244;147263;49081;3;20
7245;147283;13;11329;6
7246;147289;11;13389;10
7247;147299;53;2779;12
7248;147311;9;16367;8
7249;147319;37;3981;22
7250;147341;79;1865;6
7251;147347;147341;1;6
7252;147353;91;1619;24
7253;147377;21;7017;20
7254;147397;9;16377;4
7255;147401;9;16377;8
7256;147409;21;7019;10
7257;147419;13399;11;30
7258;147449;17;8673;8
7259;147457;143;1031;24
7260;147481;17;8675;6
7261;147487;49157;3;16
7262;147503;211;699;14
7263;147517;147487;1;30
7264;147547;29;5087;24
7265;147571;41;3599;12
7266;147583;41;3599;24
7267;147607;67;2203;6
7268;147613;7;21087;4
7269;147617;53;2785;12
7270;147629;19;7769;18
7271;147647;49211;3;14
7272;147661;19;7771;12
7273;147673;83;1779;16
7274;147689;15;9845;14
7275;147703;11;13427;6
7276;147709;113;1307;18
7277;147727;31;4765;12
7278;147739;147709;1;30
7279;147769;71;2081;18
7280;147787;77;1919;24
7281;147811;147769;1;42
7282;147853;7;21121;6
7283;147859;49279;3;22
7284;147881;16427;9;38
7285;147919;31;4771;18
7286;147937;25;5917;12
7287;147949;49307;3;28
7288;147977;149;993;20
7289;147997;107;1383;16
7290;148013;9;16445;8
7291;148021;11383;13;42
7292;148063;17;8709;10
7293;148073;19;7793;6
7294;148079;19;7793;12
7295;148091;193;767;60
7296;148151;29629;5;6
7297;148157;8713;17;36
7298;148193;13;11399;6
7299;148199;51;2905;44
7300;148243;271;547;6
7301;148249;269;551;30
7302;148279;149;995;24
7303;148303;45;3295;28
7304;148331;21;7063;8
7305;148339;39;3803;22
7306;148361;29671;5;6
7307;148367;49451;3;14
7308;148381;51;2909;22
7309;148403;49459;3;26
7310;148429;33;4497;28
7311;148457;49481;3;14
7312;148471;31;4789;12
7313;148483;53;2801;30
7314;148513;85;1747;18
7315;148531;13;11425;6
7316;148537;85;1747;42
7317;148579;148549;1;30
7318;148609;139;1069;18
7319;148627;11;13511;6
7320;148633;148627;1;6
7321;148639;29723;5;24
7322;148663;7;21237;4
7323;148667;3;49555;2
7324;148669;148627;1;42
7325;148711;17;8747;12
7326;148723;8747;17;24
7327;148747;148711;1;36
7328;148783;179;831;34
7329;148817;29761;5;12
7330;148829;29761;5;24
7331;148853;49613;3;14
7332;148867;148861;1;6
7333;148873;35;4253;18
7334;148891;148861;1;30
7335;148921;13;11455;6
7336;148927;27;5515;22
7337;148949;71;2097;62
7338;149011;21;7095;16
7339;149027;149021;1;6
7340;149033;27;5519;20
7341;149053;113;1319;6
7342;149059;3821;39;40
7343;149099;3;49699;2
7344;149101;29;5141;12
7345;149113;7;21301;6
7346;149119;29819;5;24
7347;149143;49711;3;10
7348;149153;29;5143;6
7349;149159;15;9943;14
7350;149173;21;7103;10
7351;149183;19;7851;14
7352;149197;115;1297;42
7353;149239;13;11479;12
7354;149251;19;7855;6
7355;149257;169;883;30
7356;149287;149251;1;36
7357;149323;71;2103;10
7358;149333;111;1345;38
7359;149371;29873;5;6
7360;149377;67;2229;34
7361;149411;29881;5;6
7362;149417;149411;1;6
7363;149423;3319;45;68
7364;149491;7;21355;6
7365;149497;149491;1;6
7366;149503;39;3833;16
7367;149519;3;49839;2
7368;149521;19;7869;10
7369;149531;3;49843;2
7370;149533;11;13593;10
7371;149543;25;5981;18
7372;149561;149543;1;18
7373;149579;35;4273;24
7374;149603;21;7123;20
7375;149623;53;2823;4
7376;149627;3;49875;2
7377;149629;237;631;82
7378;149711;3;49903;2
7379;149713;16633;9;16
7380;149729;21;7129;20
7381;149749;19;7881;10
7382;149759;9;16639;8
7383;149767;49921;3;4
7384;149771;21;7131;20
7385;149791;61;2455;36
7386;149827;19;7885;12
7387;149839;49937;3;28
7388;149867;16649;9;26
7389;149893;25;5995;18
7390;149911;29;5169;10
7391;149921;169;887;18
7392;149939;15;9995;14
7393;149953;157;955;18
7394;149971;16661;9;22
7395;149993;9;16665;8
7396;150001;17;8823;10
7397;150011;83;1807;30
7398;150041;23;6523;12
7399;150053;253;593;24
7400;150077;31;4841;6
7401;150083;150077;1;6
7402;150089;19;7899;8
7403;150097;21;7147;10
7404;150107;150083;1;24
7405;150131;30013;5;66
7406;150197;35;4291;12
7407;150209;150197;1;12
7408;150221;150203;1;18
7409;150239;5179;29;48
7410;150287;25;6011;12
7411;150299;3;50099;2
7412;150301;50093;3;22
7413;150323;191;787;6
7414;150329;15;10021;14
7415;150343;83;1811;30
7416;150373;50123;3;4
7417;150377;13;11567;6
7418;150383;29;5185;18
7419;150401;7;21485;6
7420;150407;150401;1;6
7421;150413;35;4297;18
7422;150431;101;1489;42
7423;150473;71;2119;24
7424;150497;11;13681;6
7425;150503;23;6543;14
7426;150517;65;2315;42
7427;150559;35;4301;24
7428;150583;9;16731;4
7429;150587;3;50195;2
7430;150589;150571;1;18
7431;150607;30113;5;42
7432;150649;149;1011;10
7433;150659;150611;1;48
7434;150707;50231;3;14
7435;150721;49;3075;46
7436;150767;3;50255;2
7437;150769;21;7179;10
7438;150779;61;2471;48
7439;150827;51;2957;20
7440;150847;25;6033;22
7441;150869;15;10057;14
7442;150883;31;4867;6
7443;150889;49;3079;18
7444;150907;103;1465;12
7445;150919;57;2647;40
7446;150959;3;50319;2
7447;150961;7;21565;6
7448;150967;19;7945;12
7449;150979;150967;1;12
7450;150991;43;3511;18
7451;151009;150991;1;18
7452;151027;10067;15;22
7453;151049;11;13731;8
7454;151057;50341;3;34
7455;151091;69;2189;50
7456;151141;121;1249;12
7457;151153;83;1821;10
7458;151163;151157;1;6
7459;151169;50383;3;20
7460;151189;151141;1;48
7461;151237;50411;3;4
7462;151241;7;21605;6
7463;151247;30241;5;42
7464;151289;15;10085;14
7465;151303;50423;3;34
7466;151337;41;3691;6
7467;151343;73;2073;14
7468;151357;21613;7;66
7469;151423;7;21631;6
7470;151429;5;30285;4
7471;151433;55;2753;18
7472;151451;45;3365;26
7473;151477;23;6585;22
7474;151499;50497;3;8
7475;151507;50497;3;16
7476;151523;50503;3;14
7477;151537;19;7975;12
7478;151549;151537;1;12
7479;151561;21649;7;18
7480;151579;151561;1;18
7481;151597;11;13781;6
7482;151603;151597;1;6
7483;151609;50527;3;28
7484;151637;17;8919;14
7485;151651;31;4891;30
7486;151681;25;6067;6
7487;151687;151681;1;6
7488;151693;47;3227;24
7489;151717;30341;5;12
7490;151729;151687;1;42
7491;151771;17;8927;12
7492;151783;50593;3;4
7493;151787;75;2023;62
7494;151849;50599;3;52
7495;151901;223;681;38
7496;151939;151909;1;30
7497;151969;151897;1;72
7498;152041;43;3535;36
7499;152077;241;631;6
7500;152083;31;4905;28
7501;152111;17;8947;12
7502;152123;50683;3;74
7503;152197;25;6087;22
7504;152219;101;1507;12
7505;152231;152213;1;18
7506;152249;152231;1;18
7507;152267;57;2671;20
7508;152287;197;773;6
7509;152293;9;16921;4
7510;152297;23;6621;14
7511;152311;50753;3;52
7512;152363;43;3543;14
7513;152377;30467;5;42
7514;152419;29;5255;24
7515;152443;31;4917;16
7516;152459;3;50819;2
7517;152461;1979;77;78
7518;152539;47;3245;24
7519;152563;39;3911;34
7520;152597;27;5651;20
7521;152617;101;1511;6
7522;152623;57;2677;34
7523;152657;50849;3;110
7524;152767;149;1025;42
7525;152809;127;1203;28
7526;152837;152777;1;60
7527;152897;30577;5;12
7528;152909;152837;1;72
7529;152981;67;2283;20
7530;153001;73;2095;66
7531;153067;163;939;10
7532;153077;4637;33;56
7533;153133;113;1355;18
7534;153151;4373;35;96
7535;153247;49;3127;24
7536;153271;7;21895;6
7537;153277;13931;11;36
7538;153313;7;21901;6
7539;153319;83;1847;18
7540;153337;107;1433;6
7541;153343;77;1991;36
7542;153379;147;1043;58
7543;153437;57;2691;50
7544;153487;25;6139;12
7545;153499;153487;1;12
7546;153511;153499;1;12
7547;153523;7;21931;6
7548;153529;57;2693;28
7549;153557;51169;3;50
7550;153607;9;17067;4
7551;153611;109;1409;30
7552;153641;83;1851;8
7553;153649;30713;5;84
7554;153733;51241;3;10
7555;153743;19;8091;14
7556;153757;9041;17;60
7557;153817;113;1361;24
7558;153841;43;3577;30
7559;153871;31;4963;18
7560;153889;30773;5;24
7561;153913;10259;15;28
7562;153941;17099;9;50
7563;153991;13;11845;6
7564;153997;7331;21;46
7565;154043;51343;3;14
7566;154057;67;2299;24
7567;154081;25;6163;6
7568;154087;91;1693;24
7569;154111;10273;15;16
7570;154127;154097;1;30
7571;154157;83;1857;26
7572;154183;43;3585;28
7573;154211;3;51403;2
7574;154213;37;4167;34
7575;154247;22031;7;30
7576;154277;43;3587;36
7577;154313;9;17145;8
7578;154321;17;9077;12
7579;154333;83;1859;36
7580;154369;154351;1;18
7581;154387;41;3765;22
7582;154409;13;11877;8
7583;154417;17;9083;6
7584;154423;154387;1;36
7585;154459;154417;1;42
7586;154501;39;3961;22
7587;154523;167;925;48
7588;154571;3;51523;2
7589;154573;7;22081;6
7590;154579;71;2177;12
7591;154591;51521;3;28
7592;154619;3;51539;2
7593;154621;75;2061;46
7594;154667;3;51555;2
7595;154669;29;5333;12
7596;154681;211;733;18
7597;154699;25;6187;24
7598;154723;154699;1;24
7599;154747;271;571;6
7600;154753;17191;9;34
7601;154787;3;51595;2
7602;154789;51593;3;10
7603;154799;9;17199;8
7604;154807;65;2381;42
7605;154849;25;6193;24
7606;154873;119;1301;54
7607;154927;2311;67;90
7608;155017;49;3163;30
7609;155047;379;409;36
7610;155083;155047;1;36
7611;155119;43;3607;18
7612;155137;22159;7;24
7613;155161;7;22165;6
7614;155167;51721;3;4
7615;155171;17239;9;20
7616;155191;29;5351;12
7617;155203;7;22171;6
7618;155209;155167;1;42
7619;155251;11941;13;18
7620;155269;51749;3;22
7621;155291;31;5009;12
7622;155303;37;4197;14
7623;155317;51769;3;10
7624;155327;71;2187;50
7625;155377;155371;1;6
7626;155383;7;22197;4
7627;155387;99;1569;56
7628;155443;115;1351;78
7629;155521;23;6761;18
7630;155539;155521;1;18
7631;155557;13;11965;12
7632;155569;51853;3;10
7633;155579;3;51859;2
7634;155581;155569;1;12
7635;155593;157;991;6
7636;155599;39;3989;28
7637;155627;27;5763;26
7638;155653;13;11973;4
7639;155657;31;5021;6
7640;155663;9;17295;8
7641;155671;39;3991;22
7642;155693;7;22241;6
7643;155699;51893;3;20
7644;155719;5;31143;4
7645;155723;15;10381;8
7646;155731;21;7415;16
7647;155747;51907;3;26
7648;155773;137;1137;4
7649;155777;7;22253;6
7650;155783;137;1137;14
7651;155797;11;14163;4
7652;155801;11981;13;48
7653;155849;15;10389;14
7654;155863;45;3463;28
7655;155891;3;51963;2
7656;155893;299;521;114
7657;156007;149;1047;4
7658;156011;149;1047;8
7659;156019;17333;9;22
7660;156041;31;5033;18
7661;156059;3;52019;2
7662;156061;21;7431;10
7663;156071;113;1381;18
7664;156089;17341;9;20
7665;156109;12007;13;18
7666;156127;9;17347;4
7667;156131;51;3061;20
7668;156151;11;14195;6
7669;156157;81;1927;70
7670;156227;3;52075;2
7671;156229;156217;1;12
7672;156241;156229;1;12
7673;156253;9;17361;4
7674;156257;31249;5;12
7675;156269;31237;5;84
7676;156353;31267;5;18
7677;156371;223;701;48
7678;156419;3;52139;2
7679;156421;75;2085;46
7680;156467;17383;9;20
7681;156487;9;17387;4
7682;156491;3;52163;2
7683;156493;25;6259;18
7684;156511;17389;9;10
7685;156521;19;8237;18
7686;156539;85;1841;54
7687;156593;43;3641;30
7688;156623;15;10441;8
7689;156631;17;9213;10
7690;156641;156623;1;18
7691;156659;383;409;12
7692;156671;9;17407;8
7693;156679;5;31335;4
7694;156683;15;10445;8
7695;156691;156679;1;12
7696;156703;9;17411;4
7697;156707;35;4477;12
7698;156719;52237;3;8
7699;156727;53;2957;6
7700;156733;31337;5;48
7701;156781;59;2657;18
7702;156799;156781;1;18
7703;156817;191;821;6
7704;156823;167;939;10
7705;156833;389;403;66
7706;156899;3;52299;2
7707;156901;151;1039;12
7708;156913;359;437;30
7709;156943;29;5411;24
7710;156967;52321;3;4
7711;156971;52321;3;8
7712;156979;10463;15;34
7713;157013;39;4025;38
7714;157051;7;22435;6
7715;157057;373;421;24
7716;157081;27;5817;22
7717;157103;97;1619;60
7718;157163;19;8271;14
7719;157177;17;9245;12
7720;157189;22453;7;18
7721;157207;9;17467;4
7722;157211;23;6835;6
7723;157217;23;6835;12
7724;157229;157211;1;18
7725;157247;13;12095;12
7726;157259;15;10483;14
7727;157273;11;14297;6
7728;157279;35;4493;24
7729;157303;52433;3;4
7730;157307;71;2215;42
7731;157349;10487;15;44
7732;157393;52453;3;34
7733;157427;3;52475;2
7734;157429;5;31485;4
7735;157433;69;2281;44
7736;157477;35;4499;12
7737;157489;35;4499;24
7738;157513;7;22501;6
7739;157519;65;2423;24
7740;157543;25;6301;18
7741;157561;52517;3;10
7742;157571;52501;3;68
7743;157639;107;1473;28
7744;157667;3;52555;2
7745;157669;52553;3;10
7746;157679;157637;1;42
7747;157721;17;9277;12
7748;157733;5087;31;36
7749;157769;35;4507;24
7750;157793;7;22541;6
7751;157799;15;10519;14
7752;157813;23;6861;10
7753;157823;37;4265;18
7754;157841;27;5845;26
7755;157867;21;7517;10
7756;157877;31573;5;12
7757;157889;157877;1;12
7758;157901;23;6865;6
7759;157907;157823;1;84
7760;157991;239;661;12
7761;158003;7;22571;6
7762;158009;52667;3;8
7763;158017;31601;5;12
7764;158029;22573;7;18
7765;158047;8317;19;24
7766;158071;101;1565;6
7767;158077;75;2107;52
7768;158129;17;9301;12
7769;158141;17569;9;20
7770;158161;52711;3;28
7771;158189;367;431;12
7772;158201;299;529;30
7773;158231;158201;1;30
7774;158261;17581;9;32
7775;158293;43;3681;10
7776;158303;91;1739;54
7777;158357;47;3369;14
7778;158371;113;1401;58
7779;158429;15;10561;14
7780;158443;111;1427;46
7781;158489;22637;7;30
7782;158519;22643;7;18
7783;158537;53;2991;14
7784;158551;39;4065;16
7785;158567;13;12197;6
7786;158573;11;14415;8
7787;158581;21;7551;10
7788;158591;7;22655;6
7789;158597;158573;1;24
7790;158621;115;1379;36
7791;158657;59;2689;6
7792;158663;347;457;84
7793;158747;3;52915;2
7794;158749;21;7559;10
7795;158759;158747;1;12
7796;158771;113;1405;6
7797;158777;17;9339;14
7798;158791;83;1913;12
7799;158803;51;3113;40
7800;158843;7;22691;6
7801;158849;9343;17;18
7802;158867;6353;25;42
7803;158909;29;5479;18
7804;158927;17657;9;14
7805;158941;79;2011;72
7806;159013;53003;3;4
7807;159017;19;8369;6
7808;159023;57;2789;50
7809;159073;73;2179;6
7810;159079;31;5131;18
7811;159097;39;4079;16
7812;159113;13;12239;6
7813;159119;39;4079;38
7814;159157;53051;3;4
7815;159161;139;1145;6
7816;159167;3;53055;2
7817;159169;11;14469;10
7818;159179;15;10611;14
7819;159193;7;22741;6
7820;159199;47;3387;10
7821;159209;15;10613;14
7822;159223;9;17691;4
7823;159227;89;1789;6
7824;159233;159179;1;54
7825;159287;149;1069;6
7826;159293;23;6925;18
7827;159311;53101;3;8
7828;159319;33;4827;28
7829;159347;3;53115;2
7830;159349;93;1713;40
7831;159389;15;10625;14
7832;159403;51;3125;28
7833;159431;7;22775;6
7834;159437;43;3707;36
7835;159473;31891;5;18
7836;159491;101;1579;12
7837;159503;167;955;18
7838;159521;159503;1;18
7839;159539;3;53179;2
7840;159541;29;5501;12
7841;159553;19;8397;10
7842;159563;11;14505;8
7843;159571;159553;1;18
7844;159589;17729;9;28
7845;159617;193;827;6
7846;159623;159617;1;6
7847;159629;5503;29;42
7848;159671;43;3713;12
7849;159683;113;1413;14
7850;159697;11;14517;10
7851;159707;22811;7;30
7852;159737;139;1149;26
7853;159763;13;12289;6
7854;159769;27;5917;10
7855;159779;197;811;12
7856;159791;3;53263;2
7857;159793;159787;1;6
7858;159799;159787;1;12
7859;159811;159769;1;42
7860;159853;65;2459;18
7861;159871;53281;3;28
7862;159899;13;12299;12
7863;159911;33;4845;26
7864;159937;53299;3;40
7865;159977;10663;15;32
7866;160009;35;4571;24
7867;160033;6397;25;108
7868;160141;9419;17;18
7869;160159;5;32031;4
7870;160163;17;9421;6
7871;160169;15;10677;14
7872;160183;103;1555;18
7873;160201;7;22885;6
7874;160207;160183;1;24
7875;160231;53;3023;12
7876;160243;5167;31;66
7877;160309;5;32061;4
7878;160313;7;22901;6
7879;160319;99;1619;38
7880;160357;11;14577;10
7881;160367;223;719;30
7882;160397;7;22913;6
7883;160403;160397;1;6
7884;160409;10691;15;44
7885;160453;31;5175;28
7886;160481;9439;17;18
7887;160499;32089;5;54
7888;160553;73;2199;26
7889;160579;121;1327;12
7890;160591;160579;1;12
7891;160603;21;7647;16
7892;160619;3;53539;2
7893;160621;7;22945;6
7894;160627;13;12355;12
7895;160639;21;7649;10
7896;160649;15;10709;14
7897;160663;7;22951;6
7898;160669;39;4119;28
7899;160697;19;8457;14
7900;160711;77;2087;12
7901;160723;53569;3;16
7902;160739;22961;7;12
7903;160751;3;53583;2
7904;160753;77;2087;54
7905;160807;401;401;6
7906;160813;241;667;66
7907;160879;53;3035;24
7908;160903;53633;3;4
7909;160907;47;3423;26
7910;160933;14627;11;36
7911;160969;179;899;48
7912;161017;47;3425;42
7913;161059;161047;1;12
7914;161071;7669;21;22
7915;161093;155;1039;48
7916;161141;69;2335;26
7917;161167;53699;3;70
7918;161237;29;5559;26
7919;161263;35;4607;18
7920;161281;61;2643;58
7921;161339;3;53779;2
7922;161341;32261;5;36
7923;161377;19;8493;10
7924;161387;57;2831;20
7925;161407;11;14673;4
7926;161411;12413;13;42
7927;161453;11;14677;6
7928;161459;3;53819;2
7929;161461;17939;9;10
7930;161471;53813;3;32
7931;161503;13;12423;4
7932;161507;53831;3;14
7933;161521;32303;5;6
7934;161527;9;17947;4
7935;161531;39;4141;32
7936;161563;11;14687;6
7937;161569;47;3437;30
7938;161599;349;463;12
7939;161611;41;3941;30
7940;161641;77;2099;18
7941;161659;32327;5;24
7942;161683;32327;5;48
7943;161731;59;2741;12
7944;161743;25;6469;18
7945;161761;53917;3;10
7946;161771;3;53923;2
7947;161773;83;1949;6
7948;161779;53917;3;28
7949;161807;161783;1;24
7950;161831;17977;9;38
7951;161869;17;9521;12
7952;161881;31;5221;30
7953;161911;17989;9;10
7954;161921;32377;5;36
7955;161957;35;4627;12
7956;161969;67;2417;30
7957;161999;9;17999;8
7958;162007;54001;3;4
7959;162011;32401;5;6
7960;162017;55;2945;42
7961;162059;54013;3;20
7962;162079;347;467;30
7963;162109;141;1149;100
7964;162209;17;9541;12
7965;162221;139;1167;8
7966;162229;67;2421;22
7967;162251;35;4635;26
7968;162277;21;7727;10
7969;162287;3;54095;2
7970;162289;2351;69;70
7971;162359;33;4919;32
7972;162391;18041;9;22
7973;162413;7;23201;6
7974;162419;183;887;98
7975;162517;19;8553;10
7976;162527;43;3779;30
7977;162557;53;3067;6
7978;162563;18061;9;14
7979;162577;21;7741;16
7980;162593;25;6503;18
7981;162611;277;587;12
7982;162623;83;1959;26
7983;162649;151;1077;22
7984;162671;19;8561;12
7985;162683;31;5247;26
7986;162709;5;32541;4
7987;162713;162677;1;36
7988;162749;31;5249;30
7989;162779;14797;11;12
7990;162791;227;717;32
7991;162823;23;7079;6
7992;162829;19;8569;18
7993;162847;7;23263;6
7994;162853;7079;23;36
7995;162889;271;601;18
7996;162907;67;2431;30
7997;162937;43;3789;10
7998;162947;191;853;24
7999;162971;3;54323;2
8000;162973;54319;3;16
8001;162989;9;18109;8
8002;162997;25;6519;22
8003;163019;3;54339;2
8004;163021;32603;5;6
8005;163027;389;419;36
8006;163063;73;2233;54
8007;163117;32621;5;12
8008;163129;12547;13;18
8009;163147;157;1039;24
8010;163171;54377;3;40
8011;163211;109;1497;38
8012;163249;54413;3;10
8013;163259;163211;1;48
8014;163307;3;54435;2
8015;163309;61;2677;12
8016;163321;89;1835;6
8017;163327;11;14847;10
8018;163337;23;7101;14
8019;163351;10889;15;16
8020;163367;18149;9;26
8021;163393;11;14853;10
8022;163403;9;18155;8
8023;163411;11;14855;6
8024;163417;21;7781;16
8025;163433;12569;13;36
8026;163469;23;7107;8
8027;163477;29;5637;4
8028;163481;13;12575;6
8029;163487;133;1229;30
8030;163517;54497;3;26
8031;163543;47;3479;30
8032;163573;155;1055;48
8033;163621;19;8611;12
8034;163633;54541;3;10
8035;163643;153;1069;86
8036;163729;53;3089;12
8037;163741;9629;17;48
8038;163789;79;2073;22
8039;163811;163781;1;30
8040;163841;7;23405;6
8041;163847;163841;1;6
8042;163853;163847;1;6
8043;163859;3;54619;2
8044;163861;54617;3;10
8045;163871;163841;1;30
8046;163901;54631;3;8
8047;163909;91;1801;18
8048;163927;131;1251;46
8049;163973;55;2981;18
8050;163991;32797;5;6
8051;163997;47;3489;14
8052;164011;47;3489;28
8053;164039;19;8633;12
8054;164051;7;23435;6
8055;164057;37;4433;36
8056;164093;21;7813;20
8057;164113;59;2781;34
8058;164147;3;54715;2
8059;164149;25;6565;24
8060;164173;32831;5;18
8061;164191;54727;3;10
8062;164201;229;717;8
8063;164209;27;6081;22
8064;164231;23459;7;18
8065;164249;14929;11;30
8066;164279;164267;1;12
8067;164291;277;593;30
8068;164321;54767;3;20
8069;164341;21;7825;16
8070;164357;103;1595;72
8071;164429;12647;13;18
8072;164447;83;1981;24
8073;164471;7;23495;6
8074;164477;2609;63;110
8075;164587;54851;3;34
8076;164621;11;14965;6
8077;164627;49;3359;36
8078;164663;71;2319;14
8079;164677;164653;1;24
8080;164701;57;2889;28
8081;164729;2791;59;60
8082;164789;54919;3;32
8083;164821;137;1203;10
8084;164831;19;8675;6
8085;164837;163;1011;44
8086;164881;173;953;12
8087;164893;191;863;60
8088;164953;27;6109;10
8089;164963;8681;19;24
8090;164987;25;6599;12
8091;164999;12689;13;42
8092;165041;13;12695;6
8093;165047;13;12695;12
8094;165059;21;7859;20
8095;165079;5;33015;4
8096;165083;11;15007;6
8097;165089;11003;15;44
8098;165133;45;3669;28
8099;165161;59;2799;20
8100;165181;23593;7;30
8101;165211;23599;7;18
8102;165229;165211;1;18
8103;165247;7867;21;40
8104;165287;19;8699;6
8105;165293;25;6611;18
8106;165311;3;55103;2
8107;165313;65;2543;18
8108;165331;19;8701;12
8109;165343;101;1637;6
8110;165349;165331;1;18
8111;165367;55117;3;16
8112;165383;199;831;14
8113;165397;57;2901;40
8114;165437;7;23633;6
8115;165443;165437;1;6
8116;165449;55147;3;8
8117;165457;11;15041;6
8118;165463;165457;1;6
8119;165469;21;7879;10
8120;165479;23633;7;48
8121;165527;103;1607;6
8122;165533;167;991;36
8123;165569;165551;1;18
8124;165587;3;55195;2
8125;165589;29;5709;28
8126;165617;2399;69;86
8127;165703;9;18411;4
8128;165707;3;55235;2
8129;165709;23671;7;12
8130;165721;79;2097;58
8131;165779;55243;3;50
8132;165829;5;33165;4
8133;165833;23687;7;24
8134;165857;21;7897;20
8135;165877;13;12759;10
8136;165887;18427;9;44
8137;165931;21;7901;10
8138;165941;7213;23;42
8139;165983;263;631;30
8140;166013;55333;3;14
8141;166027;161;1031;36
8142;166063;2213;75;88
8143;166151;7;23735;6
8144;166157;35;4747;12
8145;166169;4259;39;68
8146;166237;67;2481;10
8147;166247;33247;5;12
8148;166259;23747;7;30
8149;166289;17;9781;12
8150;166301;173;961;48
8151;166349;21;7921;8
8152;166357;201;827;130
8153;166487;221;753;74
8154;166561;33311;5;6
8155;166567;9;18507;4
8156;166571;43;3873;32
8157;166603;21;7933;10
8158;166613;107;1557;14
8159;166627;75;2221;52
8160;166679;166619;1;60
8161;166739;3;55579;2
8162;166741;181;921;40
8163;166781;119;1401;62
8164;166843;27;6179;10
8165;166853;61;2735;18
8166;166871;166823;1;48
8167;166919;13;12839;12
8168;166931;83;2011;18
8169;166949;166931;1;18
8170;166967;199;839;6
8171;166973;166967;1;6
8172;166979;166949;1;30
8173;167009;31;5387;12
8174;167021;167009;1;12
8175;167033;7;23861;6
8176;167039;199;839;78
8177;167117;163;1025;42
8178;167159;15;11143;14
8179;167173;103;1623;4
8180;167177;55721;3;14
8181;167191;29;5765;6
8182;167197;19;8799;16
8183;167213;15;11147;8
8184;167221;75;2229;46
8185;167267;3;55755;2
8186;167269;51;3279;40
8187;167309;9;18589;8
8188;167317;107;1563;76
8189;167393;27;6199;20
8190;167413;41;4083;10
8191;167423;23;7279;6
8192;167429;23;7279;12
8193;167441;33469;5;96
8194;167537;7;23933;6
8195;167543;93;1801;50
8196;167593;25;6703;18
8197;167611;21;7981;10
8198;167621;13;12893;12
8199;167633;115;1457;78
8200;167711;23;7291;18
8201;167729;167711;1;18
8202;167747;33547;5;12
8203;167759;167747;1;12
8204;167771;13;12905;6
8205;167777;227;739;24
8206;167801;217;773;60
8207;167861;15259;11;12
8208;167873;7;23981;6
8209;167879;23981;7;12
8210;167891;129;1301;62
8211;167953;223;753;34
8212;167987;55987;3;26
8213;168013;31;5419;24
8214;168037;99;1697;34
8215;168071;41;4099;12
8216;168083;7;24011;6
8217;168089;4801;35;54
8218;168143;11;15285;8
8219;168151;168109;1;42
8220;168193;25;6727;18
8221;168211;11213;15;16
8222;168227;39;4313;20
8223;168247;83;2027;6
8224;168253;6229;27;70
8225;168323;31;5429;24
8226;168347;71;2371;6
8227;168353;49;3435;38
8228;168391;137;1229;18
8229;168409;35;4811;24
8230;168433;18713;9;16
8231;168449;359;469;78
8232;168527;56171;3;14
8233;168541;71;2373;58
8234;168599;101;1669;30
8235;168629;24083;7;48
8236;168677;15331;11;36
8237;168713;7;24101;6
8238;168719;49;3443;12
8239;168731;17;9925;6
8240;168737;168731;1;6
8241;168743;25;6749;18
8242;168761;13;12981;8
8243;168769;37;4561;12
8244;168781;51;3309;22
8245;168803;33751;5;48
8246;168851;15349;11;12
8247;168863;13;12989;6
8248;168869;168851;1;18
8249;168887;281;601;6
8250;168893;168887;1;6
8251;168899;3;56299;2
8252;168901;23;7343;12
8253;168913;33767;5;78
8254;168991;25;6759;16
8255;169007;3;56335;2
8256;169009;56333;3;10
8257;169019;45;3755;44
8258;169063;11;15369;4
8259;169067;3;56355;2
8260;169069;33809;5;24
8261;169093;157;1077;4
8262;169097;18787;9;14
8263;169111;83;2037;40
8264;169151;13;13011;8
8265;169159;73;2317;18
8266;169177;27;6265;22
8267;169199;56393;3;20
8268;169219;65;2603;24
8269;169243;83;2039;6
8270;169249;21;8059;10
8271;169259;147;1151;62
8272;169321;33863;5;6
8273;169327;33863;5;12
8274;169339;67;2527;30
8275;169369;169339;1;30
8276;169399;169327;1;72
8277;169471;41;4133;18
8278;169489;31;5467;12
8279;169501;27;6277;22
8280;169523;6277;27;44
8281;169567;18839;9;16
8282;169583;15;11305;8
8283;169591;17;9975;16
8284;169607;55;3083;42
8285;169649;13;13049;12
8286;169661;33931;5;6
8287;169667;33;5141;14
8288;169681;23;7377;10
8289;169691;3;56563;2
8290;169693;17;9981;16
8291;169709;11311;15;44
8292;169753;29;5853;16
8293;169769;71;2391;8
8294;169777;7;24253;6
8295;169783;169777;1;6
8296;169789;199;853;42
8297;169831;25;6793;6
8298;169837;169831;1;6
8299;169843;21;8087;16
8300;169859;15439;11;30
8301;169889;21;8089;20
8302;169909;5;33981;4
8303;169913;131;1297;6
8304;169919;15;11327;14
8305;169933;85;1999;18
8306;169951;41;4145;6
8307;169957;39;4357;34
8308;169991;43;3953;12
8309;170003;33997;5;18
8310;170021;33997;5;36
8311;170057;7;24293;6
8312;170063;71;2395;18
8313;170081;170063;1;18
8314;170099;3;56699;2
8315;170101;18899;9;10
8316;170111;170081;1;30
8317;170141;77;2209;48
8318;170189;9;18909;8
8319;170197;17;10011;10
8320;170207;29;5869;6
8321;170213;34039;5;18
8322;170231;24317;7;12
8323;170243;37;4601;6
8324;170249;15;11349;14
8325;170263;19;8961;4
8326;170267;17;10015;12
8327;170279;15;11351;14
8328;170293;79;2155;48
8329;170341;21;8111;10
8330;170351;3;56783;2
8331;170353;27;6309;10
8332;170363;11;15487;6
8333;170369;56783;3;20
8334;170389;5;34077;4
8335;170393;155;1099;48
8336;170441;89;1915;6
8337;170447;8969;19;36
8338;170483;56809;3;56
8339;170539;69;2471;40
8340;170579;5881;29;30
8341;170609;167;1021;102
8342;170711;37;4613;30
8343;170741;29;5887;18
8344;170759;15;11383;14
8345;170773;56923;3;4
8346;170777;43;3971;24
8347;170801;233;733;12
8348;170813;67;2549;30
8349;170843;170813;1;30
8350;170873;233;733;84
8351;170957;24413;7;66
8352;171023;307;557;24
8353;171047;13;13157;6
8354;171053;31;5517;26
8355;171079;13;13159;12
8356;171091;171079;1;12
8357;171103;75;2281;28
8358;171131;24443;7;30
8359;171161;34231;5;6
8360;171167;171131;1;36
8361;171203;10069;17;30
8362;171233;55;3113;18
8363;171251;3;57083;2
8364;171253;53;3231;10
8365;171263;15;11417;8
8366;171271;53;3231;28
8367;171299;169;1013;102
8368;171401;49;3497;48
8369;171449;13187;13;18
8370;171467;3;57155;2
8371;171469;13;13189;12
8372;171481;61;2811;10
8373;171491;35;4899;26
8374;171517;37;4635;22
8375;171539;3;57179;2
8376;171541;105;1633;76
8377;171617;35;4903;12
8378;171629;9;19069;8
8379;171637;7;24519;4
8380;171641;171629;1;12
8381;171653;34327;5;18
8382;171671;171629;1;42
8383;171713;171707;1;6
8384;171719;15;11447;14
8385;171733;11447;15;28
8386;171761;19081;9;32
8387;171793;7;24541;6
8388;171799;5;34359;4
8389;171803;9041;19;24
8390;171827;171803;1;24
8391;171851;29;5925;26
8392;171877;9;19097;4
8393;171881;9;19097;8
8394;171889;57287;3;28
8395;171917;353;487;6
8396;171923;171917;1;6
8397;171929;24551;7;72
8398;172001;97;1773;20
8399;172021;21;8191;10
8400;172031;37;4649;18
8401;172049;172001;1;48
8402;172097;47;3661;30
8403;172127;172097;1;30
8404;172157;31;5553;14
8405;172171;11;15651;10
8406;172181;93;1851;38
8407;172219;181;951;88
8408;172307;43;4007;6
8409;172313;172283;1;30
8410;172343;17;10137;14
8411;172357;69;2497;64
8412;172421;53;3253;12
8413;172433;172427;1;6
8414;172439;24623;7;78
8415;172517;181;953;24
8416;172541;57493;3;62
8417;172603;103;1675;78
8418;172681;25;6907;6
8419;172687;172657;1;30
8420;172717;185;933;112
8421;172829;85;2033;24
8422;172853;65;2659;18
8423;172871;7;24695;6
8424;172877;172871;1;6
8425;172883;239;723;86
8426;172969;97;1783;18
8427;172987;99;1747;34
8428;173021;257;673;60
8429;173081;7;24725;6
8430;173087;57679;3;50
8431;173137;25;6925;12
8432;173149;39;4439;28
8433;173177;157;1103;6
8434;173183;173177;1;6
8435;173189;157;1103;18
8436;173207;59;2935;42
8437;173249;211;821;18
8438;173267;11;15751;6
8439;173273;173249;1;24
8440;173297;35;4951;12
8441;173309;209;829;48
8442;173357;89;1947;74
8443;173431;57787;3;70
8444;173501;41;4231;30
8445;173531;17;10207;12
8446;173543;7;24791;6
8447;173549;13;13349;12
8448;173561;173549;1;12
8449;173573;4957;35;78
8450;173651;401;433;18
8451;173669;173651;1;18
8452;173687;39;4453;20
8453;173707;173671;1;36
8454;173743;19301;9;34
8455;173777;13;13367;6
8456;173783;245;709;78
8457;173861;133;1307;30
8458;173891;83;2095;6
8459;173897;33;5269;20
8460;173917;21;8281;16
8461;173933;173897;1;36
8462;173969;24851;7;12
8463;173981;95;1831;36
8464;174017;15817;11;30
8465;174047;101;1723;24
8466;174071;31;5615;6
8467;174077;17;10239;14
8468;174091;58027;3;10
8469;174101;58027;3;20
8470;174121;58031;3;28
8471;174149;174101;1;48
8472;174197;8293;21;44
8473;174241;24889;7;18
8474;174259;13399;13;72
8475;174331;5281;33;58
8476;174389;127;1373;18
8477;174407;19;9179;6
8478;174413;65;2683;18
8479;174431;174329;1;102
8480;174533;11633;15;38
8481;174571;79;2209;60
8482;174631;11;15875;6
8483;174637;25;6985;12
8484;174649;34919;5;54
8485;174703;23;7595;18
8486;174721;117;1493;40
8487;174761;7;24965;6
8488;174767;33;5295;32
8489;174799;24967;7;30
8490;174829;174799;1;30
8491;174859;91;1921;48
8492;174907;19433;9;10
8493;174917;34981;5;12
8494;174929;77;2271;62
8495;174991;49;3571;12
8496;175003;43;4069;36
8497;175039;227;771;22
8498;175061;27;6483;20
8499;175081;171;1023;148
8500;175229;69;2539;38
8501;175267;31;5653;24
8502;175291;58411;3;58
8503;175349;271;647;12
8504;175361;13487;13;30
8505;175391;175349;1;42
8506;175433;27;6497;14
8507;175447;7;25063;6
8508;175453;58481;3;10
8509;175463;35089;5;18
8510;175481;49;3581;12
8511;175493;8353;21;80
8512;175573;45;3901;28
8513;175601;91;1929;62
8514;175663;57;3081;46
8515;175709;15;11713;14
8516;175723;133;1321;30
8517;175753;11;15977;6
8518;175759;35;5021;24
8519;175783;58579;3;46
8520;175829;15;11721;14
8521;175843;8369;21;94
8522;175937;25;7037;12
8523;175949;175937;1;12
8524;175961;41;4291;30
8525;175991;175961;1;30
8526;176021;21;8381;20
8527;176041;17;10355;6
8528;176047;41;4293;34
8529;176081;25;7043;6
8530;176087;137;1285;42
8531;176129;35221;5;24
8532;176153;353;499;6
8533;176159;6073;29;42
8534;176201;131;1345;6
8535;176207;19577;9;14
8536;176221;17;10365;16
8537;176237;11;16021;6
8538;176243;19;9275;18
8539;176261;58741;3;38
8540;176299;67;2631;22
8541;176321;179;985;6
8542;176327;176321;1;6
8543;176333;89;1981;24
8544;176357;13;13565;12
8545;176369;29;6081;20
8546;176389;19;9283;12
8547;176401;176389;1;12
8548;176413;9;19601;4
8549;176417;83;2125;42
8550;176459;3;58819;2
8551;176461;35291;5;6
8552;176467;27;6535;22
8553;176489;9;19609;8
8554;176497;7;25213;6
8555;176503;9;19611;4
8556;176507;3;58835;2
8557;176509;89;1983;22
8558;176531;23;7675;6
8559;176537;23;7675;12
8560;176549;25;7061;24
8561;176573;35311;5;18
8562;176591;11;16053;8
8563;176599;21;8409;10
8564;176609;21;8409;20
8565;176629;147;1201;82
8566;176711;323;547;30
8567;176741;25247;7;12
8568;176753;58909;3;26
8569;176779;27;6547;10
8570;176789;27;6547;20
8571;176809;6547;27;40
8572;176849;95;1861;54
8573;176903;85;2081;18
8574;176921;41;4315;6
8575;176927;176921;1;6
8576;176933;41;4315;18
8577;176951;35;5055;26
8578;176977;37;4783;6
8579;176983;176977;1;6
8580;176989;53;3339;22
8581;177011;3;59003;2
8582;177013;105;1685;88
8583;177101;9;19677;8
8584;177109;5;35421;4
8585;177113;59;3001;54
8586;177167;65;2725;42
8587;177209;9;19689;8
8588;177217;177211;1;6
8589;177223;59063;3;34
8590;177257;57;3109;44
8591;177301;65;2727;46
8592;177347;281;631;36
8593;177383;59119;3;26
8594;177409;16127;11;12
8595;177421;7;25345;6
8596;177427;177421;1;6
8597;177433;69;2571;34
8598;177467;19717;9;14
8599;177481;25;7099;6
8600;177487;73;2431;24
8601;177511;67;2649;28
8602;177539;15;11835;14
8603;177553;9343;19;36
8604;177589;239;743;12
8605;177601;57;3115;46
8606;177647;67;2651;30
8607;177677;25373;7;66
8608;177743;25;7109;18
8609;177761;223;797;30
8610;177791;31;5735;6
8611;177797;199;893;90
8612;177887;11;16171;6
8613;177893;83;2143;24
8614;177917;13;13685;12
8615;177929;15;11861;14
8616;177943;61;2917;6
8617;177949;5;35589;4
8618;177953;177;1005;68
8619;178021;59;3017;18
8620;178039;57;3123;28
8621;178067;3;59355;2
8622;178069;39;4565;34
8623;178103;23;7743;14
8624;178117;59369;3;10
8625;178127;39;4567;14
8626;178141;59377;3;10
8627;178151;53;3361;18
8628;178169;178091;1;78
8629;178247;43;4145;12
8630;178259;3;59419;2
8631;178261;33;5401;28
8632;178289;19;9383;12
8633;178301;59417;3;50
8634;178351;11887;15;46
8635;178397;35671;5;42
8636;178439;49;3641;30
8637;178469;23;7759;12
8638;178481;11;16225;6
8639;178487;41;4353;14
8640;178501;178489;1;12
8641;178513;57;3131;46
8642;178559;45;3967;44
8643;178603;59;3027;10
8644;178613;107;1669;30
8645;178643;403;443;114
8646;178757;409;437;24
8647;178781;59581;3;38
8648;178819;178807;1;12
8649;178831;19867;9;28
8650;178859;15;11923;14
8651;178873;115;1555;48
8652;178921;178903;1;18
8653;178939;11927;15;34
8654;178973;17;10527;14
8655;178987;59651;3;34
8656;179021;59671;3;8
8657;179029;5;35805;4
8658;179033;43;4163;24
8659;179057;83;2157;26
8660;179083;137;1307;24
8661;179107;17;10535;12
8662;179119;105;1705;94
8663;179213;5119;35;48
8664;179261;9;19917;8
8665;179269;13;13789;12
8666;179281;25;7171;6
8667;179287;13789;13;30
8668;179317;59771;3;4
8669;179321;35863;5;6
8670;179327;9437;19;24
8671;179351;35869;5;6
8672;179357;77;2329;24
8673;179381;179369;1;12
8674;179393;25;7175;18
8675;179411;179393;1;18
8676;179429;19;9443;12
8677;179441;179429;1;12
8678;179453;15;11963;8
8679;179461;127;1413;10
8680;179471;163;1101;8
8681;179479;5;35895;4
8682;179483;311;577;36
8683;179519;53;3387;8
8684;179527;31;5791;6
8685;179533;49;3663;46
8686;179579;3;59859;2
8687;179581;17;10563;10
8688;179591;179579;1;12
8689;179603;179573;1;30
8690;179633;35923;5;18
8691;179651;19;9455;6
8692;179657;233;771;14
8693;179671;21;8555;16
8694;179687;47;3823;6
8695;179693;25667;7;24
8696;179717;179633;1;84
8697;179801;7;25685;6
8698;179807;179801;1;6
8699;179813;139;1293;86
8700;179899;61;2949;10
8701;179909;59957;3;38
8702;179947;19993;9;10
8703;179957;17;10585;12
8704;179969;179957;1;12
8705;179981;9;19997;8
8706;179989;17;10587;10
8707;179999;25;7199;24
8708;180023;115;1565;48
8709;180071;36013;5;6
8710;180077;16363;11;84
8711;180161;151;1193;18
8712;180179;3;60059;2
8713;180181;93;1937;40
8714;180221;307;587;12
8715;180233;37;4871;6
8716;180239;3;60079;2
8717;180241;11;16385;6
8718;180247;60077;3;16
8719;180263;47;3835;18
8720;180281;25;7211;6
8721;180287;3;60095;2
8722;180289;49;3679;18
8723;180307;41;4397;30
8724;180337;21;8587;10
8725;180347;97;1859;24
8726;180371;9491;19;42
8727;180413;223;809;6
8728;180419;36073;5;54
8729;180473;55;3281;18
8730;180491;43;4197;20
8731;180511;60161;3;28
8732;180539;3;60179;2
8733;180541;36107;5;6
8734;180547;99;1823;70
8735;180617;179;1009;6
8736;180623;59;3061;24
8737;180647;12041;15;32
8738;180679;60209;3;52
8739;180731;13901;13;18
8740;180749;25;7229;24
8741;180773;180749;1;24
8742;180797;113;1599;110
8743;180907;61;2965;42
8744;180949;11;16449;10
8745;180959;16447;11;42
8746;181001;16453;11;18
8747;181019;317;571;12
8748;181031;39;4641;32
8749;181063;36209;5;18
8750;181081;25;7243;6
8751;181087;391;463;54
8752;181141;21;8625;16
8753;181157;71;2551;36
8754;181193;409;443;6
8755;181199;3;60399;2
8756;181201;60397;3;10
8757;181211;3;60403;2
8758;181213;3697;49;60
8759;181273;23;7881;10
8760;181283;33;5493;14
8761;181297;11;16481;6
8762;181303;263;689;96
8763;181399;13;13953;10
8764;181409;181397;1;12
8765;181421;283;641;18
8766;181439;21;8639;20
8767;181459;53;3423;40
8768;181499;3;60499;2
8769;181501;77;2357;12
8770;181513;77;2357;24
8771;181537;25;7261;12
8772;181549;36299;5;54
8773;181603;13;13969;6
8774;181609;107;1697;30
8775;181639;51;3561;28
8776;181667;3;60555;2
8777;181669;85;2137;24
8778;181693;25;7267;18
8779;181711;181693;1;18
8780;181729;61;2979;10
8781;181739;61;2979;20
8782;181759;5;36351;4
8783;181763;47;3867;14
8784;181777;60589;3;10
8785;181787;3;60595;2
8786;181789;36353;5;24
8787;181813;181789;1;24
8788;181837;60601;3;34
8789;181871;3;60623;2
8790;181873;39;4663;16
8791;181889;36373;5;24
8792;181913;11;16537;6
8793;181919;35;5197;24
8794;181943;33;5513;14
8795;181957;60649;3;10
8796;181967;23;7911;14
8797;181981;21;8665;16
8798;181997;17;10705;12
8799;182009;127;1433;18
8800;182027;3;60675;2
8801;182029;16547;11;12
8802;182041;7;26005;6
8803;182047;60679;3;10
8804;182057;45;4045;32
8805;182089;163;1117;18
8806;182107;21;8671;16
8807;182123;9;20235;8
8808;182131;101;1803;28
8809;182159;9;20239;8
8810;182167;60719;3;10
8811;182177;9587;19;24
8812;182201;11;16563;8
8813;182209;83;2195;24
8814;182233;149;1223;6
8815;182239;5;36447;4
8816;182243;61;2987;36
8817;182279;182261;1;18
8818;182297;36457;5;12
8819;182309;36457;5;24
8820;182333;41;4447;6
8821;182339;3;60779;2
8822;182341;49;3721;12
8823;182353;60773;3;34
8824;182387;3;60795;2
8825;182389;89;2049;28
8826;182417;79;2309;6
8827;182423;39;4677;20
8828;182443;60811;3;10
8829;182453;31;5885;18
8830;182471;182453;1;18
8831;182489;7933;23;30
8832;182519;47;3883;18
8833;182537;229;797;24
8834;182561;277;659;18
8835;182579;15;12171;14
8836;182593;182587;1;6
8837;182599;5;36519;4
8838;182603;33;5533;14
8839;182617;60869;3;10
8840;182627;36523;5;12
8841;182639;3;60879;2
8842;182641;181;1009;12
8843;182653;107;1707;4
8844;182657;16603;11;24
8845;182681;25;7307;6
8846;182687;14051;13;24
8847;182711;7307;25;36
8848;182747;33;5537;26
8849;182773;60919;3;16
8850;182789;55;3323;24
8851;182813;179;1021;54
8852;182867;10753;17;66
8853;182933;57;3209;20
8854;182953;45;4065;28
8855;182981;16633;11;18
8856;182999;182957;1;42
8857;183041;36607;5;6
8858;183047;36607;5;12
8859;183059;77;2377;30
8860;183089;183059;1;30
8861;183119;26153;7;48
8862;183167;373;491;24
8863;183191;183119;1;72
8864;183263;16657;11;36
8865;183299;3;61099;2
8866;183301;183283;1;18
8867;183319;21;8729;10
8868;183329;21;8729;20
8869;183349;77;2381;12
8870;183361;183349;1;12
8871;183373;183349;1;24
8872;183397;6791;27;40
8873;183437;10789;17;24
8874;183461;73;2513;12
8875;183473;271;677;6
8876;183479;183461;1;18
8877;183497;7;26213;6
8878;183503;13;14115;8
8879;183511;39;4705;16
8880;183527;57;3219;44
8881;183571;36713;5;6
8882;183577;43;4269;10
8883;183587;183581;1;6
8884;183593;25;7343;18
8885;183611;8741;21;50
8886;183661;41;4479;22
8887;183683;61223;3;14
8888;183697;21;8747;10
8889;183707;3;61235;2
8890;183709;5;36741;4
8891;183713;20407;9;50
8892;183763;137;1341;46
8893;183809;27;6807;20
8894;183829;67;2743;48
8895;183877;61291;3;4
8896;183881;83;2215;36
8897;183917;125;1471;42
8898;183959;21;8759;20
8899;183979;81;2271;28
8900;184007;37;4973;6
8901;184013;35;5257;18
8902;184031;14153;13;42
8903;184073;15;12271;8
8904;184081;25;7363;6
8905;184087;184057;1;30
8906;184117;184081;1;36
8907;184153;39;4721;34
8908;184187;3;61395;2
8909;184189;29;6351;10
8910;184199;184187;1;12
8911;184211;184181;1;30
8912;184241;37;4979;18
8913;184259;26321;7;12
8914;184271;3;61423;2
8915;184273;103;1789;6
8916;184279;14173;13;30
8917;184309;17;10841;12
8918;184321;184309;1;12
8919;184333;191;965;18
8920;184351;184333;1;18
8921;184369;184321;1;48
8922;184417;16763;11;24
8923;184441;36887;5;6
8924;184447;39;4729;16
8925;184463;61483;3;14
8926;184477;17;10851;10
8927;184487;184463;1;24
8928;184511;26357;7;12
8929;184523;53;3481;30
8930;184553;11;16777;6
8931;184559;227;813;8
8932;184567;9;20507;4
8933;184571;61511;3;38
8934;184609;97;1903;18
8935;184627;23;8027;6
8936;184633;36923;5;18
8937;184651;36923;5;36
8938;184687;47;3929;24
8939;184711;184669;1;42
8940;184753;31;5959;24
8941;184777;77;2399;54
8942;184831;25;7393;6
8943;184837;27;6845;22
8944;184859;45;4107;44
8945;184903;26407;7;54
8946;184957;21;8807;10
8947;184967;173;1069;30
8948;184997;109;1697;24
8949;185021;37003;5;6
8950;185027;91;2033;24
8951;185051;7;26435;6
8952;185057;185051;1;6
8953;185063;185057;1;6
8954;185069;61687;3;8
8955;185077;37013;5;12
8956;185089;17;10887;10
8957;185099;25;7403;24
8958;185123;61703;3;14
8959;185137;25;7405;12
8960;185149;185137;1;12
8961;185161;19;9745;6
8962;185167;10889;17;54
8963;185221;89;2081;12
8964;185233;29;6387;10
8965;185243;8053;23;24
8966;185267;185243;1;24
8967;185291;9;20587;8
8968;185299;61757;3;28
8969;185327;33;5615;32
8970;185359;73;2539;12
8971;185371;53;3497;30
8972;185401;43;4311;28
8973;185429;20599;9;38
8974;185467;21;8831;16
8975;185483;15;12365;8
8976;185491;6869;27;28
8977;185519;61837;3;8
8978;185527;13;14271;4
8979;185531;3;61843;2
8980;185533;185527;1;6
8981;185539;185527;1;12
8982;185551;185533;1;18
8983;185569;43;4315;24
8984;185593;23;8069;6
8985;185599;8837;21;22
8986;185621;39;4759;20
8987;185641;4759;39;40
8988;185681;16879;11;12
8989;185693;23;8073;14
8990;185707;185677;1;30
8991;185737;185707;1;30
8992;185767;93;1997;46
8993;185813;51;3643;20
8994;185833;185797;1;36
8995;185869;31;5995;24
8996;185893;11;16899;4
8997;185897;211;881;6
8998;185903;33;5633;14
8999;185917;11;16901;6
9000;185923;26557;7;24
9001;185947;41;4535;12
9002;185959;185947;1;12
9003;185971;21;8855;16
9004;185987;179;1039;6
9005;185993;47;3957;14
9006;186007;23;8087;6
9007;186013;27;6889;10
9008;186023;62003;3;14
9009;186037;62011;3;4
9010;186041;62011;3;8
9011;186049;8087;23;48
9012;186097;71;2621;6
9013;186103;17;10947;4
9014;186107;81;2297;50
9015;186157;7;26593;6
9016;186163;8093;23;24
9017;186187;186163;1;24
9018;186211;55;3385;36
9019;186247;11;16931;6
9020;186253;186247;1;6
9021;186259;186247;1;12
9022;186271;62081;3;28
9023;186299;3;62099;2
9024;186301;186259;1;42
9025;186343;127;1467;34
9026;186377;20707;9;14
9027;186391;37277;5;6
9028;186397;25;7455;22
9029;186419;62129;3;32
9030;186451;14341;13;18
9031;186469;13;14343;10
9032;186479;3;62159;2
9033;186481;62137;3;70
9034;186551;103;1811;18
9035;186569;15;12437;14
9036;186583;9;20731;4
9037;186587;75;2487;62
9038;186649;8887;21;22
9039;186671;43;4341;8
9040;186679;193;967;48
9041;186727;61;3061;6
9042;186733;186709;1;24
9043;186757;7;26679;4
9044;186761;5657;33;80
9045;186841;89;2099;30
9046;186871;7;26695;6
9047;186877;41;4557;40
9048;186917;37;5051;30
9049;186947;35;5341;12
9050;186959;37369;5;114
9051;187073;19;9845;18
9052;187091;55;3401;36
9053;187127;11;17011;6
9054;187133;187127;1;6
9055;187139;3;62379;2
9056;187141;51;3669;22
9057;187163;35;5347;18
9058;187181;9;20797;8
9059;187189;5;37437;4
9060;187193;25;7487;18
9061;187211;62401;3;8
9062;187219;47;3983;18
9063;187237;69;2713;40
9064;187277;187217;1;60
9065;187337;26759;7;24
9066;187361;7;26765;6
9067;187367;187361;1;6
9068;187373;187367;1;6
9069;187379;15;12491;14
9070;187393;29;6461;24
9071;187417;7;26773;6
9072;187423;179;1047;10
9073;187433;9;20825;8
9074;187441;41;4571;30
9075;187471;95;1973;36
9076;187507;97;1933;6
9077;187513;37;5067;34
9078;187547;37507;5;12
9079;187559;15;12503;14
9080;187573;9871;19;24
9081;187597;103;1821;34
9082;187631;3;62543;2
9083;187633;11;17057;6
9084;187639;37;5071;12
9085;187651;157;1195;36
9086;187687;25;7507;12
9087;187699;187687;1;12
9088;187711;105;1787;76
9089;187787;187751;1;36
9090;187823;21;8943;20
9091;187843;63;2981;40
9092;187883;33;5693;14
9093;187897;21;8947;10
9094;187907;3;62635;2
9095;187909;187897;1;12
9096;187921;7;26845;6
9097;187927;37;5079;4
9098;187931;75;2505;56
9099;187987;77;2441;30
9100;188017;19;9895;12
9101;188029;20879;9;118
9102;188147;191;985;12
9103;188159;188147;1;12
9104;188171;9;20907;8
9105;188179;83;2267;18
9106;188197;313;601;84
9107;188281;19;9909;10
9108;188291;13;14483;12
9109;188303;15;12553;8
9110;188311;13;14485;6
9111;188317;23;8187;16
9112;188333;37663;5;18
9113;188351;9;20927;8
9114;188359;47;4007;30
9115;188389;17;11081;12
9116;188401;41;4595;6
9117;188407;11;17127;10
9118;188417;33;5709;20
9119;188437;8971;21;46
9120;188483;26921;7;36
9121;188519;15;12567;14
9122;188533;62819;3;76
9123;188609;113;1669;12
9124;188621;188609;1;12
9125;188633;111;1699;44
9126;188677;61;3093;4
9127;188681;25;7547;6
9128;188687;61;3093;14
9129;188701;62897;3;10
9130;188711;188693;1;18
9131;188729;62897;3;38
9132;188767;173;1091;24
9133;188791;62927;3;10
9134;188801;131;1441;30
9135;188831;188801;1;30
9136;188861;17;11109;8
9137;188869;20983;9;22
9138;188891;107;1765;36
9139;188927;17;11113;6
9140;188933;26987;7;24
9141;188957;37783;5;42
9142;188999;47;4021;12
9143;189011;103;1835;6
9144;189017;29;6517;24
9145;189041;12601;15;26
9146;189067;129;1465;82
9147;189149;14543;13;90
9148;189239;17;11131;12
9149;189251;3;63083;2
9150;189253;199;951;4
9151;189257;27;7009;14
9152;189271;9011;21;40
9153;189311;5407;35;66
9154;189377;55;3443;12
9155;189389;189377;1;12
9156;189401;37879;5;6
9157;189407;189377;1;30
9158;189437;57;3323;26
9159;189463;9;21051;4
9160;189467;41;4621;6
9161;189473;189467;1;6
9162;189479;189467;1;12
9163;189491;3;63163;2
9164;189493;27067;7;24
9165;189517;7;27073;6
9166;189523;189517;1;6
9167;189529;71;2669;30
9168;189559;35;5415;34
9169;189593;43;4409;6
9170;189599;49;3869;18
9171;189617;87;2179;44
9172;189661;11;17241;10
9173;189671;47;4035;26
9174;189697;189661;1;36
9175;189733;63241;3;10
9176;189743;27;7027;14
9177;189757;95;1997;42
9178;189799;173;1097;18
9179;189817;67;2833;6
9180;189823;12653;15;28
9181;189851;3;63283;2
9182;189853;97;1957;24
9183;189877;9;21097;4
9184;189881;7;27125;6
9185;189887;17;11169;14
9186;189901;27127;7;12
9187;189913;63299;3;16
9188;189929;23;8257;18
9189;189947;3;63315;2
9190;189949;29;6549;28
9191;189977;271;701;6
9192;189983;189977;1;6
9193;189989;189947;1;42
9194;190031;37993;5;66
9195;190097;139;1367;84
9196;190181;63367;3;80
9197;190261;21139;9;10
9198;190271;61;3119;12
9199;190283;27;7047;14
9200;190297;17;11193;16
9201;190313;9;21145;8
9202;190321;11;17301;10
9203;190331;45;4229;26
9204;190357;67;2841;10
9205;190367;131;1453;24
9206;190391;27197;7;12
9207;190403;47;4051;6
9208;190409;219;869;98
9209;190507;27;7055;22
9210;190529;67;2843;48
9211;190577;149;1279;6
9212;190583;187;1019;30
9213;190613;27;7059;20
9214;190633;19;10033;6
9215;190639;190579;1;60
9216;190699;17;11217;10
9217;190709;190649;1;60
9218;190769;17341;11;18
9219;190787;107;1783;6
9220;190793;19;10041;14
9221;190807;63601;3;4
9222;190811;97;1967;12
9223;190823;11;17347;6
9224;190829;63607;3;8
9225;190837;63601;3;34
9226;190871;63617;3;20
9227;190891;127;1503;10
9228;190901;190889;1;12
9229;190913;190829;1;84
9230;190997;4657;41;60
9231;191057;85;2247;62
9232;191119;41;4661;18
9233;191137;17;11243;6
9234;191143;25;7645;18
9235;191161;7079;27;28
9236;191189;67;2853;38
9237;191227;13;14709;10
9238;191237;25;7649;12
9239;191249;263;727;48
9240;191297;8311;23;144
9241;191441;38287;5;6
9242;191447;191441;1;6
9243;191453;89;2151;14
9244;191467;63809;3;40
9245;191507;3;63835;2
9246;191509;11;17409;10
9247;191519;19;10079;18
9248;191537;109;1757;24
9249;191561;121;1583;18
9250;191579;191537;1;42
9251;191621;59;3247;48
9252;191669;38329;5;24
9253;191693;67;2861;6
9254;191699;139;1379;18
9255;191717;67;2861;30
9256;191747;3;63915;2
9257;191749;25;7669;24
9258;191773;11;17433;10
9259;191783;35;5479;18
9260;191801;75;2557;26
9261;191827;7;27403;6
9262;191833;99;1937;70
9263;191903;21317;9;50
9264;191953;137;1401;16
9265;191969;17449;11;30
9266;191999;191969;1;30
9267;192029;15;12801;14
9268;192043;19;10107;10
9269;192053;5189;37;60
9270;192113;241;797;36
9271;192149;64037;3;38
9272;192187;64037;3;76
9273;192263;73;2633;54
9274;192317;7;27473;6
9275;192323;23;8361;20
9276;192343;7;27477;4
9277;192347;27;7123;26
9278;192373;64123;3;4
9279;192377;47;4093;6
9280;192383;149;1291;24
9281;192407;27479;7;54
9282;192461;43;4475;36
9283;192497;35;5499;32
9284;192529;21391;9;10
9285;192539;49;3929;18
9286;192557;29;6639;26
9287;192583;23;8373;4
9288;192587;21397;9;14
9289;192601;21;9171;10
9290;192611;3;64203;2
9291;192613;9;21401;4
9292;192617;19;10137;14
9293;192631;23;8375;6
9294;192637;43;4479;40
9295;192677;192617;1;60
9296;192737;7;27533;6
9297;192743;192737;1;6
9298;192749;41;4701;8
9299;192757;47;4101;10
9300;192767;27;7139;14
9301;192781;23;8381;18
9302;192799;192781;1;18
9303;192817;27541;7;30
9304;192847;38567;5;12
9305;192859;47;4103;18
9306;192877;7;27553;6
9307;192883;192877;1;6
9308;192889;39;4945;34
9309;192923;21433;9;26
9310;192949;29;6653;12
9311;192961;11;17541;10
9312;192971;131;1473;8
9313;192979;17;11351;12
9314;192991;53;3641;18
9315;193009;41;4707;22
9316;193031;251;769;12
9317;193043;193013;1;30
9318;193073;21;9193;20
9319;193093;87;2219;40
9320;193133;11;17557;6
9321;193139;10163;19;42
9322;193181;2971;65;66
9323;193247;10169;19;36
9324;193283;199;971;54
9325;193337;64439;3;20
9326;193357;12889;15;22
9327;193379;3;64459;2
9328;193381;17579;11;12
9329;193393;64451;3;40
9330;193433;49;3947;30
9331;193463;11;17587;6
9332;193469;9209;21;80
9333;193549;25;7741;24
9334;193573;113;1713;4
9335;193577;21;9217;20
9336;193597;19;10189;6
9337;193603;301;643;60
9338;193663;17;11391;16
9339;193679;35;5533;24
9340;193703;193679;1;24
9341;193727;39;4967;14
9342;193741;31;6249;22
9343;193763;64579;3;26
9344;193789;64567;3;88
9345;193877;64621;3;14
9346;193891;169;1147;48
9347;193939;53;3659;12
9348;193951;79;2455;6
9349;193957;35;5541;22
9350;193979;15;12931;14
9351;193993;47;4127;24
9352;194017;11;17637;10
9353;194027;419;463;30
9354;194057;71;2733;14
9355;194071;17;11415;16
9356;194087;421;461;6
9357;194093;9;21565;8
9358;194101;17;11417;12
9359;194113;73;2659;6
9360;194119;49;3961;30
9361;194149;27733;7;18
9362;194167;83;2339;30
9363;194197;27733;7;66
9364;194263;13;14943;4
9365;194267;3;64755;2
9366;194269;155;1253;54
9367;194323;187;1039;30
9368;194353;38867;5;18
9369;194371;38873;5;6
9370;194377;27763;7;36
9371;194413;85;2287;18
9372;194431;21599;9;40
9373;194471;163;1193;12
9374;194483;163;1193;24
9375;194507;39;4987;14
9376;194521;38903;5;6
9377;194527;23;8457;16
9378;194543;12967;15;38
9379;194581;13;14967;10
9380;194591;179;1087;18
9381;194609;39;4989;38
9382;194647;59;3299;6
9383;194653;45;4325;28
9384;194681;13;14975;6
9385;194687;37;5261;30
9386;194717;27809;7;54
9387;194771;194729;1;42
9388;194813;19;10253;6
9389;194819;33;5903;20
9390;194839;9277;21;22
9391;194861;38971;5;6
9392;194867;3;64955;2
9393;194869;107;1821;22
9394;194891;13;14991;8
9395;194899;77;2531;12
9396;194911;17;11465;6
9397;194917;51;3821;46
9398;194963;127;1535;18
9399;194981;11467;17;42
9400;195023;89;2191;24
9401;195047;7;27863;6
9402;195053;19;10265;18
9403;195071;13;15005;6
9404;195077;13;15005;12
9405;195089;77;2533;48
9406;195137;39;5003;20
9407;195157;7;27879;4
9408;195161;125;1561;36
9409;195197;9293;21;44
9410;195241;167;1169;18
9411;195259;27;7231;22
9412;195281;101;1933;48
9413;195329;173;1129;12
9414;195341;195329;1;12
9415;195353;17;11491;6
9416;195359;195329;1;30
9417;195389;13;15029;12
9418;195401;39079;5;6
9419;195407;17761;11;36
9420;195443;195407;1;36
9421;195479;293;667;48
9422;195527;39103;5;12
9423;195539;3;65179;2
9424;195541;65167;3;40
9425;195581;23;8503;12
9426;195593;7;27941;6
9427;195599;195539;1;60
9428;195659;197;993;38
9429;195697;35;5591;12
9430;195709;51;3837;22
9431;195731;3;65243;2
9432;195733;53;3693;4
9433;195737;195731;1;6
9434;195743;25;7829;18
9435;195761;21;9321;20
9436;195781;65257;3;10
9437;195791;137;1429;18
9438;195809;195731;1;78
9439;195887;21;9327;20
9440;195907;227;863;6
9441;195913;195907;1;6
9442;195919;195907;1;12
9443;195931;145;1351;36
9444;195967;83;2361;4
9445;195971;3;65323;2
9446;195973;65323;3;4
9447;195977;83;2361;14
9448;195991;19;10315;6
9449;195997;127;1543;36
9450;196033;13;15079;6
9451;196039;5;39207;4
9452;196043;15;13069;8
9453;196051;23;8523;22
9454;196073;9;21785;8
9455;196081;11;17825;6
9456;196087;59;3323;30
9457;196117;4357;45;52
9458;196169;21;9341;8
9459;196177;23;8529;10
9460;196187;196181;1;6
9461;196193;196139;1;54
9462;196247;28031;7;30
9463;196277;196247;1;30
9464;196307;196277;1;30
9465;196337;43;4565;42
9466;196379;9349;21;50
9467;196429;55;3571;24
9468;196453;196429;1;24
9469;196477;35;5613;22
9470;196499;3;65499;2
9471;196501;83;2367;40
9472;196541;9;21837;8
9473;196549;17;11561;12
9474;196561;49;4011;22
9475;196583;21841;9;14
9476;196597;21839;9;46
9477;196643;65543;3;14
9478;196657;7;28093;6
9479;196663;67;2935;18
9480;196681;25;7867;6
9481;196687;25;7867;12
9482;196699;196681;1;18
9483;196717;27;7285;22
9484;196739;196727;1;12
9485;196751;113;1741;18
9486;196769;196739;1;30
9487;196799;21863;9;32
9488;196831;25;7873;6
9489;196837;17891;11;36
9490;196873;11;17897;6
9491;196879;65617;3;28
9492;196907;65629;3;20
9493;196927;28123;7;66
9494;196993;43;4581;10
9495;197003;43;4581;20
9496;197023;17;11589;10
9497;197033;97;2031;26
9498;197059;157;1255;24
9499;197083;197077;1;6
9500;197089;197077;1;12
9501;197101;179;1101;22
9502;197123;33;5973;14
9503;197137;21;9387;10
9504;197147;89;2215;12
9505;197159;51;3865;44
9506;197203;113;1745;18
9507;197221;199;991;12
9508;197233;13;15171;10
9509;197243;23;8575;18
9510;197261;9;21917;8
9511;197269;5;39453;4
9512;197273;7;28181;6
9513;197279;197261;1;18
9514;197297;39451;5;42
9515;197339;3;65779;2
9516;197341;89;2217;28
9517;197369;15;13157;14
9518;197383;31;6367;6
9519;197389;59;3345;34
9520;197423;65789;3;56
9521;197479;71;2781;28
9522;197507;65831;3;14
9523;197521;75;2633;46
9524;197567;3;65855;2
9525;197569;197539;1;30
9526;197599;21;9409;10
9527;197609;87;2271;32
9528;197641;29;6815;6
9529;197647;37;5341;30
9530;197677;43;4597;6
9531;197683;197677;1;6
9532;197689;2707;73;78
9533;197767;17;11633;6
9534;197773;197767;1;6
9535;197779;29;6819;28
9536;197807;3877;51;80
9537;197887;45;4397;22
9538;197909;65957;3;38
9539;197947;27;7331;10
9540;197957;55;3599;12
9541;197969;123;1609;62
9542;198031;71;2789;12
9543;198043;198013;1;30
9544;198073;55;3601;18
9545;198091;55;3601;36
9546;198127;39623;5;12
9547;198139;69;2871;40
9548;198179;15;13211;14
9549;198193;28309;7;30
9550;198223;35;5663;18
9551;198241;11;18021;10
9552;198251;9;22027;8
9553;198259;198241;1;18
9554;198277;29;6837;4
9555;198281;21;9441;20
9556;198301;22031;9;22
9557;198323;66103;3;14
9558;198337;66109;3;10
9559;198347;3;66115;2
9560;198349;66107;3;28
9561;198377;33;6011;14
9562;198391;11;18035;6
9563;198397;55;3607;12
9564;198409;198391;1;18
9565;198427;35;5669;12
9566;198439;35;5669;24
9567;198463;198397;1;66
9568;198529;29;6845;24
9569;198553;18047;11;36
9570;198589;113;1757;48
9571;198637;13241;15;22
9572;198659;15;13243;14
9573;198673;22073;9;16
9574;198689;61;3257;12
9575;198701;19;10457;18
9576;198719;15;13247;14
9577;198733;39;5095;28
9578;198761;97;2049;8
9579;198769;65;3057;64
9580;198833;198827;1;6
9581;198839;198827;1;12
9582;198851;53;3751;48
9583;198899;3;66299;2
9584;198901;155;1283;36
9585;198937;331;601;6
9586;198943;21;9473;10
9587;198953;7;28421;6
9588;198959;17;11703;8
9589;198967;9;22107;4
9590;198971;61;3261;50
9591;199021;127;1567;12
9592;199033;29;6863;6
9593;199039;66343;3;10
9594;199049;39799;5;54
9595;199103;205;971;48
9596;199151;3;66383;2
9597;199153;45;4425;28
9598;199181;151;1319;12
9599;199193;223;893;54
9600;199247;27;7379;14
9601;199261;47;4239;28
9602;199289;55;3623;24
9603;199313;10487;19;60
9604;199373;7;28481;6
9605;199379;57;3497;50
9606;199429;199411;1;18
9607;199447;11;18131;6
9608;199453;9;22161;4
9609;199457;11731;17;30
9610;199487;3;66495;2
9611;199489;21;9499;10
9612;199499;3;66499;2
9613;199501;23;8673;22
9614;199523;199487;1;36
9615;199559;35;5701;24
9616;199583;167;1195;18
9617;199601;71;2811;20
9618;199621;18143;11;48
9619;199669;5;39933;4
9620;199673;13;15359;6
9621;199679;19;10509;8
9622;199687;61;3273;34
9623;199721;66571;3;8
9624;199729;13;15363;10
9625;199739;3;66579;2
9626;199741;199729;1;12
9627;199753;199729;1;24
9628;199777;11;18161;6
9629;199783;28537;7;24
9630;199807;66601;3;4
9631;199811;3;66603;2
9632;199813;31;6445;18
9633;199831;149;1341;22
9634;199853;59;3387;20
9635;199873;37;5401;36
9636;199909;29;6893;12
9637;199921;37;5403;10
9638;199931;3;66643;2
9639;199933;269;743;66
9640;199999;4877;41;42
9641;200041;3389;59;90
9642;200131;66697;3;40
9643;200171;21;9531;20
9644;200191;53;3777;10
9645;200201;200171;1;30
9646;200231;25;8009;6
9647;200237;66739;3;20
9648;200257;28603;7;36
9649;200293;66763;3;4
9650;200297;66751;3;44
9651;200341;22259;9;10
9652;200351;17;11785;6
9653;200357;28619;7;24
9654;200381;21;9541;20
9655;200401;13;15415;6
9656;200407;151;1327;30
9657;200437;11789;17;24
9658;200461;47;4265;6
9659;200467;109;1839;16
9660;200483;201;997;86
9661;200569;66853;3;10
9662;200579;167;1201;12
9663;200591;200573;1;18
9664;200609;200579;1;30
9665;200639;33;6079;32
9666;200671;163;1231;18
9667;200689;151;1329;10
9668;200699;15;13379;14
9669;200713;41;4895;18
9670;200731;28669;7;48
9671;200779;66923;3;10
9672;200789;95;2113;54
9673;200843;409;491;24
9674;200867;3;66955;2
9675;200869;353;569;12
9676;200881;11;18261;10
9677;200891;29;6927;8
9678;200899;200869;1;30
9679;200929;97;2071;42
9680;200971;5741;35;36
9681;201007;2609;77;114
9682;201121;28729;7;18
9683;201139;17;11831;12
9684;201151;201139;1;12
9685;201163;139;1447;30
9686;201193;25;8047;18
9687;201211;65;3095;36
9688;201247;7;28749;4
9689;201251;85;2367;56
9690;201307;431;467;30
9691;201337;13421;15;22
9692;201359;201329;1;30
9693;201389;18307;11;12
9694;201401;271;743;48
9695;201449;51;3949;50
9696;201499;13;15499;12
9697;201511;191;1055;6
9698;201517;143;1409;30
9699;201547;21;9597;10
9700;201557;21;9597;20
9701;201577;67181;3;34
9702;201611;67187;3;50
9703;201661;31;6505;6
9704;201667;201661;1;6
9705;201673;409;493;36
9706;201709;28807;7;60
9707;201769;18341;11;18
9708;201787;103;1959;10
9709;201797;40357;5;12
9710;201809;201797;1;12
9711;201821;87;2319;68
9712;201889;23;8777;18
9713;201907;149;1355;12
9714;201919;53;3809;42
9715;201961;119;1697;18
9716;201979;59;3423;22
9717;202001;201953;1;48
9718;202049;18367;11;12
9719;202061;7;28865;6
9720;202067;8081;25;42
9721;202109;9619;21;110
9722;202219;35;5777;24
9723;202243;53;3815;48
9724;202291;202243;1;48
9725;202339;89;2273;42
9726;202381;25;8095;6
9727;202387;202381;1;6
9728;202393;113;1791;10
9729;202403;13;15569;6
9730;202409;69;2933;32
9731;202441;18401;11;30
9732;202471;135;1499;106
9733;202577;67;3023;36
9734;202613;22511;9;14
9735;202627;35;5789;12
9736;202639;67537;3;28
9737;202667;65;3117;62
9738;202729;19;10669;18
9739;202747;7;28963;6
9740;202753;202729;1;24
9741;202777;35;5793;22
9742;202799;6991;29;60
9743;202859;21;9659;20
9744;202879;22541;9;10
9745;202889;37;5483;18
9746;202907;8821;23;24
9747;202931;3;67643;2
9748;202933;40577;5;48
9749;202981;11939;17;18
9750;202999;202987;1;12
9751;203011;11;18455;6
9752;203017;203011;1;6
9753;203023;39;5205;28
9754;203051;173;1173;122
9755;203173;241;843;10
9756;203183;22573;9;26
9757;203209;61;3331;18
9758;203227;203221;1;6
9759;203233;89;2283;46
9760;203279;15;13551;14
9761;203293;67759;3;16
9762;203309;9;22589;8
9763;203317;11;18483;4
9764;203321;11959;17;18
9765;203339;3;67779;2
9766;203341;31;6559;12
9767;203353;21;9683;10
9768;203363;21;9683;20
9769;203383;11;18489;4
9770;203387;203381;1;6
9771;203393;47;4327;24
9772;203417;17;11965;12
9773;203429;49;4151;30
9774;203459;3;67819;2
9775;203461;81;2511;70
9776;203531;87;2339;38
9777;203569;67853;3;10
9778;203579;39;5219;38
9779;203617;27;7541;10
9780;203627;67;3039;14
9781;203641;157;1297;12
9782;203653;67883;3;4
9783;203657;7;29093;6
9784;203663;67;3039;50
9785;203713;55;3703;48
9786;203761;40751;5;6
9787;203767;7;29109;4
9788;203771;3;67923;2
9789;203773;10723;19;36
9790;203809;97;2101;12
9791;203821;18521;11;90
9792;203911;203869;1;42
9793;203953;40787;5;18
9794;203971;19;10735;6
9795;203977;203947;1;30
9796;204007;7;29143;6
9797;204013;204007;1;6
9798;204019;203971;1;48
9799;204067;69;2957;34
9800;204101;81;2519;62
9801;204163;141;1447;136
9802;204299;3;68099;2
9803;204301;67;3049;18
9804;204319;21;9729;10
9805;204329;68099;3;32
9806;204361;23;8885;6
9807;204367;29191;7;30
9808;204397;81;2523;34
9809;204431;68141;3;8
9810;204439;5;40887;4
9811;204443;25;8177;18
9812;204461;68147;3;20
9813;204481;25;8179;6
9814;204487;29209;7;24
9815;204511;7;29215;6
9816;204517;68171;3;4
9817;204521;211;969;62
9818;204583;9;22731;4
9819;204587;19;10767;14
9820;204601;95;2153;66
9821;204667;55;3721;12
9822;204679;22739;9;28
9823;204707;40939;5;12
9824;204719;15;13647;14
9825;204733;35;5849;18
9826;204751;37;5533;30
9827;204781;23;8903;12
9828;204793;68261;3;10
9829;204803;204749;1;54
9830;204857;68281;3;14
9831;204871;257;797;42
9832;204913;27;7589;10
9833;204923;61;3359;24
9834;204947;73;2807;36
9835;204983;204947;1;36
9836;205019;18637;11;12
9837;205031;205019;1;12
9838;205043;21;9763;20
9839;205063;53;3869;6
9840;205069;53;3869;12
9841;205081;21;9765;16
9842;205097;23;8917;6
9843;205103;11;18645;8
9844;205111;83;2471;18
9845;205129;67;3061;42
9846;205171;45;4559;16
9847;205187;17;12069;14
9848;205201;21;9771;10
9849;205211;3;68403;2
9850;205213;73;2811;10
9851;205223;151;1359;14
9852;205237;12071;17;30
9853;205267;205237;1;30
9854;205297;41;5007;10
9855;205307;19;10805;12
9856;205319;109;1883;72
9857;205391;223;921;8
9858;205399;51;4027;22
9859;205421;7;29345;6
9860;205427;205421;1;6
9861;205433;71;2893;30
9862;205463;21;9783;20
9863;205483;68491;3;10
9864;205493;49;4193;36
9865;205529;115;1787;24
9866;205553;17;12091;6
9867;205559;151;1361;48
9868;205607;13;15815;12
9869;205619;15;13707;14
9870;205633;41;5015;18
9871;205651;11;18695;6
9872;205657;205651;1;6
9873;205663;67;3069;40
9874;205703;31;6635;18
9875;205721;89;2311;42
9876;205763;68581;3;20
9877;205783;22861;9;34
9878;205817;277;743;6
9879;205823;31;6639;14
9880;205837;79;2605;42
9881;205879;5;41175;4
9882;205883;13721;15;68
9883;205951;41189;5;6
9884;205957;21;9807;10
9885;205967;33;6241;14
9886;205981;71;2901;10
9887;205991;281;733;18
9888;206009;205991;1;18
9889;206027;68669;3;20
9890;206047;173;1191;4
9891;206051;41;5025;26
9892;206077;251;821;6
9893;206083;173;1191;40
9894;206123;149;1383;56
9895;206179;13;15859;12
9896;206191;206179;1;12
9897;206203;206197;1;6
9898;206209;206197;1;12
9899;206221;206209;1;12
9900;206233;33;6249;16
9901;206249;15;13749;14
9902;206263;19;10855;18
9903;206281;206263;1;18
9904;206299;239;863;42
9905;206341;68777;3;10
9906;206351;23;8971;18
9907;206369;49;4211;30
9908;206399;89;2319;8
9909;206407;107;1929;4
9910;206411;3;68803;2
9911;206413;206407;1;6
9912;206419;89;2319;28
9913;206447;22937;9;14
9914;206461;13763;15;16
9915;206477;23;8977;6
9916;206483;206477;1;6
9917;206489;206477;1;12
9918;206501;206483;1;18
9919;206519;41299;5;24
9920;206543;15;13769;8
9921;206551;7121;29;42
9922;206593;13;15891;10
9923;206603;39;5297;20
9924;206623;7;29517;4
9925;206627;31;6665;12
9926;206639;3;68879;2
9927;206641;27;7653;10
9928;206651;206603;1;48
9929;206699;22961;9;50
9930;206749;13781;15;34
9931;206783;41;5043;20
9932;206803;21;9847;16
9933;206819;3;68939;2
9934;206821;123;1681;58
9935;206879;269;769;18
9936;206897;23;8995;12
9937;206909;9;22989;8
9938;206917;39;5305;22
9939;206939;41;5047;12
9940;206951;206909;1;42
9941;206993;349;593;36
9942;207029;207017;1;12
9943;207041;151;1371;20
9944;207061;99;2091;52
9945;207113;15;13807;8
9946;207121;23;9005;6
9947;207127;83;2495;42
9948;207169;101;2051;18
9949;207187;25;8287;12
9950;207199;7673;27;28
9951;207227;41443;5;12
9952;207239;49;4229;18
9953;207257;181;1145;12
9954;207269;83;2497;18
9955;207287;17;12193;6
9956;207293;13;15945;8
9957;207301;33;6281;28
9958;207329;47;4411;12
9959;207341;5923;35;36
9960;207377;431;481;66
9961;207443;433;479;36
9962;207479;18859;11;30
9963;207509;15;13833;14
9964;207523;67;3097;24
9965;207547;25;8301;22
9966;207569;207509;1;60
9967;207629;41521;5;24
9968;207653;131;1585;18
9969;207671;67;3099;38
9970;207709;69233;3;10
9971;207719;41539;5;24
9972;207743;323;643;54
9973;207797;173;1201;24
9974;207821;49;4241;12
9975;207833;207797;1;36
9976;207869;193;1077;8
9977;207877;73;2847;46
9978;207923;127;1637;24
9979;207947;27;7701;20
9980;207967;7;29709;4
9981;207971;3;69323;2
9982;207973;61;3409;24
9983;207997;19;10947;4
9984;208001;41593;5;36
9985;208037;25;8321;12
9986;208049;19;10949;18
9987;208067;7;29723;6
9988;208073;53;3925;48
9989;208121;69371;3;8
9990;208129;173;1203;10
9991;208139;3;69379;2
9992;208141;41627;5;6
9993;208147;41621;5;42
9994;208189;89;2339;18
9995;208207;10957;19;24
9996;208231;49;4249;30
9997;208261;71;2933;18
9998;208279;5;41655;4
9999;208283;47;4431;26
