n;A029954;weight;level;jump
1;0;0;0;1
2;1;0;0;1
3;2;0;0;1
4;3;2;1;1
5;4;3;1;1
6;5;2;2;1
7;6;4;1;2
8;8;0;0;8
9;16;0;0;8
10;24;16;1;8
11;32;12;2;8
12;40;16;2;8
13;48;23;2;2
14;50;43;1;7
15;57;10;5;7
16;64;19;3;7
17;71;8;8;7
18;78;71;1;7
19;85;13;6;7
20;92;12;7;8
21;100;31;3;7
22;107;10;10;7
23;114;107;1;7
24;121;19;6;7
25;128;11;11;7
26;135;8;16;7
27;142;67;2;8
28;150;11;13;7
29;157;10;15;7
30;164;157;1;7
31;171;41;4;7
32;178;9;19;7
33;185;89;2;7
34;192;23;8;8
35;200;193;1;7
36;207;8;25;7
37;214;9;23;7
38;221;107;2;7
39;228;13;17;7
40;235;12;19;7
41;242;9;26;8
42;250;9;27;7
43;257;10;25;7
44;264;257;1;7
45;271;8;33;7
46;278;271;1;7
47;285;139;2;7
48;292;71;4;8
49;300;293;1;7
50;307;10;30;7
51;314;307;1;7
52;321;157;2;7
53;328;107;3;7
54;335;8;41;7
55;342;4;85;2
56;344;72;4;56
57;400;86;4;56
58;456;80;5;56
59;512;57;8;56
60;568;64;8;56
61;624;71;8;56
62;680;12;56;8
63;688;79;8;56
64;744;86;8;56
65;800;62;12;56
66;856;80;10;56
67;912;107;8;56
68;968;57;16;56
69;1024;127;8;8
70;1032;61;16;56
71;1088;86;12;56
72;1144;64;17;56
73;1200;88;13;56
74;1256;60;20;56
75;1312;157;8;56
76;1368;10;136;8
77;1376;60;22;56
78;1432;86;16;56
79;1488;179;8;56
80;1544;62;24;56
81;1600;193;8;56
82;1656;64;25;56
83;1712;12;142;8
84;1720;64;26;56
85;1776;86;20;56
86;1832;74;24;56
87;1888;229;8;56
88;1944;59;32;56
89;2000;72;27;56
90;2056;16;128;8
91;2064;251;8;56
92;2120;86;24;56
93;2176;106;20;56
94;2232;64;34;56
95;2288;62;36;56
96;2344;88;26;56
97;2400;11;218;2
98;2402;181;13;49
99;2451;1201;2;49
100;2500;57;43;49
101;2549;50;50;49
102;2598;2549;1;49
103;2647;433;6;49
104;2696;60;44;56
105;2752;51;53;49
106;2801;64;43;49
107;2850;2801;1;49
108;2899;50;57;49
109;2948;223;13;49
110;2997;67;44;49
111;3046;65;46;56
112;3102;71;43;49
113;3151;66;47;49
114;3200;137;23;49
115;3249;50;64;49
116;3298;57;57;49
117;3347;97;34;49
118;3396;167;20;56
119;3452;83;41;49
120;3501;863;4;49
121;3550;389;9;49
122;3599;50;71;49
123;3648;59;61;49
124;3697;57;64;49
125;3746;82;45;56
126;3802;139;27;49
127;3851;1901;2;49
128;3900;3851;1;49
129;3949;50;78;49
130;3998;359;11;49
131;4047;1999;2;49
132;4096;101;40;56
133;4152;373;11;49
134;4201;173;24;49
135;4250;4201;1;49
136;4299;50;85;49
137;4348;1433;3;49
138;4397;1087;4;49
139;4446;439;10;56
140;4502;61;73;49
141;4551;2251;2;49
142;4600;111;41;49
143;4649;50;92;49
144;4698;4649;1;49
145;4747;54;87;49
146;4796;9;532;8
147;4804;317;15;49
148;4853;1201;4;49
149;4902;211;23;49
150;4951;57;86;49
151;5000;4951;1;49
152;5049;50;100;49
153;5098;2521;2;56
154;5154;1021;5;49
155;5203;859;6;49
156;5252;121;43;49
157;5301;52;101;49
158;5350;57;93;49
159;5399;50;107;49
160;5448;337;16;56
161;5504;1091;5;49
162;5553;64;86;49
163;5602;617;9;49
164;5651;2801;2;49
165;5700;5651;1;49
166;5749;50;114;49
167;5798;58;99;56
168;5854;129;45;49
169;5903;2927;2;49
170;5952;5903;1;49
171;6001;62;96;49
172;6050;353;17;49
173;6099;50;121;49
174;6148;1523;4;56
175;6204;1231;5;49
176;6253;66;94;49
177;6302;169;37;49
178;6351;137;46;49
179;6400;73;87;49
180;6449;50;128;49
181;6498;3221;2;56
182;6554;1301;5;49
183;6603;58;113;49
184;6652;71;93;49
185;6701;1663;4;49
186;6750;6701;1;49
187;6799;50;135;49
188;6848;283;24;56
189;6904;457;15;49
190;6953;863;8;49
191;7002;409;17;49
192;7051;389;18;49
193;7100;641;11;49
194;7149;50;142;49
195;7198;10;719;8
196;7206;421;17;49
197;7255;1201;6;49
198;7304;1451;5;49
199;7353;83;88;49
200;7402;57;129;49
201;7451;3701;2;49
202;7500;1861;4;56
203;7556;7507;1;49
204;7605;1889;4;49
205;7654;65;117;49
206;7703;86;89;49
207;7752;7703;1;49
208;7801;51;152;49
209;7850;433;18;56
210;7906;81;97;49
211;7955;59;134;49
212;8004;185;43;49
213;8053;58;138;49
214;8102;8053;1;49
215;8151;4051;2;49
216;8200;509;16;56
217;8256;283;29;49
218;8305;64;129;49
219;8354;55;151;49
220;8403;4177;2;49
221;8452;2801;3;49
222;8501;2113;4;49
223;8550;62;137;56
224;8606;199;43;49
225;8655;331;26;49
226;8704;577;15;49
227;8753;64;136;49
228;8802;8753;1;49
229;8851;54;163;49
230;8900;66;134;56
231;8956;2969;3;49
232;9005;2239;4;49
233;9054;1801;5;49
234;9103;503;18;49
235;9152;9103;1;49
236;9201;52;176;49
237;9250;4597;2;56
238;9306;9257;1;49
239;9355;66;141;49
240;9404;1871;5;49
241;9453;2351;4;49
242;9502;69;137;49
243;9551;4751;2;49
244;9600;11;872;8
245;9608;79;121;49
246;9657;1201;8;49
247;9706;87;111;49
248;9755;211;46;49
249;9804;1951;5;49
250;9853;57;172;49
251;9902;547;18;56
252;9958;367;27;49
253;10007;383;26;49
254;10056;10007;1;49
255;10105;419;24;49
256;10154;215;47;49
257;10203;5077;2;49
258;10252;2549;4;56
259;10308;10259;1;49
260;10357;859;12;49
261;10406;10357;1;49
262;10455;86;121;49
263;10504;51;205;49
264;10553;52;202;49
265;10602;5273;2;56
266;10658;103;103;49
267;10707;73;146;49
268;10756;83;129;49
269;10805;2689;4;49
270;10854;2161;5;49
271;10903;54;201;49
272;10952;227;48;56
273;11008;281;39;49
274;11057;64;172;49
275;11106;11057;1;49
276;11155;617;18;49
277;11204;97;115;49
278;11253;2801;4;49
279;11302;5623;2;56
280;11358;263;43;49
281;11407;631;18;49
282;11456;61;187;49
283;11505;64;179;49
284;11554;59;195;49
285;11603;53;218;49
286;11652;223;52;56
287;11708;89;131;49
288;11757;2927;4;49
289;11806;3919;3;49
290;11855;5903;2;49
291;11904;2371;5;49
292;11953;62;192;49
293;12002;1999;6;8
294;12010;443;27;49
295;12059;1201;10;49
296;12108;389;31;49
297;12157;1009;12;49
298;12206;12157;1;49
299;12255;359;34;49
300;12304;1531;8;56
301;12360;947;13;49
302;12409;60;206;49
303;12458;12409;1;49
304;12507;6229;2;49
305;12556;379;33;49
306;12605;73;172;49
307;12654;6299;2;56
308;12710;1151;11;49
309;12759;62;205;49
310;12808;4253;3;49
311;12857;1601;8;49
312;12906;299;43;49
313;12955;54;239;49
314;13004;78;166;56
315;13060;4337;3;49
316;13109;653;20;49
317;13158;13109;1;49
318;13207;51;258;49
319;13256;281;47;49
320;13305;1657;8;49
321;13354;61;218;56
322;13410;431;31;49
323;13459;90;149;49
324;13508;313;43;49
325;13557;307;44;49
326;13606;4519;3;49
327;13655;6803;2;49
328;13704;853;16;56
329;13760;13711;1;49
330;13809;64;215;49
331;13858;4603;3;49
332;13907;82;169;49
333;13956;13907;1;49
334;14005;1163;12;49
335;14054;2333;6;56
336;14110;109;129;49
337;14159;83;170;49
338;14208;14159;1;49
339;14257;64;222;49
340;14306;53;269;49
341;14355;311;46;49
342;14404;59;244;8
343;14412;53;271;49
344;14461;1201;12;49
345;14510;14461;1;49
346;14559;1451;10;49
347;14608;69;211;49
348;14657;83;176;49
349;14706;293;50;56
350;14762;14713;1;49
351;14811;61;242;49
352;14860;4937;3;49
353;14909;743;20;49
354;14958;877;17;49
355;15007;54;277;49
356;15056;60;250;56
357;15112;5021;3;49
358;15161;1889;8;49
359;15210;15161;1;49
360;15259;65;234;49
361;15308;15259;1;49
362;15357;86;178;49
363;15406;307;50;56
364;15462;15413;1;49
365;15511;859;18;49
366;15560;15511;1;49
367;15609;389;40;49
368;15658;121;129;49
369;15707;7829;2;49
370;15756;100;157;56
371;15812;1433;11;49
372;15861;59;268;49
373;15910;51;311;49
374;15959;74;215;49
375;16008;15959;1;49
376;16057;58;276;49
377;16106;75;214;56
378;16162;123;131;49
379;16211;8081;2;49
380;16260;377;43;49
381;16309;60;271;49
382;16358;347;47;49
383;16407;8179;2;49
384;16456;80;205;56
385;16512;101;163;49
386;16561;64;258;49
387;16610;16561;1;49
388;16659;55;302;49
389;16708;617;27;49
390;16757;4177;4;49
391;16806;4;4201;2
392;16808;432;38;392
393;17200;764;22;392
394;17592;400;43;392
395;17984;733;24;392
396;18376;562;32;392
397;18768;2297;8;392
398;19160;96;199;56
399;19216;724;26;392
400;19608;1201;16;392
401;20000;456;43;392
402;20392;400;50;392
403;20784;2549;8;392
404;21176;433;48;392
405;21568;2689;8;56
406;21624;1327;16;392
407;22016;408;53;392
408;22408;512;43;392
409;22800;2801;8;392
410;23192;400;57;392
411;23584;446;52;392
412;23976;65;368;56
413;24032;394;60;392
414;24424;751;32;392
415;24816;568;43;392
416;25208;517;48;392
417;25600;548;46;392
418;25992;400;64;392
419;26384;1097;24;56
420;26440;407;64;392
421;26832;661;40;392
422;27224;516;52;392
423;27616;664;41;392
424;28008;863;32;392
425;28400;778;36;392
426;28792;64;449;56
427;28848;3557;8;392
428;29240;601;48;392
429;29632;430;68;392
430;30024;463;64;392
431;30416;417;72;392
432;30808;1901;16;392
433;31200;68;458;56
434;31256;643;48;392
435;31648;3907;8;392
436;32040;688;46;392
437;32432;445;72;392
438;32824;2027;16;392
439;33216;746;44;392
440;33608;10;3360;8
441;33616;4153;8;392
442;34008;764;44;392
443;34400;436;78;392
444;34792;400;86;392
445;35184;4349;8;392
446;35576;733;48;392
447;35968;67;536;56
448;36024;524;68;392
449;36416;456;79;392
450;36808;569;64;392
451;37200;428;86;392
452;37592;400;93;392
453;37984;508;74;392
454;38376;80;479;56
455;38432;634;60;392
456;38824;1201;32;392
457;39216;422;92;392
458;39608;456;86;392
459;40000;4951;8;392
460;40392;400;100;392
461;40784;1697;24;56
462;40840;512;79;392
463;41232;1021;40;392
464;41624;859;48;392
465;42016;473;88;392
466;42408;404;104;392
467;42800;456;93;392
468;43192;64;674;56
469;43248;487;88;392
470;43640;408;106;392
471;44032;1091;40;392
472;44424;512;86;392
473;44816;617;72;392
474;45208;2801;16;392
475;45600;5693;8;56
476;45656;492;92;392
477;46048;439;104;392
478;46440;1439;32;392
479;46832;430;108;392
480;47224;2927;16;392
481;47616;5903;8;392
482;48008;72;666;56
483;48064;404;118;392
484;48456;751;64;392
485;48848;673;72;392
486;49240;568;86;392
487;49632;1231;40;392
488;50024;517;96;392
489;50416;6301;8;8
490;50424;424;118;392
491;50816;573;88;392
492;51208;397;128;392
493;51600;692;74;392
494;51992;400;129;392
495;52384;536;97;392
496;52776;80;659;56
497;52832;437;120;392
498;53224;416;127;392
499;53616;6653;8;392
500;54008;1117;48;392
501;54400;628;86;392
502;54792;400;136;392
503;55184;2297;24;56
504;55240;857;64;392
505;55632;1381;40;392
506;56024;456;122;392
507;56416;596;94;392
508;56808;656;86;392
509;57200;526;108;392
510;57592;58;992;56
511;57648;421;136;392
512;58040;1201;48;392
513;58432;1451;40;392
514;58824;664;88;392
515;59216;456;129;392
516;59608;3701;16;392
517;60000;59;1016;56
518;60056;452;132;392
519;60448;7507;8;392
520;60840;1889;32;392
521;61232;468;130;392
522;61624;688;89;392
523;62016;7703;8;392
524;62408;72;866;56
525;62464;7759;8;392
526;62856;488;128;392
527;63248;582;108;392
528;63640;472;134;392
529;64032;430;148;392
530;64424;464;138;392
531;64816;1619;40;56
532;64872;403;160;392
533;65264;408;159;392
534;65656;4079;16;392
535;66048;566;116;392
536;66440;512;129;392
537;66832;440;151;392
538;67224;16;4201;8
539;67232;557;120;392
540;67624;764;88;392
541;68016;428;158;392
542;68408;436;156;392
543;68800;503;136;392
544;69192;400;172;392
545;69584;2897;24;56
546;69640;541;128;392
547;70032;1741;40;392
548;70424;1459;48;392
549;70816;8803;8;392
550;71208;2213;32;392
551;71600;414;172;392
552;71992;64;1124;56
553;72048;424;169;392
554;72440;456;158;392
555;72832;1811;40;392
556;73224;569;128;392
557;73616;452;162;392
558;74008;428;172;392
559;74400;9293;8;56
560;74456;1543;48;392
561;74848;454;164;392
562;75240;2339;32;392
563;75632;396;190;392
564;76024;464;163;392
565;76416;442;172;392
566;76808;72;1066;56
567;76864;484;158;392
568;77256;1201;64;392
569;77648;444;174;392
570;78040;422;184;392
571;78432;1951;40;392
572;78824;456;172;392
573;79216;1979;40;56
574;79272;464;170;392
575;79664;734;108;392
576;80056;766;104;392
577;80448;10007;8;392
578;80840;419;192;392
579;81232;430;188;392
580;81624;2549;32;56
581;81680;1129;72;392
582;82072;1021;80;392
583;82464;10259;8;392
584;82856;859;96;392
585;83248;10357;8;392
586;83640;473;176;392
587;84032;9;9336;8
588;84040;1307;64;392
589;84432;440;191;392
590;84824;1759;48;392
591;85216;461;184;392
592;85608;2663;32;392
593;86000;492;174;392
594;86392;64;1349;56
595;86448;694;124;392
596;86840;1801;48;392
597;87232;520;167;392
598;87624;464;188;392
599;88016;1217;72;392
600;88408;5501;16;392
601;88800;11093;8;56
602;88856;456;194;392
603;89248;766;116;392
604;89640;2789;32;392
605;90032;415;216;392
606;90424;662;136;392
607;90816;508;178;392
608;91208;72;1266;56
609;91264;614;148;392
610;91656;496;184;392
611;92048;402;228;392
612;92440;523;176;392
613;92832;2311;40;392
614;93224;967;96;392
615;93616;2339;40;56
616;93672;424;220;392
617;94064;1301;72;392
618;94456;5879;16;392
619;94848;11807;8;392
620;95240;416;228;392
621;95632;2381;40;392
622;96024;2999;32;56
623;96080;443;216;392
624;96472;1201;80;392
625;96864;778;124;392
626;97256;1009;96;392
627;97648;12157;8;392
628;98040;718;136;392
629;98432;4099;24;56
630;98488;6131;16;392
631;98880;947;104;392
632;99272;412;240;392
633;99664;12409;8;392
634;100056;6229;16;392
635;100448;758;132;392
636;100840;16;6302;8
637;100848;433;232;392
638;101240;528;191;392
639;101632;2531;40;392
640;102024;397;256;392
641;102416;436;234;392
642;102808;592;173;392
643;103200;12893;8;56
644;103256;2143;48;392
645;103648;12907;8;392
646;104040;632;164;392
647;104432;408;255;392
648;104824;428;244;392
649;105216;13103;8;392
650;105608;72;1466;56
651;105664;13159;8;392
652;106056;416;254;392
653;106448;491;216;392
654;106840;6653;16;392
655;107232;2671;40;392
656;107624;1117;96;392
657;108016;2699;40;56
658;108072;673;160;392
659;108464;456;237;392
660;108856;6779;16;392
661;109248;1237;88;392
662;109640;569;192;392
663;110032;2741;40;392
664;110424;3449;32;56
665;110480;396;278;392
666;110872;1381;80;392
667;111264;13859;8;392
668;111656;456;244;392
669;112048;821;136;392
670;112440;596;188;392
671;112832;74;1524;56
672;112888;632;178;392
673;113280;412;274;392
674;113672;472;240;392
675;114064;1093;104;392
676;114456;7129;16;392
677;114848;456;251;392
678;115240;92;1252;56
679;115296;424;271;392
680;115688;1201;96;392
681;116080;14461;8;392
682;116472;1451;80;392
683;116864;422;276;392
684;117256;664;176;392
685;117648;59;1994;2
686;117650;117307;1;343
687;117993;362;325;343
688;118336;1063;111;343
689;118679;344;344;343
690;119022;10789;11;343
691;119365;478;249;343
692;119708;489;244;392
693;120100;573;209;343
694;120443;1201;100;343
695;120786;2801;43;343
696;121129;491;246;343
697;121472;1361;89;343
698;121815;416;292;343
699;122158;569;214;392
700;122550;122207;1;343
701;122893;430;285;343
702;123236;7229;17;343
703;123579;30809;4;343
704;123922;597;207;343
705;124265;61961;2;343
706;124608;15527;8;392
707;125000;559;223;343
708;125343;500;250;343
709;125686;733;171;343
710;126029;394;319;343
711;126372;653;193;343
712;126715;10531;12;343
713;127058;454;279;392
714;127450;487;261;343
715;127793;2549;50;343
716;128136;2719;47;343
717;128479;456;281;343
718;128822;9883;13;343
719;129165;1571;82;343
720;129508;676;191;392
721;129900;7621;17;343
722;130243;433;300;343
723;130586;937;139;343
724;130929;65293;2;343
725;131272;2297;57;343
726;131615;488;269;343
727;131958;419;314;392
728;132350;1307;101;343
729;132693;2647;50;343
730;133036;4021;33;343
731;133379;421;316;343
732;133722;133379;1;343
733;134065;391;342;343
734;134408;72;1866;56
735;134464;543;247;343
736;134807;352;382;343
737;135150;134807;1;343
738;135493;425;318;343
739;135836;989;137;343
740;136179;1171;116;343
741;136522;13613;10;392
742;136914;3331;41;343
743;137257;1201;114;343
744;137600;4733;29;343
745;137943;344;400;343
746;138286;351;393;343
747;138629;69143;2;343
748;138972;410;338;392
749;139364;139021;1;343
750;139707;34841;4;343
751;140050;361;387;343
752;140393;2801;50;343
753;140736;12763;11;343
754;141079;733;192;343
755;141422;1567;90;392
756;141814;1429;99;343
757;142157;731;194;343
758;142500;142157;1;343
759;142843;375;380;343
760;143186;1721;83;343
761;143529;71593;2;343
762;143872;422;340;392
763;144264;3347;43;343
764;144607;6011;24;343
765;144950;3527;41;343
766;145293;446;325;343
767;145636;2549;57;343
768;145979;1583;92;343
769;146322;14593;10;392
770;146714;743;197;343
771;147057;673;218;343
772;147400;49019;3;343
773;147743;440;335;343
774;148086;147743;1;343
775;148429;433;342;343
776;148772;2473;60;392
777;149164;439;339;343
778;149507;356;419;343
779;149850;3181;47;343
780;150193;370;405;343
781;150536;150193;1;343
782;150879;607;248;343
783;151222;75583;2;56
784;151278;30187;5;343
785;151621;1327;114;343
786;151964;2077;73;343
787;152307;37991;4;343
788;152650;5641;27;343
789;152993;355;430;343
790;153336;484;316;392
791;153728;30677;5;343
792;154071;1201;128;343
793;154414;477;323;343
794;154757;5939;26;343
795;155100;2537;61;343
796;155443;470;330;343
797;155786;534;291;392
798;156178;3463;45;343
799;156521;458;341;343
800;156864;156521;1;343
801;157207;344;456;343
802;157550;157207;1;343
803;157893;575;274;343
804;158236;39461;4;392
805;158628;31657;5;343
806;158971;13219;12;343
807;159314;3697;43;343
808;159657;79657;2;343
809;160000;2801;57;343
810;160343;400;400;343
811;160686;80147;2;392
812;161078;527;305;343
813;161421;1873;86;343
814;161764;4139;39;343
815;162107;1093;148;343
816;162450;14737;11;343
817;162793;361;450;343
818;163136;6781;24;392
819;163528;345;473;343
820;163871;20441;8;343
821;164214;163871;1;343
822;164557;3041;54;343
823;164900;2083;79;343
824;165243;388;425;343
825;165586;547;302;392
826;165978;785;211;343
827;166321;9221;18;343
828;166664;2819;59;343
829;167007;502;332;343
830;167350;537;311;343
831;167693;3347;50;343
832;168036;74;2270;56
833;168092;619;271;343
834;168435;42023;4;343
835;168778;591;285;343
836;169121;84389;2;343
837;169464;1291;131;343
838;169807;552;307;343
839;170150;9431;18;392
840;170542;18911;9;343
841;170885;1201;142;343
842;171228;715;239;343
843;171571;751;228;343
844;171914;171571;1;343
845;172257;1999;86;343
846;172600;458;376;392
847;172992;172649;1;343
848;173335;408;424;343
849;173678;34667;5;343
850;174021;2347;74;343
851;174364;817;213;343
852;174707;43591;4;343
853;175050;467;374;392
854;175442;529;331;343
855;175785;87721;2;343
856;176128;11719;15;343
857;176471;344;512;343
858;176814;1619;109;343
859;177157;418;423;343
860;177500;14759;12;392
861;177892;59183;3;343
862;178235;572;311;343
863;178578;829;215;343
864;178921;3307;54;343
865;179264;178921;1;343
866;179607;2801;64;343
867;179950;89779;2;392
868;180342;179999;1;343
869;180685;387;466;343
870;181028;36137;5;343
871;181371;542;334;343
872;181714;60457;3;343
873;182057;377;482;343
874;182400;22751;8;392
875;182792;4243;43;343
876;183135;584;313;343
877;183478;421;435;343
878;183821;398;461;343
879;184164;983;187;343
880;184507;412;447;343
881;184850;57;3242;56
882;184906;20507;9;343
883;185249;1567;118;343
884;185592;641;289;343
885;185935;407;456;343
886;186278;907;205;343
887;186621;93139;2;343
888;186964;46643;4;392
889;187356;1081;173;343
890;187699;1201;156;343
891;188042;187699;1;343
892;188385;563;334;343
893;188728;661;285;343
894;189071;761;248;343
895;189414;3259;58;392
896;189806;189463;1;343
897;190149;94903;2;343
898;190492;723;263;343
899;190835;47623;4;343
900;191178;38167;5;343
901;191521;387;494;343
902;191864;3989;48;392
903;192256;901;213;343
904;192599;751;256;343
905;192942;17509;11;343
906;193285;397;486;343
907;193628;899;215;343
908;193971;48407;4;343
909;194314;2063;94;392
910;194706;14951;13;343
911;195049;373;522;343
912;195392;195049;1;343
913;195735;344;568;343
914;196078;13049;15;343
915;196421;1241;158;343
916;196764;4463;44;392
917;197156;2029;97;343
918;197499;2143;92;343
919;197842;1531;129;343
920;198185;3191;62;343
921;198528;3049;65;343
922;198871;352;564;343
923;199214;2549;78;392
924;199606;381;523;343
925;199949;422;473;343
926;200292;2531;79;343
927;200635;16691;12;343
928;200978;40127;5;343
929;201321;634;317;343
930;201664;58;3476;56
931;201720;18307;11;343
932;202063;410;492;343
933;202406;202063;1;343
934;202749;101203;2;343
935;203092;3557;57;343
936;203435;50773;4;343
937;203778;101693;2;392
938;204170;15679;13;343
939;204513;1201;170;343
940;204856;68171;3;343
941;205199;883;232;343
942;205542;1307;157;343
943;205885;601;342;343
944;206228;1009;204;392
945;206620;2371;87;343
946;206963;10331;20;343
947;207306;3089;67;343
948;207649;349;594;343
949;207992;15973;13;343
950;208335;25999;8;343
951;208678;8011;26;392
952;209070;4441;47;343
953;209413;345;606;343
954;209756;3433;61;343
955;210099;1279;164;343
956;210442;1187;177;343
957;210785;2447;86;343
958;211128;13171;16;392
959;211520;211177;1;343
960;211863;661;320;343
961;212206;70621;3;343
962;212549;106103;2;343
963;212892;4943;43;343
964;213235;452;471;343
965;213578;35531;6;392
966;213970;71209;3;343
967;214313;21397;10;343
968;214656;19483;11;343
969;214999;344;624;343
970;215342;12647;17;343
971;215685;107671;2;343
972;216028;1147;188;392
973;216420;1249;173;343
974;216763;3607;60;343
975;217106;3053;71;343
976;217449;108553;2;343
977;217792;653;333;343
978;218135;656;332;343
979;218478;109211;2;56
980;218534;218191;1;343
981;218877;109267;2;343
982;219220;72959;3;343
983;219563;388;565;343
984;219906;2467;89;343
985;220249;643;342;343
986;220592;600;367;392
987;220984;73547;3;343
988;221327;1201;184;343
989;221670;221327;1;343
990;222013;821;270;343
991;222356;20183;11;343
992;222699;55589;4;343
993;223042;610;365;392
994;223434;1193;187;343
995;223777;12413;18;343
996;224120;2053;109;343
997;224463;431;520;343
998;224806;74821;3;343
999;225149;112403;2;343
1000;225492;2251;100;392
1001;225884;5501;41;343
1002;226227;379;596;343
1003;226570;1033;219;343
1004;226913;695;326;343
1005;227256;226913;1;343
1006;227599;408;557;343
1007;227942;410;555;392
1008;228334;75997;3;343
1009;228677;114167;2;343
1010;229020;228677;1;343
1011;229363;347;660;343
1012;229706;6199;37;343
1013;230049;2671;86;343
1014;230392;400;575;392
1015;230784;4903;47;343
1016;231127;384;601;343
1017;231470;773;299;343
1018;231813;395;586;343
1019;232156;387;599;343
1020;232499;457;508;343
1021;232842;4649;50;392
1022;233234;232891;1;343
1023;233577;421;554;343
1024;233920;369;633;343
1025;234263;344;680;343
1026;234606;739;317;343
1027;234949;366;641;343
1028;235292;12;19607;8
1029;235300;813;289;343
1030;235643;362;650;343
1031;235986;3863;61;343
1032;236329;1063;222;343
1033;236672;236329;1;343
1034;237015;344;688;343
1035;237358;1087;218;392
1036;237750;1193;199;343
1037;238093;375;634;343
1038;238436;238093;1;343
1039;238779;5419;44;343
1040;239122;387;617;343
1041;239465;442;541;343
1042;239808;29927;8;392
1043;240200;239857;1;343
1044;240543;1201;200;343
1045;240886;453;531;343
1046;241229;2801;86;343
1047;241572;241229;1;343
1048;241915;491;492;343
1049;242258;1493;162;392
1050;242650;741;327;343
1051;242993;422;575;343
1052;243336;5651;43;343
1053;243679;10139;24;343
1054;244022;3637;67;343
1055;244365;122011;2;343
1056;244708;412;593;392
1057;245100;787;311;343
1058;245443;380;645;343
1059;245786;421;583;343
1060;246129;7229;34;343
1061;246472;6311;39;343
1062;246815;30809;8;343
1063;247158;9491;26;392
1064;247550;5749;43;343
1065;247893;4951;50;343
1066;248236;4349;57;343
1067;248579;458;542;343
1068;248922;248579;1;343
1069;249265;13829;18;343
1070;249608;472;528;392
1071;250000;83219;3;343
1072;250343;400;625;343
1073;250686;250343;1;343
1074;251029;733;342;343
1075;251372;373;673;343
1076;251715;394;638;343
1077;252058;126001;2;56
1078;252114;1391;181;343
1079;252457;42019;6;343
1080;252800;252457;1;343
1081;253143;395;640;343
1082;253486;2557;99;343
1083;253829;126743;2;343
1084;254172;12689;20;392
1085;254564;1331;191;343
1086;254907;2767;92;343
1087;255250;1049;243;343
1088;255593;1021;250;343
1089;255936;19661;13;343
1090;256279;344;744;343
1091;256622;438;585;392
1092;257014;361;711;343
1093;257357;1201;214;343
1094;257700;6277;41;343
1095;258043;859;300;343
1096;258386;353;731;343
1097;258729;129193;2;343
1098;259072;446;580;392
1099;259464;259121;1;343
1100;259807;456;569;343
1101;260150;3559;73;343
1102;260493;430;605;343
1103;260836;2801;93;343
1104;261179;1069;244;343
1105;261522;26113;10;392
1106;261914;2939;89;343
1107;262257;130957;2;343
1108;262600;817;321;343
1109;262943;404;650;343
1110;263286;9067;29;343
1111;263629;14627;18;343
1112;263972;460;573;392
1113;264364;88007;3;343
1114;264707;1247;212;343
1115;265050;391;677;343
1116;265393;450;589;343
1117;265736;6473;41;343
1118;266079;472;563;343
1119;266422;719;370;392
1120;266814;6197;43;343
1121;267157;366;729;343
1122;267500;1639;163;343
1123;267843;428;625;343
1124;268186;381;703;343
1125;268529;134093;2;343
1126;268872;106;2536;56
1127;268928;53717;5;343
1128;269271;352;764;343
1129;269614;9973;27;343
1130;269957;134807;2;343
1131;270300;2389;113;343
1132;270643;425;636;343
1133;270986;5011;54;392
1134;271378;855;317;343
1135;271721;2887;94;343
1136;272064;1667;163;343
1137;272407;416;654;343
1138;272750;272407;1;343
1139;273093;1091;250;343
1140;273436;68261;4;392
1141;273828;415;659;343
1142;274171;1201;228;343
1143;274514;274171;1;343
1144;274857;4733;58;343
1145;275200;8329;33;343
1146;275543;344;800;343
1147;275886;1219;226;392
1148;276278;865;319;343
1149;276621;138139;2;343
1150;276964;437;633;343
1151;277307;4073;68;343
1152;277650;6449;43;343
1153;277993;450;617;343
1154;278336;444;626;392
1155;278728;831;335;343
1156;279071;34841;8;343
1157;279414;21467;13;343
1158;279757;361;774;343
1159;280100;7561;37;343
1160;280443;2801;100;343
1161;280786;140197;2;392
1162;281178;56167;5;343
1163;281521;369;762;343
1164;281864;6547;43;343
1165;282207;3203;88;343
1166;282550;4951;57;343
1167;282893;5651;50;343
1168;283236;2281;124;392
1169;283628;1069;265;343
1170;283971;388;731;343
1171;284314;919;309;343
1172;284657;142157;2;343
1173;285000;284657;1;343
1174;285343;375;760;343
1175;285686;9521;30;56
1176;285742;1669;171;343
1177;286085;142871;2;343
1178;286428;1973;145;343
1179;286771;23869;12;343
1180;287114;286771;1;343
1181;287457;1613;178;343
1182;287800;506;568;392
1183;288192;287849;1;343
1184;288535;456;632;343
1185;288878;965;299;343
1186;289221;144439;2;343
1187;289564;901;321;343
1188;289907;6581;44;343
1189;290250;3917;74;392
1190;290642;4759;61;343
1191;290985;1201;242;343
1192;291328;1021;285;343
1193;291671;512;569;343
1194;292014;7883;37;343
1195;292357;16223;18;343
1196;292700;24359;12;392
1197;293092;97583;3;343
1198;293435;1559;188;343
1199;293778;58687;5;343
1200;294121;859;342;343
1201;294464;1493;197;343
1202;294807;344;856;343
1203;295150;503;586;392
1204;295542;295199;1;343
1205;295885;351;842;343
1206;296228;1003;295;343
1207;296571;412;719;343
1208;296914;363;817;343
1209;297257;148457;2;343
1210;297600;766;388;392
1211;297992;27059;11;343
1212;298335;386;772;343
1213;298678;19889;15;343
1214;299021;989;302;343
1215;299364;4463;67;343
1216;299707;404;741;343
1217;300050;49943;6;392
1218;300442;501;599;343
1219;300785;150221;2;343
1220;301128;1399;215;343
1221;301471;12547;24;343
1222;301814;301471;1;343
1223;302157;150907;2;343
1224;302500;75611;4;56
1225;302556;302213;1;343
1226;302899;1327;228;343
1227;303242;2999;101;343
1228;303585;2077;146;343
1229;303928;547;555;343
1230;304271;37991;8;343
1231;304614;152111;2;392
1232;305006;304663;1;343
1233;305349;11731;26;343
1234;305692;487;627;343
1235;306035;76423;4;343
1236;306378;485;631;343
1237;306721;17021;18;343
1238;307064;6389;48;392
1239;307456;501;613;343
1240;307799;1201;256;343
1241;308142;9929;31;343
1242;308485;477;646;343
1243;308828;515;599;343
1244;309171;5939;52;343
1245;309514;14051;22;392
1246;309906;349;887;343
1247;310249;1913;162;343
1248;310592;557;557;343
1249;310935;368;844;343
1250;311278;1091;285;343
1251;311621;14149;22;343
1252;311964;77893;4;392
1253;312356;24001;13;343
1254;312699;458;682;343
1255;313042;104233;3;343
1256;313385;156521;2;343
1257;313728;1165;269;343
1258;314071;344;912;343
1259;314414;398;789;392
1260;314806;2833;111;343
1261;315149;394;799;343
1262;315492;3541;89;343
1263;315835;366;862;343
1264;316178;559;565;343
1265;316521;1061;298;343
1266;316864;442;716;392
1267;317256;10223;31;343
1268;317599;13219;24;343
1269;317942;317599;1;343
1270;318285;3697;86;343
1271;318628;495;643;343
1272;318971;79657;4;343
1273;319314;159629;2;56
1274;319370;319027;1;343
1275;319713;545;586;343
1276;320056;1349;237;343
1277;320399;3637;88;343
1278;320742;401;799;343
1279;321085;346;927;343
1280;321428;863;372;392
1281;321820;8243;39;343
1282;322163;16091;20;343
1283;322506;2851;113;343
1284;322849;369;874;343
1285;323192;322849;1;343
1286;323535;568;569;343
1287;323878;161743;2;392
1288;324270;323927;1;343
1289;324613;1201;270;343
1290;324956;3911;83;343
1291;325299;81239;4;343
1292;325642;439;741;343
1293;325985;162821;2;343
1294;326328;1567;208;392
1295;326720;8821;37;343
1296;327063;1021;320;343
1297;327406;363;901;343
1298;327749;1289;254;343
1299;328092;1831;179;343
1300;328435;1439;228;343
1301;328778;458;717;392
1302;329170;109609;3;343
1303;329513;32917;10;343
1304;329856;433;761;343
1305;330199;384;859;343
1306;330542;330199;1;343
1307;330885;1189;278;343
1308;331228;412;803;392
1309;331620;331277;1;343
1310;331963;5527;60;343
1311;332306;11447;29;343
1312;332649;12781;26;343
1313;332992;1607;207;343
1314;333335;344;968;343
1315;333678;166643;2;392
1316;334070;1139;293;343
1317;334413;3037;110;343
1318;334756;509;657;343
1319;335099;83689;4;343
1320;335442;7793;43;343
1321;335785;1511;222;343
1322;336128;57;5896;56
1323;336184;10177;33;343
1324;336527;42023;8;343
1325;336870;336527;1;343
1326;337213;394;855;343
1327;337556;337213;1;343
1328;337899;84389;4;343
1329;338242;466;725;392
1330;338634;1517;223;343
1331;338977;6271;54;343
1332;339320;5557;61;343
1333;339663;499;680;343
1334;340006;1121;303;343
1335;340349;170003;2;343
1336;340692;410;830;392
1337;341084;2683;127;343
1338;341427;1201;284;343
1339;341770;113809;3;343
1340;342113;478;715;343
1341;342456;1363;251;343
1342;342799;456;751;343
1343;343142;457;750;392
1344;343534;417;823;343
1345;343877;5923;58;343
1346;344220;347;991;343
1347;344563;5737;60;343
1348;344906;1633;211;343
1349;345249;5563;62;343
1350;345592;400;863;392
1351;345984;421;821;343
1352;346327;384;901;343
1353;346670;8447;41;343
1354;347013;34667;10;343
1355;347356;38557;9;343
1356;347699;2347;148;343
1357;348042;409;850;392
1358;348434;587;593;343
1359;348777;2099;166;343
1360;349120;429;813;343
1361;349463;1091;320;343
1362;349806;11273;31;343
1363;350149;346;1011;343
1364;350492;450;778;392
1365;350884;12983;27;343
1366;351227;87721;4;343
1367;351570;5953;59;343
1368;351913;11719;30;343
1369;352256;351913;1;343
1370;352599;344;1024;343
1371;352942;176467;2;8
1372;352950;352607;1;343
1373;353293;362;975;343
1374;353636;353293;1;343
1375;353979;419;844;343
1376;354322;1063;333;343
1377;354665;1189;298;343
1378;355008;2333;152;392
1379;355400;355057;1;343
1380;355743;1777;200;343
1381;356086;423;841;343
1382;356429;7741;46;343
1383;356772;3529;101;343
1384;357115;2287;156;343
1385;357458;478;747;392
1386;357850;13241;27;343
1387;358193;421;850;343
1388;358536;32563;11;343
1389;358879;14939;24;343
1390;359222;358879;1;343
1391;359565;4177;86;343
1392;359908;578;622;392
1393;360300;27689;13;343
1394;360643;1201;300;343
1395;360986;2753;131;343
1396;361329;398;907;343
1397;361672;2801;129;343
1398;362015;424;853;343
1399;362358;16453;22;392
1400;362750;362407;1;343
1401;363093;1451;250;343
1402;363436;381;953;343
1403;363779;2113;172;343
1404;364122;27983;13;343
1405;364465;594;613;343
1406;364808;416;876;392
1407;365200;519;703;343
1408;365543;400;913;343
1409;365886;8501;43;343
1410;366229;20327;18;343
1411;366572;15923;23;343
1412;366915;452;811;343
1413;367258;3461;106;392
1414;367650;367307;1;343
1415;367993;387;950;343
1416;368336;5041;73;343
1417;368679;23021;16;343
1418;369022;7229;51;343
1419;369365;184511;2;343
1420;369708;92413;4;56
1421;369764;2041;181;343
1422;370107;388;953;343
1423;370450;369;1003;343
1424;370793;478;775;343
1425;371136;370793;1;343
1426;371479;1933;192;343
1427;371822;4127;90;392
1428;372214;4591;81;343
1429;372557;186107;2;343
1430;372900;379;983;343
1431;373243;452;825;343
1432;373586;28711;13;343
1433;373929;186793;2;343
1434;374272;520;719;392
1435;374664;374321;1;343
1436;375007;402;932;343
1437;375350;12097;31;343
1438;375693;7507;50;343
1439;376036;125231;3;343
1440;376379;94009;4;343
1441;376722;37633;10;392
1442;377114;599;629;343
1443;377457;1201;314;343
1444;377800;2677;141;343
1445;378143;1889;200;343
1446;378486;401;943;343
1447;378829;387;978;343
1448;379172;428;885;392
1449;379564;6653;57;343
1450;379907;3061;124;343
1451;380250;34537;11;343
1452;380593;375;1014;343
1453;380936;2279;167;343
1454;381279;2801;136;343
1455;381622;569;670;392
1456;382014;6469;59;343
1457;382357;1117;342;343
1458;382700;382357;1;343
1459;383043;356;1075;343
1460;383386;127681;3;343
1461;383729;191693;2;343
1462;384072;436;880;392
1463;384464;12391;31;343
1464;384807;24029;16;343
1465;385150;471;817;343
1466;385493;7703;50;343
1467;385836;385493;1;343
1468;386179;407;948;343
1469;386522;82;4713;56
1470;386578;2861;135;343
1471;386921;566;683;343
1472;387264;386921;1;343
1473;387607;2017;192;343
1474;387950;1837;211;343
1475;388293;7759;50;343
1476;388636;404;961;392
1477;389028;407;955;343
1478;389371;1907;204;343
1479;389714;401;971;343
1480;390057;1153;338;343
1481;390400;5653;69;343
1482;390743;400;976;343
1483;391086;11491;34;392
1484;391478;571;685;343
1485;391821;195739;2;343
1486;392164;393;997;343
1487;392507;98041;4;343
1488;392850;4729;83;343
1489;393193;405;970;343
1490;393536;16381;24;392
1491;393928;1381;285;343
1492;394271;1201;328;343
1493;394614;394271;1;343
1494;394957;1993;198;343
1495;395300;487;811;343
1496;395643;590;670;343
1497;395986;1423;278;392
1498;396378;515;769;343
1499;396721;361;1098;343
1500;397064;30517;13;343
1501;397407;49633;8;343
1502;397750;132469;3;343
1503;398093;370;1075;343
1504;398436;521;764;392
1505;398828;79697;5;343
1506;399171;99707;4;343
1507;399514;447;893;343
1508;399857;3769;106;343
1509;400200;547;731;343
1510;400543;345;1160;343
1511;400886;66749;6;392
1512;401278;26729;15;343
1513;401621;200639;2;343
1514;401964;1259;319;343
1515;402307;492;817;343
1516;402650;402307;1;343
1517;402993;8053;50;343
1518;403336;71;5680;56
1519;403392;403049;1;343
1520;403735;352;1146;343
1521;404078;80747;5;343
1522;404421;562;719;343
1523;404764;134807;3;343
1524;405107;2153;188;343
1525;405450;202529;2;392
1526;405842;405499;1;343
1527;406185;202921;2;343
1528;406528;2083;195;343
1529;406871;397;1024;343
1530;407214;1621;251;343
1531;407557;7541;54;343
1532;407900;1171;348;392
1533;408292;421;969;343
1534;408635;412;991;343
1535;408978;81727;5;343
1536;409321;22721;18;343
1537;409664;1397;293;343
1538;410007;346;1184;343
1539;410350;204979;2;392
1540;410742;37309;11;343
1541;411085;1201;342;343
1542;411428;82217;5;343
1543;411771;1409;292;343
1544;412114;4733;87;343
1545;412457;391;1054;343
1546;412800;51551;8;392
1547;413192;412849;1;343
1548;413535;377;1096;343
1549;413878;1451;285;343
1550;414221;206939;2;343
1551;414564;414221;1;343
1552;414907;358;1158;343
1553;415250;69143;6;392
1554;415642;138433;3;343
1555;415985;207821;2;343
1556;416328;1355;307;343
1557;416671;418;996;343
1558;417014;13441;31;343
1559;417357;373;1118;343
1560;417700;104327;4;392
1561;418092;443;943;343
1562;418435;34841;12;343
1563;418778;1579;265;343
1564;419121;1853;226;343
1565;419464;361;1161;343
1566;419807;52433;8;343
1567;420150;58;7243;56
1568;420206;6883;61;343
1569;420549;578;727;343
1570;420892;1361;309;343
1571;421235;556;757;343
1572;421578;84247;5;343
1573;421921;422;999;343
1574;422264;408;1034;392
1575;422656;589;717;343
1576;422999;416;1016;343
1577;423342;3229;131;343
1578;423685;522;811;343
1579;424028;84737;5;343
1580;424371;419;1012;343
1581;424714;212161;2;392
1582;425106;2813;151;343
1583;425449;418;1017;343
1584;425792;7211;59;343
1585;426135;6653;64;343
1586;426478;28409;15;343
1587;426821;349;1222;343
1588;427164;106693;4;392
1589;427556;427213;1;343
1590;427899;356;1201;343
1591;428242;7507;57;343
1592;428585;554;773;343
1593;428928;85717;5;343
1594;429271;384;1117;343
1595;429614;71537;6;392
1596;430006;479;897;343
1597;430349;3209;134;343
1598;430692;1277;337;343
1599;431035;1889;228;343
1600;431378;461;935;343
1601;431721;215689;2;343
1602;432064;53959;8;392
1603;432456;1793;241;343
1604;432799;444;974;343
1605;433142;432799;1;343
1606;433485;216571;2;343
1607;433828;351;1235;343
1608;434171;108457;4;343
1609;434514;566;767;392
1610;434906;434563;1;343
1611;435249;2153;202;343
1612;435592;353;1233;343
1613;435935;54449;8;343
1614;436278;87187;5;343
1615;436621;534;817;343
1616;436964;69;6332;56
1617;437020;489;893;343
1618;437363;21851;20;343
1619;437706;437363;1;343
1620;438049;24317;18;343
1621;438392;438049;1;343
1622;438735;54799;8;343
1623;439078;5101;86;392
1624;439470;1987;221;343
1625;439813;514;855;343
1626;440156;39983;11;343
1627;440499;110039;4;343
1628;440842;146833;3;343
1629;441185;220421;2;343
1630;441528;632;698;392
1631;441920;1679;263;343
1632;442263;1381;320;343
1633;442606;7759;57;343
1634;442949;221303;2;343
1635;443292;2621;169;343
1636;443635;492;901;343
1637;443978;429;1034;392
1638;444370;523;849;343
1639;444713;370;1201;343
1640;445056;444713;1;343
1641;445399;366;1216;343
1642;445742;1423;313;343
1643;446085;20261;22;343
1644;446428;111509;4;392
1645;446820;446477;1;343
1646;447163;660;677;343
1647;447506;3217;139;343
1648;447849;223753;2;343
1649;448192;513;873;343
1650;448535;376;1192;343
1651;448878;4231;106;392
1652;449270;448927;1;343
1653;449613;44927;10;343
1654;449956;49957;9;343
1655;450299;442;1018;343
1656;450642;450299;1;343
1657;450985;354;1273;343
1658;451328;6263;72;392
1659;451720;50153;9;343
1660;452063;460;982;343
1661;452406;1759;257;343
1662;452749;75401;6;343
1663;453092;521;869;343
1664;453435;454;998;343
1665;453778;89;5098;56
1666;453834;19717;23;343
1667;454177;1327;342;343
1668;454520;3467;131;343
1669;454863;440;1033;343
1670;455206;2077;219;343
1671;455549;227603;2;343
1672;455892;500;911;392
1673;456284;455941;1;343
1674;456627;3083;148;343
1675;456970;8011;57;343
1676;457313;45697;10;343
1677;457656;1997;229;343
1678;457999;19069;24;343
1679;458342;426;1075;392
1680;458734;3251;141;343
1681;459077;347;1322;343
1682;459420;11197;41;343
1683;459763;372;1235;343
1684;460106;459763;1;343
1685;460449;379;1214;343
1686;460792;400;1151;392
1687;461184;460841;1;343
1688;461527;384;1201;343
1689;461870;41957;11;343
1690;462213;46187;10;343
1691;462556;459;1007;343
1692;462899;394;1174;343
1693;463242;9257;50;392
1694;463634;463291;1;343
1695;463977;10079;46;343
1696;464320;1663;279;343
1697;464663;1451;320;343
1698;465006;464663;1;343
1699;465349;4079;114;343
1700;465692;396;1175;392
1701;466084;51749;9;343
1702;466427;436;1069;343
1703;466770;35879;13;343
1704;467113;15559;30;343
1705;467456;11393;41;343
1706;467799;352;1328;343
1707;468142;1871;250;392
1708;468534;468191;1;343
1709;468877;458;1023;343
1710;469220;27581;17;343
1711;469563;580;809;343
1712;469906;156521;3;343
1713;470249;4999;94;343
1714;470592;59;7976;8
1715;470600;421;1117;343
1716;470943;362;1300;343
1717;471286;603;781;343
1718;471629;3863;122;343
1719;471972;1879;251;343
1720;472315;444;1063;343
1721;472658;26237;18;392
1722;473050;477;991;343
1723;473393;9461;50;343
1724;473736;1709;277;343
1725;474079;19739;24;343
1726;474422;353;1343;343
1727;474765;514;923;343
1728;475108;10789;44;392
1729;475500;1679;283;343
1730;475843;375;1268;343
1731;476186;4211;113;343
1732;476529;238093;2;343
1733;476872;158843;3;343
1734;477215;5419;88;343
1735;477558;433;1102;392
1736;477950;36739;13;343
1737;478293;395;1210;343
1738;478636;159431;3;343
1739;478979;119659;4;343
1740;479322;461;1039;343
1741;479665;558;859;343
1742;480008;1249;384;392
1743;480400;160019;3;343
1744;480743;400;1201;343
1745;481086;28279;17;343
1746;481429;354;1359;343
1747;481772;377;1277;343
1748;482115;2801;172;343
1749;482458;18541;26;392
1750;482850;482507;1;343
1751;483193;370;1305;343
1752;483536;1783;271;343
1753;483879;376;1286;343
1754;484222;363;1333;343
1755;484565;2917;166;343
1756;484908;1361;356;392
1757;485300;44087;11;343
1758;485643;422;1150;343
1759;485986;161881;3;343
1760;486329;5651;86;343
1761;486672;486329;1;343
1762;487015;10139;48;343
1763;487358;241;2022;56
1764;487414;543;897;343
1765;487757;243707;2;343
1766;488100;487757;1;343
1767;488443;1627;300;343
1768;488786;6691;73;343
1769;489129;244393;2;343
1770;489472;12227;40;392
1771;489864;15791;31;343
1772;490207;20411;24;343
1773;490550;490207;1;343
1774;490893;9811;50;343
1775;491236;533;921;343
1776;491579;508;967;343
1777;491922;398;1235;392
1778;492314;4871;101;343
1779;492657;3467;142;343
1780;493000;14929;33;343
1781;493343;425;1160;343
1782;493686;619;797;343
1783;494029;27427;18;343
1784;494372;8233;60;392
1785;494764;5683;87;343
1786;495107;3343;148;343
1787;495450;5563;89;343
1788;495793;367;1350;343
1789;496136;6983;71;343
1790;496479;62017;8;343
1791;496822;4513;110;392
1792;497214;496871;1;343
1793;497557;414;1201;343
1794;497900;497557;1;343
1795;498243;383;1300;343
1796;498586;166081;3;343
1797;498929;346;1441;343
1798;499272;1559;320;392
1799;499664;499321;1;343
1800;500007;374;1336;343
1801;500350;166669;3;343
1802;500693;10007;50;343
1803;501036;500693;1;343
1804;501379;516;971;343
1805;501722;510;983;392
1806;502114;8803;57;343
1807;502457;251057;2;343
1808;502800;8237;61;343
1809;503143;400;1257;343
1810;503486;11701;43;343
1811;503829;454;1109;343
1812;504172;193;2612;56
1813;504228;563;895;343
1814;504571;42019;12;343
1815;504914;3683;137;343
1816;505257;252457;2;343
1817;505600;9907;51;343
1818;505943;395;1280;343
1819;506286;13313;38;392
1820;506678;101267;5;343
1821;507021;1517;334;343
1822;507364;169007;3;343
1823;507707;572;887;343
1824;508050;2179;233;343
1825;508393;450;1129;343
1826;508736;472;1077;392
1827;509128;535;951;343
1828;509471;2767;184;343
1829;509814;6449;79;343
1830;510157;486;1049;343
1831;510500;510157;1;343
1832;510843;500;1021;343
1833;511186;2011;254;392
1834;511578;1733;295;343
1835;511921;582;879;343
1836;512264;30113;17;343
1837;512607;64033;8;343
1838;512950;709;723;343
1839;513293;10259;50;343
1840;513636;128311;4;392
1841;514028;355;1447;343
1842;514371;428;1201;343
1843;514714;363;1417;343
1844;515057;6277;82;343
1845;515400;601;857;343
1846;515743;600;859;343
1847;516086;1409;366;392
1848;516478;1811;285;343
1849;516821;562;919;343
1850;517164;516821;1;343
1851;517507;426;1214;343
1852;517850;517507;1;343
1853;518193;10357;50;343
1854;518536;506;1024;392
1855;518928;6101;85;343
1856;519271;456;1138;343
1857;519614;2461;211;343
1858;519957;3559;146;343
1859;520300;57773;9;343
1860;520643;430;1210;343
1861;520986;113;4610;56
1862;521042;520699;1;343
1863;521385;482;1081;343
1864;521728;34759;15;343
1865;522071;512;1019;343
1866;522414;1531;341;343
1867;522757;29023;18;343
1868;523100;516;1013;392
1869;523492;573;913;343
1870;523835;130873;4;343
1871;524178;8059;65;343
1872;524521;459;1142;343
1873;524864;524521;1;343
1874;525207;472;1112;343
1875;525550;2707;194;392
1876;525942;525599;1;343
1877;526285;366;1437;343
1878;526628;1571;335;343
1879;526971;548;961;343
1880;527314;653;807;343
1881;527657;263657;2;343
1882;528000;65951;8;392
1883;528392;4673;113;343
1884;528735;514;1028;343
1885;529078;349;1515;343
1886;529421;24049;22;343
1887;529764;529421;1;343
1888;530107;393;1348;343
1889;530450;501;1058;392
1890;530842;681;779;343
1891;531185;442;1201;343
1892;531528;713;745;343
1893;531871;22147;24;343
1894;532214;531871;1;343
1895;532557;562;947;343
1896;532900;697;764;392
1897;533292;532949;1;343
1898;533635;2339;228;343
1899;533978;106727;5;343
1900;534321;626;853;343
1901;534664;59369;9;343
1902;535007;388;1378;343
1903;535350;267479;2;392
1904;535742;535399;1;343
1905;536085;8641;62;343
1906;536428;361;1485;343
1907;536771;2273;236;343
1908;537114;536771;1;343
1909;537457;89519;6;343
1910;537800;68;7908;56
1911;537856;417;1289;343
1912;538199;352;1528;343
1913;538542;538199;1;343
1914;538885;9973;54;343
1915;539228;107777;5;343
1916;539571;134807;4;343
1917;539914;269761;2;392
1918;540306;6067;89;343
1919;540649;2309;234;343
1920;540992;577;937;343
1921;541335;428;1264;343
1922;541678;453;1195;343
1923;542021;398;1361;343
1924;542364;548;989;392
1925;542756;499;1087;343
1926;543099;2887;188;343
1927;543442;391;1389;343
1928;543785;1667;326;343
1929;544128;9887;55;343
1930;544471;384;1417;343
1931;544814;2927;186;392
1932;545206;363;1501;343
1933;545549;272603;2;343
1934;545892;545549;1;343
1935;546235;45491;12;343
1936;546578;535;1021;343
1937;546921;273289;2;343
1938;547264;394;1388;392
1939;547656;42101;13;343
1940;547999;456;1201;343
1941;548342;547999;1;343
1942;548685;274171;2;343
1943;549028;411;1335;343
1944;549371;4733;116;343
1945;549714;274661;2;392
1946;550106;443;1241;343
1947;550449;275053;2;343
1948;550792;513;1073;343
1949;551135;484;1138;343
1950;551478;695;793;343
1951;551821;642;859;343
1952;552164;393;1404;392
1953;552556;61357;9;343
1954;552899;138139;4;343
1955;553242;552899;1;343
1956;553585;422;1311;343
1957;553928;2089;265;343
1958;554271;4073;136;343
1959;554614;277279;2;56
1960;554670;10459;53;343
1961;555013;6163;90;343
1962;555356;409;1357;343
1963;555699;8167;68;343
1964;556042;185233;3;343
1965;556385;6781;82;343
1966;556728;436;1276;392
1967;557120;42829;13;343
1968;557463;1741;320;343
1969;557806;185821;3;343
1970;558149;278903;2;343
1971;558492;558149;1;343
1972;558835;4231;132;343
1973;559178;93131;6;392
1974;559570;9811;57;343
1975;559913;5087;110;343
1976;560256;559913;1;343
1977;560599;384;1459;343
1978;560942;377;1487;343
1979;561285;2141;262;343
1980;561628;502;1118;392
1981;562020;5153;109;343
1982;562363;348;1615;343
1983;562706;15199;37;343
1984;563049;281353;2;343
1985;563392;657;857;343
1986;563735;8803;64;343
1987;564078;562;1003;392
1988;564470;564127;1;343
1989;564813;470;1201;343
1990;565156;367;1539;343
1991;565499;6143;92;343
1992;565842;509;1111;343
1993;566185;94307;6;343
1994;566528;2621;216;392
1995;566920;531;1067;343
1996;567263;14173;40;343
1997;567606;567263;1;343
1998;567949;383;1482;343
1999;568292;567949;1;343
2000;568635;4583;124;343
2001;568978;284293;2;392
2002;569370;463;1229;343
2003;569713;18979;30;343
2004;570056;569713;1;343
2005;570399;71257;8;343
2006;570742;10007;57;343
2007;571085;2083;274;343
2008;571428;83;6884;56
2009;571484;467;1223;343
2010;571827;142871;4;343
2011;572170;4649;123;343
2012;572513;1973;290;343
2013;572856;7247;79;343
2014;573199;23869;24;343
2015;573542;3821;150;392
2016;573934;347;1653;343
2017;574277;9257;62;343
2018;574620;407;1411;343
2019;574963;366;1570;343
2020;575306;574963;1;343
2021;575649;358;1607;343
2022;575992;400;1439;392
2023;576384;576041;1;343
2024;576727;384;1501;343
2025;577070;576727;1;343
2026;577413;386;1495;343
2027;577756;64157;9;343
2028;578099;144439;4;343
2029;578442;550;1051;392
2030;578834;18661;31;343
2031;579177;289417;2;343
2032;579520;513;1129;343
2033;579863;1811;320;343
2034;580206;14143;41;343
2035;580549;354;1639;343
2036;580892;430;1350;392
2037;581284;3797;153;343
2038;581627;484;1201;343
2039;581970;8681;67;343
2040;582313;570;1021;343
2041;582656;3709;157;343
2042;582999;512;1138;343
2043;583342;445;1310;392
2044;583734;583391;1;343
2045;584077;359;1626;343
2046;584420;2327;251;343
2047;584763;29221;20;343
2048;585106;10259;57;343
2049;585449;17209;34;343
2050;585792;2927;200;392
2051;586184;585841;1;343
2052;586527;376;1559;343
2053;586870;579;1013;343
2054;587213;58687;10;343
2055;587556;2321;253;343
2056;587899;684;859;343
2057;588242;17;34602;8
2058;588250;65323;9;343
2059;588593;362;1625;343
2060;588936;3611;163;343
2061;589279;424;1389;343
2062;589622;19009;31;343
2063;589965;26801;22;343
2064;590308;556;1061;392
2065;590700;590357;1;343
2066;591043;358;1650;343
2067;591386;7121;83;343
2068;591729;295693;2;343
2069;592072;197243;3;343
2070;592415;5693;104;343
2071;592758;296183;2;392
2072;593150;34871;17;343
2073;593493;11863;50;343
2074;593836;197831;3;343
2075;594179;4789;124;343
2076;594522;594179;1;343
2077;594865;33029;18;343
2078;595208;1549;384;392
2079;595600;15263;39;343
2080;595943;400;1489;343
2081;596286;595943;1;343
2082;596629;422;1413;343
2083;596972;743;803;343
2084;597315;8779;68;343
2085;597658;523;1142;392
2086;598050;737;811;343
2087;598393;443;1350;343
2088;598736;3007;199;343
2089;599079;368;1627;343
2090;599422;15361;39;343
2091;599765;299711;2;343
2092;600108;494;1214;392
2093;600500;373;1609;343
2094;600843;500;1201;343
2095;601186;5413;111;343
2096;601529;300593;2;343
2097;601872;2053;293;343
2098;602215;12539;48;343
2099;602558;100361;6;392
2100;602950;200869;3;343
2101;603293;389;1550;343
2102;603636;421;1433;343
2103;603979;374;1614;343
2104;604322;3847;157;343
2105;604665;7027;86;343
2106;605008;75619;8;56
2107;605064;2353;257;343
2108;605407;408;1483;343
2109;605750;517;1171;343
2110;606093;2423;250;343
2111;606436;202031;3;343
2112;606779;151609;4;343
2113;607122;415;1462;392
2114;607514;4021;151;343
2115;607857;3413;178;343
2116;608200;3823;159;343
2117;608543;3041;200;343
2118;608886;46811;13;343
2119;609229;33827;18;343
2120;609572;426;1430;392
2121;609964;203207;3;343
2122;610307;436;1399;343
2123;610650;1811;337;343
2124;610993;345;1770;343
2125;611336;610993;1;343
2126;611679;6947;88;343
2127;612022;1973;310;392
2128;612414;612071;1;343
2129;612757;594;1031;343
2130;613100;16561;37;343
2131;613443;6131;100;343
2132;613786;204481;3;343
2133;614129;306893;2;343
2134;614472;404;1520;392
2135;614864;4691;131;343
2136;615207;463;1328;343
2137;615550;205069;3;343
2138;615893;650;947;343
2139;616236;36229;17;343
2140;616579;356;1731;343
2141;616922;20551;30;392
2142;617314;205657;3;343
2143;617657;514;1201;343
2144;618000;617657;1;343
2145;618343;375;1648;343
2146;618686;737;839;343
2147;619029;10667;58;343
2148;619372;30949;20;392
2149;619764;56311;11;343
2150;620107;51647;12;343
2151;620450;21383;29;343
2152;620793;12409;50;343
2153;621136;2999;207;343
2154;621479;38821;16;343
2155;621822;310883;2;56
2156;621878;631;985;343
2157;622221;478;1301;343
2158;622564;433;1437;343
2159;622907;404;1541;343
2160;623250;409;1523;343
2161;623593;375;1662;343
2162;623936;25981;24;392
2163;624328;2447;255;343
2164;624671;78041;8;343
2165;625014;16883;37;343
2166;625357;2671;234;343
2167;625700;773;809;343
2168;626043;6257;100;343
2169;626386;502;1247;392
2170;626778;125287;5;343
2171;627121;438;1431;343
2172;627464;517;1213;343
2173;627807;1913;328;343
2174;628150;209269;3;343
2175;628493;425;1478;343
2176;628836;8269;76;392
2177;629228;125777;5;343
2178;629571;157307;4;343
2179;629914;209857;3;343
2180;630257;314957;2;343
2181;630600;2987;211;343
2182;630943;600;1051;343
2183;631286;474;1331;392
2184;631678;42089;15;343
2185;632021;10891;58;343
2186;632364;793;797;343
2187;632707;52697;12;343
2188;633050;27509;23;343
2189;633393;550;1151;343
2190;633736;512;1237;392
2191;634128;126757;5;343
2192;634471;528;1201;343
2193;634814;634471;1;343
2194;635157;18671;34;343
2195;635500;70573;9;343
2196;635843;410;1550;343
2197;636186;2971;214;392
2198;636578;127247;5;343
2199;636921;318289;2;343
2200;637264;70769;9;343
2201;637607;39829;16;343
2202;637950;637607;1;343
2203;638293;4253;150;343
2204;638636;58;11010;56
2205;638692;389;1641;343
2206;639035;159673;4;343
2207;639378;127807;5;343
2208;639721;35521;18;343
2209;640064;5869;109;343
2210;640407;548;1168;343
2211;640750;320179;2;392
2212;641142;10861;59;343
2213;641485;383;1674;343
2214;641828;355;1807;343
2215;642171;503;1276;343
2216;642514;2579;249;343
2217;642857;3119;206;343
2218;643200;4229;152;392
2219;643592;541;1189;343
2220;643935;80449;8;343
2221;644278;42929;15;343
2222;644621;322139;2;343
2223;644964;28027;23;343
2224;645307;426;1514;343
2225;645650;1763;366;392
2226;646042;393;1643;343
2227;646385;454;1423;343
2228;646728;129277;5;343
2229;647071;26947;24;343
2230;647414;2239;289;343
2231;647757;323707;2;343
2232;648100;772;839;392
2233;648492;593;1093;343
2234;648835;4157;156;343
2235;649178;517;1255;343
2236;649521;324589;2;343
2237;649864;72169;9;343
2238;650207;81233;8;343
2239;650550;325079;2;392
2240;650942;650599;1;343
2241;651285;542;1201;343
2242;651628;353;1845;343
2243;651971;162907;4;343
2244;652314;651971;1;343
2245;652657;8363;78;343
2246;653000;396;1648;392
2247;653392;361;1809;343
2248;653735;388;1684;343
2249;654078;7691;85;343
2250;654421;109013;6;343
2251;654764;654421;1;343
2252;655107;506;1294;343
2253;655450;67;9782;56
2254;655506;2267;289;343
2255;655849;366;1791;343
2256;656192;655849;1;343
2257;656535;10253;64;343
2258;656878;345;1903;343
2259;657221;328439;2;343
2260;657564;8647;76;392
2261;657956;2101;313;343
2262;658299;12653;52;343
2263;658642;219433;3;343
2264;658985;329321;2;343
2265;659328;131797;5;343
2266;659671;384;1717;343
2267;660014;109937;6;392
2268;660406;220021;3;343
2269;660749;330203;2;343
2270;661092;2963;223;343
2271;661435;356;1857;343
2272;661778;132287;5;343
2273;662121;25453;26;343
2274;662464;82759;8;392
2275;662856;662513;1;343
2276;663199;389;1704;343
2277;663542;4451;149;343
2278;663885;30161;22;343
2279;664228;14753;45;343
2280;664571;422;1574;343
2281;664914;7727;86;392
2282;665306;51151;13;343
2283;665649;2203;302;343
2284;665992;73961;9;343
2285;666335;472;1411;343
2286;666678;355;1877;343
2287;667021;4831;138;343
2288;667364;573;1164;392
2289;667756;513;1301;343
2290;668099;556;1201;343
2291;668442;359;1861;343
2292;668785;3011;222;343
2293;669128;10289;65;343
2294;669471;83641;8;343
2295;669814;25747;26;392
2296;670206;669863;1;343
2297;670549;5879;114;343
2298;670892;517;1297;343
2299;671235;358;1874;343
2300;671578;365;1839;343
2301;671921;409;1642;343
2302;672264;42013;16;56
2303;672320;367;1831;343
2304;672663;352;1910;343
2305;673006;224221;3;343
2306;673349;336503;2;343
2307;673692;673349;1;343
2308;674035;372;1811;343
2309;674378;112331;6;392
2310;674770;17293;39;343
2311;675113;67477;10;343
2312;675456;675113;1;343
2313;675799;384;1759;343
2314;676142;6967;97;343
2315;676485;7193;94;343
2316;676828;526;1286;392
2317;677220;5167;131;343
2318;677563;11287;60;343
2319;677906;677563;1;343
2320;678249;5059;134;343
2321;678592;403;1683;343
2322;678935;368;1844;343
2323;679278;26111;26;392
2324;679670;61757;11;343
2325;680013;67967;10;343
2326;680356;75557;9;343
2327;680699;4597;148;343
2328;681042;11159;61;343
2329;681385;446;1527;343
2330;681728;9463;72;392
2331;682120;443;1539;343
2332;682463;17053;40;343
2333;682806;682463;1;343
2334;683149;3671;186;343
2335;683492;683149;1;343
2336;683835;170873;4;343
2337;684178;7951;86;392
2338;684570;419;1633;343
2339;684913;570;1201;343
2340;685256;40289;17;343
2341;685599;572;1198;343
2342;685942;519;1321;343
2343;686285;342971;2;343
2344;686628;171559;4;392
2345;687020;11257;61;343
2346;687363;34351;20;343
2347;687706;389;1767;343
2348;688049;2059;334;343
2349;688392;2953;233;343
2350;688735;3187;216;343
2351;689078;101;6822;56
2352;689134;439;1569;343
2353;689477;344567;2;343
2354;689820;13009;53;343
2355;690163;11497;60;343
2356;690506;690163;1;343
2357;690849;391;1766;343
2358;691192;400;1727;392
2359;691584;691241;1;343
2360;691927;384;1801;343
2361;692270;563;1229;343
2362;692613;370;1871;343
2363;692956;369;1877;343
2364;693299;15749;44;343
2365;693642;470;1475;392
2366;694034;693691;1;343
2367;694377;31547;22;343
2368;694720;77153;9;343
2369;695063;416;1670;343
2370;695406;6151;113;343
2371;695749;115901;6;343
2372;696092;450;1546;392
2373;696484;437;1593;343
2374;696827;174121;4;343
2375;697170;696827;1;343
2376;697513;510;1367;343
2377;697856;697513;1;343
2378;698199;376;1856;343
2379;698542;13963;50;392
2380;698934;698591;1;343
2381;699277;6131;114;343
2382;699620;24113;29;343
2383;699963;34981;20;343
2384;700306;21211;33;343
2385;700649;487;1438;343
2386;700992;452;1550;392
2387;701384;631;1111;343
2388;701727;584;1201;343
2389;702070;741;947;343
2390;702413;70207;10;343
2391;702756;702413;1;343
2392;703099;482;1458;343
2393;703442;430;1635;392
2394;703834;421;1671;343
2395;704177;2159;326;343
2396;704520;704177;1;343
2397;704863;360;1957;343
2398;705206;704863;1;343
2399;705549;503;1402;343
2400;705892;109;6476;8
2401;705900;6473;109;343
2402;706243;362;1950;343
2403;706586;4229;167;343
2404;706929;353293;2;343
2405;707272;3863;183;343
2406;707615;419;1688;343
2407;707958;353783;2;392
2408;708350;708007;1;343
2409;708693;457;1550;343
2410;709036;236231;3;343
2411;709379;10427;68;343
2412;709722;64489;11;343
2413;710065;351;2022;343
2414;710408;516;1376;392
2415;710800;21529;33;343
2416;711143;400;1777;343
2417;711486;711143;1;343
2418;711829;423;1682;343
2419;712172;711829;1;343
2420;712515;7741;92;343
2421;712858;2269;314;392
2422;713250;377;1891;343
2423;713593;375;1902;343
2424;713936;2843;251;343
2425;714279;44621;16;343
2426;714622;238093;3;343
2427;714965;5333;134;343
2428;715308;487;1468;392
2429;715700;715357;1;343
2430;716043;421;1700;343
2431;716386;238681;3;343
2432;716729;32563;22;343
2433;717072;4241;169;343
2434;717415;14939;48;343
2435;717758;442;1623;392
2436;718150;2323;309;343
2437;718493;530;1355;343
2438;718836;718493;1;343
2439;719179;444;1619;343
2440;719522;719179;1;343
2441;719865;359761;2;343
2442;720208;89977;8;392
2443;720600;720257;1;343
2444;720943;600;1201;343
2445;721286;720943;1;343
2446;721629;2753;262;343
2447;721972;453;1593;343
2448;722315;398;1814;343
2449;722658;106;6817;56
2450;722714;2353;307;343
2451;723057;361357;2;343
2452;723400;8311;87;343
2453;723743;3617;200;343
2454;724086;4793;151;343
2455;724429;414;1749;343
2456;724772;12073;60;392
2457;725164;359;2019;343
2458;725507;16481;44;343
2459;725850;725507;1;343
2460;726193;450;1613;343
2461;726536;4297;169;343
2462;726879;394;1844;343
2463;727222;5591;130;392
2464;727614;727271;1;343
2465;727957;40423;18;343
2466;728300;42821;17;343
2467;728643;7283;100;343
2468;728986;2729;267;343
2469;729329;389;1874;343
2470;729672;424;1720;392
2471;730064;31727;23;343
2472;730407;412;1772;343
2473;730750;243469;3;343
2474;731093;370;1975;343
2475;731436;66463;11;343
2476;731779;60953;12;343
2477;732122;24391;30;392
2478;732514;363;2017;343
2479;732857;541;1354;343
2480;733200;769;953;343
2481;733543;376;1950;343
2482;733886;727;1009;343
2483;734229;4421;166;343
2484;734572;36709;20;392
2485;734964;547;1343;343
2486;735307;438;1678;343
2487;735650;735307;1;343
2488;735993;14713;50;343
2489;736336;27259;27;343
2490;736679;46021;16;343
2491;737022;3877;190;392
2492;737414;13907;53;343
2493;737757;614;1201;343
2494;738100;81973;9;343
2495;738443;484;1525;343
2496;738786;738443;1;343
2497;739129;7243;102;343
2498;739472;30809;24;56
2499;739528;49279;15;343
2500;739871;388;1906;343
2501;740214;67261;11;343
2502;740557;354;2091;343
2503;740900;2753;269;343
2504;741243;478;1550;343
2505;741586;370597;2;392
2506;741978;6449;115;343
2507;742321;41221;18;343
2508;742664;7207;103;343
2509;743007;386;1924;343
2510;743350;4673;159;343
2511;743693;14867;50;343
2512;744036;16901;44;392
2513;744428;148817;5;343
2514;744771;186107;4;343
2515;745114;248257;3;343
2516;745457;379;1966;343
2517;745800;4309;173;343
2518;746143;440;1695;343
2519;746486;124349;6;392
2520;746878;471;1585;343
2521;747221;374;1997;343
2522;747564;3793;197;343
2523;747907;62297;12;343
2524;748250;349;2143;343
2525;748593;365;2050;343
2526;748936;512;1462;392
2527;749328;815;919;343
2528;749671;402;1864;343
2529;750014;57667;13;343
2530;750357;12097;62;343
2531;750700;27791;27;343
2532;751043;7507;100;343
2533;751386;19763;38;392
2534;751778;150287;5;343
2535;752121;554;1357;343
2536;752464;433;1737;343
2537;752807;359;2096;343
2538;753150;68437;11;343
2539;753493;5021;150;343
2540;753836;20929;36;392
2541;754228;495;1523;343
2542;754571;628;1201;343
2543;754914;3131;241;343
2544;755257;2677;282;343
2545;755600;755257;1;343
2546;755943;400;1889;343
2547;756286;94;8045;56
2548;756342;18439;41;343
2549;756685;42019;18;343
2550;757028;151337;5;343
2551;757371;189257;4;343
2552;757714;252457;3;343
2553;758057;439;1726;343
2554;758400;2311;328;392
2555;758792;758449;1;343
2556;759135;94849;8;343
2557;759478;663;1145;343
2558;759821;499;1522;343
2559;760164;759821;1;343
2560;760507;63347;12;343
2561;760850;126743;6;392
2562;761242;253633;3;343
2563;761585;380621;2;343
2564;761928;671;1135;343
2565;762271;424;1797;343
2566;762614;9649;79;343
2567;762957;3931;194;343
2568;763300;2143;356;392
2569;763692;763349;1;343
2570;764035;2767;276;343
2571;764378;3727;205;343
2572;764721;382189;2;343
2573;765064;729;1049;343
2574;765407;95633;8;343
2575;765750;418;1831;392
2576;766142;421;1819;343
2577;766485;373;2054;343
2578;766828;17033;45;343
2579;767171;191707;4;343
2580;767514;2917;263;343
2581;767857;401;1914;343
2582;768200;496;1548;392
2583;768592;85361;9;343
2584;768935;397;1936;343
2585;769278;5303;145;343
2586;769621;128213;6;343
2587;769964;563;1367;343
2588;770307;442;1742;343
2589;770650;385129;2;392
2590;771042;797;967;343
2591;771385;642;1201;343
2592;771728;154277;5;343
2593;772071;347;2224;343
2594;772414;6277;123;343
2595;772757;3041;254;343
2596;773100;193261;4;56
2597;773156;9311;83;343
2598;773499;566;1366;343
2599;773842;2897;267;343
2600;774185;386921;2;343
2601;774528;2311;335;343
2602;774871;384;2017;343
2603;775214;438;1769;392
2604;775606;258421;3;343
2605;775949;598;1297;343
2606;776292;775949;1;343
2607;776635;5881;132;343
2608;776978;155327;5;343
2609;777321;388489;2;343
2610;777664;97159;8;392
2611;778056;733;1061;343
2612;778399;408;1907;343
2613;778742;10663;73;343
2614;779085;401;1942;343
2615;779428;435;1791;343
2616;779771;676;1153;343
2617;780114;578;1349;392
2618;780506;780163;1;343
2619;780849;13457;58;343
2620;781192;477;1637;343
2621;781535;97649;8;343
2622;781878;156307;5;343
2623;782221;453;1726;343
2624;782564;21727;36;392
2625;782956;6689;117;343
2626;783299;195739;4;343
2627;783642;71209;11;343
2628;783985;393;1994;343
2629;784328;156797;5;343
2630;784671;98041;8;343
2631;785014;461;1702;392
2632;785406;829;947;343
2633;785749;446;1761;343
2634;786092;2921;269;343
2635;786435;196523;4;343
2636;786778;481;1635;343
2637;787121;6449;122;343
2638;787464;416;1892;392
2639;787856;787513;1;343
2640;788199;656;1201;343
2641;788542;262733;3;343
2642;788885;394271;2;343
2643;789228;9281;85;343
2644;789571;396;1993;343
2645;789914;14627;54;56
2646;789970;263209;3;343
2647;790313;394;2005;343
2648;790656;46489;17;343
2649;790999;348;2272;343
2650;791342;71909;11;343
2651;791685;395671;2;343
2652;792028;197909;4;392
2653;792420;377;2101;343
2654;792763;470;1686;343
2655;793106;3317;239;343
2656;793449;541;1466;343
2657;793792;29387;27;343
2658;794135;628;1264;343
2659;794478;20897;38;392
2660;794870;8191;97;343
2661;795213;505;1574;343
2662;795556;447;1779;343
2663;795899;3371;236;343
2664;796242;61223;13;343
2665;796585;132707;6;343
2666;796928;414;1924;392
2667;797320;5209;153;343
2668;797663;620;1286;343
2669;798006;439;1817;343
2670;798349;642;1243;343
2671;798692;21577;37;343
2672;799035;199673;4;343
2673;799378;399493;2;392
2674;799770;799427;1;343
2675;800113;503;1590;343
2676;800456;800113;1;343
2677;800799;100057;8;343
2678;801142;266933;3;343
2679;801485;23563;34;343
2680;801828;764;1049;392
2681;802220;25867;31;343
2682;802563;40111;20;343
2683;802906;267521;3;343
2684;803249;30881;26;343
2685;803592;7507;107;343
2686;803935;11161;72;343
2687;804278;133981;6;392
2688;804670;411;1957;343
2689;805013;670;1201;343
2690;805356;6653;121;343
2691;805699;7457;108;343
2692;806042;3613;223;343
2693;806385;467;1726;343
2694;806728;50417;16;56
2695;806784;2393;337;343
2696;807127;352;2292;343
2697;807470;807127;1;343
2698;807813;80747;10;343
2699;808156;9973;81;343
2700;808499;562;1438;343
2701;808842;437;1850;392
2702;809234;12073;67;343
2703;809577;23801;34;343
2704;809920;3911;207;343
2705;810263;2531;320;343
2706;810606;359;2257;343
2707;810949;135101;6;343
2708;811292;425;1908;392
2709;811684;90149;9;343
2710;812027;202921;4;343
2711;812370;11437;71;343
2712;812713;390;2083;343
2713;813056;73883;11;343
2714;813399;397;2048;343
2715;813742;16267;50;392
2716;814134;443;1837;343
2717;814477;2887;282;343
2718;814820;814477;1;343
2719;815163;524;1555;343
2720;815506;489;1667;343
2721;815849;5743;142;343
2722;816192;4079;200;392
2723;816584;13381;61;343
2724;816927;412;1982;343
2725;817270;887;921;343
2726;817613;81727;10;343
2727;817956;8429;97;343
2728;818299;22721;36;343
2729;818642;750;1091;392
2730;819034;813;1007;343
2731;819377;409517;2;343
2732;819720;63029;13;343
2733;820063;345;2376;343
2734;820406;48239;17;343
2735;820749;410203;2;343
2736;821092;566;1450;392
2737;821484;22193;37;343
2738;821827;684;1201;343
2739;822170;821827;1;343
2740;822513;82217;10;343
2741;822856;274171;3;343
2742;823199;584;1409;343
2743;823542;4;205885;2
2744;823544;2850;288;2744
2745;826288;3644;226;2744
2746;829032;4804;172;2744
2747;831776;34543;24;2744
2748;834520;2992;278;2744
2749;837264;3365;248;2744
2750;840008;4373;192;392
2751;840400;104707;8;2744
2752;843144;3056;275;2744
2753;845888;3268;258;2744
2754;848632;13217;64;2744
2755;851376;2867;296;2744
2756;854120;17737;48;2744
2757;856864;604;1418;392
2758;857256;53407;16;2744
2759;860000;3106;276;2744
2760;862744;3440;250;2744
2761;865488;107843;8;2744
2762;868232;2774;312;2744
2763;870976;108529;8;2744
2764;873720;54583;16;392
2765;874112;36307;24;2744
2766;876856;6829;128;2744
2767;879600;5098;172;2744
2768;882344;2932;300;2744
2769;885088;4162;212;2744
2770;887832;3254;272;2744
2771;890576;696;1279;392
2772;890968;5416;164;2744
2773;893712;5272;169;2744
2774;896456;3464;258;2744
2775;899200;3674;244;2744
2776;901944;2810;320;2744
2777;904688;12527;72;2744
2778;907432;5669;160;392
2779;907824;3740;242;2744
2780;910568;18913;48;2744
2781;913312;5294;172;2744
2782;916056;28541;32;2744
2783;918800;4241;216;2744
2784;921544;4594;200;2744
2785;924288;424;2179;392
2786;924680;19207;48;2744
2787;927424;23117;40;2744
2788;930168;2752;337;2744
2789;932912;12919;72;2744
2790;935656;3184;293;2744
2791;938400;3161;296;2744
2792;941144;96;9803;56
2793;941200;117307;8;2744
2794;943944;2896;325;2744
2795;946688;3189;296;2744
2796;949432;2752;344;2744
2797;952176;10789;88;2744
2798;954920;2868;332;2744
2799;957664;119659;8;392
2800;958056;59707;16;2744
2801;960800;3629;264;2744
2802;963544;4804;200;2744
2803;966288;2801;344;2744
2804;969032;2946;328;2744
2805;971776;5444;178;2744
2806;974520;428;2276;392
2807;974912;40507;24;2744
2808;977656;15233;64;2744
2809;980400;122207;8;2744
2810;983144;2850;344;2744
2811;985888;7229;136;2744
2812;988632;30809;32;2744
2813;991376;471;2104;392
2814;991768;3988;248;2744
2815;994512;3284;302;2744
2816;997256;20719;48;2744
2817;1000000;2899;344;2744
2818;1002744;3125;320;2744
2819;1005488;2932;342;2744
2820;1008232;6299;160;392
2821;1008624;25147;40;2744
2822;1011368;21013;48;2744
2823;1014112;126421;8;2744
2824;1016856;2881;352;2744
2825;1019600;2922;348;2744
2826;1022344;5098;200;2744
2827;1025088;5569;184;392
2828;1025480;3278;312;2744
2829;1028224;3308;310;2744
2830;1030968;3712;277;2744
2831;1033712;2997;344;2744
2832;1036456;2809;368;2744
2833;1039200;7621;136;2744
2834;1041944;432;2411;392
2835;1042336;4481;232;2744
2836;1045080;32573;32;2744
2837;1047824;2903;360;2744
2838;1050568;3046;344;2744
2839;1053312;131321;8;2744
2840;1056056;3376;312;2744
2841;1058800;89;11896;56
2842;1058856;3544;298;2744
2843;1061600;44119;24;2744
2844;1064344;5308;200;2744
2845;1067088;4568;233;2744
2846;1069832;2838;376;2744
2847;1072576;3092;346;2744
2848;1075320;508;2116;392
2849;1075712;2964;362;2744
2850;1078456;2816;382;2744
2851;1081200;134807;8;2744
2852;1083944;3180;340;2744
2853;1086688;3151;344;2744
2854;1089432;4684;232;2744
2855;1092176;45491;24;392
2856;1092568;34057;32;2744
2857;1095312;3331;328;2744
2858;1098056;3603;304;2744
2859;1100800;4733;232;2744
2860;1103544;2752;400;2744
2861;1106288;2808;393;2744
2862;1109032;410;2704;392
2863;1109424;2920;379;2744
2864;1112168;3188;348;2744
2865;1114912;139021;8;2744
2866;1117656;34841;32;2744
2867;1120400;2888;387;2744
2868;1123144;2801;400;2744
2869;1125888;523;2152;392
2870;1126280;3156;356;2744
2871;1129024;3044;370;2744
2872;1131768;3068;368;2744
2873;1134512;2858;396;2744
2874;1137256;2924;388;2744
2875;1140000;142157;8;2744
2876;1142744;7933;144;392
2877;1143136;12959;88;2744
2878;1145880;4112;278;2744
2879;1148624;3183;360;2744
2880;1151368;71789;16;2744
2881;1154112;3347;344;2744
2882;1156856;6011;192;2744
2883;1159600;3083;376;392
2884;1159992;9041;128;2744
2885;1162736;16111;72;2744
2886;1165480;72671;16;2744
2887;1168224;29137;40;2744
2888;1170968;3396;344;2744
2889;1173712;2972;394;2744
2890;1176456;68;17300;56
2891;1176512;48907;24;2744
2892;1179256;4744;248;2744
2893;1182000;3016;391;2744
2894;1184744;2955;400;2744
2895;1187488;13463;88;2744
2896;1190232;3452;344;2744
2897;1192976;408;2923;392
2898;1193368;5132;232;2744
2899;1196112;3124;382;2744
2900;1198856;24919;48;2744
2901;1201600;4328;277;2744
2902;1204344;3004;400;2744
2903;1207088;3096;389;2744
2904;1209832;7559;160;392
2905;1210224;30187;40;2744
2906;1212968;3981;304;2744
2907;1215712;4154;292;2744
2908;1218456;37991;32;2744
2909;1221200;5641;216;2744
2910;1223944;2840;430;2744
2911;1226688;153287;8;392
2912;1227080;3327;368;2744
2913;1229824;30677;40;2744
2914;1232568;4804;256;2744
2915;1235312;2907;424;2744
2916;1238056;5939;208;2744
2917;1240800;3599;344;2744
2918;1243544;534;2328;392
2919;1243936;2746;452;2744
2920;1246680;38873;32;2744
2921;1249424;3463;360;2744
2922;1252168;3664;341;2744
2923;1254912;156521;8;2744
2924;1257656;2752;456;2744
2925;1260400;478;2636;392
2926;1260792;3574;352;2744
2927;1263536;2808;449;2744
2928;1266280;4024;314;2744
2929;1269024;31657;40;2744
2930;1271768;13219;96;2744
2931;1274512;3697;344;2744
2932;1277256;562;2272;392
2933;1277648;17707;72;2744
2934;1280392;3398;376;2744
2935;1283136;160049;8;2744
2936;1285880;3912;328;2744
2937;1288624;3782;340;2744
2938;1291368;3746;344;2744
2939;1294112;72;17973;56
2940;1294168;40357;32;2744
2941;1296912;161771;8;2744
2942;1299656;3954;328;2744
2943;1302400;162457;8;2744
2944;1305144;2960;440;2744
2945;1307888;18127;72;2744
2946;1310632;431;3040;392
2947;1311024;32707;40;2744
2948;1313768;3056;429;2744
2949;1316512;3386;388;2744
2950;1319256;41141;32;2744
2951;1322000;3012;438;2744
2952;1324744;3305;400;2744
2953;1327488;165887;8;392
2954;1327880;2906;456;2744
2955;1330624;2984;445;2744
2956;1333368;4892;272;2744
2957;1336112;6173;216;2744
2958;1338856;2956;452;2744
2959;1341600;3314;404;2744
2960;1344344;408;3294;392
2961;1344736;4952;271;2744
2962;1347480;42023;32;2744
2963;1350224;2955;456;2744
2964;1352968;84389;16;2744
2965;1355712;5164;262;2744
2966;1358456;3684;368;2744
2967;1361200;170101;8;392
2968;1361592;5308;256;2744
2969;1364336;18911;72;2744
2970;1367080;4804;284;2744
2971;1369824;2860;478;2744
2972;1372568;3004;456;2744
2973;1375312;171571;8;2744
2974;1378056;458;3008;392
2975;1378448;3474;396;2744
2976;1381192;3412;404;2744
2977;1383936;172649;8;2744
2978;1386680;3264;424;2744
2979;1389424;34667;40;2744
2980;1392168;4694;296;2744
2981;1394912;11621;120;392
2982;1395304;3380;412;2744
2983;1398048;174413;8;2744
2984;1400792;14563;96;2744
2985;1403536;4232;331;2744
2986;1406280;87721;16;2744
2987;1409024;11719;120;2744
2988;1411768;64;22058;56
2989;1411824;35227;40;2744
2990;1414568;3216;439;2744
2991;1417312;4684;302;2744
2992;1420056;3407;416;2744
2993;1422800;2904;489;2744
2994;1425544;3557;400;2744
2995;1428288;178487;8;392
2996;1428680;2922;488;2744
2997;1431424;3247;440;2744
2998;1434168;3376;424;2744
2999;1436912;19919;72;2744
3000;1439656;2897;496;2744
3001;1442400;179957;8;2744
3002;1445144;474;3048;392
3003;1445536;13873;104;2744
3004;1448280;3184;454;2744
3005;1451024;2980;486;2744
3006;1453768;3943;368;2744
3007;1456512;181721;8;2744
3008;1459256;3793;384;2744
3009;1462000;182701;8;392
3010;1462392;22807;64;2744
3011;1465136;3207;456;2744
3012;1467880;91571;16;2744
3013;1470624;36697;40;2744
3014;1473368;15319;96;2744
3015;1476112;3224;457;2744
3016;1478856;416;3554;392
3017;1479248;20507;72;2744
3018;1481992;3134;472;2744
3019;1484736;5128;289;2744
3020;1487480;2812;528;2744
3021;1490224;3628;410;2744
3022;1492968;93139;16;2744
3023;1495712;408;3665;392
3024;1496104;3394;440;2744
3025;1498848;3979;376;2744
3026;1501592;3603;416;2744
3027;1504336;187699;8;2744
3028;1507080;4504;334;2744
3029;1509824;3305;456;2744
3030;1512568;464;3259;392
3031;1512960;4856;311;2744
3032;1515704;2955;512;2744
3033;1518448;189463;8;2744
3034;1521192;94903;16;2744
3035;1523936;2892;526;2744
3036;1526680;47623;32;2744
3037;1529424;106;14428;56
3038;1529480;3742;408;2744
3039;1532224;38237;40;2744
3040;1534968;2848;538;2744
3041;1537712;21319;72;2744
3042;1540456;8737;176;2744
3043;1543200;192557;8;2744
3044;1545944;10733;144;392
3045;1546336;192949;8;2744
3046;1549080;3056;506;2744
3047;1551824;2979;520;2744
3048;1554568;96989;16;2744
3049;1557312;4904;317;2744
3050;1560056;8111;192;2744
3051;1562800;541;2888;392
3052;1563192;4672;334;2744
3053;1565936;7237;216;2744
3054;1568680;97871;16;2744
3055;1571424;39217;40;2744
3056;1574168;16369;96;2744
3057;1576912;196771;8;2744
3058;1579656;398;3968;392
3059;1580048;3459;456;2744
3060;1582792;5032;314;2744
3061;1585536;3733;424;2744
3062;1588280;4129;384;2744
3063;1591024;3365;472;2744
3064;1593768;99439;16;2744
3065;1596512;470;3396;392
3066;1596904;19927;80;2744
3067;1599648;3464;461;2744
3068;1602392;3508;456;2744
3069;1605136;2882;556;2744
3070;1607880;7717;208;2744
3071;1610624;13399;120;2744
3072;1613368;100811;16;392
3073;1613760;18307;88;2744
3074;1616504;3280;492;2744
3075;1619248;202063;8;2744
3076;1621992;101203;16;2744
3077;1624736;3557;456;2744
3078;1627480;50773;32;2744
3079;1630224;4969;328;392
3080;1630616;2976;547;2744
3081;1633360;15679;104;2744
3082;1636104;4804;340;2744
3083;1638848;68171;24;2744
3084;1641592;3532;464;2744
3085;1644336;5228;314;2744
3086;1647080;9;183008;8
3087;1647088;4238;388;2744
3088;1649832;3644;452;2744
3089;1652576;68743;24;2744
3090;1655320;4804;344;2744
3091;1658064;2854;580;2744
3092;1660808;34543;48;2744
3093;1663552;41579;40;392
3094;1663944;4153;400;2744
3095;1666688;3116;534;2744
3096;1669432;3592;464;2744
3097;1672176;3956;422;2744
3098;1674920;3167;528;2744
3099;1677664;3221;520;2744
3100;1680408;394;4264;392
3101;1680800;4822;348;2744
3102;1683544;3056;550;2744
3103;1686288;12379;136;2744
3104;1689032;3268;516;2744
3105;1691776;211129;8;2744
3106;1694520;13217;128;2744
3107;1697264;408;4159;392
3108;1697656;2984;568;2744
3109;1700400;212207;8;2744
3110;1703144;2834;600;2744
3111;1705888;4951;344;2744
3112;1708632;53309;32;2744
3113;1711376;3747;456;2744
3114;1714120;26777;64;392
3115;1714512;5783;296;2744
3116;1717256;3106;552;2744
3117;1720000;214657;8;2744
3118;1722744;2752;625;2744
3119;1725488;3033;568;2744
3120;1728232;107843;16;2744
3121;1730976;548;3158;392
3122;1731368;36013;48;2744
3123;1734112;216421;8;2744
3124;1736856;4612;376;2744
3125;1739600;2838;612;2744
3126;1742344;4349;400;2744
3127;1745088;217793;8;2744
3128;1747832;432;4045;392
3129;1748224;3967;440;2744
3130;1750968;6829;256;2744
3131;1753712;2988;586;2744
3132;1756456;5098;344;2744
3133;1759200;16889;104;2744
3134;1761944;2932;600;2744
3135;1764688;220579;8;56
3136;1764744;3524;500;2744
3137;1767488;3174;556;2744
3138;1770232;27617;64;2744
3139;1772976;2801;632;2744
3140;1775720;3436;516;2744
3141;1778464;3448;515;2744
3142;1781208;111301;16;392
3143;1781600;3154;564;2744
3144;1784344;3275;544;2744
3145;1787088;3329;536;2744
3146;1789832;3603;496;2744
3147;1792576;3698;484;2744
3148;1795320;3028;592;2744
3149;1798064;74903;24;392
3150;1798456;14029;128;2744
3151;1801200;4202;428;2744
3152;1803944;2850;632;2744
3153;1806688;225493;8;2744
3154;1809432;3232;559;2744
3155;1812176;8377;216;2744
3156;1814920;443;4096;392
3157;1815312;226571;8;2744
3158;1818056;2832;641;2744
3159;1820800;227257;8;2744
3160;1823544;2845;640;2744
3161;1826288;3096;589;2744
3162;1829032;114143;16;2744
3163;1831776;228923;8;392
3164;1832168;38113;48;2744
3165;1834912;2899;632;2744
3166;1837656;3373;544;2744
3167;1840400;25523;72;2744
3168;1843144;3440;535;2744
3169;1845888;230393;8;2744
3170;1848632;408;4530;392
3171;1849024;3656;505;2744
3172;1851768;2768;668;2744
3173;1854512;8573;216;2744
3174;1857256;2827;656;2744
3175;1860000;5399;344;2744
3176;1862744;2976;625;2744
3177;1865488;6301;296;392
3178;1865880;2948;632;2744
3179;1868624;2840;657;2744
3180;1871368;116789;16;2744
3181;1874112;233921;8;2744
3182;1876856;2752;681;2744
3183;1879600;3316;566;2744
3184;1882344;117643;16;56
3185;1882400;3252;578;2744
3186;1885144;2896;650;2744
3187;1887888;3863;488;2744
3188;1890632;3189;592;2744
3189;1893376;236329;8;2744
3190;1896120;2752;688;2744
3191;1898864;79103;24;392
3192;1899256;29633;64;2744
3193;1902000;4772;398;2744
3194;1904744;3000;634;2744
3195;1907488;238093;8;2744
3196;1910232;5419;352;2744
3197;1912976;3096;617;2744
3198;1915720;29927;64;392
3199;1916112;239171;8;2744
3200;1918856;3056;627;2744
3201;1921600;239857;8;2744
3202;1924344;4804;400;2744
3203;1927088;3186;604;2744
3204;1929832;2801;688;2744
3205;1932576;10501;184;392
3206;1932968;40213;48;2744
3207;1935712;3961;488;2744
3208;1938456;3856;502;2744
3209;1941200;2834;684;2744
3210;1943944;3376;575;2744
3211;1946688;5651;344;2744
3212;1949432;720;2707;392
3213;1949824;48677;40;2744
3214;1952568;15233;128;2744
3215;1955312;3384;577;2744
3216;1958056;122207;16;2744
3217;1960800;3148;622;2744
3218;1963544;2850;688;2744
3219;1966288;7927;248;392
3220;1966680;4721;416;2744
3221;1969424;3035;648;2744
3222;1972168;2966;664;2744
3223;1974912;3212;614;2744
3224;1977656;3336;592;2744
3225;1980400;5749;344;2744
3226;1983144;61961;32;392
3227;1983536;2952;671;2744
3228;1986280;3284;604;2744
3229;1989024;2921;680;2744
3230;1991768;20719;96;2744
3231;1994512;248971;8;2744
3232;1997256;2899;688;2744
3233;2000000;72;27777;56
3234;2000056;3008;664;2744
3235;2002800;250007;8;2744
3236;2005544;3338;600;2744
3237;2008288;250693;8;2744
3238;2011032;3104;647;2744
3239;2013776;3162;636;2744
3240;2016520;608;3316;392
3241;2016912;2782;724;2744
3242;2019656;42019;48;2744
3243;2022400;252457;8;2744
3244;2025144;3160;640;2744
3245;2027888;5114;396;2744
3246;2030632;126743;16;2744
3247;2033376;398;5108;392
3248;2033768;3144;646;2744
3249;2036512;4202;484;2744
3250;2039256;2767;736;2744
3251;2042000;3147;648;2744
3252;2044744;4084;500;2744
3253;2047488;19661;104;2744
3254;2050232;432;4745;392
3255;2050624;51197;40;2744
3256;2053368;2864;716;2744
3257;2056112;2844;722;2744
3258;2058856;4804;428;2744
3259;2061600;6277;328;2744
3260;2064344;3436;600;2744
3261;2067088;258337;8;392
3262;2067480;3616;571;2744
3263;2070224;5743;360;2744
3264;2072968;3497;592;2744
3265;2075712;259121;8;2744
3266;2078456;3414;608;2744
3267;2081200;3559;584;2744
3268;2083944;65111;32;392
3269;2084336;3352;621;2744
3270;2087080;3298;632;2744
3271;2089824;52177;40;2744
3272;2092568;3958;528;2744
3273;2095312;2939;712;2744
3274;2098056;130957;16;2744
3275;2100800;87517;24;392
3276;2101192;11923;176;2744
3277;2103936;262649;8;2744
3278;2106680;5479;384;2744
3279;2109424;52667;40;2744
3280;2112168;131839;16;2744
3281;2114912;88007;24;2744
3282;2117656;80;26470;56
3283;2117712;264371;8;2744
3284;2120456;44119;48;2744
3285;2123200;20389;104;2744
3286;2125944;5308;400;2744
3287;2128688;29527;72;2744
3288;2131432;3728;571;2744
3289;2134176;436;4894;392
3290;2134568;3862;552;2744
3291;2137312;266821;8;2744
3292;2140056;66791;32;2744
3293;2142800;29723;72;2744
3294;2145544;3896;550;2744
3295;2148288;3988;538;2744
3296;2151032;412;5220;392
3297;2151424;53717;40;2744
3298;2154168;2816;764;2744
3299;2156912;9973;216;2744
3300;2159656;134807;16;2744
3301;2162400;4778;452;2744
3302;2165144;3180;680;2744
3303;2167888;270937;8;392
3304;2168280;3658;592;2744
3305;2171024;2853;760;2744
3306;2173768;2887;752;2744
3307;2176512;3334;652;2744
3308;2179256;2834;768;2744
3309;2182000;272407;8;2744
3310;2184744;68261;32;392
3311;2185136;3566;612;2744
3312;2187880;3331;656;2744
3313;2190624;3295;664;2744
3314;2193368;3603;608;2744
3315;2196112;274171;8;2744
3316;2198856;4733;464;2744
3317;2201600;492;4474;392
3318;2201992;137453;16;2744
3319;2204736;3224;683;2744
3320;2207480;11483;192;2744
3321;2210224;3190;692;2744
3322;2212968;138139;16;2744
3323;2215712;3496;633;2744
3324;2218456;138629;16;392
3325;2218848;25183;88;2744
3326;2221592;2784;797;2744
3327;2224336;4054;548;2744
3328;2227080;139021;16;2744
3329;2229824;2770;804;2744
3330;2232568;34841;64;2744
3331;2235312;279407;8;56
3332;2235368;2892;772;2744
3333;2238112;279421;8;2744
3334;2240856;69941;32;2744
3335;2243600;31123;72;2744
3336;2246344;2840;790;2744
3337;2249088;7589;296;2744
3338;2251832;424;5310;392
3339;2252224;56237;40;2744
3340;2254968;5414;416;2744
3341;2257712;31319;72;2744
3342;2260456;141107;16;2744
3343;2263200;3022;748;2744
3344;2265944;2760;820;2744
3345;2268688;14923;152;392
3346;2269080;70823;32;2744
3347;2271824;2865;792;2744
3348;2274568;5308;428;2744
3349;2277312;3599;632;2744
3350;2280056;2784;818;2744
3351;2282800;285007;8;2744
3352;2285544;71411;32;392
3353;2285936;3338;684;2744
3354;2288680;142871;16;2744
3355;2291424;3946;580;2744
3356;2294168;23869;96;2744
3357;2296912;286771;8;2744
3358;2299656;3226;712;2744
3359;2302400;95917;24;392
3360;2302792;4957;464;2744
3361;2305536;287849;8;2744
3362;2308280;3002;768;2744
3363;2311024;2990;772;2744
3364;2313768;144439;16;2744
3365;2316512;3604;642;2744
3366;2319256;592;3917;392
3367;2319648;5314;436;2744
3368;2322392;3504;662;2744
3369;2325136;4759;488;2744
3370;2327880;4804;484;2744
3371;2330624;3063;760;2744
3372;2333368;4096;569;2744
3373;2336112;58393;40;392
3374;2336504;2805;832;2744
3375;2339248;3697;632;2744
3376;2341992;146203;16;2744
3377;2344736;97583;24;2744
3378;2347480;3118;752;2744
3379;2350224;58687;40;2744
3380;2352968;49019;48;56
3381;2353024;58757;40;2744
3382;2355768;3968;593;2744
3383;2358512;32719;72;2744
3384;2361256;3016;782;2744
3385;2364000;5569;424;2744
3386;2366744;2955;800;2744
3387;2369488;296137;8;392
3388;2369880;73973;32;2744
3389;2372624;3405;696;2744
3390;2375368;4112;577;2744
3391;2378112;296921;8;2744
3392;2380856;3378;704;2744
3393;2383600;297607;8;2744
3394;2386344;74561;32;392
3395;2386736;2808;849;2744
3396;2389480;3056;781;2744
3397;2392224;2914;820;2744
3398;2394968;24919;96;2744
3399;2397712;299371;8;2744
3400;2400456;4328;554;2744
3401;2403200;424;5667;392
3402;2403592;150053;16;2744
3403;2406336;13063;184;2744
3404;2409080;3624;664;2744
3405;2411824;4580;526;2744
3406;2414568;8867;272;2744
3407;2417312;2769;872;2744
3408;2420056;11633;208;392
3409;2420448;302213;8;2744
3410;2423192;3981;608;2744
3411;2425936;2999;808;2744
3412;2428680;4154;584;2744
3413;2431424;3282;740;2744
3414;2434168;37991;64;2744
3415;2436912;60913;40;392
3416;2437304;3170;768;2744
3417;2440048;304663;8;2744
3418;2442792;11731;208;2744
3419;2445536;2922;836;2744
3420;2448280;76423;32;2744
3421;2451024;3155;776;2744
3422;2453768;6389;384;392
3423;2454160;3443;712;2744
3424;2456904;30677;80;2744
3425;2459648;3678;668;2744
3426;2462392;4804;512;2744
3427;2465136;9929;248;2744
3428;2467880;2907;848;2744
3429;2470624;308827;8;8
3430;2470632;154243;16;2744
3431;2473376;3644;678;2744
3432;2476120;4178;592;2744
3433;2478864;3005;824;2744
3434;2481608;3603;688;2744
3435;2484352;13487;184;2744
3436;2487096;398;6248;392
3437;2487488;5449;456;2744
3438;2490232;38867;64;2744
3439;2492976;311279;8;2744
3440;2495720;3732;668;2744
3441;2498464;2902;860;2744
3442;2501208;3832;652;2744
3443;2503952;465;5384;392
3444;2504344;2950;848;2744
3445;2507088;5468;458;2744
3446;2509832;2749;912;2744
3447;2512576;24133;104;2744
3448;2515320;2752;913;2744
3449;2518064;3060;822;2744
3450;2520808;632;3988;392
3451;2521200;314807;8;2744
3452;2523944;2865;880;2744
3453;2526688;315493;8;2744
3454;2529432;3433;736;2744
3455;2532176;3096;817;2744
3456;2534920;158261;16;2744
3457;2537664;317159;8;392
3458;2538056;2868;884;2744
3459;2540800;317257;8;2744
3460;2543544;3176;800;2744
3461;2546288;35327;72;2744
3462;2549032;3701;688;2744
3463;2551776;318629;8;2744
3464;2554520;17737;144;392
3465;2554912;5084;502;2744
3466;2557656;79841;32;2744
3467;2560400;3947;648;2744
3468;2563144;2768;925;2744
3469;2565888;7451;344;2744
3470;2568632;3084;832;2744
3471;2571376;419;6136;392
3472;2571768;4384;586;2744
3473;2574512;3106;828;2744
3474;2577256;160907;16;2744
3475;2580000;29287;88;2744
3476;2582744;3000;860;2744
3477;2585488;6869;376;2744
3478;2588232;161761;16;56
3479;2588288;8287;312;2744
3480;2591032;4432;584;2744
3481;2593776;323879;8;2744
3482;2596520;54037;48;2744
3483;2599264;2780;934;2744
3484;2602008;3778;688;2744
3485;2604752;440;5919;392
3486;2605144;3253;800;2744
3487;2607888;325643;8;2744
3488;2610632;54331;48;2744
3489;2613376;5531;472;2744
3490;2616120;4804;544;2744
3491;2618864;2795;936;2744
3492;2621608;416;6301;392
3493;2622000;327407;8;2744
3494;2624744;2760;950;2744
3495;2627488;328093;8;2744
3496;2630232;3494;752;2744
3497;2632976;2916;902;2744
3498;2635720;3698;712;2744
3499;2638464;548;4814;392
3500;2638856;54919;48;2744
3501;2641600;3454;764;2744
3502;2644344;3175;832;2744
3503;2647088;3866;684;2744
3504;2649832;165443;16;2744
3505;2652576;7703;344;2744
3506;2655320;412;6444;392
3507;2655712;6257;424;2744
3508;2658456;4486;592;2744
3509;2661200;36923;72;2744
3510;2663944;6653;400;2744
3511;2666688;332993;8;2744
3512;2669432;2752;969;2744
3513;2672176;333973;8;392
3514;2672568;10429;256;2744
3515;2675312;12373;216;2744
3516;2678056;4336;617;2744
3517;2680800;4456;601;2744
3518;2683544;3351;800;2744
3519;2686288;4988;538;2744
3520;2689032;640;4201;392
3521;2689424;3060;878;2744
3522;2692168;168089;16;2744
3523;2694912;336521;8;2744
3524;2697656;2784;968;2744
3525;2700400;25939;104;2744
3526;2703144;3140;860;2744
3527;2705888;72;37581;56
3528;2705944;3100;872;2744
3529;2708688;3272;827;2744
3530;2711432;56431;48;2744
3531;2714176;19937;136;2744
3532;2716920;42409;64;2744
3533;2719664;7547;360;2744
3534;2722408;407;6688;392
3535;2722800;340007;8;2744
3536;2725544;4538;600;2744
3537;2728288;340693;8;2744
3538;2731032;85259;32;2744
3539;2733776;2988;914;2744
3540;2736520;2801;976;2744
3541;2739264;342359;8;392
3542;2739656;3001;912;2744
3543;2742400;11047;248;2744
3544;2745144;3200;857;2744
3545;2747888;3222;852;2744
3546;2750632;4804;572;2744
3547;2753376;343829;8;2744
3548;2756120;432;6379;392
3549;2756512;344221;8;2744
3550;2759256;3056;902;2744
3551;2762000;4034;684;2744
3552;2764744;2762;1000;2744
3553;2767488;2804;986;2744
3554;2770232;7207;384;2744
3555;2772976;428;6478;392
3556;2773368;43291;64;2744
3557;2776112;2963;936;2744
3558;2778856;3088;899;2744
3559;2781600;3581;776;2744
3560;2784344;2850;976;2744
3561;2787088;348043;8;2744
3562;2789832;460;6064;392
3563;2790224;3132;890;2744
3564;2792968;174389;16;2744
3565;2795712;349121;8;2744
3566;2798456;14561;192;2744
3567;2801200;3082;908;2744
3568;2803944;2980;940;2744
3569;2806688;116929;24;392
3570;2807080;3307;848;2744
3571;2809824;70177;40;2744
3572;2812568;29269;96;2744
3573;2815312;4124;682;2744
3574;2818056;2864;983;2744
3575;2820800;6907;408;2744
3576;2823544;64;44117;56
3577;2823600;352607;8;2744
3578;2826344;2896;975;2744
3579;2829088;353293;8;2744
3580;2831832;3352;844;2744
3581;2834576;3189;888;2744
3582;2837320;4321;656;2744
3583;2840064;488;5819;392
3584;2840456;59119;48;2744
3585;2843200;355057;8;2744
3586;2845944;3554;800;2744
3587;2848688;3364;846;2744
3588;2851432;7741;368;2744
3589;2854176;3529;808;2744
3590;2856920;478;5976;392
3591;2857312;356821;8;2744
3592;2860056;3079;928;2744
3593;2862800;13241;216;2744
3594;2865544;3368;850;2744
3595;2868288;32563;88;2744
3596;2871032;14939;192;2744
3597;2873776;772;3722;392
3598;2874168;22433;128;2744
3599;2876912;3438;836;2744
3600;2879656;179807;16;2744
3601;2882400;27689;104;2744
3602;2885144;3603;800;2744
3603;2887888;2753;1048;2744
3604;2890632;512;5645;392
3605;2891024;2840;1017;2744
3606;2893768;3578;808;2744
3607;2896512;15727;184;2744
3608;2899256;3176;912;2744
3609;2902000;362407;8;2744
3610;2904744;2902;1000;2744
3611;2907488;534;5444;392
3612;2907880;13967;208;2744
3613;2910624;2780;1046;2744
3614;2913368;30319;96;2744
3615;2916112;364171;8;2744
3616;2918856;4828;604;2744
3617;2921600;2812;1038;2744
3618;2924344;182747;16;392
3619;2924736;365249;8;2744
3620;2927480;15233;192;2744
3621;2930224;3260;898;2744
3622;2932968;16649;176;2744
3623;2935712;122207;24;2744
3624;2938456;7057;416;2744
3625;2941200;431;6824;56
3626;2941256;4222;696;2744
3627;2944000;3373;872;2744
3628;2946744;2875;1024;2744
3629;2949488;40927;72;2744
3630;2952232;4442;664;2744
3631;2954976;369029;8;2744
3632;2957720;396;7468;392
3633;2958112;4082;724;2744
3634;2960856;3104;953;2744
3635;2963600;2788;1062;2744
3636;2966344;3100;956;2744
3637;2969088;370793;8;2744
3638;2971832;3866;768;2744
3639;2974576;646;4604;392
3640;2974968;46441;64;2744
3641;2977712;4591;648;2744
3642;2980456;186107;16;2744
3643;2983200;3032;983;2744
3644;2985944;2825;1056;2744
3645;2988688;28711;104;2744
3646;2991432;416;7190;392
3647;2991824;2760;1083;2744
3648;2994568;3056;979;2744
3649;2997312;374321;8;2744
3650;3000056;2796;1072;2744
3651;3002800;12097;248;2744
3652;3005544;7507;400;2744
3653;3008288;125329;24;392
3654;3008680;187871;16;2744
3655;3011424;75217;40;2744
3656;3014168;2964;1016;2744
3657;3016912;4792;629;2744
3658;3019656;4804;628;2744
3659;3022400;5354;564;2744
3660;3025144;632;4786;392
3661;3025536;2984;1013;2744
3662;3028280;7879;384;2744
3663;3031024;75707;40;2744
3664;3033768;189439;16;2744
3665;3036512;6653;456;2744
3666;3039256;3061;992;2744
3667;3042000;380201;8;392
3668;3042392;31663;96;2744
3669;3045136;380299;8;2744
3670;3047880;190321;16;2744
3671;3050624;4618;660;2744
3672;3053368;23833;128;2744
3673;3056112;6469;472;2744
3674;3058856;60;50980;56
3675;3058912;382021;8;2744
3676;3061656;5623;544;2744
3677;3064400;3271;936;2744
3678;3067144;3260;940;2744
3679;3069888;383393;8;2744
3680;3072632;2832;1084;2744
3681;3075376;421;7304;392
3682;3075768;3001;1024;2744
3683;3078512;42719;72;2744
3684;3081256;192407;16;2744
3685;3084000;4792;643;2744
3686;3086744;3000;1028;2744
3687;3089488;385843;8;2744
3688;3092232;640;4831;392
3689;3092624;2861;1080;2744
3690;3095368;4528;683;2744
3691;3098112;386921;8;2744
3692;3100856;4034;768;2744
3693;3103600;3674;844;2744
3694;3106344;7759;400;2744
3695;3109088;129529;24;392
3696;3109480;2764;1124;2744
3697;3112224;3256;955;2744
3698;3114968;3814;816;2744
3699;3117712;3208;971;2744
3700;3120456;4612;676;2744
3701;3123200;5653;552;2744
3702;3125944;11491;272;392
3703;3126336;390449;8;2744
3704;3129080;3428;912;2744
3705;3131824;2855;1096;2744
3706;3134568;195739;16;2744
3707;3137312;2991;1048;2744
3708;3140056;98041;32;2744
3709;3142800;12671;248;392
3710;3143192;32713;96;2744
3711;3145936;30223;104;2744
3712;3148680;2824;1114;2744
3713;3151424;2762;1140;2744
3714;3154168;4804;656;2744
3715;3156912;394271;8;2744
3716;3159656;32909;96;392
3717;3160048;2804;1126;2744
3718;3162792;5008;631;2744
3719;3165536;131783;24;2744
3720;3168280;2992;1058;2744
3721;3171024;3076;1030;2744
3722;3173768;2888;1098;2744
3723;3176512;397057;8;56
3724;3176568;3232;982;2744
3725;3179312;44119;72;2744
3726;3182056;3646;872;2744
3727;3184800;397757;8;2744
3728;3187544;3981;800;2744
3729;3190288;12853;248;2744
3730;3193032;440;7256;392
3731;3193424;8863;360;2744
3732;3196168;4724;676;2744
3733;3198912;4489;712;2744
3734;3201656;16661;192;2744
3735;3204400;400207;8;2744
3736;3207144;8011;400;2744
3737;3209888;519;6184;392
3738;3210280;4912;653;2744
3739;3213024;4721;680;2744
3740;3215768;33469;96;2744
3741;3218512;17477;184;2744
3742;3221256;18287;176;2744
3743;3224000;134219;24;2744
3744;3226744;10613;304;392
3745;3227136;403049;8;2744
3746;3229880;2816;1146;2744
3747;3232624;80747;40;2744
3748;3235368;2876;1124;2744
3749;3238112;134807;24;2744
3750;3240856;4306;752;2744
3751;3243600;405401;8;392
3752;3243992;3554;912;2744
3753;3246736;405499;8;2744
3754;3249480;202921;16;2744
3755;3252224;4166;780;2744
3756;3254968;3176;1024;2744
3757;3257712;3242;1004;2744
3758;3260456;464;7026;392
3759;3260848;407263;8;2744
3760;3263592;8861;368;2744
3761;3266336;3368;969;2744
3762;3269080;3296;991;2744
3763;3271824;81727;40;2744
3764;3274568;22721;144;2744
3765;3277312;395;8296;392
3766;3277704;3055;1072;2744
3767;3280448;3331;984;2744
3768;3283192;51257;64;2744
3769;3285936;37309;88;2744
3770;3288680;3603;912;2744
3771;3291424;82217;40;2744
3772;3294168;10;329416;8
3773;3294176;137143;24;2744
3774;3296920;3616;911;2744
3775;3299664;2794;1180;2744
3776;3302408;68743;48;2744
3777;3305152;8783;376;2744
3778;3307896;2752;1201;2744
3779;3310640;137927;24;392
3780;3311032;12923;256;2744
3781;3313776;413879;8;2744
3782;3316520;3144;1054;2744
3783;3319264;82913;40;2744
3784;3322008;3232;1027;2744
3785;3324752;3096;1073;2744
3786;3327496;544;6116;392
3787;3327888;415643;8;2744
3788;3330632;3116;1068;2744
3789;3333376;3166;1052;2744
3790;3336120;3592;928;2744
3791;3338864;3089;1080;2744
3792;3341608;3376;989;2744
3793;3344352;410;8156;392
3794;3344744;2785;1200;2744
3795;3347488;3016;1109;2744
3796;3350232;2866;1168;2744
3797;3352976;2844;1178;2744
3798;3355720;19051;176;2744
3799;3358464;3902;860;2744
3800;3361208;23339;144;392
3801;3361600;4157;808;2744
3802;3364344;3056;1100;2744
3803;3367088;46727;72;2744
3804;3369832;12379;272;2744
3805;3372576;6287;536;2744
3806;3375320;3268;1032;2744
3807;3378064;422209;8;392
3808;3378456;105491;32;2744
3809;3381200;15641;216;2744
3810;3383944;3160;1070;2744
3811;3386688;2776;1219;2744
3812;3389432;2976;1138;2744
3813;3392176;5074;668;2744
3814;3394920;488;6956;392
3815;3395312;47119;72;2744
3816;3398056;212207;16;2744
3817;3400800;424757;8;2744
3818;3403544;2834;1200;2744
3819;3406288;425443;8;2744
3820;3409032;4951;688;2744
3821;3411776;60;56862;56
3822;3411832;53267;64;2744
3823;3414576;25087;136;2744
3824;3417320;3568;957;2744
3825;3420064;4618;740;2744
3826;3422808;106877;32;2744
3827;3425552;2776;1233;2744
3828;3428296;608;5638;392
3829;3428688;14767;232;2744
3830;3431432;2928;1171;2744
3831;3434176;8093;424;2744
3832;3436920;4666;736;2744
3833;3439664;9547;360;2744
3834;3442408;2864;1201;2744
3835;3445152;440;7829;392
3836;3445544;2850;1208;2744
3837;3448288;5158;668;2744
3838;3451032;3152;1094;2744
3839;3453776;2808;1229;2744
3840;3456520;2957;1168;2744
3841;3459264;86413;40;2744
3842;3462008;432;8013;392
3843;3462400;432457;8;2744
3844;3465144;3200;1082;2744
3845;3467888;2831;1224;2744
3846;3470632;216743;16;2744
3847;3473376;39439;88;2744
3848;3476120;2984;1164;2744
3849;3478864;25577;136;392
3850;3479256;3172;1096;2744
3851;3482000;3036;1146;2744
3852;3484744;3482;1000;2744
3853;3487488;435593;8;2744
3854;3490232;2868;1216;2744
3855;3492976;436279;8;2744
3856;3495720;109229;32;392
3857;3496112;2916;1198;2744
3858;3498856;2824;1238;2744
3859;3501600;437357;8;2744
3860;3504344;2918;1200;2744
3861;3507088;11839;296;2744
3862;3509832;5188;676;2744
3863;3512576;11257;312;392
3864;3512968;219389;16;2744
3865;3515712;9343;376;2744
3866;3518456;18311;192;2744
3867;3521200;2788;1262;2744
3868;3523944;8803;400;2744
3869;3526688;2872;1227;2744
3870;3529432;106;33296;56
3871;3529488;33911;104;2744
3872;3532232;3174;1112;2744
3873;3534976;3608;979;2744
3874;3537720;27617;128;2744
3875;3540464;2790;1268;2744
3876;3543208;2801;1264;2744
3877;3545952;548;6470;392
3878;3546344;2953;1200;2744
3879;3549088;443293;8;2744
3880;3551832;110909;32;2744
3881;3554576;49331;72;2744
3882;3557320;222161;16;2744
3883;3560064;6841;520;2744
3884;3562808;396;8996;392
3885;3563200;2972;1198;2744
3886;3565944;3275;1088;2744
3887;3568688;5503;648;2744
3888;3571432;3329;1072;2744
3889;3574176;5651;632;2744
3890;3576920;2976;1201;2744
3891;3579664;447409;8;392
3892;3580056;111791;32;2744
3893;3582800;5234;684;2744
3894;3585544;2756;1300;2744
3895;3588288;448193;8;2744
3896;3591032;3398;1056;2744
3897;3593776;448879;8;2744
3898;3596520;436;8248;392
3899;3596912;49919;72;2744
3900;3599656;3056;1177;2744
3901;3602400;12161;296;2744
3902;3605144;2850;1264;2744
3903;3607888;450643;8;2744
3904;3610632;225493;16;2744
3905;3613376;564;6406;392
3906;3613768;225689;16;2744
3907;3616512;4586;788;2744
3908;3619256;3264;1108;2744
3909;3622000;3112;1163;2744
3910;3624744;3622;1000;2744
3911;3627488;7949;456;2744
3912;3630232;578;6280;392
3913;3630624;90697;40;2744
3914;3633368;2832;1282;2744
3915;3636112;5749;632;2744
3916;3638856;227257;16;2744
3917;3641600;2782;1308;2744
3918;3644344;2845;1280;2744
3919;3647088;82;44476;56
3920;3647144;3037;1200;2744
3921;3649888;7727;472;2744
3922;3652632;10369;352;2744
3923;3655376;3138;1164;2744
3924;3658120;228461;16;2744
3925;3660864;91453;40;2744
3926;3663608;25439;144;392
3927;3664000;26921;136;2744
3928;3666744;3200;1145;2744
3929;3669488;3048;1203;2744
3930;3672232;229343;16;2744
3931;3674976;459029;8;2744
3932;3677720;38281;96;2744
3933;3680464;418;8804;392
3934;3680856;114941;32;2744
3935;3683600;17041;216;2744
3936;3686344;9209;400;2744
3937;3689088;460793;8;2744
3938;3691832;2956;1248;2744
3939;3694576;461479;8;2744
3940;3697320;736;5023;392
3941;3697712;2774;1332;2744
3942;3700456;231107;16;2744
3943;3703200;462557;8;2744
3944;3705944;3086;1200;2744
3945;3708688;3662;1012;2744
3946;3711432;3088;1201;2744
3947;3714176;542;6852;392
3948;3714568;4106;904;2744
3949;3717312;3247;1144;2744
3950;3720056;3057;1216;2744
3951;3722800;465007;8;2744
3952;3725544;3280;1135;2744
3953;3728288;155231;24;2744
3954;3731032;46633;80;392
3955;3731424;3007;1240;2744
3956;3734168;3308;1128;2744
3957;3736912;8807;424;2744
3958;3739656;233557;16;2744
3959;3742400;3336;1121;2744
3960;3745144;4678;800;2744
3961;3747888;557;6728;392
3962;3748280;4877;768;2744
3963;3751024;3320;1129;2744
3964;3753768;10193;368;2744
3965;3756512;2748;1366;2744
3966;3759256;2848;1319;2744
3967;3762000;469907;8;2744
3968;3764744;107;35184;56
3969;3764800;3368;1117;2744
3970;3767544;2896;1300;2744
3971;3770288;2948;1278;2744
3972;3773032;3863;976;2744
3973;3775776;3758;1004;2744
3974;3778520;3189;1184;2744
3975;3781264;586;6452;392
3976;3781656;3512;1076;2744
3977;3784400;2973;1272;2744
3978;3787144;9461;400;2744
3979;3789888;3418;1108;2744
3980;3792632;19739;192;2744
3981;3795376;2824;1343;2744
3982;3798120;10789;352;392
3983;3798512;17573;216;2744
3984;3801256;3184;1193;2744
3985;3804000;3358;1132;2744
3986;3806744;3000;1268;2744
3987;3809488;4211;904;2744
3988;3812232;238093;16;2744
3989;3814976;158941;24;392
3990;3815368;3638;1048;2744
3991;3818112;476921;8;2744
3992;3820856;2928;1304;2744
3993;3823600;36739;104;2744
3994;3826344;3025;1264;2744
3995;3829088;159431;24;2744
3996;3831832;470;8152;392
3997;3832224;95737;40;2744
3998;3834968;3056;1254;2744
3999;3837712;479371;8;2744
4000;3840456;239857;16;2744
4001;3843200;160019;24;2744
4002;3845944;3200;1201;2744
4003;3848688;13001;296;392
4004;3849080;3082;1248;2744
4005;3851824;4694;820;2744
4006;3854568;240739;16;2744
4007;3857312;3002;1284;2744
4008;3860056;3236;1192;2744
4009;3862800;482507;8;2744
4010;3865544;491;7872;392
4011;3865936;482899;8;2744
4012;3868680;3728;1037;2744
4013;3871424;3090;1252;2744
4014;3874168;3856;1004;2744
4015;3876912;16699;232;2744
4016;3879656;2834;1368;2744
4017;3882400;149;26056;56
4018;3882456;3911;992;2744
4019;3885200;53923;72;2744
4020;3887944;3532;1100;2744
4021;3890688;485993;8;2744
4022;3893432;3264;1192;2744
4023;3896176;486679;8;2744
4024;3898920;464;8402;392
4025;3899312;3258;1196;2744
4026;3902056;243707;16;2744
4027;3904800;487757;8;2744
4028;3907544;3254;1200;2744
4029;3910288;6691;584;2744
4030;3913032;244393;16;2744
4031;3915776;14831;264;392
4032;3916168;244589;16;2744
4033;3918912;15791;248;2744
4034;3921656;20411;192;2744
4035;3924400;490207;8;2744
4036;3927144;9811;400;2744
4037;3929888;3198;1228;2744
4038;3932632;398;9880;392
4039;3933024;98257;40;2744
4040;3935768;3092;1272;2744
4041;3938512;4871;808;2744
4042;3941256;3467;1136;2744
4043;3944000;14929;264;2744
4044;3946744;2900;1360;2744
4045;3949488;596;6626;392
4046;3949880;3246;1216;2744
4047;3952624;3820;1034;2744
4048;3955368;3224;1226;2744
4049;3958112;5683;696;2744
4050;3960856;3343;1184;2744
4051;3963600;5563;712;2744
4052;3966344;512;7746;392
4053;3966736;29147;136;2744
4054;3969480;2987;1328;2744
4055;3972224;3482;1140;2744
4056;3974968;31033;128;2744
4057;3977712;496871;8;2744
4058;3980456;3312;1201;2744
4059;3983200;497851;8;392
4060;3983592;4217;944;2744
4061;3986336;165983;24;2744
4062;3989080;2776;1436;2744
4063;3991824;3217;1240;2744
4064;3994568;2918;1368;2744
4065;3997312;499321;8;2744
4066;4000056;64;62500;56
4067;4000112;2823;1416;2744
4068;4002856;250007;16;2744
4069;4005600;3499;1144;2744
4070;4008344;3338;1200;2744
4071;4011088;501043;8;2744
4072;4013832;250693;16;2744
4073;4016576;167341;24;392
4074;4016968;250889;16;2744
4075;4019712;502121;8;2744
4076;4022456;5234;768;2744
4077;4025200;502807;8;2744
4078;4027944;2776;1450;2744
4079;4030688;7297;552;2744
4080;4033432;440;9166;392
4081;4033824;2815;1432;2744
4082;4036568;42019;96;2744
4083;4039312;3683;1096;2744
4084;4042056;252457;16;2744
4085;4044800;9907;408;2744
4086;4047544;3160;1280;2744
4087;4050288;10771;376;392
4088;4050680;2784;1454;2744
4089;4053424;101267;40;2744
4090;4056168;3034;1336;2744
4091;4058912;169007;24;2744
4092;4061656;3548;1144;2744
4093;4064400;4358;932;2744
4094;4067144;472;8616;392
4095;4067536;4933;824;2744
4096;4070280;3056;1331;2744
4097;4073024;3170;1284;2744
4098;4075768;2767;1472;2744
4099;4078512;6449;632;2744
4100;4081256;3147;1296;2744
4101;4084000;510451;8;392
4102;4084392;3593;1136;2744
4103;4087136;2756;1482;2744
4104;4089880;3032;1348;2744
4105;4092624;3466;1180;2744
4106;4095368;3492;1172;2744
4107;4098112;30113;136;2744
4108;4100856;256279;16;392
4109;4101248;3112;1317;2744
4110;4103992;2864;1432;2744
4111;4106736;512999;8;2744
4112;4109480;2844;1444;2744
4113;4112224;2840;1447;2744
4114;4114968;3424;1201;2744
4115;4117712;12;343142;8
4116;4117720;5591;736;2744
4117;4120464;3644;1130;2744
4118;4123208;85843;48;2744
4119;4125952;515401;8;2744
4120;4128696;3632;1136;2744
4121;4131440;3208;1287;2744
4122;4134184;416;9937;392
4123;4134576;4322;956;2744
4124;4137320;86137;48;2744
4125;4140064;9403;440;2744
4126;4142808;3862;1072;2744
4127;4145552;2824;1467;2744
4128;4148296;15241;272;2744
4129;4151040;518831;8;392
4130;4151432;4549;912;2744
4131;4154176;3274;1268;2744
4132;4156920;4993;832;2744
4133;4159664;3240;1283;2744
4134;4162408;3992;1042;2744
4135;4165152;9817;424;2744
4136;4167896;396;10524;392
4137;4168288;3706;1124;2744
4138;4171032;130259;32;2744
4139;4173776;3049;1368;2744
4140;4176520;260861;16;2744
4141;4179264;3860;1082;2744
4142;4182008;21767;192;2744
4143;4184752;584;7165;392
4144;4185144;3200;1307;2744
4145;4187888;3142;1332;2744
4146;4190632;5569;752;2744
4147;4193376;523829;8;2744
4148;4196120;2888;1452;2744
4149;4198864;4561;920;2744
4150;4201608;16411;256;392
4151;4202000;19441;216;2744
4152;4204744;2750;1528;2744
4153;4207488;525593;8;2744
4154;4210232;10957;384;2744
4155;4212976;40483;104;2744
4156;4215720;3607;1168;2744
4157;4218464;175753;24;392
4158;4218856;6427;656;2744
4159;4221600;3704;1139;2744
4160;4224344;3518;1200;2744
4161;4227088;528043;8;2744
4162;4229832;2792;1514;2744
4163;4232576;176243;24;2744
4164;4235320;64;66176;56
4165;4235376;11257;376;2744
4166;4238120;88237;48;2744
4167;4240864;105953;40;2744
4168;4243608;132527;32;2744
4169;4246352;3467;1224;2744
4170;4249096;4048;1049;2744
4171;4251840;424;10027;392
4172;4252232;3176;1338;2744
4173;4254976;5342;796;2744
4174;4257720;2816;1511;2744
4175;4260464;11827;360;2744
4176;4263208;20483;208;2744
4177;4265952;4889;872;2744
4178;4268696;29641;144;392
4179;4269088;17203;248;2744
4180;4271832;3758;1136;2744
4181;4274576;19777;216;2744
4182;4277320;3464;1234;2744
4183;4280064;3506;1220;2744
4184;4282808;5573;768;2744
4185;4285552;440;9739;392
4186;4285944;5354;800;2744
4187;4288688;2892;1482;2744
4188;4291432;268043;16;2744
4189;4294176;3818;1124;2744
4190;4296920;3273;1312;2744
4191;4299664;2840;1513;2744
4192;4302408;67219;64;392
4193;4302800;59723;72;2744
4194;4305544;2776;1550;2744
4195;4308288;4132;1042;2744
4196;4311032;3543;1216;2744
4197;4313776;48989;88;2744
4198;4316520;5087;848;2744
4199;4319264;179953;24;392
4200;4319656;4012;1076;2744
4201;4322400;2827;1528;2744
4202;4325144;3602;1200;2744
4203;4327888;8863;488;2744
4204;4330632;270493;16;2744
4205;4333376;9497;456;2744
4206;4336120;404;10732;392
4207;4336512;541721;8;2744
4208;4339256;2944;1473;2744
4209;4342000;17497;248;2744
4210;4344744;3250;1336;2744
4211;4347488;181031;24;2744
4212;4350232;135859;32;2744
4213;4352976;65;66968;56
4214;4353032;90631;48;2744
4215;4355776;544129;8;2744
4216;4358520;68059;64;2744
4217;4361264;12107;360;2744
4218;4364008;3922;1112;2744
4219;4366752;3928;1111;2744
4220;4369496;30341;144;392
4221;4369888;545893;8;2744
4222;4372632;136559;32;2744
4223;4375376;5521;792;2744
4224;4378120;3622;1208;2744
4225;4380864;109453;40;2744
4226;4383608;22817;192;2744
4227;4386352;398;11020;392
4228;4386744;3200;1370;2744
4229;4389488;3532;1242;2744
4230;4392232;4016;1093;2744
4231;4394976;3497;1256;2744
4232;4397720;5386;816;2744
4233;4400464;109943;40;2744
4234;4403208;424;10384;392
4235;4403600;3217;1368;2744
4236;4406344;4040;1090;2744
4237;4409088;11719;376;2744
4238;4411832;5741;768;2744
4239;4414576;4946;892;2744
4240;4417320;275911;16;2744
4241;4420064;184153;24;392
4242;4420456;3484;1268;2744
4243;4423200;13477;328;2744
4244;4425944;2850;1552;2744
4245;4428688;9377;472;2744
4246;4431432;25163;176;2744
4247;4434176;6367;696;2744
4248;4436920;656;6763;392
4249;4437312;3671;1208;2744
4250;4440056;2904;1528;2744
4251;4442800;7817;568;2744
4252;4445544;2900;1532;2744
4253;4448288;9749;456;2744
4254;4451032;3536;1258;2744
4255;4453776;42821;104;392
4256;4454168;2848;1563;2744
4257;4456912;4234;1052;2744
4258;4459656;278557;16;2744
4259;4462400;185819;24;2744
4260;4465144;2789;1600;2744
4261;4467888;10531;424;2744
4262;4470632;66;67736;56
4263;4470688;42961;104;2744
4264;4473432;139709;32;2744
4265;4476176;62131;72;2744
4266;4478920;279761;16;2744
4267;4481664;111973;40;2744
4268;4484408;3183;1408;2744
4269;4487152;446;10060;392
4270;4487544;2803;1600;2744
4271;4490288;62327;72;2744
4272;4493032;3292;1364;2744
4273;4495776;33037;136;2744
4274;4498520;46831;96;2744
4275;4501264;4220;1066;2744
4276;4504008;416;10826;392
4277;4504400;6947;648;2744
4278;4507144;11261;400;2744
4279;4509888;2942;1532;2744
4280;4512632;3396;1328;2744
4281;4515376;2936;1537;2744
4282;4518120;3856;1171;2744
4283;4520864;17123;264;392
4284;4521256;282407;16;2744
4285;4524000;3793;1192;2744
4286;4526744;2784;1625;2744
4287;4529488;18253;248;2744
4288;4532232;283093;16;2744
4289;4534976;188843;24;2744
4290;4537720;283583;16;392
4291;4538112;3277;1384;2744
4292;4540856;3648;1244;2744
4293;4543600;567607;8;2744
4294;4546344;2960;1535;2744
4295;4549088;3039;1496;2744
4296;4551832;142159;32;2744
4297;4554576;424;10741;392
4298;4554968;47419;96;2744
4299;4557712;2981;1528;2744
4300;4560456;284857;16;2744
4301;4563200;2774;1644;2744
4302;4565944;2852;1600;2744
4303;4568688;570743;8;2744
4304;4571432;428;10680;392
4305;4571824;4120;1109;2744
4306;4574568;3506;1304;2744
4307;4577312;190607;24;2744
4308;4580056;3656;1252;2744
4309;4582800;3748;1222;2744
4310;4585544;2850;1608;2744
4311;4588288;68;67474;56
4312;4588344;2866;1600;2744
4313;4591088;63727;72;2744
4314;4593832;16879;272;2744
4315;4596576;19801;232;2744
4316;4599320;47881;96;2744
4317;4602064;10453;440;2744
4318;4604808;512;8993;392
4319;4605200;3492;1318;2744
4320;4607944;2900;1588;2744
4321;4610688;52363;88;2744
4322;4613432;12007;384;2744
4323;4616176;25073;184;2744
4324;4618920;4208;1097;2744
4325;4621664;192553;24;392
4326;4622056;3592;1286;2744
4327;4624800;577757;8;2744
4328;4627544;2820;1640;2744
4329;4630288;2974;1556;2744
4330;4633032;2938;1576;2744
4331;4635776;193043;24;2744
4332;4638520;418;11096;392
4333;4638912;579521;8;2744
4334;4641656;3552;1306;2744
4335;4644400;5323;872;2744
4336;4647144;3400;1366;2744
4337;4649888;3412;1362;2744
4338;4652632;3512;1324;2744
4339;4655376;581873;8;392
4340;4655768;5102;912;2744
4341;4658512;4024;1157;2744
4342;4661256;12659;368;2744
4343;4664000;2872;1623;2744
4344;4666744;2750;1696;2744
4345;4669488;4453;1048;2744
4346;4672232;480;9733;392
4347;4672624;116747;40;2744
4348;4675368;3056;1529;2744
4349;4678112;10253;456;2744
4350;4680856;146191;32;2744
4351;4683600;585107;8;2744
4352;4686344;3600;1301;2744
4353;4689088;586087;8;392
4354;4689480;292921;16;2744
4355;4692224;39079;120;2744
4356;4694968;18329;256;2744
4357;4697712;586871;8;2744
4358;4700456;2907;1616;2744
4359;4703200;7079;664;2744
4360;4705944;58;81136;56
4361;4706000;65323;72;2744
4362;4708744;2896;1625;2744
4363;4711488;3611;1304;2744
4364;4714232;2778;1696;2744
4365;4716976;19009;248;2744
4366;4719720;26801;176;2744
4367;4722464;453;10424;392
4368;4722856;295007;16;2744
4369;4725600;590357;8;2744
4370;4728344;2864;1650;2744
4371;4731088;7121;664;2744
4372;4733832;295693;16;2744
4373;4736576;197243;24;2744
4374;4739320;296183;16;392
4375;4739712;592121;8;2744
4376;4742456;12343;384;2744
4377;4745200;34871;136;2744
4378;4747944;11863;400;2744
4379;4750688;197831;24;2744
4380;4753432;4789;992;2744
4381;4756176;484;9826;392
4382;4756568;4306;1104;2744
4383;4759312;594571;8;2744
4384;4762056;297457;16;2744
4385;4764800;15263;312;2744
4386;4767544;2978;1600;2744
4387;4770288;595943;8;2744
4388;4773032;480;9943;392
4389;4773424;119267;40;2744
4390;4776168;298339;16;2744
4391;4778912;3373;1416;2744
4392;4781656;149341;32;2744
4393;4784400;2948;1622;2744
4394;4787144;3544;1350;2744
4395;4789888;598687;8;392
4396;4790280;23017;208;2744
4397;4793024;2865;1672;2744
4398;4795768;74891;64;2744
4399;4798512;3043;1576;2744
4400;4801256;2836;1692;2744
4401;4804000;2984;1609;2744
4402;4806744;300397;16;392
4403;4807136;200183;24;2744
4404;4809880;150223;32;2744
4405;4812624;120247;40;2744
4406;4815368;3518;1368;2744
4407;4818112;4346;1108;2744
4408;4820856;5791;832;2744
4409;4823600;66;73084;56
4410;4823656;2936;1642;2744
4411;4826400;5266;916;2744
4412;4829144;4022;1200;2744
4413;4831888;14723;328;2744
4414;4834632;301993;16;2744
4415;4837376;18313;264;2744
4416;4840120;302483;16;392
4417;4840512;3341;1448;2744
4418;4843256;2966;1632;2744
4419;4846000;4136;1171;2744
4420;4848744;4846;1000;2744
4421;4851488;202031;24;2744
4422;4854232;151609;32;2744
4423;4856976;19583;248;392
4424;4857368;2928;1658;2744
4425;4860112;4021;1208;2744
4426;4862856;3413;1424;2744
4427;4865600;3823;1272;2744
4428;4868344;3041;1600;2744
4429;4871088;46811;104;2744
4430;4873832;416;11715;392
4431;4874224;121787;40;2744
4432;4876968;2824;1726;2744
4433;4879712;203207;24;2744
4434;4882456;2798;1744;2744
4435;4885200;3622;1348;2744
4436;4887944;2760;1770;2744
4437;4890688;32173;152;392
4438;4891080;305521;16;2744
4439;4893824;40759;120;2744
4440;4896568;2768;1768;2744
4441;4899312;612071;8;2744
4442;4902056;3093;1584;2744
4443;4904800;16561;296;2744
4444;4907544;18041;272;392
4445;4907936;2776;1767;2744
4446;4910680;3056;1606;2744
4447;4913424;2930;1676;2744
4448;4916168;2748;1788;2744
4449;4918912;4691;1048;2744
4450;4921656;3704;1328;2744
4451;4924400;68389;72;392
4452;4924792;76907;64;2744
4453;4927536;615599;8;2744
4454;4930280;3602;1368;2744
4455;4933024;4232;1165;2744
4456;4935768;154157;32;2744
4457;4938512;205657;24;2744
4458;4941256;13;380096;8
4459;4941264;2984;1655;2744
4460;4944008;3644;1356;2744
4461;4946752;36353;136;2744
4462;4949496;4178;1184;2744
4463;4952240;68743;72;2744
4464;4954984;3005;1648;2744
4465;4957728;36451;136;392
4466;4958120;103237;48;2744
4467;4960864;123953;40;2744
4468;4963608;155027;32;2744
4469;4966352;5303;936;2744
4470;4969096;310397;16;2744
4471;4971840;56467;88;2744
4472;4974584;34543;144;392
4473;4974976;2806;1772;2744
4474;4977720;38867;128;2744
4475;4980464;2970;1676;2744
4476;4983208;311279;16;2744
4477;4985952;622901;8;2744
4478;4988696;3732;1336;2744
4479;4991440;623881;8;392
4480;4991832;2864;1742;2744
4481;4994576;2952;1691;2744
4482;4997320;312161;16;2744
4483;5000064;7349;680;2744
4484;5002808;2784;1796;2744
4485;5005552;625351;8;2744
4486;5008296;451;11104;392
4487;5008688;3012;1662;2744
4488;5011432;3664;1367;2744
4489;5014176;21601;232;2744
4490;5016920;2749;1824;2744
4491;5019664;125423;40;2744
4492;5022408;24133;208;2744
4493;5025152;520;9663;392
4494;5025544;2900;1732;2744
4495;5028288;628193;8;2744
4496;5031032;26189;192;2744
4497;5033776;4894;1028;2744
4498;5036520;3092;1628;2744
4499;5039264;2820;1786;2744
4500;5042008;536;9406;392
4501;5042400;4084;1234;2744
4502;5045144;2865;1760;2744
4503;5047888;2792;1807;2744
4504;5050632;315493;16;2744
4505;5053376;12379;408;2744
4506;5056120;3433;1472;2744
4507;5058864;632351;8;56
4508;5058920;105337;48;2744
4509;5061664;126473;40;2744
4510;5064408;2936;1724;2744
4511;5067152;4538;1116;2744
4512;5069896;316697;16;2744
4513;5072640;3016;1681;2744
4514;5075384;468;10844;392
4515;5075776;4078;1244;2744
4516;5078520;79309;64;2744
4517;5081264;14107;360;2744
4518;5084008;3728;1363;2744
4519;5086752;5318;956;2744
4520;5089496;4817;1056;2744
4521;5092240;482;10564;392
4522;5092632;159059;32;2744
4523;5095376;3132;1626;2744
4524;5098120;2882;1768;2744
4525;5100864;127453;40;2744
4526;5103608;2976;1714;2744
4527;5106352;27737;184;2744
4528;5109096;544;9391;392
4529;5109488;3733;1368;2744
4530;5112232;319343;16;2744
4531;5114976;10831;472;2744
4532;5117720;53281;96;2744
4533;5120464;3880;1319;2744
4534;5123208;4051;1264;2744
4535;5125952;440;11649;392
4536;5126344;12809;400;2744
4537;5129088;640793;8;2744
4538;5131832;2812;1824;2744
4539;5134576;641479;8;2744
4540;5137320;320911;16;2744
4541;5140064;2762;1860;2744
4542;5142808;662;7768;392
4543;5143200;642557;8;2744
4544;5145944;4286;1200;2744
4545;5148688;643243;8;2744
4546;5151432;3128;1646;2744
4547;5154176;2964;1738;2744
4548;5156920;4288;1202;2744
4549;5159664;644909;8;392
4550;5160056;26861;192;2744
4551;5162800;3377;1528;2744
4552;5165544;12907;400;2744
4553;5168288;4262;1212;2744
4554;5171032;2984;1732;2744
4555;5173776;646379;8;2744
4556;5176520;107843;48;56
4557;5176576;3076;1682;2744
4558;5179320;4432;1168;2744
4559;5182064;14387;360;2744
4560;5184808;323879;16;2744
4561;5187552;648101;8;2744
4562;5190296;54037;96;2744
4563;5193040;649081;8;392
4564;5193432;162209;32;2744
4565;5196176;4243;1224;2744
4566;5198920;3649;1424;2744
4567;5201664;5651;920;2744
4568;5204408;3126;1664;2744
4569;5207152;59141;88;2744
4570;5209896;526;9904;392
4571;5210288;24109;216;2744
4572;5213032;325643;16;2744
4573;5215776;59239;88;2744
4574;5218520;54331;96;2744
4575;5221264;2830;1844;2744
4576;5224008;5531;944;2744
4577;5226752;449;11640;392
4578;5227144;2824;1850;2744
4579;5229888;50261;104;2744
4580;5232632;27239;192;2744
4581;5235376;4412;1186;2744
4582;5238120;327211;16;2744
4583;5240864;43651;120;2744
4584;5243608;496;10571;392
4585;5244000;655157;8;2744
4586;5246744;2760;1900;2744
4587;5249488;2941;1784;2744
4588;5252232;328093;16;2744
4589;5254976;218843;24;2744
4590;5257720;3008;1747;2744
4591;5260464;38677;136;392
4592;5260856;13693;384;2744
4593;5263600;657607;8;2744
4594;5266344;13159;400;2744
4595;5269088;11549;456;2744
4596;5271832;14969;352;2744
4597;5274576;658979;8;2744
4598;5277320;768;6871;392
4599;5277712;659371;8;2744
4600;5280456;3056;1727;2744
4601;5283200;220019;24;2744
4602;5285944;3175;1664;2744
4603;5288688;4222;1252;2744
4604;5291432;3866;1368;2744
4605;5294176;65;81448;56
4606;5294232;4384;1207;2744
4607;5296976;3174;1668;2744
4608;5299720;3413;1552;2744
4609;5302464;2819;1880;2744
4610;5305208;27617;192;2744
4611;5307952;17923;296;2744
4612;5310696;165947;32;392
4613;5311088;73727;72;2744
4614;5313832;331943;16;2744
4615;5316576;10889;488;2744
4616;5319320;55381;96;2744
4617;5322064;2840;1873;2744
4618;5324808;2749;1936;2744
4619;5327552;412;12930;392
4620;5327944;13313;400;2744
4621;5330688;665993;8;2744
4622;5333432;2816;1893;2744
4623;5336176;51283;104;2744
4624;5338920;2872;1858;2744
4625;5341664;44491;120;2744
4626;5344408;17579;304;392
4627;5344800;5078;1052;2744
4628;5347544;3144;1700;2744
4629;5350288;4168;1283;2744
4630;5353032;334393;16;2744
4631;5355776;3329;1608;2744
4632;5358520;20921;256;2744
4633;5361264;60919;88;392
4634;5361656;2938;1824;2744
4635;5364400;10987;488;2744
4636;5367144;13411;400;2744
4637;5369888;2962;1812;2744
4638;5372632;167809;32;2744
4639;5375376;8501;632;2744
4640;5378120;444;12112;392
4641;5378512;671971;8;2744
4642;5381256;336157;16;2744
4643;5384000;11801;456;2744
4644;5386744;3365;1600;2744
4645;5389488;2986;1804;2744
4646;5392232;2879;1872;2744
4647;5394976;51871;104;392
4648;5395368;337039;16;2744
4649;5398112;3531;1528;2744
4650;5400856;9923;544;2744
4651;5403600;2764;1954;2744
4652;5406344;2844;1900;2744
4653;5409088;4204;1286;2744
4654;5411832;64;84559;56
4655;5411888;5779;936;2744
4656;5414632;3272;1654;2744
4657;5417376;676829;8;2744
4658;5420120;56431;96;2744
4659;5422864;3028;1790;2744
4660;5425608;19937;272;2744
4661;5428352;45233;120;392
4662;5428744;5426;1000;2744
4663;5431488;678593;8;2744
4664;5434232;28289;192;2744
4665;5436976;679279;8;2744
4666;5439720;339811;16;2744
4667;5442464;2860;1902;2744
4668;5445208;26177;208;392
4669;5445600;4216;1291;2744
4670;5448344;4538;1200;2744
4671;5451088;4444;1226;2744
4672;5453832;340693;16;2744
4673;5456576;4022;1356;2744
4674;5459320;85259;64;2744
4675;5462064;29683;184;392
4676;5462456;7109;768;2744
4677;5465200;4189;1304;2744
4678;5467944;4204;1300;2744
4679;5470688;3288;1663;2744
4680;5473432;7433;736;2744
4681;5476176;14557;376;2744
4682;5478920;528;10376;392
4683;5479312;3547;1544;2744
4684;5482056;11047;496;2744
4685;5484800;228419;24;2744
4686;5487544;3200;1714;2744
4687;5490288;18539;296;2744
4688;5493032;2864;1917;2744
4689;5495776;23687;232;392
4690;5496168;4168;1318;2744
4691;5498912;2836;1938;2744
4692;5501656;2876;1912;2744
4693;5504400;687707;8;2744
4694;5507144;2780;1980;2744
4695;5509888;688393;8;2744
4696;5512632;68903;80;392
4697;5513024;2820;1954;2744
4698;5515768;3056;1804;2744
4699;5518512;2852;1934;2744
4700;5521256;4034;1368;2744
4701;5524000;53089;104;2744
4702;5526744;2762;2000;2744
4703;5529488;230393;24;56
4704;5529544;3280;1685;2744
4705;5532288;691193;8;2744
4706;5535032;14407;384;2744
4707;5537776;4052;1366;2744
4708;5540520;346111;16;2744
4709;5543264;46171;120;2744
4710;5546008;346601;16;392
4711;5546400;692957;8;2744
4712;5549144;4622;1200;2744
4713;5551888;5398;1028;2744
4714;5554632;5179;1072;2744
4715;5557376;231443;24;2744
4716;5560120;3947;1408;2744
4717;5562864;695309;8;392
4718;5563256;28961;192;2744
4719;5566000;695407;8;2744
4720;5568744;2750;2024;2744
4721;5571488;2804;1986;2744
4722;5574232;2951;1888;2744
4723;5576976;4822;1156;2744
4724;5579720;29059;192;392
4725;5580112;4679;1192;2744
4726;5582856;348757;16;2744
4727;5585600;6287;888;2744
4728;5588344;3491;1600;2744
4729;5591088;698543;8;2744
4730;5593832;2841;1968;2744
4731;5596576;418;13388;392
4732;5596968;4454;1256;2744
4733;5599712;17939;312;2744
4734;5602456;174991;32;2744
4735;5605200;700307;8;2744
4736;5607944;2768;2025;2744
4737;5610688;700993;8;2744
4738;5613432;70163;80;392
4739;5613824;2760;2033;2744
4740;5616568;21929;256;2744
4741;5619312;2936;1913;2744
4742;5622056;39023;144;2744
4743;5624800;4406;1276;2744
4744;5627544;2848;1975;2744
4745;5630288;78193;72;392
4746;5630680;175873;32;2744
4747;5633424;2948;1910;2744
4748;5636168;3306;1704;2744
4749;5638912;704521;8;2744
4750;5641656;22027;256;2744
4751;5644400;235069;24;2744
4752;5647144;74;76312;56
4753;5647200;6473;872;2744
4754;5649944;2896;1950;2744
4755;5652688;4229;1336;2744
4756;5655432;353293;16;2744
4757;5658176;3863;1464;2744
4758;5660920;3352;1688;2744
4759;5663664;404;14018;392
4760;5664056;2944;1923;2744
4761;5666800;708007;8;2744
4762;5669544;3100;1828;2744
4763;5672288;236231;24;2744
4764;5675032;10427;544;2744
4765;5677776;64489;88;2744
4766;5680520;512;11094;392
4767;5680912;19183;296;2744
4768;5683656;355057;16;2744
4769;5686400;21529;264;2744
4770;5689144;3200;1777;2744
4771;5691888;711143;8;2744
4772;5694632;3364;1692;2744
4773;5697376;16561;344;392
4774;5697768;355939;16;2744
4775;5700512;3579;1592;2744
4776;5703256;178141;32;2744
4777;5706000;3016;1891;2744
4778;5708744;2853;2000;2744
4779;5711488;2843;2008;2744
4780;5714232;430;13288;392
4781;5714624;47599;120;2744
4782;5717368;3079;1856;2744
4783;5720112;17431;328;2744
4784;5722856;13241;432;2744
4785;5725600;715357;8;2744
4786;5728344;3368;1700;2744
4787;5731088;516;11106;392
4788;5731480;3809;1504;2744
4789;5734224;143287;40;2744
4790;5736968;39821;144;2744
4791;5739712;7393;776;2744
4792;5742456;2893;1984;2744
4793;5745200;4646;1236;2744
4794;5747944;688;8354;392
4795;5748336;2822;2036;2744
4796;5751080;3056;1881;2744
4797;5753824;4714;1220;2744
4798;5756568;179807;32;2744
4799;5759312;239857;24;2744
4800;5762056;27689;208;2744
4801;5764800;13;443446;2
4802;5764802;14089;409;2401
4803;5767203;169553;34;2401
4804;5769604;2451;2353;2401
4805;5772005;2402;2402;2401
4806;5774406;1154401;5;2401
4807;5776807;87491;66;2401
4808;5779208;7079;816;2744
4809;5781952;19861;291;2401
4810;5784353;2752;2101;2401
4811;5786754;69691;83;2401
4812;5789155;2622;2207;2401
4813;5791556;1157831;5;2401
4814;5793957;1447889;4;2401
4815;5796358;18451;314;2744
4816;5799102;134807;43;2401
4817;5801503;3593;1614;2401
4818;5803904;5801503;1;2401
4819;5806305;45343;128;2401
4820;5808706;6791;855;2401
4821;5811107;2904353;2;2401
4822;5813508;46861;124;2744
4823;5816252;4253;1367;2401
4824;5818653;3023;1924;2401
4825;5821054;3771;1543;2401
4826;5823455;100363;58;2401
4827;5825856;4685;1243;2401
4828;5828257;3194;1824;2401
4829;5830658;3254;1791;2744
4830;5833402;2871;2031;2401
4831;5835803;2916701;2;2401
4832;5838204;5835803;1;2401
4833;5840605;4817;1212;2401
4834;5843006;68713;85;2401
4835;5845407;3809;1534;2401
4836;5847808;730633;8;2744
4837;5850552;16567;353;2401
4838;5852953;2536;2307;2401
4839;5855354;3449;1697;2401
4840;5857755;7849;746;2401
4841;5860156;16979;345;2401
4842;5862557;6079;964;2401
4843;5864958;25939;226;2744
4844;5867702;451177;13;2401
4845;5870103;2974;1973;2401
4846;5872504;2643;2221;2401
4847;5874905;66733;88;2401
4848;5877306;2815;2087;2401
4849;5879707;2571;2286;2401
4850;5882108;684;8599;392
4851;5882500;1960033;3;2401
4852;5884901;2500;2353;2401
4853;5887302;2801;2101;2401
4854;5889703;2402;2451;2401
4855;5892104;5889703;1;2401
4856;5894505;3161;1864;2401
4857;5896906;35507;166;2744
4858;5899650;4471;1319;2401
4859;5902051;2775;2126;2401
4860;5904452;4733;1247;2401
4861;5906853;8839;668;2401
4862;5909254;34543;171;2401
4863;5911655;17483;338;2401
4864;5914056;33587;176;2744
4865;5916800;2417;2447;2401
4866;5919201;2752;2150;2401
4867;5921602;2729;2169;2401
4868;5924003;2960801;2;2401
4869;5926404;4639;1277;2401
4870;5928805;2508;2363;2401
4871;5931206;3357;1766;2744
4872;5933950;3483;1703;2401
4873;5936351;10789;550;2401
4874;5938752;5936351;1;2401
4875;5941153;30931;192;2401
4876;5943554;2663;2231;2401
4877;5945955;2971777;2;2401
4878;5948356;1486403;4;2744
4879;5951100;5948699;1;2401
4880;5953501;2490;2390;2401
4881;5955902;2659;2239;2401
4882;5958303;2977951;2;2401
4883;5960704;152777;39;2401
4884;5963105;5821;1024;2401
4885;5965506;2903;2054;2744
4886;5968250;5965849;1;2401
4887;5970651;23873;250;2401
4888;5973052;15671;381;2401
4889;5975453;5167;1156;2401
4890;5977854;543223;11;2401
4891;5980255;3571;1674;2401
4892;5982656;3873;1544;2744
4893;5985400;181303;33;2401
4894;5987801;29927;200;2401
4895;5990202;2591;2311;2401
4896;5992603;4967;1206;2401
4897;5995004;5992603;1;2401
4898;5997405;1498751;4;2401
4899;5999806;2999707;2;392
4900;6000198;2549;2353;2401
4901;6002599;1000033;6;2401
4902;6005000;6002599;1;2401
4903;6007401;2402;2500;2401
4904;6009802;2451;2451;2401
4905;6012203;3004901;2;2401
4906;6014604;300593;20;2744
4907;6017348;15151;397;2401
4908;6019749;48527;124;2401
4909;6022150;4489;1341;2401
4910;6024551;2801;2150;2401
4911;6026952;20149;299;2401
4912;6029353;13217;456;2401
4913;6031754;5153;1170;2744
4914;6034498;4239;1423;2401
4915;6036899;3017249;2;2401
4916;6039300;12763;473;2401
4917;6041701;2455;2460;2401
4918;6044102;6041701;1;2401
4919;6046503;13313;454;2401
4920;6048904;75577;80;2744
4921;6051648;195137;31;2401
4922;6054049;2752;2199;2401
4923;6056450;102611;59;2401
4924;6058851;2722;2225;2401
4925;6061252;118801;51;2401
4926;6063653;1515313;4;2401
4927;6066054;5011;1210;2744
4928;6068798;141079;43;2401
4929;6071199;11807;514;2401
4930;6073600;7151;849;2401
4931;6076001;2600;2336;2401
4932;6078402;6076001;1;2401
4933;6080803;2673;2274;2401
4934;6083204;101341;60;2744
4935;6085948;6397;951;2401
4936;6088349;3454;1762;2401
4937;6090750;99809;61;2401
4938;6093151;2707;2250;2401
4939;6095552;6093151;1;2401
4940;6097953;2624;2323;2401
4941;6100354;5234;1165;2744
4942;6103098;6100697;1;2401
4943;6105499;2454;2487;2401
4944;6107900;359147;17;2401
4945;6110301;2575;2372;2401
4946;6112702;14653;417;2401
4947;6115103;57667;106;2401
4948;6117504;556;11002;392
4949;6117896;71947;85;2401
4950;6120297;2456;2491;2401
4951;6122698;6733;909;2401
4952;6125099;2402;2549;2401
4953;6127500;86269;71;2401
4954;6129901;2451;2500;2401
4955;6132302;3018;2031;2744
4956;6135046;45427;135;2401
4957;6137447;17137;358;2401
4958;6139848;6137447;1;2401
4959;6142249;3432;1789;2401
4960;6144650;3569;1721;2401
4961;6147051;7229;850;2401
4962;6149452;1536677;4;2744
4963;6152196;5371;1145;2401
4964;6154597;512683;12;2401
4965;6156998;6154597;1;2401
4966;6159399;71593;86;2401
4967;6161800;2801;2199;2401
4968;6164201;30809;200;2401
4969;6166602;75169;82;2744
4970;6169346;11527;535;2401
4971;6171747;3084673;2;2401
4972;6174148;47843;129;2401
4973;6176549;1543537;4;2401
4974;6178950;6176549;1;2401
4975;6181351;2985;2070;2401
4976;6183752;2928;2111;2744
4977;6186496;412273;15;2401
4978;6188897;2752;2248;2401
4979;6191298;4213;1469;2401
4980;6193699;20233;306;2401
4981;6196100;60133;103;2401
4982;6198501;61961;100;2401
4983;6200902;43649;142;2744
4984;6203646;28843;215;2401
4985;6206047;3221;1926;2401
4986;6208448;4091;1517;2401
4987;6210849;97007;64;2401
4988;6213250;2070283;3;2401
4989;6215651;3625;1714;2401
4990;6218052;141257;44;2744
4991;6220796;2645;2351;2401
4992;6223197;1555199;4;2401
4993;6225598;6757;921;2401
4994;6227999;10009;622;2401
4995;6230400;6227999;1;2401
4996;6232801;2596;2400;2401
4997;6235202;610;10221;392
4998;6235594;3051;2043;2401
4999;6237995;3117797;2;2401
5000;6240396;1247599;5;2401
5001;6242797;2402;2598;2401
5002;6245198;567527;11;2401
5003;6247599;8153;766;2401
5004;6250000;2903;2152;2744
5005;6252744;3763;1661;2401
5006;6255145;4271;1464;2401
5007;6257546;96233;65;2401
5008;6259947;4211;1486;2401
5009;6262348;3371;1857;2401
5010;6264749;3166;1978;2401
5011;6267150;108007;58;2744
5012;6269894;3167;1979;2401
5013;6272295;66701;94;2401
5014;6274696;4065;1543;2401
5015;6277097;11047;568;2401
5016;6279498;4709;1333;2401
5017;6281899;2781;2258;2401
5018;6284300;523463;12;2744
5019;6287044;28697;219;2401
5020;6289445;1571761;4;2401
5021;6291846;33997;185;2401
5022;6294247;2838;2217;2401
5023;6296648;3683;1709;2401
5024;6299049;2801;2248;2401
5025;6301450;3149353;2;2744
5026;6304194;7153;881;2401
5027;6306595;2787;2262;2401
5028;6308996;29333;215;2401
5029;6311397;2452;2573;2401
5030;6313798;5021;1257;2401
5031;6316199;2866;2203;2401
5032;6318600;4792;1318;2744
5033;6321344;6318943;1;2401
5034;6323745;2752;2297;2401
5035;6326146;24799;255;2401
5036;6328547;32609;194;2401
5037;6330948;20219;313;2401
5038;6333349;40583;156;2401
5039;6335750;1055501;6;2744
5040;6338494;49117;129;2401
5041;6340895;3169247;2;2401
5042;6343296;3719;1705;2401
5043;6345697;16519;384;2401
5044;6348098;3559;1783;2401
5045;6350499;3174049;2;2401
5046;6352900;667;9524;392
5047;6353292;6350891;1;2401
5048;6355693;48131;132;2401
5049;6358094;59399;107;2401
5050;6360495;2402;2647;2401
5051;6362896;7187;885;2401
5052;6365297;2512;2533;2401
5053;6367698;3182477;2;2744
5054;6370442;48611;131;2401
5055;6372843;2753;2314;2401
5056;6375244;57413;111;2401
5057;6377645;54959;116;2401
5058;6380046;7373;865;2401
5059;6382447;39383;162;2401
5060;6384848;265921;24;2744
5061;6387592;3191;2001;2401
5062;6389993;6287;1016;2401
5063;6392394;6389993;1;2401
5064;6394795;3319;1926;2401
5065;6397196;116269;55;2401
5066;6399597;2861;2236;2401
5067;6401998;11551;554;2744
5068;6404742;582031;11;2401
5069;6407143;355819;18;2401
5070;6409544;95629;67;2401
5071;6411945;47129;136;2401
5072;6414346;9941;645;2401
5073;6416747;3207173;2;2401
5074;6419148;1604101;4;2744
5075;6421892;493807;13;2401
5076;6424293;34159;188;2401
5077;6426694;30161;213;2401
5078;6429095;74729;86;2401
5079;6431496;6527;985;2401
5080;6433897;3011;2136;2401
5081;6436298;34589;186;2744
5082;6439042;2145547;3;2401
5083;6441443;4253;1514;2401
5084;6443844;2537;2539;2401
5085;6446245;48817;132;2401
5086;6448646;99173;65;2401
5087;6451047;45413;142;2401
5088;6453448;31013;208;2744
5089;6456192;10037;643;2401
5090;6458593;2752;2346;2401
5091;6460994;6679;967;2401
5092;6463395;19819;326;2401
5093;6465796;15959;405;2401
5094;6468197;15107;428;2401
5095;6470598;457;14158;392
5096;6470990;281243;23;2401
5097;6473391;647099;10;2401
5098;6475792;2157797;3;2401
5099;6478193;2402;2696;2401
5100;6480594;6478193;1;2401
5101;6482995;120011;54;2401
5102;6485396;2932;2211;2744
5103;6488140;166301;39;2401
5104;6490541;3530;1838;2401
5105;6492942;3767;1723;2401
5106;6495343;2934;2213;2401
5107;6497744;9319;697;2401
5108;6500145;36919;176;2401
5109;6502546;3249901;2;2744
5110;6505290;6502889;1;2401
5111;6507691;6571;990;2401
5112;6510092;6507691;1;2401
5113;6512493;1627523;4;2401
5114;6514894;166987;39;2401
5115;6517295;3257447;2;2401
5116;6519696;2899;2248;2744
5117;6522440;27983;233;2401
5118;6524841;163061;40;2401
5119;6527242;2174947;3;2401
5120;6529643;2746;2377;2401
5121;6532044;3067;2129;2401
5122;6534445;12659;516;2401
5123;6536846;1089017;6;2744
5124;6539590;2179063;3;2401
5125;6541991;28433;230;2401
5126;6544392;5899;1109;2401
5127;6546793;272683;24;2401
5128;6549194;13841;473;2401
5129;6551595;3821;1714;2401
5130;6553996;1637813;4;2744
5131;6556740;5273;1243;2401
5132;6559141;109279;60;2401
5133;6561542;6559141;1;2401
5134;6563943;5869;1118;2401
5135;6566344;243109;27;2401
5136;6568745;820793;8;2401
5137;6571146;3284201;2;2744
5138;6573890;6571489;1;2401
5139;6576291;3337;1970;2401
5140;6578692;16993;387;2401
5141;6581093;1644673;4;2401
5142;6583494;18857;349;2401
5143;6585895;4591;1434;2401
5144;6588296;60;109804;56
5145;6588352;4313;1527;2401
5146;6590753;3616;1822;2401
5147;6593154;2801;2353;2401
5148;6595555;3967;1662;2401
5149;6597956;30677;215;2401
5150;6600357;1649489;4;2401
5151;6602758;3300007;2;2744
5152;6605502;25693;257;2401
5153;6607903;57943;114;2401
5154;6610304;6607903;1;2401
5155;6612705;2402;2752;2401
5156;6615106;2409;2745;2401
5157;6617507;2918;2267;2401
5158;6619908;1654291;4;2744
5159;6622652;3151;2101;2401
5160;6625053;1655663;4;2401
5161;6627454;2451;2703;2401
5162;6629855;3313727;2;2401
5163;6632256;3613;1835;2401
5164;6634657;34543;192;2401
5165;6637058;6247;1062;2744
5166;6639802;5807;1143;2401
5167;6642203;5939;1118;2401
5168;6644604;179519;37;2401
5169;6647005;2869;2316;2401
5170;6649406;5435;1223;2401
5171;6651807;3324703;2;2401
5172;6654208;831433;8;2744
5173;6656952;2537;2623;2401
5174;6659353;277373;24;2401
5175;6661754;6659353;1;2401
5176;6664155;3833;1738;2401
5177;6666556;3819;1745;2401
5178;6668957;128203;52;2401
5179;6671358;3334307;2;2744
5180;6674102;10217;653;2401
5181;6676503;3337051;2;2401
5182;6678904;2225501;3;2401
5183;6681305;6373;1048;2401
5184;6683706;1336261;5;2401
5185;6686107;19543;342;2401
5186;6688508;2917;2292;2744
5187;6691252;3081;2171;2401
5188;6693653;5911;1132;2401
5189;6696054;21523;311;2401
5190;6698455;124001;54;2401
5191;6700856;1339691;5;2401
5192;6703257;3398;1972;2401
5193;6705658;3352633;2;392
5194;6706050;8809;761;2401
5195;6708451;2470;2715;2401
5196;6710852;142733;47;2401
5197;6713253;98689;68;2401
5198;6715654;248639;27;2401
5199;6718055;2519;2666;2401
5200;6720456;4157;1616;2744
5201;6723200;7577;887;2401
5202;6725601;3056;2200;2401
5203;6728002;3189;2109;2401
5204;6730403;2402;2801;2401
5205;6732804;156521;43;2401
5206;6735205;43159;156;2401
5207;6737606;374159;18;2744
5208;6740350;4483;1503;2401
5209;6742751;134807;50;2401
5210;6745152;24881;271;2401
5211;6747553;2451;2752;2401
5212;6749954;9517;709;2401
5213;6752355;57203;118;2401
5214;6754756;58207;116;2744
5215;6757500;39971;169;2401
5216;6759901;2500;2703;2401
5217;6762302;157207;43;2401
5218;6764703;3381151;2;2401
5219;6767104;10789;627;2401
5220;6769505;13217;512;2401
5221;6771906;3026;2237;2744
5222;6774650;6347;1067;2401
5223;6777051;3151;2150;2401
5224;6779452;13859;489;2401
5225;6781853;54673;124;2401
5226;6784254;17989;377;2401
5227;6786655;3154;2151;2401
5228;6789056;21751;312;2744
5229;6791800;52631;129;2401
5230;6794201;2900;2342;2401
5231;6796602;29669;229;2401
5232;6799003;125863;54;2401
5233;6801404;6799003;1;2401
5234;6803805;4283;1588;2401
5235;6806206;3401731;2;2744
5236;6808950;66083;103;2401
5237;6811351;15131;450;2401
5238;6813752;219721;31;2401
5239;6816153;7039;968;2401
5240;6818554;4517;1509;2401
5241;6820955;3409277;2;2401
5242;6823356;436;15649;392
5243;6823748;2899;2353;2401
5244;6826149;23369;292;2401
5245;6828550;3249;2101;2401
5246;6830951;3331;2050;2401
5247;6833352;6830951;1;2401
5248;6835753;284723;24;2401
5249;6838154;2866;2385;2744
5250;6840898;759833;9;2401
5251;6843299;5827;1174;2401
5252;6845700;4523;1513;2401
5253;6848101;2402;2850;2401
5254;6850502;526777;13;2401
5255;6852903;79657;86;2401
5256;6855304;2860;2396;2744
5257;6858048;6855647;1;2401
5258;6860449;3106;2208;2401
5259;6862850;145967;47;2401
5260;6865251;4733;1450;2401
5261;6867652;2451;2801;2401
5262;6870053;2458;2794;2401
5263;6872454;686971;10;2744
5264;6875198;236993;29;2401
5265;6877599;312509;22;2401
5266;6880000;2292533;3;2401
5267;6882401;2500;2752;2401
5268;6884802;87119;79;2401
5269;6887203;2946;2337;2401
5270;6889604;114781;60;2744
5271;6892348;2549;2703;2401
5272;6894749;16729;412;2401
5273;6897150;160343;43;2401
5274;6899551;2925;2358;2401
5275;6901952;6899551;1;2401
5276;6904353;107843;64;2401
5277;6906754;22271;310;2744
5278;6909498;103091;67;2401
5279;6911899;3397;2034;2401
5280;6914300;6911899;1;2401
5281;6916701;69143;100;2401
5282;6919102;209597;33;2401
5283;6921503;3706;1867;2401
5284;6923904;7523;920;2744
5285;6926648;14639;473;2401
5286;6929049;6229;1112;2401
5287;6931450;3151;2199;2401
5288;6933851;138629;50;2401
5289;6936252;71483;97;2401
5290;6938653;578021;12;2401
5291;6941054;569;12198;392
5292;6941446;3761;1845;2401
5293;6943847;150901;46;2401
5294;6946248;4321;1607;2401
5295;6948649;15233;456;2401
5296;6951050;6948649;1;2401
5297;6953451;139021;50;2401
5298;6955852;42397;164;2744
5299;6958596;1391239;5;2401
5300;6960997;579883;12;2401
5301;6963398;7493;929;2401
5302;6965799;2402;2899;2401
5303;6968200;122207;57;2401
5304;6970601;34841;200;2401
5305;6973002;3485129;2;2744
5306;6975746;1394669;5;2401
5307;6978147;3383;2062;2401
5308;6980548;3399;2053;2401
5309;6982949;1745137;4;2401
5310;6985350;2593;2693;2401
5311;6987751;2451;2850;2401
5312;6990152;8563;816;2744
5313;6992896;466033;15;2401
5314;6995297;6829;1024;2401
5315;6997698;2501;2797;2401
5316;7000099;129587;54;2401
5317;7002500;7439;941;2401
5318;7004901;2500;2801;2401
5319;7007302;2794;2507;2744
5320;7010046;1401529;5;2401
5321;7012447;389447;18;2401
5322;7014848;6487;1081;2401
5323;7017249;2549;2752;2401
5324;7019650;6271;1119;2401
5325;7022051;12763;550;2401
5326;7024452;29753;236;2744
5327;7027196;1404959;5;2401
5328;7029597;14519;484;2401
5329;7031998;54493;129;2401
5330;7034399;95027;74;2401
5331;7036800;15259;461;2401
5332;7039201;2932;2400;2401
5333;7041602;2859;2462;2744
5334;7044346;4307;1635;2401
5335;7046747;4343;1622;2401
5336;7049148;18593;379;2401
5337;7051549;587429;12;2401
5338;7053950;2567;2747;2401
5339;7056351;141079;50;2401
5340;7058752;176459;40;392
5341;7059144;85021;83;2401
5342;7061545;294131;24;2401
5343;7063946;83077;85;2401
5344;7066347;5459;1294;2401
5345;7068748;2463;2869;2401
5346;7071149;1767187;4;2401
5347;7073550;3535403;2;2744
5348;7076294;26297;269;2401
5349;7078695;3538147;2;2401
5350;7081096;3513;2015;2401
5351;7083497;2402;2948;2401
5352;7085898;7083497;1;2401
5353;7088299;20719;342;2401
5354;7090700;2806;2526;2744
5355;7093444;2363681;3;2401
5356;7095845;1773361;4;2401
5357;7098246;61703;115;2401
5358;7100647;131449;54;2401
5359;7103048;7100647;1;2401
5360;7105449;11239;632;2401
5361;7107850;11423;622;2744
5362;7110594;418129;17;2401
5363;7112995;12743;558;2401
5364;7115396;1422599;5;2401
5365;7117797;4847;1468;2401
5366;7120198;2372599;3;2401
5367;7122599;82793;86;2401
5368;7125000;445141;16;2744
5369;7127744;6379;1117;2401
5370;7130145;2636;2704;2401
5371;7132546;2607;2735;2401
5372;7134947;3566273;2;2401
5373;7137348;3139;2273;2401
5374;7139749;3009;2372;2401
5375;7142150;1189901;6;2744
5376;7144894;76801;93;2401
5377;7147295;3572447;2;2401
5378;7149696;5981;1195;2401
5379;7152097;2598;2752;2401
5380;7154498;7152097;1;2401
5381;7156899;3029;2362;2401
5382;7159300;162649;44;2744
5383;7162044;4219;1697;2401
5384;7164445;14557;492;2401
5385;7166846;3545;2021;2401
5386;7169247;155801;46;2401
5387;7171648;796583;9;2401
5388;7174049;2672;2684;2401
5389;7176450;3588029;2;392
5390;7176842;7174441;1;2401
5391;7179243;3588421;2;2401
5392;7181644;104047;69;2401
5393;7184045;1795411;4;2401
5394;7186446;130619;55;2401
5395;7188847;21013;342;2401
5396;7191248;299521;24;2744
5397;7193992;4213;1707;2401
5398;7196393;2504;2873;2401
5399;7198794;135781;53;2401
5400;7201195;2402;2997;2401
5401;7203596;1440239;5;2401
5402;7205997;38317;188;2401
5403;7208398;211931;34;2744
5404;7211142;2663;2707;2401
5405;7213543;400619;18;2401
5406;7215944;7213543;1;2401
5407;7218345;901993;8;2401
5408;7220746;5407;1335;2401
5409;7223147;3326;2171;2401
5410;7225548;1805701;4;2744
5411;7228292;15473;467;2401
5412;7230693;6871;1052;2401
5413;7233094;3639;1987;2401
5414;7235495;328777;22;2401
5415;7237896;1447099;5;2401
5416;7240297;301579;24;2401
5417;7242698;8681;834;2744
5418;7245442;2433;2977;2401
5419;7247843;3622721;2;2401
5420;7250244;7247843;1;2401
5421;7252645;2507;2892;2401
5422;7255046;5779;1255;2401
5423;7257447;2494;2909;2401
5424;7259848;453569;16;2744
5425;7262592;7260191;1;2401
5426;7264993;18913;384;2401
5427;7267394;13891;523;2401
5428;7269795;3633697;2;2401
5429;7272196;2601;2795;2401
5430;7274597;1818049;4;2401
5431;7276998;279779;26;2744
5432;7279742;7277341;1;2401
5433;7282143;2566;2837;2401
5434;7284544;3267;2229;2401
5435;7286945;2647;2752;2401
5436;7289346;1457389;5;2401
5437;7291747;1214891;6;2401
5438;7294148;607813;12;392
5439;7294540;4493;1623;2401
5440;7296941;3124;2335;2401
5441;7299342;7296941;1;2401
5442;7301743;135173;54;2401
5443;7304144;7301743;1;2401
5444;7306545;2456;2974;2401
5445;7308946;2987;2446;2744
5446;7311690;3133;2333;2401
5447;7314091;2466;2965;2401
5448;7316492;75403;97;2401
5449;7318893;2402;3046;2401
5450;7321294;34361;213;2401
5451;7323695;3660647;2;2401
5452;7326096;19477;376;2744
5453;7328840;4267;1717;2401
5454;7331241;3457;2120;2401
5455;7333642;2443747;3;2401
5456;7336043;2434;3013;2401
5457;7338444;4147;1769;2401
5458;7340845;19727;372;2401
5459;7343246;94109;78;2744
5460;7345990;222533;33;2401
5461;7348391;3470;2117;2401
5462;7350792;3481;2111;2401
5463;7353193;3877;1896;2401
5464;7355594;7353193;1;2401
5465;7357995;4603;1598;2401
5466;7360396;1839413;4;2744
5467;7363140;7360739;1;2401
5468;7365541;122719;60;2401
5469;7367942;18553;397;2401
5470;7370343;3683971;2;2401
5471;7372744;26417;279;2401
5472;7375145;3548;2078;2401
5473;7377546;3687401;2;2744
5474;7380290;4819;1531;2401
5475;7382691;738029;10;2401
5476;7385092;273433;27;2401
5477;7387493;12911;572;2401
5478;7389894;2447;3019;2401
5479;7392295;28643;258;2401
5480;7394696;2892;2556;2744
5481;7397440;4129;1791;2401
5482;7399841;23117;320;2401
5483;7402242;7399841;1;2401
5484;7404643;3162;2341;2401
5485;7407044;7487;989;2401
5486;7409445;1851761;4;2401
5487;7411846;62;119545;56
5488;7411902;39623;187;2401
5489;7414303;2649;2798;2401
5490;7416704;3151;2353;2401
5491;7419105;57943;128;2401
5492;7421506;2595;2859;2401
5493;7423907;5771;1286;2401
5494;7426308;1855891;4;2744
5495;7429052;7426651;1;2401
5496;7431453;2498;2974;2401
5497;7433854;9491;783;2401
5498;7436255;2654;2801;2401
5499;7438656;1487251;5;2401
5500;7441057;2544;2924;2401
5501;7443458;137791;54;2744
5502;7446202;3879;1919;2401
5503;7448603;2531;2942;2401
5504;7451004;7448603;1;2401
5505;7453405;2402;3102;2401
5506;7455806;34667;215;2401
5507;7458207;3727903;2;2401
5508;7460608;4001;1864;2744
5509;7463352;7460951;1;2401
5510;7465753;2518;2964;2401
5511;7468154;7465753;1;2401
5512;7470555;3182;2347;2401
5513;7472956;3583;2085;2401
5514;7475357;1868239;4;2401
5515;7477758;5141;1454;2744
5516;7480502;14867;503;2401
5517;7482903;3740251;2;2401
5518;7485304;2451;3053;2401
5519;7487705;3128;2393;2401
5520;7490106;1497541;5;2401
5521;7492507;32009;234;2401
5522;7494908;624347;12;2744
5523;7497652;60937;123;2401
5524;7500053;43591;172;2401
5525;7502454;681823;11;2401
5526;7504855;21937;342;2401
5527;7507256;4195;1789;2401
5528;7509657;13217;568;2401
5529;7512058;91577;82;2744
5530;7514802;3827;1963;2401
5531;7517203;2634;2853;2401
5532;7519604;3853;1951;2401
5533;7522005;1879901;4;2401
5534;7524406;26393;285;2401
5535;7526807;23081;326;2401
5536;7529208;470551;16;392
5537;7529600;11929;631;2401
5538;7532001;2600;2896;2401
5539;7534402;3361;2241;2401
5540;7536803;29663;254;2401
5541;7539204;77699;97;2401
5542;7541605;628267;12;2401
5543;7544006;3186;2367;2744
5544;7546750;44119;171;2401
5545;7549151;30187;250;2401
5546;7551552;243521;31;2401
5547;7553953;3189;2368;2401
5548;7556354;686723;11;2401
5549;7558755;3566;2119;2401
5550;7561156;1889603;4;2744
5551;7563900;3599;2101;2401
5552;7566301;2654;2850;2401
5553;7568702;48193;157;2401
5554;7571103;2402;3151;2401
5555;7573504;2703;2801;2401
5556;7575905;2752;2752;2401
5557;7578306;3787781;2;2744
5558;7581050;582973;13;2401
5559;7583451;3350;2263;2401
5560;7585852;4427;1713;2401
5561;7588253;1896463;4;2401
5562;7590654;4687;1619;2401
5563;7593055;421703;18;2401
5564;7595456;316363;24;2744
5565;7598200;6899;1101;2401
5566;7600601;37991;200;2401
5567;7603002;7600601;1;2401
5568;7605403;2451;3102;2401
5569;7607804;585031;13;2401
5570;7610205;1901951;4;2401
5571;7612606;6331;1202;2744
5572;7615350;7471;1019;2401
5573;7617751;5641;1350;2401
5574;7620152;10421;731;2401
5575;7622553;6067;1256;2401
5576;7624954;3287;2319;2401
5577;7627355;3812477;2;2401
5578;7629756;9983;764;2744
5579;7632500;67523;113;2401
5580;7634901;2500;3053;2401
5581;7637302;2544967;3;2401
5582;7639703;3818651;2;2401
5583;7642104;332161;23;2401
5584;7644505;16759;456;2401
5585;7646906;618;12373;392
5586;7647298;3249;2353;2401
5587;7649699;3823649;2;2401
5588;7652100;5981;1279;2401
5589;7654501;3327;2300;2401
5590;7656902;3833;1997;2401
5591;7659303;3817;2006;2401
5592;7661704;95737;80;2744
5593;7664448;7662047;1;2401
5594;7666849;2508;3056;2401
5595;7669250;7666849;1;2401
5596;7671651;30677;250;2401
5597;7674052;196709;39;2401
5598;7676453;2564;2993;2401
5599;7678854;3562;2155;2744
5600;7681598;7679197;1;2401
5601;7683999;3202;2399;2401
5602;7686400;134807;57;2401
5603;7688801;2402;3200;2401
5604;7691202;3727;2063;2401
5605;7693603;4801;1602;2401
5606;7696004;128221;60;2744
5607;7698748;2565449;3;2401
5608;7701149;23189;332;2401
5609;7703550;76249;101;2401
5610;7705951;2550;3021;2401
5611;7708352;2761;2791;2401
5612;7710753;2752;2801;2401
5613;7713154;4195;1838;2744
5614;7715898;701227;11;2401
5615;7718299;47629;162;2401
5616;7720700;7718299;1;2401
5617;7723101;5939;1300;2401
5618;7725502;2451;3151;2401
5619;7727903;57653;134;2401
5620;7730304;193189;40;2744
5621;7733048;2441;3167;2401
5622;7735449;966631;8;2401
5623;7737850;2578483;3;2401
5624;7740251;2537;3050;2401
5625;7742652;7740251;1;2401
5626;7745053;3306;2342;2401
5627;7747454;258157;30;2744
5628;7750198;8147;951;2401
5629;7752599;227947;34;2401
5630;7755000;6217;1247;2401
5631;7757401;2500;3102;2401
5632;7759802;7757401;1;2401
5633;7762203;3947;1966;2401
5634;7764604;41299;188;392
5635;7764996;15073;515;2401
5636;7767397;34057;228;2401
5637;7769798;3697;2101;2401
5638;7772199;3884899;2;2401
5639;7774600;5669;1371;2401
5640;7777001;38873;200;2401
5641;7779402;10831;718;2744
5642;7782146;6199;1255;2401
5643;7784547;20161;386;2401
5644;7786948;3331;2337;2401
5645;7789349;149749;52;2401
5646;7791750;458197;17;2401
5647;7794151;3463;2250;2401
5648;7796552;3054;2552;2744
5649;7799296;519793;15;2401
5650;7801697;15233;512;2401
5651;7804098;7801697;1;2401
5652;7806499;2402;3249;2401
5653;7808900;339413;23;2401
5654;7811301;2519;3100;2401
5655;7813702;7219;1082;2744
5656;7816446;4993;1565;2401
5657;7818847;13159;594;2401
5658;7821248;4289;1823;2401
5659;7823649;122207;64;2401
5660;7826050;4733;1653;2401
5661;7828451;156521;50;2401
5662;7830852;1957027;4;2744
5663;7833596;1566239;5;2401
5664;7835997;67531;116;2401
5665;7838398;2703;2899;2401
5666;7840799;3919199;2;2401
5667;7843200;6169;1271;2401
5668;7845601;2432;3225;2401
5669;7848002;35339;222;2744
5670;7850746;2711;2895;2401
5671;7853147;3925373;2;2401
5672;7855548;7853147;1;2401
5673;7857949;654629;12;2401
5674;7860350;4939;1591;2401
5675;7862751;157207;50;2401
5676;7865152;982801;8;2744
5677;7867896;4565;1723;2401
5678;7870297;327829;24;2401
5679;7872698;3989;1973;2401
5680;7875099;2666;2953;2401
5681;7877500;875011;9;2401
5682;7879901;2500;3151;2401
5683;7882302;27179;290;392
5684;7882694;7223;1091;2401
5685;7885095;4789;1646;2401
5686;7887496;4161;1895;2401
5687;7889897;985937;8;2401
5688;7892298;4133;1909;2401
5689;7894699;2778;2841;2401
5690;7897100;657863;12;2744
5691;7899844;2609;3027;2401
5692;7902245;1974961;4;2401
5693;7904646;3965;1993;2401
5694;7907047;3306;2391;2401
5695;7909448;7907047;1;2401
5696;7911849;988681;8;2401
5697;7914250;3955753;2;2744
5698;7916994;272917;29;2401
5699;7919395;2439;3246;2401
5700;7921796;5995;1321;2401
5701;7924197;2402;3298;2401
5702;7926598;139021;57;2401
5703;7928999;3963299;2;2401
5704;7931400;3632;2183;2744
5705;7934144;48661;163;2401
5706;7936545;2416;3284;2401
5707;7938946;529103;15;2401
5708;7941347;8287;958;2401
5709;7943748;214631;37;2401
5710;7946149;34841;228;2401
5711;7948550;120391;66;2744
5712;7951294;44909;177;2401
5713;7953695;7459;1066;2401
5714;7956096;1590739;5;2401
5715;7958497;20719;384;2401
5716;7960898;78797;101;2401
5717;7963299;15733;506;2401
5718;7965700;5737;1388;2744
5719;7968444;74449;107;2401
5720;7970845;2703;2948;2401
5721;7973246;1594169;5;2401
5722;7975647;3986623;2;2401
5723;7978048;886183;9;2401
5724;7980449;2752;2899;2401
5725;7982850;2971;2686;2744
5726;7985594;23689;337;2401
5727;7987995;3992797;2;2401
5728;7990396;177511;45;2401
5729;7992797;1997599;4;2401
5730;7995198;11567;691;2401
5731;7997599;3902;2049;2401
5732;8000000;424;18867;392
5733;8000392;39791;201;2401
5734;8002793;2824;2833;2401
5735;8005194;8002793;1;2401
5736;8007595;3382;2367;2401
5737;8009996;94207;85;2401
5738;8012397;37783;212;2401
5739;8014798;108271;74;2744
5740;8017542;8015141;1;2401
5741;8019943;2538;3159;2401
5742;8022344;3767;2129;2401
5743;8024745;91163;88;2401
5744;8027146;3515;2283;2401
5745;8029547;4013573;2;2401
5746;8031948;2007301;4;2744
5747;8034692;8032291;1;2401
5748;8037093;2008673;4;2401
5749;8039494;2679031;3;2401
5750;8041895;2402;3347;2401
5751;8044296;1608379;5;2401
5752;8046697;2622;3068;2401
5753;8049098;25303;318;2744
5754;8051842;2683147;3;2401
5755;8054243;4025921;2;2401
5756;8056644;2837;2839;2401
5757;8059045;8089;996;2401
5758;8061446;1611809;5;2401
5759;8063847;2707;2978;2401
5760;8066248;503969;16;2744
5761;8068992;620507;13;2401
5762;8071393;21013;384;2401
5763;8073794;8899;907;2401
5764;8076195;8719;926;2401
5765;8078596;179471;45;2401
5766;8080997;6893;1172;2401
5767;8083398;4040327;2;2744
5768;8086142;12811;631;2401
5769;8088543;4043071;2;2401
5770;8090944;898727;9;2401
5771;8093345;126421;64;2401
5772;8095746;124513;65;2401
5773;8098147;2454;3299;2401
5774;8100548;3042;2662;2744
5775;8103292;2703;2997;2401
5776;8105693;27751;292;2401
5777;8108094;8105693;1;2401
5778;8110495;2742;2957;2401
5779;8112896;2699;3005;2401
5780;8115297;2752;2948;2401
5781;8117698;734;11059;392
5782;8118090;8831;919;2401
5783;8120491;2529;3210;2401
5784;8122892;8120491;1;2401
5785;8125293;17971;452;2401
5786;8127694;12959;627;2401
5787;8130095;2507;3242;2401
5788;8132496;23633;344;2744
5789;8135240;56873;143;2401
5790;8137641;203381;40;2401
5791;8140042;2712547;3;2401
5792;8142443;7723;1054;2401
5793;8144844;3551;2293;2401
5794;8147245;2641;3084;2401
5795;8149646;1357817;6;2744
5796;8152390;7829;1041;2401
5797;8154791;2722;2995;2401
5798;8157192;76213;107;2401
5799;8159593;2402;3396;2401
5800;8161994;627661;13;2401
5801;8164395;4080997;2;2401
5802;8166796;3716;2197;2744
5803;8169540;355093;23;2401
5804;8171941;2820;2897;2401
5805;8174342;263611;31;2401
5806;8176743;371561;22;2401
5807;8179144;908527;9;2401
5808;8181545;2741;2984;2401
5809;8183946;10201;802;2744
5810;8186690;221197;37;2401
5811;8189091;48157;170;2401
5812;8191492;909899;9;2401
5813;8193893;19139;428;2401
5814;8196294;13499;607;2401
5815;8198695;18713;438;2401
5816;8201096;3152;2601;2744
5817;8203840;2403;3413;2401
5818;8206241;2480;3308;2401
5819;8208642;5431;1511;2401
5820;8211043;105239;78;2401
5821;8213444;8211043;1;2401
5822;8215845;2053361;4;2401
5823;8218246;4107751;2;2744
5824;8220990;8218589;1;2401
5825;8223391;274033;30;2401
5826;8225792;9007;913;2401
5827;8228193;3712;2216;2401
5828;8230594;25633;321;2401
5829;8232995;4115297;2;2401
5830;8235396;94;87610;56
5831;8235452;32801;251;2401
5832;8237853;8543;964;2401
5833;8240254;3501;2353;2401
5834;8242655;374557;22;2401
5835;8245056;1648531;5;2401
5836;8247457;42943;192;2401
5837;8249858;458173;18;2744
5838;8252602;305563;27;2401
5839;8255003;4126301;2;2401
5840;8257404;123209;67;2401
5841;8259805;6313;1308;2401
5842;8262206;1651961;5;2401
5843;8264607;67723;122;2401
5844;8267008;1033033;8;2744
5845;8269752;8267351;1;2401
5846;8272153;20269;408;2401
5847;8274554;8272153;1;2401
5848;8276955;4137277;2;2401
5849;8279356;2801;2955;2401
5850;8281757;2852;2903;2401
5851;8284158;3859;2146;2744
5852;8286902;202061;41;2401
5853;8289303;3614;2293;2401
5854;8291704;251191;33;2401
5855;8294105;2402;3452;2401
5856;8296506;3959;2095;2401
5857;8298907;3483;2382;2401
5858;8301308;4141;2004;2744
5859;8304052;145643;57;2401
5860;8306453;34033;244;2401
5861;8308854;8306453;1;2401
5862;8311255;461603;18;2401
5863;8313656;4495;1849;2401
5864;8316057;79939;104;2401
5865;8318458;4741;1754;2744
5866;8321202;361687;23;2401
5867;8323603;2517;3306;2401
5868;8326004;8323603;1;2401
5869;8328405;48407;172;2401
5870;8330806;3677;2265;2401
5871;8333207;3539;2354;2401
5872;8335608;130201;64;2744
5873;8338352;641227;13;2401
5874;8340753;2596;3212;2401
5875;8343154;2451;3403;2401
5876;8345555;2539;3286;2401
5877;8347956;3995;2089;2401
5878;8350357;695663;12;2401
5879;8352758;126551;66;392
5880;8353150;2721;3069;2401
5881;8355551;3550;2353;2401
5882;8357952;491503;17;2401
5883;8360353;2424;3448;2401
5884;8362754;8360353;1;2401
5885;8365155;2654;3151;2401
5886;8367556;56519;148;2744
5887;8370300;27257;307;2401
5888;8372701;27901;300;2401
5889;8375102;3907;2143;2401
5890;8377503;14797;566;2401
5891;8379904;2627;3189;2401
5892;8382305;2518;3328;2401
5893;8384706;4190981;2;2744
5894;8387450;8385049;1;2401
5895;8389851;2710;3095;2401
5896;8392252;2796617;3;2401
5897;8394653;6577;1276;2401
5898;8397054;18131;463;2401
5899;8399455;155501;54;2401
5900;8401856;349963;24;2744
5901;8404600;4199;2001;2401
5902;8407001;42023;200;2401
5903;8409402;8407001;1;2401
5904;8411803;2402;3501;2401
5905;8414204;2803;3001;2401
5906;8416605;2801;3004;2401
5907;8419006;4208131;2;2744
5908;8421750;7129;1181;2401
5909;8424151;2850;2955;2401
5910;8426552;8424151;1;2401
5911;8428953;1053319;8;2401
5912;8431354;216127;39;2401
5913;8433755;2482;3397;2401
5914;8436156;4082;2066;2744
5915;8438900;8436499;1;2401
5916;8441301;84389;100;2401
5917;8443702;13463;627;2401
5918;8446103;4221851;2;2401
5919;8448504;4429;1907;2401
5920;8450905;352021;24;2401
5921;8453306;5893;1434;2744
5922;8456050;76159;111;2401
5923;8458451;2582;3275;2401
5924;8460852;107069;79;2401
5925;8463253;2451;3452;2401
5926;8465654;8463253;1;2401
5927;8468055;4232827;2;2401
5928;8470456;632;13402;392
5929;8470848;3599;2353;2401
5930;8473249;44119;192;2401
5931;8475650;292181;29;2401
5932;8478051;4475;1894;2401
5933;8480452;10057;843;2401
5934;8482853;2120113;4;2401
5935;8485254;848251;10;2744
5936;8487998;368939;23;2401
5937;8490399;249647;34;2401
5938;8492800;2830133;3;2401
5939;8495201;2654;3200;2401
5940;8497602;59407;143;2401
5941;8500003;157363;54;2401
5942;8502404;3205;2652;2744
5943;8505148;3629;2343;2401
5944;8507549;4052;2099;2401
5945;8509950;8507549;1;2401
5946;8512351;18911;450;2401
5947;8514752;8512351;1;2401
5948;8517153;3728;2284;2401
5949;8519554;7537;1130;2744
5950;8522298;8519897;1;2401
5951;8524699;24919;342;2401
5952;8527100;8524699;1;2401
5953;8529501;2402;3550;2401
5954;8531902;29311;291;2401
5955;8534303;8549;998;2401
5956;8536704;213349;40;2744
5957;8539448;6623;1289;2401
5958;8541849;2594;3292;2401
5959;8544250;5263;1623;2401
5960;8546651;2629;3250;2401
5961;8549052;8546651;1;2401
5962;8551453;2764;3093;2401
5963;8553854;3826;2235;2744
5964;8556598;2851399;3;2401
5965;8558999;186013;46;2401
5966;8561400;8558999;1;2401
5967;8563801;2850;3004;2401
5968;8566202;503753;17;2401
5969;8568603;99607;86;2401
5970;8571004;3820;2243;2744
5971;8573748;8571347;1;2401
5972;8576149;714479;12;2401
5973;8578550;18523;463;2401
5974;8580951;171571;50;2401
5975;8583352;2451;3501;2401
5976;8585753;1072919;8;2401
5977;8588154;1811;4742;392
5978;8588546;1717229;5;2401
5979;8590947;39397;218;2401
5980;8593348;2863649;3;2401
5981;8595749;2148337;4;2401
5982;8598150;8595749;1;2401
5983;8600551;2475;3474;2401
5984;8602952;3336;2578;2744
5985;8605696;30187;285;2401
5986;8608097;2816;3056;2401
5987;8610498;183151;47;2401
5988;8612899;2418;3561;2401
5989;8615300;17981;479;2401
5990;8617701;2525;3412;2401
5991;8620102;59023;146;2744
5992;8622846;2741;3145;2401
5993;8625247;2654;3249;2401
5994;8627648;8625247;1;2401
5995;8630049;134807;64;2401
5996;8632450;70163;123;2401
5997;8634851;172649;50;2401
5998;8637252;2158627;4;2744
5999;8639996;8681;995;2401
6000;8642397;93913;92;2401
6001;8644798;3819;2263;2401
6002;8647199;2402;3599;2401
6003;8649600;786109;11;2401
6004;8652001;2544;3400;2401
6005;8654402;3929;2202;2744
6006;8657146;52453;165;2401
6007;8659547;4328573;2;2401
6008;8661948;666119;13;2401
6009;8664349;37991;228;2401
6010;8666750;44893;193;2401
6011;8669151;34667;250;2401
6012;8671552;1083601;8;2744
6013;8674296;11047;785;2401
6014;8676697;2759;3144;2401
6015;8679098;122207;71;2401
6016;8681499;12877;674;2401
6017;8683900;5641;1539;2401
6018;8686301;3700;2347;2401
6019;8688702;81943;106;2744
6020;8691446;1737809;5;2401
6021;8693847;4345723;2;2401
6022;8696248;965983;9;2401
6023;8698649;5813;1496;2401
6024;8701050;104803;83;2401
6025;8703451;2451;3550;2401
6026;8705852;145091;60;392
6027;8706244;4127;2109;2401
6028;8708645;128033;68;2401
6029;8711046;4145;2101;2401
6030;8713447;2934;2969;2401
6031;8715848;8713447;1;2401
6032;8718249;1089481;8;2401
6033;8720650;2881;3026;2744
6034;8723394;44269;197;2401
6035;8725795;2622;3327;2401
6036;8728196;134243;65;2401
6037;8730597;12613;692;2401
6038;8732998;2910199;3;2401
6039;8735399;4366499;2;2401
6040;8737800;3202;2728;2744
6041;8740544;41413;211;2401
6042;8742945;2624;3331;2401
6043;8745346;30677;285;2401
6044;8747747;4372673;2;2401
6045;8750148;8747747;1;2401
6046;8752549;2634;3322;2401
6047;8754950;4146;2111;2744
6048;8757694;2918431;3;2401
6049;8760095;398077;22;2401
6050;8762496;37277;235;2401
6051;8764897;2402;3648;2401
6052;8767298;8764897;1;2401
6053;8769699;9509;922;2401
6054;8772100;2192339;4;2744
6055;8774844;8772443;1;2401
6056;8777245;56249;156;2401
6057;8779646;6203;1415;2401
6058;8782047;4389823;2;2401
6059;8784448;2703;3249;2401
6060;8786849;4733;1856;2401
6061;8789250;5773;1522;2744
6062;8791994;8789593;1;2401
6063;8794395;4395997;2;2401
6064;8796796;2637;3335;2401
6065;8799197;53639;164;2401
6066;8801598;7079;1243;2401
6067;8803999;5939;1482;2401
6068;8806400;122273;72;2744
6069;8809144;8087;1089;2401
6070;8811545;1101143;8;2401
6071;8813946;1762309;5;2401
6072;8816347;9859;894;2401
6073;8818748;8816347;1;2401
6074;8821149;2204687;4;2401
6075;8823550;1409;6262;392
6076;8823942;2749;3209;2401
6077;8826343;25801;342;2401
6078;8828744;4643;1901;2401
6079;8831145;2837;3112;2401
6080;8833546;588743;15;2401
6081;8835947;4416773;2;2401
6082;8838348;3422;2582;2744
6083;8841092;519923;17;2401
6084;8843493;170021;52;2401
6085;8845894;4119;2147;2401
6086;8848295;5009;1766;2401
6087;8850696;2885;3067;2401
6088;8853097;9967;888;2401
6089;8855498;34313;258;2744
6090;8858242;50033;177;2401
6091;8860643;7867;1126;2401
6092;8863044;4367;2029;2401
6093;8865445;38873;228;2401
6094;8867846;61141;145;2401
6095;8870247;20063;442;2401
6096;8872648;24103;368;2744
6097;8875392;8872991;1;2401
6098;8877793;2784;3188;2401
6099;8880194;385991;23;2401
6100;8882595;2402;3697;2401
6101;8884996;2565;3463;2401
6102;8887397;2221249;4;2401
6103;8889798;403957;22;2744
6104;8892542;683857;13;2401
6105;8894943;33941;262;2401
6106;8897344;2753;3231;2401
6107;8899745;139021;64;2401
6108;8902146;22531;395;2401
6109;8904547;2519;3534;2401
6110;8906948;247339;36;2744
6111;8909692;4141;2151;2401
6112;8912093;202493;44;2401
6113;8914494;189619;47;2401
6114;8916895;2703;3298;2401
6115;8919296;137183;65;2401
6116;8921697;34841;256;2401
6117;8924098;8369;1066;2744
6118;8926842;8924441;1;2401
6119;8929243;2923;3054;2401
6120;8931644;70309;127;2401
6121;8934045;12907;692;2401
6122;8936446;19213;465;2401
6123;8938847;2554;3499;2401
6124;8941248;1117607;8;392
6125;8941640;3919;2281;2401
6126;8944041;7211;1240;2401
6127;8946442;156913;57;2401
6128;8948843;4226;2117;2401
6129;8951244;56999;157;2401
6130;8953645;2773;3228;2401
6131;8956046;64879;138;2744
6132;8958790;7919;1131;2401
6133;8961191;895879;10;2401
6134;8963592;2803;3197;2401
6135;8965993;2508;3574;2401
6136;8968394;16573;541;2401
6137;8970795;4484197;2;2401
6138;8973196;20959;428;2744
6139;8975940;289469;31;2401
6140;8978341;2532;3545;2401
6141;8980742;17167;523;2401
6142;8983143;4490371;2;2401
6143;8985544;4041;2223;2401
6144;8987945;18413;488;2401
6145;8990346;8039;1118;2744
6146;8993090;4219;2131;2401
6147;8995491;899309;10;2401
6148;8997892;999499;9;2401
6149;9000293;2402;3746;2401
6150;9002694;6613;1361;2401
6151;9005095;2983;3018;2401
6152;9007496;62533;144;2744
6153;9010240;5121;1759;2401
6154;9012641;2960;3044;2401
6155;9015042;4741;1901;2401
6156;9017443;5347;1686;2401
6157;9019844;9017443;1;2401
6158;9022245;2254961;4;2401
6159;9024646;7607;1186;2744
6160;9027390;9024989;1;2401
6161;9029791;4933;1830;2401
6162;9032192;20569;439;2401
6163;9034593;2714;3328;2401
6164;9036994;3011531;3;2401
6165;9039395;25243;358;2401
6166;9041796;205433;44;2744
6167;9044540;13721;659;2401
6168;9046941;452227;20;2401
6169;9049342;2703;3347;2401
6170;9051743;50839;178;2401
6171;9054144;87881;103;2401
6172;9056545;2858;3168;2401
6173;9058946;71;127590;56
6174;9059002;27197;333;2401
6175;9061403;4783;1894;2401
6176;9063804;3851;2353;2401
6177;9066205;755317;12;2401
6178;9068606;2615;3467;2401
6179;9071007;34613;262;2401
6180;9073408;11689;776;2744
6181;9076152;221311;41;2401
6182;9078553;4787;1896;2401
6183;9080954;2453;3701;2401
6184;9083355;4619;1966;2401
6185;9085756;2685;3383;2401
6186;9088157;2271439;4;2401
6187;9090558;5833;1558;2744
6188;9093302;9090901;1;2401
6189;9095703;4546651;2;2401
6190;9098104;3031901;3;2401
6191;9100505;1137263;8;2401
6192;9102906;11593;785;2401
6193;9105307;2766;3291;2401
6194;9107708;2999;3036;2744
6195;9110452;12703;717;2401
6196;9112853;13477;676;2401
6197;9115254;12781;713;2401
6198;9117655;56267;162;2401
6199;9120056;1823531;5;2401
6200;9122457;2801;3256;2401
6201;9124858;4561057;2;2744
6202;9127602;9125201;1;2401
6203;9130003;46099;198;2401
6204;9132404;13099;697;2401
6205;9134805;2402;3802;2401
6206;9137206;608987;15;2401
6207;9139607;2522;3623;2401
6208;9142008;3904;2341;2744
6209;9144752;136453;67;2401
6210;9147153;2864;3193;2401
6211;9149554;34259;267;2401
6212;9151955;4574777;2;2401
6213;9154356;1830391;5;2401
6214;9156757;4859;1884;2401
6215;9159158;1526069;6;2744
6216;9161902;2679;3419;2401
6217;9164303;4409;2078;2401
6218;9166704;9164303;1;2401
6219;9169105;2824;3246;2401
6220;9171506;3877;2365;2401
6221;9173907;3011;3046;2401
6222;9176308;659;13924;392
6223;9176700;9174299;1;2401
6224;9179101;2535;3620;2401
6225;9181502;9179101;1;2401
6226;9183903;5717;1606;2401
6227;9186304;3061301;3;2401
6228;9188705;8971;1024;2401
6229;9191106;10513;874;2744
6230;9193850;14897;617;2401
6231;9196251;183877;50;2401
6232;9198652;133279;69;2401
6233;9201053;5311;1732;2401
6234;9203454;9201053;1;2401
6235;9205855;2886;3189;2401
6236;9208256;12373;744;2744
6237;9211000;3069533;3;2401
6238;9213401;2440;3775;2401
6239;9215802;9213401;1;2401
6240;9218203;10039;918;2401
6241;9220604;6353;1451;2401
6242;9223005;10337;892;2401
6243;9225406;35201;262;2744
6244;9228150;709673;13;2401
6245;9230551;20507;450;2401
6246;9232952;8147;1133;2401
6247;9235353;1154119;8;2401
6248;9237754;3078451;3;2401
6249;9240155;7789;1186;2401
6250;9242556;9203;1004;2744
6251;9245300;27427;337;2401
6252;9247701;2950;3134;2401
6253;9250102;3082567;3;2401
6254;9252503;2402;3851;2401
6255;9254904;711731;13;2401
6256;9257305;385621;24;2401
6257;9259706;10789;858;2744
6258;9262450;162457;57;2401
6259;9264851;2890;3205;2401
6260;9267252;32971;281;2401
6261;9269653;33577;276;2401
6262;9272054;9269653;1;2401
6263;9274455;14533;638;2401
6264;9276856;4262;2176;2744
6265;9279600;9277199;1;2401
6266;9282001;2442;3800;2401
6267;9284402;2929;3169;2401
6268;9286803;42589;218;2401
6269;9289204;15401;603;2401
6270;9291605;4076;2279;2401
6271;9294006;682;13627;392
6272;9294398;3949;2353;2401
6273;9296799;87683;106;2401
6274;9299200;39227;237;2401
6275;9301601;2906;3200;2401
6276;9304002;4369;2129;2401
6277;9306403;2406;3867;2401
6278;9308804;3607;2580;2744
6279;9311548;3103049;3;2401
6280;9313949;2327887;4;2401
6281;9316350;9313949;1;2401
6282;9318751;2575;3618;2401
6283;9321152;716827;13;2401
6284;9323553;145643;64;2401
6285;9325954;3770;2473;2744
6286;9328698;9326297;1;2401
6287;9331099;518261;18;2401
6288;9333500;9331099;1;2401
6289;9335901;2750;3394;2401
6290;9338302;3921;2381;2401
6291;9340703;10399;898;2401
6292;9343104;233509;40;2744
6293;9345848;9343447;1;2401
6294;9348249;1168231;8;2401
6295;9350650;183299;51;2401
6296;9353051;3979;2350;2401
6297;9355452;322519;29;2401
6298;9357853;779621;12;2401
6299;9360254;3790;2469;2744
6300;9362998;5079;1843;2401
6301;9365399;4363;2146;2401
6302;9367800;9365399;1;2401
6303;9370201;2402;3900;2401
6304;9372602;9370201;1;2401
6305;9375003;151171;62;2401
6306;9377404;6421;1460;2744
6307;9380148;9377747;1;2401
6308;9382549;41141;228;2401
6309;9384950;852959;11;2401
6310;9387351;187699;50;2401
6311;9389752;17099;549;2401
6312;9392153;4567;2056;2401
6313;9394554;939181;10;2744
6314;9397298;2533;3709;2401
6315;9399699;16603;566;2401
6316;9402100;4161;2259;2401
6317;9404501;2815;3340;2401
6318;9406902;303371;31;2401
6319;9409303;5009;1878;2401
6320;9411704;464;20283;392
6321;9412096;4395;2141;2401
6322;9414497;3968;2372;2401
6323;9416898;14551;647;2401
6324;9419299;58129;162;2401
6325;9421700;229739;41;2401
6326;9424101;2654;3550;2401
6327;9426502;4711879;2;2744
6328;9429246;35573;265;2401
6329;9431647;523847;18;2401
6330;9434048;9431647;1;2401
6331;9436449;2668;3536;2401
6332;9438850;285953;33;2401
6333;9441251;3035;3110;2401
6334;9443652;5633;1676;2744
6335;9446396;4495;2101;2401
6336;9448797;3071;3076;2401
6337;9451198;3149599;3;2401
6338;9453599;28297;334;2401
6339;9456000;9453599;1;2401
6340;9458401;2955;3200;2401
6341;9460802;1576343;6;2744
6342;9463546;5073;1865;2401
6343;9465947;7669;1234;2401
6344;9468348;5309;1783;2401
6345;9470749;789029;12;2401
6346;9473150;9470749;1;2401
6347;9475551;189463;50;2401
6348;9477952;7949;1192;2744
6349;9480696;2903;3265;2401
6350;9483097;2446;3876;2401
6351;9485498;56113;169;2401
6352;9487899;2402;3949;2401
6353;9490300;2421;3919;2401
6354;9492701;94903;100;2401
6355;9495102;279187;34;2744
6356;9497846;1899089;5;2401
6357;9500247;10169;934;2401
6358;9502648;6173;1539;2401
6359;9505049;5969;1592;2401
6360;9507450;413263;23;2401
6361;9509851;2410;3945;2401
6362;9512252;2766;3438;2744
6363;9514996;4629;2055;2401
6364;9517397;2378749;4;2401
6365;9519798;6803;1399;2401
6366;9522199;4294;2217;2401
6367;9524600;8633;1103;2401
6368;9527001;47623;200;2401
6369;9529402;56053;170;392
6370;9529794;9527393;1;2401
6371;9532195;3034;3141;2401
6372;9534596;1906439;5;2401
6373;9536997;2383649;4;2401
6374;9539398;3178999;3;2401
6375;9541799;39419;242;2401
6376;9544200;596341;16;2744
6377;9546944;120817;79;2401
6378;9549345;3056;3124;2401
6379;9551746;2535;3767;2401
6380;9554147;2654;3599;2401
6381;9556548;31121;307;2401
6382;9558949;796379;12;2401
6383;9561350;15467;618;2744
6384;9564094;5149;1857;2401
6385;9566495;11413;838;2401
6386;9568896;4097;2335;2401
6387;9571297;24919;384;2401
6388;9573698;134807;71;2401
6389;9576099;2902;3299;2401
6390;9578500;55673;172;2744
6391;9581244;4603;2081;2401
6392;9583645;42023;228;2401
6393;9586046;1916729;5;2401
6394;9588447;116903;82;2401
6395;9590848;4211;2277;2401
6396;9593249;4328;2216;2401
6397;9595650;11393;842;2744
6398;9598394;6869;1397;2401
6399;9600795;369169;26;2401
6400;9603196;2565;3743;2401
6401;9605597;2402;3998;2401
6402;9607998;9605597;1;2401
6403;9610399;2811;3418;2401
6404;9612800;44491;216;2744
6405;9615544;4233;2271;2401
6406;9617945;11027;872;2401
6407;9620346;12739;755;2401
6408;9622747;84389;114;2401
6409;9625148;9622747;1;2401
6410;9627549;185099;52;2401
6411;9629950;5051;1906;2744
6412;9632694;8731;1103;2401
6413;9635095;27211;354;2401
6414;9637496;1927019;5;2401
6415;9639897;109517;88;2401
6416;9642298;2489;3873;2401
6417;9644699;6917;1394;2401
6418;9647100;628;15361;392
6419;9647492;9645091;1;2401
6420;9649893;5897;1636;2401
6421;9652294;4593;2101;2401
6422;9654695;5321;1814;2401
6423;9657096;1930939;5;2401
6424;9659497;402379;24;2401
6425;9661898;12289;786;2744
6426;9664642;2841;3401;2401
6427;9667043;6539;1478;2401
6428;9669444;7853;1231;2401
6429;9671845;2524;3831;2401
6430;9674246;2713;3565;2401
6431;9676647;5849;1654;2401
6432;9679048;54979;176;2744
6433;9681792;37663;257;2401
6434;9684193;2432;3981;2401
6435;9686594;9684193;1;2401
6436;9688995;4843297;2;2401
6437;9691396;4647;2085;2401
6438;9693797;16943;572;2401
6439;9696198;4846727;2;2744
6440;9698942;2911;3331;2401
6441;9701343;25933;374;2401
6442;9703744;18911;513;2401
6443;9706145;4154;2336;2401
6444;9708546;1941229;5;2401
6445;9710947;1618091;6;2401
6446;9713348;2754;3526;2744
6447;9716092;83023;117;2401
6448;9718493;2429023;4;2401
6449;9720894;9718493;1;2401
6450;9723295;2402;4047;2401
6451;9725696;1944659;5;2401
6452;9728097;37991;256;2401
6453;9730498;4863877;2;2744
6454;9733242;9730841;1;2401
6455;9735643;1622207;6;2401
6456;9738044;15779;617;2401
6457;9740445;16339;596;2401
6458;9742846;2629;3705;2401
6459;9745247;211801;46;2401
6460;9747648;93701;104;2744
6461;9750392;886181;11;2401
6462;9752793;11833;824;2401
6463;9755194;4551;2143;2401
6464;9757595;168193;58;2401
6465;9759996;8597;1135;2401
6466;9762397;3004;3249;2401
6467;9764798;542467;18;392
6468;9765190;2903;3363;2401
6469;9767591;2630;3713;2401
6470;9769992;9767591;1;2401
6471;9772393;407083;24;2401
6472;9774794;9772393;1;2401
6473;9777195;4887397;2;2401
6474;9779596;3644;2683;2744
6475;9782340;752303;13;2401
6476;9784741;8581;1140;2401
6477;9787142;575573;17;2401
6478;9789543;4893571;2;2401
6479;9791944;2991;3273;2401
6480;9794345;1223993;8;2401
6481;9796746;4897001;2;2744
6482;9799490;9797089;1;2401
6483;9801891;979949;10;2401
6484;9804292;2673;3667;2401
6485;9806693;29531;332;2401
6486;9809094;4589;2137;2401
6487;9811495;1634849;6;2401
6488;9813896;2808;3494;2744
6489;9816640;1090471;9;2401
6490;9819041;30677;320;2401
6491;9821442;4421;2221;2401
6492;9823843;2559;3838;2401
6493;9826244;90127;109;2401
6494;9828645;2668;3683;2401
6495;9831046;14411;682;2744
6496;9833790;578317;17;2401
6497;9836191;2445;4022;2401
6498;9838592;2581;3811;2401
6499;9840993;2402;4096;2401
6500;9843394;172649;57;2401
6501;9845795;447427;22;2401
6502;9848196;57241;172;2744
6503;9850940;8297;1187;2401
6504;9853341;44777;220;2401
6505;9855742;3284447;3;2401
6506;9858143;4394;2243;2401
6507;9860544;75253;131;2401
6508;9862945;2448;4028;2401
6509;9865346;26947;366;2744
6510;9868090;142981;69;2401
6511;9870491;5113;1930;2401
6512;9872892;139021;71;2401
6513;9875293;2502;3946;2401
6514;9877694;9875293;1;2401
6515;9880095;2854;3461;2401
6516;9882496;68;145330;56
6517;9882552;26069;379;2401
6518;9884953;2872;3441;2401
6519;9887354;4201;2353;2401
6520;9889755;4943677;2;2401
6521;9892156;659317;15;2401
6522;9894557;2473039;4;2401
6523;9896958;10459;946;2744
6524;9899702;20323;487;2401
6525;9902103;2462;4021;2401
6526;9904504;5623;1761;2401
6527;9906905;1238063;8;2401
6528;9909306;6371;1555;2401
6529;9911707;50047;198;2401
6530;9914108;825947;12;2744
6531;9916852;6271;1581;2401
6532;9919253;225383;44;2401
6533;9921654;4633;2141;2401
6534;9924055;2407;4122;2401
6535;9926456;7723;1285;2401
6536;9928857;1240807;8;2401
6537;9931258;13309;746;2744
6538;9934002;342469;29;2401
6539;9936403;2403;4134;2401
6540;9938804;37781;263;2401
6541;9941205;7373;1348;2401
6542;9943606;2773;3585;2401
6543;9946007;292459;34;2401
6544;9948408;8179;1216;2744
6545;9951152;9948751;1;2401
6546;9953553;2789;3568;2401
6547;9955954;6649;1497;2401
6548;9958355;4977977;2;2401
6549;9960756;181061;55;2401
6550;9963157;2613;3812;2401
6551;9965558;1660469;6;2744
6552;9968302;301997;33;2401
6553;9970703;51383;194;2401
6554;9973104;9970703;1;2401
6555;9975505;2402;4152;2401
6556;9977906;48661;205;2401
6557;9980307;216911;46;2401
6558;9982708;2494991;4;2744
6559;9985452;8203;1217;2401
6560;9987853;832121;12;2401
6561;9990254;9987853;1;2401
6562;9992655;293831;34;2401
6563;9995056;222059;45;2401
6564;9997457;7019;1424;2401
6565;9999858;4999733;2;392
6566;10000250;72977;137;2401
6567;10002651;3077;3250;2401
6568;10005052;114973;87;2401
6569;10007453;16787;596;2401
6570;10009854;10501;953;2401
6571;10012255;556103;18;2401
6572;10014656;2778;3604;2744
6573;10017400;32411;309;2401
6574;10019801;50087;200;2401
6575;10022202;8513;1177;2401
6576;10024603;556789;18;2401
6577;10027004;13789;727;2401
6578;10029405;2554;3926;2401
6579;10031806;11911;842;2744
6580;10034550;37019;271;2401
6581;10036951;7433;1350;2401
6582;10039352;10036951;1;2401
6583;10041753;4283;2344;2401
6584;10044154;3347251;3;2401
6585;10046555;4478;2243;2401
6586;10048956;3743;2684;2744
6587;10051700;773023;13;2401
6588;10054101;100517;100;2401
6589;10056502;3351367;3;2401
6590;10058903;46993;214;2401
6591;10061304;10058903;1;2401
6592;10063705;3036;3314;2401
6593;10066106;17291;582;2744
6594;10068850;63311;159;2401
6595;10071251;18307;550;2401
6596;10073652;3119;3229;2401
6597;10076053;839471;12;2401
6598;10078454;4667;2159;2401
6599;10080855;5039227;2;2401
6600;10083256;3029;3328;2744
6601;10086000;10083599;1;2401
6602;10088401;2460;4100;2401
6603;10090802;121547;83;2401
6604;10093203;2402;4201;2401
6605;10095604;5029;2007;2401
6606;10098005;2523901;4;2401
6607;10100406;12979;778;2744
6608;10103150;439163;23;2401
6609;10105551;202063;50;2401
6610;10107952;30347;333;2401
6611;10110353;2918;3464;2401
6612;10112754;2497;4049;2401
6613;10115155;1685459;6;2401
6614;10117556;534;18946;392
6615;10117948;4299;2353;2401
6616;10120349;41467;244;2401
6617;10122750;10120349;1;2401
6618;10125151;2454;4125;2401
6619;10127552;104383;97;2401
6620;10129953;158243;64;2401
6621;10132354;5659;1790;2744
6622;10135098;9809;1033;2401
6623;10137499;187687;54;2401
6624;10139900;10137499;1;2401
6625;10142301;101399;100;2401
6626;10144702;8389;1209;2401
6627;10147103;220537;46;2401
6628;10149504;3002;3380;2744
6629;10152248;11899;853;2401
6630;10154649;8083;1256;2401
6631;10157050;3384883;3;2401
6632;10159451;203141;50;2401
6633;10161852;12109;839;2401
6634;10164253;2742;3706;2401
6635;10166654;7879;1290;2744
6636;10169398;3388999;3;2401
6637;10171799;40037;254;2401
6638;10174200;924709;11;2401
6639;10176601;2735;3720;2401
6640;10179002;10176601;1;2401
6641;10181403;5089501;2;2401
6642;10183804;509053;20;2744
6643;10186548;442789;23;2401
6644;10188949;848879;12;2401
6645;10191350;14171;719;2401
6646;10193751;15679;650;2401
6647;10196152;1132639;9;2401
6648;10198553;12619;808;2401
6649;10200954;4565;2234;2744
6650;10203698;8287;1231;2401
6651;10206099;76147;134;2401
6652;10208500;4867;2097;2401
6653;10210901;2402;4250;2401
6654;10213302;10210901;1;2401
6655;10215703;154747;66;2401
6656;10218104;2880;3547;2744
6657;10220848;19919;513;2401
6658;10223249;58073;176;2401
6659;10225650;10223249;1;2401
6660;10228051;68171;150;2401
6661;10230452;129469;79;2401
6662;10232853;2557613;4;2401
6663;10235254;506;20227;392
6664;10235646;2777;3685;2401
6665;10238047;21061;486;2401
6666;10240448;10238047;1;2401
6667;10242849;3019;3392;2401
6668;10245250;46771;219;2401
6669;10247651;2675;3830;2401
6670;10250052;4142;2474;2744
6671;10252796;2050079;5;2401
6672;10255197;2563199;4;2401
6673;10257598;3418399;3;2401
6674;10259999;394523;26;2401
6675;10262400;10259999;1;2401
6676;10264801;3200;3207;2401
6677;10267202;3891;2638;2744
6678;10269946;29761;345;2401
6679;10272347;28687;358;2401
6680;10274748;11581;887;2401
6681;10277149;77839;132;2401
6682;10279550;10277149;1;2401
6683;10281951;2477;4150;2401
6684;10284352;6091;1688;2744
6685;10287096;12317;835;2401
6686;10289497;428629;24;2401
6687;10291898;15289;673;2401
6688;10294299;5145949;2;2401
6689;10296700;3111;3309;2401
6690;10299101;102967;100;2401
6691;10301502;3863;2666;2744
6692;10304246;8017;1285;2401
6693;10306647;21557;478;2401
6694;10309048;5343;1929;2401
6695;10311449;14479;712;2401
6696;10313850;10311449;1;2401
6697;10316251;4350;2371;2401
6698;10318652;286553;36;2744
6699;10321396;2565;4023;2401
6700;10323797;4519;2284;2401
6701;10326198;32363;319;2401
6702;10328599;2402;4299;2401
6703;10331000;175061;59;2401
6704;10333401;10331;1000;2401
6705;10335802;4546;2273;2744
6706;10338546;33889;305;2401
6707;10340947;2622;3943;2401
6708;10343348;5899;1753;2401
6709;10345749;2585837;4;2401
6710;10348150;3448583;3;2401
6711;10350551;3089;3350;2401
6712;10352952;604;17140;392
6713;10353344;8993;1151;2401
6714;10355745;161771;64;2401
6715;10358146;5217;1985;2401
6716;10360547;5179073;2;2401
6717;10362948;9479;1093;2401
6718;10365349;2609;3972;2401
6719;10367750;4118;2517;2744
6720;10370494;3456031;3;2401
6721;10372895;22643;458;2401
6722;10375296;3011;3445;2401
6723;10377697;2624;3954;2401
6724;10380098;14081;737;2401
6725;10382499;305297;34;2401
6726;10384900;17189;604;2744
6727;10387644;4943;2101;2401
6728;10390045;865637;12;2401
6729;10392446;2078009;5;2401
6730;10394847;5196223;2;2401
6731;10397248;39827;261;2401
6732;10399649;162457;64;2401
6733;10402050;34897;298;2744
6734;10404794;9431;1103;2401
6735;10407195;179393;58;2401
6736;10409596;231271;45;2401
6737;10411997;2602399;4;2401
6738;10414398;10411997;1;2401
6739;10416799;1735733;6;2401
6740;10419200;2908;3582;2744
6741;10421944;3207;3249;2401
6742;10424345;4357;2392;2401
6743;10426746;3005;3469;2401
6744;10429147;9293;1122;2401
6745;10431548;8431;1237;2401
6746;10433949;63607;164;2401
6747;10436350;121321;86;2744
6748;10439094;49463;211;2401
6749;10441495;91571;114;2401
6750;10443896;4651;2245;2401
6751;10446297;2402;4348;2401
6752;10448698;41953;249;2401
6753;10451099;5087;2054;2401
6754;10453500;13679;764;2744
6755;10456244;10453843;1;2401
6756;10458645;2614061;4;2401
6757;10461046;36697;285;2401
6758;10463447;10001;1046;2401
6759;10465848;25583;409;2401
6760;10468249;2511;4168;2401
6761;10470650;531;19718;392
6762;10471042;8059;1299;2401
6763;10473443;5039;2078;2401
6764;10475844;337853;31;2401
6765;10478245;30103;348;2401
6766;10480646;20749;505;2401
6767;10483047;2654;3949;2401
6768;10485448;2861;3664;2744
6769;10488192;8819;1189;2401
6770;10490593;2483;4224;2401
6771;10492994;10490593;1;2401
6772;10495395;13843;758;2401
6773;10497796;233231;45;2401
6774;10500197;2789;3764;2401
6775;10502598;128047;82;2744
6776;10505342;45077;233;2401
6777;10507743;2438;4309;2401
6778;10510144;24841;423;2401
6779;10512545;3104;3386;2401
6780;10514946;123677;85;2401
6781;10517347;134807;78;2401
6782;10519748;3004;3501;2744
6783;10522492;20507;513;2401
6784;10524893;2630623;4;2401
6785;10527294;10524893;1;2401
6786;10529695;1754549;6;2401
6787;10532096;191449;55;2401
6788;10534497;41141;256;2401
6789;10536898;5267077;2;2744
6790;10539642;4433;2377;2401
6791;10542043;3134;3363;2401
6792;10544444;257123;41;2401
6793;10546845;5179;2036;2401
6794;10549246;703123;15;2401
6795;10551647;5274623;2;2401
6796;10554048;1318913;8;2744
6797;10556792;7417;1423;2401
6798;10559193;4574;2308;2401
6799;10561594;5491;1923;2401
6800;10563995;2402;4397;2401
6801;10566396;162523;65;2401
6802;10568797;2586;4086;2401
6803;10571198;2967;3562;2744
6804;10573942;2481;4261;2401
6805;10576343;5286971;2;2401
6806;10578744;459841;23;2401
6807;10581145;2442;4332;2401
6808;10583546;12983;815;2401
6809;10585947;14419;734;2401
6810;10588348;2646989;4;392
6811;10588740;83357;127;2401
6812;10591141;7673;1380;2401
6813;10593542;5041;2101;2401
6814;10595943;5296771;2;2401
6815;10598344;2719;3897;2401
6816;10600745;77929;136;2401
6817;10603146;30637;346;2744
6818;10605890;815653;13;2401
6819;10608291;1060589;10;2401
6820;10610692;1178699;9;2401
6821;10613093;2654;3998;2401
6822;10615494;65111;163;2401
6823;10617895;24919;426;2401
6824;10620296;6703;1584;2744
6825;10623040;2781;3819;2401
6826;10625441;2848;3730;2401
6827;10627842;10625441;1;2401
6828;10630243;7057;1506;2401
6829;10632644;817711;13;2401
6830;10635045;241651;44;2401
6831;10637446;409027;26;2744
6832;10640190;200713;53;2401
6833;10642591;3135;3394;2401
6834;10644992;10642591;1;2401
6835;10647393;2446;4352;2401
6836;10649794;3549131;3;2401
6837;10652195;5324897;2;2401
6838;10654596;115781;92;2744
6839;10657340;10687;997;2401
6840;10659741;532867;20;2401
6841;10662142;2679;3979;2401
6842;10664543;5513;1934;2401
6843;10666944;5351;1993;2401
6844;10669345;6173;1728;2401
6845;10671746;10909;978;2744
6846;10674490;48731;219;2401
6847;10676891;5059;2110;2401
6848;10679292;23363;457;2401
6849;10681693;2402;4446;2401
6850;10684094;971063;11;2401
6851;10686495;17177;622;2401
6852;10688896;46061;232;2744
6853;10691640;6991;1529;2401
6854;10694041;3060;3494;2401
6855;10696442;7823;1367;2401
6856;10698843;67699;158;2401
6857;10701244;187699;57;2401
6858;10703645;2732;3917;2401
6859;10706046;179;59810;56
6860;10706102;27947;383;2401
6861;10708503;486641;22;2401
6862;10710904;4551;2353;2401
6863;10713305;1338863;8;2401
6864;10715706;8147;1315;2401
6865;10718107;198439;54;2401
6866;10720508;893147;12;2744
6867;10723252;40153;267;2401
6868;10725653;2680813;4;2401
6869;10728054;10725653;1;2401
6870;10730455;35059;306;2401
6871;10732856;2146091;5;2401
6872;10735257;13831;776;2401
6873;10737658;5107;2102;2744
6874;10740402;50891;211;2401
6875;10742803;25943;414;2401
6876;10745204;84589;127;2401
6877;10747605;13499;796;2401
6878;10750006;2915;3687;2401
6879;10752407;5375003;2;2401
6880;10754808;2752;3907;2744
6881;10757552;3223;3337;2401
6882;10759953;51719;208;2401
6883;10762354;3586651;3;2401
6884;10764755;9661;1114;2401
6885;10767156;52511;205;2401
6886;10769557;897263;12;2401
6887;10771958;57899;186;2744
6888;10774702;3590767;3;2401
6889;10777103;316903;34;2401
6890;10779504;10777103;1;2401
6891;10781905;3163;3408;2401
6892;10784306;24229;445;2401
6893;10786707;2678;4027;2401
6894;10789108;4318;2498;2744
6895;10791852;10789451;1;2401
6896;10794253;899321;12;2401
6897;10796654;10794253;1;2401
6898;10799055;4939;2186;2401
6899;10801456;2505;4311;2401
6900;10803857;23279;464;2401
6901;10806258;4997;2162;2744
6902;10809002;3001;3601;2401
6903;10811403;5404501;2;2401
6904;10813804;5403;2001;2401
6905;10816205;2402;4502;2401
6906;10818606;2163241;5;2401
6907;10821007;1803101;6;2401
6908;10823408;408;26527;392
6909;10823800;3607133;3;2401
6910;10826201;2600;4163;2401
6911;10828602;10826201;1;2401
6912;10831003;601589;18;2401
6913;10833404;99367;109;2401
6914;10835805;2708351;4;2401
6915;10838206;4603;2354;2744
6916;10840950;10838549;1;2401
6917;10843351;24091;450;2401
6918;10845752;10843351;1;2401
6919;10848153;10349;1048;2401
6920;10850554;9853;1101;2401
6921;10852955;3146;3449;2401
6922;10855356;93557;116;2744
6923;10858100;10855699;1;2401
6924;10860501;9871;1100;2401
6925;10862902;3111;3491;2401
6926;10865303;8803;1234;2401
6927;10867704;21601;503;2401
6928;10870105;452821;24;2401
6929;10872506;1811627;6;2744
6930;10875250;3081;3529;2401
6931;10877651;5125;2122;2401
6932;10880052;11993;907;2401
6933;10882453;17107;636;2401
6934;10884854;375257;29;2401
6935;10887255;5442427;2;2401
6936;10889656;2752;3956;2744
6937;10892400;3299;3301;2401
6938;10894801;2504;4350;2401
6939;10897202;3137;3473;2401
6940;10899603;33427;326;2401
6941;10902004;2823;3861;2401
6942;10904405;2725501;4;2401
6943;10906806;22073;494;2744
6944;10909550;3179;3431;2401
6945;10911951;218191;50;2401
6946;10914352;1212439;9;2401
6947;10916753;682147;16;2401
6948;10919154;10916753;1;2401
6949;10921555;8017;1362;2401
6950;10923956;303367;36;2744
6951;10926700;4723;2313;2401
6952;10929101;109267;100;2401
6953;10931502;2609;4189;2401
6954;10933903;2402;4551;2401
6955;10936304;10933903;1;2401
6956;10938705;2594;4216;2401
6957;10941106;188633;58;392
6958;10941498;4649;2353;2401
6959;10943899;607861;18;2401
6960;10946300;15221;719;2401
6961;10948701;2740;3995;2401
6962;10951102;3649567;3;2401
6963;10953503;4666;2347;2401
6964;10955904;4087;2680;2744
6965;10958648;112951;97;2401
6966;10961049;1369831;8;2401
6967;10963450;5163;2123;2401
6968;10965851;7561;1450;2401
6969;10968252;843527;13;2401
6970;10970653;914021;12;2401
6971;10973054;2990;3669;2744
6972;10975798;126131;87;2401
6973;10978199;6541;1678;2401
6974;10980600;477313;23;2401
6975;10983001;18301;600;2401
6976;10985402;40829;269;2401
6977;10987803;5492701;2;2401
6978;10990204;49943;220;2744
6979;10992948;10990547;1;2401
6980;10995349;53887;204;2401
6981;10997750;10995349;1;2401
6982;11000151;43991;250;2401
6983;11002552;5581;1971;2401
6984;11004953;125029;88;2401
6985;11007354;3230;3407;2744
6986;11010098;355087;31;2401
6987;11012499;500459;22;2401
6988;11014900;23087;477;2401
6989;11017301;2405;4580;2401
6990;11019702;29537;373;2401
6991;11022103;2729;4038;2401
6992;11024504;2752;4005;2744
6993;11027248;1224983;9;2401
6994;11029649;3088;3571;2401
6995;11032050;9419;1171;2401
6996;11034451;73547;150;2401
6997;11036852;11034451;1;2401
6998;11039253;45233;244;2401
6999;11041654;4090;2699;2744
7000;11044398;269317;41;2401
7001;11046799;1840733;6;2401
7002;11049200;11046799;1;2401
7003;11051601;2402;4600;2401
7004;11054002;334897;33;2401
7005;11056403;5527001;2;2401
7006;11058804;74719;148;392
7007;11059196;2211359;5;2401
7008;11061597;46861;236;2401
7009;11063998;160313;69;2401
7010;11066399;2882;3839;2401
7011;11068800;10033;1103;2401
7012;11071201;3200;3459;2401
7013;11073602;1845143;6;2744
7014;11076346;738263;15;2401
7015;11078747;2621;4226;2401
7016;11081148;2941;3767;2401
7017;11083549;3012;3679;2401
7018;11085950;11083549;1;2401
7019;11088351;221719;50;2401
7020;11090752;5393;2056;2744
7021;11093496;2218219;5;2401
7022;11095897;5851;1896;2401
7023;11098298;124673;89;2401
7024;11100699;3191;3478;2401
7025;11103100;3001;3699;2401
7026;11105501;111031;100;2401
7027;11107902;292241;38;2744
7028;11110646;9787;1135;2401
7029;11113047;5555323;2;2401
7030;11115448;112253;99;2401
7031;11117849;1389431;8;2401
7032;11120250;114617;97;2401
7033;11122651;14827;750;2401
7034;11125052;3126;3558;2744
7035;11127796;14543;765;2401
7036;11130197;2781949;4;2401
7037;11132598;856169;13;2401
7038;11134999;80671;138;2401
7039;11137400;18047;617;2401
7040;11139801;4660;2390;2401
7041;11142202;506339;22;2744
7042;11144946;2228509;5;2401
7043;11147347;5353;2082;2401
7044;11149748;11147347;1;2401
7045;11152149;2644;4217;2401
7046;11154550;11953;933;2401
7047;11156951;4675;2386;2401
7048;11159352;2752;4054;2744
7049;11162096;3035;3677;2401
7050;11164497;63421;176;2401
7051;11166898;18701;597;2401
7052;11169299;2402;4649;2401
7053;11171700;5857;1907;2401
7054;11174101;12413;900;2401
7055;11176502;426;26235;392
7056;11176894;3309;3377;2401
7057;11179295;4714;2371;2401
7058;11181696;2235859;5;2401
7059;11184097;3148;3552;2401
7060;11186498;11184097;1;2401
7061;11188899;105533;106;2401
7062;11191300;3244;3449;2744
7063;11194044;29221;383;2401
7064;11196445;11239;996;2401
7065;11198846;3065;3653;2401
7066;11201247;5599423;2;2401
7067;11203648;4941;2267;2401
7068;11206049;5647;1984;2401
7069;11208450;294887;38;2744
7070;11211194;11208793;1;2401
7071;11213595;2482;4517;2401
7072;11215996;3165;3543;2401
7073;11218397;11083;1012;2401
7074;11220798;11218397;1;2401
7075;11223199;45613;246;2401
7076;11225600;2941;3816;2744
7077;11228344;1247327;9;2401
7078;11230745;2488;4513;2401
7079;11233146;2246149;5;2401
7080;11235547;13469;834;2401
7081;11237948;6143;1829;2401
7082;11240349;2809487;4;2401
7083;11242750;5620003;2;2744
7084;11245494;9089;1237;2401
7085;11247895;144173;78;2401
7086;11250296;2249579;5;2401
7087;11252697;29921;376;2401
7088;11255098;6569;1713;2401
7089;11257499;41077;274;2401
7090;11259900;4157;2708;2744
7091;11262644;46723;241;2401
7092;11265045;2731;4124;2401
7093;11267446;3057;3685;2401
7094;11269847;8153;1382;2401
7095;11272248;11269847;1;2401
7096;11274649;12043;936;2401
7097;11277050;17239;654;2744
7098;11279794;3021;3733;2401
7099;11282195;18371;614;2401
7100;11284596;13043;865;2401
7101;11286997;2402;4698;2401
7102;11289398;28867;391;2401
7103;11291799;5644699;2;2401
7104;11294200;705863;16;392
7105;11294592;11292191;1;2401
7106;11296993;2634;4288;2401
7107;11299394;664529;17;2401
7108;11301795;245639;46;2401
7109;11304196;83717;135;2401
7110;11306597;38713;292;2401
7111;11308998;297533;38;2744
7112;11311742;11309341;1;2401
7113;11314143;2582;4381;2401
7114;11316544;15913;711;2401
7115;11318945;2416;4684;2401
7116;11321346;2915;3883;2401
7117;11323747;1886891;6;2401
7118;11326148;4222;2682;2744
7119;11328892;5391;2101;2401
7120;11331293;2832223;4;2401
7121;11333694;276373;41;2401
7122;11336095;5147;2202;2401
7123;11338496;2267219;5;2401
7124;11340897;3328;3407;2401
7125;11343298;84631;134;2744
7126;11346042;667273;17;2401
7127;11348443;1891007;6;2401
7128;11350844;11348443;1;2401
7129;11353245;2837711;4;2401
7130;11355646;2545;4461;2401
7131;11358047;195787;58;2401
7132;11360448;1419713;8;2744
7133;11363192;10529;1079;2401
7134;11365593;1420399;8;2401
7135;11367994;130639;87;2401
7136;11370395;516727;22;2401
7137;11372796;98873;115;2401
7138;11375197;18583;612;2401
7139;11377598;1895809;6;2744
7140;11380342;8227;1383;2401
7141;11382743;5690171;2;2401
7142;11385144;11382743;1;2401
7143;11387545;52709;216;2401
7144;11389946;2665;4273;2401
7145;11392347;55291;206;2401
7146;11394748;4588;2483;2744
7147;11397492;28703;397;2401
7148;11399893;2631;4332;2401
7149;11402294;6067;1879;2401
7150;11404695;2402;4747;2401
7151;11407096;20549;555;2401
7152;11409497;2468;4622;2401
7153;11411898;1663;6862;392
7154;11412290;128201;89;2401
7155;11414691;1141229;10;2401
7156;11417092;1268299;9;2401
7157;11419493;2854273;4;2401
7158;11421894;11419493;1;2401
7159;11424295;173059;66;2401
7160;11426696;79333;144;2744
7161;11429440;2901;3939;2401
7162;11431841;2720;4202;2401
7163;11434242;11431841;1;2401
7164;11436643;8179;1398;2401
7165;11439044;394367;29;2401
7166;11441445;42683;268;2401
7167;11443846;336503;34;2744
7168;11446590;11444189;1;2401
7169;11448991;3345;3422;2401
7170;11451392;5197;2203;2401
7171;11453793;3376;3392;2401
7172;11456194;2599;4407;2401
7173;11458595;8461;1354;2401
7174;11460996;220351;52;2744
7175;11463740;30241;379;2401
7176;11466141;2503;4580;2401
7177;11468542;3822047;3;2401
7178;11470943;5734271;2;2401
7179;11473344;11717;979;2401
7180;11475745;19919;576;2401
7181;11478146;51691;222;2744
7182;11480890;18307;627;2401
7183;11483291;1148089;10;2401
7184;11485692;40577;283;2401
7185;11488093;106349;108;2401
7186;11490494;310489;37;2401
7187;11492895;2719;4226;2401
7188;11495296;12713;904;2744
7189;11498040;15683;733;2401
7190;11500441;2460;4674;2401
7191;11502842;48119;239;2401
7192;11505243;2522;4561;2401
7193;11507644;7361;1563;2401
7194;11510045;2876911;4;2401
7195;11512446;13109;878;2744
7196;11515190;11512789;1;2401
7197;11517591;1151519;10;2401
7198;11519992;202063;57;2401
7199;11522393;2402;4796;2401
7200;11524794;157841;73;2401
7201;11527195;3174;3631;2401
7202;11529596;12;960799;8
7203;11529604;3842401;3;2401
7204;11532005;169553;68;2401
7205;11534406;43517;265;2401
7206;11536807;2451;4706;2401
7207;11539208;90841;127;2401
7208;11541609;2402;4804;2401
7209;11544010;30859;374;2744
7210;11546754;22951;503;2401
7211;11549155;1924459;6;2401
7212;11551556;53717;215;2401
7213;11553957;16693;692;2401
7214;11556358;67567;171;2401
7215;11558759;14197;814;2401
7216;11561160;5273;2192;2744
7217;11563904;2633;4391;2401
7218;11566305;2752;4202;2401
7219;11568706;6269;1845;2401
7220;11571107;69691;166;2401
7221;11573508;11571107;1;2401
7222;11575909;2622;4414;2401
7223;11578310;643087;18;2744
7224;11581054;9973;1161;2401
7225;11583455;5790527;2;2401
7226;11585856;178207;65;2401
7227;11588257;60343;192;2401
7228;11590658;11588257;1;2401
7229;11593059;5795329;2;2401
7230;11595460;3098;3742;2744
7231;11598204;9769;1187;2401
7232;11600605;3228;3593;2401
7233;11603006;6595;1759;2401
7234;11605407;5801503;2;2401
7235;11607808;2567;4521;2401
7236;11610209;45343;256;2401
7237;11612610;3373;3442;2744
7238;11615354;2563;4531;2401
7239;11617755;5807677;2;2401
7240;11620156;12697;915;2401
7241;11622557;2978;3902;2401
7242;11624958;2747;4231;2401
7243;11627359;2949;3942;2401
7244;11629760;484459;24;2744
7245;11632504;82483;141;2401
7246;11634905;3023;3848;2401
7247;11637306;3407;3415;2401
7248;11639707;2514;4629;2401
7249;11642108;11639707;1;2401
7250;11644509;100363;116;2401
7251;11646910;447943;26;392
7252;11647302;11644901;1;2401
7253;11649703;3019;3858;2401
7254;11652104;4951;2353;2401
7255;11654505;21739;536;2401
7256;11656906;2451;4755;2401
7257;11659307;2402;4853;2401
7258;11661708;2914741;4;2744
7259;11664452;686003;17;2401
7260;11666853;55021;212;2401
7261;11669254;5553;2101;2401
7262;11671655;2887;4042;2401
7263;11674056;7967;1465;2401
7264;11676457;25601;456;2401
7265;11678858;3361;3474;2744
7266;11681602;2763;4227;2401
7267;11684003;5840801;2;2401
7268;11686404;7009;1667;2401
7269;11688805;2742;4262;2401
7270;11691206;2337761;5;2401
7271;11693607;3043;3842;2401
7272;11696008;3364;3476;2744
7273;11698752;3413;3427;2401
7274;11701153;2496;4687;2401
7275;11703554;115853;101;2401
7276;11705955;188767;62;2401
7277;11708356;780397;15;2401
7278;11710757;266099;44;2401
7279;11713158;95987;122;2744
7280;11715902;272407;43;2401
7281;11718303;2738;4279;2401
7282;11720704;3906101;3;2401
7283;11723105;3104;3776;2401
7284;11725506;80849;145;2401
7285;11727907;16703;702;2401
7286;11730308;2966;3954;2744
7287;11733052;2913;4027;2401
7288;11735453;2467;4756;2401
7289;11737854;2573;4561;2401
7290;11740255;2586;4539;2401
7291;11742656;8297;1415;2401
7292;11745057;183479;64;2401
7293;11747458;5872357;2;2744
7294;11750202;903677;13;2401
7295;11752603;2799;4198;2401
7296;11755004;65657;179;2401
7297;11757405;16987;692;2401
7298;11759806;71257;165;2401
7299;11762207;22879;514;2401
7300;11764608;488;24107;392
7301;11765000;11762599;1;2401
7302;11767401;2500;4706;2401
7303;11769802;6637;1773;2401
7304;11772203;2801;4202;2401
7305;11774604;51407;229;2401
7306;11777005;2402;4902;2401
7307;11779406;4391;2682;2744
7308;11782150;6323;1863;2401
7309;11784551;3050;3863;2401
7310;11786952;11784551;1;2401
7311;11789353;2644;4458;2401
7312;11791754;274171;43;2401
7313;11794155;2614;4511;2401
7314;11796556;2948453;4;2744
7315;11799300;5459;2161;2401
7316;11801701;2775;4252;2401
7317;11804102;11801701;1;2401
7318;11806503;2494;4733;2401
7319;11808904;3935501;3;2401
7320;11811305;8839;1336;2401
7321;11813706;80897;146;2744
7322;11816450;31337;377;2401
7323;11818851;236329;50;2401
7324;11821252;8329;1419;2401
7325;11823653;10669;1108;2401
7326;11826054;695509;17;2401
7327;11828455;219001;54;2401
7328;11830856;7949;1488;2744
7329;11833600;3391;3489;2401
7330;11836001;2752;4300;2401
7331;11838402;20513;577;2401
7332;11840803;2729;4338;2401
7333;11843204;3361;3523;2401
7334;11845605;2960801;4;2401
7335;11848006;5489;2158;2744
7336;11850750;275543;43;2401
7337;11853151;2875;4122;2401
7338;11855552;26399;449;2401
7339;11857953;185243;64;2401
7340;11860354;3952651;3;2401
7341;11862755;539107;22;2401
7342;11865156;2965603;4;2744
7343;11867900;27403;433;2401
7344;11870301;10789;1100;2401
7345;11872702;232751;51;2401
7346;11875103;5936351;2;2401
7347;11877504;5077;2339;2401
7348;11879905;30931;384;2401
7349;11882306;402;29557;392
7350;11882698;2431;4887;2401
7351;11885099;3118;3811;2401
7352;11887500;409831;29;2401
7353;11889901;2500;4755;2401
7354;11892302;11889901;1;2401
7355;11894703;2402;4951;2401
7356;11897104;297359;40;2744
7357;11899848;49367;241;2401
7358;11902249;495827;24;2401
7359;11904650;11902249;1;2401
7360;11907051;238093;50;2401
7361;11909452;2801;4251;2401
7362;11911853;2924;4073;2401
7363;11914254;3106;3835;2744
7364;11916998;2969;4013;2401
7365;11919399;5958499;2;2401
7366;11921800;3973133;3;2401
7367;11924201;5419;2200;2401
7368;11926602;6449;1849;2401
7369;11929003;2661;4482;2401
7370;11931404;198811;60;2744
7371;11934148;67411;177;2401
7372;11936549;129719;92;2401
7373;11938950;11936549;1;2401
7374;11941351;3085;3870;2401
7375;11943752;85909;139;2401
7376;11946153;1492969;8;2401
7377;11948554;1194581;10;2744
7378;11951298;18077;661;2401
7379;11953699;663961;18;2401
7380;11956100;277993;43;2401
7381;11958501;2705;4420;2401
7382;11960902;6161;1941;2401
7383;11963303;2894;4133;2401
7384;11965704;3265;3664;2744
7385;11968448;17317;691;2401
7386;11970849;2752;4349;2401
7387;11973250;362753;33;2401
7388;11975651;5095;2350;2401
7389;11978052;3169;3779;2401
7390;11980453;2746;4362;2401
7391;11982854;3314;3615;2744
7392;11985598;92893;129;2401
7393;11987999;6521;1838;2401
7394;11990400;23833;503;2401
7395;11992801;2498;4800;2401
7396;11995202;27697;433;2401
7397;11997603;2449;4898;2401
7398;12000004;2999903;4;392
7399;12000396;2399599;5;2401
7400;12002797;1000033;12;2401
7401;12005198;387187;31;2401
7402;12007599;6002599;2;2401
7403;12010000;16747;717;2401
7404;12012401;2402;5000;2401
7405;12014802;6006029;2;2744
7406;12017546;2403029;5;2401
7407;12019947;261251;46;2401
7408;12022348;4006649;3;2401
7409;12024749;5639;2132;2401
7410;12027150;1093159;11;2401
7411;12029551;2655;4530;2401
7412;12031952;501217;24;2744
7413;12034696;72923;165;2401
7414;12037097;48527;248;2401
7415;12039498;12037097;1;2401
7416;12041899;2682;4489;2401
7417;12044300;708347;17;2401
7418;12046701;2801;4300;2401
7419;12049102;22391;538;2744
7420;12051846;9377;1285;2401
7421;12054247;7523;1602;2401
7422;12056648;12054247;1;2401
7423;12059049;13337;904;2401
7424;12061450;93481;129;2401
7425;12063851;241229;50;2401
7426;12066252;3015877;4;2744
7427;12068996;77849;155;2401
7428;12071397;3017249;4;2401
7429;12073798;309523;39;2401
7430;12076199;12763;946;2401
7431;12078600;12076199;1;2401
7432;12081001;2455;4920;2401
7433;12083402;87541;138;2744
7434;12086146;805583;15;2401
7435;12088547;6043073;2;2401
7436;12090948;12223;989;2401
7437;12093349;2612;4629;2401
7438;12095750;145703;83;2401
7439;12098151;48383;250;2401
7440;12100552;2776;4358;2744
7441;12103296;2420179;5;2401
7442;12105697;2752;4398;2401
7443;12108098;3373;3589;2401
7444;12110499;102611;118;2401
7445;12112900;5361;2259;2401
7446;12115301;2722;4450;2401
7447;12117702;1211731;10;392
7448;12118094;12115693;1;2401
7449;12120495;6059047;2;2401
7450;12122896;2549;4755;2401
7451;12125297;12421;976;2401
7452;12127698;3011;4027;2401
7453;12130099;2402;5049;2401
7454;12132500;5647;2148;2744
7455;12135244;98641;123;2401
7456;12137645;2836;4279;2401
7457;12140046;186733;65;2401
7458;12142447;9239;1314;2401
7459;12144848;36031;337;2401
7460;12147249;759053;16;2401
7461;12149650;3362;3613;2744
7462;12152394;12149993;1;2401
7463;12154795;675133;18;2401
7464;12157196;2473;4915;2401
7465;12159597;3039299;4;2401
7466;12161998;5987;2031;2401
7467;12164399;11117;1094;2401
7468;12166800;66109;184;2744
7469;12169544;12011;1013;2401
7470;12171945;1521193;8;2401
7471;12174346;35281;345;2401
7472;12176747;358069;34;2401
7473;12179148;1106977;11;2401
7474;12181549;23603;516;2401
7475;12183950;20101;606;2744
7476;12186694;2761;4413;2401
7477;12189095;468719;26;2401
7478;12191496;7585;1607;2401
7479;12193897;507979;24;2401
7480;12196298;283579;43;2401
7481;12198699;12731;958;2401
7482;12201100;3049589;4;2744
7483;12203844;26699;457;2401
7484;12206245;2732;4467;2401
7485;12208646;84181;145;2401
7486;12211047;141961;86;2401
7487;12213448;5553;2199;2401
7488;12215849;117437;104;2401
7489;12218250;3163;3862;2744
7490;12220994;7547;1619;2401
7491;12223395;359441;34;2401
7492;12225796;6317;1935;2401
7493;12228197;277859;44;2401
7494;12230598;12228197;1;2401
7495;12232999;38461;318;2401
7496;12235400;534;22912;392
7497;12235792;7321;1671;2401
7498;12238193;2456;4982;2401
7499;12240594;6431;1903;2401
7500;12242995;6733;1818;2401
7501;12245396;7823;1565;2401
7502;12247797;2402;5098;2401
7503;12250198;9181;1334;2744
7504;12252942;12250541;1;2401
7505;12255343;52363;234;2401
7506;12257744;23167;529;2401
7507;12260145;766109;16;2401
7508;12262546;48079;255;2401
7509;12264947;3007;4078;2401
7510;12267348;278741;44;2744
7511;12270092;12267691;1;2401
7512;12272493;17137;716;2401
7513;12274894;110563;111;2401
7514;12277295;6137447;2;2401
7515;12279696;6583;1865;2401
7516;12282097;3432;3578;2401
7517;12284498;2046959;6;2744
7518;12287242;11801;1041;2401
7519;12289643;19259;638;2401
7520;12292044;61757;199;2401
7521;12294445;1024337;12;2401
7522;12296846;79319;155;2401
7523;12299247;44879;274;2401
7524;12301648;2936;4189;2744
7525;12304392;946307;13;2401
7526;12306793;512683;24;2401
7527;12309194;6613;1861;2401
7528;12311595;6154597;2;2401
7529;12313996;10133;1215;2401
7530;12316397;71593;172;2401
7531;12318798;6079;2026;2744
7532;12321542;208799;59;2401
7533;12323943;6160771;2;2401
7534;12326344;3411;3613;2401
7535;12328745;2852;4322;2401
7536;12331146;2795;4411;2401
7537;12333547;2055191;6;2401
7538;12335948;2774;4446;2744
7539;12338692;3177;3883;2401
7540;12341093;3084673;4;2401
7541;12343494;18727;659;2401
7542;12345895;47843;258;2401
7543;12348296;5333;2315;2401
7544;12350697;1543537;8;2401
7545;12353098;74;166933;56
7546;12353154;5581;2213;2401
7547;12355555;9851;1254;2401
7548;12357956;60271;205;2401
7549;12360357;2626;4706;2401
7550;12362758;152597;81;2401
7551;12365159;2494;4957;2401
7552;12367560;2908;4252;2744
7553;12370304;113467;109;2401
7554;12372705;96643;128;2401
7555;12375106;2495;4959;2401
7556;12377507;84761;146;2401
7557;12379908;287849;43;2401
7558;12382309;2402;5154;2401
7559;12384710;12979;954;2744
7560;12387454;3183;3891;2401
7561;12389855;21139;586;2401
7562;12392256;6035;2053;2401
7563;12394657;2451;5056;2401
7564;12397058;1126787;11;2401
7565;12399459;6198529;2;2401
7566;12401860;7061;1756;2744
7567;12404604;5903;2101;2401
7568;12407005;2699;4596;2401
7569;12409406;2509;4945;2401
7570;12411807;6204703;2;2401
7571;12414208;2679;4633;2401
7572;12416609;2732;4544;2401
7573;12419010;22093;562;2744
7574;12421754;157207;79;2401
7575;12424155;144439;86;2401
7576;12426556;828277;15;2401
7577;12428957;3106639;4;2401
7578;12431358;21767;571;2401
7579;12433759;2934;4237;2401
7580;12436160;518059;24;2744
7581;12438904;2703;4601;2401
7582;12441305;1554863;8;2401
7583;12443706;2488261;5;2401
7584;12446107;6983;1782;2401
7585;12448508;8237;1511;2401
7586;12450909;3112127;4;2401
7587;12453310;10057;1238;2744
7588;12456054;12453653;1;2401
7589;12458455;53231;234;2401
7590;12460856;67343;185;2401
7591;12463257;1557607;8;2401
7592;12465658;4154419;3;2401
7593;12468059;11827;1054;2401
7594;12470460;533;23396;392
7595;12470852;12468451;1;2401
7596;12473253;3117713;4;2401
7597;12475654;3439;3627;2401
7598;12478055;2801;4454;2401
7599;12480456;47087;265;2401
7600;12482857;520019;24;2401
7601;12485258;4554;2741;2744
7602;12488002;1387289;9;2401
7603;12490403;41351;302;2401
7604;12492804;543061;23;2401
7605;12495205;2983;4188;2401
7606;12497606;2499041;5;2401
7607;12500007;2402;5203;2401
7608;12502408;781229;16;2744
7609;12505152;25673;487;2401
7610;12507553;2728;4584;2401
7611;12509954;2551;4903;2401
7612;12512355;3274;3821;2401
7613;12514756;2451;5105;2401
7614;12517157;3128689;4;2401
7615;12519558;15607;802;2744
7616;12522302;12519901;1;2401
7617;12524703;8983;1394;2401
7618;12527104;5429;2307;2401
7619;12529505;2752;4552;2401
7620;12531906;2505901;5;2401
7621;12534307;36643;342;2401
7622;12536708;61441;204;2744
7623;12539452;134807;93;2401
7624;12541853;2636;4757;2401
7625;12544254;7883;1591;2401
7626;12546655;2991;4194;2401
7627;12549056;7265;1727;2401
7628;12551457;15083;832;2401
7629;12553858;6275557;2;2744
7630;12556602;1141291;11;2401
7631;12559003;16223;774;2401
7632;12561404;12559003;1;2401
7633;12563805;136537;92;2401
7634;12566206;3337;3765;2401
7635;12568607;61001;206;2401
7636;12571008;21521;584;2744
7637;12573752;6799;1849;2401
7638;12576153;1571719;8;2401
7639;12578554;4192051;3;2401
7640;12580955;8651;1454;2401
7641;12583356;2705;4651;2401
7642;12585757;1048613;12;2401
7643;12588158;110419;114;392
7644;12588550;19157;657;2401
7645;12590951;2675;4706;2401
7646;12593352;12590951;1;2401
7647;12595753;27617;456;2401
7648;12598154;36299;347;2401
7649;12600555;16193;778;2401
7650;12602956;3150053;4;2744
7651;12605700;12603299;1;2401
7652;12608101;42019;300;2401
7653;12610502;3247;3883;2401
7654;12612903;118967;106;2401
7655;12615304;2801;4503;2401
7656;12617705;2402;5252;2401
7657;12620106;103421;122;2744
7658;12622850;84701;149;2401
7659;12625251;252457;50;2401
7660;12627652;3189;3959;2401
7661;12630053;53507;236;2401
7662;12632454;55639;227;2401
7663;12634855;2451;5154;2401
7664;12637256;23929;528;2744
7665;12640000;3263;3873;2401
7666;12642401;2500;5056;2401
7667;12644802;75703;167;2401
7668;12647203;10181;1242;2401
7669;12649604;8471;1493;2401
7670;12652005;287491;44;2401
7671;12654406;6325831;2;2744
7672;12657150;744397;17;2401
7673;12659551;2475;5114;2401
7674;12661952;9049;1399;2401
7675;12664353;2752;4601;2401
7676;12666754;24979;507;2401
7677;12669155;13679;926;2401
7678;12671556;243631;52;2744
7679;12674300;49307;257;2401
7680;12676701;126743;100;2401
7681;12679102;98269;129;2401
7682;12681503;6339551;2;2401
7683;12683904;12681503;1;2401
7684;12686305;2784;4556;2401
7685;12688706;2114327;6;2744
7686;12691450;2911;4359;2401
7687;12693851;5903;2150;2401
7688;12696252;437719;29;2401
7689;12698653;1058021;12;2401
7690;12701054;10789;1177;2401
7691;12703455;104107;122;2401
7692;12705856;1588183;8;392
7693;12706248;5399;2353;2401
7694;12708649;2696;4713;2401
7695;12711050;3541;3589;2401
7696;12713451;2662;4775;2401
7697;12715852;3329;3819;2401
7698;12718253;3178963;4;2401
7699;12720654;1271791;10;2744
7700;12723398;12720997;1;2401
7701;12725799;6361699;2;2401
7702;12728200;3279;3881;2401
7703;12730601;2767;4600;2401
7704;12733002;75329;169;2401
7705;12735403;2402;5301;2401
7706;12737804;2815;4524;2744
7707;12740548;4246049;3;2401
7708;12742949;187361;68;2401
7709;12745350;240433;53;2401
7710;12747751;2430;5245;2401
7711;12750152;12747751;1;2401
7712;12752553;2801;4552;2401
7713;12754954;75013;170;2744
7714;12757698;12755297;1;2401
7715;12760099;2502;5099;2401
7716;12762500;1160009;11;2401
7717;12764901;2500;5105;2401
7718;12767302;2697;4733;2401
7719;12769703;148457;86;2401
7720;12772104;159617;80;2744
7721;12774848;12772447;1;2401
7722;12777249;6883;1856;2401
7723;12779650;37691;339;2401
7724;12782051;19661;650;2401
7725;12784452;297257;43;2401
7726;12786853;2766;4622;2401
7727;12789254;38747;330;2744
7728;12791998;4263199;3;2401
7729;12794399;32467;394;2401
7730;12796800;27397;467;2401
7731;12799201;2480;5160;2401
7732;12801602;556487;23;2401
7733;12804003;581891;22;2401
7734;12806404;3217;3980;2744
7735;12809148;78569;163;2401
7736;12811549;97039;132;2401
7737;12813950;17243;743;2401
7738;12816351;256279;50;2401
7739;12818752;3573;3587;2401
7740;12821153;200293;64;2401
7741;12823554;398;32219;392
7742;12823946;6215;2063;2401
7743;12826347;6411973;2;2401
7744;12828748;5351;2397;2401
7745;12831149;3207187;4;2401
7746;12833550;12831149;1;2401
7747;12835951;2850;4503;2401
7748;12838352;3084;4162;2744
7749;12841096;2445;5251;2401
7750;12843497;6889;1864;2401
7751;12845898;17863;719;2401
7752;12848299;3393;3786;2401
7753;12850700;12848299;1;2401
7754;12853101;2402;5350;2401
7755;12855502;6426379;2;2744
7756;12858246;88661;145;2401
7757;12860647;2427;5298;2401
7758;12863048;13667;941;2401
7759;12865449;2504;5137;2401
7760;12867850;13969;921;2401
7761;12870251;6277;2050;2401
7762;12872652;3217477;4;2744
7763;12875396;2815;4573;2401
7764;12877797;60733;212;2401
7765;12880198;23981;537;2401
7766;12882599;6440099;2;2401
7767;12885000;560113;23;2401
7768;12887401;2500;5154;2401
7769;12889802;2147843;6;2744
7770;12892546;6015;2143;2401
7771;12894947;16831;766;2401
7772;12897348;6569;1963;2401
7773;12899749;14723;876;2401
7774;12902150;144941;89;2401
7775;12904551;3530;3655;2401
7776;12906952;806513;16;2744
7777;12909696;6161;2095;2401
7778;12912097;33619;384;2401
7779;12914498;1173827;11;2401
7780;12916899;6457249;2;2401
7781;12919300;33377;387;2401
7782;12921701;129193;100;2401
7783;12924102;208409;62;2744
7784;12926846;2584889;5;2401
7785;12929247;96469;134;2401
7786;12931648;478861;27;2401
7787;12934049;2752;4699;2401
7788;12936450;118661;109;2401
7789;12938851;86243;150;2401
7790;12941252;215681;60;392
7791;12941644;4313081;3;2401
7792;12944045;3235411;4;2401
7793;12946446;2588809;5;2401
7794;12948847;2434;5319;2401
7795;12951248;33809;383;2401
7796;12953649;809453;16;2401
7797;12956050;122201;106;2744
7798;12958794;193379;67;2401
7799;12961195;42349;306;2401
7800;12963596;199403;65;2401
7801;12965997;21751;596;2401
7802;12968398;2783;4659;2401
7803;12970799;2402;5399;2401
7804;12973200;4811;2696;2744
7805;12975944;1179413;11;2401
7806;12978345;1621993;8;2401
7807;12980746;5781;2245;2401
7808;12983147;6490373;2;2401
7809;12985548;19009;683;2401
7810;12987949;1082129;12;2401
7811;12990350;2874;4519;2744
7812;12993094;4330231;3;2401
7813;12995495;6496547;2;2401
7814;12997896;2599099;5;2401
7815;13000297;541579;24;2401
7816;13002698;13000297;1;2401
7817;13005099;6501349;2;2401
7818;13007500;18793;692;2744
7819;13010244;2957;4399;2401
7820;13012645;83399;156;2401
7821;13015046;2549;5105;2401
7822;13017447;2981;4366;2401
7823;13019848;1446383;9;2401
7824;13022249;1627481;8;2401
7825;13024650;6510953;2;2744
7826;13027394;102559;127;2401
7827;13029795;2606;4999;2401
7828;13032196;96517;135;2401
7829;13034597;3258049;4;2401
7830;13036998;18701;697;2401
7831;13039399;2967;4394;2401
7832;13041800;10061;1296;2744
7833;13044544;1449127;9;2401
7834;13046945;203821;64;2401
7835;13049346;19919;655;2401
7836;13051747;2174891;6;2401
7837;13054148;303529;43;2401
7838;13056549;15467;844;2401
7839;13058950;176467;74;392
7840;13059342;13056941;1;2401
7841;13061743;725519;18;2401
7842;13064144;13061743;1;2401
7843;13066545;26339;496;2401
7844;13068946;871103;15;2401
7845;13071347;5533;2362;2401
7846;13073748;23509;556;2744
7847;13076492;13074091;1;2401
7848;13078893;22861;572;2401
7849;13081294;4359631;3;2401
7850;13083695;82793;158;2401
7851;13086096;2616739;5;2401
7852;13088497;2402;5448;2401
7853;13090898;2181359;6;2744
7854;13093642;3349;3909;2401
7855;13096043;67493;194;2401
7856;13098444;422453;31;2401
7857;13100845;29501;444;2401
7858;13103246;39107;335;2401
7859;13105647;38767;338;2401
7860;13108048;5591;2344;2744
7861;13110792;5767;2273;2401
7862;13113193;546283;24;2401
7863;13115594;36527;359;2401
7864;13117995;6557797;2;2401
7865;13120396;26501;495;2401
7866;13122797;8389;1564;2401
7867;13125198;10141;1294;2744
7868;13127942;2893;4537;2401
7869;13130343;211741;62;2401
7870;13132744;3449;3807;2401
7871;13135145;1641593;8;2401
7872;13137546;2615;5023;2401
7873;13139947;2549;5154;2401
7874;13142348;3204;4101;2744
7875;13145092;12923;1017;2401
7876;13147493;80153;164;2401
7877;13149894;13147493;1;2401
7878;13152295;2469;5326;2401
7879;13154696;202343;65;2401
7880;13157097;8263;1592;2401
7881;13159498;7501;1754;2744
7882;13162242;18457;713;2401
7883;13164643;2193707;6;2401
7884;13167044;130343;101;2401
7885;13169445;2428;5423;2401
7886;13171846;3615;3643;2401
7887;13174247;2974;4429;2401
7888;13176648;88;149734;56
7889;13176704;774959;17;2401
7890;13179105;3616;3644;2401
7891;13181506;10847;1215;2401
7892;13183907;2801;4706;2401
7893;13186308;1198537;11;2401
7894;13188709;3324;3967;2401
7895;13191110;5094;2589;2744
7896;13193854;7013;1881;2401
7897;13196255;6596927;2;2401
7898;13198656;2639251;5;2401
7899;13201057;68743;192;2401
7900;13203458;13999;943;2401
7901;13205859;12527;1054;2401
7902;13208260;3301379;4;2744
7903;13211004;37847;349;2401
7904;13213405;57943;228;2401
7905;13215806;39443;335;2401
7906;13218207;6607903;2;2401
7907;13220608;4406069;3;2401
7908;13223009;2402;5504;2401
7909;13225410;227977;58;2744
7910;13228154;20633;641;2401
7911;13230555;112103;118;2401
7912;13232956;3571;3705;2401
7913;13235357;300749;44;2401
7914;13237758;9929;1333;2401
7915;13240159;735431;18;2401
7916;13242560;551659;24;2744
7917;13245304;4414301;3;2401
7918;13247705;1655663;8;2401
7919;13250106;2649541;5;2401
7920;13252507;2451;5406;2401
7921;13254908;3067;4321;2401
7922;13257309;3313727;4;2401
7923;13259710;6628483;2;2744
7924;13262454;13260053;1;2401
7925;13264855;2823;4698;2401
7926;13267256;2995;4429;2401
7927;13269657;3508;3782;2401
7928;13272058;232801;57;2401
7929;13274459;2507;5294;2401
7930;13276860;70607;188;2744
7931;13279604;2963;4481;2401
7932;13282005;5939;2236;2401
7933;13284406;3333;3985;2401
7934;13286807;179519;74;2401
7935;13289208;9157;1451;2401
7936;13291609;2869;4632;2401
7937;13294010;393;33826;392
7938;13294402;77731;171;2401
7939;13296803;604291;22;2401
7940;13299204;5651;2353;2401
7941;13301605;1108267;12;2401
7942;13304006;19139;695;2401
7943;13306407;44053;302;2401
7944;13308808;5297;2512;2744
7945;13311552;13309151;1;2401
7946;13313953;2624;5073;2401
7947;13316354;22153;601;2401
7948;13318755;8051;1654;2401
7949;13321156;2801;4755;2401
7950;13323557;3330289;4;2401
7951;13325958;3118;4273;2744
7952;13328702;13326301;1;2401
7953;13331103;6664351;2;2401
7954;13333504;233879;57;2401
7955;13335905;3592;3712;2401
7956;13338306;3179;4195;2401
7957;13340707;2402;5553;2401
7958;13343108;3532;3777;2744
7959;13345852;2409;5539;2401
7960;13348253;256651;52;2401
7961;13350654;9013;1481;2401
7962;13353055;3411;3914;2401
7963;13355456;2670611;5;2401
7964;13357857;2752;4853;2401
7965;13360258;7739;1726;2744
7966;13363002;27211;491;2401
7967;13365403;247463;54;2401
7968;13367804;22769;587;2401
7969;13370205;3034;4406;2401
7970;13372606;2451;5455;2401
7971;13375007;5779;2314;2401
7972;13377408;5156;2594;2744
7973;13380152;284633;47;2401
7974;13382553;1672519;8;2401
7975;13384954;2703;4951;2401
7976;13387355;14149;946;2401
7977;13389756;2677471;5;2401
7978;13392157;58727;228;2401
7979;13394558;71999;186;2744
7980;13397302;2507;5343;2401
7981;13399703;6698651;2;2401
7982;13402104;7247;1849;2401
7983;13404505;558421;24;2401
7984;13406906;45439;295;2401
7985;13409307;6703453;2;2401
7986;13411708;90617;148;392
7987;13412100;188869;71;2401
7988;13414501;2470;5430;2401
7989;13416902;462569;29;2401
7990;13419303;142733;94;2401
7991;13421704;4473101;3;2401
7992;13424105;98689;136;2401
7993;13426506;3527;3806;2744
7994;13429250;28031;479;2401
7995;13431651;53717;250;2401
7996;13434052;3477;3863;2401
7997;13436453;47303;284;2401
7998;13438854;7519;1787;2401
7999;13441255;2497;5382;2401
8000;13443656;5136;2617;2744
8001;13446400;4481333;3;2401
8002;13448801;2816;4775;2401
8003;13451202;16381;821;2401
8004;13453603;3189;4218;2401
8005;13456004;13453603;1;2401
8006;13458405;2402;5602;2401
8007;13460806;26183;514;2744
8008;13463550;1035473;13;2401
8009;13465951;9973;1350;2401
8010;13468352;13465951;1;2401
8011;13470753;12379;1088;2401
8012;13473154;236329;57;2401
8013;13475555;10883;1238;2401
8014;13477956;3368803;4;2744
8015;13480700;14293;943;2401
8016;13483101;134807;100;2401
8017;13485502;14359;939;2401
8018;13487903;24881;542;2401
8019;13490304;94321;143;2401
8020;13492705;2432;5547;2401
8021;13495106;3198;4219;2744
8022;13497850;408953;33;2401
8023;13500251;2825;4778;2401
8024;13502652;13327;1013;2401
8025;13505053;1125221;12;2401
8026;13507454;2473;5461;2401
8027;13509855;6753727;2;2401
8028;13512256;3592;3761;2744
8029;13515000;13512599;1;2401
8030;13517401;2500;5406;2401
8031;13519802;13517401;1;2401
8032;13522203;157207;86;2401
8033;13524604;1502467;9;2401
8034;13527005;3381151;4;2401
8035;13529406;491;27554;392
8036;13529798;5749;2353;2401
8037;13532199;6764899;2;2401
8038;13534600;3579;3781;2401
8039;13537001;2950;4588;2401
8040;13539402;13537001;1;2401
8041;13541803;752189;18;2401
8042;13544204;3228;4195;2744
8043;13546948;23393;579;2401
8044;13549349;3386737;4;2401
8045;13551750;6449;2101;2401
8046;13554151;2850;4755;2401
8047;13556552;61331;221;2401
8048;13558953;31973;424;2401
8049;13561354;104297;130;2744
8050;13564098;589639;23;2401
8051;13566499;2487;5454;2401
8052;13568900;437629;31;2401
8053;13571301;2887;4700;2401
8054;13573702;238093;57;2401
8055;13576103;2402;5651;2401
8056;13578504;15427;880;2744
8057;13581248;6563;2069;2401
8058;13583649;212207;64;2401
8059;13586050;63773;213;2401
8060;13588451;3334;4075;2401
8061;13590852;13588451;1;2401
8062;13593253;2508;5419;2401
8063;13595654;3090;4399;2744
8064;13598398;4531999;3;2401
8065;13600799;2794;4867;2401
8066;13603200;11941;1139;2401
8067;13605601;2496;5450;2401
8068;13608002;13605601;1;2401
8069;13610403;3142;4331;2401
8070;13612804;680503;20;2744
8071;13615548;14813;919;2401
8072;13617949;19231;708;2401
8073;13620350;13617949;1;2401
8074;13622751;272407;50;2401
8075;13625152;2427;5613;2401
8076;13627553;2752;4951;2401
8077;13629954;7877;1730;2744
8078;13632698;439687;31;2401
8079;13635099;296363;46;2401
8080;13637500;1515011;9;2401
8081;13639901;2500;5455;2401
8082;13642302;28837;473;2401
8083;13644703;2902;4701;2401
8084;13647104;456;29927;392
8085;13647496;39551;345;2401
8086;13649897;23369;584;2401
8087;13652298;13649897;1;2401
8088;13654699;3249;4202;2401
8089;13657100;13654699;1;2401
8090;13659501;3331;4100;2401
8091;13661902;2918;4681;2744
8092;13664646;2732449;5;2401
8093;13667047;253049;54;2401
8094;13669448;13667047;1;2401
8095;13671849;131437;104;2401
8096;13674250;239857;57;2401
8097;13676651;3295;4150;2401
8098;13679052;51031;268;2744
8099;13681796;3305;4139;2401
8100;13684197;5827;2348;2401
8101;13686598;4561399;3;2401
8102;13688999;3026;4523;2401
8103;13691400;258283;53;2401
8104;13693801;2402;5700;2401
8105;13696202;2282243;6;2744
8106;13698946;913103;15;2401
8107;13701347;6849473;2;2401
8108;13703748;12841;1067;2401
8109;13706149;3181;4308;2401
8110;13708550;9433;1453;2401
8111;13710951;274171;50;2401
8112;13713352;10847;1264;2744
8113;13716096;2742739;5;2401
8114;13718497;2944;4659;2401
8115;13720898;1055269;13;2401
8116;13723299;145967;94;2401
8117;13725700;1524811;9;2401
8118;13728101;2900;4733;2401
8119;13730502;623989;22;2744
8120;13733246;2746169;5;2401
8121;13735647;2414;5689;2401
8122;13738048;52627;261;2401
8123;13740449;214657;64;2401
8124;13742850;13740449;1;2401
8125;13745251;8329;1650;2401
8126;13747652;3642;3774;2744
8127;13750396;101837;135;2401
8128;13752797;312509;44;2401
8129;13755198;13752797;1;2401
8130;13757599;2292533;6;2401
8131;13760000;2627;5237;2401
8132;13762401;2500;5504;2401
8133;13764802;125131;110;392
8134;13765194;8459;1627;2401
8135;13767595;254911;54;2401
8136;13769996;9799;1405;2401
8137;13772397;3442499;4;2401
8138;13774798;3111;4427;2401
8139;13777199;102797;134;2401
8140;13779600;2762;4988;2744
8141;13782344;24133;571;2401
8142;13784745;1722793;8;2401
8143;13787146;2899;4755;2401
8144;13789547;6893573;2;2401
8145;13791948;17839;773;2401
8146;13794349;2892;4769;2401
8147;13796750;2299001;6;2744
8148;13799494;16603;831;2401
8149;13801895;13043;1058;2401
8150;13804296;2760379;5;2401
8151;13806697;52289;264;2401
8152;13809098;16417;841;2401
8153;13811499;2402;5749;2401
8154;13813900;3452789;4;2744
8155;13816644;226463;61;2401
8156;13819045;39703;348;2401
8157;13821446;162577;85;2401
8158;13823847;2582;5353;2401
8159;13826248;37463;369;2401
8160;13828649;6107;2264;2401
8161;13831050;186869;74;2744
8162;13833794;13831393;1;2401
8163;13836195;532069;26;2401
8164;13838596;307471;45;2401
8165;13840997;3459649;4;2401
8166;13843398;3071;4507;2401
8167;13845799;2307233;6;2401
8168;13848200;96149;144;2744
8169;13850944;3177;4359;2401
8170;13853345;216421;64;2401
8171;13855746;251879;55;2401
8172;13858147;2458;5637;2401
8173;13860548;12679;1093;2401
8174;13862949;266549;52;2401
8175;13865350;301361;46;2744
8176;13868094;11173;1241;2401
8177;13870495;2311349;6;2401
8178;13872896;5855;2369;2401
8179;13875297;3008;4612;2401
8180;13877698;7193;1929;2401
8181;13880099;6938849;2;2401
8182;13882500;1801;7708;392
8183;13882892;13880491;1;2401
8184;13885293;150901;92;2401
8185;13887694;4628431;3;2401
8186;13890095;3214;4321;2401
8187;13892496;2778019;5;2401
8188;13894897;15233;912;2401
8189;13897298;2315759;6;2744
8190;13900042;2697;5153;2401
8191;13902443;534617;26;2401
8192;13904844;52861;263;2401
8193;13907245;68161;204;2401
8194;13909646;3223;4315;2401
8195;13912047;6954823;2;2401
8196;13914448;3182;4372;2744
8197;13917192;1264981;11;2401
8198;13919593;579883;24;2401
8199;13921994;13919593;1;2401
8200;13924395;7493;1858;2401
8201;13926796;8363;1665;2401
8202;13929197;2402;5798;2401
8203;13931598;6964427;2;2744
8204;13934342;101693;137;2401
8205;13936743;3118;4469;2401
8206;13939144;1548527;9;2401
8207;13941545;1742393;8;2401
8208;13943946;2788309;5;2401
8209;13946347;6659;2094;2401
8210;13948748;16843;828;2744
8211;13951492;3057;4563;2401
8212;13953893;3383;4124;2401
8213;13956294;11447;1219;2401
8214;13958695;3399;4106;2401
8215;13961096;12191;1145;2401
8216;13963497;1745137;8;2401
8217;13965898;7871;1774;2744
8218;13968642;13966241;1;2401
8219;13971043;2328107;6;2401
8220;13973444;70919;197;2401
8221;13975845;3493361;4;2401
8222;13978246;71671;195;2401
8223;13980647;6989123;2;2401
8224;13983048;67213;208;2744
8225;13985792;13983391;1;2401
8226;13988193;6829;2048;2401
8227;13990594;69593;201;2401
8228;13992995;2501;5594;2401
8229;13995396;2798599;5;2401
8230;13997797;129587;108;2401
8231;14000198;78;179489;56
8232;14000254;2833;4941;2401
8233;14002655;7000127;2;2401
8234;14005056;2800531;5;2401
8235;14007457;2418;5792;2401
8236;14009858;298031;47;2401
8237;14012259;19087;734;2401
8238;14014660;3502979;4;2744
8239;14017404;3391;4133;2401
8240;14019805;3372;4157;2401
8241;14022206;3407;4115;2401
8242;14024607;57943;242;2401
8243;14027008;2801;5007;2401
8244;14029409;2512;5584;2401
8245;14031810;7014533;2;2744
8246;14034554;14032153;1;2401
8247;14036955;3013;4658;2401
8248;14039356;30187;465;2401
8249;14041757;21017;668;2401
8250;14044158;32429;433;2401
8251;14046559;2547;5514;2401
8252;14048960;2941;4776;2744
8253;14051704;5871;2393;2401
8254;14054105;1756463;8;2401
8255;14056506;216217;65;2401
8256;14058907;780917;18;2401
8257;14061308;8641;1627;2401
8258;14063709;2402;5854;2401
8259;14066110;5323;2642;2744
8260;14068854;14066453;1;2401
8261;14071255;2654;5301;2401
8262;14073656;255841;55;2401
8263;14076057;6689;2104;2401
8264;14078458;10267;1371;2401
8265;14080859;2578;5461;2401
8266;14083260;13697;1028;2744
8267;14086004;14083603;1;2401
8268;14088405;12713;1108;2401
8269;14090806;49433;285;2401
8270;14093207;7045403;2;2401
8271;14095608;7697;1831;2401
8272;14098009;2437;5784;2401
8273;14100410;2761;5106;2744
8274;14103154;2883;4891;2401
8275;14105555;3466;4069;2401
8276;14107956;3545;3979;2401
8277;14110357;2451;5756;2401
8278;14112758;22433;629;2401
8279;14115159;3062;4609;2401
8280;14117560;536;26338;392
8281;14117952;23027;613;2401
8282;14120353;3174;4448;2401
8283;14122754;3077;4589;2401
8284;14125155;8707;1622;2401
8285;14127556;85607;165;2401
8286;14129957;12569;1124;2401
8287;14132358;10819;1306;2744
8288;14135102;1284791;11;2401
8289;14137503;6077;2326;2401
8290;14139904;4712501;3;2401
8291;14142305;27617;512;2401
8292;14144706;2828461;5;2401
8293;14147107;87313;162;2401
8294;14149508;1178897;12;2744
8295;14152252;248243;57;2401
8296;14154653;3356;4217;2401
8297;14157054;58733;241;2401
8298;14159455;19183;738;2401
8299;14161856;3385;4183;2401
8300;14164257;2528;5602;2401
8301;14166658;3163;4478;2744
8302;14169402;833353;17;2401
8303;14171803;3187;4446;2401
8304;14174204;19177;739;2401
8305;14176605;2684;5281;2401
8306;14179006;6343;2235;2401
8307;14181407;2402;5903;2401
8308;14183808;3404;4166;2744
8309;14186552;14184151;1;2401
8310;14188953;1773319;8;2401
8311;14191354;2603;5451;2401
8312;14193755;6869;2066;2401
8313;14196156;2701;5255;2401
8314;14198557;2626;5406;2401
8315;14200958;2366369;6;2744
8316;14203702;4733767;3;2401
8317;14206103;7101851;2;2401
8318;14208504;28933;491;2401
8319;14210905;31159;456;2401
8320;14213306;2842181;5;2401
8321;14215707;2494;5699;2401
8322;14218108;27983;508;2744
8323;14220852;9679;1469;2401
8324;14223253;1185071;12;2401
8325;14225654;44587;319;2401
8326;14228055;19381;734;2401
8327;14230456;2451;5805;2401
8328;14232857;1778807;8;2401
8329;14235258;7117433;2;392
8330;14235650;18413;773;2401
8331;14238051;3025;4706;2401
8332;14240452;4746017;3;2401
8333;14242853;3560113;4;2401
8334;14245254;14242853;1;2401
8335;14247655;3153;4518;2401
8336;14250056;296819;48;2744
8337;14252800;250007;57;2401
8338;14255201;2620;5440;2401
8339;14257602;31193;457;2401
8340;14260003;2426;5877;2401
8341;14262404;14260003;1;2401
8342;14264805;274277;52;2401
8343;14267206;6647;2146;2744
8344;14269950;347989;41;2401
8345;14272351;2850;5007;2401
8346;14274752;2507;5693;2401
8347;14277153;3329;4288;2401
8348;14279554;3189;4477;2401
8349;14281955;7139777;2;2401
8350;14284356;87083;164;2744
8351;14287100;2483;5753;2401
8352;14289501;142871;100;2401
8353;14291902;250693;57;2401
8354;14294303;7145951;2;2401
8355;14296704;10411;1373;2401
8356;14299105;2402;5952;2401
8357;14301506;2383127;6;2744
8358;14304250;34297;417;2401
8359;14306651;3625;3946;2401
8360;14309052;14306651;1;2401
8361;14311453;2588;5529;2401
8362;14313854;2773;5161;2401
8363;14316255;7156927;2;2401
8364;14318656;137653;104;2744
8365;14321400;37781;379;2401
8366;14323801;23869;600;2401
8367;14326202;8521;1681;2401
8368;14328603;651191;22;2401
8369;14331004;2703;5301;2401
8370;14333405;3158;4538;2401
8371;14335806;7166531;2;2744
8372;14338550;14336149;1;2401
8373;14340951;286771;50;2401
8374;14343352;6147;2333;2401
8375;14345753;3151;4552;2401
8376;14348154;42569;337;2401
8377;14350555;2451;5854;2401
8378;14352956;41243;348;392
8379;14353348;3439;4173;2401
8380;14355749;3588337;4;2401
8381;14358150;624163;23;2401
8382;14360551;31907;450;2401
8383;14362952;7141;2011;2401
8384;14365353;1795369;8;2401
8385;14367754;3037;4730;2744
8386;14370498;8339;1723;2401
8387;14372899;42019;342;2401
8388;14375300;14372899;1;2401
8389;14377701;2900;4957;2401
8390;14380102;6331;2271;2401
8391;14382503;653641;22;2401
8392;14384904;13829;1040;2744
8393;14387648;29179;493;2401
8394;14390049;3056;4708;2401
8395;14392450;252457;57;2401
8396;14394851;287849;50;2401
8397;14397252;14394851;1;2401
8398;14399653;6029;2388;2401
8399;14402054;5393;2670;2744
8400;14404798;4800799;3;2401
8401;14407199;98663;146;2401
8402;14409600;14407199;1;2401
8403;14412001;2432;5925;2401
8404;14414402;23743;607;2401
8405;14416803;2402;6001;2401
8406;14419204;3659;3940;2744
8407;14421948;9109;1583;2401
8408;14424349;1201829;12;2401
8409;14426750;134807;107;2401
8410;14429151;2509;5750;2401
8411;14431552;2557;5643;2401
8412;14433953;225493;64;2401
8413;14436354;3529;4090;2744
8414;14439098;2923;4939;2401
8415;14441499;3314;4357;2401
8416;14443900;1604611;9;2401
8417;14446301;144439;100;2401
8418;14448702;51047;283;2401
8419;14451103;126743;114;2401
8420;14453504;2930;4932;2744
8421;14456248;2437;5931;2401
8422;14458649;3722;3884;2401
8423;14461050;14458649;1;2401
8424;14463451;2550;5671;2401
8425;14465852;307733;47;2401
8426;14468253;3616463;4;2401
8427;14470654;1997;7246;392
8428;14471046;19421;745;2401
8429;14473447;2489;5814;2401
8430;14475848;162623;89;2401
8431;14478249;1809481;8;2401
8432;14480650;7171;2019;2401
8433;14483051;2657;5450;2401
8434;14485452;212981;68;2744
8435;14488196;9437;1535;2401
8436;14490597;7823;1852;2401
8437;14492998;3629;3993;2401
8438;14495399;557423;26;2401
8439;14497800;39497;367;2401
8440;14500201;2648;5475;2401
8441;14502602;3698;3921;2744
8442;14505346;966863;15;2401
8443;14507747;13259;1094;2401
8444;14510148;14507747;1;2401
8445;14512549;2622;5534;2401
8446;14514950;14512549;1;2401
8447;14517351;3050;4759;2401
8448;14519752;82483;176;2744
8449;14522496;78487;185;2401
8450;14524897;2564;5664;2401
8451;14527298;14524897;1;2401
8452;14529699;6991;2078;2401
8453;14532100;3147;4617;2401
8454;14534501;2402;6050;2401
8455;14536902;7267079;2;2744
8456;14539646;8135;1787;2401
8457;14542047;660893;22;2401
8458;14544448;124291;117;2401
8459;14546849;227257;64;2401
8460;14549250;855697;17;2401
8461;14551651;2850;5105;2401
8462;14554052;5693;2556;2744
8463;14556796;2529;5755;2401
8464;14559197;59659;244;2401
8465;14561598;10333;1409;2401
8466;14563999;2426933;6;2401
8467;14566400;14563999;1;2401
8468;14568801;2560;5690;2401
8469;14571202;7284229;2;2744
8470;14573946;2914309;5;2401
8471;14576347;2428991;6;2401
8472;14578748;14576347;1;2401
8473;14581149;24137;604;2401
8474;14583550;19211;759;2401
8475;14585951;7883;1850;2401
8476;14588352;364699;40;392
8477;14588744;6121;2383;2401
8478;14591145;10541;1384;2401
8479;14593546;51197;285;2401
8480;14595947;3322;4393;2401
8481;14598348;470837;31;2401
8482;14600749;1216529;12;2401
8483;14603150;2433401;6;2744
8484;14605894;2627;5559;2401
8485;14608295;9829;1486;2401
8486;14610696;224743;65;2401
8487;14613097;3401;4296;2401
8488;14615498;3331;4387;2401
8489;14617899;7307749;2;2401
8490;14620300;3654389;4;2744
8491;14623044;8369;1747;2401
8492;14625445;3516;4159;2401
8493;14627846;2925089;5;2401
8494;14630247;3323;4402;2401
8495;14632648;3249;4503;2401
8496;14635049;6329;2312;2401
8497;14637450;16297;898;2744
8498;14640194;14637793;1;2401
8499;14642595;15031;974;2401
8500;14644996;29581;495;2401
8501;14647397;3661249;4;2401
8502;14649798;23663;619;2401
8503;14652199;2402;6099;2401
8504;14654600;101749;144;2744
8505;14657344;15809;927;2401
8506;14659745;2528;5798;2401
8507;14662146;8401;1745;2401
8508;14664547;36473;402;2401
8509;14666948;6463;2269;2401
8510;14669349;3508;4181;2401
8511;14671750;666773;22;2744
8512;14674494;81967;179;2401
8513;14676895;2445749;6;2401
8514;14679296;2935379;5;2401
8515;14681697;3373;4352;2401
8516;14684098;4893899;3;2401
8517;14686499;51343;286;2401
8518;14688900;3398;4322;2744
8519;14691644;14689243;1;2401
8520;14694045;10771;1364;2401
8521;14696446;10099;1455;2401
8522;14698847;253387;58;2401
8523;14701248;249133;59;2401
8524;14703649;25523;576;2401
8525;14706050;418;35181;392
8526;14706442;40507;363;2401
8527;14708843;7353221;2;2401
8528;14711244;201491;73;2401
8529;14713645;3426;4294;2401
8530;14716046;2942729;5;2401
8531;14718447;2458;5987;2401
8532;14720848;1839763;8;2744
8533;14723592;22753;647;2401
8534;14725993;3198;4604;2401
8535;14728394;6439;2287;2401
8536;14730795;9677;1522;2401
8537;14733196;2565;5743;2401
8538;14735597;2477;5948;2401
8539;14737998;7367627;2;2744
8540;14740742;14738341;1;2401
8541;14743143;16789;878;2401
8542;14745544;1638127;9;2401
8543;14747945;15233;968;2401
8544;14750346;2495;5911;2401
8545;14752747;2886;5111;2401
8546;14755148;13219;1116;2744
8547;14757892;19753;747;2401
8548;14760293;3689473;4;2401
8549;14762694;14760293;1;2401
8550;14765095;2503;5898;2401
8551;14767496;173707;85;2401
8552;14769897;2402;6148;2401
8553;14772298;11309;1306;2744
8554;14775042;1136357;13;2401
8555;14777443;3659;4038;2401
8556;14779844;7177;2059;2401
8557;14782245;90121;164;2401
8558;14784646;985483;15;2401
8559;14787047;7392323;2;2401
8560;14789448;3524;4196;2744
8561;14792192;14789791;1;2401
8562;14794593;2672;5536;2401
8563;14796994;448321;33;2401
8564;14799395;2474;5981;2401
8565;14801796;2899;5105;2401
8566;14804197;2556;5791;2401
8567;14806598;3581;4134;2744
8568;14809342;4935647;3;2401
8569;14811743;3578;4139;2401
8570;14814144;14093;1051;2401
8571;14816545;8573;1728;2401
8572;14818946;14891;995;2401
8573;14821347;6371;2326;2401
8574;14823748;285071;52;56
8575;14823804;315349;47;2401
8576;14826205;2649;5596;2401
8577;14828606;3343;4435;2401
8578;14831007;3151;4706;2401
8579;14833408;83791;177;2401
8580;14835809;57943;256;2401
8581;14838210;390407;38;2744
8582;14840954;3769;3937;2401
8583;14843355;140009;106;2401
8584;14845756;989557;15;2401
8585;14848157;26701;556;2401
8586;14850558;873421;17;2401
8587;14852959;3137;4734;2401
8588;14855360;618859;24;2744
8589;14858104;4951901;3;2401
8590;14860505;2498;5948;2401
8591;14862906;270191;55;2401
8592;14865307;9491;1566;2401
8593;14867708;3011;4937;2401
8594;14870109;2654;5602;2401
8595;14872510;158189;94;2744
8596;14875254;2407;6179;2401
8597;14877655;826403;18;2401
8598;14880056;228887;65;2401
8599;14882457;1860007;8;2401
8600;14884858;6451;2307;2401
8601;14887259;20731;718;2401
8602;14889660;338339;44;2744
8603;14892404;35537;419;2401
8604;14894805;2531;5884;2401
8605;14897206;58411;255;2401
8606;14899607;7448603;2;2401
8607;14902008;647809;23;2401
8608;14904409;2402;6204;2401
8609;14906810;2484011;6;2744
8610;14909554;261529;57;2401
8611;14911955;3707;4022;2401
8612;14914356;50549;295;2401
8613;14916757;3372;4423;2401
8614;14919158;2521;5917;2401
8615;14921559;111337;134;2401
8616;14923960;3088;4832;2744
8617;14926704;14924303;1;2401
8618;14929105;2518;5928;2401
8619;14931506;2707;5515;2401
8620;14933907;7465753;2;2401
8621;14936308;1659323;9;2401
8622;14938709;3182;4694;2401
8623;14941110;574643;26;392
8624;14941502;75833;197;2401
8625;14943903;68539;218;2401
8626;14946304;2847;5249;2401
8627;14948705;2624;5696;2401
8628;14951106;44623;335;2401
8629;14953507;830617;18;2401
8630;14955908;28979;516;2744
8631;14958652;134741;111;2401
8632;14961053;3739663;4;2401
8633;14963454;9029;1657;2401
8634;14965855;2673;5598;2401
8635;14968256;2993171;5;2401
8636;14970657;233879;64;2401
8637;14973058;9511;1574;2744
8638;14975802;2491;6011;2401
8639;14978203;3303;4534;2401
8640;14980604;65407;229;2401
8641;14983005;12959;1156;2401
8642;14985406;3151;4755;2401
8643;14987807;7492703;2;2401
8644;14990208;1873433;8;2744
8645;14992952;32377;463;2401
8646;14995353;144163;104;2401
8647;14997754;2663;5631;2401
8648;15000155;2654;5651;2401
8649;15002556;22901;655;2401
8650;15004957;30493;492;2401
8651;15007358;2500769;6;2744
8652;15010102;263293;57;2401
8653;15012503;7505051;2;2401
8654;15014904;1364773;11;2401
8655;15017305;625621;24;2401
8656;15019706;3003461;5;2401
8657;15022107;2402;6253;2401
8658;15024508;79903;188;2744
8659;15027252;92177;163;2401
8660;15029653;3876;3877;2401
8661;15032054;108127;139;2401
8662;15034455;11689;1286;2401
8663;15036856;334099;45;2401
8664;15039257;1879607;8;2401
8665;15041658;5599;2686;2744
8666;15044402;1157077;13;2401
8667;15046803;7522201;2;2401
8668;15049204;3259;4617;2401
8669;15051605;3482;4322;2401
8670;15054006;2455;6131;2401
8671;15056407;3102;4853;2401
8672;15058808;313717;48;392
8673;15059200;6683;2253;2401
8674;15061601;2600;5792;2401
8675;15064002;15061601;1;2401
8676;15066403;3361;4482;2401
8677;15068804;2599;5797;2401
8678;15071205;29663;508;2401
8679;15073606;9799;1538;2744
8680;15076350;1370359;11;2401
8681;15078751;33503;450;2401
8682;15081152;96043;157;2401
8683;15083553;3863;3904;2401
8684;15085954;5027851;3;2401
8685;15088355;44633;338;2401
8686;15090756;87721;172;2744
8687;15093500;15091099;1;2401
8688;15095901;30187;500;2401
8689;15098302;5031967;3;2401
8690;15100703;243521;62;2401
8691;15103104;101347;149;2401
8692;15105505;3189;4736;2401
8693;15107906;22279;678;2744
8694;15110650;20389;741;2401
8695;15113051;302213;50;2401
8696;15115452;21683;697;2401
8697;15117853;3377;4476;2401
8698;15120254;15117853;1;2401
8699;15122655;11069;1366;2401
8700;15125056;1890289;8;2744
8701;15127800;321817;47;2401
8702;15130201;2654;5700;2401
8703;15132602;8401;1801;2401
8704;15135003;48193;314;2401
8705;15137404;2493;6071;2401
8706;15139805;2402;6302;2401
8707;15142206;3253;4654;2744
8708;15144950;170141;89;2401
8709;15147351;2525;5998;2401
8710;15149752;29527;513;2401
8711;15152153;1893719;8;2401
8712;15154554;15017;1009;2401
8713;15156955;3319;4566;2401
8714;15159356;140339;108;2744
8715;15162100;99083;153;2401
8716;15164501;3100;4891;2401
8717;15166902;1378591;11;2401
8718;15169303;3426;4427;2401
8719;15171704;369983;41;2401
8720;15174105;1896463;8;2401
8721;15176506;7588057;2;392
8722;15176898;6449;2353;2401
8723;15179299;76651;198;2401
8724;15181700;8087;1877;2401
8725;15184101;151817;100;2401
8726;15186502;5061367;3;2401
8727;15188903;205223;74;2401
8728;15191304;2984;5090;2744
8729;15194048;226741;67;2401
8730;15196449;3184;4772;2401
8731;15198850;8779;1731;2401
8732;15201251;17881;850;2401
8733;15203652;1169327;13;2401
8734;15206053;2713;5604;2401
8735;15208454;3070;4953;2744
8736;15211198;266821;57;2401
8737;15213599;43963;346;2401
8738;15216000;15213599;1;2401
8739;15218401;2536;6000;2401
8740;15220802;7729;1969;2401
8741;15223203;330887;46;2401
8742;15225604;2855;5332;2744
8743;15228348;7247;2101;2401
8744;15230749;66791;228;2401
8745;15233150;183503;83;2401
8746;15235551;304663;50;2401
8747;15237952;1692839;9;2401
8748;15240353;238093;64;2401
8749;15242754;14243;1070;2744
8750;15245498;15243097;1;2401
8751;15247899;448397;34;2401
8752;15250300;29723;513;2401
8753;15252701;11731;1300;2401
8754;15255102;52057;293;2401
8755;15257503;2402;6351;2401
8756;15259904;2754;5540;2744
8757;15262648;73721;207;2401
8758;15265049;51563;296;2401
8759;15267450;526381;29;2401
8760;15269851;2435;6270;2401
8761;15272252;15269851;1;2401
8762;15274653;3818063;4;2401
8763;15277054;3530;4327;2744
8764;15279798;325051;47;2401
8765;15282199;7339;2082;2401
8766;15284600;15282199;1;2401
8767;15287001;76423;200;2401
8768;15289402;2991;5111;2401
8769;15291803;2606;5867;2401
8770;15294204;224909;68;392
8771;15294596;2455;6229;2401
8772;15296997;3823649;4;2401
8773;15299398;52567;291;2401
8774;15301799;2558;5981;2401
8775;15304200;46229;331;2401
8776;15306601;2760;5545;2401
8777;15309002;3509;4362;2744
8778;15311746;53717;285;2401
8779;15314147;17681;866;2401
8780;15316548;15314147;1;2401
8781;15318949;2444;6267;2401
8782;15321350;15318949;1;2401
8783;15323751;3130;4895;2401
8784;15326152;3632;4219;2744
8785;15328896;3065299;5;2401
8786;15331297;2432;6303;2401
8787;15333698;901841;17;2401
8788;15336099;7666849;2;2401
8789;15338500;2631;5829;2401
8790;15340901;30677;500;2401
8791;15343302;92413;166;2744
8792;15346046;2645;5801;2401
8793;15348447;7151;2146;2401
8794;15350848;9973;1539;2401
8795;15353249;239857;64;2401
8796;15355650;11783;1303;2401
8797;15358051;2505;6130;2401
8798;15360452;3307;4644;2744
8799;15363196;2901;5295;2401
8800;15365597;3202;4798;2401
8801;15367998;1181969;13;2401
8802;15370399;134807;114;2401
8803;15372800;2827;5437;2401
8804;15375201;2402;6400;2401
8805;15377602;3118;4931;2744
8806;15380346;16447;935;2401
8807;15382747;2746;5601;2401
8808;15385148;36713;419;2401
8809;15387549;3846287;4;2401
8810;15389950;6441;2389;2401
8811;15392351;9929;1550;2401
8812;15394752;31541;488;2744
8813;15397496;6679;2305;2401
8814;15399897;23189;664;2401
8815;15402298;5133299;3;2401
8816;15404699;76249;202;2401
8817;15407100;58573;263;2401
8818;15409501;2550;6042;2401
8819;15411902;545;28278;392
8820;15412294;7771;1983;2401
8821;15414695;145399;106;2401
8822;15417096;3082939;5;2401
8823;15419497;2606;5916;2401
8824;15421898;15419497;1;2401
8825;15424299;3046;5063;2401
8826;15426700;3855989;4;2744
8827;15429444;2929;5267;2401
8828;15431845;2812;5487;2401
8829;15434246;2483;6215;2401
8830;15436647;11399;1354;2401
8831;15439048;13093;1179;2401
8832;15441449;3464;4457;2401
8833;15443850;105761;146;2744
8834;15446594;15444193;1;2401
8835;15448995;7723297;2;2401
8836;15451396;2565;6023;2401
8837;15453797;3862849;4;2401
8838;15456198;15453797;1;2401
8839;15458599;2576033;6;2401
8840;15461000;3253;4752;2744
8841;15463744;3303;4681;2401
8842;15466145;3728;4148;2401
8843;15468546;42373;365;2401
8844;15470947;2679;5774;2401
8845;15473348;15470947;1;2401
8846;15475749;351667;44;2401
8847;15478150;455159;34;2744
8848;15480894;15478493;1;2401
8849;15483295;18043;858;2401
8850;15485696;3096659;5;2401
8851;15488097;3856;4016;2401
8852;15490498;3097;5001;2401
8853;15492899;2402;6449;2401
8854;15495300;90073;172;2744
8855;15498044;15495643;1;2401
8856;15500445;168457;92;2401
8857;15502846;1033363;15;2401
8858;15505247;17657;878;2401
8859;15507648;23039;673;2401
8860;15510049;2496;6213;2401
8861;15512450;2584951;6;2744
8862;15515194;10159;1527;2401
8863;15517595;7757597;2;2401
8864;15519996;34871;445;2401
8865;15522397;2908;5337;2401
8866;15524798;1411127;11;2401
8867;15527199;7529;2062;2401
8868;15529600;1941151;8;392
8869;15529992;64969;239;2401
8870;15532393;34057;456;2401
8871;15534794;15532393;1;2401
8872;15537195;3697;4202;2401
8873;15539596;345271;45;2401
8874;15541997;3884899;4;2401
8875;15544398;12973;1198;2744
8876;15547142;12773;1217;2401
8877;15549543;597967;26;2401
8878;15551944;2907;5349;2401
8879;15554345;1943993;8;2401
8880;15556746;8495;1831;2401
8881;15559147;2592791;6;2401
8882;15561548;16007;972;2744
8883;15564292;3851;4041;2401
8884;15566693;20161;772;2401
8885;15569094;3413;4561;2401
8886;15571495;3331;4674;2401
8887;15573896;3114299;5;2401
8888;15576297;149749;104;2401
8889;15578698;47779;326;2744
8890;15581442;232523;67;2401
8891;15583843;112909;138;2401
8892;15586244;1416713;11;2401
8893;15588645;3896561;4;2401
8894;15591046;3295;4731;2401
8895;15593447;3158;4937;2401
8896;15595848;8941;1744;2744
8897;15598592;70571;221;2401
8898;15600993;15233;1024;2401
8899;15603394;5200331;3;2401
8900;15605795;7801697;2;2401
8901;15608196;52901;295;2401
8902;15610597;2402;6498;2401
8903;15612998;236519;66;2744
8904;15615742;26153;597;2401
8905;15618143;19471;802;2401
8906;15620544;15618143;1;2401
8907;15622945;3008;5193;2401
8908;15625346;240353;65;2401
8909;15627747;7667;2038;2401
8910;15630148;3133;4988;2744
8911;15632892;21037;743;2401
8912;15635293;13159;1188;2401
8913;15637694;15635293;1;2401
8914;15640095;3646;4289;2401
8915;15642496;17093;915;2401
8916;15644897;122207;128;2401
8917;15647298;221;70802;56
8918;15647354;15644953;1;2401
8919;15649755;128257;122;2401
8920;15652156;94847;165;2401
8921;15654557;3326;4706;2401
8922;15656958;2809;5573;2401
8923;15659359;2866;5463;2401
8924;15661760;7331;2136;2744
8925;15664504;3197;4899;2401
8926;15666905;1958063;8;2401
8927;15669306;3133381;5;2401
8928;15671707;870517;18;2401
8929;15674108;17053;919;2401
8930;15676509;19891;788;2401
8931;15678910;3139;4994;2744
8932;15681654;922309;17;2401
8933;15684055;2682;5847;2401
8934;15686456;3793;4135;2401
8935;15688857;27617;568;2401
8936;15691258;50773;309;2401
8937;15693659;713239;22;2401
8938;15696060;6661;2356;2744
8939;15698804;15696403;1;2401
8940;15701205;9643;1628;2401
8941;15703606;2847;5515;2401
8942;15706007;7851803;2;2401
8943;15708408;189229;83;2401
8944;15710809;38501;408;2401
8945;15713210;2618411;6;2744
8946;15715954;5237851;3;2401
8947;15718355;167191;94;2401
8948;15720756;3143671;5;2401
8949;15723157;1310063;12;2401
8950;15725558;15723157;1;2401
8951;15727959;13627;1154;2401
8952;15730360;15359;1024;2744
8953;15733104;34123;461;2401
8954;15735505;14251;1104;2401
8955;15737906;3147101;5;2401
8956;15740307;99607;158;2401
8957;15742708;158993;99;2401
8958;15745109;2402;6554;2401
8959;15747510;3394;4639;2744
8960;15750254;14759;1067;2401
8961;15752655;605779;26;2401
8962;15755056;12071;1305;2401
8963;15757457;57923;272;2401
8964;15759858;113363;139;2401
8965;15762259;2626643;6;2401
8966;15764660;417;37804;392
8967;15765052;11251;1401;2401
8968;15767453;231839;68;2401
8969;15769854;6701;2353;2401
8970;15772255;876103;18;2401
8971;15774656;2671;5905;2401
8972;15777057;3296;4786;2401
8973;15779458;464021;34;2744
8974;15782202;15779801;1;2401
8975;15784603;2633;5994;2401
8976;15787004;15784603;1;2401
8977;15789405;2636;5989;2401
8978;15791806;3057;5165;2401
8979;15794207;192583;82;2401
8980;15796608;3583;4408;2744
8981;15799352;22861;691;2401
8982;15801753;1974919;8;2401
8983;15804154;3333;4741;2401
8984;15806555;48479;326;2401
8985;15808956;7963;1985;2401
8986;15811357;1317413;12;2401
8987;15813758;61283;258;2744
8988;15816502;3613;4377;2401
8989;15818903;26449;598;2401
8990;15821304;11623;1361;2401
8991;15823705;659221;24;2401
8992;15826106;8845;1789;2401
8993;15828507;44207;358;2401
8994;15830908;359731;44;2744
8995;15833652;15831251;1;2401
8996;15836053;3156;5017;2401
8997;15838454;3329;4757;2401
8998;15840855;7919227;2;2401
8999;15843256;20707;765;2401
9000;15845657;2518;6292;2401
9001;15848058;76919;206;2744
9002;15850802;65761;241;2401
9003;15853203;720491;22;2401
9004;15855604;1761467;9;2401
9005;15858005;26251;604;2401
9006;15860406;3171601;5;2401
9007;15862807;2402;6603;2401
9008;15865208;27539;576;2744
9009;15867952;3211;4941;2401
9010;15870353;21101;752;2401
9011;15872754;14057;1129;2401
9012;15875155;31873;498;2401
9013;15877556;3175031;5;2401
9014;15879957;3969389;4;2401
9015;15882358;273827;58;392
9016;15882750;15880349;1;2401
9017;15885151;2715;5850;2401
9018;15887552;38839;409;2401
9019;15889953;248243;64;2401
9020;15892354;5296651;3;2401
9021;15894755;7946177;2;2401
9022;15897156;2956;5377;2744
9023;15899900;935147;17;2401
9024;15902301;2852;5575;2401
9025;15904702;129287;123;2401
9026;15907103;2813;5654;2401
9027;15909504;338449;47;2401
9028;15911905;2496;6374;2401
9029;15914306;39581;402;2744
9030;15917050;182927;87;2401
9031;15919451;3545;4490;2401
9032;15921852;300367;53;2401
9033;15924253;1326821;12;2401
9034;15926654;15924253;1;2401
9035;15929055;2654;6001;2401
9036;15931456;1991089;8;2744
9037;15934200;3041;5239;2401
9038;15936601;26557;600;2401
9039;15939002;2503;6367;2401
9040;15941403;31751;502;2401
9041;15943804;2817;5659;2401
9042;15946205;3985951;4;2401
9043;15948606;6751;2362;2744
9044;15951350;3413;4673;2401
9045;15953751;319027;50;2401
9046;15956152;161149;99;2401
9047;15958553;1994519;8;2401
9048;15960954;3239;4927;2401
9049;15963355;3594;4441;2401
9050;15965756;2966;5382;2744
9051;15968500;31123;513;2401
9052;15970901;2725;5860;2401
9053;15973302;694387;23;2401
9054;15975703;156601;102;2401
9055;15978104;15975703;1;2401
9056;15980505;2402;6652;2401
9057;15982906;726371;22;2744
9058;15985650;2659;6011;2401
9059;15988051;2698;5925;2401
9060;15990452;15988051;1;2401
9061;15992853;44917;356;2401
9062;15995254;20743;771;2401
9063;15997655;12323;1298;2401
9064;16000056;999979;16;392
9065;16000448;6799;2353;2401
9066;16002849;250007;64;2401
9067;16005250;5334283;3;2401
9068;16007651;3650;4385;2401
9069;16010052;1455241;11;2401
9070;16012453;19913;804;2401
9071;16014854;533737;30;2744
9072;16017598;44119;363;2401
9073;16019999;8008799;2;2401
9074;16022400;16019999;1;2401
9075;16024801;3200;5007;2401
9076;16027202;8273;1937;2401
9077;16029603;8013601;2;2401
9078;16032004;61651;260;2744
9079;16034748;16032347;1;2401
9080;16037149;1336229;12;2401
9081;16039550;31883;503;2401
9082;16041951;320791;50;2401
9083;16044352;7993;2007;2401
9084;16046753;250693;64;2401
9085;16049154;69767;230;2744
9086;16051898;16049497;1;2401
9087;16054299;151433;106;2401
9088;16056700;77557;207;2401
9089;16059101;2420;6635;2401
9090;16061502;3383;4747;2401
9091;16063903;2676917;6;2401
9092;16066304;44621;360;2744
9093;16069048;31319;513;2401
9094;16071449;48991;328;2401
9095;16073850;70181;229;2401
9096;16076251;8243;1950;2401
9097;16078652;16076251;1;2401
9098;16081053;4019663;4;2401
9099;16083454;37397;430;2744
9100;16086198;46351;347;2401
9101;16088599;141107;114;2401
9102;16091000;434827;37;2401
9103;16093401;16091;1000;2401
9104;16095802;9631;1671;2401
9105;16098203;2402;6701;2401
9106;16100604;804893;20;2744
9107;16103348;16100947;1;2401
9108;16105749;4025837;4;2401
9109;16108150;3553;4533;2401
9110;16110551;2825;5702;2401
9111;16112952;16110551;1;2401
9112;16115353;74597;216;2401
9113;16117754;674;23913;392
9114;16118146;63199;255;2401
9115;16120547;3719;4334;2401
9116;16122948;20963;769;2401
9117;16125349;1343579;12;2401
9118;16127750;273311;59;2401
9119;16130151;3875;4162;2401
9120;16132552;3308;4876;2744
9121;16135296;3226579;5;2401
9122;16137697;42019;384;2401
9123;16140098;11293;1429;2401
9124;16142499;620773;26;2401
9125;16144900;1793611;9;2401
9126;16147301;9497;1700;2401
9127;16149702;7151;2258;2744
9128;16152446;30187;535;2401
9129;16154847;71471;226;2401
9130;16157248;1794983;9;2401
9131;16159649;252457;64;2401
9132;16162050;47389;341;2401
9133;16164451;107747;150;2401
9134;16166852;449003;36;2744
9135;16169596;2565;6303;2401
9136;16171997;8101;1996;2401
9137;16174398;11813;1369;2401
9138;16176799;2695733;6;2401
9139;16179200;148411;109;2401
9140;16181601;2528;6400;2401
9141;16184002;8090629;2;2744
9142;16186746;8321;1945;2401
9143;16189147;2654;6099;2401
9144;16191548;7457;2171;2401
9145;16193949;7681;2108;2401
9146;16196350;15467;1047;2401
9147;16198751;323927;50;2401
9148;16201152;27737;584;2744
9149;16203896;3240299;5;2401
9150;16206297;2025487;8;2401
9151;16208698;3363;4819;2401
9152;16211099;3421;4738;2401
9153;16213500;344917;47;2401
9154;16215901;2402;6750;2401
9155;16218302;62851;258;2744
9156;16221046;1081243;15;2401
9157;16223447;18731;866;2401
9158;16225848;3317;4891;2401
9159;16228249;2454;6612;2401
9160;16230650;16228249;1;2401
9161;16233051;3911;4150;2401
9162;16235452;811753;20;392
9163;16235844;19031;853;2401
9164;16238245;1352987;12;2401
9165;16240646;19447;835;2401
9166;16243047;2962;5483;2401
9167;16245448;3711;4377;2401
9168;16247849;7549;2152;2401
9169;16250250;738523;22;2744
9170;16252994;16250593;1;2401
9171;16255395;121291;134;2401
9172;16257796;2405;6759;2401
9173;16260197;3532;4603;2401
9174;16262598;16260197;1;2401
9175;16264999;246403;66;2401
9176;16267400;2864;5679;2744
9177;16270144;3249;5007;2401
9178;16272545;2662;6112;2401
9179;16274946;3254509;5;2401
9180;16277347;2712491;6;2401
9181;16279748;2567;6341;2401
9182;16282149;4069937;4;2401
9183;16284550;80603;202;2744
9184;16287294;52363;311;2401
9185;16289695;142871;114;2401
9186;16292096;33587;485;2401
9187;16294497;2767;5888;2401
9188;16296898;52733;309;2401
9189;16299299;9689;1682;2401
9190;16301700;3988;4087;2744
9191;16304444;3853;4231;2401
9192;16306845;3523;4628;2401
9193;16309246;2755;5919;2401
9194;16311647;8154623;2;2401
9195;16314048;134807;121;2401
9196;16316449;2592;6294;2401
9197;16318850;87721;186;2744
9198;16321594;494521;33;2401
9199;16323995;16033;1018;2401
9200;16326396;192047;85;2401
9201;16328797;23869;684;2401
9202;16331198;9283;1759;2401
9203;16333599;2402;6799;2401
9204;16336000;3628;4502;2744
9205;16338744;16336343;1;2401
9206;16341145;2682;6092;2401
9207;16343546;3268229;5;2401
9208;16345947;35999;454;2401
9209;16348348;286771;57;2401
9210;16350749;9439;1732;2401
9211;16353150;134039;122;392
9212;16353542;16351141;1;2401
9213;16355943;8176771;2;2401
9214;16358344;1817327;9;2401
9215;16360745;3764;4346;2401
9216;16363146;13691;1195;2401
9217;16365547;160423;102;2401
9218;16367948;2994;5466;2744
9219;16370692;31907;513;2401
9220;16373093;3172;5161;2401
9221;16375494;7793;2101;2401
9222;16377895;2461;6654;2401
9223;16380296;112951;145;2401
9224;16382697;10609;1544;2401
9225;16385098;12739;1286;2744
9226;16387842;16385441;1;2401
9227;16390243;3306;4957;2401
9228;16392644;10433;1571;2401
9229;16395045;4098161;4;2401
9230;16397446;3495;4691;2401
9231;16399847;9413;1742;2401
9232;16402248;93179;176;2744
9233;16404992;21841;751;2401
9234;16407393;2864;5728;2401
9235;16409794;287849;57;2401
9236;16412195;482641;34;2401
9237;16414596;30677;535;2401
9238;16416997;2706;6066;2401
9239;16419398;3202;5127;2744
9240;16422142;421019;39;2401
9241;16424543;9053;1814;2401
9242;16426944;10957;1499;2401
9243;16429345;2528;6498;2401
9244;16431746;7165;2293;2401
9245;16434147;59107;278;2401
9246;16436548;4108451;4;2744
9247;16439292;16436891;1;2401
9248;16441693;456647;36;2401
9249;16444094;16441693;1;2401
9250;16446495;8222047;2;2401
9251;16448896;2509;6555;2401
9252;16451297;2402;6848;2401
9253;16453698;6143;2678;2744
9254;16456442;208279;79;2401
9255;16458843;7327;2246;2401
9256;16461244;10141;1623;2401
9257;16463645;4115311;4;2401
9258;16466046;6985;2357;2401
9259;16468447;144439;114;2401
9260;16470848;72;228761;56
9261;16470904;5489501;3;2401
9262;16473305;8543;1928;2401
9263;16475706;2987;5515;2401
9264;16478107;3258;5057;2401
9265;16480508;154001;107;2401
9266;16482909;374557;44;2401
9267;16485310;10187;1618;2744
9268;16488054;16485653;1;2401
9269;16490455;83273;198;2401
9270;16492856;3298091;5;2401
9271;16495257;121271;136;2401
9272;16497658;3821;4317;2401
9273;16500059;13771;1198;2401
9274;16502460;4124929;4;2744
9275;16505204;9013;1831;2401
9276;16507605;4126301;4;2401
9277;16510006;9739;1695;2401
9278;16512407;123209;134;2401
9279;16514808;170231;97;2401
9280;16517209;2568;6431;2401
9281;16519610;2752811;6;2744
9282;16522354;5506651;3;2401
9283;16524755;8261177;2;2401
9284;16527156;2405;6871;2401
9285;16529557;2796;5911;2401
9286;16531958;1502687;11;2401
9287;16534359;8265979;2;2401
9288;16536760;2752;6008;2744
9289;16539504;1503373;11;2401
9290;16541905;20269;816;2401
9291;16544306;3308381;5;2401
9292;16546707;8272153;2;2401
9293;16549108;612841;27;2401
9294;16551509;4137277;4;2401
9295;16553910;25621;646;2744
9296;16556654;16554253;1;2401
9297;16559055;8278327;2;2401
9298;16561456;2809;5895;2401
9299;16563857;2504;6614;2401
9300;16566258;16563857;1;2401
9301;16568659;45263;366;2401
9302;16571060;460231;36;2744
9303;16573804;1841267;9;2401
9304;16576205;3614;4586;2401
9305;16578606;8035;2063;2401
9306;16581007;251191;66;2401
9307;16583408;16581007;1;2401
9308;16585809;2402;6904;2401
9309;16588210;442;37529;392
9310;16588602;10639;1559;2401
9311;16591003;921589;18;2401
9312;16593404;7051;2353;2401
9313;16595805;4148351;4;2401
9314;16598206;2571;6455;2401
9315;16600607;267713;62;2401
9316;16603008;19037;872;2744
9317;16605752;210169;79;2401
9318;16608153;13931;1192;2401
9319;16610554;149623;111;2401
9320;16612955;2746;6049;2401
9321;16615356;21163;785;2401
9322;16617757;1384613;12;2401
9323;16620158;2922;5687;2744
9324;16622902;66749;249;2401
9325;16625303;8311451;2;2401
9326;16627704;57527;289;2401
9327;16630105;692821;24;2401
9328;16632506;3461;4805;2401
9329;16634907;756023;22;2401
9330;16637308;4158641;4;2744
9331;16640052;152639;109;2401
9332;16642453;9697;1716;2401
9333;16644854;16642453;1;2401
9334;16647255;18211;914;2401
9335;16649656;2853;5835;2401
9336;16652057;44281;376;2401
9337;16654458;438203;38;2744
9338;16657202;16654801;1;2401
9339;16659603;3778;4409;2401
9340;16662004;2861;5823;2401
9341;16664405;134371;124;2401
9342;16666806;3065;5437;2401
9343;16669207;2722;6123;2401
9344;16671608;2752;6057;2744
9345;16674352;108967;153;2401
9346;16676753;3742;4456;2401
9347;16679154;53623;311;2401
9348;16681555;2779859;6;2401
9349;16683956;13187;1265;2401
9350;16686357;4170989;4;2401
9351;16688758;7523;2218;2744
9352;16691502;116707;143;2401
9353;16693903;52489;318;2401
9354;16696304;538513;31;2401
9355;16698705;3632;4597;2401
9356;16701106;2955;5651;2401
9357;16703507;2402;6953;2401
9358;16705908;4176379;4;392
9359;16706300;17827;937;2401
9360;16708701;3550;4706;2401
9361;16711102;5569567;3;2401
9362;16713503;491503;34;2401
9363;16715904;9049;1847;2401
9364;16718305;2424;6896;2401
9365;16720706;2786327;6;2744
9366;16723450;118589;141;2401
9367;16725851;3466;4825;2401
9368;16728252;283489;59;2401
9369;16730653;1394021;12;2401
9370;16733054;3863;4331;2401
9371;16735455;12143;1378;2401
9372;16737856;2091889;8;2744
9373;16740600;110849;151;2401
9374;16743001;27901;600;2401
9375;16745402;2593;6457;2401
9376;16747803;3907;4286;2401
9377;16750204;3321;5043;2401
9378;16752605;14797;1132;2401
9379;16755006;440849;38;2744
9380;16757750;1288873;13;2401
9381;16760151;3943;4250;2401
9382;16762552;2823;5937;2401
9383;16764953;28703;584;2401
9384;16767354;728911;23;2401
9385;16769755;2487;6742;2401
9386;16772156;3102;5406;2744
9387;16774900;8357;2007;2401
9388;16777301;2476;6775;2401
9389;16779702;11659;1439;2401
9390;16782103;2796617;6;2401
9391;16784504;3497;4799;2401
9392;16786905;2552;6577;2401
9393;16789306;3658;4589;2744
9394;16792050;86993;193;2401
9395;16794451;10177;1650;2401
9396;16796852;579119;29;2401
9397;16799253;4199213;4;2401
9398;16801654;5599751;3;2401
9399;16804055;3803;4418;2401
9400;16806456;2752;6106;2744
9401;16809200;7493;2243;2401
9402;16811601;42023;400;2401
9403;16814002;5603867;3;2401
9404;16816403;8407001;2;2401
9405;16818804;16816403;1;2401
9406;16821205;2402;7002;2401
9407;16823606;678;24813;392
9408;16823998;7059;2383;2401
9409;16826399;18407;914;2401
9410;16828800;15859;1061;2401
9411;16831201;3200;5259;2401
9412;16833602;16831201;1;2401
9413;16836003;2411;6982;2401
9414;16838404;29027;580;2744
9415;16841148;16838747;1;2401
9416;16843549;1403429;12;2401
9417;16845950;990797;17;2401
9418;16848351;2725;6182;2401
9419;16850752;2691;6261;2401
9420;16853153;263293;64;2401
9421;16855554;6823;2470;2744
9422;16858298;14129;1193;2401
9423;16860699;205589;82;2401
9424;16863100;1873411;9;2401
9425;16865501;168631;100;2401
9426;16867902;10973;1537;2401
9427;16870303;2811317;6;2401
9428;16872704;46861;360;2744
9429;16875448;3177;5311;2401
9430;16877849;72739;232;2401
9431;16880250;15527;1087;2401
9432;16882651;3170;5325;2401
9433;16885052;16882651;1;2401
9434;16887453;4221263;4;2401
9435;16889854;12149;1390;2744
9436;16892598;993541;17;2401
9437;16894999;7351;2298;2401
9438;16897400;1535909;11;2401
9439;16899801;2425;6968;2401
9440;16902202;2707;6243;2401
9441;16904603;143239;118;2401
9442;16907004;3970;4258;2744
9443;16909748;164149;103;2401
9444;16912149;12113;1396;2401
9445;16914550;5637383;3;2401
9446;16916951;3034;5575;2401
9447;16919352;16916951;1;2401
9448;16921753;2404;7038;2401
9449;16924154;3102;5455;2744
9450;16926898;296921;57;2401
9451;16929299;22331;758;2401
9452;16931700;12101;1399;2401
9453;16934101;2700;6271;2401
9454;16936502;16934101;1;2401
9455;16938903;2402;7051;2401
9456;16941304;1058807;16;392
9457;16941696;19583;865;2401
9458;16944097;44119;384;2401
9459;16946498;16944097;1;2401
9460;16948899;292181;58;2401
9461;16951300;3447;4917;2401
9462;16953701;3580;4735;2401
9463;16956102;446141;38;2744
9464;16958846;10631;1595;2401
9465;16961247;52021;326;2401
9466;16963648;60793;279;2401
9467;16966049;20389;832;2401
9468;16968450;16966049;1;2401
9469;16970851;113123;150;2401
9470;16973252;471403;36;2744
9471;16975996;3285;5167;2401
9472;16978397;249647;68;2401
9473;16980798;27971;607;2401
9474;16983199;2830133;6;2401
9475;16985600;34589;491;2401
9476;16988001;2560;6635;2401
9477;16990402;499637;34;2744
9478;16993146;3398149;5;2401
9479;16995547;2661;6386;2401
9480;16997948;129737;131;2401
9481;17000349;3922;4334;2401
9482;17002750;5666783;3;2401
9483;17005151;2875;5914;2401
9484;17007552;2125601;8;2744
9485;17010296;33679;505;2401
9486;17012697;4052;4198;2401
9487;17015098;2437;6981;2401
9488;17017499;8507549;2;2401
9489;17019900;17017499;1;2401
9490;17022301;18911;900;2401
9491;17024702;2836993;6;2744
9492;17027446;2679;6355;2401
9493;17029847;3778;4507;2401
9494;17032248;239857;71;2401
9495;17034649;78853;216;2401
9496;17037050;17034649;1;2401
9497;17039451;2683;6350;2401
9498;17041852;3884;4387;2744
9499;17044596;148193;115;2401
9500;17046997;24919;684;2401
9501;17049398;7513;2269;2401
9502;17051799;8524699;2;2401
9503;17054200;334349;51;2401
9504;17056601;2402;7100;2401
9505;17059002;1705861;10;392
9506;17059394;13789;1237;2401
9507;17061795;2642;6457;2401
9508;17064196;22303;765;2401
9509;17066597;2612;6533;2401
9510;17068998;28397;601;2401
9511;17071399;2844833;6;2401
9512;17073800;118549;144;2744
9513;17076544;1897127;9;2401
9514;17078945;266821;64;2401
9515;17081346;2551;6695;2401
9516;17083747;76943;222;2401
9517;17086148;30671;557;2401
9518;17088549;3244;5267;2401
9519;17090950;25813;662;2744
9520;17093694;192037;89;2401
9521;17096095;2848949;6;2401
9522;17098496;7495;2281;2401
9523;17100897;66791;256;2401
9524;17103298;518209;33;2401
9525;17105699;3442;4969;2401
9526;17108100;4276339;4;2744
9527;17110844;3247;5269;2401
9528;17113245;15443;1108;2401
9529;17115646;3599;4755;2401
9530;17118047;2654;6449;2401
9531;17120448;17118047;1;2401
9532;17122849;29723;576;2401
9533;17125250;2853751;6;2744
9534;17127994;13063;1311;2401
9535;17130395;2858;5993;2401
9536;17132796;2545;6731;2401
9537;17135197;52879;324;2401
9538;17137598;17135197;1;2401
9539;17139999;504047;34;2401
9540;17142400;2142457;8;2744
9541;17145144;34081;503;2401
9542;17147545;2718;6308;2401
9543;17149946;3429509;5;2401
9544;17152347;779543;22;2401
9545;17154748;20203;849;2401
9546;17157149;329899;52;2401
9547;17159550;7453;2302;2744
9548;17162294;37549;457;2401
9549;17164695;8581147;2;2401
9550;17167096;3435;4997;2401
9551;17169497;2824;6079;2401
9552;17171898;17169497;1;2401
9553;17174299;2402;7149;2401
9554;17176700;62233;276;392
9555;17177092;1908299;9;2401
9556;17179493;39397;436;2401
9557;17181894;10559;1627;2401
9558;17184295;2863649;6;2401
9559;17186696;4001;4295;2401
9560;17189097;2148337;8;2401
9561;17191498;781307;22;2744
9562;17194242;17191841;1;2401
9563;17196643;12967;1326;2401
9564;17199044;27253;631;2401
9565;17201445;4299761;4;2401
9566;17203846;1146763;15;2401
9567;17206247;19073;902;2401
9568;17208648;3721;4624;2744
9569;17211392;748217;23;2401
9570;17213793;2816;6112;2401
9571;17216194;43801;393;2401
9572;17218595;183151;94;2401
9573;17220996;3443719;5;2401
9574;17223397;2418;7122;2401
9575;17225798;3909;4406;2744
9576;17228542;302213;57;2401
9577;17230943;13397;1286;2401
9578;17233344;22291;773;2401
9579;17235745;9973;1728;2401
9580;17238146;4045;4261;2401
9581;17240547;22157;778;2401
9582;17242948;3292;5237;2744
9583;17245692;7813;2207;2401
9584;17248093;2654;6498;2401
9585;17250494;124087;139;2401
9586;17252895;8625247;2;2401
9587;17255296;3373;5115;2401
9588;17257697;134807;128;2401
9589;17260098;8628677;2;2744
9590;17262842;1569131;11;2401
9591;17265243;7897;2186;2401
9592;17267644;2999;5757;2401
9593;17270045;148859;116;2401
9594;17272446;15629;1105;2401
9595;17274847;2878741;6;2401
9596;17277248;4056;4259;2744
9597;17279992;198593;87;2401
9598;17282393;93913;184;2401
9599;17284794;178169;97;2401
9600;17287195;2546;6789;2401
9601;17289596;3385;5107;2401
9602;17291997;2402;7198;2401
9603;17294398;10;1729439;8
9604;17294406;73583;235;2401
9605;17296807;169553;102;2401
9606;17299208;22147;781;2401
9607;17301609;2162401;8;2401
9608;17304010;2451;7059;2401
9609;17306411;59669;290;2401
9610;17308812;19577;884;2744
9611;17311556;93563;185;2401
9612;17313957;70949;244;2401
9613;17316358;66337;261;2401
9614;17318759;11653;1486;2401
9615;17321160;3307;5237;2401
9616;17323561;2568;6745;2401
9617;17325962;87491;198;2744
9618;17328706;2685;6453;2401
9619;17331107;10327;1678;2401
9620;17333508;403049;43;2401
9621;17335909;1444459;12;2401
9622;17338310;17335909;1;2401
9623;17340711;3586;4835;2401
9624;17343112;23059;752;2744
9625;17345856;65447;265;2401
9626;17348257;2752;6303;2401
9627;17350658;11071;1567;2401
9628;17353059;667333;26;2401
9629;17355460;69691;249;2401
9630;17357861;867773;20;2401
9631;17360262;8678759;2;2744
9632;17363006;80747;215;2401
9633;17365407;8681503;2;2401
9634;17367808;20897;831;2401
9635;17370209;67843;256;2401
9636;17372610;1021777;17;2401
9637;17375011;2538;6845;2401
9638;17377412;1447889;12;2744
9639;17380156;2631;6605;2401
9640;17382557;4345039;4;2401
9641;17384958;159473;109;2401
9642;17387359;9377;1854;2401
9643;17389760;4037;4307;2401
9644;17392161;2480;7012;2401
9645;17394562;378083;46;2744
9646;17397306;316271;55;2401
9647;17399707;2421;7186;2401
9648;17402108;58193;299;2401
9649;17404509;4350527;4;2401
9650;17406910;5801503;3;2401
9651;17409311;1740691;10;2401
9652;17411712;435283;40;392
9653;17412104;17409703;1;2401
9654;17414505;3979;4376;2401
9655;17416906;386989;45;2401
9656;17419307;3701;4706;2401
9657;17421708;110951;157;2401
9658;17424109;2451;7108;2401
9659;17426510;12253;1422;2744
9660;17429254;37967;459;2401
9661;17431655;281117;62;2401
9662;17434056;3486331;5;2401
9663;17436457;726419;24;2401
9664;17438858;405499;43;2401
9665;17441259;212669;82;2401
9666;17443660;4360229;4;2744
9667;17446404;9917;1759;2401
9668;17448805;20477;852;2401
9669;17451206;8305;2101;2401
9670;17453607;202921;86;2401
9671;17456008;5817869;3;2401
9672;17458409;2516;6938;2401
9673;17460810;8729033;2;2744
9674;17463554;563263;31;2401
9675;17465955;8731777;2;2401
9676;17468356;2795;6249;2401
9677;17470757;2908;6007;2401
9678;17473158;7313;2389;2401
9679;17475559;2826;6183;2401
9680;17477960;2878;6072;2744
9681;17480704;7537;2319;2401
9682;17483105;2752;6352;2401
9683;17485506;152027;115;2401
9684;17487907;2529;6914;2401
9685;17490308;286687;61;2401
9686;17492709;36137;484;2401
9687;17495110;17813;982;2744
9688;17497854;10793;1621;2401
9689;17500255;2638;6633;2401
9690;17502656;36083;485;2401
9691;17505057;16087;1088;2401
9692;17507458;18407;951;2401
9693;17509859;68927;254;2401
9694;17512260;4377379;4;2744
9695;17515004;17512603;1;2401
9696;17517405;336827;52;2401
9697;17519806;3253;5385;2401
9698;17522207;105541;166;2401
9699;17524608;17522207;1;2401
9700;17527009;2913;6016;2401
9701;17529410;507;34574;392
9702;17529802;9689;1809;2401
9703;17532203;3446;5087;2401
9704;17534604;7451;2353;2401
9705;17537005;4164;4211;2401
9706;17539406;39409;445;2401
9707;17541807;237019;74;2401
9708;17544208;3389;5176;2744
9709;17546952;17544551;1;2401
9710;17549353;2787;6296;2401
9711;17551754;428033;41;2401
9712;17554155;4177;4202;2401
9713;17556556;1170277;15;2401
9714;17558957;3964;4429;2401
9715;17561358;9637;1822;2744
9716;17564102;2963;5927;2401
9717;17566503;86951;202;2401
9718;17568904;11069;1587;2401
9719;17571305;2196113;8;2401
9720;17573706;81727;215;2401
9721;17576107;325439;54;2401
9722;17578508;3156;5569;2744
9723;17581252;5859617;3;2401
9724;17583653;2587;6796;2401
9725;17586054;17583653;1;2401
9726;17588455;22721;774;2401
9727;17590856;206923;85;2401
9728;17593257;20173;872;2401
9729;17595658;22613;778;2744
9730;17598402;3337;5273;2401
9731;17600803;4086;4307;2401
9732;17603204;3223;5461;2401
9733;17605605;4400801;4;2401
9734;17608006;28627;615;2401
9735;17610407;677231;26;2401
9736;17612808;3539;4976;2744
9737;17615552;17613151;1;2401
9738;17617953;2752;6401;2401
9739;17620354;5872651;3;2401
9740;17622755;124087;142;2401
9741;17625156;10099;1745;2401
9742;17627557;50647;348;2401
9743;17629958;3399;5186;2744
9744;17632702;10513;1677;2401
9745;17635103;8816351;2;2401
9746;17637504;35771;493;2401
9747;17639905;2944;5991;2401
9748;17642306;3527981;5;2401
9749;17644707;11969;1474;2401
9750;17647108;4411679;4;392
9751;17647500;13753;1283;2401
9752;17649901;2500;7059;2401
9753;17652302;14479;1219;2401
9754;17654703;15677;1126;2401
9755;17657104;2801;6303;2401
9756;17659505;2936;6014;2401
9757;17661906;8829581;2;2744
9758;17664650;145969;121;2401
9759;17667051;353293;50;2401
9760;17669452;5889017;3;2401
9761;17671853;4417363;4;2401
9762;17674254;263759;67;2401
9763;17676655;2962;5967;2401
9764;17679056;2796;6322;2744
9765;17681800;10357;1707;2401
9766;17684201;3352;5275;2401
9767;17686602;36919;479;2401
9768;17689003;982589;18;2401
9769;17691404;570613;31;2401
9770;17693805;2818;6278;2401
9771;17696206;8846731;2;2744
9772;17698950;1361273;13;2401
9773;17701351;2775;6378;2401
9774;17703752;17701351;1;2401
9775;17706153;18289;968;2401
9776;17708554;3741;4733;2401
9777;17710955;2837;6242;2401
9778;17713356;3284;5393;2744
9779;17716100;17767;997;2401
9780;17718501;2900;6109;2401
9781;17720902;5906167;3;2401
9782;17723303;2666;6647;2401
9783;17725704;1363331;13;2401
9784;17728105;9349;1896;2401
9785;17730506;17483;1014;2744
9786;17733250;5910283;3;2401
9787;17735651;3985;4450;2401
9788;17738052;412457;43;2401
9789;17740453;3804;4663;2401
9790;17742854;69029;257;2401
9791;17745255;8871427;2;2401
9792;17747656;1109057;16;2744
9793;17750400;377617;47;2401
9794;17752801;2580;6880;2401
9795;17755202;2449;7249;2401
9796;17757603;8877601;2;2401
9797;17760004;2729;6507;2401
9798;17762405;4440001;4;2401
9799;17764806;2291;7754;392
9800;17765198;7549;2353;2401
9801;17767599;807509;22;2401
9802;17770000;5922533;3;2401
9803;17772401;2500;7108;2401
9804;17774802;127859;139;2401
9805;17777203;109721;162;2401
9806;17779604;3329;5340;2744
9807;17782348;5926649;3;2401
9808;17784749;3922;4534;2401
9809;17787150;17784749;1;2401
9810;17789551;2523;7050;2401
9811;17791952;3089;5759;2401
9812;17794353;2801;6352;2401
9813;17796754;10529;1690;2744
9814;17799498;8903;1999;2401
9815;17801899;988861;18;2401
9816;17804300;76403;233;2401
9817;17806701;7741;2300;2401
9818;17809102;31741;561;2401
9819;17811503;26423;674;2401
9820;17813904;445279;40;2744
9821;17816648;11821;1507;2401
9822;17819049;9241;1928;2401
9823;17821450;9883;1803;2401
9824;17823851;2525;7058;2401
9825;17826252;17823851;1;2401
9826;17828653;7697;2316;2401
9827;17831054;2906;6135;2744
9828;17833798;2539;7023;2401
9829;17836199;8916899;2;2401
9830;17838600;3253;5483;2401
9831;17841001;2600;6861;2401
9832;17843402;9649;1849;2401
9833;17845803;8921701;2;2401
9834;17848204;3317;5380;2744
9835;17850948;2939;6073;2401
9836;17853349;1487579;12;2401
9837;17855750;1050197;17;2401
9838;17858151;2750;6493;2401
9839;17860552;220471;81;2401
9840;17862953;2232569;8;2401
9841;17865354;1786261;10;2744
9842;17868098;35803;499;2401
9843;17870499;40063;446;2401
9844;17872900;2623;6813;2401
9845;17875301;2435;7340;2401
9846;17877702;777187;23;2401
9847;17880103;35899;498;2401
9848;17882504;512;34926;392
9849;17882896;12289;1455;2401
9850;17885297;1117681;16;2401
9851;17887698;17885297;1;2401
9852;17890099;43207;414;2401
9853;17892500;17890099;1;2401
9854;17894901;2500;7157;2401
9855;17897302;2974;6017;2744
9856;17900046;3579529;5;2401
9857;17902447;994447;18;2401
9858;17904848;31463;569;2401
9859;17907249;2918;6136;2401
9860;17909650;13597;1317;2401
9861;17912051;32563;550;2401
9862;17914452;3338;5366;2744
9863;17917196;3551;5045;2401
9864;17919597;37019;484;2401
9865;17921998;28309;633;2401
9866;17924399;24961;718;2401
9867;17926800;14351;1249;2401
9868;17929201;14939;1200;2401
9869;17931602;2988143;6;2744
9870;17934346;1195463;15;2401
9871;17936747;8967173;2;2401
9872;17939148;17936747;1;2401
9873;17941549;3196;5613;2401
9874;17943950;17941549;1;2401
9875;17946351;358879;50;2401
9876;17948752;2243251;8;2744
9877;17951496;3589819;5;2401
9878;17953897;747979;24;2401
9879;17956298;1381069;13;2401
9880;17958699;64591;278;2401
9881;17961100;2629;6831;2401
9882;17963501;4177;4300;2401
9883;17965902;6893;2606;2744
9884;17968646;326659;55;2401
9885;17971047;65579;274;2401
9886;17973448;2853;6299;2401
9887;17975849;28439;632;2401
9888;17978250;418043;43;2401
9889;17980651;23971;750;2401
9890;17983052;3252;5529;2744
9891;17985796;2505;7179;2401
9892;17988197;4012;4483;2401
9893;17990598;17988197;1;2401
9894;17992999;4062;4429;2401
9895;17995400;9001;1999;2401
9896;17997801;89977;200;2401
9897;18000202;433;41570;392
9898;18000594;17998193;1;2401
9899;18002995;1000033;18;2401
9900;18005396;2789;6455;2401
9901;18007797;109789;164;2401
9902;18010198;6002599;3;2401
9903;18012599;9005099;2;2401
9904;18015000;2894;6224;2744
9905;18017744;18015343;1;2401
9906;18020145;8867;2032;2401
9907;18022546;2981;6045;2401
9908;18024947;9011273;2;2401
9909;18027348;14093;1279;2401
9910;18029749;2966;6078;2401
9911;18032150;3004901;6;2744
9912;18034894;35993;501;2401
9913;18037295;147827;122;2401
9914;18039696;3607459;5;2401
9915;18042097;2858;6312;2401
9916;18044498;8087;2231;2401
9917;18046899;12143;1486;2401
9918;18049300;410149;44;2744
9919;18052044;19813;911;2401
9920;18054445;48527;372;2401
9921;18056846;15907;1135;2401
9922;18059247;9028423;2;2401
9923;18061648;4023;4489;2401
9924;18064049;2503;7216;2401
9925;18066450;9031853;2;2744
9926;18069194;12101;1493;2401
9927;18071595;63179;286;2401
9928;18073996;23623;765;2401
9929;18076397;4518499;4;2401
9930;18078798;175499;103;2401
9931;18081199;29833;606;2401
9932;18083600;13217;1368;2744
9933;18086344;64817;279;2401
9934;18088745;2260793;8;2401
9935;18091146;97777;185;2401
9936;18093547;64153;282;2401
9937;18095948;18093547;1;2401
9938;18098349;8093;2236;2401
9939;18100750;9049003;2;2744
9940;18103494;28151;643;2401
9941;18105895;3017249;6;2401
9942;18108296;8363;2165;2401
9943;18110697;2581;7016;2401
9944;18113098;12763;1419;2401
9945;18115499;2906;6233;2401
9946;18117900;4529461;4;56
9947;18117956;7745;2339;2401
9948;18120357;76771;236;2401
9949;18122758;105967;171;2401
9950;18125159;3634;4987;2401
9951;18127560;7703;2353;2401
9952;18129961;2658;6820;2401
9953;18132362;77477;234;2744
9954;18135106;402949;45;2401
9955;18137507;22279;814;2401
9956;18139908;26791;677;2401
9957;18142309;79561;228;2401
9958;18144710;18142309;1;2401
9959;18147111;42197;430;2401
9960;18149512;18593;976;2744
9961;18152256;45949;395;2401
9962;18154657;94543;192;2401
9963;18157058;1067921;17;2401
9964;18159459;171293;106;2401
9965;18161860;2451;7409;2401
9966;18164261;3830;4742;2401
9967;18166662;10799;1682;2744
9968;18169406;3633401;5;2401
9969;18171807;19879;914;2401
9970;18174208;90407;201;2401
9971;18176609;2752;6604;2401
9972;18179010;1652419;11;2401
9973;18181411;10631;1710;2401
9974;18183812;1515089;12;2744
9975;18186556;2865;6347;2401
9976;18188957;96737;188;2401
9977;18191358;3229;5633;2401
9978;18193759;10867;1674;2401
9979;18196160;27277;667;2401
9980;18198561;2815;6464;2401
9981;18200962;60259;302;2744
9982;18203706;214133;85;2401
9983;18206107;2433;7482;2401
9984;18208508;204563;89;2401
9985;18210909;3524;5167;2401
9986;18213310;23081;789;2401
9987;18215711;1821331;10;2401
9988;18218112;2276921;8;2744
9989;18220856;84737;215;2401
9990;18223257;2277607;8;2401
9991;18225658;15073;1209;2401
9992;18228059;3014;6047;2401
9993;18230460;18228059;1;2401
9994;18232861;2930;6222;2401
9995;18235262;570;31991;392
9996;18235654;2025917;9;2401
9997;18238055;9117827;2;2401
9998;18240456;2453;7435;2401
9999;18242857;2584;7059;2401
