n;A029955;weight;level;jump
1;0;0;0;1
2;1;0;0;1
3;2;0;0;1
4;3;2;1;1
5;4;3;1;1
6;5;2;2;1
7;6;5;1;1
8;7;2;3;1
9;8;3;2;2
10;10;0;0;10
11;20;0;0;10
12;30;20;1;10
13;40;15;2;10
14;50;20;2;10
15;60;25;2;10
16;70;12;5;10
17;80;3;26;2
18;82;73;1;9
19;91;41;2;9
20;100;13;7;9
21;109;10;10;9
22;118;109;1;9
23;127;59;2;9
24;136;127;1;9
25;145;17;8;9
26;154;12;12;10
27;164;31;5;9
28;173;41;4;9
29;182;173;1;9
30;191;13;14;9
31;200;191;1;9
32;209;10;20;9
33;218;11;19;9
34;227;109;2;9
35;236;113;2;10
36;246;79;3;9
37;255;41;6;9
38;264;15;17;9
39;273;11;24;9
40;282;13;21;9
41;291;47;6;9
42;300;97;3;9
43;309;10;30;9
44;318;11;28;10
45;328;11;29;9
46;337;41;8;9
47;346;337;1;9
48;355;173;2;9
49;364;71;5;9
50;373;13;28;9
51;382;373;1;9
52;391;191;2;9
53;400;13;30;10
54;410;401;1;9
55;419;10;41;9
56;428;419;1;9
57;437;107;4;9
58;446;19;23;9
59;455;223;2;9
60;464;13;35;9
61;473;16;29;9
62;482;59;8;10
63;492;21;23;9
64;501;12;41;9
65;510;167;3;9
66;519;10;51;9
67;528;173;3;9
68;537;11;48;9
69;546;179;3;9
70;555;13;42;9
71;564;277;2;10
72;574;113;5;9
73;583;14;41;9
74;592;11;53;9
75;601;16;37;9
76;610;601;1;9
77;619;10;61;9
78;628;619;1;9
79;637;157;4;9
80;646;12;53;10
81;656;647;1;9
82;665;16;41;9
83;674;19;35;9
84;683;337;2;9
85;692;683;1;9
86;701;173;4;9
87;710;701;1;9
88;719;10;71;9
89;728;3;242;2
90;730;128;5;90
91;820;146;5;90
92;910;164;5;90
93;1000;91;10;90
94;1090;100;10;90
95;1180;109;10;90
96;1270;118;10;90
97;1360;127;10;90
98;1450;12;120;10
99;1460;137;10;90
100;1550;146;10;90
101;1640;155;10;90
102;1730;164;10;90
103;1820;173;10;90
104;1910;91;20;90
105;2000;191;10;90
106;2090;100;20;90
107;2180;14;155;10
108;2190;100;21;90
109;2280;146;15;90
110;2370;95;24;90
111;2460;158;15;90
112;2550;123;20;90
113;2640;102;25;90
114;2730;110;24;90
115;2820;91;30;90
116;2910;20;145;10
117;2920;283;10;90
118;3010;146;20;90
119;3100;215;14;90
120;3190;100;31;90
121;3280;110;29;90
122;3370;164;20;90
123;3460;337;10;90
124;3550;173;20;90
125;3640;11;330;10
126;3650;178;20;90
127;3740;146;25;90
128;3830;110;34;90
129;3920;383;10;90
130;4010;98;40;90
131;4100;401;10;90
132;4190;100;41;90
133;4280;419;10;90
134;4370;20;218;10
135;4380;110;39;90
136;4470;146;30;90
137;4560;149;30;90
138;4650;95;48;90
139;4740;93;50;90
140;4830;158;30;90
141;4920;105;46;90
142;5010;120;41;90
143;5100;509;10;10
144;5110;251;20;90
145;5200;146;35;90
146;5290;100;52;90
147;5380;115;46;90
148;5470;269;20;90
149;5560;547;10;90
150;5650;139;40;90
151;5740;113;50;90
152;5830;12;485;10
153;5840;115;50;90
154;5930;146;40;90
155;6020;593;10;90
156;6110;140;43;90
157;6200;94;65;90
158;6290;100;62;90
159;6380;170;37;90
160;6470;110;58;90
161;6560;3;2186;2
162;6562;6481;1;81
163;6643;193;34;81
164;6724;91;73;81
165;6805;82;82;81
166;6886;1361;5;81
167;6967;313;22;81
168;7048;6967;1;81
169;7129;881;8;81
170;7210;178;40;90
171;7300;7219;1;81
172;7381;100;73;81
173;7462;121;61;81
174;7543;82;91;81
175;7624;397;19;81
176;7705;953;8;81
177;7786;115;67;81
178;7867;229;34;81
179;7948;3929;2;90
180;8038;109;73;81
181;8119;4019;2;81
182;8200;353;23;81
183;8281;82;100;81
184;8362;91;91;81
185;8443;113;74;81
186;8524;8443;1;81
187;8605;2131;4;81
188;8686;307;28;90
189;8776;185;47;81
190;8857;1097;8;81
191;8938;521;17;81
192;9019;82;109;81
193;9100;311;29;81
194;9181;91;100;81
195;9262;9181;1;81
196;9343;421;22;81
197;9424;359;26;90
198;9514;9433;1;81
199;9595;134;71;81
200;9676;95;101;81
201;9757;82;118;81
202;9838;887;11;81
203;9919;4919;2;81
204;10000;91;109;81
205;10081;100;100;81
206;10162;1259;8;90
207;10252;1453;7;81
208;10333;233;44;81
209;10414;10333;1;81
210;10495;82;127;81
211;10576;2099;5;81
212;10657;661;16;81
213;10738;10657;1;81
214;10819;91;118;81
215;10900;94;115;90
216;10990;10909;1;81
217;11071;157;70;81
218;11152;11071;1;81
219;11233;82;136;81
220;11314;239;47;81
221;11395;5657;2;81
222;11476;215;53;81
223;11557;151;76;81
224;11638;2887;4;90
225;11728;613;19;81
226;11809;733;16;81
227;11890;241;49;81
228;11971;82;145;81
229;12052;11971;1;81
230;12133;92;131;81
231;12214;1103;11;81
232;12295;197;62;81
233;12376;6143;2;90
234;12466;2477;5;81
235;12547;271;46;81
236;12628;12547;1;81
237;12709;82;154;81
238;12790;179;71;81
239;12871;1279;10;81
240;12952;211;61;81
241;13033;1619;8;81
242;13114;12;1092;10
243;13124;13043;1;81
244;13205;193;68;81
245;13286;95;139;81
246;13367;91;146;81
247;13448;13367;1;81
248;13529;82;164;81
249;13610;83;163;81
250;13691;1361;10;81
251;13772;6841;2;90
252;13862;13781;1;81
253;13943;239;58;81
254;14024;191;73;81
255;14105;1753;8;81
256;14186;91;155;81
257;14267;82;173;81
258;14348;1297;11;81
259;14429;211;68;81
260;14510;103;140;90
261;14600;14519;1;81
262;14681;100;146;81
263;14762;277;53;81
264;14843;121;122;81
265;14924;14843;1;81
266;15005;82;182;81
267;15086;3001;5;81
268;15167;397;38;81
269;15248;106;143;90
270;15338;209;73;81
271;15419;7669;2;81
272;15500;907;17;81
273;15581;100;155;81
274;15662;15581;1;81
275;15743;82;191;81
276;15824;91;173;81
277;15905;86;184;81
278;15986;1987;8;90
279;16076;457;35;81
280;16157;4019;4;81
281;16238;107;151;81
282;16319;353;46;81
283;16400;16319;1;81
284;16481;82;200;81
285;16562;16481;1;81
286;16643;91;182;81
287;16724;8317;2;90
288;16814;577;29;81
289;16895;1201;14;81
290;16976;109;155;81
291;17057;1061;16;81
292;17138;461;37;81
293;17219;82;209;81
294;17300;257;67;81
295;17381;100;173;81
296;17462;101;172;90
297;17552;17471;1;81
298;17633;1097;16;81
299;17714;229;77;81
300;17795;521;34;81
301;17876;3559;5;81
302;17957;82;218;81
303;18038;17957;1;81
304;18119;311;58;81
305;18200;1811;10;90
306;18290;131;139;81
307;18371;118;155;81
308;18452;18371;1;81
309;18533;659;28;81
310;18614;431;43;81
311;18695;82;227;81
312;18776;3739;5;81
313;18857;2347;8;81
314;18938;124;152;90
315;19028;18947;1;81
316;19109;134;142;81
317;19190;97;197;81
318;19271;95;202;81
319;19352;2753;7;81
320;19433;82;236;81
321;19514;19433;1;81
322;19595;887;22;81
323;19676;9833;2;10
324;19686;1307;15;81
325;19767;102;193;81
326;19848;599;33;81
327;19929;827;24;81
328;20010;91;219;81
329;20091;87;230;81
330;20172;111;181;81
331;20253;82;246;81
332;20334;241;84;90
333;20424;6781;3;81
334;20505;92;222;81
335;20586;1367;15;81
336;20667;94;219;81
337;20748;83;249;81
338;20829;84;247;81
339;20910;131;159;81
340;20991;82;255;81
341;21072;269;78;90
342;21162;7027;3;81
343;21243;3527;6;81
344;21324;97;219;81
345;21405;1777;12;81
346;21486;1427;15;81
347;21567;3581;6;81
348;21648;91;237;81
349;21729;82;264;81
350;21810;120;181;90
351;21900;1039;21;81
352;21981;100;219;81
353;22062;431;51;81
354;22143;3677;6;81
355;22224;121;183;81
356;22305;463;48;81
357;22386;1487;15;81
358;22467;82;273;81
359;22548;114;197;90
360;22638;103;219;81
361;22719;98;231;81
362;22800;7573;3;81
363;22881;95;240;81
364;22962;87;263;81
365;23043;86;267;81
366;23124;7681;3;81
367;23205;82;282;81
368;23286;1933;12;90
369;23376;1553;15;81
370;23457;487;48;81
371;23538;1117;21;81
372;23619;3923;6;81
373;23700;7873;3;81
374;23781;100;237;81
375;23862;7927;3;81
376;23943;82;291;81
377;24024;3989;6;90
378;24114;8011;3;81
379;24195;4019;6;81
380;24276;1613;15;81
381;24357;84;289;81
382;24438;353;69;81
383;24519;4073;6;81
384;24600;743;33;81
385;24681;82;300;81
386;24762;96;257;90
387;24852;359;69;81
388;24933;109;228;81
389;25014;8311;3;81
390;25095;379;66;81
391;25176;105;239;81
392;25257;1049;24;81
393;25338;8419;3;81
394;25419;82;309;81
395;25500;105;242;90
396;25590;773;33;81
397;25671;853;30;81
398;25752;129;199;81
399;25833;87;296;81
400;25914;109;237;81
401;25995;617;42;81
402;26076;1733;15;81
403;26157;82;318;81
404;26238;79;332;10
405;26248;137;191;81
406;26329;136;193;81
407;26410;113;233;81
408;26491;95;278;81
409;26572;449;59;81
410;26653;91;292;81
411;26734;2423;11;81
412;26815;13367;2;81
413;26896;1031;26;90
414;26986;5381;5;81
415;27067;103;262;81
416;27148;27067;1;81
417;27229;617;44;81
418;27310;373;73;81
419;27391;2731;10;81
420;27472;91;301;81
421;27553;101;272;81
422;27634;313;88;90
423;27724;359;77;81
424;27805;116;239;81
425;27886;83;335;81
426;27967;146;191;81
427;28048;27967;1;81
428;28129;1753;16;81
429;28210;1223;23;81
430;28291;91;310;81
431;28372;158;179;90
432;28462;101;281;81
433;28543;107;266;81
434;28624;391;73;81
435;28705;1789;16;81
436;28786;5741;5;81
437;28867;389;74;81
438;28948;28867;1;81
439;29029;7237;4;81
440;29110;1451;20;90
441;29200;787;37;81
442;29281;100;292;81
443;29362;89;329;81
444;29443;106;277;81
445;29524;29443;1;81
446;29605;121;244;81
447;29686;155;191;81
448;29767;14843;2;81
449;29848;14879;2;90
450;29938;409;73;81
451;30019;14969;2;81
452;30100;2729;11;81
453;30181;86;350;81
454;30262;30181;1;81
455;30343;15131;2;81
456;30424;1597;19;81
457;30505;3803;8;81
458;30586;953;32;90
459;30676;145;211;81
460;30757;7669;4;81
461;30838;30757;1;81
462;30919;907;34;81
463;31000;631;49;81
464;31081;100;310;81
465;31162;31081;1;81
466;31243;15581;2;81
467;31324;97;322;90
468;31414;31333;1;81
469;31495;113;278;81
470;31576;6299;5;81
471;31657;3947;8;81
472;31738;31657;1;81
473;31819;2267;14;81
474;31900;677;47;81
475;31981;100;319;81
476;32062;7993;4;90
477;32152;2467;13;81
478;32233;4019;8;81
479;32314;32233;1;81
480;32395;107;302;81
481;32476;95;341;81
482;32557;92;353;81
483;32638;4651;7;81
484;32719;16319;2;81
485;32800;15;2186;10
486;32810;1423;23;81
487;32891;85;386;81
488;32972;1061;31;81
489;33053;8243;4;81
490;33134;33053;1;81
491;33215;16567;2;81
492;33296;91;365;81
493;33377;2081;16;81
494;33458;97;344;90
495;33548;683;49;81
496;33629;8387;4;81
497;33710;33629;1;81
498;33791;3371;10;81
499;33872;33791;1;81
500;33953;116;292;81
501;34034;1787;19;81
502;34115;91;374;81
503;34196;17053;2;90
504;34286;6841;5;81
505;34367;158;217;81
506;34448;34367;1;81
507;34529;2153;16;81
508;34610;473;73;81
509;34691;3461;10;81
510;34772;113;307;81
511;34853;8693;4;81
512;34934;124;281;90
513;35024;83;421;81
514;35105;88;398;81
515;35186;85;413;81
516;35267;146;241;81
517;35348;35267;1;81
518;35429;8837;4;81
519;35510;499;71;81
520;35591;106;335;81
521;35672;17791;2;90
522;35762;1151;31;81
523;35843;17881;2;81
524;35924;491;73;81
525;36005;1283;28;81
526;36086;95;379;81
527;36167;18043;2;81
528;36248;613;59;81
529;36329;92;394;81
530;36410;160;227;90
531;36500;461;79;81
532;36581;100;365;81
533;36662;157;233;81
534;36743;797;46;81
535;36824;181;203;81
536;36905;4603;8;81
537;36986;121;305;81
538;37067;18493;2;81
539;37148;2647;14;90
540;37238;509;73;81
541;37319;86;433;81
542;37400;557;67;81
543;37481;85;440;81
544;37562;1013;37;81
545;37643;2683;14;81
546;37724;37643;1;81
547;37805;9431;4;81
548;37886;859;44;90
549;37976;143;265;81
550;38057;94;404;81
551;38138;2003;19;81
552;38219;19069;2;81
553;38300;38219;1;81
554;38381;100;383;81
555;38462;5483;7;81
556;38543;19231;2;81
557;38624;19267;2;90
558;38714;5519;7;81
559;38795;1489;26;81
560;38876;7759;5;81
561;38957;9719;4;81
562;39038;163;239;81
563;39119;131;298;81
564;39200;39119;1;81
565;39281;98;400;81
566;39362;4919;8;10
567;39372;1871;21;81
568;39453;102;386;81
569;39534;13151;3;81
570;39615;599;66;81
571;39696;95;417;81
572;39777;827;48;81
573;39858;13259;3;81
574;39939;91;438;81
575;40020;110;363;90
576;40110;1213;33;81
577;40191;105;382;81
578;40272;13397;3;81
579;40353;839;48;81
580;40434;13451;3;81
581;40515;138;293;81
582;40596;111;365;81
583;40677;102;398;81
584;40758;3389;12;90
585;40848;107;381;81
586;40929;92;444;81
587;41010;1949;21;81
588;41091;1367;30;81
589;41172;13697;3;81
590;41253;94;438;81
591;41334;13751;3;81
592;41415;83;498;81
593;41496;103;402;90
594;41586;2767;15;81
595;41667;87;478;81
596;41748;129;323;81
597;41829;84;497;81
598;41910;191;219;81
599;41991;110;381;81
600;42072;13997;3;81
601;42153;1753;24;81
602;42234;96;439;90
603;42324;14081;3;81
604;42405;3527;12;81
605;42486;165;257;81
606;42567;97;438;81
607;42648;2027;21;81
608;42729;1777;24;81
609;42810;14243;3;81
610;42891;1427;30;81
611;42972;1021;42;90
612;43062;14327;3;81
613;43143;7177;6;81
614;43224;197;219;81
615;43305;1801;24;81
616;43386;2887;15;81
617;43467;1033;42;81
618;43548;14489;3;81
619;43629;114;382;81
620;43710;727;60;90
621;43800;177;247;81
622;43881;100;438;81
623;43962;14627;3;81
624;44043;102;431;81
625;44124;159;277;81
626;44205;3677;12;81
627;44286;105;421;81
628;44367;121;366;81
629;44448;7393;6;90
630;44538;87;511;81
631;44619;571;78;81
632;44700;107;417;81
633;44781;100;447;81
634;44862;177;253;81
635;44943;7477;6;81
636;45024;211;213;81
637;45105;84;536;81
638;45186;1879;24;90
639;45276;115;393;81
640;45357;84;539;81
641;45438;1163;39;81
642;45519;7573;6;81
643;45600;15173;3;81
644;45681;95;480;81
645;45762;15227;3;81
646;45843;87;526;81
647;45924;11;4174;10
648;45934;45853;1;81
649;46015;119;386;81
650;46096;9203;5;81
651;46177;86;536;81
652;46258;757;61;81
653;46339;101;458;81
654;46420;149;311;81
655;46501;110;422;81
656;46582;118;394;90
657;46672;46591;1;81
658;46753;2917;16;81
659;46834;6679;7;81
660;46915;23417;2;81
661;46996;853;55;81
662;47077;124;379;81
663;47158;179;263;81
664;47239;146;323;81
665;47320;4723;10;90
666;47410;893;53;81
667;47491;110;431;81
668;47572;47491;1;81
669;47653;1699;28;81
670;47734;47653;1;81
671;47815;823;58;81
672;47896;131;365;81
673;47977;5987;8;81
674;48058;1499;32;90
675;48148;677;71;81
676;48229;12037;4;81
677;48310;2837;17;81
678;48391;4831;10;81
679;48472;217;223;81
680;48553;83;584;81
681;48634;2111;23;81
682;48715;24317;2;81
683;48796;98;497;90
684;48886;215;227;81
685;48967;24443;2;81
686;49048;2129;23;81
687;49129;6131;8;81
688;49210;673;73;81
689;49291;95;518;81
690;49372;4481;11;81
691;49453;12343;4;81
692;49534;94;526;90
693;49624;103;481;81
694;49705;6203;8;81
695;49786;9941;5;81
696;49867;146;341;81
697;49948;1061;47;81
698;50029;12487;4;81
699;50110;1021;49;81
700;50191;5011;10;81
701;50272;2281;22;90
702;50362;653;77;81
703;50443;149;338;81
704;50524;691;73;81
705;50605;743;68;81
706;50686;145;349;81
707;50767;25343;2;81
708;50848;50767;1;81
709;50929;112;454;81
710;51010;95;536;90
711;51100;163;313;81
712;51181;100;511;81
713;51262;127;403;81
714;51343;142;361;81
715;51424;51343;1;81
716;51505;1607;32;81
717;51586;10301;5;81
718;51667;25793;2;81
719;51748;1123;46;90
720;51838;709;73;81
721;51919;25919;2;81
722;52000;7417;7;81
723;52081;100;520;81
724;52162;52081;1;81
725;52243;2371;22;81
726;52324;89;587;81
727;52405;103;508;81
728;52486;12;4373;10
729;52496;953;55;81
730;52577;136;386;81
731;52658;203;259;81
732;52739;113;466;81
733;52820;2293;23;81
734;52901;95;556;81
735;52982;52901;1;81
736;53063;118;449;81
737;53144;647;82;90
738;53234;2311;23;81
739;53315;86;619;81
740;53396;10663;5;81
741;53477;1907;28;81
742;53558;1009;53;81
743;53639;122;439;81
744;53720;53639;1;81
745;53801;85;632;81
746;53882;164;328;90
747;53972;53891;1;81
748;54053;103;524;81
749;54134;191;283;81
750;54215;27067;2;81
751;54296;1549;35;81
752;54377;88;617;81
753;54458;54377;1;81
754;54539;146;373;81
755;54620;95;574;90
756;54710;54629;1;81
757;54791;5471;10;81
758;54872;187;293;81
759;54953;152;361;81
760;55034;179;307;81
761;55115;3931;14;81
762;55196;151;365;81
763;55277;13799;4;81
764;55358;164;337;90
765;55448;4259;13;81
766;55529;116;478;81
767;55610;55529;1;81
768;55691;83;670;81
769;55772;55691;1;81
770;55853;146;382;81
771;55934;101;553;81
772;56015;27967;2;81
773;56096;683;82;90
774;56186;229;245;81
775;56267;2161;26;81
776;56348;56267;1;81
777;56429;14087;4;81
778;56510;773;73;81
779;56591;5651;10;81
780;56672;56591;1;81
781;56753;88;644;81
782;56834;164;346;90
783;56924;56843;1;81
784;57005;107;532;81
785;57086;877;65;81
786;57167;146;391;81
787;57248;5197;11;81
788;57329;1789;32;81
789;57410;57329;1;81
790;57491;5741;10;81
791;57572;701;82;90
792;57662;811;71;81
793;57743;2621;22;81
794;57824;113;511;81
795;57905;104;556;81
796;57986;185;313;81
797;58067;158;367;81
798;58148;58067;1;81
799;58229;14537;4;81
800;58310;142;410;90
801;58400;2011;29;81
802;58481;100;584;81
803;58562;58481;1;81
804;58643;89;658;81
805;58724;169;347;81
806;58805;106;554;81
807;58886;95;619;81
808;58967;29443;2;81
809;59048;3;19682;2
810;59050;832;70;810
811;59860;1181;50;810
812;60670;820;73;810
813;61480;6067;10;810
814;62290;1060;58;810
815;63100;6229;10;810
816;63910;1262;50;810
817;64720;830;77;810
818;65530;160;409;90
819;65620;6481;10;810
820;66430;965;68;810
821;67240;910;73;810
822;68050;820;82;810
823;68860;1361;50;810
824;69670;1252;55;810
825;70480;6967;10;810
826;71290;881;80;810
827;72100;95;758;90
828;72190;830;86;810
829;73000;7219;10;810
830;73810;1000;73;810
831;74620;1210;61;810
832;75430;820;91;810
833;76240;1985;38;810
834;77050;953;80;810
835;77860;1150;67;810
836;78670;3929;20;90
837;78760;1559;50;810
838;79570;895;88;810
839;80380;1090;73;810
840;81190;4019;20;810
841;82000;1765;46;810
842;82810;820;100;810
843;83620;845;98;810
844;84430;1130;74;810
845;85240;130;655;90
846;85330;2113;40;810
847;86140;1219;70;810
848;86950;1180;73;810
849;87760;925;94;810
850;88570;1097;80;810
851;89380;1042;85;810
852;90190;820;109;810
853;91000;1555;58;810
854;91810;2293;40;90
855;91900;9109;10;810
856;92710;919;100;810
857;93520;1270;73;810
858;94330;835;112;810
859;95140;9433;10;810
860;95950;1340;71;810
861;96760;950;101;810
862;97570;820;118;810
863;98380;9829;10;90
864;98470;1028;95;810
865;99280;1145;86;810
866;100090;1168;85;810
867;100900;10009;10;810
868;101710;1009;100;810
869;102520;1453;70;810
870;103330;932;110;810
871;104140;10333;10;810
872;104950;98;1070;90
873;105040;1489;70;810
874;105850;1010;104;810
875;106660;1450;73;810
876;107470;5333;20;810
877;108280;977;110;810
878;109090;2707;40;810
879;109900;10909;10;810
880;110710;1099;100;810
881;111520;110;1013;90
882;111610;1108;100;810
883;112420;11161;10;810
884;113230;1022;110;810
885;114040;845;134;810
886;114850;2851;40;810
887;115660;2297;50;810
888;116470;5783;20;810
889;117280;1226;95;810
890;118090;12;9840;10
891;118100;1585;74;810
892;118910;1181;100;810
893;119720;1034;115;810
894;120530;820;146;810
895;121340;1418;85;810
896;122150;6067;20;810
897;122960;1745;70;810
898;123770;848;145;810
899;124580;118;1055;90
900;124670;1126;110;810
901;125480;910;137;810
902;126290;3137;40;810
903;127100;865;146;810
904;127910;820;155;810
905;128720;12791;10;810
906;129530;1609;80;810
907;130340;12953;10;810
908;131150;6553;20;90
909;131240;13043;10;810
910;132050;965;136;810
911;132860;950;139;810
912;133670;910;146;810
913;134480;13367;10;810
914;135290;820;164;810
915;136100;815;166;810
916;136910;1361;100;810
917;137720;13763;10;90
918;137810;1000;137;810
919;138620;13781;10;810
920;139430;956;145;810
921;140240;955;146;810
922;141050;1753;80;810
923;141860;910;155;810
924;142670;820;173;810
925;143480;1297;110;810
926;144290;100;1442;90
927;144380;1465;98;810
928;145190;7219;20;810
929;146000;14519;10;810
930;146810;1000;146;810
931;147620;1385;106;810
932;148430;1210;122;810
933;149240;14843;10;810
934;150050;820;182;810
935;150860;15077;10;90
936;150950;7507;20;810
937;151760;3019;50;810
938;152570;1084;140;810
939;153380;1045;146;810
940;154190;7669;20;810
941;155000;907;170;810
942;155810;1000;155;810
943;156620;15581;10;810
944;157430;7867;20;90
945;157520;15671;10;810
946;158330;880;179;810
947;159140;1115;142;810
948;159950;1090;146;810
949;160760;914;175;810
950;161570;4019;40;810
951;162380;1070;151;810
952;163190;1412;115;810
953;164000;185;886;90
954;164090;1040;157;810
955;164900;1345;122;810
956;165710;850;194;810
957;166520;1135;146;810
958;167330;905;184;810
959;168140;1154;145;810
960;168950;1201;140;810
961;169760;1090;155;810
962;170570;2131;80;90
963;170660;1075;158;810
964;171470;1060;161;810
965;172280;1319;130;810
966;173090;1180;146;810
967;173900;911;190;810
968;174710;925;188;810
969;175520;17471;10;810
970;176330;1097;160;810
971;177140;17713;10;10
972;177150;2939;60;810
973;177960;1181;150;810
974;178770;1483;120;810
975;179580;885;202;810
976;180390;820;219;810
977;181200;859;210;810
978;182010;906;200;810
979;182820;6067;30;810
980;183630;92;1995;90
981;183720;871;210;810
982;184530;1531;120;810
983;185340;6151;30;810
984;186150;3089;60;810
985;186960;850;219;810
986;187770;820;228;810
987;188580;1138;165;810
988;189390;898;210;810
989;190200;6337;30;90
990;190290;1579;120;810
991;191100;6343;30;810
992;191910;910;210;810
993;192720;6397;30;810
994;193530;876;220;810
995;194340;6451;30;810
996;195150;820;237;810
997;195960;1301;150;810
998;196770;110;1788;90
999;196860;1307;150;810
1000;197670;965;204;810
1001;198480;1198;165;810
1002;199290;827;240;810
1003;200100;910;219;810
1004;200910;870;230;810
1005;201720;905;222;810
1006;202530;820;246;810
1007;203340;125;1626;90
1008;203430;921;220;810
1009;204240;6781;30;810
1010;205050;851;240;810
1011;205860;1367;150;810
1012;206670;876;235;810
1013;207480;830;249;810
1014;208290;840;247;810
1015;209100;1310;159;810
1016;209910;130;1614;90
1017;210000;1101;190;810
1018;210810;840;250;810
1019;211620;7027;30;810
1020;212430;3527;60;810
1021;213240;970;219;810
1022;214050;1777;120;810
1023;214860;1427;150;810
1024;215670;3581;60;810
1025;216480;7213;30;90
1026;216570;870;248;810
1027;217380;7219;30;810
1028;218190;3623;60;810
1029;219000;1039;210;810
1030;219810;876;250;810
1031;220620;862;255;810
1032;221430;3677;60;810
1033;222240;915;242;810
1034;223050;120;1858;90
1035;223140;7411;30;810
1036;223950;3719;60;810
1037;224760;1493;150;810
1038;225570;1873;120;810
1039;226380;1030;219;810
1040;227190;924;245;810
1041;228000;7573;30;810
1042;228810;912;250;810
1043;229620;105;2186;90
1044;229710;1050;218;810
1045;230520;930;247;810
1046;231330;904;255;810
1047;232140;1402;165;810
1048;232950;876;265;810
1049;233760;1553;150;810
1050;234570;974;240;810
1051;235380;1117;210;810
1052;236190;14;16870;10
1053;236200;23539;10;810
1054;237010;1181;200;810
1055;237820;865;274;810
1056;238630;940;253;810
1057;239440;974;245;810
1058;240250;820;292;810
1059;241060;961;250;810
1060;241870;1418;170;810
1061;242680;170;1427;90
1062;242770;920;263;810
1063;243580;2207;110;810
1064;244390;1282;190;810
1065;245200;24439;10;810
1066;246010;1226;200;810
1067;246820;1685;146;810
1068;247630;820;301;810
1069;248440;24763;10;810
1070;249250;6229;40;90
1071;249340;857;290;810
1072;250150;910;274;810
1073;250960;5003;50;810
1074;251770;3137;80;810
1075;252580;1481;170;810
1076;253390;865;292;810
1077;254200;25339;10;810
1078;255010;820;310;810
1079;255820;107;2390;90
1080;255910;2551;100;810
1081;256720;815;314;810
1082;257530;3209;80;810
1083;258340;910;283;810
1084;259150;12917;20;810
1085;259960;1775;146;810
1086;260770;970;268;810
1087;261580;890;293;810
1088;262390;100;2623;90
1089;262480;955;274;810
1090;263290;965;272;810
1091;264100;1130;233;810
1092;264910;950;278;810
1093;265720;898;295;810
1094;266530;910;292;810
1095;267340;2423;110;810
1096;268150;13367;20;810
1097;268960;115;2338;90
1098;269050;958;280;810
1099;269860;5381;50;810
1100;270670;1030;262;810
1101;271480;27067;10;810
1102;272290;1234;220;810
1103;273100;1865;146;810
1104;273910;2731;100;810
1105;274720;910;301;810
1106;275530;110;2504;90
1107;275620;27481;10;810
1108;276430;13781;20;810
1109;277240;1795;154;810
1110;278050;956;290;810
1111;278860;830;335;810
1112;279670;955;292;810
1113;280480;27967;10;810
1114;281290;1753;160;810
1115;282100;28201;10;90
1116;282190;1279;220;810
1117;283000;28219;10;810
1118;283810;1000;283;810
1119;284620;1010;281;810
1120;285430;1070;266;810
1121;286240;1241;230;810
1122;287050;1789;160;810
1123;287860;5741;50;810
1124;288670;94;3070;90
1125;288760;886;325;810
1126;289570;7219;40;810
1127;290380;1259;230;810
1128;291190;14519;20;810
1129;292000;1574;185;810
1130;292810;1000;292;810
1131;293620;890;329;810
1132;294430;1060;277;810
1133;295240;13;22710;10
1134;295250;866;340;810
1135;296060;1181;250;810
1136;296870;1130;262;810
1137;297680;4241;70;810
1138;298490;976;305;810
1139;299300;1571;190;810
1140;300110;820;365;810
1141;300920;30011;10;810
1142;301730;7541;40;90
1143;301820;971;310;810
1144;302630;15091;20;810
1145;303440;1142;265;810
1146;304250;3793;80;810
1147;305060;1217;250;810
1148;305870;2179;140;810
1149;306680;838;365;810
1150;307490;820;374;810
1151;308300;98;3145;90
1152;308390;845;364;810
1153;309200;30839;10;810
1154;310010;1546;200;810
1155;310820;1069;290;810
1156;311630;15541;20;810
1157;312440;2833;110;810
1158;313250;856;365;810
1159;314060;875;358;810
1160;314870;15739;20;90
1161;314960;1030;305;810
1162;315770;1016;310;810
1163;316580;910;347;810
1164;317390;1439;220;810
1165;318200;1867;170;810
1166;319010;860;370;810
1167;319820;874;365;810
1168;320630;15991;20;810
1169;321440;6427;50;90
1170;321530;844;380;810
1171;322340;814;395;810
1172;323150;908;355;810
1173;323960;1150;281;810
1174;324770;890;364;810
1175;325580;1382;235;810
1176;326390;892;365;810
1177;327200;1270;257;810
1178;328010;4099;80;90
1179;328100;1423;230;810
1180;328910;850;386;810
1181;329720;1061;310;810
1182;330530;8243;40;810
1183;331340;33053;10;810
1184;332150;16567;20;810
1185;332960;910;365;810
1186;333770;2081;160;810
1187;334580;130;2573;90
1188;334670;16693;20;810
1189;335480;1366;245;810
1190;336290;8387;40;810
1191;337100;33629;10;810
1192;337910;3371;100;810
1193;338720;33791;10;810
1194;339530;928;365;810
1195;340340;1787;190;810
1196;341150;17053;20;90
1197;341240;1154;295;810
1198;342050;898;380;810
1199;342860;6841;50;810
1200;343670;868;395;810
1201;344480;34367;10;810
1202;345290;2153;160;810
1203;346100;946;365;810
1204;346910;3461;100;810
1205;347720;34763;10;90
1206;347810;1000;347;810
1207;348620;34781;10;810
1208;349430;17431;20;810
1209;350240;830;421;810
1210;351050;880;398;810
1211;351860;826;425;810
1212;352670;964;365;810
1213;353480;35267;10;810
1214;354290;17;20840;10
1215;354300;11783;30;810
1216;355110;1181;300;810
1217;355920;890;399;810
1218;356730;1483;240;810
1219;357540;1034;345;810
1220;358350;885;404;810
1221;359160;2389;150;810
1222;359970;820;438;810
1223;360780;110;3279;90
1224;360870;1020;353;810
1225;361680;1046;345;810
1226;362490;822;440;810
1227;363300;843;430;810
1228;364110;865;420;810
1229;364920;1145;318;810
1230;365730;3041;120;810
1231;366540;835;438;810
1232;367350;6121;60;90
1233;367440;1010;363;810
1234;368250;1531;240;810
1235;369060;982;375;810
1236;369870;6151;60;810
1237;370680;12329;30;810
1238;371490;3089;120;810
1239;372300;854;435;810
1240;373110;850;438;810
1241;373920;102;3665;90
1242;374010;933;400;810
1243;374820;822;455;810
1244;375630;6247;60;810
1245;376440;1318;285;810
1246;377250;3137;120;810
1247;378060;1006;375;810
1248;378870;6301;60;810
1249;379680;865;438;810
1250;380490;100;3804;90
1251;380580;12659;30;810
1252;381390;6343;60;810
1253;382200;12713;30;810
1254;383010;840;455;810
1255;383820;1502;255;810
1256;384630;6397;60;810
1257;385440;12821;30;810
1258;386250;876;440;810
1259;387060;12899;30;90
1260;387150;822;470;810
1261;387960;870;445;810
1262;388770;915;424;810
1263;389580;12959;30;810
1264;390390;860;453;810
1265;391200;845;462;810
1266;392010;815;480;810
1267;392820;895;438;810
1268;393630;105;3748;90
1269;393720;1871;210;810
1270;394530;965;408;810
1271;395340;13151;30;810
1272;396150;1198;330;810
1273;396960;834;475;810
1274;397770;827;480;810
1275;398580;13259;30;810
1276;399390;876;455;810
1277;400200;13337;30;90
1278;400290;3329;120;810
1279;401100;1213;330;810
1280;401910;955;420;810
1281;402720;13397;30;810
1282;403530;839;480;810
1283;404340;13451;30;810
1284;405150;879;460;810
1285;405960;925;438;810
1286;406770;120;3389;90
1287;406860;2707;150;810
1288;407670;6781;60;810
1289;408480;1070;381;810
1290;409290;851;480;810
1291;410100;1949;210;810
1292;410910;1367;300;810
1293;411720;13697;30;810
1294;412530;876;470;810
1295;413340;41333;10;10
1296;413350;20627;20;810
1297;414160;1181;350;810
1298;414970;835;496;810
1299;415780;2441;170;810
1300;416590;20789;20;810
1301;417400;41659;10;810
1302;418210;2087;200;810
1303;419020;3217;130;810
1304;419830;124;3385;90
1305;419920;41911;10;810
1306;420730;905;464;810
1307;421540;42073;10;810
1308;422350;3011;140;810
1309;423160;8447;50;810
1310;423970;1192;355;810
1311;424780;42397;10;810
1312;425590;1268;335;810
1313;426400;178;2395;90
1314;426490;1252;340;810
1315;427300;42649;10;810
1316;428110;4273;100;810
1317;428920;1381;310;810
1318;429730;10723;40;810
1319;430540;877;490;810
1320;431350;836;515;810
1321;432160;8627;50;810
1322;432970;112;3865;90
1323;433060;875;494;810
1324;433870;1180;367;810
1325;434680;1009;430;810
1326;435490;10867;40;810
1327;436300;814;535;810
1328;437110;4363;100;810
1329;437920;43711;10;810
1330;438730;920;476;810
1331;439540;94;4675;90
1332;439630;1186;370;810
1333;440440;43963;10;810
1334;441250;847;520;810
1335;442060;1250;353;810
1336;442870;961;460;810
1337;443680;1322;335;810
1338;444490;940;472;810
1339;445300;44449;10;810
1340;446110;116;3845;90
1341;446200;4049;110;810
1342;447010;920;485;810
1343;447820;44701;10;810
1344;448630;22391;20;810
1345;449440;910;493;810
1346;450250;848;530;810
1347;451060;1801;250;810
1348;451870;1187;380;810
1349;452680;45259;10;90
1350;452770;11299;40;810
1351;453580;2383;190;810
1352;454390;22679;20;810
1353;455200;45439;10;810
1354;456010;1138;400;810
1355;456820;1471;310;810
1356;457630;910;502;810
1357;458440;45763;10;810
1358;459250;104;4415;90
1359;459340;45853;10;810
1360;460150;965;476;810
1361;460960;9203;50;810
1362;461770;860;536;810
1363;462580;1514;305;810
1364;463390;916;505;810
1365;464200;1490;311;810
1366;465010;844;550;810
1367;465820;46573;10;90
1368;465910;4651;100;810
1369;466720;46591;10;810
1370;467530;2917;160;810
1371;468340;6679;70;810
1372;469150;23417;20;810
1373;469960;853;550;810
1374;470770;1240;379;810
1375;471580;895;526;810
1376;472390;12;39365;10
1377;472400;6737;70;810
1378;473210;1181;400;810
1379;474020;1198;395;810
1380;474830;865;548;810
1381;475640;922;515;810
1382;476450;920;517;810
1383;477260;1466;325;810
1384;478070;974;490;810
1385;478880;127;3770;90
1386;478970;860;556;810
1387;479780;1055;454;810
1388;480590;1043;460;810
1389;481400;935;514;810
1390;482210;830;580;810
1391;483020;48221;10;810
1392;483830;24151;20;810
1393;484640;48383;10;810
1394;485450;6067;80;90
1395;485540;48473;10;810
1396;486350;2207;220;810
1397;487160;1370;355;810
1398;487970;1282;380;810
1399;488780;6971;70;810
1400;489590;24439;20;810
1401;490400;865;566;810
1402;491210;1226;400;810
1403;492020;49193;10;90
1404;492110;850;578;810
1405;492920;49211;10;810
1406;493730;12323;40;810
1407;494540;970;509;810
1408;495350;1252;395;810
1409;496160;9907;50;810
1410;496970;886;560;810
1411;497780;49697;10;810
1412;498590;100;4985;90
1413;498680;49787;10;810
1414;499490;910;548;810
1415;500300;995;502;810
1416;501110;5003;100;810
1417;501920;50111;10;810
1418;502730;3137;160;810
1419;503540;50273;10;810
1420;504350;1481;340;810
1421;505160;170;2971;90
1422;505250;12611;40;810
1423;506060;1075;470;810
1424;506870;25303;20;810
1425;507680;910;557;810
1426;508490;835;608;810
1427;509300;50849;10;810
1428;510110;926;550;810
1429;510920;1759;290;810
1430;511730;12791;40;90
1431;511820;1370;373;810
1432;512630;815;628;810
1433;513440;51263;10;810
1434;514250;3209;160;810
1435;515060;850;605;810
1436;515870;910;566;810
1437;516680;1306;395;810
1438;517490;12917;40;810
1439;518300;110;4711;90
1440;518390;3697;140;810
1441;519200;51839;10;810
1442;520010;880;590;810
1443;520820;1490;349;810
1444;521630;26041;20;810
1445;522440;52163;10;810
1446;523250;1412;370;810
1447;524060;875;598;810
1448;524870;95;5524;90
1449;524960;953;550;810
1450;525770;965;544;810
1451;526580;1015;518;810
1452;527390;932;565;810
1453;528200;2293;230;810
1454;529010;950;556;810
1455;529820;52901;10;810
1456;530630;898;590;810
1457;531440;3;177146;2
1458;531442;530713;1;729
1459;532171;6481;82;729
1460;532900;757;703;729
1461;533629;730;730;729
1462;534358;18401;29;729
1463;535087;1177;454;729
1464;535816;76441;7;729
1465;536545;66977;8;729
1466;537274;33529;16;810
1467;538084;1181;455;729
1468;538813;772;697;729
1469;539542;803;671;729
1470;540271;2671;202;729
1471;541000;540271;1;729
1472;541729;1000;541;729
1473;542458;1999;271;729
1474;543187;38747;14;729
1475;543916;271553;2;810
1476;544726;543997;1;729
1477;545455;949;574;729
1478;546184;1849;295;729
1479;546913;1019;536;729
1480;547642;7703;71;729
1481;548371;273821;2;729
1482;549100;548371;1;729
1483;549829;850;646;729
1484;550558;137437;4;810
1485;551368;1387;397;729
1486;552097;1681;328;729
1487;552826;6067;91;729
1488;553555;1051;526;729
1489;554284;110711;5;729
1490;555013;138571;4;729
1491;555742;1357;409;729
1492;556471;25261;22;729
1493;557200;55639;10;810
1494;558010;557281;1;729
1495;558739;1361;410;729
1496;559468;1429;391;729
1497;560197;742;754;729
1498;560926;1397;401;729
1499;561655;280463;2;729
1500;562384;112331;5;729
1501;563113;35149;16;729
1502;563842;70379;8;810
1503;564652;4057;139;729
1504;565381;902;626;729
1505;566110;565381;1;729
1506;566839;56611;10;729
1507;567568;6229;91;729
1508;568297;1867;304;729
1509;569026;1583;359;729
1510;569755;2659;214;729
1511;570484;5813;98;810
1512;571294;114113;5;729
1513;572023;6967;82;729
1514;572752;572023;1;729
1515;573481;35797;16;729
1516;574210;573481;1;729
1517;574939;910;631;729
1518;575668;574939;1;729
1519;576397;2027;284;729
1520;577126;11083;52;810
1521;577936;12281;47;729
1522;578665;881;656;729
1523;579394;115733;5;729
1524;580123;17041;34;729
1525;580852;15679;37;729
1526;581581;145213;4;729
1527;582310;913;637;729
1528;583039;58231;10;729
1529;583768;874;667;810
1530;584578;83407;7;729
1531;585307;7129;82;729
1532;586036;20183;29;729
1533;586765;836;701;729
1534;587494;117353;5;729
1535;588223;1871;314;729
1536;588952;9643;61;729
1537;589681;809;728;729
1538;590410;94;6280;90
1539;590500;6481;91;729
1540;591229;1181;500;729
1541;591958;2971;199;729
1542;592687;7219;82;729
1543;593416;1679;353;729
1544;594145;74177;8;729
1545;594874;1655;359;729
1546;595603;42491;14;729
1547;596332;1783;334;810
1548;597142;25931;23;729
1549;597871;1351;442;729
1550;598600;1093;547;729
1551;599329;730;820;729
1552;600058;739;811;729
1553;600787;15791;38;729
1554;601516;54617;11;729
1555;602245;150379;4;729
1556;602974;3203;188;810
1557;603784;4159;145;729
1558;604513;1063;568;729
1559;605242;949;637;729
1560;605971;902;671;729
1561;606700;12893;47;729
1562;607429;6067;100;729
1563;608158;16417;37;729
1564;608887;1054;577;729
1565;609616;27673;22;810
1566;610426;1289;473;729
1567;611155;2701;226;729
1568;611884;122231;5;729
1569;612613;1066;574;729
1570;613342;612613;1;729
1571;614071;2341;262;729
1572;614800;614071;1;729
1573;615529;848;725;729
1574;616258;4049;152;810
1575;617068;8443;73;729
1576;617797;154267;4;729
1577;618526;36341;17;729
1578;619255;779;794;729
1579;619984;1361;455;729
1580;620713;38749;16;729
1581;621442;20023;31;729
1582;622171;310721;2;729
1583;622900;8887;70;810
1584;623710;10559;59;729
1585;624439;970;643;729
1586;625168;1039;601;729
1587;625897;953;656;729
1588;626626;6197;101;729
1589;627355;1001;626;729
1590;628084;125471;5;729
1591;628813;6827;92;729
1592;629542;1391;452;810
1593;630352;629623;1;729
1594;631081;39397;16;729
1595;631810;1133;557;729
1596;632539;943;670;729
1597;633268;4189;151;729
1598;633997;5107;124;729
1599;634726;6967;91;729
1600;635455;317363;2;729
1601;636184;1949;326;810
1602;636994;1715;371;729
1603;637723;16763;38;729
1604;638452;637723;1;729
1605;639181;916;697;729
1606;639910;639181;1;729
1607;640639;890;719;729
1608;641368;22091;29;729
1609;642097;881;728;729
1610;642826;20063;32;810
1611;643636;642907;1;729
1612;644365;889;724;729
1613;645094;128873;5;729
1614;645823;7867;82;729
1615;646552;2573;251;729
1616;647281;80819;8;729
1617;648010;6673;97;729
1618;648739;946;685;729
1619;649468;324689;2;90
1620;649558;2309;281;729
1621;650287;1079;602;729
1622;651016;1907;341;729
1623;651745;4283;152;729
1624;652474;130349;5;729
1625;653203;2993;218;729
1626;653932;653203;1;729
1627;654661;163483;4;729
1628;655390;1423;460;810
1629;656200;655471;1;729
1630;656929;772;850;729
1631;657658;7219;91;729
1632;658387;328829;2;729
1633;659116;2117;311;729
1634;659845;4019;164;729
1635;660574;131969;5;729
1636;661303;330287;2;729
1637;662032;330611;2;810
1638;662842;1747;379;729
1639;663571;10691;62;729
1640;664300;663571;1;729
1641;665029;730;910;729
1642;665758;665029;1;729
1643;666487;943;706;729
1644;667216;6871;97;729
1645;667945;748;892;729
1646;668674;2693;248;810
1647;669484;1021;655;729
1648;670213;766;874;729
1649;670942;9181;73;729
1650;671671;3257;206;729
1651;672400;793;847;729
1652;673129;820;820;729
1653;673858;673129;1;729
1654;674587;336929;2;729
1655;675316;48179;14;810
1656;676126;21787;31;729
1657;676855;803;842;729
1658;677584;7963;85;729
1659;678313;42349;16;729
1660;679042;2503;271;729
1661;679771;1066;637;729
1662;680500;6353;107;729
1663;681229;1361;500;729
1664;681958;13099;52;810
1665;682768;9343;73;729
1666;683497;1112;614;729
1667;684226;3011;227;729
1668;684955;1363;502;729
1669;685684;136991;5;729
1670;686413;1517;452;729
1671;687142;1729;397;729
1672;687871;4349;158;729
1673;688600;1090;631;810
1674;689410;2659;259;729
1675;690139;971;710;729
1676;690868;690139;1;729
1677;691597;172717;4;729
1678;692326;13049;53;729
1679;693055;8443;82;729
1680;693784;12601;55;729
1681;694513;953;728;729
1682;695242;21701;32;810
1683;696052;695323;1;729
1684;696781;24859;28;729
1685;697510;7829;89;729
1686;698239;746;935;729
1687;698968;698239;1;729
1688;699697;2131;328;729
1689;700426;699697;1;729
1690;701155;350213;2;729
1691;701884;2897;242;810
1692;702694;12763;55;729
1693;703423;351347;2;729
1694;704152;2219;317;729
1695;704881;88019;8;729
1696;705610;1613;437;729
1697;706339;1721;410;729
1698;707068;8941;79;729
1699;707797;3761;188;729
1700;708526;177109;4;90
1701;708616;707887;1;729
1702;709345;808;877;729
1703;710074;1559;455;729
1704;710803;355037;2;729
1705;711532;6901;103;729
1706;712261;177883;4;729
1707;712990;803;887;729
1708;713719;1517;470;729
1709;714448;356819;2;810
1710;715258;714529;1;729
1711;715987;1853;386;729
1712;716716;1369;523;729
1713;717445;1001;716;729
1714;718174;143489;5;729
1715;718903;4919;146;729
1716;719632;2983;241;729
1717;720361;1097;656;729
1718;721090;1637;440;810
1719;721900;1237;583;729
1720;722629;7219;100;729
1721;723358;2879;251;729
1722;724087;361679;2;729
1723;724816;763;949;729
1724;725545;1018;712;729
1725;726274;145109;5;729
1726;727003;1042;697;729
1727;727732;959;758;810
1728;728542;25097;29;729
1729;729271;364271;2;729
1730;730000;729271;1;729
1731;730729;730;1000;729
1732;731458;4483;163;729
1733;732187;4019;182;729
1734;732916;732187;1;729
1735;733645;1681;436;729
1736;734374;14107;52;810
1737;735184;146891;5;729
1738;735913;45949;16;729
1739;736642;1241;593;729
1740;737371;839;878;729
1741;738100;3743;197;729
1742;738829;1100;671;729
1743;739558;2093;353;729
1744;740287;1189;622;729
1745;741016;370103;2;810
1746;741826;105871;7;729
1747;742555;5081;146;729
1748;743284;1265;587;729
1749;744013;185821;4;729
1750;744742;1303;571;729
1751;745471;372371;2;729
1752;746200;745471;1;729
1753;746929;820;910;729
1754;747658;23339;32;810
1755;748468;10243;73;729
1756;749197;26731;28;729
1757;749926;749197;1;729
1758;750655;1459;514;729
1759;751384;150131;5;729
1760;752113;93923;8;729
1761;752842;17491;43;729
1762;753571;9181;82;729
1763;754300;998;755;810
1764;755110;754381;1;729
1765;755839;75511;10;729
1766;756568;5683;133;729
1767;757297;5563;136;729
1768;758026;757297;1;729
1769;758755;379013;2;729
1770;759484;1315;577;729
1771;760213;842;902;729
1772;760942;1228;619;810
1773;761752;761023;1;729
1774;762481;95219;8;729
1775;763210;16223;47;729
1776;763939;10903;70;729
1777;764668;1877;407;729
1778;765397;1283;596;729
1779;766126;26393;29;729
1780;766855;9343;82;729
1781;767584;91;8434;90
1782;767674;785;977;729
1783;768403;383837;2;729
1784;769132;16349;47;729
1785;769861;2113;364;729
1786;770590;40519;19;729
1787;771319;1315;586;729
1788;772048;9293;83;729
1789;772777;1168;661;729
1790;773506;96587;8;810
1791;774316;3469;223;729
1792;775045;772;1003;729
1793;775774;155009;5;729
1794;776503;1151;674;729
1795;777232;1127;689;729
1796;777961;1567;496;729
1797;778690;10657;73;729
1798;779419;7079;110;729
1799;780148;55667;14;810
1800;780958;33923;23;729
1801;781687;390479;2;729
1802;782416;8783;89;729
1803;783145;1238;632;729
1804;783874;1595;491;729
1805;784603;767;1022;729
1806;785332;784603;1;729
1807;786061;11549;68;729
1808;786790;3023;260;810
1809;787600;7219;109;729
1810;788329;880;895;729
1811;789058;41491;19;729
1812;789787;394529;2;729
1813;790516;2263;349;729
1814;791245;1847;428;729
1815;791974;1295;611;729
1816;792703;9209;86;729
1817;793432;396311;2;810
1818;794242;113359;7;729
1819;794971;10733;74;729
1820;795700;1717;463;729
1821;796429;730;1090;729
1822;797158;11887;67;729
1823;797887;1889;422;729
1824;798616;797887;1;729
1825;799345;1097;728;729
1826;800074;24977;32;810
1827;800884;160031;5;729
1828;801613;28603;28;729
1829;802342;5767;139;729
1830;803071;12941;62;729
1831;803800;2383;337;729
1832;804529;4019;200;729
1833;805258;1199;671;729
1834;805987;21191;38;729
1835;806716;9371;86;810
1836;807526;42463;19;729
1837;808255;5531;146;729
1838;808984;3299;245;729
1839;809713;1268;638;729
1840;810442;3631;223;729
1841;811171;405221;2;729
1842;811900;811171;1;729
1843;812629;1150;706;729
1844;813358;1252;649;810
1845;814168;803;1013;729
1846;814897;101771;8;729
1847;815626;3007;271;729
1848;816355;782;1043;729
1849;817084;3797;215;729
1850;817813;1138;718;729
1851;818542;5209;157;729
1852;819271;409271;2;729
1853;820000;81919;10;810
1854;820810;5431;151;729
1855;821539;790;1039;729
1856;822268;829;991;729
1857;822997;796;1033;729
1858;823726;117571;7;729
1859;824455;818;1007;729
1860;825184;905;911;729
1861;825913;856;964;729
1862;826642;103319;8;90
1863;826732;3607;229;729
1864;827461;7127;116;729
1865;828190;827461;1;729
1866;828919;7529;110;729
1867;829648;9109;91;729
1868;830377;51853;16;729
1869;831106;5573;149;729
1870;831835;415553;2;729
1871;832564;847;982;810
1872;833374;15139;55;729
1873;834103;2159;386;729
1874;834832;8599;97;729
1875;835561;52177;16;729
1876;836290;10067;83;729
1877;837019;910;919;729
1878;837748;11789;71;729
1879;838477;1387;604;729
1880;839206;1196;701;810
1881;840016;3097;271;729
1882;840745;52501;16;729
1883;841474;905;929;729
1884;842203;420737;2;729
1885;842932;842203;1;729
1886;843661;1174;718;729
1887;844390;889;949;729
1888;845119;4967;170;729
1889;845848;1493;566;810
1890;846658;120847;7;729
1891;847387;9007;94;729
1892;848116;7499;113;729
1893;848845;212029;4;729
1894;849574;169769;5;729
1895;850303;803;1058;729
1896;851032;850303;1;729
1897;851761;1169;728;729
1898;852490;5323;160;810
1899;853300;29399;29;729
1900;854029;742;1150;729
1901;854758;4567;187;729
1902;855487;427379;2;729
1903;856216;11719;73;729
1904;856945;817;1048;729
1905;857674;1835;467;729
1906;858403;4421;194;729
1907;859132;429161;2;810
1908;859942;859213;1;729
1909;860671;429971;2;729
1910;861400;122953;7;729
1911;862129;730;1180;729
1912;862858;862129;1;729
1913;863587;431429;2;729
1914;864316;769;1123;729
1915;865045;7451;116;729
1916;865774;2141;404;810
1917;866584;785;1103;729
1918;867313;1192;727;729
1919;868042;7957;109;729
1920;868771;62003;14;729
1921;869500;868771;1;729
1922;870229;740;1175;729
1923;870958;870229;1;729
1924;871687;1298;671;729
1925;872416;22937;38;810
1926;873226;23581;37;729
1927;873955;5981;146;729
1928;874684;1697;515;729
1929;875413;1292;677;729
1930;876142;11369;77;729
1931;876871;4019;218;729
1932;877600;876871;1;729
1933;878329;800;1097;729
1934;879058;15683;56;810
1935;879868;12043;73;729
1936;880597;19997;44;729
1937;881326;20479;43;729
1938;882055;4363;202;729
1939;882784;2633;335;729
1940;883513;784;1126;729
1941;884242;6449;137;729
1942;884971;442121;2;729
1943;885700;97;9130;90
1944;885790;885061;1;729
1945;886519;1415;626;729
1946;887248;886519;1;729
1947;887977;2411;368;729
1948;888706;14557;61;729
1949;889435;1729;514;729
1950;890164;177887;5;729
1951;890893;20231;44;729
1952;891622;926;962;810
1953;892432;13309;67;729
1954;893161;772;1156;729
1955;893890;893161;1;729
1956;894619;1259;710;729
1957;895348;1837;487;729
1958;896077;223837;4;729
1959;896806;1603;559;729
1960;897535;12119;74;729
1961;898264;448727;2;810
1962;899074;25667;35;729
1963;899803;40867;22;729
1964;900532;3071;293;729
1965;901261;225133;4;729
1966;901990;8423;107;729
1967;902719;90199;10;729
1968;903448;902719;1;729
1969;904177;884;1022;729
1970;904906;1487;608;810
1971;905716;904987;1;729
1972;906445;4621;196;729
1973;907174;911;995;729
1974;907903;23873;38;729
1975;908632;31307;29;729
1976;909361;2143;424;729
1977;910090;12457;73;729
1978;910819;91009;10;729
1979;911548;1318;691;810
1980;912358;6959;131;729
1981;913087;746;1223;729
1982;913816;7673;119;729
1983;914545;824;1109;729
1984;915274;1585;577;729
1985;916003;6269;146;729
1986;916732;83273;11;729
1987;917461;7393;124;729
1988;918190;45869;20;810
1989;919000;859;1069;729
1990;919729;919;1000;729
1991;920458;919729;1;729
1992;921187;946;973;729
1993;921916;12619;73;729
1994;922645;230479;4;729
1995;923374;1633;565;729
1996;924103;461687;2;729
1997;924832;866;1067;810
1998;925642;1789;517;729
1999;926371;24359;38;729
2000;927100;40277;23;729
2001;927829;730;1270;729
2002;928558;132547;7;729
2003;929287;464279;2;729
2004;930016;961;967;729
2005;930745;29063;32;729
2006;931474;16619;56;810
2007;932284;186311;5;729
2008;933013;233071;4;729
2009;933742;12781;73;729
2010;934471;947;986;729
2011;935200;2693;347;729
2012;935929;800;1169;729
2013;936658;8747;107;729
2014;937387;1741;538;729
2015;938116;468653;2;810
2016;938926;72169;13;729
2017;939655;4307;218;729
2018;940384;187931;5;729
2019;941113;29387;32;729
2020;941842;1871;503;729
2021;942571;1381;682;729
2022;943300;2527;373;729
2023;944029;9433;100;729
2024;944758;236167;4;90
2025;944848;85829;11;729
2026;945577;59053;16;729
2027;946306;945577;1;729
2028;947035;15263;62;729
2029;947764;189407;5;729
2030;948493;757;1252;729
2031;949222;1489;637;729
2032;949951;3023;314;729
2033;950680;2021;470;810
2034;951490;1913;497;729
2035;952219;965;986;729
2036;952948;952219;1;729
2037;953677;238237;4;729
2038;954406;4841;197;729
2039;955135;7823;122;729
2040;955864;191027;5;729
2041;956593;808;1183;729
2042;957322;842;1136;810
2043;958132;957403;1;729
2044;958861;1801;532;729
2045;959590;30931;31;729
2046;960319;95959;10;729
2047;961048;971;989;729
2048;961777;737;1304;729
2049;962506;961777;1;729
2050;963235;28309;34;729
2051;963964;481577;2;810
2052;964774;1909;505;729
2053;965503;482387;2;729
2054;966232;12539;77;729
2055;966961;120779;8;729
2056;967690;966961;1;729
2057;968419;96769;10;729
2058;969148;968419;1;729
2059;969877;3319;292;729
2060;970606;242449;4;810
2061;971416;970687;1;729
2062;972145;3917;248;729
2063;972874;11437;85;729
2064;973603;69491;14;729
2065;974332;4289;227;729
2066;975061;243583;4;729
2067;975790;1387;703;729
2068;976519;97579;10;729
2069;977248;15749;62;810
2070;978058;1943;503;729
2071;978787;13217;74;729
2072;979516;5861;167;729
2073;980245;3449;284;729
2074;980974;4001;245;729
2075;981703;6719;146;729
2076;982432;981703;1;729
2077;983161;2791;352;729
2078;983890;3511;280;810
2079;984700;31741;31;729
2080;985429;860;1145;729
2081;986158;18593;53;729
2082;986887;758;1301;729
2083;987616;803;1229;729
2084;988345;4409;224;729
2085;989074;2221;445;729
2086;989803;17053;58;729
2087;990532;9337;106;810
2088;991342;2353;421;729
2089;992071;45061;22;729
2090;992800;751;1321;729
2091;993529;730;1360;729
2092;994258;52291;19;729
2093;994987;883;1126;729
2094;995716;2149;463;729
2095;996445;1817;548;729
2096;997174;892;1117;810
2097;997984;28493;35;729
2098;998713;2399;416;729
2099;999442;13681;73;729
2100;1000171;21727;46;729
2101;1000900;1000171;1;729
2102;1001629;10009;100;729
2103;1002358;1001629;1;729
2104;1003087;71597;14;729
2105;1003816;501863;2;90
2106;1003906;2429;413;729
2107;1004635;501953;2;729
2108;1005364;200927;5;729
2109;1006093;6793;148;729
2110;1006822;91463;11;729
2111;1007551;17359;58;729
2112;1008280;2791;361;729
2113;1009009;910;1108;729
2114;1009738;1312;769;810
2115;1010548;1009819;1;729
2116;1011277;748;1351;729
2117;1012006;1011277;1;729
2118;1012735;4729;214;729
2119;1013464;3433;295;729
2120;1014193;126683;8;729
2121;1014922;1014193;1;729
2122;1015651;507461;2;729
2123;1016380;2477;410;810
2124;1017190;1471;691;729
2125;1017919;101719;10;729
2126;1018648;145417;7;729
2127;1019377;127331;8;729
2128;1020106;1019377;1;729
2129;1020835;1609;634;729
2130;1021564;3347;305;729
2131;1022293;1411;724;729
2132;1023022;943;1084;810
2133;1023832;4391;233;729
2134;1024561;127979;8;729
2135;1025290;23827;43;729
2136;1026019;755;1358;729
2137;1026748;54001;19;729
2138;1027477;256687;4;729
2139;1028206;93407;11;729
2140;1028935;514103;2;729
2141;1029664;12547;82;810
2142;1030474;205949;5;729
2143;1031203;515237;2;729
2144;1031932;60659;17;729
2145;1032661;998;1034;729
2146;1033390;5087;203;729
2147;1034119;4493;230;729
2148;1034848;1034119;1;729
2149;1035577;886;1168;729
2150;1036306;902;1148;810
2151;1037116;781;1327;729
2152;1037845;11273;92;729
2153;1038574;207569;5;729
2154;1039303;519287;2;729
2155;1040032;7477;139;729
2156;1040761;4643;224;729
2157;1041490;3869;269;729
2158;1042219;104149;10;729
2159;1042948;2911;358;810
2160;1043758;80233;13;729
2161;1044487;521879;2;729
2162;1045216;54973;19;729
2163;1045945;734;1424;729
2164;1046674;209189;5;729
2165;1047403;4891;214;729
2166;1048132;149629;7;729
2167;1048861;1669;628;729
2168;1049590;820;1279;810
2169;1050400;149953;7;729
2170;1051129;800;1313;729
2171;1051858;967;1087;729
2172;1052587;30937;34;729
2173;1053316;14419;73;729
2174;1054045;814;1294;729
2175;1054774;210809;5;729
2176;1055503;1603;658;729
2177;1056232;2501;422;810
2178;1057042;28549;37;729
2179;1057771;75503;14;729
2180;1058500;1859;569;729
2181;1059229;730;1450;729
2182;1059958;2081;509;729
2183;1060687;529979;2;729
2184;1061416;1060687;1;729
2185;1062145;6983;152;729
2186;1062874;11;96624;10
2187;1062884;2689;395;729
2188;1063613;6481;164;729
2189;1064342;1063613;1;729
2190;1065071;757;1406;729
2191;1065800;2143;497;729
2192;1066529;730;1460;729
2193;1067258;731;1459;729
2194;1067987;18401;58;729
2195;1068716;833;1282;810
2196;1069526;919;1163;729
2197;1070255;13043;82;729
2198;1070984;214051;5;729
2199;1071713;133873;8;729
2200;1072442;3869;277;729
2201;1073171;76603;14;729
2202;1073900;97561;11;729
2203;1074629;10739;100;729
2204;1075358;268637;4;810
2205;1076168;11087;97;729
2206;1076897;772;1394;729
2207;1077626;2633;409;729
2208;1078355;803;1342;729
2209;1079084;9377;115;729
2210;1079813;2671;404;729
2211;1080542;22037;49;729
2212;1081271;540271;2;729
2213;1082000;9829;110;810
2214;1082810;1001;1081;729
2215;1083539;779;1390;729
2216;1084268;14843;73;729
2217;1084997;271067;4;729
2218;1085726;1084997;1;729
2219;1086455;877;1238;729
2220;1087184;985;1103;729
2221;1087913;952;1142;729
2222;1088642;135979;8;810
2223;1089452;1088723;1;729
2224;1090181;949;1148;729
2225;1090910;1090181;1;729
2226;1091639;1849;590;729
2227;1092368;1091639;1;729
2228;1093097;1019;1072;729
2229;1093826;37693;29;729
2230;1094555;7703;142;729
2231;1095284;547237;2;810
2232;1096094;3001;365;729
2233;1096823;13367;82;729
2234;1097552;1547;709;729
2235;1098281;68597;16;729
2236;1099010;5519;199;729
2237;1099739;970;1133;729
2238;1100468;57881;19;729
2239;1101197;4663;236;729
2240;1101926;5857;188;810
2241;1102736;1102007;1;729
2242;1103465;1681;656;729
2243;1104194;20063;55;729
2244;1104923;6067;182;729
2245;1105652;23509;47;729
2246;1106381;1051;1052;729
2247;1107110;1106381;1;729
2248;1107839;110711;10;729
2249;1108568;823;1346;810
2250;1109378;16547;67;729
2251;1110107;3403;326;729
2252;1110836;8741;127;729
2253;1111565;839;1324;729
2254;1112294;1745;637;729
2255;1113023;15031;74;729
2256;1113752;4657;239;729
2257;1114481;6053;184;729
2258;1115210;995;1120;810
2259;1116020;1591;701;729
2260;1116749;820;1361;729
2261;1117478;1116749;1;729
2262;1118207;782;1429;729
2263;1118936;4351;257;729
2264;1119665;742;1508;729
2265;1120394;755;1483;729
2266;1121123;802;1397;729
2267;1121852;32993;34;90
2268;1121942;6481;173;729
2269;1122671;7901;142;729
2270;1123400;102061;11;729
2271;1124129;820;1370;729
2272;1124858;3221;349;729
2273;1125587;80347;14;729
2274;1126316;907;1241;729
2275;1127045;281579;4;729
2276;1127774;16573;68;810
2277;1128584;955;1181;729
2278;1129313;141073;8;729
2279;1130042;1129313;1;729
2280;1130771;13781;82;729
2281;1131500;26297;43;729
2282;1132229;730;1550;729
2283;1132958;8513;133;729
2284;1133687;1787;634;729
2285;1134416;15319;74;810
2286;1135226;959;1183;729
2287;1135955;2941;386;729
2288;1136684;227191;5;729
2289;1137413;956;1189;729
2290;1138142;15581;73;729
2291;1138871;569071;2;729
2292;1139600;11057;103;729
2293;1140329;740;1540;729
2294;1141058;6197;184;810
2295;1141868;1141139;1;729
2296;1142597;3137;364;729
2297;1143326;30881;37;729
2298;1144055;2993;382;729
2299;1144784;1705;671;729
2300;1145513;71549;16;729
2301;1146242;1733;661;729
2302;1146971;33713;34;729
2303;1147700;114689;10;810
2304;1148510;5147;223;729
2305;1149239;985;1166;729
2306;1149968;949;1211;729
2307;1150697;1753;656;729
2308;1151426;853;1349;729
2309;1152155;25031;46;729
2310;1152884;230431;5;729
2311;1153613;932;1237;729
2312;1154342;288383;4;810
2313;1155152;10789;107;729
2314;1155881;989;1168;729
2315;1156610;67993;17;729
2316;1157339;806;1435;729
2317;1158068;1157339;1;729
2318;1158797;3253;356;729
2319;1159526;6067;191;729
2320;1160255;579763;2;729
2321;1160984;2407;482;810
2322;1161794;3181;365;729
2323;1162523;3847;302;729
2324;1163252;40087;29;729
2325;1163981;1681;692;729
2326;1164710;12791;91;729
2327;1165439;116471;10;729
2328;1166168;1049;1111;729
2329;1166897;145771;8;729
2330;1167626;5209;224;810
2331;1168436;1167707;1;729
2332;1169165;4951;236;729
2333;1169894;1985;589;729
2334;1170623;902;1297;729
2335;1171352;809;1447;729
2336;1172081;1609;728;729
2337;1172810;1172081;1;729
2338;1173539;117281;10;729
2339;1174268;1573;746;810
2340;1175078;106759;11;729
2341;1175807;587539;2;729
2342;1176536;1175807;1;729
2343;1177265;844;1394;729
2344;1177994;865;1361;729
2345;1178723;3953;298;729
2346;1179452;12953;91;729
2347;1180181;4153;284;729
2348;1180910;92;12835;90
2349;1181000;40699;29;729
2350;1181729;1000;1181;729
2351;1182458;1181729;1;729
2352;1183187;2971;398;729
2353;1183916;62273;19;729
2354;1184645;7219;164;729
2355;1185374;905;1309;729
2356;1186103;1679;706;729
2357;1186832;34883;34;810
2358;1187642;13043;91;729
2359;1188371;8863;134;729
2360;1189100;4931;241;729
2361;1189829;940;1265;729
2362;1190558;5639;211;729
2363;1191287;14519;82;729
2364;1192016;16319;73;729
2365;1192745;734;1624;729
2366;1193474;13553;88;810
2367;1194284;21701;55;729
2368;1195013;772;1547;729
2369;1195742;27791;43;729
2370;1196471;1093;1094;729
2371;1197200;1196471;1;729
2372;1197929;730;1640;729
2373;1198658;1197929;1;729
2374;1199387;739;1622;729
2375;1200116;3313;362;810
2376;1200926;1997;601;729
2377;1201655;600463;2;729
2378;1202384;973;1235;729
2379;1203113;75149;16;729
2380;1203842;16481;73;729
2381;1204571;2173;554;729
2382;1205300;7213;167;729
2383;1206029;850;1418;729
2384;1206758;301487;4;810
2385;1207568;2371;509;729
2386;1208297;1063;1136;729
2387;1209026;1208297;1;729
2388;1209755;949;1274;729
2389;1210484;241951;5;729
2390;1211213;902;1342;729
2391;1211942;947;1279;729
2392;1212671;12893;94;729
2393;1213400;121259;10;810
2394;1214210;1213481;1;729
2395;1214939;121421;10;729
2396;1215668;803;1513;729
2397;1216397;303917;4;729
2398;1217126;13367;91;729
2399;1217855;14843;82;729
2400;1218584;1073;1135;729
2401;1219313;8017;152;729
2402;1220042;5443;224;810
2403;1220852;64217;19;729
2404;1221581;2701;452;729
2405;1222310;1699;719;729
2406;1223039;122231;10;729
2407;1223768;1223039;1;729
2408;1224497;1066;1148;729
2409;1225226;53239;23;729
2410;1225955;612613;2;729
2411;1226684;47149;26;810
2412;1227494;3361;365;729
2413;1228223;613747;2;729
2414;1228952;53401;23;729
2415;1229681;1031;1192;729
2416;1230410;1993;617;729
2417;1231139;3001;410;729
2418;1231868;1079;1141;729
2419;1232597;27997;44;729
2420;1233326;308129;4;810
2421;1234136;176201;7;729
2422;1234865;154267;8;729
2423;1235594;2455;503;729
2424;1236323;36341;34;729
2425;1237052;781;1583;729
2426;1237781;779;1588;729
2427;1238510;5179;239;729
2428;1239239;910;1361;729
2429;1239968;36467;34;90
2430;1240058;13619;91;729
2431;1240787;620029;2;729
2432;1241516;2011;617;729
2433;1242245;310379;4;729
2434;1242974;4211;295;729
2435;1243703;6983;178;729
2436;1244432;2533;491;729
2437;1245161;1084;1148;729
2438;1245890;1831;680;810
2439;1246700;1245971;1;729
2440;1247429;910;1370;729
2441;1248158;1247429;1;729
2442;1248887;3737;334;729
2443;1249616;7219;173;729
2444;1250345;78101;16;729
2445;1251074;2213;565;729
2446;1251803;779;1606;729
2447;1252532;625861;2;810
2448;1253342;65927;19;729
2449;1254071;3247;386;729
2450;1254800;13781;91;729
2451;1255529;3137;400;729
2452;1256258;1727;727;729
2453;1256987;7951;158;729
2454;1257716;4891;257;729
2455;1258445;7669;164;729
2456;1259174;314591;4;810
2457;1259984;5857;215;729
2458;1260713;7159;176;729
2459;1261442;1260713;1;729
2460;1262171;754;1673;729
2461;1262900;54877;23;729
2462;1263629;730;1730;729
2463;1264358;1263629;1;729
2464;1265087;907;1394;729
2465;1265816;632503;2;810
2466;1266626;2393;529;729
2467;1267355;6529;194;729
2468;1268084;5393;235;729
2469;1268813;317021;4;729
2470;1269542;949;1337;729
2471;1270271;33409;38;729
2472;1271000;1270271;1;729
2473;1271729;775;1640;729
2474;1272458;811;1568;810
2475;1273268;1272539;1;729
2476;1273997;4751;268;729
2477;1274726;74941;17;729
2478;1275455;8731;146;729
2479;1276184;3229;395;729
2480;1276913;1753;728;729
2481;1277642;1903;671;729
2482;1278371;15581;82;729
2483;1279100;9833;130;810
2484;1279910;1279181;1;729
2485;1280639;745;1718;729
2486;1281368;3869;331;729
2487;1282097;14561;88;729
2488;1282826;9787;131;729
2489;1283555;641413;2;729
2490;1284284;845;1519;729
2491;1285013;764;1681;729
2492;1285742;836;1537;810
2493;1286552;16699;77;729
2494;1287281;2203;584;729
2495;1288010;44389;29;729
2496;1288739;6779;190;729
2497;1289468;7717;167;729
2498;1290197;958;1346;729
2499;1290926;4559;283;729
2500;1291655;1066;1211;729
2501;1292384;645787;2;810
2502;1293194;3541;365;729
2503;1293923;994;1301;729
2504;1294652;1293923;1;729
2505;1295381;964;1343;729
2506;1296110;15607;83;729
2507;1296839;1130;1147;729
2508;1297568;1296839;1;729
2509;1298297;736;1763;729
2510;1299026;136;9551;90
2511;1299116;1298387;1;729
2512;1299845;1079;1204;729
2513;1300574;2047;635;729
2514;1301303;1907;682;729
2515;1302032;2287;569;729
2516;1302761;4283;304;729
2517;1303490;3349;389;729
2518;1304219;130349;10;729
2519;1304948;2057;634;810
2520;1305758;4091;319;729
2521;1306487;2851;458;729
2522;1307216;2051;637;729
2523;1307945;81701;16;729
2524;1308674;1915;683;729
2525;1309403;797;1642;729
2526;1310132;13499;97;729
2527;1310861;2579;508;729
2528;1311590;65539;20;810
2529;1312400;3271;401;729
2530;1313129;772;1700;729
2531;1313858;42359;31;729
2532;1314587;7219;182;729
2533;1315316;1314587;1;729
2534;1316045;328829;4;729
2535;1316774;263209;5;729
2536;1317503;2117;622;729
2537;1318232;937;1406;810
2538;1319042;1318313;1;729
2539;1319771;659521;2;729
2540;1320500;22369;59;729
2541;1321229;950;1390;729
2542;1321958;14519;91;729
2543;1322687;60089;22;729
2544;1323416;18119;73;729
2545;1324145;1052;1258;729
2546;1324874;1028;1288;810
2547;1325684;264991;5;729
2548;1326413;10691;124;729
2549;1327142;3259;407;729
2550;1327871;663571;2;729
2551;1328600;1327871;1;729
2552;1329329;730;1820;729
2553;1330058;22531;59;729
2554;1330787;665029;2;729
2555;1331516;1651;806;810
2556;1332326;1331597;1;729
2557;1333055;3989;334;729
2558;1333784;15683;85;729
2559;1334513;166723;8;729
2560;1335242;7373;181;729
2561;1335971;29027;46;729
2562;1336700;1939;689;729
2563;1337429;13367;100;729
2564;1338158;911;1468;810
2565;1338968;881;1519;729
2566;1339697;766;1748;729
2567;1340426;8219;163;729
2568;1341155;9181;146;729
2569;1341884;773;1735;729
2570;1342613;3257;412;729
2571;1343342;1943;691;729
2572;1344071;793;1694;729
2573;1344800;134399;10;810
2574;1345610;5233;257;729
2575;1346339;818;1645;729
2576;1347068;18443;73;729
2577;1347797;336767;4;729
2578;1348526;122527;11;729
2579;1349255;674263;2;729
2580;1349984;269851;5;729
2581;1350713;42187;32;729
2582;1351442;857;1576;810
2583;1352252;1351523;1;729
2584;1352981;803;1684;729
2585;1353710;193283;7;729
2586;1354439;7963;170;729
2587;1355168;8627;157;729
2588;1355897;42349;32;729
2589;1356626;71363;19;729
2590;1357355;2503;542;729
2591;1358084;187;7262;90
2592;1358174;271489;5;729
2593;1358903;679087;2;729
2594;1359632;763;1781;729
2595;1360361;84977;16;729
2596;1361090;769;1769;729
2597;1361819;1039;1310;729
2598;1362548;80107;17;729
2599;1363277;1903;716;729
2600;1364006;20047;68;810
2601;1364816;2801;487;729
2602;1365545;788;1732;729
2603;1366274;5153;265;729
2604;1367003;7507;182;729
2605;1367732;823;1661;729
2606;1368461;3137;436;729
2607;1369190;1368461;1;729
2608;1369919;5953;230;729
2609;1370648;12923;106;810
2610;1371458;17351;79;729
2611;1372187;2123;646;729
2612;1372916;1372187;1;729
2613;1373645;14923;92;729
2614;1374374;3019;455;729
2615;1375103;14621;94;729
2616;1375832;1375103;1;729
2617;1376561;751;1832;729
2618;1377290;1120;1229;810
2619;1378100;1377371;1;729
2620;1378829;13781;100;729
2621;1379558;7219;191;729
2622;1380287;689779;2;729
2623;1381016;3761;367;729
2624;1381745;1084;1274;729
2625;1382474;2683;515;729
2626;1383203;1114;1241;729
2627;1383932;53197;26;810
2628;1384742;1384013;1;729
2629;1385471;692371;2;729
2630;1386200;1385471;1;729
2631;1386929;956;1450;729
2632;1387658;1386929;1;729
2633;1388387;693829;2;729
2634;1389116;803;1729;729
2635;1389845;1076;1291;729
2636;1390574;2213;628;810
2637;1391384;39733;35;729
2638;1392113;173923;8;729
2639;1392842;4817;289;729
2640;1393571;63311;22;729
2641;1394300;10973;127;729
2642;1395029;730;1910;729
2643;1395758;1395029;1;729
2644;1396487;7669;182;729
2645;1397216;63473;22;810
2646;1398026;2153;649;729
2647;1398755;99859;14;729
2648;1399484;279751;5;729
2649;1400213;349871;4;729
2650;1400942;19181;73;729
2651;1401671;700471;2;729
2652;1402400;881;1591;729
2653;1403129;800;1753;729
2654;1403858;872;1609;810
2655;1404668;1403939;1;729
2656;1405397;9491;148;729
2657;1406126;200771;7;729
2658;1406855;9631;146;729
2659;1407584;1121;1255;729
2660;1408313;43987;32;729
2661;1409042;61231;23;729
2662;1409771;704521;2;729
2663;1410500;4861;290;810
2664;1411310;13183;107;729
2665;1412039;141131;10;729
2666;1412768;841;1679;729
2667;1413497;742;1904;729
2668;1414226;7103;199;729
2669;1414955;64283;22;729
2670;1415684;282991;5;729
2671;1416413;353921;4;729
2672;1417142;91;15572;90
2673;1417232;983;1441;729
2674;1417961;808;1754;729
2675;1418690;2621;541;729
2676;1419419;910;1559;729
2677;1420148;3079;461;729
2678;1420877;355037;4;729
2679;1421606;901;1577;729
2680;1422335;6901;206;729
2681;1423064;1003;1418;810
2682;1423874;751;1895;729
2683;1424603;711937;2;729
2684;1425332;1424603;1;729
2685;1426061;356333;4;729
2686;1426790;15671;91;729
2687;1427519;2339;610;729
2688;1428248;46049;31;729
2689;1428977;178531;8;729
2690;1429706;6379;224;810
2691;1430516;1049;1363;729
2692;1431245;772;1853;729
2693;1431974;286249;5;729
2694;1432703;1046;1369;729
2695;1433432;1432703;1;729
2696;1434161;1001;1432;729
2697;1434890;1434161;1;729
2698;1435619;143489;10;729
2699;1436348;55213;26;810
2700;1437158;1436429;1;729
2701;1437887;718579;2;729
2702;1438616;737;1951;729
2703;1439345;179827;8;729
2704;1440074;2071;695;729
2705;1440803;23227;62;729
2706;1441532;923;1561;729
2707;1442261;731;1972;729
2708;1442990;72109;20;810
2709;1443800;206153;7;729
2710;1444529;7219;200;729
2711;1445258;1444529;1;729
2712;1445987;2879;502;729
2713;1446716;62869;23;729
2714;1447445;361679;4;729
2715;1448174;289489;5;729
2716;1448903;763;1898;729
2717;1449632;15413;94;810
2718;1450442;63031;23;729
2719;1451171;2191;662;729
2720;1451900;85363;17;729
2721;1452629;14519;100;729
2722;1453358;997;1457;729
2723;1454087;726679;2;729
2724;1454816;19919;73;729
2725;1455545;4133;352;729
2726;1456274;4231;344;810
2727;1457084;291271;5;729
2728;1457813;364271;4;729
2729;1458542;791;1843;729
2730;1459271;729271;2;729
2731;1460000;132661;11;729
2732;1460729;730;2000;729
2733;1461458;1460729;1;729
2734;1462187;4483;326;729
2735;1462916;731053;2;810
2736;1463726;2161;677;729
2737;1464455;66533;22;729
2738;1465184;1145;1279;729
2739;1465913;844;1736;729
2740;1466642;3139;467;729
2741;1467371;733321;2;729
2742;1468100;50599;29;729
2743;1468829;1060;1385;729
2744;1469558;1198;1226;810
2745;1470368;4211;349;729
2746;1471097;45949;32;729
2747;1471826;769;1913;729
2748;1472555;1186;1241;729
2749;1473284;42073;35;729
2750;1474013;839;1756;729
2751;1474742;2389;617;729
2752;1475471;3743;394;729
2753;1476200;95;15538;90
2754;1476290;1475561;1;729
2755;1477019;147629;10;729
2756;1477748;15227;97;729
2757;1478477;1142;1294;729
2758;1479206;1001;1477;729
2759;1479935;739603;2;729
2760;1480664;757;1955;729
2761;1481393;3137;472;729
2762;1482122;952;1556;810
2763;1482932;4247;349;729
2764;1483661;33703;44;729
2765;1484390;5773;257;729
2766;1485119;148439;10;729
2767;1485848;2407;617;729
2768;1486577;1099;1352;729
2769;1487306;1486577;1;729
2770;1488035;6581;226;729
2771;1488764;1963;758;810
2772;1489574;955;1559;729
2773;1490303;3281;454;729
2774;1491032;78437;19;729
2775;1491761;186379;8;729
2776;1492490;1491761;1;729
2777;1493219;149249;10;729
2778;1493948;793;1883;729
2779;1494677;373487;4;729
2780;1495406;373649;4;810
2781;1496216;213641;7;729
2782;1496945;187027;8;729
2783;1497674;299389;5;729
2784;1498403;3763;398;729
2785;1499132;1498403;1;729
2786;1499861;374783;4;729
2787;1500590;136351;11;729
2788;1501319;910;1649;729
2789;1502048;20287;74;810
2790;1502858;13781;109;729
2791;1503587;107347;14;729
2792;1504316;14887;101;729
2793;1505045;764;1969;729
2794;1505774;1205;1249;729
2795;1506503;17509;86;729
2796;1507232;16927;89;729
2797;1507961;1072;1406;729
2798;1508690;920;1639;810
2799;1509500;7219;209;729
2800;1510229;3019;500;729
2801;1510958;833;1813;729
2802;1511687;3161;478;729
2803;1512416;1511687;1;729
2804;1513145;1208;1252;729
2805;1513874;302629;5;729
2806;1514603;10369;146;729
2807;1515332;1186;1277;810
2808;1516142;1515413;1;729
2809;1516871;758071;2;729
2810;1517600;1516871;1;729
2811;1518329;800;1897;729
2812;1519058;1518329;1;729
2813;1519787;33023;46;729
2814;1520516;7957;191;729
2815;1521245;380129;4;729
2816;1521974;380291;4;810
2817;1522784;304411;5;729
2818;1523513;736;2069;729
2819;1524242;22739;67;729
2820;1524971;762121;2;729
2821;1525700;917;1663;729
2822;1526429;730;2090;729
2823;1527158;21499;71;729
2824;1527887;763579;2;729
2825;1528616;854;1789;810
2826;1529426;1528697;1;729
2827;1530155;1193;1282;729
2828;1530884;2365;647;729
2829;1531613;799;1916;729
2830;1532342;20981;73;729
2831;1533071;109453;14;729
2832;1533800;13567;113;729
2833;1534529;7669;200;729
2834;1535258;136;11288;90
2835;1535348;6421;239;729
2836;1536077;383837;4;729
2837;1536806;1536077;1;729
2838;1537535;16349;94;729
2839;1538264;8311;185;729
2840;1538993;2113;728;729
2841;1539722;90529;17;729
2842;1540451;40519;38;729
2843;1541180;1066;1445;810
2844;1541990;81119;19;729
2845;1542719;1138;1355;729
2846;1543448;2341;659;729
2847;1544177;192931;8;729
2848;1544906;1544177;1;729
2849;1545635;70223;22;729
2850;1546364;1027;1505;729
2851;1547093;3613;428;729
2852;1547822;9433;164;810
2853;1548632;2779;557;729
2854;1549361;772;2006;729
2855;1550090;913;1697;729
2856;1550819;155009;10;729
2857;1551548;1550819;1;729
2858;1552277;1151;1348;729
2859;1553006;1552277;1;729
2860;1553735;742;2093;729
2861;1554464;18947;82;810
2862;1555274;755;2059;729
2863;1556003;111091;14;729
2864;1556732;1556003;1;729
2865;1557461;16921;92;729
2866;1558190;1039;1499;729
2867;1558919;1121;1390;729
2868;1559648;1558919;1;729
2869;1560377;752;2074;729
2870;1561106;2747;568;810
2871;1561916;1561187;1;729
2872;1562645;390479;4;729
2873;1563374;44647;35;729
2874;1564103;8783;178;729
2875;1564832;1564103;1;729
2876;1565561;1238;1264;729
2877;1566290;1565561;1;729
2878;1567019;982;1595;729
2879;1567748;3977;394;810
2880;1568558;1567829;1;729
2881;1569287;734;2137;729
2882;1570016;92311;17;729
2883;1570745;1141;1376;729
2884;1571474;28559;55;729
2885;1572203;785737;2;729
2886;1572932;1572203;1;729
2887;1573661;853;1844;729
2888;1574390;820;1919;810
2889;1575200;3233;487;729
2890;1575929;800;1969;729
2891;1576658;829;1901;729
2892;1577387;41491;38;729
2893;1578116;225341;7;729
2894;1578845;394529;4;729
2895;1579574;937;1685;729
2896;1580303;2263;698;729
2897;1581032;2753;574;810
2898;1581842;1581113;1;729
2899;1582571;1214;1303;729
2900;1583300;14519;109;729
2901;1584029;892;1775;729
2902;1584758;20051;79;729
2903;1585487;1099;1442;729
2904;1586216;2701;587;729
2905;1586945;198277;8;729
2906;1587674;944;1681;810
2907;1588484;845;1879;729
2908;1589213;10733;148;729
2909;1589942;823;1931;729
2910;1590671;926;1717;729
2911;1591400;1590671;1;729
2912;1592129;730;2180;729
2913;1592858;899;1771;729
2914;1593587;11887;134;729
2915;1594316;14;113879;10
2916;1594326;31247;51;729
2917;1595055;6481;246;729
2918;1595784;1155;1381;729
2919;1596513;66491;24;729
2920;1597242;757;2109;729
2921;1597971;1018;1569;729
2922;1598700;23159;69;729
2923;1599429;730;2190;729
2924;1600158;133279;12;810
2925;1600968;533413;3;729
2926;1601697;984;1627;729
2927;1602426;3197;501;729
2928;1603155;38153;42;729
2929;1603884;106877;15;729
2930;1604613;133657;12;729
2931;1605342;1241;1293;729
2932;1606071;267557;6;729
2933;1606800;1005;1598;810
2934;1607610;535627;3;729
2935;1608339;1230;1307;729
2936;1609068;821;1959;729
2937;1609797;134089;12;729
2938;1610526;987;1631;729
2939;1611255;3677;438;729
2940;1611984;815;1977;729
2941;1612713;781;2064;729
2942;1613442;812;1986;810
2943;1614252;537841;3;729
2944;1614981;772;2091;729
2945;1615710;977;1653;729
2946;1616439;53857;30;729
2947;1617168;803;2013;729
2948;1617897;4813;336;729
2949;1618626;939;1723;729
2950;1619355;2671;606;729
2951;1620084;269879;6;810
2952;1620894;108011;15;729
2953;1621623;902;1797;729
2954;1622352;540541;3;729
2955;1623081;876;1852;729
2956;1623810;541027;3;729
2957;1624539;958;1695;729
2958;1625268;77359;21;729
2959;1625997;771;2108;729
2960;1626726;822;1978;810
2961;1627536;767;2121;729
2962;1628265;827;1968;729
2963;1628994;1095;1487;729
2964;1629723;271499;6;729
2965;1630452;543241;3;729
2966;1631181;996;1637;729
2967;1631910;10259;159;729
2968;1632639;798;2045;729
2969;1633368;272093;6;810
2970;1634178;28657;57;729
2971;1634907;861;1898;729
2972;1635636;32057;51;729
2973;1636365;136303;12;729
2974;1637094;885;1849;729
2975;1637823;11863;138;729
2976;1638552;1023;1601;729
2977;1639281;804;2038;729
2978;1640010;1200;1366;810
2979;1640820;7489;219;729
2980;1641549;820;2001;729
2981;1642278;859;1911;729
2982;1643007;894;1837;729
2983;1643736;843;1949;729
2984;1644465;68489;24;729
2985;1645194;2963;555;729
2986;1645923;274199;6;729
2987;1646652;2267;726;810
2988;1647462;1077;1529;729
2989;1648191;1086;1517;729
2990;1648920;6173;267;729
2991;1649649;755;2184;729
2992;1650378;549883;3;729
2993;1651107;934;1767;729
2994;1651836;550369;3;729
2995;1652565;137653;12;729
2996;1653294;19681;84;90
2997;1653384;6481;255;729
2998;1654113;68891;24;729
2999;1654842;5153;321;729
3000;1655571;861;1922;729
3001;1656300;3083;537;729
3002;1657029;5521;300;729
3003;1657758;1011;1639;729
3004;1658487;276293;6;729
3005;1659216;276401;6;810
3006;1660026;553099;3;729
3007;1660755;276671;6;729
3008;1661484;795;2089;729
3009;1662213;902;1842;729
3010;1662942;79153;21;729
3011;1663671;277157;6;729
3012;1664400;32621;51;729
3013;1665129;730;2280;729
3014;1665858;901;1848;810
3015;1666668;2657;627;729
3016;1667397;138889;12;729
3017;1668126;17929;93;729
3018;1668855;6781;246;729
3019;1669584;1065;1567;729
3020;1670313;4969;336;729
3021;1671042;789;2117;729
3022;1671771;12109;138;729
3023;1672500;1030;1623;810
3024;1673310;1077;1553;729
3025;1674039;867;1930;729
3026;1674768;941;1779;729
3027;1675497;851;1968;729
3028;1676226;558499;3;729
3029;1676955;3139;534;729
3030;1677684;15971;105;729
3031;1678413;753;2228;729
3032;1679142;139861;12;810
3033;1679952;6151;273;729
3034;1680681;744;2258;729
3035;1681410;560227;3;729
3036;1682139;1230;1367;729
3037;1682868;7681;219;729
3038;1683597;732;2299;729
3039;1684326;561199;3;729
3040;1685055;833;2022;729
3041;1685784;9059;186;810
3042;1686594;835;2019;729
3043;1687323;3089;546;729
3044;1688052;51131;33;729
3045;1688781;876;1927;729
3046;1689510;5261;321;729
3047;1690239;849;1990;729
3048;1690968;563413;3;729
3049;1691697;70457;24;729
3050;1692426;1052;1608;810
3051;1693236;18199;93;729
3052;1693965;894;1894;729
3053;1694694;949;1785;729
3054;1695423;3403;498;729
3055;1696152;1151;1473;729
3056;1696881;2437;696;729
3057;1697610;2347;723;729
3058;1698339;797;2130;729
3059;1699068;14897;114;810
3060;1699878;5839;291;729
3061;1700607;3881;438;729
3062;1701336;13183;129;729
3063;1702065;741;2296;729
3064;1702794;1165;1461;729
3065;1703523;283799;6;729
3066;1704252;567841;3;729
3067;1704981;12911;132;729
3068;1705710;5683;300;810
3069;1706520;7789;219;729
3070;1707249;14221;120;729
3071;1707978;569083;3;729
3072;1708707;786;2173;729
3073;1709436;1001;1707;729
3074;1710165;142453;12;729
3075;1710894;4957;345;729
3076;1711623;6067;282;729
3077;1712352;285377;6;90
3078;1712442;33563;51;729
3079;1713171;12409;138;729
3080;1713900;879;1949;729
3081;1714629;788;2175;729
3082;1715358;81649;21;729
3083;1716087;734;2337;729
3084;1716816;753;2279;729
3085;1717545;752;2283;729
3086;1718274;10223;168;810
3087;1719084;1181;1455;729
3088;1719813;143257;12;729
3089;1720542;3517;489;729
3090;1721271;834;2063;729
3091;1722000;573757;3;729
3092;1722729;750;2296;729
3093;1723458;867;1987;729
3094;1724187;26113;66;729
3095;1724916;16903;102;810
3096;1725726;811;2127;729
3097;1726455;4051;426;729
3098;1727184;895;1929;729
3099;1727913;35983;48;729
3100;1728642;52361;33;729
3101;1729371;7027;246;729
3102;1730100;82351;21;729
3103;1730829;730;2370;729
3104;1731558;7591;228;810
3105;1732368;6343;273;729
3106;1733097;748;2316;729
3107;1733826;6491;267;729
3108;1734555;1273;1362;729
3109;1735284;115637;15;729
3110;1736013;3527;492;729
3111;1736742;7927;219;729
3112;1737471;41351;42;729
3113;1738200;870;1997;810
3114;1739010;579427;3;729
3115;1739739;735;2366;729
3116;1740468;19997;87;729
3117;1741197;3373;516;729
3118;1741926;1259;1383;729
3119;1742655;2993;582;729
3120;1743384;116177;15;729
3121;1744113;4273;408;729
3122;1744842;888;1964;810
3123;1745652;5647;309;729
3124;1746381;145471;12;729
3125;1747110;6397;273;729
3126;1747839;58237;30;729
3127;1748568;1041;1679;729
3128;1749297;984;1777;729
3129;1750026;869;2013;729
3130;1750755;7883;222;729
3131;1751484;291779;6;810
3132;1752294;5077;345;729
3133;1753023;809;2166;729
3134;1753752;929;1887;729
3135;1754481;803;2184;729
3136;1755210;8237;213;729
3137;1755939;1230;1427;729
3138;1756668;585313;3;729
3139;1757397;146389;12;729
3140;1758126;13313;132;810
3141;1758936;53279;33;729
3142;1759665;883;1992;729
3143;1760394;1095;1607;729
3144;1761123;293399;6;729
3145;1761852;6451;273;729
3146;1762581;3581;492;729
3147;1763310;587527;3;729
3148;1764039;795;2218;729
3149;1764768;41999;42;810
3150;1765578;13681;129;729
3151;1766307;834;2117;729
3152;1767036;12527;141;729
3153;1767765;147253;12;729
3154;1768494;117851;15;729
3155;1769223;861;2054;729
3156;1769952;31039;57;729
3157;1770681;824;2148;729
3158;1771410;116;15270;90
3159;1771500;34721;51;729
3160;1772229;750;2362;729
3161;1772958;12569;141;729
3162;1773687;26863;66;729
3163;1774416;2971;597;729
3164;1775145;5281;336;729
3165;1775874;118343;15;729
3166;1776603;7219;246;729
3167;1777332;2447;726;810
3168;1778142;53861;33;729
3169;1778871;5023;354;729
3170;1779600;2659;669;729
3171;1780329;1200;1483;729
3172;1781058;1119;1591;729
3173;1781787;296843;6;729
3174;1782516;833;2139;729
3175;1783245;3623;492;729
3176;1783974;8741;204;810
3177;1784784;1307;1365;729
3178;1785513;824;2166;729
3179;1786242;2599;687;729
3180;1786971;297707;6;729
3181;1787700;4547;393;729
3182;1788429;885;2020;729
3183;1789158;596143;3;729
3184;1789887;861;2078;729
3185;1790616;1194;1499;810
3186;1791426;596899;3;729
3187;1792155;1158;1547;729
3188;1792884;761;2355;729
3189;1793613;2819;636;729
3190;1794342;1093;1641;729
3191;1795071;877;2046;729
3192;1795800;1317;1363;729
3193;1796529;730;2460;729
3194;1797258;18713;96;810
3195;1798068;3347;537;729
3196;1798797;149839;12;729
3197;1799526;1001;1797;729
3198;1800255;2803;642;729
3199;1800984;120017;15;729
3200;1801713;75041;24;729
3201;1802442;1299;1387;729
3202;1803171;862;2091;729
3203;1803900;60103;30;810
3204;1804710;1047;1723;729
3205;1805439;1290;1399;729
3206;1806168;601813;3;729
3207;1806897;827;2184;729
3208;1807626;19429;93;729
3209;1808355;4127;438;729
3210;1809084;120557;15;729
3211;1809813;3677;492;729
3212;1810542;948;1909;810
3213;1811352;603541;3;729
3214;1812081;852;2126;729
3215;1812810;35531;51;729
3216;1813539;60427;30;729
3217;1814268;949;1911;729
3218;1814997;151189;12;729
3219;1815726;2713;669;729
3220;1816455;902;2013;729
3221;1817184;826;2199;810
3222;1817994;121151;15;729
3223;1818723;302999;6;729
3224;1819452;606241;3;729
3225;1820181;804;2263;729
3226;1820910;2903;627;729
3227;1821639;754;2415;729
3228;1822368;607213;3;729
3229;1823097;926;1968;729
3230;1823826;5843;312;810
3231;1824636;1257;1451;729
3232;1825365;759;2404;729
3233;1826094;1095;1667;729
3234;1826823;304349;6;729
3235;1827552;608941;3;729
3236;1828281;19037;96;729
3237;1829010;777;2353;729
3238;1829739;1230;1487;729
3239;1830468;27733;66;90
3240;1830558;35879;51;729
3241;1831287;305093;6;729
3242;1832016;610429;3;729
3243;1832745;38167;48;729
3244;1833474;915;2003;729
3245;1834203;862;2127;729
3246;1834932;4597;399;729
3247;1835661;13901;132;729
3248;1836390;30593;60;810
3249;1837200;961;1911;729
3250;1837929;1200;1531;729
3251;1838658;612643;3;729
3252;1839387;10567;174;729
3253;1840116;1203;1529;729
3254;1840845;153343;12;729
3255;1841574;7219;255;729
3256;1842303;807;2282;729
3257;1843032;18061;102;810
3258;1843842;1103;1671;729
3259;1844571;858;2149;729
3260;1845300;3397;543;729
3261;1846029;6151;300;729
3262;1846758;615343;3;729
3263;1847487;1321;1398;729
3264;1848216;615829;3;729
3265;1848945;1272;1453;729
3266;1849674;19259;96;810
3267;1850484;971;1905;729
3268;1851213;772;2397;729
3269;1851942;6781;273;729
3270;1852671;771;2402;729
3271;1853400;32503;57;729
3272;1854129;3089;600;729
3273;1854858;4093;453;729
3274;1855587;13441;138;729
3275;1856316;309251;6;810
3276;1857126;618799;3;729
3277;1857855;309521;6;729
3278;1858584;1055;1761;729
3279;1859313;777;2392;729
3280;1860042;619771;3;729
3281;1860771;762;2441;729
3282;1861500;1243;1497;729
3283;1862229;730;2550;729
3284;1862958;5351;348;810
3285;1863768;621013;3;729
3286;1864497;948;1966;729
3287;1865226;739;2523;729
3288;1865955;958;1947;729
3289;1866684;1365;1367;729
3290;1867413;155557;12;729
3291;1868142;8527;219;729
3292;1868871;1006;1857;729
3293;1869600;1155;1618;810
3294;1870410;1069;1749;729
3295;1871139;62347;30;729
3296;1871868;969;1931;729
3297;1872597;778;2406;729
3298;1873326;624199;3;729
3299;1874055;949;1974;729
3300;1874784;1237;1515;729
3301;1875513;944;1986;729
3302;1876242;6011;312;810
3303;1877052;951;1973;729
3304;1877781;156421;12;729
3305;1878510;625927;3;729
3306;1879239;62617;30;729
3307;1879968;8581;219;729
3308;1880697;19583;96;729
3309;1881426;1079;1743;729
3310;1882155;313571;6;729
3311;1882884;313679;6;810
3312;1883694;1135;1659;729
3313;1884423;313949;6;729
3314;1885152;4519;417;729
3315;1885881;807;2336;729
3316;1886610;3191;591;729
3317;1887339;5717;330;729
3318;1888068;629113;3;729
3319;1888797;741;2548;729
3320;1889526;114;16574;90
3321;1889616;777;2431;729
3322;1890345;39367;48;729
3323;1891074;126023;15;729
3324;1891803;315179;6;729
3325;1892532;937;2019;729
3326;1893261;6857;276;729
3327;1893990;1227;1543;729
3328;1894719;870;2177;729
3329;1895448;2897;654;810
3330;1896258;631843;3;729
3331;1896987;897;2114;729
3332;1897716;632329;3;729
3333;1898445;158143;12;729
3334;1899174;1005;1889;729
3335;1899903;5189;366;729
3336;1900632;37253;51;729
3337;1901361;79193;24;729
3338;1902090;816;2330;810
3339;1902900;1217;1563;729
3340;1903629;6343;300;729
3341;1904358;741;2569;729
3342;1905087;1006;1893;729
3343;1905816;919;2073;729
3344;1906545;7219;264;729
3345;1907274;127103;15;729
3346;1908003;1319;1446;729
3347;1908732;317987;6;810
3348;1909542;14797;129;729
3349;1910271;1158;1649;729
3350;1911000;1177;1623;729
3351;1911729;735;2600;729
3352;1912458;637243;3;729
3353;1913187;318743;6;729
3354;1913916;637729;3;729
3355;1914645;914;2094;729
3356;1915374;1236;1549;810
3357;1916184;831;2305;729
3358;1916913;79841;24;729
3359;1917642;638971;3;729
3360;1918371;319607;6;729
3361;1919100;7027;273;729
3362;1919829;6397;300;729
3363;1920558;22067;87;729
3364;1921287;969;1982;729
3365;1922016;894;2149;810
3366;1922826;33721;57;729
3367;1923555;320471;6;729
3368;1924284;128237;15;729
3369;1925013;160357;12;729
3370;1925742;12107;159;729
3371;1926471;3527;546;729
3372;1927200;642157;3;729
3373;1927929;730;2640;729
3374;1928658;888;2171;810
3375;1929468;13679;141;729
3376;1930197;160789;12;729
3377;1930926;37847;51;729
3378;1931655;321821;6;729
3379;1932384;759;2545;729
3380;1933113;20129;96;729
3381;1933842;949;2037;729
3382;1934571;843;2294;729
3383;1935300;64483;30;810
3384;1936110;4007;483;729
3385;1936839;5867;330;729
3386;1937568;17449;111;729
3387;1938297;20183;96;729
3388;1939026;646099;3;729
3389;1939755;1387;1398;729
3390;1940484;1335;1453;729
3391;1941213;1092;1777;729
3392;1941942;161761;12;810
3393;1942752;647341;3;729
3394;1943481;784;2478;729
3395;1944210;5101;381;729
3396;1944939;849;2290;729
3397;1945668;6059;321;729
3398;1946397;5591;348;729
3399;1947126;20929;93;729
3400;1947855;7547;258;729
3401;1948584;111;17554;90
3402;1948674;7639;255;729
3403;1949403;903;2158;729
3404;1950132;649801;3;729
3405;1950861;978;1994;729
3406;1951590;1023;1907;729
3407;1952319;65053;30;729
3408;1953048;6709;291;729
3409;1953777;4283;456;729
3410;1954506;866;2256;810
3411;1955316;1007;1941;729
3412;1956045;14813;132;729
3413;1956774;1365;1433;729
3414;1957503;3229;606;729
3415;1958232;13883;141;729
3416;1958961;834;2348;729
3417;1959690;1207;1623;729
3418;1960419;65323;30;729
3419;1961148;19219;102;810
3420;1961958;653743;3;729
3421;1962687;326993;6;729
3422;1963416;654229;3;729
3423;1964145;744;2639;729
3424;1964874;3539;555;729
3425;1965603;327479;6;729
3426;1966332;1401;1403;729
3427;1967061;163861;12;729
3428;1967790;32783;60;810
3429;1968600;769;2559;729
3430;1969329;772;2550;729
3431;1970058;28541;69;729
3432;1970787;328343;6;729
3433;1971516;7219;273;729
3434;1972245;8647;228;729
3435;1972974;11953;165;729
3436;1973703;328829;6;729
3437;1974432;822;2401;810
3438;1975242;2731;723;729
3439;1975971;329207;6;729
3440;1976700;21247;93;729
3441;1977429;825;2396;729
3442;1978158;1149;1721;729
3443;1978887;3623;546;729
3444;1979616;659629;3;729
3445;1980345;816;2426;729
3446;1981074;858;2308;810
3447;1981884;12007;165;729
3448;1982613;951;2084;729
3449;1983342;1031;1923;729
3450;1984071;330557;6;729
3451;1984800;9871;201;729
3452;1985529;800;2481;729
3453;1986258;1039;1911;729
3454;1986987;331043;6;729
3455;1987716;1102;1803;810
3456;1988526;919;2163;729
3457;1989255;10691;186;729
3458;1989984;807;2465;729
3459;1990713;912;2182;729
3460;1991442;663571;3;729
3461;1992171;331907;6;729
3462;1992900;1329;1499;729
3463;1993629;730;2730;729
3464;1994358;932;2139;810
3465;1995168;3673;543;729
3466;1995897;2969;672;729
3467;1996626;665299;3;729
3468;1997355;3739;534;729
3469;1998084;133157;15;729
3470;1998813;15137;132;729
3471;1999542;9127;219;729
3472;2000271;906;2207;729
3473;2001000;915;2186;810
3474;2001810;21517;93;729
3475;2002539;795;2518;729
3476;2003268;8669;231;729
3477;2003997;834;2402;729
3478;2004726;667999;3;729
3479;2005455;1194;1679;729
3480;2006184;133697;15;729
3481;2006913;83591;24;729
3482;2007642;96;20912;90
3483;2007732;1003;2001;729
3484;2008461;167311;12;729
3485;2009190;1051;1911;729
3486;2009919;66973;30;729
3487;2010648;12641;159;729
3488;2011377;83777;24;729
3489;2012106;6151;327;729
3490;2012835;757;2658;729
3491;2013564;335459;6;810
3492;2014374;134243;15;729
3493;2015103;335729;6;729
3494;2015832;671701;3;729
3495;2016561;852;2366;729
3496;2017290;11393;177;729
3497;2018019;6113;330;729
3498;2018748;39569;51;729
3499;2019477;5801;348;729
3500;2020206;969;2084;810
3501;2021016;673429;3;729
3502;2021745;787;2568;729
3503;2022474;12253;165;729
3504;2023203;942;2147;729
3505;2023932;7411;273;729
3506;2024661;743;2724;729
3507;2025390;7583;267;729
3508;2026119;746;2715;729
3509;2026848;48239;42;810
3510;2027658;675643;3;729
3511;2028387;1158;1751;729
3512;2029116;676129;3;729
3513;2029845;169093;12;729
3514;2030574;1033;1965;729
3515;2031303;3719;546;729
3516;2032032;1293;1571;729
3517;2032761;732;2776;729
3518;2033490;1303;1560;810
3519;2034300;677857;3;729
3520;2035029;6781;300;729
3521;2035758;678343;3;729
3522;2036487;7219;282;729
3523;2037216;678829;3;729
3524;2037945;21221;96;729
3525;2038674;1365;1493;729
3526;2039403;759;2686;729
3527;2040132;339887;6;810
3528;2040942;13879;147;729
3529;2041671;17903;114;729
3530;2042400;4507;453;729
3531;2043129;736;2775;729
3532;2043858;1111;1839;729
3533;2044587;340643;6;729
3534;2045316;993;2059;729
3535;2046045;1092;1873;729
3536;2046774;170497;12;810
3537;2047584;915;2237;729
3538;2048313;831;2464;729
3539;2049042;40163;51;729
3540;2049771;341507;6;729
3541;2050500;683257;3;729
3542;2051229;750;2734;729
3543;2051958;15901;129;729
3544;2052687;341993;6;729
3545;2053416;342101;6;810
3546;2054226;7691;267;729
3547;2054955;342371;6;729
3548;2055684;19571;105;729
3549;2056413;1284;1601;729
3550;2057142;685471;3;729
3551;2057871;6469;318;729
3552;2058600;1371;1501;729
3553;2059329;730;2820;729
3554;2060058;42901;48;810
3555;2060868;1041;1979;729
3556;2061597;789;2612;729
3557;2062326;1319;1563;729
3558;2063055;49103;42;729
3559;2063784;137537;15;729
3560;2064513;85991;24;729
3561;2065242;803;2571;729
3562;2065971;344207;6;729
3563;2066700;91;22710;90
3564;2066790;867;2383;729
3565;2067519;6263;330;729
3566;2068248;6691;309;729
3567;2068977;947;2184;729
3568;2069706;1163;1779;729
3569;2070435;9323;222;729
3570;2071164;1245;1663;729
3571;2071893;172597;12;729
3572;2072622;4211;492;810
3573;2073432;789;2627;729
3574;2074161;4547;456;729
3575;2074890;6343;327;729
3576;2075619;69163;30;729
3577;2076348;7603;273;729
3578;2077077;7523;276;729
3579;2077806;879;2363;729
3580;2078535;11171;186;729
3581;2079264;861;2414;810
3582;2080074;1005;2069;729
3583;2080803;15073;138;729
3584;2081532;693601;3;729
3585;2082261;1068;1949;729
3586;2082990;694087;3;729
3587;2083719;735;2834;729
3588;2084448;813;2563;729
3589;2085177;21713;96;729
3590;2085906;978;2132;810
3591;2086716;695329;3;729
3592;2087445;772;2703;729
3593;2088174;951;2195;729
3594;2088903;957;2182;729
3595;2089632;3499;597;729
3596;2090361;21767;96;729
3597;2091090;741;2821;729
3598;2091819;1290;1621;729
3599;2092548;902;2319;810
3600;2093358;9059;231;729
3601;2094087;807;2594;729
3602;2094816;11831;177;729
3603;2095545;21821;96;729
3604;2096274;139703;15;729
3605;2097003;349379;6;729
3606;2097732;699001;3;729
3607;2098461;791;2652;729
3608;2099190;820;2559;810
3609;2100000;699757;3;729
3610;2100729;750;2800;729
3611;2101458;7219;291;729
3612;2102187;4933;426;729
3613;2102916;3557;591;729
3614;2103645;5653;372;729
3615;2104374;885;2377;729
3616;2105103;350729;6;729
3617;2105832;1194;1763;810
3618;2106642;1011;2083;729
3619;2107371;733;2874;729
3620;2108100;5903;357;729
3621;2108829;7027;300;729
3622;2109558;36997;57;729
3623;2110287;31963;66;729
3624;2111016;4721;447;729
3625;2111745;87959;24;729
3626;2112474;888;2378;810
3627;2113284;140837;15;729
3628;2114013;732;2887;729
3629;2114742;957;2209;729
3630;2115471;7193;294;729
3631;2116200;989;2139;729
3632;2116929;3527;600;729
3633;2117658;705643;3;729
3634;2118387;9539;222;729
3635;2119116;3239;654;810
3636;2119926;30713;69;729
3637;2120655;353321;6;729
3638;2121384;3821;555;729
3639;2122113;942;2252;729
3640;2122842;973;2181;729
3641;2123571;353807;6;729
3642;2124300;707857;3;729
3643;2125029;730;2910;729
3644;2125758;17;125044;10
3645;2125768;1379;1541;729
3646;2126497;6481;328;729
3647;2127226;3469;613;729
3648;2127955;1063613;2;729
3649;2128684;425591;5;729
3650;2129413;757;2812;729
3651;2130142;14891;143;729
3652;2130871;994;2143;729
3653;2131600;213079;10;810
3654;2132410;3389;629;729
3655;2133139;743;2870;729
3656;2133868;1031;2069;729
3657;2134597;48497;44;729
3658;2135326;15581;137;729
3659;2136055;3433;622;729
3660;2136784;13781;155;729
3661;2137513;10273;208;729
3662;2138242;856;2497;810
3663;2139052;3839;557;729
3664;2139781;13043;164;729
3665;2140510;43669;49;729
3666;2141239;214051;10;729
3667;2141968;6469;331;729
3668;2142697;133873;16;729
3669;2143426;126041;17;729
3670;2144155;3869;554;729
3671;2144884;3319;646;810
3672;2145694;1355;1583;729
3673;2146423;5617;382;729
3674;2147152;2146423;1;729
3675;2147881;1009;2128;729
3676;2148610;2147881;1;729
3677;2149339;899;2390;729
3678;2150068;29443;73;729
3679;2150797;934;2302;729
3680;2151526;537679;4;810
3681;2152336;2151607;1;729
3682;2153065;772;2788;729
3683;2153794;1115;1931;729
3684;2154523;818;2633;729
3685;2155252;887;2429;729
3686;2155981;803;2684;729
3687;2156710;4391;491;729
3688;2157439;9377;230;729
3689;2158168;154097;14;810
3690;2158978;26003;83;729
3691;2159707;4633;466;729
3692;2160436;196337;11;729
3693;2161165;1021;2116;729
3694;2161894;955;2263;729
3695;2162623;1006;2149;729
3696;2163352;2162623;1;729
3697;2164081;15907;136;729
3698;2164810;1000;2164;810
3699;2165620;40847;53;729
3700;2166349;779;2780;729
3701;2167078;8989;241;729
3702;2167807;14843;146;729
3703;2168536;3607;601;729
3704;2169265;271067;8;729
3705;2169994;61979;35;729
3706;2170723;1084997;2;729
3707;2171452;29333;74;810
3708;2172262;3409;637;729
3709;2172991;898;2419;729
3710;2173720;1241;1751;729
3711;2174449;1240;1753;729
3712;2175178;773;2813;729
3713;2175907;1087589;2;729
3714;2176636;2175907;1;729
3715;2177365;764;2849;729
3716;2178094;4817;452;810
3717;2178904;755;2885;729
3718;2179633;949;2296;729
3719;2180362;58909;37;729
3720;2181091;1090181;2;729
3721;2181820;198281;11;729
3722;2182549;860;2537;729
3723;2183278;5947;367;729
3724;2184007;1091639;2;729
3725;2184736;571;3826;90
3726;2184826;6481;337;729
3727;2185555;156059;14;729
3728;2186284;437111;5;729
3729;2187013;13331;164;729
3730;2187742;30803;71;729
3731;2188471;1093871;2;729
3732;2189200;12091;181;729
3733;2189929;842;2600;729
3734;2190658;9439;232;810
3735;2191468;4157;527;729
3736;2192197;839;2612;729
3737;2192926;10799;203;729
3738;2193655;1138;1927;729
3739;2194384;4523;485;729
3740;2195113;1072;2047;729
3741;2195842;2195113;1;729
3742;2196571;1322;1661;729
3743;2197300;219649;10;810
3744;2198110;2197381;1;729
3745;2198839;874;2515;729
3746;2199568;1327;1657;729
3747;2200297;958;2296;729
3748;2201026;3487;631;729
3749;2201755;1100513;2;729
3750;2202484;25903;85;729
3751;2203213;550621;4;729
3752;2203942;3043;724;810
3753;2204752;2204023;1;729
3754;2205481;12527;176;729
3755;2206210;2205481;1;729
3756;2206939;5381;410;729
3757;2207668;8521;259;729
3758;2208397;551917;4;729
3759;2209126;2208397;1;729
3760;2209855;15131;146;729
3761;2210584;157841;14;810
3762;2211394;6599;335;729
3763;2212123;3281;674;729
3764;2212852;2212123;1;729
3765;2213581;4223;524;729
3766;2214310;3359;659;729
3767;2215039;4519;490;729
3768;2215768;1387;1597;729
3769;2216497;3337;664;729
3770;2217226;69263;32;810
3771;2218036;4789;463;729
3772;2218765;19121;116;729
3773;2219494;443753;5;729
3774;2220223;27067;82;729
3775;2220952;8639;257;729
3776;2221681;3803;584;729
3777;2222410;847;2623;729
3778;2223139;769;2890;729
3779;2223868;857;2594;810
3780;2224678;24439;91;729
3781;2225407;1112339;2;729
3782;2226136;2225407;1;729
3783;2226865;902;2468;729
3784;2227594;6101;365;729
3785;2228323;1113797;2;729
3786;2229052;2228323;1;729
3787;2229781;79609;28;729
3788;2230510;1100;2027;810
3789;2231320;1019;2189;729
3790;2232049;910;2452;729
3791;2232778;131297;17;729
3792;2233507;746;2993;729
3793;2234236;5111;437;729
3794;2234965;4943;452;729
3795;2235694;985;2269;729
3796;2236423;3203;698;729
3797;2237152;11071;202;810
3798;2237962;4853;461;729
3799;2238691;1009;2218;729
3800;2239420;949;2359;729
3801;2240149;820;2731;729
3802;2240878;911;2459;729
3803;2241607;3121;718;729
3804;2242336;2241607;1;729
3805;2243065;887;2528;729
3806;2243794;280463;8;90
3807;2243884;448631;5;729
3808;2244613;7901;284;729
3809;2245342;320659;7;729
3810;2246071;102061;22;729
3811;2246800;38069;59;729
3812;2247529;820;2740;729
3813;2248258;4079;551;729
3814;2248987;3221;698;729
3815;2249716;9293;242;810
3816;2250526;901;2497;729
3817;2251255;5333;422;729
3818;2251984;5059;445;729
3819;2252713;20107;112;729
3820;2253442;21871;103;729
3821;2254171;27481;82;729
3822;2254900;1319;1709;729
3823;2255629;22549;100;729
3824;2256358;563887;4;810
3825;2257168;13043;173;729
3826;2257897;141073;16;729
3827;2258626;16481;137;729
3828;2259355;1129313;2;729
3829;2260084;64553;35;729
3830;2260813;13781;164;729
3831;2261542;132989;17;729
3832;2262271;26297;86;729
3833;2263000;1190;1901;810
3834;2263810;2263081;1;729
3835;2264539;226381;10;729
3836;2265268;2264539;1;729
3837;2265997;916;2473;729
3838;2266726;6277;361;729
3839;2267455;902;2513;729
3840;2268184;19717;115;729
3841;2268913;908;2498;729
3842;2269642;70901;32;810
3843;2270452;5417;419;729
3844;2271181;772;2941;729
3845;2271910;1081;2101;729
3846;2272639;227191;10;729
3847;2273368;32009;71;729
3848;2274097;956;2378;729
3849;2274826;324871;7;729
3850;2275555;15581;146;729
3851;2276284;26459;86;810
3852;2277094;5003;455;729
3853;2277823;1138547;2;729
3854;2278552;2277823;1;729
3855;2279281;284819;8;729
3856;2280010;2279281;1;729
3857;2280739;830;2747;729
3858;2281468;11461;199;729
3859;2282197;4793;476;729
3860;2282926;570529;4;810
3861;2283736;5297;431;729
3862;2284465;3137;728;729
3863;2285194;865;2641;729
3864;2285923;30881;74;729
3865;2286652;53161;43;729
3866;2287381;764;2993;729
3867;2288110;2287381;1;729
3868;2288839;1210;1891;729
3869;2289568;1144379;2;810
3870;2290378;2289649;1;729
3871;2291107;1145189;2;729
3872;2291836;1481;1547;729
3873;2292565;1124;2039;729
3874;2293294;803;2855;729
3875;2294023;27967;82;729
3876;2294752;48809;47;729
3877;2295481;71711;32;729
3878;2296210;920;2495;810
3879;2297020;34273;67;729
3880;2297749;788;2915;729
3881;2298478;2297749;1;729
3882;2299207;949;2422;729
3883;2299936;79283;29;729
3884;2300665;1312;1753;729
3885;2301394;14843;155;729
3886;2302123;853;2698;729
3887;2302852;133;17314;90
3888;2302942;6011;383;729
3889;2303671;1151471;2;729
3890;2304400;9887;233;729
3891;2305129;823;2800;729
3892;2305858;1219;1891;729
3893;2306587;3637;634;729
3894;2307316;2306587;1;729
3895;2308045;902;2558;729
3896;2308774;1108;2083;810
3897;2309584;1181;1955;729
3898;2310313;144349;16;729
3899;2311042;1427;1619;729
3900;2311771;3491;662;729
3901;2312500;4289;539;729
3902;2313229;740;3125;729
3903;2313958;4423;523;729
3904;2314687;28219;82;729
3905;2315416;5701;406;810
3906;2316226;62581;37;729
3907;2316955;829;2794;729
3908;2317684;841;2755;729
3909;2318413;18691;124;729
3910;2319142;29347;79;729
3911;2319871;165653;14;729
3912;2320600;136463;17;729
3913;2321329;820;2830;729
3914;2322058;1004;2312;810
3915;2322868;911;2549;729
3916;2323597;580717;4;729
3917;2324326;39383;59;729
3918;2325055;811;2866;729
3919;2325784;465011;5;729
3920;2326513;6761;344;729
3921;2327242;889;2617;729
3922;2327971;4141;562;729
3923;2328700;859;2710;810
3924;2329510;1099;2119;729
3925;2330239;965;2414;729
3926;2330968;75169;31;729
3927;2331697;291371;8;729
3928;2332426;2331697;1;729
3929;2333155;1166213;2;729
3930;2333884;3245;719;729
3931;2334613;749;3116;729
3932;2335342;3917;596;810
3933;2336152;1217;1919;729
3934;2336881;3209;728;729
3935;2337610;2336881;1;729
3936;2338339;790;2959;729
3937;2339068;12919;181;729
3938;2339797;584767;4;729
3939;2340526;2339797;1;729
3940;2341255;782;2993;729
3941;2341984;106417;22;810
3942;2342794;1067;2195;729
3943;2343523;899;2606;729
3944;2344252;1183;1981;729
3945;2344981;1228;1909;729
3946;2345710;2344981;1;729
3947;2346439;234571;10;729
3948;2347168;32143;73;729
3949;2347897;1312;1789;729
3950;2348626;9467;248;810
3951;2349436;2348707;1;729
3952;2350165;12497;188;729
3953;2350894;731;3215;729
3954;2351623;12917;182;729
3955;2352352;5431;433;729
3956;2353081;848;2774;729
3957;2353810;743;3167;729
3958;2354539;5741;410;729
3959;2355268;31817;74;810
3960;2356078;75979;31;729
3961;2356807;1178039;2;729
3962;2357536;29833;79;729
3963;2358265;73673;32;729
3964;2358994;923;2555;729
3965;2359723;107227;22;729
3966;2360452;2359723;1;729
3967;2361181;778;3034;729
3968;2361910;269;8780;90
3969;2362000;1067;2213;729
3970;2362729;1000;2362;729
3971;2363458;2362729;1;729
3972;2364187;1181729;2;729
3973;2364916;337741;7;729
3974;2365645;796;2971;729
3975;2366374;11003;215;729
3976;2367103;62273;38;729
3977;2367832;7351;322;810
3978;2368642;7331;323;729
3979;2369371;1049;2258;729
3980;2370100;2369371;1;729
3981;2370829;865;2740;729
3982;2371558;2370829;1;729
3983;2372287;854;2777;729
3984;2373016;5191;457;729
3985;2373745;296627;8;729
3986;2374474;74177;32;810
3987;2375284;474911;5;729
3988;2376013;8863;268;729
3989;2376742;2376013;1;729
3990;2377471;4931;482;729
3991;2378200;2377471;1;729
3992;2378929;920;2585;729
3993;2379658;19991;119;729
3994;2380387;5639;422;729
3995;2381116;70009;34;810
3996;2381926;959;2483;729
3997;2382655;977;2438;729
3998;2383384;43321;55;729
3999;2384113;1208;1973;729
4000;2384842;13781;173;729
4001;2385571;1294;1843;729
4002;2386300;2385571;1;729
4003;2387029;974;2450;729
4004;2387758;596737;4;810
4005;2388568;2387839;1;729
4006;2389297;772;3094;729
4007;2390026;2389297;1;729
4008;2390755;27791;86;729
4009;2391484;12923;185;729
4010;2392213;1093;2188;729
4011;2392942;809;2957;729
4012;2393671;1196471;2;729
4013;2394400;1070;2237;810
4014;2395210;2394481;1;729
4015;2395939;239521;10;729
4016;2396668;791;3029;729
4017;2397397;764;3137;729
4018;2398126;2397397;1;729
4019;2398855;5017;478;729
4020;2399584;479771;5;729
4021;2400313;748;3208;729
4022;2401042;15791;152;810
4023;2401852;40697;59;729
4024;2402581;600463;4;729
4025;2403310;4441;541;729
4026;2404039;910;2641;729
4027;2404768;218549;11;729
4028;2405497;75149;32;729
4029;2406226;2405497;1;729
4030;2406955;16481;146;729
4031;2407684;1203437;2;810
4032;2408494;1315;1831;729
4033;2409223;913;2638;729
4034;2409952;141719;17;729
4035;2410681;1016;2372;729
4036;2411410;767;3143;729
4037;2412139;241141;10;729
4038;2412868;12629;191;729
4039;2413597;603217;4;729
4040;2414326;86197;28;810
4041;2415136;56149;43;729
4042;2415865;1063;2272;729
4043;2416594;4691;515;729
4044;2417323;1208297;2;729
4045;2418052;5221;463;729
4046;2418781;949;2548;729
4047;2419510;2418781;1;729
4048;2420239;241951;10;729
4049;2420968;1210439;2;90
4050;2421058;5749;421;729
4051;2421787;32717;74;729
4052;2422516;10133;239;729
4053;2423245;605629;4;729
4054;2423974;44059;55;729
4055;2424703;173141;14;729
4056;2425432;1063;2281;729
4057;2426161;904;2683;729
4058;2426890;944;2570;810
4059;2427700;6239;389;729
4060;2428429;1100;2207;729
4061;2429158;733;3313;729
4062;2429887;1214579;2;729
4063;2430616;56509;43;729
4064;2431345;303827;8;729
4065;2432074;69467;35;729
4066;2432803;39227;62;729
4067;2433532;64019;38;810
4068;2434342;3983;611;729
4069;2435071;1217171;2;729
4070;2435800;1459;1669;729
4071;2436529;760;3205;729
4072;2437258;2436529;1;729
4073;2437987;22993;106;729
4074;2438716;1037;2351;729
4075;2439445;1004;2429;729
4076;2440174;986;2474;810
4077;2440984;488051;5;729
4078;2441713;958;2548;729
4079;2442442;7801;313;729
4080;2443171;1221221;2;729
4081;2443900;13649;179;729
4082;2444629;24439;100;729
4083;2445358;737;3317;729
4084;2446087;1222679;2;729
4085;2446816;1223003;2;810
4086;2447626;9521;257;729
4087;2448355;746;3281;729
4088;2449084;5381;455;729
4089;2449813;55661;44;729
4090;2450542;2449813;1;729
4091;2451271;7517;326;729
4092;2452000;4531;541;729
4093;2452729;800;3065;729
4094;2453458;1034;2372;810
4095;2454268;223049;11;729
4096;2454997;751;3268;729
4097;2455726;106739;23;729
4098;2456455;917;2678;729
4099;2457184;10453;235;729
4100;2457913;992;2477;729
4101;2458642;27617;89;729
4102;2459371;72313;34;729
4103;2460100;830;2963;810
4104;2460910;2460181;1;729
4105;2461639;3673;670;729
4106;2462368;1033;2383;729
4107;2463097;76949;32;729
4108;2463826;27067;91;729
4109;2464555;739;3334;729
4110;2465284;492911;5;729
4111;2466013;616321;4;729
4112;2466742;88069;28;810
4113;2467552;7109;347;729
4114;2468281;928;2659;729
4115;2469010;145193;17;729
4116;2469739;6673;370;729
4117;2470468;79669;31;729
4118;2471197;1001;2468;729
4119;2471926;1151;2147;729
4120;2472655;16931;146;729
4121;2473384;1559;1586;810
4122;2474194;494693;5;729
4123;2474923;1114;2221;729
4124;2475652;224993;11;729
4125;2476381;618913;4;729
4126;2477110;2476381;1;729
4127;2477839;247711;10;729
4128;2478568;949;2611;729
4129;2479297;982;2524;729
4130;2480026;38749;64;90
4131;2480116;2479387;1;729
4132;2480845;620029;4;729
4133;2481574;1499;1655;729
4134;2482303;1234;2011;729
4135;2483032;18119;137;729
4136;2483761;310379;8;729
4137;2484490;1211;2051;729
4138;2485219;4211;590;729
4139;2485948;1242569;2;810
4140;2486758;1547;1607;729
4141;2487487;1178;2111;729
4142;2488216;1109;2243;729
4143;2488945;311027;8;729
4144;2489674;941;2645;729
4145;2490403;113167;22;729
4146;2491132;1471;1693;729
4147;2491861;88969;28;729
4148;2492590;4019;620;810
4149;2493400;108377;23;729
4150;2494129;910;2740;729
4151;2494858;5273;473;729
4152;2495587;1247429;2;729
4153;2496316;24229;103;729
4154;2497045;3737;668;729
4155;2497774;1013;2465;729
4156;2498503;7219;346;729
4157;2499232;73483;34;810
4158;2500042;1147;2179;729
4159;2500771;1250021;2;729
4160;2501500;27481;91;729
4161;2502229;5003;500;729
4162;2502958;2502229;1;729
4163;2503687;877;2854;729
4164;2504416;5947;421;729
4165;2505145;976;2566;729
4166;2505874;313133;8;810
4167;2506684;501191;5;729
4168;2507413;764;3281;729
4169;2508142;2507413;1;729
4170;2508871;13781;182;729
4171;2509600;2508871;1;729
4172;2510329;800;3137;729
4173;2511058;2510329;1;729
4174;2511787;1454;1727;729
4175;2512516;898;2797;810
4176;2513326;2512597;1;729
4177;2514055;6379;394;729
4178;2514784;895;2809;729
4179;2515513;883;2848;729
4180;2516242;1001;2513;729
4181;2516971;914;2753;729
4182;2517700;2516971;1;729
4183;2518429;850;2962;729
4184;2519158;1484;1697;810
4185;2519968;41299;61;729
4186;2520697;7159;352;729
4187;2521426;2520697;1;729
4188;2522155;1260713;2;729
4189;2522884;955;2641;729
4190;2523613;754;3346;729
4191;2524342;16937;149;729
4192;2525071;54877;46;729
4193;2525800;19423;130;810
4194;2526610;11971;211;729
4195;2527339;823;3070;729
4196;2528068;148667;17;729
4197;2528797;27479;92;729
4198;2529526;16747;151;729
4199;2530255;1264763;2;729
4200;2530984;871;2905;729
4201;2531713;316373;8;729
4202;2532442;158227;16;810
4203;2533252;361789;7;729
4204;2533981;6529;388;729
4205;2534710;733;3457;729
4206;2535439;5393;470;729
4207;2536168;4177;607;729
4208;2536897;317021;8;729
4209;2537626;1381;1837;729
4210;2538355;949;2674;729
4211;2539084;1269497;2;90
4212;2539174;797;3185;729
4213;2539903;1094;2321;729
4214;2540632;11189;227;729
4215;2541361;932;2726;729
4216;2542090;7079;359;729
4217;2542819;254209;10;729
4218;2543548;28571;89;729
4219;2544277;90841;28;729
4220;2545006;8713;292;810
4221;2545816;149711;17;729
4222;2546545;1076;2366;729
4223;2547274;1195;2131;729
4224;2548003;1273637;2;729
4225;2548732;2548003;1;729
4226;2549461;1042;2446;729
4227;2550190;2549461;1;729
4228;2550919;255019;10;729
4229;2551648;1058;2411;810
4230;2552458;2551729;1;729
4231;2553187;5723;446;729
4232;2553916;28057;91;729
4233;2554645;761;3356;729
4234;2555374;26891;95;729
4235;2556103;11941;214;729
4236;2556832;13669;187;729
4237;2557561;79901;32;729
4238;2558290;3761;680;810
4239;2559100;59497;43;729
4240;2559829;785;3260;729
4241;2560558;2559829;1;729
4242;2561287;1001;2558;729
4243;2562016;1051;2437;729
4244;2562745;736;3481;729
4245;2563474;7219;355;729
4246;2564203;27271;94;729
4247;2564932;4019;638;810
4248;2565742;233183;11;729
4249;2566471;782;3281;729
4250;2567200;88499;29;729
4251;2567929;800;3209;729
4252;2568658;28219;91;729
4253;2569387;1284329;2;729
4254;2570116;48479;53;729
4255;2570845;642529;4;729
4256;2571574;91813;28;810
4257;2572384;5779;445;729
4258;2573113;80387;32;729
4259;2573842;135427;19;729
4260;2574571;998;2579;729
4261;2575300;5513;467;729
4262;2576029;910;2830;729
4263;2576758;26557;97;729
4264;2577487;75787;34;729
4265;2578216;99131;26;810
4266;2579026;2578297;1;729
4267;2579755;1289513;2;729
4268;2580484;515951;5;729
4269;2581213;3863;668;729
4270;2581942;2581213;1;729
4271;2582671;117361;22;729
4272;2583400;1313;1967;729
4273;2584129;12917;200;729
4274;2584858;161503;16;810
4275;2585668;1253;2063;729
4276;2586397;10597;244;729
4277;2587126;13831;187;729
4278;2587855;743;3482;729
4279;2588584;517571;5;729
4280;2589313;892;2902;729
4281;2590042;2589313;1;729
4282;2590771;749;3458;729
4283;2591500;4391;590;810
4284;2592310;136399;19;729
4285;2593039;1015;2554;729
4286;2593768;2593039;1;729
4287;2594497;929;2792;729
4288;2595226;31259;83;729
4289;2595955;1049;2474;729
4290;2596684;995;2609;729
4291;2597413;974;2666;729
4292;2598142;116;22397;90
4293;2598232;2597503;1;729
4294;2598961;1079;2408;729
4295;2599690;49037;53;729
4296;2600419;890;2921;729
4297;2601148;4201;619;729
4298;2601877;1364;1907;729
4299;2602606;70321;37;729
4300;2603335;1138;2287;729
4301;2604064;1198;2173;810
4302;2604874;30637;85;729
4303;2605603;35201;74;729
4304;2606332;959;2717;729
4305;2607061;1396;1867;729
4306;2607790;2607061;1;729
4307;2608519;790;3301;729
4308;2609248;2608519;1;729
4309;2609977;1072;2434;729
4310;2610706;872;2993;810
4311;2611516;2610787;1;729
4312;2612245;916;2851;729
4313;2612974;522449;5;729
4314;2613703;1274;2051;729
4315;2614432;84313;31;729
4316;2615161;81701;32;729
4317;2615890;9049;289;729
4318;2616619;766;3415;729
4319;2617348;1394;1877;810
4320;2618158;2617429;1;729
4321;2618887;1309079;2;729
4322;2619616;55721;47;729
4323;2620345;1136;2306;729
4324;2621074;845;3101;729
4325;2621803;1310537;2;729
4326;2622532;90407;29;729
4327;2623261;836;3137;729
4328;2623990;820;3199;810
4329;2624800;827;3173;729
4330;2625529;772;3400;729
4331;2626258;9983;263;729
4332;2626987;42359;62;729
4333;2627716;869;3023;729
4334;2628445;7219;364;729
4335;2629174;1009;2605;729
4336;2629903;1314587;2;729
4337;2630632;1066;2467;810
4338;2631442;2630713;1;729
4339;2632171;119611;22;729
4340;2632900;13781;191;729
4341;2633629;932;2825;729
4342;2634358;2633629;1;729
4343;2635087;1402;1879;729
4344;2635816;1259;2093;729
4345;2636545;19381;136;729
4346;2637274;4019;656;810
4347;2638084;75353;35;729
4348;2638813;659521;4;729
4349;2639542;3701;713;729
4350;2640271;22369;118;729
4351;2641000;2640271;1;729
4352;2641729;760;3475;729
4353;2642458;56207;47;729
4354;2643187;14519;182;729
4355;2643916;32233;82;810
4356;2644726;4049;653;729
4357;2645455;26987;98;729
4358;2646184;31123;85;729
4359;2646913;4187;632;729
4360;2647642;6911;383;729
4361;2648371;5539;478;729
4362;2649100;781;3391;729
4363;2649829;898;2950;729
4364;2650558;4387;604;810
4365;2651368;2650639;1;729
4366;2652097;10691;248;729
4367;2652826;6211;427;729
4368;2653555;814;3259;729
4369;2654284;530711;5;729
4370;2655013;663571;4;729
4371;2655742;12583;211;729
4372;2656471;1327871;2;729
4373;2657200;15;177146;10
4374;2657210;6829;389;729
4375;2657939;6481;410;729
4376;2658668;2657939;1;729
4377;2659397;664667;4;729
4378;2660126;6599;403;729
4379;2660855;11177;238;729
4380;2661584;757;3515;729
4381;2662313;166349;16;729
4382;2663042;332779;8;810
4383;2663852;24889;107;729
4384;2664581;878;3034;729
4385;2665310;61967;43;729
4386;2666039;895;2978;729
4387;2666768;2666039;1;729
4388;2667497;12821;208;729
4389;2668226;381071;7;729
4390;2668955;121283;22;729
4391;2669684;4463;598;810
4392;2670494;833;3205;729
4393;2671223;1123;2378;729
4394;2671952;39869;67;729
4395;2672681;5387;496;729
4396;2673410;242971;11;729
4397;2674139;267341;10;729
4398;2674868;205703;13;729
4399;2675597;95531;28;729
4400;2676326;668879;4;810
4401;2677136;2676407;1;729
4402;2677865;742;3608;729
4403;2678594;535573;5;729
4404;2679323;1339297;2;729
4405;2680052;1577;1699;729
4406;2680781;29131;92;729
4407;2681510;1531;1751;729
4408;2682239;20627;130;729
4409;2682968;78887;34;810
4410;2683778;2683049;1;729
4411;2684507;943;2846;729
4412;2685236;973;2759;729
4413;2685965;1124;2389;729
4414;2686694;1345;1997;729
4415;2687423;4957;542;729
4416;2688152;2687423;1;729
4417;2688881;4603;584;729
4418;2689610;3361;800;810
4419;2690420;2689691;1;729
4420;2691149;772;3485;729
4421;2691878;2691149;1;729
4422;2692607;4091;658;729
4423;2693336;1433;1879;729
4424;2694065;336667;8;729
4425;2694794;803;3355;729
4426;2695523;1347397;2;729
4427;2696252;5639;478;810
4428;2697062;853;3161;729
4429;2697791;1061;2542;729
4430;2698520;1327;2033;729
4431;2699249;6133;440;729
4432;2699978;385607;7;729
4433;2700707;18493;146;729
4434;2701436;2700707;1;729
4435;2702165;39727;68;729
4436;2702894;868;3113;810
4437;2703704;9829;275;729
4438;2704433;8243;328;729
4439;2705162;5171;523;729
4440;2705891;12409;218;729
4441;2706620;7373;367;729
4442;2707349;19333;140;729
4443;2708078;2707349;1;729
4444;2708807;46691;58;729
4445;2709536;3631;746;810
4446;2710346;87407;31;729
4447;2711075;33053;82;729
4448;2711804;6379;425;729
4449;2712533;1004;2701;729
4450;2713262;2712533;1;729
4451;2713991;857;3166;729
4452;2714720;763;3557;729
4453;2715449;752;3610;729
4454;2716178;107;25384;90
4455;2716268;6481;419;729
4456;2716997;679067;4;729
4457;2717726;2716997;1;729
4458;2718455;902;3013;729
4459;2719184;785;3463;729
4460;2719913;769;3536;729
4461;2720642;1373;1981;729
4462;2721371;4841;562;729
4463;2722100;865;3146;810
4464;2722910;35353;77;729
4465;2723639;983;2770;729
4466;2724368;24103;113;729
4467;2725097;4153;656;729
4468;2725826;18047;151;729
4469;2726555;46997;58;729
4470;2727284;41947;65;729
4471;2728013;758;3598;729
4472;2728742;681983;4;810
4473;2729552;731;3733;729
4474;2730281;24371;112;729
4475;2731010;143699;19;729
4476;2731739;6661;410;729
4477;2732468;2731739;1;729
4478;2733197;12889;212;729
4479;2733926;2733197;1;729
4480;2734655;923;2962;729
4481;2735384;818;3343;810
4482;2736194;547093;5;729
4483;2736923;7643;358;729
4484;2737652;390989;7;729
4485;2738381;16693;164;729
4486;2739110;2738381;1;729
4487;2739839;814;3365;729
4488;2740568;161167;17;729
4489;2741297;5113;536;729
4490;2742026;5039;544;810
4491;2742836;1369;2003;729
4492;2743565;1132;2423;729
4493;2744294;913;3005;729
4494;2745023;1366;2009;729
4495;2745752;11987;229;729
4496;2746481;343219;8;729
4497;2747210;2746481;1;729
4498;2747939;761;3610;729
4499;2748668;9221;298;810
4500;2749478;144671;19;729
4501;2750207;838;3281;729
4502;2750936;10957;251;729
4503;2751665;8387;328;729
4504;2752394;1015;2711;729
4505;2753123;1376197;2;729
4506;2753852;119701;23;729
4507;2754581;9431;292;729
4508;2755310;875;3148;810
4509;2756120;1319;2089;729
4510;2756849;68903;40;729
4511;2757578;1541;1789;729
4512;2758307;33629;82;729
4513;2759036;2758307;1;729
4514;2759765;844;3269;729
4515;2760494;7561;365;729
4516;2761223;1037;2662;729
4517;2761952;1380571;2;810
4518;2762762;2762033;1;729
4519;2763491;1381381;2;729
4520;2764220;2763491;1;729
4521;2764949;820;3371;729
4522;2765678;251359;11;729
4523;2766407;997;2774;729
4524;2767136;395201;7;729
4525;2767865;1376;2011;729
4526;2768594;1108;2498;810
4527;2769404;1217;2275;729
4528;2770133;1114;2486;729
4529;2770862;799;3467;729
4530;2771591;33791;82;729
4531;2772320;37967;73;729
4532;2773049;17327;160;729
4533;2773778;2773049;1;729
4534;2774507;198127;14;729
4535;2775236;126143;22;90
4536;2775326;4249;653;729
4537;2776055;958;2897;729
4538;2776784;11813;235;729
4539;2777513;173549;16;729
4540;2778242;45533;61;729
4541;2778971;1394;1993;729
4542;2779700;887;3133;729
4543;2780429;770;3610;729
4544;2781158;695087;4;810
4545;2781968;146381;19;729
4546;2782697;826;3368;729
4547;2783426;21911;127;729
4548;2784155;1391713;2;729
4549;2784884;1115;2497;729
4550;2785613;16981;164;729
4551;2786342;2785613;1;729
4552;2787071;806;3457;729
4553;2787800;827;3370;810
4554;2788610;163993;17;729
4555;2789339;1010;2761;729
4556;2790068;398477;7;729
4557;2790797;1076;2593;729
4558;2791526;1633;1709;729
4559;2792255;1154;2419;729
4560;2792984;7069;395;729
4561;2793713;1016;2749;729
4562;2794442;1072;2606;810
4563;2795252;121501;23;729
4564;2795981;24097;116;729
4565;2796710;2795981;1;729
4566;2797439;39953;70;729
4567;2798168;2797439;1;729
4568;2798897;779;3592;729
4569;2799626;799;3503;729
4570;2800355;1399813;2;729
4571;2801084;82361;34;810
4572;2801894;560233;5;729
4573;2802623;1400947;2;729
4574;2803352;2802623;1;729
4575;2804081;1112;2521;729
4576;2804810;787;3563;729
4577;2805539;6841;410;729
4578;2806268;255049;11;729
4579;2806997;4201;668;729
4580;2807726;14321;196;810
4581;2808536;33829;83;729
4582;2809265;772;3638;729
4583;2809994;10601;265;729
4584;2810723;127727;22;729
4585;2811452;1229;2287;729
4586;2812181;868;3239;729
4587;2812910;2812181;1;729
4588;2813639;281291;10;729
4589;2814368;1007;2794;810
4590;2815178;255859;11;729
4591;2815907;5477;514;729
4592;2816636;4273;659;729
4593;2817365;37061;76;729
4594;2818094;785;3589;729
4595;2818823;34367;82;729
4596;2819552;57527;49;729
4597;2820281;1136;2482;729
4598;2821010;956;2950;810
4599;2821820;1069;2639;729
4600;2822549;796;3545;729
4601;2823278;761;3709;729
4602;2824007;5209;542;729
4603;2824736;91097;31;729
4604;2825465;1312;2153;729
4605;2826194;7741;365;729
4606;2826923;917;3082;729
4607;2827652;853;3314;810
4608;2828462;8543;331;729
4609;2829191;15541;182;729
4610;2829920;1021;2771;729
4611;2830649;736;3845;729
4612;2831378;35831;79;729
4613;2832107;803;3526;729
4614;2832836;15647;181;729
4615;2833565;24421;116;729
4616;2834294;158;17938;90
4617;2834384;51521;55;729
4618;2835113;25307;112;729
4619;2835842;2835113;1;729
4620;2836571;21163;134;729
4621;2837300;29243;97;729
4622;2838029;850;3338;729
4623;2838758;751;3779;729
4624;2839487;1066;2663;729
4625;2840216;7433;382;810
4626;2841026;1061;2677;729
4627;2841755;45823;62;729
4628;2842484;1657;1715;729
4629;2843213;710621;4;729
4630;2843942;2843213;1;729
4631;2844671;23311;122;729
4632;2845400;76883;37;729
4633;2846129;820;3470;729
4634;2846858;992;2869;810
4635;2847668;9851;289;729
4636;2848397;1084;2627;729
4637;2849126;15737;181;729
4638;2849855;10711;266;729
4639;2850584;835;3413;729
4640;2851313;1117;2552;729
4641;2852042;2851313;1;729
4642;2852771;34781;82;729
4643;2853500;1570;1817;810
4644;2854310;92051;31;729
4645;2855039;6073;470;729
4646;2855768;937;3047;729
4647;2856497;733;3896;729
4648;2857226;408071;7;729
4649;2857955;1428613;2;729
4650;2858684;33623;85;729
4651;2859413;17431;164;729
4652;2860142;6007;476;810
4653;2860952;2860223;1;729
4654;2861681;357619;8;729
4655;2862410;4423;647;729
4656;2863139;985;2906;729
4657;2863868;2863139;1;729
4658;2864597;4447;644;729
4659;2865326;54049;53;729
4660;2866055;842;3403;729
4661;2866784;1432987;2;810
4662;2867594;1277;2245;729
4663;2868323;782;3667;729
4664;2869052;2868323;1;729
4665;2869781;12157;236;729
4666;2870510;2869781;1;729
4667;2871239;755;3802;729
4668;2871968;9539;301;729
4669;2872697;796;3608;729
4670;2873426;1096;2621;810
4671;2874236;1183;2429;729
4672;2874965;718559;4;729
4673;2875694;5693;505;729
4674;2876423;1437847;2;729
4675;2877152;781;3683;729
4676;2877881;752;3826;729
4677;2878610;2877881;1;729
4678;2879339;826;3485;729
4679;2880068;21487;134;810
4680;2880878;2880149;1;729
4681;2881607;1001;2878;729
4682;2882336;21997;131;729
4683;2883065;90073;32;729
4684;2883794;576613;5;729
4685;2884523;13999;206;729
4686;2885252;151817;19;729
4687;2885981;964;2993;729
4688;2886710;28859;100;810
4689;2887520;2886791;1;729
4690;2888249;18047;160;729
4691;2888978;1547;1867;729
4692;2889707;1444489;2;729
4693;2890436;2889707;1;729
4694;2891165;4327;668;729
4695;2891894;6497;445;729
4696;2892623;35267;82;729
4697;2893352;62897;46;90
4698;2893442;5531;523;729
4699;2894171;8663;334;729
4700;2894900;1537;1883;729
4701;2895629;28949;100;729
4702;2896358;263239;11;729
4703;2897087;5011;578;729
4704;2897816;2897087;1;729
4705;2898545;15749;184;729
4706;2899274;848;3418;810
4707;2900084;1181;2455;729
4708;2900813;836;3469;729
4709;2901542;2900813;1;729
4710;2902271;9011;322;729
4711;2903000;2902271;1;729
4712;2903729;1000;2903;729
4713;2904458;4691;619;729
4714;2905187;1452229;2;729
4715;2905916;1452553;2;810
4716;2906726;859;3383;729
4717;2907455;18397;158;729
4718;2908184;581491;5;729
4719;2908913;363523;8;729
4720;2909642;415559;7;729
4721;2910371;1454821;2;729
4722;2911100;47711;61;729
4723;2911829;860;3385;729
4724;2912558;103991;28;810
4725;2913368;19289;151;729
4726;2914097;364171;8;729
4727;2914826;2914097;1;729
4728;2915555;1438;2027;729
4729;2916284;1499;1945;729
4730;2917013;14879;196;729
4731;2917742;821;3553;729
4732;2918471;1458871;2;729
4733;2919200;17167;170;810
4734;2920010;27283;107;729
4735;2920739;10069;290;729
4736;2921468;2920739;1;729
4737;2922197;737;3964;729
4738;2922926;21023;139;729
4739;2923655;39499;74;729
4740;2924384;811;3605;729
4741;2925113;91387;32;729
4742;2925842;946;3092;810
4743;2926652;869;3367;729
4744;2927381;772;3791;729
4745;2928110;797;3673;729
4746;2928839;839;3490;729
4747;2929568;2928839;1;729
4748;2930297;1103;2656;729
4749;2931026;4133;709;729
4750;2931755;209359;14;729
4751;2932484;1465837;2;810
4752;2933294;12479;235;729
4753;2934023;923;3178;729
4754;2934752;17569;167;729
4755;2935481;91711;32;729
4756;2936210;817;3593;729
4757;2936939;293621;10;729
4758;2937668;857;3427;729
4759;2938397;43201;68;729
4760;2939126;1138;2582;810
4761;2939936;2939207;1;729
4762;2940665;91873;32;729
4763;2941394;805;3653;729
4764;2942123;27749;106;729
4765;2942852;5099;577;729
4766;2943581;66883;44;729
4767;2944310;5441;541;729
4768;2945039;294431;10;729
4769;2945768;6161;478;810
4770;2946578;101581;29;729
4771;2947307;24971;118;729
4772;2948036;15761;187;729
4773;2948765;1157;2548;729
4774;2949494;589753;5;729
4775;2950223;886;3329;729
4776;2950952;2950223;1;729
4777;2951681;1304;2263;729
4778;2952410;112;26360;90
4779;2952500;2951771;1;729
4780;2953229;1181;2500;729
4781;2953958;79817;37;729
4782;2954687;821;3598;729
4783;2955416;2954687;1;729
4784;2956145;1054;2804;729
4785;2956874;995;2971;729
4786;2957603;1478437;2;729
4787;2958332;862;3431;810
4788;2959142;2958413;1;729
4789;2959871;1479571;2;729
4790;2960600;8783;337;729
4791;2961329;904;3275;729
4792;2962058;9001;329;729
4793;2962787;134639;22;729
4794;2963516;2962787;1;729
4795;2964245;7193;412;729
4796;2964974;105863;28;810
4797;2965784;34883;85;729
4798;2966513;370723;8;729
4799;2967242;269683;11;729
4800;2967971;1483621;2;729
4801;2968700;5039;589;729
4802;2969429;4241;700;729
4803;2970158;6703;443;729
4804;2970887;818;3631;729
4805;2971616;6661;446;810
4806;2972426;7759;383;729
4807;2973155;5651;526;729
4808;2973884;1013;2935;729
4809;2974613;809;3676;729
4810;2975342;6509;457;729
4811;2976071;1193;2494;729
4812;2976800;1513;1967;729
4813;2977529;800;3721;729
4814;2978258;21893;136;810
4815;2979068;1423;2093;729
4816;2979797;744767;4;729
4817;2980526;2979797;1;729
4818;2981255;48073;62;729
4819;2981984;596251;5;729
4820;2982713;93187;32;729
4821;2983442;1231;2423;729
4822;2984171;19373;154;729
4823;2984900;298409;10;810
4824;2985710;30773;97;729
4825;2986439;910;3281;729
4826;2987168;157181;19;729
4827;2987897;1108;2696;729
4828;2988626;1639;1823;729
4829;2989355;1494313;2;729
4830;2990084;1093;2735;729
4831;2990813;747521;4;729
4832;2991542;4177;716;810
4833;2992352;49043;61;729
4834;2993081;8501;352;729
4835;2993810;1061;2821;729
4836;2994539;830;3607;729
4837;2995268;2994539;1;729
4838;2995997;748817;4;729
4839;2996726;2995997;1;729
4840;2997455;901;3326;729
4841;2998184;1498687;2;810
4842;2998994;905;3313;729
4843;2999723;1499497;2;729
4844;3000452;69761;43;729
4845;3001181;8243;364;729
4846;3001910;1073;2797;729
4847;3002639;300191;10;729
4848;3003368;3002639;1;729
4849;3004097;19759;152;729
4850;3004826;187751;16;810
4851;3005636;1691;1777;729
4852;3006365;24239;124;729
4853;3007094;1565;1921;729
4854;3007823;22441;134;729
4855;3008552;33053;91;729
4856;3009281;776;3877;729
4857;3010010;863;3487;729
4858;3010739;1058;2845;729
4859;3011468;691;4358;90
4860;3011558;51031;59;729
4861;3012287;136889;22;729
4862;3013016;130969;23;729
4863;3013745;376627;8;729
4864;3014474;12301;245;729
4865;3015203;88661;34;729
4866;3015932;70121;43;729
4867;3016661;753983;4;729
4868;3017390;812;3715;810
4869;3018200;3017471;1;729
4870;3018929;15091;200;729
4871;3019658;5479;551;729
4872;3020387;5153;586;729
4873;3021116;51193;59;729
4874;3021845;107897;28;729
4875;3022574;604369;5;729
4876;3023303;1511287;2;729
4877;3024032;20707;146;810
4878;3024842;177889;17;729
4879;3025571;1512421;2;729
4880;3026300;3025571;1;729
4881;3027029;1060;2855;729
4882;3027758;1231;2459;729
4883;3028487;15607;194;729
4884;3029216;1063;2849;729
4885;3029945;1046;2896;729
4886;3030674;378733;8;810
4887;3031484;6661;455;729
4888;3032213;20483;148;729
4889;3032942;3032213;1;729
4890;3033671;979;3098;729
4891;3034400;3033671;1;729
4892;3035129;800;3793;729
4893;3035858;178537;17;729
4894;3036587;791;3838;729
4895;3037316;3883;782;810
4896;3038126;14533;209;729
4897;3038855;16693;182;729
4898;3039584;745;4079;729
4899;3040313;752;4042;729
4900;3041042;3040313;1;729
4901;3041771;10939;278;729
4902;3042500;3041771;1;729
4903;3043229;1217;2500;729
4904;3043958;878;3466;810
4905;3044768;30139;101;729
4906;3045497;772;3944;729
4907;3046226;4459;683;729
4908;3046955;1153;2642;729
4909;3047684;609391;5;729
4910;3048413;844;3611;729
4911;3049142;3048413;1;729
4912;3049871;1524571;2;729
4913;3050600;304979;10;810
4914;3051410;3050681;1;729
4915;3052139;13267;230;729
4916;3052868;3052139;1;729
4917;3053597;8387;364;729
4918;3054326;1543;1979;729
4919;3055055;7307;418;729
4920;3055784;611011;5;729
4921;3056513;22469;136;729
4922;3057242;191027;16;810
4923;3058052;3057323;1;729
4924;3058781;5063;604;729
4925;3059510;278071;11;729
4926;3060239;815;3754;729
4927;3060968;33629;91;729
4928;3061697;382621;8;729
4929;3062426;1117;2741;729
4930;3063155;32579;94;729
4931;3063884;1322;2317;810
4932;3064694;14251;215;729
4933;3065423;14321;214;729
4934;3066152;10607;289;729
4935;3066881;787;3896;729
4936;3067610;3066881;1;729
4937;3068339;910;3371;729
4938;3069068;9803;313;729
4939;3069797;5857;524;729
4940;3070526;113;27172;90
4941;3070616;161573;19;729
4942;3071345;829;3704;729
4943;3072074;1231;2495;729
4944;3072803;1536037;2;729
4945;3073532;911;3373;729
4946;3074261;748;4109;729
4947;3074990;6583;467;729
4948;3075719;929;3310;729
4949;3076448;1537819;2;810
4950;3077258;3076529;1;729
4951;3077987;1538629;2;729
4952;3078716;279817;11;729
4953;3079445;788;3907;729
4954;3080174;14323;215;729
4955;3080903;1540087;2;729
4956;3081632;6199;497;729
4957;3082361;736;4187;729
4958;3083090;1004;3070;810
4959;3083900;1547;1993;729
4960;3084629;30839;100;729
4961;3085358;3084629;1;729
4962;3086087;67073;46;729
4963;3086816;46061;67;729
4964;3087545;5077;608;729
4965;3088274;617509;5;729
4966;3089003;31513;98;729
4967;3089732;21157;146;810
4968;3090542;13261;233;729
4969;3091271;16981;182;729
4970;3092000;13499;229;729
4971;3092729;773;4000;729
4972;3093458;3092729;1;729
4973;3094187;1546729;2;729
4974;3094916;182011;17;729
4975;3095645;1364;2269;729
4976;3096374;45523;68;810
4977;3097184;1471;2105;729
4978;3097913;96787;32;729
4979;3098642;767;4039;729
4980;3099371;1549321;2;729
4981;3100100;281761;11;729
4982;3100829;1069;2900;729
4983;3101558;39251;79;729
4984;3102287;1550779;2;729
4985;3103016;81637;38;810
4986;3103826;58549;53;729
4987;3104555;731;4246;729
4988;3105284;620911;5;729
4989;3106013;898;3458;729
4990;3106742;3106013;1;729
4991;3107471;41983;74;729
4992;3108200;1699;1829;729
4993;3108929;15541;200;729
4994;3109658;1328;2341;810
4995;3110468;84047;37;729
4996;3111197;777617;4;729
4997;3111926;3111197;1;729
4998;3112655;1555963;2;729
4999;3113384;6841;455;729
5000;3114113;389173;8;729
5001;3114842;1051;2963;729
5002;3115571;4913;634;729
5003;3116300;44507;70;810
5004;3117110;3116381;1;729
5005;3117839;311711;10;729
5006;3118568;66337;47;729
5007;3119297;853;3656;729
5008;3120026;11261;277;729
5009;3120755;806;3871;729
5010;3121484;1265;2467;729
5011;3122213;780371;4;729
5012;3122942;60041;52;810
5013;3123752;3123023;1;729
5014;3124481;20551;152;729
5015;3125210;1037;3013;729
5016;3125939;28411;110;729
5017;3126668;107791;29;729
5018;3127397;7589;412;729
5019;3128126;34367;91;729
5020;3128855;1564063;2;729
5021;3129584;1564747;2;90
5022;3129674;625789;5;729
5023;3130403;1564837;2;729
5024;3131132;3130403;1;729
5025;3131861;782783;4;729
5026;3132590;3131861;1;729
5027;3133319;18427;170;729
5028;3134048;447617;7;729
5029;3134777;1184;2647;729
5030;3135506;1006;3116;810
5031;3136316;34457;91;729
5032;3137045;739;4244;729
5033;3137774;1147;2735;729
5034;3138503;1163;2698;729
5035;3139232;3138503;1;729
5036;3139961;98101;32;729
5037;3140690;285451;11;729
5038;3141419;44867;70;729
5039;3142148;1189;2642;810
5040;3142958;184837;17;729
5041;3143687;1274;2467;729
5042;3144416;1247;2521;729
5043;3145145;8933;352;729
5044;3145874;629029;5;729
5045;3146603;878;3583;729
5046;3147332;66949;47;729
5047;3148061;786833;4;729
5048;3148790;820;3839;810
5049;3149600;977;3223;729
5050;3150329;775;4064;729
5051;3151058;1183;2663;729
5052;3151787;802;3929;729
5053;3152516;3151787;1;729
5054;3153245;788129;4;729
5055;3153974;37097;85;729
5056;3154703;1318;2393;729
5057;3155432;1054;2993;810
5058;3156242;3155513;1;729
5059;3156971;83059;38;729
5060;3157700;3156971;1;729
5061;3158429;910;3470;729
5062;3159158;1219;2591;729
5063;3159887;1579579;2;729
5064;3160616;17653;179;729
5065;3161345;857;3688;729
5066;3162074;976;3239;810
5067;3162884;887;3565;729
5068;3163613;772;4097;729
5069;3164342;4513;701;729
5070;3165071;1582171;2;729
5071;3165800;34781;91;729
5072;3166529;1100;2878;729
5073;3167258;7313;433;729
5074;3167987;1583629;2;729
5075;3168716;5519;574;810
5076;3169526;1487;2131;729
5077;3170255;54647;58;729
5078;3170984;57641;55;729
5079;3171713;396373;8;729
5080;3172442;47339;67;729
5081;3173171;17431;182;729
5082;3173900;167009;19;729
5083;3174629;850;3734;729
5084;3175358;1066;2978;810
5085;3176168;6313;503;729
5086;3176897;776;4093;729
5087;3177626;3176897;1;729
5088;3178355;1588813;2;729
5089;3179084;1315;2417;729
5090;3179813;4391;724;729
5091;3180542;1079;2947;729
5092;3181271;1590271;2;729
5093;3182000;7759;410;810
5094;3182810;1631;1951;729
5095;3183539;318281;10;729
5096;3184268;6817;467;729
5097;3184997;796067;4;729
5098;3185726;1459;2183;729
5099;3186455;1592863;2;729
5100;3187184;637291;5;729
5101;3187913;796;4004;729
5102;3188642;211;15112;10
5103;3188652;9749;327;729
5104;3189381;6481;492;729
5105;3190110;1543;2067;729
5106;3190839;770;4143;729
5107;3191568;1063613;3;729
5108;3192297;66491;48;729
5109;3193026;5879;543;729
5110;3193755;757;4218;729
5111;3194484;913;3498;810
5112;3195294;1019;3135;729
5113;3196023;838;3813;729
5114;3196752;28793;111;729
5115;3197481;752;4251;729
5116;3198210;749;4269;729
5117;3198939;6271;510;729
5118;3199668;1066313;3;729
5119;3200397;11593;276;729
5120;3201126;868;3687;810
5121;3201936;1067069;3;729
5122;3202665;984;3254;729
5123;3203394;1335;2399;729
5124;3204123;834;3841;729
5125;3204852;1131;2833;729
5126;3205581;38153;84;729
5127;3206310;9803;327;729
5128;3207039;106877;30;729
5129;3207768;1086;2953;810
5130;3208578;1581;2029;729
5131;3209307;13043;246;729
5132;3210036;6563;489;729
5133;3210765;6221;516;729
5134;3211494;214051;15;729
5135;3212223;741;4334;729
5136;3212952;1013;3171;729
5137;3213681;133873;24;729
5138;3214410;824;3900;810
5139;3215220;153071;21;729
5140;3215949;820;3921;729
5141;3216678;97453;33;729
5142;3217407;821;3918;729
5143;3218136;16007;201;729
5144;3218865;134089;24;729
5145;3219594;971;3315;729
5146;3220323;987;3262;729
5147;3221052;1446;2227;810
5148;3221862;1073711;3;729
5149;3222591;861;3742;729
5150;3223320;1741;1851;729
5151;3224049;26861;120;729
5152;3224778;1074683;3;729
5153;3225507;1374;2347;729
5154;3226236;1075169;3;729
5155;3226965;20681;156;729
5156;3227694;14153;228;810
5157;3228504;43037;75;729
5158;3229233;772;4182;729
5159;3229962;1101;2933;729
5160;3230691;977;3306;729
5161;3231420;1227;2633;729
5162;3232149;53857;60;729
5163;3232878;10069;321;729
5164;3233607;803;4026;729
5165;3234336;538921;6;810
5166;3235146;25073;129;729
5167;3235875;13151;246;729
5168;3236604;8629;375;729
5169;3237333;742;4362;729
5170;3238062;98101;33;729
5171;3238791;539677;6;729
5172;3239520;1679;1929;729
5173;3240249;794;4080;729
5174;3240978;135007;24;810
5175;3241788;1080353;3;729
5176;3242517;902;3594;729
5177;3243246;46993;69;729
5178;3243975;540541;6;729
5179;3244704;777;4175;729
5180;3245433;876;3704;729
5181;3246162;10711;303;729
5182;3246891;541027;6;729
5183;3247620;110;29523;90
5184;3247710;6481;501;729
5185;3248439;870;3733;729
5186;3249168;4493;723;729
5187;3249897;762;4264;729
5188;3250626;903;3599;729
5189;3251355;541771;6;729
5190;3252084;216757;15;729
5191;3252813;781;4164;729
5192;3253542;38723;84;810
5193;3254352;821;3963;729
5194;3255081;898;3624;729
5195;3255810;6911;471;729
5196;3256539;1230;2647;729
5197;3257268;7591;429;729
5198;3257997;1428;2281;729
5199;3258726;7927;411;729
5200;3259455;934;3489;729
5201;3260184;28591;114;810
5202;3260994;217351;15;729
5203;3261723;49409;66;729
5204;3262452;1087241;3;729
5205;3263181;779;4188;729
5206;3263910;997;3273;729
5207;3264639;8369;390;729
5208;3265368;1743;1873;729
5209;3266097;136057;24;729
5210;3266826;1248;2617;810
5211;3267636;9151;357;729
5212;3268365;859;3804;729
5213;3269094;1635;1999;729
5214;3269823;822;3977;729
5215;3270552;1089941;3;729
5216;3271281;136273;24;729
5217;3272010;1443;2267;729
5218;3272739;15581;210;729
5219;3273468;545443;6;810
5220;3274278;5539;591;729
5221;3275007;777;4214;729
5222;3275736;23227;141;729
5223;3276465;984;3329;729
5224;3277194;9497;345;729
5225;3277923;5011;654;729
5226;3278652;5843;561;729
5227;3279381;21017;156;729
5228;3280110;850;3858;810
5229;3280920;1041;3151;729
5230;3281649;760;4317;729
5231;3282378;156269;21;729
5232;3283107;902;3639;729
5233;3283836;733;4479;729
5234;3284565;273653;12;729
5235;3285294;218971;15;729
5236;3286023;1434;2291;729
5237;3286752;49787;66;810
5238;3287562;967;3399;729
5239;3288291;1002;3281;729
5240;3289020;1096097;3;729
5241;3289749;764;4305;729
5242;3290478;1096583;3;729
5243;3291207;758;4341;729
5244;3291936;1097069;3;729
5245;3292665;848;3882;729
5246;3293394;137191;24;810
5247;3294204;43913;75;729
5248;3294933;274517;12;729
5249;3295662;1098311;3;729
5250;3296391;13397;246;729
5251;3297120;156971;21;729
5252;3297849;6869;480;729
5253;3298578;893;3693;729
5254;3299307;886;3723;729
5255;3300036;78553;42;810
5256;3300846;1100039;3;729
5257;3301575;1338;2467;729
5258;3302304;44021;75;729
5259;3303033;839;3936;729
5260;3303762;16433;201;729
5261;3304491;7151;462;729
5262;3305220;5767;573;729
5263;3305949;930;3554;729
5264;3306678;275549;12;90
5265;3306768;100183;33;729
5266;3307497;68891;48;729
5267;3308226;1049;3153;729
5268;3308955;5153;642;729
5269;3309684;923;3585;729
5270;3310413;861;3844;729
5271;3311142;47977;69;729
5272;3311871;1074;3083;729
5273;3312600;1010;3279;810
5274;3313410;16481;201;729
5275;3314139;5813;570;729
5276;3314868;989;3351;729
5277;3315597;276239;12;729
5278;3316326;1119;2963;729
5279;3317055;793;4182;729
5280;3317784;735;4513;729
5281;3318513;138241;24;729
5282;3319242;1248;2659;810
5283;3320052;789;4207;729
5284;3320781;276671;12;729
5285;3321510;1106927;3;729
5286;3322239;795;4178;729
5287;3322968;771;4309;729
5288;3323697;902;3684;729
5289;3324426;85223;39;729
5290;3325155;79153;42;729
5291;3325884;554179;6;810
5292;3326694;13043;255;729
5293;3327423;769;4326;729
5294;3328152;1709;1947;729
5295;3328881;808;4119;729
5296;3329610;1383;2407;729
5297;3330339;1230;2707;729
5298;3331068;58427;57;729
5299;3331797;786;4238;729
5300;3332526;277643;12;810
5301;3333336;8747;381;729
5302;3334065;138889;24;729
5303;3334794;791;4215;729
5304;3335523;17929;186;729
5305;3336252;1111841;3;729
5306;3336981;6781;492;729
5307;3337710;1003;3327;729
5308;3338439;1065;3134;729
5309;3339168;1173;2846;810
5310;3339978;1113083;3;729
5311;3340707;5107;654;729
5312;3341436;1113569;3;729
5313;3342165;39779;84;729
5314;3342894;905;3693;729
5315;3343623;762;4387;729
5316;3344352;1114541;3;729
5317;3345081;1056;3167;729
5318;3345810;892;3750;810
5319;3346620;1115297;3;729
5320;3347349;772;4335;729
5321;3348078;35993;93;729
5322;3348807;941;3558;729
5323;3349536;763;4389;729
5324;3350265;736;4551;729
5325;3350994;745;4497;729
5326;3351723;558499;6;729
5327;3352452;79801;42;810
5328;3353262;30203;111;729
5329;3353991;759;4418;729
5330;3354720;7121;471;729
5331;3355449;870;3856;729
5332;3356178;1118483;3;729
5333;3356907;861;3898;729
5334;3357636;1118969;3;729
5335;3358365;906;3706;729
5336;3359094;279857;12;810
5337;3359904;44789;75;729
5338;3360633;744;4516;729
5339;3361362;1120211;3;729
5340;3362091;560227;6;729
5341;3362820;1031;3261;729
5342;3363549;820;4101;729
5343;3364278;160169;21;729
5344;3365007;7681;438;729
5345;3365736;560941;6;90
5346;3365826;1121699;3;729
5347;3366555;7901;426;729
5348;3367284;1545;2179;729
5349;3368013;280607;12;729
5350;3368742;102061;33;729
5351;3369471;43189;78;729
5352;3370200;843;3997;729
5353;3370929;820;4110;729
5354;3371658;876;3848;810
5355;3372468;22937;147;729
5356;3373197;881;3828;729
5357;3373926;951;3547;729
5358;3374655;849;3974;729
5359;3375384;224977;15;729
5360;3376113;8273;408;729
5361;3376842;6659;507;729
5362;3377571;742;4551;729
5363;3378300;112583;30;810
5364;3379110;26189;129;729
5365;3379839;16091;210;729
5366;3380568;30449;111;729
5367;3381297;948;3566;729
5368;3382026;1299;2603;729
5369;3382755;1074;3149;729
5370;3383484;915;3697;729
5371;3384213;897;3772;729
5372;3384942;282011;12;810
5373;3385752;66373;51;729
5374;3386481;141073;24;729
5375;3387210;917;3693;729
5376;3387939;4909;690;729
5377;3388668;1129313;3;729
5378;3389397;282389;12;729
5379;3390126;813;4169;729
5380;3390855;13781;246;729
5381;3391584;953;3558;810
5382;3392394;865;3921;729
5383;3393123;822;4127;729
5384;3393852;13627;249;729
5385;3394581;924;3673;729
5386;3395310;15937;213;729
5387;3396039;113177;30;729
5388;3396768;867;3917;729
5389;3397497;863;3936;729
5390;3398226;1122;3028;810
5391;3399036;737;4611;729
5392;3399765;764;4449;729
5393;3400494;755;4503;729
5394;3401223;878;3873;729
5395;3401952;1043;3261;729
5396;3402681;35437;96;729
5397;3403410;1497;2273;729
5398;3404139;1230;2767;729
5399;3404868;81049;42;810
5400;3405678;19237;177;729
5401;3406407;1038;3281;729
5402;3407136;1135469;3;729
5403;3407865;35491;96;729
5404;3408594;227191;15;729
5405;3409323;81157;42;729
5406;3410052;10057;339;729
5407;3410781;956;3567;729
5408;3411510;11369;300;810
5409;3412320;10433;327;729
5410;3413049;7109;480;729
5411;3413778;5717;597;729
5412;3414507;568963;6;729
5413;3415236;5959;573;729
5414;3415965;25873;132;729
5415;3416694;32533;105;729
5416;3417423;731;4674;729
5417;3418152;9337;366;810
5418;3418962;741;4613;729
5419;3419691;7213;474;729
5420;3420420;1797;1903;729
5421;3421149;1046;3270;729
5422;3421878;1140383;3;729
5423;3422607;993;3446;729
5424;3423336;49603;69;729
5425;3424065;852;4018;729
5426;3424794;96;35674;90
5427;3424884;32611;105;729
5428;3425613;12409;276;729
5429;3426342;1141871;3;729
5430;3427071;879;3898;729
5431;3427800;1142357;3;729
5432;3428529;788;4350;729
5433;3429258;87911;39;729
5434;3429987;81649;42;729
5435;3430716;9689;354;810
5436;3431526;929;3693;729
5437;3432255;81703;42;729
5438;3432984;12043;285;729
5439;3433713;914;3756;729
5440;3434442;4789;717;729
5441;3435171;1122;3061;729
5442;3435900;1145057;3;729
5443;3436629;780;4405;729
5444;3437358;876;3923;810
5445;3438168;24379;141;729
5446;3438897;143257;24;729
5447;3439626;14887;231;729
5448;3440355;978;3517;729
5449;3441084;1055;3261;729
5450;3441813;834;4126;729
5451;3442542;1147271;3;729
5452;3443271;573757;6;729
5453;3444000;114773;30;810
5454;3444810;67531;51;729
5455;3445539;114827;30;729
5456;3446268;1148513;3;729
5457;3446997;5861;588;729
5458;3447726;1148999;3;729
5459;3448455;574621;6;729
5460;3449184;229897;15;729
5461;3449913;732;4712;729
5462;3450642;143743;24;810
5463;3451452;60539;57;729
5464;3452181;852;4051;729
5465;3452910;7723;447;729
5466;3453639;895;3858;729
5467;3454368;749;4611;729
5468;3455097;35983;96;729
5469;3455826;1831;1887;729
5470;3456555;52361;66;729
5471;3457284;987;3502;810
5472;3458094;1245;2777;729
5473;3458823;842;4107;729
5474;3459552;1152941;3;729
5475;3460281;36037;96;729
5476;3461010;759;4559;729
5477;3461739;16481;210;729
5478;3462468;37223;93;729
5479;3463197;288539;12;729
5480;3463926;1572;2203;810
5481;3464736;823;4209;729
5482;3465465;748;4632;729
5483;3466194;231031;15;729
5484;3466923;6491;534;729
5485;3467652;1851;1873;729
5486;3468381;804;4313;729
5487;3469110;165161;21;729
5488;3469839;115637;30;729
5489;3470568;1047;3314;810
5490;3471378;12713;273;729
5491;3472107;578563;6;729
5492;3472836;1157369;3;729
5493;3473565;753;4612;729
5494;3474294;231571;15;729
5495;3475023;18679;186;729
5496;3475752;1158341;3;729
5497;3476481;952;3651;729
5498;3477210;1200;2897;810
5499;3478020;933;3727;729
5500;3478749;735;4732;729
5501;3479478;1159583;3;729
5502;3480207;19997;174;729
5503;3480936;16339;213;729
5504;3481665;1032;3373;729
5505;3482394;21101;165;729
5506;3483123;922;3777;729
5507;3483852;580627;6;90
5508;3483942;1007;3459;729
5509;3484671;7541;462;729
5510;3485400;1657;2103;729
5511;3486129;740;4710;729
5512;3486858;1162043;3;729
5513;3487587;581143;6;729
5514;3488316;1162529;3;729
5515;3489045;758;4602;729
5516;3489774;1002;3482;810
5517;3490584;985;3543;729
5518;3491313;145441;24;729
5519;3492042;961;3633;729
5520;3492771;818;4269;729
5521;3493500;1347;2593;729
5522;3494229;750;4658;729
5523;3494958;1707;2047;729
5524;3495687;939;3722;729
5525;3496416;582601;6;810
5526;3497226;1621;2157;729
5527;3497955;1194;2929;729
5528;3498684;10139;345;729
5529;3499413;41651;84;729
5530;3500142;1723;2031;729
5531;3500871;30703;114;729
5532;3501600;106087;33;729
5533;3502329;800;4377;729
5534;3503058;876;3998;810
5535;3503868;1383;2533;729
5536;3504597;9419;372;729
5537;3505326;8527;411;729
5538;3506055;921;3806;729
5539;3506784;33391;105;729
5540;3507513;36529;96;729
5541;3508242;1169171;3;729
5542;3508971;584707;6;729
5543;3509700;930;3773;810
5544;3510510;106357;33;729
5545;3511239;117017;30;729
5546;3511968;753;4663;729
5547;3512697;36583;96;729
5548;3513426;1170899;3;729
5549;3514155;83653;42;729
5550;3514884;13781;255;729
5551;3515613;996;3529;729
5552;3516342;907;3876;810
5553;3517152;37811;93;729
5554;3517881;36637;96;729
5555;3518610;1697;2073;729
5556;3519339;6173;570;729
5557;3520068;6781;519;729
5558;3520797;293339;12;729
5559;3521526;903;3899;729
5560;3522255;586921;6;729
5561;3522984;25523;138;810
5562;3523794;1015;3471;729
5563;3524523;1074;3281;729
5564;3525252;6151;573;729
5565;3525981;789;4468;729
5566;3526710;813;4337;729
5567;3527439;10687;330;729
5568;3528168;1175813;3;729
5569;3528897;21001;168;729
5570;3529626;73517;48;810
5571;3530436;11423;309;729
5572;3531165;732;4823;729
5573;3531894;21401;165;729
5574;3532623;588649;6;729
5575;3533352;1177541;3;729
5576;3534081;851;4152;729
5577;3534810;1049;3369;729
5578;3535539;870;4063;729
5579;3536268;589243;6;810
5580;3537078;31859;111;729
5581;3537807;874;4047;729
5582;3538536;12959;273;729
5583;3539265;1128;3137;729
5584;3539994;235951;15;729
5585;3540723;1146;3089;729
5586;3541452;1180241;3;729
5587;3542181;842;4206;729
5588;3542910;137;25860;90
5589;3543000;1180757;3;729
5590;3543729;750;4724;729
5591;3544458;24107;147;729
5592;3545187;12569;282;729
5593;3545916;1181729;3;729
5594;3546645;26863;132;729
5595;3547374;1005;3529;729
5596;3548103;1194;2971;729
5597;3548832;31123;114;810
5598;3549642;771;4603;729
5599;3550371;753;4714;729
5600;3551100;813;4367;729
5601;3551829;798;4450;729
5602;3552558;1183943;3;729
5603;3553287;986;3603;729
5604;3554016;1184429;3;729
5605;3554745;37021;96;729
5606;3555474;888;4003;810
5607;3556284;809;4395;729
5608;3557013;5023;708;729
5609;3557742;1185671;3;729
5610;3558471;1338;2659;729
5611;3559200;1673;2127;729
5612;3559929;800;4449;729
5613;3560658;8537;417;729
5614;3561387;746;4773;729
5615;3562116;84793;42;810
5616;3562926;69847;51;729
5617;3563655;8863;402;729
5618;3564384;6421;555;729
5619;3565113;856;4164;729
5620;3565842;4931;723;729
5621;3566571;826;4317;729
5622;3567300;1188857;3;729
5623;3568029;759;4700;729
5624;3568758;876;4073;810
5625;3569568;1189613;3;729
5626;3570297;824;4332;729
5627;3571026;1637;2181;729
5628;3571755;1374;2599;729
5629;3572484;21647;165;729
5630;3573213;297707;12;729
5631;3573942;10009;357;729
5632;3574671;786;4547;729
5633;3575400;815;4386;810
5634;3576210;1871;1911;729
5635;3576939;10837;330;729
5636;3577668;1371;2609;729
5637;3578397;886;4038;729
5638;3579126;41131;87;729
5639;3579855;7187;498;729
5640;3580584;238657;15;729
5641;3581313;21313;168;729
5642;3582042;74609;48;810
5643;3582852;1194041;3;729
5644;3583581;772;4641;729
5645;3584310;11827;303;729
5646;3585039;761;4710;729
5647;3585768;27791;129;729
5648;3586497;1272;2819;729
5649;3587226;62921;57;729
5650;3587955;1093;3282;729
5651;3588684;849;4226;810
5652;3589494;239251;15;729
5653;3590223;843;4258;729
5654;3590952;13151;273;729
5655;3591681;149623;24;729
5656;3592410;993;3617;729
5657;3593139;119747;30;729
5658;3593868;108883;33;729
5659;3594597;892;4029;729
5660;3595326;5077;708;810
5661;3596136;1198469;3;729
5662;3596865;149839;24;729
5663;3597594;915;3931;729
5664;3598323;858;4193;729
5665;3599052;1199441;3;729
5666;3599781;1284;2803;729
5667;3600510;6091;591;729
5668;3601239;120017;30;729
5669;3601968;191;18858;90
5670;3602058;1200443;3;729
5671;3602787;1083;3326;729
5672;3603516;1200929;3;729
5673;3604245;42899;84;729
5674;3604974;240283;15;729
5675;3605703;906;3979;729
5676;3606432;849;4247;729
5677;3607161;37567;96;729
5678;3607890;30059;120;810
5679;3608700;13513;267;729
5680;3609429;1046;3450;729
5681;3610158;11681;309;729
5682;3610887;766;4713;729
5683;3611616;171947;21;729
5684;3612345;816;4426;729
5685;3613074;21893;165;729
5686;3613803;602179;6;729
5687;3614532;834;4333;810
5688;3615342;1204871;3;729
5689;3616071;11369;318;729
5690;3616800;9491;381;729
5691;3617529;800;4521;729
5692;3618258;1205843;3;729
5693;3618987;794;4557;729
5694;3619716;1101;3287;729
5695;3620445;301643;12;729
5696;3621174;27427;132;810
5697;3621984;935;3873;729
5698;3622713;928;3903;729
5699;3623442;25693;141;729
5700;3624171;603907;6;729
5701;3624900;1208057;3;729
5702;3625629;843;4300;729
5703;3626358;172649;21;729
5704;3627087;762;4759;729
5705;3627816;1362;2663;810
5706;3628626;959;3783;729
5707;3629355;849;4274;729
5708;3630084;1847;1965;729
5709;3630813;302507;12;729
5710;3631542;39041;93;729
5711;3632271;605257;6;729
5712;3633000;1063;3417;729
5713;3633729;750;4844;729
5714;3634458;816;4453;810
5715;3635268;6343;573;729
5716;3635997;1092;3329;729
5717;3636726;1211999;3;729
5718;3637455;606121;6;729
5719;3638184;12763;285;729
5720;3638913;13781;264;729
5721;3639642;32783;111;729
5722;3640371;606607;6;729
5723;3641100;121343;30;810
5724;3641910;1149;3169;729
5725;3642639;965;3774;729
5726;3643368;1001;3639;729
5727;3644097;744;4897;729
5728;3644826;52813;69;729
5729;3645555;607471;6;729
5730;3646284;5171;705;729
5731;3647013;1356;2689;729
5732;3647742;1524;2393;810
5733;3648552;1823;2001;729
5734;3649281;804;4538;729
5735;3650010;28289;129;729
5736;3650739;735;4966;729
5737;3651468;1216913;3;729
5738;3652197;1164;3137;729
5739;3652926;1217399;3;729
5740;3653655;1003;3642;729
5741;3654384;6029;606;810
5742;3655194;243631;15;729
5743;3655923;609199;6;729
5744;3656652;1767;2069;729
5745;3657381;922;3966;729
5746;3658110;13397;273;729
5747;3658839;121937;30;729
5748;3659568;1219613;3;729
5749;3660297;956;3828;729
5750;3661026;152539;24;90
5751;3661116;39359;93;729
5752;3661845;305093;12;729
5753;3662574;22193;165;729
5754;3663303;610429;6;729
5755;3664032;174443;21;729
5756;3664761;38167;96;729
5757;3665490;28409;129;729
5758;3666219;915;4006;729
5759;3666948;861;4258;810
5760;3667758;1901;1929;729
5761;3668487;611293;6;729
5762;3669216;1222829;3;729
5763;3669945;888;4132;729
5764;3670674;815;4503;729
5765;3671403;742;4947;729
5766;3672132;823;4461;729
5767;3672861;306011;12;729
5768;3673590;820;4479;810
5769;3674400;1059;3469;729
5770;3675129;800;4593;729
5771;3675858;11449;321;729
5772;3676587;612643;6;729
5773;3677316;1225529;3;729
5774;3678045;10567;348;729
5775;3678774;805;4569;729
5776;3679503;802;4587;729
5777;3680232;14957;246;810
5778;3681042;793;4641;729
5779;3681771;613507;6;729
5780;3682500;53359;69;729
5781;3683229;750;4910;729
5782;3683958;1401;2629;729
5783;3684687;613993;6;729
5784;3685416;17299;213;729
5785;3686145;21937;168;729
5786;3686874;984;3746;810
5787;3687684;813;4535;729
5788;3688413;858;4298;729
5789;3689142;64709;57;729
5790;3689871;1086;3397;729
5791;3690600;1229957;3;729
5792;3691329;6151;600;729
5793;3692058;72379;51;729
5794;3692787;615343;6;729
5795;3693516;883;4182;810
5796;3694326;1231199;3;729
5797;3695055;615721;6;729
5798;3695784;1365;2707;729
5799;3696513;153991;24;729
5800;3697242;1232171;3;729
5801;3697971;616207;6;729
5802;3698700;1232657;3;729
5803;3699429;12329;300;729
5804;3700158;876;4223;810
5805;3700968;5531;669;729
5806;3701697;772;4794;729
5807;3702426;1233899;3;729
5808;3703155;6781;546;729
5809;3703884;8513;435;729
5810;3704613;771;4804;729
5811;3705342;112261;33;729
5812;3706071;32503;114;729
5813;3706800;943;3930;810
5814;3707610;65033;57;729
5815;3708339;830;4467;729
5816;3709068;15647;237;729
5817;3709797;28099;132;729
5818;3710526;749;4953;729
5819;3711255;618421;6;729
5820;3711984;1203;3085;729
5821;3712713;816;4549;729
5822;3713442;861;4312;810
5823;3714252;1419;2617;729
5824;3714981;309521;12;729
5825;3715710;1238327;3;729
5826;3716439;1055;3522;729
5827;3717168;1299;2861;729
5828;3717897;777;4784;729
5829;3718626;1047;3551;729
5830;3719355;619771;6;729
5831;3720084;1860037;2;10
5832;3720094;57221;65;729
5833;3720823;6481;574;729
5834;3721552;8633;431;729
5835;3722281;232597;16;729
5836;3723010;8479;439;729
5837;3723739;16187;230;729
5838;3724468;3723739;1;729
5839;3725197;1034;3602;729
5840;3725926;7109;524;810
5841;3726736;128483;29;729
5842;3727465;779;4784;729
5843;3728194;1405;2653;729
5844;3728923;1214;3071;729
5845;3729652;338993;11;729
5846;3730381;932413;4;729
5847;3731110;3730381;1;729
5848;3731839;8677;430;729
5849;3732568;9769;382;810
5850;3733378;3732649;1;729
5851;3734107;902;4139;729
5852;3734836;287239;13;729
5853;3735565;133387;28;729
5854;3736294;747113;5;729
5855;3737023;109891;34;729
5856;3737752;33071;113;729
5857;3738481;16111;232;729
5858;3739210;4673;800;810
5859;3740020;3739291;1;729
5860;3740749;820;4561;729
5861;3741478;1019;3671;729
5862;3742207;953;3926;729
5863;3742936;534601;7;729
5864;3743665;467867;8;729
5865;3744394;785;4769;729
5866;3745123;19301;194;729
5867;3745852;6221;602;810
5868;3746662;1231;3043;729
5869;3747391;45691;82;729
5870;3748120;3747391;1;729
5871;3748849;93703;40;729
5872;3749578;5441;689;729
5873;3750307;38261;98;729
5874;3751036;340937;11;729
5875;3751765;1366;2746;729
5876;3752494;1412;2657;810
5877;3753304;1835;2045;729
5878;3754033;11443;328;729
5879;3754762;3754033;1;729
5880;3755491;1133;3314;729
5881;3756220;87337;43;729
5882;3756949;14447;260;729
5883;3757678;917;4097;729
5884;3758407;1878839;2;729
5885;3759136;1546;2431;810
5886;3759946;48821;77;729
5887;3760675;45853;82;729
5888;3761404;150427;25;729
5889;3762133;940351;4;729
5890;3762862;8609;437;729
5891;3763591;1881431;2;729
5892;3764320;871;4321;729
5893;3765049;1120;3361;729
5894;3765778;470621;8;810
5895;3766588;163733;23;729
5896;3767317;772;4879;729
5897;3768046;27103;139;729
5898;3768775;746;5051;729
5899;3769504;1165;3235;729
5900;3770233;117797;32;729
5901;3770962;3770233;1;729
5902;3771691;145037;26;729
5903;3772420;1370;2753;810
5904;3773230;1069;3529;729
5905;3773959;9203;410;729
5906;3774688;11471;329;729
5907;3775417;117959;32;729
5908;3776146;3775417;1;729
5909;3776875;814;4639;729
5910;3777604;6043;625;729
5911;3778333;761;4964;729
5912;3779062;349;10828;90
5913;3779152;6481;583;729
5914;3779881;18169;208;729
5915;3780610;11489;329;729
5916;3781339;9221;410;729
5917;3782068;1291;2929;729
5918;3782797;1004;3767;729
5919;3783526;6719;563;729
5920;3784255;1061;3566;729
5921;3784984;25919;146;810
5922;3785794;1453;2605;729
5923;3786523;32083;118;729
5924;3787252;291271;13;729
5925;3787981;1148;3299;729
5926;3788710;3787981;1;729
5927;3789439;6211;610;729
5928;3790168;16993;223;729
5929;3790897;766;4948;729
5930;3791626;118463;32;810
5931;3792436;24151;157;729
5932;3793165;11423;332;729
5933;3793894;758633;5;729
5934;3794623;1066;3559;729
5935;3795352;1939;1957;729
5936;3796081;731;5192;729
5937;3796810;165047;23;729
5938;3797539;379681;10;729
5939;3798268;7331;518;810
5940;3799078;3798349;1;729
5941;3799807;14957;254;729
5942;3800536;5819;653;729
5943;3801265;11587;328;729
5944;3801994;58481;65;729
5945;3802723;271571;14;729
5946;3803452;80909;47;729
5947;3804181;829;4588;729
5948;3804910;1090;3490;810
5949;3805720;223823;17;729
5950;3806449;95143;40;729
5951;3807178;102877;37;729
5952;3807907;1189;3202;729
5953;3808636;3807907;1;729
5954;3809365;73243;52;729
5955;3810094;857;4445;729
5956;3810823;953;3998;729
5957;3811552;1261;3022;810
5958;3812362;1109;3437;729
5959;3813091;14551;262;729
5960;3813820;200689;19;729
5961;3814549;820;4651;729
5962;3815278;25601;149;729
5963;3816007;1907639;2;729
5964;3816736;6851;557;729
5965;3817465;1232;3098;729
5966;3818194;28069;136;810
5967;3819004;815;4685;729
5968;3819733;136393;28;729
5969;3820462;9073;421;729
5970;3821191;46591;82;729
5971;3821920;907;4213;729
5972;3822649;23887;160;729
5973;3823378;3822649;1;729
5974;3824107;958;3991;729
5975;3824836;1357;2818;810
5976;3825646;8297;461;729
5977;3826375;901;4246;729
5978;3827104;875;4373;729
5979;3827833;1312;2917;729
5980;3828562;3827833;1;729
5981;3829291;61751;62;729
5982;3830020;3829291;1;729
5983;3830749;10079;380;729
5984;3831478;33023;116;810
5985;3832288;201661;19;729
5986;3833017;119759;32;729
5987;3833746;132173;29;729
5988;3834475;6679;574;729
5989;3835204;153379;25;729
5990;3835933;41687;92;729
5991;3836662;21193;181;729
5992;3837391;112843;34;729
5993;3838120;54829;70;90
5994;3838210;166847;23;729
5995;3838939;383821;10;729
5996;3839668;1499;2561;729
5997;3840397;137131;28;729
5998;3841126;1199;3203;729
5999;3841855;5699;674;729
6000;3842584;768371;5;729
6001;3843313;856;4489;729
6002;3844042;1328;2894;810
6003;3844852;6271;613;729
6004;3845581;87383;44;729
6005;3846310;6529;589;729
6006;3847039;29587;130;729
6007;3847768;78511;49;729
6008;3848497;11731;328;729
6009;3849226;3848497;1;729
6010;3849955;17657;218;729
6011;3850684;1022;3767;810
6012;3851494;26557;145;729
6013;3852223;1925747;2;729
6014;3852952;21283;181;729
6015;3853681;481619;8;729
6016;3854410;296437;13;729
6017;3855139;790;4879;729
6018;3855868;63199;61;729
6019;3856597;13577;284;729
6020;3857326;5573;692;810
6021;3858136;1009;3823;729
6022;3858865;1324;2914;729
6023;3859594;11519;335;729
6024;3860323;44879;86;729
6025;3861052;1051;3673;729
6026;3861781;1066;3622;729
6027;3862510;50153;77;729
6028;3863239;1102;3505;729
6029;3863968;4793;806;810
6030;3864778;1709;2261;729
6031;3865507;1042;3709;729
6032;3866236;25943;149;729
6033;3866965;87869;44;729
6034;3867694;773393;5;729
6035;3868423;934;4141;729
6036;3869152;883;4381;729
6037;3869881;736;5257;729
6038;3870610;1100;3518;810
6039;3871420;11351;341;729
6040;3872149;27653;140;729
6041;3872878;14723;263;729
6042;3873607;1357;2854;729
6043;3874336;49033;79;729
6044;3875065;1312;2953;729
6045;3875794;45589;85;729
6046;3876523;149069;26;729
6047;3877252;114013;34;810
6048;3878062;997;3889;729
6049;3878791;829;4678;729
6050;3879520;79159;49;729
6051;3880249;24247;160;729
6052;3880978;3880249;1;729
6053;3881707;779;4982;729
6054;3882436;104911;37;729
6055;3883165;16451;236;729
6056;3883894;5813;668;810
6057;3884704;1075;3613;729
6058;3885433;772;5032;729
6059;3886162;3885433;1;729
6060;3886891;973;3994;729
6061;3887620;25741;151;729
6062;3888349;820;4741;729
6063;3889078;134081;29;729
6064;3889807;1944539;2;729
6065;3890536;31883;122;810
6066;3891346;24781;157;729
6067;3892075;1945673;2;729
6068;3892804;14153;275;729
6069;3893533;7663;508;729
6070;3894262;556219;7;729
6071;3894991;47491;82;729
6072;3895720;3894991;1;729
6073;3896449;1156;3370;729
6074;3897178;104;37472;90
6075;3897268;205081;19;729
6076;3897997;974317;4;729
6077;3898726;8419;463;729
6078;3899455;1327;2938;729
6079;3900184;1505;2591;729
6080;3900913;977;3992;729
6081;3901642;1321;2953;729
6082;3902371;47581;82;729
6083;3903100;1042;3745;810
6084;3903910;35809;109;729
6085;3904639;390391;10;729
6086;3905368;3904639;1;729
6087;3906097;488171;8;729
6088;3906826;797;4901;729
6089;3907555;1103;3542;729
6090;3908284;781511;5;729
6091;3909013;23831;164;729
6092;3909742;977233;4;810
6093;3910552;1153;3391;729
6094;3911281;802;4876;729
6095;3912010;355571;11;729
6096;3912739;970;4033;729
6097;3913468;55109;71;729
6098;3914197;884;4427;729
6099;3914926;6737;581;729
6100;3915655;47743;82;729
6101;3916384;949;4126;810
6102;3917194;745;5257;729
6103;3917923;7621;514;729
6104;3918652;3917923;1;729
6105;3919381;862;4546;729
6106;3920110;3919381;1;729
6107;3920839;392011;10;729
6108;3921568;1417;2767;729
6109;3922297;784;5002;729
6110;3923026;490277;8;810
6111;3923836;230771;17;729
6112;3924565;1204;3259;729
6113;3925294;784913;5;729
6114;3926023;773;5078;729
6115;3926752;3926023;1;729
6116;3927481;886;4432;729
6117;3928210;44129;89;729
6118;3928939;737;5330;729
6119;3929668;103391;38;810
6120;3930478;3929749;1;729
6121;3931207;1965239;2;729
6122;3931936;1297;3031;729
6123;3932665;892;4408;729
6124;3933394;71503;55;729
6125;3934123;1966697;2;729
6126;3934852;231419;17;729
6127;3935581;23993;164;729
6128;3936310;850;4630;810
6129;3937120;1373;2867;729
6130;3937849;880;4474;729
6131;3938578;3937849;1;729
6132;3939307;281327;14;729
6133;3940036;10973;359;729
6134;3940765;6043;652;729
6135;3941494;788153;5;729
6136;3942223;1354;2911;729
6137;3942952;1049;3758;810
6138;3943762;9833;401;729
6139;3944491;1202;3281;729
6140;3945220;7571;521;729
6141;3945949;197261;20;729
6142;3946678;24509;161;729
6143;3947407;1973339;2;729
6144;3948136;3947407;1;729
6145;3948865;12037;328;729
6146;3949594;35257;112;810
6147;3950404;6869;575;729
6148;3951133;881;4484;729
6149;3951862;3951133;1;729
6150;3952591;1975931;2;729
6151;3953320;10429;379;729
6152;3954049;980;4034;729
6153;3954778;1111;3559;729
6154;3955507;1394;2837;729
6155;3956236;1277;3098;90
6156;3956326;3955597;1;729
6157;3957055;179833;22;729
6158;3957784;791411;5;729
6159;3958513;494723;8;729
6160;3959242;304501;13;729
6161;3959971;778;5089;729
6162;3960700;919;4309;729
6163;3961429;39607;100;729
6164;3962158;893;4436;810
6165;3962968;13523;293;729
6166;3963697;495371;8;729
6167;3964426;92179;43;729
6168;3965155;104327;38;729
6169;3965884;1795;2209;729
6170;3966613;1378;2878;729
6171;3967342;566659;7;729
6172;3968071;8231;482;729
6173;3968800;1165;3406;810
6174;3969610;7177;553;729
6175;3970339;5591;710;729
6176;3971068;3970339;1;729
6177;3971797;1388;2861;729
6178;3972526;3971797;1;729
6179;3973255;1054;3769;729
6180;3973984;5557;715;729
6181;3974713;791;5024;729
6182;3975442;1382;2876;810
6183;3976252;137087;29;729
6184;3976981;20287;196;729
6185;3977710;3976981;1;729
6186;3978439;36161;110;729
6187;3979168;47933;83;729
6188;3979897;124349;32;729
6189;3980626;173039;23;729
6190;3981355;11777;338;729
6191;3982084;814;4891;810
6192;3982894;935;4259;729
6193;3983623;746;5339;729
6194;3984352;763;5221;729
6195;3985081;1399;2848;729
6196;3985810;128551;31;729
6197;3986539;398581;10;729
6198;3987268;3986539;1;729
6199;3987997;929;4292;729
6200;3988726;996979;4;810
6201;3989536;1117;3571;729
6202;3990265;124673;32;729
6203;3990994;21569;185;729
6204;3991723;285071;14;729
6205;3992452;3991723;1;729
6206;3993181;9157;436;729
6207;3993910;234893;17;729
6208;3994639;399391;10;729
6209;3995368;6911;578;810
6210;3996178;3995449;1;729
6211;3996907;1998089;2;729
6212;3997636;977;4091;729
6213;3998365;1252;3193;729
6214;3999094;1609;2485;729
6215;3999823;181777;22;729
6216;4000552;1607;2489;729
6217;4001281;500069;8;729
6218;4002010;1400;2858;810
6219;4002820;22111;181;729
6220;4003549;772;5185;729
6221;4004278;363959;11;729
6222;4005007;10061;398;729
6223;4005736;28813;139;729
6224;4006465;932;4298;729
6225;4007194;801293;5;729
6226;4007923;2003597;2;729
6227;4008652;1154;3473;810
6228;4009462;1621;2473;729
6229;4010191;2004731;2;729
6230;4010920;129361;31;729
6231;4011649;788;5090;729
6232;4012378;4011649;1;729
6233;4013107;2006189;2;729
6234;4013836;1537;2611;729
6235;4014565;881;4556;729
6236;4015294;283;14188;90
6237;4015384;1829;2195;729
6238;4016113;26417;152;729
6239;4016842;4016113;1;729
6240;4017571;2008421;2;729
6241;4018300;851;4721;729
6242;4019029;1100;3653;729
6243;4019758;82021;49;729
6244;4020487;2009879;2;729
6245;4021216;1313;3062;810
6246;4022026;24977;161;729
6247;4022755;12809;314;729
6248;4023484;73141;55;729
6249;4024213;15013;268;729
6250;4024942;68207;59;729
6251;4025671;2012471;2;729
6252;4026400;309667;13;729
6253;4027129;800;5033;729
6254;4027858;503381;8;810
6255;4028668;12169;331;729
6256;4029397;143881;28;729
6257;4030126;4029397;1;729
6258;4030855;2015063;2;729
6259;4031584;27799;145;729
6260;4032313;7411;544;729
6261;4033042;212227;19;729
6262;4033771;857;4706;729
6263;4034500;403369;10;810
6264;4035310;16741;241;729
6265;4036039;883;4570;729
6266;4036768;576577;7;729
6267;4037497;808;4996;729
6268;4038226;39199;103;729
6269;4038955;2019113;2;729
6270;4039684;853;4735;729
6271;4040413;91811;44;729
6272;4041142;1010083;4;810
6273;4041952;1513;2671;729
6274;4042681;126311;32;729
6275;4043410;919;4399;729
6276;4044139;1229;3290;729
6277;4044868;367649;11;729
6278;4045597;1011217;4;729
6279;4046326;4045597;1;729
6280;4047055;2023163;2;729
6281;4047784;1046;3869;810
6282;4048594;1283;3155;729
6283;4049323;1129;3586;729
6284;4050052;811;4993;729
6285;4050781;1012513;4;729
6286;4051510;931;4351;729
6287;4052239;758;5345;729
6288;4052968;5933;683;729
6289;4053697;22027;184;729
6290;4054426;952;4258;810
6291;4055236;13037;311;729
6292;4055965;7739;524;729
6293;4056694;811193;5;729
6294;4057423;1334;3041;729
6295;4058152;4057423;1;729
6296;4058881;72467;56;729
6297;4059610;14653;277;729
6298;4060339;1297;3130;729
6299;4061068;8713;466;810
6300;4061878;4061149;1;729
6301;4062607;1238;3281;729
6302;4063336;4062607;1;729
6303;4064065;507917;8;729
6304;4064794;7457;545;729
6305;4065523;958;4243;729
6306;4066252;1427;2849;729
6307;4066981;1006;4042;729
6308;4067710;1214;3350;810
6309;4068520;44701;91;729
6310;4069249;740;5498;729
6311;4069978;1159;3511;729
6312;4070707;184999;22;729
6313;4071436;5807;701;729
6314;4072165;1017859;4;729
6315;4072894;1285;3169;729
6316;4073623;763;5338;729
6317;4074352;2037131;2;90
6318;4074442;83137;49;729
6319;4075171;70249;58;729
6320;4075900;4075171;1;729
6321;4076629;40759;100;729
6322;4077358;4076629;1;729
6323;4078087;19793;206;729
6324;4078816;313699;13;729
6325;4079545;917;4448;729
6326;4080274;22171;184;810
6327;4081084;1181;3455;729
6328;4081813;145753;28;729
6329;4082542;4081813;1;729
6330;4083271;16073;254;729
6331;4084000;11311;361;729
6332;4084729;800;5105;729
6333;4085458;371339;11;729
6334;4086187;157133;26;729
6335;4086916;2043053;2;810
6336;4087726;4086997;1;729
6337;4088455;1354;3019;729
6338;4089184;995;4109;729
6339;4089913;11617;352;729
6340;4090642;15551;263;729
6341;4091371;782;5231;729
6342;4092100;4091371;1;729
6343;4092829;755;5420;729
6344;4093558;974;4202;810
6345;4094368;372149;11;729
6346;4095097;736;5563;729
6347;4095826;4095097;1;729
6348;4096555;7907;518;729
6349;4097284;819311;5;729
6350;4098013;1024321;4;729
6351;4098742;8851;463;729
6352;4099471;11449;358;729
6353;4100200;1117;3670;810
6354;4101010;8317;493;729
6355;4101739;794;5165;729
6356;4102468;1121;3659;729
6357;4103197;1006;4078;729
6358;4103926;6043;679;729
6359;4104655;2051963;2;729
6360;4105384;1301;3155;729
6361;4106113;513173;8;729
6362;4106842;854;4808;810
6363;4107652;49481;83;729
6364;4108381;1026913;4;729
6365;4109110;19471;211;729
6366;4109839;6133;670;729
6367;4110568;4109839;1;729
6368;4111297;6673;616;729
6369;4112026;1003;4099;729
6370;4112755;899;4574;729
6371;4113484;1241;3314;810
6372;4114294;822713;5;729
6373;4115023;2057147;2;729
6374;4115752;374093;11;729
6375;4116481;998;4124;729
6376;4117210;9551;431;729
6377;4117939;411721;10;729
6378;4118668;588277;7;729
6379;4119397;54193;76;729
6380;4120126;7517;548;810
6381;4120936;1729;2383;729
6382;4121665;772;5338;729
6383;4122394;17539;235;729
6384;4123123;2061197;2;729
6385;4123852;40823;101;729
6386;4124581;7417;556;729
6387;4125310;133051;31;729
6388;4126039;8419;490;729
6389;4126768;2062979;2;810
6390;4127578;37861;109;729
6391;4128307;22679;182;729
6392;4129036;4128307;1;729
6393;4129765;1032259;4;729
6394;4130494;35911;115;729
6395;4131223;48029;86;729
6396;4131952;4131223;1;729
6397;4132681;748;5524;729
6398;4133410;103333;40;90
6399;4133500;881;4691;729
6400;4134229;875;4724;729
6401;4134958;1441;2869;729
6402;4135687;2067479;2;729
6403;4136416;36599;113;729
6404;4137145;129263;32;729
6405;4137874;827429;5;729
6406;4138603;793;5218;729
6407;4139332;2069261;2;810
6408;4140142;983;4211;729
6409;4140871;2070071;2;729
6410;4141600;591553;7;729
6411;4142329;775;5344;729
6412;4143058;11287;367;729
6413;4143787;982;4219;729
6414;4144516;52453;79;729
6415;4145245;1036129;4;729
6416;4145974;1036291;4;810
6417;4146784;829211;5;729
6418;4147513;129587;32;729
6419;4148242;9623;431;729
6420;4148971;6047;686;729
6421;4149700;4148971;1;729
6422;4150429;850;4882;729
6423;4151158;10951;379;729
6424;4151887;9931;418;729
6425;4152616;2075903;2;810
6426;4153426;1159;3583;729
6427;4154155;2076713;2;729
6428;4154884;26801;155;729
6429;4155613;1038721;4;729
6430;4156342;1861;2233;729
6431;4157071;743;5594;729
6432;4157800;863;4817;729
6433;4158529;20789;200;729
6434;4159258;856;4858;810
6435;4160068;244667;17;729
6436;4160797;94547;44;729
6437;4161526;4160797;1;729
6438;4162255;2080763;2;729
6439;4162984;832451;5;729
6440;4163713;941;4424;729
6441;4164442;181031;23;729
6442;4165171;25087;166;729
6443;4165900;11257;370;810
6444;4166710;32803;127;729
6445;4167439;13441;310;729
6446;4168168;181193;23;729
6447;4168897;521021;8;729
6448;4169626;10501;397;729
6449;4170355;1226;3401;729
6450;4171084;731;5705;729
6451;4171813;28183;148;729
6452;4172542;1054;3958;810
6453;4173352;45853;91;729
6454;4174081;521669;8;729
6455;4174810;1369;3049;729
6456;4175539;7877;530;729
6457;4176268;4175539;1;729
6458;4176997;8221;508;729
6459;4177726;379727;11;729
6460;4178455;298409;14;729
6461;4179184;28619;146;810
6462;4179994;1829;2285;729
6463;4180723;833;5018;729
6464;4181452;4180723;1;729
6465;4182181;841;4972;729
6466;4182910;13193;317;729
6467;4183639;905;4622;729
6468;4184368;4183639;1;729
6469;4185097;261523;16;729
6470;4185826;836;5006;810
6471;4186636;859;4873;729
6472;4187365;1046659;4;729
6473;4188094;9203;455;729
6474;4188823;5833;718;729
6475;4189552;70997;59;729
6476;4190281;261847;16;729
6477;4191010;769;5449;729
6478;4191739;890;4709;729
6479;4192468;67619;62;90
6480;4192558;4191829;1;729
6481;4193287;1318;3181;729
6482;4194016;1697;2471;729
6483;4194745;131063;32;729
6484;4195474;838949;5;729
6485;4196203;809;5186;729
6486;4196932;881;4763;729
6487;4197661;1172;3581;729
6488;4198390;820;5119;810
6489;4199200;4198471;1;729
6490;4199929;800;5249;729
6491;4200658;4199929;1;729
6492;4201387;27277;154;729
6493;4202116;851;4937;729
6494;4202845;55291;76;729
6495;4203574;11839;355;729
6496;4204303;773;5438;729
6497;4205032;869;4838;810
6498;4205842;1511;2783;729
6499;4206571;886;4747;729
6500;4207300;1163;3617;729
6501;4208029;42073;100;729
6502;4208758;601147;7;729
6503;4209487;123787;34;729
6504;4210216;39341;107;729
6505;4210945;12239;344;729
6506;4211674;917;4592;810
6507;4212484;842351;5;729
6508;4213213;1018;4138;729
6509;4213942;953;4421;729
6510;4214671;5869;718;729
6511;4215400;4214671;1;729
6512;4216129;1400;3011;729
6513;4216858;4216129;1;729
6514;4217587;2108429;2;729
6515;4218316;1558;2707;810
6516;4219126;248141;17;729
6517;4219855;34583;122;729
6518;4220584;1733;2435;729
6519;4221313;27767;152;729
6520;4222042;4221313;1;729
6521;4222771;191911;22;729
6522;4223500;86179;49;729
6523;4224229;8447;500;729
6524;4224958;1198;3526;810
6525;4225768;1601;2639;729
6526;4226497;1336;3163;729
6527;4227226;384227;11;729
6528;4227955;10729;394;729
6529;4228684;1865;2267;729
6530;4229413;1084;3901;729
6531;4230142;248789;17;729
6532;4230871;742;5701;729
6533;4231600;1214;3485;810
6534;4232410;7411;571;729
6535;4233139;910;4651;729
6536;4233868;4233139;1;729
6537;4234597;1004;4217;729
6538;4235326;98479;43;729
6539;4236055;2117663;2;729
6540;4236784;797;5315;729
6541;4237513;794;5336;729
6542;4238242;12919;328;810
6543;4239052;15083;281;729
6544;4239781;772;5491;729
6545;4240510;46591;91;729
6546;4241239;895;4738;729
6547;4241968;4241239;1;729
6548;4242697;265123;16;729
6549;4243426;18209;233;729
6550;4244155;192883;22;729
6551;4244884;1418;2993;810
6552;4245694;848993;5;729
6553;4246423;1321;3214;729
6554;4247152;1597;2659;729
6555;4247881;1456;2917;729
6556;4248610;979;4339;729
6557;4249339;424861;10;729
6558;4250068;114847;37;729
6559;4250797;62501;68;729
6560;4251526;12;354293;10
6561;4251536;386437;11;729
6562;4252265;6481;656;729
6563;4252994;850453;5;729
6564;4253723;1226;3469;729
6565;4254452;1003;4241;729
6566;4255181;1063613;4;729
6567;4255910;607883;7;729
6568;4256639;425591;10;729
6569;4257368;2128279;2;810
6570;4258178;608207;7;729
6571;4258907;51929;82;729
6572;4259636;224153;19;729
6573;4260365;36721;116;729
6574;4261094;23029;185;729
6575;4261823;1318;3233;729
6576;4262552;32533;131;729
6577;4263281;739;5768;729
6578;4264010;1168;3650;810
6579;4264820;328007;13;729
6580;4265549;743;5740;729
6581;4266278;33587;127;729
6582;4267007;1031;4138;729
6583;4267736;4267007;1;729
6584;4268465;48497;88;729
6585;4269194;853693;5;729
6586;4269923;15581;274;729
6587;4270652;2134921;2;810
6588;4271462;28283;151;729
6589;4272191;1066;4007;729
6590;4272920;791;5401;729
6591;4273649;106823;40;729
6592;4274378;1499;2851;729
6593;4275107;125717;34;729
6594;4275836;967;4421;729
6595;4276565;886;4826;729
6596;4277294;1588;2693;810
6597;4278104;1801;2375;729
6598;4278833;13043;328;729
6599;4279562;1937;2209;729
6600;4280291;43669;98;729
6601;4281020;21509;199;729
6602;4281749;214051;20;729
6603;4282478;186163;23;729
6604;4283207;6469;662;729
6605;4283936;73847;58;810
6606;4284746;252001;17;729
6607;4285475;52253;82;729
6608;4286204;1285;3335;729
6609;4286933;1186;3614;729
6610;4287662;1019;4207;729
6611;4288391;2143831;2;729
6612;4289120;4288391;1;729
6613;4289849;880;4874;729
6614;4290578;76603;56;810
6615;4291388;11321;379;729
6616;4292117;764;5617;729
6617;4292846;4292117;1;729
6618;4293575;2146423;2;729
6619;4294304;1201;3575;729
6620;4295033;1009;4256;729
6621;4295762;797;5389;729
6622;4296491;2147881;2;729
6623;4297220;995;4318;810
6624;4298030;4297301;1;729
6625;4298759;902;4765;729
6626;4299488;4298759;1;729
6627;4300217;134359;32;729
6628;4300946;4300217;1;729
6629;4301675;1118;3847;729
6630;4302404;1175;3661;729
6631;4303133;1075601;4;729
6632;4303862;997;4316;810
6633;4304672;614849;7;729
6634;4305401;772;5576;729
6635;4306130;4305401;1;729
6636;4306859;1115;3862;729
6637;4307588;22549;191;729
6638;4308317;818;5266;729
6639;4309046;1961;2197;729
6640;4309775;887;4858;729
6641;4310504;2155207;2;90
6642;4310594;6481;665;729
6643;4311323;2155297;2;729
6644;4312052;4311323;1;729
6645;4312781;26293;164;729
6646;4313510;23063;187;729
6647;4314239;830;5197;729
6648;4314968;139169;31;729
6649;4315697;812;5314;729
6650;4316426;859;5024;810
6651;4317236;332039;13;729
6652;4317965;749;5764;729
6653;4318694;863593;5;729
6654;4319423;52667;82;729
6655;4320152;1541;2803;729
6656;4320881;1304;3313;729
6657;4321610;18079;239;729
6658;4322339;432161;10;729
6659;4323068;2161129;2;810
6660;4323878;187963;23;729
6661;4324607;166303;26;729
6662;4325336;617801;7;729
6663;4326065;13187;328;729
6664;4326794;865213;5;729
6665;4327523;1178;3673;729
6666;4328252;1163;3721;729
6667;4328981;13697;316;729
6668;4329710;1186;3650;810
6669;4330520;29059;149;729
6670;4331249;108263;40;729
6671;4331978;767;5647;729
6672;4332707;7547;574;729
6673;4333436;4332707;1;729
6674;4334165;63727;68;729
6675;4334894;78803;55;729
6676;4335623;2167447;2;729
6677;4336352;2167771;2;810
6678;4337162;1153;3761;729
6679;4337891;2168581;2;729
6680;4338620;81847;53;729
6681;4339349;740;5863;729
6682;4340078;19997;217;729
6683;4340807;2170039;2;729
6684;4341536;1247;3481;729
6685;4342265;844;5144;729
6686;4342994;836;5194;810
6687;4343804;929;4675;729
6688;4344533;1262;3442;729
6689;4345262;44789;97;729
6690;4345991;779;5578;729
6691;4346720;1847;2353;729
6692;4347449;1120;3881;729
6693;4348178;8927;487;729
6694;4348907;2174089;2;729
6695;4349636;8663;502;810
6696;4350446;1543;2819;729
6697;4351175;2175223;2;729
6698;4351904;174047;25;729
6699;4352633;856;5084;729
6700;4353362;1531;2843;729
6701;4354091;167437;26;729
6702;4354820;833;5227;729
6703;4355549;9467;460;729
6704;4356278;884;4927;810
6705;4357088;622337;7;729
6706;4357817;752;5794;729
6707;4358546;7109;613;729
6708;4359275;943;4622;729
6709;4360004;1373;3175;729
6710;4360733;788;5533;729
6711;4361462;1157;3769;729
6712;4362191;311533;14;729
6713;4362920;7151;610;810
6714;4363730;1783;2447;729
6715;4364459;965;4522;729
6716;4365188;12799;341;729
6717;4365917;1238;3526;729
6718;4366646;863;5059;729
6719;4367375;953;4582;729
6720;4368104;34939;125;729
6721;4368833;776;5629;729
6722;4369562;134;32608;90
6723;4369652;1147;3809;729
6724;4370381;156059;28;729
6725;4371110;18757;233;729
6726;4371839;437111;10;729
6727;4372568;1123;3893;729
6728;4373297;13331;328;729
6729;4374026;4373297;1;729
6730;4374755;30803;142;729
6731;4375484;115123;38;810
6732;4376294;875113;5;729
6733;4377023;1198;3653;729
6734;4377752;1823;2401;729
6735;4378481;1388;3154;729
6736;4379210;4378481;1;729
6737;4379939;902;4855;729
6738;4380668;4379939;1;729
6739;4381397;25469;172;729
6740;4382126;47623;92;810
6741;4382936;4382207;1;729
6742;4383665;839;5224;729
6743;4384394;6131;715;729
6744;4385123;10799;406;729
6745;4385852;4385123;1;729
6746;4386581;1138;3854;729
6747;4387310;12569;349;729
6748;4388039;970;4523;729
6749;4388768;2193979;2;810
6750;4389578;12433;353;729
6751;4390307;758;5791;729
6752;4391036;4390307;1;729
6753;4391765;84443;52;729
6754;4392494;895;4907;729
6755;4393223;782;5617;729
6756;4393952;82891;53;729
6757;4394681;976;4502;729
6758;4395410;860;5110;810
6759;4396220;13043;337;729
6760;4396949;874;5030;729
6761;4397678;967;4547;729
6762;4398407;1327;3314;729
6763;4399136;338339;13;729
6764;4399865;958;4592;729
6765;4400594;879973;5;729
6766;4401323;1262;3487;729
6767;4402052;2200621;2;810
6768;4402862;258949;17;729
6769;4403591;2201431;2;729
6770;4404320;32143;137;729
6771;4405049;27527;160;729
6772;4405778;737;5977;729
6773;4406507;1066;4133;729
6774;4407236;911;4837;729
6775;4407965;10909;404;729
6776;4408694;962;4582;810
6777;4409504;1225;3599;729
6778;4410233;12527;352;729
6779;4410962;152077;29;729
6780;4411691;2205481;2;729
6781;4412420;1301;3391;729
6782;4413149;820;5381;729
6783;4413878;1051;4199;729
6784;4414607;8521;518;729
6785;4415336;827;5338;810
6786;4416146;43717;101;729
6787;4416875;1057;4178;729
6788;4417604;925;4775;729
6789;4418333;12409;356;729
6790;4419062;74887;59;729
6791;4419791;53891;82;729
6792;4420520;4419791;1;729
6793;4421249;8501;520;729
6794;4421978;276323;16;810
6795;4422788;22447;197;729
6796;4423517;772;5729;729
6797;4424246;631931;7;729
6798;4424975;2212123;2;729
6799;4425704;1315;3365;729
6800;4426433;824;5371;729
6801;4427162;402403;11;729
6802;4427891;1318;3359;729
6803;4428620;185;23938;90
6804;4428710;1427;3103;729
6805;4429439;815;5434;729
6806;4430168;632777;7;729
6807;4430897;24077;184;729
6808;4431626;1207;3671;729
6809;4432355;1042;4253;729
6810;4433084;886471;5;729
6811;4433813;27031;164;729
6812;4434542;18787;236;810
6813;4435352;1951;2273;729
6814;4436081;554419;8;729
6815;4436810;26249;169;729
6816;4437539;1205;3682;729
6817;4438268;4437539;1;729
6818;4438997;802;5534;729
6819;4439726;4438997;1;729
6820;4440455;1189;3734;729
6821;4441184;2220187;2;810
6822;4441994;18899;235;729
6823;4442723;26759;166;729
6824;4443452;56237;79;729
6825;4444181;85451;52;729
6826;4444910;17159;259;729
6827;4445639;10337;430;729
6828;4446368;979;4541;729
6829;4447097;1312;3389;729
6830;4447826;79411;56;810
6831;4448636;4447907;1;729
6832;4449365;1112159;4;729
6833;4450094;889873;5;729
6834;4450823;202277;22;729
6835;4451552;342371;13;729
6836;4452281;784;5678;729
6837;4453010;13451;331;729
6838;4453739;10861;410;729
6839;4454468;1067;4174;810
6840;4455278;404959;11;729
6841;4456007;2227639;2;729
6842;4456736;4456007;1;729
6843;4457465;139273;32;729
6844;4458194;891493;5;729
6845;4458923;171469;26;729
6846;4459652;1451;3073;729
6847;4460381;766;5822;729
6848;4461110;940;4745;810
6849;4461920;37489;119;729
6850;4462649;790;5648;729
6851;4463378;19153;233;729
6852;4464107;1234;3617;729
6853;4464836;893;4999;729
6854;4465565;1116209;4;729
6855;4466294;1339;3335;729
6856;4467023;1271;3514;729
6857;4467752;2233471;2;810
6858;4468562;4467833;1;729
6859;4469291;319183;14;729
6860;4470020;989;4519;729
6861;4470749;1060;4217;729
6862;4471478;11149;401;729
6863;4472207;203249;22;729
6864;4472936;263071;17;729
6865;4473665;1049;4264;729
6866;4474394;16447;272;810
6867;4475204;2011;2225;729
6868;4475933;18341;244;729
6869;4476662;58129;77;729
6870;4477391;934;4793;729
6871;4478120;4477391;1;729
6872;4478849;111953;40;729
6873;4479578;144479;31;729
6874;4480307;54629;82;729
6875;4481036;2240113;2;810
6876;4481846;10349;433;729
6877;4482575;1366;3281;729
6878;4483304;9437;475;729
6879;4484033;11437;392;729
6880;4484762;4484033;1;729
6881;4485491;2242381;2;729
6882;4486220;743;6037;729
6883;4486949;820;5471;729
6884;4487678;293;15316;90
6885;4487768;4487039;1;729
6886;4488497;7901;568;729
6887;4489226;911;4927;729
6888;4489955;320659;14;729
6889;4490684;1717;2615;729
6890;4491413;102061;44;729
6891;4492142;4491413;1;729
6892;4492871;38069;118;729
6893;4493600;830;5413;810
6894;4494410;9833;457;729
6895;4495139;449441;10;729
6896;4495868;1837;2447;729
6897;4496597;806;5578;729
6898;4497326;33809;133;729
6899;4498055;2248663;2;729
6900;4498784;899611;5;729
6901;4499513;140587;32;729
6902;4500242;80347;56;810
6903;4501052;67169;67;729
6904;4501781;844;5333;729
6905;4502510;4501781;1;729
6906;4503239;890;5059;729
6907;4503968;15061;299;729
6908;4504697;20107;224;729
6909;4505426;17947;251;729
6910;4506155;21871;206;729
6911;4506884;2253037;2;810
6912;4507694;39191;115;729
6913;4508423;2253847;2;729
6914;4509152;145433;31;729
6915;4509881;904;4988;729
6916;4510610;4509881;1;729
6917;4511339;785;5746;729
6918;4512068;1237;3647;729
6919;4512797;102547;44;729
6920;4513526;86783;52;810
6921;4514336;644801;7;729
6922;4515065;141073;32;729
6923;4515794;47527;95;729
6924;4516523;16481;274;729
6925;4517252;781;5783;729
6926;4517981;1129313;4;729
6927;4518710;1531;2951;729
6928;4519439;64553;70;729
6929;4520168;20731;218;810
6930;4520978;15641;289;729
6931;4521707;947;4774;729
6932;4522436;4521707;1;729
6933;4523165;30557;148;729
6934;4523894;904633;5;729
6935;4524623;16273;278;729
6936;4525352;4524623;1;729
6937;4526081;821;5512;729
6938;4526810;1000;4526;810
6939;4527620;23701;191;729
6940;4528349;226381;20;729
6941;4529078;1663;2723;729
6942;4529807;2264539;2;729
6943;4530536;6691;677;729
6944;4531265;916;4946;729
6945;4531994;53309;85;729
6946;4532723;6277;722;729
6947;4533452;986;4597;810
6948;4534262;817;5549;729
6949;4534991;2267131;2;729
6950;4535720;10237;443;729
6951;4536449;776;5845;729
6952;4537178;4536449;1;729
6953;4537907;2268589;2;729
6954;4538636;412537;11;729
6955;4539365;49333;92;729
6956;4540094;1134821;4;810
6957;4540904;181607;25;729
6958;4541633;772;5882;729
6959;4542362;74453;61;729
6960;4543091;1034;4393;729
6961;4543820;1687;2693;729
6962;4544549;227191;20;729
6963;4545278;4544549;1;729
6964;4546007;32009;142;729
6965;4546736;403;11282;90
6966;4546826;14341;317;729
6967;4547555;20857;218;729
6968;4548284;47869;95;729
6969;4549013;1222;3722;729
6970;4549742;731;6223;729
6971;4550471;61483;74;729
6972;4551200;27917;163;729
6973;4551929;800;5689;729
6974;4552658;81283;56;810
6975;4553468;1073;4243;729
6976;4554197;1138367;4;729
6977;4554926;7603;599;729
6978;4555655;886;5141;729
6979;4556384;1417;3215;729
6980;4557113;20341;224;729
6981;4557842;414283;11;729
6982;4558571;829;5498;729
6983;4559300;455849;10;810
6984;4560110;51229;89;729
6985;4560839;1310;3481;729
6986;4561568;1193;3823;729
6987;4562297;12959;352;729
6988;4563026;821;5557;729
6989;4563755;787;5798;729
6990;4564484;1571;2905;729
6991;4565213;1102;4142;729
6992;4565942;1012;4511;810
6993;4566752;1463;3121;729
6994;4567481;142711;32;729
6995;4568210;4567481;1;729
6996;4568939;456821;10;729
6997;4569668;11171;409;729
6998;4570397;1003;4556;729
6999;4571126;1471;3107;729
7000;4571855;6947;658;729
7001;4572584;7211;634;810
7002;4573394;914533;5;729
7003;4574123;749;6106;729
7004;4574852;4574123;1;729
7005;4575581;1142;4006;729
7006;4576310;4575581;1;729
7007;4577039;985;4646;729
7008;4577768;4577039;1;729
7009;4578497;44017;104;729
7010;4579226;976;4691;810
7011;4580036;1613;2839;729
7012;4580765;49783;92;729
7013;4581494;1715;2671;729
7014;4582223;2290747;2;729
7015;4582952;4582223;1;729
7016;4583681;836;5482;729
7017;4584410;4583681;1;729
7018;4585139;1130;4057;729
7019;4585868;2292529;2;810
7020;4586678;68447;67;729
7021;4587407;983;4666;729
7022;4588136;417037;11;729
7023;4588865;81931;56;729
7024;4589594;917773;5;729
7025;4590323;2294797;2;729
7026;4591052;9311;493;729
7027;4591781;1042;4406;729
7028;4592510;850;5402;810
7029;4593320;4592591;1;729
7030;4594049;114833;40;729
7031;4594778;4594049;1;729
7032;4595507;982;4679;729
7033;4596236;1393;3299;729
7034;4596965;1149059;4;729
7035;4597694;919393;5;729
7036;4598423;62131;74;729
7037;4599152;826;5567;810
7038;4599962;4599233;1;729
7039;4600691;1402;3281;729
7040;4601420;124343;37;729
7041;4602149;12109;380;729
7042;4602878;1223;3763;729
7043;4603607;328777;14;729
7044;4604336;4603607;1;729
7045;4605065;26161;176;729
7046;4605794;92;50062;90
7047;4605884;921031;5;729
7048;4606613;1151471;4;729
7049;4607342;418783;11;729
7050;4608071;9887;466;729
7051;4608800;6409;719;729
7052;4609529;800;5761;729
7053;4610258;10949;421;729
7054;4610987;1219;3782;729
7055;4611716;1151;4006;810
7056;4612526;6977;661;729
7057;4613255;13331;346;729
7058;4613984;1849;2495;729
7059;4614713;736;6269;729
7060;4615442;4614713;1;729
7061;4616171;9343;494;729
7062;4616900;659453;7;729
7063;4617629;1348;3425;729
7064;4618358;88799;52;810
7065;4619168;763;6053;729
7066;4619897;144349;32;729
7067;4620626;4619897;1;729
7068;4621355;1427;3238;729
7069;4622084;755;6121;729
7070;4622813;1324;3491;729
7071;4623542;11471;403;729
7072;4624271;1078;4289;729
7073;4625000;462419;10;810
7074;4625810;75821;61;729
7075;4626539;66083;70;729
7076;4627268;8131;569;729
7077;4627997;10613;436;729
7078;4628726;913;5069;729
7079;4629455;136139;34;729
7080;4630184;925891;5;729
7081;4630913;844;5486;729
7082;4631642;15233;304;810
7083;4632452;14893;311;729
7084;4633181;829;5588;729
7085;4633910;661883;7;729
7086;4634639;841;5510;729
7087;4635368;4634639;1;729
7088;4636097;18691;248;729
7089;4636826;42533;109;729
7090;4637555;29347;158;729
7091;4638284;2318737;2;810
7092;4639094;985;4709;729
7093;4639823;16931;274;729
7094;4640552;4639823;1;729
7095;4641281;958;4844;729
7096;4642010;4641281;1;729
7097;4642739;464201;10;729
7098;4643468;17653;263;729
7099;4644197;1160867;4;729
7100;4644926;1018;4562;810
7101;4645736;4645007;1;729
7102;4646465;580717;8;729
7103;4647194;929293;5;729
7104;4647923;39383;118;729
7105;4648652;21419;217;729
7106;4649381;811;5732;729
7107;4650110;799;5819;729
7108;4650839;465011;10;729
7109;4651568;19541;238;810
7110;4652378;11717;397;729
7111;4653107;1282;3629;729
7112;4653836;202309;23;729
7113;4654565;105769;44;729
7114;4655294;865;5381;729
7115;4656023;938;4963;729
7116;4656752;58937;79;729
7117;4657481;944;4933;729
7118;4658210;1100;4234;810
7119;4659020;423481;11;729
7120;4659749;772;6035;729
7121;4660478;160681;29;729
7122;4661207;75169;62;729
7123;4661936;4661207;1;729
7124;4662665;291371;16;729
7125;4663394;1319;3535;729
7126;4664123;2331697;2;729
7127;4664852;2332381;2;90
7128;4664942;4664213;1;729
7129;4665671;1123;4154;729
7130;4666400;12713;367;729
7131;4667129;760;6140;729
7132;4667858;977;4777;729
7133;4668587;179533;26;729
7134;4669316;60631;77;729
7135;4670045;1167329;4;729
7136;4670774;1612;2897;810
7137;4671584;791;5905;729
7138;4672313;145987;32;729
7139;4673042;1361;3433;729
7140;4673771;212411;22;729
7141;4674500;907;5153;729
7142;4675229;9349;500;729
7143;4675958;359633;13;729
7144;4676687;333997;14;729
7145;4677416;212573;22;810
7146;4678226;899;5203;729
7147;4678955;47737;98;729
7148;4679684;935791;5;729
7149;4680413;796;5879;729
7150;4681142;4680413;1;729
7151;4681871;1186;3947;729
7152;4682600;4681871;1;729
7153;4683329;1300;3602;729
7154;4684058;292703;16;810
7155;4684868;43777;107;729
7156;4685597;61643;76;729
7157;4686326;669371;7;729
7158;4687055;2343163;2;729
7159;4687784;769;6095;729
7160;4688513;34469;136;729
7161;4689242;1741;2693;729
7162;4689971;80849;58;729
7163;4690700;1405;3338;810
7164;4691510;203947;23;729
7165;4692239;7691;610;729
7166;4692968;56533;83;729
7167;4693697;926;5068;729
7168;4694426;4693697;1;729
7169;4695155;213383;22;729
7170;4695884;1195;3929;729
7171;4696613;7879;596;729
7172;4697342;8447;556;810
7173;4698152;276319;17;729
7174;4698881;587269;8;729
7175;4699610;1199;3919;729
7176;4700339;1165;4034;729
7177;4701068;671477;7;729
7178;4701797;1175267;4;729
7179;4702526;247463;19;729
7180;4703255;2351263;2;729
7181;4703984;335941;14;810
7182;4704794;940813;5;729
7183;4705523;50051;94;729
7184;4706252;21101;223;729
7185;4706981;31799;148;729
7186;4707710;7121;661;729
7187;4708439;763;6170;729
7188;4709168;1751;2689;729
7189;4709897;1424;3307;729
7190;4710626;34631;136;810
7191;4711436;881;5347;729
7192;4712165;1177859;4;729
7193;4712894;942433;5;729
7194;4713623;7577;622;729
7195;4714352;12437;379;729
7196;4715081;294647;16;729
7197;4715810;23227;203;729
7198;4716539;946;4985;729
7199;4717268;29851;158;810
7200;4718078;51839;91;729
7201;4718807;1438;3281;729
7202;4719536;44101;107;729
7203;4720265;743;6352;729
7204;4720994;1045;4517;729
7205;4721723;2360497;2;729
7206;4722452;4721723;1;729
7207;4723181;7333;644;729
7208;4723910;251;18820;90
7209;4724000;6551;721;729
7210;4724729;800;5905;729
7211;4725458;205423;23;729
7212;4726187;2362729;2;729
7213;4726916;1607;2941;729
7214;4727645;1181729;4;729
7215;4728374;72733;65;729
7216;4729103;337741;14;729
7217;4729832;1142;4141;810
7218;4730642;4729913;1;729
7219;4731371;337903;14;729
7220;4732100;4731371;1;729
7221;4732829;790;5990;729
7222;4733558;8497;557;729
7223;4734287;1361;3478;729
7224;4735016;1273;3719;729
7225;4735745;1144;4139;729
7226;4736474;7219;656;810
7227;4737284;25603;185;729
7228;4738013;1049;4516;729
7229;4738742;676859;7;729
7230;4739471;2369371;2;729
7231;4740200;430861;11;729
7232;4740929;865;5480;729
7233;4741658;30197;157;729
7234;4742387;2370829;2;729
7235;4743116;6191;766;810
7236;4743926;4743197;1;729
7237;4744655;19603;242;729
7238;4745384;1745;2719;729
7239;4746113;808;5873;729
7240;4746842;10961;433;729
7241;4747571;937;5066;729
7242;4748300;36241;131;729
7243;4749029;922;5150;729
7244;4749758;943;5036;810
7245;4750568;4749839;1;729
7246;4751297;8863;536;729
7247;4752026;10823;439;729
7248;4752755;2376013;2;729
7249;4753484;931;5105;729
7250;4754213;964;4931;729
7251;4754942;27481;173;729
7252;4755671;2377471;2;729
7253;4756400;1435;3314;810
7254;4757210;1411;3371;729
7255;4757939;475721;10;729
7256;4758668;77999;61;729
7257;4759397;41023;116;729
7258;4760126;4759397;1;729
7259;4760855;14783;322;729
7260;4761584;86561;55;729
7261;4762313;1112;4282;729
7262;4763042;14519;328;810
7263;4763852;4763123;1;729
7264;4764581;977;4876;729
7265;4765310;4764581;1;729
7266;4766039;43321;110;729
7267;4766768;53551;89;729
7268;4767497;1208;3946;729
7269;4768226;40063;119;729
7270;4768955;13781;346;729
7271;4769684;902;5287;810
7272;4770494;953;5005;729
7273;4771223;8611;554;729
7274;4771952;251117;19;729
7275;4772681;298247;16;729
7276;4773410;1103;4327;729
7277;4774139;477341;10;729
7278;4774868;881;5419;729
7279;4775597;868;5501;729
7280;4776326;1517;3148;810
7281;4777136;22637;211;729
7282;4777865;772;6188;729
7283;4778594;955;5003;729
7284;4779323;2389297;2;729
7285;4780052;17767;269;729
7286;4780781;27791;172;729
7287;4781510;4780781;1;729
7288;4782239;12923;370;729
7289;4782968;3;1594322;2
7290;4782970;7462;640;7290
7291;4790260;16493;290;7290
7292;4797550;12410;386;7290
7293;4804840;10475;458;7290
7294;4812130;120121;40;7290
7295;4819420;8170;589;7290
7296;4826710;10477;460;7290
7297;4834000;9107;530;7290
7298;4841290;30253;160;810
7299;4842100;483481;10;7290
7300;4849390;11810;410;7290
7301;4856680;9490;511;7290
7302;4863970;10558;460;7290
7303;4871260;486397;10;7290
7304;4878550;8065;604;7290
7305;4885840;97571;50;7290
7306;4893130;7780;628;7290
7307;4900420;489961;10;810
7308;4901230;10639;460;7290
7309;4908520;11014;445;7290
7310;4915810;8405;584;7290
7311;4923100;491581;10;7290
7312;4930390;7574;650;7290
7313;4937680;12482;395;7290
7314;4944970;7964;620;7290
7315;4952260;494497;10;7290
7316;4959550;6701;740;810
7317;4960360;495307;10;7290
7318;4967650;9220;538;7290
7319;4974940;13610;365;7290
7320;4982230;12134;410;7290
7321;4989520;45293;110;7290
7322;4996810;10616;470;7290
7323;5004100;7514;665;7290
7324;5011390;7675;652;7290
7325;5018680;1210;4147;810
7326;5019490;10552;475;7290
7327;5026780;71707;70;7290
7328;5034070;8030;626;7290
7329;5041360;503407;10;7290
7330;5048650;7685;656;7290
7331;5055940;13645;370;7290
7332;5063230;11758;430;7290
7333;5070520;16333;310;7290
7334;5077810;1000;5077;810
7335;5078620;46103;110;7290
7336;5085910;13726;370;7290
7337;5093200;13934;365;7290
7338;5100490;7490;680;7290
7339;5107780;510049;10;7290
7340;5115070;12458;410;7290
7341;5122360;511507;10;7290
7342;5129650;8105;632;7290
7343;5136940;815;6302;810
7344;5137750;14452;355;7290
7345;5145040;20551;250;7290
7346;5152330;8810;584;7290
7347;5159620;515233;10;7290
7348;5166910;257981;20;7290
7349;5174200;7805;662;7290
7350;5181490;8200;631;7290
7351;5188780;27271;190;7290
7352;5196070;860;6041;810
7353;5196880;7565;686;7290
7354;5204170;9880;526;7290
7355;5211460;14258;365;7290
7356;5218750;260573;20;7290
7357;5226040;8350;625;7290
7358;5233330;130651;40;7290
7359;5240620;523333;10;7290
7360;5247910;9020;581;7290
7361;5255200;525439;10;810
7362;5256010;65609;80;7290
7363;5263300;9917;530;7290
7364;5270590;7300;721;7290
7365;5277880;40543;130;7290
7366;5285170;131947;40;7290
7367;5292460;10445;506;7290
7368;5299750;8180;647;7290
7369;5307040;7310;725;7290
7370;5314330;160;33214;90
7371;5314420;530713;10;7290
7372;5321710;12962;410;7290
7373;5329000;7570;703;7290
7374;5336290;7300;730;7290
7375;5343580;18401;290;7290
7376;5350870;9988;535;7290
7377;5358160;76441;70;7290
7378;5365450;66977;80;7290
7379;5372740;1345;3994;810
7380;5373550;8545;628;7290
7381;5380840;8267;650;7290
7382;5388130;7720;697;7290
7383;5395420;7381;730;7290
7384;5402710;10684;505;7290
7385;5410000;540271;10;7290
7386;5417290;8656;625;7290
7387;5424580;9995;542;7290
7388;5431870;271553;20;810
7389;5432680;542539;10;7290
7390;5439970;12347;440;7290
7391;5447260;543997;10;7290
7392;5454550;7462;730;7290
7393;5461840;9245;590;7290
7394;5469130;8152;670;7290
7395;5476420;7703;710;7290
7396;5483710;273821;20;7290
7397;5491000;549019;10;810
7398;5491810;8846;620;7290
7399;5499100;11785;466;7290
7400;5506390;8660;635;7290
7401;5513680;7543;730;7290
7402;5520970;8405;656;7290
7403;5528260;12134;455;7290
7404;5535550;10510;526;7290
7405;5542840;110711;50;7290
7406;5550130;19819;280;810
7407;5550940;8225;674;7290
7408;5558230;277547;20;7290
7409;5565520;555823;10;7290
7410;5572810;7624;730;7290
7411;5580100;557281;10;7290
7412;5587390;13610;410;7290
7413;5594680;14290;391;7290
7414;5601970;7420;754;7290
7415;5609260;1006;5575;810
7416;5610070;280139;20;7290
7417;5617360;18097;310;7290
7418;5624650;10031;560;7290
7419;5631940;7705;730;7290
7420;5639230;7430;758;7290
7421;5646520;8114;695;7290
7422;5653810;9020;626;7290
7423;5661100;565381;10;7290
7424;5668390;1004;5645;810
7425;5669200;10994;515;7290
7426;5676490;14173;400;7290
7427;5683780;567649;10;7290
7428;5691070;7786;730;7290
7429;5698360;7315;778;7290
7430;5705650;13252;430;7290
7431;5712940;114113;50;7290
7432;5720230;13934;410;7290
7433;5727520;869;6590;810
7434;5728330;11002;520;7290
7435;5735620;572833;10;7290
7436;5742910;8410;682;7290
7437;5750200;7867;730;7290
7438;5757490;28751;200;7290
7439;5764780;11945;482;7290
7440;5772070;41177;140;7290
7441;5779360;12281;470;7290
7442;5786650;1240;4666;810
7443;5787460;9554;605;7290
7444;5794750;8638;670;7290
7445;5802040;8915;650;7290
7446;5809330;7948;730;7290
7447;5816620;10282;565;7290
7448;5823910;8630;674;7290
7449;5831200;582391;10;7290
7450;5838490;7400;788;7290
7451;5845780;166;35215;90
7452;5845870;26539;220;7290
7453;5853160;584587;10;7290
7454;5860450;8815;664;7290
7455;5867740;117209;50;7290
7456;5875030;8038;730;7290
7457;5882320;9874;595;7290
7458;5889610;73529;80;7290
7459;5896900;8830;667;7290
7460;5904190;1043;5660;810
7461;5905000;12962;455;7290
7462;5912290;9448;625;7290
7463;5919580;14855;398;7290
7464;5926870;14438;410;7290
7465;5934160;8119;730;7290
7466;5941450;74177;80;7290
7467;5948740;8275;718;7290
7468;5956030;42491;140;7290
7469;5963320;596251;10;810
7470;5964130;148921;40;7290
7471;5971420;25931;230;7290
7472;5978710;7735;772;7290
7473;5986000;10930;547;7290
7474;5993290;7300;820;7290
7475;6000580;7390;811;7290
7476;6007870;15791;380;7290
7477;6015160;54617;110;7290
7478;6022450;940;6406;810
7479;6023260;31663;190;7290
7480;6030550;9140;659;7290
7481;6037840;8318;725;7290
7482;6045130;8504;710;7290
7483;6052420;8281;730;7290
7484;6059710;7381;820;7290
7485;6067000;12893;470;7290
7486;6074290;12134;500;7290
7487;6081580;1510;4027;810
7488;6082390;7690;790;7290
7489;6089680;13730;443;7290
7490;6096970;7472;815;7290
7491;6104260;12890;473;7290
7492;6111550;8249;740;7290
7493;6118840;122231;50;7290
7494;6126130;7462;820;7290
7495;6133420;612613;10;7290
7496;6140710;1300;4723;810
7497;6141520;10397;590;7290
7498;6148810;7976;770;7290
7499;6156100;614881;10;7290
7500;6163390;61561;100;7290
7501;6170680;8443;730;7290
7502;6177970;154267;40;7290
7503;6185260;36341;170;7290
7504;6192550;7543;820;7290
7505;6199840;1145;5414;810
7506;6200650;77417;80;7290
7507;6207940;10165;610;7290
7508;6215230;310397;20;7290
7509;6222520;88789;70;7290
7510;6229810;8524;730;7290
7511;6237100;10559;590;7290
7512;6244390;9700;643;7290
7513;6251680;10390;601;7290
7514;6258970;1096;5710;810
7515;6259780;7330;853;7290
7516;6267070;312989;20;7290
7517;6274360;7933;790;7290
7518;6281650;9227;680;7290
7519;6288940;8605;730;7290
7520;6296230;7745;812;7290
7521;6303520;629623;10;7290
7522;6310810;39397;160;7290
7523;6318100;90247;70;810
7524;6318910;45083;140;7290
7525;6326200;7478;845;7290
7526;6333490;9400;673;7290
7527;6340780;9974;635;7290
7528;6348070;7373;860;7290
7529;6355360;634807;10;7290
7530;6362650;8096;785;7290
7531;6369940;8575;742;7290
7532;6377230;101;63140;90
7533;6377320;637003;10;7290
7534;6384610;8618;740;7290
7535;6391900;8335;766;7290
7536;6399190;7795;820;7290
7537;6406480;7910;809;7290
7538;6413770;8776;730;7290
7539;6421060;10945;586;7290
7540;6428350;321053;20;7290
7541;6435640;862;7465;810
7542;6436450;8285;776;7290
7543;6443740;11810;545;7290
7544;6451030;12158;530;7290
7545;6458320;12058;535;7290
7546;6465610;7339;880;7290
7547;6472900;8857;730;7290
7548;6480190;9247;700;7290
7549;6487480;648019;10;7290
7550;6494770;14759;440;810
7551;6495580;11545;562;7290
7552;6502870;7553;860;7290
7553;6510160;9535;682;7290
7554;6517450;8566;760;7290
7555;6524740;130349;50;7290
7556;6532030;7957;820;7290
7557;6539320;653203;10;7290
7558;6546610;163483;40;7290
7559;6553900;21139;310;810
7560;6554710;29761;220;7290
7561;6562000;655471;10;7290
7562;6569290;7720;850;7290
7563;6576580;14438;455;7290
7564;6583870;328829;20;7290
7565;6591160;9019;730;7290
7566;6598450;8038;820;7290
7567;6605740;131969;50;7290
7568;6613030;330611;20;810
7569;6613840;9305;710;7290
7570;6621130;8795;752;7290
7571;6628420;8735;758;7290
7572;6635710;10691;620;7290
7573;6643000;663571;10;7290
7574;6650290;7300;910;7290
7575;6657580;665029;10;7290
7576;6664870;8119;820;7290
7577;6672160;1225;5446;810
7578;6672970;11903;560;7290
7579;6680260;8945;746;7290
7580;6687550;7915;844;7290
7581;6694840;10210;655;7290
7582;6702130;7660;874;7290
7583;6709420;9181;730;7290
7584;6716710;13028;515;7290
7585;6724000;7381;910;7290
7586;6731290;84131;80;810
7587;6732100;23189;290;7290
7588;6739390;11708;575;7290
7589;6746680;11195;602;7290
7590;6753970;8936;755;7290
7591;6761260;21787;310;7290
7592;6768550;8030;842;7290
7593;6775840;7963;850;7290
7594;6783130;42349;160;7290
7595;6790420;1090;6229;810
7596;6791230;7870;862;7290
7597;6798520;679123;10;7290
7598;6805810;9740;698;7290
7599;6813100;61871;110;7290
7600;6820390;9733;700;7290
7601;6827680;9343;730;7290
7602;6834970;9824;695;7290
7603;6842260;15055;454;7290
7604;6849550;1076;6365;810
7605;6850360;52639;130;7290
7606;6857650;15569;440;7290
7607;6864940;137153;50;7290
7608;6872230;10370;662;7290
7609;6879520;687223;10;7290
7610;6886810;9052;760;7290
7611;6894100;13295;518;7290
7612;6901390;9710;710;7290
7613;6908680;95;72722;90
7614;6908770;7342;940;7290
7615;6916060;7634;905;7290
7616;6923350;345803;20;7290
7617;6930640;7550;917;7290
7618;6937930;8452;820;7290
7619;6945220;693793;10;7290
7620;6952510;9514;730;7290
7621;6959800;14545;478;7290
7622;6967090;174157;40;810
7623;6967900;696061;10;7290
7624;6975190;11810;590;7290
7625;6982480;697519;10;7290
7626;6989770;87281;80;7290
7627;6997060;698977;10;7290
7628;7004350;7420;943;7290
7629;7011640;7373;950;7290
7630;7018930;175291;40;7290
7631;7026220;100363;70;810
7632;7027030;7540;931;7290
7633;7034320;12965;542;7290
7634;7041610;7646;920;7290
7635;7048900;704161;10;7290
7636;7056190;70489;100;7290
7637;7063480;41507;170;7290
7638;7070770;8614;820;7290
7639;7078060;8519;830;7290
7640;7085350;1220;5807;810
7641;7086160;707887;10;7290
7642;7093450;8080;877;7290
7643;7100740;7795;910;7290
7644;7108030;355037;20;7290
7645;7115320;10609;670;7290
7646;7122610;177883;40;7290
7647;7129900;8030;887;7290
7648;7137190;7585;940;7290
7649;7144480;1555;4594;810
7650;7145290;8300;860;7290
7651;7152580;714529;10;7290
7652;7159870;7412;965;7290
7653;7167160;13690;523;7290
7654;7174450;7876;910;7290
7655;7181740;143489;50;7290
7656;7189030;9838;730;7290
7657;7196320;9158;785;7290
7658;7203610;880;8185;810
7659;7204420;719713;10;7290
7660;7211710;18959;380;7290
7661;7219000;12370;583;7290
7662;7226290;14438;500;7290
7663;7233580;14395;502;7290
7664;7240870;361679;20;7290
7665;7248160;7630;949;7290
7666;7255450;8144;890;7290
7667;7262740;845;8594;810
7668;7263550;32983;220;7290
7669;7270840;20753;350;7290
7670;7278130;10852;670;7290
7671;7285420;25097;290;7290
7672;7292710;364271;20;7290
7673;7300000;729271;10;7290
7674;7307290;7300;1000;7290
7675;7314580;8966;815;7290
7676;7321870;366053;20;810
7677;7322680;731539;10;7290
7678;7329970;183067;40;7290
7679;7337260;732997;10;7290
7680;7344550;7487;980;7290
7681;7351840;146891;50;7290
7682;7359130;45949;160;7290
7683;7366420;10081;730;7290
7684;7373710;8390;878;7290
7685;7381000;1370;5387;810
7686;7381810;10520;701;7290
7687;7389100;17167;430;7290
7688;7396390;7778;950;7290
7689;7403680;15737;470;7290
7690;7410970;46273;160;7290
7691;7418260;105871;70;7290
7692;7425550;10162;730;7290
7693;7432840;12650;587;7290
7694;7440130;92;80870;90
7695;7440220;20089;370;7290
7696;7447510;9418;790;7290
7697;7454800;15199;490;7290
7698;7462090;18637;400;7290
7699;7469380;746209;10;7290
7700;7476670;9109;820;7290
7701;7483960;8005;934;7290
7702;7491250;8030;932;7290
7703;7498540;749773;10;810
7704;7499350;374603;20;7290
7705;7506640;11810;635;7290
7706;7513930;8240;911;7290
7707;7521220;10583;710;7290
7708;7528510;8665;868;7290
7709;7535800;7690;979;7290
7710;7543090;7352;1025;7290
7711;7550380;10333;730;7290
7712;7557670;377843;20;810
7713;7558480;12379;610;7290
7714;7565770;8560;883;7290
7715;7573060;10886;695;7290
7716;7580350;11870;638;7290
7717;7587640;151607;50;7290
7718;7594930;189691;40;7290
7719;7602220;108499;70;7290
7720;7609510;9271;820;7290
7721;7616800;33113;230;810
7722;7617610;7580;1004;7290
7723;7624900;7610;1001;7290
7724;7632190;76249;100;7290
7725;7639480;9661;790;7290
7726;7646770;11540;662;7290
7727;7654060;14510;527;7290
7728;7661350;382703;20;7290
7729;7668640;10495;730;7290
7730;7675930;974;7880;810
7731;7676740;7850;977;7290
7732;7684030;383837;20;7290
7733;7691320;16349;470;7290
7734;7698610;8452;910;7290
7735;7705900;40519;190;7290
7736;7713190;7325;1052;7290
7737;7720480;9293;830;7290
7738;7727770;10576;730;7290
7739;7735060;30937;250;810
7740;7735870;386429;20;7290
7741;7743160;17345;446;7290
7742;7750450;7720;1003;7290
7743;7757740;155009;50;7290
7744;7765030;11510;674;7290
7745;7772320;8533;910;7290
7746;7779610;7835;992;7290
7747;7786900;10657;730;7290
7748;7794190;55667;140;810
7749;7795000;111253;70;7290
7750;7802290;7795;1000;7290
7751;7809580;33923;230;7290
7752;7816870;390479;20;7290
7753;7824160;8783;890;7290
7754;7831450;9904;790;7290
7755;7838740;7975;982;7290
7756;7846030;7670;1022;7290
7757;7853320;1117;7030;810
7758;7854130;196171;40;7290
7759;7861420;785413;10;7290
7760;7868710;8155;964;7290
7761;7876000;14438;545;7290
7762;7883290;7876;1000;7290
7763;7890580;41491;190;7290
7764;7897870;394529;20;7290
7765;7905160;10819;730;7290
7766;7912450;17981;440;810
7767;7913260;9665;818;7290
7768;7920550;8158;970;7290
7769;7927840;14401;550;7290
7770;7935130;49549;160;7290
7771;7942420;113359;70;7290
7772;7949710;10733;740;7290
7773;7957000;7871;1010;7290
7774;7964290;7300;1090;7290
7775;7971580;118;67555;90
7776;7971670;398219;20;7290
7777;7978960;12115;658;7290
7778;7986250;9067;880;7290
7779;7993540;12778;625;7290
7780;8000830;399677;20;7290
7781;8008120;800083;10;7290
7782;8015410;7790;1028;7290
7783;8022700;61657;130;7290
7784;8029990;932;8615;810
7785;8030800;7678;1045;7290
7786;8038090;9448;850;7290
7787;8045380;9155;878;7290
7788;8052670;57467;140;7290
7789;8059960;805267;10;7290
7790;8067250;201499;40;7290
7791;8074540;7625;1058;7290
7792;8081830;8815;916;7290
7793;8089120;13709;590;810
7794;8089930;11384;710;7290
7795;8097220;808993;10;7290
7796;8104510;9098;890;7290
7797;8111800;7682;1055;7290
7798;8119090;40559;200;7290
7799;8126380;115987;70;7290
7800;8133670;14011;580;7290
7801;8140960;813367;10;7290
7802;8148250;14549;560;810
7803;8149060;8947;910;7290
7804;8156350;8660;941;7290
7805;8163640;163127;50;7290
7806;8170930;8180;998;7290
7807;8178220;817093;10;7290
7808;8185510;408911;20;7290
7809;8192800;22123;370;7290
7810;8200090;7315;1120;7290
7811;8207380;820657;10;810
7812;8208190;82009;100;7290
7813;8215480;43201;190;7290
7814;8222770;7930;1036;7290
7815;8230060;822277;10;7290
7816;8237350;411503;20;7290
7817;8244640;8810;935;7290
7818;8251930;9080;908;7290
7819;8259220;825193;10;7290
7820;8266510;82657;100;810
7821;8267320;18035;458;7290
7822;8274610;14254;580;7290
7823;8281900;827461;10;7290
7824;8289190;7529;1100;7290
7825;8296480;9109;910;7290
7826;8303770;51853;160;7290
7827;8311060;11146;745;7290
7828;8318350;415553;20;7290
7829;8325640;832483;10;810
7830;8326450;13418;620;7290
7831;8333740;15139;550;7290
7832;8341030;8636;965;7290
7833;8348320;8599;970;7290
7834;8355610;52177;160;7290
7835;8362900;10067;830;7290
7836;8370190;9100;919;7290
7837;8377480;11789;710;7290
7838;8384770;920;9113;810
7839;8385580;13030;643;7290
7840;8392870;9422;890;7290
7841;8400160;10298;815;7290
7842;8407450;52501;160;7290
7843;8414740;9050;929;7290
7844;8422030;420737;20;7290
7845;8429320;842203;10;7290
7846;8436610;11740;718;7290
7847;8443900;844309;10;810
7848;8444710;7615;1108;7290
7849;8452000;27241;310;7290
7850;8459290;8452;1000;7290
7851;8466580;120847;70;7290
7852;8473870;9007;940;7290
7853;8481160;7499;1130;7290
7854;8488450;212029;40;7290
7855;8495740;169769;50;7290
7856;8503030;425147;20;90
7857;8503120;121369;70;7290
7858;8510410;10832;785;7290
7859;8517700;851041;10;7290
7860;8524990;8966;950;7290
7861;8532280;50147;170;7290
7862;8539570;213307;40;7290
7863;8546860;10106;845;7290
7864;8554150;7445;1148;7290
7865;8561440;65851;130;810
7866;8562250;106937;80;7290
7867;8569540;11810;725;7290
7868;8576830;61211;140;7290
7869;8584120;14537;590;7290
7870;8591410;214603;40;7290
7871;8598700;12823;670;7290
7872;8605990;7817;1100;7290
7873;8613280;860599;10;7290
7874;8620570;107747;80;810
7875;8621380;16253;530;7290
7876;8628670;25357;340;7290
7877;8635960;15245;566;7290
7878;8643250;215899;40;7290
7879;8650540;9625;898;7290
7880;8657830;432527;20;7290
7881;8665120;865783;10;7290
7882;8672410;8735;992;7290
7883;8679700;1285;6754;810
7884;8680510;433661;20;7290
7885;8687800;868051;10;7290
7886;8695090;7898;1100;7290
7887;8702380;8609;1010;7290
7888;8709670;22901;380;7290
7889;8716960;870967;10;7290
7890;8724250;7783;1120;7290
7891;8731540;34897;250;7290
7892;8738830;890;9818;810
7893;8739640;15877;550;7290
7894;8746930;8918;980;7290
7895;8754220;874693;10;7290
7896;8761510;9313;940;7290
7897;8768800;15815;554;7290
7898;8776090;7760;1130;7290
7899;8783380;877609;10;7290
7900;8790670;12860;683;7290
7901;8797960;1450;6067;810
7902;8798770;219787;40;7290
7903;8806060;11654;755;7290
7904;8813350;440303;20;7290
7905;8820640;7450;1183;7290
7906;8827930;7604;1160;7290
7907;8835220;51929;170;7290
7908;8842510;19207;460;7290
7909;8849800;884251;10;7290
7910;8857090;817;10840;810
7911;8857900;885061;10;7290
7912;8865190;7825;1132;7290
7913;8872480;886519;10;7290
7914;8879770;9644;920;7290
7915;8887060;14557;610;7290
7916;8894350;8645;1028;7290
7917;8901640;177887;50;7290
7918;8908930;20231;440;7290
7919;8916220;127363;70;810
7920;8917030;11068;805;7290
7921;8924320;13309;670;7290
7922;8931610;7720;1156;7290
7923;8938900;893161;10;7290
7924;8946190;12590;710;7290
7925;8953480;9185;974;7290
7926;8960770;223837;40;7290
7927;8968060;7826;1145;7290
7928;8975350;448727;20;810
7929;8976160;11353;790;7290
7930;8983450;56101;160;7290
7931;8990740;25667;350;7290
7932;8998030;40867;220;7290
7933;9005320;10841;830;7290
7934;9012610;225133;40;7290
7935;9019900;8423;1070;7290
7936;9027190;90199;100;7290
7937;9034480;178;50755;90
7938;9034570;11878;760;7290
7939;9041860;903457;10;7290
7940;9049150;9619;940;7290
7941;9056440;16453;550;7290
7942;9063730;7460;1214;7290
7943;9071020;7345;1234;7290
7944;9078310;64793;140;7290
7945;9085600;907831;10;7290
7946;9092890;1160;7838;810
7947;9093700;29311;310;7290
7948;9100990;7700;1181;7290
7949;9108280;910099;10;7290
7950;9115570;227707;40;7290
7951;9122860;7310;1247;7290
7952;9130150;13070;698;7290
7953;9137440;182603;50;7290
7954;9144730;7640;1196;7290
7955;9152020;24733;370;810
7956;9152830;457277;20;7290
7957;9160120;915283;10;7290
7958;9167410;229003;40;7290
7959;9174700;12355;742;7290
7960;9181990;7978;1150;7290
7961;9189280;918199;10;7290
7962;9196570;11632;790;7290
7963;9203860;9215;998;7290
7964;9211150;1060;8689;810
7965;9211960;920467;10;7290
7966;9219250;7429;1240;7290
7967;9226540;36877;250;7290
7968;9233830;461327;20;7290
7969;9241120;10015;922;7290
7970;9248410;7805;1184;7290
7971;9255700;924841;10;7290
7972;9262990;92557;100;7290
7973;9270280;132421;70;810
7974;9271090;9100;1018;7290
7975;9278380;25057;370;7290
7976;9285670;463919;20;7290
7977;9292960;9370;991;7290
7978;9300250;7712;1205;7290
7979;9307540;37201;250;7290
7980;9314830;42307;220;7290
7981;9322120;133069;70;7290
7982;9329410;46643;200;810
7983;9330220;12514;745;7290
7984;9337510;8980;1039;7290
7985;9344800;8606;1085;7290
7986;9352090;11681;800;7290
7987;9359380;7729;1210;7290
7988;9366670;10883;860;7290
7989;9373960;936667;10;7290
7990;9381250;8081;1160;7290
7991;9388540;1705;5506;810
7992;9389350;8851;1060;7290
7993;9396640;187787;50;7290
7994;9403930;8360;1124;7290
7995;9411220;14270;659;7290
7996;9418510;10342;910;7290
7997;9425800;16295;578;7290
7998;9433090;47129;200;7290
7999;9440380;8035;1174;7290
8000;9447670;955;9892;810
8001;9448480;85829;110;7290
8002;9455770;59053;160;7290
8003;9463060;945577;10;7290
8004;9470350;15263;620;7290
8005;9477640;189407;50;7290
8006;9484930;7570;1252;7290
8007;9492220;7445;1274;7290
8008;9499510;12092;785;7290
8009;9506800;830;11453;810
8010;9507610;59377;160;7290
8011;9514900;9565;994;7290
8012;9522190;9650;986;7290
8013;9529480;952219;10;7290
8014;9536770;238237;40;7290
8015;9544060;9259;1030;7290
8016;9551350;7823;1220;7290
8017;9558640;191027;50;7290
8018;9565930;12;797160;10
8019;9565940;191173;50;7290
8020;9573230;16493;580;7290
8021;9580520;10805;886;7290
8022;9587810;7720;1241;7290
8023;9595100;25913;370;7290
8024;9602390;8380;1145;7290
8025;9609680;137177;70;7290
8026;9616970;120121;80;7290
8027;9624260;977;9850;810
8028;9625070;7585;1268;7290
8029;9632360;7555;1274;7290
8030;9639650;7496;1285;7290
8031;9646940;10147;950;7290
8032;9654230;482347;20;7290
8033;9661520;965423;10;7290
8034;9668810;10979;880;7290
8035;9676100;12239;790;7290
8036;9683390;484129;20;810
8037;9684200;56923;170;7290
8038;9691490;8200;1181;7290
8039;9698780;8630;1123;7290
8040;9706070;9490;1022;7290
8041;9713360;88237;110;7290
8042;9720650;10558;920;7290
8043;9727940;194413;50;7290
8044;9735230;486397;20;7290
8045;9742520;830;11737;810
8046;9743330;243401;40;7290
8047;9750620;13723;710;7290
8048;9757910;7708;1265;7290
8049;9765200;13367;730;7290
8050;9772490;24413;400;7290
8051;9779780;10739;910;7290
8052;9787070;8116;1205;7290
8053;9794360;57571;170;7290
8054;9801650;812;12070;810
8055;9802460;12721;770;7290
8056;9809750;11014;890;7290
8057;9817040;39239;250;7290
8058;9824330;8405;1168;7290
8059;9831620;8915;1102;7290
8060;9838910;491581;20;7290
8061;9846200;8707;1130;7290
8062;9853490;7574;1300;7290
8063;9860780;985997;10;810
8064;9861590;98543;100;7290
8065;9868880;8315;1186;7290
8066;9876170;17623;560;7290
8067;9883460;11899;830;7290
8068;9890750;12053;820;7290
8069;9898040;39563;250;7290
8070;9905330;247451;40;7290
8071;9912620;13495;734;7290
8072;9919910;99191;100;810
8073;9920720;991343;10;7290
8074;9928010;7376;1345;7290
8075;9935300;992801;10;7290
8076;9942590;7300;1361;7290
8077;9949880;9653;1030;7290
8078;9957170;12134;820;7290
8079;9964460;7934;1255;7290
8080;9971750;45293;220;7290
8081;9979040;52517;190;810
8082;9979850;8920;1118;7290
8083;9987140;9950;1003;7290
8084;9994430;13228;755;7290
8085;10001720;13691;730;7290
8086;10009010;250043;40;7290
8087;10016300;9578;1045;7290
8088;10023590;8725;1148;7290
8089;10030880;1002359;10;7290
8090;10038170;1480;6782;810
8091;10038980;12014;835;7290
8092;10046270;71707;140;7290
8093;10053560;77279;130;7290
8094;10060850;8030;1252;7290
8095;10068140;7775;1294;7290
8096;10075430;503407;20;7290
8097;10082720;17077;590;7290
8098;10090010;7685;1312;7290
8099;10097300;787;12830;90
8100;10097390;8774;1150;7290
8101;10104680;11282;895;7290
8102;10111970;252617;40;7290
8103;10119260;7381;1370;7290
8104;10126550;8468;1195;7290
8105;10133840;28933;350;7290
8106;10141130;8588;1180;7290
8107;10148420;1014113;10;7290
8108;10155710;815;12460;810
8109;10156520;7631;1330;7290
8110;10163810;9020;1126;7290
8111;10171100;8003;1270;7290
8112;10178390;9650;1054;7290
8113;10185680;10658;955;7290
8114;10192970;127321;80;7290
8115;10200260;1019297;10;7290
8116;10207550;72859;140;7290
8117;10214840;1021403;10;810
8118;10215650;255209;40;7290
8119;10222940;8650;1181;7290
8120;10230230;7462;1370;7290
8121;10237520;15269;670;7290
8122;10244810;8765;1168;7290
8123;10252100;1024481;10;7290
8124;10259390;7850;1306;7290
8125;10266680;1025939;10;7290
8126;10273970;1580;6502;810
8127;10274780;60397;170;7290
8128;10282070;513739;20;7290
8129;10289360;1028207;10;7290
8130;10296650;12548;820;7290
8131;10303940;9490;1085;7290
8132;10311230;7610;1354;7290
8133;10318520;7510;1373;7290
8134;10325810;13577;760;7290
8135;10333100;835;12374;810
8136;10333910;10646;970;7290
8137;10341200;7543;1370;7290
8138;10348490;8240;1255;7290
8139;10355780;1034849;10;7290
8140;10363070;11972;865;7290
8141;10370360;1036307;10;7290
8142;10377650;8008;1295;7290
8143;10384940;10525;986;7290
8144;10392230;884;11755;810
8145;10393040;41543;250;7290
8146;10400330;7504;1385;7290
8147;10407620;28109;370;7290
8148;10414910;520381;20;7290
8149;10422200;8030;1297;7290
8150;10429490;8200;1271;7290
8151;10436780;1042949;10;7290
8152;10444070;9754;1070;7290
8153;10451360;19001;550;810
8154;10452170;7624;1370;7290
8155;10459460;8674;1205;7290
8156;10466750;47543;220;7290
8157;10474040;11962;875;7290
8158;10481330;8440;1241;7290
8159;10488620;9154;1145;7290
8160;10495910;12791;820;7290
8161;10503200;12134;865;7290
8162;10510490;131371;80;810
8163;10511300;8681;1210;7290
8164;10518590;8180;1285;7290
8165;10525880;7885;1334;7290
8166;10533170;7330;1436;7290
8167;10540460;14429;730;7290
8168;10547750;75289;140;7290
8169;10555040;7750;1361;7290
8170;10562330;8045;1312;7290
8171;10569620;21569;490;810
8172;10570430;7660;1379;7290
8173;10577720;9566;1105;7290
8174;10585010;264443;40;7290
8175;10592300;9326;1135;7290
8176;10599590;7300;1451;7290
8177;10606880;14929;710;7290
8178;10614170;66293;160;7290
8179;10621460;151631;70;7290
8180;10628750;124;85715;90
8181;10628840;13445;790;7290
8182;10636130;12962;820;7290
8183;10643420;1063613;10;7290
8184;10650710;7570;1406;7290
8185;10658000;10715;994;7290
8186;10665290;7300;1460;7290
8187;10672580;7295;1462;7290
8188;10679870;18401;580;7290
8189;10687160;213727;50;810
8190;10687970;267017;40;7290
8191;10695260;9190;1163;7290
8192;10702550;13043;820;7290
8193;10709840;214051;50;7290
8194;10717130;133873;80;7290
8195;10724420;7738;1385;7290
8196;10731710;76603;140;7290
8197;10739000;97561;110;7290
8198;10746290;268637;40;810
8199;10747100;10427;1030;7290
8200;10754390;8267;1300;7290
8201;10761680;11087;970;7290
8202;10768970;7720;1394;7290
8203;10776260;13165;818;7290
8204;10783550;7381;1460;7290
8205;10790840;9377;1150;7290
8206;10798130;10684;1010;7290
8207;10805420;25127;430;810
8208;10806230;539947;20;7290
8209;10813520;12074;895;7290
8210;10820810;8555;1264;7290
8211;10828100;7567;1430;7290
8212;10835390;7790;1390;7290
8213;10842680;14843;730;7290
8214;10849970;271067;40;7290
8215;10857260;1084997;10;7290
8216;10864550;543187;20;810
8217;10865360;13885;782;7290
8218;10872650;12347;880;7290
8219;10879940;10765;1010;7290
8220;10887230;543997;20;7290
8221;10894520;1088723;10;7290
8222;10901810;7462;1460;7290
8223;10909100;1090181;10;7290
8224;10916390;7396;1475;7290
8225;10923680;156041;70;810
8226;10924490;7798;1400;7290
8227;10931780;17909;610;7290
8228;10939070;10313;1060;7290
8229;10946360;1093907;10;7290
8230;10953650;8356;1310;7290
8231;10960940;15005;730;7290
8232;10968230;13367;820;7290
8233;10975520;7735;1418;7290
8234;10982810;850;12920;810
8235;10983620;1097633;10;7290
8236;10990910;9428;1165;7290
8237;10998200;157013;70;7290
8238;11005490;8660;1270;7290
8239;11012780;13931;790;7290
8240;11020070;7543;1460;7290
8241;11027360;1102007;10;7290
8242;11034650;8405;1312;7290
8243;11041940;1104113;10;810
8244;11042750;551773;20;7290
8245;11050040;44171;250;7290
8246;11057330;276251;40;7290
8247;11064620;7610;1453;7290
8248;11071910;9298;1190;7290
8249;11079200;10585;1046;7290
8250;11086490;8800;1259;7290
8251;11093780;16547;670;7290
8252;11101070;818;13570;810
8253;11101880;13765;806;7290
8254;11109170;277547;40;7290
8255;11116460;1110917;10;7290
8256;11123750;555823;20;7290
8257;11131040;8090;1375;7290
8258;11138330;7624;1460;7290
8259;11145620;159119;70;7290
8260;11152910;557281;20;7290
8261;11160200;130;85847;90
8262;11160290;9500;1174;7290
8263;11167580;48523;230;7290
8264;11174870;13619;820;7290
8265;11182160;8498;1315;7290
8266;11189450;7760;1441;7290
8267;11196740;14438;775;7290
8268;11204030;7669;1460;7290
8269;11211320;13418;835;7290
8270;11218610;1100;10198;810
8271;11219420;12962;865;7290
8272;11226710;7901;1420;7290
8273;11234000;102061;110;7290
8274;11241290;8200;1370;7290
8275;11248580;16105;698;7290
8276;11255870;80347;140;7290
8277;11263160;9070;1241;7290
8278;11270450;281579;40;7290
8279;11277740;994;11345;810
8280;11278550;7319;1540;7290
8281;11285840;9550;1181;7290
8282;11293130;141073;80;7290
8283;11300420;1129313;10;7290
8284;11307710;13781;820;7290
8285;11315000;26297;430;7290
8286;11322290;7300;1550;7290
8287;11329580;8513;1330;7290
8288;11336870;15319;740;810
8289;11337680;1133039;10;7290
8290;11344970;7459;1520;7290
8291;11352260;8281;1370;7290
8292;11359550;11764;965;7290
8293;11366840;227191;50;7290
8294;11374130;9512;1195;7290
8295;11381420;15581;730;7290
8296;11388710;569071;20;7290
8297;11396000;1139519;10;810
8298;11396810;142369;80;7290
8299;11404100;1139681;10;7290
8300;11411390;114041;100;7290
8301;11418680;1141139;10;7290
8302;11425970;12548;910;7290
8303;11433260;30881;370;7290
8304;11440550;7831;1460;7290
8305;11447840;7381;1550;7290
8306;11455130;1072;10685;810
8307;11455940;13469;850;7290
8308;11463230;8362;1370;7290
8309;11470520;1146323;10;7290
8310;11477810;286763;40;7290
8311;11485100;10294;1115;7290
8312;11492390;8668;1325;7290
8313;11499680;9490;1211;7290
8314;11506970;8765;1312;7290
8315;11514260;17713;650;810
8316;11515070;19841;580;7290
8317;11522360;9190;1253;7290
8318;11529650;15161;760;7290
8319;11536940;20963;550;7290
8320;11544230;12748;905;7290
8321;11551520;10789;1070;7290
8322;11558810;7912;1460;7290
8323;11566100;67993;170;7290
8324;11573390;1010;11458;810
8325;11574200;8443;1370;7290
8326;11581490;10522;1100;7290
8327;11588780;9355;1238;7290
8328;11596070;8260;1403;7290
8329;11603360;8230;1409;7290
8330;11610650;7520;1543;7290
8331;11617940;15905;730;7290
8332;11625230;7694;1510;7290
8333;11632520;1915;6074;810
8334;11633330;12637;920;7290
8335;11640620;1163333;10;7290
8336;11647910;582031;20;7290
8337;11655200;1164791;10;7290
8338;11662490;8570;1360;7290
8339;11669780;23801;490;7290
8340;11677070;7993;1460;7290
8341;11684360;1167707;10;7290
8342;11691650;164;71290;90
8343;11691740;233689;50;7290
8344;11699030;584587;20;7290
8345;11706320;9034;1295;7290
8346;11713610;8815;1328;7290
8347;11720900;17483;670;7290
8348;11728190;117209;100;7290
8349;11735480;1172819;10;7290
8350;11742770;8038;1460;7290
8351;11750060;46997;250;810
8352;11750870;587179;20;7290
8353;11758160;10399;1130;7290
8354;11765450;146977;80;7290
8355;11772740;235309;50;7290
8356;11780030;8036;1465;7290
8357;11787320;1178003;10;7290
8358;11794610;11444;1030;7290
8359;11801900;7811;1510;7290
8360;11809190;1220;9679;810
8361;11810000;40699;290;7290
8362;11817290;9448;1250;7290
8363;11824580;1181729;10;7290
8364;11831870;11884;995;7290
8365;11839160;62273;190;7290
8366;11846450;14438;820;7290
8367;11853740;9050;1309;7290
8368;11861030;8119;1460;7290
8369;11868320;1186751;10;810
8370;11869130;9566;1240;7290
8371;11876420;13043;910;7290
8372;11883710;8863;1340;7290
8373;11891000;9862;1205;7290
8374;11898290;8648;1375;7290
8375;11905580;11278;1055;7290
8376;11912870;14519;820;7290
8377;11920160;16319;730;7290
8378;11927450;880;13553;810
8379;11928260;1192097;10;7290
8380;11935550;25931;460;7290
8381;11942840;21701;550;7290
8382;11950130;7720;1547;7290
8383;11957420;27791;430;7290
8384;11964710;10930;1094;7290
8385;11972000;1196471;10;7290
8386;11979290;7300;1640;7290
8387;11986580;995;12046;810
8388;11987390;10891;1100;7290
8389;11994680;38669;310;7290
8390;12001970;9080;1321;7290
8391;12009260;9985;1202;7290
8392;12016550;600463;20;7290
8393;12023840;8645;1390;7290
8394;12031130;75149;160;7290
8395;12038420;16481;730;7290
8396;12045710;17207;700;810
8397;12046520;7973;1510;7290
8398;12053810;9140;1318;7290
8399;12061100;10555;1142;7290
8400;12068390;8318;1450;7290
8401;12075680;11855;1018;7290
8402;12082970;8504;1420;7290
8403;12090260;1208297;10;7290
8404;12097550;8281;1460;7290
8405;12104840;1210403;10;810
8406;12105650;302459;40;7290
8407;12112940;9850;1229;7290
8408;12120230;11164;1085;7290
8409;12127520;1212023;10;7290
8410;12134810;75797;160;7290
8411;12142100;1213481;10;7290
8412;12149390;121421;100;7290
8413;12156680;7565;1606;7290
8414;12163970;1054;11540;810
8415;12164780;25867;470;7290
8416;12172070;8860;1373;7290
8417;12179360;1217207;10;7290
8418;12186650;7472;1630;7290
8419;12193940;34819;350;7290
8420;12201230;9460;1289;7290
8421;12208520;64217;190;7290
8422;12215810;8249;1480;7290
8423;12223100;103;118670;90
8424;12223190;7550;1618;7290
8425;12230480;174617;70;7290
8426;12237770;7820;1564;7290
8427;12245060;1223777;10;7290
8428;12252350;8938;1370;7290
8429;12259640;22277;550;7290
8430;12266930;306491;40;7290
8431;12274220;7430;1651;7290
8432;12281510;908;13525;810
8433;12282320;20123;610;7290
8434;12289610;153529;80;7290
8435;12296900;1228961;10;7290
8436;12304190;7700;1597;7290
8437;12311480;10690;1151;7290
8438;12318770;7507;1640;7290
8439;12326060;1231877;10;7290
8440;12333350;7562;1630;7290
8441;12340640;1233983;10;810
8442;12341450;11636;1060;7290
8443;12348740;10450;1181;7290
8444;12356030;7439;1660;7290
8445;12363320;7946;1555;7290
8446;12370610;309083;40;7290
8447;12377900;11185;1106;7290
8448;12385190;12076;1025;7290
8449;12392480;7814;1585;7290
8450;12399770;980;12652;810
8451;12400580;13619;910;7290
8452;12407870;620029;20;7290
8453;12415160;10055;1234;7290
8454;12422450;310379;40;7290
8455;12429740;8422;1475;7290
8456;12437030;13966;890;7290
8457;12444320;8347;1490;7290
8458;12451610;7588;1640;7290
8459;12458900;815;15286;810
8460;12459710;622621;20;7290
8461;12467000;1245971;10;7290
8462;12474290;7672;1625;7290
8463;12481580;1247429;10;7290
8464;12488870;7474;1670;7290
8465;12496160;14438;865;7290
8466;12503450;78101;160;7290
8467;12510740;11065;1130;7290
8468;12518030;625861;20;810
8469;12518840;13526;925;7290
8470;12526130;312971;40;7290
8471;12533420;65927;190;7290
8472;12540710;12988;965;7290
8473;12548000;13781;910;7290
8474;12555290;12548;1000;7290
8475;12562580;7997;1570;7290
8476;12569870;7951;1580;7290
8477;12577160;251527;50;810
8478;12577970;314267;40;7290
8479;12585260;9181;1370;7290
8480;12592550;629263;20;7290
8481;12599840;11714;1075;7290
8482;12607130;14318;880;7290
8483;12614420;1260713;10;7290
8484;12621710;7540;1673;7290
8485;12629000;54877;230;7290
8486;12636290;940;13442;810
8487;12637100;74293;170;7290
8488;12644390;10316;1225;7290
8489;12651680;7810;1619;7290
8490;12658970;7390;1712;7290
8491;12666260;11965;1058;7290
8492;12673550;13058;970;7290
8493;12680840;10786;1175;7290
8494;12688130;317021;40;7290
8495;12695420;1269461;10;810
8496;12696230;7535;1684;7290
8497;12703520;55201;230;7290
8498;12710810;79397;160;7290
8499;12718100;9557;1330;7290
8500;12725390;8900;1429;7290
8501;12732680;1272539;10;7290
8502;12739970;9502;1340;7290
8503;12747260;74941;170;7290
8504;12754550;637723;20;90
8505;12754640;7525;1694;7290
8506;12761930;8618;1480;7290
8507;12769220;1276193;10;7290
8508;12776510;7660;1667;7290
8509;12783800;1277651;10;7290
8510;12791090;7795;1640;7290
8511;12798380;7930;1613;7290
8512;12805670;7910;1618;7290
8513;12812960;857;14950;810
8514;12813770;160081;80;7290
8515;12821060;10555;1214;7290
8516;12828350;10774;1190;7290
8517;12835640;256567;50;7290
8518;12842930;16889;760;7290
8519;12850220;1284293;10;7290
8520;12857510;15671;820;7290
8521;12864800;13885;926;7290
8522;12872090;1004;12820;810
8523;12872900;1286561;10;7290
8524;12880190;10900;1181;7290
8525;12887480;41549;310;7290
8526;12894770;12158;1060;7290
8527;12902060;184211;70;7290
8528;12909350;12058;1070;7290
8529;12916640;7675;1682;7290
8530;12923930;7339;1760;7290
8531;12931220;1574;8215;810
8532;12932030;646237;20;7290
8533;12939320;1293203;10;7290
8534;12946610;10606;1220;7290
8535;12953900;8689;1490;7290
8536;12961190;129539;100;7290
8537;12968480;10246;1265;7290
8538;12975770;11579;1120;7290
8539;12983060;11138;1165;7290
8540;12990350;34183;380;810
8541;12991160;1298387;10;7290
8542;12998450;7553;1720;7290
8543;13005740;10235;1270;7290
8544;13013030;7628;1705;7290
8545;13020320;11435;1138;7290
8546;13027610;8566;1520;7290
8547;13034900;13226;985;7290
8548;13042190;130349;100;7290
8549;13049480;1304867;10;810
8550;13050290;13043;1000;7290
8551;13057580;8182;1595;7290
8552;13064870;11404;1145;7290
8553;13072160;7618;1715;7290
8554;13079450;81701;160;7290
8555;13086740;9575;1366;7290
8556;13094030;7970;1642;7290
8557;13101320;13499;970;7290
8558;13108610;65539;200;810
8559;13109420;15635;838;7290
8560;13116710;655471;20;7290
8561;13124000;16355;802;7290
8562;13131290;7720;1700;7290
8563;13138580;42359;310;7290
8564;13145870;14438;910;7290
8565;13153160;1314587;10;7290
8566;13160450;328829;40;7290
8567;13167740;1106;11905;810
8568;13168550;94009;140;7290
8569;13175840;12785;1030;7290
8570;13183130;82349;160;7290
8571;13190420;1318313;10;7290
8572;13197710;659521;20;7290
8573;13205000;22369;590;7290
8574;13212290;9500;1390;7290
8575;13219580;14519;910;7290
8576;13226870;1090;12134;810
8577;13227680;8186;1615;7290
8578;13234970;7520;1759;7290
8579;13242260;8794;1505;7290
8580;13249550;7580;1747;7290
8581;13256840;264991;50;7290
8582;13264130;10691;1240;7290
8583;13271420;16295;814;7290
8584;13278710;663571;20;7290
8585;13286000;110;120781;90
8586;13286090;7460;1780;7290
8587;13293380;13697;970;7290
8588;13300670;664669;20;7290
8589;13307960;57829;230;7290
8590;13315250;332699;40;7290
8591;13322540;8194;1625;7290
8592;13329830;7385;1804;7290
8593;13337120;70157;190;7290
8594;13344410;33359;400;810
8595;13345220;57991;230;7290
8596;13352510;7714;1730;7290
8597;13359800;10154;1315;7290
8598;13367090;7976;1675;7290
8599;13374380;7535;1774;7290
8600;13381670;668719;20;7290
8601;13388960;1338167;10;7290
8602;13396250;8164;1640;7290
8603;13403540;121843;110;810
8604;13404350;669853;20;7290
8605;13411640;11350;1181;7290
8606;13418930;7480;1793;7290
8607;13426220;191699;70;7290
8608;13433510;7870;1706;7290
8609;13440800;1343351;10;7290
8610;13448090;7925;1696;7290
8611;13455380;7615;1766;7290
8612;13462670;673093;20;810
8613;13463480;8195;1642;7290
8614;13470770;336587;40;7290
8615;13478060;1347077;10;7290
8616;13485350;9838;1370;7290
8617;13492640;7795;1730;7290
8618;13499930;7840;1721;7290
8619;13507220;1349993;10;7290
8620;13514510;18253;740;7290
8621;13521800;829;16310;810
8622;13522610;7426;1820;7290
8623;13529900;20183;670;7290
8624;13537190;14242;950;7290
8625;13544480;36587;370;7290
8626;13551770;84653;160;7290
8627;13559060;19087;710;7290
8628;13566350;677953;20;7290
8629;13573640;11675;1162;7290
8630;13580930;920;14761;810
8631;13581740;271489;50;7290
8632;13589030;679087;20;7290
8633;13596320;7630;1781;7290
8634;13603610;84977;160;7290
8635;13610900;7690;1769;7290
8636;13618190;10390;1310;7290
8637;13625480;80107;170;7290
8638;13632770;7612;1790;7290
8639;13640060;890;15325;810
8640;13640870;8213;1660;7290
8641;13648160;14005;974;7290
8642;13655450;7880;1732;7290
8643;13662740;10306;1325;7290
8644;13670030;7507;1820;7290
8645;13677320;8230;1661;7290
8646;13684610;12548;1090;7290
8647;13691900;1368461;10;7290
8648;13699190;1060;12923;810
8649;13700000;12655;1082;7290
8650;13707290;10000;1370;7290
8651;13714580;17351;790;7290
8652;13721870;7334;1870;7290
8653;13729160;1372187;10;7290
8654;13736450;14923;920;7290
8655;13743740;15095;910;7290
8656;13751030;14621;940;7290
8657;13758320;970;14183;810
8658;13759130;9760;1409;7290
8659;13766420;7490;1837;7290
8660;13773710;29927;460;7290
8661;13781000;1377371;10;7290
8662;13788290;13781;1000;7290
8663;13795580;14438;955;7290
8664;13802870;689779;20;7290
8665;13810160;7522;1835;7290
8666;13817450;172717;80;90
8667;13817540;7465;1850;7290
8668;13824830;7634;1810;7290
8669;13832120;10610;1303;7290
8670;13839410;345803;40;7290
8671;13846700;8189;1690;7290
8672;13853990;7550;1834;7290
8673;13861280;1385399;10;7290
8674;13868570;8452;1640;7290
8675;13875860;1015;13670;810
8676;13876670;8834;1570;7290
8677;13883960;1387667;10;7290
8678;13891250;347099;40;7290
8679;13898540;11113;1250;7290
8680;13905830;7730;1798;7290
8681;13913120;81799;170;7290
8682;13920410;13378;1040;7290
8683;13927700;28409;490;7290
8684;13934990;53593;260;810
8685;13935800;1392851;10;7290
8686;13943090;9448;1475;7290
8687;13950380;9730;1433;7290
8688;13957670;697519;20;7290
8689;13964960;10862;1285;7290
8690;13972250;87281;160;7290
8691;13979540;55889;250;7290
8692;13986830;698977;20;7290
8693;13994120;893;15670;810
8694;13994930;9640;1451;7290
8695;14002220;1399493;10;7290
8696;14009510;41183;340;7290
8697;14016800;13093;1070;7290
8698;14024090;10012;1400;7290
8699;14031380;11905;1178;7290
8700;14038670;10340;1357;7290
8701;14045960;15845;886;7290
8702;14053250;351311;40;810
8703;14054060;12598;1115;7290
8704;14061350;10372;1355;7290
8705;14068640;281227;50;7290
8706;14075930;7646;1840;7290
8707;14083220;11633;1210;7290
8708;14090510;704161;20;7290
8709;14097800;9965;1414;7290
8710;14105090;70489;200;7290
8711;14112380;128287;110;810
8712;14113190;12266;1150;7290
8713;14120480;8351;1690;7290
8714;14127770;7810;1808;7290
8715;14135060;1412777;10;7290
8716;14142350;706753;20;7290
8717;14149640;282847;50;7290
8718;14156930;11411;1240;7290
8719;14164220;48817;290;7290
8720;14171510;141707;100;810
8721;14172320;9830;1441;7290
8722;14179610;8080;1754;7290
8723;14186900;13105;1082;7290
8724;14194190;7795;1820;7290
8725;14201480;15395;922;7290
8726;14208770;355037;40;7290
8727;14216060;7885;1802;7290
8728;14223350;10609;1340;7290
8729;14230640;38459;370;810
8730;14231450;9358;1520;7290
8731;14238740;7510;1895;7290
8732;14246030;711937;20;7290
8733;14253320;1424603;10;7290
8734;14260610;356333;40;7290
8735;14267900;15671;910;7290
8736;14275190;9356;1525;7290
8737;14282480;46049;310;7290
8738;14289770;1120;12758;810
8739;14290580;204047;70;7290
8740;14297870;714529;20;7290
8741;14305160;10490;1363;7290
8742;14312450;7412;1930;7290
8743;14319740;286249;50;7290
8744;14327030;10460;1369;7290
8745;14334320;1432703;10;7290
8746;14341610;7876;1820;7290
8747;14348900;163;88030;10
8748;14348910;239027;60;7290
8749;14356200;16493;870;7290
8750;14363490;8088;1775;7290
8751;14370780;10245;1402;7290
8752;14378070;7446;1930;7290
8753;14385360;9781;1470;7290
8754;14392650;10898;1320;7290
8755;14399940;10475;1374;7290
8756;14407230;34301;420;810
8757;14408040;7385;1950;7290
8758;14415330;120067;120;7290
8759;14422620;10798;1335;7290
8760;14429910;8130;1774;7290
8761;14437200;8030;1797;7290
8762;14444490;7950;1816;7290
8763;14451780;11602;1245;7290
8764;14459070;7980;1811;7290
8765;14466360;825;17534;810
8766;14467170;8817;1640;7290
8767;14474460;7465;1938;7290
8768;14481750;7953;1820;7290
8769;14489040;19309;750;7290
8770;14496330;8270;1752;7290
8771;14503620;483211;30;7290
8772;14510910;241727;60;7290
8773;14518200;483697;30;7290
8774;14525490;121039;120;810
8775;14526300;43997;330;7290
8776;14533590;11810;1230;7290
8777;14540880;10135;1434;7290
8778;14548170;8454;1720;7290
8779;14555460;7665;1898;7290
8780;14562750;242591;60;7290
8781;14570040;19417;750;7290
8782;14577330;10558;1380;7290
8783;14584620;870;16763;810
8784;14585430;10610;1374;7290
8785;14592720;486181;30;7290
8786;14600010;7415;1968;7290
8787;14607300;486667;30;7290
8788;14614590;7300;2001;7290
8789;14621880;7870;1857;7290
8790;14629170;8034;1820;7290
8791;14636460;8682;1685;7290
8792;14643750;18773;780;810
8793;14644560;15739;930;7290
8794;14651850;7580;1932;7290
8795;14659140;7950;1843;7290
8796;14666430;8282;1770;7290
8797;14673720;8103;1810;7290
8798;14681010;14386;1020;7290
8799;14688300;489367;30;7290
8800;14695590;8902;1650;7290
8801;14702880;1410;10427;810
8802;14703690;7400;1986;7290
8803;14710980;11014;1335;7290
8804;14718270;245183;60;7290
8805;14725560;7630;1929;7290
8806;14732850;8405;1752;7290
8807;14740140;8929;1650;7290
8808;14747430;10454;1410;7290
8809;14754720;491581;30;7290
8810;14762010;1200;12301;810
8811;14762820;491851;30;7290
8812;14770110;7937;1860;7290
8813;14777400;28961;510;7290
8814;14784690;8956;1650;7290
8815;14791980;9417;1570;7290
8816;14799270;8590;1722;7290
8817;14806560;7330;2019;7290
8818;14813850;8490;1744;7290
8819;14821140;70573;210;810
8820;14821950;10078;1470;7290
8821;14829240;7601;1950;7290
8822;14836530;7640;1941;7290
8823;14843820;26029;570;7290
8824;14851110;10167;1460;7290
8825;14858400;495037;30;7290
8826;14865690;7550;1968;7290
8827;14872980;7323;2030;7290
8828;14880270;105;141716;90
8829;14880360;495769;30;7290
8830;14887650;11273;1320;7290
8831;14894940;99251;150;7290
8832;14902230;7615;1956;7290
8833;14909520;7341;2030;7290
8834;14916810;8103;1840;7290
8835;14924100;7305;2042;7290
8836;14931390;49747;300;7290
8837;14938680;497929;30;810
8838;14939490;8200;1821;7290
8839;14946780;7955;1878;7290
8840;14954070;10831;1380;7290
8841;14961360;498469;30;7290
8842;14968650;7334;2040;7290
8843;14975940;8202;1825;7290
8844;14983230;7602;1970;7290
8845;14990520;16111;930;7290
8846;14997810;1000;14997;810
8847;14998620;499711;30;7290
8848;15005910;7462;2010;7290
8849;15013200;500197;30;7290
8850;15020490;12511;1200;7290
8851;15027780;9722;1545;7290
8852;15035070;10293;1460;7290
8853;15042360;9957;1510;7290
8854;15049650;125353;120;7290
8855;15056940;890;16917;810
8856;15057750;250841;60;7290
8857;15065040;11810;1275;7290
8858;15072330;7655;1968;7290
8859;15079620;11042;1365;7290
8860;15086910;7773;1940;7290
8861;15094200;12118;1245;7290
8862;15101490;9148;1650;7290
8863;15108780;503383;30;7290
8864;15116070;1140;13259;810
8865;15116880;503653;30;7290
8866;15124170;62987;240;7290
8867;15131460;504139;30;7290
8868;15138750;12302;1230;7290
8869;15146040;8074;1875;7290
8870;15153330;7410;2044;7290
8871;15160620;505111;30;7290
8872;15167910;8713;1740;7290
8873;15175200;1155;13138;810
8874;15176010;9029;1680;7290
8875;15183300;505867;30;7290
8876;15190590;8025;1892;7290
8877;15197880;8962;1695;7290
8878;15205170;9267;1640;7290
8879;15212460;7738;1965;7290
8880;15219750;10713;1420;7290
8881;15227040;7805;1950;7290
8882;15234330;63473;240;810
8883;15235140;8390;1815;7290
8884;15242430;253919;60;7290
8885;15249720;10369;1470;7290
8886;15257010;127081;120;7290
8887;15264300;508567;30;7290
8888;15271590;7300;2091;7290
8889;15278880;509053;30;7290
8890;15286170;7328;2085;7290
8891;15293460;1137;13450;810
8892;15294270;254783;60;7290
8893;15301560;10847;1410;7290
8894;15308850;8794;1740;7290
8895;15316140;102059;150;7290
8896;15323430;36467;420;7290
8897;15330720;13994;1095;7290
8898;15338010;7790;1968;7290
8899;15345300;22229;690;7290
8900;15352590;993;15460;810
8901;15353400;7410;2071;7290
8902;15360690;25589;600;7290
8903;15367980;30119;510;7290
8904;15375270;256133;60;7290
8905;15382560;22283;690;7290
8906;15389850;8760;1756;7290
8907;15397140;14657;1050;7290
8908;15404430;8535;1804;7290
8909;15411720;129;119470;90
8910;15411810;7626;2020;7290
8911;15419100;513727;30;7290
8912;15426390;7485;2060;7290
8913;15433680;73459;210;7290
8914;15440970;8560;1803;7290
8915;15448260;7858;1965;7290
8916;15455550;10581;1460;7290
8917;15462840;7395;2090;7290
8918;15470130;1020;15166;810
8919;15470940;103091;150;7290
8920;15478230;7790;1986;7290
8921;15485520;515941;30;7290
8922;15492810;8565;1808;7290
8923;15500100;8753;1770;7290
8924;15507390;7381;2100;7290
8925;15514680;10658;1455;7290
8926;15521970;129289;120;7290
8927;15529260;966;16075;810
8928;15530070;8529;1820;7290
8929;15537360;16699;930;7290
8930;15544650;7895;1968;7290
8931;15551940;9421;1650;7290
8932;15559230;8058;1930;7290
8933;15566520;8285;1878;7290
8934;15573810;8760;1777;7290
8935;15581100;74161;210;7290
8936;15588390;956;16305;810
8937;15589200;7710;2021;7290
8938;15596490;9448;1650;7290
8939;15603780;7683;2030;7290
8940;15611070;12686;1230;7290
8941;15618360;520369;30;7290
8942;15625650;8290;1884;7290
8943;15632940;8562;1825;7290
8944;15640230;260549;60;7290
8945;15647520;521557;30;810
8946;15648330;65171;240;7290
8947;15655620;7545;2074;7290
8948;15662910;8417;1860;7290
8949;15670200;8222;1905;7290
8950;15677490;7350;2132;7290
8951;15684780;22721;690;7290
8952;15692070;10743;1460;7290
8953;15699360;7437;2110;7290
8954;15706650;930;16888;810
8955;15707460;8655;1814;7290
8956;15714750;261791;60;7290
8957;15722040;8625;1822;7290
8958;15729330;10623;1480;7290
8959;15736620;12634;1245;7290
8960;15743910;12794;1230;7290
8961;15751200;7665;2054;7290
8962;15758490;13126;1200;7290
8963;15765780;40423;390;810
8964;15766590;7860;2005;7290
8965;15773880;75079;210;7290
8966;15781170;131449;120;7290
8967;15788460;7409;2130;7290
8968;15795750;8130;1942;7290
8969;15803040;21061;750;7290
8970;15810330;8030;1968;7290
8971;15817620;11213;1410;7290
8972;15824910;52747;300;810
8973;15825720;527281;30;7290
8974;15833010;9201;1720;7290
8975;15840300;8485;1866;7290
8976;15847590;7543;2100;7290
8977;15854880;48023;330;7290
8978;15862170;7395;2144;7290
8979;15869460;14486;1095;7290
8980;15876750;12902;1230;7290
8981;15884040;48131;330;810
8982;15884850;132313;120;7290
8983;15892140;105899;150;7290
8984;15899430;7986;1990;7290
8985;15906720;529981;30;7290
8986;15914010;7440;2138;7290
8987;15921300;75781;210;7290
8988;15928590;7300;2181;7290
8989;15935880;11695;1362;7290
8990;15943170;120;132859;90
8991;15943260;31247;510;7290
8992;15950550;12962;1230;7290
8993;15957840;8286;1925;7290
8994;15965130;66491;240;7290
8995;15972420;7570;2109;7290
8996;15979710;7635;2092;7290
8997;15987000;23159;690;7290
8998;15994290;7300;2190;7290
8999;16001580;865;18498;810
9000;16002390;7860;2035;7290
9001;16009680;533413;30;7290
9002;16016970;8135;1968;7290
9003;16024260;7682;2085;7290
9004;16031550;38153;420;7290
9005;16038840;106877;150;7290
9006;16046130;133657;120;7290
9007;16053420;7327;2190;7290
9008;16060710;850;18894;810
9009;16061520;7314;2195;7290
9010;16068810;66923;240;7290
9011;16076100;535627;30;7290
9012;16083390;7842;2050;7290
9013;16090680;8210;1959;7290
9014;16097970;134089;120;7290
9015;16105260;8155;1974;7290
9016;16112550;7354;2190;7290
9017;16119840;28279;570;810
9018;16120650;67139;240;7290
9019;16127940;8267;1950;7290
9020;16135230;7780;2073;7290
9021;16142520;537841;30;7290
9022;16149810;7720;2091;7290
9023;16157100;8265;1954;7290
9024;16164390;53857;300;7290
9025;16171680;7381;2190;7290
9026;16178970;67409;240;810
9027;16179780;9137;1770;7290
9028;16187070;269663;60;7290
9029;16194360;7970;2031;7290
9030;16201650;7415;2184;7290
9031;16208940;108011;150;7290
9032;16216230;8985;1804;7290
9033;16223520;540541;30;7290
9034;16230810;7408;2190;7290
9035;16238100;830;19563;810
9036;16238910;270527;60;7290
9037;16246200;8670;1873;7290
9038;16253490;27077;600;7290
9039;16260780;49253;330;7290
9040;16268070;271013;60;7290
9041;16275360;7670;2121;7290
9042;16282650;8270;1968;7290
9043;16289940;7435;2190;7290
9044;16297230;964;16905;810
9045;16298040;7490;2175;7290
9046;16305330;12347;1320;7290
9047;16312620;7746;2105;7290
9048;16319910;8914;1830;7290
9049;16327200;543997;30;7290
9050;16334490;13606;1200;7290
9051;16341780;28657;570;7290
9052;16349070;7462;2190;7290
9053;16356360;109037;150;810
9054;16357170;7676;2130;7290
9055;16364460;545239;30;7290
9056;16371750;8290;1974;7290
9057;16379040;7890;2075;7290
9058;16386330;34123;480;7290
9059;16393620;546211;30;7290
9060;16400910;8238;1990;7290
9061;16408200;7489;2190;7290
9062;16415490;888;18485;810
9063;16416300;546967;30;7290
9064;16423590;54721;300;7290
9065;16430880;547453;30;7290
9066;16438170;34231;480;7290
9067;16445460;78277;210;7290
9068;16452750;7820;2103;7290
9069;16460040;21937;750;7290
9070;16467330;7516;2190;7290
9071;16474620;102;161515;90
9072;16474710;274457;60;7290
9073;16482000;8258;1995;7290
9074;16489290;8040;2050;7290
9075;16496580;549643;30;7290
9076;16503870;274943;60;7290
9077;16511160;550129;30;7290
9078;16518450;137593;120;7290
9079;16525740;7683;2150;7290
9080;16533030;915;18068;810
9081;16533840;12962;1275;7290
9082;16541130;68891;240;7290
9083;16548420;10306;1605;7290
9084;16555710;7626;2170;7290
9085;16563000;9249;1790;7290
9086;16570290;11042;1500;7290
9087;16577580;7414;2235;7290
9088;16584870;276293;60;7290
9089;16592160;110609;150;810
9090;16592970;9532;1740;7290
9091;16600260;553099;30;7290
9092;16607550;276671;60;7290
9093;16614840;7950;2089;7290
9094;16622130;7368;2255;7290
9095;16629420;79153;210;7290
9096;16636710;277157;60;7290
9097;16644000;32621;510;7290
9098;16651290;816;20405;810
9099;16652100;8281;2010;7290
9100;16659390;11810;1410;7290
9101;16666680;7971;2090;7290
9102;16673970;138889;120;7290
9103;16681260;17929;930;7290
9104;16688550;13562;1230;7290
9105;16695840;7835;2130;7290
9106;16703130;9938;1680;7290
9107;16710420;556987;30;810
9108;16711230;25309;660;7290
9109;16718520;557041;30;7290
9110;16725810;7655;2184;7290
9111;16733100;7765;2154;7290
9112;16740390;8670;1930;7290
9113;16747680;8895;1882;7290
9114;16754970;7544;2220;7290
9115;16762260;558499;30;7290
9116;16769550;279479;60;810
9117;16770360;558769;30;7290
9118;16777650;139753;120;7290
9119;16784940;9069;1850;7290
9120;16792230;12163;1380;7290
9121;16799520;12302;1365;7290
9122;16806810;7440;2258;7290
9123;16814100;560227;30;7290
9124;16821390;8202;2050;7290
9125;16828680;560929;30;810
9126;16829490;7314;2300;7290
9127;16836780;32999;510;7290
9128;16844070;280613;60;7290
9129;16851360;8265;2038;7290
9130;16858650;35107;480;7290
9131;16865940;8350;2019;7290
9132;16873230;9267;1820;7290
9133;16880520;51131;330;7290
9134;16887810;866;19500;810
9135;16888620;562711;30;7290
9136;16895910;7635;2212;7290
9137;16903200;563197;30;7290
9138;16910490;14086;1200;7290
9139;16917780;7466;2265;7290
9140;16925070;25633;660;7290
9141;16932360;18199;930;7290
9142;16939650;7576;2235;7290
9143;16946940;564871;30;810
9144;16947750;8090;2094;7290
9145;16955040;7375;2298;7290
9146;16962330;35323;480;7290
9147;16969620;7343;2310;7290
9148;16976910;282827;60;7290
9149;16984200;9277;1830;7290
9150;16991490;28307;600;7290
9151;16998780;11678;1455;7290
9152;17006070;93;182860;90
9153;17006160;7962;2135;7290
9154;17013450;9608;1770;7290
9155;17020740;7575;2246;7290
9156;17028030;7548;2255;7290
9157;17035320;567601;30;7290
9158;17042610;141961;120;7290
9159;17049900;7365;2314;7290
9160;17057190;7413;2300;7290
9161;17064480;43753;390;810
9162;17065290;8529;2000;7290
9163;17072580;51713;330;7290
9164;17079870;11614;1470;7290
9165;17087160;7642;2235;7290
9166;17094450;7544;2265;7290
9167;17101740;113963;150;7290
9168;17109030;9662;1770;7290
9169;17116320;14438;1185;7290
9170;17123610;912;18775;810
9171;17124420;33563;510;7290
9172;17131710;12409;1380;7290
9173;17139000;8790;1949;7290
9174;17146290;7880;2175;7290
9175;17153580;81649;210;7290
9176;17160870;7340;2337;7290
9177;17168160;7530;2279;7290
9178;17175450;7520;2283;7290
9179;17182740;926;18555;810
9180;17183550;7356;2335;7290
9181;17190840;11810;1455;7290
9182;17198130;143257;120;7290
9183;17205420;10551;1630;7290
9184;17212710;8252;2085;7290
9185;17220000;573757;30;7290
9186;17227290;7500;2296;7290
9187;17234580;8670;1987;7290
9188;17241870;1020;16903;810
9189;17242680;8661;1990;7290
9190;17249970;7895;2184;7290
9191;17257260;8110;2127;7290
9192;17264550;8102;2130;7290
9193;17271840;8950;1929;7290
9194;17279130;35983;480;7290
9195;17286420;52361;330;7290
9196;17293710;14054;1230;7290
9197;17301000;1290;13411;810
9198;17301810;8630;2004;7290
9199;17309100;576727;30;7290
9200;17316390;57697;300;7290
9201;17323680;12686;1365;7290
9202;17330970;7480;2316;7290
9203;17338260;12982;1335;7290
9204;17345550;7638;2270;7290
9205;17352840;115637;150;7290
9206;17360130;1320;13151;810
9207;17360940;12178;1425;7290
9208;17368230;289349;60;7290
9209;17375520;52631;330;7290
9210;17382810;8196;2120;7290
9211;17390100;579427;30;7290
9212;17397390;7350;2366;7290
9213;17404680;19997;870;7290
9214;17411970;10119;1720;7290
9215;17419260;939;18550;810
9216;17420070;7538;2310;7290
9217;17427360;34157;510;7290
9218;17434650;36307;480;7290
9219;17441940;7419;2350;7290
9220;17449230;7804;2235;7290
9221;17456520;11294;1545;7290
9222;17463810;145471;120;7290
9223;17471100;12794;1365;7290
9224;17478390;291293;60;810
9225;17479200;18787;930;7290
9226;17486490;14566;1200;7290
9227;17493780;83269;210;7290
9228;17501070;291563;60;7290
9229;17508360;8707;2010;7290
9230;17515650;145903;120;7290
9231;17522940;10154;1725;7290
9232;17530230;8090;2166;7290
9233;17537520;127;138090;90
9234;17537610;73043;240;7290
9235;17544900;584587;30;7290
9236;17552190;7530;2330;7290
9237;17559480;585073;30;7290
9238;17566770;8815;1992;7290
9239;17574060;8718;2015;7290
9240;17581350;41843;420;7290
9241;17588640;117209;150;7290
9242;17595930;835;21072;810
9243;17596740;7450;2361;7290
9244;17604030;41897;420;7290
9245;17611320;586801;30;7290
9246;17618610;7565;2328;7290
9247;17625900;587287;30;7290
9248;17633190;8598;2050;7290
9249;17640480;587773;30;7290
9250;17647770;7710;2288;7290
9251;17655060;23539;750;810
9252;17655870;8247;2140;7290
9253;17663160;588529;30;7290
9254;17670450;7320;2413;7290
9255;17677740;16829;1050;7290
9256;17685030;294629;60;7290
9257;17692320;53591;330;7290
9258;17699610;7440;2378;7290
9259;17706900;7746;2285;7290
9260;17714190;948;18685;810
9261;17715000;34721;510;7290
9262;17722290;7500;2362;7290
9263;17729580;12569;1410;7290
9264;17736870;26863;660;7290
9265;17744160;8913;1990;7290
9266;17751450;10562;1680;7290
9267;17758740;118343;150;7290
9268;17766030;14438;1230;7290
9269;17773320;84631;210;810
9270;17774130;8135;2184;7290
9271;17781420;53861;330;7290
9272;17788710;10046;1770;7290
9273;17796000;7977;2230;7290
9274;17803290;7415;2400;7290
9275;17810580;7955;2238;7290
9276;17817870;296843;60;7290
9277;17825160;7378;2415;7290
9278;17832450;1020;17482;810
9279;17833260;8369;2130;7290
9280;17840550;8033;2220;7290
9281;17847840;7842;2275;7290
9282;17855130;7828;2280;7290
9283;17862420;7797;2290;7290
9284;17869710;297707;60;7290
9285;17877000;9094;1965;7290
9286;17884290;7375;2424;7290
9287;17891580;934;19155;810
9288;17892390;59617;300;7290
9289;17899680;25931;690;7290
9290;17906970;8380;2136;7290
9291;17914260;596899;30;7290
9292;17921550;7527;2380;7290
9293;17928840;7610;2355;7290
9294;17936130;8457;2120;7290
9295;17943420;8205;2186;7290
9296;17950710;59833;300;810
9297;17951520;598141;30;7290
9298;17958810;7530;2384;7290
9299;17966100;11854;1515;7290
9300;17973390;59887;300;7290
9301;17980680;10041;1790;7290
9302;17987970;149839;120;7290
9303;17995260;7787;2310;7290
9304;18002550;8409;2140;7290
9305;18009840;915;19682;810
9306;18010650;37507;480;7290
9307;18017940;8925;2018;7290
9308;18025230;300299;60;7290
9309;18032520;600841;30;7290
9310;18039810;7909;2280;7290
9311;18047100;8615;2094;7290
9312;18054390;8394;2150;7290
9313;18061680;601813;30;7290
9314;18068970;120;150574;90
9315;18069060;7621;2370;7290
9316;18076350;7510;2406;7290
9317;18083640;9771;1850;7290
9318;18090930;150697;120;7290
9319;18098220;8434;2145;7290
9320;18105510;7357;2460;7290
9321;18112800;8130;2227;7290
9322;18120090;7547;2400;7290
9323;18127380;826;21945;810
9324;18128190;8629;2100;7290
9325;18135480;9019;2010;7290
9326;18142770;7494;2420;7290
9327;18150060;604759;30;7290
9328;18157350;8031;2260;7290
9329;18164640;8310;2185;7290
9330;18171930;7384;2460;7290
9331;18179220;86533;210;7290
9332;18186510;975;18652;810
9333;18187320;9285;1958;7290
9334;18194610;151561;120;7290
9335;18201900;7534;2415;7290
9336;18209190;7310;2490;7290
9337;18216480;8565;2126;7290
9338;18223770;37951;480;7290
9339;18231060;9190;1983;7290
9340;18238350;7411;2460;7290
9341;18245640;608161;30;810
9342;18246450;9806;1860;7290
9343;18253740;7725;2362;7290
9344;18261030;7702;2370;7290
9345;18268320;608701;30;7290
9346;18275610;10874;1680;7290
9347;18282900;8682;2105;7290
9348;18290190;60943;300;7290
9349;18297480;609673;30;7290
9350;18304770;152533;120;810
9351;18305580;35879;510;7290
9352;18312870;305093;60;7290
9353;18320160;610429;30;7290
9354;18327450;38167;480;7290
9355;18334740;9150;2003;7290
9356;18342030;8508;2155;7290
9357;18349320;9194;1995;7290
9358;18356610;13901;1320;7290
9359;18363900;870;21107;810
9360;18364710;16103;1140;7290
9361;18372000;7595;2418;7290
9362;18379290;7655;2400;7290
9363;18386580;612643;30;7290
9364;18393870;10567;1740;7290
9365;18401160;7645;2406;7290
9366;18408450;153343;120;7290
9367;18415740;14438;1275;7290
9368;18423030;1020;18061;810
9369;18423840;122777;150;7290
9370;18431130;7860;2344;7290
9371;18438420;8355;2206;7290
9372;18445710;7982;2310;7290
9373;18453000;7783;2370;7290
9374;18460290;12302;1500;7290
9375;18467580;615343;30;7290
9376;18474870;7926;2330;7290
9377;18482160;123209;150;810
9378;18482970;7320;2524;7290
9379;18490260;56009;330;7290
9380;18497550;9941;1860;7290
9381;18504840;9525;1942;7290
9382;18512130;7720;2397;7290
9383;18519420;13562;1365;7290
9384;18526710;7710;2402;7290
9385;18534000;32503;570;7290
9386;18541290;840;22072;810
9387;18542100;88261;210;7290
9388;18549390;9759;1900;7290
9389;18556680;7890;2351;7290
9390;18563970;7863;2360;7290
9391;18571260;618799;30;7290
9392;18578550;309521;60;7290
9393;18585840;8805;2110;7290
9394;18593130;7696;2415;7290
9395;18600420;105;177146;90
9396;18600510;8529;2180;7290
9397;18607800;14419;1290;7290
9398;18615090;31013;600;7290
9399;18622380;7670;2427;7290
9400;18629670;8484;2195;7290
9401;18636960;8445;2206;7290
9402;18644250;7576;2460;7290
9403;18651540;24859;750;7290
9404;18658830;870;21446;810
9405;18659640;124349;150;7290
9406;18666930;7860;2374;7290
9407;18674220;32749;570;7290
9408;18681510;311237;60;7290
9409;18688800;9483;1970;7290
9410;18696090;7787;2400;7290
9411;18703380;10474;1785;7290
9412;18710670;7603;2460;7290
9413;18717960;124781;150;810
9414;18718770;7390;2532;7290
9415;18726060;89137;210;7290
9416;18733350;312101;60;7290
9417;18740640;8795;2130;7290
9418;18747930;39043;480;7290
9419;18755220;8259;2270;7290
9420;18762510;7964;2355;7290
9421;18769800;48109;390;7290
9422;18777090;920;20409;810
9423;18777900;9390;1999;7290
9424;18785190;7950;2362;7290
9425;18792480;626173;30;7290
9426;18799770;7520;2499;7290
9427;18807060;10358;1815;7290
9428;18814350;8124;2315;7290
9429;18821640;125429;150;7290
9430;18828930;8040;2341;7290
9431;18836220;57077;330;810
9432;18837030;313829;60;7290
9433;18844320;627901;30;7290
9434;18851610;7304;2580;7290
9435;18858900;33073;570;7290
9436;18866190;8495;2220;7290
9437;18873480;89839;210;7290
9438;18880770;157279;120;7290
9439;18888060;7890;2393;7290
9440;18895350;44987;420;810
9441;18896160;7293;2590;7290
9442;18903450;39367;480;7290
9443;18910740;126023;150;7290
9444;18918030;315179;60;7290
9445;18925320;9370;2019;7290
9446;18932610;13714;1380;7290
9447;18939900;7715;2454;7290
9448;18947190;7775;2436;7290
9449;18954480;631789;30;810
9450;18955290;7895;2400;7290
9451;18962580;631843;30;7290
9452;18969870;7852;2415;7290
9453;18977160;632329;30;7290
9454;18984450;158143;120;7290
9455;18991740;9445;2010;7290
9456;18999030;10378;1830;7290
9457;19006320;37253;510;7290
9458;19013610;816;23300;810
9459;19014420;633571;30;7290
9460;19021710;316907;60;7290
9461;19029000;7302;2605;7290
9462;19036290;12686;1500;7290
9463;19043580;7410;2569;7290
9464;19050870;7545;2524;7290
9465;19058160;9190;2073;7290
9466;19065450;14438;1320;7290
9467;19072740;635731;30;810
9468;19073550;317771;60;7290
9469;19080840;127157;150;7290
9470;19088130;10966;1740;7290
9471;19095420;14797;1290;7290
9472;19102710;8245;2316;7290
9473;19110000;8115;2354;7290
9474;19117290;7350;2600;7290
9475;19124580;637243;30;7290
9476;19131870;11;1739260;10
9477;19131880;1912459;10;7290
9478;19139170;16493;1160;7290
9479;19146460;1913917;10;7290
9480;19153750;8644;2215;7290
9481;19161040;8750;2189;7290
9482;19168330;7720;2482;7290
9483;19175620;1916833;10;7290
9484;19182910;25913;740;7290
9485;19190200;1210;15859;810
9486;19191010;479593;40;7290
9487;19198300;19001;1010;7290
9488;19205590;8525;2252;7290
9489;19212880;51907;370;7290
9490;19220170;8765;2192;7290
9491;19227460;8249;2330;7290
9492;19234750;137339;140;7290
9493;19242040;8185;2350;7290
9494;19249330;817;23560;810
9495;19250140;13046;1475;7290
9496;19257430;7555;2548;7290
9497;19264720;113279;170;7290
9498;19272010;7496;2570;7290
9499;19279300;9665;1994;7290
9500;19286590;7300;2641;7290
9501;19293880;1928659;10;7290
9502;19301170;482347;40;7290
9503;19308460;386153;50;810
9504;19309270;23539;820;7290
9505;19316560;1930927;10;7290
9506;19323850;10852;1780;7290
9507;19331140;8494;2275;7290
9508;19338430;966557;20;7290
9509;19345720;8614;2245;7290
9510;19353010;483643;40;7290
9511;19360300;45007;430;7290
9512;19367590;33391;580;810
9513;19368400;1936111;10;7290
9514;19375690;8200;2362;7290
9515;19382980;8461;2290;7290
9516;19390270;8630;2246;7290
9517;19397560;66863;290;7290
9518;19404850;7592;2555;7290
9519;19412140;8002;2425;7290
9520;19419430;88237;220;7290
9521;19426720;277513;70;810
9522;19427530;34679;560;7290
9523;19434820;1942753;10;7290
9524;19442110;11234;1730;7290
9525;19449400;1944211;10;7290
9526;19456690;12548;1550;7290
9527;19463980;8030;2423;7290
9528;19471270;7429;2620;7290
9529;19478560;21397;910;7290
9530;19485850;1208;16130;810
9531;19486660;102523;190;7290
9532;19493950;13723;1420;7290
9533;19501240;55697;350;7290
9534;19508530;7544;2585;7290
9535;19515820;1950853;10;7290
9536;19523110;13367;1460;7290
9537;19530400;1952311;10;7290
9538;19537690;24413;800;7290
9539;19544980;27527;710;810
9540;19545790;8495;2300;7290
9541;19553080;7535;2594;7290
9542;19560370;488827;40;7290
9543;19567660;115061;170;7290
9544;19574950;8036;2435;7290
9545;19582240;8650;2263;7290
9546;19589530;122389;160;7290
9547;19596820;8462;2315;7290
9548;19604110;196033;100;810
9549;19604920;8411;2330;7290
9550;19612210;11014;1780;7290
9551;19619500;1961221;10;7290
9552;19626790;39239;500;7290
9553;19634080;9355;2098;7290
9554;19641370;8405;2336;7290
9555;19648660;280591;70;7290
9556;19655950;8915;2204;7290
9557;19663240;130;151255;90
9558;19663330;14020;1402;7290
9559;19670620;7690;2557;7290
9560;19677910;983531;20;7290
9561;19685200;11474;1715;7290
9562;19692490;8485;2320;7290
9563;19699780;1969249;10;7290
9564;19707070;7519;2620;7290
9565;19714360;9470;2081;7290
9566;19721650;493021;40;810
9567;19722460;1971517;10;7290
9568;19729750;9047;2180;7290
9569;19737040;78919;250;7290
9570;19744330;246713;80;7290
9571;19751620;1974433;10;7290
9572;19758910;7310;2702;7290
9573;19766200;27067;730;7290
9574;19773490;8594;2300;7290
9575;19780780;282571;70;810
9576;19781590;7420;2665;7290
9577;19788880;1978159;10;7290
9578;19796170;8930;2216;7290
9579;19803460;1979617;10;7290
9580;19810750;43051;460;7290
9581;19818040;13625;1454;7290
9582;19825330;8030;2468;7290
9583;19832620;7978;2485;7290
9584;19839910;198391;100;810
9585;19840720;1983343;10;7290
9586;19848010;7544;2630;7290
9587;19855300;7735;2566;7290
9588;19862590;198553;100;7290
9589;19869880;180569;110;7290
9590;19877170;496747;40;7290
9591;19884460;10658;1865;7290
9592;19891750;7604;2615;7290
9593;19899040;814;24445;810
9594;19899850;248657;80;7290
9595;19907140;8425;2362;7290
9596;19914430;8828;2255;7290
9597;19921720;1991443;10;7290
9598;19929010;8420;2366;7290
9599;19936300;9910;2011;7290
9600;19943590;7300;2731;7290
9601;19950880;68771;290;7290
9602;19958170;890;22424;810
9603;19958980;7495;2662;7290
9604;19966270;997949;20;7290
9605;19973560;12758;1565;7290
9606;19980850;7790;2564;7290
9607;19988140;399617;50;7290
9608;19995430;27011;740;7290
9609;20002720;7826;2555;7290
9610;20010010;125017;160;7290
9611;20017300;1070;18707;810
9612;20018110;1000541;20;7290
9613;20025400;7729;2590;7290
9614;20032690;8920;2245;7290
9615;20039980;2003269;10;7290
9616;20047270;24439;820;7290
9617;20054560;9895;2026;7290
9618;20061850;7373;2720;7290
9619;20069140;401237;50;7290
9620;20076430;1090;18418;810
9621;20077240;10162;1975;7290
9622;20084530;501931;40;7290
9623;20091820;69257;290;7290
9624;20099110;143513;140;7290
9625;20106400;2009911;10;7290
9626;20113690;8200;2452;7290
9627;20120980;8614;2335;7290
9628;20128270;91459;220;7290
9629;20135560;1075;18730;810
9630;20136370;503227;40;7290
9631;20143660;19937;1010;7290
9632;20150950;7838;2570;7290
9633;20158240;7550;2669;7290
9634;20165530;11168;1805;7290
9635;20172820;26189;770;7290
9636;20180110;11972;1685;7290
9637;20187400;18115;1114;7290
9638;20194690;100;201946;90
9639;20194780;2018749;10;7290
9640;20202070;11282;1790;7290
9641;20209360;7555;2674;7290
9642;20216650;252617;80;7290
9643;20223940;13043;1550;7290
9644;20231230;7381;2740;7290
9645;20238520;54679;370;7290
9646;20245810;8468;2390;7290
9647;20253100;106591;190;810
9648;20253910;24691;820;7290
9649;20261200;15461;1310;7290
9650;20268490;7400;2738;7290
9651;20275780;184259;110;7290
9652;20283070;8078;2510;7290
9653;20290360;106753;190;7290
9654;20297650;12842;1580;7290
9655;20304940;9782;2075;7290
9656;20312230;1015571;20;810
9657;20313040;81223;250;7290
9658;20320330;9008;2255;7290
9659;20327620;13238;1535;7290
9660;20334910;8003;2540;7290
9661;20342200;14843;1370;7290
9662;20349490;7720;2635;7290
9663;20356780;290707;70;7290
9664;20364070;10658;1910;7290
9665;20371360;1325;15374;810
9666;20372170;12268;1660;7290
9667;20379460;7930;2569;7290
9668;20386750;8570;2378;7290
9669;20394040;81547;250;7290
9670;20401330;11857;1720;7290
9671;20408620;2040133;10;7290
9672;20415910;1020431;20;7290
9673;20423200;27967;730;7290
9674;20430490;255371;80;810
9675;20431300;2042401;10;7290
9676;20438590;8650;2362;7290
9677;20445880;9265;2206;7290
9678;20453170;7462;2740;7290
9679;20460460;2045317;10;7290
9680;20467750;15269;1340;7290
9681;20475040;7750;2641;7290
9682;20482330;8765;2336;7290
9683;20489620;1153;17770;810
9684;20490430;11348;1805;7290
9685;20497720;2049043;10;7290
9686;20505010;512443;40;7290
9687;20512300;9755;2102;7290
9688;20519590;10006;2050;7290
9689;20526880;22549;910;7290
9690;20534170;8560;2398;7290
9691;20541460;8395;2446;7290
9692;20548750;926;22190;810
9693;20549560;7910;2597;7290
9694;20556850;513739;40;7290
9695;20564140;15005;1370;7290
9696;20571430;1028207;20;7290
9697;20578720;7958;2585;7290
9698;20586010;12548;1640;7290
9699;20593300;13154;1565;7290
9700;20600590;7300;2821;7290
9701;20607880;187337;110;810
9702;20608690;103007;200;7290
9703;20615980;89603;230;7290
9704;20623270;8470;2434;7290
9705;20630560;30781;670;7290
9706;20637850;128941;160;7290
9707;20645140;8275;2494;7290
9708;20652430;7405;2788;7290
9709;20659720;7445;2774;7290
9710;20667010;955;21640;810
9711;20667820;187823;110;7290
9712;20675110;7543;2740;7290
9713;20682400;2067511;10;7290
9714;20689690;8032;2575;7290
9715;20696980;295567;70;7290
9716;20704270;1034849;20;7290
9717;20711560;2070427;10;7290
9718;20718850;11972;1730;7290
9719;20726140;414521;50;90
9720;20726230;9020;2297;7290
9721;20733520;17417;1190;7290
9722;20740810;259169;80;7290
9723;20748100;2074081;10;7290
9724;20755390;207481;100;7290
9725;20762680;2075539;10;7290
9726;20769970;519067;40;7290
9727;20777260;159769;130;7290
9728;20784550;1039187;20;810
9729;20785360;2077807;10;7290
9730;20792650;12674;1640;7290
9731;20799940;8170;2545;7290
9732;20807230;7355;2828;7290
9733;20814520;2080723;10;7290
9734;20821810;520363;40;7290
9735;20829100;2082181;10;7290
9736;20836390;208291;100;7290
9737;20843680;2084287;10;810
9738;20844490;7376;2825;7290
9739;20851780;2084449;10;7290
9740;20859070;8620;2419;7290
9741;20866360;44381;470;7290
9742;20873650;521659;40;7290
9743;20880940;8050;2593;7290
9744;20888230;19699;1060;7290
9745;20895520;7381;2830;7290
9746;20902810;875;23888;810
9747;20903620;22963;910;7290
9748;20910910;11678;1790;7290
9749;20918200;90917;230;7290
9750;20925490;8200;2551;7290
9751;20932780;2092549;10;7290
9752;20940070;8492;2465;7290
9753;20947360;25229;830;7290
9754;20954650;8260;2536;7290
9755;20961940;1021;20530;810
9756;20962750;1047773;20;7290
9757;20970040;8875;2362;7290
9758;20977330;8230;2548;7290
9759;20984620;10037;2090;7290
9760;20991910;12874;1630;7290
9761;20999200;2099191;10;7290
9762;21006490;26249;800;7290
9763;21013780;2100649;10;7290
9764;21021070;1130;18602;810
9765;21021880;67789;310;7290
9766;21029170;47777;440;7290
9767;21036460;123701;170;7290
9768;21043750;8020;2623;7290
9769;21051040;8125;2590;7290
9770;21058330;12836;1640;7290
9771;21065620;2105833;10;7290
9772;21072910;14138;1490;7290
9773;21080200;2107939;10;810
9774;21081010;8584;2455;7290
9775;21088300;9991;2110;7290
9776;21095590;9290;2270;7290
9777;21102880;7510;2809;7290
9778;21110170;131893;160;7290
9779;21117460;7621;2770;7290
9780;21124750;7358;2870;7290
9781;21132040;84499;250;7290
9782;21139330;845;25016;810
9783;21140140;422657;50;7290
9784;21147430;9742;2170;7290
9785;21154720;2114743;10;7290
9786;21162010;8720;2426;7290
9787;21169300;8770;2413;7290
9788;21176590;211693;100;7290
9789;21183880;8842;2395;7290
9790;21191170;12917;1640;7290
9791;21198460;1201;17650;810
9792;21199270;1059599;20;7290
9793;21206560;7295;2906;7290
9794;21213850;132541;160;7290
9795;21221140;60611;350;7290
9796;21228430;1061057;20;7290
9797;21235720;2122843;10;7290
9798;21243010;7348;2890;7290
9799;21250300;19489;1090;7290
9800;21257590;100;212575;90
9801;21257680;7705;2758;7290
9802;21264970;12962;1640;7290
9803;21272260;17345;1226;7290
9804;21279550;1063613;20;7290
9805;21286840;425591;50;7290
9806;21294130;7570;2812;7290
9807;21301420;14891;1430;7290
9808;21308710;8572;2485;7290
9809;21316000;1130;18863;810
9810;21316810;266369;80;7290
9811;21324100;16945;1258;7290
9812;21331390;7430;2870;7290
9813;21338680;10310;2069;7290
9814;21345970;48497;440;7290
9815;21353260;15581;1370;7290
9816;21360550;13732;1555;7290
9817;21367840;13781;1550;7290
9818;21375130;856;24970;810
9819;21375940;14737;1450;7290
9820;21383230;9190;2326;7290
9821;21390520;7678;2785;7290
9822;21397810;13043;1640;7290
9823;21405100;43669;490;7290
9824;21412390;214051;100;7290
9825;21419680;12938;1655;7290
9826;21426970;133873;160;7290
9827;21434260;1069;20050;810
9828;21435070;7612;2815;7290
9829;21442360;16985;1262;7290
9830;21449650;536059;40;7290
9831;21456940;7915;2710;7290
9832;21464230;7831;2740;7290
9833;21471520;2146423;10;7290
9834;21478810;8072;2660;7290
9835;21486100;2147881;10;7290
9836;21493390;46723;460;810
9837;21494200;113089;190;7290
9838;21501490;8267;2600;7290
9839;21508780;2150149;10;7290
9840;21516070;11087;1940;7290
9841;21523360;2151607;10;7290
9842;21530650;7720;2788;7290
9843;21537940;9655;2230;7290
9844;21545230;8180;2633;7290
9845;21552520;2155171;10;810
9846;21553330;538651;40;7290
9847;21560620;2155333;10;7290
9848;21567910;1078031;20;7290
9849;21575200;8905;2422;7290
9850;21582490;7450;2896;7290
9851;21589780;26003;830;7290
9852;21597070;9266;2330;7290
9853;21604360;196337;110;7290
9854;21611650;540271;40;810
9855;21612460;13894;1555;7290
9856;21619750;12074;1790;7290
9857;21627040;10174;2125;7290
9858;21634330;8555;2528;7290
9859;21641620;20219;1070;7290
9860;21648910;7567;2860;7290
9861;21656200;40847;530;7290
9862;21663490;7790;2780;7290
9863;21670780;309571;70;810
9864;21671590;30949;700;7290
9865;21678880;12977;1670;7290
9866;21686170;7912;2740;7290
9867;21693460;197147;110;7290
9868;21700750;1084673;20;7290
9869;21708040;7625;2846;7290
9870;21715330;12548;1730;7290
9871;21722620;8918;2435;7290
9872;21729910;985;22060;810
9873;21730720;2172343;10;7290
9874;21738010;12347;1760;7290
9875;21745300;9814;2215;7290
9876;21752590;8612;2525;7290
9877;21759880;9470;2297;7290
9878;21767170;543997;40;7290
9879;21774460;9670;2251;7290
9880;21781750;1088723;20;7290
9881;21789040;435779;50;90
9882;21789130;8783;2480;7290
9883;21796420;198083;110;7290
9884;21803710;7790;2798;7290
9885;21811000;2180371;10;7290
9886;21818290;8500;2566;7290
9887;21825580;10205;2138;7290
9888;21832870;22271;980;7290
9889;21840160;2183287;10;7290
9890;21847450;273083;80;810
9891;21848260;12962;1685;7290
9892;21855550;156059;140;7290
9893;21862840;437111;50;7290
9894;21870130;13331;1640;7290
9895;21877420;30803;710;7290
9896;21884710;1093871;20;7290
9897;21892000;12091;1810;7290
9898;21899290;8420;2600;7290
9899;21906580;2190577;10;810
9900;21907390;219001;100;7290
9901;21914680;8314;2635;7290
9902;21921970;8390;2612;7290
9903;21929260;10799;2030;7290
9904;21936550;7708;2845;7290
9905;21943840;9046;2425;7290
9906;21951130;7705;2848;7290
9907;21958420;2195113;10;7290
9908;21965710;219649;100;810
9909;21966520;2195923;10;7290
9910;21973810;549163;40;7290
9911;21981100;2197381;10;7290
9912;21988390;8740;2515;7290
9913;21995680;8285;2654;7290
9914;22002970;7664;2870;7290
9915;22010260;13882;1585;7290
9916;22017550;1100513;20;7290
9917;22024840;1715;12842;810
9918;22025650;7364;2990;7290
9919;22032940;9325;2362;7290
9920;22040230;35537;620;7290
9921;22047520;2204023;10;7290
9922;22054810;12527;1760;7290
9923;22062100;2205481;10;7290
9924;22069390;10762;2050;7290
9925;22076680;8521;2590;7290
9926;22083970;1240;17809;810
9927;22084780;51343;430;7290
9928;22092070;7411;2980;7290
9929;22099360;10010;2207;7290
9930;22106650;7466;2960;7290
9931;22113940;13198;1675;7290
9932;22121230;11458;1930;7290
9933;22128520;2212123;10;7290
9934;22135810;8446;2620;7290
9935;22143100;1063;20830;810
9936;22143910;100621;220;7290
9937;22151200;14426;1535;7290
9938;22158490;27689;800;7290
9939;22165780;71479;310;7290
9940;22173070;8333;2660;7290
9941;22180360;9578;2315;7290
9942;22187650;19121;1160;7290
9943;22194940;443753;50;7290
9944;22202230;844;26305;810
9945;22203040;9445;2350;7290
9946;22210330;7352;3020;7290
9947;22217620;130649;170;7290
9948;22224910;1110881;20;7290
9949;22232200;26777;830;7290
9950;22239490;8900;2498;7290
9951;22246780;24439;910;7290
9952;22254070;1112339;20;7290
9953;22261360;1150;19357;810
9954;22262170;7340;3032;7290
9955;22269460;45433;490;7290
9956;22276750;16619;1340;7290
9957;22284040;89107;250;7290
9958;22291330;17971;1240;7290
9959;22298620;2229133;10;7290
9960;22305910;1114931;20;7290
9961;22313200;10190;2189;7290
9962;22320490;100;223204;90
9963;22320580;2231329;10;7290
9964;22327870;48523;460;7290
9965;22335160;17581;1270;7290
9966;22342450;13619;1640;7290
9967;22349740;9290;2405;7290
9968;22357030;7364;3035;7290
9969;22364320;16319;1370;7290
9970;22371610;7760;2882;7290
9971;22378900;319687;70;810
9972;22379710;8638;2590;7290
9973;22387000;14821;1510;7290
9974;22394290;7340;3050;7290
9975;22401580;16111;1390;7290
9976;22408870;8035;2788;7290
9977;22416160;10085;2222;7290
9978;22423450;8290;2704;7290
9979;22430740;64067;350;7290
9980;22438030;86297;260;810
9981;22438840;448631;50;7290
9982;22446130;7901;2840;7290
9983;22453420;320659;70;7290
9984;22460710;102061;220;7290
9985;22468000;38069;590;7290
9986;22475290;8200;2740;7290
9987;22482580;8158;2755;7290
9988;22489870;12884;1745;7290
9989;22497160;1775;12674;810
9990;22497970;7676;2930;7290
9991;22505260;7718;2915;7290
9992;22512550;10666;2110;7290
9993;22519840;10118;2225;7290
9994;22527130;20107;1120;7290
9995;22534420;21871;1030;7290
9996;22541710;27481;820;7290
9997;22549000;8545;2638;7290
9998;22556290;563887;40;810
9999;22557100;9038;2495;7290
