n;A029742;weight;level;jump
1;10;4;2;2
2;12;11;1;1
3;13;2;6;1
4;14;13;1;1
5;15;2;7;1
6;16;3;5;1
7;17;2;8;1
8;18;17;1;1
9;19;2;9;1
10;20;19;1;1
11;21;19;1;2
12;23;2;11;1
13;24;23;1;1
14;25;2;12;1
15;26;5;5;1
16;27;2;13;1
17;28;3;9;1
18;29;2;14;1
19;30;29;1;1
20;31;2;15;1
21;32;3;10;2
22;34;3;11;1
23;35;2;17;1
24;36;5;7;1
25;37;2;18;1
26;38;37;1;1
27;39;2;19;1
28;40;3;13;1
29;41;2;20;1
30;42;41;1;1
31;43;41;1;2
32;45;2;22;1
33;46;3;15;1
34;47;2;23;1
35;48;47;1;1
36;49;2;24;1
37;50;7;7;1
38;51;2;25;1
39;52;3;17;1
40;53;2;26;1
41;54;4;13;2
42;56;5;11;1
43;57;2;28;1
44;58;3;19;1
45;59;2;29;1
46;60;59;1;1
47;61;2;30;1
48;62;61;1;1
49;63;2;31;1
50;64;3;21;1
51;65;3;21;2
52;67;2;33;1
53;68;67;1;1
54;69;2;34;1
55;70;3;23;1
56;71;2;35;1
57;72;71;1;1
58;73;2;36;1
59;74;73;1;1
60;75;2;37;1
61;76;37;2;2
62;78;7;11;1
63;79;2;39;1
64;80;79;1;1
65;81;2;40;1
66;82;3;27;1
67;83;2;41;1
68;84;83;1;1
69;85;2;42;1
70;86;5;17;1
71;87;5;17;2
72;89;2;44;1
73;90;89;1;1
74;91;2;45;1
75;92;7;13;1
76;93;2;46;1
77;94;3;31;1
78;95;2;47;1
79;96;5;19;1
80;97;2;48;1
81;98;3;32;2
82;100;7;14;2
83;102;101;1;1
84;103;2;51;1
85;104;103;1;1
86;105;2;52;1
87;106;3;35;1
88;107;2;53;1
89;108;107;1;1
90;109;2;54;1
91;110;3;36;2
92;112;3;37;1
93;113;2;56;1
94;114;113;1;1
95;115;2;57;1
96;116;5;23;1
97;117;2;58;1
98;118;3;39;1
99;119;2;59;1
100;120;59;2;2
101;122;11;11;1
102;123;2;61;1
103;124;3;41;1
104;125;2;62;1
105;126;5;25;1
106;127;2;63;1
107;128;127;1;1
108;129;2;64;1
109;130;4;32;2
110;132;131;1;1
111;133;2;66;1
112;134;7;19;1
113;135;2;67;1
114;136;3;45;1
115;137;2;68;1
116;138;137;1;1
117;139;2;69;1
118;140;3;46;2
119;142;3;47;1
120;143;2;71;1
121;144;11;13;1
122;145;2;72;1
123;146;5;29;1
124;147;2;73;1
125;148;3;49;1
126;149;2;74;1
127;150;4;37;2
128;152;151;1;1
129;153;2;76;1
130;154;3;51;1
131;155;2;77;1
132;156;5;31;1
133;157;2;78;1
134;158;157;1;1
135;159;2;79;1
136;160;79;2;2
137;162;7;23;1
138;163;2;81;1
139;164;163;1;1
140;165;2;82;1
141;166;3;55;1
142;167;2;83;1
143;168;167;1;1
144;169;2;84;1
145;170;3;56;2
146;172;3;57;1
147;173;2;86;1
148;174;173;1;1
149;175;2;87;1
150;176;5;35;1
151;177;2;88;1
152;178;3;59;1
153;179;2;89;1
154;180;89;2;2
155;182;181;1;1
156;183;2;91;1
157;184;3;61;1
158;185;2;92;1
159;186;5;37;1
160;187;2;93;1
161;188;11;17;1
162;189;2;94;1
163;190;4;47;2
164;192;191;1;1
165;193;2;96;1
166;194;193;1;1
167;195;2;97;1
168;196;3;65;1
169;197;2;98;1
170;198;197;1;1
171;199;2;99;1
172;200;199;1;1
173;201;199;1;2
174;203;2;101;1
175;204;7;29;1
176;205;2;102;1
177;206;5;41;1
178;207;2;103;1
179;208;3;69;1
180;209;2;104;1
181;210;11;19;1
182;211;11;19;2
183;213;2;106;1
184;214;3;71;1
185;215;2;107;1
186;216;5;43;1
187;217;2;108;1
188;218;7;31;1
189;219;2;109;1
190;220;3;73;1
191;221;3;73;2
192;223;2;111;1
193;224;223;1;1
194;225;2;112;1
195;226;3;75;1
196;227;2;113;1
197;228;227;1;1
198;229;2;114;1
199;230;229;1;1
200;231;229;1;2
201;233;2;116;1
202;234;233;1;1
203;235;2;117;1
204;236;5;47;1
205;237;2;118;1
206;238;3;79;1
207;239;2;119;1
208;240;239;1;1
209;241;239;1;2
210;243;2;121;1
211;244;3;81;1
212;245;2;122;1
213;246;5;49;1
214;247;2;123;1
215;248;13;19;1
216;249;2;124;1
217;250;3;83;1
218;251;3;83;2
219;253;2;126;1
220;254;11;23;1
221;255;2;127;1
222;256;3;85;1
223;257;2;128;1
224;258;257;1;1
225;259;2;129;1
226;260;7;37;1
227;261;7;37;2
228;263;2;131;1
229;264;263;1;1
230;265;2;132;1
231;266;5;53;1
232;267;2;133;1
233;268;3;89;1
234;269;2;134;1
235;270;269;1;1
236;271;269;1;2
237;273;2;136;1
238;274;3;91;1
239;275;2;137;1
240;276;5;55;1
241;277;2;138;1
242;278;277;1;1
243;279;2;139;1
244;280;3;93;1
245;281;3;93;2
246;283;2;141;1
247;284;283;1;1
248;285;2;142;1
249;286;3;95;1
250;287;2;143;1
251;288;7;41;1
252;289;2;144;1
253;290;17;17;1
254;291;17;17;2
255;293;2;146;1
256;294;293;1;1
257;295;2;147;1
258;296;5;59;1
259;297;2;148;1
260;298;3;99;1
261;299;2;149;1
262;300;13;23;1
263;301;2;150;1
264;302;3;100;2
265;304;3;101;1
266;305;2;152;1
267;306;5;61;1
268;307;2;153;1
269;308;307;1;1
270;309;2;154;1
271;310;3;103;1
272;311;2;155;1
273;312;5;62;2
274;314;313;1;1
275;315;2;157;1
276;316;3;105;1
277;317;2;158;1
278;318;317;1;1
279;319;2;159;1
280;320;11;29;1
281;321;2;160;1
282;322;4;80;2
283;324;17;19;1
284;325;2;162;1
285;326;5;65;1
286;327;2;163;1
287;328;3;109;1
288;329;2;164;1
289;330;7;47;1
290;331;2;165;1
291;332;3;110;2
292;334;3;111;1
293;335;2;167;1
294;336;5;67;1
295;337;2;168;1
296;338;337;1;1
297;339;2;169;1
298;340;3;113;1
299;341;2;170;1
300;342;4;85;2
301;344;7;49;1
302;345;2;172;1
303;346;3;115;1
304;347;2;173;1
305;348;347;1;1
306;349;2;174;1
307;350;349;1;1
308;351;2;175;1
309;352;5;70;2
310;354;353;1;1
311;355;2;177;1
312;356;5;71;1
313;357;2;178;1
314;358;3;119;1
315;359;2;179;1
316;360;359;1;1
317;361;2;180;1
318;362;3;120;2
319;364;3;121;1
320;365;2;182;1
321;366;5;73;1
322;367;2;183;1
323;368;367;1;1
324;369;2;184;1
325;370;3;123;1
326;371;2;185;1
327;372;5;74;2
328;374;373;1;1
329;375;2;187;1
330;376;3;125;1
331;377;2;188;1
332;378;13;29;1
333;379;2;189;1
334;380;379;1;1
335;381;2;190;1
336;382;4;95;2
337;384;383;1;1
338;385;2;192;1
339;386;5;77;1
340;387;2;193;1
341;388;3;129;1
342;389;2;194;1
343;390;389;1;1
344;391;2;195;1
345;392;3;130;2
346;394;3;131;1
347;395;2;197;1
348;396;5;79;1
349;397;2;198;1
350;398;397;1;1
351;399;2;199;1
352;400;3;133;1
353;401;2;200;1
354;402;401;1;1
355;403;401;1;2
356;405;2;202;1
357;406;3;135;1
358;407;2;203;1
359;408;11;37;1
360;409;2;204;1
361;410;409;1;1
362;411;2;205;1
363;412;3;137;1
364;413;3;137;2
365;415;2;207;1
366;416;5;83;1
367;417;2;208;1
368;418;3;139;1
369;419;2;209;1
370;420;419;1;1
371;421;2;210;1
372;422;421;1;1
373;423;421;1;2
374;425;2;212;1
375;426;5;85;1
376;427;2;213;1
377;428;7;61;1
378;429;2;214;1
379;430;3;143;1
380;431;2;215;1
381;432;431;1;1
382;433;431;1;2
383;435;2;217;1
384;436;3;145;1
385;437;2;218;1
386;438;19;23;1
387;439;2;219;1
388;440;439;1;1
389;441;2;220;1
390;442;3;147;1
391;443;3;147;2
392;445;2;222;1
393;446;5;89;1
394;447;2;223;1
395;448;3;149;1
396;449;2;224;1
397;450;449;1;1
398;451;2;225;1
399;452;11;41;1
400;453;11;41;2
401;455;2;227;1
402;456;5;91;1
403;457;2;228;1
404;458;457;1;1
405;459;2;229;1
406;460;3;153;1
407;461;2;230;1
408;462;461;1;1
409;463;461;1;2
410;465;2;232;1
411;466;3;155;1
412;467;2;233;1
413;468;467;1;1
414;469;2;234;1
415;470;7;67;1
416;471;2;235;1
417;472;3;157;1
418;473;3;157;2
419;475;2;237;1
420;476;5;95;1
421;477;2;238;1
422;478;3;159;1
423;479;2;239;1
424;480;479;1;1
425;481;2;240;1
426;482;13;37;1
427;483;13;37;2
428;485;2;242;1
429;486;5;97;1
430;487;2;243;1
431;488;487;1;1
432;489;2;244;1
433;490;3;163;1
434;491;2;245;1
435;492;491;1;1
436;493;491;1;2
437;495;2;247;1
438;496;3;165;1
439;497;2;248;1
440;498;7;71;1
441;499;2;249;1
442;500;499;1;1
443;501;2;250;1
444;502;3;167;1
445;503;2;251;1
446;504;251;2;2
447;506;5;101;1
448;507;2;253;1
449;508;3;169;1
450;509;2;254;1
451;510;509;1;1
452;511;2;255;1
453;512;7;73;1
454;513;2;256;1
455;514;4;128;2
456;516;5;103;1
457;517;2;258;1
458;518;11;47;1
459;519;2;259;1
460;520;3;173;1
461;521;2;260;1
462;522;521;1;1
463;523;2;261;1
464;524;3;174;2
465;526;3;175;1
466;527;2;263;1
467;528;17;31;1
468;529;2;264;1
469;530;23;23;1
470;531;2;265;1
471;532;3;177;1
472;533;2;266;1
473;534;4;133;2
474;536;5;107;1
475;537;2;268;1
476;538;3;179;1
477;539;2;269;1
478;540;7;77;1
479;541;2;270;1
480;542;541;1;1
481;543;2;271;1
482;544;271;2;2
483;546;5;109;1
484;547;2;273;1
485;548;547;1;1
486;549;2;274;1
487;550;3;183;1
488;551;2;275;1
489;552;19;29;1
490;553;2;276;1
491;554;3;184;2
492;556;3;185;1
493;557;2;278;1
494;558;557;1;1
495;559;2;279;1
496;560;13;43;1
497;561;2;280;1
498;562;3;187;1
499;563;2;281;1
500;564;281;2;2
501;566;5;113;1
502;567;2;283;1
503;568;3;189;1
504;569;2;284;1
505;570;569;1;1
506;571;2;285;1
507;572;571;1;1
508;573;2;286;1
509;574;4;143;2
510;576;5;115;1
511;577;2;288;1
512;578;577;1;1
513;579;2;289;1
514;580;3;193;1
515;581;2;290;1
516;582;7;83;1
517;583;2;291;1
518;584;3;194;2
519;586;3;195;1
520;587;2;293;1
521;588;587;1;1
522;589;2;294;1
523;590;19;31;1
524;591;2;295;1
525;592;3;197;1
526;593;2;296;1
527;594;4;148;2
528;596;5;119;1
529;597;2;298;1
530;598;3;199;1
531;599;2;299;1
532;600;599;1;1
533;601;2;300;1
534;602;601;1;1
535;603;2;301;1
536;604;3;201;1
537;605;3;201;2
538;607;2;303;1
539;608;607;1;1
540;609;2;304;1
541;610;3;203;1
542;611;2;305;1
543;612;13;47;1
544;613;2;306;1
545;614;613;1;1
546;615;613;1;2
547;617;2;308;1
548;618;617;1;1
549;619;2;309;1
550;620;619;1;1
551;621;2;310;1
552;622;3;207;1
553;623;2;311;1
554;624;7;89;1
555;625;7;89;2
556;627;2;313;1
557;628;3;209;1
558;629;2;314;1
559;630;17;37;1
560;631;2;315;1
561;632;631;1;1
562;633;2;316;1
563;634;3;211;1
564;635;3;211;2
565;637;2;318;1
566;638;7;91;1
567;639;2;319;1
568;640;3;213;1
569;641;2;320;1
570;642;641;1;1
571;643;2;321;1
572;644;643;1;1
573;645;643;1;2
574;647;2;323;1
575;648;647;1;1
576;649;2;324;1
577;650;11;59;1
578;651;2;325;1
579;652;3;217;1
580;653;2;326;1
581;654;653;1;1
582;655;653;1;2
583;657;2;328;1
584;658;3;219;1
585;659;2;329;1
586;660;659;1;1
587;661;2;330;1
588;662;661;1;1
589;663;2;331;1
590;664;3;221;1
591;665;3;221;2
592;667;2;333;1
593;668;23;29;1
594;669;2;334;1
595;670;3;223;1
596;671;2;335;1
597;672;11;61;1
598;673;2;336;1
599;674;673;1;1
600;675;673;1;2
601;677;2;338;1
602;678;677;1;1
603;679;2;339;1
604;680;7;97;1
605;681;2;340;1
606;682;3;227;1
607;683;2;341;1
608;684;683;1;1
609;685;683;1;2
610;687;2;343;1
611;688;3;229;1
612;689;2;344;1
613;690;13;53;1
614;691;2;345;1
615;692;691;1;1
616;693;2;346;1
617;694;3;231;1
618;695;3;231;2
619;697;2;348;1
620;698;17;41;1
621;699;2;349;1
622;700;3;233;1
623;701;2;350;1
624;702;701;1;1
625;703;2;351;1
626;704;19;37;1
627;705;2;352;1
628;706;4;176;2
629;708;7;101;1
630;709;2;354;1
631;710;709;1;1
632;711;2;355;1
633;712;3;237;1
634;713;2;356;1
635;714;23;31;1
636;715;2;357;1
637;716;3;238;2
638;718;3;239;1
639;719;2;359;1
640;720;719;1;1
641;721;2;360;1
642;722;7;103;1
643;723;2;361;1
644;724;3;241;1
645;725;2;362;1
646;726;4;181;2
647;728;727;1;1
648;729;2;364;1
649;730;3;243;1
650;731;2;365;1
651;732;17;43;1
652;733;2;366;1
653;734;733;1;1
654;735;2;367;1
655;736;367;2;2
656;738;11;67;1
657;739;2;369;1
658;740;739;1;1
659;741;2;370;1
660;742;3;247;1
661;743;2;371;1
662;744;743;1;1
663;745;2;372;1
664;746;3;248;2
665;748;3;249;1
666;749;2;374;1
667;750;7;107;1
668;751;2;375;1
669;752;751;1;1
670;753;2;376;1
671;754;3;251;1
672;755;2;377;1
673;756;13;58;2
674;758;757;1;1
675;759;2;379;1
676;760;3;253;1
677;761;2;380;1
678;762;761;1;1
679;763;2;381;1
680;764;7;109;1
681;765;2;382;1
682;766;4;191;2
683;768;13;59;1
684;769;2;384;1
685;770;769;1;1
686;771;2;385;1
687;772;3;257;1
688;773;2;386;1
689;774;773;1;1
690;775;2;387;1
691;776;3;258;2
692;778;3;259;1
693;779;2;389;1
694;780;19;41;1
695;781;2;390;1
696;782;11;71;1
697;783;2;391;1
698;784;3;261;1
699;785;2;392;1
700;786;4;196;2
701;788;787;1;1
702;789;2;394;1
703;790;3;263;1
704;791;2;395;1
705;792;7;113;1
706;793;2;396;1
707;794;13;61;1
708;795;2;397;1
709;796;397;2;2
710;798;797;1;1
711;799;2;399;1
712;800;17;47;1
713;801;2;400;1
714;802;3;267;1
715;803;2;401;1
716;804;11;73;1
717;805;2;402;1
718;806;5;161;1
719;807;5;161;2
720;809;2;404;1
721;810;809;1;1
722;811;2;405;1
723;812;811;1;1
724;813;2;406;1
725;814;3;271;1
726;815;2;407;1
727;816;5;163;1
728;817;5;163;2
729;819;2;409;1
730;820;3;273;1
731;821;2;410;1
732;822;821;1;1
733;823;2;411;1
734;824;823;1;1
735;825;2;412;1
736;826;3;275;1
737;827;3;275;2
738;829;2;414;1
739;830;829;1;1
740;831;2;415;1
741;832;3;277;1
742;833;2;416;1
743;834;7;119;1
744;835;2;417;1
745;836;5;167;1
746;837;5;167;2
747;839;2;419;1
748;840;839;1;1
749;841;2;420;1
750;842;29;29;1
751;843;2;421;1
752;844;3;281;1
753;845;2;422;1
754;846;5;169;1
755;847;5;169;2
756;849;2;424;1
757;850;3;283;1
758;851;2;425;1
759;852;23;37;1
760;853;2;426;1
761;854;853;1;1
762;855;2;427;1
763;856;3;285;1
764;857;3;285;2
765;859;2;429;1
766;860;859;1;1
767;861;2;430;1
768;862;3;287;1
769;863;2;431;1
770;864;863;1;1
771;865;2;432;1
772;866;5;173;1
773;867;5;173;2
774;869;2;434;1
775;870;11;79;1
776;871;2;435;1
777;872;13;67;1
778;873;2;436;1
779;874;3;291;1
780;875;2;437;1
781;876;5;175;1
782;877;5;175;2
783;879;2;439;1
784;880;3;293;1
785;881;2;440;1
786;882;881;1;1
787;883;2;441;1
788;884;883;1;1
789;885;2;442;1
790;886;3;295;1
791;887;3;295;2
792;889;2;444;1
793;890;7;127;1
794;891;2;445;1
795;892;3;297;1
796;893;2;446;1
797;894;19;47;1
798;895;2;447;1
799;896;5;179;1
800;897;5;179;2
801;899;2;449;1
802;900;29;31;1
803;901;2;450;1
804;902;17;53;1
805;903;2;451;1
806;904;3;301;1
807;905;2;452;1
808;906;5;181;1
809;907;2;453;1
810;908;3;302;2
811;910;3;303;1
812;911;2;455;1
813;912;911;1;1
814;913;2;456;1
815;914;11;83;1
816;915;2;457;1
817;916;3;305;1
818;917;2;458;1
819;918;4;229;2
820;920;919;1;1
821;921;2;460;1
822;922;3;307;1
823;923;2;461;1
824;924;13;71;1
825;925;2;462;1
826;926;5;185;1
827;927;2;463;1
828;928;463;2;2
829;930;929;1;1
830;931;2;465;1
831;932;7;133;1
832;933;2;466;1
833;934;3;311;1
834;935;2;467;1
835;936;5;187;1
836;937;2;468;1
837;938;3;312;2
838;940;3;313;1
839;941;2;470;1
840;942;941;1;1
841;943;2;471;1
842;944;23;41;1
843;945;2;472;1
844;946;3;315;1
845;947;2;473;1
846;948;11;86;2
847;950;13;73;1
848;951;2;475;1
849;952;3;317;1
850;953;2;476;1
851;954;953;1;1
852;955;2;477;1
853;956;5;191;1
854;957;2;478;1
855;958;4;239;2
856;960;7;137;1
857;961;2;480;1
858;962;31;31;1
859;963;2;481;1
860;964;3;321;1
861;965;2;482;1
862;966;5;193;1
863;967;2;483;1
864;968;3;322;2
865;970;3;323;1
866;971;2;485;1
867;972;971;1;1
868;973;2;486;1
869;974;7;139;1
870;975;2;487;1
871;976;3;325;1
872;977;2;488;1
873;978;4;244;2
874;980;11;89;1
875;981;2;490;1
876;982;3;327;1
877;983;2;491;1
878;984;983;1;1
879;985;2;492;1
880;986;5;197;1
881;987;2;493;1
882;988;17;58;2
883;990;23;43;1
884;991;2;495;1
885;992;991;1;1
886;993;2;496;1
887;994;3;331;1
888;995;2;497;1
889;996;5;199;1
890;997;2;498;1
891;998;3;332;2
892;1000;499;2;2
893;1002;7;143;1
894;1003;2;501;1
895;1004;17;59;1
896;1005;2;502;1
897;1006;3;335;1
898;1007;2;503;1
899;1008;19;53;1
900;1009;2;504;1
901;1010;1009;1;1
902;1011;2;505;1
903;1012;3;337;1
904;1013;2;506;1
905;1014;1013;1;1
906;1015;2;507;1
907;1016;5;203;1
908;1017;2;508;1
909;1018;3;339;1
910;1019;2;509;1
911;1020;1019;1;1
912;1021;2;510;1
913;1022;1021;1;1
914;1023;2;511;1
915;1024;3;341;1
916;1025;2;512;1
917;1026;5;205;1
918;1027;2;513;1
919;1028;13;79;1
920;1029;2;514;1
921;1030;3;343;1
922;1031;2;515;1
923;1032;1031;1;1
924;1033;2;516;1
925;1034;1033;1;1
926;1035;2;517;1
927;1036;3;345;1
928;1037;2;518;1
929;1038;17;61;1
930;1039;2;519;1
931;1040;1039;1;1
932;1041;2;520;1
933;1042;3;347;1
934;1043;2;521;1
935;1044;7;149;1
936;1045;2;522;1
937;1046;5;209;1
938;1047;2;523;1
939;1048;3;349;1
940;1049;2;524;1
941;1050;1049;1;1
942;1051;2;525;1
943;1052;1051;1;1
944;1053;2;526;1
945;1054;3;351;1
946;1055;2;527;1
947;1056;5;211;1
948;1057;2;528;1
949;1058;7;151;1
950;1059;2;529;1
951;1060;3;353;1
952;1061;2;530;1
953;1062;1061;1;1
954;1063;2;531;1
955;1064;1063;1;1
956;1065;2;532;1
957;1066;3;355;1
958;1067;2;533;1
959;1068;11;97;1
960;1069;2;534;1
961;1070;1069;1;1
962;1071;2;535;1
963;1072;3;357;1
964;1073;2;536;1
965;1074;29;37;1
966;1075;2;537;1
967;1076;5;215;1
968;1077;2;538;1
969;1078;3;359;1
970;1079;2;539;1
971;1080;13;83;1
972;1081;2;540;1
973;1082;23;47;1
974;1083;2;541;1
975;1084;3;361;1
976;1085;2;542;1
977;1086;5;217;1
978;1087;2;543;1
979;1088;1087;1;1
980;1089;2;544;1
981;1090;3;363;1
982;1091;2;545;1
983;1092;1091;1;1
984;1093;2;546;1
985;1094;1093;1;1
986;1095;2;547;1
987;1096;3;365;1
988;1097;2;548;1
989;1098;1097;1;1
990;1099;2;549;1
991;1100;7;157;1
992;1101;2;550;1
993;1102;3;367;1
994;1103;2;551;1
995;1104;1103;1;1
996;1105;2;552;1
997;1106;5;221;1
998;1107;2;553;1
999;1108;3;369;1
1000;1109;2;554;1
1001;1110;4;277;2
1002;1112;11;101;1
1003;1113;2;556;1
1004;1114;3;371;1
1005;1115;2;557;1
1006;1116;5;223;1
1007;1117;2;558;1
1008;1118;1117;1;1
1009;1119;2;559;1
1010;1120;3;373;1
1011;1121;2;560;1
1012;1122;19;59;1
1013;1123;2;561;1
1014;1124;1123;1;1
1015;1125;2;562;1
1016;1126;3;375;1
1017;1127;2;563;1
1018;1128;7;161;1
1019;1129;2;564;1
1020;1130;1129;1;1
1021;1131;2;565;1
1022;1132;3;377;1
1023;1133;2;566;1
1024;1134;11;103;1
1025;1135;2;567;1
1026;1136;5;227;1
1027;1137;2;568;1
1028;1138;3;379;1
1029;1139;2;569;1
1030;1140;17;67;1
1031;1141;2;570;1
1032;1142;7;163;1
1033;1143;2;571;1
1034;1144;3;381;1
1035;1145;2;572;1
1036;1146;5;229;1
1037;1147;2;573;1
1038;1148;31;37;1
1039;1149;2;574;1
1040;1150;3;383;1
1041;1151;2;575;1
1042;1152;1151;1;1
1043;1153;2;576;1
1044;1154;1153;1;1
1045;1155;2;577;1
1046;1156;3;385;1
1047;1157;2;578;1
1048;1158;13;89;1
1049;1159;2;579;1
1050;1160;19;61;1
1051;1161;2;580;1
1052;1162;3;387;1
1053;1163;2;581;1
1054;1164;1163;1;1
1055;1165;2;582;1
1056;1166;5;233;1
1057;1167;2;583;1
1058;1168;3;389;1
1059;1169;2;584;1
1060;1170;7;167;1
1061;1171;2;585;1
1062;1172;1171;1;1
1063;1173;2;586;1
1064;1174;3;391;1
1065;1175;2;587;1
1066;1176;5;235;1
1067;1177;2;588;1
1068;1178;11;107;1
1069;1179;2;589;1
1070;1180;3;393;1
1071;1181;2;590;1
1072;1182;1181;1;1
1073;1183;2;591;1
1074;1184;7;169;1
1075;1185;2;592;1
1076;1186;3;395;1
1077;1187;2;593;1
1078;1188;1187;1;1
1079;1189;2;594;1
1080;1190;29;41;1
1081;1191;2;595;1
1082;1192;3;397;1
1083;1193;2;596;1
1084;1194;1193;1;1
1085;1195;2;597;1
1086;1196;5;239;1
1087;1197;2;598;1
1088;1198;3;399;1
1089;1199;2;599;1
1090;1200;11;109;1
1091;1201;2;600;1
1092;1202;1201;1;1
1093;1203;2;601;1
1094;1204;3;401;1
1095;1205;2;602;1
1096;1206;5;241;1
1097;1207;2;603;1
1098;1208;17;71;1
1099;1209;2;604;1
1100;1210;3;403;1
1101;1211;2;605;1
1102;1212;7;173;1
1103;1213;2;606;1
1104;1214;1213;1;1
1105;1215;2;607;1
1106;1216;3;405;1
1107;1217;2;608;1
1108;1218;1217;1;1
1109;1219;2;609;1
1110;1220;3;406;2
1111;1222;3;407;1
1112;1223;2;611;1
1113;1224;1223;1;1
1114;1225;2;612;1
1115;1226;5;245;1
1116;1227;2;613;1
1117;1228;3;409;1
1118;1229;2;614;1
1119;1230;1229;1;1
1120;1231;2;615;1
1121;1232;1231;1;1
1122;1233;2;616;1
1123;1234;3;411;1
1124;1235;2;617;1
1125;1236;5;247;1
1126;1237;2;618;1
1127;1238;1237;1;1
1128;1239;2;619;1
1129;1240;3;413;1
1130;1241;2;620;1
1131;1242;17;73;1
1132;1243;2;621;1
1133;1244;11;113;1
1134;1245;2;622;1
1135;1246;3;415;1
1136;1247;2;623;1
1137;1248;29;43;1
1138;1249;2;624;1
1139;1250;1249;1;1
1140;1251;2;625;1
1141;1252;3;417;1
1142;1253;2;626;1
1143;1254;7;179;1
1144;1255;2;627;1
1145;1256;5;251;1
1146;1257;2;628;1
1147;1258;3;419;1
1148;1259;2;629;1
1149;1260;1259;1;1
1150;1261;2;630;1
1151;1262;13;97;1
1152;1263;2;631;1
1153;1264;3;421;1
1154;1265;2;632;1
1155;1266;5;253;1
1156;1267;2;633;1
1157;1268;7;181;1
1158;1269;2;634;1
1159;1270;3;423;1
1160;1271;2;635;1
1161;1272;31;41;1
1162;1273;2;636;1
1163;1274;19;67;1
1164;1275;2;637;1
1165;1276;3;425;1
1166;1277;2;638;1
1167;1278;1277;1;1
1168;1279;2;639;1
1169;1280;1279;1;1
1170;1281;2;640;1
1171;1282;3;427;1
1172;1283;2;641;1
1173;1284;1283;1;1
1174;1285;2;642;1
1175;1286;5;257;1
1176;1287;2;643;1
1177;1288;3;429;1
1178;1289;2;644;1
1179;1290;1289;1;1
1180;1291;2;645;1
1181;1292;1291;1;1
1182;1293;2;646;1
1183;1294;3;431;1
1184;1295;2;647;1
1185;1296;5;259;1
1186;1297;2;648;1
1187;1298;1297;1;1
1188;1299;2;649;1
1189;1300;3;433;1
1190;1301;2;650;1
1191;1302;1301;1;1
1192;1303;2;651;1
1193;1304;1303;1;1
1194;1305;2;652;1
1195;1306;3;435;1
1196;1307;2;653;1
1197;1308;1307;1;1
1198;1309;2;654;1
1199;1310;7;187;1
1200;1311;2;655;1
1201;1312;3;437;1
1202;1313;2;656;1
1203;1314;13;101;1
1204;1315;2;657;1
1205;1316;5;263;1
1206;1317;2;658;1
1207;1318;3;439;1
1208;1319;2;659;1
1209;1320;1319;1;1
1210;1321;2;660;1
1211;1322;1321;1;1
1212;1323;2;661;1
1213;1324;3;441;1
1214;1325;2;662;1
1215;1326;5;265;1
1216;1327;2;663;1
1217;1328;1327;1;1
1218;1329;2;664;1
1219;1330;4;332;2
1220;1332;11;121;1
1221;1333;2;666;1
1222;1334;31;43;1
1223;1335;2;667;1
1224;1336;3;445;1
1225;1337;2;668;1
1226;1338;7;191;1
1227;1339;2;669;1
1228;1340;13;103;1
1229;1341;2;670;1
1230;1342;3;447;1
1231;1343;2;671;1
1232;1344;17;79;1
1233;1345;2;672;1
1234;1346;5;269;1
1235;1347;2;673;1
1236;1348;3;449;1
1237;1349;2;674;1
1238;1350;19;71;1
1239;1351;2;675;1
1240;1352;7;193;1
1241;1353;2;676;1
1242;1354;3;451;1
1243;1355;2;677;1
1244;1356;5;271;1
1245;1357;2;678;1
1246;1358;23;59;1
1247;1359;2;679;1
1248;1360;3;453;1
1249;1361;2;680;1
1250;1362;1361;1;1
1251;1363;2;681;1
1252;1364;29;47;1
1253;1365;2;682;1
1254;1366;3;455;1
1255;1367;2;683;1
1256;1368;1367;1;1
1257;1369;2;684;1
1258;1370;37;37;1
1259;1371;2;685;1
1260;1372;3;457;1
1261;1373;2;686;1
1262;1374;1373;1;1
1263;1375;2;687;1
1264;1376;5;275;1
1265;1377;2;688;1
1266;1378;3;459;1
1267;1379;2;689;1
1268;1380;7;197;1
1269;1381;2;690;1
1270;1382;1381;1;1
1271;1383;2;691;1
1272;1384;3;461;1
1273;1385;2;692;1
1274;1386;5;277;1
1275;1387;2;693;1
1276;1388;19;73;1
1277;1389;2;694;1
1278;1390;3;463;1
1279;1391;2;695;1
1280;1392;13;107;1
1281;1393;2;696;1
1282;1394;7;199;1
1283;1395;2;697;1
1284;1396;3;465;1
1285;1397;2;698;1
1286;1398;11;127;1
1287;1399;2;699;1
1288;1400;1399;1;1
1289;1401;2;700;1
1290;1402;3;467;1
1291;1403;2;701;1
1292;1404;23;61;1
1293;1405;2;702;1
1294;1406;5;281;1
1295;1407;2;703;1
1296;1408;3;469;1
1297;1409;2;704;1
1298;1410;1409;1;1
1299;1411;2;705;1
1300;1412;17;83;1
1301;1413;2;706;1
1302;1414;3;471;1
1303;1415;2;707;1
1304;1416;5;283;1
1305;1417;2;708;1
1306;1418;13;109;1
1307;1419;2;709;1
1308;1420;3;473;1
1309;1421;2;710;1
1310;1422;7;203;1
1311;1423;2;711;1
1312;1424;1423;1;1
1313;1425;2;712;1
1314;1426;3;475;1
1315;1427;2;713;1
1316;1428;1427;1;1
1317;1429;2;714;1
1318;1430;1429;1;1
1319;1431;2;715;1
1320;1432;3;477;1
1321;1433;2;716;1
1322;1434;1433;1;1
1323;1435;2;717;1
1324;1436;5;287;1
1325;1437;2;718;1
1326;1438;3;479;1
1327;1439;2;719;1
1328;1440;719;2;2
1329;1442;11;131;1
1330;1443;2;721;1
1331;1444;3;481;1
1332;1445;2;722;1
1333;1446;5;289;1
1334;1447;2;723;1
1335;1448;1447;1;1
1336;1449;2;724;1
1337;1450;3;483;1
1338;1451;2;725;1
1339;1452;1451;1;1
1340;1453;2;726;1
1341;1454;1453;1;1
1342;1455;2;727;1
1343;1456;3;485;1
1344;1457;2;728;1
1345;1458;31;47;1
1346;1459;2;729;1
1347;1460;1459;1;1
1348;1461;2;730;1
1349;1462;3;487;1
1350;1463;2;731;1
1351;1464;7;209;1
1352;1465;2;732;1
1353;1466;5;293;1
1354;1467;2;733;1
1355;1468;3;489;1
1356;1469;2;734;1
1357;1470;13;113;1
1358;1471;2;735;1
1359;1472;1471;1;1
1360;1473;2;736;1
1361;1474;3;491;1
1362;1475;2;737;1
1363;1476;5;295;1
1364;1477;2;738;1
1365;1478;7;211;1
1366;1479;2;739;1
1367;1480;3;493;1
1368;1481;2;740;1
1369;1482;1481;1;1
1370;1483;2;741;1
1371;1484;1483;1;1
1372;1485;2;742;1
1373;1486;3;495;1
1374;1487;2;743;1
1375;1488;1487;1;1
1376;1489;2;744;1
1377;1490;1489;1;1
1378;1491;2;745;1
1379;1492;3;497;1
1380;1493;2;746;1
1381;1494;1493;1;1
1382;1495;2;747;1
1383;1496;5;299;1
1384;1497;2;748;1
1385;1498;3;499;1
1386;1499;2;749;1
1387;1500;1499;1;1
1388;1501;2;750;1
1389;1502;19;79;1
1390;1503;2;751;1
1391;1504;3;501;1
1392;1505;2;752;1
1393;1506;5;301;1
1394;1507;2;753;1
1395;1508;11;137;1
1396;1509;2;754;1
1397;1510;3;503;1
1398;1511;2;755;1
1399;1512;1511;1;1
1400;1513;2;756;1
1401;1514;17;89;1
1402;1515;2;757;1
1403;1516;3;505;1
1404;1517;2;758;1
1405;1518;37;41;1
1406;1519;2;759;1
1407;1520;7;217;1
1408;1521;2;760;1
1409;1522;3;507;1
1410;1523;2;761;1
1411;1524;1523;1;1
1412;1525;2;762;1
1413;1526;5;305;1
1414;1527;2;763;1
1415;1528;3;509;1
1416;1529;2;764;1
1417;1530;11;139;1
1418;1531;2;765;1
1419;1532;1531;1;1
1420;1533;2;766;1
1421;1534;3;511;1
1422;1535;2;767;1
1423;1536;5;307;1
1424;1537;2;768;1
1425;1538;29;53;1
1426;1539;2;769;1
1427;1540;3;513;1
1428;1541;2;770;1
1429;1542;23;67;1
1430;1543;2;771;1
1431;1544;1543;1;1
1432;1545;2;772;1
1433;1546;3;515;1
1434;1547;2;773;1
1435;1548;7;221;1
1436;1549;2;774;1
1437;1550;3;516;2
1438;1552;3;517;1
1439;1553;2;776;1
1440;1554;1553;1;1
1441;1555;2;777;1
1442;1556;5;311;1
1443;1557;2;778;1
1444;1558;3;519;1
1445;1559;2;779;1
1446;1560;1559;1;1
1447;1561;2;780;1
1448;1562;7;223;1
1449;1563;2;781;1
1450;1564;3;521;1
1451;1565;2;782;1
1452;1566;5;313;1
1453;1567;2;783;1
1454;1568;1567;1;1
1455;1569;2;784;1
1456;1570;3;523;1
1457;1571;2;785;1
1458;1572;1571;1;1
1459;1573;2;786;1
1460;1574;11;143;1
1461;1575;2;787;1
1462;1576;3;525;1
1463;1577;2;788;1
1464;1578;19;83;1
1465;1579;2;789;1
1466;1580;1579;1;1
1467;1581;2;790;1
1468;1582;3;527;1
1469;1583;2;791;1
1470;1584;1583;1;1
1471;1585;2;792;1
1472;1586;5;317;1
1473;1587;2;793;1
1474;1588;3;529;1
1475;1589;2;794;1
1476;1590;7;227;1
1477;1591;2;795;1
1478;1592;37;43;1
1479;1593;2;796;1
1480;1594;3;531;1
1481;1595;2;797;1
1482;1596;5;319;1
1483;1597;2;798;1
1484;1598;1597;1;1
1485;1599;2;799;1
1486;1600;3;533;1
1487;1601;2;800;1
1488;1602;1601;1;1
1489;1603;2;801;1
1490;1604;7;229;1
1491;1605;2;802;1
1492;1606;3;535;1
1493;1607;2;803;1
1494;1608;1607;1;1
1495;1609;2;804;1
1496;1610;1609;1;1
1497;1611;2;805;1
1498;1612;3;537;1
1499;1613;2;806;1
1500;1614;1613;1;1
1501;1615;2;807;1
1502;1616;5;323;1
1503;1617;2;808;1
1504;1618;3;539;1
1505;1619;2;809;1
1506;1620;1619;1;1
1507;1621;2;810;1
1508;1622;1621;1;1
1509;1623;2;811;1
1510;1624;3;541;1
1511;1625;2;812;1
1512;1626;5;325;1
1513;1627;2;813;1
1514;1628;1627;1;1
1515;1629;2;814;1
1516;1630;3;543;1
1517;1631;2;815;1
1518;1632;7;233;1
1519;1633;2;816;1
1520;1634;23;71;1
1521;1635;2;817;1
1522;1636;3;545;1
1523;1637;2;818;1
1524;1638;1637;1;1
1525;1639;2;819;1
1526;1640;11;149;1
1527;1641;2;820;1
1528;1642;3;547;1
1529;1643;2;821;1
1530;1644;31;53;1
1531;1645;2;822;1
1532;1646;5;329;1
1533;1647;2;823;1
1534;1648;3;549;1
1535;1649;2;824;1
1536;1650;17;97;1
1537;1651;2;825;1
1538;1652;13;127;1
1539;1653;2;826;1
1540;1654;3;551;1
1541;1655;2;827;1
1542;1656;5;331;1
1543;1657;2;828;1
1544;1658;1657;1;1
1545;1659;2;829;1
1546;1660;829;2;2
1547;1662;11;151;1
1548;1663;2;831;1
1549;1664;1663;1;1
1550;1665;2;832;1
1551;1666;3;555;1
1552;1667;2;833;1
1553;1668;1667;1;1
1554;1669;2;834;1
1555;1670;1669;1;1
1556;1671;2;835;1
1557;1672;3;557;1
1558;1673;2;836;1
1559;1674;7;239;1
1560;1675;2;837;1
1561;1676;5;335;1
1562;1677;2;838;1
1563;1678;3;559;1
1564;1679;2;839;1
1565;1680;23;73;1
1566;1681;2;840;1
1567;1682;41;41;1
1568;1683;2;841;1
1569;1684;3;561;1
1570;1685;2;842;1
1571;1686;5;337;1
1572;1687;2;843;1
1573;1688;7;241;1
1574;1689;2;844;1
1575;1690;3;563;1
1576;1691;2;845;1
1577;1692;19;89;1
1578;1693;2;846;1
1579;1694;1693;1;1
1580;1695;2;847;1
1581;1696;3;565;1
1582;1697;2;848;1
1583;1698;1697;1;1
1584;1699;2;849;1
1585;1700;1699;1;1
1586;1701;2;850;1
1587;1702;3;567;1
1588;1703;2;851;1
1589;1704;13;131;1
1590;1705;2;852;1
1591;1706;5;341;1
1592;1707;2;853;1
1593;1708;3;569;1
1594;1709;2;854;1
1595;1710;1709;1;1
1596;1711;2;855;1
1597;1712;29;59;1
1598;1713;2;856;1
1599;1714;3;571;1
1600;1715;2;857;1
1601;1716;5;343;1
1602;1717;2;858;1
1603;1718;17;101;1
1604;1719;2;859;1
1605;1720;3;573;1
1606;1721;2;860;1
1607;1722;1721;1;1
1608;1723;2;861;1
1609;1724;1723;1;1
1610;1725;2;862;1
1611;1726;3;575;1
1612;1727;2;863;1
1613;1728;11;157;1
1614;1729;2;864;1
1615;1730;7;247;1
1616;1731;2;865;1
1617;1732;3;577;1
1618;1733;2;866;1
1619;1734;1733;1;1
1620;1735;2;867;1
1621;1736;5;347;1
1622;1737;2;868;1
1623;1738;3;579;1
1624;1739;2;869;1
1625;1740;37;47;1
1626;1741;2;870;1
1627;1742;1741;1;1
1628;1743;2;871;1
1629;1744;3;581;1
1630;1745;2;872;1
1631;1746;5;349;1
1632;1747;2;873;1
1633;1748;1747;1;1
1634;1749;2;874;1
1635;1750;3;583;1
1636;1751;2;875;1
1637;1752;17;103;1
1638;1753;2;876;1
1639;1754;1753;1;1
1640;1755;2;877;1
1641;1756;3;585;1
1642;1757;2;878;1
1643;1758;7;251;1
1644;1759;2;879;1
1645;1760;1759;1;1
1646;1761;2;880;1
1647;1762;3;587;1
1648;1763;2;881;1
1649;1764;41;43;1
1650;1765;2;882;1
1651;1766;5;353;1
1652;1767;2;883;1
1653;1768;3;589;1
1654;1769;2;884;1
1655;1770;4;442;2
1656;1772;7;253;1
1657;1773;2;886;1
1658;1774;3;591;1
1659;1775;2;887;1
1660;1776;5;355;1
1661;1777;2;888;1
1662;1778;1777;1;1
1663;1779;2;889;1
1664;1780;3;593;1
1665;1781;2;890;1
1666;1782;13;137;1
1667;1783;2;891;1
1668;1784;1783;1;1
1669;1785;2;892;1
1670;1786;3;595;1
1671;1787;2;893;1
1672;1788;1787;1;1
1673;1789;2;894;1
1674;1790;1789;1;1
1675;1791;2;895;1
1676;1792;3;597;1
1677;1793;2;896;1
1678;1794;11;163;1
1679;1795;2;897;1
1680;1796;5;359;1
1681;1797;2;898;1
1682;1798;3;599;1
1683;1799;2;899;1
1684;1800;7;257;1
1685;1801;2;900;1
1686;1802;1801;1;1
1687;1803;2;901;1
1688;1804;3;601;1
1689;1805;2;902;1
1690;1806;5;361;1
1691;1807;2;903;1
1692;1808;13;139;1
1693;1809;2;904;1
1694;1810;3;603;1
1695;1811;2;905;1
1696;1812;1811;1;1
1697;1813;2;906;1
1698;1814;7;259;1
1699;1815;2;907;1
1700;1816;3;605;1
1701;1817;2;908;1
1702;1818;23;79;1
1703;1819;2;909;1
1704;1820;17;107;1
1705;1821;2;910;1
1706;1822;3;607;1
1707;1823;2;911;1
1708;1824;1823;1;1
1709;1825;2;912;1
1710;1826;5;365;1
1711;1827;2;913;1
1712;1828;3;609;1
1713;1829;2;914;1
1714;1830;31;59;1
1715;1831;2;915;1
1716;1832;1831;1;1
1717;1833;2;916;1
1718;1834;3;611;1
1719;1835;2;917;1
1720;1836;5;367;1
1721;1837;2;918;1
1722;1838;11;167;1
1723;1839;2;919;1
1724;1840;3;613;1
1725;1841;2;920;1
1726;1842;7;263;1
1727;1843;2;921;1
1728;1844;19;97;1
1729;1845;2;922;1
1730;1846;3;615;1
1731;1847;2;923;1
1732;1848;1847;1;1
1733;1849;2;924;1
1734;1850;43;43;1
1735;1851;2;925;1
1736;1852;3;617;1
1737;1853;2;926;1
1738;1854;17;109;1
1739;1855;2;927;1
1740;1856;5;371;1
1741;1857;2;928;1
1742;1858;3;619;1
1743;1859;2;929;1
1744;1860;11;169;1
1745;1861;2;930;1
1746;1862;1861;1;1
1747;1863;2;931;1
1748;1864;3;621;1
1749;1865;2;932;1
1750;1866;5;373;1
1751;1867;2;933;1
1752;1868;1867;1;1
1753;1869;2;934;1
1754;1870;3;623;1
1755;1871;2;935;1
1756;1872;1871;1;1
1757;1873;2;936;1
1758;1874;1873;1;1
1759;1875;2;937;1
1760;1876;3;625;1
1761;1877;2;938;1
1762;1878;1877;1;1
1763;1879;2;939;1
1764;1880;3;626;2
1765;1882;3;627;1
1766;1883;2;941;1
1767;1884;7;269;1
1768;1885;2;942;1
1769;1886;5;377;1
1770;1887;2;943;1
1771;1888;3;629;1
1772;1889;2;944;1
1773;1890;1889;1;1
1774;1891;2;945;1
1775;1892;31;61;1
1776;1893;2;946;1
1777;1894;3;631;1
1778;1895;2;947;1
1779;1896;5;379;1
1780;1897;2;948;1
1781;1898;7;271;1
1782;1899;2;949;1
1783;1900;3;633;1
1784;1901;2;950;1
1785;1902;1901;1;1
1786;1903;2;951;1
1787;1904;11;173;1
1788;1905;2;952;1
1789;1906;3;635;1
1790;1907;2;953;1
1791;1908;1907;1;1
1792;1909;2;954;1
1793;1910;23;83;1
1794;1911;2;955;1
1795;1912;3;637;1
1796;1913;2;956;1
1797;1914;1913;1;1
1798;1915;2;957;1
1799;1916;5;383;1
1800;1917;2;958;1
1801;1918;3;639;1
1802;1919;2;959;1
1803;1920;19;101;1
1804;1921;2;960;1
1805;1922;17;113;1
1806;1923;2;961;1
1807;1924;3;641;1
1808;1925;2;962;1
1809;1926;5;385;1
1810;1927;2;963;1
1811;1928;41;47;1
1812;1929;2;964;1
1813;1930;3;643;1
1814;1931;2;965;1
1815;1932;1931;1;1
1816;1933;2;966;1
1817;1934;1933;1;1
1818;1935;2;967;1
1819;1936;3;645;1
1820;1937;2;968;1
1821;1938;13;149;1
1822;1939;2;969;1
1823;1940;7;277;1
1824;1941;2;970;1
1825;1942;3;647;1
1826;1943;2;971;1
1827;1944;29;67;1
1828;1945;2;972;1
1829;1946;5;389;1
1830;1947;2;973;1
1831;1948;3;649;1
1832;1949;2;974;1
1833;1950;1949;1;1
1834;1951;2;975;1
1835;1952;1951;1;1
1836;1953;2;976;1
1837;1954;3;651;1
1838;1955;2;977;1
1839;1956;5;391;1
1840;1957;2;978;1
1841;1958;19;103;1
1842;1959;2;979;1
1843;1960;3;653;1
1844;1961;2;980;1
1845;1962;37;53;1
1846;1963;2;981;1
1847;1964;13;151;1
1848;1965;2;982;1
1849;1966;3;655;1
1850;1967;2;983;1
1851;1968;7;281;1
1852;1969;2;984;1
1853;1970;11;179;1
1854;1971;2;985;1
1855;1972;3;657;1
1856;1973;2;986;1
1857;1974;1973;1;1
1858;1975;2;987;1
1859;1976;5;395;1
1860;1977;2;988;1
1861;1978;3;659;1
1862;1979;2;989;1
1863;1980;1979;1;1
1864;1981;2;990;1
1865;1982;7;283;1
1866;1983;2;991;1
1867;1984;3;661;1
1868;1985;2;992;1
1869;1986;5;397;1
1870;1987;2;993;1
1871;1988;1987;1;1
1872;1989;2;994;1
1873;1990;4;497;2
1874;1992;11;181;1
1875;1993;2;996;1
1876;1994;1993;1;1
1877;1995;2;997;1
1878;1996;3;665;1
1879;1997;2;998;1
1880;1998;1997;1;1
1881;1999;2;999;1
1882;2000;1999;1;1
1883;2001;1999;1;2
1884;2003;2;1001;1
1885;2004;2003;1;1
1886;2005;2;1002;1
1887;2006;5;401;1
1888;2007;2;1003;1
1889;2008;3;669;1
1890;2009;2;1004;1
1891;2010;7;287;1
1892;2011;2;1005;1
1893;2012;2011;1;1
1894;2013;2;1006;1
1895;2014;3;671;1
1896;2015;2;1007;1
1897;2016;5;403;1
1898;2017;2;1008;1
1899;2018;2017;1;1
1900;2019;2;1009;1
1901;2020;3;673;1
1902;2021;2;1010;1
1903;2022;43;47;1
1904;2023;2;1011;1
1905;2024;7;289;1
1906;2025;2;1012;1
1907;2026;3;675;1
1908;2027;2;1013;1
1909;2028;2027;1;1
1910;2029;2;1014;1
1911;2030;2029;1;1
1912;2031;2;1015;1
1913;2032;3;677;1
1914;2033;2;1016;1
1915;2034;19;107;1
1916;2035;2;1017;1
1917;2036;5;407;1
1918;2037;2;1018;1
1919;2038;3;679;1
1920;2039;2;1019;1
1921;2040;2039;1;1
1922;2041;2;1020;1
1923;2042;13;157;1
1924;2043;2;1021;1
1925;2044;3;681;1
1926;2045;2;1022;1
1927;2046;5;409;1
1928;2047;2;1023;1
1929;2048;23;89;1
1930;2049;2;1024;1
1931;2050;3;683;1
1932;2051;2;1025;1
1933;2052;7;293;1
1934;2053;2;1026;1
1935;2054;2053;1;1
1936;2055;2;1027;1
1937;2056;3;685;1
1938;2057;2;1028;1
1939;2058;11;187;1
1940;2059;2;1029;1
1941;2060;29;71;1
1942;2061;2;1030;1
1943;2062;3;687;1
1944;2063;2;1031;1
1945;2064;2063;1;1
1946;2065;2;1032;1
1947;2066;5;413;1
1948;2067;2;1033;1
1949;2068;3;689;1
1950;2069;2;1034;1
1951;2070;2069;1;1
1952;2071;2;1035;1
1953;2072;19;109;1
1954;2073;2;1036;1
1955;2074;3;691;1
1956;2075;2;1037;1
1957;2076;5;415;1
1958;2077;2;1038;1
1959;2078;31;67;1
1960;2079;2;1039;1
1961;2080;3;693;1
1962;2081;2;1040;1
1963;2082;2081;1;1
1964;2083;2;1041;1
1965;2084;2083;1;1
1966;2085;2;1042;1
1967;2086;3;695;1
1968;2087;2;1043;1
1969;2088;2087;1;1
1970;2089;2;1044;1
1971;2090;2089;1;1
1972;2091;2;1045;1
1973;2092;3;697;1
1974;2093;2;1046;1
1975;2094;7;299;1
1976;2095;2;1047;1
1977;2096;5;419;1
1978;2097;2;1048;1
1979;2098;3;699;1
1980;2099;2;1049;1
1981;2100;2099;1;1
1982;2101;2;1050;1
1983;2102;11;191;1
1984;2103;2;1051;1
1985;2104;3;701;1
1986;2105;2;1052;1
1987;2106;5;421;1
1988;2107;2;1053;1
1989;2108;7;301;1
1990;2109;2;1054;1
1991;2110;3;703;1
1992;2111;3;703;2
1993;2113;2;1056;1
1994;2114;2113;1;1
1995;2115;2;1057;1
1996;2116;3;705;1
1997;2117;2;1058;1
1998;2118;29;73;1
1999;2119;2;1059;1
2000;2120;13;163;1
2001;2121;2;1060;1
2002;2122;3;707;1
2003;2123;2;1061;1
2004;2124;11;193;1
2005;2125;2;1062;1
2006;2126;5;425;1
2007;2127;2;1063;1
2008;2128;3;709;1
2009;2129;2;1064;1
2010;2130;2129;1;1
2011;2131;2;1065;1
2012;2132;2131;1;1
2013;2133;2;1066;1
2014;2134;3;711;1
2015;2135;2;1067;1
2016;2136;5;427;1
2017;2137;2;1068;1
2018;2138;2137;1;1
2019;2139;2;1069;1
2020;2140;3;713;1
2021;2141;2;1070;1
2022;2142;2141;1;1
2023;2143;2;1071;1
2024;2144;2143;1;1
2025;2145;2;1072;1
2026;2146;3;715;1
2027;2147;2;1073;1
2028;2148;19;113;1
2029;2149;2;1074;1
2030;2150;7;307;1
2031;2151;2;1075;1
2032;2152;3;717;1
2033;2153;2;1076;1
2034;2154;2153;1;1
2035;2155;2;1077;1
2036;2156;5;431;1
2037;2157;2;1078;1
2038;2158;3;719;1
2039;2159;2;1079;1
2040;2160;17;127;1
2041;2161;2;1080;1
2042;2162;2161;1;1
2043;2163;2;1081;1
2044;2164;3;721;1
2045;2165;2;1082;1
2046;2166;5;433;1
2047;2167;2;1083;1
2048;2168;11;197;1
2049;2169;2;1084;1
2050;2170;3;723;1
2051;2171;2;1085;1
2052;2172;13;167;1
2053;2173;2;1086;1
2054;2174;41;53;1
2055;2175;2;1087;1
2056;2176;3;725;1
2057;2177;2;1088;1
2058;2178;7;311;1
2059;2179;2;1089;1
2060;2180;2179;1;1
2061;2181;2;1090;1
2062;2182;3;727;1
2063;2183;2;1091;1
2064;2184;37;59;1
2065;2185;2;1092;1
2066;2186;5;437;1
2067;2187;2;1093;1
2068;2188;3;729;1
2069;2189;2;1094;1
2070;2190;11;199;1
2071;2191;2;1095;1
2072;2192;7;313;1
2073;2193;2;1096;1
2074;2194;3;731;1
2075;2195;2;1097;1
2076;2196;5;439;1
2077;2197;2;1098;1
2078;2198;13;169;1
2079;2199;2;1099;1
2080;2200;3;733;1
2081;2201;2;1100;1
2082;2202;31;71;1
2083;2203;2;1101;1
2084;2204;2203;1;1
2085;2205;2;1102;1
2086;2206;3;735;1
2087;2207;2;1103;1
2088;2208;2207;1;1
2089;2209;2;1104;1
2090;2210;47;47;1
2091;2211;2;1105;1
2092;2212;3;737;1
2093;2213;2;1106;1
2094;2214;2213;1;1
2095;2215;2;1107;1
2096;2216;5;443;1
2097;2217;2;1108;1
2098;2218;3;739;1
2099;2219;2;1109;1
2100;2220;7;317;1
2101;2221;7;317;2
2102;2223;2;1111;1
2103;2224;3;741;1
2104;2225;2;1112;1
2105;2226;5;445;1
2106;2227;2;1113;1
2107;2228;17;131;1
2108;2229;2;1114;1
2109;2230;3;743;1
2110;2231;2;1115;1
2111;2232;23;97;1
2112;2233;2;1116;1
2113;2234;7;319;1
2114;2235;2;1117;1
2115;2236;3;745;1
2116;2237;2;1118;1
2117;2238;2237;1;1
2118;2239;2;1119;1
2119;2240;2239;1;1
2120;2241;2;1120;1
2121;2242;3;747;1
2122;2243;2;1121;1
2123;2244;2243;1;1
2124;2245;2;1122;1
2125;2246;5;449;1
2126;2247;2;1123;1
2127;2248;3;749;1
2128;2249;2;1124;1
2129;2250;13;173;1
2130;2251;2;1125;1
2131;2252;2251;1;1
2132;2253;2;1126;1
2133;2254;3;751;1
2134;2255;2;1127;1
2135;2256;5;451;1
2136;2257;2;1128;1
2137;2258;37;61;1
2138;2259;2;1129;1
2139;2260;3;753;1
2140;2261;2;1130;1
2141;2262;7;323;1
2142;2263;2;1131;1
2143;2264;31;73;1
2144;2265;2;1132;1
2145;2266;3;755;1
2146;2267;2;1133;1
2147;2268;2267;1;1
2148;2269;2;1134;1
2149;2270;2269;1;1
2150;2271;2;1135;1
2151;2272;3;757;1
2152;2273;2;1136;1
2153;2274;2273;1;1
2154;2275;2;1137;1
2155;2276;5;455;1
2156;2277;2;1138;1
2157;2278;3;759;1
2158;2279;2;1139;1
2159;2280;43;53;1
2160;2281;2;1140;1
2161;2282;2281;1;1
2162;2283;2;1141;1
2163;2284;3;761;1
2164;2285;2;1142;1
2165;2286;5;457;1
2166;2287;2;1143;1
2167;2288;2287;1;1
2168;2289;2;1144;1
2169;2290;3;763;1
2170;2291;2;1145;1
2171;2292;29;79;1
2172;2293;2;1146;1
2173;2294;2293;1;1
2174;2295;2;1147;1
2175;2296;3;765;1
2176;2297;2;1148;1
2177;2298;2297;1;1
2178;2299;2;1149;1
2179;2300;11;209;1
2180;2301;2;1150;1
2181;2302;3;767;1
2182;2303;2;1151;1
2183;2304;7;329;1
2184;2305;2;1152;1
2185;2306;5;461;1
2186;2307;2;1153;1
2187;2308;3;769;1
2188;2309;2;1154;1
2189;2310;2309;1;1
2190;2311;2;1155;1
2191;2312;2311;1;1
2192;2313;2;1156;1
2193;2314;3;771;1
2194;2315;2;1157;1
2195;2316;5;463;1
2196;2317;2;1158;1
2197;2318;7;331;1
2198;2319;2;1159;1
2199;2320;3;773;1
2200;2321;2;1160;1
2201;2322;11;211;1
2202;2323;2;1161;1
2203;2324;23;101;1
2204;2325;2;1162;1
2205;2326;3;775;1
2206;2327;2;1163;1
2207;2328;13;179;1
2208;2329;2;1164;1
2209;2330;17;137;1
2210;2331;17;137;2
2211;2333;2;1166;1
2212;2334;2333;1;1
2213;2335;2;1167;1
2214;2336;5;467;1
2215;2337;2;1168;1
2216;2338;3;779;1
2217;2339;2;1169;1
2218;2340;2339;1;1
2219;2341;2;1170;1
2220;2342;2341;1;1
2221;2343;2;1171;1
2222;2344;3;781;1
2223;2345;2;1172;1
2224;2346;5;469;1
2225;2347;2;1173;1
2226;2348;2347;1;1
2227;2349;2;1174;1
2228;2350;3;783;1
2229;2351;2;1175;1
2230;2352;2351;1;1
2231;2353;2;1176;1
2232;2354;13;181;1
2233;2355;2;1177;1
2234;2356;3;785;1
2235;2357;2;1178;1
2236;2358;2357;1;1
2237;2359;2;1179;1
2238;2360;7;337;1
2239;2361;2;1180;1
2240;2362;3;787;1
2241;2363;2;1181;1
2242;2364;17;139;1
2243;2365;2;1182;1
2244;2366;5;473;1
2245;2367;2;1183;1
2246;2368;3;789;1
2247;2369;2;1184;1
2248;2370;23;103;1
2249;2371;2;1185;1
2250;2372;2371;1;1
2251;2373;2;1186;1
2252;2374;3;791;1
2253;2375;2;1187;1
2254;2376;5;475;1
2255;2377;2;1188;1
2256;2378;2377;1;1
2257;2379;2;1189;1
2258;2380;3;793;1
2259;2381;2;1190;1
2260;2382;2381;1;1
2261;2383;2;1191;1
2262;2384;2383;1;1
2263;2385;2;1192;1
2264;2386;3;795;1
2265;2387;2;1193;1
2266;2388;7;341;1
2267;2389;2;1194;1
2268;2390;2389;1;1
2269;2391;2;1195;1
2270;2392;3;797;1
2271;2393;2;1196;1
2272;2394;2393;1;1
2273;2395;2;1197;1
2274;2396;5;479;1
2275;2397;2;1198;1
2276;2398;3;799;1
2277;2399;2;1199;1
2278;2400;2399;1;1
2279;2401;2;1200;1
2280;2402;7;343;1
2281;2403;2;1201;1
2282;2404;3;801;1
2283;2405;2;1202;1
2284;2406;5;481;1
2285;2407;2;1203;1
2286;2408;29;83;1
2287;2409;2;1204;1
2288;2410;3;803;1
2289;2411;2;1205;1
2290;2412;2411;1;1
2291;2413;2;1206;1
2292;2414;19;127;1
2293;2415;2;1207;1
2294;2416;3;805;1
2295;2417;2;1208;1
2296;2418;2417;1;1
2297;2419;2;1209;1
2298;2420;41;59;1
2299;2421;2;1210;1
2300;2422;3;807;1
2301;2423;2;1211;1
2302;2424;2423;1;1
2303;2425;2;1212;1
2304;2426;5;485;1
2305;2427;2;1213;1
2306;2428;3;809;1
2307;2429;2;1214;1
2308;2430;7;347;1
2309;2431;2;1215;1
2310;2432;11;221;1
2311;2433;2;1216;1
2312;2434;3;811;1
2313;2435;2;1217;1
2314;2436;5;487;1
2315;2437;2;1218;1
2316;2438;2437;1;1
2317;2439;2;1219;1
2318;2440;3;813;1
2319;2441;3;813;2
2320;2443;2;1221;1
2321;2444;7;349;1
2322;2445;2;1222;1
2323;2446;3;815;1
2324;2447;2;1223;1
2325;2448;2447;1;1
2326;2449;2;1224;1
2327;2450;31;79;1
2328;2451;2;1225;1
2329;2452;3;817;1
2330;2453;2;1226;1
2331;2454;11;223;1
2332;2455;2;1227;1
2333;2456;5;491;1
2334;2457;2;1228;1
2335;2458;3;819;1
2336;2459;2;1229;1
2337;2460;2459;1;1
2338;2461;2;1230;1
2339;2462;23;107;1
2340;2463;2;1231;1
2341;2464;3;821;1
2342;2465;2;1232;1
2343;2466;5;493;1
2344;2467;2;1233;1
2345;2468;2467;1;1
2346;2469;2;1234;1
2347;2470;3;823;1
2348;2471;2;1235;1
2349;2472;7;353;1
2350;2473;2;1236;1
2351;2474;2473;1;1
2352;2475;2;1237;1
2353;2476;3;825;1
2354;2477;2;1238;1
2355;2478;2477;1;1
2356;2479;2;1239;1
2357;2480;37;67;1
2358;2481;2;1240;1
2359;2482;3;827;1
2360;2483;2;1241;1
2361;2484;13;191;1
2362;2485;2;1242;1
2363;2486;5;497;1
2364;2487;2;1243;1
2365;2488;3;829;1
2366;2489;2;1244;1
2367;2490;19;131;1
2368;2491;2;1245;1
2369;2492;47;53;1
2370;2493;2;1246;1
2371;2494;3;831;1
2372;2495;2;1247;1
2373;2496;5;499;1
2374;2497;2;1248;1
2375;2498;11;227;1
2376;2499;2;1249;1
2377;2500;3;833;1
2378;2501;2;1250;1
2379;2502;41;61;1
2380;2503;2;1251;1
2381;2504;2503;1;1
2382;2505;2;1252;1
2383;2506;3;835;1
2384;2507;2;1253;1
2385;2508;23;109;1
2386;2509;2;1254;1
2387;2510;13;193;1
2388;2511;2;1255;1
2389;2512;3;837;1
2390;2513;2;1256;1
2391;2514;7;359;1
2392;2515;2;1257;1
2393;2516;5;503;1
2394;2517;2;1258;1
2395;2518;3;839;1
2396;2519;2;1259;1
2397;2520;11;229;1
2398;2521;2;1260;1
2399;2522;2521;1;1
2400;2523;2;1261;1
2401;2524;3;841;1
2402;2525;2;1262;1
2403;2526;5;505;1
2404;2527;2;1263;1
2405;2528;7;361;1
2406;2529;2;1264;1
2407;2530;3;843;1
2408;2531;2;1265;1
2409;2532;2531;1;1
2410;2533;2;1266;1
2411;2534;17;149;1
2412;2535;2;1267;1
2413;2536;3;845;1
2414;2537;2;1268;1
2415;2538;43;59;1
2416;2539;2;1269;1
2417;2540;2539;1;1
2418;2541;2;1270;1
2419;2542;3;847;1
2420;2543;2;1271;1
2421;2544;2543;1;1
2422;2545;2;1272;1
2423;2546;5;509;1
2424;2547;2;1273;1
2425;2548;3;849;1
2426;2549;2;1274;1
2427;2550;2549;1;1
2428;2551;2549;1;2
2429;2553;2;1276;1
2430;2554;3;851;1
2431;2555;2;1277;1
2432;2556;5;511;1
2433;2557;2;1278;1
2434;2558;2557;1;1
2435;2559;2;1279;1
2436;2560;3;853;1
2437;2561;2;1280;1
2438;2562;13;197;1
2439;2563;2;1281;1
2440;2564;11;233;1
2441;2565;2;1282;1
2442;2566;3;855;1
2443;2567;2;1283;1
2444;2568;17;151;1
2445;2569;2;1284;1
2446;2570;7;367;1
2447;2571;2;1285;1
2448;2572;3;857;1
2449;2573;2;1286;1
2450;2574;31;83;1
2451;2575;2;1287;1
2452;2576;5;515;1
2453;2577;2;1288;1
2454;2578;3;859;1
2455;2579;2;1289;1
2456;2580;2579;1;1
2457;2581;2;1290;1
2458;2582;29;89;1
2459;2583;2;1291;1
2460;2584;3;861;1
2461;2585;2;1292;1
2462;2586;5;517;1
2463;2587;2;1293;1
2464;2588;13;199;1
2465;2589;2;1294;1
2466;2590;3;863;1
2467;2591;2;1295;1
2468;2592;2591;1;1
2469;2593;2;1296;1
2470;2594;2593;1;1
2471;2595;2;1297;1
2472;2596;3;865;1
2473;2597;2;1298;1
2474;2598;7;371;1
2475;2599;2;1299;1
2476;2600;23;113;1
2477;2601;2;1300;1
2478;2602;3;867;1
2479;2603;2;1301;1
2480;2604;19;137;1
2481;2605;2;1302;1
2482;2606;5;521;1
2483;2607;2;1303;1
2484;2608;3;869;1
2485;2609;2;1304;1
2486;2610;2609;1;1
2487;2611;2;1305;1
2488;2612;7;373;1
2489;2613;2;1306;1
2490;2614;3;871;1
2491;2615;2;1307;1
2492;2616;5;523;1
2493;2617;2;1308;1
2494;2618;2617;1;1
2495;2619;2;1309;1
2496;2620;3;873;1
2497;2621;2;1310;1
2498;2622;2621;1;1
2499;2623;2;1311;1
2500;2624;43;61;1
2501;2625;2;1312;1
2502;2626;3;875;1
2503;2627;2;1313;1
2504;2628;37;71;1
2505;2629;2;1314;1
2506;2630;11;239;1
2507;2631;2;1315;1
2508;2632;3;877;1
2509;2633;2;1316;1
2510;2634;2633;1;1
2511;2635;2;1317;1
2512;2636;5;527;1
2513;2637;2;1318;1
2514;2638;3;879;1
2515;2639;2;1319;1
2516;2640;7;377;1
2517;2641;2;1320;1
2518;2642;19;139;1
2519;2643;2;1321;1
2520;2644;3;881;1
2521;2645;2;1322;1
2522;2646;5;529;1
2523;2647;2;1323;1
2524;2648;2647;1;1
2525;2649;2;1324;1
2526;2650;3;883;1
2527;2651;2;1325;1
2528;2652;11;241;1
2529;2653;2;1326;1
2530;2654;7;379;1
2531;2655;2;1327;1
2532;2656;3;885;1
2533;2657;2;1328;1
2534;2658;2657;1;1
2535;2659;2;1329;1
2536;2660;2659;1;1
2537;2661;2659;1;2
2538;2663;2;1331;1
2539;2664;2663;1;1
2540;2665;2;1332;1
2541;2666;5;533;1
2542;2667;2;1333;1
2543;2668;3;889;1
2544;2669;2;1334;1
2545;2670;17;157;1
2546;2671;2;1335;1
2547;2672;2671;1;1
2548;2673;2;1336;1
2549;2674;3;891;1
2550;2675;2;1337;1
2551;2676;5;535;1
2552;2677;2;1338;1
2553;2678;2677;1;1
2554;2679;2;1339;1
2555;2680;3;893;1
2556;2681;2;1340;1
2557;2682;7;383;1
2558;2683;2;1341;1
2559;2684;2683;1;1
2560;2685;2;1342;1
2561;2686;3;895;1
2562;2687;2;1343;1
2563;2688;2687;1;1
2564;2689;2;1344;1
2565;2690;2689;1;1
2566;2691;2;1345;1
2567;2692;3;897;1
2568;2693;2;1346;1
2569;2694;2693;1;1
2570;2695;2;1347;1
2571;2696;5;539;1
2572;2697;2;1348;1
2573;2698;3;899;1
2574;2699;2;1349;1
2575;2700;2699;1;1
2576;2701;2;1350;1
2577;2702;37;73;1
2578;2703;2;1351;1
2579;2704;3;901;1
2580;2705;2;1352;1
2581;2706;5;541;1
2582;2707;2;1353;1
2583;2708;2707;1;1
2584;2709;2;1354;1
2585;2710;3;903;1
2586;2711;2;1355;1
2587;2712;2711;1;1
2588;2713;2;1356;1
2589;2714;2713;1;1
2590;2715;2;1357;1
2591;2716;3;905;1
2592;2717;2;1358;1
2593;2718;11;247;1
2594;2719;2;1359;1
2595;2720;2719;1;1
2596;2721;2;1360;1
2597;2722;3;907;1
2598;2723;2;1361;1
2599;2724;7;389;1
2600;2725;2;1362;1
2601;2726;5;545;1
2602;2727;2;1363;1
2603;2728;3;909;1
2604;2729;2;1364;1
2605;2730;2729;1;1
2606;2731;2;1365;1
2607;2732;2731;1;1
2608;2733;2;1366;1
2609;2734;3;911;1
2610;2735;2;1367;1
2611;2736;5;547;1
2612;2737;2;1368;1
2613;2738;7;391;1
2614;2739;2;1369;1
2615;2740;3;913;1
2616;2741;2;1370;1
2617;2742;2741;1;1
2618;2743;2;1371;1
2619;2744;13;211;1
2620;2745;2;1372;1
2621;2746;3;915;1
2622;2747;2;1373;1
2623;2748;41;67;1
2624;2749;2;1374;1
2625;2750;2749;1;1
2626;2751;2;1375;1
2627;2752;3;917;1
2628;2753;2;1376;1
2629;2754;2753;1;1
2630;2755;2;1377;1
2631;2756;5;551;1
2632;2757;2;1378;1
2633;2758;3;919;1
2634;2759;2;1379;1
2635;2760;31;89;1
2636;2761;2;1380;1
2637;2762;11;251;1
2638;2763;2;1381;1
2639;2764;3;921;1
2640;2765;2;1382;1
2641;2766;5;553;1
2642;2767;2;1383;1
2643;2768;2767;1;1
2644;2769;2;1384;1
2645;2770;3;923;1
2646;2771;3;923;2
2647;2773;2;1386;1
2648;2774;47;59;1
2649;2775;2;1387;1
2650;2776;3;925;1
2651;2777;2;1388;1
2652;2778;2777;1;1
2653;2779;2;1389;1
2654;2780;7;397;1
2655;2781;2;1390;1
2656;2782;3;927;1
2657;2783;2;1391;1
2658;2784;11;253;1
2659;2785;2;1392;1
2660;2786;5;557;1
2661;2787;2;1393;1
2662;2788;3;929;1
2663;2789;2;1394;1
2664;2790;2789;1;1
2665;2791;2;1395;1
2666;2792;2791;1;1
2667;2793;2;1396;1
2668;2794;3;931;1
2669;2795;2;1397;1
2670;2796;5;559;1
2671;2797;2;1398;1
2672;2798;2797;1;1
2673;2799;2;1399;1
2674;2800;3;933;1
2675;2801;2;1400;1
2676;2802;2801;1;1
2677;2803;2;1401;1
2678;2804;2803;1;1
2679;2805;2;1402;1
2680;2806;3;935;1
2681;2807;2;1403;1
2682;2808;7;401;1
2683;2809;2;1404;1
2684;2810;53;53;1
2685;2811;2;1405;1
2686;2812;3;937;1
2687;2813;2;1406;1
2688;2814;29;97;1
2689;2815;2;1407;1
2690;2816;5;563;1
2691;2817;2;1408;1
2692;2818;3;939;1
2693;2819;2;1409;1
2694;2820;2819;1;1
2695;2821;2;1410;1
2696;2822;7;403;1
2697;2823;2;1411;1
2698;2824;3;941;1
2699;2825;2;1412;1
2700;2826;5;565;1
2701;2827;2;1413;1
2702;2828;11;257;1
2703;2829;2;1414;1
2704;2830;3;943;1
2705;2831;2;1415;1
2706;2832;19;149;1
2707;2833;2;1416;1
2708;2834;2833;1;1
2709;2835;2;1417;1
2710;2836;3;945;1
2711;2837;2;1418;1
2712;2838;2837;1;1
2713;2839;2;1419;1
2714;2840;17;167;1
2715;2841;2;1420;1
2716;2842;3;947;1
2717;2843;2;1421;1
2718;2844;2843;1;1
2719;2845;2;1422;1
2720;2846;5;569;1
2721;2847;2;1423;1
2722;2848;3;949;1
2723;2849;2;1424;1
2724;2850;7;407;1
2725;2851;2;1425;1
2726;2852;2851;1;1
2727;2853;2;1426;1
2728;2854;3;951;1
2729;2855;2;1427;1
2730;2856;5;571;1
2731;2857;2;1428;1
2732;2858;2857;1;1
2733;2859;2;1429;1
2734;2860;3;953;1
2735;2861;2;1430;1
2736;2862;2861;1;1
2737;2863;2;1431;1
2738;2864;7;409;1
2739;2865;2;1432;1
2740;2866;3;955;1
2741;2867;2;1433;1
2742;2868;47;61;1
2743;2869;2;1434;1
2744;2870;19;151;1
2745;2871;2;1435;1
2746;2872;3;957;1
2747;2873;2;1436;1
2748;2874;13;221;1
2749;2875;2;1437;1
2750;2876;5;575;1
2751;2877;2;1438;1
2752;2878;3;959;1
2753;2879;2;1439;1
2754;2880;2879;1;1
2755;2881;2879;1;2
2756;2883;2;1441;1
2757;2884;3;961;1
2758;2885;2;1442;1
2759;2886;5;577;1
2760;2887;2;1443;1
2761;2888;2887;1;1
2762;2889;2;1444;1
2763;2890;3;963;1
2764;2891;2;1445;1
2765;2892;7;413;1
2766;2893;2;1446;1
2767;2894;11;263;1
2768;2895;2;1447;1
2769;2896;3;965;1
2770;2897;2;1448;1
2771;2898;2897;1;1
2772;2899;2;1449;1
2773;2900;13;223;1
2774;2901;2;1450;1
2775;2902;3;967;1
2776;2903;2;1451;1
2777;2904;2903;1;1
2778;2905;2;1452;1
2779;2906;5;581;1
2780;2907;2;1453;1
2781;2908;3;969;1
2782;2909;2;1454;1
2783;2910;2909;1;1
2784;2911;2;1455;1
2785;2912;41;71;1
2786;2913;2;1456;1
2787;2914;3;971;1
2788;2915;2;1457;1
2789;2916;5;583;1
2790;2917;2;1458;1
2791;2918;2917;1;1
2792;2919;2;1459;1
2793;2920;3;973;1
2794;2921;2;1460;1
2795;2922;23;127;1
2796;2923;2;1461;1
2797;2924;37;79;1
2798;2925;2;1462;1
2799;2926;3;975;1
2800;2927;2;1463;1
2801;2928;2927;1;1
2802;2929;2;1464;1
2803;2930;29;101;1
2804;2931;2;1465;1
2805;2932;3;977;1
2806;2933;2;1466;1
2807;2934;7;419;1
2808;2935;2;1467;1
2809;2936;5;587;1
2810;2937;2;1468;1
2811;2938;3;979;1
2812;2939;2;1469;1
2813;2940;2939;1;1
2814;2941;2;1470;1
2815;2942;17;173;1
2816;2943;2;1471;1
2817;2944;3;981;1
2818;2945;2;1472;1
2819;2946;5;589;1
2820;2947;2;1473;1
2821;2948;7;421;1
2822;2949;2;1474;1
2823;2950;3;983;1
2824;2951;2;1475;1
2825;2952;13;227;1
2826;2953;2;1476;1
2827;2954;2953;1;1
2828;2955;2;1477;1
2829;2956;3;985;1
2830;2957;2;1478;1
2831;2958;2957;1;1
2832;2959;2;1479;1
2833;2960;11;269;1
2834;2961;2;1480;1
2835;2962;3;987;1
2836;2963;2;1481;1
2837;2964;2963;1;1
2838;2965;2;1482;1
2839;2966;5;593;1
2840;2967;2;1483;1
2841;2968;3;989;1
2842;2969;2;1484;1
2843;2970;2969;1;1
2844;2971;2;1485;1
2845;2972;2971;1;1
2846;2973;2;1486;1
2847;2974;3;991;1
2848;2975;2;1487;1
2849;2976;5;595;1
2850;2977;2;1488;1
2851;2978;13;229;1
2852;2979;2;1489;1
2853;2980;3;993;1
2854;2981;2;1490;1
2855;2982;11;271;1
2856;2983;2;1491;1
2857;2984;19;157;1
2858;2985;2;1492;1
2859;2986;3;995;1
2860;2987;2;1493;1
2861;2988;29;103;1
2862;2989;2;1494;1
2863;2990;7;427;1
2864;2991;7;427;2
2865;2993;2;1496;1
2866;2994;41;73;1
2867;2995;2;1497;1
2868;2996;5;599;1
2869;2997;2;1498;1
2870;2998;3;999;1
2871;2999;2;1499;1
2872;3000;2999;1;1
2873;3001;2;1500;1
2874;3002;3;1000;2
2875;3004;3;1001;1
2876;3005;2;1502;1
2877;3006;5;601;1
2878;3007;2;1503;1
2879;3008;31;97;1
2880;3009;2;1504;1
2881;3010;3;1003;1
2882;3011;2;1505;1
2883;3012;3011;1;1
2884;3013;2;1506;1
2885;3014;23;131;1
2886;3015;2;1507;1
2887;3016;3;1005;1
2888;3017;2;1508;1
2889;3018;7;431;1
2890;3019;2;1509;1
2891;3020;3019;1;1
2892;3021;2;1510;1
2893;3022;3;1007;1
2894;3023;2;1511;1
2895;3024;3023;1;1
2896;3025;2;1512;1
2897;3026;5;605;1
2898;3027;2;1513;1
2899;3028;3;1009;1
2900;3029;2;1514;1
2901;3030;13;233;1
2902;3031;2;1515;1
2903;3032;7;433;1
2904;3033;2;1516;1
2905;3034;3;1011;1
2906;3035;2;1517;1
2907;3036;5;607;1
2908;3037;2;1518;1
2909;3038;3037;1;1
2910;3039;2;1519;1
2911;3040;3;1013;1
2912;3041;2;1520;1
2913;3042;3041;1;1
2914;3043;2;1521;1
2915;3044;17;179;1
2916;3045;2;1522;1
2917;3046;3;1015;1
2918;3047;2;1523;1
2919;3048;11;277;1
2920;3049;2;1524;1
2921;3050;3049;1;1
2922;3051;2;1525;1
2923;3052;3;1017;1
2924;3053;2;1526;1
2925;3054;43;71;1
2926;3055;2;1527;1
2927;3056;5;611;1
2928;3057;2;1528;1
2929;3058;3;1019;1
2930;3059;2;1529;1
2931;3060;7;437;1
2932;3061;2;1530;1
2933;3062;3061;1;1
2934;3063;2;1531;1
2935;3064;3;1021;1
2936;3065;2;1532;1
2937;3066;5;613;1
2938;3067;2;1533;1
2939;3068;3067;1;1
2940;3069;2;1534;1
2941;3070;3;1023;1
2942;3071;2;1535;1
2943;3072;37;83;1
2944;3073;2;1536;1
2945;3074;7;439;1
2946;3075;2;1537;1
2947;3076;3;1025;1
2948;3077;2;1538;1
2949;3078;17;181;1
2950;3079;2;1539;1
2951;3080;3079;1;1
2952;3081;2;1540;1
2953;3082;3;1027;1
2954;3083;2;1541;1
2955;3084;3083;1;1
2956;3085;2;1542;1
2957;3086;5;617;1
2958;3087;2;1543;1
2959;3088;3;1029;1
2960;3089;2;1544;1
2961;3090;3089;1;1
2962;3091;2;1545;1
2963;3092;11;281;1
2964;3093;2;1546;1
2965;3094;3;1031;1
2966;3095;2;1547;1
2967;3096;5;619;1
2968;3097;2;1548;1
2969;3098;19;163;1
2970;3099;2;1549;1
2971;3100;3;1033;1
2972;3101;2;1550;1
2973;3102;7;443;1
2974;3103;2;1551;1
2975;3104;29;107;1
2976;3105;2;1552;1
2977;3106;3;1035;1
2978;3107;2;1553;1
2979;3108;13;239;1
2980;3109;2;1554;1
2981;3110;3109;1;1
2982;3111;2;1555;1
2983;3112;5;622;2
2984;3114;11;283;1
2985;3115;2;1557;1
2986;3116;5;623;1
2987;3117;2;1558;1
2988;3118;3;1039;1
2989;3119;2;1559;1
2990;3120;3119;1;1
2991;3121;2;1560;1
2992;3122;3121;1;1
2993;3123;2;1561;1
2994;3124;3;1041;1
2995;3125;2;1562;1
2996;3126;5;625;1
2997;3127;2;1563;1
2998;3128;53;59;1
2999;3129;2;1564;1
3000;3130;3;1043;1
3001;3131;2;1565;1
3002;3132;31;101;1
3003;3133;2;1566;1
3004;3134;13;241;1
3005;3135;2;1567;1
3006;3136;3;1045;1
3007;3137;2;1568;1
3008;3138;3137;1;1
3009;3139;2;1569;1
3010;3140;43;73;1
3011;3141;2;1570;1
3012;3142;3;1047;1
3013;3143;2;1571;1
3014;3144;7;449;1
3015;3145;2;1572;1
3016;3146;5;629;1
3017;3147;2;1573;1
3018;3148;3;1049;1
3019;3149;2;1574;1
3020;3150;47;67;1
3021;3151;2;1575;1
3022;3152;23;137;1
3023;3153;2;1576;1
3024;3154;3;1051;1
3025;3155;2;1577;1
3026;3156;5;631;1
3027;3157;2;1578;1
3028;3158;7;451;1
3029;3159;2;1579;1
3030;3160;3;1053;1
3031;3161;2;1580;1
3032;3162;29;109;1
3033;3163;2;1581;1
3034;3164;3163;1;1
3035;3165;2;1582;1
3036;3166;3;1055;1
3037;3167;2;1583;1
3038;3168;3167;1;1
3039;3169;2;1584;1
3040;3170;3169;1;1
3041;3171;2;1585;1
3042;3172;3;1057;1
3043;3173;2;1586;1
3044;3174;19;167;1
3045;3175;2;1587;1
3046;3176;5;635;1
3047;3177;2;1588;1
3048;3178;3;1059;1
3049;3179;2;1589;1
3050;3180;11;289;1
3051;3181;2;1590;1
3052;3182;3181;1;1
3053;3183;2;1591;1
3054;3184;3;1061;1
3055;3185;2;1592;1
3056;3186;5;637;1
3057;3187;2;1593;1
3058;3188;3187;1;1
3059;3189;2;1594;1
3060;3190;3;1063;1
3061;3191;2;1595;1
3062;3192;3191;1;1
3063;3193;2;1596;1
3064;3194;31;103;1
3065;3195;2;1597;1
3066;3196;3;1065;1
3067;3197;2;1598;1
3068;3198;23;139;1
3069;3199;2;1599;1
3070;3200;7;457;1
3071;3201;2;1600;1
3072;3202;3;1067;1
3073;3203;2;1601;1
3074;3204;3203;1;1
3075;3205;2;1602;1
3076;3206;5;641;1
3077;3207;2;1603;1
3078;3208;3;1069;1
3079;3209;2;1604;1
3080;3210;3209;1;1
3081;3211;2;1605;1
3082;3212;13;247;1
3083;3213;2;1606;1
3084;3214;3;1071;1
3085;3215;2;1607;1
3086;3216;5;643;1
3087;3217;2;1608;1
3088;3218;3217;1;1
3089;3219;2;1609;1
3090;3220;3;1073;1
3091;3221;2;1610;1
3092;3222;4;805;2
3093;3224;11;293;1
3094;3225;2;1612;1
3095;3226;3;1075;1
3096;3227;2;1613;1
3097;3228;7;461;1
3098;3229;2;1614;1
3099;3230;3229;1;1
3100;3231;2;1615;1
3101;3232;3;1077;1
3102;3233;2;1616;1
3103;3234;53;61;1
3104;3235;2;1617;1
3105;3236;5;647;1
3106;3237;2;1618;1
3107;3238;3;1079;1
3108;3239;2;1619;1
3109;3240;41;79;1
3110;3241;2;1620;1
3111;3242;7;463;1
3112;3243;2;1621;1
3113;3244;3;1081;1
3114;3245;2;1622;1
3115;3246;5;649;1
3116;3247;2;1623;1
3117;3248;17;191;1
3118;3249;2;1624;1
3119;3250;3;1083;1
3120;3251;2;1625;1
3121;3252;3251;1;1
3122;3253;2;1626;1
3123;3254;3253;1;1
3124;3255;2;1627;1
3125;3256;3;1085;1
3126;3257;2;1628;1
3127;3258;3257;1;1
3128;3259;2;1629;1
3129;3260;3259;1;1
3130;3261;2;1630;1
3131;3262;3;1087;1
3132;3263;2;1631;1
3133;3264;13;251;1
3134;3265;2;1632;1
3135;3266;5;653;1
3136;3267;2;1633;1
3137;3268;3;1089;1
3138;3269;2;1634;1
3139;3270;7;467;1
3140;3271;2;1635;1
3141;3272;3271;1;1
3142;3273;2;1636;1
3143;3274;3;1091;1
3144;3275;2;1637;1
3145;3276;5;655;1
3146;3277;2;1638;1
3147;3278;29;113;1
3148;3279;2;1639;1
3149;3280;3;1093;1
3150;3281;2;1640;1
3151;3282;17;193;1
3152;3283;2;1641;1
3153;3284;7;469;1
3154;3285;2;1642;1
3155;3286;3;1095;1
3156;3287;2;1643;1
3157;3288;19;173;1
3158;3289;2;1644;1
3159;3290;11;299;1
3160;3291;2;1645;1
3161;3292;3;1097;1
3162;3293;2;1646;1
3163;3294;37;89;1
3164;3295;2;1647;1
3165;3296;5;659;1
3166;3297;2;1648;1
3167;3298;3;1099;1
3168;3299;2;1649;1
3169;3300;3299;1;1
3170;3301;2;1650;1
3171;3302;3301;1;1
3172;3303;2;1651;1
3173;3304;3;1101;1
3174;3305;2;1652;1
3175;3306;5;661;1
3176;3307;2;1653;1
3177;3308;3307;1;1
3178;3309;2;1654;1
3179;3310;3;1103;1
3180;3311;2;1655;1
3181;3312;7;473;1
3182;3313;2;1656;1
3183;3314;3313;1;1
3184;3315;2;1657;1
3185;3316;3;1105;1
3186;3317;2;1658;1
3187;3318;31;107;1
3188;3319;2;1659;1
3189;3320;3319;1;1
3190;3321;2;1660;1
3191;3322;3;1107;1
3192;3323;2;1661;1
3193;3324;3323;1;1
3194;3325;2;1662;1
3195;3326;5;665;1
3196;3327;2;1663;1
3197;3328;3;1109;1
3198;3329;2;1664;1
3199;3330;3329;1;1
3200;3331;2;1665;1
3201;3332;3;1110;2
3202;3334;3;1111;1
3203;3335;2;1667;1
3204;3336;5;667;1
3205;3337;2;1668;1
3206;3338;47;71;1
3207;3339;2;1669;1
3208;3340;3;1113;1
3209;3341;2;1670;1
3210;3342;13;257;1
3211;3343;2;1671;1
3212;3344;3343;1;1
3213;3345;2;1672;1
3214;3346;3;1115;1
3215;3347;2;1673;1
3216;3348;3347;1;1
3217;3349;2;1674;1
3218;3350;17;197;1
3219;3351;2;1675;1
3220;3352;3;1117;1
3221;3353;2;1676;1
3222;3354;7;479;1
3223;3355;2;1677;1
3224;3356;5;671;1
3225;3357;2;1678;1
3226;3358;3;1119;1
3227;3359;2;1679;1
3228;3360;3359;1;1
3229;3361;2;1680;1
3230;3362;3361;1;1
3231;3363;2;1681;1
3232;3364;3;1121;1
3233;3365;2;1682;1
3234;3366;5;673;1
3235;3367;2;1683;1
3236;3368;7;481;1
3237;3369;2;1684;1
3238;3370;3;1123;1
3239;3371;2;1685;1
3240;3372;3371;1;1
3241;3373;2;1686;1
3242;3374;3373;1;1
3243;3375;2;1687;1
3244;3376;3;1125;1
3245;3377;2;1688;1
3246;3378;11;307;1
3247;3379;2;1689;1
3248;3380;31;109;1
3249;3381;2;1690;1
3250;3382;3;1127;1
3251;3383;2;1691;1
3252;3384;17;199;1
3253;3385;2;1692;1
3254;3386;5;677;1
3255;3387;2;1693;1
3256;3388;3;1129;1
3257;3389;2;1694;1
3258;3390;3389;1;1
3259;3391;2;1695;1
3260;3392;3391;1;1
3261;3393;2;1696;1
3262;3394;3;1131;1
3263;3395;2;1697;1
3264;3396;5;679;1
3265;3397;2;1698;1
3266;3398;43;79;1
3267;3399;2;1699;1
3268;3400;3;1133;1
3269;3401;2;1700;1
3270;3402;19;179;1
3271;3403;2;1701;1
3272;3404;41;83;1
3273;3405;2;1702;1
3274;3406;3;1135;1
3275;3407;2;1703;1
3276;3408;3407;1;1
3277;3409;2;1704;1
3278;3410;7;487;1
3279;3411;2;1705;1
3280;3412;3;1137;1
3281;3413;2;1706;1
3282;3414;3413;1;1
3283;3415;2;1707;1
3284;3416;5;683;1
3285;3417;2;1708;1
3286;3418;3;1139;1
3287;3419;2;1709;1
3288;3420;13;263;1
3289;3421;2;1710;1
3290;3422;11;311;1
3291;3423;2;1711;1
3292;3424;3;1141;1
3293;3425;2;1712;1
3294;3426;5;685;1
3295;3427;2;1713;1
3296;3428;23;149;1
3297;3429;2;1714;1
3298;3430;3;1143;1
3299;3431;2;1715;1
3300;3432;47;73;1
3301;3433;2;1716;1
3302;3434;3433;1;1
3303;3435;2;1717;1
3304;3436;3;1145;1
3305;3437;2;1718;1
3306;3438;7;491;1
3307;3439;2;1719;1
3308;3440;19;181;1
3309;3441;2;1720;1
3310;3442;4;860;2
3311;3444;11;313;1
3312;3445;2;1722;1
3313;3446;5;689;1
3314;3447;2;1723;1
3315;3448;3;1149;1
3316;3449;2;1724;1
3317;3450;3449;1;1
3318;3451;2;1725;1
3319;3452;7;493;1
3320;3453;2;1726;1
3321;3454;3;1151;1
3322;3455;2;1727;1
3323;3456;5;691;1
3324;3457;2;1728;1
3325;3458;3457;1;1
3326;3459;2;1729;1
3327;3460;3;1153;1
3328;3461;2;1730;1
3329;3462;3461;1;1
3330;3463;2;1731;1
3331;3464;3463;1;1
3332;3465;2;1732;1
3333;3466;3;1155;1
3334;3467;2;1733;1
3335;3468;3467;1;1
3336;3469;2;1734;1
3337;3470;3469;1;1
3338;3471;2;1735;1
3339;3472;3;1157;1
3340;3473;2;1736;1
3341;3474;23;151;1
3342;3475;2;1737;1
3343;3476;5;695;1
3344;3477;2;1738;1
3345;3478;3;1159;1
3346;3479;2;1739;1
3347;3480;7;497;1
3348;3481;2;1740;1
3349;3482;59;59;1
3350;3483;2;1741;1
3351;3484;3;1161;1
3352;3485;2;1742;1
3353;3486;5;697;1
3354;3487;2;1743;1
3355;3488;11;317;1
3356;3489;2;1744;1
3357;3490;3;1163;1
3358;3491;2;1745;1
3359;3492;3491;1;1
3360;3493;2;1746;1
3361;3494;7;499;1
3362;3495;2;1747;1
3363;3496;3;1165;1
3364;3497;2;1748;1
3365;3498;13;269;1
3366;3499;2;1749;1
3367;3500;3499;1;1
3368;3501;2;1750;1
3369;3502;3;1167;1
3370;3503;2;1751;1
3371;3504;31;113;1
3372;3505;2;1752;1
3373;3506;5;701;1
3374;3507;2;1753;1
3375;3508;3;1169;1
3376;3509;2;1754;1
3377;3510;11;319;1
3378;3511;2;1755;1
3379;3512;3511;1;1
3380;3513;2;1756;1
3381;3514;3;1171;1
3382;3515;2;1757;1
3383;3516;5;703;1
3384;3517;2;1758;1
3385;3518;3517;1;1
3386;3519;2;1759;1
3387;3520;3;1173;1
3388;3521;2;1760;1
3389;3522;7;503;1
3390;3523;2;1761;1
3391;3524;13;271;1
3392;3525;2;1762;1
3393;3526;3;1175;1
3394;3527;2;1763;1
3395;3528;3527;1;1
3396;3529;2;1764;1
3397;3530;3529;1;1
3398;3531;2;1765;1
3399;3532;3;1177;1
3400;3533;2;1766;1
3401;3534;3533;1;1
3402;3535;2;1767;1
3403;3536;5;707;1
3404;3537;2;1768;1
3405;3538;3;1179;1
3406;3539;2;1769;1
3407;3540;3539;1;1
3408;3541;2;1770;1
3409;3542;3541;1;1
3410;3543;2;1771;1
3411;3544;3;1181;1
3412;3545;2;1772;1
3413;3546;5;709;1
3414;3547;2;1773;1
3415;3548;3547;1;1
3416;3549;2;1774;1
3417;3550;3;1183;1
3418;3551;2;1775;1
3419;3552;5;710;2
3420;3554;11;323;1
3421;3555;2;1777;1
3422;3556;3;1185;1
3423;3557;2;1778;1
3424;3558;3557;1;1
3425;3559;2;1779;1
3426;3560;3559;1;1
3427;3561;2;1780;1
3428;3562;3;1187;1
3429;3563;2;1781;1
3430;3564;7;509;1
3431;3565;2;1782;1
3432;3566;5;713;1
3433;3567;2;1783;1
3434;3568;3;1189;1
3435;3569;2;1784;1
3436;3570;43;83;1
3437;3571;2;1785;1
3438;3572;3571;1;1
3439;3573;2;1786;1
3440;3574;3;1191;1
3441;3575;2;1787;1
3442;3576;5;715;1
3443;3577;2;1788;1
3444;3578;7;511;1
3445;3579;2;1789;1
3446;3580;3;1193;1
3447;3581;2;1790;1
3448;3582;3581;1;1
3449;3583;2;1791;1
3450;3584;3583;1;1
3451;3585;2;1792;1
3452;3586;3;1195;1
3453;3587;2;1793;1
3454;3588;17;211;1
3455;3589;2;1794;1
3456;3590;37;97;1
3457;3591;2;1795;1
3458;3592;3;1197;1
3459;3593;2;1796;1
3460;3594;3593;1;1
3461;3595;2;1797;1
3462;3596;5;719;1
3463;3597;2;1798;1
3464;3598;3;1199;1
3465;3599;2;1799;1
3466;3600;59;61;1
3467;3601;2;1800;1
3468;3602;13;277;1
3469;3603;2;1801;1
3470;3604;3;1201;1
3471;3605;2;1802;1
3472;3606;5;721;1
3473;3607;2;1803;1
3474;3608;3607;1;1
3475;3609;2;1804;1
3476;3610;3;1203;1
3477;3611;2;1805;1
3478;3612;23;157;1
3479;3613;2;1806;1
3480;3614;3613;1;1
3481;3615;2;1807;1
3482;3616;3;1205;1
3483;3617;2;1808;1
3484;3618;3617;1;1
3485;3619;2;1809;1
3486;3620;7;517;1
3487;3621;2;1810;1
3488;3622;3;1207;1
3489;3623;2;1811;1
3490;3624;3623;1;1
3491;3625;2;1812;1
3492;3626;5;725;1
3493;3627;2;1813;1
3494;3628;3;1209;1
3495;3629;2;1814;1
3496;3630;19;191;1
3497;3631;2;1815;1
3498;3632;3631;1;1
3499;3633;2;1816;1
3500;3634;3;1211;1
3501;3635;2;1817;1
3502;3636;5;727;1
3503;3637;2;1818;1
3504;3638;3637;1;1
3505;3639;2;1819;1
3506;3640;3;1213;1
3507;3641;2;1820;1
3508;3642;11;331;1
3509;3643;2;1821;1
3510;3644;3643;1;1
3511;3645;2;1822;1
3512;3646;3;1215;1
3513;3647;2;1823;1
3514;3648;7;521;1
3515;3649;2;1824;1
3516;3650;41;89;1
3517;3651;2;1825;1
3518;3652;3;1217;1
3519;3653;2;1826;1
3520;3654;13;281;1
3521;3655;2;1827;1
3522;3656;5;731;1
3523;3657;2;1828;1
3524;3658;3;1219;1
3525;3659;2;1829;1
3526;3660;3659;1;1
3527;3661;2;1830;1
3528;3662;3;1220;2
3529;3664;3;1221;1
3530;3665;2;1832;1
3531;3666;5;733;1
3532;3667;2;1833;1
3533;3668;19;193;1
3534;3669;2;1834;1
3535;3670;3;1223;1
3536;3671;2;1835;1
3537;3672;3671;1;1
3538;3673;2;1836;1
3539;3674;3673;1;1
3540;3675;2;1837;1
3541;3676;3;1225;1
3542;3677;2;1838;1
3543;3678;3677;1;1
3544;3679;2;1839;1
3545;3680;13;283;1
3546;3681;2;1840;1
3547;3682;3;1227;1
3548;3683;2;1841;1
3549;3684;29;127;1
3550;3685;2;1842;1
3551;3686;5;737;1
3552;3687;2;1843;1
3553;3688;3;1229;1
3554;3689;2;1844;1
3555;3690;7;527;1
3556;3691;2;1845;1
3557;3692;3691;1;1
3558;3693;2;1846;1
3559;3694;3;1231;1
3560;3695;2;1847;1
3561;3696;5;739;1
3562;3697;2;1848;1
3563;3698;3697;1;1
3564;3699;2;1849;1
3565;3700;3;1233;1
3566;3701;2;1850;1
3567;3702;3701;1;1
3568;3703;2;1851;1
3569;3704;7;529;1
3570;3705;2;1852;1
3571;3706;3;1235;1
3572;3707;2;1853;1
3573;3708;11;337;1
3574;3709;2;1854;1
3575;3710;3709;1;1
3576;3711;2;1855;1
3577;3712;3;1237;1
3578;3713;2;1856;1
3579;3714;47;79;1
3580;3715;2;1857;1
3581;3716;5;743;1
3582;3717;2;1858;1
3583;3718;3;1239;1
3584;3719;2;1859;1
3585;3720;3719;1;1
3586;3721;2;1860;1
3587;3722;61;61;1
3588;3723;2;1861;1
3589;3724;3;1241;1
3590;3725;2;1862;1
3591;3726;5;745;1
3592;3727;2;1863;1
3593;3728;3727;1;1
3594;3729;2;1864;1
3595;3730;3;1243;1
3596;3731;2;1865;1
3597;3732;7;533;1
3598;3733;2;1866;1
3599;3734;3733;1;1
3600;3735;2;1867;1
3601;3736;3;1245;1
3602;3737;2;1868;1
3603;3738;37;101;1
3604;3739;2;1869;1
3605;3740;3739;1;1
3606;3741;2;1870;1
3607;3742;3;1247;1
3608;3743;2;1871;1
3609;3744;19;197;1
3610;3745;2;1872;1
3611;3746;5;749;1
3612;3747;2;1873;1
3613;3748;3;1249;1
3614;3749;2;1874;1
3615;3750;23;163;1
3616;3751;2;1875;1
3617;3752;11;341;1
3618;3753;2;1876;1
3619;3754;3;1251;1
3620;3755;2;1877;1
3621;3756;5;751;1
3622;3757;2;1878;1
3623;3758;13;289;1
3624;3759;2;1879;1
3625;3760;3;1253;1
3626;3761;2;1880;1
3627;3762;3761;1;1
3628;3763;2;1881;1
3629;3764;53;71;1
3630;3765;2;1882;1
3631;3766;3;1255;1
3632;3767;2;1883;1
3633;3768;3767;1;1
3634;3769;2;1884;1
3635;3770;3769;1;1
3636;3771;2;1885;1
3637;3772;5;754;2
3638;3774;7;539;1
3639;3775;2;1887;1
3640;3776;5;755;1
3641;3777;2;1888;1
3642;3778;3;1259;1
3643;3779;2;1889;1
3644;3780;3779;1;1
3645;3781;2;1890;1
3646;3782;19;199;1
3647;3783;2;1891;1
3648;3784;3;1261;1
3649;3785;2;1892;1
3650;3786;5;757;1
3651;3787;2;1893;1
3652;3788;7;541;1
3653;3789;2;1894;1
3654;3790;3;1263;1
3655;3791;2;1895;1
3656;3792;17;223;1
3657;3793;2;1896;1
3658;3794;3793;1;1
3659;3795;2;1897;1
3660;3796;3;1265;1
3661;3797;2;1898;1
3662;3798;3797;1;1
3663;3799;2;1899;1
3664;3800;29;131;1
3665;3801;2;1900;1
3666;3802;3;1267;1
3667;3803;2;1901;1
3668;3804;3803;1;1
3669;3805;2;1902;1
3670;3806;5;761;1
3671;3807;2;1903;1
3672;3808;3;1269;1
3673;3809;2;1904;1
3674;3810;13;293;1
3675;3811;2;1905;1
3676;3812;37;103;1
3677;3813;2;1906;1
3678;3814;3;1271;1
3679;3815;2;1907;1
3680;3816;5;763;1
3681;3817;2;1908;1
3682;3818;11;347;1
3683;3819;2;1909;1
3684;3820;3;1273;1
3685;3821;2;1910;1
3686;3822;3821;1;1
3687;3823;2;1911;1
3688;3824;3823;1;1
3689;3825;2;1912;1
3690;3826;3;1275;1
3691;3827;2;1913;1
3692;3828;43;89;1
3693;3829;2;1914;1
3694;3830;7;547;1
3695;3831;2;1915;1
3696;3832;3;1277;1
3697;3833;2;1916;1
3698;3834;3833;1;1
3699;3835;2;1917;1
3700;3836;5;767;1
3701;3837;2;1918;1
3702;3838;3;1279;1
3703;3839;2;1919;1
3704;3840;11;349;1
3705;3841;2;1920;1
3706;3842;23;167;1
3707;3843;2;1921;1
3708;3844;3;1281;1
3709;3845;2;1922;1
3710;3846;5;769;1
3711;3847;2;1923;1
3712;3848;3847;1;1
3713;3849;2;1924;1
3714;3850;3;1283;1
3715;3851;2;1925;1
3716;3852;3851;1;1
3717;3853;2;1926;1
3718;3854;3853;1;1
3719;3855;2;1927;1
3720;3856;3;1285;1
3721;3857;2;1928;1
3722;3858;7;551;1
3723;3859;2;1929;1
3724;3860;17;227;1
3725;3861;2;1930;1
3726;3862;3;1287;1
3727;3863;2;1931;1
3728;3864;3863;1;1
3729;3865;2;1932;1
3730;3866;5;773;1
3731;3867;2;1933;1
3732;3868;3;1289;1
3733;3869;2;1934;1
3734;3870;53;73;1
3735;3871;2;1935;1
3736;3872;7;553;1
3737;3873;2;1936;1
3738;3874;3;1291;1
3739;3875;2;1937;1
3740;3876;5;775;1
3741;3877;2;1938;1
3742;3878;3877;1;1
3743;3879;2;1939;1
3744;3880;3;1293;1
3745;3881;2;1940;1
3746;3882;4;970;2
3747;3884;11;353;1
3748;3885;2;1942;1
3749;3886;3;1295;1
3750;3887;2;1943;1
3751;3888;13;299;1
3752;3889;2;1944;1
3753;3890;3889;1;1
3754;3891;2;1945;1
3755;3892;3;1297;1
3756;3893;2;1946;1
3757;3894;17;229;1
3758;3895;2;1947;1
3759;3896;5;779;1
3760;3897;2;1948;1
3761;3898;3;1299;1
3762;3899;2;1949;1
3763;3900;7;557;1
3764;3901;2;1950;1
3765;3902;47;83;1
3766;3903;2;1951;1
3767;3904;3;1301;1
3768;3905;2;1952;1
3769;3906;5;781;1
3770;3907;2;1953;1
3771;3908;3907;1;1
3772;3909;2;1954;1
3773;3910;3;1303;1
3774;3911;2;1955;1
3775;3912;3911;1;1
3776;3913;2;1956;1
3777;3914;7;559;1
3778;3915;2;1957;1
3779;3916;3;1305;1
3780;3917;2;1958;1
3781;3918;3917;1;1
3782;3919;2;1959;1
3783;3920;3919;1;1
3784;3921;2;1960;1
3785;3922;3;1307;1
3786;3923;2;1961;1
3787;3924;3923;1;1
3788;3925;2;1962;1
3789;3926;5;785;1
3790;3927;2;1963;1
3791;3928;3;1309;1
3792;3929;2;1964;1
3793;3930;3929;1;1
3794;3931;2;1965;1
3795;3932;3931;1;1
3796;3933;2;1966;1
3797;3934;3;1311;1
3798;3935;2;1967;1
3799;3936;5;787;1
3800;3937;2;1968;1
3801;3938;31;127;1
3802;3939;2;1969;1
3803;3940;3;1313;1
3804;3941;2;1970;1
3805;3942;7;563;1
3806;3943;2;1971;1
3807;3944;3943;1;1
3808;3945;2;1972;1
3809;3946;3;1315;1
3810;3947;2;1973;1
3811;3948;3947;1;1
3812;3949;2;1974;1
3813;3950;11;359;1
3814;3951;2;1975;1
3815;3952;3;1317;1
3816;3953;2;1976;1
3817;3954;59;67;1
3818;3955;2;1977;1
3819;3956;5;791;1
3820;3957;2;1978;1
3821;3958;3;1319;1
3822;3959;2;1979;1
3823;3960;37;107;1
3824;3961;2;1980;1
3825;3962;17;233;1
3826;3963;2;1981;1
3827;3964;3;1321;1
3828;3965;2;1982;1
3829;3966;5;793;1
3830;3967;2;1983;1
3831;3968;3967;1;1
3832;3969;2;1984;1
3833;3970;3;1323;1
3834;3971;2;1985;1
3835;3972;11;361;1
3836;3973;2;1986;1
3837;3974;29;137;1
3838;3975;2;1987;1
3839;3976;3;1325;1
3840;3977;2;1988;1
3841;3978;41;97;1
3842;3979;2;1989;1
3843;3980;23;173;1
3844;3981;2;1990;1
3845;3982;3;1327;1
3846;3983;2;1991;1
3847;3984;7;569;1
3848;3985;2;1992;1
3849;3986;5;797;1
3850;3987;2;1993;1
3851;3988;3;1329;1
3852;3989;2;1994;1
3853;3990;3989;1;1
3854;3991;2;1995;1
3855;3992;3;1330;2
3856;3994;3;1331;1
3857;3995;2;1997;1
3858;3996;5;799;1
3859;3997;2;1998;1
3860;3998;7;571;1
3861;3999;2;1999;1
3862;4000;3;1333;1
3863;4001;2;2000;1
3864;4002;4001;1;1
3865;4003;4001;1;2
3866;4005;2;2002;1
3867;4006;3;1335;1
3868;4007;2;2003;1
3869;4008;4007;1;1
3870;4009;2;2004;1
3871;4010;19;211;1
3872;4011;2;2005;1
3873;4012;3;1337;1
3874;4013;2;2006;1
3875;4014;4013;1;1
3876;4015;2;2007;1
3877;4016;5;803;1
3878;4017;2;2008;1
3879;4018;3;1339;1
3880;4019;2;2009;1
3881;4020;4019;1;1
3882;4021;2;2010;1
3883;4022;4021;1;1
3884;4023;2;2011;1
3885;4024;3;1341;1
3886;4025;2;2012;1
3887;4026;5;805;1
3888;4027;2;2013;1
3889;4028;4027;1;1
3890;4029;2;2014;1
3891;4030;3;1343;1
3892;4031;2;2015;1
3893;4032;29;139;1
3894;4033;2;2016;1
3895;4034;37;109;1
3896;4035;2;2017;1
3897;4036;3;1345;1
3898;4037;2;2018;1
3899;4038;11;367;1
3900;4039;2;2019;1
3901;4040;7;577;1
3902;4041;2;2020;1
3903;4042;3;1347;1
3904;4043;2;2021;1
3905;4044;13;311;1
3906;4045;2;2022;1
3907;4046;5;809;1
3908;4047;2;2023;1
3909;4048;3;1349;1
3910;4049;2;2024;1
3911;4050;4049;1;1
3912;4051;2;2025;1
3913;4052;4051;1;1
3914;4053;2;2026;1
3915;4054;3;1351;1
3916;4055;2;2027;1
3917;4056;5;811;1
3918;4057;2;2028;1
3919;4058;4057;1;1
3920;4059;2;2029;1
3921;4060;3;1353;1
3922;4061;2;2030;1
3923;4062;31;131;1
3924;4063;2;2031;1
3925;4064;17;239;1
3926;4065;2;2032;1
3927;4066;3;1355;1
3928;4067;2;2033;1
3929;4068;7;581;1
3930;4069;2;2034;1
3931;4070;13;313;1
3932;4071;2;2035;1
3933;4072;3;1357;1
3934;4073;2;2036;1
3935;4074;4073;1;1
3936;4075;2;2037;1
3937;4076;5;815;1
3938;4077;2;2038;1
3939;4078;3;1359;1
3940;4079;2;2039;1
3941;4080;4079;1;1
3942;4081;2;2040;1
3943;4082;7;583;1
3944;4083;2;2041;1
3945;4084;3;1361;1
3946;4085;2;2042;1
3947;4086;5;817;1
3948;4087;2;2043;1
3949;4088;61;67;1
3950;4089;2;2044;1
3951;4090;3;1363;1
3952;4091;2;2045;1
3953;4092;4091;1;1
3954;4093;2;2046;1
3955;4094;4093;1;1
3956;4095;2;2047;1
3957;4096;3;1365;1
3958;4097;2;2048;1
3959;4098;17;241;1
3960;4099;2;2049;1
3961;4100;4099;1;1
3962;4101;2;2050;1
3963;4102;3;1367;1
3964;4103;2;2051;1
3965;4104;11;373;1
3966;4105;2;2052;1
3967;4106;5;821;1
3968;4107;2;2053;1
3969;4108;3;1369;1
3970;4109;2;2054;1
3971;4110;7;587;1
3972;4111;2;2055;1
3973;4112;4111;1;1
3974;4113;4111;1;2
3975;4115;2;2057;1
3976;4116;5;823;1
3977;4117;2;2058;1
3978;4118;23;179;1
3979;4119;2;2059;1
3980;4120;3;1373;1
3981;4121;2;2060;1
3982;4122;13;317;1
3983;4123;2;2061;1
3984;4124;7;589;1
3985;4125;2;2062;1
3986;4126;3;1375;1
3987;4127;2;2063;1
3988;4128;4127;1;1
3989;4129;2;2064;1
3990;4130;4129;1;1
3991;4131;2;2065;1
3992;4132;3;1377;1
3993;4133;2;2066;1
3994;4134;4133;1;1
3995;4135;2;2067;1
3996;4136;5;827;1
3997;4137;2;2068;1
3998;4138;3;1379;1
3999;4139;2;2069;1
4000;4140;4139;1;1
4001;4141;2;2070;1
4002;4142;41;101;1
4003;4143;2;2071;1
4004;4144;3;1381;1
4005;4145;2;2072;1
4006;4146;5;829;1
4007;4147;2;2073;1
4008;4148;11;377;1
4009;4149;2;2074;1
4010;4150;3;1383;1
4011;4151;2;2075;1
4012;4152;7;593;1
4013;4153;2;2076;1
4014;4154;4153;1;1
4015;4155;2;2077;1
4016;4156;3;1385;1
4017;4157;2;2078;1
4018;4158;4157;1;1
4019;4159;2;2079;1
4020;4160;4159;1;1
4021;4161;2;2080;1
4022;4162;3;1387;1
4023;4163;2;2081;1
4024;4164;23;181;1
4025;4165;2;2082;1
4026;4166;5;833;1
4027;4167;2;2083;1
4028;4168;3;1389;1
4029;4169;2;2084;1
4030;4170;11;379;1
4031;4171;2;2085;1
4032;4172;43;97;1
4033;4173;2;2086;1
4034;4174;3;1391;1
4035;4175;2;2087;1
4036;4176;5;835;1
4037;4177;2;2088;1
4038;4178;4177;1;1
4039;4179;2;2089;1
4040;4180;3;1393;1
4041;4181;2;2090;1
4042;4182;37;113;1
4043;4183;2;2091;1
4044;4184;47;89;1
4045;4185;2;2092;1
4046;4186;3;1395;1
4047;4187;2;2093;1
4048;4188;53;79;1
4049;4189;2;2094;1
4050;4190;59;71;1
4051;4191;2;2095;1
4052;4192;3;1397;1
4053;4193;2;2096;1
4054;4194;7;599;1
4055;4195;2;2097;1
4056;4196;5;839;1
4057;4197;2;2098;1
4058;4198;3;1399;1
4059;4199;2;2099;1
4060;4200;13;323;1
4061;4201;2;2100;1
4062;4202;4201;1;1
4063;4203;2;2101;1
4064;4204;3;1401;1
4065;4205;2;2102;1
4066;4206;5;841;1
4067;4207;2;2103;1
4068;4208;7;601;1
4069;4209;2;2104;1
4070;4210;3;1403;1
4071;4211;2;2105;1
4072;4212;4211;1;1
4073;4213;2;2106;1
4074;4214;11;383;1
4075;4215;2;2107;1
4076;4216;3;1405;1
4077;4217;2;2108;1
4078;4218;4217;1;1
4079;4219;2;2109;1
4080;4220;4219;1;1
4081;4221;2;2110;1
4082;4222;3;1407;1
4083;4223;3;1407;2
4084;4225;2;2112;1
4085;4226;5;845;1
4086;4227;2;2113;1
4087;4228;3;1409;1
4088;4229;2;2114;1
4089;4230;4229;1;1
4090;4231;2;2115;1
4091;4232;4231;1;1
4092;4233;2;2116;1
4093;4234;3;1411;1
4094;4235;2;2117;1
4095;4236;5;847;1
4096;4237;2;2118;1
4097;4238;19;223;1
4098;4239;2;2119;1
4099;4240;3;1413;1
4100;4241;2;2120;1
4101;4242;4241;1;1
4102;4243;2;2121;1
4103;4244;4243;1;1
4104;4245;2;2122;1
4105;4246;3;1415;1
4106;4247;2;2123;1
4107;4248;31;137;1
4108;4249;2;2124;1
4109;4250;7;607;1
4110;4251;2;2125;1
4111;4252;3;1417;1
4112;4253;2;2126;1
4113;4254;4253;1;1
4114;4255;2;2127;1
4115;4256;5;851;1
4116;4257;2;2128;1
4117;4258;3;1419;1
4118;4259;2;2129;1
4119;4260;4259;1;1
4120;4261;2;2130;1
4121;4262;4261;1;1
4122;4263;2;2131;1
4123;4264;3;1421;1
4124;4265;2;2132;1
4125;4266;5;853;1
4126;4267;2;2133;1
4127;4268;17;251;1
4128;4269;2;2134;1
4129;4270;3;1423;1
4130;4271;2;2135;1
4131;4272;4271;1;1
4132;4273;2;2136;1
4133;4274;4273;1;1
4134;4275;2;2137;1
4135;4276;3;1425;1
4136;4277;2;2138;1
4137;4278;7;611;1
4138;4279;2;2139;1
4139;4280;11;389;1
4140;4281;2;2140;1
4141;4282;3;1427;1
4142;4283;2;2141;1
4143;4284;4283;1;1
4144;4285;2;2142;1
4145;4286;5;857;1
4146;4287;2;2143;1
4147;4288;3;1429;1
4148;4289;2;2144;1
4149;4290;4289;1;1
4150;4291;2;2145;1
4151;4292;7;613;1
4152;4293;2;2146;1
4153;4294;3;1431;1
4154;4295;2;2147;1
4155;4296;5;859;1
4156;4297;2;2148;1
4157;4298;4297;1;1
4158;4299;2;2149;1
4159;4300;3;1433;1
4160;4301;2;2150;1
4161;4302;11;391;1
4162;4303;2;2151;1
4163;4304;13;331;1
4164;4305;2;2152;1
4165;4306;3;1435;1
4166;4307;2;2153;1
4167;4308;59;73;1
4168;4309;2;2154;1
4169;4310;31;139;1
4170;4311;2;2155;1
4171;4312;3;1437;1
4172;4313;2;2156;1
4173;4314;19;227;1
4174;4315;2;2157;1
4175;4316;5;863;1
4176;4317;2;2158;1
4177;4318;3;1439;1
4178;4319;2;2159;1
4179;4320;7;617;1
4180;4321;2;2160;1
4181;4322;29;149;1
4182;4323;2;2161;1
4183;4324;3;1441;1
4184;4325;2;2162;1
4185;4326;5;865;1
4186;4327;2;2163;1
4187;4328;4327;1;1
4188;4329;2;2164;1
4189;4330;3;1443;1
4190;4331;2;2165;1
4191;4332;61;71;1
4192;4333;61;71;2
4193;4335;2;2167;1
4194;4336;3;1445;1
4195;4337;2;2168;1
4196;4338;4337;1;1
4197;4339;2;2169;1
4198;4340;4339;1;1
4199;4341;2;2170;1
4200;4342;3;1447;1
4201;4343;2;2171;1
4202;4344;43;101;1
4203;4345;2;2172;1
4204;4346;5;869;1
4205;4347;2;2173;1
4206;4348;3;1449;1
4207;4349;2;2174;1
4208;4350;4349;1;1
4209;4351;2;2175;1
4210;4352;19;229;1
4211;4353;2;2176;1
4212;4354;3;1451;1
4213;4355;2;2177;1
4214;4356;5;871;1
4215;4357;2;2178;1
4216;4358;4357;1;1
4217;4359;2;2179;1
4218;4360;3;1453;1
4219;4361;2;2180;1
4220;4362;7;623;1
4221;4363;2;2181;1
4222;4364;4363;1;1
4223;4365;2;2182;1
4224;4366;3;1455;1
4225;4367;2;2183;1
4226;4368;11;397;1
4227;4369;2;2184;1
4228;4370;17;257;1
4229;4371;2;2185;1
4230;4372;3;1457;1
4231;4373;2;2186;1
4232;4374;4373;1;1
4233;4375;2;2187;1
4234;4376;5;875;1
4235;4377;2;2188;1
4236;4378;3;1459;1
4237;4379;2;2189;1
4238;4380;29;151;1
4239;4381;2;2190;1
4240;4382;13;337;1
4241;4383;2;2191;1
4242;4384;3;1461;1
4243;4385;2;2192;1
4244;4386;5;877;1
4245;4387;2;2193;1
4246;4388;41;107;1
4247;4389;2;2194;1
4248;4390;3;1463;1
4249;4391;2;2195;1
4250;4392;4391;1;1
4251;4393;2;2196;1
4252;4394;23;191;1
4253;4395;2;2197;1
4254;4396;3;1465;1
4255;4397;2;2198;1
4256;4398;4397;1;1
4257;4399;2;2199;1
4258;4400;53;83;1
4259;4401;2;2200;1
4260;4402;3;1467;1
4261;4403;2;2201;1
4262;4404;7;629;1
4263;4405;2;2202;1
4264;4406;5;881;1
4265;4407;2;2203;1
4266;4408;3;1469;1
4267;4409;2;2204;1
4268;4410;4409;1;1
4269;4411;2;2205;1
4270;4412;11;401;1
4271;4413;2;2206;1
4272;4414;3;1471;1
4273;4415;2;2207;1
4274;4416;5;883;1
4275;4417;2;2208;1
4276;4418;7;631;1
4277;4419;2;2209;1
4278;4420;3;1473;1
4279;4421;2;2210;1
4280;4422;4421;1;1
4281;4423;2;2211;1
4282;4424;4423;1;1
4283;4425;2;2212;1
4284;4426;3;1475;1
4285;4427;2;2213;1
4286;4428;19;233;1
4287;4429;2;2214;1
4288;4430;43;103;1
4289;4431;2;2215;1
4290;4432;3;1477;1
4291;4433;2;2216;1
4292;4434;11;403;1
4293;4435;2;2217;1
4294;4436;5;887;1
4295;4437;2;2218;1
4296;4438;3;1479;1
4297;4439;2;2219;1
4298;4440;23;193;1
4299;4441;2;2220;1
4300;4442;4441;1;1
4301;4443;4441;1;2
4302;4445;2;2222;1
4303;4446;5;889;1
4304;4447;2;2223;1
4305;4448;4447;1;1
4306;4449;2;2224;1
4307;4450;3;1483;1
4308;4451;2;2225;1
4309;4452;4451;1;1
4310;4453;2;2226;1
4311;4454;61;73;1
4312;4455;2;2227;1
4313;4456;3;1485;1
4314;4457;2;2228;1
4315;4458;4457;1;1
4316;4459;2;2229;1
4317;4460;7;637;1
4318;4461;2;2230;1
4319;4462;3;1487;1
4320;4463;2;2231;1
4321;4464;4463;1;1
4322;4465;2;2232;1
4323;4466;5;893;1
4324;4467;2;2233;1
4325;4468;3;1489;1
4326;4469;2;2234;1
4327;4470;41;109;1
4328;4471;2;2235;1
4329;4472;17;263;1
4330;4473;2;2236;1
4331;4474;3;1491;1
4332;4475;2;2237;1
4333;4476;5;895;1
4334;4477;2;2238;1
4335;4478;11;407;1
4336;4479;2;2239;1
4337;4480;3;1493;1
4338;4481;2;2240;1
4339;4482;4481;1;1
4340;4483;2;2241;1
4341;4484;4483;1;1
4342;4485;2;2242;1
4343;4486;3;1495;1
4344;4487;2;2243;1
4345;4488;7;641;1
4346;4489;2;2244;1
4347;4490;67;67;1
4348;4491;2;2245;1
4349;4492;3;1497;1
4350;4493;2;2246;1
4351;4494;4493;1;1
4352;4495;2;2247;1
4353;4496;5;899;1
4354;4497;2;2248;1
4355;4498;3;1499;1
4356;4499;2;2249;1
4357;4500;11;409;1
4358;4501;2;2250;1
4359;4502;7;643;1
4360;4503;2;2251;1
4361;4504;3;1501;1
4362;4505;2;2252;1
4363;4506;5;901;1
4364;4507;2;2253;1
4365;4508;4507;1;1
4366;4509;2;2254;1
4367;4510;3;1503;1
4368;4511;2;2255;1
4369;4512;13;347;1
4370;4513;2;2256;1
4371;4514;4513;1;1
4372;4515;2;2257;1
4373;4516;3;1505;1
4374;4517;2;2258;1
4375;4518;4517;1;1
4376;4519;2;2259;1
4377;4520;4519;1;1
4378;4521;2;2260;1
4379;4522;3;1507;1
4380;4523;2;2261;1
4381;4524;4523;1;1
4382;4525;2;2262;1
4383;4526;5;905;1
4384;4527;2;2263;1
4385;4528;3;1509;1
4386;4529;2;2264;1
4387;4530;7;647;1
4388;4531;2;2265;1
4389;4532;23;197;1
4390;4533;2;2266;1
4391;4534;3;1511;1
4392;4535;2;2267;1
4393;4536;5;907;1
4394;4537;2;2268;1
4395;4538;13;349;1
4396;4539;2;2269;1
4397;4540;3;1513;1
4398;4541;2;2270;1
4399;4542;19;239;1
4400;4543;2;2271;1
4401;4544;7;649;1
4402;4545;2;2272;1
4403;4546;3;1515;1
4404;4547;2;2273;1
4405;4548;4547;1;1
4406;4549;2;2274;1
4407;4550;4549;1;1
4408;4551;2;2275;1
4409;4552;3;1517;1
4410;4553;3;1517;2
4411;4555;2;2277;1
4412;4556;5;911;1
4413;4557;2;2278;1
4414;4558;3;1519;1
4415;4559;2;2279;1
4416;4560;47;97;1
4417;4561;2;2280;1
4418;4562;4561;1;1
4419;4563;2;2281;1
4420;4564;3;1521;1
4421;4565;2;2282;1
4422;4566;5;913;1
4423;4567;2;2283;1
4424;4568;4567;1;1
4425;4569;2;2284;1
4426;4570;3;1523;1
4427;4571;2;2285;1
4428;4572;7;653;1
4429;4573;2;2286;1
4430;4574;17;269;1
4431;4575;2;2287;1
4432;4576;3;1525;1
4433;4577;2;2288;1
4434;4578;23;199;1
4435;4579;2;2289;1
4436;4580;19;241;1
4437;4581;2;2290;1
4438;4582;3;1527;1
4439;4583;2;2291;1
4440;4584;4583;1;1
4441;4585;2;2292;1
4442;4586;5;917;1
4443;4587;2;2293;1
4444;4588;3;1529;1
4445;4589;2;2294;1
4446;4590;13;353;1
4447;4591;2;2295;1
4448;4592;4591;1;1
4449;4593;2;2296;1
4450;4594;3;1531;1
4451;4595;2;2297;1
4452;4596;5;919;1
4453;4597;2;2298;1
4454;4598;4597;1;1
4455;4599;2;2299;1
4456;4600;3;1533;1
4457;4601;2;2300;1
4458;4602;43;107;1
4459;4603;2;2301;1
4460;4604;4603;1;1
4461;4605;2;2302;1
4462;4606;3;1535;1
4463;4607;2;2303;1
4464;4608;17;271;1
4465;4609;2;2304;1
4466;4610;11;419;1
4467;4611;2;2305;1
4468;4612;3;1537;1
4469;4613;2;2306;1
4470;4614;7;659;1
4471;4615;2;2307;1
4472;4616;5;923;1
4473;4617;2;2308;1
4474;4618;3;1539;1
4475;4619;2;2309;1
4476;4620;31;149;1
4477;4621;2;2310;1
4478;4622;4621;1;1
4479;4623;2;2311;1
4480;4624;3;1541;1
4481;4625;2;2312;1
4482;4626;5;925;1
4483;4627;2;2313;1
4484;4628;7;661;1
4485;4629;2;2314;1
4486;4630;3;1543;1
4487;4631;2;2315;1
4488;4632;11;421;1
4489;4633;2;2316;1
4490;4634;41;113;1
4491;4635;2;2317;1
4492;4636;3;1545;1
4493;4637;2;2318;1
4494;4638;4637;1;1
4495;4639;2;2319;1
4496;4640;4639;1;1
4497;4641;2;2320;1
4498;4642;3;1547;1
4499;4643;2;2321;1
4500;4644;4643;1;1
4501;4645;2;2322;1
4502;4646;5;929;1
4503;4647;2;2323;1
4504;4648;3;1549;1
4505;4649;2;2324;1
4506;4650;4649;1;1
4507;4651;2;2325;1
4508;4652;4651;1;1
4509;4653;2;2326;1
4510;4654;3;1551;1
4511;4655;2;2327;1
4512;4656;5;931;1
4513;4657;2;2328;1
4514;4658;4657;1;1
4515;4659;2;2329;1
4516;4660;3;1553;1
4517;4661;2;2330;1
4518;4662;59;79;1
4519;4663;59;79;2
4520;4665;2;2332;1
4521;4666;3;1555;1
4522;4667;2;2333;1
4523;4668;13;359;1
4524;4669;2;2334;1
4525;4670;7;667;1
4526;4671;2;2335;1
4527;4672;3;1557;1
4528;4673;2;2336;1
4529;4674;4673;1;1
4530;4675;2;2337;1
4531;4676;5;935;1
4532;4677;2;2338;1
4533;4678;3;1559;1
4534;4679;2;2339;1
4535;4680;4679;1;1
4536;4681;2;2340;1
4537;4682;31;151;1
4538;4683;2;2341;1
4539;4684;3;1561;1
4540;4685;2;2342;1
4541;4686;5;937;1
4542;4687;2;2343;1
4543;4688;43;109;1
4544;4689;2;2344;1
4545;4690;3;1563;1
4546;4691;2;2345;1
4547;4692;4691;1;1
4548;4693;2;2346;1
4549;4694;13;361;1
4550;4695;2;2347;1
4551;4696;3;1565;1
4552;4697;2;2348;1
4553;4698;7;671;1
4554;4699;2;2349;1
4555;4700;37;127;1
4556;4701;2;2350;1
4557;4702;3;1567;1
4558;4703;2;2351;1
4559;4704;4703;1;1
4560;4705;2;2352;1
4561;4706;5;941;1
4562;4707;2;2353;1
4563;4708;3;1569;1
4564;4709;2;2354;1
4565;4710;17;277;1
4566;4711;2;2355;1
4567;4712;7;673;1
4568;4713;2;2356;1
4569;4714;3;1571;1
4570;4715;2;2357;1
4571;4716;5;943;1
4572;4717;2;2358;1
4573;4718;53;89;1
4574;4719;2;2359;1
4575;4720;3;1573;1
4576;4721;2;2360;1
4577;4722;4721;1;1
4578;4723;2;2361;1
4579;4724;4723;1;1
4580;4725;2;2362;1
4581;4726;3;1575;1
4582;4727;2;2363;1
4583;4728;29;163;1
4584;4729;2;2364;1
4585;4730;4729;1;1
4586;4731;2;2365;1
4587;4732;3;1577;1
4588;4733;2;2366;1
4589;4734;4733;1;1
4590;4735;2;2367;1
4591;4736;5;947;1
4592;4737;2;2368;1
4593;4738;3;1579;1
4594;4739;2;2369;1
4595;4740;7;677;1
4596;4741;2;2370;1
4597;4742;11;431;1
4598;4743;2;2371;1
4599;4744;3;1581;1
4600;4745;2;2372;1
4601;4746;5;949;1
4602;4747;2;2373;1
4603;4748;47;101;1
4604;4749;2;2374;1
4605;4750;3;1583;1
4606;4751;2;2375;1
4607;4752;4751;1;1
4608;4753;2;2376;1
4609;4754;7;679;1
4610;4755;2;2377;1
4611;4756;3;1585;1
4612;4757;2;2378;1
4613;4758;67;71;1
4614;4759;2;2379;1
4615;4760;4759;1;1
4616;4761;2;2380;1
4617;4762;3;1587;1
4618;4763;2;2381;1
4619;4764;11;433;1
4620;4765;2;2382;1
4621;4766;5;953;1
4622;4767;2;2383;1
4623;4768;3;1589;1
4624;4769;2;2384;1
4625;4770;19;251;1
4626;4771;2;2385;1
4627;4772;13;367;1
4628;4773;13;367;2
4629;4775;2;2387;1
4630;4776;5;955;1
4631;4777;2;2388;1
4632;4778;17;281;1
4633;4779;2;2389;1
4634;4780;3;1593;1
4635;4781;2;2390;1
4636;4782;7;683;1
4637;4783;2;2391;1
4638;4784;4783;1;1
4639;4785;2;2392;1
4640;4786;3;1595;1
4641;4787;2;2393;1
4642;4788;4787;1;1
4643;4789;2;2394;1
4644;4790;4789;1;1
4645;4791;2;2395;1
4646;4792;3;1597;1
4647;4793;2;2396;1
4648;4794;4793;1;1
4649;4795;2;2397;1
4650;4796;5;959;1
4651;4797;2;2398;1
4652;4798;3;1599;1
4653;4799;2;2399;1
4654;4800;4799;1;1
4655;4801;2;2400;1
4656;4802;4801;1;1
4657;4803;2;2401;1
4658;4804;3;1601;1
4659;4805;2;2402;1
4660;4806;5;961;1
4661;4807;2;2403;1
4662;4808;11;437;1
4663;4809;2;2404;1
4664;4810;3;1603;1
4665;4811;2;2405;1
4666;4812;17;283;1
4667;4813;2;2406;1
4668;4814;4813;1;1
4669;4815;2;2407;1
4670;4816;3;1605;1
4671;4817;2;2408;1
4672;4818;4817;1;1
4673;4819;2;2409;1
4674;4820;61;79;1
4675;4821;2;2410;1
4676;4822;3;1607;1
4677;4823;2;2411;1
4678;4824;7;689;1
4679;4825;2;2412;1
4680;4826;5;965;1
4681;4827;2;2413;1
4682;4828;3;1609;1
4683;4829;2;2414;1
4684;4830;11;439;1
4685;4831;2;2415;1
4686;4832;4831;1;1
4687;4833;2;2416;1
4688;4834;3;1611;1
4689;4835;2;2417;1
4690;4836;5;967;1
4691;4837;2;2418;1
4692;4838;7;691;1
4693;4839;2;2419;1
4694;4840;3;1613;1
4695;4841;2;2420;1
4696;4842;47;103;1
4697;4843;2;2421;1
4698;4844;29;167;1
4699;4845;2;2422;1
4700;4846;3;1615;1
4701;4847;2;2423;1
4702;4848;37;131;1
4703;4849;2;2424;1
4704;4850;13;373;1
4705;4851;2;2425;1
4706;4852;3;1617;1
4707;4853;2;2426;1
4708;4854;23;211;1
4709;4855;2;2427;1
4710;4856;5;971;1
4711;4857;2;2428;1
4712;4858;3;1619;1
4713;4859;2;2429;1
4714;4860;43;113;1
4715;4861;2;2430;1
4716;4862;4861;1;1
4717;4863;2;2431;1
4718;4864;3;1621;1
4719;4865;2;2432;1
4720;4866;5;973;1
4721;4867;2;2433;1
4722;4868;31;157;1
4723;4869;2;2434;1
4724;4870;3;1623;1
4725;4871;2;2435;1
4726;4872;4871;1;1
4727;4873;2;2436;1
4728;4874;11;443;1
4729;4875;2;2437;1
4730;4876;3;1625;1
4731;4877;2;2438;1
4732;4878;4877;1;1
4733;4879;2;2439;1
4734;4880;7;697;1
4735;4881;2;2440;1
4736;4882;3;1627;1
4737;4883;3;1627;2
4738;4885;2;2442;1
4739;4886;5;977;1
4740;4887;2;2443;1
4741;4888;3;1629;1
4742;4889;2;2444;1
4743;4890;4889;1;1
4744;4891;2;2445;1
4745;4892;67;73;1
4746;4893;2;2446;1
4747;4894;3;1631;1
4748;4895;2;2447;1
4749;4896;5;979;1
4750;4897;2;2448;1
4751;4898;59;83;1
4752;4899;2;2449;1
4753;4900;3;1633;1
4754;4901;2;2450;1
4755;4902;13;377;1
4756;4903;2;2451;1
4757;4904;4903;1;1
4758;4905;2;2452;1
4759;4906;3;1635;1
4760;4907;2;2453;1
4761;4908;7;701;1
4762;4909;2;2454;1
4763;4910;4909;1;1
4764;4911;2;2455;1
4765;4912;3;1637;1
4766;4913;2;2456;1
4767;4914;17;289;1
4768;4915;2;2457;1
4769;4916;5;983;1
4770;4917;2;2458;1
4771;4918;3;1639;1
4772;4919;2;2459;1
4773;4920;4919;1;1
4774;4921;2;2460;1
4775;4922;7;703;1
4776;4923;2;2461;1
4777;4924;3;1641;1
4778;4925;2;2462;1
4779;4926;5;985;1
4780;4927;2;2463;1
4781;4928;13;379;1
4782;4929;2;2464;1
4783;4930;3;1643;1
4784;4931;2;2465;1
4785;4932;4931;1;1
4786;4933;2;2466;1
4787;4934;4933;1;1
4788;4935;2;2467;1
4789;4936;3;1645;1
4790;4937;2;2468;1
4791;4938;4937;1;1
4792;4939;2;2469;1
4793;4940;11;449;1
4794;4941;2;2470;1
4795;4942;3;1647;1
4796;4943;2;2471;1
4797;4944;4943;1;1
4798;4945;2;2472;1
4799;4946;5;989;1
4800;4947;2;2473;1
4801;4948;3;1649;1
4802;4949;2;2474;1
4803;4950;7;707;1
4804;4951;2;2475;1
4805;4952;4951;1;1
4806;4953;2;2476;1
4807;4954;3;1651;1
4808;4955;2;2477;1
4809;4956;5;991;1
4810;4957;2;2478;1
4811;4958;4957;1;1
4812;4959;2;2479;1
4813;4960;3;1653;1
4814;4961;2;2480;1
4815;4962;11;451;1
4816;4963;2;2481;1
4817;4964;7;709;1
4818;4965;2;2482;1
4819;4966;3;1655;1
4820;4967;2;2483;1
4821;4968;4967;1;1
4822;4969;2;2484;1
4823;4970;4969;1;1
4824;4971;2;2485;1
4825;4972;3;1657;1
4826;4973;2;2486;1
4827;4974;4973;1;1
4828;4975;2;2487;1
4829;4976;5;995;1
4830;4977;2;2488;1
4831;4978;3;1659;1
4832;4979;2;2489;1
4833;4980;13;383;1
4834;4981;2;2490;1
4835;4982;17;293;1
4836;4983;2;2491;1
4837;4984;3;1661;1
4838;4985;2;2492;1
4839;4986;5;997;1
4840;4987;2;2493;1
4841;4988;4987;1;1
4842;4989;2;2494;1
4843;4990;3;1663;1
4844;4991;2;2495;1
4845;4992;7;713;1
4846;4993;7;713;2
4847;4995;2;2497;1
4848;4996;3;1665;1
4849;4997;2;2498;1
4850;4998;19;263;1
4851;4999;2;2499;1
4852;5000;4999;1;1
4853;5001;2;2500;1
4854;5002;3;1667;1
4855;5003;2;2501;1
4856;5004;41;122;2
4857;5006;5;1001;1
4858;5007;2;2503;1
4859;5008;3;1669;1
4860;5009;2;2504;1
4861;5010;5009;1;1
4862;5011;2;2505;1
4863;5012;5011;1;1
4864;5013;2;2506;1
4865;5014;3;1671;1
4866;5015;2;2507;1
4867;5016;5;1003;1
4868;5017;2;2508;1
4869;5018;29;173;1
4870;5019;2;2509;1
4871;5020;3;1673;1
4872;5021;2;2510;1
4873;5022;5021;1;1
4874;5023;2;2511;1
4875;5024;5023;1;1
4876;5025;2;2512;1
4877;5026;3;1675;1
4878;5027;2;2513;1
4879;5028;11;457;1
4880;5029;2;2514;1
4881;5030;47;107;1
4882;5031;2;2515;1
4883;5032;3;1677;1
4884;5033;2;2516;1
4885;5034;7;719;1
4886;5035;2;2517;1
4887;5036;5;1007;1
4888;5037;2;2518;1
4889;5038;3;1679;1
4890;5039;2;2519;1
4891;5040;5039;1;1
4892;5041;2;2520;1
4893;5042;71;71;1
4894;5043;2;2521;1
4895;5044;3;1681;1
4896;5045;2;2522;1
4897;5046;5;1009;1
4898;5047;2;2523;1
4899;5048;7;721;1
4900;5049;2;2524;1
4901;5050;3;1683;1
4902;5051;2;2525;1
4903;5052;5051;1;1
4904;5053;2;2526;1
4905;5054;31;163;1
4906;5055;2;2527;1
4907;5056;3;1685;1
4908;5057;2;2528;1
4909;5058;13;389;1
4910;5059;2;2529;1
4911;5060;5059;1;1
4912;5061;2;2530;1
4913;5062;3;1687;1
4914;5063;2;2531;1
4915;5064;61;83;1
4916;5065;2;2532;1
4917;5066;5;1013;1
4918;5067;2;2533;1
4919;5068;3;1689;1
4920;5069;2;2534;1
4921;5070;37;137;1
4922;5071;2;2535;1
4923;5072;11;461;1
4924;5073;2;2536;1
4925;5074;3;1691;1
4926;5075;2;2537;1
4927;5076;5;1015;1
4928;5077;2;2538;1
4929;5078;5077;1;1
4930;5079;2;2539;1
4931;5080;3;1693;1
4932;5081;2;2540;1
4933;5082;5081;1;1
4934;5083;2;2541;1
4935;5084;13;391;1
4936;5085;2;2542;1
4937;5086;3;1695;1
4938;5087;2;2543;1
4939;5088;5087;1;1
4940;5089;2;2544;1
4941;5090;7;727;1
4942;5091;2;2545;1
4943;5092;3;1697;1
4944;5093;2;2546;1
4945;5094;11;463;1
4946;5095;2;2547;1
4947;5096;5;1019;1
4948;5097;2;2548;1
4949;5098;3;1699;1
4950;5099;2;2549;1
4951;5100;5099;1;1
4952;5101;2;2550;1
4953;5102;5101;1;1
4954;5103;2;2551;1
4955;5104;3;1701;1
4956;5105;2;2552;1
4957;5106;5;1021;1
4958;5107;2;2553;1
4959;5108;5107;1;1
4960;5109;2;2554;1
4961;5110;3;1703;1
4962;5111;2;2555;1
4963;5112;19;269;1
4964;5113;2;2556;1
4965;5114;3;1704;2
4966;5116;3;1705;1
4967;5117;2;2558;1
4968;5118;7;731;1
4969;5119;2;2559;1
4970;5120;5119;1;1
4971;5121;2;2560;1
4972;5122;3;1707;1
4973;5123;2;2561;1
4974;5124;47;109;1
4975;5125;2;2562;1
4976;5126;5;1025;1
4977;5127;2;2563;1
4978;5128;3;1709;1
4979;5129;2;2564;1
4980;5130;23;223;1
4981;5131;2;2565;1
4982;5132;7;733;1
4983;5133;2;2566;1
4984;5134;3;1711;1
4985;5135;2;2567;1
4986;5136;5;1027;1
4987;5137;2;2568;1
4988;5138;11;467;1
4989;5139;2;2569;1
4990;5140;3;1713;1
4991;5141;2;2570;1
4992;5142;53;97;1
4993;5143;2;2571;1
4994;5144;37;139;1
4995;5145;2;2572;1
4996;5146;3;1715;1
4997;5147;2;2573;1
4998;5148;5147;1;1
4999;5149;2;2574;1
5000;5150;19;271;1
5001;5151;2;2575;1
5002;5152;3;1717;1
5003;5153;2;2576;1
5004;5154;5153;1;1
5005;5155;2;2577;1
5006;5156;5;1031;1
5007;5157;2;2578;1
5008;5158;3;1719;1
5009;5159;2;2579;1
5010;5160;7;737;1
5011;5161;2;2580;1
5012;5162;13;397;1
5013;5163;2;2581;1
5014;5164;3;1721;1
5015;5165;2;2582;1
5016;5166;5;1033;1
5017;5167;2;2583;1
5018;5168;5167;1;1
5019;5169;2;2584;1
5020;5170;3;1723;1
5021;5171;2;2585;1
5022;5172;5171;1;1
5023;5173;2;2586;1
5024;5174;7;739;1
5025;5175;2;2587;1
5026;5176;3;1725;1
5027;5177;2;2588;1
5028;5178;31;167;1
5029;5179;2;2589;1
5030;5180;5179;1;1
5031;5181;2;2590;1
5032;5182;3;1727;1
5033;5183;2;2591;1
5034;5184;71;73;1
5035;5185;2;2592;1
5036;5186;5;1037;1
5037;5187;2;2593;1
5038;5188;3;1729;1
5039;5189;2;2594;1
5040;5190;5189;1;1
5041;5191;2;2595;1
5042;5192;29;179;1
5043;5193;2;2596;1
5044;5194;3;1731;1
5045;5195;2;2597;1
5046;5196;5;1039;1
5047;5197;2;2598;1
5048;5198;5197;1;1
5049;5199;2;2599;1
5050;5200;3;1733;1
5051;5201;2;2600;1
5052;5202;7;743;1
5053;5203;2;2601;1
5054;5204;11;473;1
5055;5205;2;2602;1
5056;5206;3;1735;1
5057;5207;2;2603;1
5058;5208;41;127;1
5059;5209;2;2604;1
5060;5210;5209;1;1
5061;5211;2;2605;1
5062;5212;3;1737;1
5063;5213;2;2606;1
5064;5214;13;401;1
5065;5215;2;2607;1
5066;5216;5;1043;1
5067;5217;2;2608;1
5068;5218;3;1739;1
5069;5219;2;2609;1
5070;5220;17;307;1
5071;5221;2;2610;1
5072;5222;23;227;1
5073;5223;2;2611;1
5074;5224;7;746;2
5075;5226;5;1045;1
5076;5227;2;2613;1
5077;5228;5227;1;1
5078;5229;2;2614;1
5079;5230;3;1743;1
5080;5231;2;2615;1
5081;5232;5231;1;1
5082;5233;2;2616;1
5083;5234;5233;1;1
5084;5235;2;2617;1
5085;5236;3;1745;1
5086;5237;2;2618;1
5087;5238;5237;1;1
5088;5239;2;2619;1
5089;5240;13;403;1
5090;5241;2;2620;1
5091;5242;3;1747;1
5092;5243;2;2621;1
5093;5244;7;749;1
5094;5245;2;2622;1
5095;5246;5;1049;1
5096;5247;2;2623;1
5097;5248;3;1749;1
5098;5249;2;2624;1
5099;5250;29;181;1
5100;5251;2;2625;1
5101;5252;59;89;1
5102;5253;2;2626;1
5103;5254;3;1751;1
5104;5255;2;2627;1
5105;5256;5;1051;1
5106;5257;2;2628;1
5107;5258;7;751;1
5108;5259;2;2629;1
5109;5260;3;1753;1
5110;5261;2;2630;1
5111;5262;5261;1;1
5112;5263;2;2631;1
5113;5264;19;277;1
5114;5265;2;2632;1
5115;5266;3;1755;1
5116;5267;2;2633;1
5117;5268;23;229;1
5118;5269;2;2634;1
5119;5270;11;479;1
5120;5271;2;2635;1
5121;5272;3;1757;1
5122;5273;2;2636;1
5123;5274;5273;1;1
5124;5275;2;2637;1
5125;5276;5;1055;1
5126;5277;2;2638;1
5127;5278;3;1759;1
5128;5279;2;2639;1
5129;5280;5279;1;1
5130;5281;2;2640;1
5131;5282;5281;1;1
5132;5283;2;2641;1
5133;5284;3;1761;1
5134;5285;2;2642;1
5135;5286;5;1057;1
5136;5287;2;2643;1
5137;5288;17;311;1
5138;5289;2;2644;1
5139;5290;3;1763;1
5140;5291;2;2645;1
5141;5292;11;481;1
5142;5293;2;2646;1
5143;5294;67;79;1
5144;5295;2;2647;1
5145;5296;3;1765;1
5146;5297;2;2648;1
5147;5298;5297;1;1
5148;5299;2;2649;1
5149;5300;7;757;1
5150;5301;2;2650;1
5151;5302;3;1767;1
5152;5303;2;2651;1
5153;5304;5303;1;1
5154;5305;2;2652;1
5155;5306;5;1061;1
5156;5307;2;2653;1
5157;5308;3;1769;1
5158;5309;2;2654;1
5159;5310;5309;1;1
5160;5311;2;2655;1
5161;5312;47;113;1
5162;5313;2;2656;1
5163;5314;3;1771;1
5164;5315;2;2657;1
5165;5316;5;1063;1
5166;5317;2;2658;1
5167;5318;13;409;1
5168;5319;2;2659;1
5169;5320;3;1773;1
5170;5321;2;2660;1
5171;5322;17;313;1
5172;5323;2;2661;1
5173;5324;5323;1;1
5174;5325;2;2662;1
5175;5326;3;1775;1
5176;5327;2;2663;1
5177;5328;7;761;1
5178;5329;2;2664;1
5179;5330;73;73;1
5180;5331;2;2665;1
5181;5332;3;1777;1
5182;5333;2;2666;1
5183;5334;4;1333;2
5184;5336;5;1067;1
5185;5337;2;2668;1
5186;5338;3;1779;1
5187;5339;2;2669;1
5188;5340;19;281;1
5189;5341;2;2670;1
5190;5342;7;763;1
5191;5343;2;2671;1
5192;5344;3;1781;1
5193;5345;2;2672;1
5194;5346;5;1069;1
5195;5347;2;2673;1
5196;5348;5347;1;1
5197;5349;2;2674;1
5198;5350;3;1783;1
5199;5351;2;2675;1
5200;5352;5351;1;1
5201;5353;2;2676;1
5202;5354;53;101;1
5203;5355;2;2677;1
5204;5356;3;1785;1
5205;5357;2;2678;1
5206;5358;11;487;1
5207;5359;2;2679;1
5208;5360;23;233;1
5209;5361;2;2680;1
5210;5362;3;1787;1
5211;5363;2;2681;1
5212;5364;31;173;1
5213;5365;2;2682;1
5214;5366;5;1073;1
5215;5367;2;2683;1
5216;5368;3;1789;1
5217;5369;2;2684;1
5218;5370;7;767;1
5219;5371;2;2685;1
5220;5372;41;131;1
5221;5373;2;2686;1
5222;5374;3;1791;1
5223;5375;2;2687;1
5224;5376;5;1075;1
5225;5377;2;2688;1
5226;5378;19;283;1
5227;5379;2;2689;1
5228;5380;3;1793;1
5229;5381;2;2690;1
5230;5382;5381;1;1
5231;5383;2;2691;1
5232;5384;7;769;1
5233;5385;2;2692;1
5234;5386;3;1795;1
5235;5387;2;2693;1
5236;5388;5387;1;1
5237;5389;2;2694;1
5238;5390;17;317;1
5239;5391;2;2695;1
5240;5392;3;1797;1
5241;5393;2;2696;1
5242;5394;5393;1;1
5243;5395;2;2697;1
5244;5396;5;1079;1
5245;5397;2;2698;1
5246;5398;3;1799;1
5247;5399;2;2699;1
5248;5400;5399;1;1
5249;5401;2;2700;1
5250;5402;11;491;1
5251;5403;2;2701;1
5252;5404;3;1801;1
5253;5405;2;2702;1
5254;5406;5;1081;1
5255;5407;2;2703;1
5256;5408;5407;1;1
5257;5409;2;2704;1
5258;5410;3;1803;1
5259;5411;2;2705;1
5260;5412;7;773;1
5261;5413;2;2706;1
5262;5414;5413;1;1
5263;5415;2;2707;1
5264;5416;3;1805;1
5265;5417;2;2708;1
5266;5418;5417;1;1
5267;5419;2;2709;1
5268;5420;5419;1;1
5269;5421;2;2710;1
5270;5422;3;1807;1
5271;5423;2;2711;1
5272;5424;11;493;1
5273;5425;2;2712;1
5274;5426;5;1085;1
5275;5427;2;2713;1
5276;5428;3;1809;1
5277;5429;2;2714;1
5278;5430;61;89;1
5279;5431;2;2715;1
5280;5432;5431;1;1
5281;5433;2;2716;1
5282;5434;3;1811;1
5283;5435;2;2717;1
5284;5436;5;1087;1
5285;5437;2;2718;1
5286;5438;5437;1;1
5287;5439;2;2719;1
5288;5440;3;1813;1
5289;5441;2;2720;1
5290;5442;5441;1;1
5291;5443;2;2721;1
5292;5444;3;1814;2
5293;5446;3;1815;1
5294;5447;2;2723;1
5295;5448;13;419;1
5296;5449;2;2724;1
5297;5450;5449;1;1
5298;5451;2;2725;1
5299;5452;3;1817;1
5300;5453;2;2726;1
5301;5454;7;779;1
5302;5455;2;2727;1
5303;5456;5;1091;1
5304;5457;2;2728;1
5305;5458;3;1819;1
5306;5459;2;2729;1
5307;5460;53;103;1
5308;5461;2;2730;1
5309;5462;43;127;1
5310;5463;2;2731;1
5311;5464;3;1821;1
5312;5465;2;2732;1
5313;5466;5;1093;1
5314;5467;2;2733;1
5315;5468;7;781;1
5316;5469;2;2734;1
5317;5470;3;1823;1
5318;5471;2;2735;1
5319;5472;5471;1;1
5320;5473;2;2736;1
5321;5474;13;421;1
5322;5475;2;2737;1
5323;5476;3;1825;1
5324;5477;2;2738;1
5325;5478;5477;1;1
5326;5479;2;2739;1
5327;5480;5479;1;1
5328;5481;2;2740;1
5329;5482;3;1827;1
5330;5483;2;2741;1
5331;5484;5483;1;1
5332;5485;2;2742;1
5333;5486;5;1097;1
5334;5487;2;2743;1
5335;5488;3;1829;1
5336;5489;2;2744;1
5337;5490;11;499;1
5338;5491;2;2745;1
5339;5492;17;323;1
5340;5493;2;2746;1
5341;5494;3;1831;1
5342;5495;2;2747;1
5343;5496;5;1099;1
5344;5497;2;2748;1
5345;5498;23;239;1
5346;5499;2;2749;1
5347;5500;3;1833;1
5348;5501;2;2750;1
5349;5502;5501;1;1
5350;5503;2;2751;1
5351;5504;5503;1;1
5352;5505;2;2752;1
5353;5506;3;1835;1
5354;5507;2;2753;1
5355;5508;5507;1;1
5356;5509;2;2754;1
5357;5510;7;787;1
5358;5511;2;2755;1
5359;5512;3;1837;1
5360;5513;2;2756;1
5361;5514;37;149;1
5362;5515;2;2757;1
5363;5516;5;1103;1
5364;5517;2;2758;1
5365;5518;3;1839;1
5366;5519;2;2759;1
5367;5520;5519;1;1
5368;5521;2;2760;1
5369;5522;5521;1;1
5370;5523;2;2761;1
5371;5524;3;1841;1
5372;5525;2;2762;1
5373;5526;5;1105;1
5374;5527;2;2763;1
5375;5528;5527;1;1
5376;5529;2;2764;1
5377;5530;3;1843;1
5378;5531;2;2765;1
5379;5532;5531;1;1
5380;5533;2;2766;1
5381;5534;11;503;1
5382;5535;2;2767;1
5383;5536;3;1845;1
5384;5537;2;2768;1
5385;5538;7;791;1
5386;5539;2;2769;1
5387;5540;29;191;1
5388;5541;2;2770;1
5389;5542;3;1847;1
5390;5543;2;2771;1
5391;5544;23;241;1
5392;5545;2;2772;1
5393;5546;5;1109;1
5394;5547;2;2773;1
5395;5548;3;1849;1
5396;5549;2;2774;1
5397;5550;31;179;1
5398;5551;2;2775;1
5399;5552;7;793;1
5400;5553;2;2776;1
5401;5554;4;1388;2
5402;5556;5;1111;1
5403;5557;2;2778;1
5404;5558;5557;1;1
5405;5559;2;2779;1
5406;5560;3;1853;1
5407;5561;2;2780;1
5408;5562;67;83;1
5409;5563;2;2781;1
5410;5564;5563;1;1
5411;5565;2;2782;1
5412;5566;3;1855;1
5413;5567;2;2783;1
5414;5568;19;293;1
5415;5569;2;2784;1
5416;5570;5569;1;1
5417;5571;2;2785;1
5418;5572;3;1857;1
5419;5573;2;2786;1
5420;5574;5573;1;1
5421;5575;2;2787;1
5422;5576;5;1115;1
5423;5577;2;2788;1
5424;5578;3;1859;1
5425;5579;2;2789;1
5426;5580;7;797;1
5427;5581;2;2790;1
5428;5582;5581;1;1
5429;5583;2;2791;1
5430;5584;3;1861;1
5431;5585;2;2792;1
5432;5586;5;1117;1
5433;5587;2;2793;1
5434;5588;37;151;1
5435;5589;2;2794;1
5436;5590;3;1863;1
5437;5591;2;2795;1
5438;5592;5591;1;1
5439;5593;2;2796;1
5440;5594;7;799;1
5441;5595;2;2797;1
5442;5596;3;1865;1
5443;5597;2;2798;1
5444;5598;29;193;1
5445;5599;2;2799;1
5446;5600;11;509;1
5447;5601;2;2800;1
5448;5602;3;1867;1
5449;5603;2;2801;1
5450;5604;13;431;1
5451;5605;2;2802;1
5452;5606;5;1121;1
5453;5607;2;2803;1
5454;5608;3;1869;1
5455;5609;2;2804;1
5456;5610;71;79;1
5457;5611;2;2805;1
5458;5612;31;181;1
5459;5613;2;2806;1
5460;5614;3;1871;1
5461;5615;2;2807;1
5462;5616;5;1123;1
5463;5617;2;2808;1
5464;5618;41;137;1
5465;5619;2;2809;1
5466;5620;3;1873;1
5467;5621;2;2810;1
5468;5622;7;803;1
5469;5623;2;2811;1
5470;5624;5623;1;1
5471;5625;2;2812;1
5472;5626;3;1875;1
5473;5627;2;2813;1
5474;5628;17;331;1
5475;5629;2;2814;1
5476;5630;13;433;1
5477;5631;2;2815;1
5478;5632;3;1877;1
5479;5633;2;2816;1
5480;5634;43;131;1
5481;5635;2;2817;1
5482;5636;5;1127;1
5483;5637;2;2818;1
5484;5638;3;1879;1
5485;5639;2;2819;1
5486;5640;5639;1;1
5487;5641;2;2820;1
5488;5642;5641;1;1
5489;5643;2;2821;1
5490;5644;3;1881;1
5491;5645;2;2822;1
5492;5646;5;1129;1
5493;5647;2;2823;1
5494;5648;5647;1;1
5495;5649;2;2824;1
5496;5650;3;1883;1
5497;5651;2;2825;1
5498;5652;5651;1;1
5499;5653;2;2826;1
5500;5654;5653;1;1
5501;5655;2;2827;1
5502;5656;3;1885;1
5503;5657;2;2828;1
5504;5658;5657;1;1
5505;5659;2;2829;1
5506;5660;5659;1;1
5507;5661;2;2830;1
5508;5662;3;1887;1
5509;5663;2;2831;1
5510;5664;19;298;2
5511;5666;5;1133;1
5512;5667;2;2833;1
5513;5668;3;1889;1
5514;5669;2;2834;1
5515;5670;5669;1;1
5516;5671;2;2835;1
5517;5672;53;107;1
5518;5673;2;2836;1
5519;5674;3;1891;1
5520;5675;2;2837;1
5521;5676;5;1135;1
5522;5677;2;2838;1
5523;5678;7;811;1
5524;5679;2;2839;1
5525;5680;3;1893;1
5526;5681;2;2840;1
5527;5682;13;437;1
5528;5683;2;2841;1
5529;5684;5683;1;1
5530;5685;2;2842;1
5531;5686;3;1895;1
5532;5687;2;2843;1
5533;5688;11;517;1
5534;5689;2;2844;1
5535;5690;5689;1;1
5536;5691;2;2845;1
5537;5692;3;1897;1
5538;5693;2;2846;1
5539;5694;5693;1;1
5540;5695;2;2847;1
5541;5696;5;1139;1
5542;5697;2;2848;1
5543;5698;3;1899;1
5544;5699;2;2849;1
5545;5700;41;139;1
5546;5701;2;2850;1
5547;5702;5701;1;1
5548;5703;2;2851;1
5549;5704;3;1901;1
5550;5705;2;2852;1
5551;5706;5;1141;1
5552;5707;2;2853;1
5553;5708;13;439;1
5554;5709;2;2854;1
5555;5710;3;1903;1
5556;5711;2;2855;1
5557;5712;5711;1;1
5558;5713;2;2856;1
5559;5714;29;197;1
5560;5715;2;2857;1
5561;5716;3;1905;1
5562;5717;2;2858;1
5563;5718;5717;1;1
5564;5719;2;2859;1
5565;5720;7;817;1
5566;5721;2;2860;1
5567;5722;3;1907;1
5568;5723;2;2861;1
5569;5724;59;97;1
5570;5725;2;2862;1
5571;5726;5;1145;1
5572;5727;2;2863;1
5573;5728;3;1909;1
5574;5729;2;2864;1
5575;5730;17;337;1
5576;5731;2;2865;1
5577;5732;11;521;1
5578;5733;2;2866;1
5579;5734;3;1911;1
5580;5735;2;2867;1
5581;5736;5;1147;1
5582;5737;2;2868;1
5583;5738;5737;1;1
5584;5739;2;2869;1
5585;5740;3;1913;1
5586;5741;2;2870;1
5587;5742;5741;1;1
5588;5743;2;2871;1
5589;5744;5743;1;1
5590;5745;2;2872;1
5591;5746;3;1915;1
5592;5747;2;2873;1
5593;5748;7;821;1
5594;5749;2;2874;1
5595;5750;5749;1;1
5596;5751;2;2875;1
5597;5752;3;1917;1
5598;5753;2;2876;1
5599;5754;11;523;1
5600;5755;2;2877;1
5601;5756;5;1151;1
5602;5757;2;2878;1
5603;5758;3;1919;1
5604;5759;2;2879;1
5605;5760;13;443;1
5606;5761;2;2880;1
5607;5762;7;823;1
5608;5763;2;2881;1
5609;5764;3;1921;1
5610;5765;2;2882;1
5611;5766;5;1153;1
5612;5767;2;2883;1
5613;5768;73;79;1
5614;5769;2;2884;1
5615;5770;3;1923;1
5616;5771;2;2885;1
5617;5772;29;199;1
5618;5773;2;2886;1
5619;5774;3;1924;2
5620;5776;3;1925;1
5621;5777;2;2888;1
5622;5778;53;109;1
5623;5779;2;2889;1
5624;5780;5779;1;1
5625;5781;2;2890;1
5626;5782;3;1927;1
5627;5783;2;2891;1
5628;5784;5783;1;1
5629;5785;2;2892;1
5630;5786;5;1157;1
5631;5787;2;2893;1
5632;5788;3;1929;1
5633;5789;2;2894;1
5634;5790;7;827;1
5635;5791;2;2895;1
5636;5792;5791;1;1
5637;5793;2;2896;1
5638;5794;3;1931;1
5639;5795;2;2897;1
5640;5796;5;1159;1
5641;5797;2;2898;1
5642;5798;11;527;1
5643;5799;2;2899;1
5644;5800;3;1933;1
5645;5801;2;2900;1
5646;5802;5801;1;1
5647;5803;2;2901;1
5648;5804;7;829;1
5649;5805;2;2902;1
5650;5806;3;1935;1
5651;5807;2;2903;1
5652;5808;5807;1;1
5653;5809;2;2904;1
5654;5810;37;157;1
5655;5811;2;2905;1
5656;5812;3;1937;1
5657;5813;2;2906;1
5658;5814;5813;1;1
5659;5815;2;2907;1
5660;5816;5;1163;1
5661;5817;2;2908;1
5662;5818;3;1939;1
5663;5819;2;2909;1
5664;5820;11;529;1
5665;5821;2;2910;1
5666;5822;5821;1;1
5667;5823;2;2911;1
5668;5824;3;1941;1
5669;5825;2;2912;1
5670;5826;5;1165;1
5671;5827;2;2913;1
5672;5828;5827;1;1
5673;5829;2;2914;1
5674;5830;3;1943;1
5675;5831;2;2915;1
5676;5832;7;833;1
5677;5833;2;2916;1
5678;5834;19;307;1
5679;5835;2;2917;1
5680;5836;3;1945;1
5681;5837;2;2918;1
5682;5838;13;449;1
5683;5839;2;2919;1
5684;5840;5839;1;1
5685;5841;2;2920;1
5686;5842;3;1947;1
5687;5843;2;2921;1
5688;5844;5843;1;1
5689;5845;2;2922;1
5690;5846;5;1169;1
5691;5847;2;2923;1
5692;5848;3;1949;1
5693;5849;2;2924;1
5694;5850;5849;1;1
5695;5851;2;2925;1
5696;5852;5851;1;1
5697;5853;2;2926;1
5698;5854;3;1951;1
5699;5855;2;2927;1
5700;5856;5;1171;1
5701;5857;2;2928;1
5702;5858;5857;1;1
5703;5859;2;2929;1
5704;5860;3;1953;1
5705;5861;2;2930;1
5706;5862;5861;1;1
5707;5863;2;2931;1
5708;5864;11;533;1
5709;5865;2;2932;1
5710;5866;3;1955;1
5711;5867;2;2933;1
5712;5868;5867;1;1
5713;5869;2;2934;1
5714;5870;5869;1;1
5715;5871;2;2935;1
5716;5872;3;1957;1
5717;5873;2;2936;1
5718;5874;7;839;1
5719;5875;2;2937;1
5720;5876;5;1175;1
5721;5877;2;2938;1
5722;5878;3;1959;1
5723;5879;2;2939;1
5724;5880;5879;1;1
5725;5881;2;2940;1
5726;5882;5881;1;1
5727;5883;2;2941;1
5728;5884;17;346;2
5729;5886;5;1177;1
5730;5887;2;2943;1
5731;5888;7;841;1
5732;5889;2;2944;1
5733;5890;3;1963;1
5734;5891;2;2945;1
5735;5892;43;137;1
5736;5893;2;2946;1
5737;5894;71;83;1
5738;5895;2;2947;1
5739;5896;3;1965;1
5740;5897;2;2948;1
5741;5898;5897;1;1
5742;5899;2;2949;1
5743;5900;17;347;1
5744;5901;2;2950;1
5745;5902;3;1967;1
5746;5903;2;2951;1
5747;5904;5903;1;1
5748;5905;2;2952;1
5749;5906;5;1181;1
5750;5907;2;2953;1
5751;5908;3;1969;1
5752;5909;2;2954;1
5753;5910;19;311;1
5754;5911;2;2955;1
5755;5912;23;257;1
5756;5913;2;2956;1
5757;5914;3;1971;1
5758;5915;2;2957;1
5759;5916;5;1183;1
5760;5917;2;2958;1
5761;5918;61;97;1
5762;5919;2;2959;1
5763;5920;3;1973;1
5764;5921;2;2960;1
5765;5922;31;191;1
5766;5923;2;2961;1
5767;5924;5923;1;1
5768;5925;2;2962;1
5769;5926;3;1975;1
5770;5927;2;2963;1
5771;5928;5927;1;1
5772;5929;2;2964;1
5773;5930;7;847;1
5774;5931;2;2965;1
5775;5932;3;1977;1
5776;5933;2;2966;1
5777;5934;17;349;1
5778;5935;2;2967;1
5779;5936;5;1187;1
5780;5937;2;2968;1
5781;5938;3;1979;1
5782;5939;2;2969;1
5783;5940;5939;1;1
5784;5941;2;2970;1
5785;5942;13;457;1
5786;5943;2;2971;1
5787;5944;3;1981;1
5788;5945;2;2972;1
5789;5946;5;1189;1
5790;5947;2;2973;1
5791;5948;19;313;1
5792;5949;2;2974;1
5793;5950;3;1983;1
5794;5951;2;2975;1
5795;5952;11;541;1
5796;5953;2;2976;1
5797;5954;5953;1;1
5798;5955;2;2977;1
5799;5956;3;1985;1
5800;5957;2;2978;1
5801;5958;7;851;1
5802;5959;2;2979;1
5803;5960;59;101;1
5804;5961;2;2980;1
5805;5962;3;1987;1
5806;5963;2;2981;1
5807;5964;67;89;1
5808;5965;2;2982;1
5809;5966;5;1193;1
5810;5967;2;2983;1
5811;5968;3;1989;1
5812;5969;2;2984;1
5813;5970;47;127;1
5814;5971;2;2985;1
5815;5972;7;853;1
5816;5973;2;2986;1
5817;5974;3;1991;1
5818;5975;2;2987;1
5819;5976;5;1195;1
5820;5977;2;2988;1
5821;5978;43;139;1
5822;5979;2;2989;1
5823;5980;3;1993;1
5824;5981;2;2990;1
5825;5982;5981;1;1
5826;5983;2;2991;1
5827;5984;31;193;1
5828;5985;2;2992;1
5829;5986;3;1995;1
5830;5987;2;2993;1
5831;5988;5987;1;1
5832;5989;2;2994;1
5833;5990;53;113;1
5834;5991;2;2995;1
5835;5992;3;1997;1
5836;5993;2;2996;1
5837;5994;4;1498;2
5838;5996;5;1199;1
5839;5997;2;2998;1
5840;5998;3;1999;1
5841;5999;2;2999;1
5842;6000;7;857;1
5843;6001;2;3000;1
5844;6002;17;353;1
5845;6003;2;3001;1
5846;6004;3;2001;1
5847;6005;3;2001;2
5848;6007;2;3003;1
5849;6008;6007;1;1
5850;6009;2;3004;1
5851;6010;3;2003;1
5852;6011;2;3005;1
5853;6012;6011;1;1
5854;6013;2;3006;1
5855;6014;7;859;1
5856;6015;2;3007;1
5857;6016;3;2005;1
5858;6017;2;3008;1
5859;6018;11;547;1
5860;6019;2;3009;1
5861;6020;13;463;1
5862;6021;2;3010;1
5863;6022;3;2007;1
5864;6023;2;3011;1
5865;6024;19;317;1
5866;6025;2;3012;1
5867;6026;5;1205;1
5868;6027;2;3013;1
5869;6028;3;2009;1
5870;6029;2;3014;1
5871;6030;6029;1;1
5872;6031;2;3015;1
5873;6032;37;163;1
5874;6033;2;3016;1
5875;6034;3;2011;1
5876;6035;2;3017;1
5877;6036;5;1207;1
5878;6037;2;3018;1
5879;6038;6037;1;1
5880;6039;2;3019;1
5881;6040;3;2013;1
5882;6041;2;3020;1
5883;6042;7;863;1
5884;6043;2;3021;1
5885;6044;6043;1;1
5886;6045;2;3022;1
5887;6046;3;2015;1
5888;6047;2;3023;1
5889;6048;6047;1;1
5890;6049;2;3024;1
5891;6050;23;263;1
5892;6051;2;3025;1
5893;6052;3;2017;1
5894;6053;2;3026;1
5895;6054;6053;1;1
5896;6055;2;3027;1
5897;6056;5;1211;1
5898;6057;2;3028;1
5899;6058;3;2019;1
5900;6059;2;3029;1
5901;6060;73;83;1
5902;6061;2;3030;1
5903;6062;11;551;1
5904;6063;2;3031;1
5905;6064;3;2021;1
5906;6065;2;3032;1
5907;6066;5;1213;1
5908;6067;2;3033;1
5909;6068;6067;1;1
5910;6069;2;3034;1
5911;6070;3;2023;1
5912;6071;2;3035;1
5913;6072;13;467;1
5914;6073;2;3036;1
5915;6074;6073;1;1
5916;6075;2;3037;1
5917;6076;3;2025;1
5918;6077;2;3038;1
5919;6078;59;103;1
5920;6079;2;3039;1
5921;6080;6079;1;1
5922;6081;2;3040;1
5923;6082;3;2027;1
5924;6083;2;3041;1
5925;6084;7;869;1
5926;6085;2;3042;1
5927;6086;5;1217;1
5928;6087;2;3043;1
5929;6088;3;2029;1
5930;6089;2;3044;1
5931;6090;6089;1;1
5932;6091;2;3045;1
5933;6092;6091;1;1
5934;6093;2;3046;1
5935;6094;3;2031;1
5936;6095;2;3047;1
5937;6096;5;1219;1
5938;6097;2;3048;1
5939;6098;7;871;1
5940;6099;2;3049;1
5941;6100;3;2033;1
5942;6101;2;3050;1
5943;6102;6101;1;1
5944;6103;2;3051;1
5945;6104;17;359;1
5946;6105;2;3052;1
5947;6106;3;2035;1
5948;6107;2;3053;1
5949;6108;31;197;1
5950;6109;2;3054;1
5951;6110;41;149;1
5952;6111;2;3055;1
5953;6112;3;2037;1
5954;6113;2;3056;1
5955;6114;6113;1;1
5956;6115;6113;1;2
5957;6117;2;3058;1
5958;6118;3;2039;1
5959;6119;2;3059;1
5960;6120;29;211;1
5961;6121;2;3060;1
5962;6122;6121;1;1
5963;6123;2;3061;1
5964;6124;3;2041;1
5965;6125;2;3062;1
5966;6126;5;1225;1
5967;6127;2;3063;1
5968;6128;11;557;1
5969;6129;2;3064;1
5970;6130;3;2043;1
5971;6131;2;3065;1
5972;6132;6131;1;1
5973;6133;2;3066;1
5974;6134;6133;1;1
5975;6135;2;3067;1
5976;6136;3;2045;1
5977;6137;2;3068;1
5978;6138;17;361;1
5979;6139;2;3069;1
5980;6140;7;877;1
5981;6141;2;3070;1
5982;6142;3;2047;1
5983;6143;2;3071;1
5984;6144;6143;1;1
5985;6145;2;3072;1
5986;6146;5;1229;1
5987;6147;2;3073;1
5988;6148;3;2049;1
5989;6149;2;3074;1
5990;6150;11;559;1
5991;6151;2;3075;1
5992;6152;6151;1;1
5993;6153;2;3076;1
5994;6154;3;2051;1
5995;6155;2;3077;1
5996;6156;5;1231;1
5997;6157;2;3078;1
5998;6158;47;131;1
5999;6159;2;3079;1
6000;6160;3;2053;1
6001;6161;2;3080;1
6002;6162;61;101;1
6003;6163;2;3081;1
6004;6164;6163;1;1
6005;6165;2;3082;1
6006;6166;3;2055;1
6007;6167;2;3083;1
6008;6168;7;881;1
6009;6169;2;3084;1
6010;6170;31;199;1
6011;6171;2;3085;1
6012;6172;3;2057;1
6013;6173;2;3086;1
6014;6174;6173;1;1
6015;6175;2;3087;1
6016;6176;5;1235;1
6017;6177;2;3088;1
6018;6178;3;2059;1
6019;6179;2;3089;1
6020;6180;37;167;1
6021;6181;2;3090;1
6022;6182;7;883;1
6023;6183;2;3091;1
6024;6184;3;2061;1
6025;6185;2;3092;1
6026;6186;5;1237;1
6027;6187;2;3093;1
6028;6188;23;269;1
6029;6189;2;3094;1
6030;6190;3;2063;1
6031;6191;2;3095;1
6032;6192;41;151;1
6033;6193;2;3096;1
6034;6194;11;563;1
6035;6195;2;3097;1
6036;6196;3;2065;1
6037;6197;2;3098;1
6038;6198;6197;1;1
6039;6199;2;3099;1
6040;6200;6199;1;1
6041;6201;2;3100;1
6042;6202;3;2067;1
6043;6203;2;3101;1
6044;6204;6203;1;1
6045;6205;2;3102;1
6046;6206;5;1241;1
6047;6207;2;3103;1
6048;6208;3;2069;1
6049;6209;2;3104;1
6050;6210;7;887;1
6051;6211;2;3105;1
6052;6212;6211;1;1
6053;6213;2;3106;1
6054;6214;3;2071;1
6055;6215;2;3107;1
6056;6216;5;1243;1
6057;6217;2;3108;1
6058;6218;6217;1;1
6059;6219;2;3109;1
6060;6220;3;2073;1
6061;6221;2;3110;1
6062;6222;6221;1;1
6063;6223;2;3111;1
6064;6224;7;889;1
6065;6225;7;889;2
6066;6227;2;3113;1
6067;6228;13;479;1
6068;6229;2;3114;1
6069;6230;6229;1;1
6070;6231;2;3115;1
6071;6232;3;2077;1
6072;6233;2;3116;1
6073;6234;23;271;1
6074;6235;2;3117;1
6075;6236;5;1247;1
6076;6237;2;3118;1
6077;6238;3;2079;1
6078;6239;2;3119;1
6079;6240;17;367;1
6080;6241;2;3120;1
6081;6242;79;79;1
6082;6243;2;3121;1
6083;6244;3;2081;1
6084;6245;2;3122;1
6085;6246;5;1249;1
6086;6247;2;3123;1
6087;6248;6247;1;1
6088;6249;2;3124;1
6089;6250;3;2083;1
6090;6251;2;3125;1
6091;6252;7;893;1
6092;6253;2;3126;1
6093;6254;13;481;1
6094;6255;2;3127;1
6095;6256;3;2085;1
6096;6257;2;3128;1
6097;6258;6257;1;1
6098;6259;2;3129;1
6099;6260;11;569;1
6100;6261;2;3130;1
6101;6262;3;2087;1
6102;6263;2;3131;1
6103;6264;6263;1;1
6104;6265;2;3132;1
6105;6266;5;1253;1
6106;6267;2;3133;1
6107;6268;3;2089;1
6108;6269;2;3134;1
6109;6270;6269;1;1
6110;6271;2;3135;1
6111;6272;6271;1;1
6112;6273;2;3136;1
6113;6274;3;2091;1
6114;6275;2;3137;1
6115;6276;5;1255;1
6116;6277;2;3138;1
6117;6278;6277;1;1
6118;6279;2;3139;1
6119;6280;3;2093;1
6120;6281;2;3140;1
6121;6282;11;571;1
6122;6283;2;3141;1
6123;6284;61;103;1
6124;6285;2;3142;1
6125;6286;3;2095;1
6126;6287;2;3143;1
6127;6288;6287;1;1
6128;6289;2;3144;1
6129;6290;19;331;1
6130;6291;2;3145;1
6131;6292;3;2097;1
6132;6293;2;3146;1
6133;6294;7;899;1
6134;6295;2;3147;1
6135;6296;5;1259;1
6136;6297;2;3148;1
6137;6298;3;2099;1
6138;6299;2;3149;1
6139;6300;6299;1;1
6140;6301;2;3150;1
6141;6302;6301;1;1
6142;6303;2;3151;1
6143;6304;3;2101;1
6144;6305;2;3152;1
6145;6306;5;1261;1
6146;6307;2;3153;1
6147;6308;7;901;1
6148;6309;2;3154;1
6149;6310;3;2103;1
6150;6311;2;3155;1
6151;6312;6311;1;1
6152;6313;2;3156;1
6153;6314;59;107;1
6154;6315;2;3157;1
6155;6316;3;2105;1
6156;6317;2;3158;1
6157;6318;6317;1;1
6158;6319;2;3159;1
6159;6320;71;89;1
6160;6321;2;3160;1
6161;6322;3;2107;1
6162;6323;2;3161;1
6163;6324;6323;1;1
6164;6325;2;3162;1
6165;6326;5;1265;1
6166;6327;2;3163;1
6167;6328;3;2109;1
6168;6329;2;3164;1
6169;6330;6329;1;1
6170;6331;2;3165;1
6171;6332;13;487;1
6172;6333;2;3166;1
6173;6334;3;2111;1
6174;6335;3;2111;2
6175;6337;2;3168;1
6176;6338;6337;1;1
6177;6339;2;3169;1
6178;6340;3;2113;1
6179;6341;2;3170;1
6180;6342;17;373;1
6181;6343;2;3171;1
6182;6344;6343;1;1
6183;6345;2;3172;1
6184;6346;3;2115;1
6185;6347;2;3173;1
6186;6348;11;577;1
6187;6349;2;3174;1
6188;6350;7;907;1
6189;6351;2;3175;1
6190;6352;3;2117;1
6191;6353;2;3176;1
6192;6354;6353;1;1
6193;6355;2;3177;1
6194;6356;5;1271;1
6195;6357;2;3178;1
6196;6358;3;2119;1
6197;6359;2;3179;1
6198;6360;6359;1;1
6199;6361;2;3180;1
6200;6362;6361;1;1
6201;6363;2;3181;1
6202;6364;3;2121;1
6203;6365;2;3182;1
6204;6366;5;1273;1
6205;6367;2;3183;1
6206;6368;6367;1;1
6207;6369;2;3184;1
6208;6370;3;2123;1
6209;6371;2;3185;1
6210;6372;23;277;1
6211;6373;2;3186;1
6212;6374;6373;1;1
6213;6375;2;3187;1
6214;6376;3;2125;1
6215;6377;2;3188;1
6216;6378;7;911;1
6217;6379;2;3189;1
6218;6380;6379;1;1
6219;6381;2;3190;1
6220;6382;3;2127;1
6221;6383;2;3191;1
6222;6384;13;491;1
6223;6385;2;3192;1
6224;6386;5;1277;1
6225;6387;2;3193;1
6226;6388;3;2129;1
6227;6389;2;3194;1
6228;6390;6389;1;1
6229;6391;2;3195;1
6230;6392;7;913;1
6231;6393;2;3196;1
6232;6394;3;2131;1
6233;6395;2;3197;1
6234;6396;5;1279;1
6235;6397;2;3198;1
6236;6398;6397;1;1
6237;6399;2;3199;1
6238;6400;3;2133;1
6239;6401;2;3200;1
6240;6402;37;173;1
6241;6403;2;3201;1
6242;6404;19;337;1
6243;6405;2;3202;1
6244;6406;3;2135;1
6245;6407;2;3203;1
6246;6408;43;149;1
6247;6409;2;3204;1
6248;6410;13;493;1
6249;6411;2;3205;1
6250;6412;3;2137;1
6251;6413;2;3206;1
6252;6414;11;583;1
6253;6415;2;3207;1
6254;6416;5;1283;1
6255;6417;2;3208;1
6256;6418;3;2139;1
6257;6419;2;3209;1
6258;6420;7;917;1
6259;6421;2;3210;1
6260;6422;6421;1;1
6261;6423;2;3211;1
6262;6424;3;2141;1
6263;6425;2;3212;1
6264;6426;5;1285;1
6265;6427;2;3213;1
6266;6428;6427;1;1
6267;6429;2;3214;1
6268;6430;3;2143;1
6269;6431;2;3215;1
6270;6432;59;109;1
6271;6433;2;3216;1
6272;6434;7;919;1
6273;6435;2;3217;1
6274;6436;3;2145;1
6275;6437;2;3218;1
6276;6438;41;157;1
6277;6439;2;3219;1
6278;6440;47;137;1
6279;6441;2;3220;1
6280;6442;3;2147;1
6281;6443;2;3221;1
6282;6444;17;379;1
6283;6445;17;379;2
6284;6447;2;3223;1
6285;6448;3;2149;1
6286;6449;2;3224;1
6287;6450;6449;1;1
6288;6451;2;3225;1
6289;6452;6451;1;1
6290;6453;2;3226;1
6291;6454;3;2151;1
6292;6455;2;3227;1
6293;6456;5;1291;1
6294;6457;2;3228;1
6295;6458;11;587;1
6296;6459;2;3229;1
6297;6460;3;2153;1
6298;6461;2;3230;1
6299;6462;7;923;1
6300;6463;2;3231;1
6301;6464;23;281;1
6302;6465;2;3232;1
6303;6466;3;2155;1
6304;6467;2;3233;1
6305;6468;29;223;1
6306;6469;2;3234;1
6307;6470;6469;1;1
6308;6471;2;3235;1
6309;6472;3;2157;1
6310;6473;2;3236;1
6311;6474;6473;1;1
6312;6475;2;3237;1
6313;6476;5;1295;1
6314;6477;2;3238;1
6315;6478;3;2159;1
6316;6479;2;3239;1
6317;6480;11;589;1
6318;6481;2;3240;1
6319;6482;6481;1;1
6320;6483;2;3241;1
6321;6484;3;2161;1
6322;6485;2;3242;1
6323;6486;5;1297;1
6324;6487;2;3243;1
6325;6488;13;499;1
6326;6489;2;3244;1
6327;6490;3;2163;1
6328;6491;2;3245;1
6329;6492;6491;1;1
6330;6493;2;3246;1
6331;6494;43;151;1
6332;6495;2;3247;1
6333;6496;3;2165;1
6334;6497;2;3248;1
6335;6498;73;89;1
6336;6499;2;3249;1
6337;6500;67;97;1
6338;6501;2;3250;1
6339;6502;3;2167;1
6340;6503;2;3251;1
6341;6504;7;929;1
6342;6505;2;3252;1
6343;6506;5;1301;1
6344;6507;2;3253;1
6345;6508;3;2169;1
6346;6509;2;3254;1
6347;6510;23;283;1
6348;6511;2;3255;1
6349;6512;17;383;1
6350;6513;2;3256;1
6351;6514;3;2171;1
6352;6515;2;3257;1
6353;6516;5;1303;1
6354;6517;2;3258;1
6355;6518;7;931;1
6356;6519;2;3259;1
6357;6520;3;2173;1
6358;6521;2;3260;1
6359;6522;6521;1;1
6360;6523;2;3261;1
6361;6524;11;593;1
6362;6525;2;3262;1
6363;6526;3;2175;1
6364;6527;2;3263;1
6365;6528;61;107;1
6366;6529;2;3264;1
6367;6530;6529;1;1
6368;6531;2;3265;1
6369;6532;3;2177;1
6370;6533;2;3266;1
6371;6534;47;139;1
6372;6535;2;3267;1
6373;6536;5;1307;1
6374;6537;2;3268;1
6375;6538;3;2179;1
6376;6539;2;3269;1
6377;6540;13;503;1
6378;6541;2;3270;1
6379;6542;31;211;1
6380;6543;2;3271;1
6381;6544;3;2181;1
6382;6545;2;3272;1
6383;6546;5;1309;1
6384;6547;2;3273;1
6385;6548;6547;1;1
6386;6549;2;3274;1
6387;6550;3;2183;1
6388;6551;2;3275;1
6389;6552;6551;1;1
6390;6553;2;3276;1
6391;6554;6553;1;1
6392;6555;6553;1;2
6393;6557;2;3278;1
6394;6558;79;83;1
6395;6559;2;3279;1
6396;6560;7;937;1
6397;6561;2;3280;1
6398;6562;3;2187;1
6399;6563;2;3281;1
6400;6564;6563;1;1
6401;6565;2;3282;1
6402;6566;5;1313;1
6403;6567;2;3283;1
6404;6568;3;2189;1
6405;6569;2;3284;1
6406;6570;6569;1;1
6407;6571;2;3285;1
6408;6572;6571;1;1
6409;6573;2;3286;1
6410;6574;3;2191;1
6411;6575;2;3287;1
6412;6576;5;1315;1
6413;6577;2;3288;1
6414;6578;6577;1;1
6415;6579;2;3289;1
6416;6580;3;2193;1
6417;6581;2;3290;1
6418;6582;6581;1;1
6419;6583;2;3291;1
6420;6584;29;227;1
6421;6585;2;3292;1
6422;6586;3;2195;1
6423;6587;2;3293;1
6424;6588;7;941;1
6425;6589;2;3294;1
6426;6590;11;599;1
6427;6591;2;3295;1
6428;6592;3;2197;1
6429;6593;2;3296;1
6430;6594;19;347;1
6431;6595;2;3297;1
6432;6596;5;1319;1
6433;6597;2;3298;1
6434;6598;3;2199;1
6435;6599;2;3299;1
6436;6600;6599;1;1
6437;6601;2;3300;1
6438;6602;7;943;1
6439;6603;2;3301;1
6440;6604;3;2201;1
6441;6605;2;3302;1
6442;6606;5;1321;1
6443;6607;2;3303;1
6444;6608;6607;1;1
6445;6609;2;3304;1
6446;6610;3;2203;1
6447;6611;2;3305;1
6448;6612;11;601;1
6449;6613;2;3306;1
6450;6614;17;389;1
6451;6615;2;3307;1
6452;6616;3;2205;1
6453;6617;2;3308;1
6454;6618;13;509;1
6455;6619;2;3309;1
6456;6620;6619;1;1
6457;6621;2;3310;1
6458;6622;3;2207;1
6459;6623;2;3311;1
6460;6624;37;179;1
6461;6625;2;3312;1
6462;6626;5;1325;1
6463;6627;2;3313;1
6464;6628;3;2209;1
6465;6629;2;3314;1
6466;6630;7;947;1
6467;6631;2;3315;1
6468;6632;19;349;1
6469;6633;2;3316;1
6470;6634;3;2211;1
6471;6635;2;3317;1
6472;6636;5;1327;1
6473;6637;2;3318;1
6474;6638;6637;1;1
6475;6639;2;3319;1
6476;6640;3;2213;1
6477;6641;2;3320;1
6478;6642;29;229;1
6479;6643;2;3321;1
6480;6644;7;949;1
6481;6645;2;3322;1
6482;6646;3;2215;1
6483;6647;2;3323;1
6484;6648;17;391;1
6485;6649;2;3324;1
6486;6650;61;109;1
6487;6651;2;3325;1
6488;6652;3;2217;1
6489;6653;2;3326;1
6490;6654;6653;1;1
6491;6655;2;3327;1
6492;6656;5;1331;1
6493;6657;2;3328;1
6494;6658;3;2219;1
6495;6659;2;3329;1
6496;6660;6659;1;1
6497;6661;2;3330;1
6498;6662;6661;1;1
6499;6663;2;3331;1
6500;6664;3;2221;1
6501;6665;3;2221;2
6502;6667;2;3333;1
6503;6668;59;113;1
6504;6669;2;3334;1
6505;6670;3;2223;1
6506;6671;2;3335;1
6507;6672;7;953;1
6508;6673;2;3336;1
6509;6674;6673;1;1
6510;6675;2;3337;1
6511;6676;3;2225;1
6512;6677;2;3338;1
6513;6678;11;607;1
6514;6679;2;3339;1
6515;6680;6679;1;1
6516;6681;2;3340;1
6517;6682;3;2227;1
6518;6683;2;3341;1
6519;6684;41;163;1
6520;6685;2;3342;1
6521;6686;5;1337;1
6522;6687;2;3343;1
6523;6688;3;2229;1
6524;6689;2;3344;1
6525;6690;6689;1;1
6526;6691;2;3345;1
6527;6692;6691;1;1
6528;6693;2;3346;1
6529;6694;3;2231;1
6530;6695;2;3347;1
6531;6696;5;1339;1
6532;6697;2;3348;1
6533;6698;37;181;1
6534;6699;2;3349;1
6535;6700;3;2233;1
6536;6701;2;3350;1
6537;6702;6701;1;1
6538;6703;2;3351;1
6539;6704;6703;1;1
6540;6705;2;3352;1
6541;6706;3;2235;1
6542;6707;2;3353;1
6543;6708;19;353;1
6544;6709;2;3354;1
6545;6710;6709;1;1
6546;6711;2;3355;1
6547;6712;3;2237;1
6548;6713;2;3356;1
6549;6714;7;959;1
6550;6715;2;3357;1
6551;6716;5;1343;1
6552;6717;2;3358;1
6553;6718;3;2239;1
6554;6719;2;3359;1
6555;6720;6719;1;1
6556;6721;2;3360;1
6557;6722;11;611;1
6558;6723;2;3361;1
6559;6724;3;2241;1
6560;6725;2;3362;1
6561;6726;5;1345;1
6562;6727;2;3363;1
6563;6728;7;961;1
6564;6729;2;3364;1
6565;6730;3;2243;1
6566;6731;2;3365;1
6567;6732;53;127;1
6568;6733;2;3366;1
6569;6734;6733;1;1
6570;6735;2;3367;1
6571;6736;3;2245;1
6572;6737;2;3368;1
6573;6738;6737;1;1
6574;6739;2;3369;1
6575;6740;23;293;1
6576;6741;2;3370;1
6577;6742;3;2247;1
6578;6743;2;3371;1
6579;6744;11;613;1
6580;6745;2;3372;1
6581;6746;5;1349;1
6582;6747;2;3373;1
6583;6748;3;2249;1
6584;6749;2;3374;1
6585;6750;17;397;1
6586;6751;2;3375;1
6587;6752;43;157;1
6588;6753;2;3376;1
6589;6754;3;2251;1
6590;6755;2;3377;1
6591;6756;5;1351;1
6592;6757;2;3378;1
6593;6758;29;233;1
6594;6759;2;3379;1
6595;6760;3;2253;1
6596;6761;2;3380;1
6597;6762;6761;1;1
6598;6763;2;3381;1
6599;6764;6763;1;1
6600;6765;2;3382;1
6601;6766;3;2255;1
6602;6767;2;3383;1
6603;6768;67;101;1
6604;6769;2;3384;1
6605;6770;7;967;1
6606;6771;2;3385;1
6607;6772;3;2257;1
6608;6773;2;3386;1
6609;6774;13;521;1
6610;6775;13;521;2
6611;6777;2;3388;1
6612;6778;3;2259;1
6613;6779;2;3389;1
6614;6780;6779;1;1
6615;6781;2;3390;1
6616;6782;6781;1;1
6617;6783;2;3391;1
6618;6784;3;2261;1
6619;6785;2;3392;1
6620;6786;5;1357;1
6621;6787;2;3393;1
6622;6788;11;617;1
6623;6789;2;3394;1
6624;6790;3;2263;1
6625;6791;2;3395;1
6626;6792;6791;1;1
6627;6793;2;3396;1
6628;6794;6793;1;1
6629;6795;2;3397;1
6630;6796;3;2265;1
6631;6797;2;3398;1
6632;6798;7;971;1
6633;6799;2;3399;1
6634;6800;13;523;1
6635;6801;2;3400;1
6636;6802;3;2267;1
6637;6803;2;3401;1
6638;6804;6803;1;1
6639;6805;2;3402;1
6640;6806;5;1361;1
6641;6807;2;3403;1
6642;6808;3;2269;1
6643;6809;2;3404;1
6644;6810;11;619;1
6645;6811;2;3405;1
6646;6812;7;973;1
6647;6813;2;3406;1
6648;6814;3;2271;1
6649;6815;2;3407;1
6650;6816;5;1363;1
6651;6817;2;3408;1
6652;6818;17;401;1
6653;6819;2;3409;1
6654;6820;3;2273;1
6655;6821;2;3410;1
6656;6822;19;359;1
6657;6823;2;3411;1
6658;6824;6823;1;1
6659;6825;2;3412;1
6660;6826;3;2275;1
6661;6827;2;3413;1
6662;6828;6827;1;1
6663;6829;2;3414;1
6664;6830;6829;1;1
6665;6831;2;3415;1
6666;6832;3;2277;1
6667;6833;2;3416;1
6668;6834;6833;1;1
6669;6835;2;3417;1
6670;6836;5;1367;1
6671;6837;2;3418;1
6672;6838;3;2279;1
6673;6839;2;3419;1
6674;6840;7;977;1
6675;6841;2;3420;1
6676;6842;6841;1;1
6677;6843;2;3421;1
6678;6844;3;2281;1
6679;6845;2;3422;1
6680;6846;5;1369;1
6681;6847;2;3423;1
6682;6848;41;167;1
6683;6849;2;3424;1
6684;6850;3;2283;1
6685;6851;2;3425;1
6686;6852;13;527;1
6687;6853;2;3426;1
6688;6854;7;979;1
6689;6855;2;3427;1
6690;6856;3;2285;1
6691;6857;2;3428;1
6692;6858;6857;1;1
6693;6859;2;3429;1
6694;6860;19;361;1
6695;6861;2;3430;1
6696;6862;3;2287;1
6697;6863;2;3431;1
6698;6864;6863;1;1
6699;6865;2;3432;1
6700;6866;5;1373;1
6701;6867;2;3433;1
6702;6868;3;2289;1
6703;6869;2;3434;1
6704;6870;6869;1;1
6705;6871;2;3435;1
6706;6872;6871;1;1
6707;6873;2;3436;1
6708;6874;3;2291;1
6709;6875;2;3437;1
6710;6876;5;1375;1
6711;6877;2;3438;1
6712;6878;13;529;1
6713;6879;2;3439;1
6714;6880;3;2293;1
6715;6881;2;3440;1
6716;6882;7;983;1
6717;6883;2;3441;1
6718;6884;6883;1;1
6719;6885;6883;1;2
6720;6887;2;3443;1
6721;6888;71;97;1
6722;6889;2;3444;1
6723;6890;83;83;1
6724;6891;2;3445;1
6725;6892;3;2297;1
6726;6893;2;3446;1
6727;6894;61;113;1
6728;6895;2;3447;1
6729;6896;5;1379;1
6730;6897;2;3448;1
6731;6898;3;2299;1
6732;6899;2;3449;1
6733;6900;6899;1;1
6734;6901;2;3450;1
6735;6902;67;103;1
6736;6903;2;3451;1
6737;6904;3;2301;1
6738;6905;2;3452;1
6739;6906;5;1381;1
6740;6907;2;3453;1
6741;6908;6907;1;1
6742;6909;2;3454;1
6743;6910;3;2303;1
6744;6911;2;3455;1
6745;6912;6911;1;1
6746;6913;2;3456;1
6747;6914;31;223;1
6748;6915;2;3457;1
6749;6916;3;2305;1
6750;6917;2;3458;1
6751;6918;6917;1;1
6752;6919;2;3459;1
6753;6920;11;629;1
6754;6921;2;3460;1
6755;6922;3;2307;1
6756;6923;2;3461;1
6757;6924;7;989;1
6758;6925;2;3462;1
6759;6926;5;1385;1
6760;6927;2;3463;1
6761;6928;3;2309;1
6762;6929;2;3464;1
6763;6930;13;533;1
6764;6931;2;3465;1
6765;6932;29;239;1
6766;6933;2;3466;1
6767;6934;3;2311;1
6768;6935;2;3467;1
6769;6936;5;1387;1
6770;6937;2;3468;1
6771;6938;7;991;1
6772;6939;2;3469;1
6773;6940;3;2313;1
6774;6941;2;3470;1
6775;6942;11;631;1
6776;6943;2;3471;1
6777;6944;53;131;1
6778;6945;2;3472;1
6779;6946;3;2315;1
6780;6947;2;3473;1
6781;6948;6947;1;1
6782;6949;2;3474;1
6783;6950;6949;1;1
6784;6951;2;3475;1
6785;6952;3;2317;1
6786;6953;2;3476;1
6787;6954;17;409;1
6788;6955;2;3477;1
6789;6956;5;1391;1
6790;6957;2;3478;1
6791;6958;3;2319;1
6792;6959;2;3479;1
6793;6960;6959;1;1
6794;6961;2;3480;1
6795;6962;6961;1;1
6796;6963;2;3481;1
6797;6964;3;2321;1
6798;6965;2;3482;1
6799;6966;5;1393;1
6800;6967;2;3483;1
6801;6968;6967;1;1
6802;6969;2;3484;1
6803;6970;3;2323;1
6804;6971;2;3485;1
6805;6972;6971;1;1
6806;6973;2;3486;1
6807;6974;19;367;1
6808;6975;2;3487;1
6809;6976;3;2325;1
6810;6977;2;3488;1
6811;6978;6977;1;1
6812;6979;2;3489;1
6813;6980;7;997;1
6814;6981;2;3490;1
6815;6982;3;2327;1
6816;6983;2;3491;1
6817;6984;6983;1;1
6818;6985;2;3492;1
6819;6986;5;1397;1
6820;6987;2;3493;1
6821;6988;3;2329;1
6822;6989;2;3494;1
6823;6990;29;241;1
6824;6991;2;3495;1
6825;6992;6991;1;1
6826;6993;2;3496;1
6827;6994;3;2331;1
6828;6995;3;2331;2
6829;6997;2;3498;1
6830;6998;6997;1;1
6831;6999;2;3499;1
6832;7000;3;2333;1
6833;7001;2;3500;1
6834;7002;7001;1;1
6835;7003;2;3501;1
6836;7004;47;149;1
6837;7005;2;3502;1
6838;7006;4;1751;2
6839;7008;7;1001;1
6840;7009;2;3504;1
6841;7010;43;163;1
6842;7011;2;3505;1
6843;7012;3;2337;1
6844;7013;2;3506;1
6845;7014;7013;1;1
6846;7015;2;3507;1
6847;7016;5;1403;1
6848;7017;2;3508;1
6849;7018;3;2339;1
6850;7019;2;3509;1
6851;7020;7019;1;1
6852;7021;2;3510;1
6853;7022;7;1003;1
6854;7023;2;3511;1
6855;7024;3;2341;1
6856;7025;2;3512;1
6857;7026;5;1405;1
6858;7027;2;3513;1
6859;7028;7027;1;1
6860;7029;2;3514;1
6861;7030;3;2343;1
6862;7031;2;3515;1
6863;7032;79;89;1
6864;7033;2;3516;1
6865;7034;13;541;1
6866;7035;2;3517;1
6867;7036;3;2345;1
6868;7037;2;3518;1
6869;7038;31;227;1
6870;7039;2;3519;1
6871;7040;7039;1;1
6872;7041;2;3520;1
6873;7042;3;2347;1
6874;7043;2;3521;1
6875;7044;7043;1;1
6876;7045;2;3522;1
6877;7046;5;1409;1
6878;7047;2;3523;1
6879;7048;3;2349;1
6880;7049;2;3524;1
6881;7050;7;1007;1
6882;7051;2;3525;1
6883;7052;11;641;1
6884;7053;2;3526;1
6885;7054;3;2351;1
6886;7055;2;3527;1
6887;7056;5;1411;1
6888;7057;2;3528;1
6889;7058;7057;1;1
6890;7059;2;3529;1
6891;7060;3;2353;1
6892;7061;2;3530;1
6893;7062;23;307;1
6894;7063;2;3531;1
6895;7064;7;1009;1
6896;7065;2;3532;1
6897;7066;3;2355;1
6898;7067;2;3533;1
6899;7068;37;191;1
6900;7069;2;3534;1
6901;7070;7069;1;1
6902;7071;2;3535;1
6903;7072;3;2357;1
6904;7073;2;3536;1
6905;7074;11;643;1
6906;7075;2;3537;1
6907;7076;5;1415;1
6908;7077;2;3538;1
6909;7078;3;2359;1
6910;7079;2;3539;1
6911;7080;7079;1;1
6912;7081;2;3540;1
6913;7082;73;97;1
6914;7083;2;3541;1
6915;7084;3;2361;1
6916;7085;2;3542;1
6917;7086;5;1417;1
6918;7087;2;3543;1
6919;7088;19;373;1
6920;7089;2;3544;1
6921;7090;3;2363;1
6922;7091;2;3545;1
6923;7092;7;1013;1
6924;7093;2;3546;1
6925;7094;41;173;1
6926;7095;2;3547;1
6927;7096;3;2365;1
6928;7097;2;3548;1
6929;7098;47;151;1
6930;7099;2;3549;1
6931;7100;31;229;1
6932;7101;2;3550;1
6933;7102;3;2367;1
6934;7103;2;3551;1
6935;7104;7103;1;1
6936;7105;2;3552;1
6937;7106;5;1421;1
6938;7107;2;3553;1
6939;7108;3;2369;1
6940;7109;2;3554;1
6941;7110;7109;1;1
6942;7111;2;3555;1
6943;7112;13;547;1
6944;7113;2;3556;1
6945;7114;3;2371;1
6946;7115;2;3557;1
6947;7116;3557;2;2
6948;7118;11;647;1
6949;7119;2;3559;1
6950;7120;3;2373;1
6951;7121;2;3560;1
6952;7122;7121;1;1
6953;7123;2;3561;1
6954;7124;17;419;1
6955;7125;2;3562;1
6956;7126;3;2375;1
6957;7127;2;3563;1
6958;7128;7127;1;1
6959;7129;2;3564;1
6960;7130;7129;1;1
6961;7131;2;3565;1
6962;7132;3;2377;1
6963;7133;2;3566;1
6964;7134;7;1019;1
6965;7135;2;3567;1
6966;7136;5;1427;1
6967;7137;2;3568;1
6968;7138;3;2379;1
6969;7139;2;3569;1
6970;7140;11;649;1
6971;7141;2;3570;1
6972;7142;37;193;1
6973;7143;2;3571;1
6974;7144;3;2381;1
6975;7145;2;3572;1
6976;7146;5;1429;1
6977;7147;2;3573;1
6978;7148;7;1021;1
6979;7149;2;3574;1
6980;7150;3;2383;1
6981;7151;2;3575;1
6982;7152;7151;1;1
6983;7153;2;3576;1
6984;7154;23;311;1
6985;7155;2;3577;1
6986;7156;3;2385;1
6987;7157;2;3578;1
6988;7158;17;421;1
6989;7159;2;3579;1
6990;7160;7159;1;1
6991;7161;2;3580;1
6992;7162;3;2387;1
6993;7163;2;3581;1
6994;7164;13;551;1
6995;7165;2;3582;1
6996;7166;5;1433;1
6997;7167;2;3583;1
6998;7168;3;2389;1
6999;7169;2;3584;1
7000;7170;67;107;1
7001;7171;2;3585;1
7002;7172;71;101;1
7003;7173;2;3586;1
7004;7174;3;2391;1
7005;7175;2;3587;1
7006;7176;5;1435;1
7007;7177;2;3588;1
7008;7178;7177;1;1
7009;7179;2;3589;1
7010;7180;3;2393;1
7011;7181;2;3590;1
7012;7182;43;167;1
7013;7183;2;3591;1
7014;7184;11;653;1
7015;7185;2;3592;1
7016;7186;3;2395;1
7017;7187;2;3593;1
7018;7188;7187;1;1
7019;7189;2;3594;1
7020;7190;7;1027;1
7021;7191;2;3595;1
7022;7192;3;2397;1
7023;7193;2;3596;1
7024;7194;7193;1;1
7025;7195;2;3597;1
7026;7196;5;1439;1
7027;7197;2;3598;1
7028;7198;3;2399;1
7029;7199;2;3599;1
7030;7200;23;313;1
7031;7201;2;3600;1
7032;7202;19;379;1
7033;7203;2;3601;1
7034;7204;3;2401;1
7035;7205;2;3602;1
7036;7206;5;1441;1
7037;7207;2;3603;1
7038;7208;7207;1;1
7039;7209;2;3604;1
7040;7210;3;2403;1
7041;7211;2;3605;1
7042;7212;7211;1;1
7043;7213;2;3606;1
7044;7214;7213;1;1
7045;7215;2;3607;1
7046;7216;3;2405;1
7047;7217;2;3608;1
7048;7218;7;1031;1
7049;7219;2;3609;1
7050;7220;7219;1;1
7051;7221;2;3610;1
7052;7222;3;2407;1
7053;7223;2;3611;1
7054;7224;31;233;1
7055;7225;2;3612;1
7056;7226;3;2408;2
7057;7228;3;2409;1
7058;7229;2;3614;1
7059;7230;7229;1;1
7060;7231;2;3615;1
7061;7232;7;1033;1
7062;7233;2;3616;1
7063;7234;3;2411;1
7064;7235;2;3617;1
7065;7236;5;1447;1
7066;7237;2;3618;1
7067;7238;7237;1;1
7068;7239;2;3619;1
7069;7240;3;2413;1
7070;7241;2;3620;1
7071;7242;13;557;1
7072;7243;2;3621;1
7073;7244;7243;1;1
7074;7245;2;3622;1
7075;7246;3;2415;1
7076;7247;2;3623;1
7077;7248;7247;1;1
7078;7249;2;3624;1
7079;7250;11;659;1
7080;7251;2;3625;1
7081;7252;3;2417;1
7082;7253;2;3626;1
7083;7254;7253;1;1
7084;7255;2;3627;1
7085;7256;5;1451;1
7086;7257;2;3628;1
7087;7258;3;2419;1
7088;7259;2;3629;1
7089;7260;7;1037;1
7090;7261;2;3630;1
7091;7262;53;137;1
7092;7263;2;3631;1
7093;7264;3;2421;1
7094;7265;2;3632;1
7095;7266;5;1453;1
7096;7267;2;3633;1
7097;7268;13;559;1
7098;7269;2;3634;1
7099;7270;3;2423;1
7100;7271;2;3635;1
7101;7272;11;661;1
7102;7273;2;3636;1
7103;7274;7;1039;1
7104;7275;2;3637;1
7105;7276;3;2425;1
7106;7277;2;3638;1
7107;7278;19;383;1
7108;7279;2;3639;1
7109;7280;29;251;1
7110;7281;2;3640;1
7111;7282;3;2427;1
7112;7283;2;3641;1
7113;7284;7283;1;1
7114;7285;2;3642;1
7115;7286;5;1457;1
7116;7287;2;3643;1
7117;7288;3;2429;1
7118;7289;2;3644;1
7119;7290;37;197;1
7120;7291;2;3645;1
7121;7292;23;317;1
7122;7293;2;3646;1
7123;7294;3;2431;1
7124;7295;2;3647;1
7125;7296;5;1459;1
7126;7297;2;3648;1
7127;7298;7297;1;1
7128;7299;2;3649;1
7129;7300;3;2433;1
7130;7301;2;3650;1
7131;7302;7;1043;1
7132;7303;2;3651;1
7133;7304;67;109;1
7134;7305;2;3652;1
7135;7306;3;2435;1
7136;7307;2;3653;1
7137;7308;7307;1;1
7138;7309;2;3654;1
7139;7310;7309;1;1
7140;7311;2;3655;1
7141;7312;3;2437;1
7142;7313;2;3656;1
7143;7314;71;103;1
7144;7315;2;3657;1
7145;7316;5;1463;1
7146;7317;2;3658;1
7147;7318;3;2439;1
7148;7319;2;3659;1
7149;7320;13;563;1
7150;7321;2;3660;1
7151;7322;7321;1;1
7152;7323;2;3661;1
7153;7324;3;2441;1
7154;7325;2;3662;1
7155;7326;5;1465;1
7156;7327;2;3663;1
7157;7328;17;431;1
7158;7329;2;3664;1
7159;7330;3;2443;1
7160;7331;2;3665;1
7161;7332;7331;1;1
7162;7333;2;3666;1
7163;7334;7333;1;1
7164;7335;2;3667;1
7165;7336;19;386;2
7166;7338;11;667;1
7167;7339;2;3669;1
7168;7340;41;179;1
7169;7341;2;3670;1
7170;7342;3;2447;1
7171;7343;2;3671;1
7172;7344;7;1049;1
7173;7345;2;3672;1
7174;7346;5;1469;1
7175;7347;2;3673;1
7176;7348;3;2449;1
7177;7349;2;3674;1
7178;7350;7349;1;1
7179;7351;2;3675;1
7180;7352;7351;1;1
7181;7353;2;3676;1
7182;7354;3;2451;1
7183;7355;2;3677;1
7184;7356;5;1471;1
7185;7357;2;3678;1
7186;7358;7;1051;1
7187;7359;2;3679;1
7188;7360;3;2453;1
7189;7361;2;3680;1
7190;7362;17;433;1
7191;7363;2;3681;1
7192;7364;37;199;1
7193;7365;2;3682;1
7194;7366;3;2455;1
7195;7367;2;3683;1
7196;7368;53;139;1
7197;7369;2;3684;1
7198;7370;7369;1;1
7199;7371;2;3685;1
7200;7372;3;2457;1
7201;7373;2;3686;1
7202;7374;73;101;1
7203;7375;2;3687;1
7204;7376;5;1475;1
7205;7377;2;3688;1
7206;7378;3;2459;1
7207;7379;2;3689;1
7208;7380;47;157;1
7209;7381;2;3690;1
7210;7382;11;671;1
7211;7383;2;3691;1
7212;7384;3;2461;1
7213;7385;2;3692;1
7214;7386;5;1477;1
7215;7387;2;3693;1
7216;7388;83;89;1
7217;7389;2;3694;1
7218;7390;3;2463;1
7219;7391;2;3695;1
7220;7392;19;389;1
7221;7393;2;3696;1
7222;7394;7393;1;1
7223;7395;2;3697;1
7224;7396;3;2465;1
7225;7397;2;3698;1
7226;7398;13;569;1
7227;7399;2;3699;1
7228;7400;7;1057;1
7229;7401;2;3700;1
7230;7402;3;2467;1
7231;7403;2;3701;1
7232;7404;11;673;1
7233;7405;2;3702;1
7234;7406;5;1481;1
7235;7407;2;3703;1
7236;7408;3;2469;1
7237;7409;2;3704;1
7238;7410;31;239;1
7239;7411;2;3705;1
7240;7412;7411;1;1
7241;7413;2;3706;1
7242;7414;3;2471;1
7243;7415;2;3707;1
7244;7416;5;1483;1
7245;7417;2;3708;1
7246;7418;7417;1;1
7247;7419;2;3709;1
7248;7420;3;2473;1
7249;7421;2;3710;1
7250;7422;41;181;1
7251;7423;2;3711;1
7252;7424;13;571;1
7253;7425;2;3712;1
7254;7426;3;2475;1
7255;7427;2;3713;1
7256;7428;7;1061;1
7257;7429;2;3714;1
7258;7430;17;437;1
7259;7431;2;3715;1
7260;7432;3;2477;1
7261;7433;2;3716;1
7262;7434;7433;1;1
7263;7435;2;3717;1
7264;7436;5;1487;1
7265;7437;2;3718;1
7266;7438;3;2479;1
7267;7439;2;3719;1
7268;7440;43;173;1
7269;7441;2;3720;1
7270;7442;7;1063;1
7271;7443;2;3721;1
7272;7444;3;2481;1
7273;7445;2;3722;1
7274;7446;4;1861;2
7275;7448;11;677;1
7276;7449;2;3724;1
7277;7450;3;2483;1
7278;7451;2;3725;1
7279;7452;7451;1;1
7280;7453;2;3726;1
7281;7454;29;257;1
7282;7455;2;3727;1
7283;7456;3;2485;1
7284;7457;2;3728;1
7285;7458;7457;1;1
7286;7459;2;3729;1
7287;7460;7459;1;1
7288;7461;2;3730;1
7289;7462;3;2487;1
7290;7463;2;3731;1
7291;7464;17;439;1
7292;7465;2;3732;1
7293;7466;5;1493;1
7294;7467;2;3733;1
7295;7468;3;2489;1
7296;7469;2;3734;1
7297;7470;7;1067;1
7298;7471;2;3735;1
7299;7472;31;241;1
7300;7473;2;3736;1
7301;7474;3;2491;1
7302;7475;2;3737;1
7303;7476;5;1495;1
7304;7477;2;3738;1
7305;7478;7477;1;1
7306;7479;2;3739;1
7307;7480;3;2493;1
7308;7481;2;3740;1
7309;7482;7481;1;1
7310;7483;2;3741;1
7311;7484;7;1069;1
7312;7485;2;3742;1
7313;7486;3;2495;1
7314;7487;2;3743;1
7315;7488;7487;1;1
7316;7489;2;3744;1
7317;7490;7489;1;1
7318;7491;2;3745;1
7319;7492;3;2497;1
7320;7493;2;3746;1
7321;7494;59;127;1
7322;7495;2;3747;1
7323;7496;5;1499;1
7324;7497;2;3748;1
7325;7498;3;2499;1
7326;7499;2;3749;1
7327;7500;7499;1;1
7328;7501;2;3750;1
7329;7502;13;577;1
7330;7503;2;3751;1
7331;7504;3;2501;1
7332;7505;2;3752;1
7333;7506;5;1501;1
7334;7507;2;3753;1
7335;7508;7507;1;1
7336;7509;2;3754;1
7337;7510;3;2503;1
7338;7511;2;3755;1
7339;7512;7;1073;1
7340;7513;2;3756;1
7341;7514;11;683;1
7342;7515;2;3757;1
7343;7516;3;2505;1
7344;7517;2;3758;1
7345;7518;7517;1;1
7346;7519;2;3759;1
7347;7520;73;103;1
7348;7521;2;3760;1
7349;7522;3;2507;1
7350;7523;2;3761;1
7351;7524;7523;1;1
7352;7525;2;3762;1
7353;7526;5;1505;1
7354;7527;2;3763;1
7355;7528;3;2509;1
7356;7529;2;3764;1
7357;7530;7529;1;1
7358;7531;2;3765;1
7359;7532;17;443;1
7360;7533;2;3766;1
7361;7534;3;2511;1
7362;7535;2;3767;1
7363;7536;5;1507;1
7364;7537;2;3768;1
7365;7538;7537;1;1
7366;7539;2;3769;1
7367;7540;3;2513;1
7368;7541;2;3770;1
7369;7542;7541;1;1
7370;7543;2;3771;1
7371;7544;19;397;1
7372;7545;2;3772;1
7373;7546;3;2515;1
7374;7547;2;3773;1
7375;7548;7547;1;1
7376;7549;2;3774;1
7377;7550;7549;1;1
7378;7551;2;3775;1
7379;7552;3;2517;1
7380;7553;2;3776;1
7381;7554;7;1079;1
7382;7555;2;3777;1
7383;7556;3;2518;2
7384;7558;3;2519;1
7385;7559;2;3779;1
7386;7560;7559;1;1
7387;7561;2;3780;1
7388;7562;7561;1;1
7389;7563;2;3781;1
7390;7564;3;2521;1
7391;7565;2;3782;1
7392;7566;5;1513;1
7393;7567;2;3783;1
7394;7568;7;1081;1
7395;7569;2;3784;1
7396;7570;3;2523;1
7397;7571;2;3785;1
7398;7572;67;113;1
7399;7573;2;3786;1
7400;7574;7573;1;1
7401;7575;2;3787;1
7402;7576;3;2525;1
7403;7577;2;3788;1
7404;7578;7577;1;1
7405;7579;2;3789;1
7406;7580;11;689;1
7407;7581;2;3790;1
7408;7582;3;2527;1
7409;7583;2;3791;1
7410;7584;7583;1;1
7411;7585;2;3792;1
7412;7586;5;1517;1
7413;7587;2;3793;1
7414;7588;3;2529;1
7415;7589;2;3794;1
7416;7590;7589;1;1
7417;7591;2;3795;1
7418;7592;7591;1;1
7419;7593;2;3796;1
7420;7594;3;2531;1
7421;7595;2;3797;1
7422;7596;5;1519;1
7423;7597;2;3798;1
7424;7598;71;107;1
7425;7599;2;3799;1
7426;7600;3;2533;1
7427;7601;2;3800;1
7428;7602;11;691;1
7429;7603;2;3801;1
7430;7604;7603;1;1
7431;7605;2;3802;1
7432;7606;3;2535;1
7433;7607;2;3803;1
7434;7608;7607;1;1
7435;7609;2;3804;1
7436;7610;7;1087;1
7437;7611;2;3805;1
7438;7612;3;2537;1
7439;7613;2;3806;1
7440;7614;23;331;1
7441;7615;2;3807;1
7442;7616;5;1523;1
7443;7617;2;3808;1
7444;7618;3;2539;1
7445;7619;2;3809;1
7446;7620;19;401;1
7447;7621;2;3810;1
7448;7622;7621;1;1
7449;7623;2;3811;1
7450;7624;3;2541;1
7451;7625;2;3812;1
7452;7626;5;1525;1
7453;7627;2;3813;1
7454;7628;29;263;1
7455;7629;2;3814;1
7456;7630;3;2543;1
7457;7631;2;3815;1
7458;7632;13;587;1
7459;7633;2;3816;1
7460;7634;17;449;1
7461;7635;2;3817;1
7462;7636;3;2545;1
7463;7637;2;3818;1
7464;7638;7;1091;1
7465;7639;2;3819;1
7466;7640;7639;1;1
7467;7641;2;3820;1
7468;7642;3;2547;1
7469;7643;2;3821;1
7470;7644;7643;1;1
7471;7645;2;3822;1
7472;7646;5;1529;1
7473;7647;2;3823;1
7474;7648;3;2549;1
7475;7649;2;3824;1
7476;7650;7649;1;1
7477;7651;2;3825;1
7478;7652;7;1093;1
7479;7653;2;3826;1
7480;7654;3;2551;1
7481;7655;2;3827;1
7482;7656;5;1531;1
7483;7657;2;3828;1
7484;7658;13;589;1
7485;7659;2;3829;1
7486;7660;3;2553;1
7487;7661;2;3830;1
7488;7662;47;163;1
7489;7663;2;3831;1
7490;7664;79;97;1
7491;7665;2;3832;1
7492;7666;4;1916;2
7493;7668;11;697;1
7494;7669;2;3834;1
7495;7670;7669;1;1
7496;7671;2;3835;1
7497;7672;3;2557;1
7498;7673;2;3836;1
7499;7674;7673;1;1
7500;7675;2;3837;1
7501;7676;5;1535;1
7502;7677;2;3838;1
7503;7678;3;2559;1
7504;7679;2;3839;1
7505;7680;7;1097;1
7506;7681;2;3840;1
7507;7682;7681;1;1
7508;7683;2;3841;1
7509;7684;3;2561;1
7510;7685;2;3842;1
7511;7686;5;1537;1
7512;7687;2;3843;1
7513;7688;7687;1;1
7514;7689;2;3844;1
7515;7690;3;2563;1
7516;7691;2;3845;1
7517;7692;7691;1;1
7518;7693;2;3846;1
7519;7694;7;1099;1
7520;7695;2;3847;1
7521;7696;3;2565;1
7522;7697;2;3848;1
7523;7698;43;179;1
7524;7699;2;3849;1
7525;7700;7699;1;1
7526;7701;2;3850;1
7527;7702;3;2567;1
7528;7703;2;3851;1
7529;7704;7703;1;1
7530;7705;2;3852;1
7531;7706;5;1541;1
7532;7707;2;3853;1
7533;7708;3;2569;1
7534;7709;2;3854;1
7535;7710;13;593;1
7536;7711;2;3855;1
7537;7712;11;701;1
7538;7713;2;3856;1
7539;7714;3;2571;1
7540;7715;2;3857;1
7541;7716;5;1543;1
7542;7717;2;3858;1
7543;7718;7717;1;1
7544;7719;2;3859;1
7545;7720;3;2573;1
7546;7721;2;3860;1
7547;7722;7;1103;1
7548;7723;2;3861;1
7549;7724;7723;1;1
7550;7725;2;3862;1
7551;7726;3;2575;1
7552;7727;2;3863;1
7553;7728;7727;1;1
7554;7729;2;3864;1
7555;7730;59;131;1
7556;7731;2;3865;1
7557;7732;3;2577;1
7558;7733;2;3866;1
7559;7734;11;703;1
7560;7735;2;3867;1
7561;7736;5;1547;1
7562;7737;2;3868;1
7563;7738;3;2579;1
7564;7739;2;3869;1
7565;7740;71;109;1
7566;7741;2;3870;1
7567;7742;7741;1;1
7568;7743;2;3871;1
7569;7744;3;2581;1
7570;7745;2;3872;1
7571;7746;5;1549;1
7572;7747;2;3873;1
7573;7748;61;127;1
7574;7749;2;3874;1
7575;7750;3;2583;1
7576;7751;2;3875;1
7577;7752;23;337;1
7578;7753;2;3876;1
7579;7754;7753;1;1
7580;7755;2;3877;1
7581;7756;3;2585;1
7582;7757;2;3878;1
7583;7758;7757;1;1
7584;7759;2;3879;1
7585;7760;7759;1;1
7586;7761;2;3880;1
7587;7762;3;2587;1
7588;7763;2;3881;1
7589;7764;7;1109;1
7590;7765;2;3882;1
7591;7766;5;1553;1
7592;7767;2;3883;1
7593;7768;3;2589;1
7594;7769;2;3884;1
7595;7770;17;457;1
7596;7771;2;3885;1
7597;7772;19;409;1
7598;7773;2;3886;1
7599;7774;3;2591;1
7600;7775;2;3887;1
7601;7776;13;598;2
7602;7778;7;1111;1
7603;7779;2;3889;1
7604;7780;3;2593;1
7605;7781;2;3890;1
7606;7782;31;251;1
7607;7783;2;3891;1
7608;7784;43;181;1
7609;7785;2;3892;1
7610;7786;3;2595;1
7611;7787;2;3893;1
7612;7788;13;599;1
7613;7789;2;3894;1
7614;7790;7789;1;1
7615;7791;2;3895;1
7616;7792;3;2597;1
7617;7793;2;3896;1
7618;7794;7793;1;1
7619;7795;2;3897;1
7620;7796;5;1559;1
7621;7797;2;3898;1
7622;7798;3;2599;1
7623;7799;2;3899;1
7624;7800;11;709;1
7625;7801;2;3900;1
7626;7802;29;269;1
7627;7803;2;3901;1
7628;7804;3;2601;1
7629;7805;2;3902;1
7630;7806;5;1561;1
7631;7807;2;3903;1
7632;7808;37;211;1
7633;7809;2;3904;1
7634;7810;3;2603;1
7635;7811;2;3905;1
7636;7812;73;107;1
7637;7813;2;3906;1
7638;7814;13;601;1
7639;7815;2;3907;1
7640;7816;3;2605;1
7641;7817;2;3908;1
7642;7818;7817;1;1
7643;7819;2;3909;1
7644;7820;7;1117;1
7645;7821;2;3910;1
7646;7822;3;2607;1
7647;7823;2;3911;1
7648;7824;7823;1;1
7649;7825;2;3912;1
7650;7826;5;1565;1
7651;7827;2;3913;1
7652;7828;3;2609;1
7653;7829;2;3914;1
7654;7830;7829;1;1
7655;7831;2;3915;1
7656;7832;41;191;1
7657;7833;2;3916;1
7658;7834;3;2611;1
7659;7835;2;3917;1
7660;7836;5;1567;1
7661;7837;2;3918;1
7662;7838;17;461;1
7663;7839;2;3919;1
7664;7840;3;2613;1
7665;7841;2;3920;1
7666;7842;7841;1;1
7667;7843;2;3921;1
7668;7844;11;713;1
7669;7845;2;3922;1
7670;7846;3;2615;1
7671;7847;2;3923;1
7672;7848;7;1121;1
7673;7849;2;3924;1
7674;7850;47;167;1
7675;7851;2;3925;1
7676;7852;3;2617;1
7677;7853;2;3926;1
7678;7854;7853;1;1
7679;7855;2;3927;1
7680;7856;5;1571;1
7681;7857;2;3928;1
7682;7858;3;2619;1
7683;7859;2;3929;1
7684;7860;29;271;1
7685;7861;2;3930;1
7686;7862;7;1123;1
7687;7863;2;3931;1
7688;7864;3;2621;1
7689;7865;2;3932;1
7690;7866;5;1573;1
7691;7867;2;3933;1
7692;7868;7867;1;1
7693;7869;2;3934;1
7694;7870;3;2623;1
7695;7871;2;3935;1
7696;7872;17;463;1
7697;7873;2;3936;1
7698;7874;7873;1;1
7699;7875;2;3937;1
7700;7876;3;2625;1
7701;7877;2;3938;1
7702;7878;7877;1;1
7703;7879;2;3939;1
7704;7880;7879;1;1
7705;7881;2;3940;1
7706;7882;3;2627;1
7707;7883;2;3941;1
7708;7884;7883;1;1
7709;7885;2;3942;1
7710;7886;3;2628;2
7711;7888;3;2629;1
7712;7889;2;3944;1
7713;7890;7;1127;1
7714;7891;2;3945;1
7715;7892;13;607;1
7716;7893;2;3946;1
7717;7894;3;2631;1
7718;7895;2;3947;1
7719;7896;5;1579;1
7720;7897;2;3948;1
7721;7898;53;149;1
7722;7899;2;3949;1
7723;7900;3;2633;1
7724;7901;2;3950;1
7725;7902;7901;1;1
7726;7903;2;3951;1
7727;7904;7;1129;1
7728;7905;2;3952;1
7729;7906;3;2635;1
7730;7907;2;3953;1
7731;7908;7907;1;1
7732;7909;2;3954;1
7733;7910;11;719;1
7734;7911;2;3955;1
7735;7912;3;2637;1
7736;7913;2;3956;1
7737;7914;41;193;1
7738;7915;2;3957;1
7739;7916;5;1583;1
7740;7917;2;3958;1
7741;7918;3;2639;1
7742;7919;2;3959;1
7743;7920;7919;1;1
7744;7921;2;3960;1
7745;7922;89;89;1
7746;7923;2;3961;1
7747;7924;3;2641;1
7748;7925;2;3962;1
7749;7926;5;1585;1
7750;7927;2;3963;1
7751;7928;7927;1;1
7752;7929;2;3964;1
7753;7930;3;2643;1
7754;7931;2;3965;1
7755;7932;7;1133;1
7756;7933;2;3966;1
7757;7934;7933;1;1
7758;7935;2;3967;1
7759;7936;3;2645;1
7760;7937;2;3968;1
7761;7938;7937;1;1
7762;7939;2;3969;1
7763;7940;17;467;1
7764;7941;2;3970;1
7765;7942;3;2647;1
7766;7943;2;3971;1
7767;7944;13;611;1
7768;7945;2;3972;1
7769;7946;5;1589;1
7770;7947;2;3973;1
7771;7948;3;2649;1
7772;7949;2;3974;1
7773;7950;7949;1;1
7774;7951;2;3975;1
7775;7952;7951;1;1
7776;7953;2;3976;1
7777;7954;3;2651;1
7778;7955;2;3977;1
7779;7956;5;1591;1
7780;7957;2;3978;1
7781;7958;73;109;1
7782;7959;2;3979;1
7783;7960;3;2653;1
7784;7961;2;3980;1
7785;7962;19;419;1
7786;7963;2;3981;1
7787;7964;7963;1;1
7788;7965;2;3982;1
7789;7966;3;2655;1
7790;7967;2;3983;1
7791;7968;31;257;1
7792;7969;2;3984;1
7793;7970;13;613;1
7794;7971;2;3985;1
7795;7972;3;2657;1
7796;7973;2;3986;1
7797;7974;7;1139;1
7798;7975;2;3987;1
7799;7976;5;1595;1
7800;7977;2;3988;1
7801;7978;3;2659;1
7802;7979;2;3989;1
7803;7980;79;101;1
7804;7981;2;3990;1
7805;7982;23;347;1
7806;7983;2;3991;1
7807;7984;3;2661;1
7808;7985;2;3992;1
7809;7986;5;1597;1
7810;7987;2;3993;1
7811;7988;7;1141;1
7812;7989;2;3994;1
7813;7990;3;2663;1
7814;7991;2;3995;1
7815;7992;61;131;1
7816;7993;2;3996;1
7817;7994;7993;1;1
7818;7995;2;3997;1
7819;7996;7;1142;2
7820;7998;11;727;1
7821;7999;2;3999;1
7822;8000;19;421;1
7823;8001;2;4000;1
7824;8002;3;2667;1
7825;8003;2;4001;1
7826;8004;53;151;1
7827;8005;2;4002;1
7828;8006;5;1601;1
7829;8007;5;1601;2
7830;8009;2;4004;1
7831;8010;8009;1;1
7832;8011;2;4005;1
7833;8012;8011;1;1
7834;8013;2;4006;1
7835;8014;3;2671;1
7836;8015;2;4007;1
7837;8016;5;1603;1
7838;8017;2;4008;1
7839;8018;8017;1;1
7840;8019;2;4009;1
7841;8020;3;2673;1
7842;8021;2;4010;1
7843;8022;13;617;1
7844;8023;2;4011;1
7845;8024;71;113;1
7846;8025;2;4012;1
7847;8026;3;2675;1
7848;8027;2;4013;1
7849;8028;23;349;1
7850;8029;2;4014;1
7851;8030;7;1147;1
7852;8031;2;4015;1
7853;8032;3;2677;1
7854;8033;2;4016;1
7855;8034;29;277;1
7856;8035;2;4017;1
7857;8036;5;1607;1
7858;8037;2;4018;1
7859;8038;3;2679;1
7860;8039;2;4019;1
7861;8040;8039;1;1
7862;8041;2;4020;1
7863;8042;11;731;1
7864;8043;2;4021;1
7865;8044;3;2681;1
7866;8045;2;4022;1
7867;8046;5;1609;1
7868;8047;2;4023;1
7869;8048;13;619;1
7870;8049;2;4024;1
7871;8050;3;2683;1
7872;8051;2;4025;1
7873;8052;83;97;1
7874;8053;2;4026;1
7875;8054;8053;1;1
7876;8055;2;4027;1
7877;8056;3;2685;1
7878;8057;2;4028;1
7879;8058;7;1151;1
7880;8059;2;4029;1
7881;8060;8059;1;1
7882;8061;2;4030;1
7883;8062;3;2687;1
7884;8063;2;4031;1
7885;8064;11;733;1
7886;8065;2;4032;1
7887;8066;5;1613;1
7888;8067;2;4033;1
7889;8068;3;2689;1
7890;8069;2;4034;1
7891;8070;8069;1;1
7892;8071;2;4035;1
7893;8072;7;1153;1
7894;8073;2;4036;1
7895;8074;3;2691;1
7896;8075;2;4037;1
7897;8076;5;1615;1
7898;8077;2;4038;1
7899;8078;41;197;1
7900;8079;2;4039;1
7901;8080;3;2693;1
7902;8081;2;4040;1
7903;8082;8081;1;1
7904;8083;2;4041;1
7905;8084;59;137;1
7906;8085;2;4042;1
7907;8086;3;2695;1
7908;8087;2;4043;1
7909;8088;8087;1;1
7910;8089;2;4044;1
7911;8090;8089;1;1
7912;8091;2;4045;1
7913;8092;3;2697;1
7914;8093;2;4046;1
7915;8094;8093;1;1
7916;8095;2;4047;1
7917;8096;5;1619;1
7918;8097;2;4048;1
7919;8098;3;2699;1
7920;8099;2;4049;1
7921;8100;7;1157;1
7922;8101;2;4050;1
7923;8102;8101;1;1
7924;8103;2;4051;1
7925;8104;3;2701;1
7926;8105;2;4052;1
7927;8106;5;1621;1
7928;8107;2;4053;1
7929;8108;11;737;1
7930;8109;2;4054;1
7931;8110;3;2703;1
7932;8111;2;4055;1
7933;8112;8111;1;1
7934;8113;2;4056;1
7935;8114;7;1159;1
7936;8115;2;4057;1
7937;8116;3;2705;1
7938;8117;3;2705;2
7939;8119;2;4059;1
7940;8120;23;353;1
7941;8121;2;4060;1
7942;8122;3;2707;1
7943;8123;2;4061;1
7944;8124;8123;1;1
7945;8125;2;4062;1
7946;8126;5;1625;1
7947;8127;2;4063;1
7948;8128;3;2709;1
7949;8129;2;4064;1
7950;8130;11;739;1
7951;8131;2;4065;1
7952;8132;47;173;1
7953;8133;2;4066;1
7954;8134;3;2711;1
7955;8135;2;4067;1
7956;8136;5;1627;1
7957;8137;2;4068;1
7958;8138;79;103;1
7959;8139;2;4069;1
7960;8140;3;2713;1
7961;8141;2;4070;1
7962;8142;7;1163;1
7963;8143;2;4071;1
7964;8144;17;479;1
7965;8145;2;4072;1
7966;8146;3;2715;1
7967;8147;2;4073;1
7968;8148;8147;1;1
7969;8149;2;4074;1
7970;8150;29;281;1
7971;8151;2;4075;1
7972;8152;3;2717;1
7973;8153;2;4076;1
7974;8154;31;263;1
7975;8155;2;4077;1
7976;8156;5;1631;1
7977;8157;2;4078;1
7978;8158;3;2719;1
7979;8159;2;4079;1
7980;8160;41;199;1
7981;8161;2;4080;1
7982;8162;8161;1;1
7983;8163;2;4081;1
7984;8164;3;2721;1
7985;8165;2;4082;1
7986;8166;5;1633;1
7987;8167;2;4083;1
7988;8168;8167;1;1
7989;8169;2;4084;1
7990;8170;3;2723;1
7991;8171;2;4085;1
7992;8172;8171;1;1
7993;8173;2;4086;1
7994;8174;11;743;1
7995;8175;2;4087;1
7996;8176;3;2725;1
7997;8177;2;4088;1
7998;8178;13;629;1
7999;8179;2;4089;1
8000;8180;8179;1;1
8001;8181;2;4090;1
8002;8182;3;2727;1
8003;8183;2;4091;1
8004;8184;7;1169;1
8005;8185;2;4092;1
8006;8186;5;1637;1
8007;8187;2;4093;1
8008;8188;3;2729;1
8009;8189;2;4094;1
8010;8190;19;431;1
8011;8191;2;4095;1
8012;8192;8191;1;1
8013;8193;2;4096;1
8014;8194;3;2731;1
8015;8195;2;4097;1
8016;8196;5;1639;1
8017;8197;2;4098;1
8018;8198;7;1171;1
8019;8199;2;4099;1
8020;8200;3;2733;1
8021;8201;2;4100;1
8022;8202;59;139;1
8023;8203;2;4101;1
8024;8204;13;631;1
8025;8205;2;4102;1
8026;8206;3;2735;1
8027;8207;2;4103;1
8028;8208;29;283;1
8029;8209;2;4104;1
8030;8210;8209;1;1
8031;8211;2;4105;1
8032;8212;3;2737;1
8033;8213;2;4106;1
8034;8214;43;191;1
8035;8215;2;4107;1
8036;8216;5;1643;1
8037;8217;2;4108;1
8038;8218;3;2739;1
8039;8219;2;4109;1
8040;8220;8219;1;1
8041;8221;2;4110;1
8042;8222;8221;1;1
8043;8223;2;4111;1
8044;8224;3;2741;1
8045;8225;2;4112;1
8046;8226;5;1645;1
8047;8227;5;1645;2
8048;8229;2;4114;1
8049;8230;3;2743;1
8050;8231;2;4115;1
8051;8232;8231;1;1
8052;8233;2;4116;1
8053;8234;8233;1;1
8054;8235;2;4117;1
8055;8236;3;2745;1
8056;8237;2;4118;1
8057;8238;8237;1;1
8058;8239;2;4119;1
8059;8240;7;1177;1
8060;8241;2;4120;1
8061;8242;3;2747;1
8062;8243;2;4121;1
8063;8244;8243;1;1
8064;8245;2;4122;1
8065;8246;5;1649;1
8066;8247;2;4123;1
8067;8248;3;2749;1
8068;8249;2;4124;1
8069;8250;73;113;1
8070;8251;2;4125;1
8071;8252;37;223;1
8072;8253;2;4126;1
8073;8254;3;2751;1
8074;8255;2;4127;1
8075;8256;5;1651;1
8076;8257;2;4128;1
8077;8258;23;359;1
8078;8259;2;4129;1
8079;8260;3;2753;1
8080;8261;2;4130;1
8081;8262;11;751;1
8082;8263;2;4131;1
8083;8264;8263;1;1
8084;8265;2;4132;1
8085;8266;3;2755;1
8086;8267;2;4133;1
8087;8268;7;1181;1
8088;8269;2;4134;1
8089;8270;8269;1;1
8090;8271;2;4135;1
8091;8272;3;2757;1
8092;8273;2;4136;1
8093;8274;8273;1;1
8094;8275;2;4137;1
8095;8276;5;1655;1
8096;8277;2;4138;1
8097;8278;3;2759;1
8098;8279;2;4139;1
8099;8280;17;487;1
8100;8281;2;4140;1
8101;8282;7;1183;1
8102;8283;2;4141;1
8103;8284;3;2761;1
8104;8285;2;4142;1
8105;8286;5;1657;1
8106;8287;2;4143;1
8107;8288;8287;1;1
8108;8289;2;4144;1
8109;8290;3;2763;1
8110;8291;2;4145;1
8111;8292;8291;1;1
8112;8293;2;4146;1
8113;8294;8293;1;1
8114;8295;2;4147;1
8115;8296;3;2765;1
8116;8297;2;4148;1
8117;8298;8297;1;1
8118;8299;2;4149;1
8119;8300;43;193;1
8120;8301;2;4150;1
8121;8302;3;2767;1
8122;8303;2;4151;1
8123;8304;19;437;1
8124;8305;2;4152;1
8125;8306;5;1661;1
8126;8307;2;4153;1
8127;8308;3;2769;1
8128;8309;2;4154;1
8129;8310;7;1187;1
8130;8311;2;4155;1
8131;8312;8311;1;1
8132;8313;2;4156;1
8133;8314;3;2771;1
8134;8315;2;4157;1
8135;8316;5;1663;1
8136;8317;2;4158;1
8137;8318;8317;1;1
8138;8319;2;4159;1
8139;8320;3;2773;1
8140;8321;2;4160;1
8141;8322;53;157;1
8142;8323;2;4161;1
8143;8324;7;1189;1
8144;8325;2;4162;1
8145;8326;3;2775;1
8146;8327;2;4163;1
8147;8328;11;757;1
8148;8329;2;4164;1
8149;8330;8329;1;1
8150;8331;2;4165;1
8151;8332;3;2777;1
8152;8333;2;4166;1
8153;8334;13;641;1
8154;8335;2;4167;1
8155;8336;5;1667;1
8156;8337;5;1667;2
8157;8339;2;4169;1
8158;8340;31;269;1
8159;8341;2;4170;1
8160;8342;19;439;1
8161;8343;2;4171;1
8162;8344;3;2781;1
8163;8345;2;4172;1
8164;8346;5;1669;1
8165;8347;2;4173;1
8166;8348;17;491;1
8167;8349;2;4174;1
8168;8350;3;2783;1
8169;8351;2;4175;1
8170;8352;7;1193;1
8171;8353;2;4176;1
8172;8354;8353;1;1
8173;8355;2;4177;1
8174;8356;3;2785;1
8175;8357;2;4178;1
8176;8358;61;137;1
8177;8359;2;4179;1
8178;8360;13;643;1
8179;8361;2;4180;1
8180;8362;3;2787;1
8181;8363;2;4181;1
8182;8364;8363;1;1
8183;8365;2;4182;1
8184;8366;5;1673;1
8185;8367;2;4183;1
8186;8368;3;2789;1
8187;8369;2;4184;1
8188;8370;8369;1;1
8189;8371;2;4185;1
8190;8372;11;761;1
8191;8373;2;4186;1
8192;8374;3;2791;1
8193;8375;2;4187;1
8194;8376;5;1675;1
8195;8377;2;4188;1
8196;8378;8377;1;1
8197;8379;2;4189;1
8198;8380;3;2793;1
8199;8381;2;4190;1
8200;8382;17;493;1
8201;8383;2;4191;1
8202;8384;83;101;1
8203;8385;2;4192;1
8204;8386;3;2795;1
8205;8387;2;4193;1
8206;8388;8387;1;1
8207;8389;2;4194;1
8208;8390;8389;1;1
8209;8391;2;4195;1
8210;8392;3;2797;1
8211;8393;2;4196;1
8212;8394;7;1199;1
8213;8395;2;4197;1
8214;8396;5;1679;1
8215;8397;2;4198;1
8216;8398;3;2799;1
8217;8399;2;4199;1
8218;8400;37;227;1
8219;8401;2;4200;1
8220;8402;31;271;1
8221;8403;2;4201;1
8222;8404;3;2801;1
8223;8405;2;4202;1
8224;8406;5;1681;1
8225;8407;2;4203;1
8226;8408;7;1201;1
8227;8409;2;4204;1
8228;8410;3;2803;1
8229;8411;2;4205;1
8230;8412;13;647;1
8231;8413;2;4206;1
8232;8414;47;179;1
8233;8415;2;4207;1
8234;8416;3;2805;1
8235;8417;2;4208;1
8236;8418;19;443;1
8237;8419;2;4209;1
8238;8420;8419;1;1
8239;8421;2;4210;1
8240;8422;3;2807;1
8241;8423;2;4211;1
8242;8424;8423;1;1
8243;8425;2;4212;1
8244;8426;5;1685;1
8245;8427;2;4213;1
8246;8428;3;2809;1
8247;8429;2;4214;1
8248;8430;8429;1;1
8249;8431;2;4215;1
8250;8432;8431;1;1
8251;8433;2;4216;1
8252;8434;3;2811;1
8253;8435;2;4217;1
8254;8436;5;1687;1
8255;8437;2;4218;1
8256;8438;11;767;1
8257;8439;2;4219;1
8258;8440;3;2813;1
8259;8441;2;4220;1
8260;8442;23;367;1
8261;8443;2;4221;1
8262;8444;8443;1;1
8263;8445;2;4222;1
8264;8446;3;2815;1
8265;8447;3;2815;2
8266;8449;2;4224;1
8267;8450;7;1207;1
8268;8451;2;4225;1
8269;8452;3;2817;1
8270;8453;2;4226;1
8271;8454;79;107;1
8272;8455;2;4227;1
8273;8456;5;1691;1
8274;8457;2;4228;1
8275;8458;3;2819;1
8276;8459;2;4229;1
8277;8460;11;769;1
8278;8461;2;4230;1
8279;8462;8461;1;1
8280;8463;2;4231;1
8281;8464;3;2821;1
8282;8465;2;4232;1
8283;8466;5;1693;1
8284;8467;2;4233;1
8285;8468;8467;1;1
8286;8469;2;4234;1
8287;8470;3;2823;1
8288;8471;2;4235;1
8289;8472;43;197;1
8290;8473;2;4236;1
8291;8474;37;229;1
8292;8475;2;4237;1
8293;8476;3;2825;1
8294;8477;2;4238;1
8295;8478;7;1211;1
8296;8479;2;4239;1
8297;8480;61;139;1
8298;8481;2;4240;1
8299;8482;3;2827;1
8300;8483;2;4241;1
8301;8484;17;499;1
8302;8485;2;4242;1
8303;8486;5;1697;1
8304;8487;2;4243;1
8305;8488;3;2829;1
8306;8489;2;4244;1
8307;8490;13;653;1
8308;8491;2;4245;1
8309;8492;7;1213;1
8310;8493;2;4246;1
8311;8494;3;2831;1
8312;8495;2;4247;1
8313;8496;5;1699;1
8314;8497;2;4248;1
8315;8498;29;293;1
8316;8499;2;4249;1
8317;8500;3;2833;1
8318;8501;2;4250;1
8319;8502;8501;1;1
8320;8503;2;4251;1
8321;8504;11;773;1
8322;8505;2;4252;1
8323;8506;3;2835;1
8324;8507;2;4253;1
8325;8508;47;181;1
8326;8509;2;4254;1
8327;8510;67;127;1
8328;8511;2;4255;1
8329;8512;3;2837;1
8330;8513;2;4256;1
8331;8514;8513;1;1
8332;8515;2;4257;1
8333;8516;5;1703;1
8334;8517;2;4258;1
8335;8518;3;2839;1
8336;8519;2;4259;1
8337;8520;7;1217;1
8338;8521;2;4260;1
8339;8522;8521;1;1
8340;8523;2;4261;1
8341;8524;3;2841;1
8342;8525;2;4262;1
8343;8526;5;1705;1
8344;8527;2;4263;1
8345;8528;8527;1;1
8346;8529;2;4264;1
8347;8530;3;2843;1
8348;8531;2;4265;1
8349;8532;19;449;1
8350;8533;2;4266;1
8351;8534;7;1219;1
8352;8535;2;4267;1
8353;8536;3;2845;1
8354;8537;2;4268;1
8355;8538;8537;1;1
8356;8539;2;4269;1
8357;8540;8539;1;1
8358;8541;2;4270;1
8359;8542;3;2847;1
8360;8543;2;4271;1
8361;8544;8543;1;1
8362;8545;2;4272;1
8363;8546;5;1709;1
8364;8547;2;4273;1
8365;8548;3;2849;1
8366;8549;2;4274;1
8367;8550;83;103;1
8368;8551;2;4275;1
8369;8552;17;503;1
8370;8553;2;4276;1
8371;8554;3;2851;1
8372;8555;2;4277;1
8373;8556;5;1711;1
8374;8557;5;1711;2
8375;8559;2;4279;1
8376;8560;3;2853;1
8377;8561;2;4280;1
8378;8562;7;1223;1
8379;8563;2;4281;1
8380;8564;8563;1;1
8381;8565;2;4282;1
8382;8566;3;2855;1
8383;8567;2;4283;1
8384;8568;13;659;1
8385;8569;2;4284;1
8386;8570;11;779;1
8387;8571;2;4285;1
8388;8572;3;2857;1
8389;8573;2;4286;1
8390;8574;8573;1;1
8391;8575;2;4287;1
8392;8576;5;1715;1
8393;8577;2;4288;1
8394;8578;3;2859;1
8395;8579;2;4289;1
8396;8580;23;373;1
8397;8581;2;4290;1
8398;8582;8581;1;1
8399;8583;2;4291;1
8400;8584;3;2861;1
8401;8585;2;4292;1
8402;8586;5;1717;1
8403;8587;2;4293;1
8404;8588;31;277;1
8405;8589;2;4294;1
8406;8590;3;2863;1
8407;8591;2;4295;1
8408;8592;11;781;1
8409;8593;2;4296;1
8410;8594;13;661;1
8411;8595;2;4297;1
8412;8596;3;2865;1
8413;8597;2;4298;1
8414;8598;8597;1;1
8415;8599;2;4299;1
8416;8600;8599;1;1
8417;8601;2;4300;1
8418;8602;3;2867;1
8419;8603;2;4301;1
8420;8604;7;1229;1
8421;8605;2;4302;1
8422;8606;5;1721;1
8423;8607;2;4303;1
8424;8608;3;2869;1
8425;8609;2;4304;1
8426;8610;8609;1;1
8427;8611;2;4305;1
8428;8612;79;109;1
8429;8613;2;4306;1
8430;8614;3;2871;1
8431;8615;2;4307;1
8432;8616;5;1723;1
8433;8617;2;4308;1
8434;8618;7;1231;1
8435;8619;2;4309;1
8436;8620;3;2873;1
8437;8621;2;4310;1
8438;8622;37;233;1
8439;8623;2;4311;1
8440;8624;8623;1;1
8441;8625;2;4312;1
8442;8626;3;2875;1
8443;8627;2;4313;1
8444;8628;8627;1;1
8445;8629;2;4314;1
8446;8630;8629;1;1
8447;8631;2;4315;1
8448;8632;3;2877;1
8449;8633;2;4316;1
8450;8634;89;97;1
8451;8635;2;4317;1
8452;8636;5;1727;1
8453;8637;2;4318;1
8454;8638;3;2879;1
8455;8639;2;4319;1
8456;8640;53;163;1
8457;8641;2;4320;1
8458;8642;8641;1;1
8459;8643;2;4321;1
8460;8644;3;2881;1
8461;8645;2;4322;1
8462;8646;5;1729;1
8463;8647;2;4323;1
8464;8648;8647;1;1
8465;8649;2;4324;1
8466;8650;3;2883;1
8467;8651;2;4325;1
8468;8652;41;211;1
8469;8653;2;4326;1
8470;8654;17;509;1
8471;8655;2;4327;1
8472;8656;3;2885;1
8473;8657;2;4328;1
8474;8658;11;787;1
8475;8659;2;4329;1
8476;8660;7;1237;1
8477;8661;2;4330;1
8478;8662;3;2887;1
8479;8663;2;4331;1
8480;8664;8663;1;1
8481;8665;2;4332;1
8482;8666;5;1733;1
8483;8667;5;1733;2
8484;8669;2;4334;1
8485;8670;8669;1;1
8486;8671;2;4335;1
8487;8672;13;667;1
8488;8673;2;4336;1
8489;8674;3;2891;1
8490;8675;2;4337;1
8491;8676;5;1735;1
8492;8677;2;4338;1
8493;8678;8677;1;1
8494;8679;2;4339;1
8495;8680;3;2893;1
8496;8681;2;4340;1
8497;8682;8681;1;1
8498;8683;2;4341;1
8499;8684;19;457;1
8500;8685;2;4342;1
8501;8686;3;2895;1
8502;8687;2;4343;1
8503;8688;7;1241;1
8504;8689;2;4344;1
8505;8690;8689;1;1
8506;8691;2;4345;1
8507;8692;3;2897;1
8508;8693;2;4346;1
8509;8694;8693;1;1
8510;8695;2;4347;1
8511;8696;5;1739;1
8512;8697;2;4348;1
8513;8698;3;2899;1
8514;8699;2;4349;1
8515;8700;8699;1;1
8516;8701;2;4350;1
8517;8702;7;1243;1
8518;8703;2;4351;1
8519;8704;3;2901;1
8520;8705;2;4352;1
8521;8706;5;1741;1
8522;8707;2;4353;1
8523;8708;8707;1;1
8524;8709;2;4354;1
8525;8710;3;2903;1
8526;8711;2;4355;1
8527;8712;31;281;1
8528;8713;2;4356;1
8529;8714;8713;1;1
8530;8715;2;4357;1
8531;8716;3;2905;1
8532;8717;2;4358;1
8533;8718;23;379;1
8534;8719;2;4359;1
8535;8720;8719;1;1
8536;8721;2;4360;1
8537;8722;3;2907;1
8538;8723;2;4361;1
8539;8724;11;793;1
8540;8725;2;4362;1
8541;8726;5;1745;1
8542;8727;2;4363;1
8543;8728;3;2909;1
8544;8729;2;4364;1
8545;8730;7;1247;1
8546;8731;2;4365;1
8547;8732;8731;1;1
8548;8733;2;4366;1
8549;8734;3;2911;1
8550;8735;2;4367;1
8551;8736;5;1747;1
8552;8737;2;4368;1
8553;8738;8737;1;1
8554;8739;2;4369;1
8555;8740;3;2913;1
8556;8741;2;4370;1
8557;8742;8741;1;1
8558;8743;2;4371;1
8559;8744;7;1249;1
8560;8745;2;4372;1
8561;8746;3;2915;1
8562;8747;2;4373;1
8563;8748;8747;1;1
8564;8749;2;4374;1
8565;8750;13;673;1
8566;8751;2;4375;1
8567;8752;3;2917;1
8568;8753;2;4376;1
8569;8754;8753;1;1
8570;8755;2;4377;1
8571;8756;5;1751;1
8572;8757;2;4378;1
8573;8758;3;2919;1
8574;8759;2;4379;1
8575;8760;19;461;1
8576;8761;2;4380;1
8577;8762;8761;1;1
8578;8763;2;4381;1
8579;8764;3;2921;1
8580;8765;2;4382;1
8581;8766;5;1753;1
8582;8767;2;4383;1
8583;8768;11;797;1
8584;8769;2;4384;1
8585;8770;3;2923;1
8586;8771;2;4385;1
8587;8772;7;1253;1
8588;8773;2;4386;1
8589;8774;31;283;1
8590;8775;2;4387;1
8591;8776;3;2925;1
8592;8777;3;2925;2
8593;8779;2;4389;1
8594;8780;8779;1;1
8595;8781;2;4390;1
8596;8782;3;2927;1
8597;8783;2;4391;1
8598;8784;8783;1;1
8599;8785;2;4392;1
8600;8786;5;1757;1
8601;8787;2;4393;1
8602;8788;3;2929;1
8603;8789;2;4394;1
8604;8790;11;799;1
8605;8791;2;4395;1
8606;8792;59;149;1
8607;8793;2;4396;1
8608;8794;3;2931;1
8609;8795;2;4397;1
8610;8796;5;1759;1
8611;8797;2;4398;1
8612;8798;19;463;1
8613;8799;2;4399;1
8614;8800;3;2933;1
8615;8801;2;4400;1
8616;8802;13;677;1
8617;8803;2;4401;1
8618;8804;8803;1;1
8619;8805;2;4402;1
8620;8806;3;2935;1
8621;8807;2;4403;1
8622;8808;8807;1;1
8623;8809;2;4404;1
8624;8810;23;383;1
8625;8811;2;4405;1
8626;8812;3;2937;1
8627;8813;2;4406;1
8628;8814;7;1259;1
8629;8815;2;4407;1
8630;8816;5;1763;1
8631;8817;2;4408;1
8632;8818;3;2939;1
8633;8819;2;4409;1
8634;8820;8819;1;1
8635;8821;2;4410;1
8636;8822;8821;1;1
8637;8823;2;4411;1
8638;8824;3;2941;1
8639;8825;2;4412;1
8640;8826;5;1765;1
8641;8827;2;4413;1
8642;8828;7;1261;1
8643;8829;2;4414;1
8644;8830;3;2943;1
8645;8831;2;4415;1
8646;8832;8831;1;1
8647;8833;2;4416;1
8648;8834;11;803;1
8649;8835;2;4417;1
8650;8836;3;2945;1
8651;8837;2;4418;1
8652;8838;8837;1;1
8653;8839;2;4419;1
8654;8840;8839;1;1
8655;8841;2;4420;1
8656;8842;3;2947;1
8657;8843;2;4421;1
8658;8844;37;239;1
8659;8845;2;4422;1
8660;8846;5;1769;1
8661;8847;2;4423;1
8662;8848;3;2949;1
8663;8849;2;4424;1
8664;8850;8849;1;1
8665;8851;2;4425;1
8666;8852;53;167;1
8667;8853;2;4426;1
8668;8854;3;2951;1
8669;8855;2;4427;1
8670;8856;5;1771;1
8671;8857;2;4428;1
8672;8858;17;521;1
8673;8859;2;4429;1
8674;8860;3;2953;1
8675;8861;2;4430;1
8676;8862;8861;1;1
8677;8863;2;4431;1
8678;8864;8863;1;1
8679;8865;2;4432;1
8680;8866;3;2955;1
8681;8867;2;4433;1
8682;8868;8867;1;1
8683;8869;2;4434;1
8684;8870;7;1267;1
8685;8871;2;4435;1
8686;8872;3;2957;1
8687;8873;2;4436;1
8688;8874;19;467;1
8689;8875;2;4437;1
8690;8876;5;1775;1
8691;8877;2;4438;1
8692;8878;3;2959;1
8693;8879;2;4439;1
8694;8880;13;683;1
8695;8881;2;4440;1
8696;8882;83;107;1
8697;8883;2;4441;1
8698;8884;3;2961;1
8699;8885;2;4442;1
8700;8886;5;1777;1
8701;8887;5;1777;2
8702;8889;2;4444;1
8703;8890;3;2963;1
8704;8891;2;4445;1
8705;8892;17;523;1
8706;8893;2;4446;1
8707;8894;8893;1;1
8708;8895;2;4447;1
8709;8896;3;2965;1
8710;8897;2;4448;1
8711;8898;7;1271;1
8712;8899;2;4449;1
8713;8900;11;809;1
8714;8901;2;4450;1
8715;8902;3;2967;1
8716;8903;2;4451;1
8717;8904;29;307;1
8718;8905;2;4452;1
8719;8906;5;1781;1
8720;8907;2;4453;1
8721;8908;3;2969;1
8722;8909;2;4454;1
8723;8910;59;151;1
8724;8911;2;4455;1
8725;8912;7;1273;1
8726;8913;2;4456;1
8727;8914;3;2971;1
8728;8915;2;4457;1
8729;8916;5;1783;1
8730;8917;2;4458;1
8731;8918;37;241;1
8732;8919;2;4459;1
8733;8920;3;2973;1
8734;8921;2;4460;1
8735;8922;11;811;1
8736;8923;2;4461;1
8737;8924;8923;1;1
8738;8925;2;4462;1
8739;8926;3;2975;1
8740;8927;2;4463;1
8741;8928;79;113;1
8742;8929;2;4464;1
8743;8930;8929;1;1
8744;8931;2;4465;1
8745;8932;3;2977;1
8746;8933;2;4466;1
8747;8934;8933;1;1
8748;8935;2;4467;1
8749;8936;5;1787;1
8750;8937;2;4468;1
8751;8938;3;2979;1
8752;8939;2;4469;1
8753;8940;7;1277;1
8754;8941;2;4470;1
8755;8942;8941;1;1
8756;8943;2;4471;1
8757;8944;3;2981;1
8758;8945;2;4472;1
8759;8946;5;1789;1
8760;8947;2;4473;1
8761;8948;23;389;1
8762;8949;2;4474;1
8763;8950;3;2983;1
8764;8951;2;4475;1
8765;8952;8951;1;1
8766;8953;2;4476;1
8767;8954;7;1279;1
8768;8955;2;4477;1
8769;8956;3;2985;1
8770;8957;2;4478;1
8771;8958;13;689;1
8772;8959;2;4479;1
8773;8960;17;527;1
8774;8961;2;4480;1
8775;8962;3;2987;1
8776;8963;2;4481;1
8777;8964;8963;1;1
8778;8965;2;4482;1
8779;8966;5;1793;1
8780;8967;2;4483;1
8781;8968;3;2989;1
8782;8969;2;4484;1
8783;8970;8969;1;1
8784;8971;2;4485;1
8785;8972;8971;1;1
8786;8973;2;4486;1
8787;8974;3;2991;1
8788;8975;2;4487;1
8789;8976;5;1795;1
8790;8977;2;4488;1
8791;8978;47;191;1
8792;8979;2;4489;1
8793;8980;3;2993;1
8794;8981;2;4490;1
8795;8982;7;1283;1
8796;8983;2;4491;1
8797;8984;13;691;1
8798;8985;2;4492;1
8799;8986;3;2995;1
8800;8987;2;4493;1
8801;8988;11;817;1
8802;8989;2;4494;1
8803;8990;89;101;1
8804;8991;2;4495;1
8805;8992;3;2997;1
8806;8993;2;4496;1
8807;8994;17;529;1
8808;8995;2;4497;1
8809;8996;5;1799;1
8810;8997;5;1799;2
8811;8999;2;4499;1
8812;9000;8999;1;1
8813;9001;2;4500;1
8814;9002;9001;1;1
8815;9003;2;4501;1
8816;9004;3;3001;1
8817;9005;2;4502;1
8818;9006;5;1801;1
8819;9007;2;4503;1
8820;9008;3;3002;2
8821;9010;3;3003;1
8822;9011;2;4505;1
8823;9012;9011;1;1
8824;9013;2;4506;1
8825;9014;9013;1;1
8826;9015;2;4507;1
8827;9016;3;3005;1
8828;9017;2;4508;1
8829;9018;71;127;1
8830;9019;2;4509;1
8831;9020;29;311;1
8832;9021;2;4510;1
8833;9022;3;3007;1
8834;9023;2;4511;1
8835;9024;7;1289;1
8836;9025;2;4512;1
8837;9026;5;1805;1
8838;9027;2;4513;1
8839;9028;3;3009;1
8840;9029;2;4514;1
8841;9030;9029;1;1
8842;9031;2;4515;1
8843;9032;11;821;1
8844;9033;2;4516;1
8845;9034;3;3011;1
8846;9035;2;4517;1
8847;9036;5;1807;1
8848;9037;2;4518;1
8849;9038;7;1291;1
8850;9039;2;4519;1
8851;9040;3;3013;1
8852;9041;2;4520;1
8853;9042;9041;1;1
8854;9043;2;4521;1
8855;9044;9043;1;1
8856;9045;2;4522;1
8857;9046;3;3015;1
8858;9047;2;4523;1
8859;9048;83;109;1
8860;9049;2;4524;1
8861;9050;9049;1;1
8862;9051;2;4525;1
8863;9052;3;3017;1
8864;9053;2;4526;1
8865;9054;11;823;1
8866;9055;2;4527;1
8867;9056;5;1811;1
8868;9057;2;4528;1
8869;9058;3;3019;1
8870;9059;2;4529;1
8871;9060;9059;1;1
8872;9061;2;4530;1
8873;9062;13;697;1
8874;9063;2;4531;1
8875;9064;3;3021;1
8876;9065;2;4532;1
8877;9066;5;1813;1
8878;9067;2;4533;1
8879;9068;9067;1;1
8880;9069;2;4534;1
8881;9070;3;3023;1
8882;9071;2;4535;1
8883;9072;47;193;1
8884;9073;2;4536;1
8885;9074;43;211;1
8886;9075;2;4537;1
8887;9076;3;3025;1
8888;9077;2;4538;1
8889;9078;29;313;1
8890;9079;2;4539;1
8891;9080;7;1297;1
8892;9081;2;4540;1
8893;9082;3;3027;1
8894;9083;2;4541;1
8895;9084;31;293;1
8896;9085;2;4542;1
8897;9086;5;1817;1
8898;9087;2;4543;1
8899;9088;3;3029;1
8900;9089;2;4544;1
8901;9090;61;149;1
8902;9091;2;4545;1
8903;9092;9091;1;1
8904;9093;2;4546;1
8905;9094;3;3031;1
8906;9095;2;4547;1
8907;9096;5;1819;1
8908;9097;2;4548;1
8909;9098;11;827;1
8910;9099;2;4549;1
8911;9100;3;3033;1
8912;9101;2;4550;1
8913;9102;19;479;1
8914;9103;2;4551;1
8915;9104;9103;1;1
8916;9105;2;4552;1
8917;9106;3;3035;1
8918;9107;2;4553;1
8919;9108;7;1301;1
8920;9109;2;4554;1
8921;9110;9109;1;1
8922;9111;2;4555;1
8923;9112;3;3037;1
8924;9113;2;4556;1
8925;9114;13;701;1
8926;9115;2;4557;1
8927;9116;5;1823;1
8928;9117;2;4558;1
8929;9118;4;2279;2
8930;9120;11;829;1
8931;9121;2;4560;1
8932;9122;7;1303;1
8933;9123;2;4561;1
8934;9124;3;3041;1
8935;9125;2;4562;1
8936;9126;5;1825;1
8937;9127;2;4563;1
8938;9128;9127;1;1
8939;9129;2;4564;1
8940;9130;3;3043;1
8941;9131;2;4565;1
8942;9132;23;397;1
8943;9133;2;4566;1
8944;9134;9133;1;1
8945;9135;2;4567;1
8946;9136;3;3045;1
8947;9137;2;4568;1
8948;9138;9137;1;1
8949;9139;2;4569;1
8950;9140;13;703;1
8951;9141;2;4570;1
8952;9142;3;3047;1
8953;9143;2;4571;1
8954;9144;41;223;1
8955;9145;2;4572;1
8956;9146;5;1829;1
8957;9147;2;4573;1
8958;9148;3;3049;1
8959;9149;2;4574;1
8960;9150;7;1307;1
8961;9151;2;4575;1
8962;9152;9151;1;1
8963;9153;2;4576;1
8964;9154;3;3051;1
8965;9155;2;4577;1
8966;9156;5;1831;1
8967;9157;2;4578;1
8968;9158;9157;1;1
8969;9159;2;4579;1
8970;9160;3;3053;1
8971;9161;2;4580;1
8972;9162;9161;1;1
8973;9163;2;4581;1
8974;9164;7;1309;1
8975;9165;2;4582;1
8976;9166;3;3055;1
8977;9167;2;4583;1
8978;9168;89;103;1
8979;9169;2;4584;1
8980;9170;53;173;1
8981;9171;2;4585;1
8982;9172;3;3057;1
8983;9173;2;4586;1
8984;9174;9173;1;1
8985;9175;2;4587;1
8986;9176;5;1835;1
8987;9177;2;4588;1
8988;9178;3;3059;1
8989;9179;2;4589;1
8990;9180;67;137;1
8991;9181;2;4590;1
8992;9182;9181;1;1
8993;9183;2;4591;1
8994;9184;3;3061;1
8995;9185;2;4592;1
8996;9186;5;1837;1
8997;9187;2;4593;1
8998;9188;9187;1;1
8999;9189;2;4594;1
9000;9190;3;3063;1
9001;9191;2;4595;1
9002;9192;7;1313;1
9003;9193;2;4596;1
9004;9194;29;317;1
9005;9195;2;4597;1
9006;9196;3;3065;1
9007;9197;2;4598;1
9008;9198;17;541;1
9009;9199;2;4599;1
9010;9200;9199;1;1
9011;9201;2;4600;1
9012;9202;3;3067;1
9013;9203;2;4601;1
9014;9204;9203;1;1
9015;9205;2;4602;1
9016;9206;5;1841;1
9017;9207;2;4603;1
9018;9208;3;3069;1
9019;9209;2;4604;1
9020;9210;9209;1;1
9021;9211;2;4605;1
9022;9212;61;151;1
9023;9213;2;4606;1
9024;9214;3;3071;1
9025;9215;2;4607;1
9026;9216;5;1843;1
9027;9217;2;4608;1
9028;9218;13;709;1
9029;9219;2;4609;1
9030;9220;3;3073;1
9031;9221;2;4610;1
9032;9222;9221;1;1
9033;9223;2;4611;1
9034;9224;23;401;1
9035;9225;2;4612;1
9036;9226;3;3075;1
9037;9227;2;4613;1
9038;9228;7;1318;2
9039;9230;11;839;1
9040;9231;2;4615;1
9041;9232;3;3077;1
9042;9233;2;4616;1
9043;9234;7;1319;1
9044;9235;2;4617;1
9045;9236;5;1847;1
9046;9237;2;4618;1
9047;9238;3;3079;1
9048;9239;2;4619;1
9049;9240;9239;1;1
9050;9241;2;4620;1
9051;9242;9241;1;1
9052;9243;2;4621;1
9053;9244;3;3081;1
9054;9245;2;4622;1
9055;9246;5;1849;1
9056;9247;2;4623;1
9057;9248;7;1321;1
9058;9249;2;4624;1
9059;9250;3;3083;1
9060;9251;2;4625;1
9061;9252;11;841;1
9062;9253;2;4626;1
9063;9254;19;487;1
9064;9255;2;4627;1
9065;9256;3;3085;1
9066;9257;2;4628;1
9067;9258;9257;1;1
9068;9259;2;4629;1
9069;9260;47;197;1
9070;9261;2;4630;1
9071;9262;3;3087;1
9072;9263;2;4631;1
9073;9264;59;157;1
9074;9265;2;4632;1
9075;9266;5;1853;1
9076;9267;2;4633;1
9077;9268;3;3089;1
9078;9269;2;4634;1
9079;9270;13;713;1
9080;9271;2;4635;1
9081;9272;73;127;1
9082;9273;2;4636;1
9083;9274;3;3091;1
9084;9275;2;4637;1
9085;9276;5;1855;1
9086;9277;2;4638;1
9087;9278;9277;1;1
9088;9279;2;4639;1
9089;9280;3;3093;1
9090;9281;2;4640;1
9091;9282;9281;1;1
9092;9283;2;4641;1
9093;9284;9283;1;1
9094;9285;2;4642;1
9095;9286;3;3095;1
9096;9287;2;4643;1
9097;9288;37;251;1
9098;9289;2;4644;1
9099;9290;7;1327;1
9100;9291;2;4645;1
9101;9292;3;3097;1
9102;9293;2;4646;1
9103;9294;9293;1;1
9104;9295;2;4647;1
9105;9296;5;1859;1
9106;9297;2;4648;1
9107;9298;3;3099;1
9108;9299;2;4649;1
9109;9300;17;547;1
9110;9301;2;4650;1
9111;9302;71;131;1
9112;9303;2;4651;1
9113;9304;3;3101;1
9114;9305;2;4652;1
9115;9306;5;1861;1
9116;9307;2;4653;1
9117;9308;41;227;1
9118;9309;2;4654;1
9119;9310;3;3103;1
9120;9311;2;4655;1
9121;9312;9311;1;1
9122;9313;2;4656;1
9123;9314;67;139;1
9124;9315;2;4657;1
9125;9316;3;3105;1
9126;9317;2;4658;1
9127;9318;7;1331;1
9128;9319;2;4659;1
9129;9320;9319;1;1
9130;9321;2;4660;1
9131;9322;3;3107;1
9132;9323;2;4661;1
9133;9324;9323;1;1
9134;9325;2;4662;1
9135;9326;5;1865;1
9136;9327;2;4663;1
9137;9328;3;3109;1
9138;9329;2;4664;1
9139;9330;19;491;1
9140;9331;2;4665;1
9141;9332;7;1333;1
9142;9333;2;4666;1
9143;9334;3;3111;1
9144;9335;2;4667;1
9145;9336;5;1867;1
9146;9337;2;4668;1
9147;9338;3;3112;2
9148;9340;3;3113;1
9149;9341;2;4670;1
9150;9342;9341;1;1
9151;9343;2;4671;1
9152;9344;9343;1;1
9153;9345;2;4672;1
9154;9346;3;3115;1
9155;9347;2;4673;1
9156;9348;13;719;1
9157;9349;2;4674;1
9158;9350;9349;1;1
9159;9351;2;4675;1
9160;9352;3;3117;1
9161;9353;2;4676;1
9162;9354;47;199;1
9163;9355;2;4677;1
9164;9356;5;1871;1
9165;9357;2;4678;1
9166;9358;3;3119;1
9167;9359;2;4679;1
9168;9360;7;1337;1
9169;9361;2;4680;1
9170;9362;11;851;1
9171;9363;2;4681;1
9172;9364;3;3121;1
9173;9365;2;4682;1
9174;9366;5;1873;1
9175;9367;2;4683;1
9176;9368;17;551;1
9177;9369;2;4684;1
9178;9370;3;3123;1
9179;9371;2;4685;1
9180;9372;9371;1;1
9181;9373;2;4686;1
9182;9374;7;1339;1
9183;9375;2;4687;1
9184;9376;3;3125;1
9185;9377;2;4688;1
9186;9378;9377;1;1
9187;9379;2;4689;1
9188;9380;83;113;1
9189;9381;2;4690;1
9190;9382;3;3127;1
9191;9383;2;4691;1
9192;9384;11;853;1
9193;9385;2;4692;1
9194;9386;5;1877;1
9195;9387;2;4693;1
9196;9388;3;3129;1
9197;9389;2;4694;1
9198;9390;41;229;1
9199;9391;2;4695;1
9200;9392;9391;1;1
9201;9393;2;4696;1
9202;9394;3;3131;1
9203;9395;2;4697;1
9204;9396;5;1879;1
9205;9397;2;4698;1
9206;9398;9397;1;1
9207;9399;2;4699;1
9208;9400;3;3133;1
9209;9401;2;4700;1
9210;9402;7;1343;1
9211;9403;2;4701;1
9212;9404;9403;1;1
9213;9405;2;4702;1
9214;9406;3;3135;1
9215;9407;2;4703;1
9216;9408;23;409;1
9217;9409;2;4704;1
9218;9410;97;97;1
9219;9411;2;4705;1
9220;9412;3;3137;1
9221;9413;2;4706;1
9222;9414;9413;1;1
9223;9415;2;4707;1
9224;9416;5;1883;1
9225;9417;2;4708;1
9226;9418;3;3139;1
9227;9419;2;4709;1
9228;9420;9419;1;1
9229;9421;2;4710;1
9230;9422;9421;1;1
9231;9423;2;4711;1
9232;9424;3;3141;1
9233;9425;2;4712;1
9234;9426;5;1885;1
9235;9427;2;4713;1
9236;9428;11;857;1
9237;9429;2;4714;1
9238;9430;3;3143;1
9239;9431;2;4715;1
9240;9432;9431;1;1
9241;9433;2;4716;1
9242;9434;9433;1;1
9243;9435;2;4717;1
9244;9436;3;3145;1
9245;9437;2;4718;1
9246;9438;9437;1;1
9247;9439;2;4719;1
9248;9440;9439;1;1
9249;9441;2;4720;1
9250;9442;3;3147;1
9251;9443;2;4721;1
9252;9444;7;1349;1
9253;9445;2;4722;1
9254;9446;5;1889;1
9255;9447;2;4723;1
9256;9448;4723;2;2
9257;9450;11;859;1
9258;9451;2;4725;1
9259;9452;13;727;1
9260;9453;2;4726;1
9261;9454;3;3151;1
9262;9455;2;4727;1
9263;9456;5;1891;1
9264;9457;2;4728;1
9265;9458;7;1351;1
9266;9459;2;4729;1
9267;9460;3;3153;1
9268;9461;2;4730;1
9269;9462;9461;1;1
9270;9463;2;4731;1
9271;9464;9463;1;1
9272;9465;2;4732;1
9273;9466;3;3155;1
9274;9467;2;4733;1
9275;9468;9467;1;1
9276;9469;2;4734;1
9277;9470;17;557;1
9278;9471;2;4735;1
9279;9472;3;3157;1
9280;9473;2;4736;1
9281;9474;9473;1;1
9282;9475;2;4737;1
9283;9476;5;1895;1
9284;9477;2;4738;1
9285;9478;3;3159;1
9286;9479;2;4739;1
9287;9480;9479;1;1
9288;9481;2;4740;1
9289;9482;19;499;1
9290;9483;2;4741;1
9291;9484;3;3161;1
9292;9485;2;4742;1
9293;9486;5;1897;1
9294;9487;2;4743;1
9295;9488;53;179;1
9296;9489;2;4744;1
9297;9490;3;3163;1
9298;9491;2;4745;1
9299;9492;9491;1;1
9300;9493;2;4746;1
9301;9494;11;863;1
9302;9495;2;4747;1
9303;9496;3;3165;1
9304;9497;2;4748;1
9305;9498;9497;1;1
9306;9499;2;4749;1
9307;9500;7;1357;1
9308;9501;2;4750;1
9309;9502;3;3167;1
9310;9503;2;4751;1
9311;9504;13;731;1
9312;9505;2;4752;1
9313;9506;5;1901;1
9314;9507;2;4753;1
9315;9508;3;3169;1
9316;9509;2;4754;1
9317;9510;37;257;1
9318;9511;2;4755;1
9319;9512;9511;1;1
9320;9513;2;4756;1
9321;9514;3;3171;1
9322;9515;2;4757;1
9323;9516;5;1903;1
9324;9517;2;4758;1
9325;9518;31;307;1
9326;9519;2;4759;1
9327;9520;3;3173;1
9328;9521;2;4760;1
9329;9522;9521;1;1
9330;9523;2;4761;1
9331;9524;89;107;1
9332;9525;2;4762;1
9333;9526;3;3175;1
9334;9527;2;4763;1
9335;9528;7;1361;1
9336;9529;2;4764;1
9337;9530;13;733;1
9338;9531;2;4765;1
9339;9532;3;3177;1
9340;9533;2;4766;1
9341;9534;9533;1;1
9342;9535;2;4767;1
9343;9536;5;1907;1
9344;9537;2;4768;1
9345;9538;3;3179;1
9346;9539;2;4769;1
9347;9540;9539;1;1
9348;9541;2;4770;1
9349;9542;7;1363;1
9350;9543;2;4771;1
9351;9544;3;3181;1
9352;9545;2;4772;1
9353;9546;5;1909;1
9354;9547;2;4773;1
9355;9548;9547;1;1
9356;9549;2;4774;1
9357;9550;3;3183;1
9358;9551;2;4775;1
9359;9552;9551;1;1
9360;9553;2;4776;1
9361;9554;41;233;1
9362;9555;2;4777;1
9363;9556;3;3185;1
9364;9557;2;4778;1
9365;9558;4;2389;2
9366;9560;11;869;1
9367;9561;2;4780;1
9368;9562;3;3187;1
9369;9563;2;4781;1
9370;9564;73;131;1
9371;9565;2;4782;1
9372;9566;5;1913;1
9373;9567;2;4783;1
9374;9568;3;3189;1
9375;9569;2;4784;1
9376;9570;7;1367;1
9377;9571;2;4785;1
9378;9572;17;563;1
9379;9573;2;4786;1
9380;9574;3;3191;1
9381;9575;2;4787;1
9382;9576;5;1915;1
9383;9577;2;4788;1
9384;9578;61;157;1
9385;9579;2;4789;1
9386;9580;3;3193;1
9387;9581;2;4790;1
9388;9582;11;871;1
9389;9583;2;4791;1
9390;9584;7;1369;1
9391;9585;2;4792;1
9392;9586;3;3195;1
9393;9587;2;4793;1
9394;9588;9587;1;1
9395;9589;2;4794;1
9396;9590;43;223;1
9397;9591;2;4795;1
9398;9592;3;3197;1
9399;9593;2;4796;1
9400;9594;53;181;1
9401;9595;2;4797;1
9402;9596;5;1919;1
9403;9597;2;4798;1
9404;9598;3;3199;1
9405;9599;2;4799;1
9406;9600;29;331;1
9407;9601;2;4800;1
9408;9602;9601;1;1
9409;9603;2;4801;1
9410;9604;3;3201;1
9411;9605;2;4802;1
9412;9606;5;1921;1
9413;9607;2;4803;1
9414;9608;13;739;1
9415;9609;2;4804;1
9416;9610;3;3203;1
9417;9611;2;4805;1
9418;9612;7;1373;1
9419;9613;2;4806;1
9420;9614;9613;1;1
9421;9615;2;4807;1
9422;9616;3;3205;1
9423;9617;2;4808;1
9424;9618;59;163;1
9425;9619;2;4809;1
9426;9620;9619;1;1
9427;9621;2;4810;1
9428;9622;3;3207;1
9429;9623;2;4811;1
9430;9624;9623;1;1
9431;9625;2;4812;1
9432;9626;5;1925;1
9433;9627;2;4813;1
9434;9628;3;3209;1
9435;9629;2;4814;1
9436;9630;9629;1;1
9437;9631;2;4815;1
9438;9632;9631;1;1
9439;9633;2;4816;1
9440;9634;3;3211;1
9441;9635;2;4817;1
9442;9636;5;1927;1
9443;9637;2;4818;1
9444;9638;23;419;1
9445;9639;2;4819;1
9446;9640;3;3213;1
9447;9641;2;4820;1
9448;9642;31;311;1
9449;9643;2;4821;1
9450;9644;9643;1;1
9451;9645;2;4822;1
9452;9646;3;3215;1
9453;9647;2;4823;1
9454;9648;11;877;1
9455;9649;2;4824;1
9456;9650;9649;1;1
9457;9651;2;4825;1
9458;9652;3;3217;1
9459;9653;2;4826;1
9460;9654;7;1379;1
9461;9655;2;4827;1
9462;9656;5;1931;1
9463;9657;2;4828;1
9464;9658;3;3219;1
9465;9659;2;4829;1
9466;9660;13;743;1
9467;9661;2;4830;1
9468;9662;9661;1;1
9469;9663;2;4831;1
9470;9664;3;3221;1
9471;9665;2;4832;1
9472;9666;5;1933;1
9473;9667;2;4833;1
9474;9668;3;3222;2
9475;9670;3;3223;1
9476;9671;2;4835;1
9477;9672;19;509;1
9478;9673;2;4836;1
9479;9674;17;569;1
9480;9675;2;4837;1
9481;9676;3;3225;1
9482;9677;2;4838;1
9483;9678;9677;1;1
9484;9679;2;4839;1
9485;9680;9679;1;1
9486;9681;2;4840;1
9487;9682;3;3227;1
9488;9683;2;4841;1
9489;9684;23;421;1
9490;9685;2;4842;1
9491;9686;5;1937;1
9492;9687;2;4843;1
9493;9688;3;3229;1
9494;9689;2;4844;1
9495;9690;9689;1;1
9496;9691;2;4845;1
9497;9692;11;881;1
9498;9693;2;4846;1
9499;9694;3;3231;1
9500;9695;2;4847;1
9501;9696;5;1939;1
9502;9697;2;4848;1
9503;9698;9697;1;1
9504;9699;2;4849;1
9505;9700;3;3233;1
9506;9701;2;4850;1
9507;9702;89;109;1
9508;9703;2;4851;1
9509;9704;31;313;1
9510;9705;2;4852;1
9511;9706;3;3235;1
9512;9707;2;4853;1
9513;9708;17;571;1
9514;9709;2;4854;1
9515;9710;7;1387;1
9516;9711;2;4855;1
9517;9712;3;3237;1
9518;9713;2;4856;1
9519;9714;11;883;1
9520;9715;2;4857;1
9521;9716;5;1943;1
9522;9717;2;4858;1
9523;9718;3;3239;1
9524;9719;2;4859;1
9525;9720;9719;1;1
9526;9721;2;4860;1
9527;9722;9721;1;1
9528;9723;2;4861;1
9529;9724;3;3241;1
9530;9725;2;4862;1
9531;9726;5;1945;1
9532;9727;2;4863;1
9533;9728;71;137;1
9534;9729;2;4864;1
9535;9730;3;3243;1
9536;9731;2;4865;1
9537;9732;37;263;1
9538;9733;2;4866;1
9539;9734;9733;1;1
9540;9735;2;4867;1
9541;9736;3;3245;1
9542;9737;2;4868;1
9543;9738;7;1391;1
9544;9739;2;4869;1
9545;9740;9739;1;1
9546;9741;2;4870;1
9547;9742;3;3247;1
9548;9743;2;4871;1
9549;9744;9743;1;1
9550;9745;2;4872;1
9551;9746;5;1949;1
9552;9747;2;4873;1
9553;9748;3;3249;1
9554;9749;2;4874;1
9555;9750;9749;1;1
9556;9751;2;4875;1
9557;9752;7;1393;1
9558;9753;2;4876;1
9559;9754;3;3251;1
9560;9755;2;4877;1
9561;9756;5;1951;1
9562;9757;2;4878;1
9563;9758;11;887;1
9564;9759;2;4879;1
9565;9760;3;3253;1
9566;9761;2;4880;1
9567;9762;43;227;1
9568;9763;2;4881;1
9569;9764;13;751;1
9570;9765;2;4882;1
9571;9766;3;3255;1
9572;9767;2;4883;1
9573;9768;9767;1;1
9574;9769;2;4884;1
9575;9770;9769;1;1
9576;9771;2;4885;1
9577;9772;3;3257;1
9578;9773;2;4886;1
9579;9774;29;337;1
9580;9775;2;4887;1
9581;9776;5;1955;1
9582;9777;2;4888;1
9583;9778;4;2444;2
9584;9780;7;1397;1
9585;9781;2;4890;1
9586;9782;9781;1;1
9587;9783;2;4891;1
9588;9784;3;3261;1
9589;9785;2;4892;1
9590;9786;5;1957;1
9591;9787;2;4893;1
9592;9788;9787;1;1
9593;9789;2;4894;1
9594;9790;3;3263;1
9595;9791;2;4895;1
9596;9792;9791;1;1
9597;9793;2;4896;1
9598;9794;7;1399;1
9599;9795;2;4897;1
9600;9796;3;3265;1
9601;9797;2;4898;1
9602;9798;97;101;1
9603;9799;2;4899;1
9604;9800;41;239;1
9605;9801;2;4900;1
9606;9802;3;3267;1
9607;9803;2;4901;1
9608;9804;9803;1;1
9609;9805;2;4902;1
9610;9806;5;1961;1
9611;9807;2;4903;1
9612;9808;3;3269;1
9613;9809;2;4904;1
9614;9810;17;577;1
9615;9811;2;4905;1
9616;9812;9811;1;1
9617;9813;2;4906;1
9618;9814;3;3271;1
9619;9815;2;4907;1
9620;9816;5;1963;1
9621;9817;2;4908;1
9622;9818;9817;1;1
9623;9819;2;4909;1
9624;9820;3;3273;1
9625;9821;2;4910;1
9626;9822;7;1403;1
9627;9823;2;4911;1
9628;9824;11;893;1
9629;9825;2;4912;1
9630;9826;3;3275;1
9631;9827;2;4913;1
9632;9828;31;317;1
9633;9829;2;4914;1
9634;9830;9829;1;1
9635;9831;2;4915;1
9636;9832;3;3277;1
9637;9833;2;4916;1
9638;9834;9833;1;1
9639;9835;2;4917;1
9640;9836;5;1967;1
9641;9837;2;4918;1
9642;9838;3;3279;1
9643;9839;2;4919;1
9644;9840;9839;1;1
9645;9841;2;4920;1
9646;9842;13;757;1
9647;9843;2;4921;1
9648;9844;3;3281;1
9649;9845;2;4922;1
9650;9846;5;1969;1
9651;9847;2;4923;1
9652;9848;43;229;1
9653;9849;2;4924;1
9654;9850;3;3283;1
9655;9851;2;4925;1
9656;9852;9851;1;1
9657;9853;2;4926;1
9658;9854;59;167;1
9659;9855;2;4927;1
9660;9856;3;3285;1
9661;9857;2;4928;1
9662;9858;9857;1;1
9663;9859;2;4929;1
9664;9860;9859;1;1
9665;9861;2;4930;1
9666;9862;3;3287;1
9667;9863;2;4931;1
9668;9864;7;1409;1
9669;9865;2;4932;1
9670;9866;5;1973;1
9671;9867;2;4933;1
9672;9868;3;3289;1
9673;9869;2;4934;1
9674;9870;71;139;1
9675;9871;2;4935;1
9676;9872;9871;1;1
9677;9873;2;4936;1
9678;9874;3;3291;1
9679;9875;2;4937;1
9680;9876;5;1975;1
9681;9877;2;4938;1
9682;9878;7;1411;1
9683;9879;2;4939;1
9684;9880;3;3293;1
9685;9881;2;4940;1
9686;9882;41;241;1
9687;9883;2;4941;1
9688;9884;9883;1;1
9689;9885;2;4942;1
9690;9886;3;3295;1
9691;9887;2;4943;1
9692;9888;4943;2;2
9693;9890;11;899;1
9694;9891;2;4945;1
9695;9892;3;3297;1
9696;9893;2;4946;1
9697;9894;13;761;1
9698;9895;2;4947;1
9699;9896;5;1979;1
9700;9897;2;4948;1
9701;9898;3;3299;1
9702;9899;2;4949;1
9703;9900;19;521;1
9704;9901;2;4950;1
9705;9902;9901;1;1
9706;9903;2;4951;1
9707;9904;3;3301;1
9708;9905;2;4952;1
9709;9906;5;1981;1
9710;9907;2;4953;1
9711;9908;9907;1;1
9712;9909;2;4954;1
9713;9910;3;3303;1
9714;9911;2;4955;1
9715;9912;11;901;1
9716;9913;2;4956;1
9717;9914;23;431;1
9718;9915;2;4957;1
9719;9916;3;3305;1
9720;9917;2;4958;1
9721;9918;47;211;1
9722;9919;2;4959;1
9723;9920;7;1417;1
9724;9921;2;4960;1
9725;9922;3;3307;1
9726;9923;2;4961;1
9727;9924;9923;1;1
9728;9925;2;4962;1
9729;9926;5;1985;1
9730;9927;2;4963;1
9731;9928;3;3309;1
9732;9929;2;4964;1
9733;9930;9929;1;1
9734;9931;2;4965;1
9735;9932;9931;1;1
9736;9933;2;4966;1
9737;9934;3;3311;1
9738;9935;2;4967;1
9739;9936;5;1987;1
9740;9937;2;4968;1
9741;9938;19;523;1
9742;9939;2;4969;1
9743;9940;3;3313;1
9744;9941;2;4970;1
9745;9942;9941;1;1
9746;9943;2;4971;1
9747;9944;61;163;1
9748;9945;2;4972;1
9749;9946;3;3315;1
9750;9947;2;4973;1
9751;9948;7;1421;1
9752;9949;2;4974;1
9753;9950;9949;1;1
9754;9951;2;4975;1
9755;9952;3;3317;1
9756;9953;2;4976;1
9757;9954;37;269;1
9758;9955;2;4977;1
9759;9956;5;1991;1
9760;9957;2;4978;1
9761;9958;3;3319;1
9762;9959;2;4979;1
9763;9960;23;433;1
9764;9961;2;4980;1
9765;9962;7;1423;1
9766;9963;2;4981;1
9767;9964;3;3321;1
9768;9965;2;4982;1
9769;9966;5;1993;1
9770;9967;2;4983;1
9771;9968;9967;1;1
9772;9969;2;4984;1
9773;9970;3;3323;1
9774;9971;2;4985;1
9775;9972;13;767;1
9776;9973;2;4986;1
9777;9974;9973;1;1
9778;9975;2;4987;1
9779;9976;3;3325;1
9780;9977;2;4988;1
9781;9978;11;907;1
9782;9979;2;4989;1
9783;9980;17;587;1
9784;9981;2;4990;1
9785;9982;3;3327;1
9786;9983;2;4991;1
9787;9984;67;149;1
9788;9985;2;4992;1
9789;9986;5;1997;1
9790;9987;2;4993;1
9791;9988;3;3329;1
9792;9989;2;4994;1
9793;9990;7;1427;1
9794;9991;2;4995;1
9795;9992;97;103;1
9796;9993;2;4996;1
9797;9994;3;3331;1
9798;9995;2;4997;1
9799;9996;5;1999;1
9800;9997;2;4998;1
9801;9998;3;3332;2
9802;10000;4999;2;2
9803;10002;73;137;1
9804;10003;2;5001;1
9805;10004;7;1429;1
9806;10005;2;5002;1
9807;10006;3;3335;1
9808;10007;2;5003;1
9809;10008;10007;1;1
9810;10009;2;5004;1
9811;10010;10009;1;1
9812;10011;2;5005;1
9813;10012;3;3337;1
9814;10013;2;5006;1
9815;10014;17;589;1
9816;10015;2;5007;1
9817;10016;5;2003;1
9818;10017;2;5008;1
9819;10018;3;3339;1
9820;10019;2;5009;1
9821;10020;43;233;1
9822;10021;2;5010;1
9823;10022;11;911;1
9824;10023;2;5011;1
9825;10024;3;3341;1
9826;10025;2;5012;1
9827;10026;5;2005;1
9828;10027;2;5013;1
9829;10028;37;271;1
9830;10029;2;5014;1
9831;10030;3;3343;1
9832;10031;2;5015;1
9833;10032;7;1433;1
9834;10033;2;5016;1
9835;10034;79;127;1
9836;10035;2;5017;1
9837;10036;3;3345;1
9838;10037;2;5018;1
9839;10038;10037;1;1
9840;10039;2;5019;1
9841;10040;10039;1;1
9842;10041;2;5020;1
9843;10042;3;3347;1
9844;10043;2;5021;1
9845;10044;11;913;1
9846;10045;2;5022;1
9847;10046;5;2009;1
9848;10047;2;5023;1
9849;10048;3;3349;1
9850;10049;2;5024;1
9851;10050;13;773;1
9852;10051;2;5025;1
9853;10052;19;529;1
9854;10053;2;5026;1
9855;10054;3;3351;1
9856;10055;2;5027;1
9857;10056;5;2011;1
9858;10057;2;5028;1
9859;10058;89;113;1
9860;10059;2;5029;1
9861;10060;3;3353;1
9862;10061;2;5030;1
9863;10062;10061;1;1
9864;10063;2;5031;1
9865;10064;29;347;1
9866;10065;2;5032;1
9867;10066;3;3355;1
9868;10067;2;5033;1
9869;10068;10067;1;1
9870;10069;2;5034;1
9871;10070;10069;1;1
9872;10071;2;5035;1
9873;10072;3;3357;1
9874;10073;2;5036;1
9875;10074;7;1439;1
9876;10075;2;5037;1
9877;10076;5;2015;1
9878;10077;2;5038;1
9879;10078;3;3359;1
9880;10079;2;5039;1
9881;10080;10079;1;1
9882;10081;2;5040;1
9883;10082;17;593;1
9884;10083;2;5041;1
9885;10084;3;3361;1
9886;10085;2;5042;1
9887;10086;5;2017;1
9888;10087;2;5043;1
9889;10088;7;1441;1
9890;10089;2;5044;1
9891;10090;3;3363;1
9892;10091;2;5045;1
9893;10092;10091;1;1
9894;10093;2;5046;1
9895;10094;10093;1;1
9896;10095;2;5047;1
9897;10096;3;3365;1
9898;10097;2;5048;1
9899;10098;23;439;1
9900;10099;2;5049;1
9901;10100;3;3366;2
9902;10102;3;3367;1
9903;10103;2;5051;1
9904;10104;10103;1;1
9905;10105;2;5052;1
9906;10106;5;2021;1
9907;10107;2;5053;1
9908;10108;3;3369;1
9909;10109;2;5054;1
9910;10110;11;919;1
9911;10111;2;5055;1
9912;10112;10111;1;1
9913;10113;2;5056;1
9914;10114;3;3371;1
9915;10115;2;5057;1
9916;10116;5;2023;1
9917;10117;2;5058;1
9918;10118;67;151;1
9919;10119;2;5059;1
9920;10120;3;3373;1
9921;10121;2;5060;1
9922;10122;29;349;1
9923;10123;2;5061;1
9924;10124;53;191;1
9925;10125;2;5062;1
9926;10126;3;3375;1
9927;10127;2;5063;1
9928;10128;13;779;1
9929;10129;2;5064;1
9930;10130;7;1447;1
9931;10131;2;5065;1
9932;10132;3;3377;1
9933;10133;2;5066;1
9934;10134;10133;1;1
9935;10135;2;5067;1
9936;10136;5;2027;1
9937;10137;2;5068;1
9938;10138;3;3379;1
9939;10139;2;5069;1
9940;10140;10139;1;1
9941;10141;2;5070;1
9942;10142;10141;1;1
9943;10143;2;5071;1
9944;10144;3;3381;1
9945;10145;2;5072;1
9946;10146;5;2029;1
9947;10147;2;5073;1
9948;10148;73;139;1
9949;10149;2;5074;1
9950;10150;3;3383;1
9951;10151;2;5075;1
9952;10152;10151;1;1
9953;10153;2;5076;1
9954;10154;11;923;1
9955;10155;2;5077;1
9956;10156;3;3385;1
9957;10157;2;5078;1
9958;10158;7;1451;1
9959;10159;2;5079;1
9960;10160;10159;1;1
9961;10161;2;5080;1
9962;10162;3;3387;1
9963;10163;2;5081;1
9964;10164;10163;1;1
9965;10165;2;5082;1
9966;10166;5;2033;1
9967;10167;2;5083;1
9968;10168;3;3389;1
9969;10169;2;5084;1
9970;10170;10169;1;1
9971;10171;2;5085;1
9972;10172;7;1453;1
9973;10173;2;5086;1
9974;10174;3;3391;1
9975;10175;2;5087;1
9976;10176;5;2035;1
9977;10177;2;5088;1
9978;10178;10177;1;1
9979;10179;2;5089;1
9980;10180;3;3393;1
9981;10181;2;5090;1
9982;10182;10181;1;1
9983;10183;2;5091;1
9984;10184;17;599;1
9985;10185;2;5092;1
9986;10186;3;3395;1
9987;10187;2;5093;1
9988;10188;61;167;1
9989;10189;2;5094;1
9990;10190;23;443;1
9991;10191;2;5095;1
9992;10192;3;3397;1
9993;10193;2;5096;1
9994;10194;10193;1;1
9995;10195;2;5097;1
9996;10196;5;2039;1
9997;10197;2;5098;1
9998;10198;3;3399;1
9999;10199;2;5099;1
