n;A029952;weight;level;jump
1;0;0;0;1
2;1;0;0;1
3;2;0;0;1
4;3;2;1;1
5;4;0;0;2
6;6;0;0;6
7;12;0;0;6
8;18;12;1;6
9;24;11;2;2
10;26;7;3;5
11;31;13;2;5
12;36;31;1;5
13;41;6;6;5
14;46;8;5;6
15;52;47;1;5
16;57;13;4;5
17;62;19;3;5
18;67;31;2;5
19;72;11;6;6
20;78;73;1;5
21;83;6;13;5
22;88;83;1;5
23;93;8;11;5
24;98;23;4;6
25;104;9;11;5
26;109;8;13;5
27;114;109;1;5
28;119;6;19;5
29;124;61;2;2
30;126;32;3;30
31;156;42;3;30
32;186;39;4;30
33;216;31;6;30
34;246;8;30;6
35;252;37;6;30
36;282;36;7;30
37;312;47;6;30
38;342;39;8;30
39;372;61;6;6
40;378;58;6;30
41;408;42;9;30
42;438;34;12;30
43;468;73;6;30
44;498;12;41;6
45;504;79;6;30
46;534;36;14;30
47;564;89;6;30
48;594;47;12;30
49;624;311;2;2
50;626;601;1;25
51;651;313;2;25
52;676;31;21;25
53;701;26;26;25
54;726;58;12;30
55;756;43;17;25
56;781;27;28;25
57;806;71;11;25
58;831;26;31;25
59;856;59;14;30
60;886;41;21;25
61;911;443;2;25
62;936;911;1;25
63;961;26;36;25
64;986;239;4;30
65;1016;991;1;25
66;1041;127;8;25
67;1066;347;3;25
68;1091;26;41;25
69;1116;181;6;30
70;1146;59;19;25
71;1171;191;6;25
72;1196;1171;1;25
73;1221;26;46;25
74;1246;8;155;6
75;1252;409;3;25
76;1277;313;4;25
77;1302;1277;1;25
78;1327;31;42;25
79;1352;661;2;30
80;1382;59;23;25
81;1407;691;2;25
82;1432;67;21;25
83;1457;179;8;25
84;1482;33;44;30
85;1512;1487;1;25
86;1537;27;56;25
87;1562;29;53;25
88;1587;71;22;25
89;1612;113;14;30
90;1642;33;49;25
91;1667;821;2;25
92;1692;1667;1;25
93;1717;36;47;25
94;1742;107;16;30
95;1772;1747;1;25
96;1797;443;4;25
97;1822;599;3;25
98;1847;911;2;25
99;1872;311;6;6
100;1878;109;17;25
101;1903;313;6;25
102;1928;173;11;25
103;1953;241;8;25
104;1978;487;4;30
105;2008;661;3;25
106;2033;251;8;25
107;2058;107;19;25
108;2083;42;49;25
109;2108;1039;2;30
110;2138;2113;1;25
111;2163;1069;2;25
112;2188;103;21;25
113;2213;547;4;25
114;2238;32;69;30
115;2268;2243;1;25
116;2293;27;84;25
117;2318;2293;1;25
118;2343;38;61;25
119;2368;167;14;30
120;2398;113;21;25
121;2423;109;22;25
122;2448;2423;1;25
123;2473;34;72;25
124;2498;7;356;6
125;2504;37;67;25
126;2529;313;8;25
127;2554;281;9;25
128;2579;1277;2;25
129;2604;33;78;30
130;2634;2609;1;25
131;2659;439;6;25
132;2684;2659;1;25
133;2709;44;61;25
134;2734;52;52;30
135;2764;33;83;25
136;2789;691;4;25
137;2814;2789;1;25
138;2839;42;67;25
139;2864;109;26;30
140;2894;151;19;25
141;2919;1447;2;25
142;2944;139;21;25
143;2969;32;92;25
144;2994;38;78;30
145;3024;2999;1;25
146;3049;27;112;25
147;3074;3049;1;25
148;3099;29;106;25
149;3124;7;446;2
150;3126;186;16;150
151;3276;521;6;150
152;3426;156;21;150
153;3576;571;6;150
154;3726;33;112;30
155;3756;601;6;150
156;3906;313;12;150
157;4056;186;21;150
158;4206;156;26;150
159;4356;42;103;30
160;4386;353;12;150
161;4536;258;17;150
162;4686;162;28;150
163;4836;213;22;150
164;4986;42;118;30
165;5016;811;6;150
166;5166;152;33;150
167;5316;246;21;150
168;5466;443;12;150
169;5616;38;147;30
170;5646;229;24;150
171;5796;941;6;150
172;5946;161;36;150
173;6096;991;6;150
174;6246;8;780;6
175;6252;226;27;150
176;6402;521;12;150
177;6552;194;33;150
178;6702;156;42;150
179;6852;379;18;30
180;6882;153;44;150
181;7032;186;37;150
182;7182;293;24;150
183;7332;171;42;150
184;7482;36;207;30
185;7512;409;18;150
186;7662;313;24;150
187;7812;1277;6;150
188;7962;186;42;150
189;8112;449;18;30
190;8142;216;37;150
191;8292;177;46;150
192;8442;691;12;150
193;8592;201;42;150
194;8742;33;264;30
195;8772;479;18;150
196;8922;172;51;150
197;9072;1487;6;150
198;9222;162;56;150
199;9372;7;1338;6
200;9378;769;12;150
201;9528;521;18;150
202;9678;397;24;150
203;9828;1613;6;150
204;9978;829;12;30
205;10008;159;62;150
206;10158;278;36;150
207;10308;1693;6;150
208;10458;859;12;150
209;10608;41;258;30
210;10638;152;69;150
211;10788;197;54;150
212;10938;174;62;150
213;11088;1823;6;150
214;11238;467;24;30
215;11268;218;51;150
216;11418;313;36;150
217;11568;173;66;150
218;11718;241;48;150
219;11868;1973;6;30
220;11898;178;66;150
221;12048;661;18;150
222;12198;251;48;150
223;12348;214;57;150
224;12498;9;1388;6
225;12504;174;71;150
226;12654;521;24;150
227;12804;171;74;150
228;12954;194;66;150
229;13104;2179;6;30
230;13134;541;24;150
231;13284;199;66;150
232;13434;162;82;150
233;13584;2239;6;150
234;13734;571;24;30
235;13764;2269;6;150
236;13914;186;74;150
237;14064;773;18;150
238;14214;293;48;150
239;14364;2389;6;30
240;14394;1187;12;150
241;14544;2399;6;150
242;14694;202;72;150
243;14844;158;93;150
244;14994;43;348;30
245;15024;201;74;150
246;15174;313;48;150
247;15324;281;54;150
248;15474;1277;12;150
249;15624;73;214;2
250;15626;5167;3;125
251;15751;601;26;125
252;15876;829;19;125
253;16001;126;126;125
254;16126;1997;8;150
255;16276;521;31;125
256;16401;313;52;125
257;16526;213;77;125
258;16651;8263;2;125
259;16776;163;102;150
260;16926;317;53;125
261;17051;182;93;125
262;17176;289;59;125
263;17301;152;113;125
264;17426;617;28;150
265;17576;277;63;125
266;17701;169;104;125
267;17826;571;31;125
268;17951;2971;6;125
269;18076;8963;2;150
270;18226;787;23;125
271;18351;701;26;125
272;18476;2039;9;125
273;18601;149;124;125
274;18726;38;492;30
275;18756;601;31;125
276;18881;521;36;125
277;19006;239;79;125
278;19131;221;86;125
279;19256;233;82;150
280;19406;6427;3;125
281;19531;313;62;125
282;19656;19531;1;125
283;19781;126;156;125
284;19906;449;44;150
285;20056;1049;19;125
286;20181;184;109;125
287;20306;217;93;125
288;20431;142;143;125
289;20556;179;114;150
290;20706;1871;11;125
291;20831;174;119;125
292;20956;563;37;125
293;21081;169;124;125
294;21206;188;112;150
295;21356;337;63;125
296;21481;281;76;125
297;21606;21481;1;125
298;21731;277;78;125
299;21856;1559;14;30
300;21886;463;47;125
301;22011;353;62;125
302;22136;253;87;125
303;22261;2767;8;125
304;22386;204;109;150
305;22536;307;73;125
306;22661;313;72;125
307;22786;527;43;125
308;22911;11393;2;125
309;23036;11443;2;150
310;23186;7687;3;125
311;23311;11593;2;125
312;23436;23311;1;125
313;23561;126;186;125
314;23686;1471;16;150
315;23836;131;181;125
316;23961;202;118;125
317;24086;147;163;125
318;24211;12043;2;125
319;24336;174;139;150
320;24486;1433;17;125
321;24611;154;159;125
322;24736;24611;1;125
323;24861;773;32;125
324;24986;34;734;30
325;25016;8297;3;125
326;25141;212;118;125
327;25266;811;31;125
328;25391;4211;6;125
329;25516;1153;22;150
330;25666;25541;1;125
331;25791;313;82;125
332;25916;8597;3;125
333;26041;209;124;125
334;26166;271;96;150
335;26316;2381;11;125
336;26441;129;204;125
337;26566;137;193;125
338;26691;359;74;125
339;26816;199;134;150
340;26966;389;69;125
341;27091;139;194;125
342;27216;27091;1;125
343;27341;126;216;125
344;27466;6829;4;150
345;27616;743;37;125
346;27741;863;32;125
347;27866;1321;21;125
348;27991;13933;2;125
349;28116;31;906;30
350;28146;4003;7;125
351;28271;4691;6;125
352;28396;1663;17;125
353;28521;229;124;125
354;28646;208;137;150
355;28796;503;57;125
356;28921;313;92;125
357;29046;28921;1;125
358;29171;141;206;125
359;29296;247;118;150
360;29446;269;109;125
361;29571;14723;2;125
362;29696;9857;3;125
363;29821;128;232;125
364;29946;156;191;150
365;30096;697;43;125
366;30221;132;228;125
367;30346;643;47;125
368;30471;15173;2;125
369;30596;1171;26;150
370;30746;173;177;125
371;30871;15373;2;125
372;30996;30871;1;125
373;31121;126;246;125
374;31246;8;3905;6
375;31252;1831;17;125
376;31377;601;52;125
377;31502;10459;3;125
378;31627;829;38;125
379;31752;229;138;150
380;31902;739;43;125
381;32027;409;78;125
382;32152;32027;1;125
383;32277;4019;8;125
384;32402;733;44;150
385;32552;1201;27;125
386;32677;313;104;125
387;32802;797;41;125
388;32927;142;231;125
389;33052;16451;2;150
390;33202;341;97;125
391;33327;1277;26;125
392;33452;161;207;125
393;33577;8363;4;125
394;33702;233;144;150
395;33852;1163;29;125
396;33977;156;217;125
397;34102;557;61;125
398;34227;289;118;125
399;34352;131;262;30
400;34382;601;57;125
401;34507;17191;2;125
402;34632;3137;11;125
403;34757;148;234;125
404;34882;457;76;150
405;35032;521;67;125
406;35157;151;232;125
407;35282;11719;3;125
408;35407;299;118;125
409;35532;5897;6;150
410;35682;961;37;125
411;35807;313;114;125
412;35932;587;61;125
413;36057;691;52;125
414;36182;563;64;150
415;36332;149;243;125
416;36457;293;124;125
417;36582;36457;1;125
418;36707;134;273;125
419;36832;18341;2;150
420;36982;36857;1;125
421;37107;451;82;125
422;37232;133;279;125
423;37357;179;208;125
424;37482;3121;12;30
425;37512;343;109;125
426;37637;521;72;125
427;37762;617;61;125
428;37887;158;239;125
429;38012;1721;22;150
430;38162;409;93;125
431;38287;19081;2;125
432;38412;38287;1;125
433;38537;132;291;125
434;38662;166;232;150
435;38812;3517;11;125
436;38937;313;124;125
437;39062;12979;3;125
438;39187;19531;2;125
439;39312;183;214;150
440;39462;139;283;125
441;39587;6577;6;125
442;39712;1277;31;125
443;39837;136;292;125
444;39962;269;148;150
445;40112;1481;27;125
446;40237;184;218;125
447;40362;40237;1;125
448;40487;186;217;125
449;40612;103;394;30
450;40642;1307;31;125
451;40767;2903;14;125
452;40892;127;321;125
453;41017;10223;4;125
454;41142;168;244;150
455;41292;5881;7;125
456;41417;148;279;125
457;41542;499;83;125
458;41667;20771;2;125
459;41792;443;94;150
460;41942;159;263;125
461;42067;134;313;125
462;42192;713;59;125
463;42317;144;293;125
464;42442;194;218;150
465;42592;42467;1;125
466;42717;176;242;125
467;42842;491;87;125
468;42967;691;62;125
469;43092;421;102;150
470;43242;43117;1;125
471;43367;7207;6;125
472;43492;2551;17;125
473;43617;131;332;125
474;43742;32;1366;30
475;43772;14549;3;125
476;43897;353;124;125
477;44022;6271;7;125
478;44147;138;319;125
479;44272;1697;26;150
480;44422;4027;11;125
481;44547;133;334;125
482;44672;479;93;125
483;44797;128;349;125
484;44922;156;287;150
485;45072;6421;7;125
486;45197;144;313;125
487;45322;45197;1;125
488;45447;527;86;125
489;45572;1747;26;150
490;45722;15199;3;125
491;45847;22861;2;125
492;45972;127;361;125
493;46097;1277;36;125
494;46222;443;104;150
495;46372;449;103;125
496;46497;11593;4;125
497;46622;1409;33;125
498;46747;23311;2;125
499;46872;73;642;6
500;46878;6679;7;125
501;47003;601;78;125
502;47128;4273;11;125
503;47253;137;344;125
504;47378;11807;4;150
505;47528;207;229;125
506;47653;457;104;125
507;47778;47653;1;125
508;47903;7963;6;125
509;48028;647;74;150
510;48178;1657;29;125
511;48303;218;221;125
512;48428;1789;27;125
513;48553;12107;4;125
514;48678;337;144;150
515;48828;431;113;125
516;48953;156;313;125
517;49078;48953;1;125
518;49203;463;106;125
519;49328;367;134;150
520;49478;16451;3;125
521;49603;143;346;125
522;49728;49603;1;125
523;49853;148;336;125
524;49978;12487;4;30
525;50008;601;83;125
526;50133;133;376;125
527;50258;983;51;125
528;50383;1933;26;125
529;50508;154;327;150
530;50658;7219;7;125
531;50783;8443;6;125
532;50908;1181;43;125
533;51033;143;356;125
534;51158;797;64;150
535;51308;141;363;125
536;51433;127;404;125
537;51558;2707;19;125
538;51683;661;78;125
539;51808;1123;46;150
540;51958;3049;17;125
541;52083;166;313;125
542;52208;643;81;125
543;52333;208;251;125
544;52458;1453;36;150
545;52608;1693;31;125
546;52733;128;411;125
547;52858;52733;1;125
548;52983;214;247;125
549;53108;26539;2;30
550;53138;431;123;125
551;53263;163;326;125
552;53388;1087;49;125
553;53513;1483;36;125
554;53638;3343;16;150
555;53788;521;103;125
556;53913;226;238;125
557;54038;17971;3;125
558;54163;659;82;125
559;54288;1289;42;150
560;54438;7759;7;125
561;54563;129;422;125
562;54688;54563;1;125
563;54813;1709;32;125
564;54938;13697;4;150
565;55088;197;279;125
566;55213;176;313;125
567;55338;55213;1;125
568;55463;138;401;125
569;55588;523;106;150
570;55738;2927;19;125
571;55863;899;62;125
572;55988;2069;27;125
573;56113;13997;4;125
574;56238;48;1171;30
575;56268;2441;23;125
576;56393;521;108;125
577;56518;56393;1;125
578;56643;154;367;125
579;56768;28309;2;150
580;56918;1721;33;125
581;57043;149;382;125
582;57168;203;281;125
583;57293;144;397;125
584;57418;206;278;150
585;57568;527;109;125
586;57693;224;257;125
587;57818;19231;3;125
588;57943;28909;2;125
589;58068;197;294;150
590;58218;193;301;125
591;58343;186;313;125
592;58468;1423;41;125
593;58593;188;311;125
594;58718;7321;8;150
595;58868;183;321;125
596;58993;14717;4;125
597;59118;173;341;125
598;59243;167;354;125
599;59368;29669;2;30
600;59398;59273;1;125
601;59523;1747;34;125
602;59648;19841;3;125
603;59773;128;466;125
604;59898;156;383;150
605;60048;1933;31;125
606;60173;139;432;125
607;60298;3167;19;125
608;60423;146;413;125
609;60548;202;299;150
610;60698;183;331;125
611;60823;178;341;125
612;60948;8689;7;125
613;61073;1693;36;125
614;61198;587;104;150
615;61348;61223;1;125
616;61473;196;313;125
617;61598;661;93;125
618;61723;1621;38;125
619;61848;182;339;150
620;61998;8839;7;125
621;62123;10333;6;125
622;62248;851;73;125
623;62373;248;251;125
624;62498;17;3676;6
625;62504;239;261;125
626;62629;601;104;125
627;62754;161;389;125
628;62879;10459;6;125
629;63004;2857;22;150
630;63154;63029;1;125
631;63279;182;347;125
632;63404;237;267;125
633;63529;131;484;125
634;63654;162;392;150
635;63804;827;77;125
636;63929;156;409;125
637;64054;63929;1;125
638;64179;32027;2;125
639;64304;32077;2;150
640;64454;523;123;125
641;64579;134;481;125
642;64704;64579;1;125
643;64829;192;337;125
644;64954;953;68;150
645;65104;181;359;125
646;65229;208;313;125
647;65354;1279;51;125
648;65479;797;82;125
649;65604;3643;18;30
650;65634;601;109;125
651;65759;10939;6;125
652;65884;3461;19;125
653;66009;181;364;125
654;66134;1031;64;150
655;66284;7351;9;125
656;66409;146;454;125
657;66534;179;371;125
658;66659;853;78;125
659;66784;33317;2;150
660;66934;66809;1;125
661;67059;683;98;125
662;67184;7451;9;125
663;67309;136;494;125
664;67434;178;378;150
665;67584;161;419;125
666;67709;128;528;125
667;67834;67709;1;125
668;67959;2609;26;125
669;68084;33967;2;150
670;68234;219;311;125
671;68359;218;313;125
672;68484;197;347;125
673;68609;156;439;125
674;68734;32;2147;30
675;68764;68639;1;125
676;68889;17191;4;125
677;69014;22963;3;125
678;69139;3137;22;125
679;69264;11519;6;150
680;69414;6299;11;125
681;69539;138;503;125
682;69664;69539;1;125
683;69789;224;311;125
684;69914;163;428;150
685;70064;171;409;125
686;70189;151;464;125
687;70314;259;271;125
688;70439;11719;6;125
689;70564;218;323;150
690;70714;70589;1;125
691;70839;5051;14;125
692;70964;153;463;125
693;71089;157;452;125
694;71214;168;423;150
695;71364;10177;7;125
696;71489;228;313;125
697;71614;737;97;125
698;71739;587;122;125
699;71864;49;1466;30
700;71894;141;509;125
701;72019;206;349;125
702;72144;72019;1;125
703;72269;144;501;125
704;72394;18061;4;150
705;72544;139;521;125
706;72669;2267;32;125
707;72794;24223;3;125
708;72919;2141;34;125
709;73044;12149;6;150
710;73194;821;89;125
711;73319;1109;66;125
712;73444;157;467;125
713;73569;172;427;125
714;73694;232;317;150
715;73844;8191;9;125
716;73969;18461;4;125
717;74094;10567;7;125
718;74219;159;466;125
719;74344;37097;2;150
720;74494;2399;31;125
721;74619;238;313;125
722;74744;8291;9;125
723;74869;9343;8;125
724;74994;6247;12;30
725;75024;619;121;125
726;75149;144;521;125
727;75274;75149;1;125
728;75399;617;122;125
729;75524;169;446;150
730;75674;25183;3;125
731;75799;157;482;125
732;75924;229;331;125
733;76049;148;513;125
734;76174;172;442;150
735;76324;3313;23;125
736;76449;19081;4;125
737;76574;1499;51;125
738;76699;38287;2;125
739;76824;983;78;150
740;76974;1147;67;125
741;77099;12829;6;125
742;77224;163;473;125
743;77349;196;394;125
744;77474;1487;52;150
745;77624;237;327;125
746;77749;248;313;125
747;77874;203;383;125
748;77999;12979;6;125
749;78124;11;7102;2
750;78126;806;96;750
751;78876;898;87;750
752;79626;939;84;750
753;80376;1154;69;750
754;81126;168;482;150
755;81276;13421;6;750
756;82026;1042;78;750
757;82776;837;98;750
758;83526;3449;24;750
759;84276;2003;42;150
760;84426;1101;76;750
761;85176;14071;6;750
762;85926;819;104;750
763;86676;14321;6;750
764;87426;1039;84;150
765;87576;998;87;750
766;88326;984;89;750
767;89076;1402;63;750
768;89826;1142;78;750
769;90576;2153;42;150
770;90726;978;92;750
771;91476;15121;6;750
772;92226;756;121;750
773;92976;809;114;750
774;93726;32;2928;30
775;93756;5167;18;750
776;94506;1202;78;750
777;95256;829;114;750
778;96006;756;126;750
779;96756;1789;54;150
780;96906;2671;36;750
781;97656;1042;93;750
782;98406;939;104;750
783;99156;781;126;750
784;99906;153;652;150
785;100056;1226;81;750
786;100806;758;132;750
787;101556;951;106;750
788;102306;806;126;750
789;103056;5717;18;150
790;103206;1423;72;750
791;103956;1002;103;750
792;104706;8663;12;750
793;105456;831;126;750
794;106206;216;491;150
795;106356;5867;18;750
796;107106;8863;12;750
797;107856;17851;6;750
798;108606;856;126;750
799;109356;38;2877;30
800;109386;823;132;750
801;110136;927;118;750
802;110886;1059;104;750
803;111636;18481;6;750
804;112386;188;597;150
805;112536;1202;93;750
806;113286;1042;108;750
807;114036;1434;79;750
808;114786;884;129;750
809;115536;19231;6;150
810;115686;4789;24;750
811;116436;6427;18;750
812;117186;939;124;750
813;117936;19531;6;750
814;118686;264;449;150
815;118836;19681;6;750
816;119586;3301;36;750
817;120336;1049;114;750
818;121086;872;138;750
819;121836;1193;102;150
820;121986;10103;12;750
821;122736;753;162;750
822;123486;2557;48;750
823;124236;1871;66;750
824;124986;36;3471;30
825;125016;834;149;750
826;125766;5209;24;750
827;126516;822;153;750
828;127266;811;156;750
829;128016;202;633;150
830;128166;5309;24;750
831;128916;1042;123;750
832;129666;3581;36;750
833;130416;21611;6;750
834;131166;159;824;150
835;131316;926;141;750
836;132066;1059;124;750
837;132816;759;174;750
838;133566;2767;48;750
839;134316;177;758;150
840;134466;1013;132;750
841;135216;921;146;750
842;135966;939;144;750
843;136716;1054;129;750
844;137466;11443;12;150
845;137616;22811;6;750
846;138366;752;183;750
847;139116;7687;18;750
848;139866;11593;12;750
849;140616;23431;6;30
850;140646;804;174;750
851;141396;2131;66;750
852;142146;11783;12;750
853;142896;894;159;750
854;143646;1993;72;150
855;143796;883;162;750
856;144546;1042;138;750
857;145296;24091;6;750
858;146046;1009;144;750
859;146796;8147;18;150
860;146946;786;186;750
861;147696;1289;114;750
862;148446;816;181;750
863;149196;2749;54;750
864;149946;171;876;150
865;150096;8297;18;750
866;150846;848;177;750
867;151596;811;186;750
868;152346;4211;36;750
869;153096;174;879;150
870;153246;1059;144;750
871;153996;25541;6;750
872;154746;939;164;750
873;155496;8597;18;750
874;156246;7;22320;6
875;156252;954;163;750
876;157002;898;174;750
877;157752;822;191;750
878;158502;939;168;750
879;159252;8839;18;150
880;159402;1017;156;750
881;160152;857;186;750
882;160902;6673;24;750
883;161652;1277;126;750
884;162402;4507;36;150
885;162552;801;202;750
886;163302;1042;156;750
887;164052;1601;102;750
888;164802;756;217;750
889;165552;162;1021;150
890;165702;948;174;750
891;166452;27617;6;750
892;167202;858;194;750
893;167952;1327;126;750
894;168702;2341;72;150
895;168852;849;198;750
896;169602;14071;12;750
897;170352;1229;138;750
898;171102;819;208;750
899;171852;42;4091;30
900;171882;1097;156;750
901;172632;1061;162;750
902;173382;7193;24;750
903;174132;781;222;750
904;174882;14561;12;150
905;175032;937;186;750
906;175782;792;221;750
907;176532;29297;6;750
908;177282;939;188;750
909;178032;1289;138;150
910;178182;7393;24;750
911;178932;1042;171;750
912;179682;806;222;750
913;180432;29947;6;750
914;181182;152;1191;150
915;181332;30097;6;750
916;182082;828;219;750
917;182832;30347;6;750
918;183582;879;208;750
919;184332;30697;6;150
920;184482;753;244;750
921;185232;831;222;750
922;185982;816;227;750
923;186732;834;223;750
924;187482;36;5207;30
925;187512;1831;102;750
926;188262;1202;156;750
927;189012;10459;18;750
928;189762;829;228;750
929;190512;31727;6;150
930;190662;772;246;750
931;191412;1478;129;750
932;192162;818;234;750
933;192912;32027;6;750
934;193662;264;733;150
935;193812;1399;138;750
936;194562;1042;186;750
937;195312;1201;162;750
938;196062;939;208;750
939;196812;219;898;150
940;196962;788;249;750
941;197712;1931;102;750
942;198462;1373;144;750
943;199212;1023;194;750
944;199962;16651;12;150
945;200112;894;223;750
946;200862;758;264;750
947;201612;11159;18;750
948;202362;951;212;750
949;203112;33;6154;30
950;203142;937;216;750
951;203892;33857;6;750
952;204642;1307;156;750
953;205392;11369;18;750
954;206142;2861;72;150
955;206292;1202;171;750
956;207042;17191;12;750
957;207792;3137;66;750
958;208542;888;234;750
959;209292;162;1291;150
960;209442;1023;204;750
961;210192;1042;201;750
962;210942;906;232;750
963;211692;11719;18;750
964;212442;5897;36;150
965;212592;3923;54;750
966;213342;824;258;750
967;214092;961;222;750
968;214842;939;228;750
969;215592;11969;18;150
970;215742;1493;144;750
971;216492;877;246;750
972;217242;18041;12;750
973;217992;894;243;750
974;218742;39;5608;30
975;218772;1074;203;750
976;219522;927;236;750
977;220272;36587;6;750
978;221022;1059;208;750
979;221772;258;859;150
980;221922;2633;84;750
981;222672;12329;18;750
982;223422;4639;48;750
983;224172;1619;138;750
984;224922;18731;12;150
985;225072;763;294;750
986;225822;1042;216;750
987;226572;1234;183;750
988;227322;948;239;750
989;228072;37987;6;150
990;228222;1354;168;750
991;228972;818;279;750
992;229722;19081;12;750
993;230472;38287;6;750
994;231222;166;1392;150
995;231372;798;289;750
996;232122;6427;36;750
997;232872;3517;66;750
998;233622;939;248;750
999;234372;11;21306;6
1000;234378;19469;12;750
1001;235128;898;261;750
1002;235878;776;303;750
1003;236628;39313;6;750
1004;237378;159;1492;150
1005;237528;1178;201;750
1006;238278;3299;72;750
1007;239028;789;302;750
1008;239778;19919;12;750
1009;240528;40063;6;150
1010;240678;769;312;750
1011;241428;4457;54;750
1012;242178;1023;236;750
1013;242928;1086;223;750
1014;243678;219;1112;150
1015;243828;762;319;750
1016;244578;1042;234;750
1017;245328;40763;6;750
1018;246078;807;304;750
1019;246828;41113;6;150
1020;246978;852;289;750
1021;247728;13721;18;750
1022;248478;794;312;750
1023;249228;41413;6;750
1024;249978;36;6943;30
1025;250008;41543;6;750
1026;250758;947;264;750
1027;251508;13931;18;750
1028;252258;20959;12;750
1029;253008;201;1258;150
1030;253158;809;312;750
1031;253908;42193;6;750
1032;254658;2351;108;750
1033;255408;42443;6;750
1034;256158;10667;24;150
1035;256308;1146;223;750
1036;257058;806;318;750
1037;257808;14281;18;750
1038;258558;786;328;750
1039;259308;282;919;150
1040;259458;21559;12;750
1041;260208;1042;249;750
1042;260958;834;312;750
1043;261708;1403;186;750
1044;262458;21859;12;150
1045;262608;2297;114;750
1046;263358;5471;48;750
1047;264108;4877;54;750
1048;264858;1693;156;750
1049;265608;44263;6;30
1050;265638;849;312;750
1051;266388;44273;6;750
1052;267138;843;316;750
1053;267888;873;306;750
1054;268638;198;1356;150
1055;268788;14891;18;750
1056;269538;1723;156;750
1057;270288;807;334;750
1058;271038;1877;144;750
1059;271788;15091;18;150
1060;271938;837;324;750
1061;272688;1486;183;750
1062;273438;874;312;750
1063;274188;1381;198;750
1064;274938;153;1796;150
1065;275088;15241;18;750
1066;275838;1042;264;750
1067;276588;1483;186;750
1068;277338;788;351;750
1069;278088;5147;54;150
1070;278238;752;369;750
1071;278988;1174;237;750
1072;279738;804;347;750
1073;280488;15541;18;750
1074;281238;11717;24;30
1075;281268;6679;42;750
1076;282018;1202;234;750
1077;282768;4273;66;750
1078;283518;822;344;750
1079;284268;47353;6;150
1080;284418;921;308;750
1081;285168;1242;229;750
1082;285918;914;312;750
1083;286668;47653;6;750
1084;287418;222;1294;150
1085;287568;6829;42;750
1086;288318;1997;144;750
1087;289068;1657;174;750
1088;289818;884;327;750
1089;290568;194;1497;150
1090;290718;863;336;750
1091;291468;1042;279;750
1092;292218;908;321;750
1093;292968;862;339;750
1094;293718;176;1668;150
1095;293868;997;294;750
1096;294618;907;324;750
1097;295368;49103;6;750
1098;296118;794;372;750
1099;296868;46;6453;30
1100;296898;851;348;750
1101;297648;7069;42;750
1102;298398;848;351;750
1103;299148;1213;246;750
1104;299898;24979;12;150
1105;300048;1202;249;750
1106;300798;752;399;750
1107;301548;983;306;750
1108;302298;1933;156;750
1109;303048;2657;114;150
1110;303198;6301;48;750
1111;303948;7219;42;750
1112;304698;8443;36;750
1113;305448;1181;258;750
1114;306198;192;1594;150
1115;306348;961;318;750
1116;307098;1042;294;750
1117;307848;846;363;750
1118;308598;762;404;750
1119;309348;174;1777;150
1120;309498;2339;132;750
1121;310248;7369;42;750
1122;310998;834;372;750
1123;311748;3049;102;750
1124;312498;12;26041;6
1125;312504;1338;233;750
1126;313254;898;348;750
1127;314004;5801;54;750
1128;314754;764;411;750
1129;315504;169;1866;150
1130;315654;13121;24;750
1131;316404;52609;6;750
1132;317154;799;396;750
1133;317904;52859;6;750
1134;318654;184;1731;150
1135;318804;869;366;750
1136;319554;857;372;750
1137;320304;866;369;750
1138;321054;6673;48;750
1139;321804;53609;6;150
1140;321954;754;426;750
1141;322704;2333;138;750
1142;323454;972;332;750
1143;324204;1147;282;750
1144;324954;27067;12;150
1145;325104;54059;6;750
1146;325854;1042;312;750
1147;326604;774;421;750
1148;327354;1601;204;750
1149;328104;54679;6;30
1150;328134;4547;72;750
1151;328884;3217;102;750
1152;329634;27407;12;750
1153;330384;18313;18;750
1154;331134;4597;72;150
1155;331284;6121;54;750
1156;332034;1453;228;750
1157;332784;55339;6;750
1158;333534;2311;144;750
1159;334284;171;1954;150
1160;334434;806;414;750
1161;335184;802;417;750
1162;335934;6983;48;750
1163;336684;6221;54;750
1164;337434;162;2082;150
1165;337584;18713;18;750
1166;338334;1082;312;750
1167;339084;1054;321;750
1168;339834;9419;36;750
1169;340584;18913;18;150
1170;340734;787;432;750
1171;341484;1042;327;750
1172;342234;796;429;750
1173;342984;19013;18;750
1174;343734;14321;24;30
1175;343764;8167;42;750
1176;344514;1061;324;750
1177;345264;857;402;750
1178;346014;7193;48;750
1179;346764;246;1409;150
1180;346914;951;364;750
1181;347664;19273;18;750
1182;348414;7243;48;750
1183;349164;5279;66;750
1184;349914;29147;12;150
1185;350064;8317;42;750
1186;350814;792;442;750
1187;351564;991;354;750
1188;352314;29297;12;750
1189;353064;262;1347;150
1190;353214;1049;336;750
1191;353964;837;422;750
1192;354714;2269;156;750
1193;355464;59119;6;750
1194;356214;3709;96;150
1195;356364;8467;42;750
1196;357114;1042;342;750
1197;357864;1123;318;750
1198;358614;806;444;750
1199;359364;19963;18;30
1200;359394;836;429;750
1201;360144;903;398;750
1202;360894;976;369;750
1203;361644;60149;6;750
1204;362394;30187;12;150
1205;362544;3547;102;750
1206;363294;996;364;750
1207;364044;20183;18;750
1208;364794;1319;276;750
1209;365544;60899;6;150
1210;365694;7603;48;750
1211;366444;8707;42;750
1212;367194;754;486;750
1213;367944;3221;114;750
1214;368694;176;2094;150
1215;368844;1979;186;750
1216;369594;4391;84;750
1217;370344;20533;18;750
1218;371094;1187;312;750
1219;371844;61949;6;150
1220;371994;30937;12;750
1221;372744;1042;357;750
1222;373494;1002;372;750
1223;374244;5659;66;750
1224;374994;31247;12;30
1225;375024;783;478;750
1226;375774;1202;312;750
1227;376524;778;483;750
1228;377274;10459;36;750
1229;378024;2999;126;150
1230;378174;2621;144;750
1231;378924;63029;6;750
1232;379674;1041;364;750
1233;380424;801;474;750
1234;381174;162;2352;150
1235;381324;21143;18;750
1236;382074;1478;258;750
1237;382824;827;462;750
1238;383574;818;468;750
1239;384324;3049;126;150
1240;384474;836;459;750
1241;385224;834;461;750
1242;385974;2293;168;750
1243;386724;1046;369;750
1244;387474;159;2436;150
1245;387624;21493;18;750
1246;388374;1042;372;750
1247;389124;1321;294;750
1248;389874;1201;324;750
1249;390624;195311;2;2
1250;390626;390001;1;625
1251;391251;11489;34;625
1252;391876;651;601;625
1253;392501;626;626;625
1254;393126;16349;24;750
1255;393876;5387;73;625
1256;394501;756;521;625
1257;395126;394501;1;625
1258;395751;6373;62;625
1259;396376;1078;367;750
1260;397126;717;553;625
1261;397751;1189;334;625
1262;398376;397751;1;625
1263;399001;792;503;625
1264;399626;99719;4;750
1265;400376;36341;11;625
1266;401001;50047;8;625
1267;401626;1047;383;625
1268;402251;8731;46;625
1269;402876;67021;6;750
1270;403626;403001;1;625
1271;404251;67271;6;625
1272;404876;404251;1;625
1273;405501;797;508;625
1274;406126;248;1637;150
1275;406276;5879;69;625
1276;406901;676;601;625
1277;407526;781;521;625
1278;408151;626;651;625
1279;408776;204013;2;750
1280;409526;1139;359;625
1281;410151;829;494;625
1282;410776;19531;21;625
1283;411401;51347;8;625
1284;412026;34273;12;750
1285;412776;1223;337;625
1286;413401;637;648;625
1287;414026;11173;37;625
1288;414651;207013;2;625
1289;415276;1021;406;750
1290;416026;917;453;625
1291;416651;16001;26;625
1292;417276;21929;19;625
1293;417901;692;603;625
1294;418526;26111;16;750
1295;419276;10211;41;625
1296;419901;733;572;625
1297;420526;139967;3;625
1298;421151;210263;2;625
1299;421776;70271;6;150
1300;421926;701;601;625
1301;422551;70321;6;625
1302;423176;422551;1;625
1303;423801;626;676;625
1304;424426;9629;44;750
1305;425176;3011;141;625
1306;425801;53147;8;625
1307;426426;425801;1;625
1308;427051;781;546;625
1309;427676;9281;46;750
1310;428426;38891;11;625
1311;429051;214213;2;625
1312;429676;20431;21;625
1313;430301;8263;52;625
1314;430926;4481;96;750
1315;431676;431051;1;625
1316;432301;756;571;625
1317;432926;432301;1;625
1318;433551;16651;26;625
1319;434176;1162;373;750
1320;434926;20681;21;625
1321;435551;217463;2;625
1322;436176;653;667;625
1323;436801;699;624;625
1324;437426;161;2716;150
1325;437576;25703;17;625
1326;438201;659;664;625
1327;438826;807;543;625
1328;439451;626;701;625
1329;440076;24407;18;750
1330;440826;919;479;625
1331;441451;73471;6;625
1332;442076;1571;281;625
1333;442701;1073;412;625
1334;443326;796;556;750
1335;444076;2789;159;625
1336;444701;1657;268;625
1337;445326;444701;1;625
1338;445951;922;483;625
1339;446576;222913;2;750
1340;447326;12073;37;625
1341;447951;20333;22;625
1342;448576;771;581;625
1343;449201;652;688;625
1344;449826;37423;12;750
1345;450576;449951;1;625
1346;451201;756;596;625
1347;451826;451201;1;625
1348;452451;1649;274;625
1349;453076;226463;2;150
1350;453226;16763;27;625
1351;453851;11927;38;625
1352;454476;453851;1;625
1353;455101;626;726;625
1354;455726;7109;64;750
1355;456476;1429;319;625
1356;457101;821;556;625
1357;457726;50789;9;625
1358;458351;2897;158;625
1359;458976;25457;18;750
1360;459726;4733;97;625
1361;460351;794;579;625
1362;460976;24229;19;625
1363;461601;752;613;625
1364;462226;2683;172;750
1365;462976;673;687;625
1366;463601;3617;128;625
1367;464226;5209;89;625
1368;464851;1579;294;625
1369;465476;232363;2;750
1370;466226;827;563;625
1371;466851;233113;2;625
1372;467476;903;517;625
1373;468101;6151;76;625
1374;468726;59;7944;30
1375;468756;15101;31;625
1376;469381;898;522;625
1377;470006;781;601;625
1378;470631;235003;2;625
1379;471256;5471;86;750
1380;472006;157127;3;625
1381;472631;662;713;625
1382;473256;472631;1;625
1383;473881;626;756;625
1384;474506;6967;68;750
1385;475256;911;521;625
1386;475881;59407;8;625
1387;476506;651;731;625
1388;477131;2677;178;625
1389;477756;1486;321;750
1390;478506;477881;1;625
1391;479131;11393;42;625
1392;479756;479131;1;625
1393;480381;1643;292;625
1394;481006;896;536;750
1395;481756;1091;441;625
1396;482381;10949;44;625
1397;483006;4973;97;625
1398;483631;1019;474;625
1399;484256;151;3206;150
1400;484406;1297;373;625
1401;485031;806;601;625
1402;485656;1511;321;625
1403;486281;3571;136;625
1404;486906;762;638;750
1405;487656;13163;37;625
1406;488281;936;521;625
1407;488906;829;589;625
1408;489531;626;781;625
1409;490156;244703;2;750
1410;490906;913;537;625
1411;491531;1027;478;625
1412;492156;491531;1;625
1413;492781;651;756;625
1414;493406;751;656;750
1415;494156;493531;1;625
1416;494781;676;731;625
1417;495406;23561;21;625
1418;496031;13037;38;625
1419;496656;82651;6;750
1420;497406;1933;257;625
1421;498031;911;546;625
1422;498656;4931;101;625
1423;499281;15583;32;625
1424;499906;206;2426;150
1425;500056;831;601;625
1426;500681;62507;8;625
1427;501306;961;521;625
1428;501931;6427;78;625
1429;502556;14759;34;750
1430;503306;709;709;625
1431;503931;251653;2;625
1432;504556;697;723;625
1433;505181;626;806;625
1434;505806;5261;96;750
1435;506556;21997;23;625
1436;507181;14071;36;625
1437;507806;17489;29;625
1438;508431;19531;26;625
1439;509056;6869;74;750
1440;509806;8933;57;625
1441;510431;23173;22;625
1442;511056;1093;467;625
1443;511681;676;756;625
1444;512306;1007;508;750
1445;513056;701;731;625
1446;513681;16033;32;625
1447;514306;1203;427;625
1448;514931;1703;302;625
1449;515556;163;3162;150
1450;515706;73583;7;625
1451;516331;851;606;625
1452;516956;5323;97;625
1453;517581;682;758;625
1454;518206;32341;16;750
1455;518956;1243;417;625
1456;519581;947;548;625
1457;520206;519581;1;625
1458;520831;626;831;625
1459;521456;1559;334;750
1460;522206;521581;1;625
1461;522831;15359;34;625
1462;523456;2857;183;625
1463;524081;8179;64;625
1464;524706;929;564;750
1465;525456;524831;1;625
1466;526081;656;801;625
1467;526706;2939;179;625
1468;527331;677;778;625
1469;527956;1679;314;750
1470;528706;1709;309;625
1471;529331;264353;2;625
1472;529956;48121;11;625
1473;530581;701;756;625
1474;531206;33191;16;150
1475;531356;530731;1;625
1476;531981;2711;196;625
1477;532606;969;549;625
1478;533231;941;566;625
1479;533856;4231;126;750
1480;534606;76283;7;625
1481;535231;89101;6;625
1482;535856;1721;311;625
1483;536481;626;856;625
1484;537106;134089;4;750
1485;537856;1367;393;625
1486;538481;704;764;625
1487;539106;538481;1;625
1488;539731;4729;114;625
1489;540356;4423;122;750
1490;541106;31793;17;625
1491;541731;270553;2;625
1492;542356;1077;503;625
1493;542981;135589;4;625
1494;543606;22619;24;750
1495;544356;887;613;625
1496;544981;15121;36;625
1497;545606;2011;271;625
1498;546231;667;818;625
1499;546856;139;3934;30
1500;546886;10711;51;625
1501;547511;2819;194;625
1502;548136;911;601;625
1503;548761;662;828;625
1504;549386;814;674;750
1505;550136;549511;1;625
1506;550761;68767;8;625
1507;551386;183587;3;625
1508;552011;706;781;625
1509;552636;1559;354;750
1510;553386;1621;341;625
1511;554011;894;619;625
1512;554636;554011;1;625
1513;555261;626;886;625
1514;555886;4337;128;750
1515;556636;20593;27;625
1516;557261;2077;268;625
1517;557886;557261;1;625
1518;558511;718;777;625
1519;559136;3137;178;750
1520;559886;9479;59;625
1521;560511;1033;542;625
1522;561136;651;861;625
1523;561761;2063;272;625
1524;562386;46853;12;150
1525;562536;80273;7;625
1526;563161;936;601;625
1527;563786;2417;233;625
1528;564411;281893;2;625
1529;565036;282143;2;750
1530;565786;1829;309;625
1531;566411;926;611;625
1532;567036;10687;53;625
1533;567661;684;829;625
1534;568286;898;632;750
1535;569036;1091;521;625
1536;569661;706;806;625
1537;570286;189887;3;625
1538;570911;626;911;625
1539;571536;95131;6;750
1540;572286;12163;47;625
1541;572911;638;897;625
1542;573536;18481;31;625
1543;574161;17923;32;625
1544;574786;143509;4;750
1545;575536;963;597;625
1546;576161;2767;208;625
1547;576786;576161;1;625
1548;577411;651;886;625
1549;578036;283;2042;150
1550;578186;961;601;625
1551;578811;41299;14;625
1552;579436;6653;87;625
1553;580061;1013;572;625
1554;580686;863;672;750
1555;581436;1463;397;625
1556;582061;1042;558;625
1557;582686;25307;23;625
1558;583311;949;614;625
1559;583936;1957;298;750
1560;584686;194687;3;625
1561;585311;292343;2;625
1562;585936;2449;239;625
1563;586561;626;936;625
1564;587186;146609;4;750
1565;587936;6599;89;625
1566;588561;967;608;625
1567;589186;196187;3;625
1568;589811;731;806;625
1569;590436;3389;174;750
1570;591186;3911;151;625
1571;591811;2663;222;625
1572;592436;737;803;625
1573;593061;11393;52;625
1574;593686;4637;128;150
1575;593836;2503;237;625
1576;594461;4789;124;625
1577;595086;1141;521;625
1578;595711;99181;6;625
1579;596336;297793;2;750
1580;597086;596461;1;625
1581;597711;42649;14;625
1582;598336;6427;93;625
1583;598961;9349;64;625
1584;599586;7129;84;750
1585;600336;12239;49;625
1586;600961;758;792;625
1587;601586;600961;1;625
1588;602211;626;961;625
1589;602836;7001;86;750
1590;603586;200987;3;625
1591;604211;301793;2;625
1592;604836;5347;113;625
1593;605461;634;954;625
1594;606086;4451;136;750
1595;606836;26357;23;625
1596;607461;719;844;625
1597;608086;731;831;625
1598;608711;6469;94;625
1599;609336;101531;6;150
1600;609486;55351;11;625
1601;610111;101581;6;625
1602;610736;19681;31;625
1603;611361;656;931;625
1604;611986;152809;4;750
1605;612736;633;967;625
1606;613361;4787;128;625
1607;613986;87623;7;625
1608;614611;3301;186;625
1609;615236;307243;2;750
1610;615986;3557;173;625
1611;616611;1913;322;625
1612;617236;205537;3;625
1613;617861;626;986;625
1614;618486;3677;168;750
1615;619236;1319;469;625
1616;619861;668;927;625
1617;620486;1523;407;625
1618;621111;310243;2;625
1619;621736;7573;82;750
1620;622486;207287;3;625
1621;623111;1094;569;625
1622;623736;3163;197;625
1623;624361;8663;72;625
1624;624986;46;13586;30
1625;625016;624391;1;625
1626;625641;11161;56;625
1627;626266;1041;601;625
1628;626891;313133;2;625
1629;627516;14923;42;750
1630;628266;12809;49;625
1631;628891;104711;6;625
1632;629516;7577;83;625
1633;630141;674;934;625
1634;630766;856;736;750
1635;631516;70099;9;625
1636;632141;629;1004;625
1637;632766;632141;1;625
1638;633391;647;978;625
1639;634016;316633;2;750
1640;634766;634141;1;625
1641;635391;671;946;625
1642;636016;699;909;625
1643;636641;626;1016;625
1644;637266;17681;36;750
1645;638016;709;899;625
1646;638641;3323;192;625
1647;639266;27767;23;625
1648;639891;3851;166;625
1649;640516;13921;46;150
1650;640666;1117;573;625
1651;641291;1066;601;625
1652;641916;2023;317;625
1653;642541;1621;396;625
1654;643166;40151;16;750
1655;643916;58481;11;625
1656;644541;754;854;625
1657;645166;1187;543;625
1658;645791;322583;2;625
1659;646416;15373;42;750
1660;647166;92363;7;625
1661;647791;8297;78;625
1662;648416;1163;557;625
1663;649041;736;881;625
1664;649666;162229;4;750
1665;650416;1233;527;625
1666;651041;689;944;625
1667;651666;653;997;625
1668;652291;626;1041;625
1669;652916;326083;2;750
1670;653666;15187;43;625
1671;654291;806;811;625
1672;654916;2203;297;625
1673;655541;163729;4;625
1674;656166;158;4152;150
1675;656316;1091;601;625
1676;656941;708;927;625
1677;657566;4409;149;625
1678;658191;3613;182;625
1679;658816;3697;178;750
1680;659566;219647;3;625
1681;660191;646;1021;625
1682;660816;2549;259;625
1683;661441;706;936;625
1684;662066;5701;116;750
1685;662816;1271;521;625
1686;663441;1076;616;625
1687;664066;787;843;625
1688;664691;25541;26;625
1689;665316;15823;42;750
1690;666066;95063;7;625
1691;666691;3581;186;625
1692;667316;35089;19;625
1693;667941;626;1066;625
1694;668566;83477;8;750
1695;669316;1167;573;625
1696;669941;167329;4;625
1697;670566;21611;31;625
1698;671191;8597;78;625
1699;671816;335833;2;150
1700;671966;61031;11;625
1701;672591;1877;358;625
1702;673216;224197;3;625
1703;673841;628;1072;625
1704;674466;2441;276;750
1705;675216;1457;463;625
1706;675841;648;1042;625
1707;676466;675841;1;625
1708;677091;1477;458;625
1709;677716;5737;118;750
1710;678466;13291;51;625
1711;679091;706;961;625
1712;679716;13859;49;625
1713;680341;711;956;625
1714;680966;85027;8;750
1715;681716;681091;1;625
1716;682341;679;1004;625
1717;682966;667;1023;625
1718;683591;626;1091;625
1719;684216;16273;42;750
1720;684966;1657;413;625
1721;685591;114161;6;625
1722;686216;685591;1;625
1723;686841;2767;248;625
1724;687466;24547;28;150
1725;687616;2573;267;625
1726;688241;632;1088;625
1727;688866;1321;521;625
1728;689491;642;1073;625
1729;690116;344683;2;750
1730;690866;11699;59;625
1731;691491;682;1013;625
1732;692116;4349;159;625
1733;692741;7523;92;625
1734;693366;28859;24;750
1735;694116;18743;37;625
1736;694741;6427;108;625
1737;695366;2263;307;625
1738;695991;49669;14;625
1739;696616;347933;2;750
1740;697366;813;857;625
1741;697991;4201;166;625
1742;698616;99713;7;625
1743;699241;626;1116;625
1744;699866;15889;44;750
1745;700616;1559;449;625
1746;701241;12511;56;625
1747;701866;233747;3;625
1748;702491;671;1046;625
1749;703116;34;20679;30
1750;703146;6217;113;625
1751;703771;117191;6;625
1752;704396;1171;601;625
1753;705021;2287;308;625
1754;705646;5507;128;750
1755;706396;7129;99;625
1756;707021;176599;4;625
1757;707646;2149;329;625
1758;708271;1999;354;625
1759;708896;354073;2;750
1760;709646;667;1063;625
1761;710271;1211;586;625
1762;710896;78919;9;625
1763;711521;628;1132;625
1764;712146;756;941;750
1765;712896;679;1049;625
1766;713521;632;1128;625
1767;714146;3697;193;625
1768;714771;357073;2;625
1769;715396;21019;34;750
1770;716146;12553;57;625
1771;716771;358073;2;625
1772;717396;3833;187;625
1773;718021;626;1146;625
1774;718646;22453;32;150
1775;718796;718171;1;625
1776;719421;1196;601;625
1777;720046;239807;3;625
1778;720671;360023;2;625
1779;721296;120091;6;750
1780;722046;757;953;625
1781;722671;9257;78;625
1782;723296;4603;157;625
1783;723921;3229;224;625
1784;724546;180949;4;750
1785;725296;657;1103;625
1786;725921;634;1144;625
1787;726546;103703;7;625
1788;727171;838;867;625
1789;727796;363523;2;750
1790;728546;6803;107;625
1791;729171;4003;182;625
1792;729796;81019;9;625
1793;730421;4243;172;625
1794;731046;756;966;750
1795;731796;1559;469;625
1796;732421;4691;156;625
1797;733046;5591;131;625
1798;733671;626;1171;625
1799;734296;287;2558;150
1800;734446;1221;601;625
1801;735071;2339;314;625
1802;735696;735071;1;625
1803;736321;702;1048;625
1804;736946;2747;268;750
1805;737696;13907;53;625
1806;738321;23053;32;625
1807;738946;12953;57;625
1808;739571;1261;586;625
1809;740196;753;982;750
1810;740946;740321;1;625
1811;741571;123491;6;625
1812;742196;12569;59;625
1813;742821;2039;364;625
1814;743446;1016;731;750
1815;744196;82619;9;625
1816;744821;186049;4;625
1817;745446;1309;569;625
1818;746071;741;1006;625
1819;746696;372973;2;750
1820;747446;24091;31;625
1821;748071;1421;526;625
1822;748696;1933;387;625
1823;749321;626;1196;625
1824;749946;62483;12;150
1825;750096;749471;1;625
1826;750721;5209;144;625
1827;751346;750721;1;625
1828;751971;375673;2;625
1829;752596;375923;2;750
1830;753346;10909;69;625
1831;753971;1331;566;625
1832;754596;25999;29;625
1833;755221;822;918;625
1834;755846;2551;296;750
1835;756596;1451;521;625
1836;757221;189149;4;625
1837;757846;1459;519;625
1838;758471;2269;334;625
1839;759096;1303;582;750
1840;759846;1289;589;625
1841;760471;126641;6;625
1842;761096;2179;349;625
1843;761721;13591;56;625
1844;762346;836;911;750
1845;763096;84719;9;625
1846;763721;724;1054;625
1847;764346;109103;7;625
1848;764971;626;1221;625
1849;765596;242;3163;150
1850;765746;109303;7;625
1851;766371;382873;2;625
1852;766996;255457;3;625
1853;767621;191749;4;625
1854;768246;849;904;750
1855;768996;768371;1;625
1856;769621;738;1042;625
1857;770246;1367;563;625
1858;770871;706;1091;625
1859;771496;22669;34;750
1860;772246;8297;93;625
1861;772871;3823;202;625
1862;773496;4133;187;625
1863;774121;3581;216;625
1864;774746;1081;716;750
1865;775496;2341;331;625
1866;776121;1643;472;625
1867;776746;258707;3;625
1868;777371;388373;2;625
1869;777996;843;922;750
1870;778746;778121;1;625
1871;779371;642;1213;625
1872;779996;811;961;625
1873;780621;626;1246;625
1874;781246;8;97655;6
1875;781252;260209;3;625
1876;781877;11489;68;625
1877;782502;2063;379;625
1878;783127;651;1202;625
1879;783752;35591;22;750
1880;784502;783877;1;625
1881;785127;392251;2;625
1882;785752;763;1029;625
1883;786377;8929;88;625
1884;787002;65521;12;750
1885;787752;1793;439;625
1886;788377;756;1042;625
1887;789002;788377;1;625
1888;789627;394501;2;625
1889;790252;56393;14;750
1890;791002;1281;617;625
1891;791627;5903;134;625
1892;792252;791627;1;625
1893;792877;708;1119;625
1894;793502;49547;16;750
1895;794252;793627;1;625
1896;794877;668;1189;625
1897;795502;264959;3;625
1898;796127;397751;2;625
1899;796752;206;3867;150
1900;796902;21521;37;625
1901;797527;132817;6;625
1902;798152;1327;601;625
1903;798777;712;1121;625
1904;799402;8681;92;750
1905;800152;771;1037;625
1906;800777;100019;8;625
1907;801402;1537;521;625
1908;802027;19081;42;625
1909;802652;1094;733;750
1910;803402;802777;1;625
1911;804027;3163;254;625
1912;804652;38287;21;625
1913;805277;201163;4;625
1914;805902;8387;96;750
1915;806652;806027;1;625
1916;807277;679;1188;625
1917;807902;35099;23;625
1918;808527;403951;2;625
1919;809152;791;1022;750
1920;809902;1299;623;625
1921;810527;404951;2;625
1922;811152;4073;199;625
1923;811777;688;1179;625
1924;812402;29009;28;150
1925;812552;2869;283;625
1926;813177;676;1202;625
1927;813802;90353;9;625
1928;814427;781;1042;625
1929;815052;2381;342;750
1930;815802;6737;121;625
1931;816427;10459;78;625
1932;817052;816427;1;625
1933;817677;1909;428;625
1934;818302;1381;592;750
1935;819052;272809;3;625
1936;819677;829;988;625
1937;820302;2917;281;625
1938;820927;19531;42;625
1939;821552;410401;2;750
1940;822302;821677;1;625
1941;822927;31627;26;625
1942;823552;789;1043;625
1943;824177;3217;256;625
1944;824802;1597;516;750
1945;825552;8009;103;625
1946;826177;637;1296;625
1947;826802;649;1273;625
1948;827427;11173;74;625
1949;828052;413951;2;150
1950;828202;1377;601;625
1951;828827;414101;2;625
1952;829452;643;1289;625
1953;830077;676;1227;625
1954;830702;1621;512;750
1955;831452;830827;1;625
1956;832077;1907;436;625
1957;832702;1567;531;625
1958;833327;32027;26;625
1959;833952;1129;738;750
1960;834702;6367;131;625
1961;835327;12647;66;625
1962;835952;835327;1;625
1963;836577;4019;208;625
1964;837202;2647;316;750
1965;837952;279109;3;625
1966;838577;13093;64;625
1967;839202;6121;137;625
1968;839827;689;1218;625
1969;840452;8933;94;750
1970;841202;673;1249;625
1971;841827;18287;46;625
1972;842452;40087;21;625
1973;843077;884;953;625
1974;843702;174;4848;150
1975;843852;1631;517;625
1976;844477;70321;12;625
1977;845102;1763;479;625
1978;845727;422551;2;625
1979;846352;2693;314;750
1980;847102;879;963;625
1981;847727;4759;178;625
1982;848352;847727;1;625
1983;848977;8837;96;625
1984;849602;1549;548;750
1985;850352;849727;1;625
1986;850977;53147;16;625
1987;851602;4111;207;625
1988;852227;425801;2;625
1989;852852;47339;18;750
1990;853602;1943;439;625
1991;854227;678;1259;625
1992;854852;869;983;625
1993;855477;213713;4;625
1994;856102;3449;248;750
1995;856852;807;1061;625
1996;857477;214213;4;625
1997;858102;14057;61;625
1998;858727;20431;42;625
1999;859352;429661;2;30
2000;859382;858757;1;625
2001;860007;2573;334;625
2002;860632;3221;267;625
2003;861257;716;1202;625
2004;861882;71761;12;750
2005;862632;8369;103;625
2006;863257;11981;72;625
2007;863882;27847;31;625
2008;864507;4453;194;625
2009;865132;25423;34;750
2010;865882;761;1137;625
2011;866507;14929;58;625
2012;867132;50971;17;625
2013;867757;651;1332;625
2014;868382;844;1028;750
2015;869132;1667;521;625
2016;869757;19753;44;625
2017;870382;1497;581;625
2018;871007;435191;2;625
2019;871632;839;1038;750
2020;872382;23561;37;625
2021;873007;20771;42;625
2022;873632;11959;73;625
2023;874257;736;1187;625
2024;874882;379;2308;150
2025;875032;7109;123;625
2026;875657;109379;8;625
2027;876282;1457;601;625
2028;876907;726;1207;625
2029;877532;438391;2;750
2030;878282;3469;253;625
2031;878907;439141;2;625
2032;879532;292969;3;625
2033;880157;692;1271;625
2034;880782;824;1068;750
2035;881532;880907;1;625
2036;882157;846;1042;625
2037;882782;882157;1;625
2038;883407;2287;386;625
2039;884032;2813;314;750
2040;884782;1481;597;625
2041;885407;901;982;625
2042;886032;8123;109;625
2043;886657;756;1172;625
2044;887282;883;1004;750
2045;888032;3713;239;625
2046;888657;27751;32;625
2047;889282;3847;231;625
2048;889907;444641;2;625
2049;890532;186;4787;150
2050;890682;2957;301;625
2051;891307;741;1202;625
2052;891932;3389;263;625
2053;892557;7193;124;625
2054;893182;772;1156;750
2055;893932;1559;573;625
2056;894557;17191;52;625
2057;895182;1717;521;625
2058;895807;149197;6;625
2059;896432;447841;2;750
2060;897182;896557;1;625
2061;897807;3137;286;625
2062;898432;829;1083;625
2063;899057;7019;128;625
2064;899682;3257;276;750
2065;900432;899807;1;625
2066;901057;666;1352;625
2067;901682;21977;41;625
2068;902307;450841;2;625
2069;902932;1423;634;750
2070;903682;17707;51;625
2071;904307;34757;26;625
2072;904932;31183;29;625
2073;905557;684;1323;625
2074;906182;272;3331;150
2075;906332;1507;601;625
2076;906957;32369;28;625
2077;907582;11197;81;625
2078;908207;871;1042;625
2079;908832;7207;126;750
2080;909582;1459;623;625
2081;910207;151597;6;625
2082;910832;910207;1;625
2083;911457;754;1208;625
2084;912082;3121;292;750
2085;912832;304069;3;625
2086;913457;839;1088;625
2087;914082;913457;1;625
2088;914707;11719;78;625
2089;915332;862;1061;750
2090;916082;3929;233;625
2091;916707;4447;206;625
2092;917332;27779;33;625
2093;917957;676;1357;625
2094;918582;916;1002;750
2095;919332;48353;19;625
2096;919957;25537;36;625
2097;920582;1759;523;625
2098;921207;35407;26;625
2099;921832;460841;2;150
2100;921982;4451;207;625
2101;922607;460991;2;625
2102;923232;7753;119;625
2103;923857;652;1416;625
2104;924482;230933;4;750
2105;925232;31883;29;625
2106;925857;751;1232;625
2107;926482;647;1431;625
2108;927107;3109;298;625
2109;927732;882;1051;750
2110;928482;1597;581;625
2111;929107;154747;6;625
2112;929732;25111;37;625
2113;930357;232433;4;625
2114;930982;116279;8;750
2115;931732;18257;51;625
2116;932357;2137;436;625
2117;932982;932357;1;625
2118;933607;786;1187;625
2119;934232;1661;562;750
2120;934982;3877;241;625
2121;935607;467491;2;625
2122;936232;311869;3;625
2123;936857;10639;88;625
2124;937482;78121;12;30
2125;937512;7873;119;625
2126;938137;696;1347;625
2127;938762;643;1459;625
2128;939387;781;1202;625
2129;940012;469631;2;750
2130;940762;919;1023;625
2131;941387;12713;74;625
2132;942012;1721;547;625
2133;942637;764;1233;625
2134;943262;58907;16;750
2135;944012;943387;1;625
2136;944637;662;1426;625
2137;945262;314879;3;625
2138;945887;472631;2;625
2139;946512;157627;6;750
2140;947262;49823;19;625
2141;947887;157877;6;625
2142;948512;30577;31;625
2143;949137;29641;32;625
2144;949762;12487;76;750
2145;950512;729;1303;625
2146;951137;59407;16;625
2147;951762;86467;11;625
2148;952387;651;1462;625
2149;953012;347;2746;150
2150;953162;30727;31;625
2151;953787;661;1442;625
2152;954412;1587;601;625
2153;955037;887;1076;625
2154;955662;784;1218;750
2155;956412;136541;7;625
2156;957037;857;1116;625
2157;957662;957037;1;625
2158;958287;478831;2;625
2159;958912;479081;2;750
2160;959662;319679;3;625
2161;960287;1991;482;625
2162;960912;30977;31;625
2163;961537;6673;144;625
2164;962162;240353;4;750
2165;962912;1847;521;625
2166;963537;30091;32;625
2167;964162;631;1527;625
2168;964787;15551;62;625
2169;965412;3739;258;750
2170;966162;14411;67;625
2171;966787;849;1138;625
2172;967412;2693;359;625
2173;968037;659;1468;625
2174;968662;296;3272;150
2175;968812;29339;33;625
2176;969437;806;1202;625
2177;970062;703;1379;625
2178;970687;642;1511;625
2179;971312;7243;134;750
2180;972062;18329;53;625
2181;972687;637;1526;625
2182;973312;10459;93;625
2183;973937;1901;512;625
2184;974562;11593;84;750
2185;975312;139241;7;625
2186;975937;936;1042;625
2187;976562;2117;461;625
2188;977187;829;1178;625
2189;977812;758;1289;750
2190;978562;14173;69;625
2191;979187;793;1234;625
2192;979812;89017;11;625
2193;980437;1601;612;625
2194;981062;866;1132;750
2195;981812;981187;1;625
2196;982437;956;1027;625
2197;983062;327479;3;625
2198;983687;491531;2;625
2199;984312;178;5529;150
2200;984462;1637;601;625
2201;985087;3491;282;625
2202;985712;739;1333;625
2203;986337;677;1456;625
2204;986962;1322;746;750
2205;987712;2179;453;625
2206;988337;671;1472;625
2207;988962;1897;521;625
2208;989587;806;1227;625
2209;990212;494731;2;750
2210;990962;893;1109;625
2211;991587;70783;14;625
2212;992212;863;1149;625
2213;992837;19081;52;625
2214;993462;798;1244;750
2215;994212;141941;7;625
2216;994837;27617;36;625
2217;995462;994837;1;625
2218;996087;38287;26;625
2219;996712;2663;374;750
2220;997462;687;1451;625
2221;998087;26249;38;625
2222;998712;58711;17;625
2223;999337;776;1287;625
2224;999962;341;2932;150
2225;1000112;9341;107;625
2226;1000737;62507;16;625
2227;1001362;753;1329;625
2228;1001987;961;1042;625
2229;1002612;18553;54;750
2230;1003362;661;1517;625
2231;1003987;3889;258;625
2232;1004612;727;1381;625
2233;1005237;35879;28;625
2234;1005862;125639;8;750
2235;1006612;3457;291;625
2236;1007237;251653;4;625
2237;1007862;721;1397;625
2238;1008487;697;1446;625
2239;1009112;504181;2;750
2240;1009862;1009237;1;625
2241;1010487;742;1361;625
2242;1011112;336829;3;625
2243;1011737;844;1198;625
2244;1012362;12043;84;750
2245;1013112;20663;49;625
2246;1013737;14071;72;625
2247;1014362;10037;101;625
2248;1014987;17489;58;625
2249;1015612;617;1646;30
2250;1015642;338339;3;625
2251;1016267;507821;2;625
2252;1016892;3541;287;625
2253;1017517;846;1202;625
2254;1018142;63587;16;750
2255;1018892;53593;19;625
2256;1019517;36389;28;625
2257;1020142;339839;3;625
2258;1020767;662;1541;625
2259;1021392;798;1279;750
2260;1022142;145931;7;625
2261;1022767;911;1122;625
2262;1023392;2209;463;625
2263;1024017;31981;32;625
2264;1024642;255973;4;750
2265;1025392;3673;279;625
2266;1026017;3373;304;625
2267;1026642;9413;109;625
2268;1027267;794;1293;625
2269;1027892;2131;482;750
2270;1028642;1028017;1;625
2271;1029267;706;1457;625
2272;1029892;873;1179;625
2273;1030517;257473;4;625
2274;1031142;188;5484;150
2275;1031292;2179;473;625
2276;1031917;972;1061;625
2277;1032542;1717;601;625
2278;1033167;917;1126;625
2279;1033792;516521;2;750
2280;1034542;344639;3;625
2281;1035167;4073;254;625
2282;1035792;147881;7;625
2283;1036417;7193;144;625
2284;1037042;898;1154;750
2285;1037792;33457;31;625
2286;1038417;656;1582;625
2287;1039042;346139;3;625
2288;1039667;519521;2;625
2289;1040292;934;1113;750
2290;1041042;833;1249;625
2291;1041667;899;1158;625
2292;1042292;3091;337;625
2293;1042917;260573;4;625
2294;1043542;130349;8;750
2295;1044292;115963;9;625
2296;1044917;11351;92;625
2297;1045542;911;1147;625
2298;1046167;174257;6;625
2299;1046792;677;1546;150
2300;1046942;2851;367;625
2301;1047567;871;1202;625
2302;1048192;12041;87;625
2303;1048817;862;1216;625
2304;1049442;843;1244;750
2305;1050192;33857;31;625
2306;1050817;663;1584;625
2307;1051442;1050817;1;625
2308;1052067;10729;98;625
2309;1052692;6337;166;750
2310;1053442;2153;489;625
2311;1054067;806;1307;625
2312;1054692;6547;161;625
2313;1055317;29297;36;625
2314;1055942;131899;8;750
2315;1056692;2027;521;625
2316;1057317;2903;364;625
2317;1057942;11369;93;625
2318;1058567;528971;2;625
2319;1059192;869;1218;750
2320;1059942;3691;287;625
2321;1060567;642;1651;625
2322;1061192;1060567;1;625
2323;1061817;682;1556;625
2324;1062442;154;6898;150
2325;1062592;1767;601;625
2326;1063217;16603;64;625
2327;1063842;9409;113;625
2328;1064467;897;1186;625
2329;1065092;757;1406;750
2330;1065842;1065217;1;625
2331;1066467;17191;62;625
2332;1067092;4283;249;625
2333;1067717;20521;52;625
2334;1068342;44483;24;750
2335;1069092;62851;17;625
2336;1069717;684;1563;625
2337;1070342;3137;341;625
2338;1070967;5881;182;625
2339;1071592;1543;694;750
2340;1072342;357239;3;625
2341;1072967;4919;218;625
2342;1073592;153281;7;625
2343;1074217;666;1612;625
2344;1074842;1021;1052;750
2345;1075592;1987;541;625
2346;1076217;19207;56;625
2347;1076842;717;1501;625
2348;1077467;998;1079;625
2349;1078092;179657;6;150
2350;1078242;6229;173;625
2351;1078867;682;1581;625
2352;1079492;14779;73;625
2353;1080117;673;1604;625
2354;1080742;134999;8;750
2355;1081492;360289;3;625
2356;1082117;668;1619;625
2357;1082742;2077;521;625
2358;1083367;997;1086;625
2359;1083992;4969;218;750
2360;1084742;13723;79;625
2361;1085367;542371;2;625
2362;1085992;361789;3;625
2363;1086617;899;1208;625
2364;1087242;8231;132;750
2365;1087992;4231;257;625
2366;1088617;648;1679;625
2367;1089242;1088617;1;625
2368;1089867;643;1694;625
2369;1090492;11593;94;750
2370;1091242;33049;33;625
2371;1091867;545621;2;625
2372;1092492;22283;49;625
2373;1093117;30347;36;625
2374;1093742;34;32168;30
2375;1093772;99377;11;625
2376;1094397;2819;388;625
2377;1095022;6883;159;625
2378;1095647;911;1202;625
2379;1096272;182587;6;750
2380;1097022;18583;59;625
2381;1097647;9623;114;625
2382;1098272;4271;257;625
2383;1098897;4903;224;625
2384;1099522;274693;4;750
2385;1100272;2003;549;625
2386;1100897;68767;16;625
2387;1101522;157271;7;625
2388;1102147;183587;6;625
2389;1102772;23957;46;750
2390;1103522;5227;211;625
2391;1104147;78823;14;625
2392;1104772;627;1761;625
2393;1105397;1987;556;625
2394;1106022;756;1462;750
2395;1106772;5449;203;625
2396;1107397;894;1238;625
2397;1108022;65141;17;625
2398;1108647;554011;2;625
2399;1109272;227;4886;150
2400;1109422;4453;249;625
2401;1110047;554711;2;625
2402;1110672;1847;601;625
2403;1111297;648;1714;625
2404;1111922;277793;4;750
2405;1112672;1112047;1;625
2406;1113297;638;1744;625
2407;1113922;371099;3;625
2408;1114547;15053;74;625
2409;1115172;185737;6;750
2410;1115922;1115297;1;625
2411;1116547;185987;6;625
2412;1117172;1116547;1;625
2413;1117797;2347;476;625
2414;1118422;139709;8;750
2415;1119172;3359;333;625
2416;1119797;3371;332;625
2417;1120422;22853;49;625
2418;1121047;706;1587;625
2419;1121672;50951;22;750
2420;1122422;36187;31;625
2421;1123047;80173;14;625
2422;1123672;124783;9;625
2423;1124297;904;1243;625
2424;1124922;8521;132;150
2425;1125072;48889;23;625
2426;1125697;936;1202;625
2427;1126322;2021;557;625
2428;1126947;2417;466;625
2429;1127572;563411;2;750
2430;1128322;375899;3;625
2431;1128947;43397;26;625
2432;1129572;1128947;1;625
2433;1130197;10459;108;625
2434;1130822;4871;232;750
2435;1131572;1130947;1;625
2436;1132197;926;1222;625
2437;1132822;3119;363;625
2438;1133447;10687;106;625
2439;1134072;813;1394;750
2440;1134822;36587;31;625
2441;1135447;14549;78;625
2442;1136072;66791;17;625
2443;1136697;20287;56;625
2444;1137322;1907;596;750
2445;1138072;2689;423;625
2446;1138697;706;1612;625
2447;1139322;162671;7;625
2448;1139947;189887;6;625
2449;1140572;223;5114;150
2450;1140722;1897;601;625
2451;1141347;2729;418;625
2452;1141972;2777;411;625
2453;1142597;21961;52;625
2454;1143222;789;1448;750
2455;1143972;1143347;1;625
2456;1144597;739;1548;625
2457;1145222;27917;41;625
2458;1145847;2591;442;625
2459;1146472;24907;46;750
2460;1147222;12329;93;625
2461;1147847;838;1369;625
2462;1148472;60413;19;625
2463;1149097;702;1636;625
2464;1149722;26113;44;750
2465;1150472;2207;521;625
2466;1151097;4639;248;625
2467;1151722;2929;393;625
2468;1152347;4027;286;625
2469;1152972;192037;6;750
2470;1153722;104827;11;625
2471;1154347;11311;102;625
2472;1154972;713;1619;625
2473;1155597;668;1729;625
2474;1156222;184;6283;150
2475;1156372;385249;3;625
2476;1156997;41299;28;625
2477;1157622;1156997;1;625
2478;1158247;6653;174;625
2479;1158872;82723;14;750
2480;1159622;763;1519;625
2481;1160247;1019;1138;625
2482;1160872;35159;33;625
2483;1161497;145109;8;625
2484;1162122;5693;204;750
2485;1162872;6493;179;625
2486;1163497;744;1563;625
2487;1164122;769;1513;625
2488;1164747;25307;46;625
2489;1165372;10987;106;750
2490;1166122;388499;3;625
2491;1166747;14221;82;625
2492;1167372;1891;617;625
2493;1167997;972;1201;625
2494;1168622;2281;512;750
2495;1169372;2603;449;625
2496;1169997;292343;4;625
2497;1170622;389999;3;625
2498;1171247;2449;478;625
2499;1171872;195311;6;6
2500;1171878;1171253;1;625
2501;1172503;11489;102;625
2502;1173128;1172503;1;625
2503;1173753;13331;88;625
2504;1174378;4973;236;750
2505;1175128;35591;33;625
2506;1175753;146891;8;625
2507;1176378;3709;317;625
2508;1177003;757;1554;625
2509;1177628;2987;394;750
2510;1178378;61987;19;625
2511;1179003;589189;2;625
2512;1179628;2441;483;625
2513;1180253;3733;316;625
2514;1180878;912;1294;750
2515;1181628;2183;541;625
2516;1182253;756;1563;625
2517;1182878;1182253;1;625
2518;1183503;4657;254;625
2519;1184128;934;1267;750
2520;1184878;56393;21;625
2521;1185503;31181;38;625
2522;1186128;107773;11;625
2523;1186753;8237;144;625
2524;1187378;218;5446;150
2525;1187528;20117;59;625
2526;1188153;632;1879;625
2527;1188778;873;1361;625
2528;1189403;989;1202;625
2529;1190028;66071;18;750
2530;1190778;70009;17;625
2531;1191403;198463;6;625
2532;1192028;25349;47;625
2533;1192653;932;1279;625
2534;1193278;1021;1168;750
2535;1194028;1999;597;625
2536;1194653;2467;484;625
2537;1195278;2293;521;625
2538;1195903;894;1337;625
2539;1196528;597889;2;750
2540;1197278;1196653;1;625
2541;1197903;2209;542;625
2542;1198528;843;1421;625
2543;1199153;976;1228;625
2544;1199778;978;1226;750
2545;1200528;17909;67;625
2546;1201153;756;1588;625
2547;1201778;1201153;1;625
2548;1202403;600889;2;625
2549;1203028;601439;2;150
2550;1203178;4049;297;625
2551;1203803;601589;2;625
2552;1204428;2003;601;625
2553;1205053;3461;348;625
2554;1205678;1072;1124;750
2555;1206428;22751;53;625
2556;1207053;788;1531;625
2557;1207678;3119;387;625
2558;1208303;1042;1159;625
2559;1208928;67121;18;750
2560;1209678;1209053;1;625
2561;1210303;5449;222;625
2562;1210928;6271;193;625
2563;1211553;75683;16;625
2564;1212178;302857;4;750
2565;1212928;4001;303;625
2566;1213553;736;1648;625
2567;1214178;110323;11;625
2568;1214803;28909;42;625
2569;1215428;607339;2;750
2570;1216178;1215553;1;625
2571;1216803;608089;2;625
2572;1217428;57943;21;625
2573;1218053;304357;4;625
2574;1218678;288;4231;150
2575;1218828;2471;493;625
2576;1219453;676;1803;625
2577;1220078;1219453;1;625
2578;1220703;14879;82;625
2579;1221328;610289;2;750
2580;1222078;2381;513;625
2581;1222703;4273;286;625
2582;1223328;53161;23;625
2583;1223953;12743;96;625
2584;1224578;16103;76;750
2585;1225328;1224703;1;625
2586;1225953;688;1781;625
2587;1226578;136217;9;625
2588;1227203;613289;2;625
2589;1227828;68171;18;750
2590;1228578;1009;1217;625
2591;1229203;741;1658;625
2592;1229828;1229203;1;625
2593;1230453;2347;524;625
2594;1231078;902;1364;750
2595;1231828;410401;3;625
2596;1232453;23689;52;625
2597;1233078;1232453;1;625
2598;1233703;714;1727;625
2599;1234328;56099;22;150
2600;1234478;2053;601;625
2601;1235103;88177;14;625
2602;1235728;761;1623;625
2603;1236353;676;1828;625
2604;1236978;14717;84;750
2605;1237728;25247;49;625
2606;1238353;12893;96;625
2607;1238978;33469;37;625
2608;1239603;47653;26;625
2609;1240228;619739;2;750
2610;1240978;15313;81;625
2611;1241603;866;1433;625
2612;1242228;2753;451;625
2613;1242853;7963;156;625
2614;1243478;5011;248;750
2615;1244228;28921;43;625
2616;1244853;5869;212;625
2617;1245478;881;1413;625
2618;1246103;47903;26;625
2619;1246728;69221;18;750
2620;1247478;2357;529;625
2621;1248103;771;1618;625
2622;1248728;1248103;1;625
2623;1249353;12007;104;625
2624;1249978;44641;28;30
2625;1250008;953;1311;625
2626;1250633;824;1517;625
2627;1251258;40343;31;625
2628;1251883;642;1949;625
2629;1252508;32941;38;750
2630;1253258;29131;43;625
2631;1253883;626629;2;625
2632;1254508;417961;3;625
2633;1255133;2077;604;625
2634;1255758;769;1632;750
2635;1256508;2069;607;625
2636;1257133;627;2004;625
2637;1257758;1013;1241;625
2638;1258383;2447;514;625
2639;1259008;6229;202;750
2640;1259758;419711;3;625
2641;1260383;634;1987;625
2642;1261008;1260383;1;625
2643;1261633;648;1946;625
2644;1262258;315377;4;750
2645;1263008;2423;521;625
2646;1263633;928;1361;625
2647;1264258;3167;399;625
2648;1264883;2713;466;625
2649;1265508;186;6803;150
2650;1265658;2347;539;625
2651;1266283;210943;6;625
2652;1266908;787;1609;625
2653;1267533;1054;1202;625
2654;1268158;904;1402;750
2655;1268908;422761;3;625
2656;1269533;317227;4;625
2657;1270158;43777;29;625
2658;1270783;211693;6;625
2659;1271408;1058;1201;750
2660;1272158;31013;41;625
2661;1272783;10781;118;625
2662;1273408;424261;3;625
2663;1274033;788;1616;625
2664;1274658;2003;636;750
2665;1275408;7043;181;625
2666;1276033;816;1563;625
2667;1276658;3421;373;625
2668;1277283;15569;82;625
2669;1277908;4229;302;750
2670;1278658;426011;3;625
2671;1279283;639329;2;625
2672;1279908;55621;23;625
2673;1280533;756;1693;625
2674;1281158;184;6962;150
2675;1281308;11969;107;625
2676;1281933;683;1876;625
2677;1282558;711;1803;625
2678;1283183;641279;2;625
2679;1283808;1071;1198;750
2680;1284558;1043;1231;625
2681;1285183;19463;66;625
2682;1285808;4447;289;625
2683;1286433;80363;16;625
2684;1287058;321577;4;750
2685;1287808;3797;339;625
2686;1288433;10061;128;625
2687;1289058;2473;521;625
2688;1289683;9341;138;625
2689;1290308;5077;254;750
2690;1291058;1290433;1;625
2691;1291683;645529;2;625
2692;1292308;773;1671;625
2693;1292933;323077;4;625
2694;1293558;913;1416;750
2695;1294308;76099;17;625
2696;1294933;628;2061;625
2697;1295558;2659;487;625
2698;1296183;58889;22;625
2699;1296808;187;6934;150
2700;1296958;144037;9;625
2701;1297583;1079;1202;625
2702;1298208;185369;7;625
2703;1298833;13523;96;625
2704;1299458;5503;236;750
2705;1300208;1299583;1;625
2706;1300833;658;1976;625
2707;1301458;48179;27;625
2708;1302083;1042;1249;625
2709;1302708;10333;126;750
2710;1303458;186119;7;625
2711;1304083;663;1966;625
2712;1304708;1133;1151;625
2713;1305333;743;1756;625
2714;1305958;163151;8;750
2715;1306708;2773;471;625
2716;1307333;676;1933;625
2717;1307958;829;1577;625
2718;1308583;7517;174;625
2719;1309208;654229;2;750
2720;1309958;1309333;1;625
2721;1310583;50383;26;625
2722;1311208;921;1423;625
2723;1311833;163901;8;625
2724;1312458;174;7542;150
2725;1312608;2183;601;625
2726;1313233;678;1936;625
2727;1313858;77249;17;625
2728;1314483;7219;182;625
2729;1315108;28573;46;750
2730;1315858;951;1383;625
2731;1316483;657929;2;625
2732;1317108;2807;469;625
2733;1317733;8443;156;625
2734;1318358;164701;8;750
2735;1319108;2521;523;625
2736;1319733;47111;28;625
2737;1320358;5431;243;625
2738;1320983;1118;1181;625
2739;1321608;953;1386;750
2740;1322358;2681;493;625
2741;1322983;3613;366;625
2742;1323608;2231;593;625
2743;1324233;676;1958;625
2744;1324858;331027;4;750
2745;1325608;40151;33;625
2746;1326233;165701;8;625
2747;1326858;8783;151;625
2748;1327483;17011;78;625
2749;1328108;37;35894;30
2750;1328138;2519;527;625
2751;1328763;4993;266;625
2752;1329388;3233;411;625
2753;1330013;2537;524;625
2754;1330638;1979;672;750
2755;1331388;1057;1259;625
2756;1332013;1116;1193;625
2757;1332638;4283;311;625
2758;1333263;14177;94;625
2759;1333888;3853;346;750
2760;1334638;444671;3;625
2761;1335263;23011;58;625
2762;1335888;2267;589;625
2763;1336513;9277;144;625
2764;1337138;5477;244;750
2765;1337888;1337263;1;625
2766;1338513;41809;32;625
2767;1339138;863;1551;625
2768;1339763;21599;62;625
2769;1340388;223273;6;750
2770;1341138;809;1657;625
2771;1341763;642;2089;625
2772;1342388;881;1523;625
2773;1343013;646;2078;625
2774;1343638;164;8192;150
2775;1343788;967;1389;625
2776;1344413;10837;124;625
2777;1345038;27437;49;625
2778;1345663;746;1803;625
2779;1346288;2501;538;750
2780;1347038;3067;439;625
2781;1347663;8747;154;625
2782;1348288;1011;1333;625
2783;1348913;21067;64;625
2784;1349538;16057;84;750
2785;1350288;707;1909;625
2786;1350913;9377;144;625
2787;1351538;7547;179;625
2788;1352163;21799;62;625
2789;1352788;23311;58;750
2790;1353538;450971;3;625
2791;1354163;6977;194;625
2792;1354788;36599;37;625
2793;1355413;37633;36;625
2794;1356038;15401;88;750
2795;1356788;2603;521;625
2796;1357413;787;1724;625
2797;1358038;7669;177;625
2798;1358663;61729;22;625
2799;1359288;20593;66;150
2800;1359438;1358813;1;625
2801;1360063;9851;138;625
2802;1360688;2263;601;625
2803;1361313;12149;112;625
2804;1361938;340297;4;750
2805;1362688;454021;3;625
2806;1363313;5323;256;625
2807;1363938;3301;413;625
2808;1364563;7333;186;625
2809;1365188;682219;2;750
2810;1365938;1365313;1;625
2811;1366563;2269;602;625
2812;1367188;41411;33;625
2813;1367813;6449;212;625
2814;1368438;1163;1176;750
2815;1369188;1013;1351;625
2816;1369813;657;2084;625
2817;1370438;1369813;1;625
2818;1371063;2371;578;625
2819;1371688;29803;46;750
2820;1372438;457271;3;625
2821;1373063;2551;538;625
2822;1373688;3277;419;625
2823;1374313;19079;72;625
2824;1374938;11087;124;150
2825;1375088;4691;293;625
2826;1375713;1144;1202;625
2827;1376338;152857;9;625
2828;1376963;2449;562;625
2829;1377588;2833;486;750
2830;1378338;1377713;1;625
2831;1378963;862;1599;625
2832;1379588;72577;19;625
2833;1380213;812;1699;625
2834;1380838;1033;1336;750
2835;1381588;809;1707;625
2836;1382213;652;2119;625
2837;1382838;2653;521;625
2838;1383463;6229;222;625
2839;1384088;2497;554;750
2840;1384838;32191;43;625
2841;1385463;637;2174;625
2842;1386088;5189;267;625
2843;1386713;829;1672;625
2844;1387338;971;1428;750
2845;1388088;2849;487;625
2846;1388713;936;1483;625
2847;1389338;81689;17;625
2848;1389963;30203;46;625
2849;1390588;99317;14;150
2850;1390738;771;1803;625
2851;1391363;695369;2;625
2852;1391988;1391363;1;625
2853;1392613;8923;156;625
2854;1393238;174061;8;750
2855;1393988;667;2089;625
2856;1394613;1126;1238;625
2857;1395238;14087;99;625
2858;1395863;1042;1339;625
2859;1396488;25847;54;750
2860;1397238;1396613;1;625
2861;1397863;3947;354;625
2862;1398488;7723;181;625
2863;1399113;728;1921;625
2864;1399738;6599;212;750
2865;1400488;779;1797;625
2866;1401113;175061;8;625
2867;1401738;200159;7;625
2868;1402363;17971;78;625
2869;1402988;36901;38;750
2870;1403738;1403113;1;625
2871;1404363;100267;14;625
2872;1404988;468121;3;625
2873;1405613;659;2132;625
2874;1406238;32;43944;30
2875;1406268;1405643;1;625
2876;1406893;783;1796;625
2877;1407518;74047;19;625
2878;1408143;100537;14;625
2879;1408768;704009;2;750
2880;1409518;469631;3;625
2881;1410143;811;1738;625
2882;1410768;201449;7;625
2883;1411393;776;1818;625
2884;1412018;352817;4;750
2885;1412768;45553;31;625
2886;1413393;742;1904;625
2887;1414018;11491;123;625
2888;1414643;2413;586;625
2889;1415268;33679;42;750
2890;1416018;839;1687;625
2891;1416643;662;2139;625
2892;1417268;2311;613;625
2893;1417893;354317;4;625
2894;1418518;16111;88;750
2895;1419268;157627;9;625
2896;1419893;796;1783;625
2897;1420518;5053;281;625
2898;1421143;21523;66;625
2899;1421768;179;7942;150
2900;1421918;1421293;1;625
2901;1422543;710959;2;625
2902;1423168;27893;51;625
2903;1423793;1184;1202;625
2904;1424418;4091;348;750
2905;1425168;45953;31;625
2906;1425793;3299;432;625
2907;1426418;61991;23;625
2908;1427043;733;1946;625
2909;1427668;2539;562;750
2910;1428418;677;2109;625
2911;1429043;23039;62;625
2912;1429668;737;1939;625
2913;1430293;789;1812;625
2914;1430918;776;1843;750
2915;1431668;84179;17;625
2916;1432293;51131;28;625
2917;1432918;15401;93;625
2918;1433543;716459;2;625
2919;1434168;34129;42;750
2920;1434918;3359;427;625
2921;1435543;779;1842;625
2922;1436168;1435543;1;625
2923;1436793;5791;248;625
2924;1437418;196;7333;150
2925;1437568;15451;93;625
2926;1438193;704;2042;625
2927;1438818;2393;601;625
2928;1439443;239803;6;625
2929;1440068;719659;2;750
2930;1440818;3251;443;625
2931;1441443;1054;1367;625
2932;1442068;10223;141;625
2933;1442693;698;2066;625
2934;1443318;60107;24;750
2935;1444068;23663;61;625
2936;1444693;4457;324;625
2937;1445318;899;1607;625
2938;1445943;103237;14;625
2939;1446568;65719;22;750
2940;1447318;482231;3;625
2941;1447943;4183;346;625
2942;1448568;917;1579;625
2943;1449193;649;2232;625
2944;1449818;9791;148;750
2945;1450568;2783;521;625
2946;1451193;25903;56;625
2947;1451818;9127;159;625
2948;1452443;725909;2;625
2949;1453068;206;7053;150
2950;1453218;23813;61;625
2951;1453843;806;1803;625
2952;1454468;27431;53;625
2953;1455093;6163;236;625
2954;1455718;181871;8;750
2955;1456468;7243;201;625
2956;1457093;757;1924;625
2957;1457718;4273;341;625
2958;1458343;673;2166;625
2959;1458968;2837;514;750
2960;1459718;85829;17;625
2961;1460343;2441;598;625
2962;1460968;486781;3;625
2963;1461593;1096;1333;625
2964;1462218;121789;12;750
2965;1462968;3301;443;625
2966;1463593;702;2084;625
2967;1464218;6073;241;625
2968;1464843;938;1561;625
2969;1465468;4493;326;750
2970;1466218;1137;1289;625
2971;1466843;56393;26;625
2972;1467468;209549;7;625
2973;1468093;40763;36;625
2974;1468718;183571;8;150
2975;1468868;2443;601;625
2976;1469493;21601;68;625
2977;1470118;687;2139;625
2978;1470743;56543;26;625
2979;1471368;81701;18;750
2980;1472118;77447;19;625
2981;1472743;3361;438;625
2982;1473368;1472743;1;625
2983;1473993;806;1828;625
2984;1474618;779;1892;750
2985;1475368;491581;3;625
2986;1475993;827;1784;625
2987;1476618;2833;521;625
2988;1477243;858;1721;625
2989;1477868;1018;1451;750
2990;1478618;134363;11;625
2991;1479243;3173;466;625
2992;1479868;11467;129;625
2993;1480493;764;1937;625
2994;1481118;30841;48;750
2995;1481868;7519;197;625
2996;1482493;13721;108;625
2997;1483118;25127;59;625
2998;1483743;754;1967;625
2999;1484368;34;43657;30
3000;1484398;494591;3;625
3001;1485023;742199;2;625
3002;1485648;1485023;1;625
3003;1486273;684;2172;625
3004;1486898;4703;316;750
3005;1487648;14723;101;625
3006;1488273;46489;32;625
3007;1488898;3569;417;625
3008;1489523;3089;482;625
3009;1490148;6709;222;750
3010;1490898;1490273;1;625
3011;1491523;248483;6;625
3012;1492148;135593;11;625
3013;1492773;644;2317;625
3014;1493398;186581;8;750
3015;1494148;165947;9;625
3016;1494773;3491;428;625
3017;1495398;213539;7;625
3018;1496023;249233;6;625
3019;1496648;43997;34;750
3020;1497398;911;1643;625
3021;1498023;106957;14;625
3022;1498648;9791;153;625
3023;1499273;664;2257;625
3024;1499898;124979;12;150
3025;1500048;1007;1489;625
3026;1500673;792;1894;625
3027;1501298;859;1747;625
3028;1501923;1202;1249;625
3029;1502548;39521;38;750
3030;1503298;500891;3;625
3031;1503923;1138;1321;625
3032;1504548;19037;79;625
3033;1505173;13931;108;625
3034;1505798;838;1796;750
3035;1506548;9973;151;625
3036;1507173;817;1844;625
3037;1507798;633;2381;625
3038;1508423;727;2074;625
3039;1509048;22853;66;750
3040;1509798;2759;547;625
3041;1510423;8677;174;625
3042;1511048;1510423;1;625
3043;1511673;847;1784;625
3044;1512298;377887;4;750
3045;1513048;15277;99;625
3046;1513673;6101;248;625
3047;1514298;2527;599;625
3048;1514923;252383;6;625
3049;1515548;757699;2;150
3050;1515698;5279;287;625
3051;1516323;718;2111;625
3052;1516948;841;1803;625
3053;1517573;6217;244;625
3054;1518198;2749;552;750
3055;1518948;14741;103;625
3056;1519573;42193;36;625
3057;1520198;138143;11;625
3058;1520823;18539;82;625
3059;1521448;5987;254;750
3060;1522198;16361;93;625
3061;1522823;3413;446;625
3062;1523448;5381;283;625
3063;1524073;648;2351;625
3064;1524698;1228;1241;750
3065;1525448;35461;43;625
3066;1526073;6151;248;625
3067;1526698;1173;1301;625
3068;1527323;763349;2;625
3069;1527948;786;1943;750
3070;1528698;1528073;1;625
3071;1529323;254783;6;625
3072;1529948;49333;31;625
3073;1530573;707;2164;625
3074;1531198;194;7892;150
3075;1531348;510241;3;625
3076;1531973;637;2404;625
3077;1532598;919;1667;625
3078;1533223;1074;1427;625
3079;1533848;109507;14;750
3080;1534598;7069;217;625
3081;1535223;59023;26;625
3082;1535848;631;2433;625
3083;1536473;782;1964;625
3084;1537098;1133;1356;750
3085;1537848;1537223;1;625
3086;1538473;636;2418;625
3087;1539098;1538473;1;625
3088;1539723;69959;22;625
3089;1540348;769799;2;750
3090;1541098;46681;33;625
3091;1541723;59273;26;625
3092;1542348;1213;1271;625
3093;1542973;14281;108;625
3094;1543598;24107;64;750
3095;1544348;2963;521;625
3096;1544973;884;1747;625
3097;1545598;4813;321;625
3098;1546223;3007;514;625
3099;1546848;257783;6;150
3100;1546998;2573;601;625
3101;1547623;2897;534;625
3102;1548248;707;2189;625
3103;1548873;14887;104;625
3104;1549498;387187;4;750
3105;1550248;516541;3;625
3106;1550873;658;2356;625
3107;1551498;1550873;1;625
3108;1552123;19891;78;625
3109;1552748;6521;238;750
3110;1553498;679;2287;625
3111;1554123;776749;2;625
3112;1554748;983;1581;625
3113;1555373;754;2062;625
3114;1555998;32401;48;750
3115;1556748;5311;293;625
3116;1557373;747;2084;625
3117;1557998;81967;19;625
3118;1558623;806;1933;625
3119;1559248;779249;2;750
3120;1559998;7321;213;625
3121;1560623;3083;506;625
3122;1561248;42179;37;625
3123;1561873;702;2224;625
3124;1562498;73;21404;6
3125;1562504;1177;1327;625
3126;1563129;11489;136;625
3127;1563754;1017;1537;625
3128;1564379;758;2063;625
3129;1565004;774;2021;750
3130;1565754;1565129;1;625
3131;1566379;260959;6;625
3132;1567004;4339;361;625
3133;1567629;391751;4;625
3134;1568254;1252;1252;750
3135;1569004;1059;1481;625
3136;1569629;392251;4;625
3137;1570254;7439;211;625
3138;1570879;654;2401;625
3139;1571504;785377;2;750
3140;1572254;1571629;1;625
3141;1572879;786127;2;625
3142;1573504;847;1857;625
3143;1574129;647;2432;625
3144;1574754;4523;348;750
3145;1575504;68473;23;625
3146;1576129;756;2084;625
3147;1576754;5609;281;625
3148;1577379;788377;2;625
3149;1578004;788927;2;150
3150;1578154;58427;27;625
3151;1578779;789077;2;625
3152;1579404;1578779;1;625
3153;1580029;131617;12;625
3154;1580654;12343;128;750
3155;1581404;92987;17;625
3156;1582029;1132;1397;625
3157;1582654;175781;9;625
3158;1583279;5693;278;625
3159;1583904;843;1878;750
3160;1584654;20051;79;625
3161;1585279;11483;138;625
3162;1585904;1585279;1;625
3163;1586529;99119;16;625
3164;1587154;396601;4;750
3165;1587904;27847;57;625
3166;1588529;688;2308;625
3167;1589154;3049;521;625
3168;1589779;723;2198;625
3169;1590404;3803;418;750
3170;1591154;19163;83;625
3171;1591779;7877;202;625
3172;1592404;687;2317;625
3173;1593029;36191;44;625
3174;1593654;176;9054;150
3175;1593804;227597;7;625
3176;1594429;132817;12;625
3177;1595054;4163;383;625
3178;1595679;1202;1327;625
3179;1596304;2819;566;750
3180;1597054;19709;81;625
3181;1597679;798527;2;625
3182;1598304;1597679;1;625
3183;1598929;16649;96;625
3184;1599554;1252;1277;750
3185;1600304;743;2153;625
3186;1600929;100019;16;625
3187;1601554;927;1727;625
3188;1602179;1042;1537;625
3189;1602804;89003;18;750
3190;1603554;1602929;1;625
3191;1604179;267259;6;625
3192;1604804;1604179;1;625
3193;1605429;401201;4;625
3194;1606054;6473;248;750
3195;1606804;12451;129;625
3196;1607429;3163;508;625
3197;1608054;18061;89;625
3198;1608679;38287;42;625
3199;1609304;804577;2;150
3200;1609454;937;1717;625
3201;1610079;1078;1493;625
3202;1610704;893;1803;625
3203;1611329;100669;16;625
3204;1611954;19181;84;750
3205;1612704;959;1681;625
3206;1613329;628;2568;625
3207;1613954;1613329;1;625
3208;1614579;806977;2;625
3209;1615204;2579;626;750
3210;1615954;783;2063;625
3211;1616579;17191;94;625
3212;1617204;14831;109;625
3213;1617829;692;2337;625
3214;1618454;1186;1364;750
3215;1619204;70373;23;625
3216;1619829;734;2206;625
3217;1620454;179981;9;625
3218;1621079;803;2018;625
3219;1621704;90053;18;750
3220;1622454;3137;517;625
3221;1623079;678;2393;625
3222;1623704;43867;37;625
3223;1624329;11939;136;625
3224;1624954;21379;76;150
3225;1625104;3449;471;625
3226;1625729;676;2404;625
3227;1626354;857;1897;625
3228;1626979;90353;18;625
3229;1627604;813427;2;750
3230;1628354;1627729;1;625
3231;1628979;778;2093;625
3232;1629604;49363;33;625
3233;1630229;407401;4;625
3234;1630854;868;1878;750
3235;1631604;12263;133;625
3236;1632229;10459;156;625
3237;1632854;3271;499;625
3238;1633479;816427;2;625
3239;1634104;811;2014;750
3240;1634854;60527;27;625
3241;1635479;2951;554;625
3242;1636104;1635479;1;625
3243;1636729;68171;24;625
3244;1637354;4051;404;750
3245;1638104;1637479;1;625
3246;1638729;829;1976;625
3247;1639354;4441;369;625
3248;1639979;2917;562;625
3249;1640604;38;43173;30
3250;1640634;234287;7;625
3251;1641259;813;2018;625
3252;1641884;22483;73;625
3253;1642509;13241;124;625
3254;1643134;4463;368;750
3255;1643884;547753;3;625
3256;1644509;37361;44;625
3257;1645134;11831;139;625
3258;1645759;14431;114;625
3259;1646384;986;1669;750
3260;1647134;1646509;1;625
3261;1647759;758;2173;625
3262;1648384;32309;51;625
3263;1649009;752;2192;625
3264;1649634;878;1878;750
3265;1650384;1649759;1;625
3266;1651009;628;2628;625
3267;1651634;3121;529;625
3268;1652259;1046;1579;625
3269;1652884;6827;242;750
3270;1653634;551003;3;625
3271;1654259;4951;334;625
3272;1654884;2867;577;625
3273;1655509;693;2388;625
3274;1656134;176;9409;150
3275;1656284;1655659;1;625
3276;1656909;794;2086;625
3277;1657534;981;1689;625
3278;1658159;48751;34;625
3279;1658784;13159;126;750
3280;1659534;12473;133;625
3281;1660159;276589;6;625
3282;1660784;4703;353;625
3283;1661409;4513;368;625
3284;1662034;21859;76;750
3285;1662784;3529;471;625
3286;1663409;25981;64;625
3287;1664034;671;2479;625
3288;1664659;807;2062;625
3289;1665284;2659;626;750
3290;1666034;1123;1483;625
3291;1666659;646;2579;625
3292;1667284;19157;87;625
3293;1667909;416821;4;625
3294;1668534;69491;24;750
3295;1669284;40699;41;625
3296;1669909;801;2084;625
3297;1670534;11059;151;625
3298;1671159;7663;218;625
3299;1671784;835817;2;150
3300;1671934;699;2391;625
3301;1672559;75997;22;625
3302;1673184;3917;427;625
3303;1673809;696;2404;625
3304;1674434;2567;652;750
3305;1675184;1674559;1;625
3306;1675809;14957;112;625
3307;1676434;1217;1377;625
3308;1677059;10099;166;625
3309;1677684;13309;126;750
3310;1678434;679;2471;625
3311;1679059;3541;474;625
3312;1679684;1679059;1;625
3313;1680309;419921;4;625
3314;1680934;1252;1342;750
3315;1681684;560353;3;625
3316;1682309;420421;4;625
3317;1682934;3229;521;625
3318;1683559;946;1779;625
3319;1684184;1289;1306;750
3320;1684934;9007;187;625
3321;1685559;36629;46;625
3322;1686184;10601;159;625
3323;1686809;210773;8;625
3324;1687434;153;11028;150
3325;1687584;58171;29;625
3326;1688209;17579;96;625
3327;1688834;2809;601;625
3328;1689459;907;1862;625
3329;1690084;3721;454;750
3330;1690834;2803;603;625
3331;1691459;4723;358;625
3332;1692084;847;1997;625
3333;1692709;1236;1369;625
3334;1693334;211573;8;750
3335;1694084;3449;491;625
3336;1694709;3559;476;625
3337;1695334;2729;621;625
3338;1695959;1042;1627;625
3339;1696584;774;2191;750
3340;1697334;6551;259;625
3341;1697959;282889;6;625
3342;1698584;1697959;1;625
3343;1699209;3169;536;625
3344;1699834;424771;4;750
3345;1700584;566653;3;625
3346;1701209;212573;8;625
3347;1701834;39563;43;625
3348;1702459;283639;6;625
3349;1703084;461;3694;150
3350;1703234;89611;19;625
3351;1703859;1202;1417;625
3352;1704484;33409;51;625
3353;1705109;764;2231;625
3354;1705734;3739;456;750
3355;1706484;1705859;1;625
3356;1707109;10939;156;625
3357;1707734;19181;89;625
3358;1708359;1094;1561;625
3359;1708984;77647;22;750
3360;1709734;189901;9;625
3361;1710359;3461;494;625
3362;1710984;1141;1499;625
3363;1711609;6481;264;625
3364;1712234;1252;1367;750
3365;1712984;9157;187;625
3366;1713609;676;2534;625
3367;1714234;63467;27;625
3368;1714859;3259;526;625
3369;1715484;878;1953;750
3370;1716234;245087;7;625
3371;1716859;22003;78;625
3372;1717484;829;2071;625
3373;1718109;3089;556;625
3374;1718734;52;33052;30
3375;1718764;1003;1713;625
3376;1719389;668;2573;625
3377;1720014;245627;7;625
3378;1720639;3221;534;625
3379;1721264;860257;2;750
3380;1722014;74843;23;625
3381;1722639;123001;14;625
3382;1723264;18523;93;625
3383;1723889;13463;128;625
3384;1724514;20521;84;750
3385;1725264;3031;569;625
3386;1725889;11981;144;625
3387;1726514;156899;11;625
3388;1727139;27847;62;625
3389;1727764;3613;478;750
3390;1728514;575963;3;625
3391;1729139;4343;398;625
3392;1729764;6889;251;625
3393;1730389;48049;36;625
3394;1731014;1252;1382;750
3395;1731764;4717;367;625
3396;1732389;14929;116;625
3397;1733014;577463;3;625
3398;1733639;50971;34;625
3399;1734264;289019;6;150
3400;1734414;32713;53;625
3401;1735039;726;2389;625
3402;1735664;3007;577;625
3403;1736289;15497;112;625
3404;1736914;964;1801;750
3405;1737664;15649;111;625
3406;1738289;1216;1429;625
3407;1738914;8563;203;625
3408;1739539;9349;186;625
3409;1740164;869707;2;750
3410;1740914;1740289;1;625
3411;1741539;124351;14;625
3412;1742164;580513;3;625
3413;1742789;435541;4;625
3414;1743414;759;2296;750
3415;1744164;1069;1631;625
3416;1744789;48449;36;625
3417;1745414;701;2489;625
3418;1746039;79337;22;625
3419;1746664;2789;626;750
3420;1747414;1231;1419;625
3421;1748039;873707;2;625
3422;1748664;1748039;1;625
3423;1749289;652;2682;625
3424;1749914;206;8494;150
3425;1750064;1749439;1;625
3426;1750689;109379;16;625
3427;1751314;194521;9;625
3428;1751939;1202;1457;625
3429;1752564;32441;54;750
3430;1753314;983;1783;625
3431;1753939;4003;438;625
3432;1754564;3889;451;625
3433;1755189;892;1967;625
3434;1755814;2777;632;750
3435;1756564;585313;3;625
3436;1757189;439141;4;625
3437;1757814;763;2303;625
3438;1758439;292969;6;625
3439;1759064;23761;74;750
3440;1759814;3767;467;625
3441;1760439;674;2611;625
3442;1761064;586813;3;625
3443;1761689;782;2252;625
3444;1762314;804;2191;750
3445;1763064;3449;511;625
3446;1763689;846;2084;625
3447;1764314;823;2143;625
3448;1764939;882157;2;625
3449;1765564;329;5366;150
3450;1765714;8527;207;625
3451;1766339;3959;446;625
3452;1766964;2939;601;625
3453;1767589;643;2748;625
3454;1768214;220933;8;750
3455;1768964;1768339;1;625
3456;1769589;4969;356;625
3457;1770214;1059;1671;625
3458;1770839;885107;2;625
3459;1771464;813;2178;750
3460;1772214;653;2713;625
3461;1772839;5573;318;625
3462;1773464;22441;79;625
3463;1774089;2879;616;625
3464;1774714;4391;404;750
3465;1775464;53783;33;625
3466;1776089;5413;328;625
3467;1776714;3409;521;625
3468;1777339;10211;174;625
3469;1777964;2839;626;750
3470;1778714;6283;283;625
3471;1779339;127051;14;625
3472;1779964;753;2363;625
3473;1780589;929;1916;625
3474;1781214;174;10236;150
3475;1781364;22541;79;625
3476;1781989;741;2404;625
3477;1782614;161999;11;625
3478;1783239;3389;526;625
3479;1783864;891557;2;750
3480;1784614;198221;9;625
3481;1785239;68639;26;625
3482;1785864;14057;127;625
3483;1786489;74411;24;625
3484;1787114;19417;92;750
3485;1787864;5063;353;625
3486;1788489;17191;104;625
3487;1789114;10459;171;625
3488;1789739;1042;1717;625
3489;1790364;11047;162;750
3490;1791114;841;2129;625
3491;1791739;22963;78;625
3492;1792364;1791739;1;625
3493;1792989;64013;28;625
3494;1793614;1252;1432;750
3495;1794364;1257;1427;625
3496;1794989;3137;572;625
3497;1795614;11149;161;625
3498;1796239;722;2487;625
3499;1796864;69109;26;30
3500;1796894;1796269;1;625
3501;1797519;81677;22;625
3502;1798144;717;2507;625
3503;1798769;878;2048;625
3504;1799394;4051;444;750
3505;1800144;58049;31;625
3506;1800769;648;2778;625
3507;1801394;9949;181;625
3508;1802019;1154;1561;625
3509;1802644;4717;382;750
3510;1803394;8969;201;625
3511;1804019;899;2006;625
3512;1804644;257717;7;625
3513;1805269;50129;36;625
3514;1805894;803;2248;750
3515;1806644;22861;79;625
3516;1807269;791;2284;625
3517;1807894;19433;93;625
3518;1808519;814;2221;625
3519;1809144;6151;294;750
3520;1809894;23497;77;625
3521;1810519;301649;6;625
3522;1811144;44159;41;625
3523;1811769;872;2077;625
3524;1812394;236;7679;150
3525;1812544;19483;93;625
3526;1813169;892;2032;625
3527;1813794;106657;17;625
3528;1814419;302299;6;625
3529;1815044;19301;94;750
3530;1815794;17623;103;625
3531;1816419;29287;62;625
3532;1817044;627;2897;625
3533;1817669;634;2866;625
3534;1818294;75731;24;750
3535;1819044;1818419;1;625
3536;1819669;16843;108;625
3537;1820294;58699;31;625
3538;1820919;130021;14;625
3539;1821544;31393;58;750
3540;1822294;1173;1553;625
3541;1822919;911147;2;625
3542;1823544;260417;7;625
3543;1824169;684;2666;625
3544;1824794;3481;524;750
3545;1825544;1824919;1;625
3546;1826169;4657;392;625
3547;1826794;5689;321;625
3548;1827419;913397;2;625
3549;1828044;201;9094;150
3550;1828194;9277;197;625
3551;1828819;9829;186;625
3552;1829444;4903;373;625
3553;1830069;761;2404;625
3554;1830694;3877;472;750
3555;1831444;6857;267;625
3556;1832069;782;2342;625
3557;1832694;3503;523;625
3558;1833319;305449;6;625
3559;1833944;809;2266;750
3560;1834694;1834069;1;625
3561;1835319;797;2302;625
3562;1835944;3203;573;625
3563;1836569;673;2728;625
3564;1837194;3559;516;750
3565;1837944;649;2831;625
3566;1838569;762;2412;625
3567;1839194;1838569;1;625
3568;1839819;131371;14;625
3569;1840444;48413;38;750
3570;1841194;613523;3;625
3571;1841819;5143;358;625
3572;1842444;1247;1477;625
3573;1843069;732;2517;625
3574;1843694;158;11668;150
3575;1843844;4463;413;625
3576;1844469;4229;436;625
3577;1845094;1023;1803;625
3578;1845719;863;2138;625
3579;1846344;102533;18;750
3580;1847094;1846469;1;625
3581;1847719;633;2918;625
3582;1848344;13487;137;625
3583;1848969;899;2056;625
3584;1849594;3061;604;750
3585;1850344;36269;51;625
3586;1850969;231293;8;625
3587;1851594;1850969;1;625
3588;1852219;5059;366;625
3589;1852844;907;2042;750
3590;1853594;1852969;1;625
3591;1854219;926797;2;625
3592;1854844;751;2469;625
3593;1855469;463711;4;625
3594;1856094;38653;48;750
3595;1856844;35023;53;625
3596;1857469;891;2084;625
3597;1858094;17041;109;625
3598;1858719;132721;14;625
3599;1859344;157;11842;150
3600;1859494;1299;1431;625
3601;1860119;1202;1547;625
3602;1860744;893;2083;625
3603;1861369;732;2542;625
3604;1861994;6043;308;750
3605;1862744;9173;203;625
3606;1863369;17911;104;625
3607;1863994;207041;9;625
3608;1864619;878;2123;625
3609;1865244;103583;18;750
3610;1865994;803;2323;625
3611;1866619;1018;1833;625
3612;1867244;14249;131;625
3613;1867869;1244;1501;625
3614;1868494;58367;32;750
3615;1869244;1279;1461;625
3616;1869869;698;2678;625
3617;1870494;3589;521;625
3618;1871119;311749;6;625
3619;1871744;22817;82;750
3620;1872494;39827;47;625
3621;1873119;72019;26;625
3622;1873744;9319;201;625
3623;1874369;117109;16;625
3624;1874994;34;55146;30
3625;1875024;1874399;1;625
3626;1875649;696;2694;625
3627;1876274;881;2129;625
3628;1876899;643;2918;625
3629;1877524;938387;2;750
3630;1878274;625883;3;625
3631;1878899;934;2011;625
3632;1879524;170809;11;625
3633;1880149;5801;324;625
3634;1880774;235003;8;750
3635;1881524;1880899;1;625
3636;1882149;12713;148;625
3637;1882774;627383;3;625
3638;1883399;1094;1721;625
3639;1884024;313879;6;750
3640;1884774;60779;31;625
3641;1885399;314129;6;625
3642;1886024;659;2861;625
3643;1886649;33679;56;625
3644;1887274;27743;68;750
3645;1888024;4877;387;625
3646;1888649;662;2852;625
3647;1889274;1003;1883;625
3648;1889899;314879;6;625
3649;1890524;787;2402;150
3650;1890674;1351;1399;625
3651;1891299;23057;82;625
3652;1891924;630433;3;625
3653;1892549;956;1979;625
3654;1893174;2719;696;750
3655;1893924;1893299;1;625
3656;1894549;52609;36;625
3657;1895174;9617;197;625
3658;1895799;941;2014;625
3659;1896424;866;2189;750
3660;1897174;20393;93;625
3661;1897799;3691;514;625
3662;1898424;757;2507;625
3663;1899049;748;2538;625
3664;1899674;1306;1454;750
3665;1900424;172709;11;625
3666;1901049;632;3007;625
3667;1901674;951;1999;625
3668;1902299;950837;2;625
3669;1902924;317029;6;750
3670;1903674;13691;139;625
3671;1904299;317279;6;625
3672;1904924;1307;1457;625
3673;1905549;9719;196;625
3674;1906174;178;10708;150
3675;1906324;1317;1447;625
3676;1906949;661;2884;625
3677;1907574;173359;11;625
3678;1908199;1058;1803;625
3679;1908824;1022;1867;750
3680;1909574;3241;589;625
3681;1910199;5519;346;625
3682;1910824;17209;111;625
3683;1911449;238853;8;625
3684;1912074;996;1919;750
3685;1912824;46639;41;625
3686;1913449;744;2571;625
3687;1914074;65981;29;625
3688;1914699;957037;2;625
3689;1915324;56311;34;750
3690;1916074;933;2053;625
3691;1916699;50423;38;625
3692;1917324;3637;527;625
3693;1917949;738;2598;625
3694;1918574;14983;128;750
3695;1919324;941;2039;625
3696;1919949;724;2651;625
3697;1920574;639983;3;625
3698;1921199;30977;62;625
3699;1921824;159;12086;150
3700;1921974;61979;31;625
3701;1922599;320329;6;625
3702;1923224;3199;601;625
3703;1923849;773;2488;625
3704;1924474;43721;44;750
3705;1925224;1077;1787;625
3706;1925849;868;2218;625
3707;1926474;23203;83;625
3708;1927099;867;2222;625
3709;1927724;2597;742;750
3710;1928474;25037;77;625
3711;1929099;3481;554;625
3712;1929724;20743;93;625
3713;1930349;787;2452;625
3714;1930974;40213;48;750
3715;1931724;967;1997;625
3716;1932349;828;2333;625
3717;1932974;1303;1483;625
3718;1933599;31177;62;625
3719;1934224;5009;386;750
3720;1934974;644783;3;625
3721;1935599;56911;34;625
3722;1936224;1935599;1;625
3723;1936849;648;2988;625
3724;1937474;236;8209;150
3725;1937624;1936999;1;625
3726;1938249;806;2404;625
3727;1938874;23929;81;625
3728;1939499;703;2758;625
3729;1940124;978;1983;750
3730;1940874;1319;1471;625
3731;1941499;894;2171;625
3732;1942124;713;2723;625
3733;1942749;794;2446;625
3734;1943374;3571;544;750
3735;1944124;17509;111;625
3736;1944749;637;3052;625
3737;1945374;823;2363;625
3738;1945999;10459;186;625
3739;1946624;917;2122;750
3740;1947374;3917;497;625
3741;1947999;1238;1573;625
3742;1948624;641;3039;625
3743;1949249;121789;16;625
3744;1949874;2753;708;750
3745;1950624;1949999;1;625
3746;1951249;936;2084;625
3747;1951874;1951249;1;625
3748;1952499;922;2117;625
3749;1953124;976561;2;2
3750;1953126;4544;429;3750
3751;1956876;5167;378;3750
3752;1960626;3756;521;3750
3753;1964376;3937;498;3750
3754;1968126;816;2411;750
3755;1968876;5091;386;3750
3756;1972626;4207;468;3750
3757;1976376;4034;489;3750
3758;1980126;82349;24;3750
3759;1983876;8933;222;750
3760;1984626;4596;431;3750
3761;1988376;4974;399;3750
3762;1992126;6373;312;3750
3763;1995876;6206;321;3750
3764;1999626;797;2508;750
3765;2000376;7478;267;3750
3766;2004126;3969;504;3750
3767;2007876;334021;6;3750
3768;2011626;4758;422;3750
3769;2015376;335771;6;750
3770;2016126;4584;439;3750
3771;2019876;16001;126;3750
3772;2023626;168323;12;3750
3773;2027376;30661;66;3750
3774;2031126;164;12384;150
3775;2031276;9133;222;3750
3776;2035026;4524;449;3750
3777;2038776;3906;521;3750
3778;2042526;3876;526;3750
3779;2046276;791;2586;750
3780;2047026;4153;492;3750
3781;2050776;341171;6;3750
3782;2054526;3756;546;3750
3783;2058276;342421;6;3750
3784;2062026;926;2226;750
3785;2062776;343171;6;3750
3786;2066526;4227;488;3750
3787;2070276;3834;539;3750
3788;2074026;6924;299;3750
3789;2077776;2909;714;750
3790;2078526;3828;542;3750
3791;2082276;346421;6;3750
3792;2086026;8263;252;3750
3793;2089776;347671;6;3750
3794;2093526;12457;168;750
3795;2094276;348421;6;3750
3796;2098026;5262;398;3750
3797;2101776;16651;126;3750
3798;2105526;43787;48;3750
3799;2109276;213;9902;150
3800;2109426;5238;402;3750
3801;2113176;6186;341;3750
3802;2116926;4056;521;3750
3803;2120676;4438;477;3750
3804;2124426;58991;36;750
3805;2125176;6203;342;3750
3806;2128926;4852;438;3750
3807;2132676;15427;138;3750
3808;2136426;3822;558;3750
3809;2140176;39619;54;750
3810;2140926;29683;72;3750
3811;2144676;356821;6;3750
3812;2148426;3756;571;3750
3813;2152176;4046;531;3750
3814;2155926;809;2664;750
3815;2156676;39869;54;3750
3816;2160426;6782;318;3750
3817;2164176;360071;6;3750
3818;2167926;4068;532;3750
3819;2171676;120607;18;750
3820;2172426;3852;563;3750
3821;2176176;8831;246;3750
3822;2179926;45337;48;3750
3823;2183676;3942;553;3750
3824;2187426;156;14021;150
3825;2187576;5487;398;3750
3826;2191326;3963;552;3750
3827;2195076;4206;521;3750
3828;2198826;14071;156;3750
3829;2202576;803;2742;750
3830;2203326;4954;444;3750
3831;2207076;6738;327;3750
3832;2210826;4188;527;3750
3833;2214576;368471;6;3750
3834;2218326;92399;24;750
3835;2219076;4413;502;3750
3836;2222826;4566;486;3750
3837;2226576;370471;6;3750
3838;2230326;4217;528;3750
3839;2234076;829;2694;750
3840;2234826;185923;12;3750
3841;2238576;11287;198;3750
3842;2242326;3756;596;3750
3843;2246076;373721;6;3750
3844;2249826;187423;12;750
3845;2250576;19709;114;3750
3846;2254326;15629;144;3750
3847;2258076;4198;537;3750
3848;2261826;11069;204;3750
3849;2265576;254;8919;150
3850;2265726;7368;307;3750
3851;2269476;3893;582;3750
3852;2273226;4356;521;3750
3853;2276976;6211;366;3750
3854;2280726;94999;24;750
3855;2281476;34511;66;3750
3856;2285226;6133;372;3750
3857;2288976;3771;606;3750
3858;2292726;4436;516;3750
3859;2296476;382621;6;750
3860;2297226;191123;12;3750
3861;2300976;382871;6;3750
3862;2304726;4176;551;3750
3863;2308476;12391;186;3750
3864;2312226;852;2713;750
3865;2312976;4637;498;3750
3866;2316726;48187;48;3750
3867;2320476;3842;603;3750
3868;2324226;193373;12;3750
3869;2327976;814;2859;750
3870;2328726;48437;48;3750
3871;2332476;5666;411;3750
3872;2336226;3756;621;3750
3873;2339976;5826;401;3750
3874;2343726;48;48827;30
3875;2343756;390001;6;3750
3876;2347506;11489;204;3750
3877;2351256;3906;601;3750
3878;2355006;3756;626;3750
3879;2358756;966;2441;750
3880;2359506;15101;156;3750
3881;2363256;5387;438;3750
3882;2367006;4168;567;3750
3883;2370756;394501;6;3750
3884;2374506;924;2569;750
3885;2375256;395251;6;3750
3886;2379006;3972;598;3750
3887;2382756;4302;553;3750
3888;2386506;4756;501;3750
3889;2390256;56893;42;750
3890;2391006;99469;24;3750
3891;2394756;5361;446;3750
3892;2398506;3913;612;3750
3893;2402256;36341;66;3750
3894;2406006;824;2919;750
3895;2406756;4066;591;3750
3896;2410506;18233;132;3750
3897;2414256;5466;441;3750
3898;2418006;3796;636;3750
3899;2421756;36691;66;150
3900;2421906;5167;468;3750
3901;2425656;5394;449;3750
3902;2429406;3832;633;3750
3903;2433156;6427;378;3750
3904;2436906;876;2781;750
3905;2437656;5879;414;3750
3906;2441406;4056;601;3750
3907;2445156;4686;521;3750
3908;2448906;3756;651;3750
3909;2452656;136217;18;750
3910;2453406;4124;594;3750
3911;2457156;6103;402;3750
3912;2460906;4974;494;3750
3913;2464656;19531;126;3750
3914;2468406;34273;72;750
3915;2469156;4723;522;3750
3916;2472906;205763;12;3750
3917;2476656;7338;337;3750
3918;2480406;3822;648;3750
3919;2484156;45989;54;750
3920;2484906;5043;492;3750
3921;2488656;6046;411;3750
3922;2492406;4476;556;3750
3923;2496156;5502;453;3750
3924;2499906;29759;84;150
3925;2500056;13421;186;3750
3926;2503806;5342;468;3750
3927;2507556;6841;366;3750
3928;2511306;208963;12;3750
3929;2515056;419051;6;750
3930;2515806;4454;564;3750
3931;2519556;46589;54;3750
3932;2523306;4836;521;3750
3933;2527056;420551;6;3750
3934;2530806;778;3252;750
3935;2531556;4206;601;3750
3936;2535306;70321;36;3750
3937;2539056;422551;6;3750
3938;2542806;3756;676;3750
3939;2546556;4201;606;750
3940;2547306;5007;508;3750
3941;2551056;6022;423;3750
3942;2554806;53147;48;3750
3943;2558556;425801;6;3750
3944;2562306;9281;276;750
3945;2563056;426551;6;3750
3946;2566806;4188;612;3750
3947;2570556;38891;66;3750
3948;2574306;214213;12;3750
3949;2578056;162;15913;150
3950;2578206;107269;24;3750
3951;2581956;429701;6;3750
3952;2585706;4212;613;3750
3953;2589456;5658;457;3750
3954;2593206;872;2973;750
3955;2593956;5982;433;3750
3956;2597706;4404;589;3750
3957;2601456;4689;554;3750
3958;2605206;4169;624;3750
3959;2608956;822;3173;750
3960;2609706;217163;12;3750
3961;2613456;39541;66;3750
3962;2617206;18149;144;3750
3963;2620956;14071;186;3750
3964;2624706;898;2922;750
3965;2625456;25703;102;3750
3966;2629206;3954;664;3750
3967;2632956;4842;543;3750
3968;2636706;3756;701;3750
3969;2640456;5569;474;750
3970;2641206;4778;552;3750
3971;2644956;5514;479;3750
3972;2648706;73471;36;3750
3973;2652456;4713;562;3750
3974;2656206;156;17026;150
3975;2656356;13397;198;3750
3976;2660106;4892;543;3750
3977;2663856;9433;282;3750
3978;2667606;4269;624;3750
3979;2671356;148367;18;750
3980;2672106;4782;558;3750
3981;2675856;10357;258;3750
3982;2679606;4168;642;3750
3983;2683356;148867;18;3750
3984;2687106;852;3153;750
3985;2687856;7274;369;3750
3986;2691606;55997;48;3750
3987;2695356;5394;499;3750
3988;2699106;3807;708;3750
3989;2702856;4549;594;750
3990;2703606;18749;144;3750
3991;2707356;450601;6;3750
3992;2711106;225613;12;3750
3993;2714856;150617;18;3750
3994;2718606;9437;288;750
3995;2719356;16763;162;3750
3996;2723106;11927;228;3750
3997;2726856;453851;6;3750
3998;2730606;3756;726;3750
3999;2734356;42;65103;30
4000;2734386;4506;606;3750
4001;2738136;3782;723;3750
4002;2741886;114089;24;3750
4003;2745636;4167;658;3750
4004;2749386;1089;2524;750
4005;2750136;5651;486;3750
4006;2753886;3912;703;3750
4007;2757636;458981;6;3750
4008;2761386;3906;706;3750
4009;2765136;822;3363;750
4010;2765886;4056;681;3750
4011;2769636;460981;6;3750
4012;2773386;5316;521;3750
4013;2777136;4002;693;3750
4014;2780886;844;3294;750
4015;2781636;4171;666;3750
4016;2785386;4863;572;3750
4017;2789136;4259;654;3750
4018;2792886;5534;504;3750
4019;2796636;155327;18;750
4020;2797386;25867;108;3750
4021;2801136;4882;573;3750
4022;2804886;4489;624;3750
4023;2808636;4137;678;3750
4024;2812386;33479;84;150
4025;2812536;15101;186;3750
4026;2816286;4041;696;3750
4027;2820036;4686;601;3750
4028;2823786;235003;12;3750
4029;2827536;11491;246;750
4030;2828286;4938;572;3750
4031;2832036;157127;18;3750
4032;2835786;3972;713;3750
4033;2839536;472631;6;3750
4034;2843286;6967;408;750
4035;2844036;473381;6;3750
4036;2847786;4017;708;3750
4037;2851536;5466;521;3750
4038;2855286;59407;48;3750
4039;2859036;476381;6;750
4040;2859786;5046;566;3750
4041;2863536;3753;762;3750
4042;2867286;4056;706;3750
4043;2871036;477881;6;3750
4044;2874786;21773;132;750
4045;2875536;478631;6;3750
4046;2879286;4204;684;3750
4047;2883036;479881;6;3750
4048;2886786;18481;156;3750
4049;2890536;206;14031;150
4050;2890686;3896;741;3750
4051;2894436;20947;138;3750
4052;2898186;3922;738;3750
4053;2901936;483031;6;3750
4054;2905686;121039;24;750
4055;2906436;3891;746;3750
4056;2910186;4836;601;3750
4057;2913936;4533;642;3750
4058;2917686;7142;408;3750
4059;2921436;486781;6;750
4060;2922186;243203;12;3750
4061;2925936;13163;222;3750
4062;2929686;4168;702;3750
4063;2933436;4974;589;3750
4064;2937186;244703;12;750
4065;2937936;9227;318;3750
4066;2941686;3786;776;3750
4067;2945436;3938;747;3750
4068;2949186;4108;717;3750
4069;2952936;843;3502;750
4070;2953686;4884;604;3750
4071;2957436;492281;6;3750
4072;2961186;4068;727;3750
4073;2964936;493531;6;3750
4074;2968686;179;16584;150
4075;2968836;6101;486;3750
4076;2972586;19031;156;3750
4077;2976336;5134;579;3750
4078;2980086;3758;792;3750
4079;2983836;927;3218;750
4080;2984586;5342;558;3750
4081;2988336;4111;726;3750
4082;2992086;4789;624;3750
4083;2995836;4962;603;3750
4084;2999586;27767;108;750
4085;3000336;4986;601;3750
4086;3004086;62507;48;3750
4087;3007836;5766;521;3750
4088;3011586;6427;468;3750
4089;3015336;898;3357;750
4090;3016086;4104;734;3750
4091;3019836;4254;709;3750
4092;3023586;251653;12;3750
4093;3027336;4097;738;3750
4094;3031086;5261;576;750
4095;3031836;168227;18;3750
4096;3035586;6922;438;3750
4097;3039336;21997;138;3750
4098;3043086;14071;216;3750
4099;3046836;507781;6;150
4100;3046986;36229;84;3750
4101;3050736;4659;654;3750
4102;3054486;4889;624;3750
4103;3058236;5646;541;3750
4104;3061986;852;3593;750
4105;3062736;5894;519;3750
4106;3066486;21269;144;3750
4107;3070236;4218;727;3750
4108;3073986;19681;156;3750
4109;3077736;759;4054;750
4110;3078486;9151;336;3750
4111;3082236;5022;613;3750
4112;3085986;5916;521;3750
4113;3089736;5779;534;3750
4114;3093486;768;4027;750
4115;3094236;73583;42;3750
4116;3097986;4646;666;3750
4117;3101736;5323;582;3750
4118;3105486;4092;758;3750
4119;3109236;906;3431;750
4120;3109986;36979;84;3750
4121;3113736;4587;678;3750
4122;3117486;3788;822;3750
4123;3121236;519581;6;3750
4124;3124986;260413;12;30
4125;3125016;5363;582;3750
4126;3128766;43403;72;3750
4127;3132516;5762;543;3750
4128;3136266;261043;12;3750
4129;3140016;1002;3133;750
4130;3140766;5683;552;3750
4131;3144516;174487;18;3750
4132;3148266;4898;642;3750
4133;3152016;47701;66;3750
4134;3155766;1128;2797;750
4135;3156516;525461;6;3750
4136;3160266;5314;594;3750
4137;3164016;30983;102;3750
4138;3167766;4546;696;3750
4139;3171516;6367;498;750
4140;3172266;4276;741;3750
4141;3176016;176237;18;3750
4142;3179766;4168;762;3750
4143;3183516;529961;6;3750
4144;3187266;265543;12;750
4145;3188016;530711;6;3750
4146;3191766;4056;786;3750
4147;3195516;10037;318;3750
4148;3199266;266293;12;3750
4149;3203016;183;17502;150
4150;3203166;12119;264;3750
4151;3206916;7134;449;3750
4152;3210666;4122;778;3750
4153;3214416;5378;597;3750
4154;3218166;134059;24;750
4155;3218916;535861;6;3750
4156;3222666;6108;527;3750
4157;3226416;4617;698;3750
4158;3230166;67217;48;3750
4159;3233916;762;4243;750
4160;3234666;3874;834;3750
4161;3238416;539111;6;3750
4162;3242166;4184;774;3750
4163;3245916;17431;186;3750
4164;3249666;906;3586;750
4165;3250416;4089;794;3750
4166;3254166;5209;624;3750
4167;3257916;4689;694;3750
4168;3261666;6542;498;3750
4169;3265416;943;3462;750
4170;3266166;67967;48;3750
4171;3269916;7457;438;3750
4172;3273666;3978;822;3750
4173;3277416;4246;771;3750
4174;3281166;136709;24;150
4175;3281316;10711;306;3750
4176;3285066;5638;582;3750
4177;3288816;5466;601;3750
4178;3292566;3972;828;3750
4179;3296316;6781;486;750
4180;3297066;4086;806;3750
4181;3300816;549511;6;3750
4182;3304566;68767;48;3750
4183;3308316;183587;18;3750
4184;3312066;1062;3118;750
4185;3312816;4194;789;3750
4186;3316566;5309;624;3750
4187;3320316;4863;682;3750
4188;3324066;5364;619;3750
4189;3327816;184837;18;750
4190;3328566;4198;792;3750
4191;3332316;32633;102;3750
4192;3336066;6252;533;3750
4193;3339816;20593;162;3750
4194;3343566;848;3942;750
4195;3344316;8069;414;3750
4196;3348066;4868;687;3750
4197;3351816;4098;817;3750
4198;3355566;7162;468;3750
4199;3359316;32933;102;150
4200;3359466;3822;878;3750
4201;3363216;3762;893;3750
4202;3366966;70067;48;3750
4203;3370716;561161;6;3750
4204;3374466;14797;228;750
4205;3375216;80273;42;3750
4206;3378966;4808;702;3750
4207;3382716;4834;699;3750
4208;3386466;281893;12;3750
4209;3390216;1158;2927;750
4210;3390966;4151;816;3750
4211;3394716;5487;618;3750
4212;3398466;5556;611;3750
4213;3402216;10687;318;3750
4214;3405966;898;3792;750
4215;3406716;81023;42;3750
4216;3410466;4923;692;3750
4217;3414216;6546;521;3750
4218;3417966;4236;806;3750
4219;3421716;570161;6;750
4220;3422466;40699;84;3750
4221;3426216;6234;549;3750
4222;3429966;142759;24;3750
4223;3433716;12163;282;3750
4224;3437466;162;21218;150
4225;3437616;572311;6;3750
4226;3441366;4368;787;3750
4227;3445116;3942;873;3750
4228;3448866;287093;12;3750
4229;3452616;52301;66;750
4230;3453366;71867;48;3750
4231;3457116;82223;42;3750
4232;3460866;4316;801;3750
4233;3464616;5711;606;3750
4234;3468366;881;3936;750
4235;3469116;5766;601;3750
4236;3472866;41299;84;3750
4237;3476616;6653;522;3750
4238;3480366;4052;858;3750
4239;3484116;580561;6;750
4240;3484866;4174;834;3750
4241;3488616;4367;798;3750
4242;3492366;4168;837;3750
4243;3496116;25307;138;3750
4244;3499866;894;3914;750
4245;3500616;34283;102;3750
4246;3504366;3752;933;3750
4247;3508116;194687;18;3750
4248;3511866;292343;12;3750
4249;3515616;31;113406;30
4250;3515646;5289;664;3750
4251;3519396;30839;114;3750
4252;3523146;32587;108;3750
4253;3526896;53381;66;3750
4254;3530646;7741;456;750
4255;3531396;7214;489;3750
4256;3535146;4092;863;3750
4257;3538896;8539;414;3750
4258;3542646;73727;48;3750
4259;3546396;786;4511;750
4260;3547146;295283;12;3750
4261;3550896;6234;569;3750
4262;3554646;24659;144;3750
4263;3558396;3954;899;3750
4264;3562146;926;3846;750
4265;3562896;4222;843;3750
4266;3566646;4476;796;3750
4267;3570396;4626;771;3750
4268;3574146;297533;12;3750
4269;3577896;8167;438;750
4270;3578646;4044;884;3750
4271;3582396;5127;698;3750
4272;3586146;4689;764;3750
4273;3589896;5266;681;3750
4274;3593646;149729;24;150
4275;3593796;199447;18;3750
4276;3597546;4002;898;3750
4277;3601296;599591;6;3750
4278;3605046;4272;843;3750
4279;3608796;907;3978;750
4280;3609546;4308;837;3750
4281;3613296;601591;6;3750
4282;3617046;75277;48;3750
4283;3620796;5431;666;3750
4284;3624546;9151;396;750
4285;3625296;4679;774;3750
4286;3629046;75527;48;3750
4287;3632796;5549;654;3750
4288;3636546;33637;108;3750
4289;3640296;67399;54;750
4290;3641046;3886;936;3750
4291;3644796;4674;779;3750
4292;3648546;8209;444;3750
4293;3652296;18427;198;3750
4294;3656046;912;4008;750
4295;3656796;6654;549;3750
4296;3660546;4262;858;3750
4297;3664296;7026;521;3750
4298;3668046;50893;72;3750
4299;3671796;55631;66;150
4300;3671946;43669;84;3750
4301;3675696;3849;954;3750
4302;3679446;4196;876;3750
4303;3683196;36073;102;3750
4304;3686946;996;3701;750
4305;3687696;5019;734;3750
4306;3691446;25609;144;3750
4307;3695196;55931;66;3750
4308;3698946;4332;853;3750
4309;3702696;616991;6;750
4310;3703446;3822;968;3750
4311;3707196;6637;558;3750
4312;3710946;308933;12;3750
4313;3714696;7829;474;3750
4314;3718446;804;4624;750
4315;3719196;88463;42;3750
4316;3722946;4212;883;3750
4317;3726696;620491;6;3750
4318;3730446;5009;744;3750
4319;3734196;622241;6;750
4320;3734946;4132;903;3750
4321;3738696;207497;18;3750
4322;3742446;4168;897;3750
4323;3746196;5354;699;3750
4324;3749946;104161;36;150
4325;3750096;624391;6;3750
4326;3753846;11161;336;3750
4327;3757596;5409;694;3750
4328;3761346;313133;12;3750
4329;3765096;627391;6;750
4330;3765846;6029;624;3750
4331;3769596;12809;294;3750
4332;3773346;104711;36;3750
4333;3777096;7577;498;3750
4334;3780846;768;4922;750
4335;3781596;6414;589;3750
4336;3785346;6926;546;3750
4337;3789096;70099;54;3750
4338;3792846;3774;1004;3750
4339;3796596;898;4227;750
4340;3797346;316133;12;3750
4341;3801096;3931;966;3750
4342;3804846;4061;936;3750
4343;3808596;634141;6;3750
4344;3812346;764;4989;750
4345;3813096;634891;6;3750
4346;3816846;22697;168;3750
4347;3820596;4689;814;3750
4348;3824346;3867;988;3750
4349;3828096;222;17243;150
4350;3828246;4086;936;3750
4351;3831996;5963;642;3750
4352;3835746;4116;931;3750
4353;3839496;213097;18;3750
4354;3843246;953;4032;750
4355;3843996;6702;573;3750
4356;3847746;6396;601;3750
4357;3851496;4046;951;3750
4358;3855246;4863;792;3750
4359;3858996;826;4671;750
4360;3859746;4657;828;3750
4361;3863496;58481;66;3750
4362;3867246;4524;854;3750
4363;3870996;7122;543;3750
4364;3874746;15373;252;750
4365;3875496;71699;54;3750
4366;3879246;5209;744;3750
4367;3882996;92363;42;3750
4368;3886746;8297;468;3750
4369;3890496;30871;126;750
4370;3891246;53993;72;3750
4371;3894996;6518;597;3750
4372;3898746;6252;623;3750
4373;3902496;4247;918;3750
4374;3906246;8;488280;6
4375;3906252;28279;138;3750
4376;3910002;5167;756;3750
4377;3913752;651667;6;3750
4378;3917502;3756;1042;3750
4379;3921252;15937;246;750
4380;3922002;25117;156;3750
4381;3925752;5493;714;3750
4382;3929502;163573;24;3750
4383;3933252;654917;6;3750
4384;3937002;991;3972;750
4385;3937752;11113;354;3750
4386;3941502;4207;936;3750
4387;3945252;656917;6;3750
4388;3949002;4034;978;3750
4389;3952752;9277;426;750
4390;3953502;4776;827;3750
4391;3957252;10459;378;3750
4392;3961002;25367;156;3750
4393;3964752;660167;6;3750
4394;3968502;5333;744;750
4395;3969252;660917;6;3750
4396;3973002;4788;829;3750
4397;3976752;7082;561;3750
4398;3980502;6373;624;3750
4399;3984252;211;18882;150
4400;3984402;3876;1027;3750
4401;3988152;664067;6;3750
4402;3991902;4053;984;3750
4403;3995652;3831;1042;3750
4404;3999402;789;5068;750
4405;4000152;666067;6;3750
4406;4003902;12821;312;3750
4407;4007652;4434;903;3750
4408;4011402;3756;1067;3750
4409;4015152;95581;42;750
4410;4015902;167173;24;3750
4411;4019652;4686;857;3750
4412;4023402;4908;819;3750
4413;4027152;7302;551;3750
4414;4030902;894;4508;750
4415;4031652;6702;601;3750
4416;4035402;19763;204;3750
4417;4039152;32027;126;3750
4418;4042902;6473;624;3750
4419;4046652;96331;42;750
4420;4047402;3804;1063;3750
4421;4051152;4853;834;3750
4422;4054902;4019;1008;3750
4423;4058652;675817;6;3750
4424;4062402;204;19913;150
4425;4062552;6833;594;3750
4426;4066302;4524;898;3750
4427;4070052;677717;6;3750
4428;4073802;3906;1042;3750
4429;4077552;773;5274;750
4430;4078302;56591;72;3750
4431;4082052;3929;1038;3750
4432;4085802;4966;822;3750
4433;4089552;7206;567;3750
4434;4093302;18947;216;750
4435;4094052;13367;306;3750
4436;4097802;341171;12;3750
4437;4101552;682967;6;3750
4438;4105302;3756;1092;3750
4439;4109052;20749;198;750
4440;4109802;3933;1044;3750
4441;4113552;4881;842;3750
4442;4117302;3986;1032;3750
4443;4121052;4782;861;3750
4444;4124802;873;4724;750
4445;4125552;228989;18;3750
4446;4129302;4227;976;3750
4447;4133052;688217;6;3750
4448;4136802;3834;1078;3750
4449;4140552;294;14083;150
4450;4140702;172373;24;3750
4451;4144452;4149;998;3750
4452;4148202;4836;857;3750
4453;4151952;3981;1042;3750
4454;4155702;888;4679;750
4455;4156452;692117;6;3750
4456;4160202;3951;1052;3750
4457;4163952;36493;114;3750
4458;4167702;6673;624;3750
4459;4171452;695117;6;750
4460;4172202;6756;617;3750
4461;4175952;77263;54;3750
4462;4179702;4314;968;3750
4463;4183452;696617;6;3750
4464;4187202;1074;3898;750
4465;4187952;63397;66;3750
4466;4191702;4122;1016;3750
4467;4195452;6917;606;3750
4468;4199202;3756;1117;3750
4469;4202952;700367;6;750
4470;4203702;5147;816;3750
4471;4207452;5139;818;3750
4472;4211202;350621;12;3750
4473;4214952;5462;771;3750
4474;4218702;156;27042;150
4475;4218852;702517;6;3750
4476;4222602;4092;1031;3750
4477;4226352;234589;18;3750
4478;4230102;4056;1042;3750
4479;4233852;799;5298;750
4480;4234602;3903;1084;3750
4481;4238352;5906;717;3750
4482;4242102;9811;432;3750
4483;4245852;22807;186;3750
4484;4249602;1046;4062;750
4485;4250352;707767;6;3750
4486;4254102;4852;876;3750
4487;4257852;236339;18;3750
4488;4261602;15427;276;3750
4489;4265352;898;4749;750
4490;4266102;88799;48;3750
4491;4269852;711017;6;3750
4492;4273602;4287;996;3750
4493;4277352;4717;906;3750
4494;4281102;44587;96;750
4495;4281852;7166;597;3750
4496;4285602;356821;12;3750
4497;4289352;4177;1026;3750
4498;4293102;3756;1142;3750
4499;4296852;716137;6;30
4500;4296882;5462;786;3750
4501;4300632;17467;246;3750
4502;4304382;3816;1127;3750
4503;4308132;717397;6;3750
4504;4311882;1428;3019;750
4505;4312632;4262;1011;3750
4506;4316382;179693;24;3750
4507;4320132;4207;1026;3750
4508;4323882;4146;1042;3750
4509;4327632;994;4353;750
4510;4328382;4008;1079;3750
4511;4332132;721397;6;3750
4512;4335882;17191;252;3750
4513;4339632;19531;222;3750
4514;4343382;25849;168;750
4515;4344132;13649;318;3750
4516;4347882;27847;156;3750
4517;4351632;6274;693;3750
4518;4355382;90659;48;3750
4519;4359132;861;5062;750
4520;4359882;4026;1082;3750
4521;4363632;726647;6;3750
4522;4367382;3848;1134;3750
4523;4371132;4742;921;3750
4524;4374882;167;26196;150
4525;4375032;5167;846;3750
4526;4378782;5052;866;3750
4527;4382532;5426;807;3750
4528;4386282;3906;1122;3750
4529;4390032;81283;54;750
4530;4390782;3924;1118;3750
4531;4394532;4686;937;3750
4532;4398282;366211;12;3750
4533;4402032;4221;1042;3750
4534;4405782;772;5706;750
4535;4406532;81533;54;3750
4536;4410282;7212;611;3750
4537;4414032;4542;971;3750
4538;4417782;4176;1057;3750
4539;4421532;14447;306;750
4540;4422282;5004;883;3750
4541;4426032;737047;6;3750
4542;4429782;4152;1066;3750
4543;4433532;11719;378;3750
4544;4437282;13693;324;750
4545;4438032;246349;18;3750
4546;4441782;92459;48;3750
4547;4445532;4974;893;3750
4548;4449282;4071;1092;3750
4549;4453032;194;22953;150
4550;4453182;4056;1097;3750
4551;4456932;4041;1102;3750
4552;4460682;11981;372;3750
4553;4464432;743447;6;3750
4554;4468182;776;5757;750
4555;4468932;7054;633;3750
4556;4472682;4212;1061;3750
4557;4476432;5003;894;3750
4558;4480182;4168;1074;3750
4559;4483932;67927;66;750
4560;4484682;6329;708;3750
4561;4488432;6826;657;3750
4562;4492182;7193;624;3750
4563;4495932;44041;102;3750
4564;4499682;996;4517;750
4565;4500432;7482;601;3750
4566;4504182;31253;144;3750
4567;4507932;5842;771;3750
4568;4511682;4686;962;3750
4569;4515432;752447;6;750
4570;4516182;94009;48;3750
4571;4519932;7603;594;3750
4572;4523682;4162;1086;3750
4573;4527432;753947;6;3750
4574;4531182;198;22884;150
4575;4531332;754597;6;3750
4576;4535082;4836;937;3750
4577;4538832;83983;54;3750
4578;4542582;94559;48;3750
4579;4546332;32939;138;750
4580;4547082;4713;964;3750
4581;4550832;4187;1086;3750
4582;4554582;3978;1144;3750
4583;4558332;4371;1042;3750
4584;4562082;762;5986;750
4585;4562832;4422;1031;3750
4586;4566582;4133;1104;3750
4587;4570332;4159;1098;3750
4588;4574082;29297;156;3750
4589;4577832;762847;6;750
4590;4578582;3992;1146;3750
4591;4582332;40163;114;3750
4592;4586082;14143;324;3750
4593;4589832;9209;498;3750
4594;4593582;912;5036;750
4595;4594332;765097;6;3750
4596;4598082;382861;12;3750
4597;4601832;4203;1094;3750
4598;4605582;11279;408;3750
4599;4609332;768197;6;150
4600;4609482;4127;1116;3750
4601;4613232;45191;102;3750
4602;4616982;7393;624;3750
4603;4620732;256499;18;3750
4604;4624482;128437;36;750
4605;4625232;4209;1098;3750
4606;4628982;4008;1154;3750
4607;4632732;3813;1214;3750
4608;4636482;4446;1042;3750
4609;4640232;1206;3847;750
4610;4640982;32203;144;3750
4611;4644732;773497;6;3750
4612;4648482;4349;1068;3750
4613;4652232;86083;54;3750
4614;4655982;864;5388;750
4615;4656732;258499;18;3750
4616;4660482;4143;1124;3750
4617;4664232;45691;102;3750
4618;4667982;64781;72;3750
4619;4671732;259499;18;750
4620;4672482;3753;1244;3750
4621;4676232;4467;1046;3750
4622;4679982;17713;264;3750
4623;4683732;7027;666;3750
4624;4687482;33;142044;30
4625;4687512;260209;18;3750
4626;4691262;11489;408;3750
4627;4695012;4126;1137;3750
4628;4698762;3906;1202;3750
4629;4702512;849;5538;750
4630;4703262;21757;216;3750
4631;4707012;783877;6;3750
4632;4710762;392251;12;3750
4633;4714512;4578;1029;3750
4634;4718262;65521;72;750
4635;4719012;261959;18;3750
4636;4722762;5387;876;3750
4637;4726512;4829;978;3750
4638;4730262;4168;1134;3750
4639;4734012;851;5562;750
4640;4734762;5148;919;3750
4641;4738512;4674;1013;3750
4642;4742262;5807;816;3750
4643;4746012;3843;1234;3750
4644;4749762;786;6042;750
4645;4750512;9767;486;3750
4646;4754262;3972;1196;3750
4647;4758012;792377;6;3750
4648;4761762;4302;1106;3750
4649;4765512;166;28707;150
4650;4765662;198413;24;3750
4651;4769412;3834;1243;3750
4652;4773162;12821;372;3750
4653;4776912;795527;6;3750
4654;4780662;831;5752;750
4655;4781412;21521;222;3750
4656;4785162;132817;36;3750
4657;4788912;3981;1202;3750
4658;4792662;4272;1121;3750
4659;4796412;10949;438;750
4660;4797162;30727;156;3750
4661;4800912;4369;1098;3750
4662;4804662;100019;48;3750
4663;4808412;4611;1042;3750
4664;4812162;1094;4398;750
4665;4812912;34849;138;3750
4666;4816662;5142;936;3750
4667;4820412;802777;6;3750
4668;4824162;6326;762;3750
4669;4827912;1126;4287;750
4670;4828662;100519;48;3750
4671;4832412;4113;1174;3750
4672;4836162;30977;156;3750
4673;4839912;806027;6;3750
4674;4843662;67271;72;150
4675;4843812;9719;498;3750
4676;4847562;5388;899;3750
4677;4851312;6263;774;3750
4678;4855062;3832;1266;3750
4679;4858812;73607;66;750
4680;4859562;5493;884;3750
4681;4863312;3866;1257;3750
4682;4867062;33773;144;3750
4683;4870812;4247;1146;3750
4684;4874562;1074;4538;750
4685;4875312;5377;906;3750
4686;4879062;4056;1202;3750
4687;4882812;90353;54;3750
4688;4886562;4686;1042;3750
4689;4890312;814927;6;750
4690;4891062;7022;696;3750
4691;4894812;6737;726;3750
4692;4898562;10459;468;3750
4693;4902312;816427;6;3750
4694;4906062;888;5524;750
4695;4906812;5578;879;3750
4696;4910562;4308;1139;3750
4697;4914312;272809;18;3750
4698;4918062;4974;988;3750
4699;4921812;177;27806;150
4700;4921962;4068;1209;3750
4701;4925712;22171;222;3750
4702;4929462;3928;1254;3750
4703;4933212;4749;1038;3750
4704;4936962;137117;36;750
4705;4937712;24919;198;3750
4706;4941462;4264;1158;3750
4707;4945212;5142;961;3750
4708;4948962;15263;324;3750
4709;4952712;91703;54;750
4710;4953462;5328;929;3750
4711;4957212;825577;6;3750
4712;4960962;4434;1118;3750
4713;4964712;4689;1058;3750
4714;4968462;752;6606;750
4715;4969212;4131;1202;3750
4716;4972962;414101;12;3750
4717;4976712;3858;1289;3750
4718;4980462;4056;1227;3750
4719;4984212;25169;198;750
4720;4984962;4638;1074;3750
4721;4988712;830827;6;3750
4722;4992462;3814;1308;3750
4723;4996212;4701;1062;3750
4724;4999962;228;21929;150
4725;5000112;4718;1059;3750
4726;5003862;5342;936;3750
4727;5007612;833977;6;3750
4728;5011362;6841;732;3750
4729;5015112;10069;498;750
4730;5015862;4262;1176;3750
4731;5019612;5518;909;3750
4732;5023362;4197;1196;3750
4733;5027112;4353;1154;3750
4734;5030862;906;5552;750
4735;5031612;4058;1239;3750
4736;5035362;46589;108;3750
4737;5039112;839227;6;3750
4738;5042862;4168;1209;3750
4739;5046612;898;5619;750
4740;5047362;4074;1238;3750
4741;5051112;280409;18;3750
4742;5054862;3971;1272;3750
4743;5058612;842477;6;3750
4744;5062362;421801;12;750
4745;5063112;4893;1034;3750
4746;5066862;70321;72;3750
4747;5070612;5289;958;3750
4748;5074362;422551;12;3750
4749;5078112;199;25518;30
4750;5078142;211433;24;3750
4751;5081892;5323;954;3750
4752;5085642;4314;1178;3750
4753;5089392;847607;6;3750
4754;5093142;212183;24;750
4755;5093892;6602;771;3750
4756;5097642;141497;36;3750
4757;5101392;77237;66;3750
4758;5105142;106279;48;3750
4759;5108892;1118;4569;750
4760;5109642;4938;1034;3750
4761;5113392;31541;162;3750
4762;5117142;4164;1228;3750
4763;5120892;852857;6;3750
4764;5124642;804;6373;750
4765;5125392;5466;937;3750
4766;5129142;35593;144;3750
4767;5132892;7466;687;3750
4768;5136642;4926;1042;3750
4769;5140392;8831;582;750
4770;5141142;8233;624;3750
4771;5144892;4841;1062;3750
4772;5148642;428741;12;3750
4773;5152392;37309;138;3750
4774;5156142;152;33921;150
4775;5156292;858757;6;3750
4776;5160042;5146;1002;3750
4777;5163792;6442;801;3750
4778;5167542;4296;1202;3750
4779;5171292;878;5889;750
4780;5172042;430691;12;3750
4781;5175792;8369;618;3750
4782;5179542;11981;432;3750
4783;5183292;27847;186;3750
4784;5187042;25423;204;750
4785;5187792;864007;6;3750
4786;5191542;108079;48;3750
4787;5195292;4566;1137;3750
4788;5199042;14929;348;3750
4789;5202792;867007;6;750
4790;5203542;3846;1352;3750
4791;5207292;867257;6;3750
4792;5211042;3933;1324;3750
4793;5214792;5001;1042;3750
4794;5218542;768;6794;750
4795;5219292;869257;6;3750
4796;5223042;33457;156;3750
4797;5226792;5346;977;3750
4798;5230542;4894;1068;3750
4799;5234292;246;21277;150
4800;5234442;3924;1333;3750
4801;5238192;3886;1347;3750
4802;5241942;5367;976;3750
4803;5245692;97073;54;3750
4804;5249442;828;6339;750
4805;5250192;7109;738;3750
4806;5253942;109379;48;3750
4807;5257692;4371;1202;3750
4808;5261442;4114;1278;3750
4809;5265192;292469;18;750
4810;5265942;5616;937;3750
4811;5269692;6938;759;3750
4812;5273442;439141;12;3750
4813;5277192;292969;18;3750
4814;5280942;801;6592;750
4815;5281692;10111;522;3750
4816;5285442;33857;156;3750
4817;5289192;880907;6;3750
4818;5292942;4168;1269;3750
4819;5296692;918;5769;750
4820;5297442;147047;36;3750
4821;5301192;882907;6;3750
4822;5304942;3921;1352;3750
4823;5308692;4443;1194;3750
4824;5312442;442691;12;150
4825;5312592;11491;462;3750
4826;5316342;3792;1401;3750
4827;5320092;52121;102;3750
4828;5323842;443341;12;3750
4829;5327592;1077;4946;750
4830;5328342;3864;1378;3750
4831;5332092;5022;1061;3750
4832;5335842;444341;12;3750
4833;5339592;15073;354;3750
4834;5343342;13913;384;750
4835;5344092;5914;903;3750
4836;5347842;4446;1202;3750
4837;5351592;6778;789;3750
4838;5355342;7193;744;3750
4839;5359092;1254;4273;750
4840;5359842;9109;588;3750
4841;5363592;4677;1146;3750
4842;5367342;17191;312;3750
4843;5371092;5151;1042;3750
4844;5374842;447841;12;750
4845;5375592;4857;1106;3750
4846;5379342;4428;1214;3750
4847;5383092;896557;6;3750
4848;5386842;6274;858;3750
4849;5390592;99823;54;150
4850;5390742;3783;1424;3750
4851;5394492;128351;42;3750
4852;5398242;4518;1194;3750
4853;5401992;47353;114;3750
4854;5405742;28151;192;750
4855;5406492;5622;961;3750
4856;5410242;4951;1092;3750
4857;5413992;300569;18;3750
4858;5417742;225583;24;3750
4859;5421492;903457;6;750
4860;5422242;451541;12;3750
4861;5425992;18443;294;3750
4862;5429742;3978;1364;3750
4863;5433492;5186;1047;3750
4864;5437242;898;6054;750
4865;5437992;4521;1202;3750
4866;5441742;32369;168;3750
4867;5445492;11197;486;3750
4868;5449242;5226;1042;3750
4869;5452992;39509;138;750
4870;5453742;5281;1032;3750
4871;5457492;4377;1246;3750
4872;5461242;151597;36;3750
4873;5464992;910207;6;3750
4874;5468742;191;28632;30
4875;5468772;6113;894;3750
4876;5472522;3782;1446;3750
4877;5476272;4482;1221;3750
4878;5480022;114089;48;3750
4879;5483772;9421;582;750
4880;5484522;41521;132;3750
4881;5488272;15493;354;3750
4882;5492022;38113;144;3750
4883;5495772;29527;186;3750
4884;5499522;771;7132;750
4885;5500272;3833;1434;3750
4886;5504022;3912;1406;3750
4887;5507772;17987;306;3750
4888;5511522;458981;12;3750
4889;5515272;793;6954;750
4890;5516022;4993;1104;3750
4891;5519772;919337;6;3750
4892;5523522;51109;108;3750
4893;5527272;6794;813;3750
4894;5531022;1056;5237;750
4895;5531772;4038;1369;3750
4896;5535522;460981;12;3750
4897;5539272;307529;18;3750
4898;5543022;4168;1329;3750
4899;5546772;924437;6;150
4900;5546922;4967;1116;3750
4901;5550672;4677;1186;3750
4902;5554422;4696;1182;3750
4903;5558172;4142;1341;3750
4904;5561922;863;6444;750
4905;5562672;5466;1017;3750
4906;5566422;4624;1203;3750
4907;5570172;29927;186;3750
4908;5573922;154727;36;3750
4909;5577672;23833;234;750
4910;5578422;38713;144;3750
4911;5582172;929737;6;3750
4912;5585922;6943;804;3750
4913;5589672;4698;1189;3750
4914;5593422;864;6473;750
4915;5594172;4534;1233;3750
4916;5597922;466181;12;3750
4917;5601672;5718;979;3750
4918;5605422;77801;72;3750
4919;5609172;1062;5281;750
4920;5609922;3861;1452;3750
4921;5613672;5142;1091;3750
4922;5617422;13759;408;3750
4923;5621172;4689;1198;3750
4924;5624922;188;29919;150
4925;5625072;7873;714;3750
4926;5628822;4041;1392;3750
4927;5632572;3858;1459;3750
4928;5636322;4686;1202;3750
4929;5640072;1101;5122;750
4930;5640822;5298;1064;3750
4931;5644572;5514;1023;3750
4932;5648322;12713;444;3750
4933;5652072;5163;1094;3750
4934;5655822;58907;96;750
4935;5656572;134591;42;3750
4936;5660322;157127;36;3750
4937;5664072;943387;6;3750
4938;5667822;3972;1426;3750
4939;5671572;1006;5637;750
4940;5672322;3759;1508;3750
4941;5676072;3774;1503;3750
4942;5679822;236503;24;3750
4943;5683572;49823;114;3750
4944;5687322;751;7572;750
4945;5688072;6602;861;3750
4946;5691822;4017;1416;3750
4947;5695572;5006;1137;3750
4948;5699322;5466;1042;3750
4949;5703072;153;37274;150
4950;5703222;118739;48;3750
4951;5706972;3787;1506;3750
4952;5710722;158527;36;3750
4953;5714472;951787;6;3750
4954;5718222;59557;96;750
4955;5718972;30727;186;3750
4956;5722722;3966;1442;3750
4957;5726472;4761;1202;3750
4958;5730222;5322;1076;3750
4959;5733972;894;6413;750
4960;5734722;4322;1326;3750
4961;5738472;136541;42;3750
4962;5742222;5142;1116;3750
4963;5745972;957037;6;3750
4964;5749722;479081;12;750
4965;5750472;4813;1194;3750
4966;5754222;5266;1092;3750
4967;5757972;319679;18;3750
4968;5761722;3982;1446;3750
4969;5765472;1011;5702;750
4970;5766222;12637;456;3750
4971;5769972;5349;1078;3750
4972;5773722;12329;468;3750
4973;5777472;5541;1042;3750
4974;5781222;176;32847;150
4975;5781372;106993;54;3750
4976;5785122;20947;276;3750
4977;5788872;3801;1522;3750
4978;5792622;3816;1517;3750
4979;5796372;882;6571;750
4980;5797122;12379;468;3750
4981;5800872;4839;1198;3750
4982;5804622;3784;1533;3750
4983;5808372;35831;162;3750
4984;5812122;756;7687;750
4985;5812872;29339;198;3750
4986;5816622;4808;1209;3750
4987;5820372;4137;1406;3750
4988;5824122;3852;1511;3750
4989;5827872;898;6489;750
4990;5828622;4806;1212;3750
4991;5832372;18329;318;3750
4992;5836122;3822;1526;3750
4993;5839872;10459;558;3750
4994;5843622;11593;504;750
4995;5844372;19087;306;3750
4996;5848122;13163;444;3750
4997;5851872;139241;42;3750
4998;5855622;4168;1404;3750
4999;5859372;976561;6;6
5000;5859378;4954;1182;3750
5001;5863128;5167;1134;3750
5002;5866878;244297;24;3750
5003;5870628;977813;6;3750
5004;5874378;11383;516;750
5005;5875128;3986;1473;3750
5006;5878878;11657;504;3750
5007;5882628;16607;354;3750
5008;5886378;25801;228;3750
5009;5890128;957;6154;750
5010;5890878;18869;312;3750
5011;5894628;6679;882;3750
5012;5898378;491219;12;3750
5013;5902128;983063;6;3750
5014;5905878;7937;744;750
5015;5906628;983813;6;3750
5016;5910378;4207;1404;3750
5017;5914128;985063;6;3750
5018;5917878;3896;1518;3750
5019;5921628;986813;6;750
5020;5922378;493219;12;3750
5021;5926128;4273;1386;3750
5022;5929878;9497;624;3750
5023;5933628;988313;6;3750
5024;5937378;174;34122;150
5025;5937528;988963;6;3750
5026;5941278;6778;876;3750
5027;5945028;3843;1546;3750
5028;5948778;4036;1473;3750
5029;5952528;141709;42;750
5030;5953278;19069;312;3750
5031;5957028;5141;1158;3750
5032;5960778;4298;1386;3750
5033;5964528;58439;102;3750
5034;5968278;35521;168;750
5035;5969028;3819;1562;3750
5036;5972778;4316;1383;3750
5037;5976528;4122;1449;3750
5038;5980278;4197;1424;3750
5039;5984028;903;6626;750
5040;5984778;3812;1569;3750
5041;5988528;997463;6;3750
5042;5992278;4113;1456;3750
5043;5996028;13681;438;3750
5044;5999778;1428;4201;750
5045;6000528;4989;1202;3750
5046;6004278;5034;1192;3750
5047;6008028;47653;126;3750
5048;6011778;4054;1482;3750
5049;6015528;269;22362;150
5050;6015678;4282;1404;3750
5051;6019428;6151;978;3750
5052;6023178;3876;1553;3750
5053;6026928;6829;882;3750
5054;6030678;801;7528;750
5055;6031428;3909;1542;3750
5056;6035178;3772;1599;3750
5057;6038928;5442;1109;3750
5058;6042678;3994;1512;3750
5059;6046428;1114;5427;750
5060;6047178;167873;36;3750
5061;6050928;4217;1434;3750
5062;6054678;9697;624;3750
5063;6058428;4971;1218;3750
5064;6062178;822;7374;750
5065;6062928;112207;54;3750
5066;6066678;126311;48;3750
5067;6070428;5331;1138;3750
5068;6074178;3924;1547;3750
5069;6077928;10891;558;750
5070;6078678;42187;144;3750
5071;6082428;4938;1231;3750
5072;6086178;3894;1562;3750
5073;6089928;5367;1134;3750
5074;6093678;152;40089;150
5075;6093828;44131;138;3750
5076;6097578;4041;1508;3750
5077;6101328;1016263;6;3750
5078;6105078;3792;1609;3750
5079;6108828;778;7851;750
5080;6109578;11833;516;3750
5081;6113328;5182;1179;3750
5082;6117078;3783;1616;3750
5083;6120828;92683;66;3750
5084;6124578;510319;12;750
5085;6125328;5179;1182;3750
5086;6129078;3867;1584;3750
5087;6132828;60089;102;3750
5088;6136578;39313;156;3750
5089;6140328;1023263;6;750
5090;6141078;4409;1392;3750
5091;6144828;341171;18;3750
5092;6148578;26951;228;3750
5093;6152328;8069;762;3750
5094;6156078;32059;192;750
5095;6156828;1025513;6;3750
5096;6160578;171023;36;3750
5097;6164328;6478;951;3750
5098;6168078;4904;1257;3750
5099;6171828;342871;18;150
5100;6171978;5478;1126;3750
5101;6175728;1028663;6;3750
5102;6179478;6598;936;3750
5103;6183228;33223;186;3750
5104;6186978;515519;12;750
5105;6187728;21929;282;3750
5106;6191478;7583;816;3750
5107;6195228;38219;162;3750
5108;6198978;3926;1578;3750
5109;6202728;1033663;6;750
5110;6203478;4874;1272;3750
5111;6207228;11617;534;3750
5112;6210978;172423;36;3750
5113;6214728;1035163;6;3750
5114;6218478;759;8192;750
5115;6219228;24091;258;3750
5116;6222978;11027;564;3750
5117;6226728;4086;1523;3750
5118;6230478;3882;1604;3750
5119;6234228;1038913;6;750
5120;6234978;519269;12;3750
5121;6238728;45181;138;3750
5122;6242478;5097;1224;3750
5123;6246228;94583;66;3750
5124;6249978;34;183822;30
5125;6250008;5582;1119;3750
5126;6253758;260417;24;3750
5127;6257508;49633;126;3750
5128;6261258;5294;1182;3750
5129;6265008;858;7301;750
5130;6265758;4618;1356;3750
5131;6269508;3921;1598;3750
5132;6273258;8293;756;3750
5133;6277008;1045543;6;3750
5134;6280758;812;7734;750
5135;6281508;45491;138;3750
5136;6285258;523459;12;3750
5137;6289008;4207;1494;3750
5138;6292758;3784;1662;3750
5139;6296508;149899;42;750
5140;6297258;40343;156;3750
5141;6301008;95413;66;3750
5142;6304758;3948;1596;3750
5143;6308508;5854;1077;3750
5144;6312258;908;6951;750
5145;6313008;1051543;6;3750
5146;6316758;3926;1608;3750
5147;6320508;5898;1071;3750
5148;6324258;526709;12;3750
5149;6328008;174;36367;150
5150;6328158;5167;1224;3750
5151;6331908;6126;1033;3750
5152;6335658;47969;132;3750
5153;6339408;4077;1554;3750
5154;6343158;29363;216;750
5155;6343908;4059;1562;3750
5156;6347658;528659;12;3750
5157;6351408;11887;534;3750
5158;6355158;6301;1008;3750
5159;6358908;947;6714;750
5160;6359658;4212;1509;3750
5161;6363408;13417;474;3750
5162;6367158;7166;888;3750
5163;6370908;7219;882;3750
5164;6374658;909;7012;750
5165;6375408;4311;1478;3750
5166;6379158;4808;1326;3750
5167;6382908;1063193;6;3750
5168;6386658;8443;756;3750
5169;6390408;837;7634;750
5170;6391158;44357;144;3750
5171;6394908;28789;222;3750
5172;6398658;40993;156;3750
5173;6402408;5418;1181;3750
5174;6406158;168;38131;150
5175;6406308;7789;822;3750
5176;6410058;177953;36;3750
5177;6413808;1068343;6;3750
5178;6417558;5686;1128;3750
5179;6421308;1070093;6;750
5180;6422058;41143;156;3750
5181;6425808;118927;54;3750
5182;6429558;4538;1416;3750
5183;6433308;46591;138;3750
5184;6437058;771;8348;750
5185;6437808;63079;102;3750
5186;6441558;3952;1629;3750
5187;6445308;1073593;6;3750
5188;6449058;18521;348;3750
5189;6452808;56597;114;750
5190;6453558;134371;48;3750
5191;6457308;358531;18;3750
5192;6461058;3763;1716;3750
5193;6464808;1076843;6;3750
5194;6468558;757;8544;750
5195;6469308;5379;1202;3750
5196;6473058;4383;1476;3750
5197;6476808;5113;1266;3750
5198;6480558;20759;312;3750
5199;6484308;120077;54;150
5200;6484458;41543;156;3750
5201;6488208;4814;1347;3750
5202;6491958;3918;1656;3750
5203;6495708;5177;1254;3750
5204;6499458;1011;6428;750
5205;6500208;1082743;6;3750
5206;6503958;3788;1716;3750
5207;6507708;5393;1206;3750
5208;6511458;14657;444;3750
5209;6515208;978;6661;750
5210;6515958;135671;48;3750
5211;6519708;6067;1074;3750
5212;6523458;13931;468;3750
5213;6527208;5519;1182;3750
5214;6530958;68023;96;750
5215;6531708;37517;174;3750
5216;6535458;5087;1284;3750
5217;6539208;6542;999;3750
5218;6542958;20959;312;3750
5219;6546708;942;6949;750
5220;6547458;32077;204;3750
5221;6551208;1091243;6;3750
5222;6554958;90989;72;3750
5223;6558708;1092493;6;3750
5224;6562458;546859;12;150
5225;6562608;4167;1574;3750
5226;6566358;4056;1618;3750
5227;6570108;3999;1642;3750
5228;6573858;182503;36;3750
5229;6577608;21493;306;750
5230;6578358;3888;1691;3750
5231;6582108;1096393;6;3750
5232;6585858;42193;156;3750
5233;6589608;5337;1234;3750
5234;6593358;792;8324;750
5235;6594108;6718;981;3750
5236;6597858;549509;12;3750
5237;6601608;6338;1041;3750
5238;6605358;4702;1404;3750
5239;6609108;954;6927;750
5240;6609858;183503;36;3750
5241;6613608;15091;438;3750
5242;6617358;4612;1434;3750
5243;6621108;3762;1759;3750
5244;6624858;184003;36;750
5245;6625608;4023;1646;3750
5246;6629358;25097;264;3750
5247;6633108;7198;921;3750
5248;6636858;8011;828;3750
5249;6640608;42;158109;30
5250;6640638;92179;72;3750
5251;6644388;16519;402;3750
5252;6648138;553699;12;3750
5253;6651888;5554;1197;3750
5254;6655638;1224;5437;750
5255;6656388;6282;1059;3750
5256;6660138;554699;12;3750
5257;6663888;1110023;6;3750
5258;6667638;4207;1584;3750
5259;6671388;754;8847;750
5260;6672138;185233;36;3750
5261;6675888;4702;1419;3750
5262;6679638;6047;1104;3750
5263;6683388;3879;1722;3750
5264;6687138;972;6879;750
5265;6687888;371341;18;3750
5266;6691638;4024;1662;3750
5267;6695388;1115273;6;3750
5268;6699138;4564;1467;3750
5269;6702888;12011;558;750
5270;6703638;4772;1404;3750
5271;6707388;1117273;6;3750
5272;6711138;6694;1002;3750
5273;6714888;6174;1087;3750
5274;6718638;168;39991;150
5275;6718788;4299;1562;3750
5276;6722538;4194;1602;3750
5277;6726288;1120423;6;3750
5278;6730038;8243;816;3750
5279;6733788;962;6999;750
5280;6734538;4028;1671;3750
5281;6738288;16267;414;3750
5282;6742038;140381;48;3750
5283;6745788;3846;1753;3750
5284;6749538;562399;12;750
5285;6750288;1124423;6;3750
5286;6754038;46877;144;3750
5287;6757788;5619;1202;3750
5288;6761538;563149;12;3750
5289;6765288;1122;6029;750
5290;6766038;10837;624;3750
5291;6769788;5778;1171;3750
5292;6773538;564149;12;3750
5293;6777288;59417;114;3750
5294;6781038;17657;384;750
5295;6781788;4838;1401;3750
5296;6785538;4044;1677;3750
5297;6789288;8633;786;3750
5298;6793038;25717;264;3750
5299;6796788;207;32834;150
5300;6796938;6946;978;3750
5301;6800688;1132823;6;3750
5302;6804438;3984;1707;3750
5303;6808188;36583;186;3750
5304;6811938;1356;5023;750
5305;6812688;5266;1293;3750
5306;6816438;141931;48;3750
5307;6820188;378691;18;3750
5308;6823938;568349;12;3750
5309;6827688;1126;6063;750
5310;6828438;10937;624;3750
5311;6832188;3882;1759;3750
5312;6835938;3834;1782;3750
5313;6839688;4622;1479;3750
5314;6843438;908;7536;750
5315;6844188;103643;66;3750
5316;6847938;3796;1803;3750
5317;6851688;380441;18;3750
5318;6855438;4261;1608;3750
5319;6859188;1143073;6;750
5320;6859938;30071;228;3750
5321;6863688;18743;366;3750
5322;6867438;7333;936;3750
5323;6871188;1144573;6;3750
5324;6874938;213;32276;150
5325;6875088;127247;54;3750
5326;6878838;3828;1796;3750
5327;6882588;5766;1193;3750
5328;6886338;4663;1476;3750
5329;6890088;1041;6618;750
5330;6890838;4056;1698;3750
5331;6894588;5443;1266;3750
5332;6898338;33797;204;3750
5333;6902088;127747;54;3750
5334;6905838;768;8991;750
5335;6906588;3974;1737;3750
5336;6910338;44273;156;3750
5337;6914088;60617;114;3750
5338;6917838;3924;1762;3750
5339;6921588;1314;5267;750
5340;6922338;4089;1692;3750
5341;6926088;11423;606;3750
5342;6929838;4108;1686;3750
5343;6933588;6814;1017;3750
5344;6937338;774;8962;750
5345;6938088;3846;1803;3750
5346;6941838;12569;552;3750
5347;6945588;4197;1654;3750
5348;6949338;3783;1836;3750
5349;6953088;1158823;6;150
5350;6953238;3848;1806;3750
5351;6956988;4398;1581;3750
5352;6960738;4146;1678;3750
5353;6964488;6011;1158;3750
5354;6968238;1056;6598;750
5355;6968988;5362;1299;3750
5356;6972738;14891;468;3750
5357;6976488;19697;354;3750
5358;6980238;9377;744;3750
5359;6983988;1163873;6;750
5360;6984738;4054;1722;3750
5361;6988488;129347;54;3750
5362;6992238;4056;1723;3750
5363;6995988;105943;66;3750
5364;6999738;583249;12;750
5365;7000488;7243;966;3750
5366;7004238;8839;792;3750
5367;7007988;68669;102;3750
5368;7011738;4342;1614;3750
5369;7015488;907;7734;750
5370;7016238;3752;1869;3750
5371;7019988;389791;18;3750
5372;7023738;584999;12;3750
5373;7027488;4341;1618;3750
5374;7031238;379;18552;30
5375;7031268;1171253;6;3750
5376;7035018;11489;612;3750
5377;7038768;1172503;6;3750
5378;7042518;13331;528;3750
5379;7046268;859;8202;750
5380;7047018;586939;12;3750
5381;7050768;35591;198;3750
5382;7054518;146891;48;3750
5383;7058268;7418;951;3750
5384;7062018;788;8961;750
5385;7062768;4078;1731;3750
5386;7066518;16349;432;3750
5387;7070268;61987;114;3750
5388;7074018;589189;12;3750
5389;7077768;90731;78;750
5390;7078518;147391;48;3750
5391;7082268;5387;1314;3750
5392;7086018;3961;1788;3750
5393;7089768;4366;1623;3750
5394;7093518;73883;96;750
5395;7094268;19373;366;3750
5396;7098018;197063;36;3750
5397;7101768;1183003;6;3750
5398;7105518;3992;1779;3750
5399;7109268;174;40857;150
5400;7109418;592139;12;3750
5401;7113168;1184903;6;3750
5402;7116918;4204;1692;3750
5403;7120668;5146;1383;3750
5404;7124418;14479;492;750
5405;7125168;20117;354;3750
5406;7128918;3758;1896;3750
5407;7132668;4083;1746;3750
5408;7136418;3956;1803;3750
5409;7140168;858;8321;750
5410;7140918;148691;48;3750
5411;7144668;70009;102;3750
5412;7148418;198463;36;3750
5413;7152168;25349;282;3750
5414;7155918;876;8168;750
5415;7156668;1192153;6;3750
5416;7160418;6701;1068;3750
5417;7164168;3998;1791;3750
5418;7167918;4934;1452;3750
5419;7171668;1195153;6;750
5420;7172418;45953;156;3750
5421;7176168;5982;1199;3750
5422;7179918;33223;216;3750
5423;7183668;1196653;6;3750
5424;7187418;54449;132;150
5425;7187568;399101;18;3750
5426;7191318;4372;1644;3750
5427;7195068;3813;1886;3750
5428;7198818;3771;1908;3750
5429;7202568;10259;702;750
5430;7203318;4152;1734;3750
5431;7207068;6707;1074;3750
5432;7210818;4614;1562;3750
5433;7214568;400601;18;3750
5434;7218318;912;7914;750
5435;7219068;4049;1782;3750
5436;7222818;601589;12;3750
5437;7226568;4006;1803;3750
5438;7230318;6922;1044;3750
5439;7234068;753;9606;750
5440;7234818;15451;468;3750
5441;7238568;22751;318;3750
5442;7242318;4593;1576;3750
5443;7246068;6238;1161;3750
5444;7249818;67121;108;750
5445;7250568;402601;18;3750
5446;7254318;4101;1768;3750
5447;7258068;1209053;6;3750
5448;7261818;5449;1332;3750
5449;7265568;1210903;6;150
5450;7265718;21613;336;3750
5451;7269468;4041;1798;3750
5452;7273218;605789;12;3750
5453;7276968;11329;642;3750
5454;7280718;75833;96;750
5455;7281468;4314;1687;3750
5456;7285218;67421;108;3750
5457;7288968;3921;1858;3750
5458;7292718;6014;1212;3750
5459;7296468;1138;6411;750
5460;7297218;6679;1092;3750
5461;7300968;405401;18;3750
5462;7304718;4987;1464;3750
5463;7308468;3777;1934;3750
5464;7312218;609289;12;750
5465;7312968;4942;1479;3750
5466;7316718;4056;1803;3750
5467;7320468;1219453;6;3750
5468;7324218;14879;492;3750
5469;7327968;1182;6199;750
5470;7328718;4434;1652;3750
5471;7332468;4762;1539;3750
5472;7336218;4273;1716;3750
5473;7339968;53161;138;3750
5474;7343718;178;41256;150
5475;7343868;3819;1922;3750
5476;7347618;87427;84;3750
5477;7351368;136067;54;3750
5478;7355118;3768;1951;3750
5479;7358868;1226353;6;750
5480;7359618;4638;1586;3750
5481;7363368;175229;42;3750
5482;7367118;6598;1116;3750
5483;7370868;111623;66;3750
5484;7374618;908;8121;750
5485;7375368;1228603;6;3750
5486;7379118;3991;1848;3750
5487;7382868;409951;18;3750
5488;7386618;32381;228;3750
5489;7390368;1214;6087;750
5490;7391118;3804;1942;3750
5491;7394868;175979;42;3750
5492;7398618;4122;1794;3750
5493;7402368;9413;786;3750
5494;7406118;776;9543;750
5495;7406868;4106;1803;3750
5496;7410618;88177;84;3750
5497;7414368;4566;1623;3750
5498;7418118;4056;1828;3750
5499;7421868;137;54174;30
5500;7421898;6406;1158;3750
5501;7425648;10223;726;3750
5502;7429398;17189;432;3750
5503;7433148;4062;1829;3750
5504;7436898;942;7894;750
5505;7437648;5914;1257;3750
5506;7441398;6737;1104;3750
5507;7445148;413411;18;3750
5508;7448898;620429;12;3750
5509;7452648;758;9831;750
5510;7453398;155201;48;3750
5511;7457148;1242233;6;3750
5512;7460898;4308;1731;3750
5513;7464648;1243483;6;3750
5514;7468398;19447;384;750
5515;7469148;1244233;6;3750
5516;7472898;6043;1236;3750
5517;7476648;4401;1698;3750
5518;7480398;5107;1464;3750
5519;7484148;962;7779;750
5520;7484898;4759;1572;3750
5521;7488648;65657;114;3750
5522;7492398;104009;72;3750
5523;7496148;23561;318;3750
5524;7499898;174;43102;150
5525;7500048;3933;1906;3750
5526;7503798;3811;1968;3750
5527;7507548;40343;186;3750
5528;7511298;3852;1949;3750
5529;7515048;37951;198;750
5530;7515798;17389;432;3750
5531;7519548;29131;258;3750
5532;7523298;626629;12;3750
5533;7527048;417961;18;3750
5534;7530798;769;9792;750
5535;7531548;4699;1602;3750
5536;7535298;10289;732;3750
5537;7539048;4138;1821;3750
5538;7542798;3762;2004;3750
5539;7546548;1053;7166;750
5540;7547298;209543;36;3750
5541;7551048;3806;1983;3750
5542;7554798;314627;24;3750
5543;7558548;419711;18;3750
5544;7562298;846;8938;750
5545;7563048;139987;54;3750
5546;7566798;315127;24;3750
5547;7570548;1261133;6;3750
5548;7574298;4068;1861;3750
5549;7578048;218;34761;150
5550;7578198;22543;336;3750
5551;7581948;4527;1674;3750
5552;7585698;4686;1618;3750
5553;7589448;6602;1149;3750
5554;7593198;768;9886;750
5555;7593948;4694;1617;3750
5556;7597698;210943;36;3750
5557;7601448;4722;1609;3750
5558;7605198;4216;1803;3750
5559;7608948;947;8034;750
5560;7609698;90547;84;3750
5561;7613448;422761;18;3750
5562;7617198;317227;24;3750
5563;7620948;43777;174;3750
5564;7624698;1058;7206;750
5565;7625448;9551;798;3750
5566;7629198;4644;1642;3750
5567;7632948;31013;246;3750
5568;7636698;10781;708;3750
5569;7640448;1122;6809;750
5570;7641198;3766;2028;3750
5571;7644948;18457;414;3750
5572;7648698;637079;12;3750
5573;7652448;7043;1086;3750
5574;7656198;158;48456;150
5575;7656348;41143;186;3750
5576;7660098;4263;1796;3750
5577;7663848;25033;306;3750
5578;7667598;319327;24;3750
5579;7671348;1118;6861;750
5580;7672098;10831;708;3750
5581;7675848;4937;1554;3750
5582;7679598;4344;1767;3750
5583;7683348;4723;1626;3750
5584;7687098;640529;12;750
5585;7687848;11969;642;3750
5586;7691598;3752;2049;3750
5587;7695348;4266;1803;3750
5588;7699098;641279;12;3750
5589;7702848;1283683;6;750
5590;7703598;3848;2001;3750
5591;7707348;6258;1231;3750
5592;7711098;19463;396;3750
5593;7714848;4447;1734;3750
5594;7718598;321577;24;750
5595;7719348;116903;66;3750
5596;7723098;7069;1092;3750
5597;7726848;3797;2034;3750
5598;7730598;10061;768;3750
5599;7734348;194;39867;150
5600;7734498;4569;1692;3750
5601;7738248;1289083;6;3750
5602;7741998;46061;168;3750
5603;7745748;3846;2013;3750
5604;7749498;873;8876;750
5605;7750248;4261;1818;3750
5606;7753998;3788;2046;3750
5607;7757748;4942;1569;3750
5608;7761498;3924;1977;3750
5609;7765248;861;9018;750
5610;7765998;8293;936;3750
5611;7769748;27539;282;3750
5612;7773498;5441;1428;3750
5613;7777248;13931;558;3750
5614;7780998;774;10052;750
5615;7781748;144037;54;3750
5616;7785498;4316;1803;3750
5617;7789248;185369;42;3750
5618;7792998;13523;576;3750
5619;7796748;882;8839;750
5620;7797498;216493;36;3750
5621;7801248;1299583;6;3750
5622;7804998;3948;1976;3750
5623;7808748;48179;162;3750
5624;7812498;12;651041;6
5625;7812504;1301459;6;3750
5626;7816254;5167;1512;3750
5627;7820004;4647;1682;3750
5628;7823754;651667;12;3750
5629;7827504;100343;78;750
5630;7828254;17159;456;3750
5631;7832004;62129;126;3750
5632;7835754;652667;12;3750
5633;7839504;1305959;6;3750
5634;7843254;762;10292;750
5635;7844004;4222;1857;3750
5636;7847754;4284;1831;3750
5637;7851504;3918;2003;3750
5638;7855254;163573;48;3750
5639;7859004;1309709;6;750
5640;7859754;50359;156;3750
5641;7863504;4302;1827;3750
5642;7867254;4496;1749;3750
5643;7871004;69011;114;3750
5644;7874754;1081;7284;750
5645;7875504;5818;1353;3750
5646;7879254;4207;1872;3750
5647;7883004;5449;1446;3750
5648;7886754;656917;12;3750
5649;7890504;151;52254;150
5650;7890654;328621;24;3750
5651;7894404;10039;786;3750
5652;7898154;31327;252;3750
5653;7901904;3993;1978;3750
5654;7905654;844;9366;750
5655;7906404;77477;102;3750
5656;7910154;3916;2019;3750
5657;7913904;4221;1874;3750
5658;7917654;3792;2087;3750
5659;7921404;929;8526;750
5660;7922154;5018;1578;3750
5661;7925904;3989;1986;3750
5662;7929654;5242;1512;3750
5663;7933404;15923;498;3750
5664;7937154;883;8988;750
5665;7937904;1322359;6;3750
5666;7941654;12721;624;3750
5667;7945404;63029;126;3750
5668;7949154;6722;1182;3750
5669;7952904;189337;42;750
5670;7953654;4548;1748;3750
5671;7957404;77977;102;3750
5672;7961154;3822;2082;3750
5673;7964904;1326859;6;3750
5674;7968654;174;45796;150
5675;7968804;4374;1821;3750
5676;7972554;664067;12;3750
5677;7976304;6694;1191;3750
5678;7980054;4053;1968;3750
5679;7983804;1062;7517;750
5680;7984554;17053;468;3750
5681;7988304;12437;642;3750
5682;7992054;3912;2042;3750
5683;7995804;21143;378;3750
5684;7999554;1188;6733;750
5685;8000304;444253;18;3750
5686;8004054;12821;624;3750
5687;8007804;6906;1159;3750
5688;8011554;4434;1806;3750
5689;8015304;813;9858;750
5690;8016054;4364;1836;3750
5691;8019804;1336009;6;3750
5692;8023554;3939;2036;3750
5693;8027304;4851;1654;3750
5694;8031054;27883;288;750
5695;8031804;446003;18;3750
5696;8035554;4686;1714;3750
5697;8039304;1339259;6;3750
5698;8043054;4908;1638;3750
5699;8046804;154;52251;150
5700;8046954;4388;1833;3750
5701;8050704;447053;18;3750
5702;8054454;4296;1874;3750
5703;8058204;1342409;6;3750
5704;8061954;1308;6163;750
5705;8062704;5917;1362;3750
5706;8066454;3796;2124;3750
5707;8070204;122219;66;3750
5708;8073954;12689;636;3750
5709;8077704;1346159;6;750
5710;8078454;4103;1968;3750
5711;8082204;3807;2122;3750
5712;8085954;4017;2012;3750
5713;8089704;46471;174;3750
5714;8093454;84299;96;750
5715;8094204;1348409;6;3750
5716;8097954;4467;1812;3750
5717;8101704;4119;1966;3750
5718;8105454;4516;1794;3750
5719;8109204;1194;6791;750
5720;8109954;4377;1852;3750
5721;8113704;8501;954;3750
5722;8117454;7193;1128;3750
5723;8121204;6278;1293;3750
5724;8124954;225689;36;150
5725;8125104;4866;1669;3750
5726;8128854;4524;1796;3750
5727;8132604;5441;1494;3750
5728;8136354;677717;12;3750
5729;8140104;18583;438;750
5730;8140854;169523;48;3750
5731;8144604;71411;114;3750
5732;8148354;5801;1404;3750
5733;8152104;1358059;6;3750
5734;8155854;789;10336;750
5735;8156604;1358809;6;3750
5736;8160354;3929;2076;3750
5737;8164104;4761;1714;3750
5738;8167854;4584;1781;3750
5739;8171604;1361809;6;750
5740;8172354;23473;348;3750
5741;8176104;1362059;6;3750
5742;8179854;113557;72;3750
5743;8183604;1363309;6;3750
5744;8187354;1119;7316;750
5745;8188104;1364059;6;3750
5746;8191854;341171;24;3750
5747;8195604;4597;1782;3750
5748;8199354;682967;12;3750
5749;8203104;33;248578;30
5750;8203134;341641;24;3750
5751;8206884;59443;138;3750
5752;8210634;4492;1827;3750
5753;8214384;1368439;6;3750
5754;8218134;861;9544;750
5755;8218884;4673;1758;3750
5756;8222634;3959;2076;3750
5757;8226384;4834;1701;3750
5758;8230134;171383;48;3750
5759;8233884;887;9282;750
5760;8234634;685907;12;3750
5761;8238384;9089;906;3750
5762;8242134;4458;1848;3750
5763;8245884;1373689;6;3750
5764;8249634;849;9716;750
5765;8250384;4477;1842;3750
5766;8254134;5927;1392;3750
5767;8257884;4207;1962;3750
5768;8261634;10271;804;3750
5769;8265384;28111;294;750
5770;8266134;13241;624;3750
5771;8269884;4694;1761;3750
5772;8273634;10939;756;3750
5773;8277384;12203;678;3750
5774;8281134;345041;24;150
5775;8281284;5167;1602;3750
5776;8285034;4377;1892;3750
5777;8288784;33679;246;3750
5778;8292534;5482;1512;3750
5779;8296284;909;9126;750
5780;8297034;230369;36;3750
5781;8300784;4161;1994;3750
5782;8304534;172933;48;3750
5783;8308284;3877;2142;3750
5784;8312034;838;9918;750
5785;8312784;153871;54;3750
5786;8316534;173183;48;3750
5787;8320284;1386089;6;3750
5788;8324034;3836;2169;3750
5789;8327784;14923;558;750
5790;8328534;4447;1872;3750
5791;8332284;7669;1086;3750
5792;8336034;694357;12;3750
5793;8339784;7351;1134;3750
5794;8343534;768;10863;750
5795;8344284;463363;18;3750
5796;8348034;4628;1803;3750
5797;8351784;60493;138;3750
5798;8355534;4086;2044;3750
5799;8359284;174;48041;150
5800;8359434;3847;2172;3750
5801;8363184;464413;18;3750
5802;8366934;3774;2216;3750
5803;8370684;1394489;6;3750
5804;8374434;803;10428;750
5805;8375184;5158;1623;3750
5806;8378934;19387;432;3750
5807;8382684;4219;1986;3750
5808;8386434;698557;12;3750
5809;8390184;60793;138;750
5810;8390934;13441;624;3750
5811;8394684;4773;1758;3750
5812;8398434;699557;12;3750
5813;8402184;127249;66;3750
5814;8405934;43777;192;750
5815;8406684;1400489;6;3750
5816;8410434;4554;1846;3750
5817;8414184;1401739;6;3750
5818;8417934;4024;2091;3750
5819;8421684;1403489;6;750
5820;8422434;4958;1698;3750
5821;8426184;8209;1026;3750
5822;8429934;4407;1912;3750
5823;8433684;1404989;6;3750
5824;8437434;162;52082;150
5825;8437584;6346;1329;3750
5826;8441334;175783;48;3750
5827;8445084;4737;1782;3750
5828;8448834;5063;1668;3750
5829;8452584;983;8598;750
5830;8453334;4924;1716;3750
5831;8457084;1408889;6;3750
5832;8460834;4062;2082;3750
5833;8464584;1410139;6;3750
5834;8468334;22051;384;750
5835;8469084;61343;138;3750
5836;8472834;6058;1398;3750
5837;8476584;27689;306;3750
5838;8480334;3846;2204;3750
5839;8484084;1413889;6;750
5840;8484834;706757;12;3750
5841;8488584;6718;1263;3750
5842;8492334;6046;1404;3750
5843;8496084;5639;1506;3750
5844;8499834;804;10571;750
5845;8500584;4287;1982;3750
5846;8504334;8237;1032;3750
5847;8508084;5462;1557;3750
5848;8511834;54539;156;3750
5849;8515584;1419239;6;150
5850;8515734;4547;1872;3750
5851;8519484;6322;1347;3750
5852;8523234;709957;12;3750
5853;8526984;473513;18;3750
5854;8530734;753;11328;750
5855;8531484;3998;2133;3750
5856;8535234;6434;1326;3750
5857;8538984;38447;222;3750
5858;8542734;4072;2097;3750
5859;8546484;774;11041;750
5860;8547234;237319;36;3750
5861;8550984;1424539;6;3750
5862;8554734;27407;312;3750
5863;8558484;52807;162;3750
5864;8562234;79273;108;750
5865;8562984;4959;1726;3750
5866;8566734;9643;888;3750
5867;8570484;4873;1758;3750
5868;8574234;18313;468;3750
5869;8577984;476513;18;750
5870;8578734;4411;1944;3750
5871;8582484;12653;678;3750
5872;8586234;42071;204;3750
5873;8589984;477013;18;3750
5874;8593734;34;252756;30
5875;8593764;25117;342;3750
5876;8597514;17467;492;3750
5877;8601264;49411;174;3750
5878;8605014;3816;2254;3750
5879;8608764;1314;6551;750
5880;8609514;26561;324;3750
5881;8613264;84407;102;3750
5882;8617014;4449;1936;3750
5883;8620764;68389;126;3750
5884;8624514;842;10242;750
5885;8625264;43543;198;3750
5886;8629014;179693;48;3750
5887;8632764;1438169;6;3750
5888;8636514;4207;2052;3750
5889;8640264;794;10881;750
5890;8641014;59981;144;3750
5891;8644764;4611;1874;3750
5892;8648514;720397;12;3750
5893;8652264;68639;126;3750
5894;8656014;984;8796;750
5895;8656764;6967;1242;3750
5896;8660514;721397;12;3750
5897;8664264;6698;1293;3750
5898;8668014;17191;504;3750
5899;8671764;206467;42;150
5900;8671914;42491;204;3750
5901;8675664;160591;54;3750
5902;8679414;5926;1464;3750
5903;8683164;18311;474;3750
5904;8686914;15401;564;750
5905;8687664;6334;1371;3750
5906;8691414;60331;144;3750
5907;8695164;1448569;6;3750
5908;8698914;724597;12;3750
5909;8702664;754;11541;750
5910;8703414;181243;48;3750
5911;8707164;483523;18;3750
5912;8710914;725597;12;3750
5913;8714664;3994;2181;3750
5914;8718414;852;10232;750
5915;8719164;5073;1718;3750
5916;8722914;4749;1836;3750
5917;8726664;4838;1803;3750
5918;8730414;363611;24;3750
5919;8734164;1455569;6;750
5920;8734914;3783;2308;3750
5921;8738664;3903;2238;3750
5922;8742414;4609;1896;3750
5923;8746164;1457069;6;3750
5924;8749914;153;57188;150
5925;8750064;21757;402;3750
5926;8753814;5052;1732;3750
5927;8757564;486323;18;3750
5928;8761314;5426;1614;3750
5929;8765064;112363;78;750
5930;8765814;3954;2216;3750
5931;8769564;8963;978;3750
5932;8773314;12821;684;3750
5933;8777064;132929;66;3750
5934;8780814;91459;96;750
5935;8781564;4794;1831;3750
5936;8785314;4686;1874;3750
5937;8789064;162691;54;3750
5938;8792814;366211;24;3750
5939;8796564;1046;8409;750
5940;8797314;56369;156;3750
5941;8801064;6122;1437;3750
5942;8804814;3896;2259;3750
5943;8808564;63803;138;3750
5944;8812314;23687;372;750
5945;8813064;1468219;6;3750
5946;8816814;4808;1833;3750
5947;8820564;489823;18;3750
5948;8824314;3884;2271;3750
5949;8828064;919;9606;150
5950;8828214;4752;1857;3750
5951;8831964;7278;1213;3750
5952;8835714;735997;12;3750
5953;8839464;4449;1986;3750
5954;8843214;30703;288;750
5955;8843964;3966;2229;3750
5956;8847714;7297;1212;3750
5957;8851464;27823;318;3750
5958;8855214;3812;2322;3750
5959;8858964;1107;8002;750
5960;8859714;3874;2286;3750
5961;8863464;4231;2094;3750
5962;8867214;16057;552;3750
5963;8870964;16987;522;3750
5964;8874714;22409;396;750
5965;8875464;164291;54;3750
5966;8879214;28447;312;3750
5967;8882964;6742;1317;3750
5968;8886714;4086;2174;3750
5969;8890464;493873;18;750
5970;8891214;3816;2329;3750
5971;8894964;15277;582;3750
5972;8898714;6002;1482;3750
5973;8902464;3798;2343;3750
5974;8906214;185543;48;150
5975;8906364;3962;2247;3750
5976;8910114;4041;2204;3750
5977;8913864;1485019;6;3750
5978;8917614;11981;744;3750
5979;8921364;969;9206;750
5980;8922114;8167;1092;3750
5981;8925864;4761;1874;3750
5982;8929614;3854;2316;3750
5983;8933364;5091;1754;3750
5984;8937114;1151;7764;750
5985;8937864;3934;2271;3750
5986;8941614;4212;2122;3750
5987;8945364;135479;66;3750
5988;8949114;5003;1788;3750
5989;8952864;1492019;6;750
5990;8953614;3828;2338;3750
5991;8957364;497423;18;3750
5992;8961114;5142;1742;3750
5993;8964864;4042;2217;3750
5994;8968614;373661;24;750
5995;8969364;213467;42;3750
5996;8973114;6826;1314;3750
5997;8976864;5154;1741;3750
5998;8980614;7193;1248;3750
5999;8984364;43;208938;30
6000;8984394;748387;12;3750
6001;8988144;499133;18;3750
6002;8991894;3828;2348;3750
6003;8995644;1498649;6;3750
6004;8999394;44111;204;750
6005;9000144;136309;66;3750
6006;9003894;62501;144;3750
6007;9007644;1500649;6;3750
6008;9011394;15971;564;3750
6009;9015144;922;9777;750
6010;9015894;3932;2292;3750
6011;9019644;5034;1791;3750
6012;9023394;751637;12;3750
6013;9027144;1503899;6;3750
6014;9030894;768;11758;750
6015;9031644;4098;2203;3750
6016;9035394;3798;2378;3750
6017;9039144;1505899;6;3750
6018;9042894;376631;24;3750
6019;9046644;811;11154;750
6020;9047394;5501;1644;3750
6021;9051144;502633;18;3750
6022;9054894;5178;1748;3750
6023;9058644;8431;1074;3750
6024;9062394;278;32598;150
6025;9062544;4894;1851;3750
6026;9066294;4184;2166;3750
6027;9070044;8537;1062;3750
6028;9073794;4369;2076;3750
6029;9077544;79621;114;750
6030;9078294;3898;2328;3750
6031;9082044;1513049;6;3750
6032;9085794;28031;324;3750
6033;9089544;40927;222;3750
6034;9093294;852;10672;750
6035;9094044;1515049;6;3750
6036;9097794;11311;804;3750
6037;9101544;4637;1962;3750
6038;9105294;3786;2404;3750
6039;9109044;1326;6869;750
6040;9109794;758837;12;3750
6041;9113544;5773;1578;3750
6042;9117294;4884;1866;3750
6043;9121044;1519549;6;3750
6044;9124794;24527;372;750
6045;9125544;138209;66;3750
6046;9129294;380231;24;3750
6047;9133044;5193;1758;3750
6048;9136794;761087;12;3750
6049;9140544;174;52531;150
6050;9140694;3852;2372;3750
6051;9144444;3918;2333;3750
6052;9148194;762037;12;3750
6053;9151944;15401;594;3750
6054;9155694;864;10596;750
6055;9156444;4149;2206;3750
6056;9160194;3908;2343;3750
6057;9163944;4909;1866;3750
6058;9167694;127277;72;3750
6059;9171444;39191;234;750
6060;9172194;7382;1242;3750
6061;9175944;12037;762;3750
6062;9179694;382331;24;3750
6063;9183444;3893;2358;3750
6064;9187194;255179;36;750
6065;9187944;510233;18;3750
6066;9191694;20149;456;3750
6067;9195444;5098;1803;3750
6068;9199194;5058;1818;3750
6069;9202944;1026;8969;750
6070;9203694;9829;936;3750
6071;9207444;21013;438;3750
6072;9211194;767287;12;3750
6073;9214944;3867;2382;3750
6074;9218694;192053;48;150
6075;9218844;219407;42;3750
6076;9222594;256079;36;3750
6077;9226344;1537099;6;3750
6078;9230094;12401;744;3750
6079;9233844;118373;78;750
6080;9234594;109891;84;3750
6081;9238344;3977;2322;3750
6082;9242094;22643;408;3750
6083;9245844;81071;114;3750
6084;9249594;70067;132;750
6085;9250344;4493;2058;3750
6086;9254094;128477;72;3750
6087;9257844;1542349;6;3750
6088;9261594;4292;2157;3750
6089;9265344;978;9473;750
6090;9266094;4241;2184;3750
6091;9269844;514783;18;3750
6092;9273594;13093;708;3750
6093;9277344;3958;2343;3750
6094;9281094;876;10594;750
6095;9281844;220907;42;3750
6096;9285594;3861;2404;3750
6097;9289344;5587;1662;3750
6098;9293094;4269;2176;3750
6099;9296844;162;57387;150
6100;9296994;9803;948;3750
6101;9300744;6286;1479;3750
6102;9304494;4167;2232;3750
6103;9308244;6166;1509;3750
6104;9311994;775937;12;750
6105;9312744;1551499;6;3750
6106;9316494;7919;1176;3750
6107;9320244;3798;2453;3750
6108;9323994;33769;276;3750
6109;9327744;878;10623;750
6110;9328494;4056;2299;3750
6111;9332244;222107;42;3750
6112;9335994;259229;36;3750
6113;9339744;1555999;6;3750
6114;9343494;772;12102;750
6115;9344244;53681;174;3750
6116;9347994;3913;2388;3750
6117;9351744;5202;1797;3750
6118;9355494;5088;1838;3750
6119;9359244;1559749;6;750
6120;9359994;4803;1948;3750
6121;9363744;222857;42;3750
6122;9367494;3936;2379;3750
6123;9371244;82171;114;3750
6124;9374994;781247;12;30
6125;9375024;3981;2354;3750
6126;9378774;11489;816;3750
6127;9382524;4611;2034;3750
6128;9386274;4126;2274;3750
6129;9390024;15193;618;750
6130;9390774;4304;2181;3750
6131;9394524;1565129;6;3750
6132;9398274;260959;36;3750
6133;9402024;4339;2166;3750
6134;9405774;939;10016;750
6135;9406524;5039;1866;3750
6136;9410274;783877;12;3750
6137;9414024;4443;2118;3750
6138;9417774;392251;24;3750
6139;9421524;1034;9111;750
6140;9422274;6254;1506;3750
6141;9426024;54151;174;3750
6142;9429774;4077;2312;3750
6143;9433524;1571629;6;3750
6144;9437274;25367;372;750
6145;9438024;1572379;6;3750
6146;9441774;5387;1752;3750
6147;9445524;7829;1206;3750
6148;9449274;4829;1956;3750
6149;9453024;1575479;6;150
6150;9453174;3798;2488;3750
6151;9456924;3929;2406;3750
6152;9460674;788077;12;3750
6153;9464424;525593;18;3750
6154;9468174;852;11112;750
6155;9468924;58427;162;3750
6156;9472674;789077;12;3750
6157;9476424;1578779;6;3750
6158;9480174;131617;72;3750
6159;9483924;982;9657;750
6160;9484674;4731;2004;3750
6161;9488424;92987;102;3750
6162;9492174;4191;2264;3750
6163;9495924;175781;54;3750
6164;9499674;843;11268;750
6165;9500424;47963;198;3750
6166;9504174;395851;24;3750
6167;9507924;20051;474;3750
6168;9511674;11483;828;3750
6169;9515424;949;10026;750
6170;9516174;5076;1874;3750
6171;9519924;4493;2118;3750
6172;9523674;793327;12;3750
6173;9527424;27847;342;3750
6174;9531174;164;58116;150
6175;9531324;6131;1554;3750
6176;9535074;3834;2486;3750
6177;9538824;83641;114;3750
6178;9542574;12821;744;3750
6179;9546324;762;12527;750
6180;9547074;4182;2282;3750
6181;9550824;530393;18;3750
6182;9554574;397951;24;3750
6183;9558324;1592429;6;3750
6184;9562074;796777;12;750
6185;9562824;227597;42;3750
6186;9566574;132817;72;3750
6187;9570324;4163;2298;3750
6188;9574074;3981;2404;3750
6189;9577824;1194;8021;750
6190;9578574;56993;168;3750
6191;9582324;19709;486;3750
6192;9586074;798527;12;3750
6193;9589824;1597679;6;3750
6194;9593574;939;10216;750
6195;9594324;32621;294;3750
6196;9598074;4148;2313;3750
6197;9601824;4306;2229;3750
6198;9605574;100019;96;3750
6199;9609324;171;56194;150
6200;9609474;800477;12;3750
6201;9613224;228797;42;3750
6202;9616974;4248;2263;3750
6203;9620724;1602829;6;3750
6204;9624474;72907;132;750
6205;9625224;4749;2026;3750
6206;9628974;3864;2491;3750
6207;9632724;534943;18;3750
6208;9636474;11981;804;3750
6209;9640224;123583;78;750
6210;9640974;401551;24;3750
6211;9644724;229547;42;3750
6212;9648474;89303;108;3750
6213;9652224;4118;2343;3750
6214;9655974;786;12284;750
6215;9656724;5151;1874;3750
6216;9660474;4479;2156;3750
6217;9664224;5358;1803;3750
6218;9667974;100669;96;3750
6219;9671724;1266;7639;750
6220;9672474;61979;156;3750
6221;9676224;5043;1918;3750
6222;9679974;3768;2568;3750
6223;9683724;1613329;6;3750
6224;9687474;276;35099;150
6225;9687624;4761;2034;3750
6226;9691374;5388;1798;3750
6227;9695124;3814;2541;3750
6228;9698874;6263;1548;3750
6229;9702624;819;11846;750
6230;9703374;3972;2442;3750
6231;9707124;4254;2281;3750
6232;9710874;115561;84;3750
6233;9714624;5801;1674;3750
6234;9718374;756;12854;750
6235;9719124;539743;18;3750
6236;9722874;3866;2514;3750
6237;9726624;33071;294;3750
6238;9730374;33773;288;3750
6239;9734124;77249;126;750
6240;9734874;4302;2262;3750
6241;9738624;1622479;6;3750
6242;9742374;7246;1344;3750
6243;9746124;6521;1494;3750
6244;9749874;924;10551;750
6245;9750624;6898;1413;3750
6246;9754374;4056;2404;3750
6247;9758124;3794;2571;3750
6248;9761874;90353;108;3750
6249;9765624;4882811;2;2
6250;9765626;7621;1281;3125
6251;9768751;9161;1066;3125
6252;9771876;5611;1741;3125
6253;9775001;3126;3126;3125
6254;9778126;12097;808;3750
6255;9781876;9778751;1;3125
6256;9785001;4069;2404;3125
6257;9788126;3261667;3;3125
6258;9791251;3359;2914;3125
6259;9794376;1631771;6;3750
6260;9798126;74771;131;3125
6261;9801251;125617;78;3125
6262;9804376;9801251;1;3125
6263;9807501;72091;136;3125
6264;9810626;2451719;4;3750
6265;9814376;37591;261;3125
6266;9817501;3289;2984;3125
6267;9820626;4183;2347;3125
6268;9823751;6521;1506;3125
6269;9826876;92671;106;3750
6270;9830626;9827501;1;3125
6271;9833751;378101;26;3125
6272;9836876;364213;27;3125
6273;9840001;3164;3109;3125
6274;9843126;13229;744;750
6275;9843876;9840751;1;3125
6276;9847001;3132;3143;3125
6277;9850126;9847001;1;3125
6278;9853251;3131;3146;3125
6279;9856376;100537;98;3750
6280;9860126;4207;2343;3125
6281;9863251;5947;1658;3125
6282;9866376;4421;2231;3125
6283;9869501;3237;3048;3125
6284;9872626;2467219;4;3750
6285;9876376;240811;41;3125
6286;9879501;1234547;8;3125
6287;9882626;3293167;3;3125
6288;9885751;10273;962;3125
6289;9888876;6766;1461;3750
6290;9892626;9889501;1;3125
6291;9895751;1648771;6;3125
6292;9898876;30637;323;3125
6293;9902001;4643;2132;3125
6294;9905126;4358;2272;3750
6295;9908876;5587;1773;3125
6296;9912001;2477219;4;3125
6297;9915126;9449;1049;3125
6298;9918251;4121;2406;3125
6299;9921376;4960313;2;750
6300;9922126;5639;1759;3125
6301;9925251;4961063;2;3125
6302;9928376;472631;21;3125
6303;9931501;12049;824;3125
6304;9934626;28537;348;3750
6305;9938376;9935251;1;3125
6306;9941501;3528;2817;3125
6307;9944626;6073;1637;3125
6308;9947751;292489;34;3125
6309;9950876;9733;1022;3750
6310;9954626;4417;2253;3125
6311;9957751;6373;1562;3125
6312;9960876;9957751;1;3125
6313;9964001;3252;3063;3125
6314;9967126;4112;2423;3750
6315;9970876;9377;1063;3125
6316;9974001;2492719;4;3125
6317;9977126;5843;1707;3125
6318;9980251;4988563;2;3125
6319;9983376;8443;1182;3750
6320;9987126;434087;23;3125
6321;9990251;3282;3043;3125
6322;9993376;9990251;1;3125
6323;9996501;4064;2459;3125
6324;9999626;953;10492;750
6325;10000376;5401;1851;3125
6326;10003501;7669;1304;3125
6327;10006626;10003501;1;3125
6328;10009751;3738;2677;3125
6329;10012876;3919;2554;3750
6330;10016626;10013501;1;3125
6331;10019751;16001;626;3125
6332;10022876;477131;21;3125
6333;10026001;12983;772;3125
6334;10029126;6143;1632;3750
6335;10032876;10029751;1;3125
6336;10036001;3462;2898;3125
6337;10039126;20357;493;3125
6338;10042251;5019563;2;3125
6339;10045376;717259;14;3750
6340;10049126;4809;2089;3125
6341;10052251;135799;74;3125
6342;10055376;4331;2321;3125
6343;10058501;69829;144;3125
6344;10061626;2514469;4;3750
6345;10065376;14863;677;3125
6346;10068501;314543;32;3125
6347;10071626;4211;2391;3125
6348;10074751;20063;502;3125
6349;10077876;1679521;6;750
6350;10078626;10075501;1;3125
6351;10081751;4009;2514;3125
6352;10084876;5221;1931;3125
6353;10088001;3449;2924;3125
6354;10091126;48497;208;3750
6355;10094876;7297;1383;3125
6356;10098001;3443;2932;3125
6357;10101126;165541;61;3125
6358;10104251;240503;42;3125
6359;10107376;4919;2054;3750
6360;10111126;190717;53;3125
6361;10114251;5055563;2;3125
6362;10117376;25349;399;3125
6363;10120501;39521;256;3125
6364;10123626;64871;156;3750
6365;10127376;10124251;1;3125
6366;10130501;3152;3213;3125
6367;10133626;5119;1979;3125
6368;10136751;5066813;2;3125
6369;10139876;4697;2158;3750
6370;10143626;4781;2121;3125
6371;10146751;5071813;2;3125
6372;10149876;68099;149;3125
6373;10153001;3249;3124;3125
6374;10156126;1269497;8;150
6375;10156276;5983;1697;3125
6376;10159401;11489;884;3125
6377;10162526;3891;2611;3125
6378;10165651;461933;22;3125
6379;10168776;1694171;6;3750
6380;10172526;4939;2059;3125
6381;10175651;3606;2821;3125
6382;10178776;19531;521;3125
6383;10181901;1272347;8;3125
6384;10185026;6163;1652;3750
6385;10188776;4533;2247;3125
6386;10191901;4069;2504;3125
6387;10195026;5053;2017;3125
6388;10198151;73877;138;3125
6389;10201276;5098763;2;3750
6390;10205026;10201901;1;3125
6391;10208151;5057;2018;3125
6392;10211276;1134239;9;3125
6393;10214401;82349;124;3125
6394;10217526;3834;2664;3750
6395;10221276;173189;59;3125
6396;10224401;65521;156;3125
6397;10227526;13873;737;3125
6398;10230651;3877;2638;3125
6399;10233776;124793;82;750
6400;10234526;33767;303;3125
6401;10237651;11873;862;3125
6402;10240776;10237651;1;3125
6403;10243901;3126;3276;3125
6404;10247026;62459;164;3750
6405;10250776;10217;1003;3125
6406;10253901;34631;296;3125
6407;10257026;4123;2487;3125
6408;10260151;394501;26;3125
6409;10263276;6173;1662;3750
6410;10267026;10263901;1;3125
6411;10270151;3443;2982;3125
6412;10273276;19637;523;3125
6413;10276401;6373;1612;3125
6414;10279526;22937;448;3750
6415;10283276;23311;441;3125
6416;10286401;3946;2606;3125
6417;10289526;10286401;1;3125
6418;10292651;3406;3021;3125
6419;10295776;34537;298;3750
6420;10299526;10296401;1;3125
6421;10302651;5149763;2;3125
6422;10305776;1144739;9;3125
6423;10308901;49547;208;3125
6424;10312026;859273;12;750
6425;10312776;937241;11;3125
6426;10315901;3331;3096;3125
6427;10319026;3739;2759;3125
6428;10322151;5159513;2;3125
6429;10325276;3979;2594;3750
6430;10329026;3441967;3;3125
6431;10332151;4373;2362;3125
6432;10335276;17249;599;3125
6433;10338401;3348;3087;3125
6434;10341526;5756;1796;3750
6435;10345276;10342151;1;3125
6436;10348401;8263;1252;3125
6437;10351526;492781;21;3125
6438;10354651;5175763;2;3125
6439;10357776;1725671;6;3750
6440;10361526;5293;1957;3125
6441;10364651;3801;2726;3125
6442;10367776;6347;1633;3125
6443;10370901;4496;2306;3125
6444;10374026;3838;2702;3750
6445;10377776;164677;63;3125
6446;10380901;3928;2642;3125
6447;10384026;75773;137;3125
6448;10387151;1730671;6;3125
6449;10390276;1147;9058;750
6450;10391026;3659;2839;3125
6451;10394151;3902;2663;3125
6452;10397276;3219;3229;3125
6453;10400401;5921;1756;3125
6454;10403526;4064;2559;3750
6455;10407276;5633;1847;3125
6456;10410401;3846;2706;3125
6457;10413526;14479;719;3125
6458;10416651;226381;46;3125
6459;10419776;14507;718;3750
6460;10423526;41849;249;3125
6461;10426651;16651;626;3125
6462;10429776;10426651;1;3125
6463;10432901;3449;3024;3125
6464;10436026;19037;548;3750
6465;10439776;10436651;1;3125
6466;10442901;3424;3049;3125
6467;10446026;497281;21;3125
6468;10449151;51713;202;3125
6469;10452276;4611;2266;3750
6470;10456026;10452901;1;3125
6471;10459151;3374;3099;3125
6472;10462276;10459151;1;3125
6473;10465401;3349;3124;3125
6474;10468526;14869;704;750
6475;10469276;4341;2411;3125
6476;10472401;2617319;4;3125
6477;10475526;551179;19;3125
6478;10478651;1745921;6;3125
6479;10481776;403001;26;3750
6480;10485526;10482401;1;3125
6481;10488651;5242763;2;3125
6482;10491776;3496217;3;3125
6483;10494901;81967;128;3125
6484;10498026;67271;156;3750
6485;10501776;10498651;1;3125
6486;10504901;3728;2817;3125
6487;10508026;954991;11;3125
6488;10511151;276527;38;3125
6489;10514276;404251;26;3750
6490;10518026;85487;123;3125
6491;10521151;5259013;2;3125
6492;10524276;9319;1129;3125
6493;10527401;13921;756;3125
6494;10530526;6376;1651;3750
6495;10534276;10531151;1;3125
6496;10537401;3418;3082;3125
6497;10540526;4753;2217;3125
6498;10543651;7831;1346;3125
6499;10546776;1757771;6;150
6500;10546926;102367;103;3125
6501;10550051;5879;1794;3125
6502;10553176;36007;293;3125
6503;10556301;1319147;8;3125
6504;10559426;2638919;4;3750
6505;10563176;43457;243;3125
6506;10566301;4394;2404;3125
6507;10569426;10566301;1;3125
6508;10572551;251653;42;3125
6509;10575676;4063;2602;3750
6510;10579426;341171;31;3125
6511;10582551;5731;1846;3125
6512;10585676;4097;2583;3125
6513;10588801;4651;2276;3125
6514;10591926;73529;144;3750
6515;10595676;10592551;1;3125
6516;10598801;3756;2821;3125
6517;10601926;10598801;1;3125
6518;10605051;5300963;2;3125
6519;10608176;32933;322;3750
6520;10611926;505181;21;3125
6521;10615051;6691;1586;3125
6522;10618176;342421;31;3125
6523;10621301;3814;2784;3125
6524;10624426;379417;28;750
6525;10625176;5027;2113;3125
6526;10628301;14923;712;3125
6527;10631426;3542767;3;3125
6528;10634551;4667;2278;3125
6529;10637676;17207;618;3750
6530;10641426;17701;601;3125
6531;10644551;1773571;6;3125
6532;10647676;20431;521;3125
6533;10650801;3211;3316;3125
6534;10653926;166409;64;3750
6535;10657676;4671;2281;3125
6536;10660801;3782;2818;3125
6537;10663926;71549;149;3125
6538;10667051;19531;546;3125
6539;10670176;4019;2654;3750
6540;10673926;10670801;1;3125
6541;10677051;5321;2006;3125
6542;10680176;3479;3069;3125
6543;10683301;51347;208;3125
6544;10686426;296741;36;3750
6545;10690176;11629;919;3125
6546;10693301;3444;3104;3125
6547;10696426;10693301;1;3125
6548;10699551;7501;1426;3125
6549;10702676;1163;9202;750
6550;10703426;115057;93;3125
6551;10706551;3599;2974;3125
6552;10709676;10091;1061;3125
6553;10712801;3126;3426;3125
6554;10715926;39383;272;3750
6555;10719676;3151;3401;3125
6556;10722801;3596;2981;3125
6557;10725926;3967;2703;3125
6558;10729051;34159;314;3125
6559;10732176;94109;114;3750
6560;10735926;10732801;1;3125
6561;10739051;3837;2798;3125
6562;10742176;346421;31;3125
6563;10745301;335693;32;3125
6564;10748426;6098;1762;3750
6565;10752176;398113;27;3125
6566;10755301;4294;2504;3125
6567;10758426;64403;167;3125
6568;10761551;8263;1302;3125
6569;10764676;489133;22;3750
6570;10768426;633253;17;3125
6571;10771551;23719;454;3125
6572;10774676;4621;2331;3125
6573;10777801;3449;3124;3125
6574;10780926;816;13211;750
6575;10781676;1539793;7;3125
6576;10784801;9661;1116;3125
6577;10787926;11461;941;3125
6578;10791051;125441;86;3125
6579;10794176;5395213;2;3750
6580;10797926;11351;951;3125
6581;10801051;10607;1018;3125
6582;10804176;348421;31;3125
6583;10807301;75029;144;3125
6584;10810426;6316;1711;3750
6585;10814176;10811051;1;3125
6586;10817301;3281;3296;3125
6587;10820426;327797;33;3125
6588;10823551;6169;1754;3125
6589;10826676;78427;138;3750
6590;10830426;107201;101;3125
6591;10833551;5767;1878;3125
6592;10836676;10833551;1;3125
6593;10839801;2709169;4;3125
6594;10842926;4244;2554;3750
6595;10846676;4779;2269;3125
6596;10849801;2711669;4;3125
6597;10852926;10849801;1;3125
6598;10856051;258403;42;3125
6599;10859176;5429213;2;750
6600;10859926;10856801;1;3125
6601;10863051;5089;2134;3125
6602;10866176;6871;1581;3125
6603;10869301;4468;2432;3125
6604;10872426;3766;2886;3750
6605;10876176;3761;2891;3125
6606;10879301;3214;3384;3125
6607;10882426;4859;2239;3125
6608;10885551;175523;62;3125
6609;10888676;10211;1066;3750
6610;10892426;4461;2441;3125
6611;10895551;31481;346;3125
6612;10898676;60869;179;3125
6613;10901801;4622;2358;3125
6614;10904926;5864;1859;3750
6615;10908676;13649;799;3125
6616;10911801;8713;1252;3125
6617;10914926;125423;87;3125
6618;10918051;3922;2783;3125
6619;10921176;139967;78;3750
6620;10924926;992891;11;3125
6621;10928051;1820821;6;3125
6622;10931176;11467;953;3125
6623;10934301;1366397;8;3125
6624;10937426;188;58177;150
6625;10937576;3723;2937;3125
6626;10940701;3263;3352;3125
6627;10943826;10940701;1;3125
6628;10946951;6491;1686;3125
6629;10950076;81689;134;3750
6630;10953826;5671;1931;3125
6631;10956951;7813;1402;3125
6632;10960076;135271;81;3125
6633;10963201;46441;236;3125
6634;10966326;76129;144;3750
6635;10970076;10966951;1;3125
6636;10973201;70321;156;3125
6637;10976326;5809;1889;3125
6638;10979451;3902;2813;3125
6639;10982576;5489413;2;3750
6640;10986326;7027;1563;3125
6641;10989451;422551;26;3125
6642;10992576;14071;781;3125
6643;10995701;8179;1344;3125
6644;10998826;2748769;4;3750
6645;11002576;15427;713;3125
6646;11005701;4069;2704;3125
6647;11008826;524081;21;3125
6648;11011951;323789;34;3125
6649;11015076;203969;54;750
6650;11015826;4753;2317;3125
6651;11018951;42697;258;3125
6652;11022076;11018951;1;3125
6653;11025201;3302;3338;3125
6654;11028326;172259;64;3750
6655;11032076;5409;2039;3125
6656;11035201;3194;3454;3125
6657;11038326;11035201;1;3125
6658;11041451;3666;3011;3125
6659;11044576;18841;586;3750
6660;11048326;380869;29;3125
6661;11051451;10603;1042;3125
6662;11054576;5157;2143;3125
6663;11057701;53147;208;3125
6664;11060826;6082;1818;3750
6665;11064576;356821;31;3125
6666;11067701;14407;768;3125
6667;11070826;235483;47;3125
6668;11073951;425801;26;3125
6669;11077076;5189;2134;3750
6670;11080826;3692567;3;3125
6671;11083951;9703;1142;3125
6672;11087076;4663;2377;3125
6673;11090201;3549;3124;3125
6674;11093326;31513;352;750
6675;11094076;6437;1723;3125
6676;11097201;396217;28;3125
6677;11100326;160829;69;3125
6678;11103451;9619;1154;3125
6679;11106576;264353;42;3750
6680;11110326;36901;301;3125
6681;11113451;97459;114;3125
6682;11116576;21331;521;3125
6683;11119701;3664;3034;3125
6684;11122826;2779769;4;3750
6685;11126576;39869;279;3125
6686;11129701;695411;16;3125
6687;11132826;7139;1559;3125
6688;11135951;18371;606;3125
6689;11139076;5567663;2;3750
6690;11142826;301073;37;3125
6691;11145951;3286;3391;3125
6692;11149076;21727;513;3125
6693;11152201;4318;2582;3125
6694;11155326;154883;72;3750
6695;11159076;11155951;1;3125
6696;11162201;3756;2971;3125
6697;11165326;360071;31;3125
6698;11168451;67261;166;3125
6699;11171576;29243;382;750
6700;11172326;3723067;3;3125
6701;11175451;5753;1942;3125
6702;11178576;1596493;7;3125
6703;11181701;3126;3576;3125
6704;11184826;2795269;4;3750
6705;11188576;360821;31;3125
6706;11191701;3184;3514;3125
6707;11194826;16729;669;3125
6708;11197951;5597413;2;3125
6709;11201076;266603;42;3750
6710;11204826;1600243;7;3125
6711;11207951;3317;3378;3125
6712;11211076;7507;1493;3125
6713;11214201;12347;908;3125
6714;11217326;6452;1738;3750
6715;11221076;54193;207;3125
6716;11224201;6007;1868;3125
6717;11227326;8831;1271;3125
6718;11230451;170111;66;3125
6719;11233576;330289;34;3750
6720;11237326;1021291;11;3125
6721;11240451;9077;1238;3125
6722;11243576;4131;2721;3125
6723;11246701;45337;248;3125
6724;11249826;1074;10474;750
6725;11250576;6913;1627;3125
6726;11253701;8681;1296;3125
6727;11256826;11253701;1;3125
6728;11259951;804059;14;3125
6729;11263076;433051;26;3750
6730;11266826;3754567;3;3125
6731;11269951;7901;1426;3125
6732;11273076;3773;2987;3125
6733;11276201;3858;2922;3125
6734;11279326;4706;2396;3750
6735;11283076;11279951;1;3125
6736;11286201;10891;1036;3125
6737;11289326;121357;93;3125
6738;11292451;332039;34;3125
6739;11295576;20681;546;3750
6740;11299326;7109;1589;3125
6741;11302451;3246;3481;3125
6742;11305576;6241;1811;3125
6743;11308701;45587;248;3125
6744;11311826;217463;52;3750
6745;11315576;1256939;9;3125
6746;11318701;4519;2504;3125
6747;11321826;11318701;1;3125
6748;11324951;4274;2649;3125
6749;11328076;587;19298;150
6750;11328226;136447;83;3125
6751;11331351;6097;1858;3125
6752;11334476;1259039;9;3125
6753;11337601;97711;116;3125
6754;11340726;3864;2934;3750
6755;11344476;43789;259;3125
6756;11347601;3146;3606;3125
6757;11350726;11347601;1;3125
6758;11353851;5675363;2;3125
6759;11356976;120779;94;3750
6760;11360726;14731;771;3125
6761;11363851;25703;442;3125
6762;11366976;65687;173;3125
6763;11370101;3244;3504;3125
6764;11373226;6508;1747;3750
6765;11376976;277411;41;3125
6766;11380101;4316;2636;3125
6767;11383226;3777;3013;3125
6768;11386351;5691613;2;3125
6769;11389476;5511;2066;3750
6770;11393226;599479;19;3125
6771;11396351;3258;3497;3125
6772;11399476;11396351;1;3125
6773;11402601;3649;3124;3125
6774;11405726;946;12056;750
6775;11406476;43691;261;3125
6776;11409601;3767;3028;3125
6777;11412726;13697;833;3125
6778;11415851;146317;78;3125
6779;11418976;5707613;2;3750
6780;11422726;19001;601;3125
6781;11425851;5383;2122;3125
6782;11428976;5693;2007;3125
6783;11432101;4778;2392;3125
6784;11435226;15121;756;3750
6785;11438976;1633693;7;3125
6786;11442101;29789;384;3125
6787;11445226;1040191;11;3125
6788;11448351;6227;1838;3125
6789;11451476;154699;74;3750
6790;11455226;7327;1563;3125
6791;11458351;5727613;2;3125
6792;11461476;39107;293;3125
6793;11464601;73471;156;3125
6794;11467726;1432997;8;3750
6795;11471476;14141;811;3125
6796;11474601;2867869;4;3125
6797;11477726;3824867;3;3125
6798;11480851;3142;3653;3125
6799;11483976;1051;10926;750
6800;11484726;51487;223;3125
6801;11487851;4703;2442;3125
6802;11490976;11487851;1;3125
6803;11494101;4772;2408;3125
6804;11497226;4657;2468;3750
6805;11500976;5483;2097;3125
6806;11504101;42283;272;3125
6807;11507226;8911;1291;3125
6808;11510351;1917871;6;3125
6809;11513476;5754863;2;3750
6810;11517226;114001;101;3125
6811;11520351;3158;3647;3125
6812;11523476;7853;1467;3125
6813;11526601;2880869;4;3125
6814;11529726;3969;2904;3750
6815;11533476;1647193;7;3125
6816;11536601;961123;12;3125
6817;11539726;11536601;1;3125
6818;11542851;3971;2906;3125
6819;11545976;3998;2887;3750
6820;11549726;11287;1023;3125
6821;11552851;251081;46;3125
6822;11555976;189391;61;3125
6823;11559101;8161;1416;3125
6824;11562226;2890369;4;750
6825;11562976;26821;431;3125
6826;11566101;4786;2416;3125
6827;11569226;3855367;3;3125
6828;11572351;5784613;2;3125
6829;11575476;1928621;6;3750
6830;11579226;218417;53;3125
6831;11582351;1929871;6;3125
6832;11585476;5731;2021;3125
6833;11588601;7013;1652;3125
6834;11591726;1448497;8;3750
6835;11595476;75767;153;3125
6836;11598601;99961;116;3125
6837;11601726;8267;1403;3125
6838;11604851;11177;1038;3125
6839;11607976;79481;146;3750
6840;11611726;19709;589;3125
6841;11614851;4606;2521;3125
6842;11617976;1290539;9;3125
6843;11621101;1452247;8;3125
6844;11624226;4788;2427;3750
6845;11627976;3353;3467;3125
6846;11631101;15629;744;3125
6847;11634226;11631101;1;3125
6848;11637351;5817113;2;3125
6849;11640476;831409;14;750
6850;11641226;57901;201;3125
6851;11644351;342389;34;3125
6852;11647476;190891;61;3125
6853;11650601;3126;3726;3125
6854;11653726;112019;104;3750
6855;11657476;11654351;1;3125
6856;11660601;2914369;4;3125
6857;11663726;3886867;3;3125
6858;11666851;5831863;2;3125
6859;11669976;13597;858;3750
6860;11673726;376471;31;3125
6861;11676851;45247;258;3125
6862;11679976;11527;1013;3125
6863;11683101;3752;3113;3125
6864;11686226;6604;1769;3750
6865;11689976;3201;3651;3125
6866;11693101;47137;248;3125
6867;11696226;3899;2999;3125
6868;11699351;1949371;6;3125
6869;11702476;449951;26;3750
6870;11706226;11703101;1;3125
6871;11709351;836159;14;3125
6872;11712476;41969;279;3125
6873;11715601;2928119;4;3125
6874;11718726;33;355112;30
6875;11718756;11715631;1;3125
6876;11721881;5167;2268;3125
6877;11725006;509647;23;3125
6878;11728131;8711;1346;3125
6879;11731256;837679;14;3750
6880;11735006;558661;21;3125
6881;11738131;65927;178;3125
6882;11741256;19531;601;3125
6883;11744381;3126;3756;3125
6884;11747506;2935939;4;3750
6885;11751256;11748131;1;3125
6886;11754381;3257;3608;3125
6887;11757506;3918127;3;3125
6888;11760631;5669;2074;3125
6889;11763756;52973;222;3750
6890;11767506;43411;271;3125
6891;11770631;1961251;6;3125
6892;11773756;51853;227;3125
6893;11776881;22469;524;3125
6894;11780006;4688;2512;3750
6895;11783756;3897;3023;3125
6896;11786881;2945939;4;3125
6897;11790006;11786881;1;3125
6898;11793131;4434;2659;3125
6899;11796256;46439;254;750
6900;11797006;15101;781;3125
6901;11800131;12263;962;3125
6902;11803256;80273;147;3125
6903;11806381;4087;2888;3125
6904;11809506;983813;12;3750
6905;11813256;11810131;1;3125
6906;11816381;3276;3606;3125
6907;11819506;11816381;1;3125
6908;11822631;18881;626;3125
6909;11825756;844429;14;3750
6910;11829506;4893;2417;3125
6911;11832631;7033;1682;3125
6912;11835756;11832631;1;3125
6913;11838881;4034;2934;3125
6914;11842006;4828;2452;3750
6915;11845756;4999;2369;3125
6916;11848881;4258;2782;3125
6917;11852006;21121;561;3125
6918;11855131;54367;218;3125
6919;11858256;1975751;6;3750
6920;11862006;289241;41;3125
6921;11865131;152077;78;3125
6922;11868256;11865131;1;3125
6923;11871381;370883;32;3125
6924;11874506;41809;284;750
6925;11875256;208283;57;3125
6926;11878381;1484407;8;3125
6927;11881506;11878381;1;3125
6928;11884631;3241;3666;3125
6929;11887756;312737;38;3750
6930;11891506;19781;601;3125
6931;11894631;3266;3641;3125
6932;11897756;10687;1113;3125
6933;11900881;4069;2924;3125
6934;11904006;4388;2712;3750
6935;11907756;11904631;1;3125
6936;11910881;3316;3591;3125
6937;11914006;253423;47;3125
6938;11917131;3341;3566;3125
6939;11920256;4193;2842;3750
6940;11924006;567661;21;3125
6941;11927131;23753;502;3125
6942;11930256;9931;1201;3125
6943;11933381;6373;1872;3125
6944;11936506;4532;2633;3750
6945;11940256;65951;181;3125
6946;11943381;3196;3736;3125
6947;11946506;209533;57;3125
6948;11949631;41771;286;3125
6949;11952756;1034;11559;750
6950;11953506;11950381;1;3125
6951;11956631;1992251;6;3125
6952;11959756;11956631;1;3125
6953;11962881;16519;724;3125
6954;11966006;17387;688;3750
6955;11969756;3988877;3;3125
6956;11972881;4412;2713;3125
6957;11976006;42307;283;3125
6958;11979131;4382;2733;3125
6959;11982256;352309;34;3750
6960;11986006;11982881;1;3125
6961;11989131;47189;254;3125
6962;11992256;3311;3621;3125
6963;11995381;187379;64;3125
6964;11998506;999563;12;3750
6965;12002256;106187;113;3125
6966;12005381;3402;3528;3125
6967;12008506;8821;1361;3125
6968;12011631;8791;1366;3125
6969;12014756;857929;14;3750
6970;12018506;572161;21;3125
6971;12021631;6009253;2;3125
6972;12024756;414539;29;3125
6973;12027881;334021;36;3125
6974;12031006;922;13048;750
6975;12031756;50329;239;3125
6976;12034881;24859;484;3125
6977;12038006;1337209;9;3125
6978;12041131;6001;2006;3125
6979;12044256;3837;3138;3750
6980;12048006;12044881;1;3125
6981;12051131;3414;3529;3125
6982;12054256;12051131;1;3125
6983;12057381;4814;2504;3125
6984;12060506;3014189;4;3750
6985;12064256;174799;69;3125
6986;12067381;23563;512;3125
6987;12070506;12067381;1;3125
6988;12073631;287393;42;3125
6989;12076756;5533;2182;3750
6990;12080506;5641;2141;3125
6991;12083631;8263;1462;3125
6992;12086756;5279;2289;3125
6993;12089881;3212;3763;3125
6994;12093006;16249;744;3750
6995;12096756;1099421;11;3125
6996;12099881;16001;756;3125
6997;12103006;113083;107;3125
6998;12106131;6051503;2;3125
6999;12109256;6054553;2;150
7000;12109406;5167;2343;3125
7001;12112531;11489;1054;3125
7002;12115656;12112531;1;3125
7003;12118781;4536;2671;3125
7004;12121906;6901;1756;3750
7005;12125656;6731;1801;3125
7006;12128781;4343;2792;3125
7007;12131906;4207;2883;3125
7008;12135031;53681;226;3125
7009;12138156;2022401;6;3750
7010;12141906;7867;1543;3125
7011;12145031;41299;294;3125
7012;12148156;23311;521;3125
7013;12151281;9703;1252;3125
7014;12154406;3976;3056;3750
7015;12158156;6653;1827;3125
7016;12161281;11827;1028;3125
7017;12164406;1105571;11;3125
7018;12167531;2027401;6;3125
7019;12170656;23131;526;3750
7020;12174406;26633;457;3125
7021;12177531;7153;1702;3125
7022;12180656;1353059;9;3125
7023;12183781;761291;16;3125
7024;12186906;852;14303;750
7025;12187656;12184531;1;3125
7026;12190781;3393;3592;3125
7027;12193906;5387;2263;3125
7028;12197031;30949;394;3125
7029;12200156;129749;94;3750
7030;12203906;239231;51;3125
7031;12207031;6611;1846;3125
7032;12210156;12207031;1;3125
7033;12213281;3126;3906;3125
7034;12216406;4016;3041;3750
7035;12220156;284117;43;3125
7036;12223281;235003;52;3125
7037;12226406;25307;483;3125
7038;12229531;19531;626;3125
7039;12232656;49711;246;3750
7040;12236406;32797;373;3125
7041;12239531;3991;3066;3125
7042;12242656;31957;383;3125
7043;12245781;382583;32;3125
7044;12248906;5269;2324;3750
7045;12252656;4593;2667;3125
7046;12255781;58907;208;3125
7047;12258906;12255781;1;3125
7048;12262031;3966;3091;3125
7049;12265156;1078;11377;750
7050;12265906;23447;523;3125
7051;12269031;3154;3889;3125
7052;12272156;4089677;3;3125
7053;12275281;4303;2852;3125
7054;12278406;4409;2784;3750
7055;12282156;20431;601;3125
7056;12285281;341171;36;3125
7057;12288406;4469;2749;3125
7058;12291531;472631;26;3125
7059;12294656;12619;974;3750
7060;12298406;4098427;3;3125
7061;12301531;23381;526;3125
7062;12304656;9119;1349;3125
7063;12307781;3276;3756;3125
7064;12310906;3076789;4;3750
7065;12314656;126923;97;3125
7066;12317781;4384;2809;3125
7067;12320906;4011;3071;3125
7068;12324031;8203;1502;3125
7069;12327156;8969;1374;3750
7070;12330906;12327781;1;3125
7071;12334031;4813;2562;3125
7072;12337156;12334031;1;3125
7073;12340281;12487;988;3125
7074;12343406;844;14624;750
7075;12344156;241981;51;3125
7076;12347281;280549;44;3125
7077;12350406;12347281;1;3125
7078;12353531;2058401;6;3125
7079;12356656;61153;202;3750
7080;12360406;18253;677;3125
7081;12363531;6180203;2;3125
7082;12366656;4121177;3;3125
7083;12369781;3184;3884;3125
7084;12372906;1030763;12;3750
7085;12376656;74093;167;3125
7086;12379781;4227;2928;3125
7087;12382906;426889;29;3125
7088;12386031;19781;626;3125
7089;12389156;562973;22;3750
7090;12392906;4129927;3;3125
7091;12396031;6571;1886;3125
7092;12399156;12396031;1;3125
7093;12402281;3234;3834;3125
7094;12405406;1550207;8;3750
7095;12409156;59359;209;3125
7096;12412281;3102289;4;3125
7097;12415406;591061;21;3125
7098;12418531;365159;34;3125
7099;12421656;1126;11031;750
7100;12422406;1774183;7;3125
7101;12425531;33941;366;3125
7102;12428656;21761;571;3125
7103;12431781;7691;1616;3125
7104;12434906;3107789;4;3750
7105;12438656;4145177;3;3125
7106;12441781;97177;128;3125
7107;12444906;49177;253;3125
7108;12448031;21383;582;3125
7109;12451156;14177;878;3750
7110;12454906;28757;433;3125
7111;12458031;132499;94;3125
7112;12461156;4152677;3;3125
7113;12464281;9953;1252;3125
7114;12467406;4138;3012;3750
7115;12471156;12468031;1;3125
7116;12474281;346421;36;3125
7117;12477406;13313;937;3125
7118;12480531;6238703;2;3125
7119;12483656;6239953;2;3750
7120;12487406;5217;2393;3125
7121;12490531;6243703;2;3125
7122;12493656;8753;1427;3125
7123;12496781;8263;1512;3125
7124;12499906;172;72673;150
7125;12500056;158189;79;3125
7126;12503181;23321;536;3125
7127;12506306;6733;1857;3125
7128;12509431;39829;314;3125
7129;12512556;7927;1578;3750
7130;12516306;13021;961;3125
7131;12519431;4686;2671;3125
7132;12522556;20831;601;3125
7133;12525681;21011;596;3125
7134;12528806;4352;2878;3750
7135;12532556;5591;2241;3125
7136;12535681;6541;1916;3125
7137;12538806;7939;1579;3125
7138;12541931;42649;294;3125
7139;12545056;17467;718;3750
7140;12548806;660299;19;3125
7141;12551931;12043;1042;3125
7142;12555056;6427;1953;3125
7143;12558181;5008;2507;3125
7144;12561306;3762;3338;3750
7145;12565056;12561931;1;3125
7146;12568181;9349;1344;3125
7147;12571306;306541;41;3125
7148;12574431;18433;682;3125
7149;12577556;571673;22;750
7150;12578306;5879;2139;3125
7151;12581431;4849;2594;3125
7152;12584556;12581431;1;3125
7153;12587681;20563;612;3125
7154;12590806;786691;16;3750
7155;12594556;12591431;1;3125
7156;12597681;5239;2404;3125
7157;12600806;43291;291;3125
7158;12603931;146521;86;3125
7159;12607056;2100551;6;3750
7160;12610806;8677;1453;3125
7161;12613931;4173;3022;3125
7162;12617056;5731;2201;3125
7163;12620181;8389;1504;3125
7164;12623306;3154889;4;3750
7165;12627056;155851;81;3125
7166;12630181;3536;3571;3125
7167;12633306;12630181;1;3125
7168;12636431;4382;2883;3125
7169;12639556;14591;866;3750
7170;12643306;9791;1291;3125
7171;12646431;486281;26;3125
7172;12649556;4271;2961;3125
7173;12652681;22751;556;3125
7174;12655806;263647;48;750
7175;12656556;1807633;7;3125
7176;12659681;4092;3093;3125
7177;12662806;10811;1171;3125
7178;12665931;13163;962;3125
7179;12669056;8663;1462;3750
7180;12672806;7027;1803;3125
7181;12675931;6336403;2;3125
7182;12679056;6103;2077;3125
7183;12682181;3126;4056;3125
7184;12685306;7061;1796;3750
7185;12689056;342863;37;3125
7186;12692181;396533;32;3125
7187;12695306;98389;129;3125
7188;12698431;7657;1658;3125
7189;12701556;192391;66;3750
7190;12705306;12702181;1;3125
7191;12708431;73019;174;3125
7192;12711556;4783;2657;3125
7193;12714681;3443;3692;3125
7194;12717806;1589257;8;3750
7195;12721556;3267;3893;3125
7196;12724681;31489;404;3125
7197;12727806;16721;761;3125
7198;12730931;23311;546;3125
7199;12734056;782;16283;750
7200;12734806;12731681;1;3125
7201;12737931;4571;2786;3125
7202;12741056;4723;2697;3125
7203;12744181;3508;3632;3125
7204;12747306;4314;2954;3750
7205;12751056;34361;371;3125
7206;12754181;3504;3639;3125
7207;12757306;11257;1133;3125
7208;12760431;205763;62;3125
7209;12763556;9341;1366;3750
7210;12767306;4449;2869;3125
7211;12770431;375509;34;3125
7212;12773556;12770431;1;3125
7213;12776681;15427;828;3125
7214;12779806;84053;152;3750
7215;12783556;16883;757;3125
7216;12786681;74323;172;3125
7217;12789806;39103;327;3125
7218;12792931;20431;626;3125
7219;12796056;3974;3219;3750
7220;12799806;22411;571;3125
7221;12802931;112279;114;3125
7222;12806056;12802931;1;3125
7223;12809181;4684;2734;3125
7224;12812306;103319;124;750
7225;12813056;6767;1893;3125
7226;12816181;50051;256;3125
7227;12819306;107699;119;3125
7228;12822431;3362;3813;3125
7229;12825556;5042;2543;3750
7230;12829306;56503;227;3125
7231;12832431;24767;518;3125
7232;12835556;4277477;3;3125
7233;12838681;3208889;4;3125
7234;12841806;6947;1848;3750
7235;12845556;4999;2569;3125
7236;12848681;356821;36;3125
7237;12851806;12848681;1;3125
7238;12854931;8719;1474;3125
7239;12858056;4882;2633;3750
7240;12861806;22921;561;3125
7241;12864931;6430903;2;3125
7242;12868056;120233;107;3125
7243;12871181;3426;3756;3125
7244;12874306;78479;164;3750
7245;12878056;299417;43;3125
7246;12881181;1609757;8;3125
7247;12884306;4293727;3;3125
7248;12887431;6442153;2;3125
7249;12890556;2148401;6;150
7250;12890706;4403;2927;3125
7251;12893831;2148451;6;3125
7252;12896956;12893831;1;3125
7253;12900081;3224239;4;3125
7254;12903206;4504;2864;3750
7255;12906956;3363;3837;3125
7256;12910081;5497;2348;3125
7257;12913206;21481;601;3125
7258;12916331;2152201;6;3125
7259;12919456;339887;38;3750
7260;12923206;4859;2659;3125
7261;12926331;4363;2962;3125
7262;12929456;5517;2343;3125
7263;12932581;4187;3088;3125
7264;12935706;7643;1692;3750
7265;12939456;6841;1891;3125
7266;12942581;3547;3648;3125
7267;12945706;17657;733;3125
7268;12948831;13183;982;3125
7269;12951956;6474103;2;3750
7270;12955706;8287;1563;3125
7271;12958831;208963;62;3125
7272;12961956;93229;139;3125
7273;12965081;3451;3756;3125
7274;12968206;1244;10424;750
7275;12968956;25777;503;3125
7276;12972081;3157;4108;3125
7277;12975206;4324027;3;3125
7278;12978331;6709;1934;3125
7279;12981456;4053;3202;3750
7280;12985206;30403;427;3125
7281;12988331;3601;3606;3125
7282;12991456;119159;109;3125
7283;12994581;4486;2896;3125
7284;12997706;87797;148;3750
7285;13001456;46589;279;3125
7286;13004581;62507;208;3125
7287;13007706;10513;1237;3125
7288;13010831;24359;534;3125
7289;13013956;8101;1606;3750
7290;13017706;13014581;1;3125
7291;13020831;6773;1922;3125
7292;13023956;160751;81;3125
7293;13027081;4169;3124;3125
7294;13030206;4302;3028;3750
7295;13033956;40849;319;3125
7296;13037081;6427;2028;3125
7297;13040206;420551;31;3125
7298;13043331;11581;1126;3125
7299;13046456;23213;562;750
7300;13047206;4348027;3;3125
7301;13050331;57731;226;3125
7302;13053456;9107;1433;3125
7303;13056581;3303;3952;3125
7304;13059706;3263989;4;3750
7305;13063456;18631;701;3125
7306;13066581;3248;4022;3125
7307;13069706;5511;2371;3125
7308;13072831;9217;1418;3125
7309;13075956;3829;3414;3750
7310;13079706;6509;2009;3125
7311;13082831;70321;186;3125
7312;13085956;25111;521;3125
7313;13089081;251653;52;3125
7314;13092206;30869;424;3750
7315;13095956;1454759;9;3125
7316;13099081;3273989;4;3125
7317;13102206;422551;31;3125
7318;13105331;3133;4182;3125
7319;13108456;6552353;2;3750
7320;13112206;5717;2293;3125
7321;13115331;5807;2258;3125
7322;13118456;485753;27;3125
7323;13121581;3224;4069;3125
7324;13124706;1093663;12;750
7325;13125456;22279;589;3125
7326;13128581;3312;3963;3125
7327;13131706;13128581;1;3125
7328;13134831;4606;2851;3125
7329;13137956;345637;38;3750
7330;13141706;5937;2213;3125
7331;13144831;3338;3937;3125
7332;13147956;1877833;7;3125
7333;13151081;3126;4206;3125
7334;13154206;5153;2552;3750
7335;13157956;13154831;1;3125
7336;13161081;24733;532;3125
7337;13164206;4371;3011;3125
7338;13167331;3586;3671;3125
7339;13170456;4679;2814;3750
7340;13174206;171053;77;3125
7341;13177331;2195701;6;3125
7342;13180456;17047;773;3125
7343;13183581;53147;248;3125
7344;13186706;8429;1564;3750
7345;13190456;1465259;9;3125
7346;13193581;35081;376;3125
7347;13196706;40847;323;3125
7348;13199831;7027;1878;3125
7349;13202956;140449;94;750
7350;13203706;13200581;1;3125
7351;13206831;5363;2462;3125
7352;13209956;400207;33;3125
7353;13213081;32063;412;3125
7354;13216206;550519;24;3750
7355;13219956;13216831;1;3125
7356;13223081;3369;3924;3125
7357;13226206;426551;31;3125
7358;13229331;944729;14;3125
7359;13232456;79691;166;3750
7360;13236206;22391;591;3125
7361;13239331;6618103;2;3125
7362;13242456;1891333;7;3125
7363;13245581;3141;4216;3125
7364;13248706;29303;452;3750
7365;13252456;13249331;1;3125
7366;13255581;4984;2659;3125
7367;13258706;152363;87;3125
7368;13261831;6493;2042;3125
7369;13264956;315743;42;3750
7370;13268706;1895083;7;3125
7371;13271831;3166;4191;3125
7372;13274956;5917;2243;3125
7373;13278081;7199;1844;3125
7374;13281206;181;73376;150
7375;13281356;11617;1143;3125
7376;13284481;3322;3998;3125
7377;13287606;7819;1699;3125
7378;13290731;3358;3957;3125
7379;13293856;36713;362;3750
7380;13297606;13294481;1;3125
7381;13300731;49991;266;3125
7382;13303856;5409;2459;3125
7383;13306981;5072;2623;3125
7384;13310106;5867;2268;3750
7385;13313856;4529;2939;3125
7386;13316981;3264;4079;3125
7387;13320106;149629;89;3125
7388;13323231;5191;2566;3125
7389;13326356;605573;22;3750
7390;13330106;4442327;3;3125
7391;13333231;112967;118;3125
7392;13336356;9613;1387;3125
7393;13339481;4269;3124;3125
7394;13342606;1667357;8;3750
7395;13346356;1213021;11;3125
7396;13349481;16937;788;3125
7397;13352606;5989;2229;3125
7398;13355731;142049;94;3125
7399;13358856;742117;18;750
7400;13359606;13356481;1;3125
7401;13362731;4602;2903;3125
7402;13365856;14831;901;3125
7403;13368981;59669;224;3125
7404;13372106;77723;172;3750
7405;13375856;4489;2979;3125
7406;13378981;4808;2782;3125
7407;13382106;5089;2629;3125
7408;13385231;2230351;6;3125
7409;13388356;6692303;2;3750
7410;13392106;461689;29;3125
7411;13395231;73583;182;3125
7412;13398356;34613;387;3125
7413;13401481;4804;2789;3125
7414;13404606;8863;1512;3750
7415;13408356;6209;2159;3125
7416;13411481;3404;3939;3125
7417;13414606;13411481;1;3125
7418;13417731;100109;134;3125
7419;13420856;75377;178;3750
7420;13424606;8587;1563;3125
7421;13427731;5323;2522;3125
7422;13430856;33823;397;3125
7423;13433981;3628;3702;3125
7424;13437106;81929;164;750
7425;13437856;22133;607;3125
7426;13440981;419933;32;3125
7427;13444106;56713;237;3125
7428;13447231;517081;26;3125
7429;13450356;3854;3489;3750
7430;13454106;22381;601;3125
7431;13457231;7759;1734;3125
7432;13460356;25439;529;3125
7433;13463481;36979;364;3125
7434;13466606;5186;2596;3750
7435;13470356;1496359;9;3125
7436;13473481;3367589;4;3125
7437;13476606;6419;2099;3125
7438;13479731;3614;3729;3125
7439;13482856;7901;1706;3750
7440;13486606;39541;341;3125
7441;13489731;3647;3698;3125
7442;13492856;13751;981;3125
7443;13495981;3562;3788;3125
7444;13499106;17851;756;3750
7445;13502856;32687;413;3125
7446;13505981;18149;744;3125
7447;13509106;4549;2969;3125
7448;13512231;519581;26;3125
7449;13515356;965329;14;750
7450;13516106;54269;249;3125
7451;13519231;7619;1774;3125
7452;13522356;1229021;11;3125
7453;13525481;125207;108;3125
7454;13528606;23159;584;3750
7455;13532356;229309;59;3125
7456;13535481;4702;2878;3125
7457;13538606;4511827;3;3125
7458;13541731;6769303;2;3125
7459;13544856;2256851;6;3750
7460;13548606;25703;527;3125
7461;13551731;33703;402;3125
7462;13554856;9899;1369;3125
7463;13557981;4567;2968;3125
7464;13561106;3389339;4;3750
7465;13564856;16931;801;3125
7466;13567981;5146;2636;3125
7467;13571106;9839;1379;3125
7468;13574231;2261851;6;3125
7469;13577356;35533;382;3750
7470;13581106;13729;989;3125
7471;13584231;4466;3041;3125
7472;13587356;5611;2421;3125
7473;13590481;178781;76;3125
7474;13593606;879;15464;750
7475;13594356;13591231;1;3125
7476;13597481;3298;4122;3125
7477;13600606;71191;191;3125
7478;13603731;6199;2194;3125
7479;13606856;618323;22;3750
7480;13610606;146317;93;3125
7481;13613731;165983;82;3125
7482;13616856;469439;29;3125
7483;13619981;3126;4356;3125
7484;13623106;3404839;4;3750
7485;13626856;1238521;11;3125
7486;13629981;4778;2852;3125
7487;13633106;42461;321;3125
7488;13636231;13883;982;3125
7489;13639356;22501;606;3750
7490;13643106;15553;877;3125
7491;13646231;2273851;6;3125
7492;13649356;14849;919;3125
7493;13652481;487477;28;3125
7494;13655606;853241;16;3750
7495;13659356;79861;171;3125
7496;13662481;4766;2866;3125
7497;13665606;1951783;7;3125
7498;13668731;73471;186;3125
7499;13671856;976559;14;30
7500;13671886;43951;311;3125
7501;13675011;17219;794;3125
7502;13678136;651191;21;3125
7503;13681261;1709767;8;3125
7504;13684386;4946;2766;3750
7505;13688136;13685011;1;3125
7506;13691261;3292;4158;3125
7507;13694386;18427;743;3125
7508;13697511;11393;1202;3125
7509;13700636;978349;14;3750
7510;13704386;4479;3059;3125
7511;13707511;6852193;2;3125
7512;13710636;13707511;1;3125
7513;13713761;3126;4386;3125
7514;13716886;4568;3002;3750
7515;13720636;8219;1669;3125
7516;13723761;92707;148;3125
7517;13726886;4574587;3;3125
7518;13730011;6863443;2;3125
7519;13733136;18911;726;3750
7520;13736886;27971;491;3125
7521;13740011;4674;2939;3125
7522;13743136;98849;139;3125
7523;13746261;39043;352;3125
7524;13749386;312469;44;750
7525;13750136;4582337;3;3125
7526;13753261;74729;184;3125
7527;13756386;13753261;1;3125
7528;13759511;5158;2667;3125
7529;13762636;6879443;2;3750
7530;13766386;13763261;1;3125
7531;13769511;12097;1138;3125
7532;13772636;3273;4207;3125
7533;13775761;3443159;4;3125
7534;13778886;4042;3408;3750
7535;13782636;13779511;1;3125
7536;13785761;3186;4326;3125
7537;13788886;1253251;11;3125
7538;13792011;19531;706;3125
7539;13795136;57947;238;3750
7540;13798886;3129;4409;3125
7541;13802011;6899443;2;3125
7542;13805136;3397;4063;3125
7543;13808261;95869;144;3125
7544;13811386;150083;92;3750
7545;13815136;13812011;1;3125
7546;13818261;14887;928;3125
7547;13821386;17123;807;3125
7548;13824511;13577;1018;3125
7549;13827636;834;16579;750
7550;13828386;13825261;1;3125
7551;13831511;4686;2951;3125
7552;13834636;3637;3803;3125
7553;13837761;3458659;4;3125
7554;13840886;4276;3236;3750
7555;13844636;58403;237;3125
7556;13847761;5759;2404;3125
7557;13850886;7127;1943;3125
7558;13854011;4522;3063;3125
7559;13857136;6926693;2;3750
7560;13860886;13857761;1;3125
7561;13864011;533111;26;3125
7562;13867136;5439;2549;3125
7563;13870261;3308;4192;3125
7564;13873386;3938;3522;3750
7565;13877136;21577;643;3125
7566;13880261;3177;4368;3125
7567;13883386;13880261;1;3125
7568;13886511;4969;2794;3125
7569;13889636;16811;826;3750
7570;13893386;3297;4213;3125
7571;13896511;3698;3757;3125
7572;13899636;143263;97;3125
7573;13902761;16787;828;3125
7574;13905886;124153;112;750
7575;13906636;6133;2267;3125
7576;13909761;12829;1084;3125
7577;13912886;1545529;9;3125
7578;13916011;5174;2689;3125
7579;13919136;13103;1062;3750
7580;13922886;11419;1219;3125
7581;13926011;2320481;6;3125
7582;13929136;8591;1621;3125
7583;13932261;3208;4342;3125
7584;13935386;4471;3116;3750
7585;13939136;28499;489;3125
7586;13942261;3464;4024;3125
7587;13945386;820133;17;3125
7588;13948511;25541;546;3125
7589;13951636;9437;1478;3750
7590;13955386;236479;59;3125
7591;13958511;8417;1658;3125
7592;13961636;664691;21;3125
7593;13964761;268493;52;3125
7594;13967886;4247;3288;3750
7595;13971636;16649;839;3125
7596;13974761;18481;756;3125
7597;13977886;13974761;1;3125
7598;13981011;537611;26;3125
7599;13984136;6991693;2;750
7600;13984886;3537;3953;3125
7601;13988011;6992443;2;3125
7602;13991136;341171;41;3125
7603;13994261;8573;1632;3125
7604;13997386;3498409;4;3750
7605;14001136;8933;1567;3125
7606;14004261;3631;3856;3125
7607;14007386;33107;423;3125
7608;14010511;5186;2701;3125
7609;14013636;3806;3681;3750
7610;14017386;50593;277;3125
7611;14020511;23131;606;3125
7612;14023636;3461;4051;3125
7613;14026761;4489;3124;3125
7614;14029886;4918;2852;3750
7615;14033636;11491;1221;3125
7616;14036761;3196;4391;3125
7617;14039886;20857;673;3125
7618;14043011;11527;1218;3125
7619;14046136;4019;3494;3750
7620;14049886;14046761;1;3125
7621;14053011;115163;122;3125
7622;14056136;6497;2163;3125
7623;14059261;7879;1784;3125
7624;14062386;463;30372;150
7625;14062536;739969;19;3125
7626;14065661;11489;1224;3125
7627;14068786;12263;1147;3125
7628;14071911;119227;118;3125
7629;14075036;6707;2098;3750
7630;14078786;4691887;3;3125
7631;14081911;14107;998;3125
7632;14085036;10037;1403;3125
7633;14088161;3348;4207;3125
7634;14091286;12401;1136;3750
7635;14095036;3631;3881;3125
7636;14098161;3629;3884;3125
7637;14101286;61031;231;3125
7638;14104411;8003;1762;3125
7639;14107536;2350631;6;3750
7640;14111286;14108161;1;3125
7641;14114411;3754;3759;3125
7642;14117536;27091;521;3125
7643;14120661;4957;2848;3125
7644;14123786;4724;2989;3750
7645;14127536;224197;63;3125
7646;14130661;5417;2608;3125
7647;14133786;6631;2131;3125
7648;14136911;3522;4013;3125
7649;14140036;32579;434;750
7650;14140786;344821;41;3125
7651;14143911;8591;1646;3125
7652;14147036;4714637;3;3125
7653;14150161;114089;124;3125
7654;14153286;147391;96;3750
7655;14157036;832583;17;3125
7656;14160161;5387;2628;3125
7657;14163286;23561;601;3125
7658;14166411;3403;4162;3125
7659;14169536;116113;122;3750
7660;14173286;11273;1257;3125
7661;14176411;244367;58;3125
7662;14179536;14176411;1;3125
7663;14182661;3126;4536;3125
7664;14185786;322319;44;3750
7665;14189536;14186411;1;3125
7666;14192661;443423;32;3125
7667;14195786;675841;21;3125
7668;14198911;13729;1034;3125
7669;14202036;3826;3711;3750
7670;14205786;8459;1679;3125
7671;14208911;3206;4431;3125
7672;14212036;240829;59;3125
7673;14215161;3553009;4;3125
7674;14218286;222149;64;750
7675;14219036;12503;1137;3125
7676;14222161;5044;2819;3125
7677;14225286;6257;2273;3125
7678;14228411;2370881;6;3125
7679;14231536;7113893;2;3750
7680;14235286;7807;1823;3125
7681;14238411;7813;1822;3125
7682;14241536;3399;4189;3125
7683;14244661;55631;256;3125
7684;14247786;1187003;12;3750
7685;14251536;104003;137;3125
7686;14254661;3312;4303;3125
7687;14257786;14254661;1;3125
7688;14260911;51287;278;3125
7689;14264036;4639;3074;3750
7690;14267786;5021;2841;3125
7691;14270911;548761;26;3125
7692;14274036;3253;4387;3125
7693;14277161;3318;4302;3125
7694;14280286;1784567;8;3750
7695;14284036;14280911;1;3125
7696;14287161;274693;52;3125
7697;14290286;680341;21;3125
7698;14293411;32041;446;3125
7699;14296536;21859;654;750
7700;14297286;7441;1921;3125
7701;14300411;2382881;6;3125
7702;14303536;621757;23;3125
7703;14306661;68767;208;3125
7704;14309786;3576509;4;3750
7705;14313536;7937;1803;3125
7706;14316661;4768;3002;3125
7707;14319786;14316661;1;3125
7708;14322911;183587;78;3125
7709;14326036;59183;242;3750
7710;14329786;25447;563;3125
7711;14332911;7164893;2;3125
7712;14336036;10883;1317;3125
7713;14339161;3692;3883;3125
7714;14342286;4958;2892;3750
7715;14346036;7537;1903;3125
7716;14349161;3574;4014;3125
7717;14352286;15751;911;3125
7718;14355411;552011;26;3125
7719;14358536;7177393;2;3750
7720;14362286;28661;501;3125
7721;14365411;80687;178;3125
7722;14368536;495359;29;3125
7723;14371661;3213;4472;3125
7724;14374786;3593509;4;750
7725;14375536;14372411;1;3125
7726;14378661;3469;4144;3125
7727;14381786;48413;297;3125
7728;14384911;7190893;2;3125
7729;14388036;114161;126;3750
7730;14391786;9289;1549;3125
7731;14394911;3494;4119;3125
7732;14398036;18719;769;3125
7733;14401161;124121;116;3125
7734;14404286;1800067;8;3750
7735;14408036;3387;4253;3125
7736;14411161;61051;236;3125
7737;14414286;14411161;1;3125
7738;14417411;2402381;6;3125
7739;14420536;26797;538;3750
7740;14424286;11293;1277;3125
7741;14427411;20431;706;3125
7742;14430536;4809137;3;3125
7743;14433661;1803817;8;3125
7744;14436786;4044;3569;3750
7745;14440536;7547;1913;3125
7746;14443661;18233;792;3125
7747;14446786;5003;2887;3125
7748;14449911;6211;2326;3125
7749;14453036;1032349;14;150
7750;14453186;155377;93;3125
7751;14456311;5357;2698;3125
7752;14459436;14456311;1;3125
7753;14462561;401651;36;3125
7754;14465686;903871;16;3750
7755;14469436;14466311;1;3125
7756;14472561;116689;124;3125
7757;14475686;4824187;3;3125
7758;14478811;12043;1202;3125
7759;14481936;4386;3301;3750
7760;14485686;95911;151;3125
7761;14488811;2414281;6;3125
7762;14491936;10013;1447;3125
7763;14495061;452873;32;3125
7764;14498186;329419;44;3750
7765;14501936;18517;783;3125
7766;14505061;906371;16;3125
7767;14508186;337327;43;3125
7768;14511311;4774;3039;3125
7769;14514436;154369;94;3750
7770;14518186;5813;2497;3125
7771;14521311;13933;1042;3125
7772;14524436;3339;4349;3125
7773;14527561;3428;4237;3125
7774;14530686;813;17872;750
7775;14531436;44159;329;3125
7776;14534561;3596;4041;3125
7777;14537686;274237;53;3125
7778;14540811;427579;34;3125
7779;14543936;8543;1702;3750
7780;14547686;18023;807;3125
7781;14550811;7273843;2;3125
7782;14553936;6611;2201;3125
7783;14557061;3376;4311;3125
7784;14560186;3639109;4;3750
7785;14563936;14560811;1;3125
7786;14567061;455123;32;3125
7787;14570186;25159;579;3125
7788;14573311;235003;62;3125
7789;14576436;2428781;6;3750
7790;14580186;9803;1487;3125
7791;14583311;3791;3846;3125
7792;14586436;11983;1217;3125
7793;14589561;4958;2942;3125
7794;14592686;1823617;8;3750
7795;14596436;28447;513;3125
7796;14599561;4859;3004;3125
7797;14602686;11689;1249;3125
7798;14605811;49669;294;3125
7799;14608936;2657;5498;750
7800;14609686;37549;389;3125
7801;14612811;80273;182;3125
7802;14615936;157127;93;3125
7803;14619061;5132;2848;3125
7804;14622186;4236;3451;3750
7805;14625936;2088973;7;3125
7806;14629061;3606;4056;3125
7807;14632186;860533;17;3125
7808;14635311;7613;1922;3125
7809;14638436;665213;22;3750
7810;14642186;4879687;3;3125
7811;14645311;4834;3029;3125
7812;14648436;20369;719;3125
7813;14651561;3126;4686;3125
7814;14654686;4567;3208;3750
7815;14658436;21841;671;3125
7816;14661561;281893;52;3125
7817;14664686;4887187;3;3125
7818;14667811;124277;118;3125
7819;14670936;2444531;6;3750
7820;14674686;9697;1513;3125
7821;14677811;188137;78;3125
7822;14680936;14677811;1;3125
7823;14684061;1835117;8;3125
7824;14687186;1054;13934;750
7825;14687936;29311;501;3125
7826;14691061;229499;64;3125
7827;14694186;190793;77;3125
7828;14697311;3193;4602;3125
7829;14700436;15089;974;3750
7830;14704186;24461;601;3125
7831;14707311;10399;1414;3125
7832;14710436;258023;57;3125
7833;14713561;6019;2444;3125
7834;14716686;12511;1176;3750
7835;14720436;6059;2429;3125
7836;14723561;3231;4556;3125
7837;14726686;3277;4493;3125
7838;14729811;10687;1378;3125
7839;14732936;7364593;2;3750
7840;14736686;10253;1437;3125
7841;14739811;4846;3041;3125
7842;14742936;313613;47;3125
7843;14746061;3316;4446;3125
7844;14749186;9883;1492;3750
7845;14752936;14749811;1;3125
7846;14756061;3256;4531;3125
7847;14759186;4918687;3;3125
7848;14762311;567661;26;3125
7849;14765436;2460781;6;750
7850;14766186;343327;43;3125
7851;14769311;2461031;6;3125
7852;14772436;868783;17;3125
7853;14775561;3836;3851;3125
7854;14778686;4169;3544;3750
7855;14782436;120157;123;3125
7856;14785561;12613;1172;3125
7857;14788686;26737;553;3125
7858;14791811;224071;66;3125
7859;14794936;7395593;2;3750
7860;14798686;1345051;11;3125
7861;14801811;151007;98;3125
7862;14804936;214519;69;3125
7863;14808061;45137;328;3125
7864;14811186;4908;3017;3750
7865;14814936;6551;2261;3125
7866;14818061;205763;72;3125
7867;14821186;5827;2543;3125
7868;14824311;8627;1718;3125
7869;14827436;390097;38;3750
7870;14831186;4942687;3;3125
7871;14834311;7415593;2;3125
7872;14837436;251429;59;3125
7873;14840561;3669;4044;3125
7874;14843686;206;72056;150
7875;14843836;4877;3043;3125
7876;14846961;530137;28;3125
7877;14850086;6353;2337;3125
7878;14853211;7425043;2;3125
7879;14856336;4802;3093;3750
7880;14860086;3143;4727;3125
7881;14863211;2476681;6;3125
7882;14866336;19031;781;3125
7883;14869461;4808;3092;3125
7884;14872586;3717209;4;3750
7885;14876336;53309;279;3125
7886;14879461;6689;2224;3125
7887;14882586;14879461;1;3125
7888;14885711;6871;2166;3125
7889;14888836;4597;3238;3750
7890;14892586;62299;239;3125
7891;14895711;240203;62;3125
7892;14898836;551693;27;3125
7893;14901961;3724709;4;3125
7894;14905086;4824;3089;3750
7895;14908836;14905711;1;3125
7896;14911961;1242403;12;3125
7897;14915086;6089;2449;3125
7898;14918211;19073;782;3125
7899;14921336;392647;38;750
7900;14922086;4972987;3;3125
7901;14925211;7461043;2;3125
7902;14928336;23957;623;3125
7903;14931461;103669;144;3125
7904;14934586;51133;292;3750
7905;14938336;20947;713;3125
7906;14941461;5444;2744;3125
7907;14944586;8287;1803;3125
7908;14947711;7472293;2;3125
7909;14950836;32353;462;3750
7910;14954586;9961;1501;3125
7911;14957711;3286;4551;3125
7912;14960836;29737;503;3125
7913;14963961;4789;3124;3125
7914;14967086;98443;152;3750
7915;14970836;151189;99;3125
7916;14973961;3742709;4;3125
7917;14977086;483031;31;3125
7918;14980211;9211;1626;3125
7919;14983336;5479;2734;3750
7920;14987086;7451;2011;3125
7921;14990211;9899;1514;3125
7922;14993336;6333;2367;3125
7923;14996461;60457;248;3125
7924;14999586;1308;11467;750
7925;15000336;11563;1297;3125
7926;15003461;5342;2808;3125
7927;15006586;7513;1997;3125
7928;15009711;1071899;14;3125
7929;15012836;7504543;2;3750
7930;15016586;8111;1851;3125
7931;15019711;7813;1922;3125
7932;15022836;11987;1253;3125
7933;15025961;6841;2196;3125
7934;15029086;4183;3592;3750
7935;15032836;15029711;1;3125
7936;15035961;41299;364;3125
7937;15039086;3317;4533;3125
7938;15042211;59209;254;3125
7939;15045336;4062;3703;3750
7940;15049086;22159;679;3125
7941;15052211;6653;2262;3125
7942;15055336;28891;521;3125
7943;15058461;3571;4216;3125
7944;15061586;3764459;4;3750
7945;15065336;40819;369;3125
7946;15068461;3718;4052;3125
7947;15071586;15068461;1;3125
7948;15074711;58417;258;3125
7949;15077836;7538543;2;750
7950;15078586;6529;2309;3125
7951;15081711;243203;62;3125
7952;15084836;6641;2271;3125
7953;15087961;3614;4174;3125
7954;15091086;57149;264;3750
7955;15094836;25111;601;3125
7956;15097961;46589;324;3125
7957;15101086;13163;1147;3125
7958;15104211;3458;4367;3125
7959;15107336;7551793;2;3750
7960;15111086;457817;33;3125
7961;15114211;29399;514;3125
7962;15117336;3493;4327;3125
7963;15120461;3126;4836;3125
7964;15123586;16223;932;3750
7965;15127336;146837;103;3125
7966;15130461;270131;56;3125
7967;15133586;16217;933;3125
7968;15136711;25307;598;3125
7969;15139836;4046;3741;3750
7970;15143586;308989;49;3125
7971;15146711;2523931;6;3125
7972;15149836;16811;901;3125
7973;15152961;3796;3991;3125
7974;15156086;270631;56;750
7975;15156836;219619;69;3125
7976;15159961;3814;3974;3125
7977;15163086;9227;1643;3125
7978;15166211;3594;4219;3125
7979;15169336;21481;706;3750
7980;15173086;8971;1691;3125
7981;15176211;7586543;2;3125
7982;15179336;5058737;3;3125
7983;15182461;5048;3007;3125
7984;15185586;66587;228;3750
7985;15189336;17597;863;3125
7986;15192461;70321;216;3125
7987;15195586;39667;383;3125
7988;15198711;5831;2606;3125
7989;15201836;7599043;2;3750
7990;15205586;4973;3057;3125
7991;15208711;3307;4598;3125
7992;15211836;2172673;7;3125
7993;15214961;422551;36;3125
7994;15218086;4616;3296;3750
7995;15221836;102139;149;3125
7996;15224961;543637;28;3125
7997;15228086;5074987;3;3125
7998;15231211;39451;386;3125
7999;15234336;213;71522;150
8000;15234486;15231361;1;3125
8001;15237611;3642;4183;3125
8002;15240736;10487;1453;3125
8003;15243861;3581;4256;3125
8004;15246986;3810809;4;3750
8005;15250736;6267;2433;3125
8006;15253861;953171;16;3125
8007;15256986;29851;511;3125
8008;15260111;3606;4231;3125
8009;15263236;4213;3622;3750
8010;15266986;324763;47;3125
8011;15270111;5474;2789;3125
8012;15273236;5571;2741;3125
8013;15276361;4889;3124;3125
8014;15279486;10103;1512;3750
8015;15283236;28349;539;3125
8016;15286361;19009;804;3125
8017;15289486;15286361;1;3125
8018;15292611;51307;298;3125
8019;15295736;7669;1994;3750
8020;15299486;164477;93;3125
8021;15302611;3139;4874;3125
8022;15305736;12827;1193;3125
8023;15308861;21991;696;3125
8024;15311986;3827809;4;750
8025;15312736;7823;1957;3125
8026;15315861;478523;32;3125
8027;15318986;3561;4301;3125
8028;15322111;7659493;2;3125
8029;15325236;134399;114;3750
8030;15328986;20627;743;3125
8031;15332111;2554831;6;3125
8032;15335236;25511;601;3125
8033;15338361;78241;196;3125
8034;15341486;23099;664;3750
8035;15345236;1704679;9;3125
8036;15348361;201911;76;3125
8037;15351486;2192623;7;3125
8038;15354611;2558581;6;3125
8039;15357736;58603;262;3750
8040;15361486;3281;4681;3125
8041;15364611;3346;4591;3125
8042;15367736;1707179;9;3125
8043;15370861;3448;4457;3125
8044;15373986;4374;3514;3750
8045;15377736;10003;1537;3125
8046;15380861;3758;4092;3125
8047;15383986;3359;4579;3125
8048;15387111;97367;158;3125
8049;15390236;1099249;14;750
8050;15390986;96779;159;3125
8051;15394111;5861;2626;3125
8052;15397236;110749;139;3125
8053;15400361;142567;108;3125
8054;15403486;4532;3398;3750
8055;15407236;15404111;1;3125
8056;15410361;6409;2404;3125
8057;15413486;16517;933;3125
8058;15416611;7051;2186;3125
8059;15419736;2569331;6;3750
8060;15423486;3751;4111;3125
8061;15426611;5006;3081;3125
8062;15429736;112603;137;3125
8063;15432861;275531;56;3125
8064;15435986;94099;164;3750
8065;15439736;74573;207;3125
8066;15442861;3224;4789;3125
8067;15445986;2206123;7;3125
8068;15449111;54773;282;3125
8069;15452236;49199;314;3750
8070;15455986;15452861;1;3125
8071;15459111;3647;4238;3125
8072;15462236;6231;2481;3125
8073;15465361;46573;332;3125
8074;15468486;644489;24;750
8075;15469236;9721;1591;3125
8076;15472361;429701;36;3125
8077;15475486;15472361;1;3125
8078;15478611;5603;2762;3125
8079;15481736;56489;274;3750
8080;15485486;8587;1803;3125
8081;15488611;5221;2966;3125
8082;15491736;377771;41;3125
8083;15494861;3159;4904;3125
8084;15497986;133571;116;3750
8085;15501736;911683;17;3125
8086;15504861;62507;248;3125
8087;15507986;5168287;3;3125
8088;15511111;596461;26;3125
8089;15514236;2585081;6;3750
8090;15517986;15514861;1;3125
8091;15521111;3693;4202;3125
8092;15524236;16151;961;3125
8093;15527361;42649;364;3125
8094;15530486;970421;16;3750
8095;15534236;3789;4099;3125
8096;15537361;3883559;4;3125
8097;15540486;317089;49;3125
8098;15543611;6427;2418;3125
8099;15546736;87337;178;750
8100;15547486;71633;217;3125
8101;15550611;457279;34;3125
8102;15553736;5183537;3;3125
8103;15556861;176747;88;3125
8104;15559986;4269;3644;3750
8105;15563736;9647;1613;3125
8106;15566861;3303;4712;3125
8107;15569986;118831;131;3125
8108;15573111;7784993;2;3125
8109;15576236;4699;3314;3750
8110;15579986;5192287;3;3125
8111;15583111;5459;2854;3125
8112;15586236;21979;709;3125
8113;15589361;3126;4986;3125
8114;15592486;121787;128;3750
8115;15596236;14137;1103;3125
8116;15599361;5002;3118;3125
8117;15602486;9437;1653;3125
8118;15605611;251653;62;3125
8119;15608736;6359;2454;3750
8120;15612486;78439;199;3125
8121;15615611;2602081;6;3125
8122;15618736;5599;2789;3125
8123;15621861;3769;4144;3125
8124;15624986;1861;8396;30
8125;15625016;3181;4911;3125
8126;15628141;5128;3047;3125
8127;15631266;15628141;1;3125
8128;15634391;372173;42;3125
8129;15637516;7816883;2;3750
8130;15641266;25763;607;3125
8131;15644391;13891;1126;3125
8132;15647516;39209;399;3125
8133;15650641;3911879;4;3125
8134;15653766;163021;96;3750
8135;15657516;15654391;1;3125
8136;15660641;3129;5004;3125
8137;15663766;15660641;1;3125
8138;15666891;5326;2941;3125
8139;15670016;4423;3542;3750
8140;15673766;3297;4753;3125
8141;15676891;7836883;2;3125
8142;15680016;146513;107;3125
8143;15683141;3126;5016;3125
8144;15686266;3920629;4;3750
8145;15690016;1426081;11;3125
8146;15693141;490313;32;3125
8147;15696266;12137;1293;3125
8148;15699391;7848133;2;3125
8149;15702516;42901;366;750
8150;15703266;5843;2687;3125
8151;15706391;2617211;6;3125
8152;15709516;296347;53;3125
8153;15712641;14933;1052;3125
8154;15715766;13831;1136;3750
8155;15719516;78191;201;3125
8156;15722641;3929879;4;3125
8157;15725766;13877;1133;3125
8158;15728891;3606;4361;3125
8159;15732016;271177;58;3750
8160;15735766;15732641;1;3125
8161;15738891;11903;1322;3125
8162;15742016;749471;21;3125
8163;15745141;3568;4412;3125
8164;15748266;3842;4098;3750
8165;15752016;828889;19;3125
8166;15755141;5209;3024;3125
8167;15758266;15193;1037;3125
8168;15761391;5113;3082;3125
8169;15764516;4298;3667;3750
8170;15768266;750721;21;3125
8171;15771391;7884133;2;3125
8172;15774516;96757;163;3125
8173;15777641;9323;1692;3125
8174;15780766;140893;112;750
8175;15781516;18541;851;3125
8176;15784641;91753;172;3125
8177;15787766;1753849;9;3125
8178;15790891;7893883;2;3125
8179;15794016;877237;18;3750
8180;15797766;15794641;1;3125
8181;15800891;11807;1338;3125
8182;15804016;26291;601;3125
8183;15807141;3298;4792;3125
8184;15810266;4822;3278;3750
8185;15814016;29443;537;3125
8186;15817141;123547;128;3125
8187;15820266;3617;4373;3125
8188;15823391;3962;3993;3125
8189;15826516;7911383;2;3750
8190;15830266;1438831;11;3125
8191;15833391;7915133;2;3125
8192;15836516;25999;609;3125
8193;15839641;3959129;4;3125
8194;15842766;3782;4188;3750
8195;15846516;140207;113;3125
8196;15849641;3213;4932;3125
8197;15852766;34381;461;3125
8198;15855891;7926383;2;3125
8199;15859016;7929133;2;750
8200;15859766;195761;81;3125
8201;15862891;609991;26;3125
8202;15866016;11759;1349;3125
8203;15869141;3336;4756;3125
8204;15872266;84407;188;3750
8205;15876016;369137;43;3125
8206;15879141;3302;4808;3125
8207;15882266;1764349;9;3125
8208;15885391;12161;1306;3125
8209;15888516;3774;4209;3750
8210;15892266;15889141;1;3125
8211;15895391;5226;3041;3125
8212;15898516;935023;17;3125
8213;15901641;3947;4028;3125
8214;15904766;5288;3007;3750
8215;15908516;25127;633;3125
8216;15911641;305933;52;3125
8217;15914766;25957;613;3125
8218;15917891;3507;4538;3125
8219;15921016;194113;82;3750
8220;15924766;191827;83;3125
8221;15927891;55681;286;3125
8222;15931016;3381;4711;3125
8223;15934141;3959;4024;3125
8224;15937266;828;19247;750
8225;15938016;78497;203;3125
8226;15941141;166021;96;3125
8227;15944266;146249;109;3125
8228;15947391;36073;442;3125
8229;15950516;724853;22;3750
8230;15954266;5409;2949;3125
8231;15957391;7977133;2;3125
8232;15960516;15957391;1;3125
8233;15963641;3406;4686;3125
8234;15966766;5921;2696;3750
8235;15970516;3971;4021;3125
8236;15973641;10057;1588;3125
8237;15976766;5337;2993;3125
8238;15979891;26717;598;3125
8239;15983016;46723;342;3750
8240;15986766;24181;661;3125
8241;15989891;156733;102;3125
8242;15993016;89329;179;3125
8243;15996141;5356;2986;3125
8244;15999266;24533;652;3750
8245;16003016;11519;1389;3125
8246;16006141;3316;4826;3125
8247;16009266;18127;883;3125
8248;16012391;3497;4578;3125
8249;16015516;551;29066;150
8250;16015666;7493;2137;3125
8251;16018791;11489;1394;3125
8252;16021916;3889;4119;3125
8253;16025041;129209;124;3125
8254;16028166;4702;3408;3750
8255;16031916;16028791;1;3125
8256;16035041;3994;4014;3125
8257;16038166;10769;1489;3125
8258;16041291;422057;38;3125
8259;16044416;8020333;2;3750
8260;16048166;23561;681;3125
8261;16051291;3218;4987;3125
8262;16054416;11047;1453;3125
8263;16057541;5309;3024;3125
8264;16060666;4014229;4;3750
8265;16064416;6371;2521;3125
8266;16067541;502013;32;3125
8267;16070666;109303;147;3125
8268;16073791;9059;1774;3125
8269;16076916;39983;402;3750
8270;16080666;16077541;1;3125
8271;16083791;382873;42;3125
8272;16086916;30871;521;3125
8273;16090041;11393;1412;3125
8274;16093166;62861;256;750
8275;16093916;17471;921;3125
8276;16097041;4023479;4;3125
8277;16100166;16097041;1;3125
8278;16103291;2683361;6;3125
8279;16106416;13007;1238;3750
8280;16110166;15181;1061;3125
8281;16113291;15227;1058;3125
8282;16116416;5371097;3;3125
8283;16119541;3352;4808;3125
8284;16122666;6427;2508;3750
8285;16126416;5387;2993;3125
8286;16129541;3816;4226;3125
8287;16132666;16129541;1;3125
8288;16135791;19819;814;3125
8289;16138916;90647;178;3750
8290;16142666;3851;4191;3125
8291;16145791;3439;4694;3125
8292;16148916;22027;733;3125
8293;16152041;3126;5166;3125
8294;16155166;2018927;8;3750
8295;16158916;9509;1699;3125
8296;16162041;139301;116;3125
8297;16165166;3941;4101;3125
8298;16168291;29179;554;3125
8299;16171416;807;20038;750
8300;16172166;2309863;7;3125
8301;16175291;3678;4397;3125
8302;16178416;9869;1639;3125
8303;16181541;9817;1648;3125
8304;16184666;4045229;4;3750
8305;16188416;5395097;3;3125
8306;16191541;15809;1024;3125
8307;16194666;17429;929;3125
8308;16197791;2699111;6;3125
8309;16200916;53633;302;3750
8310;16204666;16201541;1;3125
8311;16207791;41981;386;3125
8312;16210916;5402597;3;3125
8313;16214041;37181;436;3125
8314;16217166;675559;24;3750
8315;16220916;16217791;1;3125
8316;16224041;450581;36;3125
8317;16227166;16224041;1;3125
8318;16230291;38453;422;3125
8319;16233416;8114833;2;3750
8320;16237166;5411347;3;3125
8321;16240291;738053;22;3125
8322;16243416;16240291;1;3125
8323;16246541;3581;4536;3125
8324;16249666;842;19298;750
8325;16250416;3307;4913;3125
8326;16253541;11161;1456;3125
8327;16256666;5697;2853;3125
8328;16259791;9949;1634;3125
8329;16262916;11731;1386;3750
8330;16266666;331909;49;3125
8331;16269791;3606;4511;3125
8332;16272916;16269791;1;3125
8333;16276041;5209;3124;3125
8334;16279166;2034427;8;3750
8335;16282916;5543;2937;3125
8336;16286041;313133;52;3125
8337;16289166;16286041;1;3125
8338;16292291;3687;4418;3125
8339;16295416;8145833;2;3750
8340;16299166;206279;79;3125
8341;16302291;16943;962;3125
8342;16305416;5434097;3;3125
8343;16308541;2038177;8;3125
8344;16311666;1358993;12;3750
8345;16315416;16312291;1;3125
8346;16318541;17431;936;3125
8347;16321666;6551;2491;3125
8348;16324791;480049;34;3125
8349;16327916;8163583;2;750
8350;16328666;95471;171;3125
8351;16331791;354971;46;3125
8352;16334916;44021;371;3125
8353;16338041;104711;156;3125
8354;16341166;5657;2888;3750
8355;16344916;27191;601;3125
8356;16348041;3754;4354;3125
8357;16351166;14081;1161;3125
8358;16354291;7577;2158;3125
8359;16357416;4494;3639;3750
8360;16361166;2336863;7;3125
8361;16364291;143519;114;3125
8362;16367416;16364291;1;3125
8363;16370541;3736;4381;3125
8364;16373666;4092479;4;3750
8365;16377416;89477;183;3125
8366;16380541;186107;88;3125
8367;16383666;16380541;1;3125
8368;16386791;7243;2262;3125
8369;16389916;11491;1426;3750
8370;16393666;7757;2113;3125
8371;16396791;8196833;2;3125
8372;16399916;6593;2487;3125
8373;16403041;5582;2938;3125
8374;16406166;176;93216;150
8375;16406316;334759;49;3125
8376;16409441;3782;4338;3125
8377;16412566;8317;1973;3125
8378;16415691;8611;1906;3125
8379;16418816;19043;862;3750
8380;16422566;5473147;3;3125
8381;16425691;9929;1654;3125
8382;16428816;7781;2111;3125
8383;16431941;114089;144;3125
8384;16435066;3994;4114;3750
8385;16438816;5693;2887;3125
8386;16441941;8707;1888;3125
8387;16445066;5457;3013;3125
8388;16448191;24113;682;3125
8389;16451316;2741261;6;3750
8390;16455066;1495631;11;3125
8391;16458191;40933;402;3125
8392;16461316;16458191;1;3125
8393;16464441;3467;4748;3125
8394;16467566;55621;296;3750
8395;16471316;203311;81;3125
8396;16474441;4117829;4;3125
8397;16477566;16474441;1;3125
8398;16480691;3207;5138;3125
8399;16483816;2419;6814;750
8400;16484566;16481441;1;3125
8401;16487691;5977;2758;3125
8402;16490816;6603;2497;3125
8403;16493941;3128;5272;3125
8404;16497066;4789;3444;3750
8405;16500816;2356813;7;3125
8406;16503941;3912;4218;3125
8407;16507066;16503941;1;3125
8408;16510191;13733;1202;3125
8409;16513316;23789;694;3750
8410;16517066;5504647;3;3125
8411;16520191;284777;58;3125
8412;16523316;16520191;1;3125
8413;16526441;458981;36;3125
8414;16529566;2065727;8;3750
8415;16533316;16530191;1;3125
8416;16536441;243137;68;3125
8417;16539566;290113;57;3125
8418;16542691;22171;746;3125
8419;16545816;4897;3378;3750
8420;16549566;312197;53;3125
8421;16552691;250751;66;3125
8422;16555816;31771;521;3125
8423;16558941;28349;584;3125
8424;16562066;133559;124;750
8425;16562816;104149;159;3125
8426;16565941;5312;3118;3125
8427;16569066;8491;1951;3125
8428;16572191;7099;2334;3125
8429;16575316;8261;2006;3750
8430;16579066;17071;971;3125
8431;16582191;1184219;14;3125
8432;16585316;9197;1803;3125
8433;16588441;5309;3124;3125
8434;16591566;98737;168;3750
8435;16595316;215483;77;3125
8436;16598441;460981;36;3125
8437;16601566;164341;101;3125
8438;16604691;8300783;2;3125
8439;16607816;6091;2726;3750
8440;16611566;6077;2733;3125
8441;16614691;7613;2182;3125
8442;16617816;200177;83;3125
8443;16620941;3126;5316;3125
8444;16624066;4155079;4;3750
8445;16627816;977923;17;3125
8446;16630941;3368;4937;3125
8447;16634066;6499;2559;3125
8448;16637191;23561;706;3125
8449;16640316;1258;13227;750
8450;16641066;3863;4307;3125
8451;16644191;3351;4966;3125
8452;16647316;4033;4127;3125
8453;16650441;3374;4934;3125
8454;16653566;3847;4328;3750
8455;16657316;32089;519;3125
8456;16660441;6929;2404;3125
8457;16663566;14783;1127;3125
8458;16666691;2777261;6;3125
8459;16669816;8333033;2;3750
8460;16673566;99823;167;3125
8461;16676691;3757;4438;3125
8462;16679816;22147;753;3125
8463;16682941;2084977;8;3125
8464;16686066;198599;84;3750
8465;16689816;2383813;7;3125
8466;16692941;3242;5148;3125
8467;16696066;16692941;1;3125
8468;16699191;6527;2558;3125
8469;16702316;10609;1574;3750
8470;16706066;5567647;3;3125
8471;16709191;3523;4742;3125
8472;16712316;576179;29;3125
8473;16715441;3924;4259;3125
8474;16718566;2089727;8;750
8475;16719316;16716191;1;3125
8476;16722441;3401;4916;3125
8477;16725566;109297;153;3125
8478;16728691;58481;286;3125
8479;16731816;309779;54;3750
8480;16735566;6611;2531;3125
8481;16738691;10369;1614;3125
8482;16741816;9887;1693;3125
8483;16744941;3172;5278;3125
8484;16748066;4186079;4;3750
8485;16751816;6337;2643;3125
8486;16754941;39509;424;3125
8487;16758066;3353;4997;3125
8488;16761191;3561;4706;3125
8489;16764316;8380283;2;3750
8490;16768066;6103;2747;3125
8491;16771191;15161;1106;3125
8492;16774316;3903;4297;3125
8493;16777441;322583;52;3125
8494;16780566;4076;4116;3750
8495;16784316;104231;161;3125
8496;16787441;3438;4882;3125
8497;16790566;7669;2189;3125
8498;16793691;10127;1658;3125
8499;16796816;1559;10774;150
8500;16796966;3197;5253;3125
8501;16800091;8398483;2;3125
8502;16803216;3479;4829;3125
8503;16806341;116689;144;3125
8504;16809466;4201429;4;3750
8505;16813216;542261;31;3125
8506;16816341;3194;5264;3125
8507;16819466;5605447;3;3125
8508;16822591;42689;394;3125
8509;16825716;400523;42;3750
8510;16829466;28961;581;3125
8511;16832591;90481;186;3125
8512;16835716;410551;41;3125
8513;16838841;3191;5276;3125
8514;16841966;16067;1048;3750
8515;16845716;4089;4119;3125
8516;16848841;11731;1436;3125
8517;16851966;13051;1291;3125
8518;16855091;2808661;6;3125
8519;16858216;8427233;2;3750
8520;16861966;7417;2273;3125
8521;16865091;766453;22;3125
8522;16868216;3529;4779;3125
8523;16871341;4001;4216;3125
8524;16874466;1234;13674;750
8525;16875216;11377;1483;3125
8526;16878341;3132;5388;3125
8527;16881466;16878341;1;3125
8528;16884591;1205819;14;3125
8529;16887716;7451;2266;3750
8530;16891466;6051;2791;3125
8531;16894591;3503;4822;3125
8532;16897716;7847;2153;3125
8533;16900841;3606;4686;3125
8534;16903966;4876;3466;3750
8535;16907716;1536781;11;3125
8536;16910841;603847;28;3125
8537;16913966;181837;93;3125
8538;16917091;77587;218;3125
8539;16920216;4942;3423;3750
8540;16923966;6041;2801;3125
8541;16927091;9967;1698;3125
8542;16930216;16927091;1;3125
8543;16933341;3593;4712;3125
8544;16936466;4233179;4;3750
8545;16940216;1881899;9;3125
8546;16943341;51647;328;3125
8547;16946466;32029;529;3125
8548;16949591;2824411;6;3125
8549;16952716;368521;46;750
8550;16953466;16950341;1;3125
8551;16956591;5638;3007;3125
8552;16959716;28403;597;3125
8553;16962841;6493;2612;3125
8554;16965966;24371;696;3750
8555;16969716;15299;1109;3125
8556;16972841;157127;108;3125
8557;16975966;18631;911;3125
8558;16979091;1212569;14;3125
8559;16982216;11807;1438;3750
8560;16985966;9811;1731;3125
8561;16989091;3734;4549;3125
8562;16992216;3437;4943;3125
8563;16995341;3972;4278;3125
8564;16998466;15013;1132;3750
8565;17002216;894689;19;3125
8566;17005341;3943;4312;3125
8567;17008466;5668447;3;3125
8568;17011591;500249;34;3125
8569;17014716;21317;798;3750
8570;17018466;2430763;7;3125
8571;17021591;6581;2586;3125
8572;17024716;19277;883;3125
8573;17027841;6439;2644;3125
8574;17030966;808;21077;750
8575;17031716;13109;1299;3125
8576;17034841;3302;5158;3125
8577;17037966;549511;31;3125
8578;17041091;3853;4422;3125
8579;17044216;54269;314;3750
8580;17047966;1549531;11;3125
8581;17051091;7813;2182;3125
8582;17054216;5633;3027;3125
8583;17057341;68767;248;3125
8584;17060466;7853;2172;3750
8585;17064216;17061091;1;3125
8586;17067341;3186;5356;3125
8587;17070466;588529;29;3125
8588;17073591;16703;1022;3125
8589;17076716;56533;302;3750
8590;17080466;3823;4467;3125
8591;17083591;3874;4409;3125
8592;17086716;2440513;7;3125
8593;17089841;3126;5466;3125
8594;17092966;3842;4448;3750
8595;17096716;53923;317;3125
8596;17099841;3613;4732;3125
8597;17102966;3179;5379;3125
8598;17106091;8551483;2;3125
8599;17109216;1559;10974;750
8600;17109966;28559;599;3125
8601;17113091;2851661;6;3125
8602;17116216;900689;19;3125
8603;17119341;3224;5309;3125
8604;17122466;3959;4324;3750
8605;17126216;9497;1803;3125
8606;17129341;3448;4967;3125
8607;17132466;39019;439;3125
8608;17135591;219647;78;3125
8609;17138716;208963;82;3750
8610;17142466;17139341;1;3125
8611;17145591;18121;946;3125
8612;17148716;52433;327;3125
8613;17151841;4084;4199;3125
8614;17154966;3792;4523;3750
8615;17158716;86209;199;3125
8616;17161841;3429;5004;3125
8617;17164966;746167;23;3125
8618;17168091;3367;5098;3125
8619;17171216;145487;118;3750
8620;17174966;107999;159;3125
8621;17178091;9011;1906;3125
8622;17181216;2454013;7;3125
8623;17184341;3177;5408;3125
8624;17187466;4296829;4;150
8625;17187616;3299;5209;3125
8626;17190741;12491;1376;3125
8627;17193866;5730247;3;3125
8628;17196991;31723;542;3125
8629;17200116;260551;66;3750
8630;17203866;13021;1321;3125
8631;17206991;3873;4442;3125
8632;17210116;160813;107;3125
8633;17213241;3148;5467;3125
8634;17216366;4969;3464;3750
8635;17220116;173909;99;3125
8636;17223241;3469;4964;3125
8637;17226366;66499;259;3125
8638;17229491;2871061;6;3125
8639;17232616;54869;314;3750
8640;17236366;19561;881;3125
8641;17239491;3202;5383;3125
8642;17242616;1915499;9;3125
8643;17245741;2155327;8;3125
8644;17248866;22811;756;3750
8645;17252616;2464213;7;3125
8646;17255741;23189;744;3125
8647;17258866;282881;61;3125
8648;17261991;8629433;2;3125
8649;17265116;791;21826;750
8650;17265866;5754247;3;3125
8651;17268991;8632933;2;3125
8652;17272116;1015823;17;3125
8653;17275241;53309;324;3125
8654;17278366;2159327;8;3750
8655;17282116;16727;1033;3125
8656;17285241;4320529;4;3125
8657;17288366;57047;303;3125
8658;17291491;11419;1514;3125
8659;17294616;4111;4206;3750
8660;17298366;3937;4393;3125
8661;17301491;2883061;6;3125
8662;17304616;283631;61;3125
8663;17307741;309011;56;3125
8664;17310866;8273;2092;3750
8665;17314616;113147;153;3125
8666;17317741;3751;4616;3125
8667;17320866;2473963;7;3125
8668;17323991;6667;2598;3125
8669;17327116;8661683;2;3750
8670;17330866;258623;67;3125
8671;17333991;1237919;14;3125
8672;17337116;62129;279;3125
8673;17340241;4334279;4;3125
8674;17343366;1002;17308;750
8675;17344116;6191;2801;3125
8676;17347241;20947;828;3125
8677;17350366;6649;2609;3125
8678;17353491;13367;1298;3125
8679;17356616;129499;134;3750
8680;17360366;3971;4371;3125
8681;17363491;3727;4658;3125
8682;17366616;28891;601;3125
8683;17369741;3816;4551;3125
8684;17372866;8531;2036;3750
8685;17376616;17373491;1;3125
8686;17379741;70067;248;3125
8687;17382866;14447;1203;3125
8688;17385991;8691433;2;3125
8689;17389116;47501;366;3750
8690;17392866;469993;37;3125
8691;17395991;3306;5261;3125
8692;17399116;561161;31;3125
8693;17402241;88771;196;3125
8694;17405366;47287;368;3750
8695;17409116;24481;711;3125
8696;17412241;4352279;4;3125
8697;17415366;226133;77;3125
8698;17418491;3379;5154;3125
8699;17421616;119321;146;750
8700;17422366;80273;217;3125
8701;17425491;3809;4574;3125
8702;17428616;200293;87;3125
8703;17431741;5666;3076;3125
8704;17434866;23813;732;3750
8705;17438616;17435491;1;3125
8706;17441741;3224;5409;3125
8707;17444866;9631;1811;3125
8708;17447991;3251;5366;3125
8709;17451116;66593;262;3750
8710;17454866;342191;51;3125
8711;17457991;61031;286;3125
8712;17461116;7223;2417;3125
8713;17464241;3852;4533;3125
8714;17467366;5648;3092;3750
8715;17471116;125669;139;3125
8716;17474241;3754;4654;3125
8717;17477366;142067;123;3125
8718;17480491;281893;62;3125
8719;17483616;100459;174;3750
8720;17487366;6269;2789;3125
8721;17490491;224197;78;3125
8722;17493616;30739;569;3125
8723;17496741;6791;2576;3125
8724;17499866;788;22207;750
8725;17500616;530227;33;3125
8726;17503741;3689;4744;3125
8727;17506866;17503741;1;3125
8728;17509991;11813;1482;3125
8729;17513116;5222;3353;3750
8730;17516866;4163;4207;3125
8731;17519991;8758433;2;3125
8732;17523116;3193;5487;3125
8733;17526241;336983;52;3125
8734;17529366;3984;4399;3750
8735;17533116;17529991;1;3125
8736;17536241;13163;1332;3125
8737;17539366;17536241;1;3125
8738;17542491;6019;2914;3125
8739;17545616;23899;734;3750
8740;17549366;5848747;3;3125
8741;17552491;8774683;2;3125
8742;17555616;17929;979;3125
8743;17558741;3126;5616;3125
8744;17561866;25373;692;3750
8745;17565616;111863;157;3125
8746;17568741;1097851;16;3125
8747;17571866;124601;141;3125
8748;17574991;675841;26;3125
8749;17578116;53;331662;30
8750;17578146;31553;557;3125
8751;17581271;30203;582;3125
8752;17584396;17581271;1;3125
8753;17587521;4396099;4;3125
8754;17590646;1099181;16;3750
8755;17594396;58057;303;3125
8756;17597521;102293;172;3125
8757;17600646;9029;1949;3125
8758;17603771;3714;4739;3125
8759;17606896;800143;22;3750
8760;17610646;17607521;1;3125
8761;17613771;8805323;2;3125
8762;17616896;838751;21;3125
8763;17620021;3128;5632;3125
8764;17623146;3756;4691;3750
8765;17626896;13241;1331;3125
8766;17630021;3132;5628;3125
8767;17633146;17630021;1;3125
8768;17636271;8816573;2;3125
8769;17639396;1259689;14;3750
8770;17643146;11831;1491;3125
8771;17646271;8821573;2;3125
8772;17649396;17646271;1;3125
8773;17652521;3126;5646;3125
8774;17655646;784;22519;750
8775;17656396;17653271;1;3125
8776;17659521;3572;4943;3125
8777;17662646;6151;2871;3125
8778;17665771;18437;958;3125
8779;17668896;981397;18;3750
8780;17672646;50629;349;3125
8781;17675771;2945441;6;3125
8782;17678896;45439;389;3125
8783;17682021;29863;592;3125
8784;17685146;5036;3511;3750
8785;17688896;6063;2917;3125
8786;17692021;276389;64;3125
8787;17695146;15371;1151;3125
8788;17698271;421313;42;3125
8789;17701396;5321;3326;3750
8790;17705146;478433;37;3125
8791;17708271;8423;2102;3125
8792;17711396;49603;357;3125
8793;17714521;4427849;4;3125
8794;17717646;4926;3596;3750
8795;17721396;9593;1847;3125
8796;17724521;4158;4262;3125
8797;17727646;42101;421;3125
8798;17730771;466517;38;3125
8799;17733896;8866573;2;750
8800;17734646;12391;1431;3125
8801;17737771;8867323;2;3125
8802;17740896;3491;5081;3125
8803;17744021;4084;4344;3125
8804;17747146;3916;4531;3750
8805;17750896;29629;599;3125
8806;17754021;1109431;16;3125
8807;17757146;1972669;9;3125
8808;17760271;6611;2686;3125
8809;17763396;9221;1926;3750
8810;17767146;1614911;11;3125
8811;17770271;35677;498;3125
8812;17773396;18301;971;3125
8813;17776521;7493;2372;3125
8814;17779646;7099;2504;3750
8815;17783396;43261;411;3125
8816;17786521;4445849;4;3125
8817;17789646;3319;5359;3125
8818;17792771;60509;294;3125
8819;17795896;8896073;2;3750
8820;17799646;936659;19;3125
8821;17802771;523519;34;3125
8822;17805896;12653;1407;3125
8823;17809021;22037;808;3125
8824;17812146;494761;36;750
8825;17812896;2544253;7;3125
8826;17816021;185551;96;3125
8827;17819146;51343;347;3125
8828;17822271;8909573;2;3125
8829;17825396;22907;778;3750
8830;17829146;16103;1107;3125
8831;17832271;8914573;2;3125
8832;17835396;29671;601;3125
8833;17838521;64621;276;3125
8834;17841646;4216;4231;3750
8835;17845396;37249;479;3125
8836;17848521;120577;148;3125
8837;17851646;116657;153;3125
8838;17854771;7507;2378;3125
8839;17857896;5634;3169;3750
8840;17861646;17858521;1;3125
8841;17864771;270631;66;3125
8842;17867896;17864771;1;3125
8843;17871021;47521;376;3125
8844;17874146;32141;556;3750
8845;17877896;5958257;3;3125
8846;17881021;3868;4622;3125
8847;17884146;17881021;1;3125
8848;17887271;425813;42;3125
8849;17890396;1049;17054;750
8850;17891146;200989;89;3125
8851;17894271;3493;5122;3125
8852;17897396;7373;2427;3125
8853;17900521;3707;4828;3125
8854;17903646;3928;4557;3750
8855;17907396;232523;77;3125
8856;17910521;3606;4966;3125
8857;17913646;942659;19;3125
8858;17916771;8956823;2;3125
8859;17919896;8958073;2;3750
8860;17923646;7047;2543;3125
8861;17926771;13007;1378;3125
8862;17929896;84961;211;3125
8863;17933021;4162;4308;3125
8864;17936146;14323;1252;3750
8865;17939896;267713;67;3125
8866;17943021;3614;4964;3125
8867;17946146;33791;531;3125
8868;17949271;6593;2722;3125
8869;17952396;997147;18;3750
8870;17956146;34327;523;3125
8871;17959271;10009;1794;3125
8872;17962396;39821;451;3125
8873;17965521;4490599;4;3125
8874;17968646;164;109564;150
8875;17968796;5988557;3;3125
8876;17971921;11489;1564;3125
8877;17975046;1633811;11;3125
8878;17978171;17317;1038;3125
8879;17981296;8988773;2;3750
8880;17985046;8641;2081;3125
8881;17988171;310087;58;3125
8882;17991296;8779;2049;3125
8883;17994421;140557;128;3125
8884;17997546;8377;2148;3750
8885;18001296;42751;421;3125
8886;18004421;5904;3049;3125
8887;18007546;91393;197;3125
8888;18010671;9003773;2;3125
8889;18013796;9509;1894;3750
8890;18017546;9281;1941;3125
8891;18020671;9008773;2;3125
8892;18023796;19609;919;3125
8893;18026921;3402;5298;3125
8894;18030046;7199;2504;3750
8895;18033796;9047;1993;3125
8896;18036921;6719;2684;3125
8897;18040046;6763;2667;3125
8898;18043171;9020023;2;3125
8899;18046296;56747;318;750
8900;18047046;35311;511;3125
8901;18050171;81293;222;3125
8902;18053296;950009;19;3125
8903;18056421;3704;4874;3125
8904;18059546;410359;44;3750
8905;18063296;354121;51;3125
8906;18066421;282239;64;3125
8907;18069546;11159;1619;3125
8908;18072671;6367;2838;3125
8909;18075796;5879;3074;3750
8910;18079546;1643311;11;3125
8911;18082671;148193;122;3125
8912;18085796;8291;2181;3125
8913;18088921;237971;76;3125
8914;18092046;753679;24;3750
8915;18095796;27707;653;3125
8916;18098921;3681;4916;3125
8917;18102046;14173;1277;3125
8918;18105171;84589;214;3125
8919;18108296;28921;626;3750
8920;18112046;147227;123;3125
8921;18115171;9056023;2;3125
8922;18118296;18115171;1;3125
8923;18121421;3126;5796;3125
8924;18124546;238471;76;750
8925;18125296;65423;277;3125
8926;18128421;3416;5306;3125
8927;18131546;6381;2841;3125
8928;18134671;6163;2942;3125
8929;18137796;5418;3347;3750
8930;18141546;6979;2599;3125
8931;18144671;5854;3099;3125
8932;18147796;111317;163;3125
8933;18150921;7549;2404;3125
8934;18154046;5444;3334;3750
8935;18157796;318503;57;3125
8936;18160921;15493;1172;3125
8937;18164046;6493;2797;3125
8938;18167171;11171;1626;3125
8939;18170296;478067;38;3750
8940;18174046;79349;229;3125
8941;18177171;826093;22;3125
8942;18180296;208933;87;3125
8943;18183421;2272537;8;3125
8944;18186546;3756;4841;3750
8945;18190296;180071;101;3125
8946;18193421;13297;1368;3125
8947;18196546;18193421;1;3125
8948;18199671;3326;5471;3125
8949;18202796;9101023;2;750
8950;18203546;7191;2531;3125
8951;18206671;4178;4357;3125
8952;18209796;6791;2681;3125
8953;18212921;3828;4757;3125
8954;18216046;2276537;8;3750
8955;18219796;150551;121;3125
8956;18222921;5866;3106;3125
8957;18226046;3369;5409;3125
8958;18229171;32899;554;3125
8959;18232296;144671;126;3750
8960;18236046;2604703;7;3125
8961;18239171;3039341;6;3125
8962;18242296;18239171;1;3125
8963;18245421;2280287;8;3125
8964;18248546;198313;92;3750
8965;18252296;14873;1227;3125
8966;18255421;4171;4376;3125
8967;18258546;18255421;1;3125
8968;18261671;3831;4766;3125
8969;18264796;9703;1882;3750
8970;18268546;18265421;1;3125
8971;18271671;20807;878;3125
8972;18274796;553687;33;3125
8973;18277921;268747;68;3125
8974;18281046;84631;216;750
8975;18281796;630299;29;3125
8976;18284921;117191;156;3125
8977;18288046;18284921;1;3125
8978;18291171;1306289;14;3125
8979;18294296;24919;734;3750
8980;18298046;2032769;9;3125
8981;18301171;7813;2342;3125
8982;18304296;2614453;7;3125
8983;18307421;3288;5567;3125
8984;18310546;36037;508;3750
8985;18314296;18311171;1;3125
8986;18317421;4004;4574;3125
8987;18320546;226141;81;3125
8988;18323671;9160273;2;3125
8989;18326796;3906;4691;3750
8990;18330546;374029;49;3125
8991;18333671;235007;78;3125
8992;18336796;36019;509;3125
8993;18339921;199313;92;3125
8994;18343046;5008;3662;3750
8995;18346796;6837;2683;3125
8996;18349921;3628;5057;3125
8997;18353046;40153;457;3125
8998;18356171;34369;534;3125
8999;18359296;169;108634;150
9000;18359446;18356321;1;3125
9001;18362571;3242;5663;3125
9002;18365696;4201;4371;3125
9003;18368821;71741;256;3125
9004;18371946;4053;4532;3750
9005;18375696;2624653;7;3125
9006;18378821;127609;144;3125
9007;18381946;18378821;1;3125
9008;18385071;26953;682;3125
9009;18388196;4913;3742;3750
9010;18391946;12959;1419;3125
9011;18395071;195659;94;3125
9012;18398196;13697;1343;3125
9013;18401321;511061;36;3125
9014;18404446;2300087;8;3750
9015;18408196;189743;97;3125
9016;18411321;4036;4561;3125
9017;18414446;18211;1011;3125
9018;18417571;51437;358;3125
9019;18420696;30391;606;3750
9020;18424446;17041;1081;3125
9021;18427571;3342;5513;3125
9022;18430696;36929;499;3125
9023;18433821;3238;5692;3125
9024;18436946;947;19468;750
9025;18437696;77783;237;3125
9026;18440821;288089;64;3125
9027;18443946;2634403;7;3125
9028;18447071;3162;5833;3125
9029;18450196;5578;3307;3750
9030;18453946;12211;1511;3125
9031;18457071;1318139;14;3125
9032;18460196;3331;5541;3125
9033;18463321;55603;332;3125
9034;18466446;109897;168;3750
9035;18470196;10031;1841;3125
9036;18473321;22307;828;3125
9037;18476446;22501;821;3125
9038;18479571;126551;146;3125
9039;18482696;225353;82;3750
9040;18486446;6161107;3;3125
9041;18489571;49429;374;3125
9042;18492696;18489571;1;3125
9043;18495821;3636;5086;3125
9044;18498946;7877;2348;3750
9045;18502696;276113;67;3125
9046;18505821;3688;5017;3125
9047;18508946;6168607;3;3125
9048;18512071;9254473;2;3125
9049;18515196;3085741;6;750
9050;18515946;974359;19;3125
9051;18519071;7127;2598;3125
9052;18522196;805177;23;3125
9053;18525321;3388;5467;3125
9054;18528446;4066;4556;3750
9055;18532196;6711;2761;3125
9056;18535321;4034;4594;3125
9057;18538446;3451;5371;3125
9058;18541571;3606;5141;3125
9059;18544696;9270473;2;3750
9060;18548446;18545321;1;3125
9061;18551571;3914;4739;3125
9062;18554696;6183857;3;3125
9063;18557821;2319337;8;3125
9064;18560946;220919;84;3750
9065;18564696;13883;1337;3125
9066;18567821;3208;5787;3125
9067;18570946;4181;4441;3125
9068;18574071;9285473;2;3125
9069;18577196;62327;298;3750
9070;18580946;364271;51;3125
9071;18584071;9290473;2;3125
9072;18587196;88919;209;3125
9073;18590321;3126;5946;3125
9074;18593446;136711;136;750
9075;18594196;18591071;1;3125
9076;18597321;6002;3098;3125
9077;18600446;4167;4463;3125
9078;18603571;9300223;2;3125
9079;18606696;114833;162;3750
9080;18610446;18607321;1;3125
9081;18613571;3101741;6;3125
9082;18616696;30971;601;3125
9083;18619821;332441;56;3125
9084;18622946;4654799;4;3750
9085;18626696;3261;5711;3125
9086;18629821;12451;1496;3125
9087;18632946;2661403;7;3125
9088;18636071;3105491;6;3125
9089;18639196;96059;194;3750
9090;18642946;810427;23;3125
9091;18646071;32479;574;3125
9092;18649196;6215357;3;3125
9093;18652321;4662299;4;3125
9094;18655446;55511;336;3750
9095;18659196;15959;1169;3125
9096;18662321;518311;36;3125
9097;18665446;24653;757;3125
9098;18668571;9332723;2;3125
9099;18671696;25163;742;750
9100;18672446;188579;99;3125
9101;18675571;718171;26;3125
9102;18678696;7837;2383;3125
9103;18681821;3543;5272;3125
9104;18684946;19541;956;3750
9105;18688696;18685571;1;3125
9106;18691821;3887;4808;3125
9107;18694946;2076869;9;3125
9108;18698071;82721;226;3125
9109;18701196;3753;4982;3750
9110;18704946;93979;199;3125
9111;18708071;239807;78;3125
9112;18711196;32423;577;3125
9113;18714321;18061;1036;3125
9114;18717446;8011;2336;3750
9115;18721196;367021;51;3125
9116;18724321;360023;52;3125
9117;18727446;34739;539;3125
9118;18730571;3741;5006;3125
9119;18733696;112831;166;3750
9120;18737446;506333;37;3125
9121;18740571;102953;182;3125
9122;18743696;36109;519;3125
9123;18746821;7187;2608;3125
9124;18749946;156;120191;150
9125;18750096;35573;527;3125
9126;18753221;43403;432;3125
9127;18756346;24971;751;3125
9128;18759471;7861;2386;3125
9129;18762596;407801;46;3750
9130;18766346;6254407;3;3125
9131;18769471;3286;5711;3125
9132;18772596;72469;259;3125
9133;18775721;3258;5762;3125
9134;18778846;2346887;8;3750
9135;18782596;40213;467;3125
9136;18785721;3262;5758;3125
9137;18788846;201997;93;3125
9138;18791971;9394423;2;3125
9139;18795096;5926;3171;3750
9140;18798846;8197;2293;3125
9141;18801971;284831;66;3125
9142;18805096;16307;1153;3125
9143;18808221;3176;5921;3125
9144;18811346;4701899;4;3750
9145;18815096;2090219;9;3125
9146;18818221;3544;5309;3125
9147;18821346;458981;41;3125
9148;18824471;184523;102;3125
9149;18827596;128951;146;750
9150;18828346;18825221;1;3125
9151;18831471;303683;62;3125
9152;18834596;3673;5127;3125
9153;18837721;6029;3124;3125
9154;18840846;18253;1032;3750
9155;18844596;1712861;11;3125
9156;18847721;174487;108;3125
9157;18850846;607991;31;3125
9158;18853971;58543;322;3125
9159;18857096;5689;3314;3750
9160;18860846;6285907;3;3125
9161;18863971;325187;58;3125
9162;18867096;8953;2107;3125
9163;18870221;3317;5688;3125
9164;18873346;7621;2476;3750
9165;18877096;186871;101;3125
9166;18880221;337091;56;3125
9167;18883346;8753;2157;3125
9168;18886471;9441673;2;3125
9169;18889596;449663;42;3750
9170;18893346;7517;2513;3125
9171;18896471;7699;2454;3125
9172;18899596;1717861;11;3125
9173;18902721;3622;5218;3125
9174;18905846;769;24584;750
9175;18906596;6301157;3;3125
9176;18909721;3149;6004;3125
9177;18912846;609991;31;3125
9178;18915971;85193;222;3125
9179;18919096;9457673;2;3750
9180;18922846;18919721;1;3125
9181;18925971;34913;542;3125
9182;18929096;26177;723;3125
9183;18932221;3937;4808;3125
9184;18935346;12043;1572;3750
9185;18939096;10889;1739;3125
9186;18942221;3564;5314;3125
9187;18945346;6691;2831;3125
9188;18948471;1353239;14;3125
9189;18951596;326687;58;3750
9190;18955346;6317407;3;3125
9191;18958471;220411;86;3125
9192;18961596;7261;2611;3125
9193;18964721;30983;612;3125
9194;18967846;148157;128;3750
9195;18971596;18968471;1;3125
9196;18974721;4094;4634;3125
9197;18977846;103687;183;3125
9198;18980971;3181;5966;3125
9199;18984096;102061;186;750
9200;18984846;10333;1837;3125
9201;18987971;3164141;6;3125
9202;18991096;18987971;1;3125
9203;18994221;4196;4526;3125
9204;18997346;4748399;4;3750
9205;19001096;6332657;3;3125
9206;19004221;3671;5176;3125
9207;19007346;31621;601;3125
9208;19010471;3167891;6;3125
9209;19013596;69379;274;3750
9210;19017346;8881;2141;3125
9211;19020471;12301;1546;3125
9212;19023596;4209;4519;3125
9213;19026721;4755899;4;3125
9214;19029846;396377;48;3750
9215;19033596;19030471;1;3125
9216;19036721;176237;108;3125
9217;19039846;11023;1727;3125
9218;19042971;4039;4714;3125
9219;19046096;15137;1258;3750
9220;19049846;7771;2451;3125
9221;19052971;9524923;2;3125
9222;19056096;3451;5521;3125
9223;19059221;3126;6096;3125
9224;19062346;4765399;4;750
9225;19063096;3787;5033;3125
9226;19066221;183299;104;3125
9227;19069346;34729;549;3125
9228;19072471;10111;1886;3125
9229;19075596;1059547;18;3750
9230;19079346;137239;139;3125
9231;19082471;3606;5291;3125
9232;19085596;284813;67;3125
9233;19088721;164531;116;3125
9234;19091846;596503;32;3750
9235;19095596;7053;2707;3125
9236;19098721;4082;4678;3125
9237;19101846;19098721;1;3125
9238;19104971;187273;102;3125
9239;19108096;156593;122;3750
9240;19111846;74353;257;3125
9241;19114971;735071;26;3125
9242;19118096;6371657;3;3125
9243;19121221;25423;752;3125
9244;19124346;5412;3533;3750
9245;19128096;19124971;1;3125
9246;19131221;3144;6084;3125
9247;19134346;19131221;1;3125
9248;19137471;124249;154;3125
9249;19140596;599;31954;150
9250;19140746;172411;111;3125
9251;19143871;131101;146;3125
9252;19146996;106949;179;3125
9253;19150121;3834;4994;3125
9254;19153246;2393687;8;3750
9255;19156996;75707;253;3125
9256;19160121;4789249;4;3125
9257;19163246;24851;771;3125
9258;19166371;3662;5233;3125
9259;19169496;3194291;6;3750
9260;19173246;20243;947;3125
9261;19176371;187973;102;3125
9262;19179496;19176371;1;3125
9263;19182621;3391;5656;3125
9264;19185746;7823;2452;3750
9265;19189496;3869;4959;3125
9266;19192621;77377;248;3125
9267;19195746;21589;889;3125
9268;19198871;3199291;6;3125
9269;19201996;8563;2242;3750
9270;19205746;19202621;1;3125
9271;19208871;195977;98;3125
9272;19211996;3751;5121;3125
9273;19215121;27763;692;3125
9274;19218246;800729;24;750
9275;19218996;19215871;1;3125
9276;19222121;3567;5388;3125
9277;19225246;11917;1613;3125
9278;19228371;108007;178;3125
9279;19231496;162947;118;3750
9280;19235246;7037;2733;3125
9281;19238371;9617623;2;3125
9282;19241496;3919;4909;3125
9283;19244621;3501;5496;3125
9284;19247746;130027;148;3750
9285;19251496;9629;1999;3125
9286;19254621;7057;2728;3125
9287;19257746;6418207;3;3125
9288;19260871;9628873;2;3125
9289;19263996;5359;3594;3750
9290;19267746;19207;1003;3125
9291;19270871;3211291;6;3125
9292;19273996;621641;31;3125
9293;19277121;688357;28;3125
9294;19280246;1204781;16;3750
9295;19283996;24071;801;3125
9296;19287121;30707;628;3125
9297;19290246;2755303;7;3125
9298;19293371;3441;5606;3125
9299;19296496;9647873;2;750
9300;19297246;4247;4543;3125
9301;19300371;3533;5462;3125
9302;19303496;10849;1779;3125
9303;19306621;6469;2984;3125
9304;19309746;3826;5046;3750
9305;19313496;19310371;1;3125
9306;19316621;3162;6108;3125
9307;19319746;71809;269;3125
9308;19322871;16073;1202;3125
9309;19325996;6197;3118;3750
9310;19329746;157127;123;3125
9311;19332871;9664873;2;3125
9312;19335996;623641;31;3125
9313;19339121;3141;6156;3125
9314;19342246;75541;256;3750
9315;19345996;123203;157;3125
9316;19349121;3644;5309;3125
9317;19352246;3511;5511;3125
9318;19355371;7613;2542;3125
9319;19358496;3225791;6;3750
9320;19362246;19359121;1;3125
9321;19365371;3227041;6;3125
9322;19368496;17557;1103;3125
9323;19371621;172933;112;3125
9324;19374746;908;21337;750
9325;19375496;280759;69;3125
9326;19378621;11161;1736;3125
9327;19381746;245299;79;3125
9328;19384871;4197;4618;3125
9329;19387996;12253;1582;3750
9330;19391746;8219;2359;3125
9331;19394871;16631;1166;3125
9332;19397996;10757;1803;3125
9333;19401121;11519;1684;3125
9334;19404246;404177;48;3750
9335;19407996;60077;323;3125
9336;19411121;539111;36;3125
9337;19414246;23081;841;3125
9338;19417371;313133;62;3125
9339;19420496;26893;722;3750
9340;19424246;6353;3057;3125
9341;19427371;3217;6038;3125
9342;19430496;19427371;1;3125
9343;19433621;3138;6192;3125
9344;19436746;9397;2068;3750
9345;19440496;3313;5867;3125
9346;19443621;63949;304;3125
9347;19446746;6481207;3;3125
9348;19449871;3361;5786;3125
9349;19452996;294731;66;750
9350;19453746;19787;983;3125
9351;19456871;3757;5178;3125
9352;19459996;12809;1519;3125
9353;19463121;15347;1268;3125
9354;19466246;4064;4789;3750
9355;19469996;18593;1047;3125
9356;19473121;4207;4628;3125
9357;19476246;31459;619;3125
9358;19479371;104711;186;3125
9359;19482496;60493;322;3750
9360;19486246;24631;791;3125
9361;19489371;749471;26;3125
9362;19492496;3147;6193;3125
9363;19495621;1218281;16;3125
9364;19498746;37781;516;3750
9365;19502496;19499371;1;3125
9366;19505621;3744;5209;3125
9367;19508746;19505621;1;3125
9368;19511871;9754373;2;3125
9369;19514996;4139;4714;3750
9370;19518746;7573;2577;3125
9371;19521871;750721;26;3125
9372;19524996;19739;989;3125
9373;19528121;3126;6246;3125
9374;19531246;8;2441405;6
9375;19531252;849049;23;3125
9376;19534377;9161;2132;3125
9377;19537502;22531;867;3125
9378;19540627;3482;5611;3125
9379;19543752;19501;1002;3750
9380;19547502;81097;241;3125
9381;19550627;3433;5694;3125
9382;19553752;92657;211;3125
9383;19556877;2444219;8;3125
9384;19560002;4889063;4;3750
9385;19563752;21101;927;3125
9386;19566877;4069;4808;3125
9387;19570002;1778807;11;3125
9388;19573127;3261667;6;3125
9389;19576252;5647;3466;3750
9390;19580002;1151581;17;3125
9391;19583127;8957;2186;3125
9392;19586252;26863;729;3125
9393;19589377;24121;812;3125
9394;19592502;136033;144;3750
9395;19596252;7081;2767;3125
9396;19599377;125617;156;3125
9397;19602502;2799911;7;3125
9398;19605627;9801251;2;3125
9399;19608752;1073;18274;750
9400;19609502;7127;2751;3125
9401;19612627;81031;242;3125
9402;19615752;8251;2377;3125
9403;19618877;3309;5928;3125
9404;19622002;4904563;4;3750
9405;19625752;19622627;1;3125
9406;19628877;144307;136;3125
9407;19632002;6542959;3;3125
9408;19635127;755077;26;3125
9409;19638252;5403;3634;3750
9410;19642002;24641;797;3125
9411;19645127;10459;1878;3125
9412;19648252;19645127;1;3125
9413;19651377;377851;52;3125
9414;19654502;4336;4532;3750
9415;19658252;75307;261;3125
9416;19661377;4914563;4;3125
9417;19664502;10531;1867;3125
9418;19667627;3198;6149;3125
9419;19670752;4099;4798;3750
9420;19674502;13123;1499;3125
9421;19677627;9837251;2;3125
9422;19680752;31687;621;3125
9423;19683877;3862;5096;3125
9424;19687002;71327;276;750
9425;19687752;3823;5149;3125
9426;19690877;3132;6286;3125
9427;19694002;19690877;1;3125
9428;19697127;9847001;2;3125
9429;19700252;74047;266;3750
9430;19704002;4377;4501;3125
9431;19707127;39251;502;3125
9432;19710252;13849;1423;3125
9433;19713377;3924;5023;3125
9434;19716502;3788;5204;3750
9435;19720252;7681;2567;3125
9436;19723377;3316;5947;3125
9437;19726502;83221;237;3125
9438;19729627;4421;4462;3125
9439;19732752;4042;4881;3750
9440;19736502;22501;877;3125
9441;19739627;4353;4534;3125
9442;19742752;10607;1861;3125
9443;19745877;616961;32;3125
9444;19749002;7823;2524;3750
9445;19752752;2194403;9;3125
9446;19755877;1234547;16;3125
9447;19759002;24181;817;3125
9448;19762127;3293167;6;3125
9449;19765252;77813;254;750
9450;19766002;7663;2579;3125
9451;19769127;581353;34;3125
9452;19772252;3829;5163;3125
9453;19775377;4943063;4;3125
9454;19778502;7103;2784;3750
9455;19782252;534571;37;3125
9456;19785377;3438;5754;3125
9457;19788502;12773;1549;3125
9458;19791627;4423;4474;3125
9459;19794752;5929;3338;3750
9460;19798502;942637;21;3125
9461;19801627;31627;626;3125
9462;19804752;38903;509;3125
9463;19807877;12503;1584;3125
9464;19811002;4951813;4;3750
9465;19814752;25367;781;3125
9466;19817877;10151;1952;3125
9467;19821002;18401;1077;3125
9468;19824127;15461;1282;3125
9469;19827252;34061;582;3750
9470;19831002;133073;149;3125
9471;19834127;32089;618;3125
9472;19837252;19834127;1;3125
9473;19840377;4959313;4;3125
9474;19843502;310043;64;750
9475;19844252;3837;5171;3125
9476;19847377;4961063;4;3125
9477;19850502;1804307;11;3125
9478;19853627;472631;42;3125
9479;19856752;33199;598;3750
9480;19860502;10337;1921;3125
9481;19863627;162791;122;3125
9482;19866752;945887;21;3125
9483;19869877;155209;128;3125
9484;19873002;3802;5226;3750
9485;19876752;13049;1523;3125
9486;19879877;3528;5634;3125
9487;19883002;685513;29;3125
9488;19886127;3274;6073;3125
9489;19889252;5906;3367;3750
9490;19893002;947137;21;3125
9491;19896127;9946501;2;3125
9492;19899252;865049;23;3125
9493;19902377;552757;36;3125
9494;19905502;6173;3224;3750
9495;19909252;67939;293;3125
9496;19912377;6373;3124;3125
9497;19915502;18803;1059;3125
9498;19918627;9957751;2;3125
9499;19921752;269;74058;150
9500;19921902;31567;631;3125
9501;19925027;3317;6006;3125
9502;19928152;28103;709;3125
9503;19931277;17921;1112;3125
9504;19934402;5978;3334;3750
9505;19938152;316429;63;3125
9506;19941277;4079;4888;3125
9507;19944402;9601;2077;3125
9508;19947527;4143;4814;3125
9509;19950652;18233;1094;3750
9510;19954402;19951277;1;3125
9511;19957527;7813;2554;3125
9512;19960652;2217503;9;3125
9513;19963777;8959;2228;3125
9514;19966902;4201;4752;3750
9515;19970652;424841;47;3125
9516;19973777;3756;5317;3125
9517;19976902;53549;373;3125
9518;19980027;908041;22;3125
9519;19983152;6709;2978;3750
9520;19986902;14083;1419;3125
9521;19990027;768727;26;3125
9522;19993152;540271;37;3125
9523;19996277;3232;6186;3125
9524;19999402;788;25379;750
9525;20000152;19997027;1;3125
9526;20003277;3251;6152;3125
9527;20006402;30727;651;3125
9528;20009527;3679;5438;3125
9529;20012652;6683;2994;3750
9530;20016402;13021;1537;3125
9531;20019527;3966;5047;3125
9532;20022652;1819957;11;3125
9533;20025777;12421;1612;3125
9534;20028902;44699;448;3750
9535;20032652;3703;5409;3125
9536;20035777;29989;668;3125
9537;20038902;10663;1879;3125
9538;20042027;3873;5174;3125
9539;20045152;589453;34;3750
9540;20048902;20045777;1;3125
9541;20052027;32027;626;3125
9542;20055152;131059;153;3125
9543;20058277;96419;208;3125
9544;20061402;4122;4866;3750
9545;20065152;15187;1321;3125
9546;20068277;52253;384;3125
9547;20071402;7873;2549;3125
9548;20074527;9659;2078;3125
9549;20077652;2449;8198;750
9550;20078402;99877;201;3125
9551;20081527;22973;874;3125
9552;20084652;198827;101;3125
9553;20087777;3348;5999;3125
9554;20090902;33931;592;3750
9555;20094652;158201;127;3125
9556;20097777;5023663;4;3125
9557;20100902;957037;21;3125
9558;20104027;4454;4513;3125
9559;20107152;304597;66;3750
9560;20110902;275449;73;3125
9561;20114027;478831;42;3125
9562;20117152;15751;1277;3125
9563;20120277;3412;5896;3125
9564;20123402;718559;28;3750
9565;20127152;3681;5467;3125
9566;20130277;4019;5008;3125
9567;20133402;111217;181;3125
9568;20136527;3293;6114;3125
9569;20139652;4091;4922;3750
9570;20143402;76579;263;3125
9571;20146527;592453;34;3125
9572;20149652;7281;2767;3125
9573;20152777;3572;5641;3125
9574;20155902;1198;16824;750
9575;20156652;22721;887;3125
9576;20159777;559907;36;3125
9577;20162902;1832707;11;3125
9578;20166027;10081451;2;3125
9579;20169152;12281;1642;3750
9580;20172902;6723259;3;3125
9581;20176027;246011;82;3125
9582;20179152;20651;977;3125
9583;20182277;6673;3024;3125
9584;20185402;7633;2644;3750
9585;20189152;46619;433;3125
9586;20192277;630911;32;3125
9587;20195402;3423;5899;3125
9588;20198527;127819;158;3125
9589;20201652;3366317;6;3750
9590;20205402;7121;2837;3125
9591;20208527;4382;4611;3125
9592;20211652;20208527;1;3125
9593;20214777;16459;1228;3125
9594;20217902;4349;4648;3750
9595;20221652;3249;6223;3125
9596;20224777;6473;3124;3125
9597;20227902;8669;2333;3125
9598;20231027;3174;6373;3125
9599;20234152;1897;10666;750
9600;20234902;37397;541;3125
9601;20238027;6557;3086;3125
9602;20241152;232621;87;3125
9603;20244277;4352;4651;3125
9604;20247402;5522;3666;3750
9605;20251152;880349;23;3125
9606;20254277;3216;6297;3125
9607;20257402;20254277;1;3125
9608;20260527;920791;22;3125
9609;20263652;8801;2302;3750
9610;20267402;7271;2787;3125
9611;20270527;10133701;2;3125
9612;20273652;20270527;1;3125
9613;20276777;3831;5292;3125
9614;20279902;194963;104;3750
9615;20283652;494647;41;3125
9616;20286777;3812;5321;3125
9617;20289902;8549;2373;3125
9618;20293027;32003;634;3125
9619;20296152;8971;2262;3750
9620;20299902;20296777;1;3125
9621;20303027;13063;1554;3125
9622;20306152;20303027;1;3125
9623;20309277;61909;328;3125
9624;20312402;257;79036;150
9625;20312552;752201;27;3125
9626;20315677;11489;1768;3125
9627;20318802;20315677;1;3125
9628;20321927;3891;5222;3125
9629;20325052;139187;146;3750
9630;20328802;11113;1829;3125
9631;20331927;4126;4927;3125
9632;20335052;29339;693;3125
9633;20338177;137399;148;3125
9634;20341302;141233;144;3750
9635;20345052;136523;149;3125
9636;20348177;3606;5642;3125
9637;20351302;496297;41;3125
9638;20354427;19531;1042;3125
9639;20357552;27431;742;3750
9640;20361302;3743;5439;3125
9641;20364427;3634;5603;3125
9642;20367552;656917;31;3125
9643;20370677;4128;4934;3125
9644;20373802;8227;2476;3750
9645;20377552;3307;6161;3125
9646;20380677;4069;5008;3125
9647;20383802;6793559;3;3125
9648;20386927;4034;5053;3125
9649;20390052;1132739;18;750
9650;20390802;14849;1373;3125
9651;20393927;3398467;6;3125
9652;20397052;15797;1291;3125
9653;20400177;392251;52;3125
9654;20403302;318743;64;3750
9655;20407052;44453;459;3125
9656;20410177;3308;6169;3125
9657;20413302;887399;23;3125
9658;20416427;3822;5341;3125
9659;20419552;3839;5318;3750
9660;20423302;33977;601;3125
9661;20426427;10211651;2;3125
9662;20429552;10459;1953;3125
9663;20432677;8929;2288;3125
9664;20435802;5762;3546;3750
9665;20439552;9727;2101;3125
9666;20442677;3584;5703;3125
9667;20445802;229693;89;3125
9668;20448927;25367;806;3125
9669;20452052;1460593;14;3750
9670;20455802;4253;4809;3125
9671;20458927;12833;1594;3125
9672;20462052;475789;43;3125
9673;20465177;4523;4524;3125
9674;20468302;91373;224;750
9675;20469052;335507;61;3125
9676;20472177;11873;1724;3125
9677;20475302;3399;6023;3125
9678;20478427;10237651;2;3125
9679;20481552;6046;3387;3750
9680;20485302;12361;1657;3125
9681;20488427;3414217;6;3125
9682;20491552;660917;31;3125
9683;20494677;3176;6452;3125
9684;20497802;7993;2564;3750
9685;20501552;6723;3049;3125
9686;20504677;34631;592;3125
9687;20507802;20504677;1;3125
9688;20510927;3534;5803;3125
9689;20514052;10255151;2;3750
9690;20517802;20514677;1;3125
9691;20520927;10258901;2;3125
9692;20524052;325729;63;3125
9693;20527177;5131013;4;3125
9694;20530302;285091;72;3750
9695;20534052;30781;667;3125
9696;20537177;3443;5964;3125
9697;20540302;20537177;1;3125
9698;20543427;19637;1046;3125
9699;20546552;540679;38;750
9700;20547302;3651;5627;3125
9701;20550427;10273651;2;3125
9702;20553552;662917;31;3125
9703;20556677;142733;144;3125
9704;20559802;467183;44;3750
9705;20563552;20560427;1;3125
9706;20566677;22159;928;3125
9707;20569802;29423;699;3125
9708;20572927;30161;682;3125
9709;20576052;3428717;6;3750
9710;20579802;98453;209;3125
9711;20582927;4531;4542;3125
9712;20586052;20582927;1;3125
9713;20589177;5146513;4;3125
9714;20592302;7129;2888;3750
9715;20596052;4077;5051;3125
9716;20599177;5149013;4;3125
9717;20602302;20599177;1;3125
9718;20605427;3529;5838;3125
9719;20608552;6947;2966;3750
9720;20612302;44131;467;3125
9721;20615427;3466;5947;3125
9722;20618552;46747;441;3125
9723;20621677;151607;136;3125
9724;20624802;55441;372;750
9725;20625552;40357;511;3125
9726;20628677;3331;6192;3125
9727;20631802;15157;1361;3125
9728;20634927;3739;5518;3125
9729;20638052;793627;26;3750
9730;20641802;129803;159;3125
9731;20644927;4049;5098;3125
9732;20648052;4033;5119;3125
9733;20651177;573557;36;3125
9734;20654302;4264;4843;3750
9735;20658052;20654927;1;3125
9736;20661177;4373;4724;3125
9737;20664302;6887059;3;3125
9738;20667427;17249;1198;3125
9739;20670552;264959;78;3750
9740;20674302;18947;1091;3125
9741;20677427;28477;726;3125
9742;20680552;10201;2027;3125
9743;20683677;9539;2168;3125
9744;20686802;397751;52;3750
9745;20690552;8609;2403;3125
9746;20693677;8263;2504;3125
9747;20696802;3361;6157;3125
9748;20699927;492781;42;3125
9749;20703052;941041;22;150
9750;20703202;20700077;1;3125
9751;20706327;21521;962;3125
9752;20709452;766901;27;3125
9753;20712577;5177363;4;3125
9754;20715702;143833;144;3750
9755;20719452;1090333;19;3125
9756;20722577;132817;156;3125
9757;20725702;20722577;1;3125
9758;20728827;62053;334;3125
9759;20731952;5834;3553;3750
9760;20735702;20507;1011;3125
9761;20738827;7813;2654;3125
9762;20741952;1219931;17;3125
9763;20745077;3416;6072;3125
9764;20748202;65647;316;3750
9765;20751952;9427;2201;3125
9766;20755077;3382;6136;3125
9767;20758202;3647;5691;3125
9768;20761327;41351;502;3125
9769;20764452;3460117;6;3750
9770;20768202;20765077;1;3125
9771;20771327;3627;5726;3125
9772;20774452;20771327;1;3125
9773;20777577;5193613;4;3125
9774;20780702;1298747;16;750
9775;20781452;20431;1017;3125
9776;20784577;10207;2036;3125
9777;20787702;7447;2791;3125
9778;20790827;3341;6222;3125
9779;20793952;10395101;2;3750
9780;20797702;15959;1303;3125
9781;20800827;10398851;2;3125
9782;20803952;770401;27;3125
9783;20807077;100019;208;3125
9784;20810202;577957;36;3750
9785;20813952;18631;1117;3125
9786;20817077;3216;6472;3125
9787;20820202;20817077;1;3125
9788;20823327;6773;3074;3125
9789;20826452;11329;1838;3750
9790;20830202;6942359;3;3125
9791;20833327;19763;1054;3125
9792;20836452;24253;859;3125
9793;20839577;19081;1092;3125
9794;20842702;2604869;8;3750
9795;20846452;59723;349;3125
9796;20849577;6673;3124;3125
9797;20852702;32027;651;3125
9798;20855827;802027;26;3125
9799;20858952;386263;54;750
9800;20859702;72671;287;3125
9801;20862827;23333;894;3125
9802;20865952;52027;401;3125
9803;20869077;34319;608;3125
9804;20872202;4301;4852;3750
9805;20875952;7347;2841;3125
9806;20879077;13451;1552;3125
9807;20882202;1228181;17;3125
9808;20885327;7717;2706;3125
9809;20888452;176989;118;3750
9810;20892202;3509;5953;3125
9811;20895327;9827;2126;3125
9812;20898452;28663;729;3125
9813;20901577;5224613;4;3125
9814;20904702;3852;5426;3750
9815;20908452;7307;2861;3125
9816;20911577;3882;5386;3125
9817;20914702;3197;6541;3125
9818;20917827;21473;974;3125
9819;20920952;10458601;2;3750
9820;20924702;6953;3009;3125
9821;20927827;33641;622;3125
9822;20930952;89819;233;3125
9823;20934077;4019;5208;3125
9824;20937202;2039;10268;750
9825;20937952;35543;589;3125
9826;20941077;3376;6202;3125
9827;20944202;9523;2199;3125
9828;20947327;10472101;2;3125
9829;20950452;26249;798;3750
9830;20954202;7247;2891;3125
9831;20957327;112657;186;3125
9832;20960452;20957327;1;3125
9833;20963577;3151;6652;3125
9834;20966702;2620369;8;3750
9835;20970452;12071;1737;3125
9836;20973577;16231;1292;3125
9837;20976702;19189;1093;3125
9838;20979827;3496117;6;3125
9839;20982952;4211;4982;3750
9840;20986702;6793;3089;3125
9841;20989827;953941;22;3125
9842;20992952;7641;2747;3125
9843;20996077;84649;248;3125
9844;20999202;583207;36;3750
9845;21002952;32159;653;3125
9846;21006077;3858;5444;3125
9847;21009202;1105583;19;3125
9848;21012327;41851;502;3125
9849;21015452;244357;86;750
9850;21016202;189307;111;3125
9851;21019327;12989;1618;3125
9852;21022452;7147;2941;3125
9853;21025577;53087;396;3125
9854;21028702;15551;1352;3750
9855;21032452;1911757;11;3125
9856;21035577;3862;5446;3125
9857;21038702;226189;93;3125
9858;21041827;10519351;2;3125
9859;21044952;5629;3738;3750
9860;21048702;3006511;7;3125
9861;21051827;7919;2658;3125
9862;21054952;4127;5101;3125
9863;21058077;4526;4652;3125
9864;21061202;404951;52;3750
9865;21064952;137659;153;3125
9866;21068077;4306;4892;3125
9867;21071202;4283;4919;3125
9868;21074327;3742;5631;3125
9869;21077452;4073;5174;3750
9870;21081202;21078077;1;3125
9871;21084327;15803;1334;3125
9872;21087452;70991;297;3125
9873;21090577;34913;604;3125
9874;21093702;214;98568;150
9875;21093852;3617;5831;3125
9876;21096977;3588;5879;3125
9877;21100102;4367;4831;3125
9878;21103227;36007;586;3125
9879;21106352;10551301;2;3750
9880;21110102;7035659;3;3125
9881;21113227;3679;5738;3125
9882;21116352;129529;163;3125
9883;21119477;3488;6054;3125
9884;21122602;63611;332;3750
9885;21126352;7129;2963;3125
9886;21129477;4394;4808;3125
9887;21132602;7043159;3;3125
9888;21135727;10566301;2;3125
9889;21138852;81919;258;3750
9890;21142602;515597;41;3125
9891;21145727;90353;234;3125
9892;21148852;38377;551;3125
9893;21151977;5287213;4;3125
9894;21155102;6394;3308;3750
9895;21158852;42227;501;3125
9896;21161977;3692;5731;3125
9897;21165102;7783;2719;3125
9898;21168227;3374;6273;3125
9899;21171352;1489;14218;750
9900;21172102;21168977;1;3125
9901;21175227;1512293;14;3125
9902;21178352;2352803;9;3125
9903;21181477;3511;6032;3125
9904;21184602;3962;5346;3750
9905;21188352;7763;2729;3125
9906;21191477;3522;6016;3125
9907;21194602;10873;1949;3125
9908;21197727;3146;6737;3125
9909;21200852;10598551;2;3750
9910;21204602;3207;6611;3125
9911;21207727;22703;934;3125
9912;21210852;3181;6667;3125
9913;21213977;10459;2028;3125
9914;21217102;2651669;8;3750
9915;21220852;451441;47;3125
9916;21223977;38167;556;3125
9917;21227102;13579;1563;3125
9918;21230227;816427;26;3125
9919;21233352;3538267;6;3750
9920;21237102;13051;1627;3125
9921;21240227;1179839;18;3125
9922;21243352;400759;53;3125
9923;21246477;3818;5564;3125
9924;21249602;5312213;4;750
9925;21250352;3683;5769;3125
9926;21253477;14923;1424;3125
9927;21256602;57287;371;3125
9928;21259727;3542767;6;3125
9929;21262852;109583;194;3750
9930;21266602;924499;23;3125
9931;21269727;3766;5647;3125
9932;21272852;2363303;9;3125
9933;21275977;5318213;4;3125
9934;21279102;14071;1512;3750
9935;21282852;7861;2707;3125
9936;21285977;1773571;12;3125
9937;21289102;21285977;1;3125
9938;21292227;20431;1042;3125
9939;21295352;10645801;2;3750
9940;21299102;228989;93;3125
9941;21302227;968141;22;3125
9942;21305352;21302227;1;3125
9943;21308477;3966;5372;3125
9944;21311602;5326963;4;3750
9945;21315352;67231;317;3125
9946;21318477;3782;5636;3125
9947;21321602;3921;5437;3125
9948;21324727;71549;298;3125
9949;21327852;1184839;18;750
9950;21328602;21325477;1;3125
9951;21331727;4351;4902;3125
9952;21334852;42409;503;3125
9953;21337977;3164;6743;3125
9954;21341102;16363;1304;3750
9955;21344852;215573;99;3125
9956;21347977;67547;316;3125
9957;21351102;3997;5341;3125
9958;21354227;3558517;6;3125
9959;21357352;10676801;2;3750
9960;21361102;3193;6689;3125
9961;21364227;25013;854;3125
9962;21367352;3711;5757;3125
9963;21370477;3902;5476;3125
9964;21373602;4347;4916;3750
9965;21377352;24043;889;3125
9966;21380477;3658;5844;3125
9967;21383602;4243;5039;3125
9968;21386727;10691801;2;3125
9969;21389852;629003;34;3750
9970;21393602;3959;5403;3125
9971;21396727;34843;614;3125
9972;21399852;3691;5797;3125
9973;21402977;3572;5991;3125
9974;21406102;36653;584;750
9975;21406852;21403727;1;3125
9976;21409977;3599;5948;3125
9977;21413102;7136659;3;3125
9978;21416227;10091;2122;3125
9979;21419352;6019;3558;3750
9980;21423102;16069;1333;3125
9981;21426227;3570517;6;3125
9982;21429352;77351;277;3125
9983;21432477;3892;5506;3125
9984;21435602;4381;4892;3750
9985;21439352;9883;2169;3125
9986;21442477;3596;5962;3125
9987;21445602;3661;5857;3125
9988;21448727;3967;5406;3125
9989;21451852;8009;2678;3750
9990;21455602;21452477;1;3125
9991;21458727;1532543;14;3125
9992;21461852;76913;279;3125
9993;21464977;3548;6049;3125
9994;21468102;3822;5616;3750
9995;21471852;7483;2869;3125
9996;21474977;3837;5596;3125
9997;21478102;21474977;1;3125
9998;21481227;346421;62;3125
9999;21484352;61;352202;30
