n;A031443;weight;level;jump
1;2;0;0;7
2;9;2;4;1
3;10;4;2;2
4;12;0;0;23
5;35;3;11;2
6;37;2;18;1
7;38;5;7;3
8;41;2;20;1
9;42;4;10;2
10;44;13;3;5
11;49;2;24;1
12;50;3;16;2
13;52;6;8;4
14;56;0;0;79
15;135;131;1;4
16;139;137;1;2
17;141;2;70;1
18;142;137;1;5
19;147;5;29;2
20;149;2;74;1
21;150;7;21;3
22;153;2;76;1
23;154;4;38;2
24;156;149;1;7
25;163;7;23;2
26;165;2;82;1
27;166;163;1;3
28;169;2;84;1
29;170;3;56;2
30;172;167;1;5
31;177;2;88;1
32;178;4;44;2
33;180;8;22;4
34;184;173;1;11
35;195;193;1;2
36;197;2;98;1
37;198;5;39;3
38;201;2;100;1
39;202;4;50;2
40;204;199;1;5
41;209;2;104;1
42;210;4;52;2
43;212;8;26;4
44;216;23;9;9
45;225;2;112;1
46;226;4;56;2
47;228;7;32;4
48;232;14;16;8
49;240;0;0;287
50;527;173;3;8
51;535;9;59;4
52;539;3;179;2
53;541;2;270;1
54;542;13;41;9
55;551;547;1;4
56;555;7;79;2
57;557;2;278;1
58;558;7;79;5
59;563;3;187;2
60;565;2;282;1
61;566;563;1;3
62;569;2;284;1
63;570;4;142;2
64;572;17;33;11
65;583;193;3;4
66;587;3;195;2
67;589;2;294;1
68;590;9;65;5
69;595;593;1;2
70;597;2;298;1
71;598;5;119;3
72;601;2;300;1
73;602;3;200;2
74;604;199;3;7
75;611;3;203;2
76;613;2;306;1
77;614;13;47;3
78;617;2;308;1
79;618;4;154;2
80;620;15;41;5
81;625;2;312;1
82;626;3;208;2
83;628;6;104;4
84;632;617;1;15
85;647;643;1;4
86;651;11;59;2
87;653;2;326;1
88;654;11;59;5
89;659;3;219;2
90;661;2;330;1
91;662;659;1;3
92;665;2;332;1
93;666;4;166;2
94;668;661;1;7
95;675;673;1;2
96;677;2;338;1
97;678;5;135;3
98;681;2;340;1
99;682;4;170;2
100;684;7;97;5
101;689;2;344;1
102;690;4;172;2
103;692;8;86;4
104;696;137;5;11
105;707;3;235;2
106;709;2;354;1
107;710;7;101;3
108;713;2;356;1
109;714;4;178;2
110;716;9;79;5
111;721;2;360;1
112;722;3;240;2
113;724;5;144;4
114;728;719;1;9
115;737;2;368;1
116;738;4;184;2
117;740;8;92;4
118;744;16;46;8
119;752;27;27;23
120;775;257;3;4
121;779;3;259;2
122;781;2;390;1
123;782;7;111;5
124;787;5;157;2
125;789;2;394;1
126;790;787;1;3
127;793;2;396;1
128;794;3;264;2
129;796;263;3;7
130;803;3;267;2
131;805;2;402;1
132;806;11;73;3
133;809;2;404;1
134;810;4;202;2
135;812;269;3;5
136;817;2;408;1
137;818;3;272;2
138;820;6;136;4
139;824;271;3;11
140;835;7;119;2
141;837;2;418;1
142;838;5;167;3
143;841;2;420;1
144;842;3;280;2
145;844;839;1;5
146;849;2;424;1
147;850;4;212;2
148;852;8;106;4
149;856;11;77;9
150;865;2;432;1
151;866;3;288;2
152;868;6;144;4
153;872;9;96;8
154;880;21;41;19
155;899;3;299;2
156;901;2;450;1
157;902;29;31;3
158;905;2;452;1
159;906;4;226;2
160;908;7;129;5
161;913;2;456;1
162;914;3;304;2
163;916;6;152;4
164;920;911;1;9
165;929;2;464;1
166;930;4;232;2
167;932;8;116;4
168;936;16;58;8
169;944;103;9;17
170;961;2;480;1
171;962;3;320;2
172;964;5;192;4
173;968;10;96;8
174;976;20;48;16
175;992;0;0;1087
176;2079;2063;1;16
177;2095;2087;1;8
178;2103;2099;1;4
179;2107;5;421;2
180;2109;2;1054;1
181;2110;23;91;17
182;2127;13;163;8
183;2135;2131;1;4
184;2139;2137;1;2
185;2141;2;1070;1
186;2142;27;79;9
187;2151;19;113;4
188;2155;2153;1;2
189;2157;2;1078;1
190;2158;2153;1;5
191;2163;2161;1;2
192;2165;2;1082;1
193;2166;7;309;3
194;2169;2;1084;1
195;2170;4;542;2
196;2172;2153;1;19
197;2191;37;59;8
198;2199;5;439;4
199;2203;31;71;2
200;2205;2;1102;1
201;2206;13;169;9
202;2215;11;201;4
203;2219;3;739;2
204;2221;2;1110;1
205;2222;739;3;5
206;2227;5;445;2
207;2229;2;1114;1
208;2230;17;131;3
209;2233;2;1116;1
210;2234;3;744;2
211;2236;25;89;11
212;2247;2243;1;4
213;2251;13;173;2
214;2253;2;1126;1
215;2254;13;173;5
216;2259;37;61;2
217;2261;2;1130;1
218;2262;9;251;3
219;2265;2;1132;1
220;2266;4;566;2
221;2268;17;133;7
222;2275;2273;1;2
223;2277;2;1138;1
224;2278;5;455;3
225;2281;2;1140;1
226;2282;3;760;2
227;2284;43;53;5
228;2289;2;1144;1
229;2290;4;572;2
230;2292;8;286;4
231;2296;2273;1;23
232;2319;2311;1;8
233;2327;23;101;4
234;2331;17;137;2
235;2333;2;1166;1
236;2334;15;155;9
237;2343;2339;1;4
238;2347;5;469;2
239;2349;2;1174;1
240;2350;7;335;5
241;2355;13;181;2
242;2357;2;1178;1
243;2358;5;471;3
244;2361;2;1180;1
245;2362;4;590;2
246;2364;13;181;11
247;2375;2371;1;4
248;2379;2377;1;2
249;2381;2;1190;1
250;2382;2377;1;5
251;2387;3;795;2
252;2389;2;1194;1
253;2390;7;341;3
254;2393;2;1196;1
255;2394;4;598;2
256;2396;2389;1;7
257;2403;7;343;2
258;2405;2;1202;1
259;2406;9;267;3
260;2409;2;1204;1
261;2410;4;602;2
262;2412;29;83;5
263;2417;2;1208;1
264;2418;4;604;2
265;2420;8;302;4
266;2424;33;73;15
267;2439;5;487;4
268;2443;2441;1;2
269;2445;2;1222;1
270;2446;2441;1;5
271;2451;31;79;2
272;2453;2;1226;1
273;2454;19;129;3
274;2457;2;1228;1
275;2458;4;614;2
276;2460;11;223;7
277;2467;5;493;2
278;2469;2;1234;1
279;2470;2467;1;3
280;2473;2;1236;1
281;2474;3;824;2
282;2476;7;353;5
283;2481;2;1240;1
284;2482;4;620;2
285;2484;5;496;4
286;2488;2477;1;11
287;2499;11;227;2
288;2501;2;1250;1
289;2502;7;357;3
290;2505;2;1252;1
291;2506;4;626;2
292;2508;2503;1;5
293;2513;2;1256;1
294;2514;4;628;2
295;2516;8;314;4
296;2520;27;93;9
297;2529;2;1264;1
298;2530;4;632;2
299;2532;8;316;4
300;2536;16;158;8
301;2544;359;7;31
302;2575;17;151;8
303;2583;2579;1;4
304;2587;5;517;2
305;2589;2;1294;1
306;2590;29;89;9
307;2599;5;519;4
308;2603;3;867;2
309;2605;2;1302;1
310;2606;9;289;5
311;2611;2609;1;2
312;2613;2;1306;1
313;2614;7;373;3
314;2617;2;1308;1
315;2618;3;872;2
316;2620;2609;1;11
317;2631;37;71;4
318;2635;2633;1;2
319;2637;2;1318;1
320;2638;2633;1;5
321;2643;19;139;2
322;2645;2;1322;1
323;2646;881;3;3
324;2649;2;1324;1
325;2650;4;662;2
326;2652;23;115;7
327;2659;2657;1;2
328;2661;2;1330;1
329;2662;2659;1;3
330;2665;2;1332;1
331;2666;3;888;2
332;2668;2663;1;5
333;2673;2;1336;1
334;2674;4;668;2
335;2676;8;334;4
336;2680;41;65;15
337;2695;9;299;4
338;2699;3;899;2
339;2701;2;1350;1
340;2702;29;93;5
341;2707;5;541;2
342;2709;2;1354;1
343;2710;2707;1;3
344;2713;2;1356;1
345;2714;3;904;2
346;2716;9;301;7
347;2723;3;907;2
348;2725;2;1362;1
349;2726;7;389;3
350;2729;2;1364;1
351;2730;4;682;2
352;2732;9;303;5
353;2737;2;1368;1
354;2738;3;912;2
355;2740;6;456;4
356;2744;911;3;11
357;2755;2753;1;2
358;2757;2;1378;1
359;2758;5;551;3
360;2761;2;1380;1
361;2762;3;920;2
362;2764;31;89;5
363;2769;2;1384;1
364;2770;4;692;2
365;2772;8;346;4
366;2776;2767;1;9
367;2785;2;1392;1
368;2786;3;928;2
369;2788;6;464;4
370;2792;12;232;8
371;2800;2777;1;23
372;2823;2819;1;4
373;2827;5;565;2
374;2829;2;1414;1
375;2830;25;113;5
376;2835;2833;1;2
377;2837;2;1418;1
378;2838;5;567;3
379;2841;2;1420;1
380;2842;4;710;2
381;2844;2837;1;7
382;2851;7;407;2
383;2853;2;1426;1
384;2854;2851;1;3
385;2857;2;1428;1
386;2858;3;952;2
387;2860;571;5;5
388;2865;2;1432;1
389;2866;4;716;2
390;2868;8;358;4
391;2872;2861;1;11
392;2883;43;67;2
393;2885;2;1442;1
394;2886;31;93;3
395;2889;2;1444;1
396;2890;4;722;2
397;2892;2887;1;5
398;2897;2;1448;1
399;2898;4;724;2
400;2900;8;362;4
401;2904;15;193;9
402;2913;2;1456;1
403;2914;4;728;2
404;2916;7;416;4
405;2920;13;224;8
406;2928;2909;1;19
407;2947;5;589;2
408;2949;2;1474;1
409;2950;7;421;3
410;2953;2;1476;1
411;2954;3;984;2
412;2956;13;227;5
413;2961;2;1480;1
414;2962;4;740;2
415;2964;5;592;4
416;2968;11;269;9
417;2977;2;1488;1
418;2978;3;992;2
419;2980;6;496;4
420;2984;12;248;8
421;2992;25;119;17
422;3009;2;1504;1
423;3010;4;752;2
424;3012;8;376;4
425;3016;16;188;8
426;3024;32;94;16
427;3040;73;41;47
428;3087;3079;1;8
429;3095;11;281;4
430;3099;19;163;2
431;3101;2;1550;1
432;3102;1031;3;9
433;3111;13;239;4
434;3115;11;283;2
435;3117;2;1558;1
436;3118;11;283;5
437;3123;3121;1;2
438;3125;2;1562;1
439;3126;9;347;3
440;3129;2;1564;1
441;3130;4;782;2
442;3132;3121;1;11
443;3143;43;73;4
444;3147;5;629;2
445;3149;2;1574;1
446;3150;17;185;5
447;3155;3;1051;2
448;3157;2;1578;1
449;3158;5;631;3
450;3161;2;1580;1
451;3162;4;790;2
452;3164;11;287;7
453;3171;3169;1;2
454;3173;2;1586;1
455;3174;7;453;3
456;3177;2;1588;1
457;3178;4;794;2
458;3180;25;127;5
459;3185;2;1592;1
460;3186;4;796;2
461;3188;8;398;4
462;3192;353;9;15
463;3207;3203;1;4
464;3211;3209;1;2
465;3213;2;1606;1
466;3214;3209;1;5
467;3219;3217;1;2
468;3221;2;1610;1
469;3222;29;111;3
470;3225;2;1612;1
471;3226;4;806;2
472;3228;3221;1;7
473;3235;53;61;2
474;3237;2;1618;1
475;3238;5;647;3
476;3241;2;1620;1
477;3242;3;1080;2
478;3244;41;79;5
479;3249;2;1624;1
480;3250;4;812;2
481;3252;7;464;4
482;3256;55;59;11
483;3267;5;653;2
484;3269;2;1634;1
485;3270;9;363;3
486;3273;2;1636;1
487;3274;4;818;2
488;3276;3271;1;5
489;3281;2;1640;1
490;3282;4;820;2
491;3284;5;656;4
492;3288;1093;3;9
493;3297;2;1648;1
494;3298;4;824;2
495;3300;8;412;4
496;3304;16;206;8
497;3312;143;23;23
498;3335;3331;1;4
499;3339;47;71;2
500;3341;2;1670;1
501;3342;47;71;5
502;3347;3;1115;2
503;3349;2;1674;1
504;3350;3347;1;3
505;3353;2;1676;1
506;3354;4;838;2
507;3356;17;197;7
508;3363;3361;1;2
509;3365;2;1682;1
510;3366;19;177;3
511;3369;2;1684;1
512;3370;4;842;2
513;3372;7;481;5
514;3377;2;1688;1
515;3378;4;844;2
516;3380;8;422;4
517;3384;3373;1;11
518;3395;3;1131;2
519;3397;2;1698;1
520;3398;5;679;3
521;3401;2;1700;1
522;3402;4;850;2
523;3404;11;309;5
524;3409;2;1704;1
525;3410;3;1136;2
526;3412;6;568;4
527;3416;3407;1;9
528;3425;2;1712;1
529;3426;4;856;2
530;3428;8;428;4
531;3432;16;214;8
532;3440;311;11;19
533;3459;3457;1;2
534;3461;2;1730;1
535;3462;1153;3;3
536;3465;2;1732;1
537;3466;4;866;2
538;3468;3463;1;5
539;3473;2;1736;1
540;3474;4;868;2
541;3476;7;496;4
542;3480;13;267;9
543;3489;2;1744;1
544;3490;4;872;2
545;3492;8;436;4
546;3496;16;218;8
547;3504;317;11;17
548;3521;2;1760;1
549;3522;4;880;2
550;3524;5;704;4
551;3528;10;352;8
552;3536;20;176;16
553;3552;1171;3;39
554;3591;17;211;4
555;3595;3593;1;2
556;3597;2;1798;1
557;3598;3593;1;5
558;3603;13;277;2
559;3605;2;1802;1
560;3606;1201;3;3
561;3609;2;1804;1
562;3610;4;902;2
563;3612;35;103;7
564;3619;3617;1;2
565;3621;2;1810;1
566;3622;7;517;3
567;3625;2;1812;1
568;3626;3;1208;2
569;3628;3623;1;5
570;3633;2;1816;1
571;3634;4;908;2
572;3636;8;454;4
573;3640;19;191;11
574;3651;41;89;2
575;3653;2;1826;1
576;3654;1217;3;3
577;3657;2;1828;1
578;3658;4;914;2
579;3660;17;215;5
580;3665;2;1832;1
581;3666;4;916;2
582;3668;8;458;4
583;3672;11;333;9
584;3681;2;1840;1
585;3682;4;920;2
586;3684;5;736;4
587;3688;10;368;8
588;3696;3677;1;19
589;3715;47;79;2
590;3717;2;1858;1
591;3718;5;743;3
592;3721;2;1860;1
593;3722;3;1240;2
594;3724;3719;1;5
595;3729;2;1864;1
596;3730;4;932;2
597;3732;8;466;4
598;3736;3727;1;9
599;3745;2;1872;1
600;3746;3;1248;2
601;3748;6;624;4
602;3752;9;416;8
603;3760;19;197;17
604;3777;2;1888;1
605;3778;4;944;2
606;3780;8;472;4
607;3784;16;236;8
608;3792;32;118;16
609;3808;49;77;35
610;3843;23;167;2
611;3845;2;1922;1
612;3846;7;549;3
613;3849;2;1924;1
614;3850;4;962;2
615;3852;3847;1;5
616;3857;2;1928;1
617;3858;4;964;2
618;3860;8;482;4
619;3864;15;257;9
620;3873;2;1936;1
621;3874;4;968;2
622;3876;8;484;4
623;3880;11;352;8
624;3888;49;79;17
625;3905;2;1952;1
626;3906;4;976;2
627;3908;8;488;4
628;3912;16;244;8
629;3920;32;122;16
630;3936;1301;3;33
631;3969;2;1984;1
632;3970;4;992;2
633;3972;8;496;4
634;3976;16;248;8
635;3984;31;128;16
636;4000;62;64;32
637;4032;0;0;4223
638;8255;2741;3;32
639;8287;919;9;16
640;8303;15;553;8
641;8311;9;923;4
642;8315;3;2771;2
643;8317;2;4158;1
644;8318;1657;5;33
645;8351;1667;5;16
646;8367;13;643;8
647;8375;11;761;4
648;8379;8377;1;2
649;8381;2;4190;1
650;8382;35;239;17
651;8399;2797;3;8
652;8407;2801;3;4
653;8411;3;2803;2
654;8413;2;4206;1
655;8414;41;205;9
656;8423;8419;1;4
657;8427;5;1685;2
658;8429;2;4214;1
659;8430;25;337;5
660;8435;3;2811;2
661;8437;2;4218;1
662;8438;5;1687;3
663;8441;2;4220;1
664;8442;4;2110;2
665;8444;2803;3;35
666;8479;21;403;16
667;8495;9;943;8
668;8503;2833;3;4
669;8507;3;2835;2
670;8509;2;4254;1
671;8510;19;447;17
672;8527;1217;7;8
673;8535;19;449;4
674;8539;8537;1;2
675;8541;2;4270;1
676;8542;23;371;9
677;8551;7;1221;4
678;8555;3;2851;2
679;8557;2;4278;1
680;8558;2851;3;5
681;8563;7;1223;2
682;8565;2;4282;1
683;8566;8563;1;3
684;8569;2;4284;1
685;8570;3;2856;2
686;8572;2851;3;19
687;8591;2861;3;8
688;8599;5;1719;4
689;8603;3;2867;2
690;8605;2;4302;1
691;8606;8597;1;9
692;8615;79;109;4
693;8619;7;1231;2
694;8621;2;4310;1
695;8622;7;1231;5
696;8627;3;2875;2
697;8629;2;4314;1
698;8630;8627;1;3
699;8633;2;4316;1
700;8634;4;2158;2
701;8636;15;575;11
702;8647;43;201;4
703;8651;3;2883;2
704;8653;2;4326;1
705;8654;9;961;5
706;8659;11;787;2
707;8661;2;4330;1
708;8662;7;1237;3
709;8665;2;4332;1
710;8666;3;2888;2
711;8668;2887;3;7
712;8675;3;2891;2
713;8677;2;4338;1
714;8678;5;1735;3
715;8681;2;4340;1
716;8682;4;2170;2
717;8684;11;789;5
718;8689;2;4344;1
719;8690;3;2896;2
720;8692;6;1448;4
721;8696;787;11;39
722;8735;8719;1;16
723;8751;1249;7;8
724;8759;5;1751;4
725;8763;8761;1;2
726;8765;2;4382;1
727;8766;673;13;17
728;8783;9;975;8
729;8791;29;303;4
730;8795;3;2931;2
731;8797;2;4398;1
732;8798;11;799;9
733;8807;8803;1;4
734;8811;23;383;2
735;8813;2;4406;1
736;8814;23;383;5
737;8819;3;2939;2
738;8821;2;4410;1
739;8822;8819;1;3
740;8825;2;4412;1
741;8826;4;2206;2
742;8828;23;383;19
743;8847;8839;1;8
744;8855;53;167;4
745;8859;17;521;2
746;8861;2;4430;1
747;8862;13;681;9
748;8871;8867;1;4
749;8875;19;467;2
750;8877;2;4438;1
751;8878;19;467;5
752;8883;83;107;2
753;8885;2;4442;1
754;8886;7;1269;3
755;8889;2;4444;1
756;8890;4;2222;2
757;8892;83;107;11
758;8903;11;809;4
759;8907;5;1781;2
760;8909;2;4454;1
761;8910;13;685;5
762;8915;3;2971;2
763;8917;2;4458;1
764;8918;5;1783;3
765;8921;2;4460;1
766;8922;4;2230;2
767;8924;37;241;7
768;8931;8929;1;2
769;8933;2;4466;1
770;8934;13;687;3
771;8937;2;4468;1
772;8938;4;2234;2
773;8940;1787;5;5
774;8945;2;4472;1
775;8946;4;2236;2
776;8948;8;1118;4
777;8952;8929;1;23
778;8975;21;427;8
779;8983;41;219;4
780;8987;3;2995;2
781;8989;2;4494;1
782;8990;1283;7;9
783;8999;5;1799;4
784;9003;9001;1;2
785;9005;2;4502;1
786;9006;9001;1;5
787;9011;3;3003;2
788;9013;2;4506;1
789;9014;9011;1;3
790;9017;2;4508;1
791;9018;4;2254;2
792;9020;13;693;11
793;9031;9;1003;4
794;9035;3;3011;2
795;9037;2;4518;1
796;9038;3011;3;5
797;9043;9041;1;2
798;9045;2;4522;1
799;9046;9043;1;3
800;9049;2;4524;1
801;9050;3;3016;2
802;9052;9;1005;7
803;9059;3;3019;2
804;9061;2;4530;1
805;9062;9059;1;3
806;9065;2;4532;1
807;9066;4;2266;2
808;9068;9;1007;5
809;9073;2;4536;1
810;9074;3;3024;2
811;9076;6;1512;4
812;9080;35;259;15
813;9095;9091;1;4
814;9099;11;827;2
815;9101;2;4550;1
816;9102;11;827;5
817;9107;3;3035;2
818;9109;2;4554;1
819;9110;7;1301;3
820;9113;2;4556;1
821;9114;4;2278;2
822;9116;9109;1;7
823;9123;7;1303;2
824;9125;2;4562;1
825;9126;3041;3;3
826;9129;2;4564;1
827;9130;4;2282;2
828;9132;9127;1;5
829;9137;2;4568;1
830;9138;4;2284;2
831;9140;8;1142;4
832;9144;9133;1;11
833;9155;3;3051;2
834;9157;2;4578;1
835;9158;5;1831;3
836;9161;2;4580;1
837;9162;4;2290;2
838;9164;43;213;5
839;9169;2;4584;1
840;9170;3;3056;2
841;9172;6;1528;4
842;9176;89;103;9
843;9185;2;4592;1
844;9186;4;2296;2
845;9188;7;1312;4
846;9192;14;656;8
847;9200;81;113;47
848;9247;17;543;16
849;9263;15;617;8
850;9271;3089;3;4
851;9275;3;3091;2
852;9277;2;4638;1
853;9278;21;441;17
854;9295;37;251;8
855;9303;17;547;4
856;9307;5;1861;2
857;9309;2;4654;1
858;9310;71;131;9
859;9319;5;1863;4
860;9323;3;3107;2
861;9325;2;4662;1
862;9326;13;717;5
863;9331;19;491;2
864;9333;2;4666;1
865;9334;7;1333;3
866;9337;2;4668;1
867;9338;3;3112;2
868;9340;39;239;19
869;9359;9;1039;8
870;9367;3121;3;4
871;9371;3;3123;2
872;9373;2;4686;1
873;9374;1873;5;9
874;9383;83;113;4
875;9387;5;1877;2
876;9389;2;4694;1
877;9390;1877;5;5
878;9395;3;3131;2
879;9397;2;4698;1
880;9398;5;1879;3
881;9401;2;4700;1
882;9402;4;2350;2
883;9404;31;303;11
884;9415;3137;3;4
885;9419;3;3139;2
886;9421;2;4710;1
887;9422;43;219;5
888;9427;5;1885;2
889;9429;2;4714;1
890;9430;11;857;3
891;9433;2;4716;1
892;9434;3;3144;2
893;9436;21;449;7
894;9443;3;3147;2
895;9445;2;4722;1
896;9446;7;1349;3
897;9449;2;4724;1
898;9450;4;2362;2
899;9452;47;201;5
900;9457;2;4728;1
901;9458;3;3152;2
902;9460;6;1576;4
903;9464;1049;9;23
904;9487;9479;1;8
905;9495;9491;1;4
906;9499;9497;1;2
907;9501;2;4750;1
908;9502;11;863;9
909;9511;3169;3;4
910;9515;3;3171;2
911;9517;2;4758;1
912;9518;7;1359;5
913;9523;9521;1;2
914;9525;2;4762;1
915;9526;89;107;3
916;9529;2;4764;1
917;9530;3;3176;2
918;9532;9521;1;11
919;9543;9539;1;4
920;9547;5;1909;2
921;9549;2;4774;1
922;9550;23;415;5
923;9555;41;233;2
924;9557;2;4778;1
925;9558;5;1911;3
926;9561;2;4780;1
927;9562;4;2390;2
928;9564;19;503;7
929;9571;7;1367;2
930;9573;2;4786;1
931;9574;17;563;3
932;9577;2;4788;1
933;9578;3;3192;2
934;9580;25;383;5
935;9585;2;4792;1
936;9586;4;2396;2
937;9588;8;1198;4
938;9592;61;157;15
939;9607;9;1067;4
940;9611;3;3203;2
941;9613;2;4806;1
942;9614;3203;3;5
943;9619;59;163;2
944;9621;2;4810;1
945;9622;9619;1;3
946;9625;2;4812;1
947;9626;3;3208;2
948;9628;9;1069;7
949;9635;3;3211;2
950;9637;2;4818;1
951;9638;5;1927;3
952;9641;2;4820;1
953;9642;4;2410;2
954;9644;7;1377;5
955;9649;2;4824;1
956;9650;3;3216;2
957;9652;6;1608;4
958;9656;15;643;11
959;9667;5;1933;2
960;9669;2;4834;1
961;9670;7;1381;3
962;9673;2;4836;1
963;9674;3;3224;2
964;9676;19;509;5
965;9681;2;4840;1
966;9682;4;2420;2
967;9684;5;1936;4
968;9688;9679;1;9
969;9697;2;4848;1
970;9698;3;3232;2
971;9700;6;1616;4
972;9704;12;808;8
973;9712;461;21;31
974;9743;11;885;8
975;9751;9;1083;4
976;9755;3;3251;2
977;9757;2;4878;1
978;9758;9749;1;9
979;9767;13;751;4
980;9771;9769;1;2
981;9773;2;4886;1
982;9774;9769;1;5
983;9779;3;3259;2
984;9781;2;4890;1
985;9782;7;1397;3
986;9785;2;4892;1
987;9786;4;2446;2
988;9788;3259;3;11
989;9799;5;1959;4
990;9803;3;3267;2
991;9805;2;4902;1
992;9806;9;1089;5
993;9811;17;577;2
994;9813;2;4906;1
995;9814;9811;1;3
996;9817;2;4908;1
997;9818;3;3272;2
998;9820;3271;3;7
999;9827;3;3275;2
1000;9829;2;4914;1
1001;9830;31;317;3
1002;9833;2;4916;1
1003;9834;4;2458;2
1004;9836;29;339;5
1005;9841;2;4920;1
1006;9842;3;3280;2
1007;9844;5;1968;4
1008;9848;9833;1;15
1009;9863;9859;1;4
1010;9867;5;1973;2
1011;9869;2;4934;1
1012;9870;1973;5;5
1013;9875;3;3291;2
1014;9877;2;4938;1
1015;9878;5;1975;3
1016;9881;2;4940;1
1017;9882;4;2470;2
1018;9884;17;581;7
1019;9891;11;899;2
1020;9893;2;4946;1
1021;9894;7;1413;3
1022;9897;2;4948;1
1023;9898;4;2474;2
1024;9900;1979;5;5
1025;9905;2;4952;1
1026;9906;4;2476;2
1027;9908;8;1238;4
1028;9912;9901;1;11
1029;9923;3;3307;2
1030;9925;2;4962;1
1031;9926;9923;1;3
1032;9929;2;4964;1
1033;9930;4;2482;2
1034;9932;9;1103;5
1035;9937;2;4968;1
1036;9938;3;3312;2
1037;9940;6;1656;4
1038;9944;1987;5;9
1039;9953;2;4976;1
1040;9954;4;2488;2
1041;9956;8;1244;4
1042;9960;16;622;8
1043;9968;39;255;23
1044;9991;3329;3;4
1045;9995;3;3331;2
1046;9997;2;4998;1
1047;9998;3331;3;5
1048;10003;73;137;2
1049;10005;2;5002;1
1050;10006;7;1429;3
1051;10009;2;5004;1
1052;10010;3;3336;2
1053;10012;15;667;7
1054;10019;3;3339;2
1055;10021;2;5010;1
1056;10022;43;233;3
1057;10025;2;5012;1
1058;10026;4;2506;2
1059;10028;13;771;5
1060;10033;2;5016;1
1061;10034;3;3344;2
1062;10036;6;1672;4
1063;10040;3343;3;11
1064;10051;13;773;2
1065;10053;2;5026;1
1066;10054;19;529;3
1067;10057;2;5028;1
1068;10058;3;3352;2
1069;10060;2011;5;5
1070;10065;2;5032;1
1071;10066;4;2516;2
1072;10068;8;1258;4
1073;10072;29;347;9
1074;10081;2;5040;1
1075;10082;3;3360;2
1076;10084;5;2016;4
1077;10088;9;1120;8
1078;10096;3359;3;19
1079;10115;3;3371;2
1080;10117;2;5058;1
1081;10118;5;2023;3
1082;10121;2;5060;1
1083;10122;4;2530;2
1084;10124;3373;3;5
1085;10129;2;5064;1
1086;10130;3;3376;2
1087;10132;6;1688;4
1088;10136;13;779;9
1089;10145;2;5072;1
1090;10146;4;2536;2
1091;10148;8;1268;4
1092;10152;16;634;8
1093;10160;21;483;17
1094;10177;2;5088;1
1095;10178;3;3392;2
1096;10180;6;1696;4
1097;10184;12;848;8
1098;10192;24;424;16
1099;10208;2029;5;63
1100;10271;35;293;16
1101;10287;19;541;8
1102;10295;41;251;4
1103;10299;7;1471;2
1104;10301;2;5150;1
1105;10302;55;187;17
1106;10319;21;491;8
1107;10327;9;1147;4
1108;10331;3;3443;2
1109;10333;2;5166;1
1110;10334;25;413;9
1111;10343;7;1477;4
1112;10347;5;2069;2
1113;10349;2;5174;1
1114;10350;2069;5;5
1115;10355;3;3451;2
1116;10357;2;5178;1
1117;10358;5;2071;3
1118;10361;2;5180;1
1119;10362;4;2590;2
1120;10364;2069;5;19
1121;10383;25;415;8
1122;10391;13;799;4
1123;10395;19;547;2
1124;10397;2;5198;1
1125;10398;3463;3;9
1126;10407;101;103;4
1127;10411;7;1487;2
1128;10413;2;5206;1
1129;10414;7;1487;5
1130;10419;11;947;2
1131;10421;2;5210;1
1132;10422;23;453;3
1133;10425;2;5212;1
1134;10426;4;2606;2
1135;10428;947;11;11
1136;10439;5;2087;4
1137;10443;53;197;2
1138;10445;2;5222;1
1139;10446;53;197;5
1140;10451;3;3483;2
1141;10453;2;5226;1
1142;10454;7;1493;3
1143;10457;2;5228;1
1144;10458;4;2614;2
1145;10460;10453;1;7
1146;10467;5;2093;2
1147;10469;2;5234;1
1148;10470;9;1163;3
1149;10473;2;5236;1
1150;10474;4;2618;2
1151;10476;37;283;5
1152;10481;2;5240;1
1153;10482;4;2620;2
1154;10484;5;2096;4
1155;10488;35;299;23
1156;10511;9;1167;8
1157;10519;5;2103;4
1158;10523;3;3507;2
1159;10525;2;5262;1
1160;10526;13;809;9
1161;10535;10531;1;4
1162;10539;41;257;2
1163;10541;2;5270;1
1164;10542;41;257;5
1165;10547;3;3515;2
1166;10549;2;5274;1
1167;10550;53;199;3
1168;10553;2;5276;1
1169;10554;4;2638;2
1170;10556;15;703;11
1171;10567;7;1509;4
1172;10571;3;3523;2
1173;10573;2;5286;1
1174;10574;13;813;5
1175;10579;7;1511;2
1176;10581;2;5290;1
1177;10582;71;149;3
1178;10585;2;5292;1
1179;10586;3;3528;2
1180;10588;3527;3;7
1181;10595;3;3531;2
1182;10597;2;5298;1
1183;10598;5;2119;3
1184;10601;2;5300;1
1185;10602;4;2650;2
1186;10604;3533;3;5
1187;10609;2;5304;1
1188;10610;3;3536;2
1189;10612;6;1768;4
1190;10616;10601;1;15
1191;10631;10627;1;4
1192;10635;7;1519;2
1193;10637;2;5318;1
1194;10638;7;1519;5
1195;10643;3;3547;2
1196;10645;2;5322;1
1197;10646;29;367;3
1198;10649;2;5324;1
1199;10650;4;2662;2
1200;10652;2129;5;7
1201;10659;10657;1;2
1202;10661;2;5330;1
1203;10662;11;969;3
1204;10665;2;5332;1
1205;10666;4;2666;2
1206;10668;10663;1;5
1207;10673;2;5336;1
1208;10674;4;2668;2
1209;10676;8;1334;4
1210;10680;47;227;11
1211;10691;3;3563;2
1212;10693;2;5346;1
1213;10694;10691;1;3
1214;10697;2;5348;1
1215;10698;4;2674;2
1216;10700;15;713;5
1217;10705;2;5352;1
1218;10706;3;3568;2
1219;10708;6;1784;4
1220;10712;11;973;9
1221;10721;2;5360;1
1222;10722;4;2680;2
1223;10724;5;2144;4
1224;10728;10;1072;8
1225;10736;2141;5;31
1226;10767;29;371;8
1227;10775;10771;1;4
1228;10779;13;829;2
1229;10781;2;5390;1
1230;10782;19;567;9
1231;10791;7;1541;4
1232;10795;43;251;2
1233;10797;2;5398;1
1234;10798;43;251;5
1235;10803;7;1543;2
1236;10805;2;5402;1
1237;10806;13;831;3
1238;10809;2;5404;1
1239;10810;4;2702;2
1240;10812;1543;7;11
1241;10823;31;349;4
1242;10827;5;2165;2
1243;10829;2;5414;1
1244;10830;25;433;5
1245;10835;3;3611;2
1246;10837;2;5418;1
1247;10838;5;2167;3
1248;10841;2;5420;1
1249;10842;4;2710;2
1250;10844;10837;1;7
1251;10851;19;571;2
1252;10853;2;5426;1
1253;10854;3617;3;3
1254;10857;2;5428;1
1255;10858;4;2714;2
1256;10860;13;835;5
1257;10865;2;5432;1
1258;10866;4;2716;2
1259;10868;7;1552;4
1260;10872;21;517;15
1261;10887;10883;1;4
1262;10891;10889;1;2
1263;10893;2;5446;1
1264;10894;10889;1;5
1265;10899;17;641;2
1266;10901;2;5450;1
1267;10902;7;1557;3
1268;10905;2;5452;1
1269;10906;4;2726;2
1270;10908;11;991;7
1271;10915;7;1559;2
1272;10917;2;5458;1
1273;10918;5;2183;3
1274;10921;2;5460;1
1275;10922;3;3640;2
1276;10924;61;179;5
1277;10929;2;5464;1
1278;10930;4;2732;2
1279;10932;8;1366;4
1280;10936;19;575;11
1281;10947;5;2189;2
1282;10949;2;5474;1
1283;10950;41;267;3
1284;10953;2;5476;1
1285;10954;4;2738;2
1286;10956;47;233;5
1287;10961;2;5480;1
1288;10962;4;2740;2
1289;10964;5;2192;4
1290;10968;13;843;9
1291;10977;2;5488;1
1292;10978;4;2744;2
1293;10980;7;1568;4
1294;10984;14;784;8
1295;10992;1567;7;23
1296;11015;7;1573;4
1297;11019;23;479;2
1298;11021;2;5510;1
1299;11022;23;479;5
1300;11027;3;3675;2
1301;11029;2;5514;1
1302;11030;11027;1;3
1303;11033;2;5516;1
1304;11034;4;2758;2
1305;11036;41;269;7
1306;11043;61;181;2
1307;11045;2;5522;1
1308;11046;9;1227;3
1309;11049;2;5524;1
1310;11050;4;2762;2
1311;11052;11047;1;5
1312;11057;2;5528;1
1313;11058;4;2764;2
1314;11060;8;1382;4
1315;11064;1579;7;11
1316;11075;3;3691;2
1317;11077;2;5538;1
1318;11078;5;2215;3
1319;11081;2;5540;1
1320;11082;4;2770;2
1321;11084;9;1231;5
1322;11089;2;5544;1
1323;11090;3;3696;2
1324;11092;6;1848;4
1325;11096;11087;1;9
1326;11105;2;5552;1
1327;11106;4;2776;2
1328;11108;8;1388;4
1329;11112;16;694;8
1330;11120;653;17;19
1331;11139;7;1591;2
1332;11141;2;5570;1
1333;11142;47;237;3
1334;11145;2;5572;1
1335;11146;4;2786;2
1336;11148;11;1013;5
1337;11153;2;5576;1
1338;11154;4;2788;2
1339;11156;8;1394;4
1340;11160;21;531;9
1341;11169;2;5584;1
1342;11170;4;2792;2
1343;11172;8;1396;4
1344;11176;16;698;8
1345;11184;859;13;17
1346;11201;2;5600;1
1347;11202;4;2800;2
1348;11204;5;2240;4
1349;11208;10;1120;8
1350;11216;20;560;16
1351;11232;2237;5;47
1352;11279;13;867;8
1353;11287;3761;3;4
1354;11291;3;3763;2
1355;11293;2;5646;1
1356;11294;37;305;9
1357;11303;11299;1;4
1358;11307;5;2261;2
1359;11309;2;5654;1
1360;11310;7;1615;5
1361;11315;3;3771;2
1362;11317;2;5658;1
1363;11318;5;2263;3
1364;11321;2;5660;1
1365;11322;4;2830;2
1366;11324;27;419;11
1367;11335;9;1259;4
1368;11339;3;3779;2
1369;11341;2;5670;1
1370;11342;3779;3;5
1371;11347;5;2269;2
1372;11349;2;5674;1
1373;11350;7;1621;3
1374;11353;2;5676;1
1375;11354;3;3784;2
1376;11356;9;1261;7
1377;11363;3;3787;2
1378;11365;2;5682;1
1379;11366;11;1033;3
1380;11369;2;5684;1
1381;11370;4;2842;2
1382;11372;9;1263;5
1383;11377;2;5688;1
1384;11378;3;3792;2
1385;11380;6;1896;4
1386;11384;11369;1;15
1387;11399;5;2279;4
1388;11403;13;877;2
1389;11405;2;5702;1
1390;11406;13;877;5
1391;11411;3;3803;2
1392;11413;2;5706;1
1393;11414;11411;1;3
1394;11417;2;5708;1
1395;11418;4;2854;2
1396;11420;101;113;7
1397;11427;5;2285;2
1398;11429;2;5714;1
1399;11430;13;879;3
1400;11433;2;5716;1
1401;11434;4;2858;2
1402;11436;7;1633;5
1403;11441;2;5720;1
1404;11442;4;2860;2
1405;11444;5;2288;4
1406;11448;11437;1;11
1407;11459;3;3819;2
1408;11461;2;5730;1
1409;11462;7;1637;3
1410;11465;2;5732;1
1411;11466;4;2866;2
1412;11468;3821;3;5
1413;11473;2;5736;1
1414;11474;3;3824;2
1415;11476;6;1912;4
1416;11480;11471;1;9
1417;11489;2;5744;1
1418;11490;4;2872;2
1419;11492;8;1436;4
1420;11496;16;718;8
1421;11504;43;267;23
1422;11527;23;501;4
1423;11531;3;3843;2
1424;11533;2;5766;1
1425;11534;7;1647;5
1426;11539;83;139;2
1427;11541;2;5770;1
1428;11542;11;1049;3
1429;11545;2;5772;1
1430;11546;3;3848;2
1431;11548;3847;3;7
1432;11555;3;3851;2
1433;11557;2;5778;1
1434;11558;5;2311;3
1435;11561;2;5780;1
1436;11562;4;2890;2
1437;11564;3853;3;5
1438;11569;2;5784;1
1439;11570;3;3856;2
1440;11572;6;1928;4
1441;11576;15;771;11
1442;11587;5;2317;2
1443;11589;2;5794;1
1444;11590;11587;1;3
1445;11593;2;5796;1
1446;11594;3;3864;2
1447;11596;67;173;5
1448;11601;2;5800;1
1449;11602;4;2900;2
1450;11604;5;2320;4
1451;11608;1657;7;9
1452;11617;2;5808;1
1453;11618;3;3872;2
1454;11620;6;1936;4
1455;11624;11;1056;8
1456;11632;21;553;19
1457;11651;3;3883;2
1458;11653;2;5826;1
1459;11654;61;191;3
1460;11657;2;5828;1
1461;11658;4;2914;2
1462;11660;7;1665;5
1463;11665;2;5832;1
1464;11666;3;3888;2
1465;11668;6;1944;4
1466;11672;107;109;9
1467;11681;2;5840;1
1468;11682;4;2920;2
1469;11684;5;2336;4
1470;11688;10;1168;8
1471;11696;51;229;17
1472;11713;2;5856;1
1473;11714;3;3904;2
1474;11716;6;1952;4
1475;11720;12;976;8
1476;11728;24;488;16
1477;11744;2341;5;39
1478;11783;11779;1;4
1479;11787;5;2357;2
1480;11789;2;5894;1
1481;11790;2357;5;5
1482;11795;3;3931;2
1483;11797;2;5898;1
1484;11798;5;2359;3
1485;11801;2;5900;1
1486;11802;4;2950;2
1487;11804;47;251;7
1488;11811;7;1687;2
1489;11813;2;5906;1
1490;11814;31;381;3
1491;11817;2;5908;1
1492;11818;4;2954;2
1493;11820;17;695;5
1494;11825;2;5912;1
1495;11826;4;2956;2
1496;11828;8;1478;4
1497;11832;11821;1;11
1498;11843;3;3947;2
1499;11845;2;5922;1
1500;11846;13;911;3
1501;11849;2;5924;1
1502;11850;4;2962;2
1503;11852;11;1077;5
1504;11857;2;5928;1
1505;11858;3;3952;2
1506;11860;6;1976;4
1507;11864;2371;5;9
1508;11873;2;5936;1
1509;11874;4;2968;2
1510;11876;7;1696;4
1511;11880;14;848;8
1512;11888;83;143;19
1513;11907;5;2381;2
1514;11909;2;5954;1
1515;11910;7;1701;3
1516;11913;2;5956;1
1517;11914;4;2978;2
1518;11916;43;277;5
1519;11921;2;5960;1
1520;11922;4;2980;2
1521;11924;5;2384;4
1522;11928;29;411;9
1523;11937;2;5968;1
1524;11938;4;2984;2
1525;11940;8;1492;4
1526;11944;16;746;8
1527;11952;31;385;17
1528;11969;2;5984;1
1529;11970;4;2992;2
1530;11972;8;1496;4
1531;11976;11;1088;8
1532;11984;17;704;16
1533;12000;2393;5;35
1534;12035;3;4011;2
1535;12037;2;6018;1
1536;12038;5;2407;3
1537;12041;2;6020;1
1538;12042;4;3010;2
1539;12044;4013;3;5
1540;12049;2;6024;1
1541;12050;3;4016;2
1542;12052;6;2008;4
1543;12056;1721;7;9
1544;12065;2;6032;1
1545;12066;4;3016;2
1546;12068;8;1508;4
1547;12072;13;928;8
1548;12080;4021;3;17
1549;12097;2;6048;1
1550;12098;3;4032;2
1551;12100;6;2016;4
1552;12104;9;1344;8
1553;12112;18;672;16
1554;12128;41;295;33
1555;12161;2;6080;1
1556;12162;4;3040;2
1557;12164;5;2432;4
1558;12168;10;1216;8
1559;12176;19;640;16
1560;12192;38;320;32
1561;12224;311;39;95
1562;12319;1367;9;16
1563;12335;21;587;8
1564;12343;9;1371;4
1565;12347;3;4115;2
1566;12349;2;6174;1
1567;12350;4111;3;17
1568;12367;17;727;8
1569;12375;89;139;4
1570;12379;12377;1;2
1571;12381;2;6190;1
1572;12382;12373;1;9
1573;12391;4129;3;4
1574;12395;3;4131;2
1575;12397;2;6198;1
1576;12398;9;1377;5
1577;12403;12401;1;2
1578;12405;2;6202;1
1579;12406;79;157;3
1580;12409;2;6204;1
1581;12410;3;4136;2
1582;12412;27;459;19
1583;12431;41;303;8
1584;12439;5;2487;4
1585;12443;3;4147;2
1586;12445;2;6222;1
1587;12446;12437;1;9
1588;12455;12451;1;4
1589;12459;12457;1;2
1590;12461;2;6230;1
1591;12462;12457;1;5
1592;12467;3;4155;2
1593;12469;2;6234;1
1594;12470;7;1781;3
1595;12473;2;6236;1
1596;12474;4;3118;2
1597;12476;15;831;11
1598;12487;9;1387;4
1599;12491;3;4163;2
1600;12493;2;6246;1
1601;12494;23;543;5
1602;12499;12497;1;2
1603;12501;2;6250;1
1604;12502;29;431;3
1605;12505;2;6252;1
1606;12506;3;4168;2
1607;12508;9;1389;7
1608;12515;3;4171;2
1609;12517;2;6258;1
1610;12518;5;2503;3
1611;12521;2;6260;1
1612;12522;4;3130;2
1613;12524;9;1391;5
1614;12529;2;6264;1
1615;12530;3;4176;2
1616;12532;6;2088;4
1617;12536;43;291;23
1618;12559;11;1141;8
1619;12567;17;739;4
1620;12571;12569;1;2
1621;12573;2;6286;1
1622;12574;35;359;9
1623;12583;7;1797;4
1624;12587;3;4195;2
1625;12589;2;6294;1
1626;12590;15;839;5
1627;12595;7;1799;2
1628;12597;2;6298;1
1629;12598;5;2519;3
1630;12601;2;6300;1
1631;12602;3;4200;2
1632;12604;49;257;11
1633;12615;12611;1;4
1634;12619;11;1147;2
1635;12621;2;6310;1
1636;12622;11;1147;5
1637;12627;5;2525;2
1638;12629;2;6314;1
1639;12630;9;1403;3
1640;12633;2;6316;1
1641;12634;4;3158;2
1642;12636;73;173;7
1643;12643;12641;1;2
1644;12645;2;6322;1
1645;12646;47;269;3
1646;12649;2;6324;1
1647;12650;3;4216;2
1648;12652;12647;1;5
1649;12657;2;6328;1
1650;12658;4;3164;2
1651;12660;7;1808;4
1652;12664;91;139;15
1653;12679;5;2535;4
1654;12683;3;4227;2
1655;12685;2;6342;1
1656;12686;9;1409;5
1657;12691;12689;1;2
1658;12693;2;6346;1
1659;12694;7;1813;3
1660;12697;2;6348;1
1661;12698;3;4232;2
1662;12700;4231;3;7
1663;12707;3;4235;2
1664;12709;2;6354;1
1665;12710;97;131;3
1666;12713;2;6356;1
1667;12714;4;3178;2
1668;12716;19;669;5
1669;12721;2;6360;1
1670;12722;3;4240;2
1671;12724;5;2544;4
1672;12728;27;471;11
1673;12739;47;271;2
1674;12741;2;6370;1
1675;12742;12739;1;3
1676;12745;2;6372;1
1677;12746;3;4248;2
1678;12748;12743;1;5
1679;12753;2;6376;1
1680;12754;4;3188;2
1681;12756;8;1594;4
1682;12760;41;311;9
1683;12769;2;6384;1
1684;12770;3;4256;2
1685;12772;6;2128;4
1686;12776;12;1064;8
1687;12784;39;327;31
1688;12815;9;1423;8
1689;12823;4273;3;4
1690;12827;3;4275;2
1691;12829;2;6414;1
1692;12830;12821;1;9
1693;12839;5;2567;4
1694;12843;12841;1;2
1695;12845;2;6422;1
1696;12846;12841;1;5
1697;12851;3;4283;2
1698;12853;2;6426;1
1699;12854;71;181;3
1700;12857;2;6428;1
1701;12858;4;3214;2
1702;12860;4283;3;11
1703;12871;4289;3;4
1704;12875;3;4291;2
1705;12877;2;6438;1
1706;12878;7;1839;5
1707;12883;11;1171;2
1708;12885;2;6442;1
1709;12886;13;991;3
1710;12889;2;6444;1
1711;12890;3;4296;2
1712;12892;15;859;7
1713;12899;3;4299;2
1714;12901;2;6450;1
1715;12902;12899;1;3
1716;12905;2;6452;1
1717;12906;4;3226;2
1718;12908;11;1173;5
1719;12913;2;6456;1
1720;12914;3;4304;2
1721;12916;6;2152;4
1722;12920;29;445;15
1723;12935;67;193;4
1724;12939;17;761;2
1725;12941;2;6470;1
1726;12942;17;761;5
1727;12947;3;4315;2
1728;12949;2;6474;1
1729;12950;11;1177;3
1730;12953;2;6476;1
1731;12954;4;3238;2
1732;12956;23;563;7
1733;12963;13;997;2
1734;12965;2;6482;1
1735;12966;29;447;3
1736;12969;2;6484;1
1737;12970;4;3242;2
1738;12972;12967;1;5
1739;12977;2;6488;1
1740;12978;4;3244;2
1741;12980;8;1622;4
1742;12984;12973;1;11
1743;12995;3;4331;2
1744;12997;2;6498;1
1745;12998;5;2599;3
1746;13001;2;6500;1
1747;13002;4;3250;2
1748;13004;7;1857;5
1749;13009;2;6504;1
1750;13010;3;4336;2
1751;13012;6;2168;4
1752;13016;13007;1;9
1753;13025;2;6512;1
1754;13026;4;3256;2
1755;13028;8;1628;4
1756;13032;11;1184;8
1757;13040;4339;3;23
1758;13063;9;1451;4
1759;13067;3;4355;2
1760;13069;2;6534;1
1761;13070;13;1005;5
1762;13075;17;769;2
1763;13077;2;6538;1
1764;13078;5;2615;3
1765;13081;2;6540;1
1766;13082;3;4360;2
1767;13084;9;1453;7
1768;13091;3;4363;2
1769;13093;2;6546;1
1770;13094;13;1007;3
1771;13097;2;6548;1
1772;13098;4;3274;2
1773;13100;9;1455;5
1774;13105;2;6552;1
1775;13106;3;4368;2
1776;13108;6;2184;4
1777;13112;33;397;11
1778;13123;13121;1;2
1779;13125;2;6562;1
1780;13126;11;1193;3
1781;13129;2;6564;1
1782;13130;3;4376;2
1783;13132;13127;1;5
1784;13137;2;6568;1
1785;13138;4;3284;2
1786;13140;8;1642;4
1787;13144;37;355;9
1788;13153;2;6576;1
1789;13154;3;4384;2
1790;13156;6;2192;4
1791;13160;12;1096;8
1792;13168;27;487;19
1793;13187;3;4395;2
1794;13189;2;6594;1
1795;13190;13187;1;3
1796;13193;2;6596;1
1797;13194;4;3298;2
1798;13196;4397;3;5
1799;13201;2;6600;1
1800;13202;3;4400;2
1801;13204;5;2640;4
1802;13208;67;197;9
1803;13217;2;6608;1
1804;13218;4;3304;2
1805;13220;7;1888;4
1806;13224;14;944;8
1807;13232;881;15;17
1808;13249;2;6624;1
1809;13250;3;4416;2
1810;13252;6;2208;4
1811;13256;9;1472;8
1812;13264;18;736;16
1813;13280;401;33;47
1814;13327;19;701;8
1815;13335;13331;1;4
1816;13339;13337;1;2
1817;13341;2;6670;1
1818;13342;67;199;9
1819;13351;9;1483;4
1820;13355;3;4451;2
1821;13357;2;6678;1
1822;13358;4451;3;5
1823;13363;31;431;2
1824;13365;2;6682;1
1825;13366;7;1909;3
1826;13369;2;6684;1
1827;13370;3;4456;2
1828;13372;31;431;11
1829;13383;17;787;4
1830;13387;5;2677;2
1831;13389;2;6694;1
1832;13390;2677;5;5
1833;13395;59;227;2
1834;13397;2;6698;1
1835;13398;5;2679;3
1836;13401;2;6700;1
1837;13402;4;3350;2
1838;13404;13397;1;7
1839;13411;11;1219;2
1840;13413;2;6706;1
1841;13414;13411;1;3
1842;13417;2;6708;1
1843;13418;3;4472;2
1844;13420;2683;5;5
1845;13425;2;6712;1
1846;13426;4;3356;2
1847;13428;8;1678;4
1848;13432;13417;1;15
1849;13447;4481;3;4
1850;13451;3;4483;2
1851;13453;2;6726;1
1852;13454;4483;3;5
1853;13459;13457;1;2
1854;13461;2;6730;1
1855;13462;43;313;3
1856;13465;2;6732;1
1857;13466;3;4488;2
1858;13468;21;641;7
1859;13475;3;4491;2
1860;13477;2;6738;1
1861;13478;5;2695;3
1862;13481;2;6740;1
1863;13482;4;3370;2
1864;13484;4493;3;5
1865;13489;2;6744;1
1866;13490;3;4496;2
1867;13492;6;2248;4
1868;13496;15;899;11
1869;13507;5;2701;2
1870;13509;2;6754;1
1871;13510;13;1039;3
1872;13513;2;6756;1
1873;13514;3;4504;2
1874;13516;59;229;5
1875;13521;2;6760;1
1876;13522;4;3380;2
1877;13524;5;2704;4
1878;13528;11;1229;9
1879;13537;2;6768;1
1880;13538;3;4512;2
1881;13540;6;2256;4
1882;13544;9;1504;8
1883;13552;83;163;23
1884;13575;41;331;4
1885;13579;13577;1;2
1886;13581;2;6790;1
1887;13582;13577;1;5
1888;13587;5;2717;2
1889;13589;2;6794;1
1890;13590;7;1941;3
1891;13593;2;6796;1
1892;13594;4;3398;2
1893;13596;107;127;7
1894;13603;7;1943;2
1895;13605;2;6802;1
1896;13606;61;223;3
1897;13609;2;6804;1
1898;13610;3;4536;2
1899;13612;11;1237;5
1900;13617;2;6808;1
1901;13618;4;3404;2
1902;13620;8;1702;4
1903;13624;13613;1;11
1904;13635;13633;1;2
1905;13637;2;6818;1
1906;13638;5;2727;3
1907;13641;2;6820;1
1908;13642;4;3410;2
1909;13644;23;593;5
1910;13649;2;6824;1
1911;13650;4;3412;2
1912;13652;8;1706;4
1913;13656;4549;3;9
1914;13665;2;6832;1
1915;13666;4;3416;2
1916;13668;7;1952;4
1917;13672;14;976;8
1918;13680;719;19;19
1919;13699;13697;1;2
1920;13701;2;6850;1
1921;13702;7;1957;3
1922;13705;2;6852;1
1923;13706;3;4568;2
1924;13708;71;193;5
1925;13713;2;6856;1
1926;13714;4;3428;2
1927;13716;8;1714;4
1928;13720;13711;1;9
1929;13729;2;6864;1
1930;13730;3;4576;2
1931;13732;6;2288;4
1932;13736;11;1248;8
1933;13744;37;371;17
1934;13761;2;6880;1
1935;13762;4;3440;2
1936;13764;5;2752;4
1937;13768;10;1376;8
1938;13776;20;688;16
1939;13792;809;17;39
1940;13831;11;1257;4
1941;13835;3;4611;2
1942;13837;2;6918;1
1943;13838;9;1537;5
1944;13843;13841;1;2
1945;13845;2;6922;1
1946;13846;109;127;3
1947;13849;2;6924;1
1948;13850;3;4616;2
1949;13852;13;1065;7
1950;13859;3;4619;2
1951;13861;2;6930;1
1952;13862;13859;1;3
1953;13865;2;6932;1
1954;13866;4;3466;2
1955;13868;4621;3;5
1956;13873;2;6936;1
1957;13874;3;4624;2
1958;13876;6;2312;4
1959;13880;23;603;11
1960;13891;17;817;2
1961;13893;2;6946;1
1962;13894;29;479;3
1963;13897;2;6948;1
1964;13898;3;4632;2
1965;13900;7;1985;5
1966;13905;2;6952;1
1967;13906;4;3476;2
1968;13908;8;1738;4
1969;13912;13903;1;9
1970;13921;2;6960;1
1971;13922;3;4640;2
1972;13924;5;2784;4
1973;13928;10;1392;8
1974;13936;4639;3;19
1975;13955;3;4651;2
1976;13957;2;6978;1
1977;13958;5;2791;3
1978;13961;2;6980;1
1979;13962;4;3490;2
1980;13964;9;1551;5
1981;13969;2;6984;1
1982;13970;3;4656;2
1983;13972;6;2328;4
1984;13976;13967;1;9
1985;13985;2;6992;1
1986;13986;4;3496;2
1987;13988;8;1748;4
1988;13992;16;874;8
1989;14000;59;237;17
1990;14017;2;7008;1
1991;14018;3;4672;2
1992;14020;6;2336;4
1993;14024;12;1168;8
1994;14032;24;584;16
1995;14048;81;173;35
1996;14083;14081;1;2
1997;14085;2;7042;1
1998;14086;14083;1;3
1999;14089;2;7044;1
2000;14090;3;4696;2
2001;14092;14087;1;5
2002;14097;2;7048;1
2003;14098;4;3524;2
2004;14100;8;1762;4
2005;14104;2819;5;9
2006;14113;2;7056;1
2007;14114;3;4704;2
2008;14116;6;2352;4
2009;14120;9;1568;8
2010;14128;103;137;17
2011;14145;2;7072;1
2012;14146;4;3536;2
2013;14148;8;1768;4
2014;14152;13;1088;8
2015;14160;17;832;16
2016;14176;14143;1;33
2017;14209;2;7104;1
2018;14210;3;4736;2
2019;14212;6;2368;4
2020;14216;12;1184;8
2021;14224;24;592;16
2022;14240;37;384;32
2023;14272;83;171;79
2024;14351;21;683;8
2025;14359;5;2871;4
2026;14363;3;4787;2
2027;14365;2;7182;1
2028;14366;49;293;9
2029;14375;7;2053;4
2030;14379;11;1307;2
2031;14381;2;7190;1
2032;14382;11;1307;5
2033;14387;3;4795;2
2034;14389;2;7194;1
2035;14390;14387;1;3
2036;14393;2;7196;1
2037;14394;4;3598;2
2038;14396;15;959;11
2039;14407;4801;3;4
2040;14411;3;4803;2
2041;14413;2;7206;1
2042;14414;9;1601;5
2043;14419;13;1109;2
2044;14421;2;7210;1
2045;14422;14419;1;3
2046;14425;2;7212;1
2047;14426;3;4808;2
2048;14428;11;1311;7
2049;14435;3;4811;2
2050;14437;2;7218;1
2051;14438;5;2887;3
2052;14441;2;7220;1
2053;14442;4;3610;2
2054;14444;4813;3;5
2055;14449;2;7224;1
2056;14450;3;4816;2
2057;14452;6;2408;4
2058;14456;2063;7;15
2059;14471;17;851;4
2060;14475;41;353;2
2061;14477;2;7238;1
2062;14478;41;353;5
2063;14483;3;4827;2
2064;14485;2;7242;1
2065;14486;7;2069;3
2066;14489;2;7244;1
2067;14490;4;3622;2
2068;14492;2897;5;7
2069;14499;7;2071;2
2070;14501;2;7250;1
2071;14502;9;1611;3
2072;14505;2;7252;1
2073;14506;4;3626;2
2074;14508;14503;1;5
2075;14513;2;7256;1
2076;14514;4;3628;2
2077;14516;8;1814;4
2078;14520;1319;11;11
2079;14531;3;4843;2
2080;14533;2;7266;1
2081;14534;11;1321;3
2082;14537;2;7268;1
2083;14538;4;3634;2
2084;14540;9;1615;5
2085;14545;2;7272;1
2086;14546;3;4848;2
2087;14548;6;2424;4
2088;14552;14543;1;9
2089;14561;2;7280;1
2090;14562;4;3640;2
2091;14564;5;2912;4
2092;14568;10;1456;8
2093;14576;27;539;23
2094;14599;5;2919;4
2095;14603;3;4867;2
2096;14605;2;7302;1
2097;14606;31;471;5
2098;14611;7;2087;2
2099;14613;2;7306;1
2100;14614;19;769;3
2101;14617;2;7308;1
2102;14618;3;4872;2
2103;14620;4871;3;7
2104;14627;3;4875;2
2105;14629;2;7314;1
2106;14630;14627;1;3
2107;14633;2;7316;1
2108;14634;4;3658;2
2109;14636;4877;3;5
2110;14641;2;7320;1
2111;14642;3;4880;2
2112;14644;5;2928;4
2113;14648;17;861;11
2114;14659;14657;1;2
2115;14661;2;7330;1
2116;14662;107;137;3
2117;14665;2;7332;1
2118;14666;3;4888;2
2119;14668;11;1333;5
2120;14673;2;7336;1
2121;14674;4;3668;2
2122;14676;7;2096;4
2123;14680;17;863;9
2124;14689;2;7344;1
2125;14690;3;4896;2
2126;14692;6;2448;4
2127;14696;9;1632;8
2128;14704;33;445;19
2129;14723;3;4907;2
2130;14725;2;7362;1
2131;14726;14723;1;3
2132;14729;2;7364;1
2133;14730;4;3682;2
2134;14732;4909;3;5
2135;14737;2;7368;1
2136;14738;3;4912;2
2137;14740;6;2456;4
2138;14744;35;421;9
2139;14753;2;7376;1
2140;14754;4;3688;2
2141;14756;8;1844;4
2142;14760;16;922;8
2143;14768;33;447;17
2144;14785;2;7392;1
2145;14786;3;4928;2
2146;14788;6;2464;4
2147;14792;11;1344;8
2148;14800;21;704;16
2149;14816;2111;7;39
2150;14855;14851;1;4
2151;14859;83;179;2
2152;14861;2;7430;1
2153;14862;83;179;5
2154;14867;3;4955;2
2155;14869;2;7434;1
2156;14870;14867;1;3
2157;14873;2;7436;1
2158;14874;4;3718;2
2159;14876;14869;1;7
2160;14883;23;647;2
2161;14885;2;7442;1
2162;14886;11;1353;3
2163;14889;2;7444;1
2164;14890;4;3722;2
2165;14892;14887;1;5
2166;14897;2;7448;1
2167;14898;4;3724;2
2168;14900;7;2128;4
2169;14904;53;281;11
2170;14915;3;4971;2
2171;14917;2;7458;1
2172;14918;5;2983;3
2173;14921;2;7460;1
2174;14922;4;3730;2
2175;14924;4973;3;5
2176;14929;2;7464;1
2177;14930;3;4976;2
2178;14932;6;2488;4
2179;14936;11;1357;9
2180;14945;2;7472;1
2181;14946;4;3736;2
2182;14948;8;1868;4
2183;14952;16;934;8
2184;14960;67;223;19
2185;14979;17;881;2
2186;14981;2;7490;1
2187;14982;4993;3;3
2188;14985;2;7492;1
2189;14986;4;3746;2
2190;14988;14983;1;5
2191;14993;2;7496;1
2192;14994;4;3748;2
2193;14996;8;1874;4
2194;15000;19;789;9
2195;15009;2;7504;1
2196;15010;4;3752;2
2197;15012;7;2144;4
2198;15016;14;1072;8
2199;15024;43;349;17
2200;15041;2;7520;1
2201;15042;4;3760;2
2202;15044;5;3008;4
2203;15048;10;1504;8
2204;15056;20;752;16
2205;15072;1367;11;35
2206;15107;3;5035;2
2207;15109;2;7554;1
2208;15110;15107;1;3
2209;15113;2;7556;1
2210;15114;4;3778;2
2211;15116;9;1679;5
2212;15121;2;7560;1
2213;15122;3;5040;2
2214;15124;5;3024;4
2215;15128;13;1163;9
2216;15137;2;7568;1
2217;15138;4;3784;2
2218;15140;8;1892;4
2219;15144;11;1376;8
2220;15152;1009;15;17
2221;15169;2;7584;1
2222;15170;3;5056;2
2223;15172;6;2528;4
2224;15176;12;1264;8
2225;15184;24;632;16
2226;15200;523;29;33
2227;15233;2;7616;1
2228;15234;4;3808;2
2229;15236;7;2176;4
2230;15240;14;1088;8
2231;15248;17;896;16
2232;15264;34;448;32
2233;15296;75;203;71
2234;15367;9;1707;4
2235;15371;3;5123;2
2236;15373;2;7686;1
2237;15374;47;327;5
2238;15379;15377;1;2
2239;15381;2;7690;1
2240;15382;7;2197;3
2241;15385;2;7692;1
2242;15386;3;5128;2
2243;15388;9;1709;7
2244;15395;3;5131;2
2245;15397;2;7698;1
2246;15398;5;3079;3
2247;15401;2;7700;1
2248;15402;4;3850;2
2249;15404;9;1711;5
2250;15409;2;7704;1
2251;15410;3;5136;2
2252;15412;6;2568;4
2253;15416;13;1185;11
2254;15427;5;3085;2
2255;15429;2;7714;1
2256;15430;15427;1;3
2257;15433;2;7716;1
2258;15434;3;5144;2
2259;15436;13;1187;5
2260;15441;2;7720;1
2261;15442;4;3860;2
2262;15444;5;3088;4
2263;15448;15439;1;9
2264;15457;2;7728;1
2265;15458;3;5152;2
2266;15460;6;2576;4
2267;15464;12;1288;8
2268;15472;51;303;19
2269;15491;3;5163;2
2270;15493;2;7746;1
2271;15494;7;2213;3
2272;15497;2;7748;1
2273;15498;4;3874;2
2274;15500;15;1033;5
2275;15505;2;7752;1
2276;15506;3;5168;2
2277;15508;6;2584;4
2278;15512;37;419;9
2279;15521;2;7760;1
2280;15522;4;3880;2
2281;15524;5;3104;4
2282;15528;10;1552;8
2283;15536;21;739;17
2284;15553;2;7776;1
2285;15554;3;5184;2
2286;15556;6;2592;4
2287;15560;9;1728;8
2288;15568;18;864;16
2289;15584;71;219;35
2290;15619;7;2231;2
2291;15621;2;7810;1
2292;15622;15619;1;3
2293;15625;2;7812;1
2294;15626;3;5208;2
2295;15628;17;919;5
2296;15633;2;7816;1
2297;15634;4;3908;2
2298;15636;8;1954;4
2299;15640;11;1421;9
2300;15649;2;7824;1
2301;15650;3;5216;2
2302;15652;6;2608;4
2303;15656;12;1304;8
2304;15664;15647;1;17
2305;15681;2;7840;1
2306;15682;4;3920;2
2307;15684;5;3136;4
2308;15688;10;1568;8
2309;15696;20;784;16
2310;15712;15679;1;33
2311;15745;2;7872;1
2312;15746;3;5248;2
2313;15748;6;2624;4
2314;15752;12;1312;8
2315;15760;24;656;16
2316;15776;41;384;32
2317;15808;99;159;67
2318;15875;3;5291;2
2319;15877;2;7938;1
2320;15878;5;3175;3
2321;15881;2;7940;1
2322;15882;4;3970;2
2323;15884;67;237;5
2324;15889;2;7944;1
2325;15890;3;5296;2
2326;15892;6;2648;4
2327;15896;15887;1;9
2328;15905;2;7952;1
2329;15906;4;3976;2
2330;15908;7;2272;4
2331;15912;14;1136;8
2332;15920;19;837;17
2333;15937;2;7968;1
2334;15938;3;5312;2
2335;15940;6;2656;4
2336;15944;12;1328;8
2337;15952;24;664;16
2338;15968;3187;5;33
2339;16001;2;8000;1
2340;16002;4;4000;2
2341;16004;5;3200;4
2342;16008;10;1600;8
2343;16016;20;800;16
2344;16032;40;400;32
2345;16064;5333;3;65
2346;16129;2;8064;1
2347;16130;3;5376;2
2348;16132;6;2688;4
2349;16136;9;1792;8
2350;16144;18;896;16
2351;16160;36;448;32
2352;16192;72;224;64
2353;16256;0;0;16639
2354;32895;32831;1;64
2355;32959;1733;19;32
2356;32991;25;1319;16
2357;33007;32999;1;8
2358;33015;11;3001;4
2359;33019;137;241;2
2360;33021;2;16510;1
2361;33022;32957;1;65
2362;33087;55;601;32
2363;33119;4729;7;16
2364;33135;157;211;8
2365;33143;31;1069;4
2366;33147;5;6629;2
2367;33149;2;16574;1
2368;33150;57;581;33
2369;33183;17;1951;16
2370;33199;33191;1;8
2371;33207;33203;1;4
2372;33211;11;3019;2
2373;33213;2;16606;1
2374;33214;89;373;17
2375;33231;33223;1;8
2376;33239;5;6647;4
2377;33243;13;2557;2
2378;33245;2;16622;1
2379;33246;27;1231;9
2380;33255;41;811;4
2381;33259;7;4751;2
2382;33261;2;16630;1
2383;33262;7;4751;5
2384;33267;5;6653;2
2385;33269;2;16634;1
2386;33270;13;2559;3
2387;33273;2;16636;1
2388;33274;4;8318;2
2389;33276;3019;11;67
2390;33343;33311;1;32
2391;33375;33359;1;16
2392;33391;19;1757;8
2393;33399;5;6679;4
2394;33403;127;263;2
2395;33405;2;16702;1
2396;33406;1451;23;33
2397;33439;39;857;16
2398;33455;11149;3;8
2399;33463;19;1761;4
2400;33467;3;11155;2
2401;33469;2;16734;1
2402;33470;21;1593;17
2403;33487;33479;1;8
2404;33495;107;313;4
2405;33499;19;1763;2
2406;33501;2;16750;1
2407;33502;33493;1;9
2408;33511;9;3723;4
2409;33515;3;11171;2
2410;33517;2;16758;1
2411;33518;11171;3;5
2412;33523;33521;1;2
2413;33525;2;16762;1
2414;33526;7;4789;3
2415;33529;2;16764;1
2416;33530;3;11176;2
2417;33532;41;817;35
2418;33567;4793;7;16
2419;33583;17;1975;8
2420;33591;33587;1;4
2421;33595;7;4799;2
2422;33597;2;16798;1
2423;33598;33581;1;17
2424;33615;4801;7;8
2425;33623;33619;1;4
2426;33627;5;6725;2
2427;33629;2;16814;1
2428;33630;21;1601;9
2429;33639;5;6727;4
2430;33643;33641;1;2
2431;33645;2;16822;1
2432;33646;33641;1;5
2433;33651;7;4807;2
2434;33653;2;16826;1
2435;33654;9;3739;3
2436;33657;2;16828;1
2437;33658;4;8414;2
2438;33660;33641;1;19
2439;33679;11;3061;8
2440;33687;13;2591;4
2441;33691;59;571;2
2442;33693;2;16846;1
2443;33694;6737;5;9
2444;33703;47;717;4
2445;33707;3;11235;2
2446;33709;2;16854;1
2447;33710;7;4815;5
2448;33715;33713;1;2
2449;33717;2;16858;1
2450;33718;5;6743;3
2451;33721;2;16860;1
2452;33722;3;11240;2
2453;33724;33713;1;11
2454;33735;89;379;4
2455;33739;11;3067;2
2456;33741;2;16870;1
2457;33742;11;3067;5
2458;33747;5;6749;2
2459;33749;2;16874;1
2460;33750;7;4821;3
2461;33753;2;16876;1
2462;33754;4;8438;2
2463;33756;33749;1;7
2464;33763;7;4823;2
2465;33765;2;16882;1
2466;33766;19;1777;3
2467;33769;2;16884;1
2468;33770;3;11256;2
2469;33772;33767;1;5
2470;33777;2;16888;1
2471;33778;4;8444;2
2472;33780;8;4222;4
2473;33784;33713;1;71
2474;33855;149;227;32
2475;33887;33871;1;16
2476;33903;6779;5;8
2477;33911;41;827;4
2478;33915;11;3083;2
2479;33917;2;16958;1
2480;33918;45;753;33
2481;33951;55;617;16
2482;33967;29;1171;8
2483;33975;7;4853;4
2484;33979;61;557;2
2485;33981;2;16990;1
2486;33982;6793;5;17
2487;33999;19;1789;8
2488;34007;37;919;4
2489;34011;71;479;2
2490;34013;2;17006;1
2491;34014;15;2267;9
2492;34023;34019;1;4
2493;34027;5;6805;2
2494;34029;2;17014;1
2495;34030;25;1361;5
2496;34035;34033;1;2
2497;34037;2;17018;1
2498;34038;5;6807;3
2499;34041;2;17020;1
2500;34042;4;8510;2
2501;34044;71;479;35
2502;34079;23;1481;16
2503;34095;89;383;8
2504;34103;13;2623;4
2505;34107;5;6821;2
2506;34109;2;17054;1
2507;34110;103;331;17
2508;34127;9;3791;8
2509;34135;31;1101;4
2510;34139;3;11379;2
2511;34141;2;17070;1
2512;34142;11;3103;9
2513;34151;34147;1;4
2514;34155;7;4879;2
2515;34157;2;17078;1
2516;34158;7;4879;5
2517;34163;3;11387;2
2518;34165;2;17082;1
2519;34166;127;269;3
2520;34169;2;17084;1
2521;34170;4;8542;2
2522;34172;41;833;19
2523;34191;34183;1;8
2524;34199;5;6839;4
2525;34203;23;1487;2
2526;34205;2;17102;1
2527;34206;11399;3;9
2528;34215;34211;1;4
2529;34219;34217;1;2
2530;34221;2;17110;1
2531;34222;34217;1;5
2532;34227;5;6845;2
2533;34229;2;17114;1
2534;34230;9;3803;3
2535;34233;2;17116;1
2536;34234;4;8558;2
2537;34236;25;1369;11
2538;34247;11;3113;4
2539;34251;29;1181;2
2540;34253;2;17126;1
2541;34254;29;1181;5
2542;34259;3;11419;2
2543;34261;2;17130;1
2544;34262;34259;1;3
2545;34265;2;17132;1
2546;34266;4;8566;2
2547;34268;34261;1;7
2548;34275;34273;1;2
2549;34277;2;17138;1
2550;34278;5;6855;3
2551;34281;2;17140;1
2552;34282;4;8570;2
2553;34284;7;4897;5
2554;34289;2;17144;1
2555;34290;4;8572;2
2556;34292;8;4286;4
2557;34296;57;601;39
2558;34335;34319;1;16
2559;34351;61;563;8
2560;34359;5;6871;4
2561;34363;34361;1;2
2562;34365;2;17182;1
2563;34366;49;701;17
2564;34383;11;3125;8
2565;34391;137;251;4
2566;34395;163;211;2
2567;34397;2;17198;1
2568;34398;3821;9;9
2569;34407;34403;1;4
2570;34411;19;1811;2
2571;34413;2;17206;1
2572;34414;19;1811;5
2573;34419;127;271;2
2574;34421;2;17210;1
2575;34422;7;4917;3
2576;34425;2;17212;1
2577;34426;4;8606;2
2578;34428;1811;19;19
2579;34447;34439;1;8
2580;34455;47;733;4
2581;34459;34457;1;2
2582;34461;2;17230;1
2583;34462;131;263;9
2584;34471;11489;3;4
2585;34475;3;11491;2
2586;34477;2;17238;1
2587;34478;11491;3;5
2588;34483;29;1189;2
2589;34485;2;17242;1
2590;34486;34483;1;3
2591;34489;2;17244;1
2592;34490;3;11496;2
2593;34492;29;1189;11
2594;34503;34499;1;4
2595;34507;5;6901;2
2596;34509;2;17254;1
2597;34510;67;515;5
2598;34515;34513;1;2
2599;34517;2;17258;1
2600;34518;5;6903;3
2601;34521;2;17260;1
2602;34522;4;8630;2
2603;34524;4931;7;7
2604;34531;11;3139;2
2605;34533;2;17266;1
2606;34534;7;4933;3
2607;34537;2;17268;1
2608;34538;3;11512;2
2609;34540;6907;5;5
2610;34545;2;17272;1
2611;34546;4;8636;2
2612;34548;8;4318;4
2613;34552;43;803;23
2614;34575;13;2659;8
2615;34583;151;229;4
2616;34587;5;6917;2
2617;34589;2;17294;1
2618;34590;11527;3;9
2619;34599;5;6919;4
2620;34603;7;4943;2
2621;34605;2;17302;1
2622;34606;7;4943;5
2623;34611;53;653;2
2624;34613;2;17306;1
2625;34614;83;417;3
2626;34617;2;17308;1
2627;34618;4;8654;2
2628;34620;53;653;11
2629;34631;31;1117;4
2630;34635;59;587;2
2631;34637;2;17318;1
2632;34638;59;587;5
2633;34643;3;11547;2
2634;34645;2;17322;1
2635;34646;7;4949;3
2636;34649;2;17324;1
2637;34650;4;8662;2
2638;34652;13;2665;7
2639;34659;7;4951;2
2640;34661;2;17330;1
2641;34662;9;3851;3
2642;34665;2;17332;1
2643;34666;4;8666;2
2644;34668;17;2039;5
2645;34673;2;17336;1
2646;34674;4;8668;2
2647;34676;8;4334;4
2648;34680;2311;15;15
2649;34695;113;307;4
2650;34699;13;2669;2
2651;34701;2;17350;1
2652;34702;13;2669;5
2653;34707;5;6941;2
2654;34709;2;17354;1
2655;34710;23;1509;3
2656;34713;2;17356;1
2657;34714;4;8678;2
2658;34716;61;569;7
2659;34723;34721;1;2
2660;34725;2;17362;1
2661;34726;13;2671;3
2662;34729;2;17364;1
2663;34730;3;11576;2
2664;34732;7;4961;5
2665;34737;2;17368;1
2666;34738;4;8684;2
2667;34740;8;4342;4
2668;34744;47;739;11
2669;34755;23;1511;2
2670;34757;2;17378;1
2671;34758;5;6951;3
2672;34761;2;17380;1
2673;34762;4;8690;2
2674;34764;34759;1;5
2675;34769;2;17384;1
2676;34770;4;8692;2
2677;34772;8;4346;4
2678;34776;3863;9;9
2679;34785;2;17392;1
2680;34786;4;8696;2
2681;34788;8;4348;4
2682;34792;16;2174;8
2683;34800;34721;1;79
2684;34879;34847;1;32
2685;34911;35;997;16
2686;34927;34919;1;8
2687;34935;13;2687;4
2688;34939;7;4991;2
2689;34941;2;17470;1
2690;34942;4987;7;33
2691;34975;43;813;16
2692;34991;9;3887;8
2693;34999;5;6999;4
2694;35003;3;11667;2
2695;35005;2;17502;1
2696;35006;107;327;17
2697;35023;47;745;8
2698;35031;35027;1;4
2699;35035;53;661;2
2700;35037;2;17518;1
2701;35038;23;1523;9
2702;35047;11681;3;4
2703;35051;3;11683;2
2704;35053;2;17526;1
2705;35054;7;5007;5
2706;35059;11;3187;2
2707;35061;2;17530;1
2708;35062;35059;1;3
2709;35065;2;17532;1
2710;35066;3;11688;2
2711;35068;53;661;35
2712;35103;2699;13;16
2713;35119;35111;1;8
2714;35127;11;3193;4
2715;35131;35129;1;2
2716;35133;2;17566;1
2717;35134;35117;1;17
2718;35151;113;311;8
2719;35159;5;7031;4
2720;35163;7;5023;2
2721;35165;2;17582;1
2722;35166;11719;3;9
2723;35175;35171;1;4
2724;35179;29;1213;2
2725;35181;2;17590;1
2726;35182;29;1213;5
2727;35187;5;7037;2
2728;35189;2;17594;1
2729;35190;37;951;3
2730;35193;2;17596;1
2731;35194;4;8798;2
2732;35196;29;1213;19
2733;35215;17;2071;8
2734;35223;41;859;4
2735;35227;5;7045;2
2736;35229;2;17614;1
2737;35230;35221;1;9
2738;35239;5;7047;4
2739;35243;3;11747;2
2740;35245;2;17622;1
2741;35246;17;2073;5
2742;35251;101;349;2
2743;35253;2;17626;1
2744;35254;35251;1;3
2745;35257;2;17628;1
2746;35258;3;11752;2
2747;35260;101;349;11
2748;35271;35267;1;4
2749;35275;7;5039;2
2750;35277;2;17638;1
2751;35278;7;5039;5
2752;35283;35281;1;2
2753;35285;2;17642;1
2754;35286;19;1857;3
2755;35289;2;17644;1
2756;35290;4;8822;2
2757;35292;7057;5;7
2758;35299;47;751;2
2759;35301;2;17650;1
2760;35302;11;3209;3
2761;35305;2;17652;1
2762;35306;3;11768;2
2763;35308;43;821;5
2764;35313;2;17656;1
2765;35314;4;8828;2
2766;35316;8;4414;4
2767;35320;35281;1;39
2768;35359;17;2079;16
2769;35375;11789;3;8
2770;35383;9;3931;4
2771;35387;3;11795;2
2772;35389;2;17694;1
2773;35390;39;907;17
2774;35407;13;2723;8
2775;35415;17;2083;4
2776;35419;107;331;2
2777;35421;2;17710;1
2778;35422;5059;7;9
2779;35431;7;5061;4
2780;35435;3;11811;2
2781;35437;2;17718;1
2782;35438;9;3937;5
2783;35443;7;5063;2
2784;35445;2;17722;1
2785;35446;23;1541;3
2786;35449;2;17724;1
2787;35450;3;11816;2
2788;35452;31;1143;19
2789;35471;11821;3;8
2790;35479;5;7095;4
2791;35483;3;11827;2
2792;35485;2;17742;1
2793;35486;13;2729;9
2794;35495;35491;1;4
2795;35499;7;5071;2
2796;35501;2;17750;1
2797;35502;7;5071;5
2798;35507;3;11835;2
2799;35509;2;17754;1
2800;35510;35507;1;3
2801;35513;2;17756;1
2802;35514;4;8878;2
2803;35516;15;2367;11
2804;35527;9;3947;4
2805;35531;3;11843;2
2806;35533;2;17766;1
2807;35534;13;2733;5
2808;35539;35537;1;2
2809;35541;2;17770;1
2810;35542;7;5077;3
2811;35545;2;17772;1
2812;35546;3;11848;2
2813;35548;9;3949;7
2814;35555;3;11851;2
2815;35557;2;17778;1
2816;35558;5;7111;3
2817;35561;2;17780;1
2818;35562;4;8890;2
2819;35564;9;3951;5
2820;35569;2;17784;1
2821;35570;3;11856;2
2822;35572;6;5928;4
2823;35576;1693;21;23
2824;35599;35591;1;8
2825;35607;35603;1;4
2826;35611;7;5087;2
2827;35613;2;17806;1
2828;35614;7121;5;9
2829;35623;31;1149;4
2830;35627;3;11875;2
2831;35629;2;17814;1
2832;35630;15;2375;5
2833;35635;13;2741;2
2834;35637;2;17818;1
2835;35638;5;7127;3
2836;35641;2;17820;1
2837;35642;3;11880;2
2838;35644;13;2741;11
2839;35655;7;5093;4
2840;35659;181;197;2
2841;35661;2;17830;1
2842;35662;181;197;5
2843;35667;5;7133;2
2844;35669;2;17834;1
2845;35670;9;3963;3
2846;35673;2;17836;1
2847;35674;4;8918;2
2848;35676;53;673;7
2849;35683;31;1151;2
2850;35685;2;17842;1
2851;35686;17;2099;3
2852;35689;2;17844;1
2853;35690;3;11896;2
2854;35692;127;281;5
2855;35697;2;17848;1
2856;35698;4;8924;2
2857;35700;8;4462;4
2858;35704;89;401;15
2859;35719;5;7143;4
2860;35723;3;11907;2
2861;35725;2;17862;1
2862;35726;7;5103;5
2863;35731;35729;1;2
2864;35733;2;17866;1
2865;35734;35731;1;3
2866;35737;2;17868;1
2867;35738;3;11912;2
2868;35740;43;831;7
2869;35747;3;11915;2
2870;35749;2;17874;1
2871;35750;35747;1;3
2872;35753;2;17876;1
2873;35754;4;8938;2
2874;35756;17;2103;5
2875;35761;2;17880;1
2876;35762;3;11920;2
2877;35764;5;7152;4
2878;35768;29;1233;11
2879;35779;7;5111;2
2880;35781;2;17890;1
2881;35782;37;967;3
2882;35785;2;17892;1
2883;35786;3;11928;2
2884;35788;11;3253;5
2885;35793;2;17896;1
2886;35794;4;8948;2
2887;35796;8;4474;4
2888;35800;5113;7;9
2889;35809;2;17904;1
2890;35810;3;11936;2
2891;35812;6;5968;4
2892;35816;12;2984;8
2893;35824;133;269;47
2894;35871;71;505;16
2895;35887;35879;1;8
2896;35895;19;1889;4
2897;35899;35897;1;2
2898;35901;2;17950;1
2899;35902;7177;5;17
2900;35919;35911;1;8
2901;35927;35923;1;4
2902;35931;19;1891;2
2903;35933;2;17966;1
2904;35934;15;2395;9
2905;35943;83;433;4
2906;35947;5;7189;2
2907;35949;2;17974;1
2908;35950;7;5135;5
2909;35955;157;229;2
2910;35957;2;17978;1
2911;35958;5;7191;3
2912;35961;2;17980;1
2913;35962;4;8990;2
2914;35964;35;1027;19
2915;35983;25;1439;8
2916;35991;7;5141;4
2917;35995;35993;1;2
2918;35997;2;17998;1
2919;35998;17;2117;9
2920;36007;11;3273;4
2921;36011;3;12003;2
2922;36013;2;18006;1
2923;36014;9;4001;5
2924;36019;36017;1;2
2925;36021;2;18010;1
2926;36022;181;199;3
2927;36025;2;18012;1
2928;36026;3;12008;2
2929;36028;36017;1;11
2930;36039;5;7207;4
2931;36043;23;1567;2
2932;36045;2;18022;1
2933;36046;23;1567;5
2934;36051;13;2773;2
2935;36053;2;18026;1
2936;36054;61;591;3
2937;36057;2;18028;1
2938;36058;4;9014;2
2939;36060;31;1163;7
2940;36067;5;7213;2
2941;36069;2;18034;1
2942;36070;36067;1;3
2943;36073;2;18036;1
2944;36074;3;12024;2
2945;36076;7;5153;5
2946;36081;2;18040;1
2947;36082;4;9020;2
2948;36084;5;7216;4
2949;36088;7213;5;23
2950;36111;79;457;8
2951;36119;5;7223;4
2952;36123;41;881;2
2953;36125;2;18062;1
2954;36126;4013;9;9
2955;36135;36131;1;4
2956;36139;36137;1;2
2957;36141;2;18070;1
2958;36142;36137;1;5
2959;36147;5;7229;2
2960;36149;2;18074;1
2961;36150;12049;3;3
2962;36153;2;18076;1
2963;36154;4;9038;2
2964;36156;7229;5;11
2965;36167;29;1247;4
2966;36171;7;5167;2
2967;36173;2;18086;1
2968;36174;7;5167;5
2969;36179;3;12059;2
2970;36181;2;18090;1
2971;36182;11;3289;3
2972;36185;2;18092;1
2973;36186;4;9046;2
2974;36188;97;373;7
2975;36195;17;2129;2
2976;36197;2;18098;1
2977;36198;5;7239;3
2978;36201;2;18100;1
2979;36202;4;9050;2
2980;36204;53;683;5
2981;36209;2;18104;1
2982;36210;4;9052;2
2983;36212;8;4526;4
2984;36216;33;1097;15
2985;36231;17;2131;4
2986;36235;19;1907;2
2987;36237;2;18118;1
2988;36238;19;1907;5
2989;36243;36241;1;2
2990;36245;2;18122;1
2991;36246;9;4027;3
2992;36249;2;18124;1
2993;36250;4;9062;2
2994;36252;11;3295;7
2995;36259;13;2789;2
2996;36261;2;18130;1
2997;36262;101;359;3
2998;36265;2;18132;1
2999;36266;3;12088;2
3000;36268;36263;1;5
3001;36273;2;18136;1
3002;36274;4;9068;2
3003;36276;8;4534;4
3004;36280;36269;1;11
3005;36291;11;3299;2
3006;36293;2;18146;1
3007;36294;12097;3;3
3008;36297;2;18148;1
3009;36298;4;9074;2
3010;36300;7;5185;5
3011;36305;2;18152;1
3012;36306;4;9076;2
3013;36308;8;4538;4
3014;36312;12101;3;9
3015;36321;2;18160;1
3016;36322;4;9080;2
3017;36324;5;7264;4
3018;36328;10;3632;8
3019;36336;53;685;31
3020;36367;103;353;8
3021;36375;37;983;4
3022;36379;11;3307;2
3023;36381;2;18190;1
3024;36382;36373;1;9
3025;36391;9;4043;4
3026;36395;3;12131;2
3027;36397;2;18198;1
3028;36398;7;5199;5
3029;36403;89;409;2
3030;36405;2;18202;1
3031;36406;59;617;3
3032;36409;2;18204;1
3033;36410;3;12136;2
3034;36412;89;409;11
3035;36423;79;461;4
3036;36427;5;7285;2
3037;36429;2;18214;1
3038;36430;25;1457;5
3039;36435;36433;1;2
3040;36437;2;18218;1
3041;36438;5;7287;3
3042;36441;2;18220;1
3043;36442;4;9110;2
3044;36444;83;439;7
3045;36451;7;5207;2
3046;36453;2;18226;1
3047;36454;36451;1;3
3048;36457;2;18228;1
3049;36458;3;12152;2
3050;36460;23;1585;5
3051;36465;2;18232;1
3052;36466;4;9116;2
3053;36468;8;4558;4
3054;36472;36457;1;15
3055;36487;12161;3;4
3056;36491;3;12163;2
3057;36493;2;18246;1
3058;36494;12163;3;5
3059;36499;36497;1;2
3060;36501;2;18250;1
3061;36502;17;2147;3
3062;36505;2;18252;1
3063;36506;3;12168;2
3064;36508;23;1587;7
3065;36515;3;12171;2
3066;36517;2;18258;1
3067;36518;5;7303;3
3068;36521;2;18260;1
3069;36522;4;9130;2
3070;36524;7;5217;5
3071;36529;2;18264;1
3072;36530;3;12176;2
3073;36532;6;6088;4
3074;36536;15;2435;11
3075;36547;5;7309;2
3076;36549;2;18274;1
3077;36550;7;5221;3
3078;36553;2;18276;1
3079;36554;3;12184;2
3080;36556;36551;1;5
3081;36561;2;18280;1
3082;36562;4;9140;2
3083;36564;5;7312;4
3084;36568;36559;1;9
3085;36577;2;18288;1
3086;36578;3;12192;2
3087;36580;6;6096;4
3088;36584;9;4064;8
3089;36592;29;1261;23
3090;36615;31;1181;4
3091;36619;7;5231;2
3092;36621;2;18310;1
3093;36622;7;5231;5
3094;36627;5;7325;2
3095;36629;2;18314;1
3096;36630;29;1263;3
3097;36633;2;18316;1
3098;36634;4;9158;2
3099;36636;36629;1;7
3100;36643;11;3331;2
3101;36645;2;18322;1
3102;36646;36643;1;3
3103;36649;2;18324;1
3104;36650;3;12216;2
3105;36652;13;2819;5
3106;36657;2;18328;1
3107;36658;4;9164;2
3108;36660;8;4582;4
3109;36664;36653;1;11
3110;36675;7;5239;2
3111;36677;2;18338;1
3112;36678;5;7335;3
3113;36681;2;18340;1
3114;36682;4;9170;2
3115;36684;43;853;5
3116;36689;2;18344;1
3117;36690;4;9172;2
3118;36692;8;4586;4
3119;36696;21;1747;9
3120;36705;2;18352;1
3121;36706;4;9176;2
3122;36708;8;4588;4
3123;36712;16;2294;8
3124;36720;49;749;19
3125;36739;17;2161;2
3126;36741;2;18370;1
3127;36742;36739;1;3
3128;36745;2;18372;1
3129;36746;3;12248;2
3130;36748;7;5249;5
3131;36753;2;18376;1
3132;36754;4;9188;2
3133;36756;8;4594;4
3134;36760;11;3341;9
3135;36769;2;18384;1
3136;36770;3;12256;2
3137;36772;6;6128;4
3138;36776;12;3064;8
3139;36784;36767;1;17
3140;36801;2;18400;1
3141;36802;4;9200;2
3142;36804;5;7360;4
3143;36808;10;3680;8
3144;36816;20;1840;16
3145;36832;2161;17;95
3146;36927;47;785;32
3147;36959;36943;1;16
3148;36975;5281;7;8
3149;36983;36979;1;4
3150;36987;5;7397;2
3151;36989;2;18494;1
3152;36990;97;381;33
3153;37023;23;1609;16
3154;37039;19;1949;8
3155;37047;17;2179;4
3156;37051;37049;1;2
3157;37053;2;18526;1
3158;37054;37;1001;17
3159;37071;13;2851;8
3160;37079;5;7415;4
3161;37083;11;3371;2
3162;37085;2;18542;1
3163;37086;17;2181;9
3164;37095;29;1279;4
3165;37099;37097;1;2
3166;37101;2;18550;1
3167;37102;37097;1;5
3168;37107;5;7421;2
3169;37109;2;18554;1
3170;37110;7;5301;3
3171;37113;2;18556;1
3172;37114;4;9278;2
3173;37116;3371;11;35
3174;37151;35;1061;16
3175;37167;37159;1;8
3176;37175;37171;1;4
3177;37179;7;5311;2
3178;37181;2;18590;1
3179;37182;7433;5;17
3180;37199;11;3381;8
3181;37207;12401;3;4
3182;37211;3;12403;2
3183;37213;2;18606;1
3184;37214;35;1063;9
3185;37223;7;5317;4
3186;37227;5;7445;2
3187;37229;2;18614;1
3188;37230;25;1489;5
3189;37235;3;12411;2
3190;37237;2;18618;1
3191;37238;5;7447;3
3192;37241;2;18620;1
3193;37242;4;9310;2
3194;37244;25;1489;19
3195;37263;7451;5;8
3196;37271;83;449;4
3197;37275;37273;1;2
3198;37277;2;18638;1
3199;37278;41;909;9
3200;37287;23;1621;4
3201;37291;7;5327;2
3202;37293;2;18646;1
3203;37294;7;5327;5
3204;37299;13;2869;2
3205;37301;2;18650;1
3206;37302;12433;3;3
3207;37305;2;18652;1
3208;37306;4;9326;2
3209;37308;13;2869;11
3210;37319;5;7463;4
3211;37323;37321;1;2
3212;37325;2;18662;1
3213;37326;37321;1;5
3214;37331;3;12443;2
3215;37333;2;18666;1
3216;37334;7;5333;3
3217;37337;2;18668;1
3218;37338;4;9334;2
3219;37340;37;1009;7
3220;37347;5;7469;2
3221;37349;2;18674;1
3222;37350;59;633;3
3223;37353;2;18676;1
3224;37354;4;9338;2
3225;37356;41;911;5
3226;37361;2;18680;1
3227;37362;4;9340;2
3228;37364;5;7472;4
3229;37368;69;541;39
3230;37407;139;269;16
3231;37423;35;1069;8
3232;37431;13;2879;4
3233;37435;11;3403;2
3234;37437;2;18718;1
3235;37438;23;1627;17
3236;37455;37447;1;8
3237;37463;47;797;4
3238;37467;5;7493;2
3239;37469;2;18734;1
3240;37470;12487;3;9
3241;37479;5;7495;4
3242;37483;37;1013;2
3243;37485;2;18742;1
3244;37486;37;1013;5
3245;37491;37489;1;2
3246;37493;2;18746;1
3247;37494;12497;3;3
3248;37497;2;18748;1
3249;37498;4;9374;2
3250;37500;37;1013;19
3251;37519;37511;1;8
3252;37527;157;239;4
3253;37531;37529;1;2
3254;37533;2;18766;1
3255;37534;19;1975;9
3256;37543;9;4171;4
3257;37547;3;12515;2
3258;37549;2;18774;1
3259;37550;15;2503;5
3260;37555;17;2209;2
3261;37557;2;18778;1
3262;37558;5;7511;3
3263;37561;2;18780;1
3264;37562;3;12520;2
3265;37564;17;2209;11
3266;37575;37571;1;4
3267;37579;53;709;2
3268;37581;2;18790;1
3269;37582;53;709;5
3270;37587;5;7517;2
3271;37589;2;18794;1
3272;37590;11;3417;3
3273;37593;2;18796;1
3274;37594;4;9398;2
3275;37596;37589;1;7
3276;37603;19;1979;2
3277;37605;2;18802;1
3278;37606;31;1213;3
3279;37609;2;18804;1
3280;37610;3;12536;2
3281;37612;37607;1;5
3282;37617;2;18808;1
3283;37618;4;9404;2
3284;37620;8;4702;4
3285;37624;1979;19;23
3286;37647;19;1981;8
3287;37655;23;1637;4
3288;37659;37657;1;2
3289;37661;2;18830;1
3290;37662;11;3423;9
3291;37671;7;5381;4
3292;37675;101;373;2
3293;37677;2;18838;1
3294;37678;101;373;5
3295;37683;7;5383;2
3296;37685;2;18842;1
3297;37686;9;4187;3
3298;37689;2;18844;1
3299;37690;4;9422;2
3300;37692;49;769;11
3301;37703;37699;1;4
3302;37707;5;7541;2
3303;37709;2;18854;1
3304;37710;7541;5;5
3305;37715;3;12571;2
3306;37717;2;18858;1
3307;37718;5;7543;3
3308;37721;2;18860;1
3309;37722;4;9430;2
3310;37724;37717;1;7
3311;37731;29;1301;2
3312;37733;2;18866;1
3313;37734;12577;3;3
3314;37737;2;18868;1
3315;37738;4;9434;2
3316;37740;7547;5;5
3317;37745;2;18872;1
3318;37746;4;9436;2
3319;37748;7;5392;4
3320;37752;21;1797;15
3321;37767;11;3433;4
3322;37771;179;211;2
3323;37773;2;18886;1
3324;37774;179;211;5
3325;37779;37;1021;2
3326;37781;2;18890;1
3327;37782;7;5397;3
3328;37785;2;18892;1
3329;37786;4;9446;2
3330;37788;37781;1;7
3331;37795;7;5399;2
3332;37797;2;18898;1
3333;37798;5;7559;3
3334;37801;2;18900;1
3335;37802;3;12600;2
3336;37804;37799;1;5
3337;37809;2;18904;1
3338;37810;4;9452;2
3339;37812;8;4726;4
3340;37816;7561;5;11
3341;37827;5;7565;2
3342;37829;2;18914;1
3343;37830;9;4203;3
3344;37833;2;18916;1
3345;37834;4;9458;2
3346;37836;37831;1;5
3347;37841;2;18920;1
3348;37842;4;9460;2
3349;37844;5;7568;4
3350;37848;12613;3;9
3351;37857;2;18928;1
3352;37858;4;9464;2
3353;37860;7;5408;4
3354;37864;13;2912;8
3355;37872;85;445;47
3356;37919;29;1307;16
3357;37935;17;2231;8
3358;37943;11;3449;4
3359;37947;5;7589;2
3360;37949;2;18974;1
3361;37950;5419;7;17
3362;37967;12653;3;8
3363;37975;9;4219;4
3364;37979;3;12659;2
3365;37981;2;18990;1
3366;37982;13;2921;9
3367;37991;37987;1;4
3368;37995;37993;1;2
3369;37997;2;18998;1
3370;37998;37993;1;5
3371;38003;3;12667;2
3372;38005;2;19002;1
3373;38006;7;5429;3
3374;38009;2;19004;1
3375;38010;4;9502;2
3376;38012;37993;1;19
3377;38031;47;809;8
3378;38039;5;7607;4
3379;38043;109;349;2
3380;38045;2;19022;1
3381;38046;31;1227;9
3382;38055;13;2927;4
3383;38059;19;2003;2
3384;38061;2;19030;1
3385;38062;19;2003;5
3386;38067;5;7613;2
3387;38069;2;19034;1
3388;38070;12689;3;3
3389;38073;2;19036;1
3390;38074;4;9518;2
3391;38076;23;1655;11
3392;38087;38083;1;4
3393;38091;41;929;2
3394;38093;2;19046;1
3395;38094;41;929;5
3396;38099;3;12699;2
3397;38101;2;19050;1
3398;38102;31;1229;3
3399;38105;2;19052;1
3400;38106;4;9526;2
3401;38108;5443;7;7
3402;38115;38113;1;2
3403;38117;2;19058;1
3404;38118;5;7623;3
3405;38121;2;19060;1
3406;38122;4;9530;2
3407;38124;38119;1;5
3408;38129;2;19064;1
3409;38130;4;9532;2
3410;38132;8;4766;4
3411;38136;38113;1;23
3412;38159;9;4239;8
3413;38167;12721;3;4
3414;38171;3;12723;2
3415;38173;2;19086;1
3416;38174;17;2245;9
3417;38183;73;523;4
3418;38187;5;7637;2
3419;38189;2;19094;1
3420;38190;7;5455;5
3421;38195;3;12731;2
3422;38197;2;19098;1
3423;38198;5;7639;3
3424;38201;2;19100;1
3425;38202;4;9550;2
3426;38204;29;1317;11
3427;38215;47;813;4
3428;38219;3;12739;2
3429;38221;2;19110;1
3430;38222;12739;3;5
3431;38227;5;7645;2
3432;38229;2;19114;1
3433;38230;7;5461;3
3434;38233;2;19116;1
3435;38234;3;12744;2
3436;38236;12743;3;7
3437;38243;3;12747;2
3438;38245;2;19122;1
3439;38246;167;229;3
3440;38249;2;19124;1
3441;38250;4;9562;2
3442;38252;11;3477;5
3443;38257;2;19128;1
3444;38258;3;12752;2
3445;38260;6;6376;4
3446;38264;23;1663;15
3447;38279;5;7655;4
3448;38283;38281;1;2
3449;38285;2;19142;1
3450;38286;38281;1;5
3451;38291;3;12763;2
3452;38293;2;19146;1
3453;38294;11;3481;3
3454;38297;2;19148;1
3455;38298;4;9574;2
3456;38300;149;257;7
3457;38307;5;7661;2
3458;38309;2;19154;1
3459;38310;113;339;3
3460;38313;2;19156;1
3461;38314;4;9578;2
3462;38316;7;5473;5
3463;38321;2;19160;1
3464;38322;4;9580;2
3465;38324;5;7664;4
3466;38328;38317;1;11
3467;38339;3;12779;2
3468;38341;2;19170;1
3469;38342;7;5477;3
3470;38345;2;19172;1
3471;38346;4;9586;2
3472;38348;12781;3;5
3473;38353;2;19176;1
3474;38354;3;12784;2
3475;38356;6;6392;4
3476;38360;38351;1;9
3477;38369;2;19184;1
3478;38370;4;9592;2
3479;38372;8;4796;4
3480;38376;11;3488;8
3481;38384;5479;7;31
3482;38415;193;199;8
3483;38423;103;373;4
3484;38427;5;7685;2
3485;38429;2;19214;1
3486;38430;27;1423;9
3487;38439;5;7687;4
3488;38443;13;2957;2
3489;38445;2;19222;1
3490;38446;13;2957;5
3491;38451;38449;1;2
3492;38453;2;19226;1
3493;38454;7;5493;3
3494;38457;2;19228;1
3495;38458;4;9614;2
3496;38460;38449;1;11
3497;38471;11;3497;4
3498;38475;79;487;2
3499;38477;2;19238;1
3500;38478;79;487;5
3501;38483;3;12827;2
3502;38485;2;19242;1
3503;38486;29;1327;3
3504;38489;2;19244;1
3505;38490;4;9622;2
3506;38492;43;895;7
3507;38499;137;281;2
3508;38501;2;19250;1
3509;38502;41;939;3
3510;38505;2;19252;1
3511;38506;4;9626;2
3512;38508;139;277;5
3513;38513;2;19256;1
3514;38514;4;9628;2
3515;38516;8;4814;4
3516;38520;17;2265;15
3517;38535;53;727;4
3518;38539;89;433;2
3519;38541;2;19270;1
3520;38542;89;433;5
3521;38547;5;7709;2
3522;38549;2;19274;1
3523;38550;9;4283;3
3524;38553;2;19276;1
3525;38554;4;9638;2
3526;38556;5507;7;7
3527;38563;38561;1;2
3528;38565;2;19282;1
3529;38566;7;5509;3
3530;38569;2;19284;1
3531;38570;3;12856;2
3532;38572;38567;1;5
3533;38577;2;19288;1
3534;38578;4;9644;2
3535;38580;8;4822;4
3536;38584;17;2269;11
3537;38595;38593;1;2
3538;38597;2;19298;1
3539;38598;5;7719;3
3540;38601;2;19300;1
3541;38602;4;9650;2
3542;38604;11;3509;5
3543;38609;2;19304;1
3544;38610;4;9652;2
3545;38612;8;4826;4
3546;38616;17;2271;9
3547;38625;2;19312;1
3548;38626;4;9656;2
3549;38628;8;4828;4
3550;38632;16;2414;8
3551;38640;73;529;23
3552;38663;67;577;4
3553;38667;5;7733;2
3554;38669;2;19334;1
3555;38670;11;3515;5
3556;38675;3;12891;2
3557;38677;2;19338;1
3558;38678;5;7735;3
3559;38681;2;19340;1
3560;38682;4;9670;2
3561;38684;38677;1;7
3562;38691;7;5527;2
3563;38693;2;19346;1
3564;38694;9;4299;3
3565;38697;2;19348;1
3566;38698;4;9674;2
3567;38700;71;545;5
3568;38705;2;19352;1
3569;38706;4;9676;2
3570;38708;8;4838;4
3571;38712;13;2977;11
3572;38723;3;12907;2
3573;38725;2;19362;1
3574;38726;38723;1;3
3575;38729;2;19364;1
3576;38730;4;9682;2
3577;38732;9;4303;5
3578;38737;2;19368;1
3579;38738;3;12912;2
3580;38740;6;6456;4
3581;38744;61;635;9
3582;38753;2;19376;1
3583;38754;4;9688;2
3584;38756;7;5536;4
3585;38760;14;2768;8
3586;38768;38749;1;19
3587;38787;5;7757;2
3588;38789;2;19394;1
3589;38790;7;5541;3
3590;38793;2;19396;1
3591;38794;4;9698;2
3592;38796;38791;1;5
3593;38801;2;19400;1
3594;38802;4;9700;2
3595;38804;5;7760;4
3596;38808;27;1437;9
3597;38817;2;19408;1
3598;38818;4;9704;2
3599;38820;8;4852;4
3600;38824;16;2426;8
3601;38832;35;1109;17
3602;38849;2;19424;1
3603;38850;4;9712;2
3604;38852;8;4856;4
3605;38856;16;2428;8
3606;38864;32;1214;16
3607;38880;171;227;63
3608;38943;67;581;16
3609;38959;11;3541;8
3610;38967;47;829;4
3611;38971;7;5567;2
3612;38973;2;19486;1
3613;38974;163;239;17
3614;38991;5569;7;8
3615;38999;5;7799;4
3616;39003;43;907;2
3617;39005;2;19502;1
3618;39006;21;1857;9
3619;39015;7;5573;4
3620;39019;11;3547;2
3621;39021;2;19510;1
3622;39022;11;3547;5
3623;39027;5;7805;2
3624;39029;2;19514;1
3625;39030;13009;3;3
3626;39033;2;19516;1
3627;39034;4;9758;2
3628;39036;3547;11;19
3629;39055;39047;1;8
3630;39063;139;281;4
3631;39067;5;7813;2
3632;39069;2;19534;1
3633;39070;11;3551;9
3634;39079;5;7815;4
3635;39083;3;13027;2
3636;39085;2;19542;1
3637;39086;7;5583;5
3638;39091;39089;1;2
3639;39093;2;19546;1
3640;39094;13;3007;3
3641;39097;2;19548;1
3642;39098;3;13032;2
3643;39100;39089;1;11
3644;39111;39107;1;4
3645;39115;39113;1;2
3646;39117;2;19558;1
3647;39118;39113;1;5
3648;39123;19;2059;2
3649;39125;2;19562;1
3650;39126;7;5589;3
3651;39129;2;19564;1
3652;39130;4;9782;2
3653;39132;25;1565;7
3654;39139;7;5591;2
3655;39141;2;19570;1
3656;39142;39139;1;3
3657;39145;2;19572;1
3658;39146;3;13048;2
3659;39148;13;3011;5
3660;39153;2;19576;1
3661;39154;4;9788;2
3662;39156;8;4894;4
3663;39160;5591;7;23
3664;39183;25;1567;8
3665;39191;149;263;4
3666;39195;7;5599;2
3667;39197;2;19598;1
3668;39198;13063;3;9
3669;39207;197;199;4
3670;39211;39209;1;2
3671;39213;2;19606;1
3672;39214;39209;1;5
3673;39219;39217;1;2
3674;39221;2;19610;1
3675;39222;17;2307;3
3676;39225;2;19612;1
3677;39226;4;9806;2
3678;39228;39217;1;11
3679;39239;5;7847;4
3680;39243;39241;1;2
3681;39245;2;19622;1
3682;39246;39241;1;5
3683;39251;3;13083;2
3684;39253;2;19626;1
3685;39254;39251;1;3
3686;39257;2;19628;1
3687;39258;4;9814;2
3688;39260;17;2309;7
3689;39267;5;7853;2
3690;39269;2;19634;1
3691;39270;9;4363;3
3692;39273;2;19636;1
3693;39274;4;9818;2
3694;39276;173;227;5
3695;39281;2;19640;1
3696;39282;4;9820;2
3697;39284;5;7856;4
3698;39288;19;2067;15
3699;39303;13;3023;4
3700;39307;5;7861;2
3701;39309;2;19654;1
3702;39310;7;5615;5
3703;39315;39313;1;2
3704;39317;2;19658;1
3705;39318;5;7863;3
3706;39321;2;19660;1
3707;39322;4;9830;2
3708;39324;39317;1;7
3709;39331;67;587;2
3710;39333;2;19666;1
3711;39334;37;1063;3
3712;39337;2;19668;1
3713;39338;3;13112;2
3714;39340;7867;5;5
3715;39345;2;19672;1
3716;39346;4;9836;2
3717;39348;8;4918;4
3718;39352;39341;1;11
3719;39363;7;5623;2
3720;39365;2;19682;1
3721;39366;13121;3;3
3722;39369;2;19684;1
3723;39370;4;9842;2
3724;39372;39367;1;5
3725;39377;2;19688;1
3726;39378;4;9844;2
3727;39380;8;4922;4
3728;39384;15;2625;9
3729;39393;2;19696;1
3730;39394;4;9848;2
3731;39396;8;4924;4
3732;39400;16;2462;8
3733;39408;169;233;31
3734;39439;43;917;8
3735;39447;39443;1;4
3736;39451;103;383;2
3737;39453;2;19726;1
3738;39454;23;1715;9
3739;39463;7;5637;4
3740;39467;3;13155;2
3741;39469;2;19734;1
3742;39470;9;4385;5
3743;39475;7;5639;2
3744;39477;2;19738;1
3745;39478;5;7895;3
3746;39481;2;19740;1
3747;39482;3;13160;2
3748;39484;5639;7;11
3749;39495;17;2323;4
3750;39499;127;311;2
3751;39501;2;19750;1
3752;39502;127;311;5
3753;39507;5;7901;2
3754;39509;2;19754;1
3755;39510;13;3039;3
3756;39513;2;19756;1
3757;39514;4;9878;2
3758;39516;39509;1;7
3759;39523;39521;1;2
3760;39525;2;19762;1
3761;39526;11;3593;3
3762;39529;2;19764;1
3763;39530;3;13176;2
3764;39532;29;1363;5
3765;39537;2;19768;1
3766;39538;4;9884;2
3767;39540;7;5648;4
3768;39544;5647;7;15
3769;39559;5;7911;4
3770;39563;3;13187;2
3771;39565;2;19782;1
3772;39566;13187;3;5
3773;39571;39569;1;2
3774;39573;2;19786;1
3775;39574;7;5653;3
3776;39577;2;19788;1
3777;39578;3;13192;2
3778;39580;9;4397;7
3779;39587;3;13195;2
3780;39589;2;19794;1
3781;39590;31;1277;3
3782;39593;2;19796;1
3783;39594;4;9898;2
3784;39596;9;4399;5
3785;39601;2;19800;1
3786;39602;3;13200;2
3787;39604;5;7920;4
3788;39608;67;591;11
3789;39619;173;229;2
3790;39621;2;19810;1
3791;39622;39619;1;3
3792;39625;2;19812;1
3793;39626;3;13208;2
3794;39628;39623;1;5
3795;39633;2;19816;1
3796;39634;4;9908;2
3797;39636;8;4954;4
3798;39640;39631;1;9
3799;39649;2;19824;1
3800;39650;3;13216;2
3801;39652;6;6608;4
3802;39656;12;3304;8
3803;39664;49;809;23
3804;39687;7;5669;4
3805;39691;13;3053;2
3806;39693;2;19846;1
3807;39694;13;3053;5
3808;39699;7;5671;2
3809;39701;2;19850;1
3810;39702;9;4411;3
3811;39705;2;19852;1
3812;39706;4;9926;2
3813;39708;29;1369;7
3814;39715;151;263;2
3815;39717;2;19858;1
3816;39718;5;7943;3
3817;39721;2;19860;1
3818;39722;3;13240;2
3819;39724;39719;1;5
3820;39729;2;19864;1
3821;39730;4;9932;2
3822;39732;8;4966;4
3823;39736;25;1589;11
3824;39747;5;7949;2
3825;39749;2;19874;1
3826;39750;13249;3;3
3827;39753;2;19876;1
3828;39754;4;9938;2
3829;39756;127;313;5
3830;39761;2;19880;1
3831;39762;4;9940;2
3832;39764;5;7952;4
3833;39768;29;1371;9
3834;39777;2;19888;1
3835;39778;4;9944;2
3836;39780;8;4972;4
3837;39784;11;3616;8
3838;39792;31;1283;19
3839;39811;7;5687;2
3840;39813;2;19906;1
3841;39814;41;971;3
3842;39817;2;19908;1
3843;39818;3;13272;2
3844;39820;7963;5;5
3845;39825;2;19912;1
3846;39826;4;9956;2
3847;39828;8;4978;4
3848;39832;5689;7;9
3849;39841;2;19920;1
3850;39842;3;13280;2
3851;39844;5;7968;4
3852;39848;10;3984;8
3853;39856;39839;1;17
3854;39873;2;19936;1
3855;39874;4;9968;2
3856;39876;7;5696;4
3857;39880;14;2848;8
3858;39888;28;1424;16
3859;39904;39857;1;47
3860;39951;59;677;8
3861;39959;5;7991;4
3862;39963;89;449;2
3863;39965;2;19982;1
3864;39966;19;2103;9
3865;39975;39971;1;4
3866;39979;7;5711;2
3867;39981;2;19990;1
3868;39982;7;5711;5
3869;39987;5;7997;2
3870;39989;2;19994;1
3871;39990;9;4443;3
3872;39993;2;19996;1
3873;39994;4;9998;2
3874;39996;55;727;11
3875;40007;109;367;4
3876;40011;40009;1;2
3877;40013;2;20006;1
3878;40014;40009;1;5
3879;40019;3;13339;2
3880;40021;2;20010;1
3881;40022;7;5717;3
3882;40025;2;20012;1
3883;40026;4;10006;2
3884;40028;31;1291;7
3885;40035;7;5719;2
3886;40037;2;20018;1
3887;40038;5;8007;3
3888;40041;2;20020;1
3889;40042;4;10010;2
3890;40044;40039;1;5
3891;40049;2;20024;1
3892;40050;4;10012;2
3893;40052;8;5006;4
3894;40056;27;1483;15
3895;40071;103;389;4
3896;40075;11;3643;2
3897;40077;2;20038;1
3898;40078;11;3643;5
3899;40083;149;269;2
3900;40085;2;20042;1
3901;40086;31;1293;3
3902;40089;2;20044;1
3903;40090;4;10022;2
3904;40092;8017;5;7
3905;40099;101;397;2
3906;40101;2;20050;1
3907;40102;40099;1;3
3908;40105;2;20052;1
3909;40106;3;13368;2
3910;40108;7;5729;5
3911;40113;2;20056;1
3912;40114;4;10028;2
3913;40116;8;5014;4
3914;40120;19;2111;11
3915;40131;40129;1;2
3916;40133;2;20066;1
3917;40134;7;5733;3
3918;40137;2;20068;1
3919;40138;4;10034;2
3920;40140;23;1745;5
3921;40145;2;20072;1
3922;40146;4;10036;2
3923;40148;8;5018;4
3924;40152;13381;3;9
3925;40161;2;20080;1
3926;40162;4;10040;2
3927;40164;5;8032;4
3928;40168;10;4016;8
3929;40176;40153;1;23
3930;40199;5;8039;4
3931;40203;7;5743;2
3932;40205;2;20102;1
3933;40206;7;5743;5
3934;40211;3;13403;2
3935;40213;2;20106;1
3936;40214;79;509;3
3937;40217;2;20108;1
3938;40218;4;10054;2
3939;40220;40213;1;7
3940;40227;5;8045;2
3941;40229;2;20114;1
3942;40230;11;3657;3
3943;40233;2;20116;1
3944;40234;4;10058;2
3945;40236;40231;1;5
3946;40241;2;20120;1
3947;40242;4;10060;2
3948;40244;5;8048;4
3949;40248;40237;1;11
3950;40259;3;13419;2
3951;40261;2;20130;1
3952;40262;127;317;3
3953;40265;2;20132;1
3954;40266;4;10066;2
3955;40268;13421;3;5
3956;40273;2;20136;1
3957;40274;3;13424;2
3958;40276;6;6712;4
3959;40280;11;3661;9
3960;40289;2;20144;1
3961;40290;4;10072;2
3962;40292;8;5036;4
3963;40296;16;2518;8
3964;40304;35;1151;19
3965;40323;61;661;2
3966;40325;2;20162;1
3967;40326;13441;3;3
3968;40329;2;20164;1
3969;40330;4;10082;2
3970;40332;7;5761;5
3971;40337;2;20168;1
3972;40338;4;10084;2
3973;40340;8;5042;4
3974;40344;15;2689;9
3975;40353;2;20176;1
3976;40354;4;10088;2
3977;40356;8;5044;4
3978;40360;13;3104;8
3979;40368;40351;1;17
3980;40385;2;20192;1
3981;40386;4;10096;2
3982;40388;8;5048;4
3983;40392;16;2524;8
3984;40400;32;1262;16
3985;40416;43;939;39
3986;40455;19;2129;4
3987;40459;23;1759;2
3988;40461;2;20230;1
3989;40462;23;1759;5
3990;40467;5;8093;2
3991;40469;2;20234;1
3992;40470;7;5781;3
3993;40473;2;20236;1
3994;40474;4;10118;2
3995;40476;11;3679;7
3996;40483;7;5783;2
3997;40485;2;20242;1
3998;40486;40483;1;3
3999;40489;2;20244;1
4000;40490;3;13496;2
4001;40492;40487;1;5
4002;40497;2;20248;1
4003;40498;4;10124;2
4004;40500;8;5062;4
4005;40504;40493;1;11
4006;40515;11;3683;2
4007;40517;2;20258;1
4008;40518;5;8103;3
4009;40521;2;20260;1
4010;40522;4;10130;2
4011;40524;40519;1;5
4012;40529;2;20264;1
4013;40530;4;10132;2
4014;40532;8;5066;4
4015;40536;19;2133;9
4016;40545;2;20272;1
4017;40546;4;10136;2
4018;40548;7;5792;4
4019;40552;14;2896;8
4020;40560;71;571;19
4021;40579;40577;1;2
4022;40581;2;20290;1
4023;40582;7;5797;3
4024;40585;2;20292;1
4025;40586;3;13528;2
4026;40588;40583;1;5
4027;40593;2;20296;1
4028;40594;4;10148;2
4029;40596;8;5074;4
4030;40600;40591;1;9
4031;40609;2;20304;1
4032;40610;3;13536;2
4033;40612;6;6768;4
4034;40616;9;4512;8
4035;40624;5801;7;17
4036;40641;2;20320;1
4037;40642;4;10160;2
4038;40644;5;8128;4
4039;40648;10;4064;8
4040;40656;20;2032;16
4041;40672;40637;1;35
4042;40707;5;8141;2
4043;40709;2;20354;1
4044;40710;9;4523;3
4045;40713;2;20356;1
4046;40714;4;10178;2
4047;40716;11;3701;5
4048;40721;2;20360;1
4049;40722;4;10180;2
4050;40724;5;8144;4
4051;40728;21;1939;9
4052;40737;2;20368;1
4053;40738;4;10184;2
4054;40740;8;5092;4
4055;40744;16;2546;8
4056;40752;8147;5;17
4057;40769;2;20384;1
4058;40770;4;10192;2
4059;40772;7;5824;4
4060;40776;13;3136;8
4061;40784;26;1568;16
4062;40800;107;381;33
4063;40833;2;20416;1
4064;40834;4;10208;2
4065;40836;8;5104;4
4066;40840;11;3712;8
4067;40848;22;1856;16
4068;40864;44;928;32
4069;40896;691;59;127
4070;41023;179;229;32
4071;41055;41039;1;16
4072;41071;11;3733;8
4073;41079;5;8215;4
4074;41083;41081;1;2
4075;41085;2;20542;1
4076;41086;61;673;33
4077;41119;4567;9;16
4078;41135;13709;3;8
4079;41143;7;5877;4
4080;41147;3;13715;2
4081;41149;2;20574;1
4082;41150;13711;3;17
4083;41167;79;521;8
4084;41175;13;3167;4
4085;41179;41177;1;2
4086;41181;2;20590;1
4087;41182;11;3743;9
4088;41191;13729;3;4
4089;41195;3;13731;2
4090;41197;2;20598;1
4091;41198;9;4577;5
4092;41203;41201;1;2
4093;41205;2;20602;1
4094;41206;41203;1;3
4095;41209;2;20604;1
4096;41210;3;13736;2
4097;41212;41177;1;35
4098;41247;41231;1;16
4099;41263;37;1115;8
4100;41271;29;1423;4
4101;41275;149;277;2
4102;41277;2;20638;1
4103;41278;31;1331;17
4104;41295;19;2173;8
4105;41303;41299;1;4
4106;41307;5;8261;2
4107;41309;2;20654;1
4108;41310;13;3177;9
4109;41319;5;8263;4
4110;41323;7;5903;2
4111;41325;2;20662;1
4112;41326;7;5903;5
4113;41331;37;1117;2
4114;41333;2;20666;1
4115;41334;23;1797;3
4116;41337;2;20668;1
4117;41338;4;10334;2
4118;41340;5903;7;19
4119;41359;41351;1;8
4120;41367;7;5909;4
4121;41371;41;1009;2
4122;41373;2;20686;1
4123;41374;8273;5;9
4124;41383;13;3183;4
4125;41387;3;13795;2
4126;41389;2;20694;1
4127;41390;15;2759;5
4128;41395;11;3763;2
4129;41397;2;20698;1
4130;41398;5;8279;3
4131;41401;2;20700;1
4132;41402;3;13800;2
4133;41404;53;781;11
4134;41415;41411;1;4
4135;41419;83;499;2
4136;41421;2;20710;1
4137;41422;83;499;5
4138;41427;5;8285;2
4139;41429;2;20714;1
4140;41430;9;4603;3
4141;41433;2;20716;1
4142;41434;4;10358;2
4143;41436;17;2437;7
4144;41443;29;1429;2
4145;41445;2;20722;1
4146;41446;41443;1;3
4147;41449;2;20724;1
4148;41450;3;13816;2
4149;41452;7;5921;5
4150;41457;2;20728;1
4151;41458;4;10364;2
4152;41460;8;5182;4
4153;41464;1657;25;39
4154;41503;13829;3;16
4155;41519;101;411;8
4156;41527;13841;3;4
4157;41531;3;13843;2
4158;41533;2;20766;1
4159;41534;21;1977;17
4160;41551;41543;1;8
4161;41559;5;8311;4
4162;41563;13;3197;2
4163;41565;2;20782;1
4164;41566;29;1433;9
4165;41575;9;4619;4
4166;41579;3;13859;2
4167;41581;2;20790;1
4168;41582;13859;3;5
4169;41587;5;8317;2
4170;41589;2;20794;1
4171;41590;7;5941;3
4172;41593;2;20796;1
4173;41594;3;13864;2
4174;41596;13859;3;19
4175;41615;9;4623;8
4176;41623;13873;3;4
4177;41627;3;13875;2
4178;41629;2;20814;1
4179;41630;41621;1;9
4180;41639;5;8327;4
4181;41643;41641;1;2
4182;41645;2;20822;1
4183;41646;41641;1;5
4184;41651;3;13883;2
4185;41653;2;20826;1
4186;41654;41651;1;3
4187;41657;2;20828;1
4188;41658;4;10414;2
4189;41660;13883;3;11
4190;41671;17;2451;4
4191;41675;3;13891;2
4192;41677;2;20838;1
4193;41678;29;1437;5
4194;41683;41681;1;2
4195;41685;2;20842;1
4196;41686;73;571;3
4197;41689;2;20844;1
4198;41690;3;13896;2
4199;41692;15;2779;7
4200;41699;3;13899;2
4201;41701;2;20850;1
4202;41702;7;5957;3
4203;41705;2;20852;1
4204;41706;4;10426;2
4205;41708;13901;3;5
4206;41713;2;20856;1
4207;41714;3;13904;2
4208;41716;6;6952;4
4209;41720;41;1017;23
4210;41743;17;2455;8
4211;41751;109;383;4
4212;41755;43;971;2
4213;41757;2;20878;1
4214;41758;83;503;9
4215;41767;13921;3;4
4216;41771;3;13923;2
4217;41773;2;20886;1
4218;41774;7;5967;5
4219;41779;41777;1;2
4220;41781;2;20890;1
4221;41782;41;1019;3
4222;41785;2;20892;1
4223;41786;3;13928;2
4224;41788;41777;1;11
4225;41799;5;8359;4
4226;41803;41801;1;2
4227;41805;2;20902;1
4228;41806;41801;1;5
4229;41811;41809;1;2
4230;41813;2;20906;1
4231;41814;7;5973;3
4232;41817;2;20908;1
4233;41818;4;10454;2
4234;41820;41813;1;7
4235;41827;5;8365;2
4236;41829;2;20914;1
4237;41830;151;277;3
4238;41833;2;20916;1
4239;41834;3;13944;2
4240;41836;59;709;5
4241;41841;2;20920;1
4242;41842;4;10460;2
4243;41844;5;8368;4
4244;41848;3803;11;15
4245;41863;9;4651;4
4246;41867;3;13955;2
4247;41869;2;20934;1
4248;41870;15;2791;5
4249;41875;13;3221;2
4250;41877;2;20938;1
4251;41878;5;8375;3
4252;41881;2;20940;1
4253;41882;3;13960;2
4254;41884;9;4653;7
4255;41891;3;13963;2
4256;41893;2;20946;1
4257;41894;163;257;3
4258;41897;2;20948;1
4259;41898;4;10474;2
4260;41900;7;5985;5
4261;41905;2;20952;1
4262;41906;3;13968;2
4263;41908;6;6984;4
4264;41912;13967;3;11
4265;41923;11;3811;2
4266;41925;2;20962;1
4267;41926;7;5989;3
4268;41929;2;20964;1
4269;41930;3;13976;2
4270;41932;41927;1;5
4271;41937;2;20968;1
4272;41938;4;10484;2
4273;41940;8;5242;4
4274;41944;8387;5;9
4275;41953;2;20976;1
4276;41954;3;13984;2
4277;41956;6;6992;4
4278;41960;12;3496;8
4279;41968;103;407;47
4280;42015;41999;1;16
4281;42031;42023;1;8
4282;42039;5;8407;4
4283;42043;17;2473;2
4284;42045;2;21022;1
4285;42046;53;793;17
4286;42063;13;3235;8
4287;42071;23;1829;4
4288;42075;42073;1;2
4289;42077;2;21038;1
4290;42078;37;1137;9
4291;42087;42083;1;4
4292;42091;42089;1;2
4293;42093;2;21046;1
4294;42094;42089;1;5
4295;42099;11;3827;2
4296;42101;2;21050;1
4297;42102;14033;3;3
4298;42105;2;21052;1
4299;42106;4;10526;2
4300;42108;42089;1;19
4301;42127;11;3829;8
4302;42135;42131;1;4
4303;42139;29;1453;2
4304;42141;2;21070;1
4305;42142;13;3241;9
4306;42151;7;6021;4
4307;42155;3;14051;2
4308;42157;2;21078;1
4309;42158;14051;3;5
4310;42163;7;6023;2
4311;42165;2;21082;1
4312;42166;11;3833;3
4313;42169;2;21084;1
4314;42170;3;14056;2
4315;42172;19;2219;11
4316;42183;42179;1;4
4317;42187;5;8437;2
4318;42189;2;21094;1
4319;42190;11;3835;5
4320;42195;42193;1;2
4321;42197;2;21098;1
4322;42198;5;8439;3
4323;42201;2;21100;1
4324;42202;4;10550;2
4325;42204;42197;1;7
4326;42211;42209;1;2
4327;42213;2;21106;1
4328;42214;13;3247;3
4329;42217;2;21108;1
4330;42218;3;14072;2
4331;42220;8443;5;5
4332;42225;2;21112;1
4333;42226;4;10556;2
4334;42228;7;6032;4
4335;42232;42209;1;23
4336;42255;83;509;8
4337;42263;7;6037;4
4338;42267;5;8453;2
4339;42269;2;21134;1
4340;42270;14087;3;9
4341;42279;5;8455;4
4342;42283;42281;1;2
4343;42285;2;21142;1
4344;42286;42281;1;5
4345;42291;13;3253;2
4346;42293;2;21146;1
4347;42294;9;4699;3
4348;42297;2;21148;1
4349;42298;4;10574;2
4350;42300;13;3253;11
4351;42311;42307;1;4
4352;42315;17;2489;2
4353;42317;2;21158;1
4354;42318;17;2489;5
4355;42323;3;14107;2
4356;42325;2;21162;1
4357;42326;42323;1;3
4358;42329;2;21164;1
4359;42330;4;10582;2
4360;42332;25;1693;7
4361;42339;42337;1;2
4362;42341;2;21170;1
4363;42342;11;3849;3
4364;42345;2;21172;1
4365;42346;4;10586;2
4366;42348;7;6049;5
4367;42353;2;21176;1
4368;42354;4;10588;2
4369;42356;8;5294;4
4370;42360;45;941;15
4371;42375;7;6053;4
4372;42379;31;1367;2
4373;42381;2;21190;1
4374;42382;31;1367;5
4375;42387;5;8477;2
4376;42389;2;21194;1
4377;42390;71;597;3
4378;42393;2;21196;1
4379;42394;4;10598;2
4380;42396;19;2231;7
4381;42403;109;389;2
4382;42405;2;21202;1
4383;42406;42403;1;3
4384;42409;2;21204;1
4385;42410;3;14136;2
4386;42412;42407;1;5
4387;42417;2;21208;1
4388;42418;4;10604;2
4389;42420;8;5302;4
4390;42424;73;581;11
4391;42435;42433;1;2
4392;42437;2;21218;1
4393;42438;5;8487;3
4394;42441;2;21220;1
4395;42442;4;10610;2
4396;42444;31;1369;5
4397;42449;2;21224;1
4398;42450;4;10612;2
4399;42452;7;6064;4
4400;42456;14149;3;9
4401;42465;2;21232;1
4402;42466;4;10616;2
4403;42468;8;5308;4
4404;42472;16;2654;8
4405;42480;187;227;31
4406;42511;19;2237;8
4407;42519;5;8503;4
4408;42523;101;421;2
4409;42525;2;21262;1
4410;42526;17;2501;9
4411;42535;14177;3;4
4412;42539;3;14179;2
4413;42541;2;21270;1
4414;42542;11;3867;5
4415;42547;5;8509;2
4416;42549;2;21274;1
4417;42550;157;271;3
4418;42553;2;21276;1
4419;42554;3;14184;2
4420;42556;67;635;11
4421;42567;31;1373;4
4422;42571;42569;1;2
4423;42573;2;21286;1
4424;42574;42569;1;5
4425;42579;42577;1;2
4426;42581;2;21290;1
4427;42582;9;4731;3
4428;42585;2;21292;1
4429;42586;4;10646;2
4430;42588;11;3871;7
4431;42595;191;223;2
4432;42597;2;21298;1
4433;42598;5;8519;3
4434;42601;2;21300;1
4435;42602;3;14200;2
4436;42604;41;1039;5
4437;42609;2;21304;1
4438;42610;4;10652;2
4439;42612;8;5326;4
4440;42616;29;1469;15
4441;42631;13;3279;4
4442;42635;3;14211;2
4443;42637;2;21318;1
4444;42638;9;4737;5
4445;42643;42641;1;2
4446;42645;2;21322;1
4447;42646;42643;1;3
4448;42649;2;21324;1
4449;42650;3;14216;2
4450;42652;15;2843;7
4451;42659;3;14219;2
4452;42661;2;21330;1
4453;42662;29;1471;3
4454;42665;2;21332;1
4455;42666;4;10666;2
4456;42668;14221;3;5
4457;42673;2;21336;1
4458;42674;3;14224;2
4459;42676;6;7112;4
4460;42680;33;1293;11
4461;42691;42689;1;2
4462;42693;2;21346;1
4463;42694;11;3881;3
4464;42697;2;21348;1
4465;42698;3;14232;2
4466;42700;8539;5;5
4467;42705;2;21352;1
4468;42706;4;10676;2
4469;42708;8;5338;4
4470;42712;42703;1;9
4471;42721;2;21360;1
4472;42722;3;14240;2
4473;42724;5;8544;4
4474;42728;10;4272;8
4475;42736;121;353;23
4476;42759;5;8551;4
4477;42763;61;701;2
4478;42765;2;21382;1
4479;42766;61;701;5
4480;42771;19;2251;2
4481;42773;2;21386;1
4482;42774;53;807;3
4483;42777;2;21388;1
4484;42778;4;10694;2
4485;42780;42773;1;7
4486;42787;5;8557;2
4487;42789;2;21394;1
4488;42790;42787;1;3
4489;42793;2;21396;1
4490;42794;3;14264;2
4491;42796;7;6113;5
4492;42801;2;21400;1
4493;42802;4;10700;2
4494;42804;5;8560;4
4495;42808;42797;1;11
4496;42819;47;911;2
4497;42821;2;21410;1
4498;42822;7;6117;3
4499;42825;2;21412;1
4500;42826;4;10706;2
4501;42828;11;3893;5
4502;42833;2;21416;1
4503;42834;4;10708;2
4504;42836;8;5354;4
4505;42840;4759;9;9
4506;42849;2;21424;1
4507;42850;4;10712;2
4508;42852;8;5356;4
4509;42856;13;3296;8
4510;42864;41;1045;19
4511;42883;137;313;2
4512;42885;2;21442;1
4513;42886;19;2257;3
4514;42889;2;21444;1
4515;42890;3;14296;2
4516;42892;13;3299;5
4517;42897;2;21448;1
4518;42898;4;10724;2
4519;42900;7;6128;4
4520;42904;23;1865;9
4521;42913;2;21456;1
4522;42914;3;14304;2
4523;42916;6;7152;4
4524;42920;9;4768;8
4525;42928;47;913;17
4526;42945;2;21472;1
4527;42946;4;10736;2
4528;42948;8;5368;4
4529;42952;11;3904;8
4530;42960;22;1952;16
4531;42976;3301;13;63
4532;43039;14341;3;16
4533;43055;9;4783;8
4534;43063;31;1389;4
4535;43067;3;14355;2
4536;43069;2;21534;1
4537;43070;113;381;17
4538;43087;23;1873;8
4539;43095;41;1051;4
4540;43099;71;607;2
4541;43101;2;21550;1
4542;43102;43093;1;9
4543;43111;14369;3;4
4544;43115;3;14371;2
4545;43117;2;21558;1
4546;43118;7;6159;5
4547;43123;13;3317;2
4548;43125;2;21562;1
4549;43126;29;1487;3
4550;43129;2;21564;1
4551;43130;3;14376;2
4552;43132;21;2053;19
4553;43151;73;591;8
4554;43159;5;8631;4
4555;43163;3;14387;2
4556;43165;2;21582;1
4557;43166;103;419;9
4558;43175;23;1877;4
4559;43179;43177;1;2
4560;43181;2;21590;1
4561;43182;43177;1;5
4562;43187;3;14395;2
4563;43189;2;21594;1
4564;43190;19;2273;3
4565;43193;2;21596;1
4566;43194;4;10798;2
4567;43196;15;2879;11
4568;43207;14401;3;4
4569;43211;3;14403;2
4570;43213;2;21606;1
4571;43214;9;4801;5
4572;43219;23;1879;2
4573;43221;2;21610;1
4574;43222;11;3929;3
4575;43225;2;21612;1
4576;43226;3;14408;2
4577;43228;14407;3;7
4578;43235;3;14411;2
4579;43237;2;21618;1
4580;43238;5;8647;3
4581;43241;2;21620;1
4582;43242;4;10810;2
4583;43244;7;6177;5
4584;43249;2;21624;1
4585;43250;3;14416;2
4586;43252;6;7208;4
4587;43256;14411;3;23
4588;43279;43271;1;8
4589;43287;43283;1;4
4590;43291;73;593;2
4591;43293;2;21646;1
4592;43294;11;3935;9
4593;43303;9;4811;4
4594;43307;3;14435;2
4595;43309;2;21654;1
4596;43310;15;2887;5
4597;43315;43313;1;2
4598;43317;2;21658;1
4599;43318;5;8663;3
4600;43321;2;21660;1
4601;43322;3;14440;2
4602;43324;43313;1;11
4603;43335;43331;1;4
4604;43339;7;6191;2
4605;43341;2;21670;1
4606;43342;7;6191;5
4607;43347;5;8669;2
4608;43349;2;21674;1
4609;43350;14449;3;3
4610;43353;2;21676;1
4611;43354;4;10838;2
4612;43356;67;647;7
4613;43363;131;331;2
4614;43365;2;21682;1
4615;43366;103;421;3
4616;43369;2;21684;1
4617;43370;3;14456;2
4618;43372;17;2551;5
4619;43377;2;21688;1
4620;43378;4;10844;2
4621;43380;8;5422;4
4622;43384;31;1399;15
4623;43399;5;8679;4
4624;43403;3;14467;2
4625;43405;2;21702;1
4626;43406;17;2553;5
4627;43411;83;523;2
4628;43413;2;21706;1
4629;43414;43411;1;3
4630;43417;2;21708;1
4631;43418;3;14472;2
4632;43420;29;1497;7
4633;43427;3;14475;2
4634;43429;2;21714;1
4635;43430;43427;1;3
4636;43433;2;21716;1
4637;43434;4;10858;2
4638;43436;31;1401;5
4639;43441;2;21720;1
4640;43442;3;14480;2
4641;43444;5;8688;4
4642;43448;14479;3;11
4643;43459;43457;1;2
4644;43461;2;21730;1
4645;43462;13;3343;3
4646;43465;2;21732;1
4647;43466;3;14488;2
4648;43468;7;6209;5
4649;43473;2;21736;1
4650;43474;4;10868;2
4651;43476;8;5434;4
4652;43480;29;1499;9
4653;43489;2;21744;1
4654;43490;3;14496;2
4655;43492;6;7248;4
4656;43496;9;4832;8
4657;43504;43;1011;31
4658;43535;11;3957;8
4659;43543;23;1893;4
4660;43547;3;14515;2
4661;43549;2;21774;1
4662;43550;43541;1;9
4663;43559;5;8711;4
4664;43563;7;6223;2
4665;43565;2;21782;1
4666;43566;7;6223;5
4667;43571;3;14523;2
4668;43573;2;21786;1
4669;43574;11;3961;3
4670;43577;2;21788;1
4671;43578;4;10894;2
4672;43580;47;927;11
4673;43591;9;4843;4
4674;43595;3;14531;2
4675;43597;2;21798;1
4676;43598;11;3963;5
4677;43603;59;739;2
4678;43605;2;21802;1
4679;43606;7;6229;3
4680;43609;2;21804;1
4681;43610;3;14536;2
4682;43612;9;4845;7
4683;43619;3;14539;2
4684;43621;2;21810;1
4685;43622;53;823;3
4686;43625;2;21812;1
4687;43626;4;10906;2
4688;43628;9;4847;5
4689;43633;2;21816;1
4690;43634;3;14544;2
4691;43636;6;7272;4
4692;43640;25;1745;15
4693;43655;43651;1;4
4694;43659;149;293;2
4695;43661;2;21830;1
4696;43662;149;293;5
4697;43667;3;14555;2
4698;43669;2;21834;1
4699;43670;13;3359;3
4700;43673;2;21836;1
4701;43674;4;10918;2
4702;43676;43669;1;7
4703;43683;11;3971;2
4704;43685;2;21842;1
4705;43686;14561;3;3
4706;43689;2;21844;1
4707;43690;4;10922;2
4708;43692;7;6241;5
4709;43697;2;21848;1
4710;43698;4;10924;2
4711;43700;8;5462;4
4712;43704;13;3361;11
4713;43715;3;14571;2
4714;43717;2;21858;1
4715;43718;5;8743;3
4716;43721;2;21860;1
4717;43722;4;10930;2
4718;43724;13;3363;5
4719;43729;2;21864;1
4720;43730;3;14576;2
4721;43732;6;7288;4
4722;43736;73;599;9
4723;43745;2;21872;1
4724;43746;4;10936;2
4725;43748;8;5468;4
4726;43752;16;2734;8
4727;43760;61;717;23
4728;43783;14593;3;4
4729;43787;3;14595;2
4730;43789;2;21894;1
4731;43790;7;6255;5
4732;43795;43793;1;2
4733;43797;2;21898;1
4734;43798;5;8759;3
4735;43801;2;21900;1
4736;43802;3;14600;2
4737;43804;13;3369;7
4738;43811;3;14603;2
4739;43813;2;21906;1
4740;43814;193;227;3
4741;43817;2;21908;1
4742;43818;4;10954;2
4743;43820;15;2921;5
4744;43825;2;21912;1
4745;43826;3;14608;2
4746;43828;6;7304;4
4747;43832;27;1623;11
4748;43843;7;6263;2
4749;43845;2;21922;1
4750;43846;17;2579;3
4751;43849;2;21924;1
4752;43850;3;14616;2
4753;43852;163;269;5
4754;43857;2;21928;1
4755;43858;4;10964;2
4756;43860;8;5482;4
4757;43864;35;1253;9
4758;43873;2;21936;1
4759;43874;3;14624;2
4760;43876;6;7312;4
4761;43880;12;3656;8
4762;43888;21;2089;19
4763;43907;3;14635;2
4764;43909;2;21954;1
4765;43910;23;1909;3
4766;43913;2;21956;1
4767;43914;4;10978;2
4768;43916;7;6273;5
4769;43921;2;21960;1
4770;43922;3;14640;2
4771;43924;5;8784;4
4772;43928;37;1187;9
4773;43937;2;21968;1
4774;43938;4;10984;2
4775;43940;8;5492;4
4776;43944;16;2746;8
4777;43952;29;1515;17
4778;43969;2;21984;1
4779;43970;3;14656;2
4780;43972;6;7328;4
4781;43976;12;3664;8
4782;43984;24;1832;16
4783;44000;49;897;47
4784;44047;47;937;8
4785;44055;7;6293;4
4786;44059;13;3389;2
4787;44061;2;22030;1
4788;44062;44053;1;9
4789;44071;37;1191;4
4790;44075;3;14691;2
4791;44077;2;22038;1
4792;44078;9;4897;5
4793;44083;17;2593;2
4794;44085;2;22042;1
4795;44086;13;3391;3
4796;44089;2;22044;1
4797;44090;3;14696;2
4798;44092;17;2593;11
4799;44103;11;4009;4
4800;44107;5;8821;2
4801;44109;2;22054;1
4802;44110;8821;5;5
4803;44115;31;1423;2
4804;44117;2;22058;1
4805;44118;5;8823;3
4806;44121;2;22060;1
4807;44122;4;11030;2
4808;44124;157;281;7
4809;44131;44129;1;2
4810;44133;2;22066;1
4811;44134;44131;1;3
4812;44137;2;22068;1
4813;44138;3;14712;2
4814;44140;7;6305;5
4815;44145;2;22072;1
4816;44146;4;11036;2
4817;44148;8;5518;4
4818;44152;19;2323;15
4819;44167;7;6309;4
4820;44171;3;14723;2
4821;44173;2;22086;1
4822;44174;14723;3;5
4823;44179;7;6311;2
4824;44181;2;22090;1
4825;44182;44179;1;3
4826;44185;2;22092;1
4827;44186;3;14728;2
4828;44188;9;4909;7
4829;44195;3;14731;2
4830;44197;2;22098;1
4831;44198;5;8839;3
4832;44201;2;22100;1
4833;44202;4;11050;2
4834;44204;9;4911;5
4835;44209;2;22104;1
4836;44210;3;14736;2
4837;44212;6;7368;4
4838;44216;15;2947;11
4839;44227;5;8845;2
4840;44229;2;22114;1
4841;44230;47;941;3
4842;44233;2;22116;1
4843;44234;3;14744;2
4844;44236;11;4021;5
4845;44241;2;22120;1
4846;44242;4;11060;2
4847;44244;5;8848;4
4848;44248;13;3403;9
4849;44257;2;22128;1
4850;44258;3;14752;2
4851;44260;6;7376;4
4852;44264;12;3688;8
4853;44272;44249;1;23
4854;44295;13;3407;4
4855;44299;11;4027;2
4856;44301;2;22150;1
4857;44302;11;4027;5
4858;44307;5;8861;2
4859;44309;2;22154;1
4860;44310;9;4923;3
4861;44313;2;22156;1
4862;44314;4;11078;2
4863;44316;59;751;7
4864;44323;23;1927;2
4865;44325;2;22162;1
4866;44326;127;349;3
4867;44329;2;22164;1
4868;44330;3;14776;2
4869;44332;19;2333;5
4870;44337;2;22168;1
4871;44338;4;11084;2
4872;44340;8;5542;4
4873;44344;43;1031;11
4874;44355;17;2609;2
4875;44357;2;22178;1
4876;44358;5;8871;3
4877;44361;2;22180;1
4878;44362;4;11090;2
4879;44364;7;6337;5
4880;44369;2;22184;1
4881;44370;4;11092;2
4882;44372;8;5546;4
4883;44376;23;1929;9
4884;44385;2;22192;1
4885;44386;4;11096;2
4886;44388;8;5548;4
4887;44392;16;2774;8
4888;44400;44381;1;19
4889;44419;44417;1;2
4890;44421;2;22210;1
4891;44422;43;1033;3
4892;44425;2;22212;1
4893;44426;3;14808;2
4894;44428;31;1433;5
4895;44433;2;22216;1
4896;44434;4;11108;2
4897;44436;8;5554;4
4898;44440;157;283;9
4899;44449;2;22224;1
4900;44450;3;14816;2
4901;44452;6;7408;4
4902;44456;12;3704;8
4903;44464;169;263;17
4904;44481;2;22240;1
4905;44482;4;11120;2
4906;44484;5;8896;4
4907;44488;10;4448;8
4908;44496;20;2224;16
4909;44512;143;311;39
4910;44551;31;1437;4
4911;44555;3;14851;2
4912;44557;2;22278;1
4913;44558;14851;3;5
4914;44563;11;4051;2
4915;44565;2;22282;1
4916;44566;44563;1;3
4917;44569;2;22284;1
4918;44570;3;14856;2
4919;44572;15;2971;7
4920;44579;3;14859;2
4921;44581;2;22290;1
4922;44582;44579;1;3
4923;44585;2;22292;1
4924;44586;4;11146;2
4925;44588;7;6369;5
4926;44593;2;22296;1
4927;44594;3;14864;2
4928;44596;6;7432;4
4929;44600;89;501;11
4930;44611;31;1439;2
4931;44613;2;22306;1
4932;44614;7;6373;3
4933;44617;2;22308;1
4934;44618;3;14872;2
4935;44620;8923;5;5
4936;44625;2;22312;1
4937;44626;4;11156;2
4938;44628;8;5578;4
4939;44632;44623;1;9
4940;44641;2;22320;1
4941;44642;3;14880;2
4942;44644;5;8928;4
4943;44648;9;4960;8
4944;44656;14879;3;19
4945;44675;3;14891;2
4946;44677;2;22338;1
4947;44678;5;8935;3
4948;44681;2;22340;1
4949;44682;4;11170;2
4950;44684;53;843;5
4951;44689;2;22344;1
4952;44690;3;14896;2
4953;44692;6;7448;4
4954;44696;44687;1;9
4955;44705;2;22352;1
4956;44706;4;11176;2
4957;44708;8;5588;4
4958;44712;11;4064;8
4959;44720;4967;9;17
4960;44737;2;22368;1
4961;44738;3;14912;2
4962;44740;6;7456;4
4963;44744;12;3728;8
4964;44752;24;1864;16
4965;44768;37;1209;35
4966;44803;71;631;2
4967;44805;2;22402;1
4968;44806;11;4073;3
4969;44809;2;22404;1
4970;44810;3;14936;2
4971;44812;7;6401;5
4972;44817;2;22408;1
4973;44818;4;11204;2
4974;44820;8;5602;4
4975;44824;8963;5;9
4976;44833;2;22416;1
4977;44834;3;14944;2
4978;44836;6;7472;4
4979;44840;12;3736;8
4980;44848;127;353;17
4981;44865;2;22432;1
4982;44866;4;11216;2
4983;44868;8;5608;4
4984;44872;16;2804;8
4985;44880;32;1402;16
4986;44896;91;493;33
4987;44929;2;22464;1
4988;44930;3;14976;2
4989;44932;6;7488;4
4990;44936;9;4992;8
4991;44944;18;2496;16
4992;44960;36;1248;32
4993;44992;139;323;95
4994;45087;3467;13;16
4995;45103;29;1555;8
4996;45111;43;1049;4
4997;45115;197;229;2
4998;45117;2;22558;1
4999;45118;119;379;17
5000;45135;45127;1;8
5001;45143;45139;1;4
5002;45147;5;9029;2
5003;45149;2;22574;1
5004;45150;41;1101;9
5005;45159;5;9031;4
5006;45163;45161;1;2
5007;45165;2;22582;1
5008;45166;45161;1;5
5009;45171;17;2657;2
5010;45173;2;22586;1
5011;45174;7;6453;3
5012;45177;2;22588;1
5013;45178;4;11294;2
5014;45180;45161;1;19
5015;45199;45191;1;8
5016;45207;17;2659;4
5017;45211;53;853;2
5018;45213;2;22606;1
5019;45214;9041;5;9
5020;45223;15073;3;4
5021;45227;3;15075;2
5022;45229;2;22614;1
5023;45230;9;5025;5
5024;45235;45233;1;2
5025;45237;2;22618;1
5026;45238;5;9047;3
5027;45241;2;22620;1
5028;45242;3;15080;2
5029;45244;45233;1;11
5030;45255;37;1223;4
5031;45259;167;271;2
5032;45261;2;22630;1
5033;45262;167;271;5
5034;45267;5;9053;2
5035;45269;2;22634;1
5036;45270;79;573;3
5037;45273;2;22636;1
5038;45274;4;11318;2
5039;45276;29;1561;7
5040;45283;45281;1;2
5041;45285;2;22642;1
5042;45286;7;6469;3
5043;45289;2;22644;1
5044;45290;3;15096;2
5045;45292;11;4117;5
5046;45297;2;22648;1
5047;45298;4;11324;2
5048;45300;8;5662;4
5049;45304;45281;1;23
5050;45327;45319;1;8
5051;45335;11;4121;4
5052;45339;45337;1;2
5053;45341;2;22670;1
5054;45342;23;1971;9
5055;45351;137;331;4
5056;45355;7;6479;2
5057;45357;2;22678;1
5058;45358;7;6479;5
5059;45363;45361;1;2
5060;45365;2;22682;1
5061;45366;15121;3;3
5062;45369;2;22684;1
5063;45370;4;11342;2
5064;45372;45361;1;11
5065;45383;23;1973;4
5066;45387;5;9077;2
5067;45389;2;22694;1
5068;45390;29;1565;5
5069;45395;3;15131;2
5070;45397;2;22698;1
5071;45398;5;9079;3
5072;45401;2;22700;1
5073;45402;4;11350;2
5074;45404;11;4127;7
5075;45411;7;6487;2
5076;45413;2;22706;1
5077;45414;15137;3;3
5078;45417;2;22708;1
5079;45418;4;11354;2
5080;45420;31;1465;5
5081;45425;2;22712;1
5082;45426;4;11356;2
5083;45428;8;5678;4
5084;45432;15139;3;15
5085;45447;29;1567;4
5086;45451;47;967;2
5087;45453;2;22726;1
5088;45454;47;967;5
5089;45459;131;347;2
5090;45461;2;22730;1
5091;45462;9;5051;3
5092;45465;2;22732;1
5093;45466;4;11366;2
5094;45468;13;3497;7
5095;45475;37;1229;2
5096;45477;2;22738;1
5097;45478;5;9095;3
5098;45481;2;22740;1
5099;45482;3;15160;2
5100;45484;7;6497;5
5101;45489;2;22744;1
5102;45490;4;11372;2
5103;45492;8;5686;4
5104;45496;55;827;11
5105;45507;5;9101;2
5106;45509;2;22754;1
5107;45510;7;6501;3
5108;45513;2;22756;1
5109;45514;4;11378;2
5110;45516;71;641;5
5111;45521;2;22760;1
5112;45522;4;11380;2
5113;45524;5;9104;4
5114;45528;15173;3;9
5115;45537;2;22768;1
5116;45538;4;11384;2
5117;45540;8;5692;4
5118;45544;16;2846;8
5119;45552;49;929;31
5120;45583;25;1823;8
5121;45591;45587;1;4
5122;45595;127;359;2
5123;45597;2;22798;1
5124;45598;45589;1;9
5125;45607;9;5067;4
5126;45611;3;15203;2
5127;45613;2;22806;1
5128;45614;23;1983;5
5129;45619;11;4147;2
5130;45621;2;22810;1
5131;45622;7;6517;3
5132;45625;2;22812;1
5133;45626;3;15208;2
5134;45628;13;3509;11
5135;45639;5;9127;4
5136;45643;45641;1;2
5137;45645;2;22822;1
5138;45646;45641;1;5
5139;45651;191;239;2
5140;45653;2;22826;1
5141;45654;15217;3;3
5142;45657;2;22828;1
5143;45658;4;11414;2
5144;45660;71;643;7
5145;45667;5;9133;2
5146;45669;2;22834;1
5147;45670;45667;1;3
5148;45673;2;22836;1
5149;45674;3;15224;2
5150;45676;109;419;5
5151;45681;2;22840;1
5152;45682;4;11420;2
5153;45684;5;9136;4
5154;45688;45673;1;15
5155;45703;15233;3;4
5156;45707;3;15235;2
5157;45709;2;22854;1
5158;45710;11;4155;5
5159;45715;17;2689;2
5160;45717;2;22858;1
5161;45718;5;9143;3
5162;45721;2;22860;1
5163;45722;3;15240;2
5164;45724;21;2177;7
5165;45731;3;15243;2
5166;45733;2;22866;1
5167;45734;7;6533;3
5168;45737;2;22868;1
5169;45738;4;11434;2
5170;45740;15;3049;5
5171;45745;2;22872;1
5172;45746;3;15248;2
5173;45748;6;7624;4
5174;45752;79;579;11
5175;45763;67;683;2
5176;45765;2;22882;1
5177;45766;45763;1;3
5178;45769;2;22884;1
5179;45770;3;15256;2
5180;45772;45767;1;5
5181;45777;2;22888;1
5182;45778;4;11444;2
5183;45780;8;5722;4
5184;45784;25;1831;9
5185;45793;2;22896;1
5186;45794;3;15264;2
5187;45796;6;7632;4
5188;45800;9;5088;8
5189;45808;9157;5;23
5190;45831;45827;1;4
5191;45835;45833;1;2
5192;45837;2;22918;1
5193;45838;45833;1;5
5194;45843;45841;1;2
5195;45845;2;22922;1
5196;45846;7;6549;3
5197;45849;2;22924;1
5198;45850;4;11462;2
5199;45852;53;865;7
5200;45859;7;6551;2
5201;45861;2;22930;1
5202;45862;11;4169;3
5203;45865;2;22932;1
5204;45866;3;15288;2
5205;45868;45863;1;5
5206;45873;2;22936;1
5207;45874;4;11468;2
5208;45876;8;5734;4
5209;45880;45869;1;11
5210;45891;109;421;2
5211;45893;2;22946;1
5212;45894;9;5099;3
5213;45897;2;22948;1
5214;45898;4;11474;2
5215;45900;67;685;5
5216;45905;2;22952;1
5217;45906;4;11476;2
5218;45908;8;5738;4
5219;45912;11;4173;9
5220;45921;2;22960;1
5221;45922;4;11480;2
5222;45924;5;9184;4
5223;45928;10;4592;8
5224;45936;37;1241;19
5225;45955;45953;1;2
5226;45957;2;22978;1
5227;45958;5;9191;3
5228;45961;2;22980;1
5229;45962;3;15320;2
5230;45964;45959;1;5
5231;45969;2;22984;1
5232;45970;4;11492;2
5233;45972;8;5746;4
5234;45976;43;1069;9
5235;45985;2;22992;1
5236;45986;3;15328;2
5237;45988;6;7664;4
5238;45992;12;3832;8
5239;46000;6569;7;17
5240;46017;2;23008;1
5241;46018;4;11504;2
5242;46020;8;5752;4
5243;46024;16;2876;8
5244;46032;32;1438;16
5245;46048;157;293;47
5246;46095;17;2711;8
5247;46103;46099;1;4
5248;46107;5;9221;2
5249;46109;2;23054;1
5250;46110;11;4191;9
5251;46119;5;9223;4
5252;46123;17;2713;2
5253;46125;2;23062;1
5254;46126;17;2713;5
5255;46131;163;283;2
5256;46133;2;23066;1
5257;46134;15377;3;3
5258;46137;2;23068;1
5259;46138;4;11534;2
5260;46140;163;283;11
5261;46151;46147;1;4
5262;46155;46153;1;2
5263;46157;2;23078;1
5264;46158;46153;1;5
5265;46163;3;15387;2
5266;46165;2;23082;1
5267;46166;13;3551;3
5268;46169;2;23084;1
5269;46170;4;11542;2
5270;46172;35;1319;7
5271;46179;61;757;2
5272;46181;2;23090;1
5273;46182;7;6597;3
5274;46185;2;23092;1
5275;46186;4;11546;2
5276;46188;46183;1;5
5277;46193;2;23096;1
5278;46194;4;11548;2
5279;46196;8;5774;4
5280;46200;3079;15;15
5281;46215;11;4201;4
5282;46219;113;409;2
5283;46221;2;23110;1
5284;46222;113;409;5
5285;46227;5;9245;2
5286;46229;2;23114;1
5287;46230;19;2433;3
5288;46233;2;23116;1
5289;46234;4;11558;2
5290;46236;46229;1;7
5291;46243;13;3557;2
5292;46245;2;23122;1
5293;46246;131;353;3
5294;46249;2;23124;1
5295;46250;3;15416;2
5296;46252;103;449;5
5297;46257;2;23128;1
5298;46258;4;11564;2
5299;46260;7;6608;4
5300;46264;23;2011;11
5301;46275;46273;1;2
5302;46277;2;23138;1
5303;46278;5;9255;3
5304;46281;2;23140;1
5305;46282;4;11570;2
5306;46284;46279;1;5
5307;46289;2;23144;1
5308;46290;4;11572;2
5309;46292;8;5786;4
5310;46296;37;1251;9
5311;46305;2;23152;1
5312;46306;4;11576;2
5313;46308;8;5788;4
5314;46312;16;2894;8
5315;46320;67;691;23
5316;46343;149;311;4
5317;46347;5;9269;2
5318;46349;2;23174;1
5319;46350;13;3565;5
5320;46355;3;15451;2
5321;46357;2;23178;1
5322;46358;5;9271;3
5323;46361;2;23180;1
5324;46362;4;11590;2
5325;46364;151;307;7
5326;46371;89;521;2
5327;46373;2;23186;1
5328;46374;13;3567;3
5329;46377;2;23188;1
5330;46378;4;11594;2
5331;46380;7;6625;5
5332;46385;2;23192;1
5333;46386;4;11596;2
5334;46388;8;5798;4
5335;46392;46381;1;11
5336;46403;3;15467;2
5337;46405;2;23202;1
5338;46406;7;6629;3
5339;46409;2;23204;1
5340;46410;4;11602;2
5341;46412;31;1497;5
5342;46417;2;23208;1
5343;46418;3;15472;2
5344;46420;6;7736;4
5345;46424;9283;5;9
5346;46433;2;23216;1
5347;46434;4;11608;2
5348;46436;8;5804;4
5349;46440;16;2902;8
5350;46448;29;1601;19
5351;46467;5;9293;2
5352;46469;2;23234;1
5353;46470;9;5163;3
5354;46473;2;23236;1
5355;46474;4;11618;2
5356;46476;46471;1;5
5357;46481;2;23240;1
5358;46482;4;11620;2
5359;46484;5;9296;4
5360;46488;15493;3;9
5361;46497;2;23248;1
5362;46498;4;11624;2
5363;46500;8;5812;4
5364;46504;16;2906;8
5365;46512;85;547;17
5366;46529;2;23264;1
5367;46530;4;11632;2
5368;46532;8;5816;4
5369;46536;16;2908;8
5370;46544;32;1454;16
5371;46560;1723;27;39
5372;46599;5;9319;4
5373;46603;46601;1;2
5374;46605;2;23302;1
5375;46606;46601;1;5
5376;46611;127;367;2
5377;46613;2;23306;1
5378;46614;9;5179;3
5379;46617;2;23308;1
5380;46618;4;11654;2
5381;46620;6659;7;7
5382;46627;5;9325;2
5383;46629;2;23314;1
5384;46630;7;6661;3
5385;46633;2;23316;1
5386;46634;3;15544;2
5387;46636;13;3587;5
5388;46641;2;23320;1
5389;46642;4;11660;2
5390;46644;5;9328;4
5391;46648;149;313;11
5392;46659;13;3589;2
5393;46661;2;23330;1
5394;46662;103;453;3
5395;46665;2;23332;1
5396;46666;4;11666;2
5397;46668;46663;1;5
5398;46673;2;23336;1
5399;46674;4;11668;2
5400;46676;8;5834;4
5401;46680;47;993;9
5402;46689;2;23344;1
5403;46690;4;11672;2
5404;46692;8;5836;4
5405;46696;16;2918;8
5406;46704;9337;5;19
5407;46723;19;2459;2
5408;46725;2;23362;1
5409;46726;46723;1;3
5410;46729;2;23364;1
5411;46730;3;15576;2
5412;46732;46727;1;5
5413;46737;2;23368;1
5414;46738;4;11684;2
5415;46740;8;5842;4
5416;46744;13;3595;9
5417;46753;2;23376;1
5418;46754;3;15584;2
5419;46756;6;7792;4
5420;46760;12;3896;8
5421;46768;46751;1;17
5422;46785;2;23392;1
5423;46786;4;11696;2
5424;46788;8;5848;4
5425;46792;16;2924;8
5426;46800;17;2752;16
5427;46816;41;1141;35
5428;46851;11;4259;2
5429;46853;2;23426;1
5430;46854;7;6693;3
5431;46857;2;23428;1
5432;46858;4;11714;2
5433;46860;9371;5;5
5434;46865;2;23432;1
5435;46866;4;11716;2
5436;46868;8;5858;4
5437;46872;41;1143;9
5438;46881;2;23440;1
5439;46882;4;11720;2
5440;46884;5;9376;4
5441;46888;10;4688;8
5442;46896;37;1267;17
5443;46913;2;23456;1
5444;46914;4;11728;2
5445;46916;8;5864;4
5446;46920;16;2932;8
5447;46928;32;1466;16
5448;46944;57;823;33
5449;46977;2;23488;1
5450;46978;4;11744;2
5451;46980;8;5872;4
5452;46984;16;2936;8
5453;46992;32;1468;16
5454;47008;64;734;32
5455;47040;151;311;79
5456;47119;47111;1;8
5457;47127;47123;1;4
5458;47131;47129;1;2
5459;47133;2;23566;1
5460;47134;13;3625;9
5461;47143;19;2481;4
5462;47147;3;15715;2
5463;47149;2;23574;1
5464;47150;7;6735;5
5465;47155;61;773;2
5466;47157;2;23578;1
5467;47158;5;9431;3
5468;47161;2;23580;1
5469;47162;3;15720;2
5470;47164;61;773;11
5471;47175;43;1097;4
5472;47179;13;3629;2
5473;47181;2;23590;1
5474;47182;13;3629;5
5475;47187;5;9437;2
5476;47189;2;23594;1
5477;47190;7;6741;3
5478;47193;2;23596;1
5479;47194;4;11798;2
5480;47196;47189;1;7
5481;47203;7;6743;2
5482;47205;2;23602;1
5483;47206;13;3631;3
5484;47209;2;23604;1
5485;47210;3;15736;2
5486;47212;47207;1;5
5487;47217;2;23608;1
5488;47218;4;11804;2
5489;47220;8;5902;4
5490;47224;17;2777;15
5491;47239;5;9447;4
5492;47243;3;15747;2
5493;47245;2;23622;1
5494;47246;9;5249;5
5495;47251;37;1277;2
5496;47253;2;23626;1
5497;47254;47251;1;3
5498;47257;2;23628;1
5499;47258;3;15752;2
5500;47260;19;2487;7
5501;47267;3;15755;2
5502;47269;2;23634;1
5503;47270;11;4297;3
5504;47273;2;23636;1
5505;47274;4;11818;2
5506;47276;7;6753;5
5507;47281;2;23640;1
5508;47282;3;15760;2
5509;47284;5;9456;4
5510;47288;17;2781;11
5511;47299;47297;1;2
5512;47301;2;23650;1
5513;47302;7;6757;3
5514;47305;2;23652;1
5515;47306;3;15768;2
5516;47308;47303;1;5
5517;47313;2;23656;1
5518;47314;4;11828;2
5519;47316;8;5914;4
5520;47320;11;4301;9
5521;47329;2;23664;1
5522;47330;3;15776;2
5523;47332;6;7888;4
5524;47336;12;3944;8
5525;47344;79;599;23
5526;47367;47363;1;4
5527;47371;7;6767;2
5528;47373;2;23686;1
5529;47374;7;6767;5
5530;47379;11;4307;2
5531;47381;2;23690;1
5532;47382;17;2787;3
5533;47385;2;23692;1
5534;47386;4;11846;2
5535;47388;47381;1;7
5536;47395;83;571;2
5537;47397;2;23698;1
5538;47398;5;9479;3
5539;47401;2;23700;1
5540;47402;3;15800;2
5541;47404;11;4309;5
5542;47409;2;23704;1
5543;47410;4;11852;2
5544;47412;8;5926;4
5545;47416;19;2495;11
5546;47427;5;9485;2
5547;47429;2;23714;1
5548;47430;15809;3;3
5549;47433;2;23716;1
5550;47434;4;11858;2
5551;47436;47431;1;5
5552;47441;2;23720;1
5553;47442;4;11860;2
5554;47444;5;9488;4
5555;47448;21;2259;9
5556;47457;2;23728;1
5557;47458;4;11864;2
5558;47460;8;5932;4
5559;47464;16;2966;8
5560;47472;6779;7;19
5561;47491;13;3653;2
5562;47493;2;23746;1
5563;47494;47491;1;3
5564;47497;2;23748;1
5565;47498;3;15832;2
5566;47500;7;6785;5
5567;47505;2;23752;1
5568;47506;4;11876;2
5569;47508;8;5938;4
5570;47512;67;709;9
5571;47521;2;23760;1
5572;47522;3;15840;2
5573;47524;5;9504;4
5574;47528;9;5280;8
5575;47536;19;2501;17
5576;47553;2;23776;1
5577;47554;4;11888;2
5578;47556;8;5944;4
5579;47560;16;2972;8
5580;47568;32;1486;16
5581;47584;185;257;39
5582;47623;9;5291;4
5583;47627;3;15875;2
5584;47629;2;23814;1
5585;47630;15;3175;5
5586;47635;19;2507;2
5587;47637;2;23818;1
5588;47638;5;9527;3
5589;47641;2;23820;1
5590;47642;3;15880;2
5591;47644;9;5293;7
5592;47651;3;15883;2
5593;47653;2;23826;1
5594;47654;17;2803;3
5595;47657;2;23828;1
5596;47658;4;11914;2
5597;47660;9;5295;5
5598;47665;2;23832;1
5599;47666;3;15888;2
5600;47668;6;7944;4
5601;47672;15887;3;11
5602;47683;47681;1;2
5603;47685;2;23842;1
5604;47686;41;1163;3
5605;47689;2;23844;1
5606;47690;3;15896;2
5607;47692;43;1109;5
5608;47697;2;23848;1
5609;47698;4;11924;2
5610;47700;8;5962;4
5611;47704;9539;5;9
5612;47713;2;23856;1
5613;47714;3;15904;2
5614;47716;6;7952;4
5615;47720;12;3976;8
5616;47728;27;1767;19
5617;47747;3;15915;2
5618;47749;2;23874;1
5619;47750;7;6821;3
5620;47753;2;23876;1
5621;47754;4;11938;2
5622;47756;11;4341;5
5623;47761;2;23880;1
5624;47762;3;15920;2
5625;47764;5;9552;4
5626;47768;163;293;9
5627;47777;2;23888;1
5628;47778;4;11944;2
5629;47780;8;5972;4
5630;47784;16;2986;8
5631;47792;21;2275;17
5632;47809;2;23904;1
5633;47810;3;15936;2
5634;47812;6;7968;4
5635;47816;9;5312;8
5636;47824;18;2656;16
5637;47840;3187;15;35
5638;47875;7;6839;2
5639;47877;2;23938;1
5640;47878;5;9575;3
5641;47881;2;23940;1
5642;47882;3;15960;2
5643;47884;13;3683;5
5644;47889;2;23944;1
5645;47890;4;11972;2
5646;47892;8;5986;4
5647;47896;6841;7;9
5648;47905;2;23952;1
5649;47906;3;15968;2
5650;47908;6;7984;4
5651;47912;12;3992;8
5652;47920;47903;1;17
5653;47937;2;23968;1
5654;47938;4;11984;2
5655;47940;7;6848;4
5656;47944;14;3424;8
5657;47952;28;1712;16
5658;47968;9587;5;33
5659;48001;2;24000;1
5660;48002;3;16000;2
5661;48004;5;9600;4
5662;48008;10;4800;8
5663;48016;20;2400;16
5664;48032;40;1200;32
5665;48064;4363;11;71
5666;48135;48131;1;4
5667;48139;37;1301;2
5668;48141;2;24070;1
5669;48142;37;1301;5
5670;48147;5;9629;2
5671;48149;2;24074;1
5672;48150;11;4377;3
5673;48153;2;24076;1
5674;48154;4;12038;2
5675;48156;89;541;7
5676;48163;17;2833;2
5677;48165;2;24082;1
5678;48166;48163;1;3
5679;48169;2;24084;1
5680;48170;3;16056;2
5681;48172;7;6881;5
5682;48177;2;24088;1
5683;48178;4;12044;2
5684;48180;8;6022;4
5685;48184;67;719;11
5686;48195;48193;1;2
5687;48197;2;24098;1
5688;48198;5;9639;3
5689;48201;2;24100;1
5690;48202;4;12050;2
5691;48204;157;307;5
5692;48209;2;24104;1
5693;48210;4;12052;2
5694;48212;8;6026;4
5695;48216;16069;3;9
5696;48225;2;24112;1
5697;48226;4;12056;2
5698;48228;8;6028;4
5699;48232;11;4384;8
5700;48240;48221;1;19
5701;48259;11;4387;2
5702;48261;2;24130;1
5703;48262;48259;1;3
5704;48265;2;24132;1
5705;48266;3;16088;2
5706;48268;17;2839;5
5707;48273;2;24136;1
5708;48274;4;12068;2
5709;48276;7;6896;4
5710;48280;48271;1;9
5711;48289;2;24144;1
5712;48290;3;16096;2
5713;48292;6;8048;4
5714;48296;12;4024;8
5715;48304;109;443;17
5716;48321;2;24160;1
5717;48322;4;12080;2
5718;48324;5;9664;4
5719;48328;10;4832;8
5720;48336;20;2416;16
5721;48352;2543;19;35
5722;48387;5;9677;2
5723;48389;2;24194;1
5724;48390;127;381;3
5725;48393;2;24196;1
5726;48394;4;12098;2
5727;48396;7;6913;5
5728;48401;2;24200;1
5729;48402;4;12100;2
5730;48404;5;9680;4
5731;48408;13;3723;9
5732;48417;2;24208;1
5733;48418;4;12104;2
5734;48420;8;6052;4
5735;48424;16;3026;8
5736;48432;23;2105;17
5737;48449;2;24224;1
5738;48450;4;12112;2
5739;48452;8;6056;4
5740;48456;16;3028;8
5741;48464;32;1514;16
5742;48480;63;769;33
5743;48513;2;24256;1
5744;48514;4;12128;2
5745;48516;8;6064;4
5746;48520;16;3032;8
5747;48528;32;1516;16
5748;48544;64;758;32
5749;48576;179;271;67
5750;48643;127;383;2
5751;48645;2;24322;1
5752;48646;7;6949;3
5753;48649;2;24324;1
5754;48650;3;16216;2
5755;48652;48647;1;5
5756;48657;2;24328;1
5757;48658;4;12164;2
5758;48660;8;6082;4
5759;48664;37;1315;9
5760;48673;2;24336;1
5761;48674;3;16224;2
5762;48676;6;8112;4
5763;48680;9;5408;8
5764;48688;119;409;17
5765;48705;2;24352;1
5766;48706;4;12176;2
5767;48708;8;6088;4
5768;48712;16;3044;8
5769;48720;32;1522;16
5770;48736;113;431;33
5771;48769;2;24384;1
5772;48770;3;16256;2
5773;48772;6;8128;4
5774;48776;12;4064;8
5775;48784;24;2032;16
5776;48800;48;1016;32
5777;48832;48767;1;65
5778;48897;2;24448;1
5779;48898;4;12224;2
5780;48900;8;6112;4
5781;48904;16;3056;8
5782;48912;32;1528;16
5783;48928;64;764;32
5784;48960;128;382;64
5785;49024;1039;47;191
5786;49215;137;359;32
5787;49247;91;541;16
5788;49263;9851;5;8
5789;49271;19;2593;4
5790;49275;7;7039;2
5791;49277;2;24638;1
5792;49278;35;1407;33
5793;49311;9859;5;16
5794;49327;149;331;8
5795;49335;49331;1;4
5796;49339;103;479;2
5797;49341;2;24670;1
5798;49342;25;1973;17
5799;49359;17;2903;8
5800;49367;49363;1;4
5801;49371;49369;1;2
5802;49373;2;24686;1
5803;49374;15;3291;9
5804;49383;11;4489;4
5805;49387;5;9877;2
5806;49389;2;24694;1
5807;49390;7;7055;5
5808;49395;49393;1;2
5809;49397;2;24698;1
5810;49398;5;9879;3
5811;49401;2;24700;1
5812;49402;4;12350;2
5813;49404;49369;1;35
5814;49439;4493;11;16
5815;49455;197;251;8
5816;49463;49459;1;4
5817;49467;5;9893;2
5818;49469;2;24734;1
5819;49470;2909;17;17
5820;49487;16493;3;8
5821;49495;9;5499;4
5822;49499;3;16499;2
5823;49501;2;24750;1
5824;49502;43;1151;9
5825;49511;31;1597;4
5826;49515;67;739;2
5827;49517;2;24758;1
5828;49518;67;739;5
5829;49523;3;16507;2
5830;49525;2;24762;1
5831;49526;49523;1;3
5832;49529;2;24764;1
5833;49530;4;12382;2
5834;49532;67;739;19
5835;49551;13;3811;8
5836;49559;5;9911;4
5837;49563;29;1709;2
5838;49565;2;24782;1
5839;49566;16519;3;9
5840;49575;19;2609;4
5841;49579;11;4507;2
5842;49581;2;24790;1
5843;49582;11;4507;5
5844;49587;5;9917;2
5845;49589;2;24794;1
5846;49590;16529;3;3
5847;49593;2;24796;1
5848;49594;4;12398;2
5849;49596;47;1055;11
5850;49607;49603;1;4
5851;49611;7;7087;2
5852;49613;2;24806;1
5853;49614;7;7087;5
5854;49619;3;16539;2
5855;49621;2;24810;1
5856;49622;29;1711;3
5857;49625;2;24812;1
5858;49626;4;12406;2
5859;49628;11;4511;7
5860;49635;49633;1;2
5861;49637;2;24818;1
5862;49638;5;9927;3
5863;49641;2;24820;1
5864;49642;4;12410;2
5865;49644;49639;1;5
5866;49649;2;24824;1
5867;49650;4;12412;2
5868;49652;8;6206;4
5869;49656;111;447;39
5870;49695;47;1057;16
5871;49711;23;2161;8
5872;49719;5;9943;4
5873;49723;7;7103;2
5874;49725;2;24862;1
5875;49726;4519;11;17
5876;49743;29;1715;8
5877;49751;49747;1;4
5878;49755;11;4523;2
5879;49757;2;24878;1
5880;49758;21;2369;9
5881;49767;7;7109;4
5882;49771;157;317;2
5883;49773;2;24886;1
5884;49774;157;317;5
5885;49779;7;7111;2
5886;49781;2;24890;1
5887;49782;9;5531;3
5888;49785;2;24892;1
5889;49786;4;12446;2
5890;49788;157;317;19
5891;49807;19;2621;8
5892;49815;49811;1;4
5893;49819;31;1607;2
5894;49821;2;24910;1
5895;49822;109;457;9
5896;49831;17;2931;4
5897;49835;3;16611;2
5898;49837;2;24918;1
5899;49838;7;7119;5
5900;49843;11;4531;2
5901;49845;2;24922;1
5902;49846;49843;1;3
5903;49849;2;24924;1
5904;49850;3;16616;2
5905;49852;23;2167;11
5906;49863;73;683;4
5907;49867;5;9973;2
5908;49869;2;24934;1
5909;49870;9973;5;5
5910;49875;53;941;2
5911;49877;2;24938;1
5912;49878;5;9975;3
5913;49881;2;24940;1
5914;49882;4;12470;2
5915;49884;49877;1;7
5916;49891;7;7127;2
5917;49893;2;24946;1
5918;49894;49891;1;3
5919;49897;2;24948;1
5920;49898;3;16632;2
5921;49900;17;2935;5
5922;49905;2;24952;1
5923;49906;4;12476;2
5924;49908;8;6238;4
5925;49912;7127;7;23
5926;49935;49927;1;8
5927;49943;49939;1;4
5928;49947;5;9989;2
5929;49949;2;24974;1
5930;49950;31;1611;9
5931;49959;5;9991;4
5932;49963;47;1063;2
5933;49965;2;24982;1
5934;49966;47;1063;5
5935;49971;107;467;2
5936;49973;2;24986;1
5937;49974;16657;3;3
5938;49977;2;24988;1
5939;49978;4;12494;2
5940;49980;107;467;11
5941;49991;7;7141;4
5942;49995;49993;1;2
5943;49997;2;24998;1
5944;49998;49993;1;5
5945;50003;3;16667;2
5946;50005;2;25002;1
5947;50006;31;1613;3
5948;50009;2;25004;1
5949;50010;4;12502;2
5950;50012;73;685;7
5951;50019;11;4547;2
5952;50021;2;25010;1
5953;50022;16673;3;3
5954;50025;2;25012;1
5955;50026;4;12506;2
5956;50028;50023;1;5
5957;50033;2;25016;1
5958;50034;4;12508;2
5959;50036;8;6254;4
5960;50040;23;2175;15
5961;50055;50051;1;4
5962;50059;7;7151;2
5963;50061;2;25030;1
5964;50062;7;7151;5
5965;50067;5;10013;2
5966;50069;2;25034;1
5967;50070;9;5563;3
5968;50073;2;25036;1
5969;50074;4;12518;2
5970;50076;50069;1;7
5971;50083;61;821;2
5972;50085;2;25042;1
5973;50086;11;4553;3
5974;50089;2;25044;1
5975;50090;3;16696;2
5976;50092;50087;1;5
5977;50097;2;25048;1
5978;50098;4;12524;2
5979;50100;8;6262;4
5980;50104;50093;1;11
5981;50115;7;7159;2
5982;50117;2;25058;1
5983;50118;5;10023;3
5984;50121;2;25060;1
5985;50122;4;12530;2
5986;50124;50119;1;5
5987;50129;2;25064;1
5988;50130;4;12532;2
5989;50132;8;6266;4
5990;50136;11;4557;9
5991;50145;2;25072;1
5992;50146;4;12536;2
5993;50148;8;6268;4
5994;50152;16;3134;8
5995;50160;7159;7;47
5996;50207;53;947;16
5997;50223;11;4565;8
5998;50231;50227;1;4
5999;50235;191;263;2
6000;50237;2;25118;1
6001;50238;50221;1;17
6002;50255;9;5583;8
6003;50263;11;4569;4
6004;50267;3;16755;2
6005;50269;2;25134;1
6006;50270;50261;1;9
6007;50279;5;10055;4
6008;50283;7;7183;2
6009;50285;2;25142;1
6010;50286;7;7183;5
6011;50291;3;16763;2
6012;50293;2;25146;1
6013;50294;50291;1;3
6014;50297;2;25148;1
6015;50298;4;12574;2
6016;50300;77;653;19
6017;50319;50311;1;8
6018;50327;7;7189;4
6019;50331;50329;1;2
6020;50333;2;25166;1
6021;50334;11;4575;9
6022;50343;71;709;4
6023;50347;5;10069;2
6024;50349;2;25174;1
6025;50350;10069;5;5
6026;50355;43;1171;2
6027;50357;2;25178;1
6028;50358;5;10071;3
6029;50361;2;25180;1
6030;50362;4;12590;2
6031;50364;43;1171;11
6032;50375;17;2963;4
6033;50379;50377;1;2
6034;50381;2;25190;1
6035;50382;50377;1;5
6036;50387;3;16795;2
6037;50389;2;25194;1
6038;50390;50387;1;3
6039;50393;2;25196;1
6040;50394;4;12598;2
6041;50396;41;1229;7
6042;50403;13;3877;2
6043;50405;2;25202;1
6044;50406;53;951;3
6045;50409;2;25204;1
6046;50410;4;12602;2
6047;50412;7;7201;5
6048;50417;2;25208;1
6049;50418;4;12604;2
6050;50420;8;6302;4
6051;50424;3877;13;23
6052;50447;17;2967;8
6053;50455;67;753;4
6054;50459;3;16819;2
6055;50461;2;25230;1
6056;50462;13;3881;9
6057;50471;109;463;4
6058;50475;17;2969;2
6059;50477;2;25238;1
6060;50478;17;2969;5
6061;50483;3;16827;2
6062;50485;2;25242;1
6063;50486;19;2657;3
6064;50489;2;25244;1
6065;50490;4;12622;2
6066;50492;71;711;11
6067;50503;9;5611;4
6068;50507;3;16835;2
6069;50509;2;25254;1
6070;50510;7;7215;5
6071;50515;50513;1;2
6072;50517;2;25258;1
6073;50518;5;10103;3
6074;50521;2;25260;1
6075;50522;3;16840;2
6076;50524;9;5613;7
6077;50531;3;16843;2
6078;50533;2;25266;1
6079;50534;13;3887;3
6080;50537;2;25268;1
6081;50538;4;12634;2
6082;50540;9;5615;5
6083;50545;2;25272;1
6084;50546;3;16848;2
6085;50548;6;8424;4
6086;50552;97;521;15
6087;50567;59;857;4
6088;50571;61;829;2
6089;50573;2;25286;1
6090;50574;61;829;5
6091;50579;3;16859;2
6092;50581;2;25290;1
6093;50582;37;1367;3
6094;50585;2;25292;1
6095;50586;4;12646;2
6096;50588;50581;1;7
6097;50595;50593;1;2
6098;50597;2;25298;1
6099;50598;5;10119;3
6100;50601;2;25300;1
6101;50602;4;12650;2
6102;50604;50599;1;5
6103;50609;2;25304;1
6104;50610;4;12652;2
6105;50612;8;6326;4
6106;50616;29;1745;11
6107;50627;3;16875;2
6108;50629;2;25314;1
6109;50630;50627;1;3
6110;50633;2;25316;1
6111;50634;4;12658;2
6112;50636;7;7233;5
6113;50641;2;25320;1
6114;50642;3;16880;2
6115;50644;5;10128;4
6116;50648;79;641;9
6117;50657;2;25328;1
6118;50658;4;12664;2
6119;50660;8;6332;4
6120;50664;16;3166;8
6121;50672;89;569;31
6122;50703;10139;5;8
6123;50711;50707;1;4
6124;50715;13;3901;2
6125;50717;2;25358;1
6126;50718;16903;3;9
6127;50727;50723;1;4
6128;50731;7;7247;2
6129;50733;2;25366;1
6130;50734;7;7247;5
6131;50739;113;449;2
6132;50741;2;25370;1
6133;50742;13;3903;3
6134;50745;2;25372;1
6135;50746;4;12686;2
6136;50748;113;449;11
6137;50759;5;10151;4
6138;50763;23;2207;2
6139;50765;2;25382;1
6140;50766;23;2207;5
6141;50771;3;16923;2
6142;50773;2;25386;1
6143;50774;7;7253;3
6144;50777;2;25388;1
6145;50778;4;12694;2
6146;50780;50773;1;7
6147;50787;5;10157;2
6148;50789;2;25394;1
6149;50790;9;5643;3
6150;50793;2;25396;1
6151;50794;4;12698;2
6152;50796;13;3907;5
6153;50801;2;25400;1
6154;50802;4;12700;2
6155;50804;5;10160;4
6156;50808;16931;3;15
6157;50823;89;571;4
6158;50827;5;10165;2
6159;50829;2;25414;1
6160;50830;19;2675;5
6161;50835;50833;1;2
6162;50837;2;25418;1
6163;50838;5;10167;3
6164;50841;2;25420;1
6165;50842;4;12710;2
6166;50844;29;1753;7
6167;50851;50849;1;2
6168;50853;2;25426;1
6169;50854;211;241;3
6170;50857;2;25428;1
6171;50858;3;16952;2
6172;50860;7;7265;5
6173;50865;2;25432;1
6174;50866;4;12716;2
6175;50868;8;6358;4
6176;50872;181;281;11
6177;50883;17;2993;2
6178;50885;2;25442;1
6179;50886;7;7269;3
6180;50889;2;25444;1
6181;50890;4;12722;2
6182;50892;151;337;5
6183;50897;2;25448;1
6184;50898;4;12724;2
6185;50900;8;6362;4
6186;50904;13;3915;9
6187;50913;2;25456;1
6188;50914;4;12728;2
6189;50916;8;6364;4
6190;50920;16;3182;8
6191;50928;10181;5;23
6192;50951;13;3919;4
6193;50955;7;7279;2
6194;50957;2;25478;1
6195;50958;7;7279;5
6196;50963;3;16987;2
6197;50965;2;25482;1
6198;50966;11;4633;3
6199;50969;2;25484;1
6200;50970;4;12742;2
6201;50972;10193;5;7
6202;50979;19;2683;2
6203;50981;2;25490;1
6204;50982;16993;3;3
6205;50985;2;25492;1
6206;50986;4;12746;2
6207;50988;17;2999;5
6208;50993;2;25496;1
6209;50994;4;12748;2
6210;50996;8;6374;4
6211;51000;50989;1;11
6212;51011;3;17003;2
6213;51013;2;25506;1
6214;51014;29;1759;3
6215;51017;2;25508;1
6216;51018;4;12754;2
6217;51020;15;3401;5
6218;51025;2;25512;1
6219;51026;3;17008;2
6220;51028;6;8504;4
6221;51032;37;1379;9
6222;51041;2;25520;1
6223;51042;4;12760;2
6224;51044;5;10208;4
6225;51048;10;5104;8
6226;51056;23;2219;19
6227;51075;11;4643;2
6228;51077;2;25538;1
6229;51078;5;10215;3
6230;51081;2;25540;1
6231;51082;4;12770;2
6232;51084;7;7297;5
6233;51089;2;25544;1
6234;51090;4;12772;2
6235;51092;8;6386;4
6236;51096;17029;3;9
6237;51105;2;25552;1
6238;51106;4;12776;2
6239;51108;8;6388;4
6240;51112;16;3194;8
6241;51120;3931;13;17
6242;51137;2;25568;1
6243;51138;4;12784;2
6244;51140;8;6392;4
6245;51144;16;3196;8
6246;51152;17;3008;16
6247;51168;3407;15;63
6248;51231;10243;5;16
6249;51247;51239;1;8
6250;51255;53;967;4
6251;51259;51257;1;2
6252;51261;2;25630;1
6253;51262;37;1385;17
6254;51279;11;4661;8
6255;51287;51283;1;4
6256;51291;7;7327;2
6257;51293;2;25646;1
6258;51294;13;3945;9
6259;51303;43;1193;4
6260;51307;5;10261;2
6261;51309;2;25654;1
6262;51310;31;1655;5
6263;51315;23;2231;2
6264;51317;2;25658;1
6265;51318;5;10263;3
6266;51321;2;25660;1
6267;51322;4;12830;2
6268;51324;31;1655;19
6269;51343;10267;5;8
6270;51351;51347;1;4
6271;51355;89;577;2
6272;51357;2;25678;1
6273;51358;51349;1;9
6274;51367;9;5707;4
6275;51371;3;17123;2
6276;51373;2;25686;1
6277;51374;17123;3;5
6278;51379;83;619;2
6279;51381;2;25690;1
6280;51382;191;269;3
6281;51385;2;25692;1
6282;51386;3;17128;2
6283;51388;83;619;11
6284;51399;5;10279;4
6285;51403;7;7343;2
6286;51405;2;25702;1
6287;51406;7;7343;5
6288;51411;101;509;2
6289;51413;2;25706;1
6290;51414;17137;3;3
6291;51417;2;25708;1
6292;51418;4;12854;2
6293;51420;51413;1;7
6294;51427;5;10285;2
6295;51429;2;25714;1
6296;51430;51427;1;3
6297;51433;2;25716;1
6298;51434;3;17144;2
6299;51436;51431;1;5
6300;51441;2;25720;1
6301;51442;4;12860;2
6302;51444;5;10288;4
6303;51448;25;2057;23
6304;51471;53;971;8
6305;51479;5;10295;4
6306;51483;51481;1;2
6307;51485;2;25742;1
6308;51486;17159;3;9
6309;51495;11;4681;4
6310;51499;23;2239;2
6311;51501;2;25750;1
6312;51502;23;2239;5
6313;51507;5;10301;2
6314;51509;2;25754;1
6315;51510;9;5723;3
6316;51513;2;25756;1
6317;51514;4;12878;2
6318;51516;10301;5;11
6319;51527;67;769;4
6320;51531;227;227;2
6321;51533;2;25766;1
6322;51534;227;227;5
6323;51539;3;17179;2
6324;51541;2;25770;1
6325;51542;51539;1;3
6326;51545;2;25772;1
6327;51546;4;12886;2
6328;51548;37;1393;7
6329;51555;31;1663;2
6330;51557;2;25778;1
6331;51558;5;10311;3
6332;51561;2;25780;1
6333;51562;4;12890;2
6334;51564;47;1097;5
6335;51569;2;25784;1
6336;51570;4;12892;2
6337;51572;8;6446;4
6338;51576;17;3033;15
6339;51591;79;653;4
6340;51595;51593;1;2
6341;51597;2;25798;1
6342;51598;51593;1;5
6343;51603;11;4691;2
6344;51605;2;25802;1
6345;51606;103;501;3
6346;51609;2;25804;1
6347;51610;4;12902;2
6348;51612;10321;5;7
6349;51619;71;727;2
6350;51621;2;25810;1
6351;51622;41;1259;3
6352;51625;2;25812;1
6353;51626;3;17208;2
6354;51628;11;4693;5
6355;51633;2;25816;1
6356;51634;4;12908;2
6357;51636;7;7376;4
6358;51640;17;3037;11
6359;51651;13;3973;2
6360;51653;2;25826;1
6361;51654;9;5739;3
6362;51657;2;25828;1
6363;51658;4;12914;2
6364;51660;10331;5;5
6365;51665;2;25832;1
6366;51666;4;12916;2
6367;51668;8;6458;4
6368;51672;17;3039;9
6369;51681;2;25840;1
6370;51682;4;12920;2
6371;51684;5;10336;4
6372;51688;10;5168;8
6373;51696;10333;5;31
6374;51727;51719;1;8
6375;51735;17;3043;4
6376;51739;7;7391;2
6377;51741;2;25870;1
6378;51742;11;4703;9
6379;51751;47;1101;4
6380;51755;3;17251;2
6381;51757;2;25878;1
6382;51758;13;3981;5
6383;51763;191;271;2
6384;51765;2;25882;1
6385;51766;37;1399;3
6386;51769;2;25884;1
6387;51770;3;17256;2
6388;51772;191;271;11
6389;51783;7;7397;4
6390;51787;5;10357;2
6391;51789;2;25894;1
6392;51790;10357;5;5
6393;51795;7;7399;2
6394;51797;2;25898;1
6395;51798;5;10359;3
6396;51801;2;25900;1
6397;51802;4;12950;2
6398;51804;51797;1;7
6399;51811;103;503;2
6400;51813;2;25906;1
6401;51814;197;263;3
6402;51817;2;25908;1
6403;51818;3;17272;2
6404;51820;43;1205;5
6405;51825;2;25912;1
6406;51826;4;12956;2
6407;51828;8;6478;4
6408;51832;51817;1;15
6409;51847;11;4713;4
6410;51851;3;17283;2
6411;51853;2;25926;1
6412;51854;7;7407;5
6413;51859;13;3989;2
6414;51861;2;25930;1
6415;51862;51859;1;3
6416;51865;2;25932;1
6417;51866;3;17288;2
6418;51868;59;879;7
6419;51875;3;17291;2
6420;51877;2;25938;1
6421;51878;5;10375;3
6422;51881;2;25940;1
6423;51882;4;12970;2
6424;51884;17293;3;5
6425;51889;2;25944;1
6426;51890;3;17296;2
6427;51892;6;8648;4
6428;51896;15;3459;11
6429;51907;5;10381;2
6430;51909;2;25954;1
6431;51910;51907;1;3
6432;51913;2;25956;1
6433;51914;3;17304;2
6434;51916;23;2257;5
6435;51921;2;25960;1
6436;51922;4;12980;2
6437;51924;5;10384;4
6438;51928;7417;7;9
6439;51937;2;25968;1
6440;51938;3;17312;2
6441;51940;6;8656;4
6442;51944;12;4328;8
6443;51952;51929;1;23
6444;51975;51971;1;4
6445;51979;51977;1;2
6446;51981;2;25990;1
6447;51982;51977;1;5
6448;51987;5;10397;2
6449;51989;2;25994;1
6450;51990;13;3999;3
6451;51993;2;25996;1
6452;51994;4;12998;2
6453;51996;49;1061;7
6454;52003;149;349;2
6455;52005;2;26002;1
6456;52006;7;7429;3
6457;52009;2;26004;1
6458;52010;3;17336;2
6459;52012;131;397;5
6460;52017;2;26008;1
6461;52018;4;13004;2
6462;52020;8;6502;4
6463;52024;13;4001;11
6464;52035;61;853;2
6465;52037;2;26018;1
6466;52038;5;10407;3
6467;52041;2;26020;1
6468;52042;4;13010;2
6469;52044;13;4003;5
6470;52049;2;26024;1
6471;52050;4;13012;2
6472;52052;8;6506;4
6473;52056;5783;9;9
6474;52065;2;26032;1
6475;52066;4;13016;2
6476;52068;8;6508;4
6477;52072;16;3254;8
6478;52080;79;659;19
6479;52099;59;883;2
6480;52101;2;26050;1
6481;52102;53;983;3
6482;52105;2;26052;1
6483;52106;3;17368;2
6484;52108;52103;1;5
6485;52113;2;26056;1
6486;52114;4;13028;2
6487;52116;8;6514;4
6488;52120;31;1681;9
6489;52129;2;26064;1
6490;52130;3;17376;2
6491;52132;6;8688;4
6492;52136;9;5792;8
6493;52144;52127;1;17
6494;52161;2;26080;1
6495;52162;4;13040;2
6496;52164;5;10432;4
6497;52168;10;5216;8
6498;52176;20;2608;16
6499;52192;10429;5;47
6500;52239;19;2749;8
6501;52247;89;587;4
6502;52251;52249;1;2
6503;52253;2;26126;1
6504;52254;15;3483;9
6505;52263;52259;1;4
6506;52267;5;10453;2
6507;52269;2;26134;1
6508;52270;10453;5;5
6509;52275;13;4021;2
6510;52277;2;26138;1
6511;52278;5;10455;3
6512;52281;2;26140;1
6513;52282;4;13070;2
6514;52284;13;4021;11
6515;52295;52291;1;4
6516;52299;7;7471;2
6517;52301;2;26150;1
6518;52302;7;7471;5
6519;52307;3;17435;2
6520;52309;2;26154;1
6521;52310;19;2753;3
6522;52313;2;26156;1
6523;52314;4;13078;2
6524;52316;17;3077;7
6525;52323;52321;1;2
6526;52325;2;26162;1
6527;52326;107;489;3
6528;52329;2;26164;1
6529;52330;4;13082;2
6530;52332;11;4757;5
6531;52337;2;26168;1
6532;52338;4;13084;2
6533;52340;8;6542;4
6534;52344;17443;3;15
6535;52359;5;10471;4
6536;52363;52361;1;2
6537;52365;2;26182;1
6538;52366;52361;1;5
6539;52371;52369;1;2
6540;52373;2;26186;1
6541;52374;9;5819;3
6542;52377;2;26188;1
6543;52378;4;13094;2
6544;52380;83;631;7
6545;52387;5;10477;2
6546;52389;2;26194;1
6547;52390;52387;1;3
6548;52393;2;26196;1
6549;52394;3;17464;2
6550;52396;52391;1;5
6551;52401;2;26200;1
6552;52402;4;13100;2
6553;52404;5;10480;4
6554;52408;151;347;11
6555;52419;23;2279;2
6556;52421;2;26210;1
6557;52422;101;519;3
6558;52425;2;26212;1
6559;52426;4;13106;2
6560;52428;7;7489;5
6561;52433;2;26216;1
6562;52434;4;13108;2
6563;52436;8;6554;4
6564;52440;17477;3;9
6565;52449;2;26224;1
6566;52450;4;13112;2
6567;52452;8;6556;4
6568;52456;11;4768;8
6569;52464;229;229;23
6570;52487;31;1693;4
6571;52491;52489;1;2
6572;52493;2;26246;1
6573;52494;52489;1;5
6574;52499;3;17499;2
6575;52501;2;26250;1
6576;52502;47;1117;3
6577;52505;2;26252;1
6578;52506;4;13126;2
6579;52508;52501;1;7
6580;52515;17;3089;2
6581;52517;2;26258;1
6582;52518;5;10503;3
6583;52521;2;26260;1
6584;52522;4;13130;2
6585;52524;29;1811;5
6586;52529;2;26264;1
6587;52530;4;13132;2
6588;52532;7;7504;4
6589;52536;25;2101;11
6590;52547;3;17515;2
6591;52549;2;26274;1
6592;52550;11;4777;3
6593;52553;2;26276;1
6594;52554;4;13138;2
6595;52556;9;5839;5
6596;52561;2;26280;1
6597;52562;3;17520;2
6598;52564;5;10512;4
6599;52568;13;4043;9
6600;52577;2;26288;1
6601;52578;4;13144;2
6602;52580;8;6572;4
6603;52584;16;3286;8
6604;52592;2767;19;19
6605;52611;52609;1;2
6606;52613;2;26306;1
6607;52614;13;4047;3
6608;52617;2;26308;1
6609;52618;4;13154;2
6610;52620;17;3095;5
6611;52625;2;26312;1
6612;52626;4;13156;2
6613;52628;8;6578;4
6614;52632;27;1949;9
6615;52641;2;26320;1
6616;52642;4;13160;2
6617;52644;5;10528;4
6618;52648;10;5264;8
6619;52656;52639;1;17
6620;52673;2;26336;1
6621;52674;4;13168;2
6622;52676;8;6584;4
6623;52680;16;3292;8
6624;52688;32;1646;16
6625;52704;3511;15;39
6626;52743;23;2293;4
6627;52747;5;10549;2
6628;52749;2;26374;1
6629;52750;7;7535;5
6630;52755;71;743;2
6631;52757;2;26378;1
6632;52758;5;10551;3
6633;52761;2;26380;1
6634;52762;4;13190;2
6635;52764;52757;1;7
6636;52771;52769;1;2
6637;52773;2;26386;1
6638;52774;113;467;3
6639;52777;2;26388;1
6640;52778;3;17592;2
6641;52780;25;2111;5
6642;52785;2;26392;1
6643;52786;4;13196;2
6644;52788;8;6598;4
6645;52792;47;1123;11
6646;52803;7;7543;2
6647;52805;2;26402;1
6648;52806;9;5867;3
6649;52809;2;26404;1
6650;52810;4;13202;2
6651;52812;52807;1;5
6652;52817;2;26408;1
6653;52818;4;13204;2
6654;52820;8;6602;4
6655;52824;15;3521;9
6656;52833;2;26416;1
6657;52834;4;13208;2
6658;52836;8;6604;4
6659;52840;13;4064;8
6660;52848;7547;7;19
6661;52867;5;10573;2
6662;52869;2;26434;1
6663;52870;29;1823;3
6664;52873;2;26436;1
6665;52874;3;17624;2
6666;52876;7;7553;5
6667;52881;2;26440;1
6668;52882;4;13220;2
6669;52884;5;10576;4
6670;52888;52879;1;9
6671;52897;2;26448;1
6672;52898;3;17632;2
6673;52900;6;8816;4
6674;52904;12;4408;8
6675;52912;71;745;17
6676;52929;2;26464;1
6677;52930;4;13232;2
6678;52932;8;6616;4
6679;52936;16;3308;8
6680;52944;32;1654;16
6681;52960;73;725;35
6682;52995;197;269;2
6683;52997;2;26498;1
6684;52998;5;10599;3
6685;53001;2;26500;1
6686;53002;4;13250;2
6687;53004;52999;1;5
6688;53009;2;26504;1
6689;53010;4;13252;2
6690;53012;8;6626;4
6691;53016;17669;3;9
6692;53025;2;26512;1
6693;53026;4;13256;2
6694;53028;8;6628;4
6695;53032;16;3314;8
6696;53040;3119;17;17
6697;53057;2;26528;1
6698;53058;4;13264;2
6699;53060;8;6632;4
6700;53064;16;3316;8
6701;53072;32;1658;16
6702;53088;45;1179;33
6703;53121;2;26560;1
6704;53122;4;13280;2
6705;53124;5;10624;4
6706;53128;10;5312;8
6707;53136;20;2656;16
6708;53152;40;1328;32
6709;53184;53089;1;95
6710;53279;49;1087;16
6711;53295;13;4099;8
6712;53303;53299;1;4
6713;53307;5;10661;2
6714;53309;2;26654;1
6715;53310;137;389;17
6716;53327;21;2539;8
6717;53335;29;1839;4
6718;53339;3;17779;2
6719;53341;2;26670;1
6720;53342;19;2807;9
6721;53351;7;7621;4
6722;53355;53353;1;2
6723;53357;2;26678;1
6724;53358;53353;1;5
6725;53363;3;17787;2
6726;53365;2;26682;1
6727;53366;17;3139;3
6728;53369;2;26684;1
6729;53370;4;13342;2
6730;53372;53353;1;19
6731;53391;11;4853;8
6732;53399;5;10679;4
6733;53403;53401;1;2
6734;53405;2;26702;1
6735;53406;17;3141;9
6736;53415;53411;1;4
6737;53419;7;7631;2
6738;53421;2;26710;1
6739;53422;7;7631;5
6740;53427;5;10685;2
6741;53429;2;26714;1
6742;53430;11;4857;3
6743;53433;2;26716;1
6744;53434;4;13358;2
6745;53436;25;2137;11
6746;53447;13;4111;4
6747;53451;11;4859;2
6748;53453;2;26726;1
6749;53454;11;4859;5
6750;53459;3;17819;2
6751;53461;2;26730;1
6752;53462;7;7637;3
6753;53465;2;26732;1
6754;53466;4;13366;2
6755;53468;193;277;7
6756;53475;7;7639;2
6757;53477;2;26738;1
6758;53478;5;10695;3
6759;53481;2;26740;1
6760;53482;4;13370;2
6761;53484;53479;1;5
6762;53489;2;26744;1
6763;53490;4;13372;2
6764;53492;8;6686;4
6765;53496;7639;7;23
6766;53519;17837;3;8
6767;53527;9;5947;4
6768;53531;3;17843;2
6769;53533;2;26766;1
6770;53534;25;2141;9
6771;53543;37;1447;4
6772;53547;5;10709;2
6773;53549;2;26774;1
6774;53550;10709;5;5
6775;53555;3;17851;2
6776;53557;2;26778;1
6777;53558;5;10711;3
6778;53561;2;26780;1
6779;53562;4;13390;2
6780;53564;17851;3;11
6781;53575;7;7653;4
6782;53579;3;17859;2
6783;53581;2;26790;1
6784;53582;9;5953;5
6785;53587;5;10717;2
6786;53589;2;26794;1
6787;53590;41;1307;3
6788;53593;2;26796;1
6789;53594;3;17864;2
6790;53596;17863;3;7
6791;53603;3;17867;2
6792;53605;2;26802;1
6793;53606;11;4873;3
6794;53609;2;26804;1
6795;53610;4;13402;2
6796;53612;107;501;5
6797;53617;2;26808;1
6798;53618;3;17872;2
6799;53620;6;8936;4
6800;53624;53609;1;15
6801;53639;5;10727;4
6802;53643;7;7663;2
6803;53645;2;26822;1
6804;53646;7;7663;5
6805;53651;3;17883;2
6806;53653;2;26826;1
6807;53654;13;4127;3
6808;53657;2;26828;1
6809;53658;4;13414;2
6810;53660;53653;1;7
6811;53667;5;10733;2
6812;53669;2;26834;1
6813;53670;9;5963;3
6814;53673;2;26836;1
6815;53674;4;13418;2
6816;53676;191;281;5
6817;53681;2;26840;1
6818;53682;4;13420;2
6819;53684;5;10736;4
6820;53688;13;4129;11
6821;53699;3;17899;2
6822;53701;2;26850;1
6823;53702;53699;1;3
6824;53705;2;26852;1
6825;53706;4;13426;2
6826;53708;9;5967;5
6827;53713;2;26856;1
6828;53714;3;17904;2
6829;53716;6;8952;4
6830;53720;7673;7;9
6831;53729;2;26864;1
6832;53730;4;13432;2
6833;53732;8;6716;4
6834;53736;16;3358;8
6835;53744;209;257;31
6836;53775;7681;7;8
6837;53783;11;4889;4
6838;53787;5;10757;2
6839;53789;2;26894;1
6840;53790;13;4137;9
6841;53799;5;10759;4
6842;53803;11;4891;2
6843;53805;2;26902;1
6844;53806;11;4891;5
6845;53811;7;7687;2
6846;53813;2;26906;1
6847;53814;9;5979;3
6848;53817;2;26908;1
6849;53818;4;13454;2
6850;53820;7687;7;11
6851;53831;19;2833;4
6852;53835;13;4141;2
6853;53837;2;26918;1
6854;53838;13;4141;5
6855;53843;3;17947;2
6856;53845;2;26922;1
6857;53846;23;2341;3
6858;53849;2;26924;1
6859;53850;4;13462;2
6860;53852;11;4895;7
6861;53859;53857;1;2
6862;53861;2;26930;1
6863;53862;13;4143;3
6864;53865;2;26932;1
6865;53866;4;13466;2
6866;53868;61;883;5
6867;53873;2;26936;1
6868;53874;4;13468;2
6869;53876;7;7696;4
6870;53880;19;2835;15
6871;53895;53891;1;4
6872;53899;53897;1;2
6873;53901;2;26950;1
6874;53902;53897;1;5
6875;53907;5;10781;2
6876;53909;2;26954;1
6877;53910;7;7701;3
6878;53913;2;26956;1
6879;53914;4;13478;2
6880;53916;31;1739;7
6881;53923;7;7703;2
6882;53925;2;26962;1
6883;53926;53923;1;3
6884;53929;2;26964;1
6885;53930;3;17976;2
6886;53932;53927;1;5
6887;53937;2;26968;1
6888;53938;4;13484;2
6889;53940;8;6742;4
6890;53944;4903;11;11
6891;53955;163;331;2
6892;53957;2;26978;1
6893;53958;5;10791;3
6894;53961;2;26980;1
6895;53962;4;13490;2
6896;53964;53959;1;5
6897;53969;2;26984;1
6898;53970;4;13492;2
6899;53972;8;6746;4
6900;53976;17989;3;9
6901;53985;2;26992;1
6902;53986;4;13496;2
6903;53988;7;7712;4
6904;53992;14;3856;8
6905;54000;77;701;23
6906;54023;7;7717;4
6907;54027;5;10805;2
6908;54029;2;27014;1
6909;54030;25;2161;5
6910;54035;3;18011;2
6911;54037;2;27018;1
6912;54038;5;10807;3
6913;54041;2;27020;1
6914;54042;4;13510;2
6915;54044;54037;1;7
6916;54051;54049;1;2
6917;54053;2;27026;1
6918;54054;43;1257;3
6919;54057;2;27028;1
6920;54058;4;13514;2
6921;54060;19;2845;5
6922;54065;2;27032;1
6923;54066;4;13516;2
6924;54068;8;6758;4
6925;54072;7723;7;11
6926;54083;3;18027;2
6927;54085;2;27042;1
6928;54086;54083;1;3
6929;54089;2;27044;1
6930;54090;4;13522;2
6931;54092;11;4917;5
6932;54097;2;27048;1
6933;54098;3;18032;2
6934;54100;6;9016;4
6935;54104;31;1745;9
6936;54113;2;27056;1
6937;54114;4;13528;2
6938;54116;8;6764;4
6939;54120;16;3382;8
6940;54128;4919;11;19
6941;54147;5;10829;2
6942;54149;2;27074;1
6943;54150;18049;3;3
6944;54153;2;27076;1
6945;54154;4;13538;2
6946;54156;54151;1;5
6947;54161;2;27080;1
6948;54162;4;13540;2
6949;54164;5;10832;4
6950;54168;21;2579;9
6951;54177;2;27088;1
6952;54178;4;13544;2
6953;54180;8;6772;4
6954;54184;16;3386;8
6955;54192;25;2167;17
6956;54209;2;27104;1
6957;54210;4;13552;2
6958;54212;7;7744;4
6959;54216;11;4928;8
6960;54224;22;2464;16
6961;54240;54193;1;47
6962;54287;9;6031;8
6963;54295;18097;3;4
6964;54299;3;18099;2
6965;54301;2;27150;1
6966;54302;54293;1;9
6967;54311;11;4937;4
6968;54315;7;7759;2
6969;54317;2;27158;1
6970;54318;7;7759;5
6971;54323;3;18107;2
6972;54325;2;27162;1
6973;54326;54323;1;3
6974;54329;2;27164;1
6975;54330;4;13582;2
6976;54332;19;2859;11
6977;54343;59;921;4
6978;54347;3;18115;2
6979;54349;2;27174;1
6980;54350;15;3623;5
6981;54355;13;4181;2
6982;54357;2;27178;1
6983;54358;5;10871;3
6984;54361;2;27180;1
6985;54362;3;18120;2
6986;54364;18119;3;7
6987;54371;3;18123;2
6988;54373;2;27186;1
6989;54374;54371;1;3
6990;54377;2;27188;1
6991;54378;4;13594;2
6992;54380;15;3625;5
6993;54385;2;27192;1
6994;54386;3;18128;2
6995;54388;6;9064;4
6996;54392;54377;1;15
6997;54407;54403;1;4
6998;54411;54409;1;2
6999;54413;2;27206;1
7000;54414;54409;1;5
7001;54419;3;18139;2
7002;54421;2;27210;1
7003;54422;54419;1;3
7004;54425;2;27212;1
7005;54426;4;13606;2
7006;54428;54421;1;7
7007;54435;29;1877;2
7008;54437;2;27218;1
7009;54438;5;10887;3
7010;54441;2;27220;1
7011;54442;4;13610;2
7012;54444;7;7777;5
7013;54449;2;27224;1
7014;54450;4;13612;2
7015;54452;8;6806;4
7016;54456;10889;5;11
7017;54467;3;18155;2
7018;54469;2;27234;1
7019;54470;7;7781;3
7020;54473;2;27236;1
7021;54474;4;13618;2
7022;54476;67;813;5
7023;54481;2;27240;1
7024;54482;3;18160;2
7025;54484;5;10896;4
7026;54488;157;347;9
7027;54497;2;27248;1
7028;54498;4;13624;2
7029;54500;8;6812;4
7030;54504;13;4192;8
7031;54512;41;1329;23
7032;54535;9;6059;4
7033;54539;3;18179;2
7034;54541;2;27270;1
7035;54542;7;7791;5
7036;54547;5;10909;2
7037;54549;2;27274;1
7038;54550;54547;1;3
7039;54553;2;27276;1
7040;54554;3;18184;2
7041;54556;9;6061;7
7042;54563;3;18187;2
7043;54565;2;27282;1
7044;54566;54563;1;3
7045;54569;2;27284;1
7046;54570;4;13642;2
7047;54572;9;6063;5
7048;54577;2;27288;1
7049;54578;3;18192;2
7050;54580;6;9096;4
7051;54584;18191;3;11
7052;54595;7;7799;2
7053;54597;2;27298;1
7054;54598;5;10919;3
7055;54601;2;27300;1
7056;54602;3;18200;2
7057;54604;71;769;5
7058;54609;2;27304;1
7059;54610;4;13652;2
7060;54612;8;6826;4
7061;54616;29;1883;9
7062;54625;2;27312;1
7063;54626;3;18208;2
7064;54628;6;9104;4
7065;54632;12;4552;8
7066;54640;21;2601;19
7067;54659;3;18219;2
7068;54661;2;27330;1
7069;54662;11;4969;3
7070;54665;2;27332;1
7071;54666;4;13666;2
7072;54668;7;7809;5
7073;54673;2;27336;1
7074;54674;3;18224;2
7075;54676;6;9112;4
7076;54680;23;2377;9
7077;54689;2;27344;1
7078;54690;4;13672;2
7079;54692;8;6836;4
7080;54696;16;3418;8
7081;54704;18229;3;17
7082;54721;2;27360;1
7083;54722;3;18240;2
7084;54724;5;10944;4
7085;54728;9;6080;8
7086;54736;18;3040;16
7087;54752;54713;1;39
7088;54791;54787;1;4
7089;54795;157;349;2
7090;54797;2;27398;1
7091;54798;157;349;5
7092;54803;3;18267;2
7093;54805;2;27402;1
7094;54806;7;7829;3
7095;54809;2;27404;1
7096;54810;4;13702;2
7097;54812;97;565;7
7098;54819;7;7831;2
7099;54821;2;27410;1
7100;54822;9;6091;3
7101;54825;2;27412;1
7102;54826;4;13706;2
7103;54828;73;751;5
7104;54833;2;27416;1
7105;54834;4;13708;2
7106;54836;8;6854;4
7107;54840;54829;1;11
7108;54851;3;18283;2
7109;54853;2;27426;1
7110;54854;54851;1;3
7111;54857;2;27428;1
7112;54858;4;13714;2
7113;54860;9;6095;5
7114;54865;2;27432;1
7115;54866;3;18288;2
7116;54868;6;9144;4
7117;54872;83;661;9
7118;54881;2;27440;1
7119;54882;4;13720;2
7120;54884;5;10976;4
7121;54888;10;5488;8
7122;54896;54877;1;19
7123;54915;89;617;2
7124;54917;2;27458;1
7125;54918;5;10983;3
7126;54921;2;27460;1
7127;54922;4;13730;2
7128;54924;54919;1;5
7129;54929;2;27464;1
7130;54930;4;13732;2
7131;54932;8;6866;4
7132;54936;17;3231;9
7133;54945;2;27472;1
7134;54946;4;13736;2
7135;54948;8;6868;4
7136;54952;16;3434;8
7137;54960;47;1169;17
7138;54977;2;27488;1
7139;54978;4;13744;2
7140;54980;8;6872;4
7141;54984;16;3436;8
7142;54992;32;1718;16
7143;55008;54973;1;35
7144;55043;3;18347;2
7145;55045;2;27522;1
7146;55046;19;2897;3
7147;55049;2;27524;1
7148;55050;4;13762;2
7149;55052;59;933;5
7150;55057;2;27528;1
7151;55058;3;18352;2
7152;55060;6;9176;4
7153;55064;11;5005;9
7154;55073;2;27536;1
7155;55074;4;13768;2
7156;55076;8;6884;4
7157;55080;16;3442;8
7158;55088;29;1899;17
7159;55105;2;27552;1
7160;55106;3;18368;2
7161;55108;6;9184;4
7162;55112;12;4592;8
7163;55120;21;2624;16
7164;55136;55103;1;33
7165;55169;2;27584;1
7166;55170;4;13792;2
7167;55172;8;6896;4
7168;55176;16;3448;8
7169;55184;32;1724;16
7170;55200;64;862;32
7171;55232;7879;7;79
7172;55311;29;1907;8
7173;55319;5;11063;4
7174;55323;7;7903;2
7175;55325;2;27662;1
7176;55326;18439;3;9
7177;55335;55331;1;4
7178;55339;55337;1;2
7179;55341;2;27670;1
7180;55342;55337;1;5
7181;55347;5;11069;2
7182;55349;2;27674;1
7183;55350;19;2913;3
7184;55353;2;27676;1
7185;55354;4;13838;2
7186;55356;11069;5;11
7187;55367;7;7909;4
7188;55371;17;3257;2
7189;55373;2;27686;1
7190;55374;17;3257;5
7191;55379;3;18459;2
7192;55381;2;27690;1
7193;55382;79;701;3
7194;55385;2;27692;1
7195;55386;4;13846;2
7196;55388;55381;1;7
7197;55395;13;4261;2
7198;55397;2;27698;1
7199;55398;5;11079;3
7200;55401;2;27700;1
7201;55402;4;13850;2
7202;55404;55399;1;5
7203;55409;2;27704;1
7204;55410;4;13852;2
7205;55412;8;6926;4
7206;55416;59;939;15
7207;55431;43;1289;4
7208;55435;7;7919;2
7209;55437;2;27718;1
7210;55438;7;7919;5
7211;55443;55441;1;2
7212;55445;2;27722;1
7213;55446;18481;3;3
7214;55449;2;27724;1
7215;55450;4;13862;2
7216;55452;13;4265;7
7217;55459;55457;1;2
7218;55461;2;27730;1
7219;55462;31;1789;3
7220;55465;2;27732;1
7221;55466;3;18488;2
7222;55468;37;1499;5
7223;55473;2;27736;1
7224;55474;4;13868;2
7225;55476;8;6934;4
7226;55480;55469;1;11
7227;55491;7;7927;2
7228;55493;2;27746;1
7229;55494;53;1047;3
7230;55497;2;27748;1
7231;55498;4;13874;2
7232;55500;11;5045;5
7233;55505;2;27752;1
7234;55506;4;13876;2
7235;55508;8;6938;4
7236;55512;21;2643;9
7237;55521;2;27760;1
7238;55522;4;13880;2
7239;55524;5;11104;4
7240;55528;10;5552;8
7241;55536;43;1291;23
7242;55559;5;11111;4
7243;55563;11;5051;2
7244;55565;2;27782;1
7245;55566;11;5051;5
7246;55571;3;18523;2
7247;55573;2;27786;1
7248;55574;61;911;3
7249;55577;2;27788;1
7250;55578;4;13894;2
7251;55580;17;3269;7
7252;55587;5;11117;2
7253;55589;2;27794;1
7254;55590;7;7941;3
7255;55593;2;27796;1
7256;55594;4;13898;2
7257;55596;23;2417;5
7258;55601;2;27800;1
7259;55602;4;13900;2
7260;55604;5;11120;4
7261;55608;53;1049;11
7262;55619;3;18539;2
7263;55621;2;27810;1
7264;55622;55619;1;3
7265;55625;2;27812;1
7266;55626;4;13906;2
7267;55628;18541;3;5
7268;55633;2;27816;1
7269;55634;3;18544;2
7270;55636;6;9272;4
7271;55640;55631;1;9
7272;55649;2;27824;1
7273;55650;4;13912;2
7274;55652;8;6956;4
7275;55656;16;3478;8
7276;55664;31;1795;19
7277;55683;55681;1;2
7278;55685;2;27842;1
7279;55686;9;6187;3
7280;55689;2;27844;1
7281;55690;4;13922;2
7282;55692;233;239;5
7283;55697;2;27848;1
7284;55698;4;13924;2
7285;55700;8;6962;4
7286;55704;15;3713;9
7287;55713;2;27856;1
7288;55714;4;13928;2
7289;55716;8;6964;4
7290;55720;16;3482;8
7291;55728;55711;1;17
7292;55745;2;27872;1
7293;55746;4;13936;2
7294;55748;8;6968;4
7295;55752;13;4288;8
7296;55760;26;2144;16
7297;55776;99;563;39
7298;55815;7;7973;4
7299;55819;55817;1;2
7300;55821;2;27910;1
7301;55822;55817;1;5
7302;55827;5;11165;2
7303;55829;2;27914;1
7304;55830;9;6203;3
7305;55833;2;27916;1
7306;55834;4;13958;2
7307;55836;55829;1;7
7308;55843;19;2939;2
7309;55845;2;27922;1
7310;55846;55843;1;3
7311;55849;2;27924;1
7312;55850;3;18616;2
7313;55852;11;5077;5
7314;55857;2;27928;1
7315;55858;4;13964;2
7316;55860;8;6982;4
7317;55864;79;707;11
7318;55875;59;947;2
7319;55877;2;27938;1
7320;55878;5;11175;3
7321;55881;2;27940;1
7322;55882;4;13970;2
7323;55884;17;3287;5
7324;55889;2;27944;1
7325;55890;4;13972;2
7326;55892;7;7984;4
7327;55896;13;4299;9
7328;55905;2;27952;1
7329;55906;4;13976;2
7330;55908;8;6988;4
7331;55912;16;3494;8
7332;55920;55901;1;19
7333;55939;7;7991;2
7334;55941;2;27970;1
7335;55942;13;4303;3
7336;55945;2;27972;1
7337;55946;3;18648;2
7338;55948;43;1301;5
7339;55953;2;27976;1
7340;55954;4;13988;2
7341;55956;8;6994;4
7342;55960;7993;7;9
7343;55969;2;27984;1
7344;55970;3;18656;2
7345;55972;6;9328;4
7346;55976;11;5088;8
7347;55984;55967;1;17
7348;56001;2;28000;1
7349;56002;4;14000;2
7350;56004;5;11200;4
7351;56008;10;5600;8
7352;56016;20;2800;16
7353;56032;55997;1;35
7354;56067;5;11213;2
7355;56069;2;28034;1
7356;56070;11;5097;3
7357;56073;2;28036;1
7358;56074;4;14018;2
7359;56076;47;1193;5
7360;56081;2;28040;1
7361;56082;4;14020;2
7362;56084;5;11216;4
7363;56088;27;2077;9
7364;56097;2;28048;1
7365;56098;4;14024;2
7366;56100;8;7012;4
7367;56104;16;3506;8
7368;56112;65;863;17
7369;56129;2;28064;1
7370;56130;4;14032;2
7371;56132;8;7016;4
7372;56136;16;3508;8
7373;56144;32;1754;16
7374;56160;53;1059;33
7375;56193;2;28096;1
7376;56194;4;14048;2
7377;56196;8;7024;4
7378;56200;16;3512;8
7379;56208;32;1756;16
7380;56224;64;878;32
7381;56256;85;661;71
7382;56327;151;373;4
7383;56331;7;8047;2
7384;56333;2;28166;1
7385;56334;7;8047;5
7386;56339;3;18779;2
7387;56341;2;28170;1
7388;56342;53;1063;3
7389;56345;2;28172;1
7390;56346;4;14086;2
7391;56348;103;547;7
7392;56355;11;5123;2
7393;56357;2;28178;1
7394;56358;5;11271;3
7395;56361;2;28180;1
7396;56362;4;14090;2
7397;56364;56359;1;5
7398;56369;2;28184;1
7399;56370;4;14092;2
7400;56372;8;7046;4
7401;56376;11273;5;11
7402;56387;3;18795;2
7403;56389;2;28194;1
7404;56390;113;499;3
7405;56393;2;28196;1
7406;56394;4;14098;2
7407;56396;18797;3;5
7408;56401;2;28200;1
7409;56402;3;18800;2
7410;56404;5;11280;4
7411;56408;49;1151;9
7412;56417;2;28208;1
7413;56418;4;14104;2
7414;56420;8;7052;4
7415;56424;16;3526;8
7416;56432;8059;7;19
7417;56451;19;2971;2
7418;56453;2;28226;1
7419;56454;31;1821;3
7420;56457;2;28228;1
7421;56458;4;14114;2
7422;56460;7;8065;5
7423;56465;2;28232;1
7424;56466;4;14116;2
7425;56468;8;7058;4
7426;56472;11;5133;9
7427;56481;2;28240;1
7428;56482;4;14120;2
7429;56484;5;11296;4
7430;56488;10;5648;8
7431;56496;56479;1;17
7432;56513;2;28256;1
7433;56514;4;14128;2
7434;56516;8;7064;4
7435;56520;16;3532;8
7436;56528;32;1766;16
7437;56544;56509;1;35
7438;56579;3;18859;2
7439;56581;2;28290;1
7440;56582;29;1951;3
7441;56585;2;28292;1
7442;56586;4;14146;2
7443;56588;9;6287;5
7444;56593;2;28296;1
7445;56594;3;18864;2
7446;56596;6;9432;4
7447;56600;56591;1;9
7448;56609;2;28304;1
7449;56610;4;14152;2
7450;56612;8;7076;4
7451;56616;16;3538;8
7452;56624;18869;3;17
7453;56641;2;28320;1
7454;56642;3;18880;2
7455;56644;5;11328;4
7456;56648;10;5664;8
7457;56656;20;2832;16
7458;56672;209;271;33
7459;56705;2;28352;1
7460;56706;4;14176;2
7461;56708;8;7088;4
7462;56712;16;3544;8
7463;56720;32;1772;16
7464;56736;64;886;32
7465;56768;56701;1;67
7466;56835;7;8119;2
7467;56837;2;28418;1
7468;56838;5;11367;3
7469;56841;2;28420;1
7470;56842;4;14210;2
7471;56844;113;503;5
7472;56849;2;28424;1
7473;56850;4;14212;2
7474;56852;8;7106;4
7475;56856;21;2707;9
7476;56865;2;28432;1
7477;56866;4;14216;2
7478;56868;8;7108;4
7479;56872;16;3554;8
7480;56880;101;563;17
7481;56897;2;28448;1
7482;56898;4;14224;2
7483;56900;7;8128;4
7484;56904;14;4064;8
7485;56912;28;2032;16
7486;56928;3793;15;33
7487;56961;2;28480;1
7488;56962;4;14240;2
7489;56964;5;11392;4
7490;56968;10;5696;8
7491;56976;20;2848;16
7492;56992;40;1424;32
7493;57024;79;721;65
7494;57089;2;28544;1
7495;57090;4;14272;2
7496;57092;8;7136;4
7497;57096;16;3568;8
7498;57104;32;1784;16
7499;57120;64;892;32
7500;57152;128;446;64
7501;57216;209;273;159
7502;57375;41;1399;16
7503;57391;57383;1;8
7504;57399;5;11479;4
7505;57403;61;941;2
7506;57405;2;28702;1
7507;57406;57389;1;17
7508;57423;11483;5;8
7509;57431;57427;1;4
7510;57435;79;727;2
7511;57437;2;28718;1
7512;57438;27;2127;9
7513;57447;17;3379;4
7514;57451;7;8207;2
7515;57453;2;28726;1
7516;57454;7;8207;5
7517;57459;57457;1;2
7518;57461;2;28730;1
7519;57462;107;537;3
7520;57465;2;28732;1
7521;57466;4;14366;2
7522;57468;29;1981;19
7523;57487;229;251;8
7524;57495;7;8213;4
7525;57499;11;5227;2
7526;57501;2;28750;1
7527;57502;57493;1;9
7528;57511;29;1983;4
7529;57515;3;19171;2
7530;57517;2;28758;1
7531;57518;19;3027;5
7532;57523;97;593;2
7533;57525;2;28762;1
7534;57526;23;2501;3
7535;57529;2;28764;1
7536;57530;3;19176;2
7537;57532;97;593;11
7538;57543;163;353;4
7539;57547;5;11509;2
7540;57549;2;28774;1
7541;57550;17;3385;5
7542;57555;67;859;2
7543;57557;2;28778;1
7544;57558;5;11511;3
7545;57561;2;28780;1
7546;57562;4;14390;2
7547;57564;57557;1;7
7548;57571;23;2503;2
7549;57573;2;28786;1
7550;57574;57571;1;3
7551;57577;2;28788;1
7552;57578;3;19192;2
7553;57580;7;8225;5
7554;57585;2;28792;1
7555;57586;4;14396;2
7556;57588;8;7198;4
7557;57592;2503;23;23
7558;57615;11;5237;8
7559;57623;157;367;4
7560;57627;5;11525;2
7561;57629;2;28814;1
7562;57630;19207;3;9
7563;57639;5;11527;4
7564;57643;57641;1;2
7565;57645;2;28822;1
7566;57646;57641;1;5
7567;57651;57649;1;2
7568;57653;2;28826;1
7569;57654;11;5241;3
7570;57657;2;28828;1
7571;57658;4;14414;2
7572;57660;57649;1;11
7573;57671;57667;1;4
7574;57675;7;8239;2
7575;57677;2;28838;1
7576;57678;7;8239;5
7577;57683;3;19227;2
7578;57685;2;28842;1
7579;57686;37;1559;3
7580;57689;2;28844;1
7581;57690;4;14422;2
7582;57692;83;695;7
7583;57699;57697;1;2
7584;57701;2;28850;1
7585;57702;9;6411;3
7586;57705;2;28852;1
7587;57706;4;14426;2
7588;57708;19;3037;5
7589;57713;2;28856;1
7590;57714;4;14428;2
7591;57716;8;7214;4
7592;57720;3847;15;15
7593;57735;57731;1;4
7594;57739;57737;1;2
7595;57741;2;28870;1
7596;57742;57737;1;5
7597;57747;5;11549;2
7598;57749;2;28874;1
7599;57750;19249;3;3
7600;57753;2;28876;1
7601;57754;4;14438;2
7602;57756;17;3397;7
7603;57763;11;5251;2
7604;57765;2;28882;1
7605;57766;47;1229;3
7606;57769;2;28884;1
7607;57770;3;19256;2
7608;57772;61;947;5
7609;57777;2;28888;1
7610;57778;4;14444;2
7611;57780;8;7222;4
7612;57784;57773;1;11
7613;57795;57793;1;2
7614;57797;2;28898;1
7615;57798;5;11559;3
7616;57801;2;28900;1
7617;57802;4;14450;2
7618;57804;7;8257;5
7619;57809;2;28904;1
7620;57810;4;14452;2
7621;57812;8;7226;4
7622;57816;27;2141;9
7623;57825;2;28912;1
7624;57826;4;14456;2
7625;57828;8;7228;4
7626;57832;13;4448;8
7627;57840;57809;1;31
7628;57871;13;4451;8
7629;57879;5;11575;4
7630;57883;57881;1;2
7631;57885;2;28942;1
7632;57886;31;1867;9
7633;57895;23;2517;4
7634;57899;3;19299;2
7635;57901;2;28950;1
7636;57902;7;8271;5
7637;57907;5;11581;2
7638;57909;2;28954;1
7639;57910;79;733;3
7640;57913;2;28956;1
7641;57914;3;19304;2
7642;57916;37;1565;11
7643;57927;57923;1;4
7644;57931;53;1093;2
7645;57933;2;28966;1
7646;57934;53;1093;5
7647;57939;11;5267;2
7648;57941;2;28970;1
7649;57942;7;8277;3
7650;57945;2;28972;1
7651;57946;4;14486;2
7652;57948;13;4457;7
7653;57955;7;8279;2
7654;57957;2;28978;1
7655;57958;5;11591;3
7656;57961;2;28980;1
7657;57962;3;19320;2
7658;57964;11;5269;5
7659;57969;2;28984;1
7660;57970;4;14492;2
7661;57972;8;7246;4
7662;57976;149;389;15
7663;57991;9;6443;4
7664;57995;3;19331;2
7665;57997;2;28998;1
7666;57998;13;4461;5
7667;58003;31;1871;2
7668;58005;2;29002;1
7669;58006;11;5273;3
7670;58009;2;29004;1
7671;58010;3;19336;2
7672;58012;9;6445;7
7673;58019;3;19339;2
7674;58021;2;29010;1
7675;58022;13;4463;3
7676;58025;2;29012;1
7677;58026;4;14506;2
7678;58028;7;8289;5
7679;58033;2;29016;1
7680;58034;3;19344;2
7681;58036;6;9672;4
7682;58040;23;2523;11
7683;58051;58049;1;2
7684;58053;2;29026;1
7685;58054;7;8293;3
7686;58057;2;29028;1
7687;58058;3;19352;2
7688;58060;17;3415;5
7689;58065;2;29032;1
7690;58066;4;14516;2
7691;58068;8;7258;4
7692;58072;31;1873;9
7693;58081;2;29040;1
7694;58082;3;19360;2
7695;58084;5;11616;4
7696;58088;10;5808;8
7697;58096;58073;1;23
7698;58119;5;11623;4
7699;58123;7;8303;2
7700;58125;2;29062;1
7701;58126;7;8303;5
7702;58131;58129;1;2
7703;58133;2;29066;1
7704;58134;9;6459;3
7705;58137;2;29068;1
7706;58138;4;14534;2
7707;58140;61;953;7
7708;58147;5;11629;2
7709;58149;2;29074;1
7710;58150;58147;1;3
7711;58153;2;29076;1
7712;58154;3;19384;2
7713;58156;58151;1;5
7714;58161;2;29080;1
7715;58162;4;14540;2
7716;58164;5;11632;4
7717;58168;17;3421;11
7718;58179;7;8311;2
7719;58181;2;29090;1
7720;58182;11;5289;3
7721;58185;2;29092;1
7722;58186;4;14546;2
7723;58188;83;701;5
7724;58193;2;29096;1
7725;58194;4;14548;2
7726;58196;8;7274;4
7727;58200;17;3423;9
7728;58209;2;29104;1
7729;58210;4;14552;2
7730;58212;8;7276;4
7731;58216;16;3638;8
7732;58224;35;1663;19
7733;58243;139;419;2
7734;58245;2;29122;1
7735;58246;58243;1;3
7736;58249;2;29124;1
7737;58250;3;19416;2
7738;58252;7;8321;5
7739;58257;2;29128;1
7740;58258;4;14564;2
7741;58260;8;7282;4
7742;58264;61;955;9
7743;58273;2;29136;1
7744;58274;3;19424;2
7745;58276;6;9712;4
7746;58280;12;4856;8
7747;58288;58271;1;17
7748;58305;2;29152;1
7749;58306;4;14576;2
7750;58308;8;7288;4
7751;58312;16;3644;8
7752;58320;32;1822;16
7753;58336;77;757;47
7754;58383;25;2335;8
7755;58391;7;8341;4
7756;58395;58393;1;2
7757;58397;2;29198;1
7758;58398;19463;3;9
7759;58407;58403;1;4
7760;58411;13;4493;2
7761;58413;2;29206;1
7762;58414;13;4493;5
7763;58419;58417;1;2
7764;58421;2;29210;1
7765;58422;9;6491;3
7766;58425;2;29212;1
7767;58426;4;14606;2
7768;58428;58417;1;11
7769;58439;5;11687;4
7770;58443;58441;1;2
7771;58445;2;29222;1
7772;58446;58441;1;5
7773;58451;3;19483;2
7774;58453;2;29226;1
7775;58454;58451;1;3
7776;58457;2;29228;1
7777;58458;4;14614;2
7778;58460;58453;1;7
7779;58467;5;11693;2
7780;58469;2;29234;1
7781;58470;19489;3;3
7782;58473;2;29236;1
7783;58474;4;14618;2
7784;58476;7;8353;5
7785;58481;2;29240;1
7786;58482;4;14620;2
7787;58484;5;11696;4
7788;58488;73;801;15
7789;58503;7;8357;4
7790;58507;5;11701;2
7791;58509;2;29254;1
7792;58510;11701;5;5
7793;58515;7;8359;2
7794;58517;2;29258;1
7795;58518;5;11703;3
7796;58521;2;29260;1
7797;58522;4;14630;2
7798;58524;163;359;7
7799;58531;107;547;2
7800;58533;2;29266;1
7801;58534;11;5321;3
7802;58537;2;29268;1
7803;58538;3;19512;2
7804;58540;23;2545;5
7805;58545;2;29272;1
7806;58546;4;14636;2
7807;58548;8;7318;4
7808;58552;8363;7;11
7809;58563;157;373;2
7810;58565;2;29282;1
7811;58566;9;6507;3
7812;58569;2;29284;1
7813;58570;4;14642;2
7814;58572;58567;1;5
7815;58577;2;29288;1
7816;58578;4;14644;2
7817;58580;7;8368;4
7818;58584;11;5325;9
7819;58593;2;29296;1
7820;58594;4;14648;2
7821;58596;8;7324;4
7822;58600;16;3662;8
7823;58608;11717;5;23
7824;58631;23;2549;4
7825;58635;17;3449;2
7826;58637;2;29318;1
7827;58638;17;3449;5
7828;58643;3;19547;2
7829;58645;2;29322;1
7830;58646;13;4511;3
7831;58649;2;29324;1
7832;58650;4;14662;2
7833;58652;37;1585;7
7834;58659;58657;1;2
7835;58661;2;29330;1
7836;58662;19553;3;3
7837;58665;2;29332;1
7838;58666;4;14666;2
7839;58668;11;5333;5
7840;58673;2;29336;1
7841;58674;4;14668;2
7842;58676;8;7334;4
7843;58680;13;4513;11
7844;58691;3;19563;2
7845;58693;2;29346;1
7846;58694;19;3089;3
7847;58697;2;29348;1
7848;58698;4;14674;2
7849;58700;7;8385;5
7850;58705;2;29352;1
7851;58706;3;19568;2
7852;58708;6;9784;4
7853;58712;47;1249;9
7854;58721;2;29360;1
7855;58722;4;14680;2
7856;58724;5;11744;4
7857;58728;10;5872;8
7858;58736;71;827;19
7859;58755;41;1433;2
7860;58757;2;29378;1
7861;58758;5;11751;3
7862;58761;2;29380;1
7863;58762;4;14690;2
7864;58764;67;877;5
7865;58769;2;29384;1
7866;58770;4;14692;2
7867;58772;8;7346;4
7868;58776;19;3093;9
7869;58785;2;29392;1
7870;58786;4;14696;2
7871;58788;8;7348;4
7872;58792;11;5344;8
7873;58800;29;2027;17
7874;58817;2;29408;1
7875;58818;4;14704;2
7876;58820;8;7352;4
7877;58824;16;3676;8
7878;58832;32;1838;16
7879;58848;19603;3;39
7880;58887;11;5353;4
7881;58891;58889;1;2
7882;58893;2;29446;1
7883;58894;58889;1;5
7884;58899;58897;1;2
7885;58901;2;29450;1
7886;58902;29;2031;3
7887;58905;2;29452;1
7888;58906;4;14726;2
7889;58908;58901;1;7
7890;58915;58913;1;2
7891;58917;2;29458;1
7892;58918;5;11783;3
7893;58921;2;29460;1
7894;58922;3;19640;2
7895;58924;7;8417;5
7896;58929;2;29464;1
7897;58930;4;14732;2
7898;58932;8;7366;4
7899;58936;25;2357;11
7900;58947;5;11789;2
7901;58949;2;29474;1
7902;58950;7;8421;3
7903;58953;2;29476;1
7904;58954;4;14738;2
7905;58956;167;353;5
7906;58961;2;29480;1
7907;58962;4;14740;2
7908;58964;5;11792;4
7909;58968;6551;9;9
7910;58977;2;29488;1
7911;58978;4;14744;2
7912;58980;8;7372;4
7913;58984;16;3686;8
7914;58992;3469;17;19
7915;59011;59009;1;2
7916;59013;2;29506;1
7917;59014;59011;1;3
7918;59017;2;29508;1
7919;59018;3;19672;2
7920;59020;11;5365;5
7921;59025;2;29512;1
7922;59026;4;14756;2
7923;59028;7;8432;4
7924;59032;59023;1;9
7925;59041;2;29520;1
7926;59042;3;19680;2
7927;59044;5;11808;4
7928;59048;9;6560;8
7929;59056;43;1373;17
7930;59073;2;29536;1
7931;59074;4;14768;2
7932;59076;8;7384;4
7933;59080;13;4544;8
7934;59088;26;2272;16
7935;59104;59069;1;35
7936;59139;13;4549;2
7937;59141;2;29570;1
7938;59142;9;6571;3
7939;59145;2;29572;1
7940;59146;4;14786;2
7941;59148;7;8449;5
7942;59153;2;29576;1
7943;59154;4;14788;2
7944;59156;8;7394;4
7945;59160;19717;3;9
7946;59169;2;29584;1
7947;59170;4;14792;2
7948;59172;8;7396;4
7949;59176;16;3698;8
7950;59184;59167;1;17
7951;59201;2;29600;1
7952;59202;4;14800;2
7953;59204;5;11840;4
7954;59208;10;5920;8
7955;59216;20;2960;16
7956;59232;2819;21;33
7957;59265;2;29632;1
7958;59266;4;14816;2
7959;59268;8;7408;4
7960;59272;16;3704;8
7961;59280;32;1852;16
7962;59296;64;926;32
7963;59328;179;331;79
7964;59407;59399;1;8
7965;59415;11;5401;4
7966;59419;59417;1;2
7967;59421;2;29710;1
7968;59422;19;3127;9
7969;59431;9;6603;4
7970;59435;3;19811;2
7971;59437;2;29718;1
7972;59438;11;5403;5
7973;59443;59441;1;2
7974;59445;2;29722;1
7975;59446;59443;1;3
7976;59449;2;29724;1
7977;59450;3;19816;2
7978;59452;59441;1;11
7979;59463;37;1607;4
7980;59467;5;11893;2
7981;59469;2;29734;1
7982;59470;7;8495;5
7983;59475;59473;1;2
7984;59477;2;29738;1
7985;59478;5;11895;3
7986;59481;2;29740;1
7987;59482;4;14870;2
7988;59484;11;5407;7
7989;59491;19;3131;2
7990;59493;2;29746;1
7991;59494;41;1451;3
7992;59497;2;29748;1
7993;59498;3;19832;2
7994;59500;73;815;5
7995;59505;2;29752;1
7996;59506;4;14876;2
7997;59508;8;7438;4
7998;59512;59497;1;15
7999;59527;19841;3;4
8000;59531;3;19843;2
8001;59533;2;29766;1
8002;59534;19843;3;5
8003;59539;29;2053;2
8004;59541;2;29770;1
8005;59542;59539;1;3
8006;59545;2;29772;1
8007;59546;3;19848;2
8008;59548;89;669;7
8009;59555;3;19851;2
8010;59557;2;29778;1
8011;59558;5;11911;3
8012;59561;2;29780;1
8013;59562;4;14890;2
8014;59564;19853;3;5
8015;59569;2;29784;1
8016;59570;3;19856;2
8017;59572;6;9928;4
8018;59576;15;3971;11
8019;59587;5;11917;2
8020;59589;2;29794;1
8021;59590;11;5417;3
8022;59593;2;29796;1
8023;59594;3;19864;2
8024;59596;7;8513;5
8025;59601;2;29800;1
8026;59602;4;14900;2
8027;59604;5;11920;4
8028;59608;107;557;9
8029;59617;2;29808;1
8030;59618;3;19872;2
8031;59620;6;9936;4
8032;59624;9;6624;8
8033;59632;5419;11;23
8034;59655;59651;1;4
8035;59659;13;4589;2
8036;59661;2;29830;1
8037;59662;13;4589;5
8038;59667;5;11933;2
8039;59669;2;29834;1
8040;59670;19889;3;3
8041;59673;2;29836;1
8042;59674;4;14918;2
8043;59676;59669;1;7
8044;59683;37;1613;2
8045;59685;2;29842;1
8046;59686;13;4591;3
8047;59689;2;29844;1
8048;59690;3;19896;2
8049;59692;17;3511;5
8050;59697;2;29848;1
8051;59698;4;14924;2
8052;59700;7;8528;4
8053;59704;59693;1;11
8054;59715;211;283;2
8055;59717;2;29858;1
8056;59718;5;11943;3
8057;59721;2;29860;1
8058;59722;4;14930;2
8059;59724;11;5429;5
8060;59729;2;29864;1
8061;59730;4;14932;2
8062;59732;8;7466;4
8063;59736;43;1389;9
8064;59745;2;29872;1
8065;59746;4;14936;2
8066;59748;8;7468;4
8067;59752;16;3734;8
8068;59760;5431;11;19
8069;59779;23;2599;2
8070;59781;2;29890;1
8071;59782;59779;1;3
8072;59785;2;29892;1
8073;59786;3;19928;2
8074;59788;191;313;5
8075;59793;2;29896;1
8076;59794;4;14948;2
8077;59796;8;7474;4
8078;59800;59791;1;9
8079;59809;2;29904;1
8080;59810;3;19936;2
8081;59812;6;9968;4
8082;59816;12;4984;8
8083;59824;5437;11;17
8084;59841;2;29920;1
8085;59842;4;14960;2
8086;59844;5;11968;4
8087;59848;10;5984;8
8088;59856;17;3520;16
8089;59872;59833;1;39
8090;59911;19;3153;4
8091;59915;3;19971;2
8092;59917;2;29958;1
8093;59918;7;8559;5
8094;59923;59921;1;2
8095;59925;2;29962;1
8096;59926;31;1933;3
8097;59929;2;29964;1
8098;59930;3;19976;2
8099;59932;15;3995;7
8100;59939;3;19979;2
8101;59941;2;29970;1
8102;59942;11;5449;3
8103;59945;2;29972;1
8104;59946;4;14986;2
8105;59948;13;4611;5
8106;59953;2;29976;1
8107;59954;3;19984;2
8108;59956;6;9992;4
8109;59960;6661;9;11
8110;59971;7;8567;2
8111;59973;2;29986;1
8112;59974;59971;1;3
8113;59977;2;29988;1
8114;59978;3;19992;2
8115;59980;25;2399;5
8116;59985;2;29992;1
8117;59986;4;14996;2
8118;59988;8;7498;4
8119;59992;11;5453;9
8120;60001;2;30000;1
8121;60002;3;20000;2
8122;60004;5;12000;4
8123;60008;10;6000;8
8124;60016;21;2857;19
8125;60035;3;20011;2
8126;60037;2;30018;1
8127;60038;5;12007;3
8128;60041;2;30020;1
8129;60042;4;15010;2
8130;60044;7;8577;5
8131;60049;2;30024;1
8132;60050;3;20016;2
8133;60052;6;10008;4
8134;60056;13;4619;9
8135;60065;2;30032;1
8136;60066;4;15016;2
8137;60068;8;7508;4
8138;60072;16;3754;8
8139;60080;20021;3;17
8140;60097;2;30048;1
8141;60098;3;20032;2
8142;60100;6;10016;4
8143;60104;12;5008;8
8144;60112;24;2504;16
8145;60128;99;607;35
8146;60163;60161;1;2
8147;60165;2;30082;1
8148;60166;17;3539;3
8149;60169;2;30084;1
8150;60170;3;20056;2
8151;60172;60167;1;5
8152;60177;2;30088;1
8153;60178;4;15044;2
8154;60180;8;7522;4
8155;60184;25;2407;9
8156;60193;2;30096;1
8157;60194;3;20064;2
8158;60196;6;10032;4
8159;60200;9;6688;8
8160;60208;23;2617;17
8161;60225;2;30112;1
8162;60226;4;15056;2
8163;60228;8;7528;4
8164;60232;16;3764;8
8165;60240;32;1882;16
8166;60256;60223;1;33
8167;60289;2;30144;1
8168;60290;3;20096;2
8169;60292;6;10048;4
8170;60296;12;5024;8
8171;60304;24;2512;16
8172;60320;48;1256;32
8173;60352;4637;13;71
8174;60423;31;1949;4
8175;60427;5;12085;2
8176;60429;2;30214;1
8177;60430;25;2417;5
8178;60435;223;271;2
8179;60437;2;30218;1
8180;60438;5;12087;3
8181;60441;2;30220;1
8182;60442;4;15110;2
8183;60444;13;4649;7
8184;60451;60449;1;2
8185;60453;2;30226;1
8186;60454;61;991;3
8187;60457;2;30228;1
8188;60458;3;20152;2
8189;60460;107;565;5
8190;60465;2;30232;1
8191;60466;4;15116;2
8192;60468;8;7558;4
8193;60472;103;587;11
8194;60483;31;1951;2
8195;60485;2;30242;1
8196;60486;20161;3;3
8197;60489;2;30244;1
8198;60490;4;15122;2
8199;60492;7;8641;5
8200;60497;2;30248;1
8201;60498;4;15124;2
8202;60500;8;7562;4
8203;60504;15;4033;9
8204;60513;2;30256;1
8205;60514;4;15128;2
8206;60516;8;7564;4
8207;60520;16;3782;8
8208;60528;60509;1;19
8209;60547;5;12109;2
8210;60549;2;30274;1
8211;60550;191;317;3
8212;60553;2;30276;1
8213;60554;3;20184;2
8214;60556;151;401;5
8215;60561;2;30280;1
8216;60562;4;15140;2
8217;60564;5;12112;4
8218;60568;23;2633;9
8219;60577;2;30288;1
8220;60578;3;20192;2
8221;60580;6;10096;4
8222;60584;12;5048;8
8223;60592;25;2423;17
8224;60609;2;30304;1
8225;60610;4;15152;2
8226;60612;8;7576;4
8227;60616;16;3788;8
8228;60624;32;1894;16
8229;60640;85;713;35
8230;60675;17;3569;2
8231;60677;2;30338;1
8232;60678;5;12135;3
8233;60681;2;30340;1
8234;60682;4;15170;2
8235;60684;60679;1;5
8236;60689;2;30344;1
8237;60690;4;15172;2
8238;60692;8;7586;4
8239;60696;11;5517;9
8240;60705;2;30352;1
8241;60706;4;15176;2
8242;60708;7;8672;4
8243;60712;14;4336;8
8244;60720;60703;1;17
8245;60737;2;30368;1
8246;60738;4;15184;2
8247;60740;8;7592;4
8248;60744;13;4672;8
8249;60752;26;2336;16
8250;60768;4049;15;33
8251;60801;2;30400;1
8252;60802;4;15200;2
8253;60804;5;12160;4
8254;60808;10;6080;8
8255;60816;19;3200;16
8256;60832;38;1600;32
8257;60864;5527;11;67
8258;60931;11;5539;2
8259;60933;2;30466;1
8260;60934;13;4687;3
8261;60937;2;30468;1
8262;60938;3;20312;2
8263;60940;7;8705;5
8264;60945;2;30472;1
8265;60946;4;15236;2
8266;60948;8;7618;4
8267;60952;60943;1;9
8268;60961;2;30480;1
8269;60962;3;20320;2
8270;60964;5;12192;4
8271;60968;10;6096;8
8272;60976;47;1297;17
8273;60993;2;30496;1
8274;60994;4;15248;2
8275;60996;8;7624;4
8276;61000;16;3812;8
8277;61008;32;1906;16
8278;61024;8713;7;33
8279;61057;2;30528;1
8280;61058;3;20352;2
8281;61060;6;10176;4
8282;61064;9;6784;8
8283;61072;18;3392;16
8284;61088;36;1696;32
8285;61120;12211;5;65
8286;61185;2;30592;1
8287;61186;4;15296;2
8288;61188;8;7648;4
8289;61192;16;3824;8
8290;61200;32;1912;16
8291;61216;64;956;32
8292;61248;128;478;64
8293;61312;61169;1;143
8294;61455;43;1429;8
8295;61463;41;1499;4
8296;61467;5;12293;2
8297;61469;2;30734;1
8298;61470;6829;9;9
8299;61479;5;12295;4
8300;61483;7;8783;2
8301;61485;2;30742;1
8302;61486;7;8783;5
8303;61491;17;3617;2
8304;61493;2;30746;1
8305;61494;103;597;3
8306;61497;2;30748;1
8307;61498;4;15374;2
8308;61500;17;3617;11
8309;61511;61507;1;4
8310;61515;137;449;2
8311;61517;2;30758;1
8312;61518;137;449;5
8313;61523;3;20507;2
8314;61525;2;30762;1
8315;61526;7;8789;3
8316;61529;2;30764;1
8317;61530;4;15382;2
8318;61532;23;2675;7
8319;61539;7;8791;2
8320;61541;2;30770;1
8321;61542;73;843;3
8322;61545;2;30772;1
8323;61546;4;15386;2
8324;61548;61543;1;5
8325;61553;2;30776;1
8326;61554;4;15388;2
8327;61556;8;7694;4
8328;61560;33;1865;15
8329;61575;23;2677;4
8330;61579;139;443;2
8331;61581;2;30790;1
8332;61582;139;443;5
8333;61587;5;12317;2
8334;61589;2;30794;1
8335;61590;9;6843;3
8336;61593;2;30796;1
8337;61594;4;15398;2
8338;61596;11;5599;7
8339;61603;229;269;2
8340;61605;2;30802;1
8341;61606;61603;1;3
8342;61609;2;30804;1
8343;61610;3;20536;2
8344;61612;7;8801;5
8345;61617;2;30808;1
8346;61618;4;15404;2
8347;61620;8;7702;4
8348;61624;61613;1;11
8349;61635;11;5603;2
8350;61637;2;30818;1
8351;61638;5;12327;3
8352;61641;2;30820;1
8353;61642;4;15410;2
8354;61644;53;1163;5
8355;61649;2;30824;1
8356;61650;4;15412;2
8357;61652;8;7706;4
8358;61656;20549;3;9
8359;61665;2;30832;1
8360;61666;4;15416;2
8361;61668;8;7708;4
8362;61672;16;3854;8
8363;61680;61657;1;23
8364;61703;11;5609;4
8365;61707;5;12341;2
8366;61709;2;30854;1
8367;61710;7;8815;5
8368;61715;3;20571;2
8369;61717;2;30858;1
8370;61718;5;12343;3
8371;61721;2;30860;1
8372;61722;4;15430;2
8373;61724;61717;1;7
8374;61731;61729;1;2
8375;61733;2;30866;1
8376;61734;9;6859;3
8377;61737;2;30868;1
8378;61738;4;15434;2
8379;61740;12347;5;5
8380;61745;2;30872;1
8381;61746;4;15436;2
8382;61748;8;7718;4
8383;61752;29;2129;11
8384;61763;3;20587;2
8385;61765;2;30882;1
8386;61766;13;4751;3
8387;61769;2;30884;1
8388;61770;4;15442;2
8389;61772;9;6863;5
8390;61777;2;30888;1
8391;61778;3;20592;2
8392;61780;6;10296;4
8393;61784;25;2471;9
8394;61793;2;30896;1
8395;61794;4;15448;2
8396;61796;8;7724;4
8397;61800;16;3862;8
8398;61808;49;1261;19
8399;61827;5;12365;2
8400;61829;2;30914;1
8401;61830;37;1671;3
8402;61833;2;30916;1
8403;61834;4;15458;2
8404;61836;7;8833;5
8405;61841;2;30920;1
8406;61842;4;15460;2
8407;61844;5;12368;4
8408;61848;6871;9;9
8409;61857;2;30928;1
8410;61858;4;15464;2
8411;61860;8;7732;4
8412;61864;16;3866;8
8413;61872;89;695;17
8414;61889;2;30944;1
8415;61890;4;15472;2
8416;61892;8;7736;4
8417;61896;16;3868;8
8418;61904;32;1934;16
8419;61920;20627;3;39
8420;61959;5;12391;4
8421;61963;61961;1;2
8422;61965;2;30982;1
8423;61966;61961;1;5
8424;61971;31;1999;2
8425;61973;2;30986;1
8426;61974;7;8853;3
8427;61977;2;30988;1
8428;61978;4;15494;2
8429;61980;29;2137;7
8430;61987;5;12397;2
8431;61989;2;30994;1
8432;61990;61987;1;3
8433;61993;2;30996;1
8434;61994;3;20664;2
8435;61996;61991;1;5
8436;62001;2;31000;1
8437;62002;4;15500;2
8438;62004;5;12400;4
8439;62008;13;4769;11
8440;62019;62017;1;2
8441;62021;2;31010;1
8442;62022;9;6891;3
8443;62025;2;31012;1
8444;62026;4;15506;2
8445;62028;13;4771;5
8446;62033;2;31016;1
8447;62034;4;15508;2
8448;62036;8;7754;4
8449;62040;23;2697;9
8450;62049;2;31024;1
8451;62050;4;15512;2
8452;62052;7;8864;4
8453;62056;14;4432;8
8454;62064;12409;5;19
8455;62083;62081;1;2
8456;62085;2;31042;1
8457;62086;7;8869;3
8458;62089;2;31044;1
8459;62090;3;20696;2
8460;62092;47;1321;5
8461;62097;2;31048;1
8462;62098;4;15524;2
8463;62100;8;7762;4
8464;62104;11;5645;9
8465;62113;2;31056;1
8466;62114;3;20704;2
8467;62116;6;10352;4
8468;62120;12;5176;8
8469;62128;19;3269;17
8470;62145;2;31072;1
8471;62146;4;15536;2
8472;62148;8;7768;4
8473;62152;16;3884;8
8474;62160;32;1942;16
8475;62176;62141;1;35
8476;62211;7;8887;2
8477;62213;2;31106;1
8478;62214;89;699;3
8479;62217;2;31108;1
8480;62218;4;15554;2
8481;62220;23;2705;5
8482;62225;2;31112;1
8483;62226;4;15556;2
8484;62228;8;7778;4
8485;62232;21;2963;9
8486;62241;2;31120;1
8487;62242;4;15560;2
8488;62244;5;12448;4
8489;62248;10;6224;8
8490;62256;109;571;17
8491;62273;2;31136;1
8492;62274;4;15568;2
8493;62276;7;8896;4
8494;62280;14;4448;8
8495;62288;28;2224;16
8496;62304;37;1683;33
8497;62337;2;31168;1
8498;62338;4;15584;2
8499;62340;8;7792;4
8500;62344;16;3896;8
8501;62352;32;1948;16
8502;62368;64;974;32
8503;62400;157;397;71
8504;62471;62467;1;4
8505;62475;62473;1;2
8506;62477;2;31238;1
8507;62478;62473;1;5
8508;62483;3;20827;2
8509;62485;2;31242;1
8510;62486;62483;1;3
8511;62489;2;31244;1
8512;62490;4;15622;2
8513;62492;12497;5;7
8514;62499;62497;1;2
8515;62501;2;31250;1
8516;62502;83;753;3
8517;62505;2;31252;1
8518;62506;4;15626;2
8519;62508;7;8929;5
8520;62513;2;31256;1
8521;62514;4;15628;2
8522;62516;8;7814;4
8523;62520;17;3677;11
8524;62531;3;20843;2
8525;62533;2;31266;1
8526;62534;7;8933;3
8527;62537;2;31268;1
8528;62538;4;15634;2
8529;62540;11;5685;5
8530;62545;2;31272;1
8531;62546;3;20848;2
8532;62548;6;10424;4
8533;62552;13;4811;9
8534;62561;2;31280;1
8535;62562;4;15640;2
8536;62564;5;12512;4
8537;62568;10;6256;8
8538;62576;47;1331;19
8539;62595;53;1181;2
8540;62597;2;31298;1
8541;62598;5;12519;3
8542;62601;2;31300;1
8543;62602;4;15650;2
8544;62604;59;1061;5
8545;62609;2;31304;1
8546;62610;4;15652;2
8547;62612;7;8944;4
8548;62616;41;1527;9
8549;62625;2;31312;1
8550;62626;4;15656;2
8551;62628;8;7828;4
8552;62632;16;3914;8
8553;62640;5693;11;17
8554;62657;2;31328;1
8555;62658;4;15664;2
8556;62660;8;7832;4
8557;62664;11;5696;8
8558;62672;22;2848;16
8559;62688;62653;1;35
8560;62723;3;20907;2
8561;62725;2;31362;1
8562;62726;62723;1;3
8563;62729;2;31364;1
8564;62730;4;15682;2
8565;62732;7;8961;5
8566;62737;2;31368;1
8567;62738;3;20912;2
8568;62740;6;10456;4
8569;62744;12547;5;9
8570;62753;2;31376;1
8571;62754;4;15688;2
8572;62756;8;7844;4
8573;62760;16;3922;8
8574;62768;39;1609;17
8575;62785;2;31392;1
8576;62786;3;20928;2
8577;62788;6;10464;4
8578;62792;9;6976;8
8579;62800;18;3488;16
8580;62816;8969;7;33
8581;62849;2;31424;1
8582;62850;4;15712;2
8583;62852;8;7856;4
8584;62856;16;3928;8
8585;62864;32;1964;16
8586;62880;64;982;32
8587;62912;12569;5;67
8588;62979;71;887;2
8589;62981;2;31490;1
8590;62982;7;8997;3
8591;62985;2;31492;1
8592;62986;4;15746;2
8593;62988;62983;1;5
8594;62993;2;31496;1
8595;62994;4;15748;2
8596;62996;8;7874;4
8597;63000;27;2333;9
8598;63009;2;31504;1
8599;63010;4;15752;2
8600;63012;8;7876;4
8601;63016;11;5728;8
8602;63024;9001;7;17
8603;63041;2;31520;1
8604;63042;4;15760;2
8605;63044;5;12608;4
8606;63048;10;6304;8
8607;63056;20;3152;16
8608;63072;21013;3;33
8609;63105;2;31552;1
8610;63106;4;15776;2
8611;63108;8;7888;4
8612;63112;16;3944;8
8613;63120;17;3712;16
8614;63136;34;1856;32
8615;63168;63103;1;65
8616;63233;2;31616;1
8617;63234;4;15808;2
8618;63236;8;7904;4
8619;63240;13;4864;8
8620;63248;19;3328;16
8621;63264;38;1664;32
8622;63296;76;832;64
8623;63360;225;281;135
8624;63495;173;367;4
8625;63499;7;9071;2
8626;63501;2;31750;1
8627;63502;7;9071;5
8628;63507;5;12701;2
8629;63509;2;31754;1
8630;63510;21169;3;3
8631;63513;2;31756;1
8632;63514;4;15878;2
8633;63516;41;1549;7
8634;63523;63521;1;2
8635;63525;2;31762;1
8636;63526;139;457;3
8637;63529;2;31764;1
8638;63530;3;21176;2
8639;63532;63527;1;5
8640;63537;2;31768;1
8641;63538;4;15884;2
8642;63540;8;7942;4
8643;63544;63533;1;11
8644;63555;7;9079;2
8645;63557;2;31778;1
8646;63558;5;12711;3
8647;63561;2;31780;1
8648;63562;4;15890;2
8649;63564;63559;1;5
8650;63569;2;31784;1
8651;63570;4;15892;2
8652;63572;8;7946;4
8653;63576;21;3027;9
8654;63585;2;31792;1
8655;63586;4;15896;2
8656;63588;8;7948;4
8657;63592;16;3974;8
8658;63600;31;2051;19
8659;63619;63617;1;2
8660;63621;2;31810;1
8661;63622;113;563;3
8662;63625;2;31812;1
8663;63626;3;21208;2
8664;63628;7;9089;5
8665;63633;2;31816;1
8666;63634;4;15908;2
8667;63636;8;7954;4
8668;63640;17;3743;9
8669;63649;2;31824;1
8670;63650;3;21216;2
8671;63652;6;10608;4
8672;63656;9;7072;8
8673;63664;63647;1;17
8674;63681;2;31840;1
8675;63682;4;15920;2
8676;63684;5;12736;4
8677;63688;10;6368;8
8678;63696;20;3184;16
8679;63712;37;1721;35
8680;63747;5;12749;2
8681;63749;2;31874;1
8682;63750;9;7083;3
8683;63753;2;31876;1
8684;63754;4;15938;2
8685;63756;37;1723;5
8686;63761;2;31880;1
8687;63762;4;15940;2
8688;63764;5;12752;4
8689;63768;53;1203;9
8690;63777;2;31888;1
8691;63778;4;15944;2
8692;63780;8;7972;4
8693;63784;16;3986;8
8694;63792;25;2551;17
8695;63809;2;31904;1
8696;63810;4;15952;2
8697;63812;8;7976;4
8698;63816;16;3988;8
8699;63824;32;1994;16
8700;63840;21269;3;33
8701;63873;2;31936;1
8702;63874;4;15968;2
8703;63876;8;7984;4
8704;63880;16;3992;8
8705;63888;32;1996;16
8706;63904;64;998;32
8707;63936;221;289;67
8708;64003;7;9143;2
8709;64005;2;32002;1
8710;64006;29;2207;3
8711;64009;2;32004;1
8712;64010;3;21336;2
8713;64012;64007;1;5
8714;64017;2;32008;1
8715;64018;4;16004;2
8716;64020;8;8002;4
8717;64024;31;2065;9
8718;64033;2;32016;1
8719;64034;3;21344;2
8720;64036;6;10672;4
8721;64040;12;5336;8
8722;64048;5821;11;17
8723;64065;2;32032;1
8724;64066;4;16016;2
8725;64068;7;9152;4
8726;64072;11;5824;8
8727;64080;22;2912;16
8728;64096;64063;1;33
8729;64129;2;32064;1
8730;64130;3;21376;2
8731;64132;6;10688;4
8732;64136;12;5344;8
8733;64144;24;2672;16
8734;64160;48;1336;32
8735;64192;9161;7;65
8736;64257;2;32128;1
8737;64258;4;16064;2
8738;64260;8;8032;4
8739;64264;16;4016;8
8740;64272;32;2008;16
8741;64288;64;1004;32
8742;64320;128;502;64
8743;64384;137;469;131
8744;64515;64513;1;2
8745;64517;2;32258;1
8746;64518;5;12903;3
8747;64521;2;32260;1
8748;64522;4;16130;2
8749;64524;7;9217;5
8750;64529;2;32264;1
8751;64530;4;16132;2
8752;64532;8;8066;4
8753;64536;137;471;9
8754;64545;2;32272;1
8755;64546;4;16136;2
8756;64548;8;8068;4
8757;64552;16;4034;8
8758;64560;19;3397;17
8759;64577;2;32288;1
8760;64578;4;16144;2
8761;64580;8;8072;4
8762;64584;16;4036;8
8763;64592;32;2018;16
8764;64608;35;1845;33
8765;64641;2;32320;1
8766;64642;4;16160;2
8767;64644;5;12928;4
8768;64648;10;6464;8
8769;64656;20;3232;16
8770;64672;40;1616;32
8771;64704;1747;37;65
8772;64769;2;32384;1
8773;64770;4;16192;2
8774;64772;8;8096;4
8775;64776;11;5888;8
8776;64784;22;2944;16
8777;64800;44;1472;32
8778;64832;88;736;64
8779;64896;21589;3;129
8780;65025;2;32512;1
8781;65026;4;16256;2
8782;65028;8;8128;4
8783;65032;16;4064;8
8784;65040;32;2032;16
8785;65056;64;1016;32
8786;65088;127;512;64
8787;65152;254;256;128
8788;65280;0;0;66047
8789;131327;303;433;128
8790;131455;117;1123;64
8791;131519;41;3207;32
8792;131551;37;3555;16
8793;131567;43853;3;8
8794;131575;9;14619;4
8795;131579;3;43859;2
8796;131581;2;65790;1
8797;131582;211;623;129
8798;131711;2801;47;64
8799;131775;131743;1;32
8800;131807;11981;11;16
8801;131823;41;3215;8
8802;131831;241;547;4
8803;131835;13;10141;2
8804;131837;2;65918;1
8805;131838;313;421;65
8806;131903;113;1167;32
8807;131935;43973;3;16
8808;131951;21;6283;8
8809;131959;5;26391;4
8810;131963;3;43987;2
8811;131965;2;65982;1
8812;131966;131933;1;33
8813;131999;59;2237;16
8814;132015;101;1307;8
8815;132023;132019;1;4
8816;132027;5;26405;2
8817;132029;2;66014;1
8818;132030;18859;7;17
8819;132047;9;14671;8
8820;132055;44017;3;4
8821;132059;3;44019;2
8822;132061;2;66030;1
8823;132062;37;3569;9
8824;132071;13;10159;4
8825;132075;17;7769;2
8826;132077;2;66038;1
8827;132078;17;7769;5
8828;132083;3;44027;2
8829;132085;2;66042;1
8830;132086;7;18869;3
8831;132089;2;66044;1
8832;132090;4;33022;2
8833;132092;43987;3;131
8834;132223;44053;3;64
8835;132287;45;2939;32
8836;132319;44101;3;16
8837;132335;9;14703;8
8838;132343;31;4269;4
8839;132347;3;44115;2
8840;132349;2;66174;1
8841;132350;8819;15;65
8842;132415;132383;1;32
8843;132447;61;2171;16
8844;132463;59;2245;8
8845;132471;139;953;4
8846;132475;11;12043;2
8847;132477;2;66238;1
8848;132478;26489;5;33
8849;132511;33;4015;16
8850;132527;163;813;8
8851;132535;7;18933;4
8852;132539;3;44179;2
8853;132541;2;66270;1
8854;132542;19;6975;17
8855;132559;83;1597;8
8856;132567;19;6977;4
8857;132571;43;3083;2
8858;132573;2;66286;1
8859;132574;26513;5;9
8860;132583;9;14731;4
8861;132587;3;44195;2
8862;132589;2;66294;1
8863;132590;15;8839;5
8864;132595;67;1979;2
8865;132597;2;66298;1
8866;132598;5;26519;3
8867;132601;2;66300;1
8868;132602;3;44200;2
8869;132604;44179;3;67
8870;132671;39;3401;32
8871;132703;23;5769;16
8872;132719;31;4281;8
8873;132727;9;14747;4
8874;132731;3;44243;2
8875;132733;2;66366;1
8876;132734;132701;1;33
8877;132767;132751;1;16
8878;132783;25;5311;8
8879;132791;17;7811;4
8880;132795;37;3589;2
8881;132797;2;66398;1
8882;132798;12071;11;17
8883;132815;44269;3;8
8884;132823;44273;3;4
8885;132827;3;44275;2
8886;132829;2;66414;1
8887;132830;13;10217;9
8888;132839;5;26567;4
8889;132843;71;1871;2
8890;132845;2;66422;1
8891;132846;71;1871;5
8892;132851;3;44283;2
8893;132853;2;66426;1
8894;132854;132851;1;3
8895;132857;2;66428;1
8896;132858;4;33214;2
8897;132860;55;2415;35
8898;132895;44293;3;16
8899;132911;9;14767;8
8900;132919;5;26583;4
8901;132923;3;44307;2
8902;132925;2;66462;1
8903;132926;21;6329;17
8904;132943;11;12085;8
8905;132951;132947;1;4
8906;132955;132953;1;2
8907;132957;2;66478;1
8908;132958;132949;1;9
8909;132967;23;5781;4
8910;132971;3;44323;2
8911;132973;2;66486;1
8912;132974;127;1047;5
8913;132979;13;10229;2
8914;132981;2;66490;1
8915;132982;7;18997;3
8916;132985;2;66492;1
8917;132986;3;44328;2
8918;132988;127;1047;19
8919;133007;43;3093;8
8920;133015;9;14779;4
8921;133019;3;44339;2
8922;133021;2;66510;1
8923;133022;133013;1;9
8924;133031;137;971;4
8925;133035;133033;1;2
8926;133037;2;66518;1
8927;133038;133033;1;5
8928;133043;3;44347;2
8929;133045;2;66522;1
8930;133046;233;571;3
8931;133049;2;66524;1
8932;133050;4;33262;2
8933;133052;61;2181;11
8934;133063;17;7827;4
8935;133067;3;44355;2
8936;133069;2;66534;1
8937;133070;9;14785;5
8938;133075;133073;1;2
8939;133077;2;66538;1
8940;133078;5;26615;3
8941;133081;2;66540;1
8942;133082;3;44360;2
8943;133084;21;6337;7
8944;133091;3;44363;2
8945;133093;2;66546;1
8946;133094;7;19013;3
8947;133097;2;66548;1
8948;133098;4;33274;2
8949;133100;15;8873;5
8950;133105;2;66552;1
8951;133106;3;44368;2
8952;133108;6;22184;4
8953;133112;193;689;135
8954;133247;133183;1;64
8955;133311;133279;1;32
8956;133343;133327;1;16
8957;133359;133351;1;8
8958;133367;193;691;4
8959;133371;197;677;2
8960;133373;2;66686;1
8961;133374;12119;11;65
8962;133439;61;2187;32
8963;133471;21;6355;16
8964;133487;9;14831;8
8965;133495;44497;3;4
8966;133499;3;44499;2
8967;133501;2;66750;1
8968;133502;161;829;33
8969;133535;133519;1;16
8970;133551;133543;1;8
8971;133559;5;26711;4
8972;133563;23;5807;2
8973;133565;2;66782;1
8974;133566;10273;13;17
8975;133583;13;10275;8
8976;133591;9;14843;4
8977;133595;3;44531;2
8978;133597;2;66798;1
8979;133598;19;7031;9
8980;133607;17;7859;4
8981;133611;7;19087;2
8982;133613;2;66806;1
8983;133614;7;19087;5
8984;133619;3;44539;2
8985;133621;2;66810;1
8986;133622;41;3259;3
8987;133625;2;66812;1
8988;133626;4;33406;2
8989;133628;5807;23;67
8990;133695;73;1831;32
8991;133727;133711;1;16
8992;133743;35;3821;8
8993;133751;79;1693;4
8994;133755;59;2267;2
8995;133757;2;66878;1
8996;133758;75;1783;33
8997;133791;25;5351;16
8998;133807;67;1997;8
8999;133815;133811;1;4
9000;133819;19;7043;2
9001;133821;2;66910;1
9002;133822;35;3823;17
9003;133839;133831;1;8
9004;133847;133843;1;4
9005;133851;137;977;2
9006;133853;2;66926;1
9007;133854;15;8923;9
9008;133863;11;12169;4
9009;133867;5;26773;2
9010;133869;2;66934;1
9011;133870;41;3265;5
9012;133875;133873;1;2
9013;133877;2;66938;1
9014;133878;5;26775;3
9015;133881;2;66940;1
9016;133882;4;33470;2
9017;133884;137;977;35
9018;133919;37;3619;16
9019;133935;199;673;8
9020;133943;13;10303;4
9021;133947;5;26789;2
9022;133949;2;66974;1
9023;133950;67;1999;17
9024;133967;21;6379;8
9025;133975;44657;3;4
9026;133979;3;44659;2
9027;133981;2;66990;1
9028;133982;19139;7;9
9029;133991;7;19141;4
9030;133995;133993;1;2
9031;133997;2;66998;1
9032;133998;133993;1;5
9033;134003;3;44667;2
9034;134005;2;67002;1
9035;134006;103;1301;3
9036;134009;2;67004;1
9037;134010;4;33502;2
9038;134012;133993;1;19
9039;134031;223;601;8
9040;134039;5;26807;4
9041;134043;311;431;2
9042;134045;2;67022;1
9043;134046;53;2529;9
9044;134055;37;3623;4
9045;134059;7;19151;2
9046;134061;2;67030;1
9047;134062;7;19151;5
9048;134067;5;26813;2
9049;134069;2;67034;1
9050;134070;23;5829;3
9051;134073;2;67036;1
9052;134074;4;33518;2
9053;134076;26813;5;11
9054;134087;19;7057;4
9055;134091;134089;1;2
9056;134093;2;67046;1
9057;134094;134089;1;5
9058;134099;3;44699;2
9059;134101;2;67050;1
9060;134102;7;19157;3
9061;134105;2;67052;1
9062;134106;4;33526;2
9063;134108;11;12191;7
9064;134115;7;19159;2
9065;134117;2;67058;1
9066;134118;5;26823;3
9067;134121;2;67060;1
9068;134122;4;33530;2
9069;134124;71;1889;5
9070;134129;2;67064;1
9071;134130;4;33532;2
9072;134132;8;16766;4
9073;134136;26813;5;71
9074;134207;75;1789;32
9075;134239;44741;3;16
9076;134255;73;1839;8
9077;134263;44753;3;4
9078;134267;3;44755;2
9079;134269;2;67134;1
9080;134270;241;557;33
9081;134303;134287;1;16
9082;134319;19;7069;8
9083;134327;7;19189;4
9084;134331;13;10333;2
9085;134333;2;67166;1
9086;134334;7901;17;17
9087;134351;9;14927;8
9088;134359;5;26871;4
9089;134363;3;44787;2
9090;134365;2;67182;1
9091;134366;29;4633;9
9092;134375;134371;1;4
9093;134379;83;1619;2
9094;134381;2;67190;1
9095;134382;83;1619;5
9096;134387;3;44795;2
9097;134389;2;67194;1
9098;134390;11;12217;3
9099;134393;2;67196;1
9100;134394;4;33598;2
9101;134396;14929;9;35
9102;134431;29;4635;16
9103;134447;41;3279;8
9104;134455;9;14939;4
9105;134459;3;44819;2
9106;134461;2;67230;1
9107;134462;8963;15;17
9108;134479;134471;1;8
9109;134487;181;743;4
9110;134491;134489;1;2
9111;134493;2;67246;1
9112;134494;13;10345;9
9113;134503;107;1257;4
9114;134507;3;44835;2
9115;134509;2;67254;1
9116;134510;7;19215;5
9117;134515;134513;1;2
9118;134517;2;67258;1
9119;134518;5;26903;3
9120;134521;2;67260;1
9121;134522;3;44840;2
9122;134524;21;6405;19
9123;134543;15;8969;8
9124;134551;7;19221;4
9125;134555;3;44851;2
9126;134557;2;67278;1
9127;134558;157;857;9
9128;134567;11;12233;4
9129;134571;37;3637;2
9130;134573;2;67286;1
9131;134574;37;3637;5
9132;134579;3;44859;2
9133;134581;2;67290;1
9134;134582;59;2281;3
9135;134585;2;67292;1
9136;134586;4;33646;2
9137;134588;19;7083;11
9138;134599;5;26919;4
9139;134603;3;44867;2
9140;134605;2;67302;1
9141;134606;44867;3;5
9142;134611;134609;1;2
9143;134613;2;67306;1
9144;134614;227;593;3
9145;134617;2;67308;1
9146;134618;3;44872;2
9147;134620;9;14957;7
9148;134627;3;44875;2
9149;134629;2;67314;1
9150;134630;61;2207;3
9151;134633;2;67316;1
9152;134634;4;33658;2
9153;134636;7;19233;5
9154;134641;2;67320;1
9155;134642;3;44880;2
9156;134644;5;26928;4
9157;134648;134609;1;39
9158;134687;137;983;16
9159;134703;11;12245;8
9160;134711;134707;1;4
9161;134715;107;1259;2
9162;134717;2;67358;1
9163;134718;49;2749;17
9164;134735;44909;3;8
9165;134743;9;14971;4
9166;134747;3;44915;2
9167;134749;2;67374;1
9168;134750;134741;1;9
9169;134759;5;26951;4
9170;134763;11;12251;2
9171;134765;2;67382;1
9172;134766;11;12251;5
9173;134771;3;44923;2
9174;134773;2;67386;1
9175;134774;7;19253;3
9176;134777;2;67388;1
9177;134778;4;33694;2
9178;134780;12251;11;19
9179;134799;37;3643;8
9180;134807;23;5861;4
9181;134811;113;1193;2
9182;134813;2;67406;1
9183;134814;11;12255;9
9184;134823;31;4349;4
9185;134827;5;26965;2
9186;134829;2;67414;1
9187;134830;25;5393;5
9188;134835;109;1237;2
9189;134837;2;67418;1
9190;134838;5;26967;3
9191;134841;2;67420;1
9192;134842;4;33710;2
9193;134844;109;1237;11
9194;134855;134851;1;4
9195;134859;134857;1;2
9196;134861;2;67430;1
9197;134862;134857;1;5
9198;134867;3;44955;2
9199;134869;2;67434;1
9200;134870;134867;1;3
9201;134873;2;67436;1
9202;134874;4;33718;2
9203;134876;19267;7;7
9204;134883;19;7099;2
9205;134885;2;67442;1
9206;134886;7;19269;3
9207;134889;2;67444;1
9208;134890;4;33722;2
9209;134892;134887;1;5
9210;134897;2;67448;1
9211;134898;4;33724;2
9212;134900;8;16862;4
9213;134904;31;4351;23
9214;134927;9;14991;8
9215;134935;41;3291;4
9216;134939;3;44979;2
9217;134941;2;67470;1
9218;134942;59;2287;9
9219;134951;134947;1;4
9220;134955;7;19279;2
9221;134957;2;67478;1
9222;134958;7;19279;5
9223;134963;3;44987;2
9224;134965;2;67482;1
9225;134966;17;7939;3
9226;134969;2;67484;1
9227;134970;4;33742;2
9228;134972;44987;3;11
9229;134983;13;10383;4
9230;134987;3;44995;2
9231;134989;2;67494;1
9232;134990;15;8999;5
9233;134995;61;2213;2
9234;134997;2;67498;1
9235;134998;5;26999;3
9236;135001;2;67500;1
9237;135002;3;45000;2
9238;135004;17;7941;7
9239;135011;3;45003;2
9240;135013;2;67506;1
9241;135014;79;1709;3
9242;135017;2;67508;1
9243;135018;4;33754;2
9244;135020;15;9001;5
9245;135025;2;67512;1
9246;135026;3;45008;2
9247;135028;6;22504;4
9248;135032;135017;1;15
9249;135047;135043;1;4
9250;135051;135049;1;2
9251;135053;2;67526;1
9252;135054;135049;1;5
9253;135059;3;45019;2
9254;135061;2;67530;1
9255;135062;135059;1;3
9256;135065;2;67532;1
9257;135066;4;33766;2
9258;135068;131;1031;7
9259;135075;293;461;2
9260;135077;2;67538;1
9261;135078;5;27015;3
9262;135081;2;67540;1
9263;135082;4;33770;2
9264;135084;7;19297;5
9265;135089;2;67544;1
9266;135090;4;33772;2
9267;135092;8;16886;4
9268;135096;27017;5;11
9269;135107;3;45035;2
9270;135109;2;67554;1
9271;135110;7;19301;3
9272;135113;2;67556;1
9273;135114;4;33778;2
9274;135116;29;4659;5
9275;135121;2;67560;1
9276;135122;3;45040;2
9277;135124;5;27024;4
9278;135128;135119;1;9
9279;135137;2;67568;1
9280;135138;4;33784;2
9281;135140;8;16892;4
9282;135144;16;8446;8
9283;135152;2143;63;143
9284;135295;45077;3;64
9285;135359;79;1713;32
9286;135391;19;7125;16
9287;135407;11;12309;8
9288;135415;45137;3;4
9289;135419;3;45139;2
9290;135421;2;67710;1
9291;135422;45119;3;65
9292;135487;27091;5;32
9293;135519;179;757;16
9294;135535;19;7133;8
9295;135543;23;5893;4
9296;135547;5;27109;2
9297;135549;2;67774;1
9298;135550;4673;29;33
9299;135583;27;5021;16
9300;135599;45197;3;8
9301;135607;9;15067;4
9302;135611;3;45203;2
9303;135613;2;67806;1
9304;135614;21;6457;17
9305;135631;135623;1;8
9306;135639;5;27127;4
9307;135643;11;12331;2
9308;135645;2;67822;1
9309;135646;135637;1;9
9310;135655;103;1317;4
9311;135659;3;45219;2
9312;135661;2;67830;1
9313;135662;9;15073;5
9314;135667;5;27133;2
9315;135669;2;67834;1
9316;135670;7;19381;3
9317;135673;2;67836;1
9318;135674;3;45224;2
9319;135676;2659;51;67
9320;135743;51;2661;32
9321;135775;39;3481;16
9322;135791;9;15087;8
9323;135799;5;27159;4
9324;135803;3;45267;2
9325;135805;2;67902;1
9326;135806;12343;11;33
9327;135839;71;1913;16
9328;135855;17;7991;8
9329;135863;135859;1;4
9330;135867;5;27173;2
9331;135869;2;67934;1
9332;135870;73;1861;17
9333;135887;45293;3;8
9334;135895;7;19413;4
9335;135899;3;45299;2
9336;135901;2;67950;1
9337;135902;135893;1;9
9338;135911;19;7153;4
9339;135915;135913;1;2
9340;135917;2;67958;1
9341;135918;135913;1;5
9342;135923;3;45307;2
9343;135925;2;67962;1
9344;135926;29;4687;3
9345;135929;2;67964;1
9346;135930;4;33982;2
9347;135932;97;1401;35
9348;135967;45317;3;16
9349;135983;15;9065;8
9350;135991;45329;3;4
9351;135995;3;45331;2
9352;135997;2;67998;1
9353;135998;29;4689;17
9354;136015;277;491;8
9355;136023;13;10463;4
9356;136027;5;27205;2
9357;136029;2;68014;1
9358;136030;19;7159;9
9359;136039;5;27207;4
9360;136043;3;45347;2
9361;136045;2;68022;1
9362;136046;137;993;5
9363;136051;37;3677;2
9364;136053;2;68026;1
9365;136054;17;8003;3
9366;136057;2;68028;1
9367;136058;3;45352;2
9368;136060;137;993;19
9369;136079;9;15119;8
9370;136087;45361;3;4
9371;136091;3;45363;2
9372;136093;2;68046;1
9373;136094;17;8005;9
9374;136103;136099;1;4
9375;136107;5;27221;2
9376;136109;2;68054;1
9377;136110;163;835;5
9378;136115;3;45371;2
9379;136117;2;68058;1
9380;136118;5;27223;3
9381;136121;2;68060;1
9382;136122;4;34030;2
9383;136124;59;2307;11
9384;136135;45377;3;4
9385;136139;3;45379;2
9386;136141;2;68070;1
9387;136142;23;5919;5
9388;136147;5;27229;2
9389;136149;2;68074;1
9390;136150;11;12377;3
9391;136153;2;68076;1
9392;136154;3;45384;2
9393;136156;13;10473;7
9394;136163;3;45387;2
9395;136165;2;68082;1
9396;136166;136163;1;3
9397;136169;2;68084;1
9398;136170;4;34042;2
9399;136172;45389;3;5
9400;136177;2;68088;1
9401;136178;3;45392;2
9402;136180;6;22696;4
9403;136184;177;769;71
9404;136255;136223;1;32
9405;136287;29;4699;16
9406;136303;27259;5;8
9407;136311;31;4397;4
9408;136315;271;503;2
9409;136317;2;68158;1
9410;136318;97;1405;33
9411;136351;61;2235;16
9412;136367;9;15151;8
9413;136375;131;1041;4
9414;136379;3;45459;2
9415;136381;2;68190;1
9416;136382;9091;15;17
9417;136399;17;8023;8
9418;136407;136403;1;4
9419;136411;7;19487;2
9420;136413;2;68206;1
9421;136414;27281;5;9
9422;136423;37;3687;4
9423;136427;3;45475;2
9424;136429;2;68214;1
9425;136430;15;9095;5
9426;136435;11;12403;2
9427;136437;2;68218;1
9428;136438;5;27287;3
9429;136441;2;68220;1
9430;136442;3;45480;2
9431;136444;91;1499;35
9432;136479;136463;1;16
9433;136495;13;10499;8
9434;136503;11;12409;4
9435;136507;5;27301;2
9436;136509;2;68254;1
9437;136510;31;4403;17
9438;136527;136519;1;8
9439;136535;136531;1;4
9440;136539;136537;1;2
9441;136541;2;68270;1
9442;136542;71;1923;9
9443;136551;136547;1;4
9444;136555;19;7187;2
9445;136557;2;68278;1
9446;136558;19;7187;5
9447;136563;17;8033;2
9448;136565;2;68282;1
9449;136566;7;19509;3
9450;136569;2;68284;1
9451;136570;4;34142;2
9452;136572;7187;19;19
9453;136591;73;1871;8
9454;136599;5;27319;4
9455;136603;136601;1;2
9456;136605;2;68302;1
9457;136606;23;5939;9
9458;136615;9;15179;4
9459;136619;3;45539;2
9460;136621;2;68310;1
9461;136622;13;10509;5
9462;136627;5;27325;2
9463;136629;2;68314;1
9464;136630;317;431;3
9465;136633;2;68316;1
9466;136634;3;45544;2
9467;136636;25;5465;11
9468;136647;13;10511;4
9469;136651;136649;1;2
9470;136653;2;68326;1
9471;136654;136649;1;5
9472;136659;136657;1;2
9473;136661;2;68330;1
9474;136662;45553;3;3
9475;136665;2;68332;1
9476;136666;4;34166;2
9477;136668;49;2789;7
9478;136675;97;1409;2
9479;136677;2;68338;1
9480;136678;5;27335;3
9481;136681;2;68340;1
9482;136682;3;45560;2
9483;136684;31;4409;5
9484;136689;2;68344;1
9485;136690;4;34172;2
9486;136692;8;17086;4
9487;136696;136657;1;39
9488;136735;33;4143;16
9489;136751;19;7197;8
9490;136759;5;27351;4
9491;136763;3;45587;2
9492;136765;2;68382;1
9493;136766;79;1731;17
9494;136783;25;5471;8
9495;136791;7;19541;4
9496;136795;29;4717;2
9497;136797;2;68398;1
9498;136798;37;3697;9
9499;136807;31;4413;4
9500;136811;3;45603;2
9501;136813;2;68406;1
9502;136814;9;15201;5
9503;136819;41;3337;2
9504;136821;2;68410;1
9505;136822;19;7201;3
9506;136825;2;68412;1
9507;136826;3;45608;2
9508;136828;27;5067;19
9509;136847;45613;3;8
9510;136855;11;12441;4
9511;136859;3;45619;2
9512;136861;2;68430;1
9513;136862;107;1279;9
9514;136871;17;8051;4
9515;136875;11;12443;2
9516;136877;2;68438;1
9517;136878;11;12443;5
9518;136883;3;45627;2
9519;136885;2;68442;1
9520;136886;136883;1;3
9521;136889;2;68444;1
9522;136890;4;34222;2
9523;136892;67;2043;11
9524;136903;7;19557;4
9525;136907;3;45635;2
9526;136909;2;68454;1
9527;136910;15;9127;5
9528;136915;7;19559;2
9529;136917;2;68458;1
9530;136918;5;27383;3
9531;136921;2;68460;1
9532;136922;3;45640;2
9533;136924;9;15213;7
9534;136931;3;45643;2
9535;136933;2;68466;1
9536;136934;149;919;3
9537;136937;2;68468;1
9538;136938;4;34234;2
9539;136940;9;15215;5
9540;136945;2;68472;1
9541;136946;3;45648;2
9542;136948;6;22824;4
9543;136952;39;3511;23
9544;136975;29;4723;8
9545;136983;136979;1;4
9546;136987;5;27397;2
9547;136989;2;68494;1
9548;136990;13;10537;9
9549;136999;5;27399;4
9550;137003;3;45667;2
9551;137005;2;68502;1
9552;137006;45667;3;5
9553;137011;19;7211;2
9554;137013;2;68506;1
9555;137014;7;19573;3
9556;137017;2;68508;1
9557;137018;3;45672;2
9558;137020;19;7211;11
9559;137031;11;12457;4
9560;137035;13;10541;2
9561;137037;2;68518;1
9562;137038;13;10541;5
9563;137043;43;3187;2
9564;137045;2;68522;1
9565;137046;9;15227;3
9566;137049;2;68524;1
9567;137050;4;34262;2
9568;137052;27409;5;7
9569;137059;23;5959;2
9570;137061;2;68530;1
9571;137062;13;10543;3
9572;137065;2;68532;1
9573;137066;3;45688;2
9574;137068;41;3343;5
9575;137073;2;68536;1
9576;137074;4;34268;2
9577;137076;8;17134;4
9578;137080;79;1735;15
9579;137095;45697;3;4
9580;137099;3;45699;2
9581;137101;2;68550;1
9582;137102;9;15233;5
9583;137107;5;27421;2
9584;137109;2;68554;1
9585;137110;167;821;3
9586;137113;2;68556;1
9587;137114;3;45704;2
9588;137116;21;6529;7
9589;137123;3;45707;2
9590;137125;2;68562;1
9591;137126;7;19589;3
9592;137129;2;68564;1
9593;137130;4;34282;2
9594;137132;43;3189;5
9595;137137;2;68568;1
9596;137138;3;45712;2
9597;137140;6;22856;4
9598;137144;27;5079;11
9599;137155;137153;1;2
9600;137157;2;68578;1
9601;137158;5;27431;3
9602;137161;2;68580;1
9603;137162;3;45720;2
9604;137164;11;12469;5
9605;137169;2;68584;1
9606;137170;4;34292;2
9607;137172;8;17146;4
9608;137176;73;1879;9
9609;137185;2;68592;1
9610;137186;3;45728;2
9611;137188;6;22864;4
9612;137192;12;11432;8
9613;137200;45707;3;79
9614;137279;33;4159;32
9615;137311;27;5085;16
9616;137327;13;10563;8
9617;137335;9;15259;4
9618;137339;3;45779;2
9619;137341;2;68670;1
9620;137342;41;3349;33
9621;137375;137359;1;16
9622;137391;137383;1;8
9623;137399;5;27479;4
9624;137403;11;12491;2
9625;137405;2;68702;1
9626;137406;19;7231;17
9627;137423;15;9161;8
9628;137431;19;7233;4
9629;137435;3;45811;2
9630;137437;2;68718;1
9631;137438;53;2593;9
9632;137447;137443;1;4
9633;137451;13;10573;2
9634;137453;2;68726;1
9635;137454;13;10573;5
9636;137459;3;45819;2
9637;137461;2;68730;1
9638;137462;7;19637;3
9639;137465;2;68732;1
9640;137466;4;34366;2
9641;137468;61;2253;35
9642;137503;21;6547;16
9643;137519;9;15279;8
9644;137527;45841;3;4
9645;137531;3;45843;2
9646;137533;2;68766;1
9647;137534;23;5979;17
9648;137551;49;2807;8
9649;137559;5;27511;4
9650;137563;151;911;2
9651;137565;2;68782;1
9652;137566;43;3199;9
9653;137575;7;19653;4
9654;137579;3;45859;2
9655;137581;2;68790;1
9656;137582;11;12507;5
9657;137587;5;27517;2
9658;137589;2;68794;1
9659;137590;137587;1;3
9660;137593;2;68796;1
9661;137594;3;45864;2
9662;137596;33;4169;19
9663;137615;45869;3;8
9664;137623;9;15291;4
9665;137627;3;45875;2
9666;137629;2;68814;1
9667;137630;11;12511;9
9668;137639;5;27527;4
9669;137643;7;19663;2
9670;137645;2;68822;1
9671;137646;7;19663;5
9672;137651;3;45883;2
9673;137653;2;68826;1
9674;137654;179;769;3
9675;137657;2;68828;1
9676;137658;4;34414;2
9677;137660;17;8097;11
9678;137671;109;1263;4
9679;137675;3;45891;2
9680;137677;2;68838;1
9681;137678;9;15297;5
9682;137683;131;1051;2
9683;137685;2;68842;1
9684;137686;7;19669;3
9685;137689;2;68844;1
9686;137690;3;45896;2
9687;137692;15;9179;7
9688;137699;3;45899;2
9689;137701;2;68850;1
9690;137702;137699;1;3
9691;137705;2;68852;1
9692;137706;4;34426;2
9693;137708;197;699;5
9694;137713;2;68856;1
9695;137714;3;45904;2
9696;137716;6;22952;4
9697;137720;131;1051;39
9698;137759;137743;1;16
9699;137775;19681;7;8
9700;137783;29;4751;4
9701;137787;5;27557;2
9702;137789;2;68894;1
9703;137790;311;443;17
9704;137807;9;15311;8
9705;137815;71;1941;4
9706;137819;3;45939;2
9707;137821;2;68910;1
9708;137822;13;10601;9
9709;137831;137827;1;4
9710;137835;337;409;2
9711;137837;2;68918;1
9712;137838;337;409;5
9713;137843;3;45947;2
9714;137845;2;68922;1
9715;137846;307;449;3
9716;137849;2;68924;1
9717;137850;4;34462;2
9718;137852;337;409;19
9719;137871;11;12533;8
9720;137879;5;27575;4
9721;137883;173;797;2
9722;137885;2;68942;1
9723;137886;45959;3;9
9724;137895;13;10607;4
9725;137899;73;1889;2
9726;137901;2;68950;1
9727;137902;73;1889;5
9728;137907;5;27581;2
9729;137909;2;68954;1
9730;137910;7;19701;3
9731;137913;2;68956;1
9732;137914;4;34478;2
9733;137916;27581;5;11
9734;137927;107;1289;4
9735;137931;11;12539;2
9736;137933;2;68966;1
9737;137934;11;12539;5
9738;137939;3;45979;2
9739;137941;2;68970;1
9740;137942;271;509;3
9741;137945;2;68972;1
9742;137946;4;34486;2
9743;137948;137941;1;7
9744;137955;29;4757;2
9745;137957;2;68978;1
9746;137958;5;27591;3
9747;137961;2;68980;1
9748;137962;4;34490;2
9749;137964;19;7261;5
9750;137969;2;68984;1
9751;137970;4;34492;2
9752;137972;8;17246;4
9753;137976;29;4757;23
9754;137999;21;6571;8
9755;138007;157;879;4
9756;138011;3;46003;2
9757;138013;2;69006;1
9758;138014;35;3943;9
9759;138023;7;19717;4
9760;138027;5;27605;2
9761;138029;2;69014;1
9762;138030;25;5521;5
9763;138035;3;46011;2
9764;138037;2;69018;1
9765;138038;5;27607;3
9766;138041;2;69020;1
9767;138042;4;34510;2
9768;138044;21;6573;11
9769;138055;9;15339;4
9770;138059;3;46019;2
9771;138061;2;69030;1
9772;138062;17;8121;5
9773;138067;5;27613;2
9774;138069;2;69034;1
9775;138070;101;1367;3
9776;138073;2;69036;1
9777;138074;3;46024;2
9778;138076;9;15341;7
9779;138083;3;46027;2
9780;138085;2;69042;1
9781;138086;11;12553;3
9782;138089;2;69044;1
9783;138090;4;34522;2
9784;138092;9;15343;5
9785;138097;2;69048;1
9786;138098;3;46032;2
9787;138100;6;23016;4
9788;138104;19727;7;15
9789;138119;5;27623;4
9790;138123;37;3733;2
9791;138125;2;69062;1
9792;138126;37;3733;5
9793;138131;3;46043;2
9794;138133;2;69066;1
9795;138134;7;19733;3
9796;138137;2;69068;1
9797;138138;4;34534;2
9798;138140;47;2939;7
9799;138147;5;27629;2
9800;138149;2;69074;1
9801;138150;46049;3;3
9802;138153;2;69076;1
9803;138154;4;34538;2
9804;138156;13;10627;5
9805;138161;2;69080;1
9806;138162;4;34540;2
9807;138164;5;27632;4
9808;138168;138157;1;11
9809;138179;3;46059;2
9810;138181;2;69090;1
9811;138182;138179;1;3
9812;138185;2;69092;1
9813;138186;4;34546;2
9814;138188;46061;3;5
9815;138193;2;69096;1
9816;138194;3;46064;2
9817;138196;6;23032;4
9818;138200;138191;1;9
9819;138209;2;69104;1
9820;138210;4;34552;2
9821;138212;7;19744;4
9822;138216;14;9872;8
9823;138224;117;1181;47
9824;138271;39;3545;16
9825;138287;46093;3;8
9826;138295;31;4461;4
9827;138299;3;46099;2
9828;138301;2;69150;1
9829;138302;21;6585;17
9830;138319;138311;1;8
9831;138327;138323;1;4
9832;138331;17;8137;2
9833;138333;2;69166;1
9834;138334;11;12575;9
9835;138343;9;15371;4
9836;138347;3;46115;2
9837;138349;2;69174;1
9838;138350;15;9223;5
9839;138355;31;4463;2
9840;138357;2;69178;1
9841;138358;5;27671;3
9842;138361;2;69180;1
9843;138362;3;46120;2
9844;138364;23;6015;19
9845;138383;9;15375;8
9846;138391;163;849;4
9847;138395;3;46131;2
9848;138397;2;69198;1
9849;138398;138389;1;9
9850;138407;138403;1;4
9851;138411;61;2269;2
9852;138413;2;69206;1
9853;138414;61;2269;5
9854;138419;3;46139;2
9855;138421;2;69210;1
9856;138422;97;1427;3
9857;138425;2;69212;1
9858;138426;4;34606;2
9859;138428;29;4773;11
9860;138439;5;27687;4
9861;138443;3;46147;2
9862;138445;2;69222;1
9863;138446;46147;3;5
9864;138451;138449;1;2
9865;138453;2;69226;1
9866;138454;138451;1;3
9867;138457;2;69228;1
9868;138458;3;46152;2
9869;138460;19;7287;7
9870;138467;3;46155;2
9871;138469;2;69234;1
9872;138470;7;19781;3
9873;138473;2;69236;1
9874;138474;4;34618;2
9875;138476;101;1371;5
9876;138481;2;69240;1
9877;138482;3;46160;2
9878;138484;5;27696;4
9879;138488;45;3077;23
9880;138511;43;3221;8
9881;138519;5;27703;4
9882;138523;71;1951;2
9883;138525;2;69262;1
9884;138526;138517;1;9
9885;138535;61;2271;4
9886;138539;3;46179;2
9887;138541;2;69270;1
9888;138542;7;19791;5
9889;138547;5;27709;2
9890;138549;2;69274;1
9891;138550;138547;1;3
9892;138553;2;69276;1
9893;138554;3;46184;2
9894;138556;55;2519;11
9895;138567;138563;1;4
9896;138571;138569;1;2
9897;138573;2;69286;1
9898;138574;138569;1;5
9899;138579;138577;1;2
9900;138581;2;69290;1
9901;138582;7;19797;3
9902;138585;2;69292;1
9903;138586;4;34646;2
9904;138588;138581;1;7
9905;138595;7;19799;2
9906;138597;2;69298;1
9907;138598;5;27719;3
9908;138601;2;69300;1
9909;138602;3;46200;2
9910;138604;138599;1;5
9911;138609;2;69304;1
9912;138610;4;34652;2
9913;138612;8;17326;4
9914;138616;17;8153;15
9915;138631;9;15403;4
9916;138635;3;46211;2
9917;138637;2;69318;1
9918;138638;11;12603;5
9919;138643;138641;1;2
9920;138645;2;69322;1
9921;138646;19;7297;3
9922;138649;2;69324;1
9923;138650;3;46216;2
9924;138652;9;15405;7
9925;138659;3;46219;2
9926;138661;2;69330;1
9927;138662;313;443;3
9928;138665;2;69332;1
9929;138666;4;34666;2
9930;138668;7;19809;5
9931;138673;2;69336;1
9932;138674;3;46224;2
9933;138676;6;23112;4
9934;138680;17;8157;11
9935;138691;331;419;2
9936;138693;2;69346;1
9937;138694;7;19813;3
9938;138697;2;69348;1
9939;138698;3;46232;2
9940;138700;27739;5;5
9941;138705;2;69352;1
9942;138706;4;34676;2
9943;138708;8;17338;4
9944;138712;17;8159;9
9945;138721;2;69360;1
9946;138722;3;46240;2
9947;138724;5;27744;4
9948;138728;10;13872;8
9949;138736;35;3963;31
9950;138767;23;6033;8
9951;138775;9;15419;4
9952;138779;3;46259;2
9953;138781;2;69390;1
9954;138782;73;1901;9
9955;138791;11;12617;4
9956;138795;138793;1;2
9957;138797;2;69398;1
9958;138798;138793;1;5
9959;138803;3;46267;2
9960;138805;2;69402;1
9961;138806;7;19829;3
9962;138809;2;69404;1
9963;138810;4;34702;2
9964;138812;13;10677;11
9965;138823;46273;3;4
9966;138827;3;46275;2
9967;138829;2;69414;1
9968;138830;9;15425;5
9969;138835;19;7307;2
9970;138837;2;69418;1
9971;138838;5;27767;3
9972;138841;2;69420;1
9973;138842;3;46280;2
9974;138844;46279;3;7
9975;138851;3;46283;2
9976;138853;2;69426;1
9977;138854;23;6037;3
9978;138857;2;69428;1
9979;138858;4;34714;2
9980;138860;15;9257;5
9981;138865;2;69432;1
9982;138866;3;46288;2
9983;138868;6;23144;4
9984;138872;191;727;15
9985;138887;138883;1;4
9986;138891;138889;1;2
9987;138893;2;69446;1
9988;138894;138889;1;5
9989;138899;3;46299;2
9990;138901;2;69450;1
9991;138902;138899;1;3
9992;138905;2;69452;1
9993;138906;4;34726;2
9994;138908;19843;7;7
9995;138915;53;2621;2
9996;138917;2;69458;1
9997;138918;5;27783;3
9998;138921;2;69460;1
9999;138922;4;34730;2
