n;A037308;weight;level;jump
1;0;0;0;1
2;1;0;0;19
3;20;19;1;1
4;21;0;0;101
5;122;11;11;1
6;123;0;0;79
7;202;3;67;1
8;203;23;8;19
9;222;13;17;1
10;223;8;27;7
11;230;229;1;1
12;231;80;2;71
13;302;7;43;1
14;303;196;1;107
15;410;409;1;1
16;411;160;2;91
17;502;3;167;1
18;503;0;0;627
19;1130;1129;1;1
20;1131;139;8;19
21;1150;3;383;1
22;1151;55;20;51
23;1202;1201;1;1
24;1203;199;6;9
25;1212;7;173;1
26;1213;23;52;17
27;1230;1229;1;1
28;1231;83;14;69
29;1300;3;433;1
30;1301;120;10;101
31;1402;3;467;1
32;1403;163;8;99
33;1502;19;79;1
34;1503;8;187;7
35;1510;3;503;1
36;1511;508;2;495
37;2006;5;401;1
38;2007;991;2;25
39;2032;3;677;1
40;2033;491;4;69
41;2102;11;191;1
42;2103;118;17;97
43;2200;3;733;1
44;2201;1396;1;805
45;3006;5;601;1
46;3007;19;158;5
47;3012;3011;1;1
48;3013;48;62;37
49;3050;3049;1;1
50;3051;379;8;19
51;3070;3;1023;1
52;3071;32;95;31
53;3102;7;443;1
54;3103;8;387;7
55;3110;3109;1;1
56;3111;487;6;189
57;3300;3299;1;1
58;3301;1294;2;713
59;4014;4013;1;1
60;4015;1010;3;985
61;5000;4999;1;1
62;5001;12;416;9
63;5010;5009;1;1
64;5011;41;122;9
65;5020;3;1673;1
66;5021;1010;4;981
67;6002;17;353;1
68;6003;18;333;9
69;6012;6011;1;1
70;6013;1481;4;89
71;6102;6101;1;1
72;6103;2603;2;897
73;7000;3;2333;1
74;7001;115;60;101
75;7102;3;2367;1
76;7103;1016;6;1007
77;8110;3;2703;1
78;8111;2072;3;1895
79;10006;3;3335;1
80;10007;31;322;25
81;10032;7;1433;1
82;10033;32;313;17
83;10050;13;773;1
84;10051;5021;2;9
85;10060;3;3353;1
86;10061;14;718;9
87;10070;10069;1;1
88;10071;59;170;41
89;10112;10111;1;1
90;10113;49;206;19
91;10132;3;3377;1
92;10133;631;16;37
93;10170;10169;1;1
94;10171;76;133;63
95;10234;3;3411;1
96;10235;80;127;75
97;10310;13;793;1
98;10311;111;92;99
99;10410;7;1487;1
100;10411;24;433;19
101;10430;10429;1;1
102;10431;985;10;581
103;11012;7;1573;1
104;11013;49;224;37
105;11050;3;3683;1
106;11051;28;394;19
107;11070;11069;1;1
108;11071;919;12;43
109;11114;11113;1;1
110;11115;38;292;19
111;11134;3;3711;1
112;11135;16;695;15
113;11150;11149;1;1
114;11151;66;168;63
115;11214;11213;1;1
116;11215;30;373;25
117;11240;11239;1;1
118;11241;12;936;9
119;11250;7;1607;1
120;11251;11;1022;9
121;11260;3;3753;1
122;11261;62;181;39
123;11300;11299;1;1
124;11301;222;50;201
125;11502;7;1643;1
126;11503;353;32;207
127;11710;3;3903;1
128;11711;1427;8;295
129;12006;5;2401;1
130;12007;22;545;17
131;12024;11;1093;1
132;12025;94;127;87
133;12112;3;4037;1
134;12113;38;318;29
135;12142;3;4047;1
136;12143;863;14;61
137;12204;12203;1;1
138;12205;3049;4;9
139;12214;3;4071;1
140;12215;42;290;35
141;12250;3;4083;1
142;12251;766;15;761
143;13012;3;4337;1
144;13013;811;16;37
145;13050;13049;1;1
146;13051;6451;2;149
147;13200;67;197;1
148;13201;37;356;29
149;13230;13229;1;1
150;13231;1556;8;783
151;14014;3;4671;1
152;14015;6;2335;5
153;14020;3;4673;1
154;14021;82;170;81
155;14102;59;239;1
156;14103;3469;4;227
157;14330;7;2047;1
158;14331;683;20;671
159;15002;7;2143;1
160;15003;23;652;7
161;15010;3;5003;1
162;15011;13;1154;9
163;15020;23;653;1
164;15021;12;1251;9
165;15030;7;2147;1
166;15031;188;79;179
167;15210;67;227;1
168;15211;24;633;19
169;15230;97;157;1
170;15231;947;16;79
171;15310;3;5103;1
172;15311;1124;13;699
173;16010;7;2287;1
174;16011;1999;8;19
175;16030;3;5343;1
176;16031;76;210;71
177;16102;3;5367;1
178;16103;21;766;17
179;16120;3;5373;1
180;16121;2657;6;179
181;16300;3;5433;1
182;16301;4073;4;9
183;16310;47;347;1
184;16311;4206;3;3693
185;20004;83;241;1
186;20005;1997;10;35
187;20040;29;691;1
188;20041;16;1252;9
189;20050;3;6683;1
190;20051;11;1822;9
191;20060;13;1543;1
192;20061;58;345;51
193;20112;7;2873;1
194;20113;5021;4;29
195;20142;11;1831;1
196;20143;80;251;63
197;20206;3;6735;1
198;20207;24;841;23
199;20230;3;6743;1
200;20231;130;155;81
201;20312;19;1069;1
202;20313;11;1846;7
203;20320;3;6773;1
204;20321;10151;2;19
205;20340;11;1849;1
206;20341;563;36;73
207;20414;137;149;1
208;20415;10;2041;5
209;20420;7;2917;1
210;20421;620;32;581
211;21002;21001;1;1
212;21003;43;488;19
213;21022;3;7007;1
214;21023;8;2627;7
215;21030;17;1237;1
216;21031;419;50;81
217;21112;3;7037;1
218;21113;96;219;89
219;21202;3;7067;1
220;21203;10597;2;9
221;21212;21211;1;1
222;21213;23;922;7
223;21220;3;7073;1
224;21221;140;151;81
225;21302;7;3043;1
226;21303;461;46;97
227;21400;3;7133;1
228;21401;1733;12;605
229;22006;3;7335;1
230;22007;24;916;23
231;22030;3;7343;1
232;22031;106;207;89
233;22120;3;7373;1
234;22121;16;1382;9
235;22130;22129;1;1
236;22131;18;1229;9
237;22140;13;1703;1
238;22141;89;248;69
239;22210;3;7403;1
240;22211;17;1306;9
241;22220;17;1307;1
242;22221;12;1851;9
243;22230;22229;1;1
244;22231;80;277;71
245;22302;29;769;1
246;22303;8;2787;7
247;22310;7;3187;1
248;22311;1229;18;189
249;22500;149;151;1
250;22501;647;34;503
251;23004;23003;1;1
252;23005;3833;6;7
253;23012;23011;1;1
254;23013;337;68;97
255;23110;3;7703;1
256;23111;523;44;99
257;23210;23209;1;1
258;23211;26;892;19
259;23230;3;7743;1
260;23231;1123;20;771
261;24002;24001;1;1
262;24003;18;1333;9
263;24012;13;1847;1
264;24013;17;1412;9
265;24022;3;8007;1
266;24023;78;307;77
267;24100;3;8033;1
268;24101;239;100;201
269;24302;19;1279;1
270;24303;251;96;207
271;24510;24509;1;1
272;24511;11461;2;1589
273;26100;26099;1;1
274;26101;5549;4;3905
275;30006;5;6001;1
276;30007;59;508;35
277;30042;11;2731;1
278;30043;12;2503;7
279;30050;151;199;1
280;30051;18;1669;9
281;30060;30059;1;1
282;30061;11;2732;9
283;30070;3;10023;1
284;30071;46;653;33
285;30104;30103;1;1
286;30105;101;298;7
287;30112;3;10037;1
288;30113;41;734;19
289;30132;29;1039;1
290;30133;7529;4;17
291;30150;7;4307;1
292;30151;7523;4;59
293;30210;17;1777;1
294;30211;15101;2;9
295;30220;3;10073;1
296;30221;13;2324;9
297;30230;19;1591;1
298;30231;2153;14;89
299;30320;30319;1;1
300;30321;15121;2;79
301;30400;3;10133;1
302;30401;22;1381;19
303;30420;19;1601;1
304;30421;389;78;79
305;30500;7;4357;1
306;30501;202;150;201
307;30702;11;2791;1
308;30703;563;54;301
309;31004;7;4429;1
310;31005;11;2818;7
311;31012;3;10337;1
312;31013;153;202;107
313;31120;3;10373;1
314;31121;2591;12;29
315;31150;3;10383;1
316;31151;67;464;63
317;31214;7;4459;1
318;31215;110;283;85
319;31300;3;10433;1
320;31301;15601;2;99
321;31400;17;1847;1
322;31401;12;2616;9
323;31410;7;4487;1
324;31411;14;2243;9
325;31420;3;10473;1
326;31421;244;128;189
327;31610;73;433;1
328;31611;101;312;99
329;31710;37;857;1
330;31711;1571;20;291
331;32002;3;10667;1
332;32003;17;1882;9
333;32012;7;4573;1
334;32013;12;2667;9
335;32022;11;2911;1
336;32023;2281;14;89
337;32112;163;197;1
338;32113;16007;2;99
339;32212;3;10737;1
340;32213;2011;16;37
341;32250;7;4607;1
342;32251;56;575;51
343;32302;3;10767;1
344;32303;2683;12;107
345;32410;3;10803;1
346;32411;101;320;91
347;32502;7;4643;1
348;32503;557;58;197
349;32700;19;1721;1
350;32701;12700;2;7301
351;40002;13;3077;1
352;40003;19997;2;9
353;40012;3;13337;1
354;40013;73;548;9
355;40022;31;1291;1
356;40023;1109;36;99
357;40122;53;757;1
358;40123;20023;2;77
359;40200;61;659;1
360;40201;16;2512;9
361;40210;3;13403;1
362;40211;20101;2;9
363;40220;37;1087;1
364;40221;20021;2;179
365;40400;71;569;1
366;40401;10093;4;29
367;40430;40429;1;1
368;40431;97;416;79
369;40510;3;13503;1
370;40511;20161;2;189
371;40700;40699;1;1
372;40701;628;64;509
373;41210;7;5887;1
374;41211;20161;2;889
375;42100;3;14033;1
376;42101;20599;2;903
377;43004;43003;1;1
378;43005;4201;10;995
379;44000;23;1913;1
380;44001;21991;2;19
381;44020;3;14673;1
382;44021;21521;2;979
383;45000;17;2647;1
384;45001;16;2812;9
385;45010;3;15003;1
386;45011;22501;2;9
387;45020;13;3463;1
388;45021;2526;17;2079
389;47100;13;3623;1
390;47101;3400;13;2901
391;50002;3;16667;1
392;50003;14;3571;9
393;50012;13;3847;1
394;50013;11;4546;7
395;50020;3;16673;1
396;50021;323;154;279
397;50300;179;281;1
398;50301;6199;8;709
399;51010;3;17003;1
400;51011;14;3643;9
401;51020;163;313;1
402;51021;12;4251;9
403;51030;11;4639;1
404;51031;107;476;99
405;51130;3;17043;1
406;51131;1478;34;879
407;52010;52009;1;1
408;52011;67;776;19
409;52030;3;17343;1
410;52031;136;382;79
411;52110;107;487;1
412;52111;703;74;89
413;52200;7;7457;1
414;52201;14;3728;9
415;52210;3;17403;1
416;52211;43;1214;9
417;52220;79;661;1
418;52221;1510;34;881
419;53102;53101;1;1
420;53103;13249;4;107
421;53210;13;4093;1
422;53211;13103;4;799
423;54010;3;18003;1
424;54011;6860;7;5991
425;60002;29;2069;1
426;60003;11;5454;9
427;60012;7;8573;1
428;60013;14;4286;9
429;60022;3;20007;1
430;60023;118;508;79
431;60102;60101;1;1
432;60103;26;2311;17
433;60120;79;761;1
434;60121;10007;6;79
435;60200;37;1627;1
436;60201;11;5472;9
437;60210;60209;1;1
438;60211;31;1942;9
439;60220;3;20073;1
440;60221;30071;2;79
441;60300;17;3547;1
442;60301;15073;4;9
443;60310;3;20103;1
444;60311;10037;6;89
445;60400;3;20133;1
446;60401;650;92;601
447;61002;61001;1;1
448;61003;21;2904;19
449;61022;139;439;1
450;61023;8;7627;7
451;61030;3;20343;1
452;61031;461;132;179
453;61210;3;20403;1
454;61211;160;382;91
455;61302;59;1039;1
456;61303;101;606;97
457;61400;13;4723;1
458;61401;894;68;609
459;62010;59;1051;1
460;62011;109;568;99
461;62110;3;20703;1
462;62111;10337;6;89
463;62200;3;20733;1
464;62201;1226;50;901
465;63102;89;709;1
466;63103;10201;6;1897
467;65000;11;5909;1
468;65001;12;5416;9
469;65010;7;9287;1
470;65011;14;4643;9
471;65020;3;21673;1
472;65021;7504;8;4989
473;70010;70009;1;1
474;70011;971;72;99
475;70110;13;5393;1
476;70111;1819;38;989
477;71100;7;10157;1
478;71101;15523;4;9009
479;80110;3;26703;1
480;80111;35111;2;9889
481;90000;7;12857;1
482;90001;83;1084;29
483;90030;197;457;1
484;90031;20009;4;9995
485;100026;5;20005;1
486;100027;13;7694;5
487;100032;67;1493;1
488;100033;79;1266;19
489;100052;7;14293;1
490;100053;38;2632;37
491;100090;3;33363;1
492;100091;22;4549;13
493;100104;100103;1;1
494;100105;16;6256;9
495;100114;3;33371;1
496;100115;50053;2;9
497;100124;59;1697;1
498;100125;113;886;7
499;100132;3;33377;1
500;100133;5557;18;107
501;100240;3;33413;1
502;100241;42;2386;29
503;100270;3;33423;1
504;100271;50119;2;33
505;100304;7;14329;1
506;100305;43;2332;29
507;100334;100333;1;1
508;100335;74;1355;65
509;100400;13;7723;1
510;100401;146;687;99
511;100500;7;14357;1
512;100501;200;502;101
513;100602;29;3469;1
514;100603;2393;42;97
515;100700;100699;1;1
516;100701;1321;76;305
517;101006;5;20201;1
518;101007;7213;14;25
519;101032;3;33677;1
520;101033;11;9184;9
521;101042;79;1279;1
522;101043;18;5613;9
523;101052;101051;1;1
524;101053;26;3886;17
525;101070;211;479;1
526;101071;52;1943;35
527;101106;5;20221;1
528;101107;50549;2;9
529;101116;3;33705;1
530;101117;13;7778;3
531;101120;101119;1;1
532;101121;50551;2;19
533;101140;3;33713;1
534;101141;50539;2;63
535;101204;101203;1;1
536;101205;6323;16;37
537;101242;3;33747;1
538;101243;50591;2;61
539;101304;17;5959;1
540;101305;22;4604;17
541;101322;11;9211;1
542;101323;21;4824;19
543;101342;101341;1;1
544;101343;8;12667;7
545;101350;3;33783;1
546;101351;50651;2;49
547;101400;101399;1;1
548;101401;278;364;209
549;101610;17;5977;1
550;101611;24;4233;19
551;101630;11;9239;1
552;101631;420;241;411
553;102042;67;1523;1
554;102043;11;9276;7
555;102050;19;5371;1
556;102051;18;5669;9
557;102060;102059;1;1
558;102061;31;3292;9
559;102070;3;34023;1
560;102071;44;2319;35
561;102106;3;34035;1
562;102107;10;10210;7
563;102114;11;9283;1
564;102115;19;5374;9
565;102124;3;34041;1
566;102125;14;7294;9
567;102134;109;937;1
568;102135;6379;16;71
569;102206;5;20441;1
570;102207;137;746;5
571;102212;43;2377;1
572;102213;62;1648;37
573;102250;3;34083;1
574;102251;26;3932;19
575;102270;31;3299;1
576;102271;10223;10;41
577;102312;11;9301;1
578;102313;16;6394;9
579;102322;3;34107;1
580;102323;51157;2;9
581;102332;31;3301;1
582;102333;25579;4;17
583;102350;13;7873;1
584;102351;50849;2;653
585;103004;17;6059;1
586;103005;14;7357;7
587;103012;3;34337;1
588;103013;5717;18;107
589;103120;3;34373;1
590;103121;33;3124;29
591;103150;3;34383;1
592;103151;51551;2;49
593;103200;31;3329;1
594;103201;29;3558;19
595;103220;233;443;1
596;103221;3967;26;79
597;103300;3;34433;1
598;103301;120;860;101
599;103402;3;34467;1
600;103403;12923;8;19
601;103422;103421;1;1
602;103423;3673;28;579
603;104002;3;34667;1
604;104003;11;9454;9
605;104012;47;2213;1
606;104013;12;8667;9
607;104022;104021;1;1
608;104023;25981;4;99
609;104122;3;34707;1
610;104123;17341;6;77
611;104200;3;34733;1
612;104201;11;9472;9
613;104210;7;14887;1
614;104211;14;7443;9
615;104220;89;1171;1
616;104221;52021;2;179
617;104400;104399;1;1
618;104401;97;1076;29
619;104430;13;8033;1
620;104431;577;180;571
621;105002;13;8077;1
622;105003;22;4772;19
623;105022;3;35007;1
624;105023;112;937;79
625;105102;227;463;1
626;105103;26251;4;99
627;105202;3;35067;1
628;105203;149;706;9
629;105212;105211;1;1
630;105213;2503;42;87
631;105300;29;3631;1
632;105301;2287;46;99
633;105400;3;35133;1
634;105401;17467;6;599
635;106000;3;35333;1
636;106001;8831;12;29
637;106030;3;35343;1
638;106031;268;395;171
639;106202;61;1741;1
640;106203;139;764;7
641;106210;3;35403;1
642;106211;53101;2;9
643;106220;106219;1;1
644;106221;12;8851;9
645;106230;19;5591;1
646;106231;80;1327;71
647;106302;13;8177;1
648;106303;1553;68;699
649;107002;3;35667;1
650;107003;1452;73;1007
651;108010;3;36003;1
652;108011;13499;8;19
653;108030;59;1831;1
654;108031;4079;26;1977
655;110008;3;36669;1
656;110009;24;4583;17
657;110026;3;36675;1
658;110027;13751;8;19
659;110046;5;22009;1
660;110047;8;13755;7
661;110054;167;659;1
662;110055;37;2974;17
663;110072;13;8467;1
664;110073;35;3144;33
665;110106;5;22021;1
666;110107;10;11010;7
667;110114;29;3797;1
668;110115;18;6117;9
669;110124;13;8471;1
670;110125;27529;4;9
671;110134;3;36711;1
672;110135;50;2202;35
673;110170;3;36723;1
674;110171;6883;16;43
675;110214;307;359;1
676;110215;22;5009;17
677;110232;11;10021;1
678;110233;18371;6;7
679;110240;23;4793;1
680;110241;7873;14;19
681;110260;3;36753;1
682;110261;55109;2;43
683;110304;73;1511;1
684;110305;22;5013;19
685;110324;110323;1;1
686;110325;50;2206;25
687;110350;3;36783;1
688;110351;113;976;63
689;110414;41;2693;1
690;110415;35;3154;25
691;110440;3;36813;1
692;110441;14;7888;9
693;110450;17;6497;1
694;110451;79;1398;9
695;110460;110459;1;1
696;110461;61;1810;51
697;110512;3;36837;1
698;110513;24;4604;17
699;110530;3;36843;1
700;110531;73;1514;9
701;110540;11;10049;1
702;110541;12;9211;9
703;110550;227;487;1
704;110551;3931;28;483
705;111034;3;37011;1
706;111035;6;18505;5
707;111040;3;37013;1
708;111041;55511;2;19
709;111060;13;8543;1
710;111061;55501;2;59
711;111120;111119;1;1
712;111121;27773;4;29
713;111150;111149;1;1
714;111151;106;1048;63
715;111214;3;37071;1
716;111215;141;788;107
717;111322;3;37107;1
718;111323;17;6548;7
719;111330;163;683;1
720;111331;55661;2;9
721;111340;3;37113;1
722;111341;13;8564;9
723;111350;7;15907;1
724;111351;53;2100;51
725;111402;17;6553;1
726;111403;21;5304;19
727;111422;67;1663;1
728;111423;6959;16;79
729;111502;3;37167;1
730;111503;27851;4;99
731;111602;7;15943;1
732;111603;14;7971;9
733;111612;111611;1;1
734;111613;501;222;391
735;112004;31;3613;1
736;112005;3499;32;37
737;112042;3;37347;1
738;112043;22;5092;19
739;112062;112061;1;1
740;112063;60;1867;43
741;112106;5;22421;1
742;112107;14011;8;19
743;112126;3;37375;1
744;112127;106;1057;85
745;112212;11;10201;1
746;112213;38;2952;37
747;112250;112249;1;1
748;112251;65;1726;61
749;112312;3;37437;1
750;112313;24;4679;17
751;112330;3;37443;1
752;112331;101;1112;19
753;112350;112349;1;1
754;112351;51;2202;49
755;112400;7;16057;1
756;112401;52;2161;29
757;112430;112429;1;1
758;112431;1871;60;171
759;112602;112601;1;1
760;112603;11;10236;7
761;112610;7;16087;1
762;112611;14;8043;9
763;112620;13;8663;1
764;112621;47;2396;9
765;112630;3;37543;1
766;112631;877;128;375
767;113006;5;22601;1
768;113007;62;1822;43
769;113050;3;37683;1
770;113051;94;1202;63
771;113114;7;16159;1
772;113115;28277;4;7
773;113122;3;37707;1
774;113123;23;4918;9
775;113132;113131;1;1
776;113133;11;10284;9
777;113142;7;16163;1
778;113143;68;1663;59
779;113202;11;10291;1
780;113203;56597;2;9
781;113212;3;37737;1
782;113213;9433;12;17
783;113230;3;37743;1
784;113231;82;1380;71
785;113302;3;37767;1
786;113303;7069;16;199
787;113502;113501;1;1
788;113503;8;14187;7
789;113510;11;10319;1
790;113511;56509;2;493
791;114004;3;38001;1
792;114005;68;1676;37
793;114042;114041;1;1
794;114043;66;1727;61
795;114104;11;10373;1
796;114105;26;4388;17
797;114122;7;16303;1
798;114123;34;3356;19
799;114142;3;38047;1
800;114143;8;14267;7
801;114150;7;16307;1
802;114151;70;1630;51
803;114202;3;38067;1
804;114203;28549;4;7
805;114210;19;6011;1
806;114211;11;10382;9
807;114220;3;38073;1
808;114221;14;8158;9
809;114230;114229;1;1
810;114231;152;751;79
811;114310;3;38103;1
812;114311;19037;6;89
813;114400;3;38133;1
814;114401;57191;2;19
815;114420;114419;1;1
816;114421;101;1132;89
817;114510;43;2663;1
818;114511;1213;94;489
819;115000;3;38333;1
820;115001;146;787;99
821;115100;115099;1;1
822;115101;3506;32;2909
823;118010;19;6211;1
824;118011;2417;48;1995
825;120006;5;24001;1
826;120007;26;4615;17
827;120024;19;6317;1
828;120025;83;1446;7
829;120032;29;4139;1
830;120033;23;5218;19
831;120052;3;40017;1
832;120053;58;2069;51
833;120104;120103;1;1
834;120105;12;10008;9
835;120114;7;17159;1
836;120115;14;8579;9
837;120124;3;40041;1
838;120125;10009;12;17
839;120142;3;40047;1
840;120143;60041;2;61
841;120204;71;1693;1
842;120205;151;796;9
843;120214;3;40071;1
844;120215;34;3535;25
845;120240;7;17177;1
846;120241;60089;2;63
847;120304;3;40101;1
848;120305;176;683;97
849;120402;120401;1;1
850;120403;17;7082;9
851;120412;3;40137;1
852;120413;11;10946;7
853;120420;13;9263;1
854;120421;1019;118;179
855;120600;83;1453;1
856;120601;298;404;209
857;120810;13;9293;1
858;120811;21;5752;19
859;120830;120829;1;1
860;120831;7541;16;175
861;121006;3;40335;1
862;121007;8641;14;33
863;121040;121039;1;1
864;121041;30253;4;29
865;121070;13;9313;1
866;121071;49;2470;41
867;121112;281;431;1
868;121113;19;6374;7
869;121120;3;40373;1
870;121121;151;802;19
871;121140;121139;1;1
872;121141;60539;2;63
873;121204;3;40401;1
874;121205;12119;10;15
875;121220;7;17317;1
876;121221;160;757;101
877;121322;121321;1;1
878;121323;59;2056;19
879;121342;3;40447;1
880;121343;108;1123;59
881;121402;3;40467;1
882;121403;118;1028;99
883;121502;121501;1;1
884;121503;8;15187;7
885;121510;3;40503;1
886;121511;223;544;199
887;121710;7;17387;1
888;121711;5519;22;293
889;122004;7;17429;1
890;122005;42;2904;37
891;122042;122041;1;1
892;122043;76;1605;63
893;122106;5;24421;1
894;122107;14;8721;13
895;122120;29;4211;1
896;122121;12;10176;9
897;122130;7;17447;1
898;122131;11;11102;9
899;122140;3;40713;1
900;122141;179;682;63
901;122204;122203;1;1
902;122205;61099;2;7
903;122212;3;40737;1
904;122213;141;866;107
905;122320;3;40773;1
906;122321;36;3397;29
907;122350;3;40783;1
908;122351;79;1548;59
909;122410;3;40803;1
910;122411;15299;8;19
911;122430;23;5323;1
912;122431;2549;48;79
913;122510;122509;1;1
914;122511;61211;2;89
915;122600;122599;1;1
916;122601;12;10216;9
917;122610;122609;1;1
918;122611;59;2078;9
919;122620;3;40873;1
920;122621;576;212;509
921;123130;3;41043;1
922;123131;188;654;179
923;123310;3;41103;1
924;123311;1146;107;689
925;124000;3;41333;1
926;124001;61991;2;19
927;124020;7;17717;1
928;124021;91;1362;79
929;124100;193;643;1
930;124101;2579;48;309
931;124410;47;2647;1
932;124411;61861;2;689
933;125100;13;9623;1
934;125101;11;11372;9
935;125110;3;41703;1
936;125111;211;592;199
937;125310;29;4321;1
938;125311;31153;4;699
939;126010;3;42003;1
940;126011;15739;8;99
941;126110;23;5483;1
942;126111;131;962;89
943;126200;126199;1;1
944;126201;20567;6;2799
945;129000;13;9923;1
946;129001;16;8062;9
947;129010;3;43003;1
948;129011;53;2434;9
949;129020;11;11729;1
950;129021;2371;54;987
951;130008;29;4483;1
952;130009;47;2766;7
953;130016;5;26003;1
954;130017;22;5909;19
955;130036;3;43345;1
956;130037;8123;16;69
957;130106;5;26021;1
958;130107;7;18586;5
959;130112;23;5657;1
960;130113;29;4486;19
961;130132;3;43377;1
962;130133;47;2768;37
963;130170;13;10013;1
964;130171;16267;8;35
965;130206;5;26041;1
966;130207;8;16275;7
967;130214;59;2207;1
968;130215;65099;2;17
969;130232;31;4201;1
970;130233;41;3176;17
971;130250;7;18607;1
972;130251;73;1784;19
973;130270;3;43423;1
974;130271;65111;2;49
975;130320;7;18617;1
976;130321;32573;4;29
977;130350;130349;1;1
978;130351;68;1916;63
979;130414;3;43471;1
980;130415;10859;12;107
981;130522;3;43507;1
982;130523;67;1948;7
983;130530;7;18647;1
984;130531;14;9323;9
985;130540;3;43513;1
986;130541;32633;4;9
987;130550;19;6871;1
988;130551;2837;46;49
989;130600;3;43533;1
990;130601;11;11872;9
991;130610;211;619;1
992;130611;21767;6;9
993;130620;130619;1;1
994;130621;21757;6;79
995;130700;130699;1;1
996;130701;12;10891;9
997;130710;23;5683;1
998;130711;241;542;89
999;130800;139;941;1
1000;130801;10891;12;109
1001;130910;109;1201;1
1002;130911;117;1118;105
1003;131016;5;26203;1
1004;131017;16;8188;9
1005;131026;3;43675;1
1006;131027;109;1202;9
1007;131036;5;26207;1
1008;131037;10;13103;7
1009;131044;3;43681;1
1010;131045;1084;120;965
1011;132010;3;44003;1
1012;132011;28;4714;19
1013;132030;31;4259;1
1014;132031;1637;80;1071
1015;133102;3;44367;1
1016;133103;33049;4;907
1017;134010;29;4621;1
1018;134011;152;881;99
1019;134110;3;44703;1
1020;134111;2017;66;989
1021;135100;3;45033;1
1022;135101;5208;25;4901
1023;140002;3;46667;1
1024;140003;69997;2;9
1025;140012;19;7369;1
1026;140013;12;11667;9
1027;140022;7;20003;1
1028;140023;167;838;77
1029;140100;29;4831;1
1030;140101;70001;2;99
1031;140200;3;46733;1
1032;140201;13;10784;9
1033;140210;149;941;1
1034;140211;18;7789;9
1035;140220;281;499;1
1036;140221;830;168;781
1037;141002;7;20143;1
1038;141003;17623;8;19
1039;141022;3;47007;1
1040;141023;8;17627;7
1041;141030;7;20147;1
1042;141031;80;1762;71
1043;141102;141101;1;1
1044;141103;202;698;107
1045;141210;141209;1;1
1046;141211;96;1470;91
1047;141302;141301;1;1
1048;141303;70303;2;697
1049;142000;3;47333;1
1050;142001;1867;76;109
1051;142110;11;12919;1
1052;142111;71011;2;89
1053;142200;53;2683;1
1054;142201;227;626;99
1055;142300;3;47433;1
1056;142301;701;202;699
1057;143000;29;4931;1
1058;143001;33997;4;7013
1059;150014;67;2239;1
1060;150015;94;1595;85
1061;150100;3;50033;1
1062;150101;179;838;99
1063;150200;7;21457;1
1064;150201;970;154;821
1065;151022;13;11617;1
1066;151023;89;1696;79
1067;151102;3;50367;1
1068;151103;4628;32;3007
1069;154110;19;8111;1
1070;154111;8229;18;5989
1071;160100;37;4327;1
1072;160101;995;160;901
1073;161002;3;53667;1
1074;161003;20123;8;19
1075;161022;7;23003;1
1076;161023;80473;2;77
1077;161100;71;2269;1
1078;161101;17;9476;9
1079;161110;3;53703;1
1080;161111;40253;4;99
1081;161210;37;4357;1
1082;161211;1348;119;799
1083;162010;3;54003;1
1084;162011;148;1094;99
1085;162110;162109;1;1
1086;162111;26987;6;189
1087;162300;17;9547;1
1088;162301;833;194;699
1089;163000;3;54333;1
1090;163001;12991;12;7109
1091;170110;3;56703;1
1092;170111;2438;69;1889
1093;172000;3;57333;1
1094;172001;85991;2;19
1095;172020;31;5549;1
1096;172021;82021;2;7979
1097;180000;179999;1;1
1098;180001;22;8181;19
1099;180020;7;25717;1
1100;180021;12853;14;79
1101;180100;3;60033;1
1102;180101;120;1500;101
1103;180202;3;60067;1
1104;180203;101;1784;19
1105;180222;180221;1;1
1106;180223;20055;8;19783
1107;200006;5;40001;1
1108;200007;35;5714;17
1109;200024;200023;1;1
1110;200025;13;15386;7
1111;200032;3;66677;1
1112;200033;97;2062;19
1113;200052;19;10529;1
1114;200053;64;3125;53
1115;200106;5;40021;1
1116;200107;21;9528;19
1117;200126;5;40025;1
1118;200127;13;15394;5
1119;200132;200131;1;1
1120;200133;52;3848;37
1121;200170;3;66723;1
1122;200171;127;1576;19
1123;200190;11;18199;1
1124;200191;37;5410;21
1125;200212;3;66737;1
1126;200213;12511;16;37
1127;200250;7;28607;1
1128;200251;50047;4;63
1129;200314;3;66771;1
1130;200315;20;10015;15
1131;200330;200329;1;1
1132;200331;28;7154;19
1133;200350;3;66783;1
1134;200351;88;2276;63
1135;200414;17;11789;1
1136;200415;8;25051;7
1137;200422;3;66807;1
1138;200423;127;1578;17
1139;200440;3;66813;1
1140;200441;1669;120;161
1141;200602;3;66867;1
1142;200603;11;18236;7
1143;200610;200609;1;1
1144;200611;19;10558;9
1145;200620;3;66873;1
1146;200621;50153;4;9
1147;200630;11;18239;1
1148;200631;100129;2;373
1149;201004;3;67001;1
1150;201005;109;1844;9
1151;201014;59;3407;1
1152;201015;52;3865;35
1153;201050;201049;1;1
1154;201051;101;1990;61
1155;201112;3;67037;1
1156;201113;193;1042;7
1157;201120;201119;1;1
1158;201121;22;9141;19
1159;201140;201139;1;1
1160;201141;11171;18;63
1161;201204;201203;1;1
1162;201205;16759;12;97
1163;201302;47;4283;1
1164;201303;108;1863;99
1165;201402;201401;1;1
1166;201403;4793;42;97
1167;201500;201499;1;1
1168;201501;316;637;209
1169;201710;201709;1;1
1170;201711;1049;192;303
1171;202014;7;28859;1
1172;202015;8;25251;7
1173;202022;202021;1;1
1174;202023;47;4298;17
1175;202040;281;719;1
1176;202041;98;2061;63
1177;202104;11;18373;1
1178;202105;35;5774;15
1179;202120;3;67373;1
1180;202121;16;12632;9
1181;202130;202129;1;1
1182;202131;18;11229;9
1183;202140;7;28877;1
1184;202141;191;1058;63
1185;202204;3;67401;1
1186;202205;17;11894;7
1187;202212;433;467;1
1188;202213;16843;12;97
1189;202310;202309;1;1
1190;202311;123;1644;99
1191;202410;202409;1;1
1192;202411;24;8433;19
1193;202430;47;4307;1
1194;202431;608;332;575
1195;203006;5;40601;1
1196;203007;4;50751;3
1197;203010;89;2281;1
1198;203011;101501;2;9
1199;203020;3;67673;1
1200;203021;50753;4;9
1201;203030;29;7001;1
1202;203031;3499;58;89
1203;203120;7;29017;1
1204;203121;14503;14;79
1205;203200;3;67733;1
1206;203201;23;8834;19
1207;203220;103;1973;1
1208;203221;172;1181;89
1209;203310;203309;1;1
1210;203311;101561;2;189
1211;203500;3;67833;1
1212;203501;50873;4;9
1213;203510;19;10711;1
1214;203511;793;256;503
1215;204014;204013;1;1
1216;204015;116;1758;87
1217;204102;204101;1;1
1218;204103;102043;2;17
1219;204120;17;12007;1
1220;204121;5101;40;81
1221;204202;3;68067;1
1222;204203;25523;8;19
1223;204222;17;12013;1
1224;204223;196;1041;187
1225;204410;71;2879;1
1226;204411;8513;24;99
1227;204510;204509;1;1
1228;204511;1061;192;799
1229;205310;13;15793;1
1230;205311;708;289;699
1231;206010;206009;1;1
1232;206011;102461;2;1089
1233;207100;3;69033;1
1234;207101;51049;4;2905
1235;210006;5;42001;1
1236;210007;79;2658;25
1237;210032;210031;1;1
1238;210033;116;1810;73
1239;210106;3;70035;1
1240;210107;6;35017;5
1241;210112;3;70037;1
1242;210113;73;2878;19
1243;210132;210131;1;1
1244;210133;48;4377;37
1245;210170;210169;1;1
1246;210171;35023;6;33
1247;210204;7;30029;1
1248;210205;53;3966;7
1249;210212;31;6781;1
1250;210213;8081;26;107
1251;210320;210319;1;1
1252;210321;38;5534;29
1253;210350;19;11071;1
1254;210351;78;2696;63
1255;210414;7;30059;1
1256;210415;90;2337;85
1257;210500;210499;1;1
1258;210501;11689;18;99
1259;210600;210599;1;1
1260;210601;16;13162;9
1261;210610;3;70203;1
1262;210611;14;15043;9
1263;210620;210619;1;1
1264;210621;192;1096;189
1265;210810;210809;1;1
1266;210811;26339;8;99
1267;210910;3;70303;1
1268;210911;96;2196;95
1269;211006;3;70335;1
1270;211007;6;35167;5
1271;211012;3;70337;1
1272;211013;38;5552;37
1273;211050;211049;1;1
1274;211051;24;8793;19
1275;211070;83;2543;1
1276;211071;47;4490;41
1277;211112;107;1973;1
1278;211113;12;17592;9
1279;211122;61;3461;1
1280;211123;105557;2;9
1281;211132;3;70377;1
1282;211133;73;2892;17
1283;211150;3;70383;1
1284;211151;59;3578;49
1285;211200;211199;1;1
1286;211201;61;3462;19
1287;211220;211219;1;1
1288;211221;104;2030;101
1289;211322;11;19211;1
1290;211323;4801;44;79
1291;211402;3;70467;1
1292;211403;26423;8;19
1293;211422;7;30203;1
1294;211423;8;26427;7
1295;211430;17;12437;1
1296;211431;35227;6;69
1297;211500;211499;1;1
1298;211501;37;5716;9
1299;211510;3;70503;1
1300;211511;314;673;189
1301;211700;31;6829;1
1302;211701;1229;172;313
1303;212014;3;70671;1
1304;212015;17659;12;107
1305;212122;3;70707;1
1306;212123;19;11164;7
1307;212130;23;9223;1
1308;212131;67;3166;9
1309;212140;3;70713;1
1310;212141;181;1172;9
1311;212150;7;30307;1
1312;212151;173;1226;53
1313;212204;212203;1;1
1314;212205;12;17683;9
1315;212214;137;1549;1
1316;212215;140;1515;115
1317;212330;13;16333;1
1318;212331;26539;8;19
1319;212350;3;70783;1
1320;212351;55;3860;51
1321;212402;7;30343;1
1322;212403;13;16338;9
1323;212412;212411;1;1
1324;212413;29;7324;17
1325;212430;7;30347;1
1326;212431;84;2528;79
1327;212510;11;19319;1
1328;212511;15173;14;89
1329;212600;29;7331;1
1330;212601;107;1986;99
1331;212700;227;937;1
1332;212701;1051;202;399
1333;213100;3;71033;1
1334;213101;11;19372;9
1335;213110;13;16393;1
1336;213111;4421;48;903
1337;214014;17;12589;1
1338;214015;112;1910;95
1339;214110;7;30587;1
1340;214111;1025;208;911
1341;215022;53;4057;1
1342;215023;1466;146;987
1343;216010;3;72003;1
1344;216011;28;7714;19
1345;216030;11;19639;1
1346;216031;107531;2;969
1347;217000;3;72333;1
1348;217001;16;13562;9
1349;217010;13;16693;1
1350;217011;59;3678;9
1351;217020;11;19729;1
1352;217021;1459;148;1089
1353;218110;3;72703;1
1354;218111;54049;4;1915
1355;220026;5;44005;1
1356;220027;26;8462;15
1357;220042;3;73347;1
1358;220043;28;7858;19
1359;220062;337;653;1
1360;220063;8;27507;7
1361;220070;31;7099;1
1362;220071;55009;4;35
1363;220106;5;44021;1
1364;220107;22;10004;19
1365;220126;3;73375;1
1366;220127;8;27515;7
1367;220134;17;12949;1
1368;220135;110059;2;17
1369;220152;220151;1;1
1370;220153;79;2786;59
1371;220212;41;5371;1
1372;220213;55049;4;17
1373;220230;19;11591;1
1374;220231;5003;44;99
1375;220330;3;73443;1
1376;220331;27539;8;19
1377;220350;179;1231;1
1378;220351;64;3442;63
1379;220414;3;73471;1
1380;220415;27541;8;87
1381;220502;23;9587;1
1382;220503;18367;12;99
1383;220602;59;3739;1
1384;220603;2897;76;431
1385;221034;67;3299;1
1386;221035;24;9209;19
1387;221054;7;31579;1
1388;221055;16;13815;15
1389;221070;221069;1;1
1390;221071;55259;4;35
1391;221106;5;44221;1
1392;221107;227;974;9
1393;221116;3;73705;1
1394;221117;20;11055;17
1395;221134;3;73711;1
1396;221135;22111;10;25
1397;221160;221159;1;1
1398;221161;16;13822;9
1399;221170;3;73723;1
1400;221171;110581;2;9
1401;221180;7;31597;1
1402;221181;214;1033;119
1403;221300;13;17023;1
1404;221301;55147;4;713
1405;222014;11;20183;1
1406;222015;10;22201;5
1407;222020;7;31717;1
1408;222021;12329;18;99
1409;222120;389;571;1
1410;222121;11;20192;9
1411;222130;3;74043;1
1412;222131;17;13066;9
1413;222140;17;13067;1
1414;222141;37013;6;63
1415;222204;23;9661;1
1416;222205;133;1670;95
1417;222300;7;31757;1
1418;222301;1231;180;721
1419;223022;83;2687;1
1420;223023;2423;92;107
1421;223130;223129;1;1
1422;223131;76;2935;71
1423;223202;11;20291;1
1424;223203;37199;6;9
1425;223212;223211;1;1
1426;223213;41;5444;9
1427;223222;3;74407;1
1428;223223;55609;4;787
1429;224010;17;13177;1
1430;224011;24;9333;19
1431;224030;13;17233;1
1432;224031;88;2545;71
1433;224102;224101;1;1
1434;224103;19;11794;17
1435;224120;7;32017;1
1436;224121;91;2462;79
1437;224200;3;74733;1
1438;224201;16;14012;9
1439;224210;224209;1;1
1440;224211;11;20382;9
1441;224220;19;11801;1
1442;224221;22343;10;791
1443;225012;29;7759;1
1444;225013;116;1939;89
1445;225102;23;9787;1
1446;225103;37501;6;97
1447;225200;13;17323;1
1448;225201;4007;56;809
1449;226010;7;32287;1
1450;226011;9413;24;99
1451;226110;13;17393;1
1452;226111;1591;142;189
1453;226300;3;75433;1
1454;226301;8677;26;699
1455;227000;53;4283;1
1456;227001;55997;4;3013
1457;230014;3;76671;1
1458;230015;16;14375;15
1459;230030;37;6217;1
1460;230031;6763;34;89
1461;230120;359;641;1
1462;230121;12;19176;9
1463;230130;17;13537;1
1464;230131;115061;2;9
1465;230140;3;76713;1
1466;230141;64;3595;61
1467;230202;211;1091;1
1468;230203;196;1174;99
1469;230302;3;76767;1
1470;230303;8;28787;7
1471;230310;230309;1;1
1472;230311;800;287;711
1473;231022;3;77007;1
1474;231023;2749;84;107
1475;231130;3;77043;1
1476;231131;94;2458;79
1477;231210;11;21019;1
1478;231211;24;9633;19
1479;231230;31;7459;1
1480;231231;14447;16;79
1481;231310;3;77103;1
1482;231311;178;1299;89
1483;231400;3;77133;1
1484;231401;14;16528;9
1485;231410;231409;1;1
1486;231411;38567;6;9
1487;231420;231419;1;1
1488;231421;687;336;589
1489;232010;19;12211;1
1490;232011;47;4936;19
1491;232030;3;77343;1
1492;232031;115981;2;69
1493;232100;7;33157;1
1494;232101;254;913;199
1495;232300;3;77433;1
1496;232301;58073;4;9
1497;232310;7;33187;1
1498;232311;115811;2;689
1499;233000;13;17923;1
1500;233001;12;19416;9
1501;233010;7;33287;1
1502;233011;11;21182;9
1503;233020;3;77673;1
1504;233021;116471;2;79
1505;233100;257;907;1
1506;233101;19;12268;9
1507;233110;3;77703;1
1508;233111;142;1641;89
1509;233200;3;77733;1
1510;233201;3067;76;109
1511;233310;181;1289;1
1512;233311;1038;224;799
1513;234110;193;1213;1
1514;234111;897;260;891
1515;235002;13;18077;1
1516;235003;6389;36;4999
1517;240002;107;2243;1
1518;240003;18;13333;9
1519;240012;240011;1;1
1520;240013;29;8276;9
1521;240022;3;80007;1
1522;240023;39989;6;89
1523;240112;3;80037;1
1524;240113;2791;86;87
1525;240200;401;599;1
1526;240201;12;20016;9
1527;240210;240209;1;1
1528;240211;83;2894;9
1529;240220;3;80073;1
1530;240221;12007;20;81
1531;240302;41;5861;1
1532;240303;271;886;197
1533;240500;7;34357;1
1534;240501;10909;22;503
1535;241004;7;34429;1
1536;241005;12;20083;9
1537;241014;241013;1;1
1538;241015;20;12050;15
1539;241030;3;80343;1
1540;241031;122;1975;81
1541;241112;13;18547;1
1542;241113;29;8314;7
1543;241120;3;80373;1
1544;241121;120551;2;19
1545;241140;293;823;1
1546;241141;149;1618;59
1547;241200;7;34457;1
1548;241201;120551;2;99
1549;241300;3;80433;1
1550;241301;120;2010;101
1551;241402;3;80467;1
1552;241403;9281;26;97
1553;241500;37;6527;1
1554;241501;4463;54;499
1555;242000;139;1741;1
1556;242001;60493;4;29
1557;242030;17;14237;1
1558;242031;92;2630;71
1559;242102;242101;1;1
1560;242103;259;934;197
1561;242300;101;2399;1
1562;242301;755;320;701
1563;243002;11;22091;1
1564;243003;116;2094;99
1565;243102;243101;1;1
1566;243103;8;30387;7
1567;243110;243109;1;1
1568;243111;5741;42;1989
1569;245100;83;2953;1
1570;245101;71;3452;9
1571;245110;3;81703;1
1572;245111;40037;6;4889
1573;250000;3;83333;1
1574;250001;37;6756;29
1575;250030;3;83343;1
1576;250031;271;922;169
1577;250200;250199;1;1
1578;250201;122;2050;101
1579;250302;250301;1;1
1580;250303;1327;188;827
1581;251130;107;2347;1
1582;251131;247;1016;179
1583;251310;47;5347;1
1584;251311;62653;4;699
1585;252010;3;84003;1
1586;252011;26;9692;19
1587;252030;252029;1;1
1588;252031;87;2896;79
1589;252110;11;22919;1
1590;252111;1042;241;989
1591;253100;7;36157;1
1592;253101;12;21091;9
1593;253110;253109;1;1
1594;253111;264;958;199
1595;253310;7;36187;1
1596;253311;9134;27;6693
1597;260004;260003;1;1
1598;260005;25997;10;35
1599;260040;13;20003;1
1600;260041;16;16252;9
1601;260050;3;86683;1
1602;260051;130021;2;9
1603;260060;31;8389;1
1604;260061;65003;4;49
1605;260110;3;86703;1
1606;260111;123;2114;89
1607;260200;3;86733;1
1608;260201;16;16262;9
1609;260210;260209;1;1
1610;260211;17;15306;9
1611;260220;17;15307;1
1612;260221;191;1362;79
1613;260300;13;20023;1
1614;260301;12;21691;9
1615;260310;7;37187;1
1616;260311;1997;130;701
1617;261012;261011;1;1
1618;261013;48;5437;37
1619;261050;281;929;1
1620;261051;78;3346;63
1621;261114;31;8423;1
1622;261115;124;2105;95
1623;261210;13;20093;1
1624;261211;137;1906;89
1625;261300;31;8429;1
1626;261301;43517;6;199
1627;261500;7;37357;1
1628;261501;3527;74;503
1629;262004;7;37429;1
1630;262005;18;14555;15
1631;262020;59;4441;1
1632;262021;160;1637;101
1633;262122;262121;1;1
1634;262123;24;10921;19
1635;262142;11;23831;1
1636;262143;11558;22;7867
1637;270010;3;90003;1
1638;270011;59999;4;30015
1639;300026;5;60005;1
1640;300027;167;1796;95
1641;300122;29;10349;1
1642;300123;75029;4;7
1643;300130;3;100043;1
1644;300131;150061;2;9
1645;300140;7;42877;1
1646;300141;12;25011;9
1647;300150;300149;1;1
1648;300151;70;4287;61
1649;300212;83;3617;1
1650;300213;23;13052;17
1651;300230;300229;1;1
1652;300231;80;3752;71
1653;300302;300301;1;1
1654;300303;124;2421;99
1655;300402;71;4231;1
1656;300403;150197;2;9
1657;300412;3;100137;1
1658;300413;116;2589;89
1659;300502;3;100167;1
1660;300503;3947;76;531
1661;301034;461;653;1
1662;301035;191;1576;19
1663;301054;3;100351;1
1664;301055;30091;10;145
1665;301200;53;5683;1
1666;301201;34;8858;29
1667;301230;227;1327;1
1668;301231;50177;6;169
1669;301400;7;43057;1
1670;301401;115;2620;101
1671;301502;301501;1;1
1672;301503;602;500;503
1673;302006;5;60401;1
1674;302007;44;6863;35
1675;302042;367;823;1
1676;302043;14;21574;7
1677;302050;3;100683;1
1678;302051;13;23234;9
1679;302060;23;13133;1
1680;302061;12;25171;9
1681;302070;47;6427;1
1682;302071;36;8390;31
1683;302102;317;953;1
1684;302103;326;926;227
1685;302330;302329;1;1
1686;302331;211;1432;179
1687;302510;229;1321;1
1688;302511;528;572;495
1689;303006;5;60601;1
1690;303007;8;37875;7
1691;303014;303013;1;1
1692;303015;151499;2;17
1693;303032;19;15949;1
1694;303033;28;10822;17
1695;303050;303049;1;1
1696;303051;37879;8;19
1697;303070;3;101023;1
1698;303071;75533;4;939
1699;304010;304009;1;1
1700;304011;26;11692;19
1701;304030;3;101343;1
1702;304031;85;3576;71
1703;304102;3;101367;1
1704;304103;59;5154;17
1705;304120;3;101373;1
1706;304121;1064;285;881
1707;305002;3;101667;1
1708;305003;67;4552;19
1709;305022;305021;1;1
1710;305023;6353;48;79
1711;305102;305101;1;1
1712;305103;1346;226;907
1713;306010;3;102003;1
1714;306011;134;2283;89
1715;306100;3;102033;1
1716;306101;50867;6;899
1717;307000;3;102333;1
1718;307001;173;1774;99
1719;307100;13;23623;1
1720;307101;3802;80;2941
1721;310042;3;103347;1
1722;310043;77509;4;7
1723;310050;310049;1;1
1724;310051;19;16318;9
1725;310060;3;103353;1
1726;310061;77513;4;9
1727;310070;149;2081;1
1728;310071;77509;4;35
1729;310106;5;62021;1
1730;310107;10;31010;7
1731;310114;3;103371;1
1732;310115;47;6598;9
1733;310124;11;28193;1
1734;310125;12;25843;9
1735;310134;103;3011;1
1736;310135;20;15506;15
1737;310150;3;103383;1
1738;310151;83;3736;63
1739;310214;19;16327;1
1740;310215;22157;14;17
1741;310232;310231;1;1
1742;310233;14;22159;7
1743;310240;3;103413;1
1744;310241;22;14101;19
1745;310260;449;691;1
1746;310261;19387;16;69
1747;310330;3;103443;1
1748;310331;77563;4;79
1749;310410;11;28219;1
1750;310411;24;12933;19
1751;310430;7;44347;1
1752;310431;7759;40;71
1753;310502;310501;1;1
1754;310503;22;14113;17
1755;310520;11;28229;1
1756;310521;155171;2;179
1757;310700;89;3491;1
1758;310701;12;25891;9
1759;310710;7;44387;1
1760;310711;4703;66;313
1761;311024;31;10033;1
1762;311025;40;7775;25
1763;311050;3;103683;1
1764;311051;34;9148;19
1765;311070;11;28279;1
1766;311071;25919;12;43
1767;311114;11;28283;1
1768;311115;37;8408;19
1769;311134;3;103711;1
1770;311135;8;38891;7
1771;311142;29;10729;1
1772;311143;73;4262;17
1773;311160;379;821;1
1774;311161;51853;6;43
1775;311204;311203;1;1
1776;311205;37;8410;35
1777;311240;19;16381;1
1778;311241;12;25936;9
1779;311250;409;761;1
1780;311251;155621;2;9
1781;311260;3;103753;1
1782;311261;9133;34;739
1783;312000;19;16421;1
1784;312001;22;14181;19
1785;312020;67;4657;1
1786;312021;8209;38;79
1787;312100;3;104033;1
1788;312101;3119;100;201
1789;312302;11;28391;1
1790;312303;1129;276;699
1791;313002;13;24077;1
1792;313003;21;14904;19
1793;313022;17;18413;1
1794;313023;4229;74;77
1795;313100;23;13613;1
1796;313101;12;26091;9
1797;313110;313109;1;1
1798;313111;156511;2;89
1799;313200;41;7639;1
1800;313201;178;1759;99
1801;313300;3;104433;1
1802;313301;2791;112;709
1803;314010;101;3109;1
1804;314011;96;3270;91
1805;314102;41;7661;1
1806;314103;1891;166;197
1807;314300;314299;1;1
1808;314301;784;400;701
1809;315002;19;16579;1
1810;315003;13121;24;99
1811;315102;67;4703;1
1812;315103;8;39387;7
1813;315110;315109;1;1
1814;315111;5258;59;4889
1815;320000;23;13913;1
1816;320001;26;12307;19
1817;320020;3;106673;1
1818;320021;120;2666;101
1819;320122;3;106707;1
1820;320123;89;3596;79
1821;320202;7;45743;1
1822;320203;24;13341;19
1823;320222;11;29111;1
1824;320223;8;40027;7
1825;320230;3;106743;1
1826;320231;80;4002;71
1827;320302;3;106767;1
1828;320303;26683;12;107
1829;320410;3;106803;1
1830;320411;104;3080;91
1831;320502;17;18853;1
1832;320503;512;625;503
1833;321006;5;64201;1
1834;321007;80221;4;123
1835;321130;3;107043;1
1836;321131;22;14596;19
1837;321150;23;13963;1
1838;321151;52;6175;51
1839;321202;3;107067;1
1840;321203;41;7834;9
1841;321212;11;29201;1
1842;321213;59;5444;17
1843;321230;139;2311;1
1844;321231;53527;6;69
1845;321300;11;29209;1
1846;321301;110;2920;101
1847;321402;331;971;1
1848;321403;40163;8;99
1849;321502;3;107167;1
1850;321503;8;40187;7
1851;321510;321509;1;1
1852;321511;20063;16;503
1853;322014;322013;1;1
1854;322015;8;40251;7
1855;322022;7;46003;1
1856;322023;233;1382;17
1857;322040;322039;1;1
1858;322041;68;4735;61
1859;322102;3;107367;1
1860;322103;233;1382;97
1861;322200;43;7493;1
1862;322201;2087;154;803
1863;323004;323003;1;1
1864;323005;80747;4;17
1865;323022;227;1423;1
1866;323023;87;3712;79
1867;323102;323101;1;1
1868;323103;8;40387;7
1869;323110;3;107703;1
1870;323111;161461;2;189
1871;323300;31;10429;1
1872;323301;1186;272;709
1873;324010;3;108003;1
1874;324011;40499;8;19
1875;324030;173;1873;1
1876;324031;1468;220;1071
1877;325102;3;108367;1
1878;325103;81049;4;907
1879;326010;17;19177;1
1880;326011;40739;8;99
1881;326110;3;108703;1
1882;326111;7741;42;989
1883;327100;3;109033;1
1884;327101;3377;96;2909
1885;330010;3;110003;1
1886;330011;160;2062;91
1887;330102;89;3709;1
1888;330103;55001;6;97
1889;330200;330199;1;1
1890;330201;925;356;901
1891;331102;3;110367;1
1892;331103;8;41387;7
1893;331110;17;19477;1
1894;331111;160561;2;9989
1895;341100;11;31009;1
1896;341101;269;1268;9
1897;341110;3;113703;1
1898;341111;1933;176;903
1899;342014;7;48859;1
1900;342015;9473;36;987
1901;343002;71;4831;1
1902;343003;12;28583;7
1903;343010;17;20177;1
1904;343011;11;31182;9
1905;343020;343019;1;1
1906;343021;29;11828;9
1907;343030;3;114343;1
1908;343031;85513;4;979
1909;344010;463;743;1
1910;344011;22;15636;19
1911;344030;7;49147;1
1912;344031;16903;20;5971
1913;350002;3;116667;1
1914;350003;103;3398;9
1915;350012;83;4217;1
1916;350013;34;10294;17
1917;350030;350029;1;1
1918;350031;104;3365;71
1919;350102;71;4931;1
1920;350103;962;363;897
1921;351000;11;31909;1
1922;351001;3373;104;209
1923;351210;157;2237;1
1924;351211;24;14633;19
1925;351230;351229;1;1
1926;351231;5651;62;869
1927;352100;11;32009;1
1928;352101;57367;6;7899
1929;360000;599;601;1
1930;360001;21;17142;19
1931;360020;11;32729;1
1932;360021;84;4285;81
1933;360102;7;51443;1
1934;360103;180043;2;17
1935;360120;131;2749;1
1936;360121;210;1714;181
1937;360302;571;631;1
1938;360303;5297;68;107
1939;360410;7;51487;1
1940;360411;9742;36;9699
1941;370110;31;11939;1
1942;370111;87553;4;19899
1943;390010;3;130003;1
1944;390011;122;3196;99
1945;390110;390109;1;1
1946;390111;6709;58;989
1947;391100;41;9539;1
1948;391101;31849;12;8913
1949;400014;607;659;1
1950;400015;30;13333;25
1951;400040;23;17393;1
1952;400041;12;33336;9
1953;400050;13;30773;1
1954;400051;139;2878;9
1955;400060;3;133353;1
1956;400061;200009;2;43
1957;400104;11;36373;1
1958;400105;16;25006;9
1959;400114;3;133371;1
1960;400115;14;28579;9
1961;400124;400123;1;1
1962;400125;122;3279;87
1963;400212;7;57173;1
1964;400213;42;9528;37
1965;400250;400249;1;1
1966;400251;70;5717;61
1967;400312;3;133437;1
1968;400313;24;16679;17
1969;400330;3;133443;1
1970;400331;22;18196;19
1971;400350;19;21071;1
1972;400351;18191;22;149
1973;400500;11;36409;1
1974;400501;542;738;505
1975;401006;5;80201;1
1976;401007;59;6796;43
1977;401050;3;133683;1
1978;401051;14321;28;63
1979;401114;401113;1;1
1980;401115;149;2692;7
1981;401122;3;133707;1
1982;401123;14;28651;9
1983;401132;367;1093;1
1984;401133;12;33427;9
1985;401142;13;30857;1
1986;401143;112;3581;71
1987;401214;421;953;1
1988;401215;10;40121;5
1989;401220;7;57317;1
1990;401221;131;3062;99
1991;401320;3;133773;1
1992;401321;16;25082;9
1993;401330;401329;1;1
1994;401331;211;1902;9
1995;401340;37;10847;1
1996;401341;200639;2;63
1997;401404;3;133801;1
1998;401405;745;538;595
1999;402000;13;30923;1
2000;402001;100493;4;29
2001;402030;402029;1;1
2002;402031;104;3865;71
2003;402102;7;57443;1
2004;402103;2791;144;199
2005;402302;37;10873;1
2006;402303;1366;294;699
2007;403002;403001;1;1
2008;403003;50363;8;99
2009;403102;3;134367;1
2010;403103;8;50387;7
2011;403110;7;57587;1
2012;403111;288;1399;199
2013;403310;403309;1;1
2014;403311;18251;22;1789
2015;405100;3;135033;1
2016;405101;101273;4;9
2017;405110;137;2957;1
2018;405111;1454;278;899
2019;406010;113;3593;1
2020;406011;20101;20;3991
2021;410002;3;136667;1
2022;410003;13;31538;9
2023;410012;7;58573;1
2024;410013;17;24118;7
2025;410020;3;136673;1
2026;410021;22769;18;179
2027;410200;3;136733;1
2028;410201;150;2734;101
2029;410302;3;136767;1
2030;410303;3593;114;701
2031;411004;3;137001;1
2032;411005;6;68500;5
2033;411010;3;137003;1
2034;411011;89;4618;9
2035;411020;7;58717;1
2036;411021;12;34251;9
2037;411030;31;13259;1
2038;411031;149;2758;89
2039;411120;411119;1;1
2040;411121;5407;76;189
2041;411310;3;137103;1
2042;411311;68437;6;689
2043;412000;3;137333;1
2044;412001;205991;2;19
2045;412020;412019;1;1
2046;412021;142;2901;79
2047;412100;412099;1;1
2048;412101;18691;22;899
2049;413000;257;1607;1
2050;413001;12;34416;9
2051;413010;413009;1;1
2052;413011;206501;2;9
2053;413020;3;137673;1
2054;413021;110;3754;81
2055;413102;13;31777;1
2056;413103;253;1632;207
2057;413310;13;31793;1
2058;413311;1923;214;1789
2059;415100;151;2749;1
2060;415101;5860;70;4901
2061;420002;420001;1;1
2062;420003;18;23333;9
2063;420012;263;1597;1
2064;420013;13;32308;9
2065;420022;3;140007;1
2066;420023;69991;6;77
2067;420100;3;140033;1
2068;420101;105;4000;101
2069;420202;3;140067;1
2070;420203;53;7928;19
2071;420222;420221;1;1
2072;420223;8753;48;79
2073;420302;7;60043;1
2074;420303;876;479;699
2075;421002;7;60143;1
2076;421003;24;17541;19
2077;421022;19;22159;1
2078;421023;8;52627;7
2079;421030;3;140343;1
2080;421031;8419;50;81
2081;421112;41;10271;1
2082;421113;94;4479;87
2083;421200;23;18313;1
2084;421201;71;5932;29
2085;421230;67;6287;1
2086;421231;10529;40;71
2087;421302;601;701;1
2088;421303;4297;98;197
2089;421500;13;32423;1
2090;421501;1231;342;499
2091;422000;479;881;1
2092;422001;117;3606;99
2093;422100;422099;1;1
2094;422101;210601;2;899
2095;423000;131;3229;1
2096;423001;4229;100;101
2097;423102;7;60443;1
2098;423103;69367;6;6901
2099;430004;7;61429;1
2100;430005;26;16538;17
2101;430022;487;883;1
2102;430023;67;6418;17
2103;430040;199;2161;1
2104;430041;1262;340;961
2105;431002;3;143667;1
2106;431003;19;22684;7
2107;431010;283;1523;1
2108;431011;11;39182;9
2109;431020;3;143673;1
2110;431021;277;1556;9
2111;431030;431029;1;1
2112;431031;15359;28;979
2113;432010;3;144003;1
2114;432011;22;19636;19
2115;432030;13;33233;1
2116;432031;10799;40;71
2117;432102;23;18787;1
2118;432103;37;11678;17
2119;432120;601;719;1
2120;432121;30803;14;879
2121;433000;3;144333;1
2122;433001;14;30928;9
2123;433010;569;761;1
2124;433011;72167;6;9
2125;433020;173;2503;1
2126;433021;118;3669;79
2127;433100;433099;1;1
2128;433101;11;39372;9
2129;433110;17;25477;1
2130;433111;1034;418;899
2131;434010;434009;1;1
2132;434011;361;1202;89
2133;434100;107;4057;1
2134;434101;8564;50;5901
2135;440002;3;146667;1
2136;440003;17;25882;9
2137;440012;11;40001;1
2138;440013;12;36667;9
2139;440022;19;23159;1
2140;440023;92;4782;79
2141;440102;440101;1;1
2142;440103;293;1502;17
2143;440120;103;4273;1
2144;440121;220021;2;79
2145;440200;3;146733;1
2146;440201;16;27512;9
2147;440210;7;62887;1
2148;440211;14;31443;9
2149;440220;13;33863;1
2150;440221;1831;240;781
2151;441002;11;40091;1
2152;441003;199;2216;19
2153;441022;3;147007;1
2154;441023;99;4454;77
2155;441100;3;147033;1
2156;441101;110273;4;9
2157;441110;441109;1;1
2158;441111;220511;2;89
2159;441200;11;40109;1
2160;441201;73517;6;99
2161;441300;37;11927;1
2162;441301;220301;2;699
2163;442000;3;147333;1
2164;442001;36;12277;29
2165;442030;3;147343;1
2166;442031;220931;2;169
2167;442200;229;1931;1
2168;442201;4421;100;101
2169;442302;19;23279;1
2170;442303;8048;54;7711
2171;450014;619;727;1
2172;450015;8;56251;7
2173;450022;3;150007;1
2174;450023;179;2514;17
2175;450040;3;150013;1
2176;450041;149;3020;61
2177;450102;450101;1;1
2178;450103;179;2514;97
2179;450200;450199;1;1
2180;450201;6073;74;799
2181;451000;3;150333;1
2182;451001;216001;2;18999
2183;470000;17;27647;1
2184;470001;78167;6;999
2185;471000;470999;1;1
2186;471001;75167;6;19999
2187;491000;29;16931;1
2188;491001;9269;52;9013
2189;500014;3;166671;1
2190;500015;41659;12;107
2191;500122;3;166707;1
2192;500123;125029;4;7
2193;500130;7;71447;1
2194;500131;14;35723;9
2195;500140;3;166713;1
2196;500141;97;5156;9
2197;500150;13;38473;1
2198;500151;250049;2;53
2199;500204;11;45473;1
2200;500205;12;41683;9
2201;500214;7;71459;1
2202;500215;15629;32;87
2203;500302;3;166767;1
2204;500303;35729;14;97
2205;500400;311;1609;1
2206;500401;117;4276;109
2207;500510;500509;1;1
2208;500511;247;2026;89
2209;500600;11;45509;1
2210;500601;83417;6;99
2211;500700;500699;1;1
2212;500701;4549;110;311
2213;501012;7;71573;1
2214;501013;42;11928;37
2215;501050;19;26371;1
2216;501051;83;6036;63
2217;501114;313;1601;1
2218;501115;20;25055;15
2219;501130;3;167043;1
2220;501131;62639;8;19
2221;501150;11;45559;1
2222;501151;112;4474;63
2223;501214;3;167071;1
2224;501215;8;62651;7
2225;501222;7;71603;1
2226;501223;131;3826;17
2227;501240;19;26381;1
2228;501241;8353;60;61
2229;501302;31;16171;1
2230;501303;131;3826;97
2231;501400;3;167133;1
2232;501401;1039;482;603
2233;502004;241;2083;1
2234;502005;38;13210;25
2235;502030;3;167343;1
2236;502031;102;4921;89
2237;502120;3;167373;1
2238;502121;13;38624;9
2239;502130;17;29537;1
2240;502131;53;9474;9
2241;502140;11;45649;1
2242;502141;97;5176;69
2243;502210;3;167403;1
2244;502211;293;1714;9
2245;502220;173;2903;1
2246;502221;12;41851;9
2247;502230;7;71747;1
2248;502231;251081;2;69
2249;502300;3;167433;1
2250;502301;4649;108;209
2251;502510;3;167503;1
2252;502511;1201;418;493
2253;503004;503003;1;1
2254;503005;83833;6;7
2255;503012;677;743;1
2256;503013;10477;48;117
2257;503130;11;45739;1
2258;503131;35933;14;69
2259;503200;3;167733;1
2260;503201;47;10706;19
2261;503220;419;1201;1
2262;503221;2243;224;789
2263;504010;3;168003;1
2264;504011;73;6904;19
2265;504030;31;16259;1
2266;504031;10499;48;79
2267;504110;97;5197;1
2268;504111;83987;6;189
2269;504300;504299;1;1
2270;504301;139;3628;9
2271;504310;3;168103;1
2272;504311;882;571;689
2273;505000;3;168333;1
2274;505001;16;31562;9
2275;505010;103;4903;1
2276;505011;17;29706;9
2277;505020;17;29707;1
2278;505021;232;2176;189
2279;505210;3;168403;1
2280;505211;103;4904;99
2281;505310;7;72187;1
2282;505311;9343;54;789
2283;506100;11;46009;1
2284;506101;2501;202;899
2285;507000;506999;1;1
2286;507001;23041;22;99
2287;507100;3;169033;1
2288;507101;126047;4;2913
2289;510014;7;72859;1
2290;510015;10;51001;5
2291;510020;53;9623;1
2292;510021;114;4473;99
2293;510120;17;30007;1
2294;510121;16;31882;9
2295;510130;3;170043;1
2296;510131;41;12442;9
2297;510140;7;72877;1
2298;510141;151;3378;63
2299;510204;510203;1;1
2300;510205;128;3985;125
2301;510330;179;2851;1
2302;510331;101;5052;79
2303;510410;41;12449;1
2304;510411;63799;8;19
2305;510430;3;170143;1
2306;510431;6373;80;591
2307;511022;7;73003;1
2308;511023;142;3598;107
2309;511130;23;22223;1
2310;511131;92;5555;71
2311;511202;511201;1;1
2312;511203;85199;6;9
2313;511212;511211;1;1
2314;511213;227;2252;9
2315;511222;3;170407;1
2316;511223;146;3501;77
2317;511300;3;170433;1
2318;511301;233;2194;99
2319;511400;7;73057;1
2320;511401;12;42616;9
2321;511410;511409;1;1
2322;511411;241;2122;9
2323;511420;3;170473;1
2324;511421;255371;2;679
2325;512100;7;73157;1
2326;512101;42641;12;409
2327;512510;23;22283;1
2328;512511;611;838;493
2329;513004;3;171001;1
2330;513005;11;46636;9
2331;513014;513013;1;1
2332;513015;110;4663;85
2333;513100;3;171033;1
2334;513101;128273;4;9
2335;513110;513109;1;1
2336;513111;42751;12;99
2337;513210;19;27011;1
2338;513211;1352;379;803
2339;514014;514013;1;1
2340;514015;8;64251;7
2341;514022;514021;1;1
2342;514023;257003;2;17
2343;514040;47;10937;1
2344;514041;108;4759;69
2345;514110;523;983;1
2346;514111;293;1754;189
2347;514300;3;171433;1
2348;514301;1493;344;709
2349;515010;11;46819;1
2350;515011;257501;2;9
2351;515020;3;171673;1
2352;515021;199;2588;9
2353;515030;67;7687;1
2354;515031;28559;18;969
2355;516000;11;46909;1
2356;516001;23;22434;19
2357;516020;7;73717;1
2358;516021;18287;28;3985
2359;520006;3;173335;1
2360;520007;30;17333;17
2361;520024;3;173341;1
2362;520025;260009;2;7
2363;520032;520031;1;1
2364;520033;22;23637;19
2365;520052;7;74293;1
2366;520053;64;8125;53
2367;520106;5;104021;1
2368;520107;65011;8;19
2369;520126;3;173375;1
2370;520127;6;86687;5
2371;520132;3;173377;1
2372;520133;16253;32;37
2373;520170;13;40013;1
2374;520171;24;21673;19
2375;520190;137;3797;1
2376;520191;120;4334;111
2377;520302;53;9817;1
2378;520303;188;2767;107
2379;520410;520409;1;1
2380;520411;104;5003;99
2381;520510;3;173503;1
2382;520511;353;1474;189
2383;520700;520699;1;1
2384;520701;414;1257;303
2385;521004;7;74429;1
2386;521005;14;37214;9
2387;521014;3;173671;1
2388;521015;38;13710;35
2389;521050;3;173683;1
2390;521051;106;4915;61
2391;521112;23;22657;1
2392;521113;86851;6;7
2393;521120;521119;1;1
2394;521121;260551;2;19
2395;521140;3;173713;1
2396;521141;260539;2;63
2397;521204;17;30659;1
2398;521205;155;3362;95
2399;521300;521299;1;1
2400;521301;106;4917;99
2401;521400;521399;1;1
2402;521401;43399;12;613
2403;522014;337;1549;1
2404;522015;8;65251;7
2405;522022;3;174007;1
2406;522023;19;27474;17
2407;522040;3;174013;1
2408;522041;8419;62;63
2409;522104;53;9851;1
2410;522105;18;29005;15
2411;522120;13;40163;1
2412;522121;16;32632;9
2413;522130;3;174043;1
2414;522131;261061;2;9
2415;522140;19;27481;1
2416;522141;87013;6;63
2417;522204;11;47473;1
2418;522205;9;58022;7
2419;522212;522211;1;1
2420;522213;99;5274;87
2421;522300;41;12739;1
2422;522301;130399;4;705
2423;523006;3;174335;1
2424;523007;4;130751;3
2425;523010;43;12163;1
2426;523011;67;7806;9
2427;523020;7;74717;1
2428;523021;14;37358;9
2429;523030;3;174343;1
2430;523031;12451;42;89
2431;523120;3;174373;1
2432;523121;20117;26;79
2433;523200;71;7369;1
2434;523201;22;23781;19
2435;523220;523219;1;1
2436;523221;997;524;793
2437;524014;3;174671;1
2438;524015;158;3316;87
2439;524102;23;22787;1
2440;524103;31;16906;17
2441;524120;524119;1;1
2442;524121;88;5955;81
2443;524202;524201;1;1
2444;524203;24;21841;19
2445;524222;524221;1;1
2446;524223;8099;64;5887
2447;530110;3;176703;1
2448;530111;11823;44;9899
2449;540010;3;180003;1
2450;540011;67499;8;19
2451;540030;7;77147;1
2452;540031;84;6428;79
2453;540110;23;23483;1
2454;540111;60026;8;59903
2455;600014;53;11321;1
2456;600015;59999;10;25
2457;600040;3;200013;1
2458;600041;16;37502;9
2459;600050;17;35297;1
2460;600051;97;6186;9
2461;600060;547;1097;1
2462;600061;63;9524;49
2463;600110;600109;1;1
2464;600111;33329;18;189
2465;600300;7;85757;1
2466;600301;11;54572;9
2467;600310;3;200103;1
2468;600311;759;790;701
2469;601012;3;200337;1
2470;601013;22;27318;17
2471;601030;3;200343;1
2472;601031;276;2177;179
2473;601210;3;200403;1
2474;601211;116;5182;99
2475;601310;601309;1;1
2476;601311;1018;590;691
2477;602002;3;200667;1
2478;602003;300997;2;9
2479;602012;29;20759;1
2480;602013;181;3326;7
2481;602020;3;200673;1
2482;602021;1366;440;981
2483;603002;7;86143;1
2484;603003;25121;24;99
2485;603102;603101;1;1
2486;603103;8;75387;7
2487;603110;13;46393;1
2488;603111;962;626;899
2489;604010;7;86287;1
2490;604011;103;5864;19
2491;604030;3;201343;1
2492;604031;37747;16;79
2493;604110;11;54919;1
2494;604111;9347;64;5903
2495;610014;47;12979;1
2496;610015;8;76251;7
2497;610022;271;2251;1
2498;610023;23;26522;17
2499;610040;41;14879;1
2500;610041;193;3160;161
2501;610202;47;12983;1
2502;610203;79;7724;7
2503;610210;3;203403;1
2504;610211;305101;2;9
2505;610220;610219;1;1
2506;610221;12;50851;9
2507;610230;610229;1;1
2508;610231;983;620;771
2509;611002;3;203667;1
2510;611003;134;4559;97
2511;611100;17;35947;1
2512;611101;152723;4;209
2513;611310;509;1201;1
2514;611311;1042;586;699
2515;612010;3;204003;1
2516;612011;227;2696;19
2517;612030;11;55639;1
2518;612031;9257;66;1069
2519;613100;613099;1;1
2520;613101;12;51091;9
2521;613110;7;87587;1
2522;613111;3733;164;899
2523;614010;11;55819;1
2524;614011;104;5903;99
2525;614110;3;204703;1
2526;614111;12671;48;5903
2527;620014;3;206671;1
2528;620015;94;6595;85
2529;620100;620099;1;1
2530;620101;7561;82;99
2531;620200;3;206733;1
2532;620201;16;38762;9
2533;620210;431;1439;1
2534;620211;11;56382;9
2535;620220;67;9257;1
2536;620221;224;2768;189
2537;620410;3;206803;1
2538;620411;106;5852;99
2539;620510;97;6397;1
2540;620511;580;1069;491
2541;621002;53;11717;1
2542;621003;26;23884;19
2543;621022;3;207007;1
2544;621023;8;77627;7
2545;621030;621029;1;1
2546;621031;310481;2;69
2547;621100;3;207033;1
2548;621101;23;27004;9
2549;621110;41;15149;1
2550;621111;239;2598;189
2551;621300;7;88757;1
2552;621301;725;856;701
2553;622002;661;941;1
2554;622003;310997;2;9
2555;622012;3;207337;1
2556;622013;34;18294;17
2557;622030;3;207343;1
2558;622031;86;7232;79
2559;622110;622109;1;1
2560;622111;16369;38;89
2561;622200;89;6991;1
2562;622201;142;4381;99
2563;622300;3;207433;1
2564;622301;8780;70;7701
2565;630002;67;9403;1
2566;630003;104999;6;9
2567;630012;53;11887;1
2568;630013;121;5206;87
2569;630100;3;210033;1
2570;630101;118;5339;99
2571;630200;29;21731;1
2572;630201;44243;14;10799
2573;641000;179;3581;1
2574;641001;11;58272;9
2575;641010;83;7723;1
2576;641011;17;37706;9
2577;641020;3;213673;1
2578;641021;315971;2;9079
2579;650100;650099;1;1
2580;650101;1082;600;901
2581;651002;13;50077;1
2582;651003;325453;2;97
2583;651100;3;217033;1
2584;651101;150547;4;48913
2585;700014;379;1847;1
2586;700015;15907;44;107
2587;700122;373;1877;1
2588;700123;12;58343;7
2589;700130;700129;1;1
2590;700131;116687;6;9
2591;700140;11;63649;1
2592;700141;101;6932;9
2593;700150;3;233383;1
2594;700151;100;7001;51
2595;700202;700201;1;1
2596;700203;87523;8;19
2597;700222;3;233407;1
2598;700223;43759;16;79
2599;700302;7;100043;1
2600;700303;193;3628;99
2601;700402;3;233467;1
2602;700403;47;14902;9
2603;700412;163;4297;1
2604;700413;349913;2;587
2605;701000;13;53923;1
2606;701001;12;58416;9
2607;701010;701009;1;1
2608;701011;37;18946;9
2609;701020;3;233673;1
2610;701021;101;6940;81
2611;701102;83;8447;1
2612;701103;350453;2;197
2613;701300;701299;1;1
2614;701301;2383;294;699
2615;702000;151;4649;1
2616;702001;11321;62;99
2617;702100;3;234033;1
2618;702101;104;6750;101
2619;702202;3;234067;1
2620;702203;351053;2;97
2621;702300;13;54023;1
2622;702301;1150;610;801
2623;703102;3;234367;1
2624;703103;14627;48;1007
2625;704110;3;234703;1
2626;704111;6234;112;5903
2627;710014;3;236671;1
2628;710015;16;44375;15
2629;710030;47;15107;1
2630;710031;354971;2;89
2631;710120;710119;1;1
2632;710121;12;59176;9
2633;710130;7;101447;1
2634;710131;14;50723;9
2635;710140;3;236713;1
2636;710141;103;6894;59
2637;710200;3;236733;1
2638;710201;359;1978;99
2639;710300;710299;1;1
2640;710301;800;887;701
2641;711002;711001;1;1
2642;711003;11;64636;7
2643;711010;3;237003;1
2644;711011;355501;2;9
2645;711020;711019;1;1
2646;711021;12;59251;9
2647;711030;11;64639;1
2648;711031;88;8079;79
2649;711110;7;101587;1
2650;711111;177553;4;899
2651;712010;67;10627;1
2652;712011;61;11672;19
2653;712030;3;237343;1
2654;712031;127;5606;69
2655;712100;227;3137;1
2656;712101;117367;6;7899
2657;720000;7;102857;1
2658;720001;27;26666;19
2659;720020;720019;1;1
2660;720021;8999;80;101
2661;720122;43;16747;1
2662;720123;360023;2;77
2663;720200;23;31313;1
2664;720201;11;65472;9
2665;720210;7;102887;1
2666;720211;14;51443;9
2667;720220;3;240073;1
2668;720221;36007;20;81
2669;720302;720301;1;1
2670;720303;208;3462;207
2671;720510;607;1187;1
2672;720511;15126;47;9589
2673;730100;17;42947;1
2674;730101;364601;2;899
2675;731000;730999;1;1
2676;731001;122;5991;99
2677;731100;491;1489;1
2678;731101;33862;21;19999
2679;751100;31;24229;1
2680;751101;22881;32;18909
2681;770010;31;24839;1
2682;770011;369961;2;30089
2683;800100;59;13561;1
2684;800101;399601;2;899
2685;801000;800999;1;1
2686;801001;16;50062;9
2687;801010;3;267003;1
2688;801011;19;42158;9
2689;801020;801019;1;1
2690;801021;1087;736;989
2691;802010;13;61693;1
2692;802011;33413;24;99
2693;802110;7;114587;1
2694;802111;36451;22;189
2695;802300;3;267433;1
2696;802301;14713;54;7799
2697;810100;3;270033;1
2698;810101;31123;26;903
2699;811004;23;35261;1
2700;811005;180499;4;89009
2701;900014;23;39131;1
2702;900015;112;8035;95
2703;900110;7;128587;1
2704;900111;450011;2;89
2705;900200;229;3931;1
2706;900201;12;75016;9
2707;900210;31;29039;1
2708;900211;450101;2;9
2709;900220;3;300073;1
2710;900221;450071;2;79
2711;900300;61;14759;1
2712;900301;173;5204;9
2713;900310;3;300103;1
2714;900311;785;1146;701
2715;901012;3;300337;1
2716;901013;56311;16;37
2717;901050;137;6577;1
2718;901051;20477;44;63
2719;901114;3;300371;1
2720;901115;1030;874;895
2721;902010;902009;1;1
2722;902011;148;6094;99
2723;902110;3;300703;1
2724;902111;1487;606;989
2725;903100;3;301033;1
2726;903101;49789;18;6899
2727;910000;3;303333;1
2728;910001;227473;4;109
2729;910110;910109;1;1
2730;910111;455011;2;89
2731;910200;910199;1;1
2732;910201;113;8054;99
2733;910300;3;303433;1
2734;910301;863;1054;699
2735;911000;67;13597;1
2736;911001;227473;4;1109
2737;912110;11;82919;1
2738;912111;72851;12;37899
2739;950010;950009;1;1
2740;950011;150001;6;50005
2741;1000016;5;200003;1
2742;1000017;44;22727;29
2743;1000046;5;200009;1
2744;1000047;53;18868;43
2745;1000090;3;333363;1
2746;1000091;166679;6;17
2747;1000108;3;333369;1
2748;1000109;10;100010;9
2749;1000118;1000117;1;1
2750;1000119;38;26318;35
2751;1000154;7;142879;1
2752;1000155;250037;4;7
2753;1000162;3;333387;1
2754;1000163;41;24394;9
2755;1000172;1000171;1;1
2756;1000173;11;90924;9
2757;1000182;7;142883;1
2758;1000183;92;10871;51
2759;1000234;3;333411;1
2760;1000235;28;35722;19
2761;1000254;1000253;1;1
2762;1000255;10;100025;5
2763;1000260;13;76943;1
2764;1000261;250051;4;57
2765;1000318;3;333439;1
2766;1000319;16;62519;15
2767;1000334;1000333;1;1
2768;1000335;67;14930;25
2769;1000360;3;333453;1
2770;1000361;16;62522;9
2771;1000370;19;52651;1
2772;1000371;11;90942;9
2773;1000380;127;7877;1
2774;1000381;166723;6;43
2775;1000424;1000423;1;1
2776;1000425;12;83368;9
2777;1000434;7;142919;1
2778;1000435;14;71459;9
2779;1000444;3;333481;1
2780;1000445;155;6454;75
2781;1000520;13;76963;1
2782;1000521;12;83376;9
2783;1000530;29;34501;1
2784;1000531;59;16958;9
2785;1000540;3;333513;1
2786;1000541;50023;20;81
2787;1000622;1000621;1;1
2788;1000623;94;10644;87
2789;1000710;131;7639;1
2790;1000711;71473;14;89
2791;1000800;23;43513;1
2792;1000801;27;37066;19
2793;1000820;29;34511;1
2794;1000821;16141;62;79
2795;1000900;3;333633;1
2796;1000901;62549;16;117
2797;1001018;1001017;1;1
2798;1001019;7;143002;5
2799;1001024;1001023;1;1
2800;1001025;23;43522;19
2801;1001044;3;333681;1
2802;1001045;62563;16;37
2803;1001082;1001081;1;1
2804;1001083;125131;8;35
2805;1001118;13;77009;1
2806;1001119;8;125139;7
2807;1001126;5;200225;1
2808;1001127;19;52690;17
2809;1001144;11;91013;1
2810;1001145;125141;8;17
2811;1001162;7;143023;1
2812;1001163;23;43528;19
2813;1001182;3;333727;1
2814;1001183;8;125147;7
2815;1001190;7;143027;1
2816;1001191;500587;2;17
2817;1001208;31;32297;1
2818;1001209;38;26347;23
2819;1001232;7;143033;1
2820;1001233;250301;4;29
2821;1001262;41;24421;1
2822;1001263;80;12515;63
2823;1001326;3;333775;1
2824;1001327;193;5188;43
2825;1001370;1001369;1;1
2826;1001371;77;13004;63
2827;1001434;3;333811;1
2828;1001435;29;34532;7
2829;1001442;7;143063;1
2830;1001443;14;71531;9
2831;1001452;3;333817;1
2832;1001453;250361;4;9
2833;1001462;353;2837;1
2834;1001463;121;8276;67
2835;1001530;3;333843;1
2836;1001531;13177;76;79
2837;1001610;7;143087;1
2838;1001611;24;41733;19
2839;1001630;1001629;1;1
2840;1001631;73;13720;71
2841;1001702;37;27073;1
2842;1001703;71549;14;17
2843;1001720;23;43553;1
2844;1001721;619;1618;179
2845;1001900;47;21317;1
2846;1001901;12;83491;9
2847;1001910;277;3617;1
2848;1001911;163;6146;113
2849;1002024;11;91093;1
2850;1002025;16;62626;9
2851;1002034;3;334011;1
2852;1002035;501013;2;9
2853;1002044;7;143149;1
2854;1002045;397;2524;17
2855;1002062;1002061;1;1
2856;1002063;46;21783;45
2857;1002108;97;10331;1
2858;1002109;8;125263;5
2859;1002114;7;143159;1
2860;1002115;14;71579;9
2861;1002124;3;334041;1
2862;1002125;17;58948;9
2863;1002134;11;91103;1
2864;1002135;46;21785;25
2865;1002160;3;334053;1
2866;1002161;26371;38;63
2867;1002224;101;9923;1
2868;1002225;40;25055;25
2869;1002250;3;334083;1
2870;1002251;22;45556;19
2871;1002270;17;58957;1
2872;1002271;47;21324;43
2873;1002314;13;77101;1
2874;1002315;125287;8;19
2875;1002334;3;334111;1
2876;1002335;8;125291;7
2877;1002342;1002341;1;1
2878;1002343;19;52754;17
2879;1002360;1002359;1;1
2880;1002361;89;11262;43
2881;1002404;1002403;1;1
2882;1002405;100237;10;35
2883;1002440;17;58967;1
2884;1002441;12;83536;9
2885;1002450;7;143207;1
2886;1002451;14;71603;9
2887;1002460;3;334153;1
2888;1002461;29483;34;39
2889;1002500;103;9733;1
2890;1002501;112;8950;101
2891;1002602;53;18917;1
2892;1002603;22;45572;19
2893;1002622;3;334207;1
2894;1002623;62659;16;79
2895;1002702;7;143243;1
2896;1002703;122;8218;107
2897;1002810;1002809;1;1
2898;1002811;125339;8;99
2899;1002910;3;334303;1
2900;1002911;124;8087;123
2901;1003034;37;27109;1
2902;1003035;13;77156;7
2903;1003042;3;334347;1
2904;1003043;17;59002;9
2905;1003052;7;143293;1
2906;1003053;12;83587;9
2907;1003062;43;23327;1
2908;1003063;60;16717;43
2909;1003106;5;200621;1
2910;1003107;31;32358;9
2911;1003116;5;200623;1
2912;1003117;250777;4;9
2913;1003126;3;334375;1
2914;1003127;22;45596;15
2915;1003142;1003141;1;1
2916;1003143;501563;2;17
2917;1003160;71;14129;1
2918;1003161;179;5604;45
2919;1003206;5;200641;1
2920;1003207;43;23330;17
2921;1003224;13;77171;1
2922;1003225;37;27114;7
2923;1003232;389;2579;1
2924;1003233;23;43618;19
2925;1003252;3;334417;1
2926;1003253;501601;2;51
2927;1003304;7;143329;1
2928;1003305;12;83608;9
2929;1003314;29;34597;1
2930;1003315;17;59018;9
2931;1003324;3;334441;1
2932;1003325;83609;12;17
2933;1003342;3;334447;1
2934;1003343;71663;14;61
2935;1003404;37;27119;1
2936;1003405;53;18932;9
2937;1003414;3;334471;1
2938;1003415;38;26405;25
2939;1003440;31;32369;1
2940;1003441;367;2734;63
2941;1003504;3;334501;1
2942;1003505;254;3950;205
2943;1003710;7;143387;1
2944;1003711;4733;212;315
2945;1004026;3;334675;1
2946;1004027;501971;2;85
2947;1004112;23;43657;1
2948;1004113;283;3548;29
2949;1004142;1004141;1;1
2950;1004143;71;14142;61
2951;1004204;23;43661;1
2952;1004205;12;83683;9
2953;1004214;7;143459;1
2954;1004215;37;27140;35
2955;1004250;23;43663;1
2956;1004251;82;12246;79
2957;1004330;157;6397;1
2958;1004331;125539;8;19
2959;1004350;3;334783;1
2960;1004351;64;15692;63
2961;1004414;449;2237;1
2962;1004415;16;62775;15
2963;1004430;1004429;1;1
2964;1004431;502171;2;89
2965;1004520;461;2179;1
2966;1004521;16;62782;9
2967;1004530;3;334843;1
2968;1004531;502261;2;9
2969;1004540;757;1327;1
2970;1004541;62753;16;493
2971;1005034;3;335011;1
2972;1005035;125627;8;19
2973;1005054;7;143579;1
2974;1005055;86;11686;59
2975;1005114;31;32423;1
2976;1005115;10;100511;5
2977;1005120;19;52901;1
2978;1005121;21;47862;19
2979;1005140;271;3709;1
2980;1005141;74;13582;73
2981;1005214;3;335071;1
2982;1005215;8;125651;7
2983;1005222;7;143603;1
2984;1005223;31;32426;17
2985;1005240;1005239;1;1
2986;1005241;541;1858;63
2987;1005304;3;335101;1
2988;1005305;251297;4;117
2989;1005422;479;2099;1
2990;1005423;19333;52;107
2991;1005530;7;143647;1
2992;1005531;512;1963;475
2993;1006006;3;335335;1
2994;1006007;44;22863;35
2995;1006042;3;335347;1
2996;1006043;163;6172;7
2997;1006050;11;91459;1
2998;1006051;661;1522;9
2999;1006060;3;335353;1
3000;1006061;251513;4;9
3001;1006070;19;52951;1
3002;1006071;677;1486;49
3003;1006120;3;335373;1
3004;1006121;16;62882;9
3005;1006130;47;21407;1
3006;1006131;13;77394;9
3007;1006140;67;15017;1
3008;1006141;503039;2;63
3009;1006204;3;335401;1
3010;1006205;6;167700;5
3011;1006210;3;335403;1
3012;1006211;19;52958;9
3013;1006220;1006219;1;1
3014;1006221;12;83851;9
3015;1006230;7;143747;1
3016;1006231;487;2066;89
3017;1006320;23;43753;1
3018;1006321;146;6892;89
3019;1006410;733;1373;1
3020;1006411;24;41933;19
3021;1006430;239;4211;1
3022;1006431;98;10269;69
3023;1006500;13;77423;1
3024;1006501;83833;12;505
3025;1007006;5;201401;1
3026;1007007;8;125875;7
3027;1007014;3;335671;1
3028;1007015;157;6414;17
3029;1007032;3;335677;1
3030;1007033;24;41959;17
3031;1007050;3;335683;1
3032;1007051;23;43784;19
3033;1007070;7;143867;1
3034;1007071;68;14809;59
3035;1007130;1007129;1;1
3036;1007131;86;11710;71
3037;1007202;13;77477;1
3038;1007203;139;7246;9
3039;1007212;3;335737;1
3040;1007213;11;91564;9
3041;1007222;31;32491;1
3042;1007223;134;7516;79
3043;1007302;3;335767;1
3044;1007303;21;47966;17
3045;1007320;3;335773;1
3046;1007321;503621;2;79
3047;1007400;19;53021;1
3048;1007401;16;62962;9
3049;1007410;3;335803;1
3050;1007411;11;91582;9
3051;1007420;7;143917;1
3052;1007421;98;10279;79
3053;1007500;3;335833;1
3054;1007501;23;43804;9
3055;1007510;503;2003;1
3056;1007511;38747;26;89
3057;1007600;1007599;1;1
3058;1007601;125899;8;409
3059;1008010;3;336003;1
3060;1008011;163;6184;19
3061;1008030;11;91639;1
3062;1008031;113;8920;71
3063;1008102;1008101;1;1
3064;1008103;61;16526;17
3065;1008120;7;144017;1
3066;1008121;1192;845;881
3067;1009002;7;144143;1
3068;1009003;24;42041;19
3069;1009022;13;77617;1
3070;1009023;63059;16;79
3071;1009102;3;336367;1
3072;1009103;1228;821;915
3073;1010018;271;3727;1
3074;1010019;10;101001;9
3075;1010028;43;23489;1
3076;1010029;10;101002;9
3077;1010038;3;336679;1
3078;1010039;251;4024;15
3079;1010054;11;91823;1
3080;1010055;34;29707;17
3081;1010072;149;6779;1
3082;1010073;505033;2;7
3083;1010080;3;336693;1
3084;1010081;36073;28;37
3085;1010118;41;24637;1
3086;1010119;505051;2;17
3087;1010136;5;202027;1
3088;1010137;10;101013;7
3089;1010144;1010143;1;1
3090;1010145;26;38851;19
3091;1010164;3;336721;1
3092;1010165;102;9903;59
3093;1010224;3;336741;1
3094;1010225;24;42092;17
3095;1010242;3;336747;1
3096;1010243;505117;2;9
3097;1010252;11;91841;1
3098;1010253;12;84187;9
3099;1010262;7;144323;1
3100;1010263;505111;2;41
3101;1010304;7;144329;1
3102;1010305;27;37418;19
3103;1010324;199;5077;1
3104;1010325;233;4336;37
3105;1010362;3;336787;1
3106;1010363;100;10103;63
3107;1010426;5;202085;1
3108;1010427;31;32594;13
3109;1010440;3;336813;1
3110;1010441;16;63152;9
3111;1010450;11;91859;1
3112;1010451;83;12174;9
3113;1010460;23;43933;1
3114;1010461;58;17421;43
3115;1010504;13;77731;1
3116;1010505;12;84208;9
3117;1010514;7;144359;1
3118;1010515;14;72179;9
3119;1010524;3;336841;1
3120;1010525;149;6782;7
3121;1010532;17;59443;1
3122;1010533;110;9186;73
3123;1010606;5;202121;1
3124;1010607;46;21969;33
3125;1010640;7;144377;1
3126;1010641;73;13844;29
3127;1010670;11;91879;1
3128;1010671;40;25266;31
3129;1010702;17;59453;1
3130;1010703;106;9534;99
3131;1010802;11;91891;1
3132;1010803;151;6694;9
3133;1010812;3;336937;1
3134;1010813;93;10868;89
3135;1010902;3;336967;1
3136;1010903;118;8566;115
3137;1011018;7;144431;1
3138;1011019;20;50550;19
3139;1011038;1011037;1;1
3140;1011039;8;126379;7
3141;1011046;3;337015;1
3142;1011047;30;33701;17
3143;1011064;3;337021;1
3144;1011065;25;40442;15
3145;1011080;1011079;1;1
3146;1011081;12;84256;9
3147;1011090;163;6203;1
3148;1011091;505537;2;17
3149;1011108;1011107;1;1
3150;1011109;505537;2;35
3151;1011144;7;144449;1
3152;1011145;14;72224;9
3153;1011154;3;337051;1
3154;1011155;505573;2;9
3155;1011164;1011163;1;1
3156;1011165;31;32618;7
3157;1011172;3;337057;1
3158;1011173;52;19445;33
3159;1011206;5;202241;1
3160;1011207;101119;10;17
3161;1011224;743;1361;1
3162;1011225;13;77786;7
3163;1011232;3;337077;1
3164;1011233;505607;2;19
3165;1011252;31;32621;1
3166;1011253;241;4196;17
3167;1011270;7;144467;1
3168;1011271;505613;2;45
3169;1011316;3;337105;1
3170;1011317;109;9278;15
3171;1011332;1011331;1;1
3172;1011333;44;22984;37
3173;1011370;3;337123;1
3174;1011371;167;6056;19
3175;1011390;19;53231;1
3176;1011391;52;19449;43
3177;1011434;29;34877;1
3178;1011435;28;36122;19
3179;1011454;3;337151;1
3180;1011455;62;16313;49
3181;1011504;19;53237;1
3182;1011505;32;31609;17
3183;1011522;7;144503;1
3184;1011523;14;72251;9
3185;1011532;3;337177;1
3186;1011533;252881;4;9
3187;1011542;19;53239;1
3188;1011543;523;1934;61
3189;1011604;3;337201;1
3190;1011605;68;14876;37
3191;1011642;1011641;1;1
3192;1011643;74;13670;63
3193;1011706;3;337235;1
3194;1011707;72251;14;193
3195;1011900;7;144557;1
3196;1011901;15809;64;125
3197;1012026;5;202405;1
3198;1012027;11;92002;5
3199;1012032;1012031;1;1
3200;1012033;27;37482;19
3201;1012052;47;21533;1
3202;1012053;38;26632;37
3203;1012090;3;337363;1
3204;1012091;26;38926;15
3205;1012106;5;202421;1
3206;1012107;22;46004;19
3207;1012126;3;337375;1
3208;1012127;8;126515;7
3209;1012134;1012133;1;1
3210;1012135;463;2186;17
3211;1012152;7;144593;1
3212;1012153;126517;8;17
3213;1012170;67;15107;1
3214;1012171;24;42173;19
3215;1012190;1012189;1;1
3216;1012191;506083;2;25
3217;1012216;3;337405;1
3218;1012217;46;22004;33
3219;1012250;7;144607;1
3220;1012251;84349;12;63
3221;1012314;199;5087;1
3222;1012315;11;92028;7
3223;1012322;1012321;1;1
3224;1012323;168719;6;9
3225;1012332;41;24691;1
3226;1012333;253081;4;9
3227;1012342;3;337447;1
3228;1012343;323;3134;61
3229;1012404;7;144629;1
3230;1012405;26;38938;17
3231;1012422;1012421;1;1
3232;1012423;53;19102;17
3233;1012440;1012439;1;1
3234;1012441;12979;78;79
3235;1012520;1012519;1;1
3236;1012521;12;84376;9
3237;1012530;7;144647;1
3238;1012531;14;72323;9
3239;1012540;3;337513;1
3240;1012541;86;11773;63
3241;1012604;179;5657;1
3242;1012605;8;126575;5
3243;1012610;13;77893;1
3244;1012611;71;14262;9
3245;1012620;1012619;1;1
3246;1012621;253153;4;9
3247;1012630;3;337543;1
3248;1012631;111;9122;89
3249;1012720;3;337573;1
3250;1012721;126551;8;313
3251;1013034;7;144719;1
3252;1013035;24;42209;19
3253;1013054;1013053;1;1
3254;1013055;10;101305;5
3255;1013060;151;6709;1
3256;1013061;76;13329;57
3257;1013118;7;144731;1
3258;1013119;16;63319;15
3259;1013134;3;337711;1
3260;1013135;35;28946;25
3261;1013160;7;144737;1
3262;1013161;14;72368;9
3263;1013170;3;337723;1
3264;1013171;587;1726;9
3265;1013180;47;21557;1
3266;1013181;72367;14;43
3267;1013224;3;337741;1
3268;1013225;16;63326;9
3269;1013234;13;77941;1
3270;1013235;47;21558;9
3271;1013244;7;144749;1
3272;1013245;506593;2;59
3273;1013304;619;1637;1
3274;1013305;23;44056;17
3275;1013322;1013321;1;1
3276;1013323;24;42221;19
3277;1013342;7;144763;1
3278;1013343;8;126667;7
3279;1013350;3;337783;1
3280;1013351;66;15353;53
3281;1013404;3;337801;1
3282;1013405;506699;2;7
3283;1013412;7;144773;1
3284;1013413;63331;16;117
3285;1013530;3;337843;1
3286;1013531;76;13335;71
3287;1013602;3;337867;1
3288;1013603;506797;2;9
3289;1013612;107;9473;1
3290;1013613;12;84467;9
3291;1013622;7;144803;1
3292;1013623;84;12066;79
3293;1013702;13;77977;1
3294;1013703;506843;2;17
3295;1013720;7;144817;1
3296;1013721;360;2815;321
3297;1014042;7;144863;1
3298;1014043;12;84503;7
3299;1014050;19;53371;1
3300;1014051;169007;6;9
3301;1014060;37;27407;1
3302;1014061;13;78004;9
3303;1014070;3;338023;1
3304;1014071;84503;12;35
3305;1014106;3;338035;1
3306;1014107;10;101410;7
3307;1014114;1014113;1;1
3308;1014115;19;53374;9
3309;1014124;3;338041;1
3310;1014125;23;44092;9
3311;1014134;37;27409;1
3312;1014135;18;56340;15
3313;1014150;1014149;1;1
3314;1014151;126761;8;63
3315;1014214;3;338071;1
3316;1014215;43;23586;17
3317;1014232;3;338077;1
3318;1014233;507113;2;7
3319;1014240;19;53381;1
3320;1014241;22;46101;19
3321;1014260;1014259;1;1
3322;1014261;79;12838;59
3323;1014320;1014319;1;1
3324;1014321;101;10042;79
3325;1014400;3;338133;1
3326;1014401;31;32722;19
3327;1014420;7;144917;1
3328;1014421;124;8180;101
3329;1014522;1014521;1;1
3330;1014523;118;8597;77
3331;1014600;23;44113;1
3332;1014601;16;63412;9
3333;1014610;3;338203;1
3334;1014611;507301;2;9
3335;1014620;19;53401;1
3336;1014621;111;9140;81
3337;1014702;199;5099;1
3338;1014703;16361;62;321
3339;1015024;3;338341;1
3340;1015025;28;36250;25
3341;1015050;7;145007;1
3342;1015051;24;42293;19
3343;1015070;11;92279;1
3344;1015071;36251;28;43
3345;1015114;3;338371;1
3346;1015115;223;4552;19
3347;1015134;7;145019;1
3348;1015135;8;126891;7
3349;1015142;197;5153;1
3350;1015143;31;32746;17
3351;1015160;1015159;1;1
3352;1015161;39043;26;43
3353;1015204;3;338401;1
3354;1015205;38;26715;35
3355;1015240;3;338413;1
3356;1015241;16;63452;9
3357;1015250;307;3307;1
3358;1015251;41;24762;9
3359;1015260;7;145037;1
3360;1015261;46;22070;41
3361;1015302;7;145043;1
3362;1015303;149;6814;17
3363;1015320;29;35011;1
3364;1015321;129;7870;91
3365;1015412;557;1823;1
3366;1015413;128;7932;117
3367;1015530;17;59737;1
3368;1015531;24;42313;19
3369;1015550;1015549;1;1
3370;1015551;74;13723;49
3371;1015600;3;338533;1
3372;1015601;13723;74;99
3373;1015700;17;59747;1
3374;1015701;200;5078;101
3375;1015802;17;59753;1
3376;1015803;28211;36;207
3377;1016010;1016009;1;1
3378;1016011;24;42333;19
3379;1016030;7;145147;1
3380;1016031;94;10808;79
3381;1016110;3;338703;1
3382;1016111;507961;2;189
3383;1016300;251;4049;1
3384;1016301;12;84691;9
3385;1016310;7;145187;1
3386;1016311;16381;62;689
3387;1017000;83;12253;1
3388;1017001;16;63562;9
3389;1017010;3;339003;1
3390;1017011;14;72643;9
3391;1017020;37;27487;1
3392;1017021;192;5296;189
3393;1017210;1017209;1;1
3394;1017211;127139;8;99
3395;1017310;3;339103;1
3396;1017311;39097;26;789
3397;1018100;883;1153;1
3398;1018101;3659;278;899
3399;1019000;1018999;1;1
3400;1019001;169817;6;99
3401;1019100;17;59947;1
3402;1019101;5303;192;925
3403;1020026;5;204005;1
3404;1020027;21;48572;15
3405;1020042;11;92731;1
3406;1020043;24;42501;19
3407;1020062;7;145723;1
3408;1020063;8;127507;7
3409;1020070;3;340023;1
3410;1020071;167;6108;35
3411;1020106;3;340035;1
3412;1020107;47;21704;19
3413;1020126;5;204025;1
3414;1020127;8;127515;7
3415;1020134;29;35177;1
3416;1020135;22;46369;17
3417;1020152;11;92741;1
3418;1020153;100;10201;53
3419;1020206;5;204041;1
3420;1020207;170029;6;33
3421;1020240;11;92749;1
3422;1020241;255053;4;29
3423;1020270;1020269;1;1
3424;1020271;44;23187;43
3425;1020314;7;145759;1
3426;1020315;255077;4;7
3427;1020322;3;340107;1
3428;1020323;510157;2;9
3429;1020332;13;78487;1
3430;1020333;12;85027;9
3431;1020342;7;145763;1
3432;1020343;92;11090;63
3433;1020406;3;340135;1
3434;1020407;24;42516;23
3435;1020430;3;340143;1
3436;1020431;170057;6;89
3437;1020520;3;340173;1
3438;1020521;16;63782;9
3439;1020530;1020529;1;1
3440;1020531;79;12918;9
3441;1020540;13;78503;1
3442;1020541;199;5128;69
3443;1020610;3;340203;1
3444;1020611;11;92782;9
3445;1020620;1020619;1;1
3446;1020621;12;85051;9
3447;1020630;17;60037;1
3448;1020631;80;12757;71
3449;1020702;11;92791;1
3450;1020703;8;127587;7
3451;1020710;1020709;1;1
3452;1020711;237;4306;189
3453;1020900;11;92809;1
3454;1020901;147;6944;133
3455;1021034;13;78541;1
3456;1021035;23;44392;19
3457;1021054;3;340351;1
3458;1021055;16;63815;15
3459;1021070;7;145867;1
3460;1021071;255259;4;35
3461;1021106;5;204221;1
3462;1021107;13;78546;9
3463;1021116;5;204223;1
3464;1021117;20;51055;17
3465;1021134;773;1321;1
3466;1021135;30;34037;25
3467;1021160;1021159;1;1
3468;1021161;11;92832;9
3469;1021170;47;21727;1
3470;1021171;510581;2;9
3471;1021180;3;340393;1
3472;1021181;56731;18;23
3473;1021204;3;340401;1
3474;1021205;63823;16;37
3475;1021242;13;78557;1
3476;1021243;51059;20;63
3477;1021306;3;340435;1
3478;1021307;17;60076;15
3479;1021322;7;145903;1
3480;1021323;127663;8;19
3481;1021342;3;340447;1
3482;1021343;8;127667;7
3483;1021350;7;145907;1
3484;1021351;21277;48;55
3485;1021406;5;204281;1
3486;1021407;8;127675;7
3487;1021414;3;340471;1
3488;1021415;21;48638;17
3489;1021432;3;340477;1
3490;1021433;172;5938;97
3491;1021530;107;9547;1
3492;1021531;221;4622;69
3493;1021600;3;340533;1
3494;1021601;353;2894;19
3495;1021620;71;14389;1
3496;1021621;255383;4;89
3497;1021710;13;78593;1
3498;1021711;72973;14;89
3499;1021800;1021799;1;1
3500;1021801;16;63862;9
3501;1021810;3;340603;1
3502;1021811;17;60106;9
3503;1021820;17;60107;1
3504;1021821;193;5294;79
3505;1021900;3;340633;1
3506;1021901;255473;4;9
3507;1021910;7;145987;1
3508;1021911;127727;8;95
3509;1022006;5;204401;1
3510;1022007;38;26894;35
3511;1022042;191;5351;1
3512;1022043;197;5188;7
3513;1022050;3;340683;1
3514;1022051;14;73003;9
3515;1022060;1022059;1;1
3516;1022061;12;85171;9
3517;1022070;103;9923;1
3518;1022071;511019;2;33
3519;1022104;3;340701;1
3520;1022105;11;92918;7
3521;1022112;751;1361;1
3522;1022113;56783;18;19
3523;1022132;11;92921;1
3524;1022133;59;17324;17
3525;1022150;401;2549;1
3526;1022151;80;12776;71
3527;1022222;29;35249;1
3528;1022223;17623;58;89
3529;1022312;83;12317;1
3530;1022313;12;85192;9
3531;1022322;193;5297;1
3532;1022323;19;53806;9
3533;1022332;3;340777;1
3534;1022333;106;9644;69
3535;1022402;857;1193;1
3536;1022403;83;12318;9
3537;1022412;13;78647;1
3538;1022413;233;4388;9
3539;1022422;3;340807;1
3540;1022423;78;13107;77
3541;1022500;3;340833;1
3542;1022501;10223;100;201
3543;1022702;1022701;1;1
3544;1022703;10651;96;207
3545;1022910;41;24949;1
3546;1022911;31963;32;95
3547;1023006;5;204601;1
3548;1023007;8;127875;7
3549;1023014;37;27649;1
3550;1023015;19;53842;17
3551;1023032;31;33001;1
3552;1023033;127877;8;17
3553;1023050;47;21767;1
3554;1023051;41;24952;19
3555;1023070;3;341023;1
3556;1023071;45;22734;41
3557;1023112;3;341037;1
3558;1023113;16;63944;9
3559;1023122;11;93011;1
3560;1023123;41;24954;9
3561;1023132;19;53849;1
3562;1023133;13;78702;7
3563;1023140;13;78703;1
3564;1023141;24359;42;63
3565;1023204;1023203;1;1
3566;1023205;176;5813;117
3567;1023322;3;341107;1
3568;1023323;14;73094;7
3569;1023330;1023329;1;1
3570;1023331;89;11498;9
3571;1023340;3;341113;1
3572;1023341;17;60196;9
3573;1023350;17;60197;1
3574;1023351;102329;10;61
3575;1023412;3;341137;1
3576;1023413;22;46518;17
3577;1023430;3;341143;1
3578;1023431;22247;46;69
3579;1023500;1023499;1;1
3580;1023501;12;85291;9
3581;1023510;359;2851;1
3582;1023511;511711;2;89
3583;1023600;509;2011;1
3584;1023601;30103;34;99
3585;1023700;3;341233;1
3586;1023701;31981;32;309
3587;1024010;7;146287;1
3588;1024011;31;33032;19
3589;1024030;3;341343;1
3590;1024031;84;12190;71
3591;1024102;3;341367;1
3592;1024103;21;48766;17
3593;1024120;3;341373;1
3594;1024121;512021;2;79
3595;1024200;11;93109;1
3596;1024201;13;78784;9
3597;1024210;3;341403;1
3598;1024211;512101;2;9
3599;1024220;7;146317;1
3600;1024221;191;5362;79
3601;1024300;3;341433;1
3602;1024301;163;6284;9
3603;1024310;11;93119;1
3604;1024311;263;3894;189
3605;1024500;7;146357;1
3606;1024501;85333;12;505
3607;1025006;5;205001;1
3608;1025007;112;9151;95
3609;1025102;7;146443;1
3610;1025103;512503;2;97
3611;1025200;3;341733;1
3612;1025201;116;8837;109
3613;1025310;283;3623;1
3614;1025311;46601;22;89
3615;1025400;47;21817;1
3616;1025401;118;8689;99
3617;1025500;3;341833;1
3618;1025501;663;1546;503
3619;1026004;3;342001;1
3620;1026005;64123;16;37
3621;1026042;1026041;1;1
3622;1026043;39461;26;57
3623;1026100;3;342033;1
3624;1026101;10259;100;201
3625;1026302;307;3343;1
3626;1026303;2657;386;701
3627;1027004;1027003;1;1
3628;1027005;19;54052;17
3629;1027022;17;60413;1
3630;1027023;513473;2;77
3631;1027100;359;2861;1
3632;1027101;256723;4;209
3633;1027310;31;33139;1
3634;1027311;7333;140;691
3635;1028002;3;342667;1
3636;1028003;11;93454;9
3637;1028012;1028011;1;1
3638;1028013;12;85667;9
3639;1028022;29;35449;1
3640;1028023;1136;904;1079
3641;1029102;53;19417;1
3642;1029103;34273;30;913
3643;1030016;5;206003;1
3644;1030017;101;10198;19
3645;1030036;3;343345;1
3646;1030037;40;25750;37
3647;1030074;11;93643;1
3648;1030075;10;103007;5
3649;1030080;607;1697;1
3650;1030081;199;5176;57
3651;1030138;3;343379;1
3652;1030139;12;85844;11
3653;1030150;3;343383;1
3654;1030151;128761;8;63
3655;1030214;1030213;1;1
3656;1030215;26;39623;17
3657;1030232;971;1061;1
3658;1030233;373;2762;7
3659;1030240;3;343413;1
3660;1030241;515111;2;19
3661;1030260;67;15377;1
3662;1030261;64;16097;53
3663;1030314;19;54227;1
3664;1030315;24;42929;19
3665;1030334;439;2347;1
3666;1030335;7;147190;5
3667;1030340;37;27847;1
3668;1030341;86;11980;61
3669;1030402;3;343467;1
3670;1030403;677;1522;9
3671;1030412;1030411;1;1
3672;1030413;12;85867;9
3673;1030422;7;147203;1
3674;1030423;94;10961;89
3675;1030512;1030511;1;1
3676;1030513;154;6691;99
3677;1030612;3;343537;1
3678;1030613;41;25136;37
3679;1030650;163;6323;1
3680;1030651;100;10306;51
3681;1030702;3;343567;1
3682;1030703;12269;84;107
3683;1030810;3;343603;1
3684;1030811;160;6442;91
3685;1030902;197;5233;1
3686;1030903;132;7809;115
3687;1031018;13;79309;1
3688;1031019;20;51550;19
3689;1031038;3;343679;1
3690;1031039;16;64439;15
3691;1031054;1031053;1;1
3692;1031055;26;39655;25
3693;1031080;3;343693;1
3694;1031081;14;73648;9
3695;1031090;409;2521;1
3696;1031091;42961;24;27
3697;1031118;1031117;1;1
3698;1031119;57283;18;25
3699;1031144;59;17477;1
3700;1031145;12;85928;9
3701;1031154;29;35557;1
3702;1031155;541;1906;9
3703;1031164;3;343721;1
3704;1031165;515563;2;39
3705;1031204;17;60659;1
3706;1031205;70;14731;35
3707;1031240;11;93749;1
3708;1031241;12;85936;9
3709;1031250;109;9461;1
3710;1031251;515621;2;9
3711;1031260;3;343753;1
3712;1031261;101;10210;51
3713;1031312;101;10211;1
3714;1031313;347;2972;29
3715;1031342;257;4013;1
3716;1031343;80;12891;63
3717;1031406;5;206281;1
3718;1031407;128923;8;23
3719;1031430;7;147347;1
3720;1031431;20627;50;81
3721;1031512;3;343837;1
3722;1031513;14;73679;7
3723;1031520;41;25159;1
3724;1031521;171917;6;19
3725;1031540;53;19463;1
3726;1031541;257867;4;73
3727;1031614;3;343871;1
3728;1031615;6;171935;5
3729;1031620;3;343873;1
3730;1031621;515771;2;79
3731;1031700;43;23993;1
3732;1031701;200;5158;101
3733;1031802;107;9643;1
3734;1031803;116;8894;99
3735;1031902;3;343967;1
3736;1031903;8;128987;7
3737;1031910;19;54311;1
3738;1031911;12583;82;105
3739;1032016;3;344005;1
3740;1032017;85999;12;29
3741;1032046;3;344015;1
3742;1032047;74;13946;43
3743;1032090;439;2351;1
3744;1032091;73;14138;17
3745;1032108;1032107;1;1
3746;1032109;10;103210;9
3747;1032118;3;344039;1
3748;1032119;36;28669;35
3749;1032154;3;344051;1
3750;1032155;13;79396;7
3751;1032162;13;79397;1
3752;1032163;516077;2;9
3753;1032172;3;344057;1
3754;1032173;14;73726;9
3755;1032182;61;16921;1
3756;1032183;128;8063;119
3757;1032302;43;24007;1
3758;1032303;23459;44;107
3759;1032410;7;147487;1
3760;1032411;43013;24;99
3761;1032510;1032509;1;1
3762;1032511;516161;2;189
3763;1032700;3;344233;1
3764;1032701;516199;2;303
3765;1033004;37;27919;1
3766;1033005;12;86083;9
3767;1033014;31;33323;1
3768;1033015;52;19865;35
3769;1033050;19;54371;1
3770;1033051;70;14757;61
3771;1033112;619;1669;1
3772;1033113;19;54374;7
3773;1033120;3;344373;1
3774;1033121;109;9478;19
3775;1033140;1033139;1;1
3776;1033141;516539;2;63
3777;1033204;3;344401;1
3778;1033205;117;8830;95
3779;1033300;3;344433;1
3780;1033301;359;2878;99
3781;1033400;79;13081;1
3782;1033401;258197;4;613
3783;1034014;3;344671;1
3784;1034015;8;129251;7
3785;1034022;43;24047;1
3786;1034023;517003;2;17
3787;1034040;37;27947;1
3788;1034041;86;12023;63
3789;1034104;3;344701;1
3790;1034105;103409;10;15
3791;1034120;1034119;1;1
3792;1034121;12;86176;9
3793;1034130;31;33359;1
3794;1034131;517061;2;9
3795;1034140;3;344713;1
3796;1034141;67;15434;63
3797;1034204;199;5197;1
3798;1034205;11;94018;7
3799;1034212;3;344737;1
3800;1034213;22481;46;87
3801;1034300;7;147757;1
3802;1034301;28711;36;705
3803;1035006;5;207001;1
3804;1035007;4;258751;3
3805;1035010;3;345003;1
3806;1035011;517501;2;9
3807;1035020;1035019;1;1
3808;1035021;11;94092;9
3809;1035030;191;5419;1
3810;1035031;517471;2;89
3811;1035120;479;2161;1
3812;1035121;172507;6;79
3813;1035200;11;94109;1
3814;1035201;43;24074;19
3815;1035220;3;345073;1
3816;1035221;258607;4;793
3817;1036014;11;94183;1
3818;1036015;129491;8;87
3819;1036102;3;345367;1
3820;1036103;172681;6;17
3821;1036120;3;345373;1
3822;1036121;118;8780;81
3823;1036202;17;60953;1
3824;1036203;34;30476;19
3825;1036222;3;345407;1
3826;1036223;3779;274;777
3827;1037000;37;28027;1
3828;1037001;11;94272;9
3829;1037010;263;3943;1
3830;1037011;83;12494;9
3831;1037020;3;345673;1
3832;1037021;518471;2;79
3833;1037100;7;148157;1
3834;1037101;14;74078;9
3835;1037110;3;345703;1
3836;1037111;499;2078;189
3837;1037300;157;6607;1
3838;1037301;798;1299;699
3839;1038000;971;1069;1
3840;1038001;86491;12;109
3841;1038110;37;28057;1
3842;1038111;519011;2;89
3843;1038200;1038199;1;1
3844;1038201;13309;78;99
3845;1038300;67;15497;1
3846;1038301;830;1250;801
3847;1039102;3;346367;1
3848;1039103;985;1054;913
3849;1040016;5;208003;1
3850;1040017;31;33548;29
3851;1040046;5;208009;1
3852;1040047;46;22609;33
3853;1040080;3;346693;1
3854;1040081;66;15758;53
3855;1040134;3;346711;1
3856;1040135;229;4542;17
3857;1040152;3;346717;1
3858;1040153;520073;2;7
3859;1040160;1040159;1;1
3860;1040161;173357;6;19
3861;1040180;7;148597;1
3862;1040181;520073;2;35
3863;1040216;5;208043;1
3864;1040217;10;104021;7
3865;1040224;3;346741;1
3866;1040225;520103;2;19
3867;1040244;167;6229;1
3868;1040245;17;61190;15
3869;1040260;3;346753;1
3870;1040261;94;11066;57
3871;1040318;29;35873;1
3872;1040319;11;94574;5
3873;1040324;73;14251;1
3874;1040325;38;27376;37
3875;1040362;3;346787;1
3876;1040363;130043;8;19
3877;1040382;1040381;1;1
3878;1040383;260089;4;27
3879;1040410;3;346803;1
3880;1040411;160;6502;91
3881;1040502;7;148643;1
3882;1040503;118;8817;97
3883;1040600;7;148657;1
3884;1040601;101;10302;99
3885;1040700;11;94609;1
3886;1040701;571;1822;339
3887;1041040;3;347013;1
3888;1041041;34;30618;29
3889;1041070;3;347023;1
3890;1041071;313;3326;33
3891;1041104;7;148729;1
3892;1041105;260269;4;29
3893;1041134;421;2473;1
3894;1041135;78;13347;69
3895;1041204;1041203;1;1
3896;1041205;131;7948;17
3897;1041222;1041221;1;1
3898;1041223;487;2138;17
3899;1041240;1041239;1;1
3900;1041241;26029;40;81
3901;1041322;3;347107;1
3902;1041323;22;47332;19
3903;1041342;7;148763;1
3904;1041343;64;16270;63
3905;1041406;3;347135;1
3906;1041407;96;10847;95
3907;1041502;3;347167;1
3908;1041503;8;130187;7
3909;1041510;7;148787;1
3910;1041511;130127;8;495
3911;1042006;3;347335;1
3912;1042007;83;12554;25
3913;1042032;37;28163;1
3914;1042033;76;13710;73
3915;1042106;5;208421;1
3916;1042107;521051;2;5
3917;1042112;7;148873;1
3918;1042113;521047;2;19
3919;1042132;3;347377;1
3920;1042133;44;23684;37
3921;1042170;19;54851;1
3922;1042171;41;25418;33
3923;1042204;3;347401;1
3924;1042205;181;5758;7
3925;1042212;1042211;1;1
3926;1042213;149;6994;107
3927;1042320;47;22177;1
3928;1042321;260573;4;29
3929;1042350;7;148907;1
3930;1042351;104;10022;63
3931;1042414;3;347471;1
3932;1042415;4651;224;591
3933;1043006;5;208601;1
3934;1043007;59;17678;5
3935;1043012;1043011;1;1
3936;1043013;44;23704;37
3937;1043050;3;347683;1
3938;1043051;130379;8;19
3939;1043070;17;61357;1
3940;1043071;74;14095;41
3941;1043112;1043111;1;1
3942;1043113;16;65194;9
3943;1043122;3;347707;1
3944;1043123;521557;2;9
3945;1043132;1043131;1;1
3946;1043133;79;13204;17
3947;1043150;149;7001;1
3948;1043151;521551;2;49
3949;1043200;3;347733;1
3950;1043201;269;3878;19
3951;1043220;853;1223;1
3952;1043221;104;10030;101
3953;1043322;263;3967;1
3954;1043323;28979;36;79
3955;1043402;1043401;1;1
3956;1043403;130423;8;19
3957;1043422;3;347807;1
3958;1043423;8;130427;7
3959;1043430;31;33659;1
3960;1043431;5927;176;279
3961;1043710;3;347903;1
3962;1043711;65213;16;303
3963;1044014;277;3769;1
3964;1044015;499;2092;107
3965;1044122;13;80317;1
3966;1044123;29;36004;7
3967;1044130;3;348043;1
3968;1044131;522061;2;9
3969;1044140;1044139;1;1
3970;1044141;12;87011;9
3971;1044150;1044149;1;1
3972;1044151;47459;22;53
3973;1044204;29;36007;1
3974;1044205;281;3716;9
3975;1044214;3;348071;1
3976;1044215;197;5300;115
3977;1044330;11;94939;1
3978;1044331;24;43513;19
3979;1044350;787;1327;1
3980;1044351;59;17700;51
3981;1044402;173;6037;1
3982;1044403;13;80338;9
3983;1044412;3;348137;1
3984;1044413;18;58022;17
3985;1044430;3;348143;1
3986;1044431;173977;6;569
3987;1045000;3;348333;1
3988;1045001;13;80384;9
3989;1045010;7;149287;1
3990;1045011;14;74643;9
3991;1045020;19;55001;1
3992;1045021;9857;106;179
3993;1045200;1045199;1;1
3994;1045201;41;25492;29
3995;1045230;1045229;1;1
3996;1045231;263;3974;69
3997;1045300;3;348433;1
3998;1045301;350;2986;201
3999;1045502;571;1831;1
4000;1045503;537;1946;501
4001;1046004;7;149429;1
4002;1046005;102;10254;97
4003;1046102;7;149443;1
4004;1046103;134;7806;99
4005;1046202;13;80477;1
4006;1046203;178;5877;97
4007;1046300;17;61547;1
4008;1046301;261523;4;209
4009;1046510;109;9601;1
4010;1046511;523;2000;511
4011;1047022;3;349007;1
4012;1047023;32717;32;79
4013;1047102;11;95191;1
4014;1047103;74729;14;897
4015;1048000;3;349333;1
4016;1048001;26;40307;19
4017;1048020;7;149717;1
4018;1048021;261983;4;89
4019;1048110;241;4349;1
4020;1048111;206;5087;189
4021;1048300;3;349433;1
4022;1048301;14;74878;9
4023;1048310;1048309;1;1
4024;1048311;37379;28;1699
4025;1050010;3;350003;1
4026;1050011;136;7720;91
4027;1050102;13;80777;1
4028;1050103;30859;34;897
4029;1051000;3;350333;1
4030;1051001;18119;58;99
4031;1051100;7;150157;1
4032;1051101;9832;106;8909
4033;1060010;1060009;1;1
4034;1060011;132499;8;19
4035;1060030;3;353343;1
4036;1060031;40387;26;9969
4037;1070000;7;152857;1
4038;1070001;5399;198;999
4039;1071000;29;36931;1
4040;1071001;7229;148;1109
4041;1072110;41;26149;1
4042;1072111;266053;4;7899
4043;1080010;3;360003;1
4044;1080011;134999;8;19
4045;1080030;1080029;1;1
4046;1080031;149;7248;79
4047;1080110;211;5119;1
4048;1080111;9473;114;189
4049;1080300;11;98209;1
4050;1080301;270073;4;9
4051;1080310;3;360103;1
4052;1080311;19993;54;689
4053;1081000;3;360333;1
4054;1081001;11;98272;9
4055;1081010;151;7159;1
4056;1081011;13;83154;9
4057;1081020;271;3989;1
4058;1081021;256;4222;189
4059;1081210;3;360403;1
4060;1081211;134;8068;99
4061;1081310;19;56911;1
4062;1081311;265649;4;18715
4063;1100026;3;366675;1
4064;1100027;550007;2;13
4065;1100040;1100039;1;1
4066;1100041;16;68752;9
4067;1100050;3;366683;1
4068;1100051;227;4846;9
4069;1100060;223;4933;1
4070;1100061;550009;2;43
4071;1100104;3;366701;1
4072;1100105;16;68756;9
4073;1100114;7;157159;1
4074;1100115;14;78579;9
4075;1100124;1100123;1;1
4076;1100125;181;6078;7
4077;1100132;1100131;1;1
4078;1100133;130;8462;73
4079;1100206;3;366735;1
4080;1100207;53;20758;33
4081;1100240;7;157177;1
4082;1100241;275053;4;29
4083;1100270;37;29737;1
4084;1100271;275053;4;59
4085;1100330;73;15073;1
4086;1100331;79;13928;19
4087;1100350;3;366783;1
4088;1100351;64;17192;63
4089;1100414;43;25591;1
4090;1100415;16;68775;15
4091;1100430;11;100039;1
4092;1100431;32363;34;89
4093;1100520;7;157217;1
4094;1100521;14;78608;9
4095;1100530;3;366843;1
4096;1100531;41;26842;9
4097;1100540;11;100049;1
4098;1100541;64;17195;61
4099;1100602;3;366867;1
4100;1100603;184;5981;99
4101;1100702;7;157243;1
4102;1100703;8;137587;7
4103;1100710;3;366903;1
4104;1100711;428;2571;323
4105;1101034;3;367011;1
4106;1101035;28;39322;19
4107;1101054;359;3067;1
4108;1101055;54;20389;49
4109;1101104;1101103;1;1
4110;1101105;19;57952;17
4111;1101122;7;157303;1
4112;1101123;14;78651;9
4113;1101132;1013;1087;1
4114;1101133;17;64772;9
4115;1101142;3;367047;1
4116;1101143;550541;2;61
4117;1101204;101;10903;1
4118;1101205;48;22941;37
4119;1101242;97;11353;1
4120;1101243;18353;60;63
4121;1101306;5;220261;1
4122;1101307;136;8097;115
4123;1101422;1101421;1;1
4124;1101423;172;6403;107
4125;1101530;11;100139;1
4126;1101531;25033;44;79
4127;1101610;3;367203;1
4128;1101611;137699;8;19
4129;1101630;41;26869;1
4130;1101631;106;10392;79
4131;1101710;7;157387;1
4132;1101711;550811;2;89
4133;1101800;587;1877;1
4134;1101801;12;91816;9
4135;1101810;101;10909;1
4136;1101811;13;84754;9
4137;1101820;3;367273;1
4138;1101821;14887;74;183
4139;1102004;7;157429;1
4140;1102005;31;35548;17
4141;1102022;1102021;1;1
4142;1102023;551003;2;17
4143;1102040;41;26879;1
4144;1102041;94;11723;79
4145;1102120;3;367373;1
4146;1102121;11;100192;9
4147;1102130;7;157447;1
4148;1102131;14;78723;9
4149;1102140;1031;1069;1
4150;1102141;551039;2;63
4151;1102204;3;367401;1
4152;1102205;6;183700;5
4153;1102210;3;367403;1
4154;1102211;113;9754;9
4155;1102220;43;25633;1
4156;1102221;12;91851;9
4157;1102230;17;64837;1
4158;1102231;349;3158;89
4159;1102320;29;38011;1
4160;1102321;379;2908;189
4161;1102510;3;367503;1
4162;1102511;2797;394;493
4163;1103004;11;100273;1
4164;1103005;13;84846;7
4165;1103012;7;157573;1
4166;1103013;138;7992;117
4167;1103130;1103129;1;1
4168;1103131;140;7879;71
4169;1103202;11;100291;1
4170;1103203;551597;2;9
4171;1103212;3;367737;1
4172;1103213;389;2836;9
4173;1103222;7;157603;1
4174;1103223;19699;56;79
4175;1103302;3;367767;1
4176;1103303;183881;6;17
4177;1103320;3;367773;1
4178;1103321;19697;56;289
4179;1103610;13;84893;1
4180;1103611;8233;134;389
4181;1104000;13;84923;1
4182;1104001;22;50181;19
4183;1104020;7;157717;1
4184;1104021;13799;80;101
4185;1104122;71;15551;1
4186;1104123;24001;46;77
4187;1104200;131;8429;1
4188;1104201;12;92016;9
4189;1104210;1104209;1;1
4190;1104211;11;100382;9
4191;1104220;3;368073;1
4192;1104221;55207;20;81
4193;1104302;11;100391;1
4194;1104303;212;5208;207
4195;1104510;7;157787;1
4196;1104511;565;1954;501
4197;1105012;3;368337;1
4198;1105013;128;8632;117
4199;1105130;59;18731;1
4200;1105131;138139;8;19
4201;1105150;3;368383;1
4202;1105151;32503;34;49
4203;1105200;373;2963;1
4204;1105201;32503;34;99
4205;1105300;3;368433;1
4206;1105301;120;9210;101
4207;1105402;3;368467;1
4208;1105403;804;1374;707
4209;1106110;3;368703;1
4210;1106111;4008;275;3911
4211;1110022;3;370007;1
4212;1110023;18;61667;17
4213;1110040;3;370013;1
4214;1110041;739;1502;63
4215;1110104;1110103;1;1
4216;1110105;11;100918;7
4217;1110112;3;370037;1
4218;1110113;38;29213;19
4219;1110132;11;100921;1
4220;1110133;84;13215;73
4221;1110206;5;222041;1
4222;1110207;17;65306;5
4223;1110212;313;3547;1
4224;1110213;34693;32;37
4225;1110250;3;370083;1
4226;1110251;107;10376;19
4227;1110270;1110269;1;1
4228;1110271;74;15003;49
4229;1110320;7;158617;1
4230;1110321;98;11329;79
4231;1110400;3;370133;1
4232;1110401;26;42707;19
4233;1110420;307;3617;1
4234;1110421;13879;80;101
4235;1110522;1110521;1;1
4236;1110523;12911;86;177
4237;1110700;3;370233;1
4238;1110701;11;100972;9
4239;1110710;1110709;1;1
4240;1110711;208;5339;199
4241;1110910;3;370303;1
4242;1110911;397;2798;105
4243;1111016;5;222203;1
4244;1111017;12;92584;9
4245;1111026;5;222205;1
4246;1111027;17;65354;9
4247;1111036;3;370345;1
4248;1111037;15013;74;75
4249;1111112;239;4649;1
4250;1111113;12;92592;9
4251;1111122;11;101011;1
4252;1111123;555557;2;9
4253;1111132;3;370377;1
4254;1111133;211;5266;7
4255;1111140;19;58481;1
4256;1111141;84;13227;73
4257;1111214;1111213;1;1
4258;1111215;134;8292;87
4259;1111302;1111301;1;1
4260;1111303;22;50513;17
4261;1111320;11;101029;1
4262;1111321;12347;90;91
4263;1111412;7;158773;1
4264;1111413;128;8682;117
4265;1111530;857;1297;1
4266;1111531;24;46313;19
4267;1111550;431;2579;1
4268;1111551;241;4612;59
4269;1111610;79;14071;1
4270;1111611;116;9582;99
4271;1111710;19;58511;1
4272;1111711;106;10487;89
4273;1111800;13;85523;1
4274;1111801;284;3914;225
4275;1112026;3;370675;1
4276;1112027;10;111202;7
4277;1112034;13;85541;1
4278;1112035;419;2654;9
4279;1112044;3;370681;1
4280;1112045;317;3508;9
4281;1112054;167;6659;1
4282;1112055;103;10796;67
4283;1112122;3;370707;1
4284;1112123;173;6428;79
4285;1112202;1112201;1;1
4286;1112203;24;46341;19
4287;1112222;11;101111;1
4288;1112223;8;139027;7
4289;1112230;3;370743;1
4290;1112231;118;9425;81
4291;1112312;31;35881;1
4292;1112313;185371;6;87
4293;1112400;79;14081;1
4294;1112401;46;24182;29
4295;1112430;17;65437;1
4296;1112431;27809;40;71
4297;1112502;13;85577;1
4298;1112503;239;4654;197
4299;1112700;7;158957;1
4300;1112701;5297;210;331
4301;1113032;73;15247;1
4302;1113033;11;101184;9
4303;1113042;17;65473;1
4304;1113043;13;85618;9
4305;1113052;3;371017;1
4306;1113053;11;101186;7
4307;1113060;1113059;1;1
4308;1113061;34781;32;69
4309;1113130;3;371043;1
4310;1113131;22;50596;19
4311;1113150;1113149;1;1
4312;1113151;64;17392;63
4313;1113214;3;371071;1
4314;1113215;16;69575;15
4315;1113230;13;85633;1
4316;1113231;673;1654;89
4317;1113320;1113319;1;1
4318;1113321;12;92776;9
4319;1113330;7;159047;1
4320;1113331;14;79523;9
4321;1113340;3;371113;1
4322;1113341;64;17395;61
4323;1113402;1113401;1;1
4324;1113403;317;3512;99
4325;1113502;3;371167;1
4326;1113503;8;139187;7
4327;1113510;1113509;1;1
4328;1113511;526;2116;495
4329;1114006;3;371335;1
4330;1114007;46;24217;25
4331;1114032;1114031;1;1
4332;1114033;31;35936;17
4333;1114050;1114049;1;1
4334;1114051;557021;2;9
4335;1114060;3;371353;1
4336;1114061;41;27172;9
4337;1114070;11;101279;1
4338;1114071;1346;827;929
4339;1115000;1114999;1;1
4340;1115001;138;8079;99
4341;1115100;1115099;1;1
4342;1115101;277547;4;4913
4343;1120014;127;8819;1
4344;1120015;30;37333;25
4345;1120040;67;16717;1
4346;1120041;12;93336;9
4347;1120050;7;160007;1
4348;1120051;11;101822;9
4349;1120060;3;373353;1
4350;1120061;227;4934;43
4351;1120104;823;1361;1
4352;1120105;16;70006;9
4353;1120114;3;373371;1
4354;1120115;13;86162;9
4355;1120124;23;48701;1
4356;1120125;8;140015;5
4357;1120130;223;5023;1
4358;1120131;18;62229;9
4359;1120140;293;3823;1
4360;1120141;13;86164;9
4361;1120150;3;373383;1
4362;1120151;26669;42;53
4363;1120204;3;373401;1
4364;1120205;11;101836;9
4365;1120214;251;4463;1
4366;1120215;112019;10;25
4367;1120240;3;373413;1
4368;1120241;149;7518;59
4369;1120300;3;373433;1
4370;1120301;47;23836;9
4371;1120310;31;36139;1
4372;1120311;20743;54;189
4373;1120500;1120499;1;1
4374;1120501;587;1908;505
4375;1121006;5;224201;1
4376;1121007;140123;8;23
4377;1121030;7;160147;1
4378;1121031;90;12455;81
4379;1121112;29;38659;1
4380;1121113;14;80079;7
4381;1121120;61;18379;1
4382;1121121;560551;2;19
4383;1121140;3;373713;1
4384;1121141;21559;52;73
4385;1121214;173;6481;1
4386;1121215;10;112121;5
4387;1121220;11;101929;1
4388;1121221;241;4652;89
4389;1121310;7;160187;1
4390;1121311;178;6299;89
4391;1121400;19;59021;1
4392;1121401;101;11102;99
4393;1121500;3;373833;1
4394;1121501;2251;498;503
4395;1122004;3;374001;1
4396;1122005;70123;16;37
4397;1122042;1122041;1;1
4398;1122043;32999;34;77
4399;1122120;17;66007;1
4400;1122121;16;70132;9
4401;1122130;3;374043;1
4402;1122131;561061;2;9
4403;1122140;1122139;1;1
4404;1122141;18701;60;81
4405;1122222;17;66013;1
4406;1122223;982;1142;779
4407;1123002;11;102091;1
4408;1123003;103;10902;97
4409;1123100;31;36229;1
4410;1123101;347;3236;209
4411;1123310;11;102119;1
4412;1123311;5503;204;699
4413;1124010;59;19051;1
4414;1124011;24;46833;19
4415;1124030;31;36259;1
4416;1124031;1279;878;1069
4417;1125100;3;375033;1
4418;1125101;281273;4;9
4419;1125110;1125109;1;1
4420;1125111;281053;4;899
4421;1126010;379;2971;1
4422;1126011;129;8728;99
4423;1126110;127;8867;1
4424;1126111;561109;2;3893
4425;1130004;7;161429;1
4426;1130005;38;29736;37
4427;1130042;11;102731;1
4428;1130043;74;15270;63
4429;1130106;5;226021;1
4430;1130107;17;66476;15
4431;1130122;3;376707;1
4432;1130123;141263;8;19
4433;1130142;941;1201;1
4434;1130143;8;141267;7
4435;1130150;541;2089;1
4436;1130151;88;12842;55
4437;1130206;3;376735;1
4438;1130207;8;141275;7
4439;1130214;7;161459;1
4440;1130215;31;36458;17
4441;1130232;239;4729;1
4442;1130233;709;1594;87
4443;1130320;3;376773;1
4444;1130321;36;31397;29
4445;1130350;3;376783;1
4446;1130351;89;12700;51
4447;1130402;193;5857;1
4448;1130403;293;3858;9
4449;1130412;41;27571;1
4450;1130413;11;102764;9
4451;1130422;3;376807;1
4452;1130423;686;1647;581
4453;1131004;3;377001;1
4454;1131005;16631;68;97
4455;1131102;71;15931;1
4456;1131103;8;141387;7
4457;1131110;7;161587;1
4458;1131111;897;1260;891
4459;1132002;13;87077;1
4460;1132003;565997;2;9
4461;1132012;3;377337;1
4462;1132013;283001;4;9
4463;1132022;11;102911;1
4464;1132023;96;11791;87
4465;1132110;11;102919;1
4466;1132111;9923;114;889
4467;1133000;7;161857;1
4468;1133001;12;94416;9
4469;1133010;1133009;1;1
4470;1133011;13;87154;9
4471;1133020;3;377673;1
4472;1133021;283183;4;289
4473;1133310;103;11003;1
4474;1133311;566311;2;689
4475;1134000;313;3623;1
4476;1134001;62939;18;1099
4477;1135100;7;162157;1
4478;1135101;5651;200;4901
4479;1140002;89;12809;1
4480;1140003;18;63333;9
4481;1140012;449;2539;1
4482;1140013;103;11068;9
4483;1140022;3;380007;1
4484;1140023;97;11752;79
4485;1140102;1140101;1;1
4486;1140103;570043;2;17
4487;1140120;181;6299;1
4488;1140121;106;10755;91
4489;1140212;31;36781;1
4490;1140213;94;12129;87
4491;1140300;107;10657;1
4492;1140301;17;67076;9
4493;1140310;3;380103;1
4494;1140311;122;9346;99
4495;1140410;23;49583;1
4496;1140411;2701;422;589
4497;1141000;3;380333;1
4498;1141001;16;71312;9
4499;1141010;1141009;1;1
4500;1141011;18;63389;9
4501;1141020;11;103729;1
4502;1141021;570421;2;179
4503;1141200;101;11299;1
4504;1141201;31;36812;29
4505;1141230;1141229;1;1
4506;1141231;96;11887;79
4507;1141310;13;87793;1
4508;1141311;8269;138;189
4509;1141500;17;67147;1
4510;1141501;15013;76;513
4511;1142014;3;380671;1
4512;1142015;349;3272;87
4513;1142102;797;1433;1
4514;1142103;118;9678;99
4515;1142202;1142201;1;1
4516;1142203;931;1226;797
4517;1143000;11;103909;1
4518;1143001;277;4126;99
4519;1143100;3;381033;1
4520;1143101;285023;4;3009
4521;1146110;29;39521;1
4522;1146111;571111;2;3889
4523;1150000;3;383333;1
4524;1150001;611;1882;99
4525;1150100;263;4373;1
4526;1150101;115;10000;101
4527;1150202;13;88477;1
4528;1150203;575053;2;97
4529;1150300;3;383433;1
4530;1150301;19819;58;799
4531;1151100;97;11867;1
4532;1151101;2210;520;1901
4533;1153002;1153001;1;1
4534;1153003;21;54904;19
4535;1153022;1153021;1;1
4536;1153023;10667;108;987
4537;1154010;97;11897;1
4538;1154011;1454;793;989
4539;1155000;151;7649;1
4540;1155001;9127;126;4999
4541;1160000;59;19661;1
4542;1160001;23;50434;19
4543;1160020;3;386673;1
4544;1160021;118;9830;81
4545;1160102;47;24683;1
4546;1160103;101;11486;17
4547;1160120;379;3061;1
4548;1160121;1460;794;881
4549;1161002;1161001;1;1
4550;1161003;22;52772;19
4551;1161022;3;387007;1
4552;1161023;72559;16;79
4553;1161102;1161101;1;1
4554;1161103;166;6994;99
4555;1161202;3;387067;1
4556;1161203;617;1882;9
4557;1161212;73;15907;1
4558;1161213;36263;32;797
4559;1162010;1162009;1;1
4560;1162011;160;7262;91
4561;1162102;3;387367;1
4562;1162103;25261;46;97
4563;1162200;71;16369;1
4564;1162201;948;1225;901
4565;1163102;619;1879;1
4566;1163103;8;145387;7
4567;1163110;3;387703;1
4568;1163111;578111;2;6889
4569;1170000;173;6763;1
4570;1170001;292493;4;29
4571;1170030;7;167147;1
4572;1170031;88;13295;71
4573;1170102;373;3137;1
4574;1170103;24373;48;199
4575;1170302;11;106391;1
4576;1170303;954;1226;699
4577;1171002;13;90077;1
4578;1171003;103;11368;99
4579;1171102;3;390367;1
4580;1171103;8;146387;7
4581;1171110;1171109;1;1
4582;1171111;12197;96;199
4583;1171310;37;31657;1
4584;1171311;40807;28;28715
4585;1200026;5;240005;1
4586;1200027;10;120002;7
4587;1200034;3;400011;1
4588;1200035;53;22642;9
4589;1200044;13;92311;1
4590;1200045;12;100003;9
4591;1200054;61;19673;1
4592;1200055;58;20690;35
4593;1200090;11;109099;1
4594;1200091;193;6218;17
4595;1200108;29;41383;1
4596;1200109;10;120010;9
4597;1200118;3;400039;1
4598;1200119;100003;12;83
4599;1200202;3;400067;1
4600;1200203;71;16904;19
4601;1200222;11;109111;1
4602;1200223;8;150027;7
4603;1200230;167;7187;1
4604;1200231;42859;28;179
4605;1200410;7;171487;1
4606;1200411;110;10912;91
4607;1200502;3;400167;1
4608;1200503;600203;2;97
4609;1200600;31;38729;1
4610;1200601;631;1902;439
4611;1201040;7;171577;1
4612;1201041;211;5692;29
4613;1201070;73;16453;1
4614;1201071;47;25554;33
4615;1201104;1201103;1;1
4616;1201105;43;27932;29
4617;1201134;919;1307;1
4618;1201135;81;14828;67
4619;1201202;1201201;1;1
4620;1201203;18;66733;9
4621;1201212;11;109201;1
4622;1201213;300299;4;17
4623;1201230;1201229;1;1
4624;1201231;30029;40;71
4625;1201302;223;5387;1
4626;1201303;228;5268;199
4627;1201502;7;171643;1
4628;1201503;8;150187;7
4629;1201510;3;400503;1
4630;1201511;8831;136;495
4631;1202006;5;240401;1
4632;1202007;37;32486;25
4633;1202032;3;400677;1
4634;1202033;151;7960;73
4635;1202106;5;240421;1
4636;1202107;11;109282;5
4637;1202112;19;63269;1
4638;1202113;27;44522;19
4639;1202132;7;171733;1
4640;1202133;56;21466;37
4641;1202170;3;400723;1
4642;1202171;200357;6;29
4643;1202200;3;400733;1
4644;1202201;232;5181;209
4645;1202410;3;400803;1
4646;1202411;150299;8;19
4647;1202430;1202429;1;1
4648;1202431;712;1688;575
4649;1203006;5;240601;1
4650;1203007;83;14494;5
4651;1203012;43;27977;1
4652;1203013;48;25062;37
4653;1203050;347;3467;1
4654;1203051;150379;8;19
4655;1203070;3;401023;1
4656;1203071;45;26734;41
4657;1203112;3;401037;1
4658;1203113;14;85936;9
4659;1203122;1203121;1;1
4660;1203123;11;109374;9
4661;1203132;563;2137;1
4662;1203133;300779;4;17
4663;1203150;1203149;1;1
4664;1203151;166;7247;149
4665;1203300;439;2741;1
4666;1203301;708;1699;409
4667;1203710;13;92593;1
4668;1203711;366;3288;303
4669;1204014;59;20407;1
4670;1204015;300977;4;107
4671;1204122;877;1373;1
4672;1204123;12;100343;7
4673;1204130;41;29369;1
4674;1204131;101;11922;9
4675;1204140;1204139;1;1
4676;1204141;461;2612;9
4677;1204150;3;401383;1
4678;1204151;28669;42;53
4679;1204204;3;401401;1
4680;1204205;14;86014;9
4681;1204214;53;22721;1
4682;1204215;896;1343;887
4683;1205102;1205101;1;1
4684;1205103;23173;52;107
4685;1205210;281;4289;1
4686;1205211;980;1229;791
4687;1206002;97;12433;1
4688;1206003;29;41586;9
4689;1206012;137;8803;1
4690;1206013;94;12829;87
4691;1206100;3;402033;1
4692;1206101;86143;14;99
4693;1206200;1206199;1;1
4694;1206201;2057;586;799
4695;1207000;3;402333;1
4696;1207001;26237;46;99
4697;1207100;223;5413;1
4698;1207101;3638;331;2923
4699;1210024;3;403341;1
4700;1210025;16;75626;9
4701;1210034;11;110003;1
4702;1210035;17;71178;9
4703;1210044;17;71179;1
4704;1210045;302507;4;17
4705;1210062;241;5021;1
4706;1210063;605009;2;45
4707;1210108;3;403369;1
4708;1210109;43;28142;3
4709;1210112;7;172873;1
4710;1210113;34;35591;19
4711;1210132;3;403377;1
4712;1210133;53;22832;37
4713;1210170;1210169;1;1
4714;1210171;283;4276;63
4715;1210234;3;403411;1
4716;1210235;20;60511;15
4717;1210250;167;7247;1
4718;1210251;151279;8;19
4719;1210270;3;403423;1
4720;1210271;58;20866;43
4721;1210314;13;93101;1
4722;1210315;24;50429;19
4723;1210334;31;39043;1
4724;1210335;8;151291;7
4725;1210342;3;403447;1
4726;1210343;26;46551;17
4727;1210360;3;403453;1
4728;1210361;151289;8;49
4729;1210410;1210409;1;1
4730;1210411;24;50433;19
4731;1210430;11;110039;1
4732;1210431;88;13754;79
4733;1210510;3;403503;1
4734;1210511;134;9033;89
4735;1210600;3;403533;1
4736;1210601;16;75662;9
4737;1210610;1210609;1;1
4738;1210611;201767;6;9
4739;1210620;401;3019;1
4740;1210621;10433;116;393
4741;1211014;3;403671;1
4742;1211015;201833;6;17
4743;1211032;3;403677;1
4744;1211033;107;11318;7
4745;1211040;1211039;1;1
4746;1211041;38;31869;19
4747;1211060;1211059;1;1
4748;1211061;605509;2;43
4749;1211104;3;403701;1
4750;1211105;605543;2;19
4751;1211124;577;2099;1
4752;1211125;30;40370;25
4753;1211150;79;15331;1
4754;1211151;69;17552;63
4755;1211214;947;1279;1
4756;1211215;30;40373;25
4757;1211240;97;12487;1
4758;1211241;11;110112;9
4759;1211250;13;93173;1
4760;1211251;659;1838;9
4761;1211260;3;403753;1
4762;1211261;55;22022;51
4763;1211312;1211311;1;1
4764;1211313;32;37853;17
4765;1211330;7;173047;1
4766;1211331;14;86523;9
4767;1211340;1211339;1;1
4768;1211341;302833;4;9
4769;1211350;3;403783;1
4770;1211351;160;7570;151
4771;1211502;1211501;1;1
4772;1211503;172;7043;107
4773;1211610;7;173087;1
4774;1211611;199;6088;99
4775;1211710;3;403903;1
4776;1211711;221;5482;189
4777;1211900;13;93223;1
4778;1211901;123;9852;105
4779;1212006;5;242401;1
4780;1212007;26;46615;17
4781;1212024;1212023;1;1
4782;1212025;19;63790;15
4783;1212040;3;404013;1
4784;1212041;16;75752;9
4785;1212050;17;71297;1
4786;1212051;13;93234;9
4787;1212060;421;2879;1
4788;1212061;79;15342;43
4789;1212104;1212103;1;1
4790;1212105;12;101008;9
4791;1212114;7;173159;1
4792;1212115;14;86579;9
4793;1212124;3;404041;1
4794;1212125;606059;2;7
4795;1212132;31;39101;1
4796;1212133;606031;2;71
4797;1212204;107;11329;1
4798;1212205;303049;4;9
4799;1212214;3;404071;1
4800;1212215;60;20203;35
4801;1212250;3;404083;1
4802;1212251;70;17317;61
4803;1212312;73;16607;1
4804;1212313;97;12498;7
4805;1212320;1212319;1;1
4806;1212321;26;46627;19
4807;1212340;3;404113;1
4808;1212341;311;3898;63
4809;1212404;29;41807;1
4810;1212405;121171;10;695
4811;1213100;29;41831;1
4812;1213101;12;101091;9
4813;1213110;1213109;1;1
4814;1213111;8423;144;199
4815;1213310;31;39139;1
4816;1213311;101051;12;699
4817;1214010;23;52783;1
4818;1214011;106;11452;99
4819;1214110;3;404703;1
4820;1214111;93;13054;89
4821;1214200;3;404733;1
4822;1214201;1101;1102;899
4823;1215100;3;405033;1
4824;1215101;5476;221;4905
4825;1220006;5;244001;1
4826;1220007;19;64210;17
4827;1220024;7;174289;1
4828;1220025;152501;8;17
4829;1220042;1220041;1;1
4830;1220043;26;46924;19
4831;1220062;3;406687;1
4832;1220063;8;152507;7
4833;1220070;199;6131;1
4834;1220071;61001;20;51
4835;1220122;3;406707;1
4836;1220123;305029;4;7
4837;1220130;31;39359;1
4838;1220131;61;20002;9
4839;1220140;3;406713;1
4840;1220141;305033;4;9
4841;1220150;7;174307;1
4842;1220151;62;19679;53
4843;1220204;1220203;1;1
4844;1220205;12;101683;9
4845;1220214;211;5783;1
4846;1220215;20;61010;15
4847;1220230;3;406743;1
4848;1220231;115;10610;81
4849;1220312;17;71783;1
4850;1220313;691;1766;7
4851;1220320;3;406773;1
4852;1220321;181;6742;19
4853;1220340;193;6323;1
4854;1220341;120;10169;61
4855;1220402;7;174343;1
4856;1220403;14;87171;9
4857;1220412;1220411;1;1
4858;1220413;34;35894;17
4859;1220430;7;174347;1
4860;1220431;30509;40;71
4861;1220502;31;39371;1
4862;1220503;33889;36;499
4863;1221002;23;53087;1
4864;1221003;152623;8;19
4865;1221022;3;407007;1
4866;1221023;8;152627;7
4867;1221030;1221029;1;1
4868;1221031;24419;50;81
4869;1221112;3;407037;1
4870;1221113;116;10526;97
4871;1221210;11;111019;1
4872;1221211;87223;14;89
4873;1221300;1221299;1;1
4874;1221301;22613;54;199
4875;1221500;1221499;1;1
4876;1221501;101749;12;513
4877;1222014;13;94001;1
4878;1222015;16;76375;15
4879;1222030;3;407343;1
4880;1222031;203657;6;89
4881;1222120;3;407373;1
4882;1222121;16;76382;9
4883;1222130;1222129;1;1
4884;1222131;11;111102;9
4885;1222140;467;2617;1
4886;1222141;62;19711;59
4887;1222200;11;111109;1
4888;1222201;87293;14;99
4889;1222300;3;407433;1
4890;1222301;800;1527;701
4891;1223002;3;407667;1
4892;1223003;305749;4;7
4893;1223010;101;12109;1
4894;1223011;11;111182;9
4895;1223020;3;407673;1
4896;1223021;14;87358;9
4897;1223030;1223029;1;1
4898;1223031;118;10364;79
4899;1223110;3;407703;1
4900;1223111;1074;1138;899
4901;1224010;3;408003;1
4902;1224011;22;55636;19
4903;1224030;1224029;1;1
4904;1224031;563;2174;69
4905;1224100;3;408033;1
4906;1224101;2454;498;2009
4907;1226110;3;408703;1
4908;1226111;5408;226;3903
4909;1230014;1230013;1;1
4910;1230015;10;123001;5
4911;1230020;7;175717;1
4912;1230021;90;13666;81
4913;1230102;43;28607;1
4914;1230103;349;3524;227
4915;1230330;1230329;1;1
4916;1230331;61483;20;671
4917;1231002;1231001;1;1
4918;1231003;12;102583;7
4919;1231010;13;94693;1
4920;1231011;18;68389;9
4921;1231020;433;2843;1
4922;1231021;467;2636;9
4923;1231030;3;410343;1
4924;1231031;14653;84;179
4925;1231210;3;410403;1
4926;1231211;67;18376;19
4927;1231230;1231229;1;1
4928;1231231;104;11838;79
4929;1231310;1231309;1;1
4930;1231311;102551;12;699
4931;1232010;41;30049;1
4932;1232011;24;51333;19
4933;1232030;211;5839;1
4934;1232031;76;16210;71
4935;1232102;13;94777;1
4936;1232103;103;11962;17
4937;1232120;7;176017;1
4938;1232121;615971;2;179
4939;1232300;1232299;1;1
4940;1232301;12;102691;9
4941;1232310;13;94793;1
4942;1232311;76907;16;1799
4943;1234110;1234109;1;1
4944;1234111;204703;6;5893
4945;1240004;59;21017;1
4946;1240005;38749;32;37
4947;1240042;3;413347;1
4948;1240043;155003;8;19
4949;1240062;1009;1229;1
4950;1240063;155003;8;39
4951;1240102;3;413367;1
4952;1240103;41;30246;17
4953;1240120;3;413373;1
4954;1240121;739;1678;79
4955;1240200;1240199;1;1
4956;1240201;16;77512;9
4957;1240210;3;413403;1
4958;1240211;109;11378;9
4959;1240220;1240219;1;1
4960;1240221;12917;96;189
4961;1240410;127;9767;1
4962;1240411;620161;2;89
4963;1240500;13;95423;1
4964;1240501;103333;12;505
4965;1241006;5;248201;1
4966;1241007;42;29547;33
4967;1241040;1241039;1;1
4968;1241041;461;2692;29
4969;1241070;151;8219;1
4970;1241071;154;8058;139
4971;1241210;31;40039;1
4972;1241211;51713;24;99
4973;1241310;67;18527;1
4974;1241311;713;1740;691
4975;1242002;1242001;1;1
4976;1242003;13;95538;9
4977;1242012;19;65369;1
4978;1242013;317;3918;7
4979;1242020;661;1879;1
4980;1242021;349;3558;279
4981;1242300;23;54013;1
4982;1242301;206933;6;703
4983;1243004;1243003;1;1
4984;1243005;8;155375;5
4985;1243010;47;26447;1
4986;1243011;223;5574;9
4987;1243020;107;11617;1
4988;1243021;23;54044;9
4989;1243030;3;414343;1
4990;1243031;114;10903;89
4991;1243120;3;414373;1
4992;1243121;2309;538;879
4993;1244000;31;40129;1
4994;1244001;107;11626;19
4995;1244020;3;414673;1
4996;1244021;88853;14;79
4997;1244100;1244099;1;1
4998;1244101;15161;82;899
4999;1245000;7;177857;1
5000;1245001;14;88928;9
5001;1245010;3;415003;1
5002;1245011;11;113182;9
5003;1245020;1245019;1;1
5004;1245021;20749;60;81
5005;1245102;11;113191;1
5006;1245103;4902;253;4897
5007;1250000;1249999;1;1
5008;1250001;38;32894;29
5009;1250030;11;113639;1
5010;1250031;29761;42;69
5011;1250100;1250099;1;1
5012;1250101;290;4310;201
5013;1250302;3;416767;1
5014;1250303;312401;4;699
5015;1251002;73;17137;1
5016;1251003;106;11801;97
5017;1251100;3;417033;1
5018;1251101;34747;36;209
5019;1251310;3;417103;1
5020;1251311;3271;382;1789
5021;1253100;1253099;1;1
5022;1253101;313273;4;9
5023;1253110;3;417703;1
5024;1253111;62311;20;6891
5025;1260002;967;1303;1
5026;1260003;373;3378;9
5027;1260012;1260011;1;1
5028;1260013;19;66316;9
5029;1260022;3;420007;1
5030;1260023;39373;32;87
5031;1260110;37;34057;1
5032;1260111;930;1354;891
5033;1261002;7;180143;1
5034;1261003;24;52541;19
5035;1261022;23;54827;1
5036;1261023;8;157627;7
5037;1261030;3;420343;1
5038;1261031;630481;2;69
5039;1261100;7;180157;1
5040;1261101;12;105091;9
5041;1261110;1261109;1;1
5042;1261111;48497;26;189
5043;1261300;3;420433;1
5044;1261301;10352;121;8709
5045;1270010;13;97693;1
5046;1270011;624961;2;20089
5047;1290100;3;430033;1
5048;1290101;10324;124;9925
5049;1300026;5;260005;1
5050;1300027;650011;2;5
5051;1300032;1300031;1;1
5052;1300033;72223;18;19
5053;1300052;1300051;1;1
5054;1300053;62;20968;37
5055;1300090;3;433363;1
5056;1300091;325019;4;15
5057;1300106;5;260021;1
5058;1300107;163;7976;19
5059;1300126;3;433375;1
5060;1300127;8;162515;7
5061;1300134;1300133;1;1
5062;1300135;650059;2;17
5063;1300152;19;68429;1
5064;1300153;162517;8;17
5065;1300170;13;100013;1
5066;1300171;21;61912;19
5067;1300190;11;118199;1
5068;1300191;49;26534;25
5069;1300216;3;433405;1
5070;1300217;34;38241;23
5071;1300240;3;433413;1
5072;1300241;36;36117;29
5073;1300270;3;433423;1
5074;1300271;277;4694;33
5075;1300304;19;68437;1
5076;1300305;61;21316;29
5077;1300334;1300333;1;1
5078;1300335;98;13268;71
5079;1300406;5;260081;1
5080;1300407;325093;4;35
5081;1300442;173;7517;1
5082;1300443;19;68444;7
5083;1300450;3;433483;1
5084;1300451;11;118222;9
5085;1300460;61;21319;1
5086;1300461;12;108371;9
5087;1300470;421;3089;1
5088;1300471;143;9094;29
5089;1300500;331;3929;1
5090;1300501;200;6502;101
5091;1300602;1009;1289;1
5092;1300603;162563;8;99
5093;1300702;3;433567;1
5094;1300703;8;162587;7
5095;1300710;1300709;1;1
5096;1300711;312;4168;295
5097;1301006;5;260201;1
5098;1301007;223;5834;25
5099;1301032;3;433677;1
5100;1301033;16;81314;9
5101;1301042;7;185863;1
5102;1301043;14;92931;9
5103;1301052;43;30257;1
5104;1301053;22;59138;17
5105;1301070;7;185867;1
5106;1301071;44;29569;35
5107;1301106;5;260221;1
5108;1301107;650549;2;9
5109;1301116;3;433705;1
5110;1301117;6;216852;5
5111;1301122;3;433707;1
5112;1301123;29;44866;9
5113;1301132;13;100087;1
5114;1301133;11;118284;9
5115;1301142;313;4157;1
5116;1301143;88;14785;63
5117;1301206;3;433735;1
5118;1301207;650591;2;25
5119;1301232;17;76543;1
5120;1301233;650581;2;71
5121;1301304;569;2287;1
5122;1301305;29;44872;17
5123;1301322;7;185903;1
5124;1301323;24;54221;19
5125;1301342;67;19423;1
5126;1301343;8;162667;7
5127;1301350;3;433783;1
5128;1301351;73;17826;53
5129;1301404;3;433801;1
5130;1301405;14;92957;7
5131;1301412;31;41981;1
5132;1301413;224;5809;197
5133;1301610;67;19427;1
5134;1301611;24;54233;19
5135;1301630;7;185947;1
5136;1301631;112;11621;79
5137;1301710;3;433903;1
5138;1301711;419;3106;297
5139;1302008;7;186001;1
5140;1302009;36;36166;33
5141;1302042;13;100157;1
5142;1302043;12;108503;7
5143;1302050;7;186007;1
5144;1302051;14;93003;9
5145;1302060;11;118369;1
5146;1302061;325513;4;9
5147;1302070;3;434023;1
5148;1302071;108503;12;35
5149;1302106;3;434035;1
5150;1302107;10;130210;7
5151;1302114;263;4951;1
5152;1302115;13;100162;9
5153;1302124;3;434041;1
5154;1302125;367;3548;9
5155;1302134;7;186019;1
5156;1302135;18;72340;15
5157;1302150;17;76597;1
5158;1302151;94;13852;63
5159;1302214;3;434071;1
5160;1302215;217033;6;17
5161;1302232;3;434077;1
5162;1302233;599;2174;7
5163;1302240;1302239;1;1
5164;1302241;38;34269;19
5165;1302260;7;186037;1
5166;1302261;53;24570;51
5167;1302312;239;5449;1
5168;1302313;16;81394;9
5169;1302322;3;434107;1
5170;1302323;13;100178;9
5171;1302332;1302331;1;1
5172;1302333;53;24572;17
5173;1302350;1302349;1;1
5174;1302351;60;21705;51
5175;1302402;479;2719;1
5176;1302403;79;16486;9
5177;1302412;3;434137;1
5178;1302413;17;76612;9
5179;1302422;17;76613;1
5180;1302423;59197;22;89
5181;1302512;7;186073;1
5182;1302513;65101;20;493
5183;1303006;3;434335;1
5184;1303007;8;162875;7
5185;1303014;1303013;1;1
5186;1303015;449;2902;17
5187;1303032;1303031;1;1
5188;1303033;233;5592;97
5189;1303130;1303129;1;1
5190;1303131;82;15891;69
5191;1303200;1303199;1;1
5192;1303201;27;48266;19
5193;1303220;1303219;1;1
5194;1303221;325783;4;89
5195;1303310;7;186187;1
5196;1303311;743;1754;89
5197;1303400;37;35227;1
5198;1303401;12;108616;9
5199;1303410;1303409;1;1
5200;1303411;233;5594;9
5201;1303420;3;434473;1
5202;1303421;113;11534;79
5203;1303500;1303499;1;1
5204;1303501;17;76676;9
5205;1303510;3;434503;1
5206;1303511;554;2352;503
5207;1304014;3;434671;1
5208;1304015;130399;10;25
5209;1304040;11;118549;1
5210;1304041;16;81502;9
5211;1304050;3;434683;1
5212;1304051;157;8306;9
5213;1304060;787;1657;1
5214;1304061;113;11540;41
5215;1304102;29;44969;1
5216;1304103;49;26614;17
5217;1304120;61;21379;1
5218;1304121;157;8306;79
5219;1304200;3;434733;1
5220;1304201;16;81512;9
5221;1304210;1304209;1;1
5222;1304211;217367;6;9
5223;1304220;7;186317;1
5224;1304221;40751;32;189
5225;1304410;3;434803;1
5226;1304411;217387;6;89
5227;1304500;3;434833;1
5228;1304501;130399;10;511
5229;1305012;1305011;1;1
5230;1305013;19;68684;17
5231;1305030;11;118639;1
5232;1305031;118;11059;69
5233;1305100;3;435033;1
5234;1305101;83;15724;9
5235;1305110;13;100393;1
5236;1305111;131;9962;89
5237;1305200;7;186457;1
5238;1305201;217517;6;99
5239;1305300;691;1889;1
5240;1305301;1100;1186;701
5241;1306002;1306001;1;1
5242;1306003;652997;2;9
5243;1306012;3;435337;1
5244;1306013;13;100462;7
5245;1306020;11;118729;1
5246;1306021;652921;2;179
5247;1306200;467;2797;1
5248;1306201;148;8825;101
5249;1306302;41;31861;1
5250;1306303;779;1676;699
5251;1307002;3;435667;1
5252;1307003;163363;8;99
5253;1307102;1307101;1;1
5254;1307103;8;163387;7
5255;1307110;3;435703;1
5256;1307111;969;1348;899
5257;1308010;3;436003;1
5258;1308011;28;46714;19
5259;1308030;1308029;1;1
5260;1308031;93;14064;79
5261;1308110;11;118919;1
5262;1308111;7177;182;1897
5263;1310008;3;436669;1
5264;1310009;24;54583;17
5265;1310026;3;436675;1
5266;1310027;28;46786;19
5267;1310046;5;262009;1
5268;1310047;8;163755;7
5269;1310054;1310053;1;1
5270;1310055;43;30466;17
5271;1310072;7;187153;1
5272;1310073;43;30466;35
5273;1310108;19;68953;1
5274;1310109;661;1982;7
5275;1310116;3;436705;1
5276;1310117;97;13506;35
5277;1310152;3;436717;1
5278;1310153;11;119104;9
5279;1310162;317;4133;1
5280;1310163;59;22206;9
5281;1310172;1310171;1;1
5282;1310173;9;145574;7
5283;1310180;13;100783;1
5284;1310181;36;36393;33
5285;1310214;53;24721;1
5286;1310215;239;5482;17
5287;1310232;13;100787;1
5288;1310233;218371;6;7
5289;1310240;7;187177;1
5290;1310241;655111;2;19
5291;1310260;3;436753;1
5292;1310261;46;28483;43
5293;1310304;281;4663;1
5294;1310305;218381;6;19
5295;1310324;7;187189;1
5296;1310325;18;72795;15
5297;1310340;31;42269;1
5298;1310341;82;15979;63
5299;1310404;3;436801;1
5300;1310405;40949;32;37
5301;1310442;11;119131;1
5302;1310443;24;54601;19
5303;1310462;113;11597;1
5304;1310463;93601;14;49
5305;1310512;3;436837;1
5306;1310513;22;59568;17
5307;1310530;3;436843;1
5308;1310531;655261;2;9
5309;1310540;29;45191;1
5310;1310541;12;109211;9
5311;1310550;1310549;1;1
5312;1310551;90;14561;61
5313;1310612;1310611;1;1
5314;1310613;101;12976;37
5315;1310650;3;436883;1
5316;1310651;327647;4;63
5317;1310714;29;45197;1
5318;1310715;18199;72;387
5319;1311102;11;119191;1
5320;1311103;2213;592;1007
5321;1312110;311;4219;1
5322;1312111;14332;91;7899
5323;1320010;3;440003;1
5324;1320011;164999;8;19
5325;1320030;337;3917;1
5326;1320031;98;13469;69
5327;1320100;3;440033;1
5328;1320101;659951;2;199
5329;1320300;491;2689;1
5330;1320301;23;57404;9
5331;1320310;3;440103;1
5332;1320311;2557;516;899
5333;1321210;3;440403;1
5334;1321211;38833;34;889
5335;1322100;547;2417;1
5336;1322101;660599;2;903
5337;1323004;3;441001;1
5338;1323005;1322;1000;1005
5339;1324010;101;13109;1
5340;1324011;359;3688;19
5341;1324030;3;441343;1
5342;1324031;3319;398;3069
5343;1327100;1327099;1;1
5344;1327101;4414;300;2901
5345;1330002;1330001;1;1
5346;1330003;664997;2;9
5347;1330012;3;443337;1
5348;1330013;47;28298;7
5349;1330020;19;70001;1
5350;1330021;382;3481;279
5351;1330300;3;443433;1
5352;1330301;1042;1276;709
5353;1331010;73;18233;1
5354;1331011;665501;2;9
5355;1331020;3;443673;1
5356;1331021;269;4948;9
5357;1331030;7;190147;1
5358;1331031;197;6756;99
5359;1331130;29;45901;1
5360;1331131;2669;498;1969
5361;1333100;67;19897;1
5362;1333101;12;111091;9
5363;1333110;53;25153;1
5364;1333111;971;1372;899
5365;1334010;19;70211;1
5366;1334011;24593;54;5989
5367;1340000;53;25283;1
5368;1340001;95713;14;19
5369;1340020;3;446673;1
5370;1340021;669971;2;79
5371;1340100;31;43229;1
5372;1340101;83737;16;309
5373;1340410;3;446803;1
5374;1340411;60901;22;589
5375;1341000;11;121909;1
5376;1341001;16;83812;9
5377;1341010;3;447003;1
5378;1341011;13;103154;9
5379;1341020;1341019;1;1
5380;1341021;22349;60;81
5381;1341102;1341101;1;1
5382;1341103;266;5041;197
5383;1341300;43;31193;1
5384;1341301;2539;528;709
5385;1342010;127;10567;1
5386;1342011;102;13156;99
5387;1342110;1342109;1;1
5388;1342111;61001;22;89
5389;1342200;1342199;1;1
5390;1342201;1020;1315;901
5391;1343102;251;5351;1
5392;1343103;8457;158;6897
5393;1350000;7;192857;1
5394;1350001;39703;34;99
5395;1350100;3;450033;1
5396;1350101;2063;654;899
5397;1351000;3;450333;1
5398;1351001;114;11850;101
5399;1351102;3;450367;1
5400;1351103;333049;4;18907
5401;1370010;331;4139;1
5402;1370011;96;14270;91
5403;1370102;1370101;1;1
5404;1370103;1098;1247;897
5405;1371000;7;195857;1
5406;1371001;52727;26;99
5407;1371100;3;457033;1
5408;1371101;335549;4;28905
5409;1400006;5;280001;1
5410;1400007;139999;10;17
5411;1400024;1400023;1;1
5412;1400025;17;82354;7
5413;1400032;3;466677;1
5414;1400033;22;63637;19
5415;1400052;1400051;1;1
5416;1400053;700001;2;51
5417;1400104;3;466701;1
5418;1400105;16;87506;9
5419;1400114;11;127283;1
5420;1400115;229;6114;9
5421;1400124;43;32561;1
5422;1400125;541;2588;17
5423;1400142;1400141;1;1
5424;1400143;233347;6;61
5425;1400204;7;200029;1
5426;1400205;12;116683;9
5427;1400214;73;19181;1
5428;1400215;30;46673;25
5429;1400240;17;82367;1
5430;1400241;78;17951;63
5431;1400304;1400303;1;1
5432;1400305;124;11292;97
5433;1400402;23;60887;1
5434;1400403;31;45174;9
5435;1400412;1400411;1;1
5436;1400413;14;100029;7
5437;1400420;53;26423;1
5438;1400421;373;3754;179
5439;1400600;1400599;1;1
5440;1400601;238;5884;209
5441;1400810;1400809;1;1
5442;1400811;23;60904;19
5443;1400830;3;466943;1
5444;1400831;218;6425;181
5445;1401012;41;34171;1
5446;1401013;350249;4;17
5447;1401030;7;200147;1
5448;1401031;80;17512;71
5449;1401102;13;107777;1
5450;1401103;187;7492;99
5451;1401202;3;467067;1
5452;1401203;700597;2;9
5453;1401212;7;200173;1
5454;1401213;350281;4;89
5455;1401302;11;127391;1
5456;1401303;6143;228;699
5457;1402002;223;6287;1
5458;1402003;11;127454;9
5459;1402012;3;467337;1
5460;1402013;31;45226;7
5461;1402020;1402019;1;1
5462;1402021;198;7080;181
5463;1402202;1402201;1;1
5464;1402203;350549;4;7
5465;1402210;3;467403;1
5466;1402211;83;16894;9
5467;1402220;7;200317;1
5468;1402221;12;116851;9
5469;1402230;733;1913;1
5470;1402231;111;12632;79
5471;1402310;1402309;1;1
5472;1402311;116791;12;819
5473;1403130;7;200447;1
5474;1403131;314;4468;179
5475;1403310;1403309;1;1
5476;1403311;739;1898;689
5477;1404000;229;6131;1
5478;1404001;77999;18;19
5479;1404020;197;7127;1
5480;1404021;337;4166;79
5481;1404100;3;468033;1
5482;1404101;397;3536;309
5483;1404410;37;37957;1
5484;1404411;16277;86;4589
5485;1409000;1408999;1;1
5486;1409001;12;117416;9
5487;1409010;7;201287;1
5488;1409011;14;100643;9
5489;1409020;3;469673;1
5490;1409021;234673;6;983
5491;1410004;3;470001;1
5492;1410005;56;25178;37
5493;1410042;59;23899;1
5494;1410043;64;22031;59
5495;1410102;7;201443;1
5496;1410103;18077;78;97
5497;1410200;7;201457;1
5498;1410201;352349;4;805
5499;1411006;3;470335;1
5500;1411007;6;235167;5
5501;1411012;3;470337;1
5502;1411013;56;25196;37
5503;1411050;1411049;1;1
5504;1411051;21;67192;19
5505;1411070;11;128279;1
5506;1411071;705521;2;29
5507;1411100;1411099;1;1
5508;1411101;287;4916;209
5509;1411310;73;19333;1
5510;1411311;1004;1405;691
5511;1412002;3;470667;1
5512;1412003;37;38162;9
5513;1412012;1412011;1;1
5514;1412013;11;128364;9
5515;1412022;13;108617;1
5516;1412023;1993;708;979
5517;1413002;1413001;1;1
5518;1413003;347;4072;19
5519;1413022;3;471007;1
5520;1413023;8;176627;7
5521;1413030;1413029;1;1
5522;1413031;110;12845;81
5523;1413112;3;471037;1
5524;1413113;1171;1206;887
5525;1414000;3;471333;1
5526;1414001;161;8782;99
5527;1414100;157;9007;1
5528;1414101;100943;14;899
5529;1415000;1414999;1;1
5530;1415001;14149;100;101
5531;1415102;19;74479;1
5532;1415103;9931;142;4901
5533;1420004;13;109231;1
5534;1420005;29581;48;117
5535;1420122;1420121;1;1
5536;1420123;12;118343;7
5537;1420130;17;83537;1
5538;1420131;11;129102;9
5539;1420140;7;202877;1
5540;1420141;14;101438;9
5541;1420150;3;473383;1
5542;1420151;70;20287;61
5543;1420212;13;109247;1
5544;1420213;355049;4;17
5545;1420230;599;2371;1
5546;1420231;218;6514;179
5547;1420410;251;5659;1
5548;1420411;177539;8;99
5549;1420510;3;473503;1
5550;1420511;710009;2;493
5551;1421004;67;21209;1
5552;1421005;17;83588;9
5553;1421014;3;473671;1
5554;1421015;142099;10;25
5555;1421040;1421039;1;1
5556;1421041;142097;10;71
5557;1421112;317;4483;1
5558;1421113;37;38408;17
5559;1421130;337;4217;1
5560;1421131;21;67672;19
5561;1421150;17;83597;1
5562;1421151;60;23685;51
5563;1421202;113;12577;1
5564;1421203;103;13798;9
5565;1421212;3;473737;1
5566;1421213;710603;2;7
5567;1421220;19;74801;1
5568;1421221;798;1780;781
5569;1422002;7;203143;1
5570;1422003;14;101571;9
5571;1422012;1422011;1;1
5572;1422013;355499;4;17
5573;1422030;7;203147;1
5574;1422031;82;17341;69
5575;1422100;3;474033;1
5576;1422101;120;11850;101
5577;1422202;3;474067;1
5578;1422203;177763;8;99
5579;1422302;587;2423;1
5580;1422303;8;177787;7
5581;1422310;3;474103;1
5582;1422311;71081;20;691
5583;1423002;29;49069;1
5584;1423003;12;118583;7
5585;1423010;7;203287;1
5586;1423011;14;101643;9
5587;1423020;13;109463;1
5588;1423021;355753;4;9
5589;1423030;3;474343;1
5590;1423031;118571;12;179
5591;1423210;3;474403;1
5592;1423211;41;34712;19
5593;1423230;179;7951;1
5594;1423231;144;9883;79
5595;1423310;19;74911;1
5596;1423311;2927;486;789
5597;1424100;659;2161;1
5598;1424101;5881;242;899
5599;1425000;503;2833;1
5600;1425001;16;89062;9
5601;1425010;3;475003;1
5602;1425011;29;49138;9
5603;1425020;19;75001;1
5604;1425021;30977;46;79
5605;1425100;3;475033;1
5606;1425101;37;38516;9
5607;1425110;7;203587;1
5608;1425111;78901;18;4893
5609;1430004;353;4051;1
5610;1430005;119159;12;97
5611;1430102;59;24239;1
5612;1430103;269;5316;99
5613;1430202;1430201;1;1
5614;1430203;174;8219;97
5615;1430300;13;110023;1
5616;1430301;589;2428;209
5617;1430510;619;2311;1
5618;1430511;4133;346;493
5619;1431004;3;477001;1
5620;1431005;715499;2;7
5621;1431012;599;2389;1
5622;1431013;119243;12;97
5623;1431110;769;1861;1
5624;1431111;111;12892;99
5625;1431210;13;110093;1
5626;1431211;21;68152;19
5627;1431230;173;8273;1
5628;1431231;2783;514;769
5629;1432000;3;477333;1
5630;1432001;715991;2;19
5631;1432020;1432019;1;1
5632;1432021;357983;4;89
5633;1432110;7;204587;1
5634;1432111;715961;2;189
5635;1432300;3;477433;1
5636;1432301;358073;4;9
5637;1432310;191;7499;1
5638;1432311;940;1523;691
5639;1433002;3;477667;1
5640;1433003;28;51178;19
5641;1433022;1433021;1;1
5642;1433023;13267;108;187
5643;1433210;29;49421;1
5644;1433211;211;6792;99
5645;1433310;1433309;1;1
5646;1433311;829;1728;799
5647;1434110;1434109;1;1
5648;1434111;238037;6;5889
5649;1440000;11;130909;1
5650;1440001;79999;18;19
5651;1440020;7;205717;1
5652;1440021;164;8780;101
5653;1440122;17;84713;1
5654;1440123;521;2764;79
5655;1440202;3;480067;1
5656;1440203;180023;8;19
5657;1440222;47;30643;1
5658;1440223;8;180027;7
5659;1440230;7;205747;1
5660;1440231;114;12633;69
5661;1440300;7;205757;1
5662;1440301;14;102878;9
5663;1440310;3;480103;1
5664;1440311;31307;46;189
5665;1440500;1440499;1;1
5666;1440501;511;2818;503
5667;1441004;61;23623;1
5668;1441005;12;120083;9
5669;1441014;7;205859;1
5670;1441015;150;9606;115
5671;1441130;83;17363;1
5672;1441131;38;37924;19
5673;1441150;3;480383;1
5674;1441151;100;14411;51
5675;1441202;1441201;1;1
5676;1441203;401;3594;9
5677;1441212;1091;1321;1
5678;1441213;127;11348;17
5679;1441230;53;27193;1
5680;1441231;81;17792;79
5681;1441310;1441309;1;1
5682;1441311;720611;2;89
5683;1441400;317;4547;1
5684;1441401;114;12643;99
5685;1441500;1013;1423;1
5686;1441501;10014;143;9499
5687;1451000;11;131909;1
5688;1451001;116833;12;49005
5689;1500006;5;300001;1
5690;1500007;61;24590;17
5691;1500024;7;214289;1
5692;1500025;150001;10;15
5693;1500040;3;500013;1
5694;1500041;16;93752;9
5695;1500050;1201;1249;1
5696;1500051;250007;6;9
5697;1500060;11;136369;1
5698;1500061;78;19231;43
5699;1500104;11;136373;1
5700;1500105;12;125008;9
5701;1500114;1500113;1;1
5702;1500115;23;65222;9
5703;1500124;3;500041;1
5704;1500125;750059;2;7
5705;1500132;17;88243;1
5706;1500133;46877;32;69
5707;1500202;3;500067;1
5708;1500203;28;53578;19
5709;1500222;19;78959;1
5710;1500223;31253;48;79
5711;1500302;11;136391;1
5712;1500303;125017;12;99
5713;1500402;7;214343;1
5714;1500403;14;107171;9
5715;1500412;3;500137;1
5716;1500413;750163;2;87
5717;1500500;7;214357;1
5718;1500501;174;8623;99
5719;1500600;67;22397;1
5720;1500601;375049;4;405
5721;1501006;3;500335;1
5722;1501007;29;51758;25
5723;1501032;7;214433;1
5724;1501033;14;107216;9
5725;1501042;3;500347;1
5726;1501043;750517;2;9
5727;1501052;31;48421;1
5728;1501053;83389;18;51
5729;1501104;107;14029;1
5730;1501105;32;46909;17
5731;1501122;173;8677;1
5732;1501123;19;79006;9
5733;1501132;3;500377;1
5734;1501133;375281;4;9
5735;1501142;23;65267;1
5736;1501143;76;19751;67
5737;1501210;3;500403;1
5738;1501211;160;9382;91
5739;1501302;29;51769;1
5740;1501303;186;8071;97
5741;1501400;19;79021;1
5742;1501401;129;11638;99
5743;1501500;1501499;1;1
5744;1501501;674;2227;503
5745;1502004;61;24623;1
5746;1502005;19;79052;17
5747;1502022;1502021;1;1
5748;1502023;22;68273;17
5749;1502040;7;214577;1
5750;1502041;37549;40;81
5751;1502122;3;500707;1
5752;1502123;187763;8;19
5753;1502142;1502141;1;1
5754;1502143;64;23470;63
5755;1502206;3;500735;1
5756;1502207;96;15647;95
5757;1502302;3;500767;1
5758;1502303;8;187787;7
5759;1502310;1502309;1;1
5760;1502311;750809;2;693
5761;1503004;3;501001;1
5762;1503005;14;107357;7
5763;1503012;67;22433;1
5764;1503013;751453;2;107
5765;1503120;23;65353;1
5766;1503121;375773;4;29
5767;1503150;1503149;1;1
5768;1503151;74;20312;63
5769;1503214;3;501071;1
5770;1503215;860;1747;795
5771;1504010;13;115693;1
5772;1504011;28;53714;19
5773;1504030;3;501343;1
5774;1504031;83;18120;71
5775;1504102;3;501367;1
5776;1504103;250681;6;17
5777;1504120;3;501373;1
5778;1504121;199;7558;79
5779;1504200;61;24659;1
5780;1504201;16;94012;9
5781;1504210;3;501403;1
5782;1504211;14;107443;9
5783;1504220;211;7129;1
5784;1504221;150343;10;791
5785;1505012;1505011;1;1
5786;1505013;376231;4;89
5787;1505102;13;115777;1
5788;1505103;752503;2;97
5789;1505200;3;501733;1
5790;1505201;752201;2;799
5791;1506000;11;136909;1
5792;1506001;52;28961;29
5793;1506030;7;215147;1
5794;1506031;44293;34;69
5795;1506100;3;502033;1
5796;1506101;220;6845;201
5797;1506302;19;79279;1
5798;1506303;3391;444;699
5799;1507002;179;8419;1
5800;1507003;83717;18;97
5801;1507100;11;137009;1
5802;1507101;8761;172;209
5803;1507310;107;14087;1
5804;1507311;4478;336;2703
5805;1510014;1510013;1;1
5806;1510015;16;94375;15
5807;1510030;3;503343;1
5808;1510031;35951;42;89
5809;1510120;3;503373;1
5810;1510121;16;94382;9
5811;1510130;53;28493;1
5812;1510131;293;5154;9
5813;1510140;19;79481;1
5814;1510141;64;23595;61
5815;1510202;7;215743;1
5816;1510203;62921;24;99
5817;1510302;13;116177;1
5818;1510303;8;188787;7
5819;1510310;1510309;1;1
5820;1510311;740;2040;711
5821;1511022;1511021;1;1
5822;1511023;253;5972;107
5823;1511130;1511129;1;1
5824;1511131;125921;12;79
5825;1511210;7;215887;1
5826;1511211;23;65704;19
5827;1511230;3;503743;1
5828;1511231;94447;16;79
5829;1511310;89;16981;1
5830;1511311;39769;38;89
5831;1511400;23;65713;1
5832;1511401;16;94462;9
5833;1511410;3;503803;1
5834;1511411;17;88906;9
5835;1511420;7;215917;1
5836;1511421;16421;92;689
5837;1512110;1512109;1;1
5838;1512111;1502;1006;1099
5839;1513210;3;504403;1
5840;1513211;1033;1464;899
5841;1514110;3;504703;1
5842;1514111;2609;580;891
5843;1515002;31;48871;1
5844;1515003;9557;158;4997
5845;1520000;13;116923;1
5846;1520001;457;3326;19
5847;1520020;3;506673;1
5848;1520021;120;12666;101
5849;1520122;3;506707;1
5850;1520123;759973;2;177
5851;1520300;11;138209;1
5852;1520301;12;126691;9
5853;1520310;7;217187;1
5854;1520311;264;5758;199
5855;1520510;1520509;1;1
5856;1520511;16889;90;501
5857;1521012;1521011;1;1
5858;1521013;128;11882;117
5859;1521130;3;507043;1
5860;1521131;107;14216;19
5861;1521150;7;217307;1
5862;1521151;68;22369;59
5863;1521210;1521209;1;1
5864;1521211;107;14216;99
5865;1521310;3;507103;1
5866;1521311;253537;6;89
5867;1521400;3;507133;1
5868;1521401;28163;54;599
5869;1522000;3;507333;1
5870;1522001;36;42277;29
5871;1522030;3;507343;1
5872;1522031;88;17295;71
5873;1522102;3;507367;1
5874;1522103;253651;6;197
5875;1522300;3;507433;1
5876;1522301;800;1902;701
5877;1523002;3;507667;1
5878;1523003;164;9286;99
5879;1523102;1523101;1;1
5880;1523103;8;190387;7
5881;1523110;3;507703;1
5882;1523111;758111;2;6889
5883;1530000;89;17191;1
5884;1530001;382493;4;29
5885;1530030;23;66523;1
5886;1530031;254977;6;169
5887;1530200;11;139109;1
5888;1530201;107;14300;101
5889;1530302;29;52769;1
5890;1530303;871;1756;827
5891;1531130;1531129;1;1
5892;1531131;11257;136;179
5893;1531310;13;117793;1
5894;1531311;11114;137;8693
5895;1540004;1540003;1;1
5896;1540005;153997;10;35
5897;1540040;1540039;1;1
5898;1540041;12;128336;9
5899;1540050;7;220007;1
5900;1540051;14;110003;9
5901;1540060;3;513353;1
5902;1540061;33457;46;1039
5903;1541100;7;220157;1
5904;1541101;14;110078;9
5905;1541110;3;513703;1
5906;1541111;128351;12;899
5907;1542010;3;514003;1
5908;1542011;194;7948;99
5909;1542110;43;35863;1
5910;1542111;767111;2;7889
5911;1550000;11;140909;1
5912;1550001;172;9011;109
5913;1550110;3;516703;1
5914;1550111;258337;6;89
5915;1550200;3;516733;1
5916;1550201;593;2614;99
5917;1550300;1550299;1;1
5918;1550301;1033;1500;801
5919;1551102;139;11159;1
5920;1551103;5099;304;1007
5921;1552110;13;119393;1
5922;1552111;22709;68;7899
5923;1560010;3;520003;1
5924;1560011;28;55714;19
5925;1560030;739;2111;1
5926;1560031;2213;704;2079
5927;1562110;3;520703;1
5928;1562111;35323;44;7899
5929;1570010;7;224287;1
5930;1570011;65413;24;99
5931;1570110;673;2333;1
5932;1570111;784961;2;189
5933;1570300;3;523433;1
5934;1570301;96287;16;29709
5935;1600010;19;84211;1
5936;1600011;199999;8;19
5937;1600030;3;533343;1
5938;1600031;120;13333;71
5939;1600102;3;533367;1
5940;1600103;266681;6;17
5941;1600120;3;533373;1
5942;1600121;89;17978;79
5943;1600200;19;84221;1
5944;1600201;11;145472;9
5945;1600210;3;533403;1
5946;1600211;23;69574;9
5947;1600220;1600219;1;1
5948;1600221;323;4954;79
5949;1600300;3;533433;1
5950;1600301;107;14956;9
5951;1600310;89;17981;1
5952;1600311;266687;6;189
5953;1600500;17;94147;1
5954;1600501;799999;2;503
5955;1601004;29;55207;1
5956;1601005;400249;4;9
5957;1601014;3;533671;1
5958;1601015;98;16336;87
5959;1601102;37;43273;1
5960;1601103;122;13123;97
5961;1601200;3;533733;1
5962;1601201;21067;76;109
5963;1601310;1601309;1;1
5964;1601311;98;16339;89
5965;1601400;1601399;1;1
5966;1601401;800651;2;99
5967;1601500;3;533833;1
5968;1601501;886;1807;499
5969;1602000;7;228857;1
5970;1602001;619;2588;29
5971;1602030;11;145639;1
5972;1602031;82;19536;79
5973;1602110;631;2539;1
5974;1602111;258;6209;189
5975;1602300;191;8389;1
5976;1602301;704;2275;701
5977;1603002;683;2347;1
5978;1603003;13567;118;2097
5979;1605100;3;535033;1
5980;1605101;29;55348;9
5981;1605110;11;145919;1
5982;1605111;266687;6;4989
5983;1610100;79;20381;1
5984;1610101;1080;1490;901
5985;1611002;7;230143;1
5986;1611003;407;3958;97
5987;1611100;3;537033;1
5988;1611101;17033;94;9999
5989;1621100;19;85321;1
5990;1621101;11;147372;9
5991;1621110;7;231587;1
5992;1621111;1048;1546;903
5993;1622014;3;540671;1
5994;1622015;31039;52;7987
5995;1630002;43;37907;1
5996;1630003;17;95882;9
5997;1630012;3;543337;1
5998;1630013;41;39756;17
5999;1630030;3;543343;1
6000;1630031;85;19176;71
6001;1630102;3;543367;1
6002;1630103;3557;458;997
6003;1631100;17;95947;1
6004;1631101;78110;20;68901
6005;1700002;3;566667;1
6006;1700003;849997;2;9
6007;1700012;1231;1381;1
6008;1700013;12;141667;9
6009;1700022;1700021;1;1
6010;1700023;849973;2;77
6011;1700100;1700099;1;1
6012;1700101;125;13600;101
6013;1700202;233;7297;1
6014;1700203;24;70841;19
6015;1700222;17;100013;1
6016;1700223;118;14408;79
6017;1700302;3;566767;1
6018;1700303;8017;212;699
6019;1701002;31;54871;1
6020;1701003;149;11416;19
6021;1701022;3;567007;1
6022;1701023;8;212627;7
6023;1701030;11;154639;1
6024;1701031;34019;50;81
6025;1701112;3;567037;1
6026;1701113;349;4874;87
6027;1701200;1701199;1;1
6028;1701201;41;41492;29
6029;1701230;61;27889;1
6030;1701231;142;11980;71
6031;1701302;7;243043;1
6032;1701303;77323;22;197
6033;1701500;139;12241;1
6034;1701501;504;3375;501
6035;1702002;7;243143;1
6036;1702003;14;121571;9
6037;1702012;3;567337;1
6038;1702013;20261;84;89
6039;1702102;3;567367;1
6040;1702103;113;15062;97
6041;1702200;47;36217;1
6042;1702201;851051;2;99
6043;1702300;3;567433;1
6044;1702301;709;2400;701
6045;1703002;3;567667;1
6046;1703003;29;58724;7
6047;1703010;7;243287;1
6048;1703011;14;121643;9
6049;1703020;3;567673;1
6050;1703021;23;74044;9
6051;1703030;97;17557;1
6052;1703031;212869;8;79
6053;1703110;3;567703;1
6054;1703111;84811;20;6891
6055;1710002;47;36383;1
6056;1710003;11;155454;9
6057;1710012;1710011;1;1
6058;1710013;34;50294;17
6059;1710030;37;46217;1
6060;1710031;2131;802;969
6061;1711000;3;570333;1
6062;1711001;854951;2;1099
6063;1712100;31;55229;1
6064;1712101;852101;2;7899
6065;1720000;3;573333;1
6066;1720001;22;78181;19
6067;1720020;7;245717;1
6068;1720021;93;18494;79
6069;1720100;73;23563;1
6070;1720101;210;8190;201
6071;1720302;11;156391;1
6072;1720303;427649;4;9707
6073;1730010;37;46757;1
6074;1730011;142501;12;19999
6075;1750010;1750009;1;1
6076;1750011;212501;8;50003
6077;1800014;37;48649;1
6078;1800015;179999;10;25
6079;1800040;3;600013;1
6080;1800041;13;138464;9
6081;1800050;23;78263;1
6082;1800051;300007;6;9
6083;1800060;29;62071;1
6084;1800061;180001;10;51
6085;1800112;3;600037;1
6086;1800113;24;75004;17
6087;1800130;3;600043;1
6088;1800131;900061;2;9
6089;1800140;11;163649;1
6090;1800141;12;150011;9
6091;1800150;13;138473;1
6092;1800151;900001;2;149
6093;1800300;1201;1499;1
6094;1800301;13;138484;9
6095;1800310;3;600103;1
6096;1800311;807;2230;701
6097;1801012;3;600337;1
6098;1801013;150083;12;17
6099;1801030;3;600343;1
6100;1801031;64319;28;99
6101;1801130;11;163739;1
6102;1801131;149;12088;19
6103;1801150;3;600383;1
6104;1801151;64;28142;63
6105;1801214;1801213;1;1
6106;1801215;160;11257;95
6107;1801310;1801309;1;1
6108;1801311;90031;20;691
6109;1802002;3;600667;1
6110;1802003;900997;2;9
6111;1802012;37;48703;1
6112;1802013;149;12094;7
6113;1802020;3;600673;1
6114;1802021;230;7834;201
6115;1802222;17;106013;1
6116;1802223;7836;229;7779
6117;1810002;1810001;1;1
6118;1810003;904997;2;9
6119;1810012;3;603337;1
6120;1810013;11;164546;7
6121;1810020;103;17573;1
6122;1810021;29191;62;179
6123;1810200;1810199;1;1
6124;1810201;244;7418;209
6125;1810410;1810409;1;1
6126;1810411;24;75433;19
6127;1810430;43;42103;1
6128;1810431;150571;12;3579
6129;1814010;1327;1367;1
6130;1814011;11516;157;5999
6131;1820010;1820009;1;1
6132;1820011;24;75833;19
6133;1820030;19;95791;1
6134;1820031;136;13382;79
6135;1820110;3;606703;1
6136;1820111;905111;2;9889
6137;1830000;17;107647;1
6138;1830001;914951;2;99
6139;1830100;3;610033;1
6140;1830101;31469;58;4899
6141;1835000;1834999;1;1
6142;1835001;884999;2;65003
6143;1900004;7;271429;1
6144;1900005;474977;4;97
6145;1900102;3;633367;1
6146;1900103;316681;6;17
6147;1900120;3;633373;1
6148;1900121;47501;40;81
6149;1900202;1900201;1;1
6150;1900203;22;86372;19
6151;1900222;3;633407;1
6152;1900223;316691;6;77
6153;1900300;3;633433;1
6154;1900301;475073;4;9
6155;1900310;41;46349;1
6156;1900311;950111;2;89
6157;1900400;19;100021;1
6158;1900401;316717;6;99
6159;1900500;1900499;1;1
6160;1900501;12952;146;9509
6161;1910010;1910009;1;1
6162;1910011;13007;146;10989
6163;1921000;3;640333;1
6164;1921001;16;120062;9
6165;1921010;359;5351;1
6166;1921011;127;15126;9
6167;1921020;1151;1669;1
6168;1921021;9148;209;9089
6169;1930110;307;6287;1
6170;1930111;5641;342;889
6171;1931000;7;275857;1
6172;1931001;109528;17;69025
6173;2000026;3;666675;1
6174;2000027;10;200002;7
6175;2000034;7;285719;1
6176;2000035;14;142859;9
6177;2000044;3;666681;1
6178;2000045;500009;4;9
6179;2000054;11;181823;1
6180;2000055;44;45455;35
6181;2000090;7;285727;1
6182;2000091;1000037;2;17
6183;2000108;2000107;1;1
6184;2000109;10;200010;9
6185;2000118;7;285731;1
6186;2000119;18;111117;13
6187;2000132;7;285733;1
6188;2000133;56;35716;37
6189;2000170;3;666723;1
6190;2000171;22;90916;19
6191;2000190;593;3373;1
6192;2000191;166679;12;43
6193;2000234;331;6043;1
6194;2000235;250027;8;19
6195;2000254;3;666751;1
6196;2000255;16;125015;15
6197;2000270;2000269;1;1
6198;2000271;71437;28;35
6199;2000306;5;400061;1
6200;2000307;333383;6;9
6201;2000316;5;400063;1
6202;2000317;20;100015;17
6203;2000334;23;86971;1
6204;2000335;26;76935;25
6205;2000360;79;25321;1
6206;2000361;12;166696;9
6207;2000370;7;285767;1
6208;2000371;13;153874;9
6209;2000380;3;666793;1
6210;2000381;199;10052;33
6211;2000414;2000413;1;1
6212;2000415;8;250051;7
6213;2000422;3;666807;1
6214;2000423;101;19806;17
6215;2000440;3;666813;1
6216;2000441;263;7606;63
6217;2000504;2000503;1;1
6218;2000505;30;66683;15
6219;2000520;2000519;1;1
6220;2000521;16;125032;9
6221;2000530;3;666843;1
6222;2000531;271;7382;9
6223;2000540;2000539;1;1
6224;2000541;87;22994;63
6225;2000604;11;181873;1
6226;2000605;333433;6;7
6227;2000612;17;117683;1
6228;2000613;142;14088;117
6229;2000730;601;3329;1
6230;2000731;163;12274;69
6231;2000800;3;666933;1
6232;2000801;241;8302;19
6233;2000820;97;20627;1
6234;2000821;1000313;2;195
6235;2001016;3;667005;1
6236;2001017;17;117706;15
6237;2001032;443;4517;1
6238;2001033;12;166752;9
6239;2001042;7;285863;1
6240;2001043;14;142931;9
6241;2001052;3;667017;1
6242;2001053;23;87002;7
6243;2001060;1277;1567;1
6244;2001061;389;5144;45
6245;2001106;3;667035;1
6246;2001107;11;181918;9
6247;2001116;5;400223;1
6248;2001117;10;200111;7
6249;2001124;3;667041;1
6250;2001125;118;16958;81
6251;2001206;5;400241;1
6252;2001207;68;29429;35
6253;2001242;11;181931;1
6254;2001243;31;64556;7
6255;2001250;3;667083;1
6256;2001251;1000621;2;9
6257;2001260;13;153943;1
6258;2001261;11;181932;9
6259;2001270;2001269;1;1
6260;2001271;1000619;2;33
6261;2001304;3;667101;1
6262;2001305;13;153946;7
6263;2001312;13;153947;1
6264;2001313;27;74122;19
6265;2001332;2001331;1;1
6266;2001333;491;4076;17
6267;2001350;7;285907;1
6268;2001351;82;24406;59
6269;2001410;2001409;1;1
6270;2001411;13;153954;9
6271;2001420;7;285917;1
6272;2001421;14;142958;9
6273;2001430;3;667143;1
6274;2001431;102;19621;89
6275;2001520;3;667173;1
6276;2001521;1000721;2;79
6277;2001600;103;19433;1
6278;2001601;22;90981;19
6279;2001620;2001619;1;1
6280;2001621;94;21293;79
6281;2001700;3;667233;1
6282;2001701;250;8006;201
6283;2001902;11;181991;1
6284;2001903;43517;46;121
6285;2002024;3;667341;1
6286;2002025;16;125126;9
6287;2002034;11;182003;1
6288;2002035;13;154002;9
6289;2002044;83;24121;1
6290;2002045;8;250255;5
6291;2002050;7;286007;1
6292;2002051;14;143003;9
6293;2002060;3;667353;1
6294;2002061;13;154004;9
6295;2002070;293;6833;1
6296;2002071;127;15764;43
6297;2002114;3;667371;1
6298;2002115;19;105374;9
6299;2002124;43;46561;1
6300;2002125;12;166843;9
6301;2002134;7;286019;1
6302;2002135;30;66737;25
6303;2002160;2002159;1;1
6304;2002161;166843;12;45
6305;2002206;5;400441;1
6306;2002207;8;250275;7
6307;2002214;349;5737;1
6308;2002215;22;91009;17
6309;2002232;7;286033;1
6310;2002233;353;5672;17
6311;2002250;2002249;1;1
6312;2002251;250279;8;19
6313;2002270;3;667423;1
6314;2002271;45;44494;41
6315;2002312;3;667437;1
6316;2002313;16;125144;9
6317;2002322;31;64591;1
6318;2002323;333719;6;9
6319;2002332;2002331;1;1
6320;2002333;333721;6;7
6321;2002340;2002339;1;1
6322;2002341;333713;6;63
6323;2002404;13;154031;1
6324;2002405;121;16548;97
6325;2002502;919;2179;1
6326;2002503;19;105394;17
6327;2002520;59;33941;1
6328;2002521;82;24420;81
6329;2002602;211;9491;1
6330;2002603;24;83441;19
6331;2002622;2002621;1;1
6332;2002623;91;22006;77
6333;2002700;37;54127;1
6334;2002701;12;166891;9
6335;2002710;149;13441;1
6336;2002711;1001311;2;89
6337;2002800;2002799;1;1
6338;2002801;197;10166;99
6339;2002900;3;667633;1
6340;2002901;500699;4;105
6341;2003006;5;400601;1
6342;2003007;1001501;2;5
6343;2003012;2003011;1;1
6344;2003013;53;37792;37
6345;2003050;3;667683;1
6346;2003051;37;54136;19
6347;2003070;37;54137;1
6348;2003071;58;34535;41
6349;2003112;11;182101;1
6350;2003113;16;125194;9
6351;2003122;3;667707;1
6352;2003123;547;3662;9
6353;2003132;13;154087;1
6354;2003133;23;87092;17
6355;2003150;2003149;1;1
6356;2003151;1001551;2;49
6357;2003200;3;667733;1
6358;2003201;823;2434;19
6359;2003220;41;48859;1
6360;2003221;112;17885;101
6361;2003322;2003321;1;1
6362;2003323;97;20652;79
6363;2003402;463;4327;1
6364;2003403;250423;8;19
6365;2003422;3;667807;1
6366;2003423;8;250427;7
6367;2003430;739;2711;1
6368;2003431;122;16421;69
6369;2003500;3;667833;1
6370;2003501;500873;4;9
6371;2003510;2003509;1;1
6372;2003511;17573;114;189
6373;2003700;59;33961;1
6374;2003701;166949;12;313
6375;2004014;11;182183;1
6376;2004015;500977;4;107
6377;2004122;7;286303;1
6378;2004123;501029;4;7
6379;2004130;3;668043;1
6380;2004131;1002061;2;9
6381;2004140;19;105481;1
6382;2004141;12;167011;9
6383;2004150;7;286307;1
6384;2004151;1002049;2;53
6385;2004204;41;48883;1
6386;2004205;19;105484;9
6387;2004214;3;668071;1
6388;2004215;140;14315;115
6389;2004330;19;105491;1
6390;2004331;23;87144;19
6391;2004350;2004349;1;1
6392;2004351;60;33405;51
6393;2004402;7;286343;1
6394;2004403;14;143171;9
6395;2004412;3;668137;1
6396;2004413;167033;12;17
6397;2004430;3;668143;1
6398;2004431;112;17896;79
6399;2004510;13;154193;1
6400;2004511;203;9874;89
6401;2004600;401;4999;1
6402;2004601;373;5374;99
6403;2004700;3;668233;1
6404;2004701;400;5011;301
6405;2005002;2005001;1;1
6406;2005003;24;83541;19
6407;2005022;2005021;1;1
6408;2005023;8;250627;7
6409;2005030;3;668343;1
6410;2005031;40099;50;81
6411;2005112;31;64681;1
6412;2005113;112;17902;89
6413;2005202;11;182291;1
6414;2005203;334199;6;9
6415;2005212;13;154247;1
6416;2005213;14;143229;7
6417;2005220;43;46633;1
6418;2005221;92;21795;81
6419;2005302;23;87187;1
6420;2005303;47743;42;97
6421;2005400;11;182309;1
6422;2005401;644;3113;629
6423;2006030;37;54217;1
6424;2006031;271;7402;89
6425;2006120;17;118007;1
6426;2006121;12;167176;9
6427;2006130;23;87223;1
6428;2006131;43;46654;9
6429;2006140;3;668713;1
6430;2006141;124;16178;69
6431;2006210;53;37853;1
6432;2006211;11;182382;9
6433;2006220;127;15797;1
6434;2006221;13;154324;9
6435;2006230;3;668743;1
6436;2006231;78;25720;71
6437;2006302;3;668767;1
6438;2006303;8;250787;7
6439;2006310;1039;1931;1
6440;2006311;23327;86;189
6441;2006500;3;668833;1
6442;2006501;552;3634;533
6443;2007034;3;669011;1
6444;2007035;70;28671;65
6445;2007100;3;669033;1
6446;2007101;1243;1614;899
6447;2008000;3;669333;1
6448;2008001;677;2966;19
6449;2008020;13;154463;1
6450;2008021;1024;1960;981
6451;2009002;3;669667;1
6452;2009003;38;52868;19
6453;2009022;7;287003;1
6454;2009023;1034;1942;995
6455;2010018;2010017;1;1
6456;2010019;10;201001;9
6457;2010028;3;670009;1
6458;2010029;10;201002;9
6459;2010038;2010037;1;1
6460;2010039;502501;4;35
6461;2010074;13;154621;1
6462;2010075;502517;4;7
6463;2010082;3;670027;1
6464;2010083;11;182734;9
6465;2010092;233;8627;1
6466;2010093;24;83753;21
6467;2010114;7;287159;1
6468;2010115;14;143579;9
6469;2010124;3;670041;1
6470;2010125;163;12332;9
6471;2010134;31;64843;1
6472;2010135;201011;10;25
6473;2010160;3;670053;1
6474;2010161;1005049;2;63
6475;2010224;23;87401;1
6476;2010225;30;67007;15
6477;2010240;7;287177;1
6478;2010241;29;69318;19
6479;2010260;251;8009;1
6480;2010261;139;14462;43
6481;2010304;3;670101;1
6482;2010305;1005143;2;19
6483;2010324;7;287189;1
6484;2010325;42;47864;37
6485;2010362;23;87407;1
6486;2010363;1005161;2;41
6487;2010404;17;118259;1
6488;2010405;201037;10;35
6489;2010440;2010439;1;1
6490;2010441;12;167536;9
6491;2010450;7;287207;1
6492;2010451;14;143603;9
6493;2010460;3;670153;1
6494;2010461;127;15830;51
6495;2010512;257;7823;1
6496;2010513;59;34076;29
6497;2010542;13;154657;1
6498;2010543;80;25131;63
6499;2010606;5;402121;1
6500;2010607;236;8519;123
6501;2010730;3;670243;1
6502;2010731;22;91396;19
6503;2010750;13;154673;1
6504;2010751;100;20107;51
6505;2010802;3;670267;1
6506;2010803;17;118282;9
6507;2010812;11;182801;1
6508;2010813;502699;4;17
6509;2010830;887;2267;1
6510;2010831;78;25779;69
6511;2010900;11;182809;1
6512;2010901;124;16216;117
6513;2011018;3;670339;1
6514;2011019;20;100550;19
6515;2011038;7;287291;1
6516;2011039;8;251379;7
6517;2011046;5;402209;1
6518;2011047;35;57458;17
6519;2011064;29;69347;1
6520;2011065;26;77348;17
6521;2011082;2011081;1;1
6522;2011083;335173;6;45
6523;2011128;2011127;1;1
6524;2011129;22;91414;21
6525;2011150;3;670383;1
6526;2011151;125693;16;63
6527;2011214;101;19913;1
6528;2011215;201119;10;25
6529;2011240;3;670413;1
6530;2011241;16;125702;9
6531;2011250;31;64879;1
6532;2011251;335207;6;9
6533;2011260;2011259;1;1
6534;2011261;201121;10;51
6535;2011312;3;670437;1
6536;2011313;21;95776;17
6537;2011330;3;670443;1
6538;2011331;1005661;2;9
6539;2011340;11;182849;1
6540;2011341;12;167611;9
6541;2011350;757;2657;1
6542;2011351;100;20113;51
6543;2011402;3;670467;1
6544;2011403;103;19528;19
6545;2011422;191;10531;1
6546;2011423;8;251427;7
6547;2011430;7;287347;1
6548;2011431;106;18975;81
6549;2011512;19;105869;1
6550;2011513;239;8416;89
6551;2011602;2011601;1;1
6552;2011603;13;154738;9
6553;2011612;3;670537;1
6554;2011613;19;105874;7
6555;2011620;419;4801;1
6556;2011621;82;24531;79
6557;2011700;2011699;1;1
6558;2011701;225;8940;201
6559;2011902;227;8863;1
6560;2011903;18289;110;113
6561;2012016;5;402403;1
6562;2012017;103;19534;15
6563;2012032;3;670677;1
6564;2012033;1006007;2;19
6565;2012052;79;25469;1
6566;2012053;48;41917;37
6567;2012090;199;10111;1
6568;2012091;143719;14;25
6569;2012116;3;670705;1
6570;2012117;40;50302;37
6571;2012154;11;182923;1
6572;2012155;443;4542;49
6573;2012204;2012203;1;1
6574;2012205;12;167683;9
6575;2012214;7;287459;1
6576;2012215;100609;20;35
6577;2012250;109;18461;1
6578;2012251;67073;30;61
6579;2012312;7;287473;1
6580;2012313;1006153;2;7
6581;2012320;3;670773;1
6582;2012321;1006151;2;19
6583;2012340;7;287477;1
6584;2012341;67;30034;63
6585;2012404;3;670801;1
6586;2012405;239;8420;25
6587;2012430;2012429;1;1
6588;2012431;1006171;2;89
6589;2012520;2012519;1;1
6590;2012521;16;125782;9
6591;2012530;3;670843;1
6592;2012531;281;7162;9
6593;2012540;181;11119;1
6594;2012541;72;27951;69
6595;2012610;491;4099;1
6596;2012611;1006301;2;9
6597;2012620;3;670873;1
6598;2012621;14;143758;9
6599;2012630;29;69401;1
6600;2012631;102;19731;69
6601;2012700;13;154823;1
6602;2012701;503123;4;209
6603;2012910;2012909;1;1
6604;2012911;353;5702;105
6605;2013016;3;671005;1
6606;2013017;10;201301;7
6607;2013024;2013023;1;1
6608;2013025;23;87522;19
6609;2013044;2013043;1;1
6610;2013045;18;111835;15
6611;2013060;37;54407;1
6612;2013061;68;29603;57
6613;2013118;3;671039;1
6614;2013119;6;335519;5
6615;2013124;3;671041;1
6616;2013125;38;52976;37
6617;2013162;1399;1439;1
6618;2013163;21;95864;19
6619;2013182;2013181;1;1
6620;2013183;38;52978;19
6621;2013202;3;671067;1
6622;2013203;73;27578;9
6623;2013212;157;12823;1
6624;2013213;13;154862;7
6625;2013220;3;671073;1
6626;2013221;251;8020;201
6627;2013422;401;5021;1
6628;2013423;104;19359;87
6629;2013510;503;4003;1
6630;2013511;116;17357;99
6631;2013610;3;671203;1
6632;2013611;28;71914;19
6633;2013630;53;37993;1
6634;2013631;545;3694;401
6635;2014032;2014031;1;1
6636;2014033;503501;4;29
6637;2014062;7;287723;1
6638;2014063;45;44756;43
6639;2014106;5;402821;1
6640;2014107;10;201410;7
6641;2014114;3;671371;1
6642;2014115;53;38002;9
6643;2014124;883;2281;1
6644;2014125;12;167843;9
6645;2014134;11;183103;1
6646;2014135;44;45775;35
6647;2014170;37;54437;1
6648;2014171;62;32486;39
6649;2014210;3;671403;1
6650;2014211;23;87574;9
6651;2014220;2014219;1;1
6652;2014221;12;167851;9
6653;2014230;7;287747;1
6654;2014231;101;19942;89
6655;2014320;59;34141;1
6656;2014321;389;5178;79
6657;2014400;19;106021;1
6658;2014401;107;18826;19
6659;2014420;3;671473;1
6660;2014421;122;16511;79
6661;2014500;2014499;1;1
6662;2014501;20143;100;201
6663;2014702;3;671567;1
6664;2014703;503593;4;331
6665;2015034;2015033;1;1
6666;2015035;10;201503;5
6667;2015040;13;155003;1
6668;2015041;167;12066;19
6669;2015060;571;3529;1
6670;2015061;62969;32;53
6671;2015114;53;38021;1
6672;2015115;251887;8;19
6673;2015134;3;671711;1
6674;2015135;8;251891;7
6675;2015142;2015141;1;1
6676;2015143;349;5774;17
6677;2015160;19;106061;1
6678;2015161;503779;4;45
6679;2015206;3;671735;1
6680;2015207;18;111955;17
6681;2015224;3;671741;1
6682;2015225;16787;120;785
6683;2016010;3;672003;1
6684;2016011;22;91636;19
6685;2016030;2016029;1;1
6686;2016031;101;19960;71
6687;2016102;2016101;1;1
6688;2016103;1008043;2;17
6689;2016120;7;288017;1
6690;2016121;138;14609;79
6691;2016200;2016199;1;1
6692;2016201;12;168016;9
6693;2016210;13;155093;1
6694;2016211;1008101;2;9
6695;2016220;3;672073;1
6696;2016221;67181;30;791
6697;2017012;3;672337;1
6698;2017013;91;22164;89
6699;2017102;3;672367;1
6700;2017103;1008503;2;97
6701;2017200;659;3061;1
6702;2017201;4049;498;799
6703;2018000;263;7673;1
6704;2018001;44;45863;29
6705;2018030;13;155233;1
6706;2018031;71;28422;69
6707;2018100;983;2053;1
6708;2018101;340;5935;201
6709;2018302;3;672767;1
6710;2018303;1228;1643;699
6711;2019002;2019001;1;1
6712;2019003;32563;62;97
6713;2019100;3;673033;1
6714;2019101;249;8108;209
6715;2019310;3;673103;1
6716;2019311;1009303;2;705
6717;2020016;5;404003;1
6718;2020017;20;101000;17
6719;2020034;89;22697;1
6720;2020035;336671;6;9
6721;2020044;2020043;1;1
6722;2020045;103;19612;9
6723;2020054;3;673351;1
6724;2020055;79;25570;25
6725;2020080;2020079;1;1
6726;2020081;73;27672;25
6727;2020106;5;404021;1
6728;2020107;28;72146;19
6729;2020126;3;673375;1
6730;2020127;8;252515;7
6731;2020134;881;2293;1
6732;2020135;19;106322;17
6733;2020152;7;288593;1
6734;2020153;23;87832;17
6735;2020170;29;69661;1
6736;2020171;24;84173;19
6737;2020190;127;15907;1
6738;2020191;1010083;2;25
6739;2020216;3;673405;1
6740;2020217;73;27674;15
6741;2020232;2020231;1;1
6742;2020233;12;168352;9
6743;2020242;317;6373;1
6744;2020243;41;49274;9
6745;2020252;3;673417;1
6746;2020253;17;118838;7
6747;2020260;61;33119;1
6748;2020261;88;22957;45
6749;2020306;3;673435;1
6750;2020307;14;144307;9
6751;2020316;5;404063;1
6752;2020317;10;202031;7
6753;2020324;3;673441;1
6754;2020325;168353;12;89
6755;2020414;3;673471;1
6756;2020415;6;336735;5
6757;2020420;3;673473;1
6758;2020421;181;11162;99
6759;2020520;53;38123;1
6760;2020521;12;168376;9
6761;2020530;7;288647;1
6762;2020531;14;144323;9
6763;2020540;3;673513;1
6764;2020541;89;22702;63
6765;2020604;13;155431;1
6766;2020605;128;15785;125
6767;2020730;2020729;1;1
6768;2020731;337;5996;79
6769;2020810;3;673603;1
6770;2020811;37;54616;19
6771;2020830;37;54617;1
6772;2020831;199;10154;185
6773;2021016;5;404203;1
6774;2021017;10;202101;7
6775;2021024;197;10259;1
6776;2021025;26;77731;19
6777;2021044;3;673681;1
6778;2021045;34;59442;17
6779;2021062;3;673687;1
6780;2021063;181;11166;17
6781;2021080;3;673693;1
6782;2021081;41;49294;27
6783;2021108;11;183737;1
6784;2021109;26;77734;25
6785;2021134;3;673711;1
6786;2021135;26;77735;25
6787;2021160;7;288737;1
6788;2021161;14;144368;9
6789;2021170;3;673723;1
6790;2021171;11;183742;9
6791;2021180;2021179;1;1
6792;2021181;62;32599;43
6793;2021224;3;673741;1
6794;2021225;16;126326;9
6795;2021234;281;7193;1
6796;2021235;336871;6;9
6797;2021244;7;288749;1
6798;2021245;8;252655;5
6799;2021250;17;118897;1
6800;2021251;29;69698;9
6801;2021260;3;673753;1
6802;2021261;505313;4;9
6803;2021270;277;7297;1
6804;2021271;44;45937;43
6805;2021314;3;673771;1
6806;2021315;14;144379;9
6807;2021324;67;30169;1
6808;2021325;11;183756;9
6809;2021334;2021333;1;1
6810;2021335;30;67377;25
6811;2021360;709;2851;1
6812;2021361;56;36095;41
6813;2021402;23;87887;1
6814;2021403;13;155492;7
6815;2021410;3;673803;1
6816;2021411;17;118906;9
6817;2021420;17;118907;1
6818;2021421;12;168451;9
6819;2021430;19;106391;1
6820;2021431;84223;24;79
6821;2021510;7;288787;1
6822;2021511;77747;26;89
6823;2021600;2021599;1;1
6824;2021601;1010791;2;19
6825;2021620;3;673873;1
6826;2021621;111;18212;89
6827;2021710;3;673903;1
6828;2021711;335;6034;321
6829;2022032;11;183821;1
6830;2022033;505501;4;29
6831;2022062;193;10477;1
6832;2022063;75;26960;63
6833;2022126;5;404425;1
6834;2022127;28;72218;23
6835;2022150;2022149;1;1
6836;2022151;252761;8;63
6837;2022214;3;674071;1
6838;2022215;37;54654;17
6839;2022232;3;674077;1
6840;2022233;569;3554;7
6841;2022240;2022239;1;1
6842;2022241;47;43026;19
6843;2022260;547;3697;1
6844;2022261;64;31597;53
6845;2022314;181;11173;1
6846;2022315;449;4504;19
6847;2022334;3;674111;1
6848;2022335;6;337055;5
6849;2022340;3;674113;1
6850;2022341;74;27328;69
6851;2022410;31;65239;1
6852;2022411;73;27704;19
6853;2022430;3;674143;1
6854;2022431;76;26610;71
6855;2022502;3;674167;1
6856;2022503;337081;6;17
6857;2022520;3;674173;1
6858;2022521;1011221;2;79
6859;2022600;197;10267;1
6860;2022601;11;183872;9
6861;2022610;3;674203;1
6862;2022611;127;15926;9
6863;2022620;2022619;1;1
6864;2022621;1011271;2;79
6865;2022700;3;674233;1
6866;2022701;14;144478;9
6867;2022710;13;155593;1
6868;2022711;521;3882;189
6869;2022900;41;49339;1
6870;2022901;53231;38;123
6871;2023024;3;674341;1
6872;2023025;22;91955;15
6873;2023040;113;17903;1
6874;2023041;41;49342;19
6875;2023060;3;674353;1
6876;2023061;1011509;2;43
6877;2023104;23;87961;1
6878;2023105;26;77811;19
6879;2023124;37;54679;1
6880;2023125;126443;16;37
6881;2023162;3;674387;1
6882;2023163;62;32631;41
6883;2023204;3;674401;1
6884;2023205;51;39670;35
6885;2023240;3;674413;1
6886;2023241;16;126452;9
6887;2023250;151;13399;1
6888;2023251;13;155634;9
6889;2023260;7;289037;1
6890;2023261;70;28903;51
6891;2023312;3;674437;1
6892;2023313;139;14556;29
6893;2023342;3;674447;1
6894;2023343;70;28904;63
6895;2023406;5;404681;1
6896;2023407;682;2966;595
6897;2024002;3;674667;1
6898;2024003;14;144571;9
6899;2024012;11;184001;1
6900;2024013;12;168667;9
6901;2024022;31;65291;1
6902;2024023;164;12341;99
6903;2024122;3;674707;1
6904;2024123;138;14667;77
6905;2024200;3;674733;1
6906;2024201;16;126512;9
6907;2024210;11;184019;1
6908;2024211;337367;6;9
6909;2024220;2024219;1;1
6910;2024221;359;5638;179
6911;2024400;13;155723;1
6912;2024401;197;10276;29
6913;2024430;11;184039;1
6914;2024431;850;2381;581
6915;2025012;1039;1949;1
6916;2025013;317;6388;17
6917;2025030;2025029;1;1
6918;2025031;182;11126;99
6919;2025130;3;675043;1
6920;2025131;163;12424;19
6921;2025150;7;289307;1
6922;2025151;64;31642;63
6923;2025214;3;675071;1
6924;2025215;116;17458;87
6925;2025302;269;7529;1
6926;2025303;142;14262;99
6927;2025402;7;289343;1
6928;2025403;144629;14;597
6929;2026000;3;675333;1
6930;2026001;36;56277;29
6931;2026030;3;675343;1
6932;2026031;101293;20;171
6933;2026202;29;69869;1
6934;2026203;17;119188;7
6935;2026210;3;675403;1
6936;2026211;227;8926;9
6937;2026220;13;155863;1
6938;2026221;12;168851;9
6939;2026230;2026229;1;1
6940;2026231;76;26660;71
6941;2026302;389;5209;1
6942;2026303;800;2532;703
6943;2027006;5;405401;1
6944;2027007;134;15126;123
6945;2027130;13;155933;1
6946;2027131;108;18769;79
6947;2027210;2027209;1;1
6948;2027211;43;47144;19
6949;2027230;3;675743;1
6950;2027231;122;16616;79
6951;2027310;2027309;1;1
6952;2027311;419;4838;189
6953;2027500;3;675833;1
6954;2027501;506873;4;9
6955;2027510;11;184319;1
6956;2027511;337837;6;489
6957;2028000;29;69931;1
6958;2028001;22;92181;19
6959;2028020;7;289717;1
6960;2028021;34949;58;979
6961;2029000;3;676333;1
6962;2029001;14;144928;9
6963;2029010;193;10513;1
6964;2029011;338167;6;9
6965;2029020;2029019;1;1
6966;2029021;293;6924;289
6967;2029310;577;3517;1
6968;2029311;1194;1699;705
6969;2030016;5;406003;1
6970;2030017;38;53421;19
6971;2030036;5;406007;1
6972;2030037;40;50750;37
6973;2030074;3;676691;1
6974;2030075;94;21596;51
6975;2030126;5;406025;1
6976;2030127;66;30759;33
6977;2030160;31;65489;1
6978;2030161;52;39041;29
6979;2030190;7;290027;1
6980;2030191;56393;36;43
6981;2030234;23;88271;1
6982;2030235;507557;4;7
6983;2030242;3;676747;1
6984;2030243;67;30302;9
6985;2030252;2030251;1;1
6986;2030253;12;169187;9
6987;2030262;29;70009;1
6988;2030263;45;45116;43
6989;2030306;5;406061;1
6990;2030307;338383;6;9
6991;2030316;5;406063;1
6992;2030317;14;145022;9
6993;2030326;3;676775;1
6994;2030327;22;92287;13
6995;2030340;251;8089;1
6996;2030341;1015139;2;63
6997;2030404;3;676801;1
6998;2030405;67;30304;37
6999;2030442;7;290063;1
7000;2030443;22;92292;19
7001;2030462;2030461;1;1
7002;2030463;73;27814;41
7003;2030504;43;47221;1
7004;2030505;12;169208;9
7005;2030514;2030513;1;1
7006;2030515;281;7226;9
7007;2030524;3;676841;1
7008;2030525;18;112806;17
7009;2030542;3;676847;1
7010;2030543;74;27439;57
7011;2030600;17;119447;1
7012;2030601;12;169216;9
7013;2030610;7;290087;1
7014;2030611;14;145043;9
7015;2030620;3;676873;1
7016;2030621;338407;6;179
7017;2030800;3;676933;1
7018;2030801;229;8868;29
7019;2030830;3;676943;1
7020;2030831;131;15502;69
7021;2030900;13;156223;1
7022;2030901;168;12088;117
7023;2031018;41;49537;1
7024;2031019;20;101550;19
7025;2031038;2031037;1;1
7026;2031039;1015517;2;5
7027;2031044;7;290149;1
7028;2031045;56;36268;37
7029;2031082;3;677027;1
7030;2031083;22;92321;21
7031;2031104;2031103;1;1
7032;2031105;211;9626;19
7033;2031124;3;677041;1
7034;2031125;126943;16;37
7035;2031162;11;184651;1
7036;2031163;76;26725;63
7037;2031226;3;677075;1
7038;2031227;507803;4;15
7039;2031242;277;7333;1
7040;2031243;26;78124;19
7041;2031262;3;677087;1
7042;2031263;8;253907;7
7043;2031270;2031269;1;1
7044;2031271;507809;4;35
7045;2031306;5;406261;1
7046;2031307;21;96728;19
7047;2031326;5;406265;1
7048;2031327;8;253915;7
7049;2031334;3;677111;1
7050;2031335;18;112851;17
7051;2031352;3;677117;1
7052;2031353;60;33855;53
7053;2031406;3;677135;1
7054;2031407;37;54902;33
7055;2031440;479;4241;1
7056;2031441;263;7724;29
7057;2031470;11;184679;1
7058;2031471;72551;28;43
7059;2031514;3;677171;1
7060;2031515;29;70052;7
7061;2031522;23;88327;1
7062;2031523;89;22826;9
7063;2031532;3;677177;1
7064;2031533;11;184684;9
7065;2031542;2031541;1;1
7066;2031543;66;30780;63
7067;2031606;5;406321;1
7068;2031607;53453;38;393
7069;2032000;3;677333;1
7070;2032001;1015991;2;19
7071;2032020;11;184729;1
7072;2032021;110;18472;101
7073;2032122;7;290303;1
7074;2032123;145139;14;177
7075;2032300;3;677433;1
7076;2032301;508073;4;9
7077;2032310;43;47263;1
7078;2032311;241;8432;199
7079;2032510;3;677503;1
7080;2032511;11953;170;501
7081;2033012;31;65581;1
7082;2033013;128;15882;117
7083;2033130;7;290447;1
7084;2033131;24;84713;19
7085;2033150;17;119597;1
7086;2033151;508273;4;59
7087;2033210;19;107011;1
7088;2033211;84713;24;99
7089;2033310;2033309;1;1
7090;2033311;1016611;2;89
7091;2033400;19;107021;1
7092;2033401;1016401;2;599
7093;2034000;11;184909;1
7094;2034001;31;65612;29
7095;2034030;43;47303;1
7096;2034031;50849;40;71
7097;2034102;17;119653;1
7098;2034103;262;7763;197
7099;2034300;53;38383;1
7100;2034301;775;2624;701
7101;2035002;2035001;1;1
7102;2035003;113;18008;99
7103;2035102;3;678367;1
7104;2035103;8;254387;7
7105;2035110;19;107111;1
7106;2035111;4976;408;4903
7107;2040014;347;5879;1
7108;2040015;203999;10;25
7109;2040040;3;680013;1
7110;2040041;16;127502;9
7111;2040050;11;185459;1
7112;2040051;340007;6;9
7113;2040060;7;291437;1
7114;2040061;64;31875;61
7115;2040122;29;70349;1
7116;2040123;109;18716;79
7117;2040202;3;680067;1
7118;2040203;255023;8;19
7119;2040222;17;120013;1
7120;2040223;8;255027;7
7121;2040230;2040229;1;1
7122;2040231;87;23450;81
7123;2040312;7;291473;1
7124;2040313;85009;24;97
7125;2040410;7;291487;1
7126;2040411;307;6646;89
7127;2040500;1201;1699;1
7128;2040501;242;8431;199
7129;2040700;3;680233;1
7130;2040701;14369;142;303
7131;2041004;17;120059;1
7132;2041005;12;170083;9
7133;2041014;13;157001;1
7134;2041015;38;53710;35
7135;2041050;29;70381;1
7136;2041051;170081;12;79
7137;2041130;2041129;1;1
7138;2041131;23;88744;19
7139;2041150;3;680383;1
7140;2041151;64;31892;63
7141;2041214;277;7369;1
7142;2041215;16;127575;15
7143;2041230;853;2393;1
7144;2041231;27583;74;89
7145;2041320;7;291617;1
7146;2041321;13;157024;9
7147;2041330;3;680443;1
7148;2041331;19;107438;9
7149;2041340;29;70391;1
7150;2041341;118;17299;59
7151;2041400;353;5783;1
7152;2041401;166;12297;99
7153;2041500;181;11279;1
7154;2041501;520;3925;501
7155;2042002;3;680667;1
7156;2042003;1020997;2;9
7157;2042012;223;9157;1
7158;2042013;17;120118;7
7159;2042020;3;680673;1
7160;2042021;25523;80;181
7161;2042202;7;291743;1
7162;2042203;12;170183;7
7163;2042210;13;157093;1
7164;2042211;107;19086;9
7165;2042220;61;33479;1
7166;2042221;510553;4;9
7167;2042230;3;680743;1
7168;2042231;36467;56;79
7169;2042310;107;19087;1
7170;2042311;44383;46;693
7171;2043004;3;681001;1
7172;2043005;6;340500;5
7173;2043010;3;681003;1
7174;2043011;13;157154;9
7175;2043020;11;185729;1
7176;2043021;12;170251;9
7177;2043030;37;55217;1
7178;2043031;92861;22;89
7179;2043120;13;157163;1
7180;2043121;152;13441;89
7181;2043210;7;291887;1
7182;2043211;24;85133;19
7183;2043230;59;34631;1
7184;2043231;99;20638;69
7185;2043300;67;30497;1
7186;2043301;21277;96;709
7187;2044010;11;185819;1
7188;2044011;255499;8;19
7189;2044030;3;681343;1
7190;2044031;127747;16;79
7191;2044110;31;65939;1
7192;2044111;1021561;2;989
7193;2045100;7;292157;1
7194;2045101;14;146078;9
7195;2045110;3;681703;1
7196;2045111;127807;16;199
7197;2045310;7;292187;1
7198;2045311;1846;1107;1789
7199;2047100;37;55327;1
7200;2047101;3977;514;2923
7201;2050024;3;683341;1
7202;2050025;16;128126;9
7203;2050034;2050033;1;1
7204;2050035;11;186366;9
7205;2050044;19;107897;1
7206;2050045;163;12576;157
7207;2050202;733;2797;1
7208;2050203;71;28876;7
7209;2050210;3;683403;1
7210;2050211;11;186382;9
7211;2050220;2050219;1;1
7212;2050221;12;170851;9
7213;2050230;2050229;1;1
7214;2050231;283;7244;179
7215;2050410;71;28879;1
7216;2050411;24;85433;19
7217;2050430;37;55417;1
7218;2050431;128147;16;79
7219;2050510;3;683503;1
7220;2050511;687;2984;503
7221;2051014;3;683671;1
7222;2051015;79;25962;17
7223;2051032;3;683677;1
7224;2051033;1025513;2;7
7225;2051040;103;19913;1
7226;2051041;31;66162;19
7227;2051060;2051059;1;1
7228;2051061;72;28486;69
7229;2051130;431;4759;1
7230;2051131;170921;12;79
7231;2051210;23;89183;1
7232;2051211;22;93236;19
7233;2051230;3;683743;1
7234;2051231;120;17093;71
7235;2051302;3;683767;1
7236;2051303;29;70734;17
7237;2051320;3;683773;1
7238;2051321;206;9957;179
7239;2051500;3;683833;1
7240;2051501;17;120676;9
7241;2051510;17;120677;1
7242;2051511;1025509;2;493
7243;2052004;3;684001;1
7244;2052005;68399;30;35
7245;2052040;3;684013;1
7246;2052041;16;128252;9
7247;2052050;2052049;1;1
7248;2052051;71;28902;9
7249;2052060;2052059;1;1
7250;2052061;25639;80;941
7251;2053002;2053001;1;1
7252;2053003;24;85541;19
7253;2053022;2053021;1;1
7254;2053023;8;256627;7
7255;2053030;3;684343;1
7256;2053031;95;21610;81
7257;2053112;2053111;1;1
7258;2053113;257;7988;197
7259;2053310;179;11471;1
7260;2053311;844;2432;703
7261;2054014;3;684671;1
7262;2054015;16;128375;15
7263;2054030;31;66259;1
7264;2054031;178;11539;89
7265;2054120;197;10427;1
7266;2054121;12;171176;9
7267;2054130;7;293447;1
7268;2054131;14;146723;9
7269;2054140;3;684713;1
7270;2054141;1252;1640;861
7271;2055002;13;158077;1
7272;2055003;513749;4;7
7273;2055010;3;685003;1
7274;2055011;19;108158;9
7275;2055020;2055019;1;1
7276;2055021;12;171251;9
7277;2055030;59;34831;1
7278;2055031;28541;72;79
7279;2055110;7;293587;1
7280;2055111;1156;1777;899
7281;2056010;19;108211;1
7282;2056011;233;8824;19
7283;2056030;3;685343;1
7284;2056031;134;15343;69
7285;2056100;17;120947;1
7286;2056101;4016;511;3925
7287;2060026;3;686675;1
7288;2060027;22;93637;13
7289;2060040;883;2333;1
7290;2060041;13;158464;9
7291;2060050;3;686683;1
7292;2060051;1030021;2;9
7293;2060060;2060059;1;1
7294;2060061;46;44783;43
7295;2060104;3;686701;1
7296;2060105;16;128756;9
7297;2060114;11;187283;1
7298;2060115;131;15726;9
7299;2060124;13;158471;1
7300;2060125;9;228902;7
7301;2060132;29;71039;1
7302;2060133;83;24820;73
7303;2060206;3;686735;1
7304;2060207;641;3214;33
7305;2060240;701;2939;1
7306;2060241;44;46823;29
7307;2060270;53;38873;1
7308;2060271;27107;76;139
7309;2060410;3;686803;1
7310;2060411;257539;8;99
7311;2060510;11;187319;1
7312;2060511;874;2357;493
7313;2061004;3;687001;1
7314;2061005;14;147214;9
7315;2061014;2061013;1;1
7316;2061015;43;47930;25
7317;2061040;3;687013;1
7318;2061041;68699;30;71
7319;2061112;3;687037;1
7320;2061113;24;85879;17
7321;2061130;3;687043;1
7322;2061131;257639;8;19
7323;2061150;2061149;1;1
7324;2061151;100;20611;51
7325;2061202;3;687067;1
7326;2061203;349;5906;9
7327;2061212;197;10463;1
7328;2061213;14;147229;7
7329;2061220;3;687073;1
7330;2061221;403;5114;279
7331;2061500;11;187409;1
7332;2061501;661;3118;503
7333;2062004;2062003;1;1
7334;2062005;277;7444;17
7335;2062022;13;158617;1
7336;2062023;1031003;2;17
7337;2062040;7;294577;1
7338;2062041;147283;14;79
7339;2062120;3;687373;1
7340;2062121;13;158624;9
7341;2062130;2062129;1;1
7342;2062131;343687;6;9
7343;2062140;379;5441;1
7344;2062141;94;21937;63
7345;2062204;3;687401;1
7346;2062205;6;343700;5
7347;2062210;3;687403;1
7348;2062211;17;121306;9
7349;2062220;17;121307;1
7350;2062221;12;171851;9
7351;2062230;13;158633;1
7352;2062231;677;3046;89
7353;2062320;7;294617;1
7354;2062321;9371;220;701
7355;2063022;2063021;1;1
7356;2063023;257867;8;87
7357;2063110;3;687703;1
7358;2063111;26449;78;89
7359;2063200;3;687733;1
7360;2063201;22;93781;19
7361;2063220;181;11399;1
7362;2063221;122;16911;79
7363;2063300;7;294757;1
7364;2063301;703;2934;699
7365;2064000;7;294857;1
7366;2064001;343997;6;19
7367;2064020;151;13669;1
7368;2064021;25799;80;101
7369;2064122;2064121;1;1
7370;2064123;551;3746;77
7371;2064200;2064199;1;1
7372;2064201;12;172016;9
7373;2064210;7;294887;1
7374;2064211;14;147443;9
7375;2064220;3;688073;1
7376;2064221;85;24284;81
7377;2064302;43;48007;1
7378;2064303;6862;300;5703
7379;2070006;5;414001;1
7380;2070007;28;73928;23
7381;2070030;13;159233;1
7382;2070031;147853;14;89
7383;2070120;1381;1499;1
7384;2070121;11;188192;9
7385;2070130;3;690043;1
7386;2070131;1035061;2;9
7387;2070140;443;4673;1
7388;2070141;72;28751;69
7389;2070210;17;121777;1
7390;2070211;19;108958;9
7391;2070220;3;690073;1
7392;2070221;517553;4;9
7393;2070230;7;295747;1
7394;2070231;80;25877;71
7395;2070302;2070301;1;1
7396;2070303;8;258787;7
7397;2070310;3;690103;1
7398;2070311;1035061;2;189
7399;2070500;73;28363;1
7400;2070501;743;2786;503
7401;2071004;11;188273;1
7402;2071005;1035499;2;7
7403;2071012;3;690337;1
7404;2071013;517729;4;97
7405;2071110;109;19001;1
7406;2071111;22511;92;99
7407;2071210;3;690403;1
7408;2071211;199;10408;19
7409;2071230;17;121837;1
7410;2071231;805;2572;771
7411;2072002;3;690667;1
7412;2072003;17;121882;9
7413;2072012;17;121883;1
7414;2072013;11;188364;9
7415;2072022;7;296003;1
7416;2072023;1035973;2;77
7417;2072100;41;50539;1
7418;2072101;20719;100;201
7419;2072302;3;690767;1
7420;2072303;208;9962;207
7421;2072510;41;50549;1
7422;2072511;2791;742;1589
7423;2074100;227;9137;1
7424;2074101;6894;300;5901
7425;2080002;7;297143;1
7426;2080003;14;148571;9
7427;2080012;3;693337;1
7428;2080013;331;6284;9
7429;2080022;2080021;1;1
7430;2080023;137;15182;89
7431;2080112;11;189101;1
7432;2080113;346669;6;99
7433;2080212;7;297173;1
7434;2080213;41;50736;37
7435;2080250;211;9859;1
7436;2080251;60;34670;51
7437;2080302;337;6173;1
7438;2080303;202;10298;107
7439;2080410;17;122377;1
7440;2080411;96;21670;91
7441;2080502;2080501;1;1
7442;2080503;1040153;2;197
7443;2080700;2080699;1;1
7444;2080701;35869;58;299
7445;2081000;31;67129;1
7446;2081001;12;173416;9
7447;2081010;7;297287;1
7448;2081011;11;189182;9
7449;2081020;3;693673;1
7450;2081021;1128;1844;989
7451;2082010;3;694003;1
7452;2082011;113;18424;99
7453;2082110;17;122477;1
7454;2082111;20411;102;189
7455;2082300;97;21467;1
7456;2082301;9974;208;7709
7457;2090010;2090009;1;1
7458;2090011;96;21770;91
7459;2090102;13;160777;1
7460;2090103;1045003;2;97
7461;2090200;3;696733;1
7462;2090201;161;12982;99
7463;2090300;31;67429;1
7464;2090301;804;2599;705
7465;2091006;5;418201;1
7466;2091007;149351;14;93
7467;2091100;3;697033;1
7468;2091101;1400;1493;901
7469;2092002;991;2111;1
7470;2092003;1045997;2;9
7471;2092012;3;697337;1
7472;2092013;31;67484;9
7473;2092022;2092021;1;1
7474;2092023;522761;4;979
7475;2093002;3;697667;1
7476;2093003;397;5272;19
7477;2093022;7;299003;1
7478;2093023;8;261627;7
7479;2093030;2093029;1;1
7480;2093031;27527;76;979
7481;2094010;3;698003;1
7482;2094011;1284;1630;1091
7483;2095102;3;698367;1
7484;2095103;6184;338;4911
7485;2100014;19;110527;1
7486;2100015;30881;68;107
7487;2100122;2100121;1;1
7488;2100123;525029;4;7
7489;2100130;3;700043;1
7490;2100131;29;72418;9
7491;2100140;769;2731;1
7492;2100141;12;175011;9
7493;2100150;83;25303;1
7494;2100151;77;27274;53
7495;2100204;7;300029;1
7496;2100205;14;150014;9
7497;2100214;3;700071;1
7498;2100215;115;18262;85
7499;2100300;17;123547;1
7500;2100301;43;48844;9
7501;2100310;3;700103;1
7502;2100311;109;19268;99
7503;2100410;2100409;1;1
7504;2100411;3559;590;601
7505;2101012;3;700337;1
7506;2101013;131311;16;37
7507;2101050;59;35611;1
7508;2101051;525247;4;63
7509;2101114;3;700371;1
7510;2101115;20;105055;15
7511;2101130;2101129;1;1
7512;2101131;26;80812;19
7513;2101150;3;700383;1
7514;2101151;88;23876;63
7515;2101214;2101213;1;1
7516;2101215;8;262651;7
7517;2101222;3;700407;1
7518;2101223;61;34446;17
7519;2101240;3;700413;1
7520;2101241;175039;12;773
7521;2102014;3;700671;1
7522;2102015;262741;8;87
7523;2102102;17;123653;1
7524;2102103;108;19463;99
7525;2102202;2102201;1;1
7526;2102203;1361;1544;819
7527;2103022;3;701007;1
7528;2103023;88;23897;87
7529;2103110;29;72521;1
7530;2103111;58417;36;99
7531;2103210;139;15131;1
7532;2103211;21;100152;19
7533;2103230;2103229;1;1
7534;2103231;781;2692;779
7535;2104010;127;16567;1
7536;2104011;22;95636;19
7537;2104030;3;701343;1
7538;2104031;131497;16;79
7539;2104110;7;300587;1
7540;2104111;1051961;2;189
7541;2104300;3;701433;1
7542;2104301;526073;4;9
7543;2104310;547;3847;1
7544;2104311;1051811;2;689
7545;2105000;13;161923;1
7546;2105001;12;175416;9
7547;2105010;2105009;1;1
7548;2105011;59;35678;9
7549;2105020;3;701673;1
7550;2105021;256;8222;189
7551;2105210;2105209;1;1
7552;2105211;239;8808;99
7553;2105310;41;51349;1
7554;2105311;16411;128;4703
7555;2110014;1117;1889;1
7556;2110015;7;301430;5
7557;2110020;2110019;1;1
7558;2110021;34031;62;99
7559;2110120;3;703373;1
7560;2110121;16;131882;9
7561;2110130;7;301447;1
7562;2110131;14;150723;9
7563;2110140;31;68069;1
7564;2110141;1055039;2;63
7565;2110204;3;703401;1
7566;2110205;128;16485;125
7567;2110330;3;703443;1
7568;2110331;527563;4;79
7569;2110410;7;301487;1
7570;2110411;24;87933;19
7571;2110430;97;21757;1
7572;2110431;596;3540;591
7573;2111022;11;191911;1
7574;2111023;527729;4;107
7575;2111130;2111129;1;1
7576;2111131;85;24836;71
7577;2111202;673;3137;1
7578;2111203;1055597;2;9
7579;2111212;3;703737;1
7580;2111213;19;111116;9
7581;2111222;7;301603;1
7582;2111223;94;22459;77
7583;2111300;19;111121;1
7584;2111301;106;19917;99
7585;2111400;97;21767;1
7586;2111401;16;131962;9
7587;2111410;3;703803;1
7588;2111411;709;2978;9
7589;2111420;2111419;1;1
7590;2111421;131927;16;589
7591;2112010;3;704003;1
7592;2112011;41;51512;19
7593;2112030;17;124237;1
7594;2112031;74;28540;71
7595;2112102;83;25447;1
7596;2112103;47;44938;17
7597;2112120;487;4337;1
7598;2112121;352007;6;79
7599;2112200;17;124247;1
7600;2112201;12;176016;9
7601;2112210;11;192019;1
7602;2112211;109;19378;9
7603;2112220;3;704073;1
7604;2112221;1056071;2;79
7605;2112300;7;301757;1
7606;2112301;13;162484;9
7607;2112310;3;704103;1
7608;2112311;1056061;2;189
7609;2112500;2112499;1;1
7610;2112501;937;2254;503
7611;2113004;2113003;1;1
7612;2113005;12;176083;9
7613;2113014;7;301859;1
7614;2113015;66029;32;87
7615;2113102;3;704367;1
7616;2113103;150929;14;97
7617;2113200;11;192109;1
7618;2113201;158;13374;109
7619;2113310;11;192119;1
7620;2113311;25771;82;89
7621;2113400;2113399;1;1
7622;2113401;352217;6;99
7623;2113500;137;15427;1
7624;2113501;7000;301;6501
7625;2120002;3;706667;1
7626;2120003;61;34754;9
7627;2120012;127;16693;1
7628;2120013;12;176667;9
7629;2120022;2120021;1;1
7630;2120023;529981;4;99
7631;2120122;3;706707;1
7632;2120123;228;9298;179
7633;2120302;3;706767;1
7634;2120303;156;13591;107
7635;2120410;3;706803;1
7636;2120411;107;19816;99
7637;2120510;29;73121;1
7638;2120511;222;9551;189
7639;2120700;7;302957;1
7640;2120701;212039;10;311
7641;2121012;2121011;1;1
7642;2121013;530249;4;17
7643;2121030;2121029;1;1
7644;2121031;118;17974;99
7645;2121130;3;707043;1
7646;2121131;28;75754;19
7647;2121150;661;3209;1
7648;2121151;64;33142;63
7649;2121214;3;707071;1
7650;2121215;110;19283;85
7651;2121300;31;68429;1
7652;2121301;101;21002;99
7653;2121400;3;707133;1
7654;2121401;1060351;2;699
7655;2122100;7;303157;1
7656;2122101;5303;400;901
7657;2123002;3;707667;1
7658;2123003;1061453;2;97
7659;2123100;11;193009;1
7660;2123101;7667;276;7009
7661;2130110;19;112111;1
7662;2130111;5237;406;3889
7663;2134000;3;711333;1
7664;2134001;6080;350;6001
7665;2140002;2140001;1;1
7666;2140003;17;125882;9
7667;2140012;3;713337;1
7668;2140013;47;45532;9
7669;2140022;13;164617;1
7670;2140023;267493;8;79
7671;2140102;3;713367;1
7672;2140103;26;82311;17
7673;2140120;3;713373;1
7674;2140121;1162;1841;879
7675;2141000;7;305857;1
7676;2141001;12;178416;9
7677;2141010;13;164693;1
7678;2141011;1070501;2;9
7679;2141020;3;713673;1
7680;2141021;167;12820;81
7681;2141102;751;2851;1
7682;2141103;356701;6;897
7683;2142000;71;30169;1
7684;2142001;152993;14;99
7685;2142100;3;714033;1
7686;2142101;102;21000;101
7687;2142202;3;714067;1
7688;2142203;20201;106;897
7689;2143100;7;306157;1
7690;2143101;7768;275;6901
7691;2150002;3;716667;1
7692;2150003;11;195454;9
7693;2150012;2150011;1;1
7694;2150013;98;21938;89
7695;2150102;2150101;1;1
7696;2150103;122;17623;97
7697;2150200;3;716733;1
7698;2150201;194;11083;99
7699;2150300;2150299;1;1
7700;2150301;1074751;2;799
7701;2151100;3;717033;1
7702;2151101;10299;208;8909
7703;2160010;3;720003;1
7704;2160011;83;26024;19
7705;2160030;2160029;1;1
7706;2160031;88;24545;71
7707;2160102;2160101;1;1
7708;2160103;1080043;2;17
7709;2160120;13;166163;1
7710;2160121;1079621;2;879
7711;2161000;3;720333;1
7712;2161001;16;135062;9
7713;2161010;89;24281;1
7714;2161011;360167;6;9
7715;2161020;7;308717;1
7716;2161021;138;15659;79
7717;2161100;331;6529;1
7718;2161101;12;180091;9
7719;2161110;29;74521;1
7720;2161111;1226;1762;899
7721;2162010;17;127177;1
7722;2162011;154423;14;89
7723;2162100;1297;1667;1
7724;2162101;538523;4;8009
7725;2170110;2170109;1;1
7726;2170111;118901;18;29893
7727;2200004;13;169231;1
7728;2200005;68749;32;37
7729;2200042;3;733347;1
7730;2200043;275003;8;19
7731;2200062;2200061;1;1
7732;2200063;68;32353;59
7733;2200122;7;314303;1
7734;2200123;84;26191;79
7735;2200202;29;75869;1
7736;2200203;28;78578;19
7737;2200222;3;733407;1
7738;2200223;8;275027;7
7739;2200230;79;27851;1
7740;2200231;158;13925;81
7741;2200312;3;733437;1
7742;2200313;161;13666;87
7743;2200400;47;46817;1
7744;2200401;151;14572;29
7745;2200430;7;314347;1
7746;2200431;55009;40;71
7747;2200502;37;59473;1
7748;2200503;550;4000;503
7749;2201006;5;440201;1
7750;2201007;366829;6;33
7751;2201040;2201039;1;1
7752;2201041;44;50023;29
7753;2201070;13;169313;1
7754;2201071;50023;44;59
7755;2201130;7;314447;1
7756;2201131;24;91713;19
7757;2201150;2201149;1;1
7758;2201151;64;34392;63
7759;2201214;7;314459;1
7760;2201215;16;137575;15
7761;2201230;3;733743;1
7762;2201231;142;15501;89
7763;2201320;3;733773;1
7764;2201321;16;137582;9
7765;2201330;13;169333;1
7766;2201331;181;12162;9
7767;2201340;7;314477;1
7768;2201341;64;34395;61
7769;2201402;2201401;1;1
7770;2201403;168;13103;99
7771;2201502;2201501;1;1
7772;2201503;8;275187;7
7773;2201510;743;2963;1
7774;2201511;5981;368;503
7775;2202014;11;200183;1
7776;2202015;8;275251;7
7777;2202022;3;734007;1
7778;2202023;367001;6;17
7779;2202040;3;734013;1
7780;2202041;122;18049;63
7781;2202104;101;21803;1
7782;2202105;275251;8;97
7783;2202202;3;734067;1
7784;2202203;607;3628;7
7785;2202210;31;71039;1
7786;2202211;29;75938;9
7787;2202220;3;734073;1
7788;2202221;550553;4;9
7789;2202230;167;13187;1
7790;2202231;275269;8;79
7791;2202310;3;734103;1
7792;2202311;15289;144;695
7793;2203006;3;734335;1
7794;2203007;16;137687;15
7795;2203022;619;3559;1
7796;2203023;1101467;2;89
7797;2203112;2203111;1;1
7798;2203113;12;183592;9
7799;2203122;2203121;1;1
7800;2203123;149;14786;9
7801;2203132;3;734377;1
7802;2203133;144;15299;77
7803;2203210;3;734403;1
7804;2203211;275399;8;19
7805;2203230;7;314747;1
7806;2203231;84737;26;69
7807;2203300;3;734433;1
7808;2203301;239;9218;199
7809;2203500;2203499;1;1
7810;2203501;23;95804;9
7811;2203510;3;734503;1
7812;2203511;532;4141;499
7813;2204010;2204009;1;1
7814;2204011;21;104952;19
7815;2204030;29;76001;1
7816;2204031;92;23956;79
7817;2204110;3;734703;1
7818;2204111;1198;1839;989
7819;2205100;3;735033;1
7820;2205101;31;71132;9
7821;2205110;811;2719;1
7822;2205111;3594;613;1989
7823;2207100;2207099;1;1
7824;2207101;183683;12;2905
7825;2210006;5;442001;1
7826;2210007;41;53902;25
7827;2210032;3;736677;1
7828;2210033;368327;6;71
7829;2210104;3;736701;1
7830;2210105;24;92087;17
7831;2210122;3;736707;1
7832;2210123;26;85004;19
7833;2210142;2210141;1;1
7834;2210143;8;276267;7
7835;2210150;883;2503;1
7836;2210151;100459;22;53
7837;2210204;857;2579;1
7838;2210205;523;4226;7
7839;2210212;3;736737;1
7840;2210213;24023;92;97
7841;2210310;2210309;1;1
7842;2210311;94;23513;89
7843;2210400;1301;1699;1
7844;2210401;27;81866;19
7845;2210420;2210419;1;1
7846;2210421;1105171;2;79
7847;2210500;3;736833;1
7848;2210501;428;5164;309
7849;2210810;641;3449;1
7850;2210811;138163;16;203
7851;2211014;7;315859;1
7852;2211015;103;21466;17
7853;2211032;157;14083;1
7854;2211033;1105513;2;7
7855;2211040;3;737013;1
7856;2211041;22;100501;19
7857;2211060;23;96133;1
7858;2211061;221101;10;51
7859;2211112;3;737037;1
7860;2211113;14;157936;9
7861;2211122;11;201011;1
7862;2211123;401;5514;9
7863;2211132;13;170087;1
7864;2211133;89;24844;17
7865;2211150;131;16879;1
7866;2211151;100;22111;51
7867;2211202;3;737067;1
7868;2211203;37;59762;9
7869;2211212;2211211;1;1
7870;2211213;12;184267;9
7871;2211222;29;76249;1
7872;2211223;134;16501;89
7873;2211312;61;36251;1
7874;2211313;1105613;2;87
7875;2211400;3;737133;1
7876;2211401;16;138212;9
7877;2211410;2211409;1;1
7878;2211411;67;33006;9
7879;2211420;7;315917;1
7880;2211421;110567;20;81
7881;2211502;3;737167;1
7882;2211503;368551;6;197
7883;2211700;3;737233;1
7884;2211701;317;6976;309
7885;2212010;2212009;1;1
7886;2212011;276499;8;19
7887;2212030;3;737343;1
7888;2212031;1160;1906;1071
7889;2213102;11;201191;1
7890;2213103;222;9968;207
7891;2213310;7;316187;1
7892;2213311;553153;4;699
7893;2214010;3;738003;1
7894;2214011;276739;8;99
7895;2214110;1039;2131;1
7896;2214111;1214;1823;989
7897;2215100;2215099;1;1
7898;2215101;9133;242;4915
7899;2220016;3;740005;1
7900;2220017;118;18813;83
7901;2220100;3;740033;1
7902;2220101;151;14702;99
7903;2220200;2220199;1;1
7904;2220201;12;185016;9
7905;2220210;2220209;1;1
7906;2220211;557;3986;9
7907;2220220;3;740073;1
7908;2220221;256;8672;189
7909;2220410;2220409;1;1
7910;2220411;142;15636;99
7911;2220510;263;8443;1
7912;2220511;370003;6;493
7913;2221004;1213;1831;1
7914;2221005;12;185083;9
7915;2221014;607;3659;1
7916;2221015;30;74033;25
7917;2221040;199;11161;1
7918;2221041;111049;20;61
7919;2221102;3;740367;1
7920;2221103;118;18822;107
7921;2221210;3;740403;1
7922;2221211;110;20192;91
7923;2221302;2221301;1;1
7924;2221303;214;10379;197
7925;2221500;7;317357;1
7926;2221501;6571;338;503
7927;2222004;7;317429;1
7928;2222005;67;33164;17
7929;2222022;157;14153;1
7930;2222023;709;3134;17
7931;2222040;2222039;1;1
7932;2222041;94;23638;69
7933;2222110;3;740703;1
7934;2222111;131;16962;89
7935;2222200;3;740733;1
7936;2222201;167;13306;99
7937;2222300;29;76631;1
7938;2222301;983;2260;721
7939;2223022;3;741007;1
7940;2223023;41149;54;977
7941;2224000;3;741333;1
7942;2224001;1111991;2;19
7943;2224020;7;317717;1
7944;2224021;27799;80;101
7945;2224122;19;117059;1
7946;2224123;3463;642;877
7947;2225000;7;317857;1
7948;2225001;11;202272;9
7949;2225010;2225009;1;1
7950;2225011;13;171154;9
7951;2225020;3;741673;1
7952;2225021;1112471;2;79
7953;2225100;53;41983;1
7954;2225101;556273;4;9
7955;2225110;3;741703;1
7956;2225111;10903;204;899
7957;2226010;3;742003;1
7958;2226011;349;6378;89
7959;2226100;3;742033;1
7960;2226101;4100;542;3901
7961;2230002;2230001;1;1
7962;2230003;13;171538;9
7963;2230012;3;743337;1
7964;2230013;38447;58;87
7965;2230100;61;36559;1
7966;2230101;229;9738;99
7967;2230200;1109;2011;1
7968;2230201;7583;294;799
7969;2231000;19;117421;1
7970;2231001;141;15822;99
7971;2231100;13;171623;1
7972;2231101;13306;167;8999
7973;2240100;277;8087;1
7974;2240101;546;4102;409
7975;2240510;821;2729;1
7976;2240511;21961;102;489
7977;2241000;53;42283;1
7978;2241001;13;172384;9
7979;2241010;3;747003;1
7980;2241011;1120501;2;9
7981;2241020;11;203729;1
7982;2241021;70001;32;989
7983;2242010;7;320287;1
7984;2242011;8153;274;8089
7985;2250100;3;750033;1
7986;2250101;22051;102;899
7987;2251000;3;750333;1
7988;2251001;183499;12;49013
7989;2300014;3;766671;1
7990;2300015;138;16666;107
7991;2300122;3;766707;1
7992;2300123;13;176932;7
7993;2300130;13;176933;1
7994;2300131;11;209102;9
7995;2300140;3;766713;1
7996;2300141;575033;4;9
7997;2300150;2300149;1;1
7998;2300151;55;41820;51
7999;2300202;2300201;1;1
8000;2300203;23;100008;19
8001;2300222;7;328603;1
8002;2300223;88;26138;79
8003;2300302;3;766767;1
8004;2300303;619;3716;99
8005;2300402;37;62173;1
8006;2300403;383399;6;9
8007;2300412;149;15439;1
8008;2300413;191693;12;97
8009;2300510;47;48947;1
8010;2300511;76667;30;501
8011;2301012;2301011;1;1
8012;2301013;38;60552;37
8013;2301050;2301049;1;1
8014;2301051;109;21110;61
8015;2301112;3;767037;1
8016;2301113;21;109576;17
8017;2301130;3;767043;1
8018;2301131;22;104596;19
8019;2301150;157;14657;1
8020;2301151;54;42613;49
8021;2301200;2301199;1;1
8022;2301201;653;3524;29
8023;2301230;7;328747;1
8024;2301231;38351;60;171
8025;2301402;2301401;1;1
8026;2301403;12;191783;7
8027;2301410;11;209219;1
8028;2301411;47;48966;9
8029;2301420;53;43423;1
8030;2301421;41;56132;9
8031;2301430;3;767143;1
8032;2301431;89;25858;69
8033;2301500;2301499;1;1
8034;2301501;628;3664;509
8035;2302010;2302009;1;1
8036;2302011;108;21314;99
8037;2302110;41;56149;1
8038;2302111;311;7402;89
8039;2302200;149;15451;1
8040;2302201;2557;900;901
8041;2303102;1091;2111;1
8042;2303103;10093;228;1899
8043;2305002;67;34403;1
8044;2305003;22;104772;19
8045;2305022;47;49043;1
8046;2305023;1152023;2;977
8047;2306000;17;135647;1
8048;2306001;576493;4;29
8049;2306030;11;209639;1
8050;2306031;230203;10;4001
8051;2310032;349;6619;1
8052;2310033;271;8524;29
8053;2310062;13;177697;1
8054;2310063;66;35000;63
8055;2310126;5;462025;1
8056;2310127;48109;48;895
8057;2311022;2311021;1;1
8058;2311023;137;16868;107
8059;2311130;41;56369;1
8060;2311131;12979;178;869
8061;2312000;109;21211;1
8062;2312001;37;62486;19
8063;2312020;3;770673;1
8064;2312021;115597;20;81
8065;2312102;11;210191;1
8066;2312103;239;9674;17
8067;2312120;17;136007;1
8068;2312121;1073;2154;879
8069;2313000;13;177923;1
8070;2313001;11;210272;9
8071;2313010;3;771003;1
8072;2313011;1156501;2;9
8073;2313020;107;21617;1
8074;2313021;293;7894;79
8075;2313100;3;771033;1
8076;2313101;37;62516;9
8077;2313110;71;32579;1
8078;2313111;60869;38;89
8079;2313200;7;330457;1
8080;2313201;289049;8;809
8081;2314010;313;7393;1
8082;2314011;112;20660;91
8083;2314102;3;771367;1
8084;2314103;68059;34;97
8085;2314200;2314199;1;1
8086;2314201;1338;1729;799
8087;2315000;2314999;1;1
8088;2315001;5250;440;5001
8089;2320002;2320001;1;1
8090;2320003;1159997;2;9
8091;2320012;3;773337;1
8092;2320013;580001;4;9
8093;2320022;11;210911;1
8094;2320023;1159967;2;89
8095;2320112;2320111;1;1
8096;2320113;119;19496;89
8097;2320202;13;178477;1
8098;2320203;290023;8;19
8099;2320222;3;773407;1
8100;2320223;8;290027;7
8101;2320230;113;20533;1
8102;2320231;987;2350;781
8103;2321012;7;331573;1
8104;2321013;128;18132;117
8105;2321130;17;136537;1
8106;2321131;24;96713;19
8107;2321150;2321149;1;1
8108;2321151;58;40019;49
8109;2321200;3;773733;1
8110;2321201;203;11434;99
8111;2321300;17;136547;1
8112;2321301;112;20725;101
8113;2321402;17;136553;1
8114;2321403;580201;4;599
8115;2322002;11;211091;1
8116;2322003;41;56634;9
8117;2322012;23;100957;1
8118;2322013;173;13422;7
8119;2322020;7;331717;1
8120;2322021;197;11786;179
8121;2322200;11;211109;1
8122;2322201;290249;8;209
8123;2322410;2322409;1;1
8124;2322411;61;38072;19
8125;2322430;3;774143;1
8126;2322431;386977;6;569
8127;2323000;3;774333;1
8128;2323001;61129;38;99
8129;2323100;2323099;1;1
8130;2323101;24683;94;2899
8131;2326000;3;775333;1
8132;2326001;4300;540;4001
8133;2330002;3;776667;1
8134;2330003;1164997;2;9
8135;2330012;239;9749;1
8136;2330013;14;166429;7
8137;2330020;3;776673;1
8138;2330021;267;8726;179
8139;2330200;3;776733;1
8140;2330201;108;21575;101
8141;2330302;3;776767;1
8142;2330303;5443;428;699
8143;2331002;71;32831;1
8144;2331003;102;22852;99
8145;2331102;197;11833;1
8146;2331103;8;291387;7
8147;2331110;11;211919;1
8148;2331111;1327;1756;899
8149;2332010;17;137177;1
8150;2332011;26;89692;19
8151;2332030;3;777343;1
8152;2332031;94;24808;79
8153;2332110;13;179393;1
8154;2332111;19051;122;7889
8155;2340000;17;137647;1
8156;2340001;27;86666;19
8157;2340020;11;212729;1
8158;2340021;193;12124;89
8159;2340110;53;44153;1
8160;2340111;1170011;2;89
8161;2340200;647;3617;1
8162;2340201;12;195016;9
8163;2340210;2340209;1;1
8164;2340211;373;6274;9
8165;2340220;3;780073;1
8166;2340221;98;23879;79
8167;2340300;13;180023;1
8168;2340301;585073;4;9
8169;2340310;3;780103;1
8170;2340311;960;2437;791
8171;2341102;3;780367;1
8172;2341103;382;6128;207
8173;2341310;2341309;1;1
8174;2341311;1170311;2;689
8175;2342000;11;212909;1
8176;2342001;114;20543;99
8177;2342100;2342099;1;1
8178;2342101;30713;76;7913
8179;2350014;79;29747;1
8180;2350015;10;235001;5
8181;2350020;7;335717;1
8182;2350021;45191;52;89
8183;2350110;743;3163;1
8184;2350111;421;5582;89
8185;2350200;17;138247;1
8186;2350201;40519;58;99
8187;2350300;3;783433;1
8188;2350301;4051;580;721
8189;2351022;109;21569;1
8190;2351023;16319;144;1087
8191;2352110;587;4007;1
8192;2352111;144013;16;47903
8193;2400014;7;342859;1
8194;2400015;239999;10;25
8195;2400040;3;800013;1
8196;2400041;16;150002;9
8197;2400050;769;3121;1
8198;2400051;19;126318;9
8199;2400060;157;15287;1
8200;2400061;269;8922;43
8201;2400104;137;17519;1
8202;2400105;12;200008;9
8203;2400114;31;77423;1
8204;2400115;61;39346;9
8205;2400124;3;800041;1
8206;2400125;6;400020;5
8207;2400130;3;800043;1
8208;2400131;1200061;2;9
8209;2400140;7;342877;1
8210;2400141;12;200011;9
8211;2400150;47;51067;1
8212;2400151;58;41381;53
8213;2400204;13;184631;1
8214;2400205;17;141188;9
8215;2400214;3;800071;1
8216;2400215;26;92315;25
8217;2400240;431;5569;1
8218;2400241;239947;10;771
8219;2401012;3;800337;1
8220;2401013;92;26097;89
8221;2401102;3;800367;1
8222;2401103;106;22651;97
8223;2401200;17;141247;1
8224;2401201;850;2824;801
8225;2402002;3;800667;1
8226;2402003;14;171571;9
8227;2402012;97;24763;1
8228;2402013;1201003;2;7
8229;2402020;3;800673;1
8230;2402021;120097;20;81
8231;2402102;13;184777;1
8232;2402103;1201003;2;97
8233;2402200;3;800733;1
8234;2402201;12007;200;801
8235;2403002;17;141353;1
8236;2403003;239;10054;97
8237;2403100;3;801033;1
8238;2403101;228;10539;209
8239;2403310;3;801103;1
8240;2403311;788;3049;699
8241;2404010;2404009;1;1
8242;2404011;300499;8;19
8243;2404030;3;801343;1
8244;2404031;399677;6;5969
8245;2410000;3;803333;1
8246;2410001;47;51276;29
8247;2410030;3;803343;1
8248;2410031;202;11930;171
8249;2410202;2410201;1;1
8250;2410203;181;13316;7
8251;2410210;3;803403;1
8252;2410211;1205101;2;9
8253;2410220;7;344317;1
8254;2410221;12;200851;9
8255;2410230;191;12619;1
8256;2410231;80;30127;71
8257;2410302;47;51283;1
8258;2410303;7129;338;701
8259;2411004;7;344429;1
8260;2411005;200909;12;97
8261;2411102;7;344443;1
8262;2411103;8;301387;7
8263;2411110;3;803703;1
8264;2411111;120511;20;891
8265;2412002;61;39541;1
8266;2412003;13;185538;9
8267;2412012;7;344573;1
8268;2412013;14;172286;9
8269;2412022;3;804007;1
8270;2412023;152;15868;87
8271;2412110;7;344587;1
8272;2412111;4099;588;1899
8273;2414010;13;185693;1
8274;2414011;1206461;2;1089
8275;2415100;3;805033;1
8276;2415101;5150;468;4901
8277;2420002;3;806667;1
8278;2420003;467;5182;9
8279;2420012;11;220001;1
8280;2420013;12;201667;9
8281;2420022;29;83449;1
8282;2420023;118;20508;79
8283;2420102;463;5227;1
8284;2420103;34;71179;17
8285;2420120;13;186163;1
8286;2420121;94;25745;91
8287;2420212;3;806737;1
8288;2420213;107;22618;87
8289;2420300;7;345757;1
8290;2420301;12;201691;9
8291;2420310;2420309;1;1
8292;2420311;172;14071;99
8293;2420410;3;806803;1
8294;2420411;60493;40;691
8295;2421102;149;16249;1
8296;2421103;605249;4;107
8297;2421210;7;345887;1
8298;2421211;121021;20;791
8299;2422002;167;14503;1
8300;2422003;53;45698;9
8301;2422012;3;807337;1
8302;2422013;93151;26;87
8303;2422100;2422099;1;1
8304;2422101;36697;66;99
8305;2422200;13;186323;1
8306;2422201;403567;6;799
8307;2423000;2422999;1;1
8308;2423001;403817;6;99
8309;2423100;7;346157;1
8310;2423101;10538;229;9899
8311;2433000;2432999;1;1
8312;2433001;16;152062;9
8313;2433010;3;811003;1
8314;2433011;11;221182;9
8315;2433020;257;9467;1
8316;2433021;21661;112;6989
8317;2440010;11;221819;1
8318;2440011;41;59512;19
8319;2440030;3;813343;1
8320;2440031;397;6146;69
8321;2440100;47;51917;1
8322;2440101;7303;334;899
8323;2441000;11;221909;1
8324;2441001;12;203416;9
8325;2441010;467;5227;1
8326;2441011;31;78742;9
8327;2441020;3;813673;1
8328;2441021;158;15449;79
8329;2441100;41;59539;1
8330;2441101;89;27428;9
8331;2441110;3;813703;1
8332;2441111;406837;6;89
8333;2441200;3;813733;1
8334;2441201;85439;28;48909
8335;2490110;17;146477;1
8336;2490111;13779;180;9891
8337;2500002;7;357143;1
8338;2500003;14;178571;9
8339;2500012;3;833337;1
8340;2500013;13;192308;9
8341;2500022;827;3023;1
8342;2500023;96;26041;87
8343;2500110;2500109;1;1
8344;2500111;283;8834;89
8345;2500200;13;192323;1
8346;2500201;16;156262;9
8347;2500210;3;833403;1
8348;2500211;277;9026;9
8349;2500220;373;6703;1
8350;2500221;433;5774;79
8351;2500300;3;833433;1
8352;2500301;17;147076;9
8353;2500310;7;357187;1
8354;2500311;1249811;2;689
8355;2501000;2500999;1;1
8356;2501001;12;208416;9
8357;2501010;7;357287;1
8358;2501011;14;178643;9
8359;2501020;3;833673;1
8360;2501021;48091;52;289
8361;2501310;197;12697;1
8362;2501311;710;3522;691
8363;2502002;2502001;1;1
8364;2502003;11;227454;9
8365;2502012;2502011;1;1
8366;2502013;36793;68;89
8367;2502102;7;357443;1
8368;2502103;416851;6;997
8369;2503100;293;8543;1
8370;2503101;7132;350;6901
8371;2510002;3;836667;1
8372;2510003;1254997;2;9
8373;2510012;7;358573;1
8374;2510013;43;58372;17
8375;2510030;719;3491;1
8376;2510031;78;32179;69
8377;2510100;2510099;1;1
8378;2510101;125;20080;101
8379;2510202;139;18059;1
8380;2510203;313763;8;99
8381;2510302;3;836767;1
8382;2510303;8;313787;7
8383;2510310;2510309;1;1
8384;2510311;988;2540;791
8385;2511102;2511101;1;1
8386;2511103;2659;944;1007
8387;2512110;2512109;1;1
8388;2512111;41737;60;7891
8389;2520002;11;229091;1
8390;2520003;419999;6;9
8391;2520012;13;193847;1
8392;2520013;67;37612;9
8393;2520022;3;840007;1
8394;2520023;128;19687;87
8395;2520110;463;5443;1
8396;2520111;222;11351;189
8397;2520300;439;5741;1
8398;2520301;37;68116;9
8399;2520310;3;840103;1
8400;2520311;83987;30;701
8401;2521012;3;840337;1
8402;2521013;19;132684;17
8403;2521030;3;840343;1
8404;2521031;1260031;2;969
8405;2522000;443;5693;1
8406;2522001;630493;4;29
8407;2522030;593;4253;1
8408;2522031;3167;796;1099
8409;2523130;3;841043;1
8410;2523131;6951;362;6869
8411;2530000;3;843333;1
8412;2530001;31;81612;29
8413;2530030;3;843343;1
8414;2530031;1264981;2;69
8415;2530100;11;230009;1
8416;2530101;225;11244;201
8417;2530302;2530301;1;1
8418;2530303;764;3311;699
8419;2531002;3;843667;1
8420;2531003;180779;14;97
8421;2531100;2531099;1;1
8422;2531101;221;11452;209
8423;2531310;11;230119;1
8424;2531311;20263;124;18699
8425;2550010;3;850003;1
8426;2550011;55556;45;49991
8427;2600002;3;866667;1
8428;2600003;911;2854;9
8429;2600012;2600011;1;1
8430;2600013;11;236364;9
8431;2600022;53;49057;1
8432;2600023;649981;4;99
8433;2600122;3;866707;1
8434;2600123;89;29214;77
8435;2600200;3;866733;1
8436;2600201;14;185728;9
8437;2600210;2600209;1;1
8438;2600211;11;236382;9
8439;2600220;23;113053;1
8440;2600221;1300021;2;179
8441;2600400;349;7451;1
8442;2600401;58;44834;29
8443;2600430;13;200033;1
8444;2600431;96;27087;79
8445;2600510;2600509;1;1
8446;2600511;282;9221;189
8447;2600700;1301;1999;1
8448;2600701;623;4174;299
8449;2601000;41;63439;1
8450;2601001;16;162562;9
8451;2601010;3;867003;1
8452;2601011;1300501;2;9
8453;2601020;157;16567;1
8454;2601021;1300471;2;79
8455;2601100;3;867033;1
8456;2601101;13;200084;9
8457;2601110;7;371587;1
8458;2601111;1300511;2;89
8459;2601200;43;60493;1
8460;2601201;50021;52;109
8461;2601310;3;867103;1
8462;2601311;709;3668;699
8463;2602010;2602009;1;1
8464;2602011;94;27680;91
8465;2602102;3;867367;1
8466;2602103;118273;22;97
8467;2602200;29;89731;1
8468;2602201;158;16469;99
8469;2602300;3;867433;1
8470;2602301;1052;2473;705
8471;2603006;5;520601;1
8472;2603007;139;18726;93
8473;2603100;2603099;1;1
8474;2603101;4337;600;901
8475;2604002;577;4513;1
8476;2604003;43;60558;9
8477;2604012;2604011;1;1
8478;2604013;13;200308;9
8479;2604022;3;868007;1
8480;2604023;650761;4;979
8481;2605002;7;372143;1
8482;2605003;24;108541;19
8483;2605022;2605021;1;1
8484;2605023;8;325627;7
8485;2605030;3;868343;1
8486;2605031;5372;484;4983
8487;2610014;7;372859;1
8488;2610015;8;326251;7
8489;2610022;3;870007;1
8490;2610023;21;124286;17
8491;2610040;3;870013;1
8492;2610041;1304981;2;79
8493;2610120;67;38957;1
8494;2610121;16;163132;9
8495;2610130;3;870043;1
8496;2610131;1305061;2;9
8497;2610140;7;372877;1
8498;2610141;185;14108;161
8499;2610302;1319;1979;1
8500;2610303;76753;34;701
8501;2611004;41;63683;1
8502;2611005;652747;4;17
8503;2611022;7;373003;1
8504;2611023;911;2866;97
8505;2611120;3;870373;1
8506;2611121;1305121;2;879
8507;2612000;13;200923;1
8508;2612001;34;76823;19
8509;2612020;3;870673;1
8510;2612021;1305971;2;79
8511;2612100;7;373157;1
8512;2612101;125;20896;101
8513;2612202;2612201;1;1
8514;2612203;24;108841;19
8515;2612222;113;23117;1
8516;2612223;951;2746;777
8517;2613000;2612999;1;1
8518;2613001;16;163312;9
8519;2613010;3;871003;1
8520;2613011;14;186643;9
8521;2613020;17;153707;1
8522;2613021;551;4742;179
8523;2613200;37;70627;1
8524;2613201;34;76858;29
8525;2613230;2613229;1;1
8526;2613231;653113;4;779
8527;2614010;563;4643;1
8528;2614011;7716;338;6003
8529;2620014;11;238183;1
8530;2620015;206;12718;107
8531;2620122;7;374303;1
8532;2620123;9;291124;7
8533;2620130;2620129;1;1
8534;2620131;436687;6;9
8535;2620140;2620139;1;1
8536;2620141;655033;4;9
8537;2620150;3;873383;1
8538;2620151;70;37430;51
8539;2620202;1217;2153;1
8540;2620203;28;93578;19
8541;2620222;3;873407;1
8542;2620223;83;31568;79
8543;2620302;2620301;1;1
8544;2620303;661;3964;99
8545;2620402;3;873467;1
8546;2620403;14;187171;9
8547;2620412;29;90359;1
8548;2620413;1309907;2;599
8549;2621012;23;113957;1
8550;2621013;163811;16;37
8551;2621050;3;873683;1
8552;2621051;349;7510;61
8553;2621112;17;154183;1
8554;2621113;47;55768;17
8555;2621130;7;374447;1
8556;2621131;24;109213;19
8557;2621150;23;113963;1
8558;2621151;121;21662;49
8559;2621200;3;873733;1
8560;2621201;46;56982;29
8561;2621230;3;873743;1
8562;2621231;221;11860;171
8563;2621402;139;18859;1
8564;2621403;227;11548;7
8565;2621410;3;873803;1
8566;2621411;14;187243;9
8567;2621420;311;8429;1
8568;2621421;12;218451;9
8569;2621430;59;44431;1
8570;2621431;162047;16;28679
8571;2650110;7;378587;1
8572;2650111;1300111;2;49889
8573;2700000;2699999;1;1
8574;2700001;61;44262;19
8575;2700020;7;385717;1
8576;2700021;101;26732;89
8577;2700110;19;142111;1
8578;2700111;1114;2423;889
8579;2701000;3;900333;1
8580;2701001;14;192928;9
8581;2701010;2701009;1;1
8582;2701011;19;142158;9
8583;2701020;61;44279;1
8584;2701021;101;26742;79
8585;2701100;2701099;1;1
8586;2701101;12;225091;9
8587;2701110;2701109;1;1
8588;2701111;192923;14;189
8589;2701300;3;900433;1
8590;2701301;976;2767;709
8591;2702010;19;142211;1
8592;2702011;67523;40;1091
8593;2703102;2703101;1;1
8594;2703103;96293;28;6899
8595;2710002;7;387143;1
8596;2710003;14;193571;9
8597;2710012;3;903337;1
8598;2710013;121;22396;97
8599;2710110;1597;1697;1
8600;2710111;135461;20;891
8601;2711002;3;903667;1
8602;2711003;19;142684;7
8603;2711010;7;387287;1
8604;2711011;14;193643;9
8605;2711020;3;903673;1
8606;2711021;31;87452;9
8607;2711030;83;32663;1
8608;2711031;122;22221;69
8609;2711100;2711099;1;1
8610;2711101;79153;34;19899
8611;2731000;3;910333;1
8612;2731001;332749;8;69009
8613;2800010;509;5501;1
8614;2800011;26;107692;19
8615;2800030;3;933343;1
8616;2800031;120;23333;71
8617;2800102;3;933367;1
8618;2800103;37;75678;17
8619;2800120;3;933373;1
8620;2800121;23327;120;881
8621;2801002;3;933667;1
8622;2801003;347;8072;19
8623;2801022;71;39451;1
8624;2801023;106;26424;79
8625;2801102;23;121787;1
8626;2801103;87253;32;9007
8627;2810110;3;936703;1
8628;2810111;1310107;2;189897
8629;3000008;17;176471;1
8630;3000009;10;300000;9
8631;3000018;3000017;1;1
8632;3000019;10;300001;9
8633;3000028;3;1000009;1
8634;3000029;613;4894;7
8635;3000036;5;600007;1
8636;3000037;104;28846;53
8637;3000090;3000089;1;1
8638;3000091;22;136367;17
8639;3000108;11;272737;1
8640;3000109;10;300010;9
8641;3000118;3;1000039;1
8642;3000119;250007;12;35
8643;3000154;3;1000051;1
8644;3000155;750037;4;7
8645;3000162;3000161;1;1
8646;3000163;73;41098;9
8647;3000172;3;1000057;1
8648;3000173;379;7916;9
8649;3000182;3000181;1;1
8650;3000183;45;66670;33
8651;3000216;5;600043;1
8652;3000217;10;300021;7
8653;3000224;3000223;1;1
8654;3000225;22;136373;19
8655;3000244;3;1000081;1
8656;3000245;21;142868;17
8657;3000262;3;1000087;1
8658;3000263;500041;6;17
8659;3000280;3;1000093;1
8660;3000281;1500127;2;27
8661;3000308;97;30931;1
8662;3000309;24;125012;21
8663;3000330;727;4127;1
8664;3000331;21;142872;19
8665;3000350;11;272759;1
8666;3000351;96;31253;63
8667;3000414;13;230801;1
8668;3000415;8;375051;7
8669;3000422;41;73181;1
8670;3000423;239;12554;17
8671;3000440;13;230803;1
8672;3000441;1500181;2;79
8673;3000520;3;1000173;1
8674;3000521;16;187532;9
8675;3000530;7;428647;1
8676;3000531;14;214323;9
8677;3000540;3000539;1;1
8678;3000541;70;42864;61
8679;3000602;29;103469;1
8680;3000603;103;29132;7
8681;3000610;3;1000203;1
8682;3000611;11;272782;9
8683;3000620;17;176507;1
8684;3000621;12;250051;9
8685;3000630;127;23627;1
8686;3000631;93;32264;79
8687;3000710;3000709;1;1
8688;3000711;118;25429;89
8689;3000800;59;50861;1
8690;3000801;83;36154;19
8691;3000820;3;1000273;1
8692;3000821;264;11366;197
8693;3001018;3;1000339;1
8694;3001019;6;500169;5
8695;3001024;3;1000341;1
8696;3001025;1500503;2;19
8697;3001044;947;3169;1
8698;3001045;48;62521;37
8699;3001082;3001081;1;1
8700;3001083;150053;20;23
8701;3001106;5;600221;1
8702;3001107;197;15234;9
8703;3001116;5;600223;1
8704;3001117;10;300111;7
8705;3001124;29;103487;1
8706;3001125;300109;10;35
8707;3001160;7;428737;1
8708;3001161;11;272832;9
8709;3001170;89;33721;1
8710;3001171;641;4682;9
8711;3001180;3;1000393;1
8712;3001181;55;54566;51
8713;3001232;17;176543;1
8714;3001233;173;17348;29
8715;3001262;61;49201;1
8716;3001263;75;40016;63
8717;3001326;5;600265;1
8718;3001327;98;30625;77
8719;3001404;37;81119;1
8720;3001405;26;115438;17
8721;3001422;3001421;1;1
8722;3001423;141;21286;97
8723;3001520;1013;2963;1
8724;3001521;53597;56;89
8725;3001610;13;230893;1
8726;3001611;22;136436;19
8727;3001630;3;1000543;1
8728;3001631;120;25013;71
8729;3001702;3;1000567;1
8730;3001703;211;14226;17
8731;3001720;3;1000573;1
8732;3001721;98;30629;79
8733;3001800;23;130513;1
8734;3001801;16;187612;9
8735;3001810;3;1000603;1
8736;3001811;59;50878;9
8737;3001820;29;103511;1
8738;3001821;232;12938;205
8739;3002026;3;1000675;1
8740;3002027;375251;8;19
8741;3002046;5;600409;1
8742;3002047;1501021;2;5
8743;3002052;13;230927;1
8744;3002053;48;62542;37
8745;3002090;3002089;1;1
8746;3002091;750517;4;23
8747;3002114;3002113;1;1
8748;3002115;37;81138;9
8749;3002124;3002123;1;1
8750;3002125;13;230932;9
8751;3002134;3;1000711;1
8752;3002135;83;36170;25
8753;3002160;167;17977;1
8754;3002161;187;16054;63
8755;3002224;3;1000741;1
8756;3002225;300221;10;15
8757;3002240;3002239;1;1
8758;3002241;607;4946;19
8759;3002260;3;1000753;1
8760;3002261;137;21914;43
8761;3002304;43;69821;1
8762;3002305;21;142966;19
8763;3002324;19;158017;1
8764;3002325;62;48424;37
8765;3002362;3;1000787;1
8766;3002363;79;38004;47
8767;3002410;3;1000803;1
8768;3002411;59;50888;19
8769;3002430;3002429;1;1
8770;3002431;62549;48;79
8771;3002510;3002509;1;1
8772;3002511;433;6934;89
8773;3002600;3002599;1;1
8774;3002601;12;250216;9
8775;3002610;53;56653;1
8776;3002611;29;103538;9
8777;3002620;3;1000873;1
8778;3002621;39503;76;393
8779;3003014;13;231001;1
8780;3003015;1501499;2;17
8781;3003032;37;81163;1
8782;3003033;13;231002;7
8783;3003040;3;1001013;1
8784;3003041;22;136501;19
8785;3003060;109;27551;1
8786;3003061;46;65283;43
8787;3003104;383;7841;1
8788;3003105;41;73246;19
8789;3003124;3;1001041;1
8790;3003125;50;60062;25
8791;3003150;3003149;1;1
8792;3003151;88;34126;63
8793;3003214;3;1001071;1
8794;3003215;300319;10;25
8795;3003240;151;19889;1
8796;3003241;16;187702;9
8797;3003250;3;1001083;1
8798;3003251;11;273022;9
8799;3003260;7;429037;1
8800;3003261;54;55615;51
8801;3003312;19;158069;1
8802;3003313;32;93853;17
8803;3003330;7;429047;1
8804;3003331;14;214523;9
8805;3003340;3;1001113;1
8806;3003341;41;73252;9
8807;3003350;19;158071;1
8808;3003351;160;18770;151
8809;3003502;3;1001167;1
8810;3003503;122;24618;107
8811;3003610;3;1001203;1
8812;3003611;139;21608;99
8813;3003710;3003709;1;1
8814;3003711;500587;6;189
8815;3003900;3003899;1;1
8816;3003901;211;14236;105
8817;3004006;3;1001335;1
8818;3004007;22;136545;17
8819;3004024;3;1001341;1
8820;3004025;71;42310;15
8821;3004040;821;3659;1
8822;3004041;12;250336;9
8823;3004050;3004049;1;1
8824;3004051;1502021;2;9
8825;3004060;3;1001353;1
8826;3004061;337;8914;43
8827;3004104;59;50917;1
8828;3004105;16;187756;9
8829;3004114;3;1001371;1
8830;3004115;14;214579;9
8831;3004124;3004123;1;1
8832;3004125;13;231086;7
8833;3004132;3;1001377;1
8834;3004133;500677;6;71
8835;3004204;3;1001401;1
8836;3004205;13;231092;9
8837;3004214;67;44839;1
8838;3004215;150209;20;35
8839;3004250;263;11423;1
8840;3004251;70;42917;61
8841;3004312;3;1001437;1
8842;3004313;23;130622;7
8843;3004320;3004319;1;1
8844;3004321;21;143062;19
8845;3004340;13;231103;1
8846;3004341;500713;6;63
8847;3004404;3004403;1;1
8848;3004405;130;23110;105
8849;3004510;3;1001503;1
8850;3004511;674;4457;493
8851;3005004;191;15733;1
8852;3005005;23;130652;9
8853;3005014;3;1001671;1
8854;3005015;300499;10;25
8855;3005040;17;176767;1
8856;3005041;125207;24;73
8857;3005114;313;9601;1
8858;3005115;10;300511;5
8859;3005120;13;231163;1
8860;3005121;1502551;2;19
8861;3005140;3;1001713;1
8862;3005141;65;46232;61
8863;3005202;127;23663;1
8864;3005203;191;15734;9
8865;3005212;3;1001737;1
8866;3005213;53;56702;7
8867;3005220;7;429317;1
8868;3005221;347;8660;201
8869;3005422;3;1001807;1
8870;3005423;500891;6;77
8871;3005500;3;1001833;1
8872;3005501;1002;2999;503
8873;3006004;3;1002001;1
8874;3006005;250499;12;17
8875;3006022;3;1002007;1
8876;3006023;501001;6;17
8877;3006040;3;1002013;1
8878;3006041;75149;40;81
8879;3006122;3006121;1;1
8880;3006123;38;79108;19
8881;3006142;3;1002047;1
8882;3006143;64;46970;63
8883;3006206;5;601241;1
8884;3006207;4;751551;3
8885;3006210;163;18443;1
8886;3006211;41;73322;9
8887;3006220;3;1002073;1
8888;3006221;11;273292;9
8889;3006230;17;176837;1
8890;3006231;239;12578;89
8891;3006320;53;56723;1
8892;3006321;89;33778;79
8893;3006400;3;1002133;1
8894;3006401;34;88423;19
8895;3006420;13;231263;1
8896;3006421;742;4051;579
8897;3007000;3;1002333;1
8898;3007001;41761;72;209
8899;3007210;3;1002403;1
8900;3007211;375899;8;19
8901;3007230;3007229;1;1
8902;3007231;1503181;2;869
8903;3008100;17;176947;1
8904;3008101;9283;324;409
8905;3008510;7;429787;1
8906;3008511;150401;20;491
8907;3009002;89;33809;1
8908;3009003;22;136772;19
8909;3009022;3;1003007;1
8910;3009023;136727;22;1029
8911;3010052;11;273641;1
8912;3010053;94063;32;37
8913;3010090;3;1003363;1
8914;3010091;1505033;2;25
8915;3010116;5;602023;1
8916;3010117;40;75252;37
8917;3010154;3010153;1;1
8918;3010155;587;5128;19
8919;3010174;3;1003391;1
8920;3010175;16;188135;15
8921;3010190;7;430027;1
8922;3010191;1505083;2;25
8923;3010216;3;1003405;1
8924;3010217;16;188138;9
8925;3010226;5;602045;1
8926;3010227;501703;6;9
8927;3010236;5;602047;1
8928;3010237;20;150511;17
8929;3010254;109;27617;1
8930;3010255;27;111490;25
8931;3010280;3010279;1;1
8932;3010281;12;250856;9
8933;3010290;61;49349;1
8934;3010291;103;29226;13
8935;3010304;19;158437;1
8936;3010305;23;130882;19
8937;3010324;3;1003441;1
8938;3010325;188143;16;37
8939;3010362;563;5347;1
8940;3010363;100;30103;63
8941;3010426;3;1003475;1
8942;3010427;752603;4;15
8943;3010442;7;430063;1
8944;3010443;23;130888;19
8945;3010462;3;1003487;1
8946;3010463;8;376307;7
8947;3010470;7;430067;1
8948;3010471;38;79222;35
8949;3010506;5;602101;1
8950;3010507;24;125437;19
8951;3010526;5;602105;1
8952;3010527;8;376315;7
8953;3010534;3;1003511;1
8954;3010535;18;167251;17
8955;3010552;3;1003517;1
8956;3010553;53;56802;47
8957;3010600;3;1003533;1
8958;3010601;13;231584;9
8959;3010610;7;430087;1
8960;3010611;14;215043;9
8961;3010620;677;4447;1
8962;3010621;111;27122;79
8963;3010700;3010699;1;1
8964;3010701;12;250891;9
8965;3010710;13;231593;1
8966;3010711;1505311;2;89
8967;3010800;11;273709;1
8968;3010801;178;16914;109
8969;3010910;11;273719;1
8970;3010911;167267;18;105
8971;3011016;5;602203;1
8972;3011017;11;273728;9
8973;3011026;3;1003675;1
8974;3011027;139;21662;9
8975;3011036;5;602207;1
8976;3011037;10;301103;7
8977;3011044;3;1003681;1
8978;3011045;66;45621;59
8979;3011104;3;1003701;1
8980;3011105;26;115811;19
8981;3011124;31;97133;1
8982;3011125;34;88562;17
8983;3011142;7;430163;1
8984;3011143;1505563;2;17
8985;3011160;17;177127;1
8986;3011161;66;45623;43
8987;3011204;13;231631;1
8988;3011205;94099;32;37
8989;3011242;3;1003747;1
8990;3011243;113;26648;19
8991;3011262;11;273751;1
8992;3011263;45;66916;43
8993;3011306;5;602261;1
8994;3011307;28;107546;19
8995;3011326;3;1003775;1
8996;3011327;4;752831;3
8997;3011330;17;177137;1
8998;3011331;79;38118;9
8999;3011340;1249;2411;1
9000;3011341;752833;4;9
9001;3011350;3;1003783;1
9002;3011351;69;43642;53
9003;3011404;3;1003801;1
9004;3011405;73;41252;9
9005;3011414;23;130931;1
9006;3011415;46;65465;25
9007;3011440;3;1003813;1
9008;3011441;82;36724;73
9009;3011514;53;56821;1
9010;3011515;10;301151;5
9011;3011520;7;430217;1
9012;3011521;26;115827;19
9013;3011540;197;15287;1
9014;3011541;72;41826;69
9015;3011610;227;13267;1
9016;3011611;96;31370;91
9017;3011702;7;430243;1
9018;3011703;115831;26;97
9019;3011800;3;1003933;1
9020;3011801;1505851;2;99
9021;3011900;11;273809;1
9022;3011901;1505893;2;115
9023;3012016;3;1004005;1
9024;3012017;20;150600;17
9025;3012034;3;1004011;1
9026;3012035;17;177178;9
9027;3012044;17;177179;1
9028;3012045;12;251003;9
9029;3012054;11;273823;1
9030;3012055;30;100401;25
9031;3012080;7;430297;1
9032;3012081;61;49378;23
9033;3012104;23;130961;1
9034;3012105;12;251008;9
9035;3012114;13;231701;1
9036;3012115;41;73466;9
9037;3012124;3;1004041;1
9038;3012125;1506059;2;7
9039;3012132;3012131;1;1
9040;3012133;88589;34;107
9041;3012240;31;97169;1
9042;3012241;179;16828;29
9043;3012270;13;231713;1
9044;3012271;97;31054;33
9045;3012304;3;1004101;1
9046;3012305;173;17412;29
9047;3012334;3;1004111;1
9048;3012335;229;13154;69
9049;3012404;163;18481;1
9050;3012405;71;42428;17
9051;3012422;3012421;1;1
9052;3012423;1506203;2;17
9053;3012440;3012439;1;1
9054;3012441;104;28965;81
9055;3012522;67;44963;1
9056;3012523;22;136932;19
9057;3012542;7;430363;1
9058;3012543;64;47070;63
9059;3012606;5;602521;1
9060;3012607;1506257;2;93
9061;3012700;3;1004233;1
9062;3012701;188273;16;333
9063;3013034;593;5081;1
9064;3013035;376627;8;19
9065;3013054;3;1004351;1
9066;3013055;6;502175;5
9067;3013060;3;1004353;1
9068;3013061;251;12004;57
9069;3013118;337;8941;1
9070;3013119;2;1506559;1
9071;3013120;3;1004373;1
9072;3013121;1506551;2;19
9073;3013140;43;70073;1
9074;3013141;149;20222;63
9075;3013204;3;1004401;1
9076;3013205;188323;16;37
9077;3013242;7;430463;1
9078;3013243;86;35037;61
9079;3013304;29;103907;1
9080;3013305;181;16648;17
9081;3013322;3013321;1;1
9082;3013323;28;107618;19
9083;3013342;3;1004447;1
9084;3013343;8;376667;7
9085;3013350;3013349;1;1
9086;3013351;74;40720;71
9087;3013422;53;56857;1
9088;3013423;753329;4;107
9089;3013530;23;131023;1
9090;3013531;92;32755;71
9091;3013602;3013601;1;1
9092;3013603;1506797;2;9
9093;3013612;3;1004537;1
9094;3013613;11;273964;9
9095;3013622;13;231817;1
9096;3013623;1506607;2;409
9097;3014032;3;1004677;1
9098;3014033;42;71762;29
9099;3014062;3;1004687;1
9100;3014063;80;37675;63
9101;3014126;5;602825;1
9102;3014127;131;23008;79
9103;3014206;3;1004735;1
9104;3014207;6;502367;5
9105;3014212;3;1004737;1
9106;3014213;44;68504;37
9107;3014250;7;430607;1
9108;3014251;24;125593;19
9109;3014270;53;56873;1
9110;3014271;301423;10;41
9111;3014312;23;131057;1
9112;3014313;12;251192;9
9113;3014322;17;177313;1
9114;3014323;277;10882;9
9115;3014332;3;1004777;1
9116;3014333;18;167462;17
9117;3014350;3;1004783;1
9118;3014351;563;5354;49
9119;3014400;3014399;1;1
9120;3014401;21;143542;19
9121;3014420;149;20231;1
9122;3014421;164;18380;101
9123;3014522;19;158659;1
9124;3014523;753611;4;79
9125;3014602;3;1004867;1
9126;3014603;376823;8;19
9127;3014622;3014621;1;1
9128;3014623;8;376827;7
9129;3014630;3014629;1;1
9130;3014631;13337;226;469
9131;3015100;3;1005033;1
9132;3015101;107507;28;4905
9133;3020006;5;604001;1
9134;3020007;301999;10;17
9135;3020024;3020023;1;1
9136;3020025;94;32127;87
9137;3020112;773;3907;1
9138;3020113;34;88826;29
9139;3020142;491;6151;1
9140;3020143;62;48711;61
9141;3020204;17;177659;1
9142;3020205;12;251683;9
9143;3020214;7;431459;1
9144;3020215;151009;20;35
9145;3020250;79;38231;1
9146;3020251;100;30202;51
9147;3020302;3;1006767;1
9148;3020303;166;18194;99
9149;3020402;3020401;1;1
9150;3020403;13;232338;9
9151;3020412;19;158969;1
9152;3020413;755081;4;89
9153;3020502;11;274591;1
9154;3020503;129;23414;97
9155;3020600;3020599;1;1
9156;3020601;141;21422;99
9157;3020700;11;274609;1
9158;3020701;1510199;2;303
9159;3021004;3;1007001;1
9160;3021005;11;274636;9
9161;3021014;37;81649;1
9162;3021015;35;86314;25
9163;3021040;3;1007013;1
9164;3021041;100699;30;71
9165;3021112;3;1007037;1
9166;3021113;23;131352;17
9167;3021130;3;1007043;1
9168;3021131;101;29912;19
9169;3021150;1613;1873;1
9170;3021151;100;30211;51
9171;3021202;3;1007067;1
9172;3021203;11;274654;9
9173;3021212;23;131357;1
9174;3021213;17;177718;7
9175;3021220;3;1007073;1
9176;3021221;326;9267;179
9177;3021400;3;1007133;1
9178;3021401;108;27975;101
9179;3021502;3;1007167;1
9180;3021503;88853;34;501
9181;3022004;29;104207;1
9182;3022005;19;159052;17
9183;3022022;101;29921;1
9184;3022023;26;116231;17
9185;3022040;17;177767;1
9186;3022041;859;3518;79
9187;3022120;3;1007373;1
9188;3022121;16;188882;9
9189;3022130;11;274739;1
9190;3022131;101;29922;9
9191;3022140;727;4157;1
9192;3022141;839;3602;63
9193;3022204;3;1007401;1
9194;3022205;6;503700;5
9195;3022210;3;1007403;1
9196;3022211;1511101;2;9
9197;3022220;53;57023;1
9198;3022221;12;251851;9
9199;3022230;7;431747;1
9200;3022231;877;3446;89
9201;3022320;223;13553;1
9202;3022321;194;15578;189
9203;3022510;3;1007503;1
9204;3022511;88883;34;489
9205;3023000;7;431857;1
9206;3023001;1637;1846;1099
9207;3024100;3;1008033;1
9208;3024101;2286;1322;2009
9209;3026110;3;1008703;1
9210;3026111;116239;26;3897
9211;3030008;29;104483;1
9212;3030009;47;64468;13
9213;3030022;3;1010007;1
9214;3030023;19;159474;17
9215;3030040;3;1010013;1
9216;3030041;119;25462;63
9217;3030104;277;10939;1
9218;3030105;1515049;2;7
9219;3030112;3;1010037;1
9220;3030113;29;104486;19
9221;3030132;13;233087;1
9222;3030133;110;27546;73
9223;3030206;5;606041;1
9224;3030207;7;432886;5
9225;3030212;1373;2207;1
9226;3030213;94693;32;37
9227;3030250;3;1010083;1
9228;3030251;378779;8;19
9229;3030270;11;275479;1
9230;3030271;53;57174;49
9231;3030320;23;131753;1
9232;3030321;601;5042;79
9233;3030400;3;1010133;1
9234;3030401;43;70474;19
9235;3030420;7;432917;1
9236;3030421;37879;80;101
9237;3030522;13;233117;1
9238;3030523;137743;22;177
9239;3030700;3;1010233;1
9240;3030701;14;216478;9
9241;3030710;11;275519;1
9242;3030711;189407;16;199
9243;3030910;3;1010303;1
9244;3030911;178;17027;105
9245;3031016;5;606203;1
9246;3031017;12;252584;9
9247;3031026;5;606205;1
9248;3031027;1515509;2;9
9249;3031036;3;1010345;1
9250;3031037;84;36083;65
9251;3031102;3;1010367;1
9252;3031103;10979;276;899
9253;3032002;3;1010667;1
9254;3032003;14;216571;9
9255;3032012;103;29437;1
9256;3032013;12;252667;9
9257;3032022;23;131827;1
9258;3032023;128;23687;87
9259;3032110;3;1010703;1
9260;3032111;1515961;2;189
9261;3032300;47;64517;1
9262;3032301;12;252691;9
9263;3032310;7;433187;1
9264;3032311;1049;2890;701
9265;3033012;3033011;1;1
9266;3033013;97;31268;17
9267;3033030;587;5167;1
9268;3033031;974;3113;969
9269;3034000;3;1011333;1
9270;3034001;36;84277;29
9271;3034030;3;1011343;1
9272;3034031;5701;532;1099
9273;3035130;17;178537;1
9274;3035131;5884;515;4871
9275;3040002;859;3539;1
9276;3040003;37;82162;9
9277;3040012;3;1013337;1
9278;3040013;11;276364;9
9279;3040022;3040021;1;1
9280;3040023;1519967;2;89
9281;3040112;3040111;1;1
9282;3040113;129;23566;99
9283;3040212;59;51529;1
9284;3040213;48;63337;37
9285;3040250;3040249;1;1
9286;3040251;138191;22;49
9287;3040300;3;1013433;1
9288;3040301;53;57364;9
9289;3040310;443;6863;1
9290;3040311;506687;6;189
9291;3040500;7;434357;1
9292;3040501;732;4153;505
9293;3041006;5;608201;1
9294;3041007;463;6568;23
9295;3041030;3041029;1;1
9296;3041031;95;32010;81
9297;3041112;3041111;1;1
9298;3041113;23;132222;7
9299;3041120;227;13397;1
9300;3041121;38;80029;19
9301;3041140;3;1013713;1
9302;3041141;760267;4;73
9303;3041214;7;434459;1
9304;3041215;10;304121;5
9305;3041220;89;34171;1
9306;3041221;253369;12;793
9307;3042014;13;234001;1
9308;3042015;8;380251;7
9309;3042022;3;1014007;1
9310;3042023;22;138273;17
9311;3042040;3;1014013;1
9312;3042041;25349;120;161
9313;3042202;3;1014067;1
9314;3042203;760549;4;7
9315;3042210;3042209;1;1
9316;3042211;67;45406;9
9317;3042220;3;1014073;1
9318;3042221;760553;4;9
9319;3042230;3042229;1;1
9320;3042231;4099;742;773
9321;3043004;1259;2417;1
9322;3043005;26;117038;17
9323;3043022;19;160159;1
9324;3043023;760729;4;107
9325;3043130;3043129;1;1
9326;3043131;751;4052;79
9327;3043210;3;1014403;1
9328;3043211;38;80084;19
9329;3043230;7;434747;1
9330;3043231;76079;40;71
9331;3043302;31;98171;1
9332;3043303;1521643;2;17
9333;3043320;643;4733;1
9334;3043321;380329;8;689
9335;3044010;19;160211;1
9336;3044011;21;144952;19
9337;3044030;3044029;1;1
9338;3044031;1227;2480;1071
9339;3045102;3045101;1;1
9340;3045103;95153;32;207
9341;3045310;3;1015103;1
9342;3045311;761153;4;699
9343;3046010;17;179177;1
9344;3046011;126913;24;99
9345;3046110;11;276919;1
9346;3046111;20857;146;989
9347;3047100;11;277009;1
9348;3047101;72481;42;2899
9349;3050000;3049999;1;1
9350;3050001;227;13436;29
9351;3050030;3050029;1;1
9352;3050031;220;13863;171
9353;3050202;7;435743;1
9354;3050203;12;254183;7
9355;3050210;113;26993;1
9356;3050211;508367;6;9
9357;3050220;163;18713;1
9358;3050221;11;277292;9
9359;3050230;3;1016743;1
9360;3050231;80;38127;71
9361;3050302;3;1016767;1
9362;3050303;800;3812;703
9363;3051006;5;610201;1
9364;3051007;762721;4;123
9365;3051130;3;1017043;1
9366;3051131;94;32458;79
9367;3051210;7;435887;1
9368;3051211;24;127133;19
9369;3051230;19;160591;1
9370;3051231;104;29338;79
9371;3051310;3;1017103;1
9372;3051311;1525561;2;189
9373;3051500;11;277409;1
9374;3051501;12;254291;9
9375;3051510;71;42979;1
9376;3051511;559;5458;489
9377;3052000;3;1017333;1
9378;3052001;37;82486;19
9379;3052020;37;82487;1
9380;3052021;22109;138;979
9381;3053000;233;13103;1
9382;3053001;12;254416;9
9383;3053010;3053009;1;1
9384;3053011;313;9754;9
9385;3053020;3;1017673;1
9386;3053021;763183;4;289
9387;3053310;7;436187;1
9388;3053311;1076;2837;699
9389;3054010;3;1018003;1
9390;3054011;1140;2678;1091
9391;3055102;3;1018367;1
9392;3055103;32449;94;4897
9393;3060000;163;18773;1
9394;3060001;47;65106;19
9395;3060020;277;11047;1
9396;3060021;1529971;2;79
9397;3060100;3;1020033;1
9398;3060101;102;30000;101
9399;3060202;3;1020067;1
9400;3060203;179;17096;19
9401;3060222;17;180013;1
9402;3060223;117671;26;777
9403;3061000;3;1020333;1
9404;3061001;11;278272;9
9405;3061010;7;437287;1
9406;3061011;14;218643;9
9407;3061020;13;235463;1
9408;3061021;214;14303;179
9409;3061200;991;3089;1
9410;3061201;765293;4;29
9411;3061230;3061229;1;1
9412;3061231;81;37792;79
9413;3061310;17;180077;1
9414;3061311;30011;102;189
9415;3061500;7;437357;1
9416;3061501;1000;3061;501
9417;3062002;3;1020667;1
9418;3062003;13;235538;9
9419;3062012;3062011;1;1
9420;3062013;114;26859;87
9421;3062100;149;20551;1
9422;3062101;361;8482;99
9423;3062200;3;1020733;1
9424;3062201;15307;200;801
9425;3063002;409;7489;1
9426;3063003;765749;4;7
9427;3063010;3;1021003;1
9428;3063011;23;133174;9
9429;3063020;43;71233;1
9430;3063021;12;255251;9
9431;3063030;53;57793;1
9432;3063031;80;38287;71
9433;3063102;1031;2971;1
9434;3063103;1528103;2;6897
9435;3070000;3;1023333;1
9436;3070001;253;12134;99
9437;3070100;241;12739;1
9438;3070101;125;24560;101
9439;3070202;23;133487;1
9440;3070203;118081;26;97
9441;3070300;3;1023433;1
9442;3070301;80779;38;699
9443;3071000;17;180647;1
9444;3071001;376;8167;209
9445;3071210;193;15913;1
9446;3071211;397;7736;19
9447;3071230;3;1023743;1
9448;3071231;46507;66;1769
9449;3073000;3;1024333;1
9450;3073001;13;236384;9
9451;3073010;1753;1753;1
9452;3073011;512167;6;9
9453;3073020;127;24197;1
9454;3073021;96001;32;989
9455;3074010;3074009;1;1
9456;3074011;8618;356;6003
9457;3080014;3;1026671;1
9458;3080015;67;45970;25
9459;3080040;3080039;1;1
9460;3080041;16;192502;9
9461;3080050;3;1026683;1
9462;3080051;14;220003;9
9463;3080060;1493;2063;1
9464;3080061;102667;30;51
9465;3080112;17;181183;1
9466;3080113;32;96253;17
9467;3080130;13;236933;1
9468;3080131;71;43382;9
9469;3080140;3;1026713;1
9470;3080141;11;280012;9
9471;3080150;3080149;1;1
9472;3080151;191887;16;9959
9473;3090110;11;280919;1
9474;3090111;57041;54;9897
9475;3100008;3100007;1;1
9476;3100009;10;310000;9
9477;3100018;3;1033339;1
9478;3100019;10;310001;9
9479;3100028;7;442861;1
9480;3100029;8;387503;5
9481;3100034;1033;3001;1
9482;3100035;47;65958;9
9483;3100044;3100043;1;1
9484;3100045;137;22628;9
9485;3100054;3;1033351;1
9486;3100055;151;20530;25
9487;3100080;3100079;1;1
9488;3100081;1550027;2;27
9489;3100108;3;1033369;1
9490;3100109;10;310010;9
9491;3100118;139;22303;1
9492;3100119;101;30694;25
9493;3100144;3;1033381;1
9494;3100145;119233;26;87
9495;3100232;3100231;1;1
9496;3100233;12;258352;9
9497;3100242;823;3767;1
9498;3100243;1129;2746;9
9499;3100252;3;1033417;1
9500;3100253;131;23666;7
9501;3100260;3100259;1;1
9502;3100261;66;46973;43
9503;3100304;29;106907;1
9504;3100305;79;39244;29
9505;3100334;173;17921;1
9506;3100335;93;33336;87
9507;3100422;3100421;1;1
9508;3100423;1550203;2;17
9509;3100440;19;163181;1
9510;3100441;74;41897;63
9511;3100504;3;1033501;1
9512;3100505;101;30698;7
9513;3100512;17;182383;1
9514;3100513;34;91191;19
9515;3100532;7;442933;1
9516;3100533;85;36476;73
9517;3100606;3;1033535;1
9518;3100607;6;516767;5
9519;3100612;3;1033537;1
9520;3100613;96893;32;37
9521;3100650;3100649;1;1
9522;3100651;24;129193;19
9523;3100670;11;281879;1
9524;3100671;478;6486;363
9525;3101034;13;238541;1
9526;3101035;24;129209;19
9527;3101054;271;11443;1
9528;3101055;16;193815;15
9529;3101070;3101069;1;1
9530;3101071;775259;4;35
9531;3101106;5;620221;1
9532;3101107;11;281918;9
9533;3101116;3;1033705;1
9534;3101117;20;155055;17
9535;3101134;3;1033711;1
9536;3101135;310111;10;25
9537;3101160;23;134833;1
9538;3101161;16;193822;9
9539;3101170;3;1033723;1
9540;3101171;67;46286;9
9541;3101180;61;50839;1
9542;3101181;36;86143;33
9543;3101214;127;24419;1
9544;3101215;8;387651;7
9545;3101222;157;19753;1
9546;3101223;1550603;2;17
9547;3101240;3101239;1;1
9548;3101241;93;33346;63
9549;3101304;37;83819;1
9550;3101305;310129;10;15
9551;3101320;3;1033773;1
9552;3101321;16;193832;9
9553;3101330;7;443047;1
9554;3101331;14;221523;9
9555;3101340;3101339;1;1
9556;3101341;211;14698;63
9557;3101404;3;1033801;1
9558;3101405;113;27446;7
9559;3101412;337;9203;1
9560;3101413;134;23144;117
9561;3101530;3;1033843;1
9562;3101531;91;34082;69
9563;3101600;17;182447;1
9564;3101601;22;140981;19
9565;3101620;3;1033873;1
9566;3101621;490;6329;411
9567;3102032;109;28459;1
9568;3102033;479;6476;29
9569;3102062;71;43691;1
9570;3102063;86;36070;43
9571;3102106;3;1034035;1
9572;3102107;10;310210;7
9573;3102114;7;443159;1
9574;3102115;14;221579;9
9575;3102124;3;1034041;1
9576;3102125;457;6788;9
9577;3102134;1217;2549;1
9578;3102135;50;62042;35
9579;3102170;7;443167;1
9580;3102171;56;55395;51
9581;3102222;599;5179;1
9582;3102223;221581;14;89
9583;3102312;3102311;1;1
9584;3102313;16;193894;9
9585;3102322;3;1034107;1
9586;3102323;1551157;2;9
9587;3102332;3102331;1;1
9588;3102333;72;43087;69
9589;3102402;23;134887;1
9590;3102403;1551197;2;9
9591;3102412;3;1034137;1
9592;3102413;775601;4;9
9593;3102422;7;443203;1
9594;3102423;55399;56;79
9595;3102502;3;1034167;1
9596;3102503;517081;6;17
9597;3102520;3;1034173;1
9598;3102521;221603;14;79
9599;3102600;223;13913;1
9600;3102601;16;193912;9
9601;3102610;3;1034203;1
9602;3102611;17;182506;9
9603;3102620;13;238663;1
9604;3102621;692;4483;385
9605;3103006;3;1034335;1
9606;3103007;8;387875;7
9607;3103014;3103013;1;1
9608;3103015;1551499;2;17
9609;3103032;163;19037;1
9610;3103033;28;110822;17
9611;3103050;3103049;1;1
9612;3103051;24;129293;19
9613;3103070;31;100099;1
9614;3103071;70;44329;41
9615;3103112;11;282101;1
9616;3103113;12;258592;9
9617;3103122;7;443303;1
9618;3103123;14;221651;9
9619;3103132;3;1034377;1
9620;3103133;13;238702;7
9621;3103140;13;238703;1
9622;3103141;187;16594;63
9623;3103204;3;1034401;1
9624;3103205;775777;4;97
9625;3103302;37;83873;1
9626;3103303;31;100106;17
9627;3103320;29;107011;1
9628;3103321;140;22166;81
9629;3103402;3;1034467;1
9630;3103403;34;91276;19
9631;3103422;3103421;1;1
9632;3103423;81667;38;77
9633;3103500;7;443357;1
9634;3103501;14;221678;9
9635;3103510;3;1034503;1
9636;3103511;114;27223;89
9637;3103600;3;1034533;1
9638;3103601;179;17338;99
9639;3103700;103;30133;1
9640;3103701;422;7354;313
9641;3104014;3;1034671;1
9642;3104015;59;52610;25
9643;3104040;179;17341;1
9644;3104041;16;194002;9
9645;3104050;3;1034683;1
9646;3104051;293;10594;9
9647;3104060;7;443437;1
9648;3104061;599;5182;43
9649;3104104;3;1034701;1
9650;3104105;16;194006;9
9651;3104114;3104113;1;1
9652;3104115;19;163374;9
9653;3104124;11;282193;1
9654;3104125;8;388015;5
9655;3104130;7;443447;1
9656;3104131;14;221723;9
9657;3104140;3;1034713;1
9658;3104141;17;182596;9
9659;3104150;17;182597;1
9660;3104151;91297;34;53
9661;3104204;1741;1783;1
9662;3104205;12;258683;9
9663;3104214;7;443459;1
9664;3104215;27;114970;25
9665;3104240;19;163381;1
9666;3104241;162;19161;159
9667;3104400;479;6481;1
9668;3104401;38;81694;29
9669;3104430;19;163391;1
9670;3104431;213;14574;169
9671;3104600;199;15601;1
9672;3104601;125;24836;101
9673;3104702;23;134987;1
9674;3104703;517399;6;309
9675;3105012;7;443573;1
9676;3105013;431;7204;89
9677;3105102;17;182653;1
9678;3105103;517501;6;97
9679;3105200;3105199;1;1
9680;3105201;975;3184;801
9681;3106002;277;11213;1
9682;3106003;1552997;2;9
9683;3106012;3;1035337;1
9684;3106013;19;163474;7
9685;3106020;7;443717;1
9686;3106021;97;32020;81
9687;3106102;3;1035367;1
9688;3106103;81737;38;97
9689;3106200;3106199;1;1
9690;3106201;15527;200;801
9691;3107002;3;1035667;1
9692;3107003;141223;22;97
9693;3107100;31;100229;1
9694;3107101;412;7541;209
9695;3107310;43;72263;1
9696;3107311;5669;548;699
9697;3108010;3;1036003;1
9698;3108011;388499;8;19
9699;3108030;31;100259;1
9700;3108031;2086;1489;1977
9701;3110008;3;1036669;1
9702;3110009;491;6334;15
9703;3110024;7;444289;1
9704;3110025;12;259168;9
9705;3110034;3110033;1;1
9706;3110035;1555013;2;9
9707;3110044;3;1036681;1
9708;3110045;853;3646;7
9709;3110052;7;444293;1
9710;3110053;74;42027;55
9711;3110108;7;444301;1
9712;3110109;1555051;2;7
9713;3110116;3;1036705;1
9714;3110117;64793;48;53
9715;3110170;3;1036723;1
9716;3110171;281;11068;63
9717;3110234;7;444319;1
9718;3110235;11;282748;7
9719;3110242;3;1036747;1
9720;3110243;1555117;2;9
9721;3110252;3110251;1;1
9722;3110253;12;259187;9
9723;3110262;7;444323;1
9724;3110263;1555111;2;41
9725;3110304;7;444329;1
9726;3110305;34;91479;19
9727;3110324;31;100333;1
9728;3110325;29;107252;17
9729;3110342;13;239257;1
9730;3110343;1555163;2;17
9731;3110360;7;444337;1
9732;3110361;68;45740;41
9733;3110402;7;444343;1
9734;3110403;14;222171;9
9735;3110412;53;58687;1
9736;3110413;11;282764;9
9737;3110422;3;1036807;1
9738;3110423;518389;6;89
9739;3110512;3;1036837;1
9740;3110513;81853;38;99
9741;3110612;7;444373;1
9742;3110613;56;55546;37
9743;3110650;3;1036883;1
9744;3110651;518417;6;149
9745;3110800;3;1036933;1
9746;3110801;42;74066;29
9747;3110830;3;1036943;1
9748;3110831;1555319;2;193
9749;3111024;3111023;1;1
9750;3111025;35;88886;15
9751;3111040;3;1037013;1
9752;3111041;38;81869;19
9753;3111060;7;444437;1
9754;3111061;163;19086;43
9755;3111104;101;30803;1
9756;3111105;22;141413;19
9757;3111124;3;1037041;1
9758;3111125;194443;16;37
9759;3111162;3111161;1;1
9760;3111163;61;51002;41
9761;3111204;41;75883;1
9762;3111205;85;36602;35
9763;3111240;107;29077;1
9764;3111241;16;194452;9
9765;3111250;3;1037083;1
9766;3111251;257;12106;9
9767;3111260;47;66197;1
9768;3111261;54;57615;51
9769;3111312;7;444473;1
9770;3111313;31;100364;29
9771;3111342;3111341;1;1
9772;3111343;80;38891;63
9773;3111406;3;1037135;1
9774;3111407;124;25091;123
9775;3111530;89;34961;1
9776;3111531;131;23752;19
9777;3111550;3;1037183;1
9778;3111551;70;44450;51
9779;3111602;23;135287;1
9780;3111603;31;100374;9
9781;3111612;19;163769;1
9782;3111613;877;3548;17
9783;3111630;17;183037;1
9784;3111631;1555781;2;69
9785;3111700;3;1037233;1
9786;3111701;120;25930;101
9787;3111802;3;1037267;1
9788;3111803;388963;8;99
9789;3111902;13;239377;1
9790;3111903;8;388987;7
9791;3111910;3;1037303;1
9792;3111911;102;30508;95
9793;3112006;3;1037335;1
9794;3112007;21;148190;17
9795;3112024;3;1037341;1
9796;3112025;13;239386;7
9797;3112032;13;239387;1
9798;3112033;59;52746;19
9799;3112052;97;32083;1
9800;3112053;64;48625;53
9801;3112106;5;622421;1
9802;3112107;28;111146;19
9803;3112126;3;1037375;1
9804;3112127;6;518687;5
9805;3112132;3;1037377;1
9806;3112133;52;59848;37
9807;3112170;677;4597;1
9808;3112171;24;129673;19
9809;3112190;1097;2837;1
9810;3112191;983;3166;13
9811;3112204;3;1037401;1
9812;3112205;778049;4;9
9813;3112214;13;239401;1
9814;3112215;34;91535;25
9815;3112240;3;1037413;1
9816;3112241;983;3166;63
9817;3112304;3112303;1;1
9818;3112305;18;172905;15
9819;3112320;7;444617;1
9820;3112321;518717;6;19
9821;3112340;229;13591;1
9822;3112341;78;39901;63
9823;3112404;7;444629;1
9824;3112405;42;74104;37
9825;3112442;3112441;1;1
9826;3112443;196;15879;159
9827;3112602;1291;2411;1
9828;3112603;9;345844;7
9829;3112610;3112609;1;1
9830;3112611;518767;6;9
9831;3112620;67;46457;1
9832;3112621;778153;4;9
9833;3112630;3;1037543;1
9834;3112631;189;16468;179
9835;3112810;3;1037603;1
9836;3112811;389099;8;19
9837;3112830;3112829;1;1
9838;3112831;64849;48;79
9839;3112910;3112909;1;1
9840;3112911;109;28558;89
9841;3113000;569;5471;1
9842;3113001;12;259416;9
9843;3113010;3113009;1;1
9844;3113011;1556501;2;9
9845;3113020;3;1037673;1
9846;3113021;86;36197;79
9847;3113100;11;283009;1
9848;3113101;29;107348;9
9849;3113110;3;1037703;1
9850;3113111;101;30822;89
9851;3113200;3;1037733;1
9852;3113201;116;26837;109
9853;3113310;89;34981;1
9854;3113311;778153;4;699
9855;3114010;3;1038003;1
9856;3114011;148;21040;91
9857;3114102;79;39419;1
9858;3114103;74143;42;97
9859;3114200;11;283109;1
9860;3114201;103;30234;99
9861;3114300;3114299;1;1
9862;3114301;10663;292;705
9863;3115006;3;1038335;1
9864;3115007;141587;22;93
9865;3115100;13;239623;1
9866;3115101;920;3385;901
9867;3116002;3;1038667;1
9868;3116003;14;222571;9
9869;3116012;3116011;1;1
9870;3116013;12;259667;9
9871;3116022;29;107449;1
9872;3116023;28843;108;979
9873;3117002;17;183353;1
9874;3117003;26;119884;19
9875;3117022;3;1039007;1
9876;3117023;8;389627;7
9877;3117030;23;135523;1
9878;3117031;1212;2571;979
9879;3118010;41;76049;1
9880;3118011;1160;2687;1091
9881;3119102;71;43931;1
9882;3119103;1340;2327;923
9883;3120026;5;624005;1
9884;3120027;10;312002;7
9885;3120034;3;1040011;1
9886;3120035;13;240002;9
9887;3120044;113;27611;1
9888;3120045;12;260003;9
9889;3120054;83;37591;1
9890;3120055;73;42740;35
9891;3120090;7;445727;1
9892;3120091;1560037;2;17
9893;3120108;3120107;1;1
9894;3120109;10;312010;9
9895;3120118;3;1040039;1
9896;3120119;12;260009;11
9897;3120130;3;1040043;1
9898;3120131;953;3274;9
9899;3120140;11;283649;1
9900;3120141;12;260011;9
9901;3120150;179;17431;1
9902;3120151;1560049;2;53
9903;3120204;23;135661;1
9904;3120205;780049;4;9
9905;3120214;3;1040071;1
9906;3120215;67;46570;25
9907;3120240;73;42743;1
9908;3120241;87;35864;73
9909;3120314;7;445759;1
9910;3120315;10;312031;5
9911;3120320;3120319;1;1
9912;3120321;83;37594;19
9913;3120340;3;1040113;1
9914;3120341;78007;40;61
9915;3120402;17;183553;1
9916;3120403;61;51154;9
9917;3120412;3;1040137;1
9918;3120413;1560203;2;7
9919;3120420;1051;2969;1
9920;3120421;156011;20;201
9921;3120622;3;1040207;1
9922;3120623;112;27862;79
9923;3120702;673;4637;1
9924;3120703;641;4868;315
9925;3121018;3;1040339;1
9926;3121019;61;51164;15
9927;3121034;3121033;1;1
9928;3121035;38;82132;19
9929;3121054;3;1040351;1
9930;3121055;8;390131;7
9931;3121062;37;84353;1
9932;3121063;1560523;2;17
9933;3121080;13;240083;1
9934;3121081;179;17436;37
9935;3121118;53;58889;1
9936;3121119;8;390139;7
9937;3121126;3;1040375;1
9938;3121127;18;173395;17
9939;3121144;3;1040381;1
9940;3121145;70;44587;55
9941;3121200;3121199;1;1
9942;3121201;101;30902;99
9943;3121300;3;1040433;1
9944;3121301;102;30600;101
9945;3121402;3;1040467;1
9946;3121403;1560653;2;97
9947;3121500;43;72593;1
9948;3121501;619;5042;503
9949;3122004;3122003;1;1
9950;3122005;48;65041;37
9951;3122042;13;240157;1
9952;3122043;91823;34;61
9953;3122104;3;1040701;1
9954;3122105;24;130087;17
9955;3122122;3;1040707;1
9956;3122123;390263;8;19
9957;3122142;11;283831;1
9958;3122143;8;390267;7
9959;3122150;3122149;1;1
9960;3122151;61;51182;49
9961;3122200;3;1040733;1
9962;3122201;262;11916;209
9963;3122410;3;1040803;1
9964;3122411;26;120092;19
9965;3122430;73;42773;1
9966;3122431;48779;64;575
9967;3123006;5;624601;1
9968;3123007;17;183706;5
9969;3123012;19;164369;1
9970;3123013;48;65062;37
9971;3123050;19;164371;1
9972;3123051;22;141956;19
9973;3123070;3;1041023;1
9974;3123071;57;54790;41
9975;3123112;3;1041037;1
9976;3123113;16;195194;9
9977;3123122;17;183713;1
9978;3123123;313;9978;9
9979;3123132;11;283921;1
9980;3123133;107;29188;17
9981;3123150;3123149;1;1
9982;3123151;304;10273;159
9983;3123310;3;1041103;1
9984;3123311;156131;20;691
9985;3124002;3124001;1;1
9986;3124003;31;100774;9
9987;3124012;3;1041337;1
9988;3124013;13;240308;9
9989;3124022;23;135827;1
9990;3124023;390493;8;79
9991;3124102;3;1041367;1
9992;3124103;21;148766;17
9993;3124120;3;1041373;1
9994;3124121;130;24031;91
9995;3124212;31;100781;1
9996;3124213;97607;32;789
9997;3125002;3;1041667;1
9998;3125003;73;42808;19
9999;3125022;3125021;1;1
