n;A007528;weight;level;jump
1;5;0;0;6
2;11;0;0;6
3;17;11;1;6
4;23;17;1;6
5;29;17;1;12
6;41;7;5;6
7;47;41;1;6
8;53;47;1;6
9;59;47;1;12
10;71;59;1;12
11;83;7;11;6
12;89;77;1;12
13;101;19;5;6
14;107;101;1;6
15;113;19;5;18
16;131;25;5;6
17;137;25;5;12
18;149;131;1;18
19;167;7;23;6
20;173;167;1;6
21;179;167;1;12
22;191;37;5;6
23;197;167;1;30
24;227;13;17;6
25;233;227;1;6
26;239;227;1;12
27;251;7;35;6
28;257;251;1;6
29;263;257;1;6
30;269;257;1;12
31;281;269;1;12
32;293;25;11;18
33;311;61;5;6
34;317;41;7;30
35;347;11;31;6
36;353;347;1;6
37;359;67;5;24
38;383;13;29;6
39;389;13;29;12
40;401;383;1;18
41;419;37;11;12
42;431;419;1;12
43;443;19;23;6
44;449;19;23;12
45;461;7;65;6
46;467;13;35;12
47;479;467;1;12
48;491;479;1;12
49;503;7;71;6
50;509;71;7;12
51;521;97;5;36
52;557;19;29;6
53;563;557;1;6
54;569;19;29;18
55;587;7;83;6
56;593;587;1;6
57;599;83;7;18
58;617;593;1;24
59;641;127;5;6
60;647;641;1;6
61;653;647;1;6
62;659;641;1;18
63;677;11;61;6
64;683;19;35;18
65;701;683;1;18
66;719;139;5;24
67;743;25;29;18
68;761;107;7;12
69;773;107;7;24
70;797;157;5;12
71;809;797;1;12
72;821;163;5;6
73;827;163;5;12
74;839;821;1;18
75;857;23;37;6
76;863;65;13;18
77;881;7;125;6
78;887;863;1;24
79;911;19;47;18
80;929;131;7;12
81;941;11;85;6
82;947;941;1;6
83;953;55;17;18
84;971;193;5;6
85;977;971;1;6
86;983;953;1;30
87;1013;19;53;6
88;1019;19;53;12
89;1031;1013;1;18
90;1049;17;61;12
91;1061;1031;1;30
92;1091;7;155;6
93;1097;1091;1;6
94;1103;1097;1;6
95;1109;97;11;42
96;1151;17;67;12
97;1163;229;5;18
98;1181;25;47;6
99;1187;1181;1;6
100;1193;167;7;24
101;1217;7;173;6
102;1223;1217;1;6
103;1229;109;11;30
104;1259;73;17;18
105;1277;31;41;6
106;1283;1277;1;6
107;1289;1277;1;12
108;1301;7;185;6
109;1307;35;37;12
110;1319;1277;1;42
111;1361;271;5;6
112;1367;1361;1;6
113;1373;191;7;36
114;1409;107;13;18
115;1427;7;203;6
116;1433;1427;1;6
117;1439;1427;1;12
118;1451;49;29;30
119;1481;25;59;6
120;1487;1481;1;6
121;1493;1487;1;6
122;1499;1487;1;12
123;1511;1499;1;12
124;1523;1493;1;30
125;1553;7;221;6
126;1559;13;119;12
127;1571;1559;1;12
128;1583;313;5;18
129;1601;11;145;6
130;1607;1601;1;6
131;1613;1607;1;6
132;1619;1601;1;18
133;1637;1607;1;30
134;1667;1637;1;30
135;1697;337;5;12
136;1709;1697;1;12
137;1721;1709;1;12
138;1733;73;23;54
139;1787;41;43;24
140;1811;257;7;12
141;1823;257;7;24
142;1847;1823;1;24
143;1871;373;5;6
144;1877;373;5;12
145;1889;1877;1;12
146;1901;379;5;6
147;1907;1901;1;6
148;1913;379;5;18
149;1931;1913;1;18
150;1949;25;77;24
151;1973;7;281;6
152;1979;37;53;18
153;1997;11;181;6
154;2003;1979;1;24
155;2027;13;155;12
156;2039;31;65;24
157;2063;11;187;6
158;2069;17;121;12
159;2081;25;83;6
160;2087;25;83;12
161;2099;2087;1;12
162;2111;23;91;18
163;2129;29;73;12
164;2141;2129;1;12
165;2153;2099;1;54
166;2207;31;71;6
167;2213;199;11;24
168;2237;23;97;6
169;2243;317;7;24
170;2267;7;323;6
171;2273;173;13;24
172;2297;457;5;12
173;2309;457;5;24
174;2333;13;179;6
175;2339;13;179;12
176;2351;7;335;6
177;2357;2333;1;24
178;2381;23;103;12
179;2393;7;341;6
180;2399;31;77;12
181;2411;13;185;6
182;2417;2411;1;6
183;2423;37;65;18
184;2441;487;5;6
185;2447;487;5;12
186;2459;2441;1;18
187;2477;2423;1;54
188;2531;229;11;12
189;2543;43;59;6
190;2549;229;11;30
191;2579;17;151;12
192;2591;31;83;18
193;2609;49;53;12
194;2621;2609;1;12
195;2633;2609;1;24
196;2657;11;241;6
197;2663;29;91;24
198;2687;7;383;6
199;2693;2687;1;6
200;2699;2687;1;12
201;2711;2693;1;18
202;2729;13;209;12
203;2741;2729;1;12
204;2753;2729;1;24
205;2777;35;79;12
206;2789;2777;1;12
207;2801;23;121;18
208;2819;2801;1;18
209;2837;19;149;6
210;2843;25;113;18
211;2861;2843;1;18
212;2879;2861;1;18
213;2897;7;413;6
214;2903;2897;1;6
215;2909;49;59;18
216;2927;53;55;12
217;2939;23;127;18
218;2957;13;227;6
219;2963;2957;1;6
220;2969;2939;1;30
221;2999;29;103;12
222;3011;2999;1;12
223;3023;601;5;18
224;3041;2999;1;42
225;3083;17;181;6
226;3089;133;23;30
227;3119;443;7;18
228;3137;239;13;30
229;3167;449;7;24
230;3191;17;187;12
231;3203;23;139;6
232;3209;23;139;12
233;3221;3191;1;30
234;3251;11;295;6
235;3257;643;5;42
236;3299;25;131;24
237;3323;31;107;6
238;3329;43;77;18
239;3347;23;145;12
240;3359;3347;1;12
241;3371;479;7;18
242;3389;3371;1;18
243;3407;19;179;6
244;3413;307;11;36
245;3449;491;7;12
246;3461;691;5;6
247;3467;313;11;24
248;3491;691;5;36
249;3527;7;503;6
250;3533;3527;1;6
251;3539;503;7;18
252;3557;3533;1;24
253;3581;43;83;12
254;3593;43;83;24
255;3617;23;157;6
256;3623;211;17;36
257;3659;521;7;12
258;3671;733;5;6
259;3677;281;13;24
260;3701;29;127;18
261;3719;3677;1;42
262;3761;751;5;6
263;3767;751;5;12
264;3779;3761;1;18
265;3797;17;223;6
266;3803;757;5;18
267;3821;13;293;12
268;3833;35;109;18
269;3851;349;11;12
270;3863;769;5;18
271;3881;3851;1;30
272;3911;11;355;6
273;3917;3911;1;6
274;3923;3917;1;6
275;3929;3911;1;18
276;3947;55;71;42
277;3989;41;97;12
278;4001;17;235;6
279;4007;4001;1;6
280;4013;4007;1;6
281;4019;3989;1;30
282;4049;25;161;24
283;4073;7;581;6
284;4079;49;83;12
285;4091;811;5;36
286;4127;13;317;6
287;4133;4127;1;6
288;4139;317;13;18
289;4157;373;11;54
290;4211;29;145;6
291;4217;29;145;12
292;4229;4217;1;12
293;4241;4229;1;12
294;4253;31;137;6
295;4259;31;137;12
296;4271;4259;1;12
297;4283;7;611;6
298;4289;4241;1;48
299;4337;25;173;12
300;4349;25;173;24
301;4373;65;67;18
302;4391;877;5;6
303;4397;877;5;12
304;4409;4397;1;12
305;4421;4391;1;30
306;4451;7;635;6
307;4457;4451;1;6
308;4463;35;127;18
309;4481;41;109;12
310;4493;41;109;24
311;4517;13;347;6
312;4523;409;11;24
313;4547;347;13;36
314;4583;647;7;54
315;4637;11;421;6
316;4643;4637;1;6
317;4649;25;185;24
318;4673;13;359;6
319;4679;13;359;12
320;4691;4679;1;12
321;4703;937;5;18
322;4721;17;277;12
323;4733;23;205;18
324;4751;41;115;36
325;4787;7;683;6
326;4793;4787;1;6
327;4799;683;7;18
328;4817;433;11;54
329;4871;7;695;6
330;4877;35;139;12
331;4889;43;113;30
332;4919;701;7;12
333;4931;25;197;6
334;4937;4931;1;6
335;4943;4919;1;24
336;4967;11;451;6
337;4973;4943;1;30
338;5003;19;263;6
339;5009;19;263;12
340;5021;5003;1;18
341;5039;457;11;12
342;5051;5021;1;30
343;5081;7;725;6
344;5087;25;203;12
345;5099;5051;1;48
346;5147;53;97;6
347;5153;65;79;18
348;5171;5153;1;18
349;5189;5147;1;42
350;5231;11;475;6
351;5237;401;13;24
352;5261;29;181;12
353;5273;23;229;6
354;5279;5261;1;18
355;5297;11;481;6
356;5303;5297;1;6
357;5309;35;151;24
358;5333;1063;5;18
359;5351;313;17;30
360;5381;25;215;6
361;5387;5381;1;6
362;5393;5387;1;6
363;5399;5381;1;18
364;5417;5393;1;24
365;5441;773;7;30
366;5471;1093;5;6
367;5477;5471;1;6
368;5483;1093;5;18
369;5501;7;785;6
370;5507;35;157;12
371;5519;5507;1;12
372;5531;499;11;42
373;5573;55;101;18
374;5591;241;23;48
375;5639;17;331;12
376;5651;1129;5;6
377;5657;1129;5;12
378;5669;1129;5;24
379;5693;25;227;18
380;5711;7;815;6
381;5717;5693;1;24
382;5741;139;41;42
383;5783;1153;5;18
384;5801;19;305;6
385;5807;5801;1;6
386;5813;5783;1;30
387;5843;13;449;6
388;5849;13;449;12
389;5861;1171;5;6
390;5867;1171;5;12
391;5879;5861;1;18
392;5897;43;137;6
393;5903;5879;1;24
394;5927;13;455;12
395;5939;5897;1;42
396;5981;25;239;6
397;5987;67;89;24
398;6011;461;13;18
399;6029;6011;1;18
400;6047;7;863;6
401;6053;547;11;36
402;6089;59;103;12
403;6101;6089;1;12
404;6113;23;265;18
405;6131;29;211;12
406;6143;6113;1;30
407;6173;43;143;24
408;6197;41;151;6
409;6203;1237;5;18
410;6221;1237;5;36
411;6257;7;893;6
412;6263;6257;1;6
413;6269;19;329;18
414;6287;25;251;12
415;6299;6287;1;12
416;6311;13;485;6
417;6317;6311;1;6
418;6323;6317;1;6
419;6329;65;97;24
420;6353;11;577;6
421;6359;6329;1;30
422;6389;6329;1;60
423;6449;25;257;24
424;6473;1291;5;18
425;6491;71;91;30
426;6521;6491;1;30
427;6551;13;503;12
428;6563;79;83;6
429;6569;79;83;12
430;6581;6563;1;18
431;6599;55;119;54
432;6653;17;391;6
433;6659;947;7;30
434;6689;607;11;12
435;6701;41;163;18
436;6719;6701;1;18
437;6737;49;137;24
438;6761;613;11;18
439;6779;67;101;12
440;6791;6779;1;12
441;6803;6779;1;24
442;6827;19;359;6
443;6833;619;11;24
444;6857;13;527;6
445;6863;6857;1;6
446;6869;977;7;30
447;6899;71;97;12
448;6911;1381;5;6
449;6917;71;97;30
450;6947;19;365;12
451;6959;6947;1;12
452;6971;7;995;6
453;6977;6971;1;6
454;6983;35;199;18
455;7001;29;241;12
456;7013;7;1001;6
457;7019;1399;5;24
458;7043;49;143;36
459;7079;83;85;24
460;7103;47;151;6
461;7109;47;151;12
462;7121;1423;5;6
463;7127;7103;1;24
464;7151;1423;5;36
465;7187;43;167;6
466;7193;25;287;18
467;7211;7193;1;18
468;7229;7211;1;18
469;7247;13;557;6
470;7253;31;233;30
471;7283;61;119;24
472;7307;7283;1;24
473;7331;71;103;18
474;7349;1453;5;84
475;7433;1483;5;18
476;7451;1489;5;6
477;7457;7433;1;24
478;7481;13;575;6
479;7487;13;575;12
480;7499;7481;1;18
481;7517;7;1073;6
482;7523;7517;1;6
483;7529;7517;1;12
484;7541;11;685;6
485;7547;55;137;12
486;7559;7541;1;18
487;7577;67;113;6
488;7583;7577;1;6
489;7589;67;113;18
490;7607;67;113;36
491;7643;7;1091;6
492;7649;25;305;24
493;7673;1531;5;18
494;7691;1097;7;12
495;7703;1097;7;24
496;7727;43;179;30
497;7757;1103;7;36
498;7793;457;17;24
499;7817;73;107;6
500;7823;7817;1;6
501;7829;7817;1;12
502;7841;7829;1;12
503;7853;7829;1;24
504;7877;17;463;6
505;7883;55;143;18
506;7901;1579;5;6
507;7907;1579;5;12
508;7919;7901;1;18
509;7937;25;317;12
510;7949;161;49;60
511;8009;79;101;30
512;8039;8009;1;30
513;8069;1151;7;12
514;8081;17;475;6
515;8087;8081;1;6
516;8093;19;425;18
517;8111;1621;5;6
518;8117;8111;1;6
519;8123;89;91;24
520;8147;8123;1;24
521;8171;8123;1;48
522;8219;29;283;12
523;8231;7;1175;6
524;8237;8231;1;6
525;8243;43;191;30
526;8273;65;127;18
527;8291;1657;5;6
528;8297;8231;1;66
529;8363;61;137;6
530;8369;1193;7;18
531;8387;1193;7;36
532;8423;19;443;6
533;8429;647;13;18
534;8447;77;109;54
535;8501;13;653;12
536;8513;653;13;24
537;8537;19;449;6
538;8543;8513;1;30
539;8573;83;103;24
540;8597;17;505;12
541;8609;71;121;18
542;8627;71;121;36
543;8663;11;787;6
544;8669;787;11;12
545;8681;8669;1;12
546;8693;7;1241;6
547;8699;787;11;42
548;8741;1747;5;6
549;8747;8741;1;6
550;8753;61;143;30
551;8783;461;19;24
552;8807;1759;5;12
553;8819;8807;1;12
554;8831;25;353;6
555;8837;25;353;12
556;8849;8837;1;12
557;8861;7;1265;6
558;8867;677;13;66
559;8933;1783;5;18
560;8951;1277;7;12
561;8963;13;689;6
562;8969;1277;7;30
563;8999;19;473;12
564;9011;23;391;18
565;9029;71;127;12
566;9041;1289;7;18
567;9059;1283;7;78
568;9137;701;13;24
569;9161;1307;7;12
570;9173;41;223;30
571;9203;17;541;6
572;9209;17;541;12
573;9221;19;485;6
574;9227;19;485;12
575;9239;9221;1;18
576;9257;1319;7;24
577;9281;13;713;12
578;9293;25;371;18
579;9311;17;547;12
580;9323;1861;5;18
581;9341;9311;1;30
582;9371;1873;5;6
583;9377;9341;1;36
584;9413;23;409;6
585;9419;23;409;12
586;9431;13;725;6
587;9437;9413;1;24
588;9461;31;305;6
589;9467;9461;1;6
590;9473;9467;1;6
591;9479;9467;1;12
592;9491;7;1355;6
593;9497;9473;1;24
594;9521;37;257;12
595;9533;7;1361;6
596;9539;1361;7;12
597;9551;55;173;36
598;9587;9551;1;36
599;9623;59;163;6
600;9629;67;143;48
601;9677;1933;5;12
602;9689;743;13;30
603;9719;35;277;24
604;9743;7;1391;6
605;9749;37;263;18
606;9767;9743;1;24
607;9791;77;127;12
608;9803;337;29;30
609;9833;31;317;6
610;9839;31;317;12
611;9851;11;895;6
612;9857;31;317;30
613;9887;9851;1;36
614;9923;47;211;6
615;9929;47;211;12
616;9941;79;125;66
617;10007;907;11;30
618;10037;31;323;24
619;10061;2011;5;6
620;10067;2011;5;12
621;10079;10067;1;12
622;10091;10079;1;12
623;10103;1439;7;30
624;10133;13;779;6
625;10139;13;779;12
626;10151;10139;1;12
627;10163;7;1451;6
628;10169;1451;7;12
629;10181;10169;1;12
630;10193;25;407;18
631;10211;31;329;12
632;10223;31;329;24
633;10247;7;1463;6
634;10253;10247;1;6
635;10259;10247;1;12
636;10271;10253;1;18
637;10289;43;239;12
638;10301;10289;1;12
639;10313;29;355;18
640;10331;7;1475;6
641;10337;10331;1;6
642;10343;71;145;48
643;10391;95;109;36
644;10427;17;613;6
645;10433;1487;7;24
646;10457;7;1493;6
647;10463;73;143;24
648;10487;25;419;12
649;10499;361;29;30
650;10529;10499;1;30
651;10559;10529;1;30
652;10589;1511;7;12
653;10601;13;815;6
654;10607;10601;1;6
655;10613;65;163;18
656;10631;65;163;36
657;10667;29;367;24
658;10691;821;13;18
659;10709;2137;5;24
660;10733;17;631;6
661;10739;563;19;42
662;10781;47;229;18
663;10799;827;13;48
664;10847;37;293;6
665;10853;10847;1;6
666;10859;55;197;24
667;10883;73;149;6
668;10889;293;37;48
669;10937;19;575;12
670;10949;25;437;24
671;10973;11;997;6
672;10979;35;313;24
673;11003;10979;1;24
674;11027;1571;7;30
675;11057;47;235;12
676;11069;43;257;18
677;11087;7;1583;6
678;11093;11069;1;24
679;11117;443;25;42
680;11159;71;157;12
681;11171;7;1595;6
682;11177;857;13;36
683;11213;53;211;30
684;11243;25;449;18
685;11261;1607;7;12
686;11273;19;593;6
687;11279;661;17;42
688;11321;1613;7;30
689;11351;1619;7;18
690;11369;2269;5;24
691;11393;59;193;6
692;11399;59;193;12
693;11411;11399;1;12
694;11423;11399;1;24
695;11447;11423;1;24
696;11471;1637;7;12
697;11483;23;499;6
698;11489;1637;7;30
699;11519;11489;1;30
700;11549;11519;1;30
701;11579;1051;11;18
702;11597;71;163;24
703;11621;13;893;12
704;11633;47;247;24
705;11657;11633;1;24
706;11681;107;109;18
707;11699;11681;1;18
708;11717;11657;1;60
709;11777;79;149;6
710;11783;11777;1;6
711;11789;11777;1;12
712;11801;7;1685;6
713;11807;11801;1;6
714;11813;35;337;18
715;11831;337;35;36
716;11867;89;133;30
717;11897;11;1081;6
718;11903;11897;1;6
719;11909;23;517;18
720;11927;7;1703;6
721;11933;11927;1;6
722;11939;11909;1;30
723;11969;1087;11;12
724;11981;25;479;6
725;11987;1709;7;24
726;12011;11981;1;30
727;12041;12011;1;30
728;12071;12041;1;30
729;12101;41;295;6
730;12107;12101;1;6
731;12113;12107;1;6
732;12119;41;295;24
733;12143;53;229;6
734;12149;53;229;12
735;12161;97;125;36
736;12197;73;167;6
737;12203;641;19;24
738;12227;35;349;12
739;12239;12227;1;12
740;12251;12239;1;12
741;12263;7;1751;6
742;12269;17;721;12
743;12281;12239;1;42
744;12323;109;113;6
745;12329;947;13;18
746;12347;109;113;30
747;12377;1123;11;24
748;12401;13;953;12
749;12413;953;13;24
750;12437;12401;1;36
751;12473;7;1781;6
752;12479;13;959;12
753;12491;11;1135;6
754;12497;12491;1;6
755;12503;12479;1;24
756;12527;2503;5;12
757;12539;1787;7;30
758;12569;12527;1;42
759;12611;547;23;30
760;12641;7;1805;6
761;12647;12641;1;6
762;12653;12647;1;6
763;12659;12647;1;12
764;12671;12653;1;18
765;12689;85;149;24
766;12713;1153;11;30
767;12743;2539;5;48
768;12791;53;241;18
769;12809;67;191;12
770;12821;209;61;72
771;12893;7;1841;6
772;12899;49;263;12
773;12911;29;445;6
774;12917;12911;1;6
775;12923;29;445;18
776;12941;1847;7;12
777;12953;11;1177;6
778;12959;65;199;24
779;12983;2593;5;18
780;13001;23;565;6
781;13007;683;19;30
782;13037;83;157;6
783;13043;13037;1;6
784;13049;113;115;54
785;13103;7;1871;6
786;13109;1871;7;12
787;13121;43;305;6
788;13127;13103;1;24
789;13151;1877;7;12
790;13163;1877;7;24
791;13187;59;223;30
792;13217;19;695;12
793;13229;13217;1;12
794;13241;1889;7;18
795;13259;95;139;54
796;13313;2659;5;18
797;13331;13;1025;6
798;13337;1901;7;30
799;13367;13337;1;30
800;13397;43;311;24
801;13421;1913;7;30
802;13451;2689;5;6
803;13457;13451;1;6
804;13463;13457;1;6
805;13469;13451;1;18
806;13487;25;539;12
807;13499;25;539;24
808;13523;103;131;30
809;13553;83;163;24
810;13577;1231;11;36
811;13613;11;1237;6
812;13619;107;127;30
813;13649;13619;1;30
814;13679;79;173;12
815;13691;7;1955;6
816;13697;17;805;12
817;13709;13697;1;12
818;13721;13691;1;30
819;13751;2749;5;6
820;13757;13751;1;6
821;13763;2749;5;18
822;13781;13763;1;18
823;13799;49;281;30
824;13829;41;337;12
825;13841;23;601;18
826;13859;13841;1;18
827;13877;11;1261;6
828;13883;47;295;18
829;13901;7;1985;6
830;13907;13901;1;6
831;13913;35;397;18
832;13931;397;35;36
833;13967;77;181;30
834;13997;2797;5;12
835;14009;2797;5;24
836;14033;2803;5;18
837;14051;53;265;6
838;14057;14033;1;24
839;14081;25;563;6
840;14087;2003;7;66
841;14153;7;2021;6
842;14159;79;179;18
843;14177;43;329;30
844;14207;37;383;36
845;14243;23;619;6
846;14249;85;167;54
847;14303;2857;5;18
848;14321;7;2045;6
849;14327;2857;5;42
850;14369;113;127;18
851;14387;53;271;24
852;14411;17;847;12
853;14423;77;187;24
854;14447;43;335;42
855;14489;761;19;30
856;14519;853;17;18
857;14537;11;1321;6
858;14543;14537;1;6
859;14549;14537;1;12
860;14561;1321;11;30
861;14591;14561;1;30
862;14621;37;395;6
863;14627;14621;1;6
864;14633;14627;1;6
865;14639;14621;1;18
866;14657;29;505;12
867;14669;14639;1;30
868;14699;53;277;18
869;14717;47;313;6
870;14723;85;173;18
871;14741;7;2105;6
872;14747;14741;1;6
873;14753;14747;1;6
874;14759;14747;1;12
875;14771;14759;1;12
876;14783;14753;1;30
877;14813;55;269;18
878;14831;29;511;12
879;14843;29;511;24
880;14867;2971;5;12
881;14879;14867;1;12
882;14891;13;1145;6
883;14897;2971;5;42
884;14939;23;649;12
885;14951;7;2135;6
886;14957;35;427;12
887;14969;347;43;48
888;15017;71;211;36
889;15053;113;133;24
890;15077;7;2153;6
891;15083;23;655;18
892;15101;3019;5;6
893;15107;15083;1;24
894;15131;11;1375;6
895;15137;25;605;12
896;15149;15137;1;12
897;15161;15149;1;12
898;15173;1163;13;54
899;15227;31;491;6
900;15233;661;23;30
901;15263;11;1387;6
902;15269;101;151;18
903;15287;13;1175;12
904;15299;15269;1;30
905;15329;15299;1;30
906;15359;23;667;18
907;15377;19;809;6
908;15383;35;439;18
909;15401;1399;11;12
910;15413;15383;1;30
911;15443;25;617;18
912;15461;11;1405;6
913;15467;15461;1;6
914;15473;2207;7;24
915;15497;15467;1;30
916;15527;37;419;24
917;15551;49;317;18
918;15569;47;331;12
919;15581;49;317;48
920;15629;23;679;12
921;15641;53;295;6
922;15647;919;17;24
923;15671;2237;7;12
924;15683;53;295;48
925;15731;17;925;6
926;15737;17;925;12
927;15749;15737;1;12
928;15761;23;685;6
929;15767;15761;1;6
930;15773;23;685;18
931;15791;7;2255;6
932;15797;15791;1;6
933;15803;15797;1;6
934;15809;15737;1;72
935;15881;25;635;6
936;15887;121;131;36
937;15923;15887;1;36
938;15959;37;431;12
939;15971;839;19;30
940;16001;7;2285;6
941;16007;301;53;54
942;16061;13;1235;6
943;16067;16061;1;6
944;16073;19;845;18
945;16091;3217;5;6
946;16097;16091;1;6
947;16103;2297;7;24
948;16127;55;293;12
949;16139;16091;1;48
950;16187;11;1471;6
951;16193;37;437;24
952;16217;13;1247;6
953;16223;16217;1;6
954;16229;35;463;24
955;16253;463;35;48
956;16301;19;857;18
957;16319;91;179;30
958;16349;17;961;12
959;16361;16301;1;60
960;16421;7;2345;6
961;16427;16421;1;6
962;16433;35;469;18
963;16451;16421;1;30
964;16481;25;659;6
965;16487;16481;1;6
966;16493;2351;7;36
967;16529;19;869;18
968;16547;7;2363;6
969;16553;2357;7;54
970;16607;3319;5;12
971;16619;16607;1;12
972;16631;37;449;18
973;16649;127;131;12
974;16661;16649;1;12
975;16673;3331;5;18
976;16691;13;1283;12
977;16703;89;187;60
978;16763;881;19;24
979;16787;16763;1;24
980;16811;107;157;12
981;16823;67;251;6
982;16829;16787;1;42
983;16871;23;733;12
984;16883;7;2411;6
985;16889;2411;7;12
986;16901;16871;1;30
987;16931;25;677;6
988;16937;16931;1;6
989;16943;53;319;36
990;16979;16937;1;42
991;17021;41;415;6
992;17027;17021;1;6
993;17033;1543;11;60
994;17093;7;2441;6
995;17099;19;899;18
996;17117;71;241;6
997;17123;2441;7;36
998;17159;115;149;24
999;17183;89;193;6
1000;17189;77;223;18
1001;17207;17183;1;24
1002;17231;77;223;60
1003;17291;41;421;30
1004;17321;3463;5;6
1005;17327;17321;1;6
1006;17333;3463;5;18
1007;17351;3463;5;36
1008;17387;7;2483;6
1009;17393;1579;11;24
1010;17417;97;179;54
1011;17471;7;2495;6
1012;17477;17471;1;6
1013;17483;17477;1;6
1014;17489;79;221;30
1015;17519;499;35;54
1016;17573;11;1597;6
1017;17579;1033;17;18
1018;17597;3517;5;12
1019;17609;49;359;18
1020;17627;17597;1;30
1021;17657;3529;5;12
1022;17669;17657;1;12
1023;17681;77;229;48
1024;17729;89;199;18
1025;17747;89;199;36
1026;17783;29;613;6
1027;17789;1367;13;18
1028;17807;613;29;30
1029;17837;17783;1;54
1030;17891;19;941;12
1031;17903;11;1627;6
1032;17909;1627;11;12
1033;17921;17903;1;18
1034;17939;17921;1;18
1035;17957;79;227;24
1036;17981;25;719;6
1037;17987;79;227;54
1038;18041;3607;5;6
1039;18047;3607;5;12
1040;18059;18041;1;18
1041;18077;3613;5;12
1042;18089;18059;1;30
1043;18119;19;953;12
1044;18131;18119;1;12
1045;18143;7;2591;6
1046;18149;953;19;42
1047;18191;18149;1;42
1048;18233;3643;5;18
1049;18251;41;445;6
1050;18257;41;445;12
1051;18269;18251;1;18
1052;18287;2609;7;24
1053;18311;1663;11;18
1054;18329;13;1409;12
1055;18341;18329;1;12
1056;18353;19;965;18
1057;18371;18341;1;30
1058;18401;37;497;12
1059;18413;31;593;30
1060;18443;25;737;18
1061;18461;113;163;42
1062;18503;3697;5;18
1063;18521;18503;1;18
1064;18539;451;41;48
1065;18587;17;1093;6
1066;18593;31;599;24
1067;18617;977;19;54
1068;18671;2663;7;30
1069;18701;1699;11;12
1070;18713;13;1439;6
1071;18719;13;1439;12
1072;18731;18719;1;12
1073;18743;41;457;6
1074;18749;25;749;24
1075;18773;18749;1;24
1076;18797;19;989;6
1077;18803;49;383;36
1078;18839;2687;7;30
1079;18869;18839;1;30
1080;18899;17;1111;12
1081;18911;19;995;6
1082;18917;101;187;30
1083;18947;35;541;12
1084;18959;18917;1;42
1085;19001;17;1117;12
1086;19013;29;655;18
1087;19031;25;761;6
1088;19037;19001;1;36
1089;19073;23;829;6
1090;19079;19037;1;42
1091;19121;2729;7;18
1092;19139;19121;1;18
1093;19157;11;1741;6
1094;19163;35;547;18
1095;19181;1741;11;30
1096;19211;19163;1;48
1097;19259;41;469;30
1098;19289;37;521;12
1099;19301;1753;11;18
1100;19319;3853;5;54
1101;19373;107;181;6
1102;19379;107;181;12
1103;19391;19379;1;12
1104;19403;3877;5;18
1105;19421;11;1765;6
1106;19427;19421;1;6
1107;19433;1493;13;24
1108;19457;53;367;6
1109;19463;19457;1;6
1110;19469;119;163;72
1111;19541;59;331;12
1112;19553;11;1777;6
1113;19559;1777;11;12
1114;19571;7;2795;6
1115;19577;19571;1;6
1116;19583;83;235;78
1117;19661;125;157;36
1118;19697;31;635;12
1119;19709;29;679;18
1120;19727;3943;5;12
1121;19739;19727;1;12
1122;19751;19739;1;12
1123;19763;2819;7;30
1124;19793;55;359;48
1125;19841;79;251;12
1126;19853;133;149;36
1127;19889;29;685;24
1128;19913;17;1171;6
1129;19919;2843;7;18
1130;19937;25;797;12
1131;19949;19937;1;12
1132;19961;19949;1;12
1133;19973;41;487;6
1134;19979;41;487;12
1135;19991;7;2855;6
1136;19997;19973;1;24
1137;20021;19991;1;30
1138;20051;29;691;12
1139;20063;107;187;54
1140;20117;7;2873;6
1141;20123;20117;1;6
1142;20129;91;221;18
1143;20147;20117;1;30
1144;20177;23;877;6
1145;20183;37;545;18
1146;20201;20183;1;18
1147;20219;121;167;12
1148;20231;29;697;18
1149;20249;49;413;12
1150;20261;809;25;36
1151;20297;1559;13;30
1152;20327;7;2903;6
1153;20333;883;23;24
1154;20357;13;1565;12
1155;20369;65;313;24
1156;20393;19;1073;6
1157;20399;19;1073;12
1158;20411;89;229;30
1159;20441;53;385;36
1160;20477;11;1861;6
1161;20483;41;499;24
1162;20507;1861;11;36
1163;20543;11;1867;6
1164;20549;1861;11;78
1165;20627;19;1085;12
1166;20639;31;665;24
1167;20663;4129;5;18
1168;20681;1879;11;12
1169;20693;1879;11;24
1170;20717;137;151;30
1171;20747;7;2963;6
1172;20753;20747;1;6
1173;20759;20747;1;12
1174;20771;20753;1;18
1175;20789;20771;1;18
1176;20807;4153;5;42
1177;20849;25;833;24
1178;20873;7;2981;6
1179;20879;23;907;18
1180;20897;13;1607;6
1181;20903;4177;5;18
1182;20921;20903;1;18
1183;20939;47;445;24
1184;20963;59;355;18
1185;20981;41;511;30
1186;21011;4201;5;6
1187;21017;21011;1;6
1188;21023;677;31;36
1189;21059;1237;17;30
1190;21089;3011;7;12
1191;21101;4219;5;6
1192;21107;1109;19;36
1193;21143;23;919;6
1194;21149;49;431;30
1195;21179;61;347;12
1196;21191;3023;7;30
1197;21221;4243;5;6
1198;21227;95;223;42
1199;21269;21221;1;48
1200;21317;101;211;6
1201;21323;4261;5;18
1202;21341;17;1255;6
1203;21347;21317;1;30
1204;21377;7;3053;6
1205;21383;4273;5;18
1206;21401;11;1945;6
1207;21407;55;389;12
1208;21419;71;301;48
1209;21467;41;523;24
1210;21491;47;457;12
1211;21503;4297;5;18
1212;21521;4297;5;36
1213;21557;23;937;6
1214;21563;21557;1;6
1215;21569;23;937;18
1216;21587;25;863;12
1217;21599;21587;1;12
1218;21611;29;745;6
1219;21617;21587;1;30
1220;21647;21611;1;36
1221;21683;35;619;18
1222;21701;23;943;12
1223;21713;41;529;24
1224;21737;49;443;30
1225;21767;47;463;6
1226;21773;1279;17;30
1227;21803;4357;5;18
1228;21821;21803;1;18
1229;21839;13;1679;12
1230;21851;21839;1;12
1231;21863;85;257;18
1232;21881;19;1151;12
1233;21893;25;875;18
1234;21911;21893;1;18
1235;21929;21881;1;48
1236;21977;37;593;36
1237;22013;53;415;18
1238;22031;25;881;6
1239;22037;59;373;30
1240;22067;13;1697;6
1241;22073;22067;1;6
1242;22079;22067;1;12
1243;22091;22073;1;18
1244;22109;35;631;24
1245;22133;22109;1;24
1246;22157;2011;11;36
1247;22193;22157;1;36
1248;22229;19;1169;18
1249;22247;4447;5;12
1250;22259;22247;1;12
1251;22271;61;365;6
1252;22277;22271;1;6
1253;22283;22259;1;24
1254;22307;22271;1;36
1255;22343;7;3191;6
1256;22349;137;163;18
1257;22367;22343;1;24
1258;22391;11;2035;6
1259;22397;37;605;12
1260;22409;37;605;24
1261;22433;22397;1;36
1262;22469;17;1321;12
1263;22481;143;157;30
1264;22511;22481;1;30
1265;22541;22511;1;30
1266;22571;1733;13;42
1267;22613;13;1739;6
1268;22619;97;233;18
1269;22637;7;3233;6
1270;22643;37;611;36
1271;22679;19;1193;12
1272;22691;13;1745;6
1273;22697;13;1745;12
1274;22709;22697;1;12
1275;22721;7;3245;6
1276;22727;35;649;12
1277;22739;22727;1;12
1278;22751;127;179;18
1279;22769;22751;1;18
1280;22787;103;221;24
1281;22811;4561;5;6
1282;22817;109;209;36
1283;22853;11;2077;6
1284;22859;31;737;12
1285;22871;17;1345;6
1286;22877;22853;1;24
1287;22901;19;1205;6
1288;22907;22877;1;30
1289;22937;23;997;6
1290;22943;25;917;18
1291;22961;53;433;12
1292;22973;22943;1;30
1293;23003;4597;5;18
1294;23021;4603;5;6
1295;23027;4603;5;12
1296;23039;23021;1;18
1297;23057;7;3293;6
1298;23063;55;419;18
1299;23081;13;1775;6
1300;23087;13;1775;12
1301;23099;23081;1;18
1302;23117;65;355;42
1303;23159;101;229;30
1304;23189;43;539;12
1305;23201;1217;19;78
1306;23279;53;439;12
1307;23291;4657;5;6
1308;23297;37;629;24
1309;23321;4663;5;6
1310;23327;23321;1;6
1311;23333;23327;1;6
1312;23339;23321;1;18
1313;23357;23;1015;12
1314;23369;23339;1;30
1315;23399;103;227;18
1316;23417;91;257;30
1317;23447;43;545;12
1318;23459;91;257;72
1319;23531;25;941;6
1320;23537;25;941;12
1321;23549;23537;1;12
1322;23561;7;3365;6
1323;23567;23531;1;36
1324;23603;7;3371;6
1325;23609;31;761;18
1326;23627;13;1817;6
1327;23633;23603;1;30
1328;23663;41;577;6
1329;23669;67;353;18
1330;23687;23633;1;54
1331;23741;47;505;6
1332;23747;23741;1;6
1333;23753;37;641;36
1334;23789;13;1829;12
1335;23801;23789;1;12
1336;23813;7;3401;6
1337;23819;19;1253;12
1338;23831;23789;1;42
1339;23873;29;823;6
1340;23879;3407;7;30
1341;23909;107;223;48
1342;23957;91;263;24
1343;23981;2179;11;12
1344;23993;31;773;30
1345;24023;7;3431;6
1346;24029;83;289;42
1347;24071;4813;5;6
1348;24077;24071;1;6
1349;24083;49;491;24
1350;24107;7;3443;6
1351;24113;109;221;24
1352;24137;61;395;42
1353;24179;37;653;18
1354;24197;17;1423;6
1355;24203;143;169;36
1356;24239;3461;7;12
1357;24251;53;457;30
1358;24281;65;373;36
1359;24317;4861;5;12
1360;24329;47;517;30
1361;24359;97;251;12
1362;24371;155;157;36
1363;24407;13;1877;6
1364;24413;24407;1;6
1365;24419;35;697;24
1366;24443;24413;1;30
1367;24473;3491;7;36
1368;24509;19;1289;18
1369;24527;7;3503;6
1370;24533;4903;5;18
1371;24551;24509;1;42
1372;24593;25;983;18
1373;24611;17;1447;12
1374;24623;1069;23;36
1375;24659;49;503;12
1376;24671;4933;5;6
1377;24677;24671;1;6
1378;24683;103;239;66
1379;24749;3533;7;18
1380;24767;43;575;42
1381;24809;137;181;12
1382;24821;1907;13;30
1383;24851;4957;5;66
1384;24917;29;859;6
1385;24923;31;803;30
1386;24953;4987;5;18
1387;24971;4993;5;6
1388;24977;4993;5;12
1389;24989;4993;5;24
1390;25013;4999;5;18
1391;25031;7;3575;6
1392;25037;1087;23;36
1393;25073;37;677;24
1394;25097;25073;1;24
1395;25121;5023;5;6
1396;25127;2281;11;36
1397;25163;11;2287;6
1398;25169;119;211;60
1399;25229;1483;17;18
1400;25247;43;587;6
1401;25253;71;355;48
1402;25301;5059;5;6
1403;25307;37;683;36
1404;25343;13;1949;6
1405;25349;73;347;18
1406;25367;7;3623;6
1407;25373;55;461;18
1408;25391;25373;1;18
1409;25409;41;619;30
1410;25439;2311;11;18
1411;25457;31;821;6
1412;25463;25457;1;6
1413;25469;65;391;54
1414;25523;5101;5;18
1415;25541;5101;5;36
1416;25577;7;3653;6
1417;25583;25577;1;6
1418;25589;25577;1;12
1419;25601;61;419;42
1420;25643;137;187;24
1421;25667;67;383;6
1422;25673;25667;1;6
1423;25679;35;733;24
1424;25703;25673;1;30
1425;25733;25703;1;30
1426;25763;25733;1;30
1427;25793;107;241;6
1428;25799;43;599;42
1429;25841;5167;5;6
1430;25847;65;397;42
1431;25889;35;739;24
1432;25913;7;3701;6
1433;25919;3701;7;12
1434;25931;25919;1;12
1435;25943;25889;1;54
1436;25997;7;3713;6
1437;26003;5197;5;18
1438;26021;25943;1;78
1439;26099;19;1373;12
1440;26111;2371;11;30
1441;26141;17;1537;12
1442;26153;5227;5;18
1443;26171;5233;5;6
1444;26177;26171;1;6
1445;26183;26177;1;6
1446;26189;26141;1;48
1447;26237;25;1049;12
1448;26249;26237;1;12
1449;26261;59;445;6
1450;26267;26237;1;30
1451;26297;35;751;12
1452;26309;26297;1;12
1453;26321;29;907;18
1454;26339;26321;1;18
1455;26357;3761;7;30
1456;26387;23;1147;6
1457;26393;26387;1;6
1458;26399;23;1147;18
1459;26417;7;3773;6
1460;26423;26387;1;36
1461;26459;107;247;30
1462;26489;29;913;12
1463;26501;26489;1;12
1464;26513;67;395;48
1465;26561;139;191;12
1466;26573;47;565;18
1467;26591;13;2045;6
1468;26597;31;857;30
1469;26627;7;3803;6
1470;26633;26597;1;36
1471;26669;19;1403;12
1472;26681;11;2425;6
1473;26687;26681;1;6
1474;26693;26687;1;6
1475;26699;26687;1;12
1476;26711;7;3815;6
1477;26717;26711;1;6
1478;26723;26717;1;6
1479;26729;26699;1;30
1480;26759;121;221;18
1481;26777;19;1409;6
1482;26783;53;505;18
1483;26801;43;623;12
1484;26813;26777;1;36
1485;26849;47;571;12
1486;26861;1579;17;18
1487;26879;67;401;12
1488;26891;26879;1;12
1489;26903;19;1415;18
1490;26921;7;3845;6
1491;26927;26903;1;24
1492;26951;26921;1;30
1493;26981;13;2075;6
1494;26987;26981;1;6
1495;26993;25;1079;18
1496;27011;11;2455;6
1497;27017;65;415;42
1498;27059;3863;7;18
1499;27077;37;731;30
1500;27107;107;253;36
1501;27143;27107;1;36
1502;27179;3881;7;12
1503;27191;5437;5;6
1504;27197;5431;5;42
1505;27239;27197;1;42
1506;27281;137;199;18
1507;27299;37;737;30
1508;27329;119;229;78
1509;27407;139;197;24
1510;27431;25;1097;6
1511;27437;25;1097;12
1512;27449;3917;7;30
1513;27479;27449;1;30
1514;27509;37;743;18
1515;27527;5503;5;12
1516;27539;27527;1;12
1517;27551;73;377;30
1518;27581;27551;1;30
1519;27611;5521;5;6
1520;27617;49;563;30
1521;27647;131;211;6
1522;27653;27617;1;36
1523;27689;13;2129;12
1524;27701;55;503;36
1525;27737;11;2521;6
1526;27743;27737;1;6
1527;27749;2521;11;18
1528;27767;17;1633;6
1529;27773;27767;1;6
1530;27779;27767;1;12
1531;27791;27779;1;12
1532;27803;7;3971;6
1533;27809;27791;1;18
1534;27827;27803;1;24
1535;27851;27809;1;42
1536;27893;29;961;24
1537;27917;27893;1;24
1538;27941;37;755;6
1539;27947;27941;1;6
1540;27953;3989;7;30
1541;27983;35;799;18
1542;28001;27983;1;18
1543;28019;4001;7;12
1544;28031;85;329;66
1545;28097;41;685;12
1546;28109;127;221;42
1547;28151;19;1481;12
1548;28163;65;433;18
1549;28181;28151;1;30
1550;28211;121;233;18
1551;28229;28181;1;48
1552;28277;17;1663;6
1553;28283;28277;1;6
1554;28289;1663;17;18
1555;28307;5659;5;12
1556;28319;28289;1;30
1557;28349;5659;5;54
1558;28403;73;389;6
1559;28409;35;811;24
1560;28433;7;4061;6
1561;28439;5683;5;24
1562;28463;28433;1;30
1563;28493;61;467;6
1564;28499;19;1499;18
1565;28517;28493;1;24
1566;28541;13;2195;6
1567;28547;13;2195;12
1568;28559;28547;1;12
1569;28571;65;439;36
1570;28607;19;1505;12
1571;28619;28607;1;12
1572;28631;28619;1;12
1573;28643;7;4091;6
1574;28649;4091;7;12
1575;28661;125;229;36
1576;28697;13;2207;6
1577;28703;55;521;48
1578;28751;1511;19;42
1579;28793;2213;13;24
1580;28817;1151;25;42
1581;28859;13;2219;12
1582;28871;151;191;30
1583;28901;61;473;48
1584;28949;19;1523;12
1585;28961;103;281;18
1586;28979;28949;1;30
1587;29009;107;271;12
1588;29021;7;4145;6
1589;29027;29021;1;6
1590;29033;97;299;30
1591;29063;97;299;60
1592;29123;11;2647;6
1593;29129;43;677;18
1594;29147;7;4163;6
1595;29153;5821;5;48
1596;29201;5839;5;6
1597;29207;77;379;24
1598;29231;61;479;12
1599;29243;101;289;54
1600;29297;17;1723;6
1601;29303;67;437;24
1602;29327;109;269;6
1603;29333;29327;1;6
1604;29339;41;715;24
1605;29363;29339;1;24
1606;29387;25;1175;12
1607;29399;29387;1;12
1608;29411;29399;1;12
1609;29423;23;1279;6
1610;29429;5881;5;24
1611;29453;29423;1;30
1612;29483;71;415;18
1613;29501;2267;13;30
1614;29531;25;1181;6
1615;29537;1553;19;30
1616;29567;7;4223;6
1617;29573;2683;11;60
1618;29633;4229;7;30
1619;29663;47;631;6
1620;29669;1559;19;48
1621;29717;11;2701;6
1622;29723;65;457;18
1623;29741;31;959;12
1624;29753;151;197;6
1625;29759;31;959;30
1626;29789;29759;1;30
1627;29819;1753;17;18
1628;29837;41;727;30
1629;29867;13;2297;6
1630;29873;29867;1;6
1631;29879;29837;1;42
1632;29921;31;965;6
1633;29927;2713;11;84
1634;30011;89;337;18
1635;30029;30011;1;18
1636;30047;6007;5;12
1637;30059;30047;1;12
1638;30071;41;733;18
1639;30089;35;859;24
1640;30113;7;4301;6
1641;30119;31;971;18
1642;30137;30113;1;24
1643;30161;125;241;36
1644;30197;7;4313;6
1645;30203;30137;1;66
1646;30269;115;263;24
1647;30293;53;571;30
1648;30323;19;1595;18
1649;30341;6067;5;6
1650;30347;55;551;42
1651;30389;30347;1;42
1652;30431;1789;17;18
1653;30449;30431;1;18
1654;30467;4349;7;24
1655;30491;7;4355;6
1656;30497;13;2345;12
1657;30509;1051;29;30
1658;30539;23;1327;18
1659;30557;1327;23;36
1660;30593;85;359;78
1661;30671;6133;5;6
1662;30677;6133;5;12
1663;30689;30671;1;18
1664;30707;11;2791;6
1665;30713;151;203;60
1666;30773;71;433;30
1667;30803;13;2369;6
1668;30809;4397;7;30
1669;30839;29;1063;12
1670;30851;2803;11;18
1671;30869;59;523;12
1672;30881;30869;1;12
1673;30893;19;1625;18
1674;30911;30881;1;30
1675;30941;30911;1;30
1676;30971;11;2815;6
1677;30977;30971;1;6
1678;30983;2381;13;30
1679;31013;101;307;6
1680;31019;83;373;60
1681;31079;47;661;12
1682;31091;89;349;30
1683;31121;19;1637;18
1684;31139;17;1831;12
1685;31151;31121;1;30
1686;31181;71;439;12
1687;31193;2833;11;30
1688;31223;4457;7;24
1689;31247;7;4463;6
1690;31253;31247;1;6
1691;31259;31247;1;12
1692;31271;13;2405;6
1693;31277;31247;1;30
1694;31307;55;569;12
1695;31319;113;277;18
1696;31337;55;569;42
1697;31379;4481;7;12
1698;31391;6277;5;6
1699;31397;175;179;72
1700;31469;83;379;12
1701;31481;4493;7;30
1702;31511;6301;5;6
1703;31517;77;409;24
1704;31541;7;4505;6
1705;31547;31511;1;36
1706;31583;59;535;18
1707;31601;71;445;6
1708;31607;131;241;36
1709;31643;17;1861;6
1710;31649;47;673;18
1711;31667;101;313;54
1712;31721;6343;5;6
1713;31727;49;647;24
1714;31751;2441;13;18
1715;31769;35;907;24
1716;31793;7;4541;6
1717;31799;61;521;18
1718;31817;133;239;30
1719;31847;6367;5;12
1720;31859;6367;5;24
1721;31883;31859;1;24
1722;31907;1873;17;66
1723;31973;35;913;18
1724;31991;113;283;12
1725;32003;7;4571;6
1726;32009;31991;1;18
1727;32027;32003;1;24
1728;32051;13;2465;6
1729;32057;32051;1;6
1730;32063;32057;1;6
1731;32069;161;199;30
1732;32099;4583;7;18
1733;32117;67;479;24
1734;32141;91;353;18
1735;32159;6427;5;24
1736;32183;23;1399;6
1737;32189;35;919;24
1738;32213;32189;1;24
1739;32237;32213;1;24
1740;32261;1289;25;36
1741;32297;7;4613;6
1742;32303;32297;1;6
1743;32309;32297;1;12
1744;32321;23;1405;6
1745;32327;49;659;36
1746;32363;13;2489;6
1747;32369;13;2489;12
1748;32381;173;187;30
1749;32411;179;181;12
1750;32423;7;4631;6
1751;32429;77;421;12
1752;32441;125;259;66
1753;32507;2953;11;24
1754;32531;25;1301;6
1755;32537;41;793;24
1756;32561;121;269;12
1757;32573;29;1123;6
1758;32579;85;383;24
1759;32603;37;881;6
1760;32609;37;881;12
1761;32621;32609;1;12
1762;32633;32579;1;54
1763;32687;11;2971;6
1764;32693;91;359;24
1765;32717;89;367;54
1766;32771;17;1927;12
1767;32783;73;449;6
1768;32789;73;449;12
1769;32801;32771;1;30
1770;32831;37;887;12
1771;32843;73;449;66
1772;32909;6577;5;24
1773;32933;19;1733;6
1774;32939;4703;7;18
1775;32957;55;599;12
1776;32969;83;397;18
1777;32987;13;2537;6
1778;32993;32987;1;6
1779;32999;25;1319;24
1780;33023;137;241;6
1781;33029;35;943;24
1782;33053;6607;5;18
1783;33071;13;2543;12
1784;33083;2543;13;24
1785;33107;79;419;6
1786;33113;33107;1;6
1787;33119;163;203;30
1788;33149;13;2549;12
1789;33161;23;1441;18
1790;33179;17;1951;12
1791;33191;33179;1;12
1792;33203;33119;1;84
1793;33287;29;1147;24
1794;33311;6661;5;6
1795;33317;6661;5;12
1796;33329;33311;1;18
1797;33347;7;4763;6
1798;33353;33347;1;6
1799;33359;77;433;18
1800;33377;77;433;36
1801;33413;6673;5;48
1802;33461;53;631;18
1803;33479;6691;5;24
1804;33503;37;905;18
1805;33521;4787;7;12
1806;33533;33503;1;30
1807;33563;23;1459;6
1808;33569;23;1459;12
1809;33581;17;1975;6
1810;33587;17;1975;12
1811;33599;33581;1;18
1812;33617;19;1769;6
1813;33623;33617;1;6
1814;33629;33617;1;12
1815;33641;7;4805;6
1816;33647;33581;1;66
1817;33713;119;283;36
1818;33749;89;379;18
1819;33767;7;4823;6
1820;33773;43;785;18
1821;33791;29;1165;6
1822;33797;29;1165;12
1823;33809;33791;1;18
1824;33827;77;439;24
1825;33851;7;4835;6
1826;33857;33851;1;6
1827;33863;1471;23;30
1828;33893;25;1355;18
1829;33911;109;311;12
1830;33923;6781;5;18
1831;33941;33863;1;78
1832;34019;31;1097;12
1833;34031;121;281;30
1834;34061;523;65;66
1835;34127;4871;7;30
1836;34157;67;509;54
1837;34211;6841;5;6
1838;34217;133;257;36
1839;34253;23;1489;6
1840;34259;41;835;24
1841;34283;35;979;18
1842;34301;17;2017;12
1843;34313;7;4901;6
1844;34319;34301;1;18
1845;34337;34313;1;24
1846;34361;6871;5;6
1847;34367;3121;11;36
1848;34403;23;1495;18
1849;34421;34403;1;18
1850;34439;34421;1;18
1851;34457;83;415;12
1852;34469;47;733;18
1853;34487;25;1379;12
1854;34499;34487;1;12
1855;34511;34439;1;72
1856;34583;71;487;6
1857;34589;181;191;18
1858;34607;7;4943;6
1859;34613;37;935;18
1860;34631;34613;1;18
1861;34649;34631;1;18
1862;34667;11;3151;6
1863;34673;34667;1;6
1864;34679;29;1195;24
1865;34703;35;991;18
1866;34721;34703;1;18
1867;34739;34721;1;18
1868;34757;19;1829;6
1869;34763;6949;5;18
1870;34781;34721;1;60
1871;34841;6967;5;6
1872;34847;97;359;24
1873;34871;19;1835;6
1874;34877;34871;1;6
1875;34883;91;383;30
1876;34913;67;521;6
1877;34919;139;251;30
1878;34949;23;1519;12
1879;34961;997;35;66
1880;35027;29;1207;24
1881;35051;53;661;18
1882;35069;3187;11;12
1883;35081;5009;7;18
1884;35099;13;2699;12
1885;35111;7;5015;6
1886;35117;17;2065;12
1887;35129;35117;1;12
1888;35141;35129;1;12
1889;35153;7;5021;6
1890;35159;5021;7;12
1891;35171;35141;1;30
1892;35201;7027;5;66
1893;35267;55;641;12
1894;35279;35267;1;12
1895;35291;55;641;36
1896;35327;35;1009;12
1897;35339;35;1009;24
1898;35363;7069;5;18
1899;35381;113;313;12
1900;35393;35363;1;30
1901;35423;91;389;24
1902;35447;3217;11;60
1903;35507;37;959;24
1904;35531;7;5075;6
1905;35537;35531;1;6
1906;35543;2089;17;30
1907;35573;65;547;18
1908;35591;11;3235;6
1909;35597;35591;1;6
1910;35603;2729;13;126
1911;35729;41;871;18
1912;35747;103;347;6
1913;35753;35747;1;6
1914;35759;35747;1;12
1915;35771;103;347;30
1916;35801;35771;1;30
1917;35831;25;1433;6
1918;35837;7159;5;42
1919;35879;47;763;18
1920;35897;47;763;36
1921;35933;55;653;18
1922;35951;83;433;12
1923;35963;41;877;6
1924;35969;35;1027;24
1925;35993;7;5141;6
1926;35999;53;679;12
1927;36011;19;1895;6
1928;36017;35951;1;66
1929;36083;107;337;24
1930;36107;36083;1;24
1931;36131;17;2125;6
1932;36137;49;737;24
1933;36161;36131;1;30
1934;36191;61;593;18
1935;36209;59;613;42
1936;36251;31;1169;12
1937;36263;13;2789;6
1938;36269;55;659;24
1939;36293;131;277;6
1940;36299;2789;13;42
1941;36341;17;2137;12
1942;36353;5189;7;30
1943;36383;11;3307;6
1944;36389;3301;11;78
1945;36467;19;1919;6
1946;36473;36467;1;6
1947;36479;19;1919;18
1948;36497;36467;1;30
1949;36527;173;211;24
1950;36551;61;599;12
1951;36563;61;599;24
1952;36587;19;1925;12
1953;36599;97;377;30
1954;36629;7321;5;24
1955;36653;85;431;18
1956;36671;7333;5;6
1957;36677;36671;1;6
1958;36683;36653;1;30
1959;36713;36677;1;36
1960;36749;17;2161;12
1961;36761;7351;5;6
1962;36767;7351;5;12
1963;36779;36767;1;12
1964;36791;3343;11;18
1965;36809;31;1187;12
1966;36821;36809;1;12
1967;36833;36809;1;24
1968;36857;5261;7;30
1969;36887;25;1475;12
1970;36899;25;1475;24
1971;36923;19;1943;6
1972;36929;5273;7;18
1973;36947;2837;13;66
1974;37013;23;1609;6
1975;37019;47;787;30
1976;37049;13;2849;12
1977;37061;1481;25;36
1978;37097;7411;5;42
1979;37139;37097;1;42
1980;37181;5309;7;18
1981;37199;37181;1;18
1982;37217;127;293;6
1983;37223;2861;13;30
1984;37253;59;631;24
1985;37277;119;313;30
1986;37307;11;3391;6
1987;37313;49;761;24
1988;37337;37313;1;24
1989;37361;107;349;18
1990;37379;37361;1;18
1991;37397;7477;5;12
1992;37409;155;241;54
1993;37463;41;913;30
1994;37493;25;1499;18
1995;37511;13;2885;6
1996;37517;13;2885;12
1997;37529;37511;1;18
1998;37547;157;239;24
1999;37571;47;799;18
2000;37589;37571;1;18
2001;37607;73;515;12
2002;37619;73;515;24
2003;37643;61;617;6
2004;37649;37607;1;42
2005;37691;1979;19;90
2006;37781;3433;11;18
2007;37799;29;1303;12
2008;37811;1511;25;36
2009;37847;79;479;6
2010;37853;23;1645;18
2011;37871;37853;1;18
2012;37889;37871;1;18
2013;37907;37847;1;60
2014;37967;1997;19;24
2015;37991;71;535;6
2016;37997;7591;5;42
2017;38039;191;199;30
2018;38069;107;355;84
2019;38153;91;419;24
2020;38177;7;5453;6
2021;38183;38177;1;6
2022;38189;38177;1;12
2023;38201;38183;1;18
2024;38219;13;2939;12
2025;38231;11;3475;6
2026;38237;53;721;24
2027;38261;23;1663;12
2028;38273;167;229;30
2029;38303;19;2015;18
2030;38321;79;485;6
2031;38327;38321;1;6
2032;38333;79;485;18
2033;38351;1321;29;42
2034;38393;5477;7;54
2035;38447;13;2957;6
2036;38453;38447;1;6
2037;38459;937;41;42
2038;38501;38459;1;42
2039;38543;23;1675;18
2040;38561;11;3505;6
2041;38567;53;727;36
2042;38603;13;2969;6
2043;38609;173;223;30
2044;38639;19;2033;12
2045;38651;5519;7;18
2046;38669;59;655;24
2047;38693;11;3517;6
2048;38699;3517;11;12
2049;38711;38699;1;12
2050;38723;7;5531;6
2051;38729;38711;1;18
2052;38747;38711;1;36
2053;38783;7741;5;78
2054;38861;19;2045;6
2055;38867;38861;1;6
2056;38873;19;2045;18
2057;38891;17;2287;12
2058;38903;35;1111;18
2059;38921;13;2993;12
2060;38933;38873;1;60
2061;38993;47;829;30
2062;39023;29;1345;18
2063;39041;37;1055;6
2064;39047;145;269;42
2065;39089;89;439;18
2066;39107;61;641;6
2067;39113;39107;1;6
2068;39119;1699;23;42
2069;39161;109;359;30
2070;39191;43;911;18
2071;39209;39191;1;18
2072;39227;7;5603;6
2073;39233;39227;1;6
2074;39239;39227;1;12
2075;39251;39209;1;42
2076;39293;107;367;24
2077;39317;19;2069;6
2078;39323;35;1123;18
2079;39341;39323;1;18
2080;39359;49;803;12
2081;39371;39359;1;12
2082;39383;49;803;36
2083;39419;7879;5;24
2084;39443;19;2075;18
2085;39461;39419;1;42
2086;39503;127;311;6
2087;39509;127;311;12
2088;39521;101;391;30
2089;39551;19;2081;12
2090;39563;7;5651;6
2091;39569;5651;7;12
2092;39581;2081;19;42
2093;39623;1277;31;36
2094;39659;41;967;12
2095;39671;39623;1;48
2096;39719;43;923;30
2097;39749;79;503;12
2098;39761;3613;11;18
2099;39779;13;3059;12
2100;39791;39761;1;30
2101;39821;7963;5;6
2102;39827;7963;5;12
2103;39839;39821;1;18
2104;39857;7;5693;6
2105;39863;39857;1;6
2106;39869;5693;7;18
2107;39887;65;613;42
2108;39929;115;347;24
2109;39953;35;1141;18
2110;39971;31;1289;12
2111;39983;7;5711;6
2112;39989;7993;5;24
2113;40013;19;2105;18
2114;40031;25;1601;6
2115;40037;929;43;90
2116;40127;119;337;24
2117;40151;41;979;12
2118;40163;13;3089;6
2119;40169;31;1295;24
2120;40193;155;259;48
2121;40241;49;821;12
2122;40253;49;821;24
2123;40277;7;5753;6
2124;40283;40277;1;6
2125;40289;65;619;54
2126;40343;25;1613;18
2127;40361;8059;5;66
2128;40427;83;487;6
2129;40433;149;271;54
2130;40487;7;5783;6
2131;40493;40487;1;6
2132;40499;143;283;30
2133;40529;40499;1;30
2134;40559;71;571;18
2135;40577;29;1399;6
2136;40583;40529;1;54
2137;40637;40577;1;60
2138;40697;79;515;12
2139;40709;2141;19;30
2140;40739;139;293;12
2141;40751;40739;1;12
2142;40763;40739;1;24
2143;40787;40751;1;36
2144;40823;7;5831;6
2145;40829;17;2401;12
2146;40841;8167;5;6
2147;40847;40841;1;6
2148;40853;40823;1;30
2149;40883;119;343;66
2150;40949;13;3149;12
2151;40961;40949;1;12
2152;40973;2153;19;66
2153;41039;5861;7;12
2154;41051;8209;5;6
2155;41057;37;1109;24
2156;41081;8209;5;36
2157;41117;29;1417;24
2158;41141;8221;5;36
2159;41177;13;3167;6
2160;41183;41177;1;6
2161;41189;41177;1;12
2162;41201;41189;1;12
2163;41213;35;1177;18
2164;41231;47;877;12
2165;41243;5879;7;90
2166;41333;8263;5;18
2167;41351;8269;5;6
2168;41357;41333;1;24
2169;41381;25;1655;6
2170;41387;25;1655;12
2171;41399;41387;1;12
2172;41411;1009;41;42
2173;41453;41399;1;54
2174;41507;47;883;6
2175;41513;41507;1;6
2176;41519;43;965;24
2177;41543;73;569;6
2178;41549;41519;1;30
2179;41579;23;1807;18
2180;41597;11;3781;6
2181;41603;41597;1;6
2182;41609;41597;1;12
2183;41621;7;5945;6
2184;41627;41603;1;24
2185;41651;31;1343;18
2186;41669;77;541;12
2187;41681;25;1667;6
2188;41687;8329;5;42
2189;41729;37;1127;30
2190;41759;109;383;12
2191;41771;8353;5;6
2192;41777;43;971;24
2193;41801;29;1441;12
2194;41813;47;889;30
2195;41843;17;2461;6
2196;41849;31;1349;30
2197;41879;41;1021;18
2198;41897;163;257;6
2199;41903;41879;1;24
2200;41927;41897;1;30
2201;41957;8389;5;12
2202;41969;41957;1;12
2203;41981;29;1447;18
2204;41999;41981;1;18
2205;42017;43;977;6
2206;42023;73;575;48
2207;42071;137;307;12
2208;42083;7;6011;6
2209;42089;6011;7;12
2210;42101;42071;1;30
2211;42131;42083;1;48
2212;42179;19;2219;18
2213;42197;13;3245;12
2214;42209;42197;1;12
2215;42221;8443;5;6
2216;42227;8443;5;12
2217;42239;42221;1;18
2218;42257;157;269;24
2219;42281;43;983;12
2220;42293;7;6041;6
2221;42299;25;1691;24
2222;42323;49;863;36
2223;42359;1459;29;48
2224;42407;31;1367;30
2225;42437;151;281;6
2226;42443;25;1697;18
2227;42461;7;6065;6
2228;42467;42461;1;6
2229;42473;35;1213;18
2230;42491;42473;1;18
2231;42509;29;1465;24
2232;42533;42509;1;24
2233;42557;67;635;12
2234;42569;43;989;42
2235;42611;49;869;30
2236;42641;8521;5;36
2237;42677;71;601;6
2238;42683;42677;1;6
2239;42689;42677;1;12
2240;42701;42683;1;18
2241;42719;42701;1;18
2242;42737;13;3287;6
2243;42743;42719;1;24
2244;42767;61;701;6
2245;42773;31;1379;24
2246;42797;42773;1;24
2247;42821;23;1861;18
2248;42839;8563;5;24
2249;42863;113;379;36
2250;42899;25;1715;24
2251;42923;7;6131;6
2252;42929;8581;5;24
2253;42953;6131;7;36
2254;42989;65;661;24
2255;43013;29;1483;6
2256;43019;6143;7;18
2257;43037;25;1721;12
2258;43049;37;1163;18
2259;43067;37;1163;36
2260;43103;2267;19;30
2261;43133;8623;5;18
2262;43151;1873;23;72
2263;43223;55;785;48
2264;43271;181;239;12
2265;43283;37;1169;30
2266;43313;11;3937;6
2267;43319;31;1397;12
2268;43331;43271;1;60
2269;43391;8677;5;6
2270;43397;43391;1;6
2271;43403;6197;7;24
2272;43427;43403;1;24
2273;43451;8689;5;6
2274;43457;169;257;24
2275;43481;25;1739;6
2276;43487;25;1739;12
2277;43499;43481;1;18
2278;43517;31;1403;24
2279;43541;55;791;36
2280;43577;6221;7;30
2281;43607;59;739;6
2282;43613;43577;1;36
2283;43649;3967;11;12
2284;43661;161;271;30
2285;43691;43661;1;30
2286;43721;43661;1;60
2287;43781;17;2575;6
2288;43787;43781;1;6
2289;43793;101;433;60
2290;43853;43;1019;36
2291;43889;31;1415;24
2292;43913;6269;7;30
2293;43943;25;1757;18
2294;43961;71;619;12
2295;43973;59;745;18
2296;43991;19;2315;6
2297;43997;43973;1;24
2298;44021;8803;5;6
2299;44027;77;571;60
2300;44087;139;317;24
2301;44111;19;2321;12
2302;44123;157;281;6
2303;44129;209;211;30
2304;44159;131;337;12
2305;44171;67;659;18
2306;44189;6311;7;12
2307;44201;8839;5;6
2308;44207;55;803;42
2309;44249;4021;11;18
2310;44267;7;6323;6
2311;44273;44267;1;6
2312;44279;44207;1;72
2313;44351;7;6335;6
2314;44357;43;1031;24
2315;44381;49;905;36
2316;44417;44381;1;36
2317;44453;31;1433;30
2318;44483;8893;5;18
2319;44501;11;4045;6
2320;44507;55;809;12
2321;44519;44507;1;12
2322;44531;13;3425;6
2323;44537;44531;1;6
2324;44543;44537;1;6
2325;44549;44519;1;30
2326;44579;44537;1;42
2327;44621;31;1439;12
2328;44633;8923;5;18
2329;44651;8929;5;6
2330;44657;4057;11;30
2331;44687;25;1787;12
2332;44699;44687;1;12
2333;44711;187;239;18
2334;44729;97;461;12
2335;44741;44729;1;12
2336;44753;23;1945;18
2337;44771;7;6395;6
2338;44777;35;1279;12
2339;44789;143;313;30
2340;44819;31;1445;24
2341;44843;44819;1;24
2342;44867;8971;5;12
2343;44879;43;1043;30
2344;44909;53;847;18
2345;44927;13;3455;12
2346;44939;65;691;24
2347;44963;44939;1;24
2348;44987;1549;29;66
2349;45053;37;1217;24
2350;45077;13;3467;6
2351;45083;107;421;36
2352;45119;43;1049;12
2353;45131;19;2375;6
2354;45137;197;229;24
2355;45161;6449;7;18
2356;45179;31;1457;12
2357;45191;7;6455;6
2358;45197;45161;1;36
2359;45233;2659;17;30
2360;45263;9049;5;18
2361;45281;29;1561;12
2362;45293;29;1561;24
2363;45317;13;3485;12
2364;45329;45317;1;12
2365;45341;41;1105;36
2366;45377;43;1055;12
2367;45389;43;1055;24
2368;45413;9067;5;78
2369;45491;11;4135;6
2370;45497;45491;1;6
2371;45503;37;1229;30
2372;45533;2677;17;24
2373;45557;9109;5;12
2374;45569;41;1111;18
2375;45587;25;1823;12
2376;45599;45557;1;42
2377;45641;43;1061;18
2378;45659;45641;1;18
2379;45677;6521;7;30
2380;45707;45677;1;30
2381;45737;45707;1;30
2382;45767;9151;5;12
2383;45779;45737;1;42
2384;45821;7;6545;6
2385;45827;45821;1;6
2386;45833;163;281;30
2387;45863;7;6551;6
2388;45869;3527;13;18
2389;45887;11;4171;6
2390;45893;45833;1;60
2391;45953;11;4177;6
2392;45959;4177;11;12
2393;45971;45953;1;18
2394;45989;3533;13;60
2395;46049;19;2423;12
2396;46061;46049;1;12
2397;46073;61;755;18
2398;46091;59;781;12
2399;46103;46073;1;30
2400;46133;65;709;48
2401;46181;25;1847;6
2402;46187;25;1847;12
2403;46199;137;337;30
2404;46229;46187;1;42
2405;46271;3557;13;30
2406;46301;47;985;6
2407;46307;77;601;30
2408;46337;17;2725;12
2409;46349;167;277;90
2410;46439;17;2731;12
2411;46451;7;6635;6
2412;46457;9283;5;42
2413;46499;29;1603;12
2414;46511;46499;1;12
2415;46523;203;229;36
2416;46559;119;391;30
2417;46589;47;991;12
2418;46601;37;1259;18
2419;46619;9319;5;24
2420;46643;149;313;6
2421;46649;46619;1;30
2422;46679;23;2029;12
2423;46691;46679;1;12
2424;46703;46679;1;24
2425;46727;46703;1;24
2426;46751;9349;5;6
2427;46757;9349;5;12
2428;46769;46727;1;42
2429;46811;11;4255;6
2430;46817;23;2035;12
2431;46829;37;1265;24
2432;46853;46829;1;24
2433;46877;13;3605;12
2434;46889;46877;1;12
2435;46901;173;271;18
2436;46919;1511;31;78
2437;46997;157;299;54
2438;47051;97;485;6
2439;47057;31;1517;30
2440;47087;23;2047;6
2441;47093;25;1883;18
2442;47111;13;3623;12
2443;47123;7;6731;6
2444;47129;47111;1;18
2445;47147;9421;5;42
2446;47189;43;1097;18
2447;47207;191;247;30
2448;47237;9439;5;42
2449;47279;167;283;18
2450;47297;19;2489;6
2451;47303;47297;1;6
2452;47309;47279;1;30
2453;47339;6761;7;12
2454;47351;47339;1;12
2455;47363;85;557;18
2456;47381;25;1895;6
2457;47387;71;667;30
2458;47417;83;571;24
2459;47441;47;1009;18
2460;47459;47417;1;42
2461;47501;7;6785;6
2462;47507;47501;1;6
2463;47513;103;461;30
2464;47543;59;805;48
2465;47591;113;421;18
2466;47609;49;971;30
2467;47639;6803;7;18
2468;47657;109;437;24
2469;47681;77;619;18
2470;47699;43;1109;12
2471;47711;7;6815;6
2472;47717;37;1289;24
2473;47741;47;1015;36
2474;47777;133;359;30
2475;47807;55;869;12
2476;47819;3677;13;18
2477;47837;7;6833;6
2478;47843;71;673;60
2479;47903;49;977;30
2480;47933;11;4357;6
2481;47939;4357;11;12
2482;47951;47939;1;12
2483;47963;7;6851;6
2484;47969;13;3689;12
2485;47981;43;1115;36
2486;48017;41;1171;6
2487;48023;48017;1;6
2488;48029;47939;1;90
2489;48119;73;659;12
2490;48131;6869;7;48
2491;48179;2833;17;18
2492;48197;67;719;24
2493;48221;19;2537;18
2494;48239;48197;1;42
2495;48281;167;289;18
2496;48299;109;443;12
2497;48311;48281;1;30
2498;48341;31;1559;12
2499;48353;35;1381;18
2500;48371;37;1307;12
2501;48383;37;1307;24
2502;48407;29;1669;6
2503;48413;53;913;24
2504;48437;13;3725;12
2505;48449;25;1937;24
2506;48473;17;2851;6
2507;48479;17;2851;12
2508;48491;9697;5;6
2509;48497;2851;17;30
2510;48527;11;4411;6
2511;48533;48527;1;6
2512;48539;31;1565;24
2513;48563;48533;1;30
2514;48593;25;1943;18
2515;48611;23;2113;12
2516;48623;2113;23;24
2517;48647;61;797;30
2518;48677;48623;1;54
2519;48731;31;1571;30
2520;48761;7;6965;6
2521;48767;35;1393;12
2522;48779;41;1189;30
2523;48809;6971;7;12
2524;48821;55;887;36
2525;48857;9769;5;12
2526;48869;97;503;78
2527;48947;109;449;6
2528;48953;4447;11;36
2529;48989;173;283;30
2530;49019;7001;7;12
2531;49031;25;1961;6
2532;49037;49031;1;6
2533;49043;61;803;60
2534;49103;29;1693;6
2535;49109;29;1693;12
2536;49121;49103;1;18
2537;49139;49121;1;18
2538;49157;9829;5;12
2539;49169;9829;5;24
2540;49193;101;487;6
2541;49199;101;487;12
2542;49211;49199;1;12
2543;49223;49193;1;30
2544;49253;2591;19;24
2545;49277;37;1331;30
2546;49307;221;223;24
2547;49331;9859;5;36
2548;49367;49;1007;24
2549;49391;97;509;18
2550;49409;35;1411;24
2551;49433;9883;5;18
2552;49451;13;3803;12
2553;49463;29;1705;18
2554;49481;49463;1;18
2555;49499;25;1979;24
2556;49523;13;3809;6
2557;49529;77;643;18
2558;49547;9907;5;12
2559;49559;9901;5;54
2560;49613;49559;1;54
2561;49667;49;1013;30
2562;49697;49667;1;30
2563;49727;61;815;12
2564;49739;7103;7;18
2565;49757;49727;1;30
2566;49787;7109;7;24
2567;49811;19;2621;12
2568;49823;101;493;30
2569;49853;9967;5;18
2570;49871;9973;5;6
2571;49877;9967;5;42
2572;49919;139;359;18
2573;49937;7;7133;6
2574;49943;85;587;48
2575;49991;47;1063;30
2576;50021;43;1163;12
2577;50033;35;1429;18
2578;50051;50033;1;18
2579;50069;50051;1;18
2580;50087;61;821;6
2581;50093;25;2003;18
2582;50111;17;2947;12
2583;50123;23;2179;6
2584;50129;50111;1;18
2585;50147;7;7163;6
2586;50153;50147;1;6
2587;50159;19;2639;18
2588;50177;50147;1;30
2589;50207;67;749;24
2590;50231;2953;17;30
2591;50261;109;461;12
2592;50273;19;2645;18
2593;50291;50261;1;30
2594;50321;7187;7;12
2595;50333;187;269;30
2596;50363;71;709;24
2597;50387;50363;1;24
2598;50411;17;2965;6
2599;50417;50411;1;6
2600;50423;85;593;18
2601;50441;50423;1;18
2602;50459;85;593;54
2603;50513;2657;19;30
2604;50543;97;521;6
2605;50549;2971;17;42
2606;50591;10111;5;36
2607;50627;7229;7;24
2608;50651;1367;37;72
2609;50723;10141;5;18
2610;50741;7247;7;12
2611;50753;7247;7;24
2612;50777;13;3905;12
2613;50789;7247;7;60
2614;50849;4621;11;18
2615;50867;181;281;6
2616;50873;35;1453;18
2617;50891;50873;1;18
2618;50909;50867;1;42
2619;50951;23;2215;6
2620;50957;23;2215;12
2621;50969;115;443;24
2622;50993;133;383;54
2623;51047;59;865;12
2624;51059;51047;1;12
2625;51071;1759;29;60
2626;51131;25;2045;6
2627;51137;3929;13;60
2628;51197;7;7313;6
2629;51203;2693;19;36
2630;51239;23;2227;18
2631;51257;53;967;6
2632;51263;51239;1;24
2633;51287;185;277;42
2634;51329;7331;7;12
2635;51341;10267;5;6
2636;51347;3947;13;36
2637;51383;29;1771;24
2638;51407;7;7343;6
2639;51413;51407;1;6
2640;51419;51407;1;12
2641;51431;11;4675;6
2642;51437;17;3025;12
2643;51449;51437;1;12
2644;51461;51449;1;12
2645;51473;13;3959;6
2646;51479;41;1255;24
2647;51503;35;1471;18
2648;51521;51503;1;18
2649;51539;17;3031;12
2650;51551;51539;1;12
2651;51563;61;845;18
2652;51581;53;973;12
2653;51593;79;653;6
2654;51599;51551;1;48
2655;51647;23;2245;12
2656;51659;115;449;24
2657;51683;47;1099;30
2658;51713;29;1783;6
2659;51719;37;1397;30
2660;51749;179;289;18
2661;51767;133;389;30
2662;51797;67;773;6
2663;51803;91;569;24
2664;51827;43;1205;12
2665;51839;103;503;30
2666;51869;10369;5;24
2667;51893;11;4717;6
2668;51899;51869;1;30
2669;51929;193;269;12
2670;51941;37;1403;30
2671;51971;19;2735;6
2672;51977;583;89;90
2673;52067;7433;7;36
2674;52103;55;947;18
2675;52121;7;7445;6
2676;52127;4007;13;36
2677;52163;10429;5;18
2678;52181;3067;17;42
2679;52223;41;1273;30
2680;52253;13;4019;6
2681;52259;1801;29;30
2682;52289;61;857;12
2683;52301;52289;1;12
2684;52313;10453;5;48
2685;52361;3079;17;18
2686;52379;7481;7;12
2687;52391;4759;11;42
2688;52433;7487;7;24
2689;52457;139;377;54
2690;52511;10501;5;6
2691;52517;10501;5;12
2692;52529;52517;1;12
2693;52541;52529;1;12
2694;52553;19;2765;18
2695;52571;13;4043;12
2696;52583;79;665;48
2697;52631;67;785;36
2698;52667;7;7523;6
2699;52673;10531;5;18
2700;52691;41;1285;6
2701;52697;41;1285;12
2702;52709;52697;1;12
2703;52721;13;4055;6
2704;52727;52721;1;6
2705;52733;52709;1;24
2706;52757;35;1507;12
2707;52769;52721;1;48
2708;52817;2111;25;42
2709;52859;10567;5;24
2710;52883;11;4807;6
2711;52889;19;2783;12
2712;52901;52883;1;18
2713;52919;52901;1;18
2714;52937;191;277;30
2715;52967;211;251;6
2716;52973;4813;11;30
2717;53003;85;623;48
2718;53051;181;293;18
2719;53069;53051;1;18
2720;53087;7;7583;6
2721;53093;53069;1;24
2722;53117;13;4085;12
2723;53129;173;307;18
2724;53147;7589;7;24
2725;53171;23;2311;18
2726;53189;41;1297;12
2727;53201;53171;1;30
2728;53231;10639;5;36
2729;53267;10651;5;12
2730;53279;7607;7;30
2731;53309;23;2317;18
2732;53327;167;319;54
2733;53381;31;1721;30
2734;53411;53381;1;30
2735;53441;23;2323;12
2736;53453;67;797;54
2737;53507;85;629;42
2738;53549;53507;1;42
2739;53591;7;7655;6
2740;53597;35;1531;12
2741;53609;35;1531;24
2742;53633;7;7661;6
2743;53639;29;1849;18
2744;53657;53633;1;24
2745;53681;17;3157;12
2746;53693;37;1451;6
2747;53699;53681;1;18
2748;53717;95;565;42
2749;53759;61;881;18
2750;53777;17;3163;6
2751;53783;49;1097;30
2752;53813;13;4139;6
2753;53819;13;4139;12
2754;53831;53813;1;18
2755;53849;7691;7;12
2756;53861;53831;1;30
2757;53891;13;4145;6
2758;53897;59;913;30
2759;53927;41;1315;12
2760;53939;53927;1;12
2761;53951;41;1315;36
2762;53987;23;2347;6
2763;53993;25;2159;18
2764;54011;91;593;48
2765;54059;101;535;24
2766;54083;55;983;18
2767;54101;101;535;66
2768;54167;54083;1;84
2769;54251;193;281;18
2770;54269;54251;1;18
2771;54287;17;3193;6
2772;54293;25;2171;18
2773;54311;7757;7;12
2774;54323;7757;7;24
2775;54347;54323;1;24
2776;54371;83;655;6
2777;54377;37;1469;24
2778;54401;137;397;12
2779;54413;41;1327;6
2780;54419;54401;1;18
2781;54437;13;4187;6
2782;54443;54437;1;6
2783;54449;54401;1;48
2784;54497;29;1879;6
2785;54503;85;641;18
2786;54521;54503;1;18
2787;54539;10903;5;24
2788;54563;10909;5;18
2789;54581;10909;5;36
2790;54617;97;563;6
2791;54623;54617;1;6
2792;54629;97;563;18
2793;54647;54581;1;66
2794;54713;4969;11;54
2795;54767;7;7823;6
2796;54773;54767;1;6
2797;54779;55;995;54
2798;54833;19;2885;18
2799;54851;54833;1;18
2800;54869;4987;11;12
2801;54881;1567;35;36
2802;54917;3229;17;24
2803;54941;4993;11;18
2804;54959;10987;5;24
2805;54983;10993;5;18
2806;55001;179;307;48
2807;55049;47;1171;12
2808;55061;55049;1;12
2809;55073;53;1039;6
2810;55079;35;1573;24
2811;55103;7;7871;6
2812;55109;89;619;18
2813;55127;89;619;36
2814;55163;55109;1;54
2815;55217;61;905;12
2816;55229;191;289;30
2817;55259;61;905;54
2818;55313;11059;5;18
2819;55331;25;2213;6
2820;55337;55331;1;6
2821;55343;55313;1;30
2822;55373;7901;7;66
2823;55439;157;353;18
2824;55457;13;4265;12
2825;55469;71;781;18
2826;55487;37;1499;24
2827;55511;211;263;18
2828;55529;49;1133;12
2829;55541;29;1915;6
2830;55547;85;653;42
2831;55589;7937;7;30
2832;55619;17;3271;12
2833;55631;47;1183;30
2834;55661;11131;5;6
2835;55667;55661;1;6
2836;55673;11131;5;18
2837;55691;7;7955;6
2838;55697;55673;1;24
2839;55721;17;3277;12
2840;55733;53;1051;30
2841;55763;139;401;24
2842;55787;11;5071;6
2843;55793;55787;1;6
2844;55799;121;461;18
2845;55817;7;7973;6
2846;55823;55817;1;6
2847;55829;55787;1;42
2848;55871;79;707;18
2849;55889;71;787;12
2850;55901;55871;1;30
2851;55931;23;2431;18
2852;55949;55931;1;18
2853;55967;61;917;30
2854;55997;13;4307;6
2855;56003;55997;1;6
2856;56009;77;727;30
2857;56039;55997;1;42
2858;56081;25;2243;6
2859;56087;56081;1;6
2860;56093;56087;1;6
2861;56099;25;2243;24
2862;56123;2243;25;48
2863;56171;103;545;36
2864;56207;5107;11;30
2865;56237;13;4325;12
2866;56249;29;1939;18
2867;56267;1307;43;66
2868;56333;2963;19;36
2869;56369;59;955;24
2870;56393;56369;1;24
2871;56417;4337;13;36
2872;56453;73;773;24
2873;56477;23;2455;12
2874;56489;56477;1;12
2875;56501;8069;7;18
2876;56519;121;467;12
2877;56531;56519;1;12
2878;56543;11299;5;48
2879;56591;11317;5;6
2880;56597;163;347;36
2881;56633;107;529;30
2882;56663;11329;5;18
2883;56681;25;2267;6
2884;56687;56663;1;24
2885;56711;2267;25;36
2886;56747;56711;1;36
2887;56783;211;269;24
2888;56807;79;719;6
2889;56813;56783;1;30
2890;56843;56813;1;30
2891;56873;83;685;18
2892;56891;31;1835;6
2893;56897;31;1835;12
2894;56909;56897;1;12
2895;56921;56891;1;30
2896;56951;7;8135;6
2897;56957;56951;1;6
2898;56963;197;289;30
2899;56993;7;8141;6
2900;56999;56957;1;42
2901;57041;11;5185;6
2902;57047;17;3355;12
2903;57059;57041;1;18
2904;57077;101;565;12
2905;57089;31;1841;18
2906;57107;19;3005;12
2907;57119;57107;1;12
2908;57131;57119;1;12
2909;57143;17;3361;6
2910;57149;25;2285;24
2911;57173;11;5197;6
2912;57179;5197;11;12
2913;57191;57179;1;12
2914;57203;11437;5;18
2915;57221;57191;1;30
2916;57251;43;1331;18
2917;57269;57251;1;18
2918;57287;107;535;42
2919;57329;223;257;18
2920;57347;223;257;36
2921;57383;181;317;6
2922;57389;35;1639;24
2923;57413;1399;41;54
2924;57467;227;253;36
2925;57503;229;251;24
2926;57527;5227;11;30
2927;57557;57527;1;30
2928;57587;71;811;6
2929;57593;85;677;48
2930;57641;13;4433;12
2931;57653;8231;7;36
2932;57689;95;607;24
2933;57713;13;4439;6
2934;57719;13;4439;12
2935;57731;25;2309;6
2936;57737;8243;7;36
2937;57773;11551;5;18
2938;57791;19;3041;12
2939;57803;29;1993;6
2940;57809;3041;19;30
2941;57839;1993;29;42
2942;57881;4451;13;18
2943;57899;57881;1;18
2944;57917;7;8273;6
2945;57923;57899;1;24
2946;57947;57917;1;30
2947;57977;4457;13;36
2948;58013;35;1657;18
2949;58031;13;4463;12
2950;58043;7;8291;6
2951;58049;8291;7;12
2952;58061;17;3415;6
2953;58067;58061;1;6
2954;58073;8291;7;36
2955;58109;58067;1;42
2956;58151;61;953;18
2957;58169;29;2005;24
2958;58193;31;1877;6
2959;58199;31;1877;12
2960;58211;7;8315;6
2961;58217;35;1663;12
2962;58229;1877;31;42
2963;58271;58229;1;42
2964;58313;77;757;24
2965;58337;199;293;30
2966;58367;55;1061;12
2967;58379;58367;1;12
2968;58391;58379;1;12
2969;58403;58379;1;24
2970;58427;35;1669;12
2971;58439;58427;1;12
2972;58451;47;1243;30
2973;58481;58451;1;30
2974;58511;113;517;90
2975;58601;41;1429;12
2976;58613;11719;5;18
2977;58631;58601;1;30
2978;58661;169;347;18
2979;58679;58631;1;48
2980;58727;13;4517;6
2981;58733;8387;7;24
2982;58757;7;8393;6
2983;58763;151;389;24
2984;58787;121;485;102
2985;58889;13;4529;12
2986;58901;11779;5;6
2987;58907;58901;1;6
2988;58913;58889;1;24
2989;58937;31;1901;6
2990;58943;133;443;24
2991;58967;13;4535;12
2992;58979;58967;1;12
2993;58991;47;1255;6
2994;58997;47;1255;12
2995;59009;58997;1;12
2996;59021;58991;1;30
2997;59051;43;1373;12
2998;59063;73;809;6
2999;59069;35;1687;24
3000;59093;59063;1;30
3001;59123;11821;5;18
3002;59141;59123;1;18
3003;59159;11827;5;24
3004;59183;59159;1;24
3005;59207;11839;5;12
3006;59219;11839;5;24
3007;59243;77;769;30
3008;59273;77;769;60
3009;59333;11863;5;18
3010;59351;11;5395;6
3011;59357;13;4565;12
3012;59369;59351;1;18
3013;59387;7;8483;6
3014;59393;59387;1;6
3015;59399;119;499;18
3016;59417;59393;1;24
3017;59441;11887;5;6
3018;59447;59441;1;6
3019;59453;11887;5;18
3020;59471;67;887;42
3021;59513;1699;35;48
3022;59561;43;1385;6
3023;59567;59513;1;54
3024;59621;11923;5;6
3025;59627;3137;19;24
3026;59651;23;2593;12
3027;59663;13;4589;6
3028;59669;79;755;24
3029;59693;17;3511;6
3030;59699;25;2387;24
3031;59723;7;8531;6
3032;59729;29;2059;18
3033;59747;11;5431;6
3034;59753;65;919;18
3035;59771;59663;1;108
3036;59879;53;1129;42
3037;59921;221;271;30
3038;59951;19;3155;6
3039;59957;73;821;24
3040;59981;61;983;18
3041;59999;59981;1;18
3042;60017;55;1091;12
3043;60029;60017;1;12
3044;60041;55;1091;36
3045;60077;11;5461;6
3046;60083;60077;1;6
3047;60089;60077;1;12
3048;60101;7;8585;6
3049;60107;205;293;42
3050;60149;71;847;12
3051;60161;53;1135;6
3052;60167;65;925;42
3053;60209;60167;1;42
3054;60251;12049;5;6
3055;60257;49;1229;36
3056;60293;5479;11;24
3057;60317;4637;13;36
3058;60353;179;337;30
3059;60383;60353;1;30
3060;60413;60383;1;30
3061;60443;13;4649;6
3062;60449;187;323;48
3063;60497;12097;5;12
3064;60509;60497;1;12
3065;60521;7;8645;6
3066;60527;13;4655;12
3067;60539;239;253;72
3068;60611;17;3565;6
3069;60617;60611;1;6
3070;60623;77;787;24
3071;60647;67;905;12
3072;60659;3191;19;30
3073;60689;60659;1;30
3074;60719;101;601;18
3075;60737;109;557;24
3076;60761;13;4673;12
3077;60773;7;8681;6
3078;60779;60737;1;42
3079;60821;60773;1;48
3080;60869;8693;7;18
3081;60887;25;2435;12
3082;60899;23;2647;18
3083;60917;17;3583;6
3084;60923;8699;7;30
3085;60953;65;937;48
3086;61001;11;5545;6
3087;61007;4691;13;24
3088;61031;23;2653;12
3089;61043;55;1109;48
3090;61091;61;1001;30
3091;61121;61091;1;30
3092;61151;113;541;18
3093;61169;5557;11;42
3094;61211;19;3221;12
3095;61223;5563;11;30
3096;61253;61223;1;30
3097;61283;185;331;48
3098;61331;17;3607;12
3099;61343;101;607;36
3100;61379;35;1753;24
3101;61403;7;8771;6
3102;61409;1753;35;54
3103;61463;11;5587;6
3104;61469;29;2119;18
3105;61487;7;8783;6
3106;61493;25;2459;18
3107;61511;2459;25;36
3108;61547;19;3239;6
3109;61553;61547;1;6
3110;61559;31;1985;24
3111;61583;61553;1;30
3112;61613;97;635;18
3113;61631;17;3625;6
3114;61637;61631;1;6
3115;61643;43;1433;24
3116;61667;197;313;6
3117;61673;61643;1;30
3118;61703;55;1121;48
3119;61751;53;1165;6
3120;61757;8819;7;24
3121;61781;1259;49;90
3122;61871;1013;61;78
3123;61949;241;257;12
3124;61961;12391;5;6
3125;61967;12391;5;12
3126;61979;61967;1;12
3127;61991;61979;1;12
3128;62003;61967;1;36
3129;62039;109;569;18
3130;62057;41;1513;24
3131;62081;53;1171;18
3132;62099;8867;7;30
3133;62129;5647;11;12
3134;62141;133;467;30
3135;62171;91;683;18
3136;62189;97;641;12
3137;62201;7;8885;6
3138;62207;62201;1;6
3139;62213;62207;1;6
3140;62219;12433;5;54
3141;62273;5659;11;24
3142;62297;167;373;6
3143;62303;31;2009;24
3144;62327;62303;1;24
3145;62351;12457;5;66
3146;62417;139;449;6
3147;62423;4799;13;36
3148;62459;3673;17;18
3149;62477;179;349;6
3150;62483;31;2015;18
3151;62501;29;2155;6
3152;62507;65;961;42
3153;62549;62507;1;42
3154;62591;12517;5;6
3155;62597;62591;1;6
3156;62603;5689;11;24
3157;62627;13;4817;6
3158;62633;62627;1;6
3159;62639;62591;1;48
3160;62687;43;1457;36
3161;62723;71;883;30
3162;62753;12541;5;48
3163;62801;8969;7;18
3164;62819;143;439;42
3165;62861;17;3697;12
3166;62873;3697;17;24
3167;62897;61;1031;6
3168;62903;12577;5;18
3169;62921;12583;5;6
3170;62927;12583;5;12
3171;62939;43;1463;30
3172;62969;157;401;12
3173;62981;11;5725;6
3174;62987;12589;5;42
3175;63029;73;863;30
3176;63059;12601;5;54
3177;63113;12619;5;18
3178;63131;63113;1;18
3179;63149;71;889;30
3180;63179;49;1289;18
3181;63197;63113;1;84
3182;63281;41;1543;18
3183;63299;9041;7;12
3184;63311;11;5755;6
3185;63317;9041;7;30
3186;63347;97;653;6
3187;63353;83;763;24
3188;63377;19;3335;12
3189;63389;3727;17;30
3190;63419;31;2045;24
3191;63443;63419;1;24
3192;63467;17;3733;6
3193;63473;59;1075;48
3194;63521;12703;5;6
3195;63527;63521;1;6
3196;63533;247;257;54
3197;63587;25;2543;12
3198;63599;63587;1;12
3199;63611;12721;5;6
3200;63617;12721;5;12
3201;63629;63611;1;18
3202;63647;13;4895;12
3203;63659;63647;1;12
3204;63671;53;1201;18
3205;63689;63659;1;30
3206;63719;5791;11;18
3207;63737;101;631;6
3208;63743;25;2549;18
3209;63761;49;1301;12
3210;63773;63743;1;30
3211;63803;131;487;6
3212;63809;47;1357;30
3213;63839;19;3359;18
3214;63857;67;953;6
3215;63863;131;487;66
3216;63929;127;503;48
3217;63977;4919;13;30
3218;64007;7;9143;6
3219;64013;64007;1;6
3220;64019;41;1561;18
3221;64037;64007;1;30
3222;64067;49;1307;24
3223;64091;3769;17;18
3224;64109;64067;1;42
3225;64151;12829;5;6
3226;64157;9161;7;30
3227;64187;64157;1;30
3228;64217;7;9173;6
3229;64223;85;755;48
3230;64271;13;4943;12
3231;64283;12853;5;18
3232;64301;64283;1;18
3233;64319;12853;5;54
3234;64373;37;1739;30
3235;64403;64373;1;30
3236;64433;11;5857;6
3237;64439;5857;11;12
3238;64451;64403;1;48
3239;64499;12889;5;54
3240;64553;173;373;24
3241;64577;64553;1;24
3242;64601;9227;7;12
3243;64613;185;349;48
3244;64661;67;965;6
3245;64667;67;965;12
3246;64679;4973;13;30
3247;64709;67;965;54
3248;64763;23;2815;18
3249;64781;239;271;12
3250;64793;25;2591;18
3251;64811;13;4985;6
3252;64817;64781;1;36
3253;64853;12967;5;18
3254;64871;12973;5;6
3255;64877;64853;1;24
3256;64901;23;2821;18
3257;64919;64901;1;18
3258;64937;64877;1;60
3259;64997;17;3823;6
3260;65003;181;359;24
3261;65027;11;5911;6
3262;65033;65003;1;30
3263;65063;65027;1;36
3264;65099;61;1067;12
3265;65111;65099;1;12
3266;65123;13;5009;6
3267;65129;13;5009;12
3268;65141;7;9305;6
3269;65147;65123;1;24
3270;65171;23;2833;12
3271;65183;5923;11;30
3272;65213;2833;23;54
3273;65267;2609;25;42
3274;65309;109;599;18
3275;65327;167;391;30
3276;65357;79;827;24
3277;65381;131;499;12
3278;65393;163;401;30
3279;65423;3847;17;24
3280;65447;125;523;72
3281;65519;3853;17;18
3282;65537;19;3449;6
3283;65543;5039;13;36
3284;65579;59;1111;30
3285;65609;65;1009;24
3286;65633;55;1193;18
3287;65651;19;3455;6
3288;65657;31;2117;30
3289;65687;25;2627;12
3290;65699;77;853;18
3291;65717;17;3865;12
3292;65729;77;853;48
3293;65777;35;1879;12
3294;65789;43;1529;42
3295;65831;25;2633;6
3296;65837;65831;1;6
3297;65843;61;1079;24
3298;65867;193;341;54
3299;65921;13183;5;6
3300;65927;59;1117;24
3301;65951;11;5995;6
3302;65957;65951;1;6
3303;65963;55;1199;18
3304;65981;41;1609;12
3305;65993;65957;1;36
3306;66029;9431;7;12
3307;66041;47;1405;6
3308;66047;103;641;24
3309;66071;9437;7;12
3310;66083;11;6007;6
3311;66089;66071;1;18
3312;66107;6007;11;30
3313;66137;3889;17;24
3314;66161;29;2281;12
3315;66173;127;521;6
3316;66179;127;521;12
3317;66191;66161;1;30
3318;66221;239;277;18
3319;66239;61;1085;54
3320;66293;66239;1;54
3321;66347;13267;5;12
3322;66359;37;1793;18
3323;66377;31;2141;6
3324;66383;9479;7;30
3325;66413;35;1897;18
3326;66431;66413;1;18
3327;66449;66431;1;18
3328;66467;247;269;24
3329;66491;6043;11;18
3330;66509;13297;5;24
3331;66533;2293;29;36
3332;66569;61;1091;18
3333;66587;139;479;6
3334;66593;66569;1;24
3335;66617;35;1903;12
3336;66629;35;1903;24
3337;66653;3919;17;30
3338;66683;67;995;18
3339;66701;49;1361;12
3340;66713;223;299;36
3341;66749;1627;41;42
3342;66791;19;3515;6
3343;66797;19;3515;12
3344;66809;66797;1;12
3345;66821;66791;1;30
3346;66851;89;751;12
3347;66863;6073;11;60
3348;66923;133;503;24
3349;66947;55;1217;12
3350;66959;73;917;18
3351;66977;5147;13;66
3352;67043;43;1559;6
3353;67049;43;1559;12
3354;67061;67049;1;12
3355;67073;7;9581;6
3356;67079;13411;5;24
3357;67103;13417;5;18
3358;67121;67103;1;18
3359;67139;67121;1;18
3360;67157;13;5165;12
3361;67169;67157;1;12
3362;67181;25;2687;6
3363;67187;47;1429;24
3364;67211;13441;5;6
3365;67217;67187;1;30
3366;67247;5171;13;24
3367;67271;109;617;18
3368;67289;67271;1;18
3369;67307;67271;1;36
3370;67343;17;3961;6
3371;67349;67307;1;42
3372;67391;89;757;18
3373;67409;121;557;12
3374;67421;97;695;6
3375;67427;67421;1;6
3376;67433;13477;5;48
3377;67481;19;3551;12
3378;67493;7;9641;6
3379;67499;31;2177;12
3380;67511;67499;1;12
3381;67523;67499;1;24
3382;67547;13;5195;12
3383;67559;29;2329;18
3384;67577;13513;5;12
3385;67589;67577;1;12
3386;67601;11;6145;6
3387;67607;55;1229;12
3388;67619;67607;1;12
3389;67631;3557;19;48
3390;67679;61;1109;30
3391;67709;13537;5;24
3392;67733;29;2335;18
3393;67751;17;3985;6
3394;67757;67751;1;6
3395;67763;133;509;66
3396;67829;71;955;24
3397;67853;9689;7;30
3398;67883;35;1939;18
3399;67901;67;1013;30
3400;67931;23;2953;12
3401;67943;19;3575;18
3402;67961;13591;5;6
3403;67967;13591;5;12
3404;67979;1013;67;108
3405;68087;25;2723;12
3406;68099;68087;1;12
3407;68111;5237;13;30
3408;68141;13627;5;6
3409;68147;121;563;24
3410;68171;13627;5;36
3411;68207;7;9743;6
3412;68213;68207;1;6
3413;68219;79;863;42
3414;68261;9749;7;18
3415;68279;68207;1;72
3416;68351;167;409;48
3417;68399;68351;1;48
3418;68447;31;2207;30
3419;68477;13;5267;6
3420;68483;68477;1;6
3421;68489;68477;1;12
3422;68501;7;9785;6
3423;68507;68483;1;24
3424;68531;6229;11;12
3425;68543;6229;11;24
3426;68567;9791;7;30
3427;68597;37;1853;36
3428;68633;13;5279;6
3429;68639;157;437;30
3430;68669;79;869;18
3431;68687;25;2747;12
3432;68699;68687;1;12
3433;68711;73;941;18
3434;68729;68687;1;42
3435;68771;17;4045;6
3436;68777;53;1297;36
3437;68813;83;829;6
3438;68819;2371;29;60
3439;68879;17;4051;12
3440;68891;23;2995;6
3441;68897;68891;1;6
3442;68903;68897;1;6
3443;68909;68891;1;18
3444;68927;68891;1;36
3445;68963;2377;29;30
3446;68993;25;2759;18
3447;69011;68993;1;18
3448;69029;5303;13;90
3449;69119;65;1063;24
3450;69143;47;1471;6
3451;69149;2383;29;42
3452;69191;101;685;6
3453;69197;69191;1;6
3454;69203;101;685;18
3455;69221;9887;7;12
3456;69233;37;1871;6
3457;69239;69221;1;18
3458;69257;7;9893;6
3459;69263;9887;7;54
3460;69317;133;521;24
3461;69341;6301;11;30
3462;69371;43;1613;12
3463;69383;7;9911;6
3464;69389;17;4081;12
3465;69401;69371;1;30
3466;69431;13879;5;36
3467;69467;7;9923;6
3468;69473;29;2395;18
3469;69491;13;5345;6
3470;69497;145;479;42
3471;69539;19;3659;18
3472;69557;3659;19;36
3473;69593;5351;13;30
3474;69623;69593;1;30
3475;69653;29;2401;24
3476;69677;1619;43;60
3477;69737;161;433;24
3478;69761;7;9965;6
3479;69767;35;1993;12
3480;69779;3671;19;30
3481;69809;13;5369;12
3482;69821;13963;5;6
3483;69827;69821;1;6
3484;69833;69809;1;24
3485;69857;13963;5;42
3486;69899;17;4111;12
3487;69911;37;1889;18
3488;69929;139;503;12
3489;69941;49;1427;18
3490;69959;139;503;42
3491;70001;47;1489;18
3492;70019;127;551;42
3493;70061;14011;5;6
3494;70067;14011;5;12
3495;70079;6367;11;42
3496;70121;6373;11;18
3497;70139;70121;1;18
3498;70157;29;2419;6
3499;70163;14029;5;18
3500;70181;70163;1;18
3501;70199;25;2807;24
3502;70223;7;10031;6
3503;70229;49;1433;12
3504;70241;61;1151;30
3505;70271;163;431;18
3506;70289;47;1495;24
3507;70313;163;431;60
3508;70373;11;6397;6
3509;70379;3701;19;60
3510;70439;10061;7;12
3511;70451;73;965;6
3512;70457;209;337;24
3513;70481;25;2819;6
3514;70487;73;965;42
3515;70529;70487;1;42
3516;70571;37;1907;12
3517;70583;13;5429;6
3518;70589;70571;1;18
3519;70607;35;2017;12
3520;70619;70571;1;48
3521;70667;113;625;42
3522;70709;1333;53;60
3523;70769;14149;5;24
3524;70793;77;919;30
3525;70823;35;2023;18
3526;70841;47;1507;12
3527;70853;47;1507;24
3528;70877;70853;1;24
3529;70901;13;5453;12
3530;70913;17;4171;6
3531;70919;70901;1;18
3532;70937;25;2837;12
3533;70949;70919;1;30
3534;70979;13;5459;12
3535;70991;14197;5;6
3536;70997;115;617;42
3537;71039;4177;17;30
3538;71069;10151;7;12
3539;71081;251;283;48
3540;71129;47;1513;18
3541;71147;7;10163;6
3542;71153;41;1735;18
3543;71171;14221;5;66
3544;71237;25;2849;12
3545;71249;71237;1;12
3546;71261;145;491;66
3547;71327;73;977;6
3548;71333;71327;1;6
3549;71339;85;839;24
3550;71363;71339;1;24
3551;71387;25;2855;12
3552;71399;71387;1;12
3553;71411;31;2303;18
3554;71429;14281;5;24
3555;71453;35;2041;18
3556;71471;19;3761;12
3557;71483;71429;1;54
3558;71537;25;2861;12
3559;71549;127;563;48
3560;71597;10223;7;36
3561;71633;53;1351;30
3562;71663;71633;1;30
3563;71693;7;10241;6
3564;71699;19;3773;12
3565;71711;43;1667;30
3566;71741;14341;5;36
3567;71777;31;2315;12
3568;71789;10253;7;18
3569;71807;71777;1;30
3570;71837;109;659;6
3571;71843;71837;1;6
3572;71849;71837;1;12
3573;71861;7;10265;6
3574;71867;35;2053;12
3575;71879;71849;1;30
3576;71909;55;1307;24
3577;71933;5531;13;30
3578;71963;43;1673;24
3579;71987;7;10283;6
3580;71993;71987;1;6
3581;71999;211;341;48
3582;72047;61;1181;6
3583;72053;223;323;24
3584;72077;29;2485;12
3585;72089;72077;1;12
3586;72101;61;1181;60
3587;72161;14431;5;6
3588;72167;72161;1;6
3589;72173;125;577;48
3590;72221;11;6565;6
3591;72227;103;701;24
3592;72251;119;607;18
3593;72269;72251;1;18
3594;72287;119;607;54
3595;72341;151;479;12
3596;72353;31;2333;30
3597;72383;85;851;48
3598;72431;10343;7;30
3599;72461;43;1685;6
3600;72467;4261;17;30
3601;72497;71;1021;6
3602;72503;137;529;30
3603;72533;14503;5;18
3604;72551;95;763;66
3605;72617;7;10373;6
3606;72623;3821;19;24
3607;72647;72623;1;24
3608;72671;97;749;18
3609;72689;6607;11;12
3610;72701;7;10385;6
3611;72707;31;2345;12
3612;72719;72671;1;48
3613;72767;10391;7;30
3614;72797;2909;25;72
3615;72869;85;857;24
3616;72893;25;2915;18
3617;72911;269;271;12
3618;72923;72893;1;30
3619;72953;7;10421;6
3620;72959;19;3839;18
3621;72977;209;349;36
3622;73013;11;6637;6
3623;73019;37;1973;18
3624;73037;7;10433;6
3625;73043;23;3175;18
3626;73061;73043;1;18
3627;73079;31;2357;12
3628;73091;73061;1;30
3629;73121;7;10445;6
3630;73127;73121;1;6
3631;73133;235;311;48
3632;73181;1783;41;78
3633;73259;10463;7;18
3634;73277;1979;37;54
3635;73331;3187;23;30
3636;73361;71;1033;18
3637;73379;59;1243;42
3638;73421;10487;7;12
3639;73433;1789;41;84
3640;73517;19;3869;6
3641;73523;73517;1;6
3642;73529;19;3869;18
3643;73547;13;5657;6
3644;73553;35;2101;18
3645;73571;17;4327;12
3646;73583;7;10511;6
3647;73589;73571;1;18
3648;73607;11;6691;6
3649;73613;73589;1;24
3650;73637;29;2539;6
3651;73643;73613;1;30
3652;73673;11;6697;6
3653;73679;47;1567;30
3654;73709;13;5669;12
3655;73721;23;3205;6
3656;73727;10529;7;24
3657;73751;7;10535;6
3658;73757;1249;59;66
3659;73823;6709;11;24
3660;73847;14767;5;12
3661;73859;41;1801;18
3662;73877;7;10553;6
3663;73883;73859;1;24
3664;73907;61;1211;36
3665;73943;25;2957;18
3666;73961;73;1013;12
3667;73973;2957;25;48
3668;74021;113;655;6
3669;74027;43;1721;24
3670;74051;5693;13;42
3671;74093;13;5699;6
3672;74099;1511;49;60
3673;74159;151;491;18
3674;74177;13;5705;12
3675;74189;74177;1;12
3676;74201;31;2393;18
3677;74219;10601;7;12
3678;74231;2393;31;48
3679;74279;43;1727;18
3680;74297;61;1217;60
3681;74357;149;499;6
3682;74363;14869;5;18
3683;74381;149;499;30
3684;74411;74381;1;30
3685;74441;263;283;12
3686;74453;14887;5;18
3687;74471;74453;1;18
3688;74489;74471;1;18
3689;74507;211;353;24
3690;74531;203;367;30
3691;74561;13;5735;6
3692;74567;74561;1;6
3693;74573;127;587;24
3694;74597;35;2131;12
3695;74609;74531;1;78
3696;74687;25;2987;12
3697;74699;23;3247;18
3698;74717;67;1115;12
3699;74729;91;821;18
3700;74747;14947;5;12
3701;74759;74747;1;12
3702;74771;91;821;60
3703;74831;23;3253;12
3704;74843;25;2993;18
3705;74861;29;2581;12
3706;74873;55;1361;18
3707;74891;17;4405;6
3708;74897;74891;1;6
3709;74903;74873;1;30
3710;74933;1361;55;78
3711;75011;7;10715;6
3712;75017;35;2143;12
3713;75029;75017;1;12
3714;75041;2027;37;42
3715;75083;75017;1;66
3716;75149;227;331;12
3717;75161;15031;5;6
3718;75167;125;601;42
3719;75209;4423;17;18
3720;75227;35;2149;12
3721;75239;75209;1;30
3722;75269;245;307;54
3723;75323;11;6847;6
3724;75329;127;593;18
3725;75347;7;10763;6
3726;75353;75329;1;24
3727;75377;15073;5;12
3728;75389;75377;1;12
3729;75401;17;4435;6
3730;75407;77;979;24
3731;75431;7;10775;6
3732;75437;85;887;42
3733;75479;15091;5;24
3734;75503;31;2435;18
3735;75521;11;6865;6
3736;75527;75521;1;6
3737;75533;75527;1;6
3738;75539;75521;1;18
3739;75557;75503;1;54
3740;75611;15121;5;6
3741;75617;15121;5;12
3742;75629;75617;1;12
3743;75641;75629;1;12
3744;75653;11;6877;6
3745;75659;35;2161;24
3746;75683;7;10811;6
3747;75689;31;2441;18
3748;75707;75683;1;24
3749;75731;29;2611;12
3750;75743;29;2611;24
3751;75767;7;10823;6
3752;75773;211;359;24
3753;75797;75773;1;24
3754;75821;41;1849;12
3755;75833;75797;1;36
3756;75869;75797;1;72
3757;75941;71;1069;42
3758;75983;11;6907;6
3759;75989;6907;11;12
3760;76001;10853;7;30
3761;76031;75983;1;48
3762;76079;29;2623;12
3763;76091;76079;1;12
3764;76103;113;673;54
3765;76157;271;281;6
3766;76163;127;599;90
3767;76253;19;4013;6
3768;76259;79;965;24
3769;76283;83;919;6
3770;76289;79;965;54
3771;76343;167;457;24
3772;76367;15271;5;12
3773;76379;15271;5;24
3774;76403;15277;5;18
3775;76421;76379;1;42
3776;76463;15289;5;18
3777;76481;7;10925;6
3778;76487;76481;1;6
3779;76493;19;4025;18
3780;76511;76481;1;30
3781;76541;95;805;66
3782;76607;43;1781;24
3783;76631;23;3331;18
3784;76649;76631;1;18
3785;76667;13;5897;6
3786;76673;76667;1;6
3787;76679;5897;13;18
3788;76697;5897;13;36
3789;76733;79;971;24
3790;76757;76733;1;24
3791;76781;76733;1;48
3792;76829;10973;7;18
3793;76847;4519;17;24
3794;76871;151;509;12
3795;76883;151;509;24
3796;76907;11;6991;6
3797;76913;76907;1;6
3798;76919;35;2197;24
3799;76943;7;10991;6
3800;76949;29;2653;12
3801;76961;4049;19;30
3802;76991;49;1571;12
3803;77003;203;379;66
3804;77069;251;307;12
3805;77081;77069;1;12
3806;77093;95;811;48
3807;77141;13;5933;12
3808;77153;15427;5;18
3809;77171;77141;1;30
3810;77201;11027;7;12
3811;77213;11027;7;24
3812;77237;7;11033;6
3813;77243;77237;1;6
3814;77249;77237;1;12
3815;77261;15451;5;6
3816;77267;15451;5;12
3817;77279;77267;1;12
3818;77291;77243;1;48
3819;77339;53;1459;12
3820;77351;4549;17;18
3821;77369;167;463;48
3822;77417;4073;19;30
3823;77447;139;557;24
3824;77471;15493;5;6
3825;77477;15493;5;12
3826;77489;15493;5;24
3827;77513;11069;7;30
3828;77543;17;4561;6
3829;77549;25;3101;24
3830;77573;15511;5;18
3831;77591;121;641;30
3832;77621;121;641;60
3833;77681;13;5975;6
3834;77687;13;5975;12
3835;77699;77687;1;12
3836;77711;77699;1;12
3837;77723;77699;1;24
3838;77747;77711;1;36
3839;77783;103;755;18
3840;77801;107;727;12
3841;77813;41;1897;36
3842;77849;5987;13;18
3843;77867;77801;1;66
3844;77933;15583;5;18
3845;77951;77933;1;18
3846;77969;59;1321;30
3847;77999;29;2689;18
3848;78017;3391;23;24
3849;78041;41;1903;18
3850;78059;78017;1;42
3851;78101;65;1201;36
3852;78137;37;2111;30
3853;78167;47;1663;6
3854;78173;78167;1;6
3855;78179;78167;1;12
3856;78191;78179;1;12
3857;78203;78173;1;30
3858;78233;145;539;78
3859;78311;15661;5;6
3860;78317;59;1327;24
3861;78341;15667;5;6
3862;78347;59;1327;54
3863;78401;2239;35;36
3864;78437;161;487;30
3865;78467;13;6035;12
3866;78479;31;2531;18
3867;78497;55;1427;12
3868;78509;78479;1;30
3869;78539;78509;1;30
3870;78569;115;683;24
3871;78593;251;313;30
3872;78623;78593;1;30
3873;78653;1483;53;54
3874;78707;7;11243;6
3875;78713;6053;13;24
3876;78737;15739;5;42
3877;78779;13;6059;12
3878;78791;7;11255;6
3879;78797;78791;1;6
3880;78803;78797;1;6
3881;78809;78779;1;30
3882;78839;23;3427;18
3883;78857;11261;7;30
3884;78887;11;7171;6
3885;78893;78857;1;36
3886;78929;53;1489;12
3887;78941;43;1835;36
3888;78977;17;4645;12
3889;78989;7177;11;42
3890;79031;31;2549;12
3891;79043;4157;19;60
3892;79103;107;739;30
3893;79133;67;1181;6
3894;79139;67;1181;12
3895;79151;89;889;30
3896;79181;25;3167;6
3897;79187;79181;1;6
3898;79193;6089;13;36
3899;79229;37;2141;12
3900;79241;227;349;18
3901;79259;53;1495;24
3902;79283;83;955;18
3903;79301;79283;1;18
3904;79319;79301;1;18
3905;79337;19;4175;12
3906;79349;49;1619;18
3907;79367;59;1345;12
3908;79379;61;1301;18
3909;79397;79367;1;30
3910;79427;43;1847;6
3911;79433;35;2269;18
3912;79451;43;1847;30
3913;79481;13;6113;12
3914;79493;79427;1;66
3915;79559;67;1187;30
3916;79589;17;4681;12
3917;79601;79589;1;12
3918;79613;15919;5;18
3919;79631;1693;47;60
3920;79691;15937;5;6
3921;79697;97;821;60
3922;79757;41;1945;12
3923;79769;61;1307;42
3924;79811;11;7255;6
3925;79817;79811;1;6
3926;79823;79817;1;6
3927;79829;79817;1;12
3928;79841;7;11405;6
3929;79847;55;1451;42
3930;79889;11411;7;12
3931;79901;19;4205;6
3932;79907;53;1507;36
3933;79943;49;1631;24
3934;79967;7;11423;6
3935;79973;79967;1;6
3936;79979;11423;7;18
3937;79997;79973;1;24
3938;80021;77;1039;18
3939;80039;79;1013;12
3940;80051;1951;41;60
3941;80111;73;1097;30
3942;80141;11;7285;6
3943;80147;80141;1;6
3944;80153;11447;7;24
3945;80177;80147;1;30
3946;80207;181;443;24
3947;80231;53;1513;42
3948;80273;11;7297;6
3949;80279;6173;13;30
3950;80309;2293;35;54
3951;80363;107;751;6
3952;80369;19;4229;18
3953;80387;16069;5;42
3954;80429;191;421;18
3955;80447;11489;7;24
3956;80471;43;1871;18
3957;80489;35;2299;24
3958;80513;80489;1;24
3959;80537;31;2597;30
3960;80567;7321;11;36
3961;80603;71;1135;18
3962;80621;23;3505;6
3963;80627;80603;1;24
3964;80651;127;635;6
3965;80657;127;635;12
3966;80669;80657;1;12
3967;80681;7;11525;6
3968;80687;80627;1;60
3969;80747;91;887;30
3970;80777;37;2183;6
3971;80783;80777;1;6
3972;80789;83;973;30
3973;80819;19;4253;12
3974;80831;211;383;18
3975;80849;49;1649;48
3976;80897;35;2311;12
3977;80909;35;2311;24
3978;80933;4759;17;30
3979;80963;80909;1;54
3980;81017;7;11573;6
3981;81023;85;953;18
3982;81041;19;4265;6
3983;81047;81023;1;24
3984;81071;31;2615;6
3985;81077;81071;1;6
3986;81083;31;2615;18
3987;81101;81083;1;18
3988;81119;13;6239;12
3989;81131;131;619;42
3990;81173;4271;19;24
3991;81197;11;7381;6
3992;81203;81173;1;30
3993;81233;43;1889;6
3994;81239;81197;1;42
3995;81281;181;449;12
3996;81293;29;2803;6
3997;81299;16249;5;54
3998;81353;7;11621;6
3999;81359;11621;7;12
4000;81371;6257;13;30
4001;81401;81293;1;108
4002;81509;19;4289;18
4003;81527;11;7411;6
4004;81533;35;2329;18
4005;81551;67;1217;12
4006;81563;7;11651;6
4007;81569;81527;1;42
4008;81611;139;587;18
4009;81629;81611;1;18
4010;81647;31;2633;24
4011;81671;16333;5;6
4012;81677;16333;5;12
4013;81689;81677;1;12
4014;81701;16339;5;6
4015;81707;81677;1;30
4016;81737;25;3269;12
4017;81749;81737;1;12
4018;81761;81749;1;12
4019;81773;81707;1;66
4020;81839;31;2639;30
4021;81869;81839;1;30
4022;81899;81869;1;30
4023;81929;16381;5;24
4024;81953;35;2341;18
4025;81971;2341;35;36
4026;82007;43;1907;6
4027;82013;23;3565;18
4028;82031;17;4825;6
4029;82037;82007;1;30
4030;82067;7;11723;6
4031;82073;82007;1;66
4032;82139;55;1493;24
4033;82163;3571;23;30
4034;82193;127;647;24
4035;82217;229;359;6
4036;82223;41;2005;18
4037;82241;241;341;60
4038;82301;109;755;6
4039;82307;16453;5;42
4040;82349;137;601;12
4041;82361;82349;1;12
4042;82373;89;925;48
4043;82421;16477;5;36
4044;82457;41;2011;6
4045;82463;82457;1;6
4046;82469;41;2011;18
4047;82487;7;11783;6
4048;82493;82487;1;6
4049;82499;82469;1;30
4050;82529;82499;1;30
4051;82559;23;3589;12
4052;82571;59;1399;30
4053;82601;13;6353;12
4054;82613;7;11801;6
4055;82619;817;101;102
4056;82721;71;1165;6
4057;82727;41;2017;30
4058;82757;83;997;6
4059;82763;19;4355;18
4060;82781;7;11825;6
4061;82787;82781;1;6
4062;82793;82787;1;6
4063;82799;82787;1;12
4064;82811;43;1925;36
4065;82847;82811;1;36
4066;82883;179;463;6
4067;82889;16573;5;24
4068;82913;113;733;84
4069;82997;37;2243;6
4070;83003;82997;1;6
4071;83009;235;353;54
4072;83063;43;1931;30
4073;83093;11867;7;24
4074;83117;6389;13;60
4075;83177;67;1241;30
4076;83207;35;2377;12
4077;83219;83207;1;12
4078;83231;83219;1;12
4079;83243;83219;1;24
4080;83267;139;599;6
4081;83273;83207;1;66
4082;83339;11903;7;18
4083;83357;95;877;42
4084;83399;199;419;18
4085;83417;239;349;6
4086;83423;61;1367;36
4087;83459;13;6419;12
4088;83471;16693;5;6
4089;83477;83417;1;60
4090;83537;3631;23;24
4091;83561;19;4397;18
4092;83579;71;1177;12
4093;83591;73;1145;6
4094;83597;73;1145;12
4095;83609;83597;1;12
4096;83621;59;1417;18
4097;83639;35;2389;24
4098;83663;83609;1;54
4099;83717;119;703;60
4100;83777;49;1709;36
4101;83813;11969;7;30
4102;83843;83813;1;30
4103;83873;31;2705;18
4104;83891;37;2267;12
4105;83903;19;4415;18
4106;83921;11987;7;12
4107;83933;23;3649;6
4108;83939;11987;7;30
4109;83969;67;1253;18
4110;83987;187;449;24
4111;84011;53;1585;6
4112;84017;83987;1;30
4113;84047;31;2711;6
4114;84053;84047;1;6
4115;84059;7639;11;30
4116;84089;84047;1;42
4117;84131;25;3365;6
4118;84137;84131;1;6
4119;84143;151;557;36
4120;84179;17;4951;12
4121;84191;77;1093;30
4122;84221;23;3661;18
4123;84239;16843;5;24
4124;84263;143;589;36
4125;84299;271;311;18
4126;84317;12041;7;30
4127;84347;84317;1;30
4128;84377;47;1795;12
4129;84389;84377;1;12
4130;84401;16879;5;6
4131;84407;6491;13;24
4132;84431;11;7675;6
4133;84437;84431;1;6
4134;84443;84437;1;6
4135;84449;84431;1;18
4136;84467;84431;1;36
4137;84503;7;12071;6
4138;84509;12071;7;12
4139;84521;84509;1;12
4140;84533;16903;5;18
4141;84551;4969;17;78
4142;84629;16921;5;24
4143;84653;47;1801;6
4144;84659;283;299;42
4145;84701;7699;11;12
4146;84713;7;12101;6
4147;84719;12101;7;12
4148;84731;25;3389;6
4149;84737;84713;1;24
4150;84761;84713;1;48
4151;84809;12113;7;18
4152;84827;4463;19;30
4153;84857;71;1195;12
4154;84869;12113;7;78
4155;84947;49;1733;30
4156;84977;1733;49;60
4157;85037;19;4475;12
4158;85049;85037;1;12
4159;85061;3697;23;30
4160;85091;149;571;12
4161;85103;43;1979;6
4162;85109;43;1979;12
4163;85121;85109;1;12
4164;85133;241;353;60
4165;85193;17;5011;6
4166;85199;25;3407;24
4167;85223;11;7747;6
4168;85229;37;2303;18
4169;85247;17047;5;12
4170;85259;17041;5;54
4171;85313;35;2437;18
4172;85331;197;433;30
4173;85361;2437;35;66
4174;85427;55;1553;12
4175;85439;85427;1;12
4176;85451;37;2309;18
4177;85469;85451;1;18
4178;85487;97;881;30
4179;85517;233;367;6
4180;85523;65;1315;48
4181;85571;109;785;6
4182;85577;6581;13;24
4183;85601;17;5035;6
4184;85607;17;5035;12
4185;85619;53;1615;24
4186;85643;25;3425;18
4187;85661;37;2315;6
4188;85667;85643;1;24
4189;85691;7789;11;12
4190;85703;12239;7;30
4191;85733;31;2765;18
4192;85751;3727;23;30
4193;85781;199;431;12
4194;85793;199;431;24
4195;85817;131;655;12
4196;85829;29;2959;18
4197;85847;7;12263;6
4198;85853;85817;1;36
4199;85889;85847;1;42
4200;85931;1997;43;60
4201;85991;17191;5;36
4202;86027;145;593;42
4203;86069;86027;1;42
4204;86111;17;5065;6
4205;86117;89;967;54
4206;86171;29;2971;12
4207;86183;19;4535;18
4208;86201;2971;29;42
4209;86243;83;1039;6
4210;86249;187;461;42
4211;86291;17257;5;6
4212;86297;86243;1;54
4213;86351;7;12335;6
4214;86357;35;2467;12
4215;86369;86357;1;12
4216;86381;67;1289;18
4217;86399;25;3455;24
4218;86423;55;1571;18
4219;86441;12347;7;12
4220;86453;12347;7;24
4221;86477;86453;1;24
4222;86501;77;1123;30
4223;86531;86501;1;30
4224;86561;23;3763;12
4225;86573;13;6659;6
4226;86579;86531;1;48
4227;86627;86561;1;66
4228;86693;25;3467;18
4229;86711;86693;1;18
4230;86729;17341;5;24
4231;86753;19;4565;18
4232;86771;101;859;12
4233;86783;86753;1;30
4234;86813;59;1471;24
4235;86837;31;2801;6
4236;86843;23;3775;18
4237;86861;17359;5;66
4238;86927;17383;5;12
4239;86939;86927;1;12
4240;86951;77;1129;18
4241;86969;13;6689;12
4242;86981;86969;1;12
4243;86993;25;3479;18
4244;87011;86981;1;30
4245;87041;87011;1;30
4246;87071;12437;7;12
4247;87083;12437;7;24
4248;87107;17419;5;12
4249;87119;73;1193;30
4250;87149;87119;1;30
4251;87179;79;1103;42
4252;87221;247;353;30
4253;87251;17449;5;6
4254;87257;83;1051;24
4255;87281;13;6713;12
4256;87293;191;457;6
4257;87299;87281;1;18
4258;87317;7;12473;6
4259;87323;191;457;36
4260;87359;17467;5;24
4261;87383;87359;1;24
4262;87407;41;2131;36
4263;87443;61;1433;30
4264;87473;17491;5;18
4265;87491;87473;1;18
4266;87509;12497;7;30
4267;87539;12503;7;18
4268;87557;73;1199;30
4269;87587;3019;29;36
4270;87623;41;2137;6
4271;87629;41;2137;12
4272;87641;79;1109;30
4273;87671;13;6743;12
4274;87683;89;985;18
4275;87701;87683;1;18
4276;87719;17539;5;24
4277;87743;87719;1;24
4278;87767;221;397;30
4279;87797;11;7981;6
4280;87803;12539;7;30
4281;87833;87797;1;36
4282;87869;49;1793;12
4283;87881;19;4625;6
4284;87887;41;2143;24
4285;87911;17581;5;6
4286;87917;95;925;42
4287;87959;119;739;18
4288;87977;281;313;24
4289;88001;17599;5;6
4290;88007;17599;5;12
4291;88019;88001;1;18
4292;88037;17599;5;42
4293;88079;209;421;90
4294;88169;6779;13;42
4295;88211;89;991;12
4296;88223;23;3835;18
4297;88241;88223;1;18
4298;88259;83;1063;30
4299;88289;12611;7;12
4300;88301;127;695;36
4301;88337;17659;5;42
4302;88379;91;971;18
4303;88397;97;911;30
4304;88427;157;563;36
4305;88463;53;1669;6
4306;88469;35;2527;24
4307;88493;7;12641;6
4308;88499;25;3539;24
4309;88523;88499;1;24
4310;88547;155;571;42
4311;88589;12653;7;18
4312;88607;12653;7;36
4313;88643;25;3545;18
4314;88661;7;12665;6
4315;88667;12659;7;54
4316;88721;8059;11;72
4317;88793;19;4673;6
4318;88799;19;4673;12
4319;88811;17761;5;6
4320;88817;77;1153;36
4321;88853;12689;7;30
4322;88883;41;2167;36
4323;88919;19;4679;18
4324;88937;61;1457;60
4325;88997;7;12713;6
4326;89003;88997;1;6
4327;89009;88997;1;12
4328;89021;12713;7;30
4329;89051;11;8095;6
4330;89057;55;1619;12
4331;89069;89051;1;18
4332;89087;89051;1;36
4333;89123;41;2173;30
4334;89153;203;439;36
4335;89189;85;1049;24
4336;89213;17839;5;18
4337;89231;25;3569;6
4338;89237;89213;1;24
4339;89261;31;2879;12
4340;89273;61;1463;30
4341;89303;61;1463;60
4342;89363;107;835;18
4343;89381;11;8125;6
4344;89387;89381;1;6
4345;89393;89387;1;6
4346;89399;89381;1;18
4347;89417;55;1625;42
4348;89459;47;1903;18
4349;89477;91;983;24
4350;89501;109;821;12
4351;89513;11;8137;6
4352;89519;89477;1;42
4353;89561;17911;5;6
4354;89567;151;593;24
4355;89591;19;4715;6
4356;89597;89591;1;6
4357;89603;67;1337;24
4358;89627;7;12803;6
4359;89633;61;1469;24
4360;89657;17929;5;12
4361;89669;89657;1;12
4362;89681;113;793;72
4363;89753;7;12821;6
4364;89759;131;685;24
4365;89783;12821;7;36
4366;89819;101;889;30
4367;89849;41;2191;18
4368;89867;6911;13;24
4369;89891;17977;5;6
4370;89897;17977;5;12
4371;89909;289;311;30
4372;89939;35;2569;24
4373;89963;49;1835;48
4374;90011;47;1915;6
4375;90017;90011;1;6
4376;90023;31;2903;30
4377;90053;53;1699;6
4378;90059;53;1699;12
4379;90071;90053;1;18
4380;90089;90071;1;18
4381;90107;18013;5;42
4382;90149;25;3605;24
4383;90173;19;4745;18
4384;90191;17;5305;6
4385;90197;90191;1;6
4386;90203;31;2909;24
4387;90227;18043;5;12
4388;90239;18043;5;24
4389;90263;18049;5;18
4390;90281;263;343;72
4391;90353;167;541;6
4392;90359;167;541;12
4393;90371;61;1481;30
4394;90401;101;895;6
4395;90407;12911;7;30
4396;90437;90401;1;36
4397;90473;12917;7;54
4398;90527;131;691;6
4399;90533;6959;13;66
4400;90599;239;379;18
4401;90617;73;1241;24
4402;90641;18127;5;6
4403;90647;18127;5;12
4404;90659;90641;1;18
4405;90677;6971;13;54
4406;90731;12959;7;18
4407;90749;55;1649;54
4408;90803;67;1355;18
4409;90821;71;1279;12
4410;90833;90803;1;30
4411;90863;133;683;24
4412;90887;90863;1;24
4413;90911;18181;5;6
4414;90917;90887;1;30
4415;90947;31;2933;24
4416;90971;7;12995;6
4417;90977;23;3955;12
4418;90989;8269;11;30
4419;91019;8269;11;60
4420;91079;41;2221;18
4421;91097;61;1493;24
4422;91121;18223;5;6
4423;91127;18223;5;12
4424;91139;91127;1;12
4425;91151;91139;1;12
4426;91163;47;1939;30
4427;91193;67;1361;6
4428;91199;7013;13;30
4429;91229;29;3145;24
4430;91253;8293;11;30
4431;91283;71;1285;48
4432;91331;95;961;36
4433;91367;103;887;6
4434;91373;167;547;24
4435;91397;103;887;36
4436;91433;283;323;24
4437;91457;109;839;6
4438;91463;91433;1;30
4439;91493;11;8317;6
4440;91499;73;1253;30
4441;91529;23;3979;12
4442;91541;119;769;30
4443;91571;18313;5;6
4444;91577;91571;1;6
4445;91583;18307;5;48
4446;91631;67;1367;42
4447;91673;23;3985;18
4448;91691;49;1871;12
4449;91703;91673;1;30
4450;91733;293;313;24
4451;91757;91733;1;24
4452;91781;209;439;30
4453;91811;41;2239;12
4454;91823;35;2623;18
4455;91841;199;461;102
4456;91943;25;3677;18
4457;91961;53;1735;6
4458;91967;89;1033;30
4459;91997;67;1373;6
4460;92003;91997;1;6
4461;92009;18397;5;24
4462;92033;35;2629;18
4463;92051;67;1373;60
4464;92111;4003;23;42
4465;92153;181;509;24
4466;92177;18433;5;12
4467;92189;157;587;30
4468;92219;137;673;18
4469;92237;149;619;6
4470;92243;92189;1;54
4471;92297;47;1963;36
4472;92333;13187;7;24
4473;92357;7;13193;6
4474;92363;92357;1;6
4475;92369;92357;1;12
4476;92381;25;3695;6
4477;92387;25;3695;12
4478;92399;7103;13;60
4479;92459;5437;17;30
4480;92489;89;1039;18
4481;92507;193;479;60
4482;92567;92507;1;60
4483;92627;18523;5;12
4484;92639;23;4027;18
4485;92657;35;2647;12
4486;92669;92657;1;12
4487;92681;92669;1;12
4488;92693;7;13241;6
4489;92699;92681;1;18
4490;92717;83;1117;6
4491;92723;92693;1;30
4492;92753;92717;1;36
4493;92789;19;4883;12
4494;92801;203;457;30
4495;92831;13259;7;18
4496;92849;17;5461;12
4497;92861;7;13265;6
4498;92867;13259;7;54
4499;92921;18583;5;6
4500;92927;61;1523;24
4501;92951;29;3205;6
4502;92957;92927;1;30
4503;92987;7;13283;6
4504;92993;71;1309;54
4505;93047;13;7157;6
4506;93053;93047;1;6
4507;93059;221;421;18
4508;93077;11;8461;6
4509;93083;93077;1;6
4510;93089;35;2659;24
4511;93113;43;2165;18
4512;93131;93083;1;48
4513;93179;169;551;60
4514;93239;53;1759;12
4515;93251;17;5485;6
4516;93257;93251;1;6
4517;93263;85;1097;18
4518;93281;7;13325;6
4519;93287;93251;1;36
4520;93323;7;13331;6
4521;93329;93287;1;42
4522;93371;71;1315;6
4523;93377;93371;1;6
4524;93383;13337;7;24
4525;93407;18679;5;12
4526;93419;13337;7;60
4527;93479;29;3223;12
4528;93491;7;13355;6
4529;93497;93491;1;6
4530;93503;239;391;54
4531;93557;17;5503;6
4532;93563;53;1765;18
4533;93581;121;773;48
4534;93629;95;985;54
4535;93683;55;1703;18
4536;93701;93683;1;18
4537;93719;113;829;42
4538;93761;3023;31;48
4539;93809;71;1321;18
4540;93827;4937;19;24
4541;93851;145;647;36
4542;93887;269;349;6
4543;93893;25;3755;18
4544;93911;13;7223;12
4545;93923;35;2683;18
4546;93941;93911;1;30
4547;93971;17;5527;12
4548;93983;5527;17;24
4549;94007;18793;5;42
4550;94049;149;631;30
4551;94079;94049;1;30
4552;94109;73;1289;12
4553;94121;37;2543;30
4554;94151;169;557;18
4555;94169;94109;1;60
4556;94229;83;1135;24
4557;94253;13457;7;54
4558;94307;13469;7;24
4559;94331;257;367;12
4560;94343;29;3253;6
4561;94349;257;367;30
4562;94379;127;743;18
4563;94397;4967;19;24
4564;94421;23;4105;6
4565;94427;94421;1;6
4566;94433;94427;1;6
4567;94439;115;821;24
4568;94463;94397;1;66
4569;94529;47;2011;12
4570;94541;7;13505;6
4571;94547;35;2701;12
4572;94559;35;2701;24
4573;94583;4111;23;30
4574;94613;59;1603;36
4575;94649;8599;11;60
4576;94709;23;4117;18
4577;94727;5569;17;54
4578;94781;97;977;12
4579;94793;25;3791;18
4580;94811;47;2017;12
4581;94823;67;1415;18
4582;94841;13;7295;6
4583;94847;67;1415;42
4584;94889;13553;7;18
4585;94907;18973;5;42
4586;94949;139;683;12
4587;94961;8629;11;42
4588;95003;7;13571;6
4589;95009;41;2317;12
4590;95021;31;3065;6
4591;95027;7307;13;36
4592;95063;13577;7;24
4593;95087;7;13583;6
4594;95093;25;3803;18
4595;95111;71;1339;42
4596;95153;251;379;24
4597;95177;35;2719;12
4598;95189;35;2719;24
4599;95213;7;13601;6
4600;95219;29;3283;12
4601;95231;31;3071;30
4602;95261;19051;5;6
4603;95267;95261;1;6
4604;95273;95267;1;6
4605;95279;95231;1;48
4606;95327;55;1733;12
4607;95339;191;499;30
4608;95369;19069;5;24
4609;95393;167;571;36
4610;95429;43;2219;12
4611;95441;73;1307;30
4612;95471;13;7343;12
4613;95483;91;1049;24
4614;95507;95483;1;24
4615;95531;19;5027;18
4616;95549;13;7349;12
4617;95561;3821;25;36
4618;95597;17;5623;6
4619;95603;35;2731;18
4620;95621;67;1427;12
4621;95633;65;1471;18
4622;95651;2731;35;66
4623;95717;7;13673;6
4624;95723;83;1153;24
4625;95747;77;1243;36
4626;95783;11;8707;6
4627;95789;8707;11;12
4628;95801;95789;1;12
4629;95813;149;643;6
4630;95819;107;895;54
4631;95873;19;5045;18
4632;95891;3833;25;66
4633;95957;47;2041;30
4634;95987;95957;1;30
4635;96017;41;2341;36
4636;96053;7;13721;6
4637;96059;2341;41;78
4638;96137;25;3845;12
4639;96149;31;3101;18
4640;96167;19231;5;12
4641;96179;96137;1;42
4642;96221;23;4183;12
4643;96233;5659;17;30
4644;96263;7;13751;6
4645;96269;13751;7;12
4646;96281;96269;1;12
4647;96293;96263;1;30
4648;96323;13;7409;6
4649;96329;55;1751;24
4650;96353;96329;1;24
4651;96377;96353;1;24
4652;96401;49;1967;18
4653;96419;17;5671;12
4654;96431;96419;1;12
4655;96443;19;5075;18
4656;96461;96443;1;18
4657;96479;96461;1;18
4658;96497;13781;7;30
4659;96527;96497;1;30
4660;96557;37;2609;24
4661;96581;25;3863;6
4662;96587;283;341;84
4663;96671;5683;17;60
4664;96731;25;3869;6
4665;96737;25;3869;12
4666;96749;41;2359;30
4667;96779;23;4207;18
4668;96797;29;3337;24
4669;96821;17;5695;6
4670;96827;13829;7;24
4671;96851;7;13835;6
4672;96857;96821;1;36
4673;96893;25;3875;18
4674;96911;157;617;42
4675;96953;29;3343;6
4676;96959;61;1589;30
4677;96989;37;2621;12
4678;97001;19;5105;6
4679;97007;7457;13;66
4680;97073;53;1831;30
4681;97103;193;503;24
4682;97127;97103;1;24
4683;97151;19429;5;6
4684;97157;19429;5;12
4685;97169;97151;1;18
4686;97187;137;709;54
4687;97241;19;5117;18
4688;97259;19447;5;24
4689;97283;35;2779;18
4690;97301;19447;5;66
4691;97367;11;8851;6
4692;97373;97367;1;6
4693;97379;53;1837;18
4694;97397;7487;13;66
4695;97463;187;521;36
4696;97499;13;7499;12
4697;97511;97499;1;12
4698;97523;97499;1;24
4699;97547;103;947;6
4700;97553;19507;5;18
4701;97571;13;7505;6
4702;97577;97571;1;6
4703;97583;49;1991;24
4704;97607;7;13943;6
4705;97613;97577;1;36
4706;97649;25;3905;24
4707;97673;181;539;114
4708;97787;113;865;42
4709;97829;29;3373;12
4710;97841;17;5755;6
4711;97847;17;5755;12
4712;97859;97847;1;12
4713;97871;97859;1;12
4714;97883;97847;1;36
4715;97919;19;5153;12
4716;97931;97919;1;12
4717;97943;25;3917;18
4718;97961;11;8905;6
4719;97967;97961;1;6
4720;97973;119;823;36
4721;98009;97961;1;48
4722;98057;7541;13;24
4723;98081;73;1343;42
4724;98123;59;1663;6
4725;98129;1381;71;78
4726;98207;283;347;6
4727;98213;98129;1;84
4728;98297;101;973;24
4729;98321;7;14045;6
4730;98327;55;1787;42
4731;98369;8941;11;18
4732;98387;31;3173;24
4733;98411;61;1613;18
4734;98429;19681;5;24
4735;98453;17;5791;6
4736;98459;98411;1;48
4737;98507;19699;5;12
4738;98519;19699;5;24
4739;98543;25;3941;18
4740;98561;17;5797;12
4741;98573;31;3179;24
4742;98597;98573;1;24
4743;98621;11;8965;6
4744;98627;55;1793;12
4745;98639;55;1793;24
4746;98663;13;7589;6
4747;98669;98627;1;42
4748;98711;19;5195;6
4749;98717;19;5195;12
4750;98729;7589;13;72
4751;98801;19759;5;6
4752;98807;103;959;30
4753;98837;25;3953;12
4754;98849;23;4297;18
4755;98867;7;14123;6
4756;98873;98849;1;24
4757;98897;19777;5;12
4758;98909;7607;13;18
4759;98927;73;1355;12
4760;98939;73;1355;24
4761;98963;35;2827;18
4762;98981;13;7613;12
4763;98993;7;14141;6
4764;98999;98981;1;18
4765;99017;11;9001;6
4766;99023;19801;5;18
4767;99041;43;2303;12
4768;99053;99023;1;30
4769;99083;11;9007;6
4770;99089;5827;17;30
4771;99119;23;4309;12
4772;99131;13;7625;6
4773;99137;13;7625;12
4774;99149;25;3965;24
4775;99173;35;2833;18
4776;99191;99149;1;42
4777;99233;19843;5;18
4778;99251;23;4315;6
4779;99257;259;383;60
4780;99317;43;2309;30
4781;99347;49;2027;24
4782;99371;7;14195;6
4783;99377;73;1361;24
4784;99401;99371;1;30
4785;99431;85;1169;66
4786;99497;5851;17;30
4787;99527;5237;19;24
4788;99551;9049;11;12
4789;99563;43;2315;18
4790;99581;99551;1;30
4791;99611;137;727;12
4792;99623;3433;29;66
4793;99689;41;2431;18
4794;99707;7;14243;6
4795;99713;99707;1;6
4796;99719;263;379;42
4797;99761;71;1405;6
4798;99767;3989;25;42
4799;99809;35;2851;24
4800;99833;7;14261;6
4801;99839;4339;23;42
4802;99881;99839;1;42
4803;99923;41;2437;6
4804;99929;59;1693;42
4805;99971;109;917;18
4806;99989;5261;19;30
4807;100019;35;2857;24
4808;100043;7;14291;6
4809;100049;2857;35;54
4810;100103;199;503;6
4811;100109;121;827;42
4812;100151;9103;11;18
4813;100169;20029;5;24
4814;100193;20023;5;78
4815;100271;73;1373;42
4816;100313;289;347;30
4817;100343;25;4013;18
4818;100361;100343;1;18
4819;100379;167;601;12
4820;100391;100379;1;12
4821;100403;269;373;66
4822;100469;20089;5;24
4823;100493;25;4019;18
4824;100511;20101;5;6
4825;100517;100511;1;6
4826;100523;49;2051;24
4827;100547;20107;5;12
4828;100559;20101;5;54
4829;100613;43;2339;36
4830;100649;25;4025;24
4831;100673;5297;19;30
4832;100703;100673;1;30
4833;100733;101;997;36
4834;100769;37;2723;18
4835;100787;25;4031;12
4836;100799;100787;1;12
4837;100811;100799;1;12
4838;100823;181;557;6
4839;100829;100811;1;18
4840;100847;13;7757;6
4841;100853;100799;1;54
4842;100907;23;4387;6
4843;100913;85;1187;18
4844;100931;11;9175;6
4845;100937;100931;1;6
4846;100943;14411;7;66
4847;101009;13;7769;12
4848;101021;89;1135;6
4849;101027;47;2149;24
4850;101051;23;4393;12
4851;101063;35;2887;18
4852;101081;101051;1;30
4853;101111;73;1385;6
4854;101117;43;2351;24
4855;101141;29;3487;18
4856;101159;113;895;24
4857;101183;101159;1;24
4858;101207;2467;41;60
4859;101267;109;929;6
4860;101273;101267;1;6
4861;101279;4049;25;54
4862;101333;59;1717;30
4863;101363;5333;19;36
4864;101399;13;7799;12
4865;101411;41;2473;18
4866;101429;49;2069;48
4867;101477;29;3499;6
4868;101483;101477;1;6
4869;101489;101477;1;12
4870;101501;101489;1;12
4871;101513;53;1915;18
4872;101531;25;4061;6
4873;101537;101513;1;24
4874;101561;89;1141;12
4875;101573;73;1391;30
4876;101603;157;647;24
4877;101627;161;631;36
4878;101663;29;3505;18
4879;101681;19;5351;12
4880;101693;101663;1;30
4881;101723;20341;5;18
4882;101741;20347;5;6
4883;101747;101723;1;24
4884;101771;97;1049;18
4885;101789;101771;1;18
4886;101807;7829;13;30
4887;101837;14543;7;36
4888;101873;23;4429;6
4889;101879;23;4429;12
4890;101891;37;2753;30
4891;101921;181;563;18
4892;101939;101921;1;18
4893;101957;269;379;6
4894;101963;101939;1;24
4895;101987;25;4079;12
4896;101999;25;4079;24
4897;102023;101987;1;36
4898;102059;9277;11;12
4899;102071;137;745;6
4900;102077;61;1673;24
4901;102101;7;14585;6
4902;102107;137;745;42
4903;102149;14591;7;12
4904;102161;41;2491;30
4905;102191;107;955;6
4906;102197;102191;1;6
4907;102203;83;1231;30
4908;102233;20443;5;18
4909;102251;179;571;42
4910;102293;233;439;6
4911;102299;23;4447;18
4912;102317;35;2923;12
4913;102329;102299;1;30
4914;102359;71;1441;48
4915;102407;41;2497;30
4916;102437;47;2179;24
4917;102461;85;1205;36
4918;102497;113;907;6
4919;102503;14639;7;30
4920;102533;17;6031;6
4921;102539;17;6031;12
4922;102551;102539;1;12
4923;102563;102539;1;24
4924;102587;19;5399;6
4925;102593;25;4103;18
4926;102611;55;1865;36
4927;102647;7;14663;6
4928;102653;6037;17;24
4929;102677;102653;1;24
4930;102701;77;1333;60
4931;102761;175;587;36
4932;102797;7901;13;84
4933;102881;49;2099;30
4934;102911;14699;7;18
4935;102929;55;1871;24
4936;102953;5417;19;30
4937;102983;20593;5;18
4938;103001;20599;5;6
4939;103007;37;2783;36
4940;103043;11;9367;6
4941;103049;197;523;18
4942;103067;20611;5;12
4943;103079;103067;1;12
4944;103091;20593;5;126
4945;103217;245;421;72
4946;103289;14753;7;18
4947;103307;73;1415;12
4948;103319;103289;1;30
4949;103349;103307;1;42
4950;103391;167;619;18
4951;103409;14771;7;12
4952;103421;103391;1;30
4953;103451;17;6085;6
4954;103457;1951;53;54
4955;103511;19;5447;18
4956;103529;127;815;24
4957;103553;103529;1;24
4958;103577;13;7967;6
4959;103583;103553;1;30
4960;103613;7;14801;6
4961;103619;20719;5;24
4962;103643;103583;1;60
4963;103703;2801;37;66
4964;103769;289;359;18
4965;103787;9433;11;24
4966;103811;59;1759;30
4967;103841;271;383;48
4968;103889;20773;5;24
4969;103913;29;3583;6
4970;103919;241;431;48
4971;103967;17;6115;12
4972;103979;103967;1;12
4973;103991;7;14855;6
4974;103997;103991;1;6
4975;104003;103997;1;6
4976;104009;103997;1;12
4977;104021;104009;1;12
4978;104033;103979;1;54
4979;104087;67;1553;36
4980;104123;41;2539;24
4981;104147;107;973;36
4982;104183;187;557;24
4983;104207;104183;1;24
4984;104231;89;1171;12
4985;104243;2423;43;54
4986;104297;20857;5;12
4987;104309;19;5489;18
4988;104327;20857;5;42
4989;104369;53;1969;12
4990;104381;104369;1;12
4991;104393;47;2221;6
4992;104399;104381;1;18
4993;104417;125;835;42
4994;104459;43;2429;12
4995;104471;277;377;42
4996;104513;59;1771;24
4997;104537;7;14933;6
4998;104543;104537;1;6
4999;104549;104537;1;12
5000;104561;104543;1;18
5001;104579;104561;1;18
5002;104597;55;1901;42
5003;104639;23;4549;12
5004;104651;9511;11;30
5005;104681;17;6157;12
5006;104693;25;4187;18
5007;104711;43;2435;6
5008;104717;104711;1;6
5009;104723;104717;1;6
5010;104729;14957;7;30
5011;104759;104729;1;30
5012;104789;29;3613;12
5013;104801;6163;17;30
5014;104831;281;373;18
5015;104849;143;733;30
5016;104879;71;1477;12
5017;104891;104849;1;42
5018;104933;104879;1;54
5019;104987;13;8075;12
5020;104999;25;4199;24
5021;105023;65;1615;48
5022;105071;3001;35;36
5023;105107;119;883;30
5024;105137;13;8087;6
5025;105143;15017;7;24
5026;105167;7;15023;6
5027;105173;15017;7;54
5028;105227;55;1913;12
5029;105239;105227;1;12
5030;105251;105239;1;12
5031;105263;67;1571;6
5032;105269;55;1913;54
5033;105323;21061;5;18
5034;105341;105323;1;18
5035;105359;41;2569;30
5036;105389;167;631;12
5037;105401;107;985;6
5038;105407;167;631;30
5039;105437;25;4217;12
5040;105449;19;5549;18
5041;105467;8111;13;24
5042;105491;43;2453;12
5043;105503;7;15071;6
5044;105509;105491;1;18
5045;105527;13;8117;6
5046;105533;105509;1;24
5047;105557;59;1789;6
5048;105563;3637;29;90
5049;105653;79;1337;30
5050;105683;35;3019;18
5051;105701;149;709;60
5052;105761;13;8135;6
5053;105767;251;421;96
5054;105863;97;1091;36
5055;105899;4603;23;30
5056;105929;59;1795;24
5057;105953;21187;5;18
5058;105971;21193;5;6
5059;105977;105971;1;6
5060;105983;105953;1;30
5061;106013;11;9637;6
5062;106019;23;4609;12
5063;106031;15137;7;72
5064;106103;17;6241;6
5065;106109;17;6241;12
5066;106121;47;2257;42
5067;106163;23;4615;18
5068;106181;25;4247;6
5069;106187;83;1279;30
5070;106217;83;1279;60
5071;106277;181;587;30
5072;106307;35;3037;12
5073;106319;106307;1;12
5074;106331;41;2593;18
5075;106349;106331;1;18
5076;106367;31;3431;6
5077;106373;89;1195;18
5078;106391;21277;5;6
5079;106397;106367;1;30
5080;106427;7;15203;6
5081;106433;21283;5;18
5082;106451;21283;5;36
5083;106487;106433;1;54
5084;106541;227;469;78
5085;106619;121;881;18
5086;106637;25;4265;12
5087;106649;106637;1;12
5088;106661;106619;1;42
5089;106703;19;5615;18
5090;106721;7;15245;6
5091;106727;35;3049;12
5092;106739;106727;1;12
5093;106751;106721;1;30
5094;106781;25;4271;6
5095;106787;106751;1;36
5096;106823;269;397;30
5097;106853;13;8219;6
5098;106859;13;8219;12
5099;106871;11;9715;6
5100;106877;8219;13;30
5101;106907;106877;1;30
5102;106937;13;8225;12
5103;106949;106937;1;12
5104;106961;229;467;18
5105;106979;106937;1;42
5106;107021;15287;7;12
5107;107033;15287;7;24
5108;107057;79;1355;12
5109;107069;3691;29;30
5110;107099;25;4283;24
5111;107123;4283;25;48
5112;107171;13;8243;12
5113;107183;21433;5;18
5114;107201;8243;13;42
5115;107243;3697;29;30
5116;107273;67;1601;6
5117;107279;4663;23;30
5118;107309;107279;1;30
5119;107339;121;887;12
5120;107351;7;15335;6
5121;107357;107273;1;84
5122;107441;103;1043;12
5123;107453;211;509;54
5124;107507;2903;37;96
5125;107603;7;15371;6
5126;107609;19;5663;12
5127;107621;245;439;66
5128;107687;7;15383;6
5129;107693;107687;1;6
5130;107699;15383;7;18
5131;107717;107693;1;24
5132;107741;29;3715;6
5133;107747;107717;1;30
5134;107777;107717;1;60
5135;107837;17;6343;6
5136;107843;137;787;24
5137;107867;13;8297;6
5138;107873;31;3479;24
5139;107897;7;15413;6
5140;107903;233;463;24
5141;107927;107903;1;24
5142;107951;9811;11;30
5143;107981;107;1009;18
5144;107999;9817;11;12
5145;108011;107999;1;12
5146;108023;21601;5;18
5147;108041;79;1367;48
5148;108089;67;1613;18
5149;108107;29;3727;24
5150;108131;15443;7;30
5151;108161;49;2207;18
5152;108179;19;5693;12
5153;108191;108179;1;12
5154;108203;53;2041;30
5155;108233;108203;1;30
5156;108263;6367;17;24
5157;108287;19;5699;6
5158;108293;6367;17;54
5159;108347;47;2305;12
5160;108359;6373;17;18
5161;108377;161;673;24
5162;108401;283;383;12
5163;108413;21673;5;48
5164;108461;4337;25;36
5165;108497;23;4717;6
5166;108503;67;1619;30
5167;108533;5711;19;24
5168;108557;41;2647;30
5169;108587;108497;1;90
5170;108677;77;1411;30
5171;108707;179;607;54
5172;108761;49;2219;30
5173;108791;29;3751;12
5174;108803;21757;5;18
5175;108821;7;15545;6
5176;108827;108791;1;36
5177;108863;7;15551;6
5178;108869;15551;7;12
5179;108881;13;8375;6
5180;108887;108881;1;6
5181;108893;108869;1;24
5182;108917;11;9901;6
5183;108923;108917;1;6
5184;108929;9901;11;18
5185;108947;21787;5;12
5186;108959;108947;1;12
5187;108971;79;1379;30
5188;109001;73;1493;12
5189;109013;73;1493;24
5190;109037;25;4361;12
5191;109049;25;4361;24
5192;109073;109049;1;24
5193;109097;43;2537;6
5194;109103;21817;5;18
5195;109121;13;8393;12
5196;109133;29;3763;6
5197;109139;77;1417;30
5198;109169;109139;1;30
5199;109199;13;8399;12
5200;109211;19;5747;18
5201;109229;21841;5;24
5202;109253;133;821;60
5203;109313;21859;5;18
5204;109331;21859;5;36
5205;109367;21871;5;12
5206;109379;109367;1;12
5207;109391;131;835;6
5208;109397;119;919;36
5209;109433;79;1385;18
5210;109451;109433;1;18
5211;109469;23;4759;12
5212;109481;53;2065;36
5213;109517;223;491;24
5214;109541;19;5765;6
5215;109547;41;2671;36
5216;109583;13;8429;6
5217;109589;89;1231;30
5218;109619;8429;13;42
5219;109661;19;5771;12
5220;109673;125;877;48
5221;109721;229;479;30
5222;109751;3539;31;42
5223;109793;41;2677;36
5224;109829;193;569;12
5225;109841;11;9985;6
5226;109847;55;1997;12
5227;109859;55;1997;24
5228;109883;37;2969;30
5229;109913;7;15701;6
5230;109919;97;1133;18
5231;109937;211;521;6
5232;109943;25;4397;18
5233;109961;109883;1;78
5234;110039;47;2341;12
5235;110051;110039;1;12
5236;110063;157;701;6
5237;110069;4783;23;60
5238;110129;85;1295;54
5239;110183;110129;1;54
5240;110237;307;359;24
5241;110261;41;2689;12
5242;110273;22051;5;18
5243;110291;110261;1;30
5244;110321;73;1511;18
5245;110339;110237;1;102
5246;110441;23;4801;18
5247;110459;110441;1;18
5248;110477;31;3563;24
5249;110501;110459;1;42
5250;110543;29;3811;24
5251;110567;11;10051;6
5252;110573;227;487;24
5253;110597;13;8507;6
5254;110603;110597;1;6
5255;110609;110567;1;42
5256;110651;15803;7;30
5257;110681;110651;1;30
5258;110711;29;3817;18
5259;110729;35;3163;24
5260;110753;22147;5;18
5261;110771;22153;5;6
5262;110777;91;1217;30
5263;110807;179;619;6
5264;110813;110807;1;6
5265;110819;49;2261;30
5266;110849;110819;1;30
5267;110879;110849;1;30
5268;110909;43;2579;12
5269;110921;7;15845;6
5270;110927;110921;1;6
5271;110933;110927;1;6
5272;110939;110927;1;12
5273;110951;110933;1;18
5274;110969;110909;1;60
5275;111029;149;745;24
5276;111053;2707;41;66
5277;111119;85;1307;24
5278;111143;13;8549;6
5279;111149;137;811;42
5280;111191;43;2585;36
5281;111227;111191;1;36
5282;111263;71;1567;6
5283;111269;10111;11;48
5284;111317;79;1409;6
5285;111323;113;985;18
5286;111341;7;15905;6
5287;111347;111263;1;84
5288;111431;77;1447;12
5289;111443;77;1447;24
5290;111467;111443;1;24
5291;111491;11;10135;6
5292;111497;55;2027;12
5293;111509;111497;1;12
5294;111521;111509;1;12
5295;111533;13;8579;6
5296;111539;111497;1;42
5297;111581;31;3599;12
5298;111593;7;15941;6
5299;111599;19;5873;12
5300;111611;111599;1;12
5301;111623;65;1717;18
5302;111641;37;3017;12
5303;111653;97;1151;6
5304;111659;133;839;72
5305;111731;89;1255;36
5306;111767;13;8597;6
5307;111773;111767;1;6
5308;111779;111767;1;12
5309;111791;8597;13;30
5310;111821;11;10165;6
5311;111827;111821;1;6
5312;111833;6577;17;24
5313;111857;37;3023;6
5314;111863;111857;1;6
5315;111869;22369;5;24
5316;111893;111833;1;60
5317;111953;11;10177;6
5318;111959;23;4867;18
5319;111977;61;1835;42
5320;112019;16001;7;12
5321;112031;47;2383;30
5322;112061;73;1535;6
5323;112067;199;563;30
5324;112097;7;16013;6
5325;112103;29;3865;18
5326;112121;112103;1;18
5327;112139;85;1319;24
5328;112163;55;2039;18
5329;112181;112163;1;18
5330;112199;25;4487;24
5331;112223;22441;5;18
5332;112241;22447;5;6
5333;112247;112241;1;6
5334;112253;41;2737;36
5335;112289;112247;1;42
5336;112331;25;4493;6
5337;112337;25;4493;12
5338;112349;112337;1;12
5339;112361;4493;25;36
5340;112397;167;673;6
5341;112403;4493;25;78
5342;112481;112403;1;78
5343;112559;241;467;12
5344;112571;47;2395;6
5345;112577;112571;1;6
5346;112583;112577;1;6
5347;112589;112577;1;12
5348;112601;112559;1;42
5349;112643;3217;35;48
5350;112691;85;1325;66
5351;112757;323;349;30
5352;112787;13;8675;12
5353;112799;277;407;60
5354;112859;19;5939;18
5355;112877;8681;13;24
5356;112901;16127;7;12
5357;112913;23;4909;6
5358;112919;331;341;48
5359;112967;19;5945;12
5360;112979;37;3053;18
5361;112997;16139;7;24
5362;113021;7;16145;6
5363;113027;35;3229;12
5364;113039;113027;1;12
5365;113051;113039;1;12
5366;113063;23;4915;18
5367;113081;19;5951;12
5368;113093;25;4523;18
5369;113111;22621;5;6
5370;113117;113111;1;6
5371;113123;107;1057;24
5372;113147;7;16163;6
5373;113153;113147;1;6
5374;113159;113147;1;12
5375;113171;13;8705;6
5376;113177;13;8705;12
5377;113189;65;1741;24
5378;113213;113147;1;66
5379;113279;199;569;48
5380;113327;67;1691;30
5381;113357;7;16193;6
5382;113363;22669;5;18
5383;113381;22669;5;36
5384;113417;113381;1;36
5385;113453;113417;1;36
5386;113489;13;8729;12
5387;113501;113489;1;12
5388;113513;113489;1;24
5389;113537;223;509;30
5390;113567;6679;17;24
5391;113591;16223;7;30
5392;113621;22717;5;36
5393;113657;253;449;60
5394;113717;13;8747;6
5395;113723;109;1043;36
5396;113759;107;1063;18
5397;113777;7;16253;6
5398;113783;6691;17;36
5399;113819;31;3671;18
5400;113837;89;1279;6
5401;113843;55;2069;48
5402;113891;263;433;12
5403;113903;7;16271;6
5404;113909;53;2149;12
5405;113921;113909;1;12
5406;113933;113909;1;24
5407;113957;17;6703;6
5408;113963;113957;1;6
5409;113969;307;371;72
5410;114041;151;755;36
5411;114077;37;3083;6
5412;114083;114077;1;6
5413;114089;35;3259;24
5414;114113;114083;1;30
5415;114143;25;4565;18
5416;114161;17;6715;6
5417;114167;311;367;30
5418;114197;7;16313;6
5419;114203;41;2785;18
5420;114221;127;899;48
5421;114269;13;8789;12
5422;114281;163;701;18
5423;114299;23;4969;12
5424;114311;37;3089;18
5425;114329;4969;23;42
5426;114371;89;1285;6
5427;114377;3943;29;30
5428;114407;137;835;12
5429;114419;114371;1;48
5430;114467;17;6733;6
5431;114473;114467;1;6
5432;114479;257;445;114
5433;114593;11;10417;6
5434;114599;149;769;18
5435;114617;114593;1;24
5436;114641;83;1381;18
5437;114659;13;8819;12
5438;114671;77;1489;18
5439;114689;71;1615;24
5440;114713;73;1571;30
5441;114743;7;16391;6
5442;114749;37;3101;12
5443;114761;114749;1;12
5444;114773;114749;1;24
5445;114797;55;2087;12
5446;114809;191;601;18
5447;114827;7;16403;6
5448;114833;325;353;108
5449;114941;8837;13;60
5450;115001;16427;7;12
5451;115013;19;6053;6
5452;115019;4999;23;42
5453;115061;23011;5;6
5454;115067;23011;5;12
5455;115079;16433;7;48
5456;115127;19;6059;6
5457;115133;23;5005;18
5458;115151;97;1187;12
5459;115163;55;2093;48
5460;115211;49;2351;12
5461;115223;229;503;36
5462;115259;137;841;42
5463;115301;43;2681;18
5464;115319;67;1721;12
5465;115331;7;16475;6
5466;115337;115331;1;6
5467;115343;25;4613;18
5468;115361;115301;1;60
5469;115421;113;1021;48
5470;115469;241;479;30
5471;115499;25;4619;24
5472;115523;115499;1;24
5473;115547;43;2687;6
5474;115553;35;3301;18
5475;115571;115553;1;18
5476;115589;19;6083;12
5477;115601;115589;1;12
5478;115613;61;1895;18
5479;115631;25;4625;6
5480;115637;61;1895;42
5481;115679;115631;1;48
5482;115727;97;1193;6
5483;115733;23143;5;18
5484;115751;7;16535;6
5485;115757;115751;1;6
5486;115763;115757;1;6
5487;115769;115757;1;12
5488;115781;115769;1;12
5489;115793;25;4631;18
5490;115811;43;2693;12
5491;115823;115793;1;30
5492;115853;31;3737;6
5493;115859;10531;11;18
5494;115877;7;16553;6
5495;115883;23173;5;18
5496;115901;16553;7;30
5497;115931;115883;1;48
5498;115979;47;2467;30
5499;116009;6823;17;18
5500;116027;3313;35;72
5501;116099;43;2699;42
5502;116141;53;2191;18
5503;116159;116141;1;18
5504;116177;35;3319;12
5505;116189;116177;1;12
5506;116201;116159;1;42
5507;116243;251;463;30
5508;116273;233;499;6
5509;116279;91;1277;72
5510;116351;293;397;30
5511;116381;7;16625;6
5512;116387;8951;13;24
5513;116411;17;6847;12
5514;116423;41;2839;24
5515;116447;116423;1;24
5516;116471;127;917;12
5517;116483;127;917;24
5518;116507;116483;1;24
5519;116531;25;4661;6
5520;116537;25;4661;12
5521;116549;8963;13;30
5522;116579;8963;13;60
5523;116639;139;839;18
5524;116657;157;743;6
5525;116663;41;2845;18
5526;116681;13;8975;6
5527;116687;253;461;54
5528;116741;37;3155;6
5529;116747;85;1373;42
5530;116789;53;2203;30
5531;116819;116789;1;30
5532;116849;19;6149;18
5533;116867;43;2717;36
5534;116903;59;1981;24
5535;116927;7;16703;6
5536;116933;10627;11;36
5537;116969;29;4033;12
5538;116981;116969;1;12
5539;116993;116969;1;24
5540;117017;17;6883;6
5541;117023;35;3343;18
5542;117041;10639;11;12
5543;117053;89;1315;18
5544;117071;117041;1;30
5545;117101;191;613;18
5546;117119;117071;1;48
5547;117167;9011;13;24
5548;117191;37;3167;12
5549;117203;163;719;6
5550;117209;37;3167;30
5551;117239;10657;11;12
5552;117251;59;1987;18
5553;117269;49;2393;12
5554;117281;59;1987;48
5555;117329;29;4045;24
5556;117353;31;3785;18
5557;117371;117353;1;18
5558;117389;23473;5;24
5559;117413;53;2215;18
5560;117431;7;16775;6
5561;117437;117431;1;6
5562;117443;117389;1;54
5563;117497;11;10681;6
5564;117503;97;1211;36
5565;117539;95;1237;24
5566;117563;16787;7;54
5567;117617;4703;25;42
5568;117659;71;1657;12
5569;117671;47;2503;30
5570;117701;117671;1;30
5571;117731;143;823;42
5572;117773;13;9059;6
5573;117779;16823;7;18
5574;117797;23557;5;12
5575;117809;23557;5;24
5576;117833;17;6931;6
5577;117839;17;6931;12
5578;117851;10711;11;30
5579;117881;43;2741;18
5580;117899;77;1531;12
5581;117911;23581;5;6
5582;117917;115;1025;42
5583;117959;59;1999;18
5584;117977;23593;5;12
5585;117989;59;1999;48
5586;118037;17;6943;6
5587;118043;25;4721;18
5588;118061;23599;5;66
5589;118127;269;439;36
5590;118163;13;9089;6
5591;118169;118127;1;42
5592;118211;145;815;36
5593;118247;317;373;6
5594;118253;118247;1;6
5595;118259;317;373;18
5596;118277;118211;1;66
5597;118343;25;4733;18
5598;118361;29;4081;12
5599;118373;6961;17;36
5600;118409;118361;1;48
5601;118457;31;3821;6
5602;118463;49;2417;30
5603;118493;118457;1;36
5604;118529;47;2521;42
5605;118571;16937;7;12
5606;118583;283;419;6
5607;118589;16937;7;30
5608;118619;283;419;42
5609;118661;59;2011;12
5610;118673;19;6245;18
5611;118691;118673;1;18
5612;118709;10789;11;30
5613;118739;49;2423;12
5614;118751;11;10795;6
5615;118757;49;2423;30
5616;118787;25;4751;12
5617;118799;4093;29;102
5618;118901;7;16985;6
5619;118907;118901;1;6
5620;118913;35;3397;18
5621;118931;43;2765;36
5622;118967;337;353;6
5623;118973;109;1091;54
5624;119027;7;17003;6
5625;119033;119027;1;6
5626;119039;49;2429;18
5627;119057;29;4105;12
5628;119069;47;2533;18
5629;119087;25;4763;12
5630;119099;119069;1;30
5631;119129;119099;1;30
5632;119159;23827;5;24
5633;119183;119129;1;54
5634;119237;7;17033;6
5635;119243;29;4111;24
5636;119267;119243;1;24
5637;119291;23857;5;6
5638;119297;77;1549;24
5639;119321;181;659;42
5640;119363;229;521;54
5641;119417;13;9185;12
5642;119429;43;2777;18
5643;119447;55;2171;42
5644;119489;23893;5;24
5645;119513;157;761;36
5646;119549;127;941;42
5647;119591;23911;5;36
5648;119627;37;3233;6
5649;119633;49;2441;24
5650;119657;119627;1;30
5651;119687;25;4787;12
5652;119699;25;4787;24
5653;119723;119699;1;24
5654;119747;35;3421;12
5655;119759;119747;1;12
5656;119771;119759;1;12
5657;119783;31;3863;30
5658;119813;19;6305;18
5659;119831;119813;1;18
5660;119849;5209;23;42
5661;119891;17123;7;30
5662;119921;313;383;42
5663;119963;23;5215;18
5664;119981;17;7057;12
5665;119993;25;4799;18
5666;120011;24001;5;6
5667;120017;119993;1;24
5668;120041;24007;5;6
5669;120047;120017;1;30
5670;120077;281;427;90
5671;120167;125;961;42
5672;120209;43;2795;24
5673;120233;7069;17;60
5674;120293;37;3251;6
5675;120299;109;1103;72
5676;120371;23;5233;12
5677;120383;19;6335;18
5678;120401;131;919;12
5679;120413;55;2189;18
5680;120431;131;919;42
5681;120473;43;2801;30
5682;120503;179;673;36
5683;120539;10957;11;12
5684;120551;24109;5;6
5685;120557;120551;1;6
5686;120563;120557;1;6
5687;120569;120551;1;18
5688;120587;120551;1;36
5689;120623;24121;5;18
5690;120641;23;5245;6
5691;120647;120623;1;24
5692;120671;24133;5;6
5693;120677;24133;5;12
5694;120689;24133;5;24
5695;120713;120689;1;24
5696;120737;25;4829;12
5697;120749;37;3263;18
5698;120767;24151;5;12
5699;120779;55;2195;54
5700;120833;73;1655;18
5701;120851;149;811;12
5702;120863;41;2947;36
5703;120899;109;1109;18
5704;120917;24181;5;12
5705;120929;120917;1;12
5706;120941;19;6365;6
5707;120947;120917;1;30
5708;120977;37;3269;24
5709;121001;7;17285;6
5710;121007;121001;1;6
5711;121013;121007;1;6
5712;121019;120977;1;42
5713;121061;11;11005;6
5714;121067;3457;35;72
5715;121139;59;2053;12
5716;121151;24229;5;6
5717;121157;24229;5;12
5718;121169;121157;1;12
5719;121181;4177;29;48
5720;121229;9323;13;30
5721;121259;17321;7;12
5722;121271;121259;1;12
5723;121283;73;1661;30
5724;121313;121283;1;30
5725;121343;67;1811;6
5726;121349;17333;7;18
5727;121367;13;9335;12
5728;121379;65;1867;24
5729;121403;55;2207;18
5730;121421;121403;1;18
5731;121439;167;727;30
5732;121469;61;1991;18
5733;121487;29;4189;6
5734;121493;5281;23;30
5735;121523;119;1021;24
5736;121547;7;17363;6
5737;121553;121547;1;6
5738;121559;121547;1;12
5739;121571;41;2965;6
5740;121577;121547;1;30
5741;121607;77;1579;24
5742;121631;7;17375;6
5743;121637;31;3923;24
5744;121661;125;973;36
5745;121697;281;433;24
5746;121721;11;11065;6
5747;121727;73;1667;36
5748;121763;67;1817;24
5749;121787;121721;1;66
5750;121853;9371;13;30
5751;121883;7;17411;6
5752;121889;53;2299;42
5753;121931;25;4877;6
5754;121937;25;4877;12
5755;121949;121931;1;18
5756;121967;121937;1;30
5757;121997;283;431;24
5758;122021;23;5305;6
5759;122027;122021;1;6
5760;122033;122027;1;6
5761;122039;122027;1;12
5762;122051;122033;1;18
5763;122069;13;9389;12
5764;122081;37;3299;18
5765;122099;122081;1;18
5766;122117;107;1141;30
5767;122147;83;1471;54
5768;122201;24439;5;6
5769;122207;24439;5;12
5770;122219;122207;1;12
5771;122231;24439;5;36
5772;122267;103;1187;6
5773;122273;122267;1;6
5774;122279;251;487;42
5775;122321;17;7195;6
5776;122327;299;409;36
5777;122363;17477;7;24
5778;122387;7;17483;6
5779;122393;122387;1;6
5780;122399;24469;5;54
5781;122453;47;2605;18
5782;122471;7;17495;6
5783;122477;35;3499;12
5784;122489;122477;1;12
5785;122501;11131;11;60
5786;122561;31;3953;18
5787;122579;122561;1;18
5788;122597;24517;5;12
5789;122609;73;1679;42
5790;122651;11149;11;12
5791;122663;17519;7;30
5792;122693;95;1291;48
5793;122741;31;3959;12
5794;122753;31;3959;24
5795;122777;43;2855;12
5796;122789;71;1729;30
5797;122819;122789;1;30
5798;122849;13;9449;12
5799;122861;24571;5;6
5800;122867;49;2507;24
5801;122891;122861;1;30
5802;122921;11173;11;18
5803;122939;122921;1;18
5804;122957;37;3323;6
5805;122963;89;1381;54
5806;123017;4919;25;42
5807;123059;41;3001;18
5808;123077;13;9467;6
5809;123083;17579;7;30
5810;123113;123083;1;30
5811;123143;3517;35;48
5812;123191;17597;7;12
5813;123203;349;353;6
5814;123209;17597;7;30
5815;123239;123209;1;30
5816;123269;9479;13;42
5817;123311;121;1019;12
5818;123323;35;3523;18
5819;123341;65;1897;36
5820;123377;293;421;24
5821;123401;23;5365;6
5822;123407;23;5365;12
5823;123419;17627;7;30
5824;123449;123419;1;30
5825;123479;311;397;12
5826;123491;123479;1;12
5827;123503;123479;1;24
5828;123527;123503;1;24
5829;123551;149;829;30
5830;123581;29;4261;12
5831;123593;131;943;60
5832;123653;11239;11;24
5833;123677;123653;1;24
5834;123701;11;11245;6
5835;123707;13;9515;12
5836;123719;123707;1;12
5837;123731;7;17675;6
5838;123737;17669;7;54
5839;123791;41;3019;12
5840;123803;19;6515;18
5841;123821;23;5383;12
5842;123833;123803;1;30
5843;123863;37;3347;24
5844;123887;123863;1;24
5845;123911;19;6521;12
5846;123923;24781;5;18
5847;123941;13;9533;12
5848;123953;123923;1;30
5849;123983;7;17711;6
5850;123989;89;1393;12
5851;124001;3541;35;66
5852;124067;71;1747;30
5853;124097;53;2341;24
5854;124121;79;1571;12
5855;124133;19;6533;6
5856;124139;124097;1;42
5857;124181;227;547;12
5858;124193;7;17741;6
5859;124199;67;1853;48
5860;124247;31;4007;30
5861;124277;7309;17;24
5862;124301;145;857;36
5863;124337;101;1231;6
5864;124343;124337;1;6
5865;124349;101;1231;18
5866;124367;197;631;60
5867;124427;11;11311;6
5868;124433;277;449;60
5869;124493;7321;17;36
5870;124529;41;3037;12
5871;124541;37;3365;36
5872;124577;67;1859;24
5873;124601;289;431;42
5874;124643;4297;29;30
5875;124673;59;2113;6
5876;124679;107;1165;24
5877;124703;55;2267;18
5878;124721;124703;1;18
5879;124739;53;2353;30
5880;124769;73;1709;12
5881;124781;124769;1;12
5882;124793;13;9599;6
5883;124799;25;4991;24
5884;124823;124799;1;24
5885;124847;127;983;6
5886;124853;124799;1;54
5887;124907;24979;5;12
5888;124919;17837;7;60
5889;124979;17;7351;12
5890;124991;124979;1;12
5891;125003;91;1373;60
5892;125063;97;1289;30
5893;125093;119;1051;24
5894;125117;125093;1;24
5895;125141;9623;13;42
5896;125183;25033;5;18
5897;125201;7;17885;6
5898;125207;35;3577;12
5899;125219;125207;1;12
5900;125231;125219;1;12
5901;125243;25;5009;18
5902;125261;125219;1;42
5903;125303;347;361;36
5904;125339;349;359;48
5905;125387;17;7375;12
5906;125399;25;5015;24
5907;125423;167;751;6
5908;125429;167;751;12
5909;125441;125429;1;12
5910;125453;25087;5;18
5911;125471;25087;5;36
5912;125507;125423;1;84
5913;125591;25117;5;6
5914;125597;17939;7;24
5915;125621;7;17945;6
5916;125627;35;3589;12
5917;125639;125627;1;12
5918;125651;73;1721;18
5919;125669;125651;1;18
5920;125687;17;7393;6
5921;125693;25;5027;18
5922;125711;31;4055;6
5923;125717;7393;17;36
5924;125753;59;2131;24
5925;125777;25153;5;12
5926;125789;25153;5;24
5927;125813;2131;59;84
5928;125897;11443;11;24
5929;125921;25183;5;6
5930;125927;125921;1;6
5931;125933;137;919;30
5932;125963;25183;5;48
5933;126011;163;773;12
5934;126023;29;4345;18
5935;126041;7;18005;6
5936;126047;7411;17;60
5937;126107;59;2137;24
5938;126131;43;2933;12
5939;126143;89;1417;30
5940;126173;301;419;54
5941;126227;113;1117;6
5942;126233;61;2069;24
5943;126257;77;1639;54
5944;126311;25261;5;6
5945;126317;126311;1;6
5946;126323;25261;5;18
5947;126341;126323;1;18
5948;126359;5051;25;84
5949;126443;25;5057;18
5950;126461;31;4079;12
5951;126473;35;3613;18
5952;126491;239;529;60
5953;126551;126491;1;60
5954;126611;91;1391;30
5955;126641;139;911;12
5956;126653;18089;7;30
5957;126683;126653;1;30
5958;126713;7;18101;6
5959;126719;25339;5;24
5960;126743;25;5069;18
5961;126761;25339;5;66
5962;126827;13;9755;12
5963;126839;126827;1;12
5964;126851;23;5515;6
5965;126857;307;413;66
5966;126923;126857;1;66
5967;126989;47;2701;42
5968;127031;25;5081;6
5969;127037;55;2309;42
5970;127079;25411;5;24
5971;127103;83;1531;30
5972;127133;7;18161;6
5973;127139;23;5527;18
5974;127157;43;2957;6
5975;127163;7477;17;54
5976;127217;31;4103;24
5977;127241;25447;5;6
5978;127247;29;4387;24
5979;127271;25453;5;6
5980;127277;25453;5;12
5981;127289;127277;1;12
5982;127301;127271;1;30
5983;127331;19;6701;12
5984;127343;7489;17;30
5985;127373;127343;1;30
5986;127403;275;463;78
5987;127481;25;5099;6
5988;127487;127481;1;6
5989;127493;11587;11;36
5990;127529;13;9809;12
5991;127541;59;2161;42
5992;127583;31;4115;18
5993;127601;13;9815;6
5994;127607;113;1129;30
5995;127637;7;18233;6
5996;127643;127637;1;6
5997;127649;7507;17;30
5998;127679;43;2969;12
5999;127691;127679;1;12
6000;127703;277;461;6
6001;127709;127691;1;18
6002;127727;11;11611;6
6003;127733;127727;1;6
6004;127739;35;3649;24
6005;127763;29;4405;18
6006;127781;145;881;36
6007;127817;95;1345;42
6008;127859;49;2609;18
6009;127877;49;2609;36
6010;127913;25579;5;18
6011;127931;53;2413;42
6012;127973;7;18281;6
6013;127979;41;3121;18
6014;127997;127973;1;24
6015;128021;18287;7;12
6016;128033;101;1267;66
6017;128099;23;5569;12
6018;128111;47;2725;36
6019;128147;13;9857;6
6020;128153;128147;1;6
6021;128159;7537;17;30
6022;128189;18311;7;12
6023;128201;128189;1;12
6024;128213;128189;1;24
6025;128237;128201;1;36
6026;128273;113;1135;18
6027;128291;73;1757;30
6028;128321;11;11665;6
6029;128327;55;2333;12
6030;128339;128327;1;12
6031;128351;4139;31;42
6032;128393;7;18341;6
6033;128399;18341;7;12
6034;128411;95;1351;66
6035;128477;7;18353;6
6036;128483;128477;1;6
6037;128489;6761;19;30
6038;128519;128489;1;30
6039;128549;107;1201;42
6040;128591;11689;11;12
6041;128603;25717;5;18
6042;128621;25717;5;36
6043;128657;127;1013;6
6044;128663;128657;1;6
6045;128669;55;2339;24
6046;128693;128669;1;24
6047;128717;247;521;30
6048;128747;217;593;66
6049;128813;7;18401;6
6050;128819;18401;7;12
6051;128831;25;5153;6
6052;128837;128813;1;24
6053;128861;79;1631;12
6054;128873;31;4157;6
6055;128879;25771;5;24
6056;128903;4157;31;36
6057;128939;229;563;12
6058;128951;113;1141;18
6059;128969;43;2999;12
6060;128981;7;18425;6
6061;128987;128981;1;6
6062;128993;25;5159;18
6063;129011;13;9923;12
6064;129023;4447;29;60
6065;129083;13;9929;6
6066;129089;83;1555;24
6067;129113;11;11737;6
6068;129119;11731;11;78
6069;129197;35;3691;12
6070;129209;129197;1;12
6071;129221;101;1279;42
6072;129263;25849;5;18
6073;129281;25;5171;6
6074;129287;129281;1;6
6075;129293;25849;5;48
6076;129341;25867;5;6
6077;129347;129293;1;54
6078;129401;109;1187;18
6079;129419;35;3697;24
6080;129443;7;18491;6
6081;129449;41;3157;12
6082;129461;347;373;30
6083;129491;19;6815;6
6084;129497;19;6815;12
6085;129509;129491;1;18
6086;129527;7;18503;6
6087;129533;129527;1;6
6088;129539;129497;1;42
6089;129581;25;5183;6
6090;129587;129581;1;6
6091;129593;7621;17;36
6092;129629;227;571;12
6093;129641;31;4181;30
6094;129671;55;2357;36
6095;129707;25939;5;12
6096;129719;143;907;18
6097;129737;25;5189;12
6098;129749;25939;5;54
6099;129803;129719;1;84
6100;129887;23;5647;6
6101;129893;61;2129;24
6102;129917;5647;23;36
6103;129953;199;653;6
6104;129959;199;653;12
6105;129971;77;1687;72
6106;130043;73;1781;30
6107;130073;7;18581;6
6108;130079;109;1193;42
6109;130121;53;2455;6
6110;130127;95;1369;72
6111;130199;211;617;12
6112;130211;130199;1;12
6113;130223;26041;5;18
6114;130241;11839;11;12
6115;130253;13;10019;6
6116;130259;130211;1;48
6117;130307;37;3521;30
6118;130337;47;2773;6
6119;130343;130337;1;6
6120;130349;47;2773;18
6121;130367;29;4495;12
6122;130379;130349;1;30
6123;130409;130379;1;30
6124;130439;41;3181;18
6125;130457;35;3727;12
6126;130469;3181;41;48
6127;130517;19;6869;6
6128;130523;37;3527;24
6129;130547;31;4211;6
6130;130553;130517;1;36
6131;130589;83;1573;30
6132;130619;131;997;12
6133;130631;130619;1;12
6134;130643;13;10049;6
6135;130649;203;643;120
6136;130769;53;2467;18
6137;130787;43;3041;24
6138;130811;26161;5;6
6139;130817;26161;5;12
6140;130829;130817;1;12
6141;130841;77;1699;18
6142;130859;331;395;114
6143;130973;127;1031;36
6144;131009;55;2381;54
6145;131063;26203;5;48
6146;131111;337;389;18
6147;131129;187;701;42
6148;131171;131129;1;42
6149;131213;19;6905;18
6150;131231;131213;1;18
6151;131249;131231;1;18
6152;131267;263;499;30
6153;131297;17;7723;6
6154;131303;31;4235;18
6155;131321;55;2387;36
6156;131357;11;11941;6
6157;131363;109;1205;18
6158;131381;131321;1;60
6159;131441;97;1355;6
6160;131447;143;919;30
6161;131477;26293;5;12
6162;131489;131477;1;12
6163;131501;7;18785;6
6164;131507;13;10115;12
6165;131519;35;3757;24
6166;131543;25;5261;18
6167;131561;103;1277;30
6168;131591;83;1585;36
6169;131627;55;2393;12
6170;131639;131591;1;48
6171;131687;49;2687;24
6172;131711;49;2687;48
6173;131759;29;4543;12
6174;131771;19;6935;6
6175;131777;131771;1;6
6176;131783;10133;13;54
6177;131837;25;5273;12
6178;131849;131837;1;12
6179;131861;37;3563;30
6180;131891;18839;7;18
6181;131909;131891;1;18
6182;131927;29;4549;6
6183;131933;131927;1;6
6184;131939;131909;1;30
6185;131969;131891;1;78
6186;132047;26407;5;12
6187;132059;132047;1;12
6188;132071;4259;31;42
6189;132113;5743;23;24
6190;132137;59;2239;36
6191;132173;132113;1;60
6192;132233;77;1717;24
6193;132257;7;18893;6
6194;132263;223;593;24
6195;132287;13;10175;12
6196;132299;4561;29;30
6197;132329;43;3077;18
6198;132347;113;1171;24
6199;132371;107;1237;12
6200;132383;132329;1;54
6201;132437;132383;1;54
6202;132491;59;2245;36
6203;132527;89;1489;6
6204;132533;295;449;78
6205;132611;97;1367;12
6206;132623;97;1367;24
6207;132647;55;2411;42
6208;132689;19;6983;12
6209;132701;26539;5;6
6210;132707;65;2041;42
6211;132749;121;1097;12
6212;132761;132689;1;72
6213;132833;101;1315;18
6214;132851;163;815;6
6215;132857;132851;1;6
6216;132863;49;2711;24
6217;132887;7;18983;6
6218;132893;25;5315;18
6219;132911;132893;1;18
6220;132929;132911;1;18
6221;132947;37;3593;6
6222;132953;55;2417;18
6223;132971;132953;1;18
6224;132989;29;4585;24
6225;133013;132953;1;60
6226;133073;83;1603;24
6227;133097;7;19013;6
6228;133103;133097;1;6
6229;133109;133097;1;12
6230;133121;43;3095;36
6231;133157;31;4295;12
6232;133169;47;2833;18
6233;133187;77;1729;54
6234;133241;17;7837;12
6235;133253;26647;5;18
6236;133271;11;12115;6
6237;133277;133271;1;6
6238;133283;7013;19;36
6239;133319;137;973;18
6240;133337;25;5333;12
6241;133349;133319;1;30
6242;133379;13;10259;12
6243;133391;133379;1;12
6244;133403;10259;13;36
6245;133439;49;2723;12
6246;133451;101;1321;30
6247;133481;23;5803;12
6248;133493;29;4603;6
6249;133499;317;421;42
6250;133541;10271;13;18
6251;133559;83;1609;12
6252;133571;133559;1;12
6253;133583;85;1571;48
6254;133631;53;2521;18
6255;133649;25;5345;24
6256;133673;26731;5;18
6257;133691;26737;5;6
6258;133697;26737;5;12
6259;133709;26737;5;24
6260;133733;133697;1;36
6261;133769;13;10289;12
6262;133781;131;1021;30
6263;133811;133769;1;42
6264;133853;37;3617;24
6265;133877;65;2059;42
6266;133919;31;4319;30
6267;133949;19;7049;18
6268;133967;73;1835;12
6269;133979;55;2435;54
6270;134033;101;1327;6
6271;134039;47;2851;42
6272;134081;25;5363;6
6273;134087;134081;1;6
6274;134093;77;1741;36
6275;134129;26821;5;24
6276;134153;139;965;18
6277;134171;26833;5;6
6278;134177;221;607;30
6279;134207;67;2003;6
6280;134213;134207;1;6
6281;134219;26839;5;24
6282;134243;26839;5;48
6283;134291;55;2441;36
6284;134327;11;12211;6
6285;134333;134327;1;6
6286;134339;26863;5;24
6287;134363;29;4633;6
6288;134369;134339;1;30
6289;134399;10337;13;18
6290;134417;134363;1;54
6291;134471;187;719;18
6292;134489;134471;1;18
6293;134507;19;7079;6
6294;134513;115;1169;78
6295;134591;11;12235;6
6296;134597;55;2447;12
6297;134609;59;2281;30
6298;134639;134609;1;30
6299;134669;17;7921;12
6300;134681;311;433;18
6301;134699;89;1513;42
6302;134741;19;7091;12
6303;134753;133;1013;24
6304;134777;26953;5;12
6305;134789;91;1481;18
6306;134807;134777;1;30
6307;134837;134807;1;30
6308;134867;17;7933;6
6309;134873;134837;1;36
6310;134909;49;2753;12
6311;134921;43;3137;30
6312;134951;313;431;48
6313;134999;77;1753;18
6314;135017;13;10385;12
6315;135029;134999;1;30
6316;135059;83;1627;18
6317;135077;17;7945;12
6318;135089;135077;1;12
6319;135101;10391;13;18
6320;135119;19301;7;12
6321;135131;135089;1;42
6322;135173;43;3143;24
6323;135197;19;7115;12
6324;135209;135197;1;12
6325;135221;95;1423;36
6326;135257;19319;7;24
6327;135281;19319;7;48
6328;135329;12301;11;18
6329;135347;41;3301;6
6330;135353;91;1487;36
6331;135389;135347;1;42
6332;135431;19;7127;18
6333;135449;167;811;12
6334;135461;27091;5;6
6335;135467;27091;5;12
6336;135479;135461;1;18
6337;135497;135461;1;36
6338;135533;49;2765;48
6339;135581;107;1267;12
6340;135593;41;3307;6
6341;135599;135581;1;18
6342;135617;7;19373;6
6343;135623;135599;1;24
6344;135647;135623;1;24
6345;135671;59;2299;30
6346;135701;241;563;18
6347;135719;13;10439;12
6348;135731;135719;1;12
6349;135743;27127;5;108
6350;135851;115;1181;36
6351;135887;17;7993;6
6352;135893;135887;1;6
6353;135899;135887;1;12
6354;135911;135893;1;18
6355;135929;7993;17;48
6356;135977;10457;13;36
6357;136013;323;421;30
6358;136043;10463;13;24
6359;136067;307;443;66
6360;136133;197;691;6
6361;136139;35;3889;24
6362;136163;136133;1;30
6363;136193;12379;11;24
6364;136217;19;7169;6
6365;136223;19457;7;24
6366;136247;136217;1;30
6367;136277;55;2477;42
6368;136319;12391;11;18
6369;136337;13;10487;6
6370;136343;19;7175;18
6371;136361;59;2311;12
6372;136373;7;19481;6
6373;136379;136361;1;18
6374;136397;17;8023;6
6375;136403;27277;5;18
6376;136421;136379;1;42
6377;136463;29;4705;18
6378;136481;101;1351;30
6379;136511;12409;11;12
6380;136523;23;5935;18
6381;136541;7;19505;6
6382;136547;35;3901;12
6383;136559;211;647;42
6384;136601;17;8035;6
6385;136607;55;2483;42
6386;136649;136607;1;42
6387;136691;97;1409;18
6388;136709;136691;1;18
6389;136727;13;10517;6
6390;136733;136727;1;6
6391;136739;136727;1;12
6392;136751;136733;1;18
6393;136769;136727;1;42
6394;136811;313;437;30
6395;136841;61;2243;18
6396;136859;27367;5;24
6397;136883;13;10529;6
6398;136889;27367;5;54
6399;136943;37;3701;6
6400;136949;25;5477;24
6401;136973;29;4723;6
6402;136979;29;4723;12
6403;136991;131;1045;96
6404;137087;59;2323;30
6405;137117;137087;1;30
6406;137147;29;4729;6
6407;137153;241;569;24
6408;137177;229;599;6
6409;137183;35;3919;18
6410;137201;137183;1;18
6411;137219;3919;35;54
6412;137273;13;10559;6
6413;137279;97;1415;24
6414;137303;27457;5;18
6415;137321;137303;1;18
6416;137339;29;4735;24
6417;137363;11;12487;6
6418;137369;19;7229;18
6419;137387;37;3713;6
6420;137393;137387;1;6
6421;137399;7229;19;48
6422;137447;167;823;6
6423;137453;53;2593;24
6424;137477;23;5977;6
6425;137483;73;1883;24
6426;137507;107;1285;12
6427;137519;91;1511;18
6428;137537;137507;1;30
6429;137567;151;911;6
6430;137573;263;523;24
6431;137597;151;911;36
6432;137633;7;19661;6
6433;137639;247;557;60
6434;137699;25;5507;24
6435;137723;5507;25;48
6436;137771;59;2335;6
6437;137777;137723;1;54
6438;137831;10601;13;18
6439;137849;137831;1;18
6440;137867;89;1549;6
6441;137873;49;2813;36
6442;137909;10607;13;18
6443;137927;7;19703;6
6444;137933;137909;1;24
6445;137957;61;2261;36
6446;137993;43;3209;6
6447;137999;137957;1;42
6448;138041;83;1663;12
6449;138053;7;19721;6
6450;138059;13;10619;12
6451;138071;53;2605;6
6452;138077;138053;1;24
6453;138101;71;1945;6
6454;138107;138101;1;6
6455;138113;12553;11;30
6456;138143;138107;1;36
6457;138179;31;4457;12
6458;138191;29;4765;6
6459;138197;29;4765;12
6460;138209;138179;1;30
6461;138239;17;8131;12
6462;138251;138191;1;60
6463;138311;23;6013;12
6464;138323;5531;25;48
6465;138371;31;4463;18
6466;138389;19;7283;12
6467;138401;89;1555;6
6468;138407;27673;5;42
6469;138449;13;10649;12
6470;138461;49;2825;36
6471;138497;289;479;66
6472;138563;127;1091;6
6473;138569;127;1091;12
6474;138581;23;6025;6
6475;138587;23;6025;12
6476;138599;138581;1;18
6477;138617;19;7295;12
6478;138629;138617;1;12
6479;138641;7;19805;6
6480;138647;12601;11;36
6481;138683;85;1631;48
6482;138731;27733;5;66
6483;138797;73;1901;24
6484;138821;107;1297;42
6485;138863;191;727;6
6486;138869;35;3967;24
6487;138893;7;19841;6
6488;138899;29;4789;18
6489;138917;31;4481;6
6490;138923;19841;7;36
6491;138959;187;743;18
6492;138977;19841;7;90
6493;139067;29;4795;12
6494;139079;139067;1;12
6495;139091;47;2959;18
6496;139109;31;4487;12
6497;139121;139109;1;12
6498;139133;217;641;36
6499;139169;227;613;18
6500;139187;19;7325;12
6501;139199;3761;37;42
6502;139241;337;413;60
6503;139301;19;7331;12
6504;139313;31;4493;30
6505;139343;25;5573;18
6506;139361;47;2965;6
6507;139367;53;2629;30
6508;139397;61;2285;12
6509;139409;37;3767;30
6510;139439;107;1303;18
6511;139457;67;2081;30
6512;139487;101;1381;6
6513;139493;25;5579;18
6514;139511;175;797;36
6515;139547;41;3403;24
6516;139571;8209;17;18
6517;139589;19937;7;30
6518;139619;4813;29;42
6519;139661;125;1117;36
6520;139697;163;857;6
6521;139703;139697;1;6
6522;139709;139697;1;12
6523;139721;139703;1;18
6524;139739;163;857;48
6525;139787;139703;1;84
6526;139871;17;8227;12
6527;139883;55;2543;18
6528;139901;7;19985;6
6529;139907;139871;1;36
6530;139943;47;2977;24
6531;139967;139943;1;24
6532;139991;19;7367;18
6533;140009;8233;17;48
6534;140057;37;3785;12
6535;140069;4517;31;42
6536;140111;29;4831;12
6537;140123;73;1919;36
6538;140159;20021;7;12
6539;140171;17;8245;6
6540;140177;20021;7;30
6541;140207;140177;1;30
6542;140237;25;5609;12
6543;140249;157;893;48
6544;140297;29;4837;24
6545;140321;13;10793;12
6546;140333;11;12757;6
6547;140339;12757;11;12
6548;140351;140339;1;12
6549;140363;28069;5;18
6550;140381;140351;1;30
6551;140411;28081;5;6
6552;140417;140411;1;6
6553;140423;12763;11;30
6554;140453;361;389;24
6555;140477;28081;5;72
6556;140549;28099;5;54
6557;140603;257;547;24
6558;140627;28123;5;12
6559;140639;28123;5;24
6560;140663;23;6115;18
6561;140681;115;1223;36
6562;140717;107;1315;12
6563;140729;140717;1;12
6564;140741;121;1163;18
6565;140759;107;1315;54
6566;140813;29;4855;18
6567;140831;25;5633;6
6568;140837;139;1013;30
6569;140867;127;1109;24
6570;140891;19;7415;6
6571;140897;19;7415;12
6572;140909;8287;17;30
6573;140939;143;985;84
6574;141023;28201;5;18
6575;141041;8293;17;60
6576;141101;28219;5;6
6577;141107;43;3281;24
6578;141131;141101;1;30
6579;141161;29;4867;18
6580;141179;191;739;30
6581;141209;23;6139;12
6582;141221;141209;1;12
6583;141233;141209;1;24
6584;141257;11;12841;6
6585;141263;141257;1;6
6586;141269;7433;19;42
6587;141311;141269;1;42
6588;141353;107;1321;6
6589;141359;107;1321;12
6590;141371;47;3007;42
6591;141413;12853;11;30
6592;141443;25;5657;18
6593;141461;5657;25;36
6594;141497;28297;5;12
6595;141509;10883;13;30
6596;141539;307;461;12
6597;141551;55;2573;36
6598;141587;141551;1;36
6599;141623;7;20231;6
6600;141629;127;1115;24
6601;141653;65;2179;18
6602;141671;29;4885;6
6603;141677;29;4885;12
6604;141689;141671;1;18
6605;141707;17;8335;12
6606;141719;141707;1;12
6607;141731;31;4571;30
6608;141761;28351;5;6
6609;141767;141761;1;6
6610;141773;20249;7;30
6611;141803;141773;1;30
6612;141833;113;1255;18
6613;141851;29;4891;12
6614;141863;109;1301;54
6615;141917;47;3019;24
6616;141941;347;409;18
6617;141959;13;10919;12
6618;141971;28387;5;36
6619;142007;35;4057;12
6620;142019;142007;1;12
6621;142031;29;4897;18
6622;142049;103;1379;12
6623;142061;28411;5;6
6624;142067;103;1379;30
6625;142097;349;407;54
6626;142151;28429;5;6
6627;142157;28429;5;12
6628;142169;28429;5;24
6629;142193;25;5687;18
6630;142211;7;20315;6
6631;142217;142211;1;6
6632;142223;55;2585;48
6633;142271;142223;1;48
6634;142319;2903;49;72
6635;142391;173;823;12
6636;142403;28477;5;18
6637;142421;7;20345;6
6638;142427;142421;1;6
6639;142433;131;1087;36
6640;142469;8377;17;60
6641;142529;83;1717;18
6642;142547;7;20363;6
6643;142553;142547;1;6
6644;142559;142529;1;30
6645;142589;23;6199;12
6646;142601;19;7505;6
6647;142607;19;7505;12
6648;142619;28513;5;54
6649;142673;10973;13;24
6650;142697;331;431;36
6651;142733;29;4921;24
6652;142757;10979;13;30
6653;142787;25;5711;12
6654;142799;142787;1;12
6655;142811;71;2011;30
6656;142841;142811;1;30
6657;142871;49;2915;36
6658;142907;28573;5;42
6659;142949;25;5717;24
6660;142973;11;12997;6
6661;142979;28579;5;84
6662;143063;13003;11;30
6663;143093;25;5723;18
6664;143111;199;719;30
6665;143141;8419;17;18
6666;143159;143141;1;18
6667;143177;143111;1;66
6668;143243;227;631;6
6669;143249;227;631;12
6670;143261;319;449;30
6671;143291;143249;1;42
6672;143333;139;1031;24
6673;143357;8431;17;30
6674;143387;1861;77;90
6675;143477;53;2707;6
6676;143483;143477;1;6
6677;143489;143477;1;12
6678;143501;143489;1;12
6679;143513;7;20501;6
6680;143519;143501;1;18
6681;143537;83;1729;30
6682;143567;11;13051;6
6683;143573;143537;1;36
6684;143609;143567;1;42
6685;143651;71;2023;18
6686;143669;143651;1;18
6687;143687;25;5747;12
6688;143699;143687;1;12
6689;143711;13063;11;18
6690;143729;143651;1;78
6691;143807;7;20543;6
6692;143813;28759;5;18
6693;143831;53;2713;42
6694;143873;47;3061;6
6695;143879;67;2147;30
6696;143909;8461;17;72
6697;143981;19;7577;18
6698;143999;203;709;72
6699;144071;143981;1;90
6700;144161;11;13105;6
6701;144167;144161;1;6
6702;144173;61;2363;30
6703;144203;2719;53;96
6704;144299;13;11099;12
6705;144311;144299;1;12
6706;144323;19;7595;18
6707;144341;144299;1;42
6708;144383;241;599;24
6709;144407;197;733;6
6710;144413;65;2221;48
6711;144461;41;3523;18
6712;144479;144461;1;18
6713;144497;167;865;42
6714;144539;35;4129;24
6715;144563;7;20651;6
6716;144569;28909;5;24
6717;144593;25;5783;18
6718;144611;144593;1;18
6719;144629;49;2951;30
6720;144659;19;7613;12
6721;144671;20663;7;30
6722;144701;77;1879;18
6723;144719;37;3911;12
6724;144731;7;20675;6
6725;144737;144701;1;36
6726;144773;7;20681;6
6727;144779;20681;7;12
6728;144791;53;2731;48
6729;144839;144791;1;48
6730;144887;19;7625;12
6731;144899;13171;11;18
6732;144917;49;2957;24
6733;144941;144899;1;42
6734;144983;8527;17;24
6735;145007;144983;1;24
6736;145031;25;5801;6
6737;145037;145031;1;6
6738;145043;235;617;48
6739;145091;239;607;18
6740;145109;373;389;12
6741;145121;145109;1;12
6742;145133;103;1409;6
6743;145139;29017;5;54
6744;145193;145133;1;60
6745;145253;337;431;6
6746;145259;31;4685;24
6747;145283;11;13207;6
6748;145289;20753;7;18
6749;145307;85;1709;42
6750;145349;23;6319;12
6751;145361;7649;19;30
6752;145391;145349;1;42
6753;145433;127;1145;18
6754;145451;79;1841;12
6755;145463;79;1841;24
6756;145487;145463;1;24
6757;145511;29101;5;6
6758;145517;145487;1;30
6759;145547;145517;1;30
6760;145577;35;4159;12
6761;145589;145577;1;12
6762;145601;4159;35;36
6763;145637;137;1063;6
6764;145643;25;5825;18
6765;145661;145643;1;18
6766;145679;29131;5;24
6767;145703;53;2749;6
6768;145709;53;2749;12
6769;145721;29137;5;36
6770;145757;151;965;42
6771;145799;25;5831;24
6772;145823;7;20831;6
6773;145829;3389;43;102
6774;145931;79;1847;18
6775;145949;145931;1;18
6776;145967;20849;7;24
6777;145991;61;2393;18
6778;146009;83;1759;12
6779;146021;146009;1;12
6780;146033;19;7685;18
6781;146051;29209;5;6
6782;146057;146051;1;6
6783;146063;146033;1;30
6784;146093;347;421;6
6785;146099;221;661;18
6786;146117;146093;1;24
6787;146141;77;1897;72
6788;146213;127;1151;36
6789;146249;25;5849;24
6790;146273;29251;5;18
6791;146291;17;8605;6
6792;146297;17;8605;12
6793;146309;146249;1;60
6794;146369;19;7703;12
6795;146381;29269;5;36
6796;146417;41;3571;6
6797;146423;146369;1;54
6798;146477;6367;23;36
6799;146513;239;613;6
6800;146519;83;1765;24
6801;146543;107;1369;60
6802;146603;11;13327;6
6803;146609;6373;23;30
6804;146639;146609;1;30
6805;146669;41;3577;12
6806;146681;1543;95;96
6807;146777;101;1453;24
6808;146801;11;13345;6
6809;146807;17;8635;12
6810;146819;146801;1;18
6811;146837;359;409;6
6812;146843;146837;1;6
6813;146849;146807;1;42
6814;146891;79;1859;30
6815;146921;31;4739;12
6816;146933;191;769;54
6817;146987;281;523;24
6818;147011;23;6391;18
6819;147029;147011;1;18
6820;147047;147011;1;36
6821;147083;7;21011;6
6822;147089;61;2411;18
6823;147107;21011;7;30
6824;147137;65;2263;42
6825;147179;21023;7;18
6826;147197;29437;5;12
6827;147209;147197;1;12
6828;147221;29443;5;6
6829;147227;13381;11;36
6830;147263;5077;29;30
6831;147293;7;21041;6
6832;147299;53;2779;12
6833;147311;31;4751;30
6834;147341;79;1865;6
6835;147347;147341;1;6
6836;147353;91;1619;24
6837;147377;147353;1;24
6838;147401;19;7757;18
6839;147419;13399;11;30
6840;147449;205;719;54
6841;147503;55;2681;48
6842;147551;23;6415;6
6843;147557;133;1109;60
6844;147617;53;2785;12
6845;147629;19;7769;18
6846;147647;21089;7;24
6847;147671;31;4763;18
6848;147689;29527;5;54
6849;147743;19;7775;18
6850;147761;21107;7;12
6851;147773;107;1381;6
6852;147779;97;1523;48
6853;147827;43;3437;36
6854;147863;29569;5;18
6855;147881;2687;55;96
6856;147977;239;619;36
6857;148013;101;1465;48
6858;148061;43;3443;12
6859;148073;19;7793;6
6860;148079;19;7793;12
6861;148091;21149;7;48
6862;148139;49;3023;12
6863;148151;29629;5;6
6864;148157;8713;17;36
6865;148193;13;11399;6
6866;148199;61;2429;30
6867;148229;148157;1;72
6868;148301;67;2213;30
6869;148331;148301;1;30
6870;148361;29671;5;6
6871;148367;148331;1;36
6872;148403;148367;1;36
6873;148439;49;3029;18
6874;148457;55;2699;12
6875;148469;49;3029;48
6876;148517;148367;1;150
6877;148667;13513;11;24
6878;148691;47;3163;30
6879;148721;7;21245;6
6880;148727;148691;1;36
6881;148763;71;2095;18
6882;148781;31;4799;12
6883;148793;31;4799;24
6884;148817;29761;5;12
6885;148829;29761;5;24
6886;148853;73;2039;6
6887;148859;29761;5;54
6888;148913;97;1535;18
6889;148931;148913;1;18
6890;148949;17;8761;12
6891;148961;148931;1;30
6892;148991;83;1795;6
6893;148997;29;5137;24
6894;149021;29803;5;6
6895;149027;149021;1;6
6896;149033;49;3041;24
6897;149057;13;11465;12
6898;149069;107;1393;18
6899;149087;25;5963;12
6900;149099;149087;1;12
6901;149111;149069;1;42
6902;149153;29;5143;6
6903;149159;35;4261;24
6904;149183;149153;1;30
6905;149213;101;1477;36
6906;149249;299;499;48
6907;149297;73;2045;12
6908;149309;73;2045;24
6909;149333;29863;5;18
6910;149351;271;551;30
6911;149381;37;4037;12
6912;149393;7;21341;6
6913;149399;21341;7;12
6914;149411;29881;5;6
6915;149417;149411;1;6
6916;149423;29881;5;18
6917;149441;149423;1;18
6918;149459;21347;7;30
6919;149489;149459;1;30
6920;149519;47;3181;12
6921;149531;149519;1;12
6922;149543;25;5981;18
6923;149561;149543;1;18
6924;149579;35;4273;24
6925;149603;149579;1;24
6926;149627;149543;1;84
6927;149711;79;1895;6
6928;149717;79;1895;12
6929;149729;31;4829;30
6930;149759;13;11519;12
6931;149771;79;1895;66
6932;149837;37;4049;24
6933;149861;17;8815;6
6934;149867;149861;1;6
6935;149873;149837;1;36
6936;149909;13627;11;12
6937;149921;169;887;18
6938;149939;149909;1;30
6939;149969;29989;5;24
6940;149993;25;5999;18
6941;150011;83;1807;30
6942;150041;23;6523;12
6943;150053;253;593;24
6944;150077;31;4841;6
6945;150083;150077;1;6
6946;150089;31;4841;18
6947;150107;150083;1;24
6948;150131;30013;5;66
6949;150197;29;5179;6
6950;150203;150197;1;6
6951;150209;150197;1;12
6952;150221;150203;1;18
6953;150239;5179;29;48
6954;150287;25;6011;12
6955;150299;25;6011;24
6956;150323;191;787;6
6957;150329;67;2243;48
6958;150377;13;11567;6
6959;150383;29;5185;18
6960;150401;7;21485;6
6961;150407;150401;1;6
6962;150413;35;4297;18
6963;150431;101;1489;42
6964;150473;71;2119;24
6965;150497;11;13681;6
6966;150503;150473;1;30
6967;150533;30103;5;18
6968;150551;30103;5;36
6969;150587;137;1099;24
6970;150611;7;21515;6
6971;150617;95;1585;42
6972;150659;150611;1;48
6973;150707;8863;17;36
6974;150743;6553;23;24
6975;150767;55;2741;12
6976;150779;150767;1;12
6977;150791;53;2845;6
6978;150797;150767;1;30
6979;150827;11;13711;6
6980;150833;150797;1;36
6981;150869;23;6559;12
6982;150881;150869;1;12
6983;150893;161;937;36
6984;150929;21557;7;30
6985;150959;150929;1;30
6986;150989;223;677;18
6987;151007;31;4871;6
6988;151013;83;1819;36
6989;151049;151007;1;42
6990;151091;5209;29;30
6991;151121;41;3685;36
6992;151157;7;21593;6
6993;151163;151157;1;6
6994;151169;2477;61;72
6995;151241;7;21605;6
6996;151247;151241;1;6
6997;151253;59;2563;36
6998;151289;151241;1;48
6999;151337;41;3691;6
7000;151343;103;1469;36
7001;151379;37;4091;12
7002;151391;13;11645;6
7003;151397;49;3089;36
7004;151433;55;2753;18
7005;151451;301;503;48
7006;151499;47;3223;18
7007;151517;127;1193;6
7008;151523;197;769;30
7009;151553;151499;1;54
7010;151607;29;5227;24
7011;151631;25;6065;6
7012;151637;151631;1;6
7013;151643;107;1417;24
7014;151667;43;3527;6
7015;151673;151643;1;30
7016;151703;151673;1;30
7017;151733;91;1667;36
7018;151769;263;577;18
7019;151787;13;11675;12
7020;151799;21683;7;18
7021;151817;8929;17;24
7022;151841;30367;5;6
7023;151847;41;3703;24
7024;151871;181;839;12
7025;151883;35;4339;18
7026;151901;4339;35;36
7027;151937;21701;7;30
7028;151967;169;899;36
7029;152003;379;401;24
7030;152027;30403;5;12
7031;152039;30403;5;24
7032;152063;47;3235;18
7033;152081;41;3709;12
7034;152093;25;6083;18
7035;152111;17;8947;12
7036;152123;389;391;24
7037;152147;152111;1;36
7038;152183;43;3539;6
7039;152189;65;2341;24
7040;152213;11;13837;6
7041;152219;101;1507;12
7042;152231;152213;1;18
7043;152249;152231;1;18
7044;152267;6619;23;30
7045;152297;152231;1;66
7046;152363;30469;5;18
7047;152381;21767;7;12
7048;152393;21767;7;24
7049;152417;7;21773;6
7050;152423;152417;1;6
7051;152429;152417;1;12
7052;152441;152423;1;18
7053;152459;152417;1;42
7054;152501;139;1097;18
7055;152519;17;8971;12
7056;152531;4357;35;36
7057;152567;49;3113;30
7058;152597;65;2347;42
7059;152639;21803;7;18
7060;152657;59;2587;24
7061;152681;30529;5;36
7062;152717;13;11747;6
7063;152723;152717;1;6
7064;152729;35;4363;24
7065;152753;152729;1;24
7066;152777;227;673;6
7067;152783;21821;7;36
7068;152819;29;5269;18
7069;152837;7;21833;6
7070;152843;41;3727;36
7071;152879;31;4931;18
7072;152897;30577;5;12
7073;152909;152879;1;30
7074;152939;152897;1;42
7075;152981;19;8051;12
7076;152993;109;1403;66
7077;153059;31;4937;12
7078;153071;11;13915;6
7079;153077;23;6655;12
7080;153089;153071;1;18
7081;153107;13;11777;6
7082;153113;153089;1;24
7083;153137;133;1151;54
7084;153191;153113;1;78
7085;153269;13;11789;12
7086;153281;25;6131;6
7087;153287;9013;17;66
7088;153353;89;1723;6
7089;153359;89;1723;12
7090;153371;65;2359;36
7091;153407;21911;7;30
7092;153437;71;2161;6
7093;153443;153437;1;6
7094;153449;157;977;60
7095;153509;29;5293;12
7096;153521;153509;1;12
7097;153533;153509;1;24
7098;153557;97;1583;6
7099;153563;30703;5;48
7100;153611;269;571;12
7101;153623;31;4955;18
7102;153641;13963;11;48
7103;153689;239;643;12
7104;153701;313;491;18
7105;153719;59;2605;24
7106;153743;47;3271;6
7107;153749;153611;1;138
7108;153887;251;613;24
7109;153911;23;6691;18
7110;153929;149;1033;12
7111;153941;17;9055;6
7112;153947;153941;1;6
7113;153953;30781;5;48
7114;154001;169;911;42
7115;154043;25;6161;18
7116;154061;11;14005;6
7117;154067;154061;1;6
7118;154073;154067;1;6
7119;154079;154061;1;18
7120;154097;154067;1;30
7121;154127;154097;1;30
7122;154157;97;1589;24
7123;154181;139;1109;30
7124;154211;29;5317;18
7125;154229;154211;1;18
7126;154247;22031;7;30
7127;154277;43;3587;36
7128;154313;379;407;60
7129;154373;8123;19;36
7130;154409;317;487;30
7131;154439;61;2531;48
7132;154487;241;641;6
7133;154493;83;1861;30
7134;154523;167;925;48
7135;154571;22079;7;18
7136;154589;95;1627;24
7137;154613;349;443;6
7138;154619;35;4417;24
7139;154643;154619;1;24
7140;154667;154643;1;24
7141;154691;30931;5;36
7142;154727;7;22103;6
7143;154733;37;4181;36
7144;154769;9103;17;18
7145;154787;25;6191;12
7146;154799;25;6191;24
7147;154823;35;4423;18
7148;154841;149;1039;30
7149;154871;47;3295;6
7150;154877;154871;1;6
7151;154883;107;1447;54
7152;154937;7;22133;6
7153;154943;65;2383;48
7154;154991;73;2123;12
7155;155003;23;6739;6
7156;155009;154991;1;18
7157;155027;139;1115;42
7158;155069;17;9121;12
7159;155081;25;6203;6
7160;155087;199;779;66
7161;155153;19;8165;18
7162;155171;37;4193;30
7163;155201;49;3167;18
7164;155219;13;11939;12
7165;155231;155171;1;60
7166;155291;31;5009;12
7167;155303;31;5009;24
7168;155327;127;1223;6
7169;155333;65;2389;48
7170;155381;11;14125;6
7171;155387;25;6215;12
7172;155399;25;6215;24
7173;155423;79;1967;30
7174;155453;31081;5;48
7175;155501;59;2635;36
7176;155537;137;1135;42
7177;155579;6763;23;30
7178;155609;13;11969;12
7179;155621;31123;5;6
7180;155627;11969;13;30
7181;155657;31;5021;6
7182;155663;103;1511;30
7183;155693;7;22241;6
7184;155699;151;1031;18
7185;155717;47;3313;6
7186;155723;19;8195;18
7187;155741;31147;5;6
7188;155747;155717;1;30
7189;155777;7;22253;6
7190;155783;31153;5;18
7191;155801;11981;13;48
7192;155849;31;5027;12
7193;155861;11987;13;30
7194;155891;155861;1;30
7195;155921;11987;13;90
7196;156011;22283;7;30
7197;156041;31;5033;18
7198;156059;19;8213;12
7199;156071;113;1381;18
7200;156089;156059;1;30
7201;156119;29;5383;12
7202;156131;2837;55;96
7203;156227;109;1433;30
7204;156257;31249;5;12
7205;156269;5039;31;60
7206;156329;67;2333;18
7207;156347;79;1979;6
7208;156353;31267;5;18
7209;156371;223;701;48
7210;156419;22343;7;18
7211;156437;229;683;30
7212;156467;22349;7;24
7213;156491;97;1613;30
7214;156521;19;8237;18
7215;156539;85;1841;54
7216;156593;43;3641;30
7217;156623;31321;5;18
7218;156641;156623;1;18
7219;156659;383;409;12
7220;156671;31333;5;6
7221;156677;156671;1;6
7222;156683;156659;1;24
7223;156707;35;4477;12
7224;156719;221;709;30
7225;156749;349;449;48
7226;156797;14251;11;36
7227;156833;22397;7;54
7228;156887;25;6275;12
7229;156899;227;691;42
7230;156941;173;907;30
7231;156971;31387;5;36
7232;157007;13;12077;6
7233;157013;157007;1;6
7234;157019;169;929;18
7235;157037;25;6281;12
7236;157049;157037;1;12
7237;157061;157019;1;42
7238;157103;17;9241;6
7239;157109;14281;11;18
7240;157127;47;3343;6
7241;157133;157103;1;30
7242;157163;53;2965;18
7243;157181;5419;29;30
7244;157211;23;6835;6
7245;157217;23;6835;12
7246;157229;157211;1;18
7247;157247;7;22463;6
7248;157253;157247;1;6
7249;157259;157247;1;12
7250;157271;71;2215;6
7251;157277;157247;1;30
7252;157307;71;2215;42
7253;157349;157271;1;78
7254;157427;11;14311;6
7255;157433;113;1393;24
7256;157457;12107;13;66
7257;157523;103;1529;36
7258;157559;13;12119;12
7259;157571;85;1853;66
7260;157637;13;12125;12
7261;157649;283;557;18
7262;157667;31531;5;12
7263;157679;157637;1;42
7264;157721;17;9277;12
7265;157733;41;3847;6
7266;157739;9277;17;30
7267;157769;35;4507;24
7268;157793;7;22541;6
7269;157799;25;6311;24
7270;157823;37;4265;18
7271;157841;37;4265;36
7272;157877;31573;5;12
7273;157889;157877;1;12
7274;157901;23;6865;6
7275;157907;31;5093;24
7276;157931;133;1187;60
7277;157991;239;661;12
7278;158003;7;22571;6
7279;158009;157889;1;120
7280;158129;17;9301;12
7281;158141;12161;13;48
7282;158189;367;431;12
7283;158201;299;529;30
7284;158231;17;9307;12
7285;158243;25;6329;18
7286;158261;227;697;42
7287;158303;155;1021;48
7288;158351;11;14395;6
7289;158357;158351;1;6
7290;158363;22619;7;30
7291;158393;158357;1;36
7292;158429;127;1247;60
7293;158489;37;4283;18
7294;158507;31699;5;12
7295;158519;22643;7;18
7296;158537;158507;1;30
7297;158567;13;12197;6
7298;158573;19;8345;18
7299;158591;7;22655;6
7300;158597;158573;1;24
7301;158621;14419;11;12
7302;158633;14419;11;24
7303;158657;59;2689;6
7304;158663;43;3689;36
7305;158699;59;2689;48
7306;158747;53;2995;12
7307;158759;158747;1;12
7308;158771;113;1405;6
7309;158777;79;2009;66
7310;158843;7;22691;6
7311;158849;9343;17;18
7312;158867;6353;25;42
7313;158909;29;5479;18
7314;158927;101;1573;54
7315;158981;71;2239;12
7316;158993;71;2239;24
7317;159017;19;8369;6
7318;159023;173;919;36
7319;159059;55;2891;54
7320;159113;13;12239;6
7321;159119;271;587;42
7322;159161;139;1145;6
7323;159167;139;1145;12
7324;159179;159167;1;12
7325;159191;22739;7;18
7326;159209;159191;1;18
7327;159227;89;1789;6
7328;159233;159179;1;54
7329;159287;149;1069;6
7330;159293;23;6925;18
7331;159311;115;1385;36
7332;159347;151;1055;42
7333;159389;31;5141;18
7334;159407;22769;7;24
7335;159431;7;22775;6
7336;159437;43;3707;36
7337;159473;31891;5;18
7338;159491;101;1579;12
7339;159503;167;955;18
7340;159521;159503;1;18
7341;159539;61;2615;24
7342;159563;31;5147;6
7343;159569;159521;1;48
7344;159617;193;827;6
7345;159623;159617;1;6
7346;159629;5503;29;42
7347;159671;43;3713;12
7348;159683;55;2903;18
7349;159701;19;8405;6
7350;159707;22811;7;30
7351;159737;159701;1;36
7352;159773;197;811;6
7353;159779;197;811;12
7354;159791;9397;17;42
7355;159833;23;6949;6
7356;159839;71;2251;18
7357;159857;35;4567;12
7358;159869;159839;1;30
7359;159899;13;12299;12
7360;159911;4567;35;66
7361;159977;97;1649;24
7362;160001;157;1019;18
7363;160019;53;3019;12
7364;160031;22859;7;18
7365;160049;25;6401;24
7366;160073;59;2713;6
7367;160079;59;2713;12
7368;160091;160019;1;72
7369;160163;17;9421;6
7370;160169;109;1469;48
7371;160217;49;3269;36
7372;160253;14563;11;60
7373;160313;7;22901;6
7374;160319;32059;5;24
7375;160343;160319;1;24
7376;160367;17;9433;6
7377;160373;22907;7;24
7378;160397;7;22913;6
7379;160403;160397;1;6
7380;160409;223;719;72
7381;160481;9439;17;18
7382;160499;319;503;42
7383;160541;229;701;12
7384;160553;14593;11;30
7385;160583;181;887;36
7386;160619;22943;7;18
7387;160637;25;6425;12
7388;160649;22943;7;48
7389;160697;35;4591;12
7390;160709;41;3919;30
7391;160739;22961;7;12
7392;160751;13;12365;6
7393;160757;67;2399;24
7394;160781;65;2473;36
7395;160817;29;5545;12
7396;160829;160817;1;12
7397;160841;145;1109;36
7398;160877;17;9463;6
7399;160883;31;5189;24
7400;160907;239;673;60
7401;160967;83;1939;30
7402;160997;55;2927;12
7403;161009;55;2927;24
7404;161033;283;569;6
7405;161039;199;809;48
7406;161087;79;2039;6
7407;161093;49;3287;30
7408;161123;35;4603;18
7409;161141;161123;1;18
7410;161159;97;1661;42
7411;161201;32233;5;36
7412;161237;43;3749;30
7413;161267;217;743;36
7414;161303;101;1597;6
7415;161309;32257;5;24
7416;161333;29;5563;6
7417;161339;35;4609;24
7418;161363;161339;1;24
7419;161387;161363;1;24
7420;161411;12413;13;42
7421;161453;11;14677;6
7422;161459;13;12419;12
7423;161471;83;1945;36
7424;161507;59;2737;24
7425;161531;19;8501;12
7426;161543;25;6461;18
7427;161561;73;2213;12
7428;161573;79;2045;18
7429;161591;79;2045;36
7430;161627;32323;5;12
7431;161639;161561;1;78
7432;161717;32341;5;12
7433;161729;161717;1;12
7434;161741;161729;1;12
7435;161753;35;4621;18
7436;161771;13;12443;12
7437;161783;299;541;24
7438;161807;161783;1;24
7439;161831;307;527;42
7440;161873;157;1031;6
7441;161879;59;2743;42
7442;161921;32377;5;36
7443;161957;35;4627;12
7444;161969;67;2417;30
7445;161999;73;2219;12
7446;162011;32401;5;6
7447;162017;43;3767;36
7448;162053;131;1237;6
7449;162059;161999;1;60
7450;162119;85;1907;24
7451;162143;2657;61;66
7452;162209;17;9541;12
7453;162221;59;2749;30
7454;162251;37;4385;6
7455;162257;162251;1;6
7456;162263;162257;1;6
7457;162269;162251;1;18
7458;162287;7;23183;6
7459;162293;12479;13;66
7460;162359;271;599;30
7461;162389;35;4639;24
7462;162413;7;23201;6
7463;162419;4639;35;54
7464;162473;162419;1;54
7465;162527;43;3779;30
7466;162557;53;3067;6
7467;162563;31;5243;30
7468;162593;25;6503;18
7469;162611;277;587;12
7470;162623;7;23231;6
7471;162629;13;12509;12
7472;162641;162611;1;30
7473;162671;32533;5;6
7474;162677;162671;1;6
7475;162683;311;523;30
7476;162713;65;2503;18
7477;162731;162713;1;18
7478;162749;31;5249;30
7479;162779;14797;11;12
7480;162791;47;3463;30
7481;162821;71;2293;18
7482;162839;263;619;42
7483;162881;32569;5;36
7484;162917;8573;19;30
7485;162947;191;853;24
7486;162971;23279;7;18
7487;162989;89;1831;30
7488;163019;79;2063;42
7489;163061;223;731;48
7490;163109;31;5261;18
7491;163127;211;773;24
7492;163151;37;4409;18
7493;163169;241;677;12
7494;163181;163169;1;12
7495;163193;53;3079;6
7496;163199;53;3079;12
7497;163211;163199;1;12
7498;163223;53;3079;36
7499;163259;163211;1;48
7500;163307;31;5267;30
7501;163337;163307;1;30
7502;163367;23333;7;36
7503;163403;13;12569;6
7504;163409;41;3985;24
7505;163433;12569;13;36
7506;163469;19;8603;12
7507;163481;13;12575;6
7508;163487;133;1229;30
7509;163517;163433;1;84
7510;163601;29;5641;12
7511;163613;29;5641;24
7512;163637;13;12587;6
7513;163643;25;6545;18
7514;163661;31;5279;12
7515;163673;7;23381;6
7516;163679;163661;1;18
7517;163697;163661;1;36
7518;163733;95;1723;48
7519;163781;149;1099;30
7520;163811;163781;1;30
7521;163841;7;23405;6
7522;163847;163841;1;6
7523;163853;163847;1;6
7524;163859;163847;1;12
7525;163871;163859;1;12
7526;163883;65;2521;18
7527;163901;391;419;72
7528;163973;23;7129;6
7529;163979;23;7129;12
7530;163991;32797;5;6
7531;163997;55;2981;42
7532;164039;19;8633;12
7533;164051;7;23435;6
7534;164057;37;4433;36
7535;164093;191;859;24
7536;164117;77;2131;30
7537;164147;5659;29;36
7538;164183;32833;5;18
7539;164201;47;3493;30
7540;164231;23459;7;18
7541;164249;164231;1;18
7542;164267;13;12635;12
7543;164279;164267;1;12
7544;164291;61;2693;18
7545;164309;49;3353;12
7546;164321;55;2987;36
7547;164357;11;14941;6
7548;164363;119;1381;24
7549;164387;32869;5;42
7550;164429;12647;13;18
7551;164447;83;1981;24
7552;164471;7;23495;6
7553;164477;289;569;36
7554;164513;167;985;18
7555;164531;289;569;90
7556;164621;11;14965;6
7557;164627;49;3359;36
7558;164663;8663;19;66
7559;164729;4451;37;42
7560;164771;67;2459;18
7561;164789;187;881;42
7562;164831;19;8675;6
7563;164837;8669;19;126
7564;164963;8681;19;24
7565;164987;25;6599;12
7566;164999;12689;13;42
7567;165041;13;12695;6
7568;165047;13;12695;12
7569;165059;65;2539;24
7570;165083;11;15007;6
7571;165089;3511;47;72
7572;165161;239;691;12
7573;165173;15013;11;30
7574;165203;165173;1;30
7575;165233;3371;49;54
7576;165287;19;8699;6
7577;165293;25;6611;18
7578;165311;7;23615;6
7579;165317;257;643;66
7580;165383;5701;29;54
7581;165437;7;23633;6
7582;165443;165437;1;6
7583;165449;83;1993;30
7584;165479;23633;7;48
7585;165527;103;1607;6
7586;165533;35;4729;18
7587;165551;165533;1;18
7588;165569;165551;1;18
7589;165587;9739;17;24
7590;165611;11;15055;6
7591;165617;47;3523;36
7592;165653;55;3011;48
7593;165701;31;5345;6
7594;165707;165701;1;6
7595;165713;165707;1;6
7596;165719;223;743;30
7597;165749;165719;1;30
7598;165779;175;947;54
7599;165833;23687;7;24
7600;165857;139;1193;30
7601;165887;165833;1;54
7602;165941;7;23705;6
7603;165947;251;661;36
7604;165983;263;631;30
7605;166013;33199;5;18
7606;166031;37;4487;12
7607;166043;385;431;108
7608;166151;7;23735;6
7609;166157;35;4747;12
7610;166169;4051;41;78
7611;166247;33247;5;12
7612;166259;23747;7;30
7613;166289;17;9781;12
7614;166301;12791;13;18
7615;166319;166289;1;30
7616;166349;79;2105;54
7617;166403;7;23771;6
7618;166409;67;2483;48
7619;166457;47;3541;30
7620;166487;149;1117;54
7621;166541;269;619;30
7622;166571;166541;1;30
7623;166601;23;7243;12
7624;166613;7;23801;6
7625;166619;23801;7;12
7626;166631;166619;1;12
7627;166643;166619;1;24
7628;166667;33331;5;12
7629;166679;33331;5;24
7630;166703;166667;1;36
7631;166739;89;1873;42
7632;166781;19;8777;18
7633;166799;25;6671;24
7634;166823;73;2285;18
7635;166841;61;2735;6
7636;166847;166841;1;6
7637;166853;61;2735;18
7638;166871;166823;1;48
7639;166919;13;12839;12
7640;166931;83;2011;18
7641;166949;166931;1;18
7642;166967;199;839;6
7643;166973;166967;1;6
7644;166979;166949;1;30
7645;167009;31;5387;12
7646;167021;167009;1;12
7647;167033;7;23861;6
7648;167039;107;1561;12
7649;167051;167021;1;30
7650;167081;25;6683;6
7651;167087;25;6683;12
7652;167099;167081;1;18
7653;167117;163;1025;42
7654;167159;23;7267;18
7655;167177;43;3887;36
7656;167213;167177;1;36
7657;167249;49;3413;12
7658;167261;11;15205;6
7659;167267;6689;25;42
7660;167309;161;1039;30
7661;167339;221;757;42
7662;167381;31;5399;12
7663;167393;23909;7;30
7664;167423;23;7279;6
7665;167429;23;7279;12
7666;167441;83;2017;30
7667;167471;151;1109;12
7668;167483;167429;1;54
7669;167537;7;23933;6
7670;167543;71;2359;54
7671;167597;37;4529;24
7672;167621;7;23945;6
7673;167627;167621;1;6
7674;167633;9859;17;30
7675;167663;4789;35;48
7676;167711;23;7291;18
7677;167729;167711;1;18
7678;167747;33547;5;12
7679;167759;167747;1;12
7680;167771;13;12905;6
7681;167777;227;739;24
7682;167801;217;773;60
7683;167861;15259;11;12
7684;167873;7;23981;6
7685;167879;23981;7;12
7686;167891;185;907;96
7687;167987;23993;7;36
7688;168023;19;8843;6
7689;168029;167987;1;42
7690;168071;41;4099;12
7691;168083;7;24011;6
7692;168089;4801;35;54
7693;168143;168089;1;54
7694;168197;211;797;30
7695;168227;79;2129;36
7696;168263;113;1489;6
7697;168269;113;1489;12
7698;168281;168269;1;12
7699;168293;168263;1;30
7700;168323;31;5429;24
7701;168347;71;2371;6
7702;168353;113;1489;96
7703;168449;83;2029;42
7704;168491;4813;35;36
7705;168527;17;9913;6
7706;168533;12959;13;66
7707;168599;24083;7;18
7708;168617;33721;5;12
7709;168629;24083;7;48
7710;168677;15331;11;36
7711;168713;7;24101;6
7712;168719;49;3443;12
7713;168731;17;9925;6
7714;168737;168731;1;6
7715;168743;25;6749;18
7716;168761;168719;1;42
7717;168803;33751;5;48
7718;168851;15349;11;12
7719;168863;13;12989;6
7720;168869;168851;1;18
7721;168887;281;601;6
7722;168893;168887;1;6
7723;168899;401;421;78
7724;168977;43;3929;30
7725;169007;73;2315;12
7726;169019;347;487;30
7727;169049;61;2771;18
7728;169067;33811;5;12
7729;169079;293;577;18
7730;169097;133;1271;54
7731;169151;131;1291;30
7732;169181;139;1217;18
7733;169199;169181;1;18
7734;169217;71;2383;24
7735;169241;197;859;18
7736;169259;55;3077;24
7737;169283;169259;1;24
7738;169307;11;15391;6
7739;169313;169307;1;6
7740;169319;35;4837;24
7741;169343;25;6773;18
7742;169361;23;7363;12
7743;169373;119;1423;36
7744;169409;233;727;18
7745;169427;61;2777;30
7746;169457;24203;7;36
7747;169493;43;3941;30
7748;169523;169493;1;30
7749;169553;169523;1;30
7750;169583;13043;13;24
7751;169607;55;3083;42
7752;169649;13;13049;12
7753;169661;33931;5;6
7754;169667;289;587;24
7755;169691;24239;7;18
7756;169709;33937;5;24
7757;169733;35;4849;18
7758;169751;169733;1;18
7759;169769;3947;43;48
7760;169817;47;3613;6
7761;169823;5477;31;36
7762;169859;15439;11;30
7763;169889;53;3205;24
7764;169913;131;1297;6
7765;169919;23;7387;18
7766;169937;109;1559;6
7767;169943;55;3089;48
7768;169991;43;3953;12
7769;170003;33997;5;18
7770;170021;33997;5;36
7771;170057;7;24293;6
7772;170063;71;2395;18
7773;170081;170063;1;18
7774;170099;79;2153;12
7775;170111;170099;1;12
7776;170123;65;2617;18
7777;170141;77;2209;48
7778;170189;379;449;18
7779;170207;29;5869;6
7780;170213;34039;5;18
7781;170231;24317;7;12
7782;170243;37;4601;6
7783;170249;170231;1;18
7784;170267;17;10015;12
7785;170279;170231;1;48
7786;170327;24329;7;24
7787;170351;13;13103;12
7788;170363;11;15487;6
7789;170369;31;5495;24
7790;170393;155;1099;48
7791;170441;89;1915;6
7792;170447;8969;19;36
7793;170483;97;1757;54
7794;170537;43;3965;42
7795;170579;35;4873;24
7796;170603;7;24371;6
7797;170609;23;7417;18
7798;170627;11;15511;6
7799;170633;24371;7;36
7800;170669;170627;1;42
7801;170711;37;4613;30
7802;170741;29;5887;18
7803;170759;170741;1;18
7804;170777;43;3971;24
7805;170801;233;733;12
7806;170813;233;733;24
7807;170837;139;1229;6
7808;170843;170813;1;30
7809;170873;6833;25;48
7810;170921;34183;5;6
7811;170927;71;2407;30
7812;170957;24413;7;66
7813;171023;7;24431;6
7814;171029;41;4171;18
7815;171047;13;13157;6
7816;171053;171029;1;24
7817;171077;171023;1;54
7818;171131;24443;7;30
7819;171161;34231;5;6
7820;171167;34231;5;12
7821;171179;34231;5;24
7822;171203;10069;17;30
7823;171233;55;3113;18
7824;171251;109;1571;12
7825;171263;171233;1;30
7826;171293;157;1091;6
7827;171299;23;7447;18
7828;171317;34261;5;12
7829;171329;171317;1;12
7830;171341;171299;1;42
7831;171383;34273;5;18
7832;171401;49;3497;48
7833;171449;13187;13;18
7834;171467;31;5531;6
7835;171473;53;3235;18
7836;171491;173;991;48
7837;171539;5531;31;78
7838;171617;35;4903;12
7839;171629;171617;1;12
7840;171641;171629;1;12
7841;171653;7;24521;6
7842;171659;31;5537;12
7843;171671;34327;5;36
7844;171707;103;1667;6
7845;171713;171707;1;6
7846;171719;15607;11;42
7847;171761;171719;1;42
7848;171803;9041;19;24
7849;171827;171803;1;24
7850;171851;227;757;12
7851;171863;7;24551;6
7852;171869;24551;7;12
7853;171881;34369;5;36
7854;171917;353;487;6
7855;171923;171917;1;6
7856;171929;353;487;18
7857;171947;83;2071;54
7858;172001;7477;23;30
7859;172031;37;4649;18
7860;172049;31;5549;30
7861;172079;73;2357;18
7862;172097;47;3661;30
7863;172127;172097;1;30
7864;172157;34429;5;12
7865;172169;172157;1;12
7866;172181;107;1609;18
7867;172199;172181;1;18
7868;172217;13;13247;6
7869;172223;233;739;36
7870;172259;35;4921;24
7871;172283;172259;1;24
7872;172307;43;4007;6
7873;172313;85;2027;18
7874;172331;103;1673;12
7875;172343;172313;1;30
7876;172373;61;2825;48
7877;172421;34483;5;6
7878;172427;172421;1;6
7879;172433;172427;1;6
7880;172439;24623;7;78
7881;172517;181;953;24
7882;172541;49;3521;12
7883;172553;299;577;30
7884;172583;19;9083;6
7885;172589;89;1939;18
7886;172607;34519;5;12
7887;172619;34519;5;24
7888;172643;29;5953;6
7889;172649;25;6905;24
7890;172673;5953;29;36
7891;172709;24671;7;12
7892;172721;61;2831;30
7893;172751;34543;5;36
7894;172787;34549;5;42
7895;172829;85;2033;24
7896;172853;127;1361;6
7897;172859;127;1361;12
7898;172871;7;24695;6
7899;172877;172871;1;6
7900;172883;2579;67;90
7901;172973;6917;25;48
7902;173021;113;1531;18
7903;173039;15727;11;42
7904;173081;7;24725;6
7905;173087;23;7525;12
7906;173099;61;2837;42
7907;173141;89;1945;36
7908;173177;157;1103;6
7909;173183;173177;1;6
7910;173189;157;1103;18
7911;173207;47;3685;12
7912;173219;173189;1;30
7913;173249;211;821;18
7914;173267;11;15751;6
7915;173273;34651;5;18
7916;173291;7;24755;6
7917;173297;35;4951;12
7918;173309;209;829;48
7919;173357;4951;35;72
7920;173429;73;2375;54
7921;173483;34693;5;18
7922;173501;41;4231;30
7923;173531;17;10207;12
7924;173543;7;24791;6
7925;173549;13;13349;12
7926;173561;173549;1;12
7927;173573;4957;35;78
7928;173651;401;433;18
7929;173669;173651;1;18
7930;173687;25;6947;12
7931;173699;173669;1;30
7932;173729;19;9143;12
7933;173741;49;3545;36
7934;173777;13;13367;6
7935;173783;47;3697;24
7936;173807;34759;5;12
7937;173819;173777;1;42
7938;173861;11;15805;6
7939;173867;263;661;24
7940;173891;83;2095;6
7941;173897;83;2095;12
7942;173909;83;2095;24
7943;173933;173897;1;36
7944;173969;24851;7;12
7945;173981;173969;1;12
7946;173993;173969;1;24
7947;174017;15817;11;30
7948;174047;101;1723;24
7949;174071;31;5615;6
7950;174077;15823;11;24
7951;174101;155;1123;36
7952;174137;17;10243;6
7953;174143;174137;1;6
7954;174149;174101;1;48
7955;174197;89;1957;24
7956;174221;55;3167;36
7957;174257;7;24893;6
7958;174263;34849;5;18
7959;174281;174263;1;18
7960;174299;19;9173;12
7961;174311;49;3557;18
7962;174329;174311;1;18
7963;174347;71;2455;42
7964;174389;127;1373;18
7965;174407;19;9179;6
7966;174413;65;2683;18
7967;174431;24917;7;12
7968;174443;24917;7;24
7969;174467;174443;1;24
7970;174491;37;4715;36
7971;174527;61;2861;6
7972;174533;211;827;36
7973;174569;10267;17;30
7974;174599;59;2959;18
7975;174617;59;2959;36
7976;174653;11;15877;6
7977;174659;269;649;78
7978;174737;25;6989;12
7979;174749;174737;1;12
7980;174761;7;24965;6
7981;174767;174761;1;6
7982;174773;145;1205;48
7983;174821;103;1697;30
7984;174851;5639;31;42
7985;174893;7603;23;24
7986;174917;34981;5;12
7987;174929;37;4727;30
7988;174959;174929;1;30
7989;174989;35;4999;24
7990;175013;4999;35;48
7991;175061;157;1115;6
7992;175067;157;1115;12
7993;175079;157;1115;24
7994;175103;155;1129;108
7995;175211;41;4273;18
7996;175229;5651;31;48
7997;175277;335;523;72
7998;175349;271;647;12
7999;175361;13487;13;30
8000;175391;83;2113;12
8001;175403;107;1639;30
8002;175433;175403;1;30
8003;175463;35089;5;18
8004;175481;49;3581;12
8005;175493;13;13499;6
8006;175499;25;7019;24
8007;175523;35089;5;78
8008;175601;121;1451;30
8009;175631;151;1163;18
8010;175649;25;7025;24
8011;175673;19;9245;18
8012;175691;175673;1;18
8013;175709;175691;1;18
8014;175727;7639;23;30
8015;175757;47;3739;24
8016;175781;181;971;30
8017;175811;367;479;18
8018;175829;35;5023;24
8019;175853;7;25121;6
8020;175859;13523;13;60
8021;175919;15991;11;18
8022;175937;25;7037;12
8023;175949;175937;1;12
8024;175961;29;6067;18
8025;175979;17;10351;12
8026;175991;175961;1;30
8027;176021;175991;1;30
8028;176051;401;439;12
8029;176063;137;1285;18
8030;176081;25;7043;6
8031;176087;176051;1;36
8032;176123;29;6073;6
8033;176129;35221;5;24
8034;176153;353;499;6
8035;176159;6073;29;42
8036;176201;131;1345;6
8037;176207;176201;1;6
8038;176213;13553;13;24
8039;176237;11;16021;6
8040;176243;19;9275;18
8041;176261;313;563;42
8042;176303;35257;5;18
8043;176321;179;985;6
8044;176327;176321;1;6
8045;176333;89;1981;24
8046;176357;13;13565;12
8047;176369;176321;1;48
8048;176417;83;2125;42
8049;176459;43;4103;30
8050;176489;109;1619;18
8051;176507;31;5693;24
8052;176531;23;7675;6
8053;176537;23;7675;12
8054;176549;25;7061;24
8055;176573;35311;5;18
8056;176591;35317;5;6
8057;176597;35317;5;12
8058;176609;9293;19;42
8059;176651;25229;7;48
8060;176699;43;4109;12
8061;176711;323;547;30
8062;176741;13;13595;6
8063;176747;176741;1;6
8064;176753;25247;7;24
8065;176777;35353;5;12
8066;176789;25253;7;18
8067;176807;19;9305;12
8068;176819;176789;1;30
8069;176849;95;1861;54
8070;176903;85;2081;18
8071;176921;41;4315;6
8072;176927;176921;1;6
8073;176933;41;4315;18
8074;176951;143;1237;60
8075;177011;176921;1;90
8076;177101;17;10417;12
8077;177113;35419;5;18
8078;177131;35419;5;36
8079;177167;29;6109;6
8080;177173;9323;19;36
8081;177209;53;3343;30
8082;177239;16111;11;18
8083;177257;35449;5;12
8084;177269;67;2645;54
8085;177323;107;1657;24
8086;177347;281;631;36
8087;177383;145;1223;48
8088;177431;85;2087;36
8089;177467;43;4127;6
8090;177473;97;1829;60
8091;177533;7;25361;6
8092;177539;35491;5;84
8093;177623;31;5729;24
8094;177647;67;2651;30
8095;177677;25373;7;66
8096;177743;25;7109;18
8097;177761;223;797;30
8098;177791;31;5735;6
8099;177797;73;2435;42
8100;177839;177791;1;48
8101;177887;11;16171;6
8102;177893;83;2143;24
8103;177917;13;13685;12
8104;177929;35;5083;24
8105;177953;65;2737;48
8106;178001;35593;5;36
8107;178037;37;4811;30
8108;178067;7741;23;24
8109;178091;16189;11;12
8110;178103;16189;11;24
8111;178127;178103;1;24
8112;178151;53;3361;18
8113;178169;178151;1;18
8114;178187;178151;1;36
8115;178223;25457;7;24
8116;178247;43;4145;12
8117;178259;37;4817;30
8118;178289;19;9383;12
8119;178301;13;13715;6
8120;178307;101;1765;42
8121;178349;139;1283;12
8122;178361;175;1019;36
8123;178397;19;9389;6
8124;178403;83;2149;36
8125;178439;49;3641;30
8126;178469;23;7759;12
8127;178481;11;16225;6
8128;178487;85;2099;72
8129;178559;61;2927;12
8130;178571;16231;11;30
8131;178601;271;659;12
8132;178613;107;1669;30
8133;178643;115;1553;48
8134;178691;13;13745;6
8135;178697;4357;41;60
8136;178757;409;437;24
8137;178781;53;3373;12
8138;178793;7;25541;6
8139;178799;178781;1;18
8140;178817;178781;1;36
8141;178853;19;9413;6
8142;178859;13757;13;18
8143;178877;83;2155;12
8144;178889;23;7777;18
8145;178907;41;4363;24
8146;178931;178889;1;42
8147;178973;85;2105;48
8148;179021;23;7783;12
8149;179033;35803;5;18
8150;179051;35809;5;6
8151;179057;35803;5;42
8152;179099;31;5777;12
8153;179111;181;989;102
8154;179213;59;3037;30
8155;179243;25;7169;18
8156;179261;121;1481;60
8157;179321;35863;5;6
8158;179327;9437;19;24
8159;179351;35869;5;6
8160;179357;35869;5;12
8161;179369;179357;1;12
8162;179381;179369;1;12
8163;179393;25;7175;18
8164;179411;179393;1;18
8165;179429;19;9443;12
8166;179441;179429;1;12
8167;179453;85;2111;18
8168;179471;31;5789;12
8169;179483;311;577;36
8170;179519;239;751;30
8171;179549;25;7181;24
8172;179573;79;2273;6
8173;179579;79;2273;12
8174;179591;179579;1;12
8175;179603;179573;1;30
8176;179633;35923;5;18
8177;179651;19;9455;6
8178;179657;67;2681;30
8179;179687;47;3823;6
8180;179693;25667;7;24
8181;179717;179633;1;84
8182;179801;7;25685;6
8183;179807;179801;1;6
8184;179813;179807;1;6
8185;179819;163;1103;30
8186;179849;179801;1;48
8187;179897;59;3049;6
8188;179903;179897;1;6
8189;179909;49;3671;30
8190;179939;121;1487;12
8191;179951;17;10585;6
8192;179957;17;10585;12
8193;179969;179957;1;12
8194;179981;47;3829;18
8195;179999;25;7199;24
8196;180023;16363;11;30
8197;180053;36007;5;18
8198;180071;36013;5;6
8199;180077;5807;31;60
8200;180137;41;4393;24
8201;180161;151;1193;18
8202;180179;180137;1;42
8203;180221;307;587;12
8204;180233;37;4871;6
8205;180239;35;5149;24
8206;180263;47;3835;18
8207;180281;25;7211;6
8208;180287;180263;1;24
8209;180311;36061;5;6
8210;180317;180287;1;30
8211;180347;97;1859;24
8212;180371;9491;19;42
8213;180413;223;809;6
8214;180419;13877;13;18
8215;180437;13877;13;36
8216;180473;55;3281;18
8217;180491;36097;5;6
8218;180497;180491;1;6
8219;180503;180473;1;30
8220;180533;23;7849;6
8221;180539;79;2285;24
8222;180563;13;13889;6
8223;180569;16411;11;48
8224;180617;179;1009;6
8225;180623;180617;1;6
8226;180629;179;1009;18
8227;180647;25799;7;54
8228;180701;37;4883;30
8229;180731;13901;13;18
8230;180749;25;7229;24
8231;180773;163;1109;6
8232;180779;31;5831;18
8233;180797;397;455;162
8234;180959;16447;11;42
8235;181001;16453;11;18
8236;181019;317;571;12
8237;181031;181001;1;30
8238;181061;2129;85;96
8239;181157;71;2551;36
8240;181193;409;443;6
8241;181199;409;443;12
8242;181211;10657;17;42
8243;181253;127;1427;24
8244;181277;17;10663;6
8245;181283;35;5179;18
8246;181301;9539;19;60
8247;181361;7253;25;36
8248;181397;36277;5;12
8249;181409;181397;1;12
8250;181421;283;641;18
8251;181439;181421;1;18
8252;181457;65;2791;42
8253;181499;25;7259;24
8254;181523;299;607;30
8255;181553;181499;1;54
8256;181607;36319;5;12
8257;181619;13967;13;48
8258;181667;193;941;54
8259;181721;109;1667;18
8260;181739;13;13979;12
8261;181751;163;1115;6
8262;181757;181751;1;6
8263;181763;181739;1;24
8264;181787;109;1667;84
8265;181871;83;2191;18
8266;181889;36373;5;24
8267;181913;11;16537;6
8268;181919;23;7909;12
8269;181931;181919;1;12
8270;181943;181919;1;24
8271;181967;47;3871;30
8272;181997;17;10705;12
8273;182009;127;1433;18
8274;182027;181997;1;30
8275;182057;59;3085;42
8276;182099;17;10711;12
8277;182111;182099;1;12
8278;182123;13;14009;6
8279;182129;13;14009;12
8280;182141;182123;1;18
8281;182159;182141;1;18
8282;182177;9587;19;24
8283;182201;182159;1;42
8284;182243;25;7289;18
8285;182261;182243;1;18
8286;182279;182261;1;18
8287;182297;36457;5;12
8288;182309;36457;5;24
8289;182333;41;4447;6
8290;182339;10723;17;48
8291;182387;109;1673;30
8292;182417;79;2309;6
8293;182423;10729;17;30
8294;182453;31;5885;18
8295;182471;182453;1;18
8296;182489;7933;23;30
8297;182519;47;3883;18
8298;182537;25;7301;12
8299;182549;182537;1;12
8300;182561;277;659;18
8301;182579;29;6295;24
8302;182603;182579;1;24
8303;182627;36523;5;12
8304;182639;31;5891;18
8305;182657;16603;11;24
8306;182681;25;7307;6
8307;182687;14051;13;24
8308;182711;7307;25;36
8309;182747;36541;5;42
8310;182789;55;3323;24
8311;182813;179;1021;54
8312;182867;182813;1;54
8313;182921;36583;5;6
8314;182927;182921;1;6
8315;182933;317;577;24
8316;182957;35;5227;12
8317;182969;182957;1;12
8318;182981;16633;11;18
8319;182999;25;7319;24
8320;183023;85;2153;18
8321;183041;36607;5;6
8322;183047;36607;5;12
8323;183059;77;2377;30
8324;183089;183059;1;30
8325;183119;26153;7;48
8326;183167;373;491;24
8327;183191;19;9641;12
8328;183203;373;491;60
8329;183263;16657;11;36
8330;183299;26183;7;18
8331;183317;61;3005;12
8332;183329;26183;7;48
8333;183377;233;787;6
8334;183383;183377;1;6
8335;183389;139;1319;48
8336;183437;10789;17;24
8337;183461;73;2513;12
8338;183473;271;677;6
8339;183479;183461;1;18
8340;183497;7;26213;6
8341;183503;183497;1;6
8342;183509;77;2383;18
8343;183527;36697;5;42
8344;183569;37;4961;12
8345;183581;7;26225;6
8346;183587;183581;1;6
8347;183593;25;7343;18
8348;183611;3463;53;72
8349;183683;26237;7;24
8350;183707;7;26243;6
8351;183713;109;1685;48
8352;183761;7349;25;36
8353;183797;35;5251;12
8354;183809;5927;31;72
8355;183881;83;2215;36
8356;183917;125;1471;42
8357;183959;29;6343;12
8358;183971;36787;5;36
8359;184007;37;4973;6
8360;184013;35;5257;18
8361;184031;16729;11;12
8362;184043;184013;1;30
8363;184073;184013;1;60
8364;184133;31;5939;24
8365;184157;184133;1;24
8366;184181;25;7367;6
8367;184187;25;7367;12
8368;184199;184187;1;12
8369;184211;184181;1;30
8370;184241;37;4979;18
8371;184259;26321;7;12
8372;184271;95;1939;66
8373;184337;137;1345;72
8374;184409;36871;5;54
8375;184463;181;1019;24
8376;184487;184463;1;24
8377;184511;36901;5;6
8378;184517;184511;1;6
8379;184523;53;3481;30
8380;184553;11;16777;6
8381;184559;19;9713;12
8382;184571;36913;5;6
8383;184577;209;883;30
8384;184607;49;3767;24
8385;184631;143;1291;18
8386;184649;36919;5;54
8387;184703;43;4295;18
8388;184721;36943;5;6
8389;184727;184721;1;6
8390;184733;6367;29;90
8391;184823;29;6373;6
8392;184829;283;653;30
8393;184859;6373;29;42
8394;184901;19;9731;12
8395;184913;49;3773;36
8396;184949;101;1831;18
8397;184967;173;1069;30
8398;184997;109;1697;24
8399;185021;37003;5;6
8400;185027;91;2033;24
8401;185051;7;26435;6
8402;185057;185051;1;6
8403;185063;185057;1;6
8404;185069;31;5969;30
8405;185099;25;7403;24
8406;185123;271;683;30
8407;185153;53;3493;24
8408;185177;7;26453;6
8409;185183;185177;1;6
8410;185189;61;3035;54
8411;185243;8053;23;24
8412;185267;185243;1;24
8413;185291;41;4519;12
8414;185303;7;26471;6
8415;185309;185291;1;18
8416;185327;185291;1;36
8417;185363;23;8059;6
8418;185369;185309;1;60
8419;185429;157;1181;12
8420;185441;55;3371;36
8421;185477;11;16861;6
8422;185483;53;3499;36
8423;185519;26501;7;12
8424;185531;185519;1;12
8425;185543;185519;1;24
8426;185567;6397;29;54
8427;185621;26513;7;30
8428;185651;185621;1;30
8429;185681;16879;11;12
8430;185693;19;9773;6
8431;185699;19;9773;12
8432;185711;185699;1;12
8433;185723;185699;1;24
8434;185747;281;661;6
8435;185753;43;4319;36
8436;185789;53;3505;24
8437;185813;71;2617;6
8438;185819;71;2617;12
8439;185831;185813;1;18
8440;185849;25;7433;24
8441;185873;185849;1;24
8442;185897;211;881;6
8443;185903;37171;5;48
8444;185951;37189;5;6
8445;185957;26561;7;30
8446;185987;179;1039;6
8447;185993;10939;17;30
8448;186023;37201;5;18
8449;186041;26573;7;30
8450;186071;145;1283;36
8451;186107;149;1249;6
8452;186113;186107;1;6
8453;186119;379;491;30
8454;186149;26591;7;12
8455;186161;16921;11;30
8456;186191;155;1201;36
8457;186227;37243;5;12
8458;186239;26597;7;60
8459;186299;107;1741;12
8460;186311;7;26615;6
8461;186317;9803;19;60
8462;186377;83;2245;42
8463;186419;53;3517;18
8464;186437;55;3389;42
8465;186479;169;1103;72
8466;186551;103;1811;18
8467;186569;29;6433;12
8468;186581;17;10975;6
8469;186587;37309;5;42
8470;186629;181;1031;18
8471;186647;7;26663;6
8472;186653;163;1145;18
8473;186671;186653;1;18
8474;186689;17;10981;12
8475;186701;37339;5;6
8476;186707;186671;1;36
8477;186743;25;7469;18
8478;186761;43;4343;12
8479;186773;139;1343;96
8480;186869;227;823;48
8481;186917;37;5051;30
8482;186947;35;5341;12
8483;186959;115;1625;84
8484;187043;53;3529;6
8485;187049;14387;13;18
8486;187067;7;26723;6
8487;187073;19;9845;18
8488;187091;55;3401;36
8489;187127;11;17011;6
8490;187133;187127;1;6
8491;187139;37423;5;24
8492;187163;35;5347;18
8493;187181;19;9851;12
8494;187193;25;7487;18
8495;187211;37441;5;6
8496;187217;187211;1;6
8497;187223;9851;19;54
8498;187277;187217;1;60
8499;187337;25;7493;12
8500;187349;187337;1;12
8501;187361;7;26765;6
8502;187367;187361;1;6
8503;187373;187367;1;6
8504;187379;187349;1;30
8505;187409;55;3407;24
8506;187433;193;971;30
8507;187463;31;6047;6
8508;187469;151;1241;78
8509;187547;37507;5;12
8510;187559;313;599;72
8511;187631;19;9875;6
8512;187637;163;1151;24
8513;187661;6469;29;60
8514;187721;26813;7;30
8515;187751;19;9881;12
8516;187763;41;4579;24
8517;187787;11;17071;6
8518;187793;187763;1;30
8519;187823;145;1295;48
8520;187871;37573;5;6
8521;187877;187871;1;6
8522;187883;47;3997;24
8523;187907;187883;1;24
8524;187931;97;1937;42
8525;187973;7517;25;48
8526;188021;37579;5;126
8527;188147;191;985;12
8528;188159;188147;1;12
8529;188171;26879;7;18
8530;188189;179;1051;60
8531;188249;26891;7;12
8532;188261;188249;1;12
8533;188273;23;8185;18
8534;188291;13;14483;12
8535;188303;188273;1;30
8536;188333;37663;5;18
8537;188351;188333;1;18
8538;188369;26903;7;48
8539;188417;55;3425;42
8540;188459;65;2899;24
8541;188483;26921;7;36
8542;188519;188459;1;60
8543;188579;43;4385;24
8544;188603;113;1669;6
8545;188609;113;1669;12
8546;188621;188609;1;12
8547;188633;37717;5;48
8548;188681;25;7547;6
8549;188687;188681;1;6
8550;188693;25;7547;18
8551;188711;188693;1;18
8552;188729;47;4015;24
8553;188753;55;3431;48
8554;188801;131;1441;30
8555;188831;17;11107;12
8556;188843;25;7553;18
8557;188861;188831;1;30
8558;188891;107;1765;36
8559;188927;17;11113;6
8560;188933;188927;1;6
8561;188939;11113;17;18
8562;188957;37783;5;42
8563;188999;47;4021;12
8564;189011;103;1835;6
8565;189017;29;6517;24
8566;189041;188933;1;108
8567;189149;14543;13;90
8568;189239;17;11131;12
8569;189251;7;27035;6
8570;189257;151;1253;54
8571;189311;67;2825;36
8572;189347;29;6529;6
8573;189353;37;5117;24
8574;189377;55;3443;12
8575;189389;189377;1;12
8576;189401;37879;5;6
8577;189407;189377;1;30
8578;189437;189407;1;30
8579;189467;41;4621;6
8580;189473;189467;1;6
8581;189479;189467;1;12
8582;189491;189473;1;18
8583;189509;7577;25;84
8584;189593;43;4409;6
8585;189599;49;3869;18
8586;189617;49;3869;36
8587;189653;23;8245;18
8588;189671;71;2671;30
8589;189701;29;6541;12
8590;189713;14591;13;30
8591;189743;193;983;24
8592;189767;11161;17;30
8593;189797;189743;1;54
8594;189851;83;2287;30
8595;189881;7;27125;6
8596;189887;43;4415;42
8597;189929;23;8257;18
8598;189947;91;2087;30
8599;189977;271;701;6
8600;189983;189977;1;6
8601;189989;189947;1;42
8602;190031;37993;5;66
8603;190097;14621;13;24
8604;190121;6131;31;60
8605;190181;121;1571;90
8606;190271;61;3119;12
8607;190283;38053;5;18
8608;190301;17299;11;12
8609;190313;35;5437;18
8610;190331;5437;35;36
8611;190367;131;1453;24
8612;190391;27197;7;12
8613;190403;47;4051;6
8614;190409;5437;35;114
8615;190523;317;601;6
8616;190529;67;2843;48
8617;190577;149;1279;6
8618;190583;29;6571;24
8619;190607;23;8287;6
8620;190613;190577;1;36
8621;190649;113;1687;18
8622;190667;61;3125;42
8623;190709;85;2243;54
8624;190763;7;27251;6
8625;190769;17341;11;18
8626;190787;107;1783;6
8627;190793;25;7631;18
8628;190811;97;1967;12
8629;190823;11;17347;6
8630;190829;190787;1;42
8631;190871;53;3601;18
8632;190889;23;8299;12
8633;190901;190889;1;12
8634;190913;139;1373;66
8635;190979;47;4063;18
8636;190997;353;541;24
8637;191021;11;17365;6
8638;191027;191021;1;6
8639;191033;191027;1;6
8640;191039;191021;1;18
8641;191057;55;3473;42
8642;191099;25;7643;24
8643;191123;37;5165;18
8644;191141;27299;7;48
8645;191189;17377;11;42
8646;191231;25;7649;6
8647;191237;25;7649;12
8648;191249;263;727;48
8649;191297;145;1319;42
8650;191339;191237;1;102
8651;191441;38287;5;6
8652;191447;191441;1;6
8653;191453;191447;1;6
8654;191459;17401;11;48
8655;191507;38299;5;12
8656;191519;191507;1;12
8657;191531;25;7661;6
8658;191537;109;1757;24
8659;191561;121;1583;18
8660;191579;191537;1;42
8661;191621;19;10085;6
8662;191627;101;1897;30
8663;191657;38329;5;12
8664;191669;38329;5;24
8665;191693;67;2861;6
8666;191699;139;1379;18
8667;191717;67;2861;30
8668;191747;14747;13;36
8669;191783;35;5479;18
8670;191801;37;5183;30
8671;191831;25;7673;6
8672;191837;83;2311;24
8673;191861;433;443;42
8674;191903;191837;1;66
8675;191969;17449;11;30
8676;191999;191969;1;30
8677;192029;157;1223;18
8678;192047;181;1061;6
8679;192053;5189;37;60
8680;192113;241;797;36
8681;192149;17467;11;12
8682;192161;192149;1;12
8683;192173;38431;5;18
8684;192191;192149;1;42
8685;192233;7;27461;6
8686;192239;49;3923;12
8687;192251;192239;1;12
8688;192263;73;2633;54
8689;192317;7;27473;6
8690;192323;38461;5;18
8691;192341;11;17485;6
8692;192347;192317;1;30
8693;192377;47;4093;6
8694;192383;149;1291;24
8695;192407;192383;1;24
8696;192431;17491;11;30
8697;192461;43;4475;36
8698;192497;61;3155;42
8699;192539;49;3929;18
8700;192557;253;761;24
8701;192581;25;7703;6
8702;192587;27509;7;24
8703;192611;7;27515;6
8704;192617;35;5503;12
8705;192629;192581;1;48
8706;192677;192617;1;60
8707;192737;7;27533;6
8708;192743;192737;1;6
8709;192749;77;2503;18
8710;192767;192743;1;24
8711;192791;192749;1;42
8712;192833;263;733;54
8713;192887;27551;7;30
8714;192917;379;509;6
8715;192923;125;1543;48
8716;192971;38593;5;6
8717;192977;43;4487;36
8718;193013;29;6655;18
8719;193031;251;769;12
8720;193043;193013;1;30
8721;193073;193013;1;60
8722;193133;11;17557;6
8723;193139;65;2971;24
8724;193163;38629;5;18
8725;193181;2971;65;66
8726;193247;10169;19;36
8727;193283;38653;5;18
8728;193301;38653;5;36
8729;193337;83;2329;30
8730;193367;7;27623;6
8731;193373;193367;1;6
8732;193379;55;3515;54
8733;193433;101;1915;18
8734;193451;19;10181;12
8735;193463;11;17587;6
8736;193469;35;5527;24
8737;193493;5527;35;48
8738;193541;73;2651;18
8739;193559;193541;1;18
8740;193577;61;3173;24
8741;193601;31;6245;6
8742;193607;31;6245;12
8743;193619;17599;11;30
8744;193649;193619;1;30
8745;193679;35;5533;24
8746;193703;193679;1;24
8747;193727;193703;1;24
8748;193751;38749;5;6
8749;193757;193751;1;6
8750;193763;151;1283;30
8751;193793;11;17617;6
8752;193799;79;2453;12
8753;193811;31;6251;30
8754;193841;38767;5;6
8755;193847;38767;5;12
8756;193859;193847;1;12
8757;193871;7;27695;6
8758;193877;193871;1;6
8759;193883;239;811;54
8760;193937;89;2179;6
8761;193943;27701;7;36
8762;193979;38791;5;24
8763;194003;193979;1;24
8764;194027;419;463;30
8765;194057;197;985;12
8766;194069;23;8437;18
8767;194087;421;461;6
8768;194093;197;985;48
8769;194141;38803;5;126
8770;194267;85;2285;42
8771;194309;1303;149;162
8772;194471;163;1193;12
8773;194483;163;1193;24
8774;194507;194471;1;36
8775;194543;5557;35;48
8776;194591;179;1087;18
8777;194609;27791;7;72
8778;194681;13;14975;6
8779;194687;37;5261;30
8780;194717;11;17701;6
8781;194723;194717;1;6
8782;194729;194687;1;42
8783;194771;194729;1;42
8784;194813;19;10253;6
8785;194819;17707;11;42
8786;194861;38971;5;6
8787;194867;17713;11;24
8788;194891;271;719;42
8789;194933;67;2909;30
8790;194963;127;1535;18
8791;194981;11467;17;42
8792;195023;23;8479;6
8793;195029;191;1021;18
8794;195047;7;27863;6
8795;195053;19;10265;18
8796;195071;13;15005;6
8797;195077;13;15005;12
8798;195089;195047;1;42
8799;195131;7;27875;6
8800;195137;59;3307;24
8801;195161;125;1561;36
8802;195197;47;4153;6
8803;195203;125;1561;78
8804;195281;27893;7;30
8805;195311;23;8491;18
8806;195329;173;1129;12
8807;195341;195329;1;12
8808;195353;17;11491;6
8809;195359;195329;1;30
8810;195389;13;15029;12
8811;195401;39079;5;6
8812;195407;195401;1;6
8813;195413;61;3203;30
8814;195443;195407;1;36
8815;195479;49;3989;18
8816;195497;59;3313;30
8817;195527;39103;5;12
8818;195539;195497;1;42
8819;195581;23;8503;12
8820;195593;7;27941;6
8821;195599;195539;1;60
8822;195659;31;6311;18
8823;195677;3691;53;54
8824;195731;25;7829;6
8825;195737;195731;1;6
8826;195743;25;7829;18
8827;195761;195731;1;30
8828;195791;137;1429;18
8829;195809;85;2303;54
8830;195863;17;11521;6
8831;195869;139;1409;18
8832;195887;7;27983;6
8833;195893;41;4777;36
8834;195929;195887;1;42
8835;195971;7;27995;6
8836;195977;409;479;66
8837;196043;31;6323;30
8838;196073;28001;7;66
8839;196139;67;2927;30
8840;196169;13;15089;12
8841;196181;7;28025;6
8842;196187;196181;1;6
8843;196193;196139;1;54
8844;196247;317;619;24
8845;196271;17;11545;6
8846;196277;196247;1;30
8847;196307;331;593;24
8848;196331;25;7853;6
8849;196337;43;4565;42
8850;196379;4177;47;60
8851;196439;196379;1;60
8852;196499;25;7859;24
8853;196523;39301;5;18
8854;196541;196499;1;42
8855;196583;43;4571;30
8856;196613;196583;1;30
8857;196643;25;7865;18
8858;196661;196613;1;48
8859;196709;17881;11;18
8860;196727;39343;5;12
8861;196739;196727;1;12
8862;196751;113;1741;18
8863;196769;196739;1;30
8864;196799;15137;13;18
8865;196817;15137;13;36
8866;196853;39367;5;18
8867;196871;41;4801;30
8868;196901;53;3715;6
8869;196907;53;3715;12
8870;196919;313;629;42
8871;196961;49;4019;30
8872;196991;17;11587;12
8873;197003;29;6793;6
8874;197009;39397;5;24
8875;197033;197003;1;30
8876;197063;197009;1;54
8877;197117;439;449;6
8878;197123;37;5327;24
8879;197147;89;2215;12
8880;197159;439;449;48
8881;197207;377;523;36
8882;197243;23;8575;18
8883;197261;13;15173;12
8884;197273;7;28181;6
8885;197279;197261;1;18
8886;197297;39451;5;42
8887;197339;71;2779;30
8888;197369;151;1307;12
8889;197381;197339;1;42
8890;197423;65;3037;18
8891;197441;19;10391;12
8892;197453;109;1811;54
8893;197507;4201;47;60
8894;197567;7;28223;6
8895;197573;17959;11;24
8896;197597;43;4595;12
8897;197609;197597;1;12
8898;197621;59;3349;30
8899;197651;28229;7;48
8900;197699;31;6377;12
8901;197711;17971;11;30
8902;197741;47;4207;12
8903;197753;11;17977;6
8904;197759;197711;1;48
8905;197807;97;2039;24
8906;197831;25;7913;6
8907;197837;97;2039;54
8908;197891;31;6383;18
8909;197909;17;11641;12
8910;197921;23;8605;6
8911;197927;197921;1;6
8912;197933;197909;1;24
8913;197957;13;15227;6
8914;197963;197957;1;6
8915;197969;197921;1;48
8916;198017;37;5351;30
8917;198047;47;4213;36
8918;198083;127;1559;90
8919;198173;53;3739;6
8920;198179;71;2791;18
8921;198197;198173;1;24
8922;198221;161;1231;30
8923;198251;31;6395;6
8924;198257;28319;7;24
8925;198281;137;1447;42
8926;198323;59;3361;24
8927;198347;41;4837;30
8928;198377;73;2717;36
8929;198413;29;6841;24
8930;198437;198413;1;24
8931;198461;28349;7;18
8932;198479;23;8629;12
8933;198491;198479;1;12
8934;198503;18043;11;30
8935;198533;18043;11;60
8936;198593;71;2797;6
8937;198599;25;7943;24
8938;198623;23;8635;18
8939;198641;39727;5;6
8940;198647;39727;5;12
8941;198659;307;647;30
8942;198689;61;3257;12
8943;198701;19;10457;18
8944;198719;61;3257;42
8945;198761;245;811;66
8946;198827;7;28403;6
8947;198833;198827;1;6
8948;198839;198827;1;12
8949;198851;53;3751;48
8950;198899;101;1969;30
8951;198929;17;11701;12
8952;198941;198929;1;12
8953;198953;7;28421;6
8954;198959;97;2051;12
8955;198971;13;15305;6
8956;198977;11701;17;60
8957;199037;19;10475;12
8958;199049;39799;5;54
8959;199103;37;5381;6
8960;199109;18097;11;42
8961;199151;53;3757;30
8962;199181;151;1319;12
8963;199193;25;7967;18
8964;199211;155;1285;36
8965;199247;39841;5;42
8966;199289;55;3623;24
8967;199313;199289;1;24
8968;199337;11;18121;6
8969;199343;199313;1;30
8970;199373;7;28481;6
8971;199379;65;3067;24
8972;199403;163;1223;54
8973;199457;11731;17;30
8974;199487;25;7979;12
8975;199499;25;7979;24
8976;199523;199487;1;36
8977;199559;35;5701;24
8978;199583;167;1195;18
8979;199601;167;1195;36
8980;199637;199601;1;36
8981;199673;13;15359;6
8982;199679;77;2593;18
8983;199697;199673;1;24
8984;199721;47;4249;18
8985;199739;67;2981;12
8986;199751;329;607;48
8987;199799;28541;7;12
8988;199811;107;1867;42
8989;199853;28547;7;24
8990;199877;71;2815;12
8991;199889;8689;23;42
8992;199931;15377;13;30
8993;199961;7;28565;6
8994;199967;199931;1;36
8995;200003;7;28571;6
8996;200009;37;5405;24
8997;200033;200003;1;30
8998;200063;41;4879;24
8999;200087;143;1399;30
9000;200117;101;1981;36
9001;200153;233;859;6
9002;200159;233;859;12
9003;200171;7;28595;6
9004;200177;200171;1;6
9005;200183;19;10535;18
9006;200201;200171;1;30
9007;200231;25;8009;6
9008;200237;200201;1;36
9009;200273;28607;7;24
9010;200297;11779;17;54
9011;200351;17;11785;6
9012;200357;200351;1;6
9013;200363;85;2357;18
9014;200381;127;1577;102
9015;200483;18223;11;30
9016;200513;18223;11;60
9017;200573;167;1201;6
9018;200579;167;1201;12
9019;200591;7;28655;6
9020;200597;35;5731;12
9021;200609;200579;1;30
9022;200639;19;10559;18
9023;200657;40123;5;42
9024;200699;25;8027;24
9025;200723;115;1745;48
9026;200771;49;4097;18
9027;200789;200771;1;18
9028;200807;200771;1;36
9029;200843;25;8033;18
9030;200861;17;11815;6
9031;200867;200843;1;24
9032;200891;28697;7;12
9033;200903;79;2543;6
9034;200909;200891;1;18
9035;200927;200867;1;60
9036;200987;133;1511;24
9037;201011;28703;7;90
9038;201101;37;5435;6
9039;201107;37;5435;12
9040;201119;15467;13;48
9041;201167;59;3409;36
9042;201203;43;4679;6
9043;201209;40237;5;24
9044;201233;35;5749;18
9045;201251;31;6491;30
9046;201281;25;8051;6
9047;201287;55;3659;42
9048;201329;149;1351;30
9049;201359;201329;1;30
9050;201389;18307;11;12
9051;201401;201389;1;12
9052;201413;201389;1;24
9053;201437;25;8057;12
9054;201449;25;8057;24
9055;201473;43;4685;18
9056;201491;59;3415;6
9057;201497;201437;1;60
9058;201557;10607;19;24
9059;201581;353;571;18
9060;201599;199;1013;12
9061;201611;201599;1;12
9062;201623;13;15509;6
9063;201629;61;3305;24
9064;201653;201623;1;30
9065;201683;53;3805;18
9066;201701;11863;17;30
9067;201731;28817;7;12
9068;201743;28817;7;24
9069;201767;201743;1;24
9070;201791;40357;5;6
9071;201797;40357;5;12
9072;201809;201797;1;12
9073;201821;181;1115;6
9074;201827;201821;1;6
9075;201833;40357;5;48
9076;201881;29;6961;12
9077;201893;19;10625;18
9078;201911;101;1999;12
9079;201923;101;1999;24
9080;201947;89;2269;6
9081;201953;55;3671;48
9082;202001;43;4697;30
9083;202031;28859;7;18
9084;202049;18367;11;12
9085;202061;7;28865;6
9086;202067;8081;25;42
9087;202109;28871;7;12
9088;202121;40423;5;6
9089;202127;202067;1;60
9090;202187;28871;7;90
9091;202277;35;5779;12
9092;202289;55;3677;54
9093;202343;25;8093;18
9094;202361;79;2561;42
9095;202403;13;15569;6
9096;202409;107;1891;72
9097;202481;23;8803;12
9098;202493;193;1049;36
9099;202529;202481;1;48
9100;202577;67;3023;36
9101;202613;289;701;24
9102;202637;202613;1;24
9103;202661;40531;5;6
9104;202667;40531;5;12
9105;202679;125;1621;54
9106;202733;40543;5;18
9107;202751;23;8815;6
9108;202757;40543;5;42
9109;202799;199;1019;18
9110;202817;7;28973;6
9111;202823;47;4315;18
9112;202841;202823;1;18
9113;202859;202841;1;18
9114;202877;13;15605;12
9115;202889;37;5483;18
9116;202907;8821;23;24
9117;202931;29;6997;18
9118;202949;202931;1;18
9119;202967;11;18451;6
9120;202973;202907;1;66
9121;203039;18457;11;12
9122;203051;40609;5;6
9123;203057;11941;17;60
9124;203117;37;5489;24
9125;203141;221;919;42
9126;203183;73;2783;24
9127;203207;17;11953;6
9128;203213;15629;13;36
9129;203249;103;1973;30
9130;203279;203249;1;30
9131;203309;23;8839;12
9132;203321;11959;17;18
9133;203339;127;1601;12
9134;203351;203339;1;12
9135;203363;67;3035;18
9136;203381;25;8135;6
9137;203387;203381;1;6
9138;203393;47;4327;24
9139;203417;17;11965;12
9140;203429;49;4151;30
9141;203459;203387;1;72
9142;203531;113;1801;18
9143;203549;43;4733;30
9144;203579;13;15659;12
9145;203591;55;3701;36
9146;203627;73;2789;30
9147;203657;7;29093;6
9148;203663;203657;1;6
9149;203669;2237;91;102
9150;203771;18523;11;18
9151;203789;203771;1;18
9152;203807;203771;1;36
9153;203843;323;631;30
9154;203873;8863;23;24
9155;203897;55;3707;12
9156;203909;203897;1;12
9157;203921;203873;1;48
9158;203969;109;1871;30
9159;203999;25;8159;24
9160;204023;203999;1;24
9161;204047;13;15695;12
9162;204059;187;1091;42
9163;204101;40819;5;6
9164;204107;89;2293;30
9165;204137;29;7039;6
9166;204143;23;8875;18
9167;204161;67;3047;12
9168;204173;91;2243;60
9169;204233;47;4345;18
9170;204251;5519;37;48
9171;204299;281;727;12
9172;204311;43;4751;18
9173;204329;29;7045;24
9174;204353;11;18577;6
9175;204359;13;15719;12
9176;204371;7;29195;6
9177;204377;101;2023;54
9178;204431;13;15725;6
9179;204437;204431;1;6
9180;204443;25;8177;18
9181;204461;18583;11;48
9182;204509;19;10763;12
9183;204521;40897;5;36
9184;204557;43;4757;6
9185;204563;8893;23;24
9186;204587;25;8183;12
9187;204599;25;8183;24
9188;204623;151;1355;18
9189;204641;167;1225;66
9190;204707;40939;5;12
9191;204719;79;2591;30
9192;204749;204707;1;42
9193;204791;7;29255;6
9194;204797;204791;1;6
9195;204803;35;5851;18
9196;204821;5851;35;36
9197;204857;203;1009;30
9198;204887;204857;1;30
9199;204917;7;29273;6
9200;204923;61;3359;24
9201;204947;73;2807;36
9202;204983;204947;1;36
9203;205019;18637;11;12
9204;205031;205019;1;12
9205;205043;359;571;54
9206;205097;23;8917;6
9207;205103;103;1991;30
9208;205133;41023;5;18
9209;205151;89;2305;6
9210;205157;31;6617;30
9211;205187;49;4187;24
9212;205211;157;1307;12
9213;205223;449;457;30
9214;205253;157;1307;54
9215;205307;19;10805;12
9216;205319;109;1883;72
9217;205391;41077;5;6
9218;205397;29339;7;24
9219;205421;7;29345;6
9220;205427;205421;1;6
9221;205433;71;2893;30
9222;205463;15803;13;24
9223;205487;53;3877;6
9224;205493;49;4193;36
9225;205529;115;1787;24
9226;205553;17;12091;6
9227;205559;205529;1;30
9228;205589;311;661;18
9229;205607;13;15815;12
9230;205619;167;1231;42
9231;205661;205619;1;42
9232;205703;31;6635;18
9233;205721;89;2311;42
9234;205763;29387;7;54
9235;205817;277;743;6
9236;205823;53;3883;24
9237;205847;277;743;36
9238;205883;12109;17;30
9239;205913;227;907;24
9240;205937;25;8237;12
9241;205949;97;2123;18
9242;205967;41;5023;24
9243;205991;281;733;18
9244;206009;61;3377;12
9245;206021;41203;5;6
9246;206027;206021;1;6
9247;206033;206027;1;6
9248;206039;206027;1;12
9249;206051;206033;1;18
9250;206069;17;12121;12
9251;206081;206039;1;42
9252;206123;10847;19;30
9253;206153;77;2677;24
9254;206177;7;29453;6
9255;206183;77;2677;54
9256;206237;25;8249;12
9257;206249;25;8249;24
9258;206273;313;659;6
9259;206279;313;659;12
9260;206291;206279;1;12
9261;206303;71;2905;48
9262;206351;23;8971;18
9263;206369;49;4211;30
9264;206399;179;1153;12
9265;206411;65;3175;36
9266;206447;151;1367;30
9267;206477;23;8977;6
9268;206483;206477;1;6
9269;206489;206477;1;12
9270;206501;206483;1;18
9271;206519;41299;5;24
9272;206543;206489;1;54
9273;206597;7;29513;6
9274;206603;167;1237;24
9275;206627;31;6665;12
9276;206639;206627;1;12
9277;206651;206603;1;48
9278;206699;155;1333;84
9279;206783;29537;7;24
9280;206807;7;29543;6
9281;206813;206807;1;6
9282;206819;29537;7;60
9283;206879;269;769;18
9284;206897;23;8995;12
9285;206909;35;5911;24
9286;206933;7;29561;6
9287;206939;41;5047;12
9288;206951;206909;1;42
9289;206993;29567;7;24
9290;207017;19;10895;12
9291;207029;207017;1;12
9292;207041;29567;7;72
9293;207113;235;881;78
9294;207191;11;18835;6
9295;207197;223;929;30
9296;207227;41443;5;12
9297;207239;49;4229;18
9298;207257;181;1145;12
9299;207269;83;2497;18
9300;207287;17;12193;6
9301;207293;207257;1;36
9302;207329;47;4411;12
9303;207341;37;5603;30
9304;207371;67;3095;6
9305;207377;101;2053;24
9306;207401;6689;31;42
9307;207443;433;479;36
9308;207479;13;15959;12
9309;207491;17;12205;6
9310;207497;17;12205;12
9311;207509;207497;1;12
9312;207521;207491;1;30
9313;207551;73;2843;12
9314;207563;7;29651;6
9315;207569;31;6695;24
9316;207593;149;1393;36
9317;207629;41521;5;24
9318;207653;131;1585;18
9319;207671;15971;13;48
9320;207719;41539;5;24
9321;207743;323;643;54
9322;207797;173;1201;24
9323;207821;49;4241;12
9324;207833;207797;1;36
9325;207869;89;2335;54
9326;207923;43;4835;18
9327;207941;7;29705;6
9328;207947;207941;1;6
9329;207953;35;5941;18
9330;207971;207941;1;30
9331;208001;41593;5;36
9332;208037;25;8321;12
9333;208049;19;10949;18
9334;208067;7;29723;6
9335;208073;53;3925;48
9336;208121;31;6713;18
9337;208139;29723;7;78
9338;208217;59;3529;6
9339;208223;61;3413;30
9340;208253;151;1379;24
9341;208277;7;29753;6
9342;208283;83;2509;36
9343;208319;12253;17;18
9344;208337;319;653;30
9345;208367;35;5953;12
9346;208379;208367;1;12
9347;208391;19;10967;18
9348;208409;71;2935;24
9349;208433;208409;1;24
9350;208457;149;1399;6
9351;208463;208457;1;6
9352;208469;47;4435;24
9353;208493;19;10973;6
9354;208499;19;10973;12
9355;208511;208493;1;18
9356;208529;55;3791;24
9357;208553;208529;1;24
9358;208577;35;5959;12
9359;208589;347;601;42
9360;208631;41719;5;36
9361;208667;31;6731;6
9362;208673;41;5089;24
9363;208697;208673;1;24
9364;208721;18973;11;18
9365;208739;49;4259;48
9366;208787;25;8351;12
9367;208799;208721;1;78
9368;208877;37;5645;12
9369;208889;16067;13;18
9370;208907;89;2347;24
9371;208931;77;2713;30
9372;208961;208931;1;30
9373;208991;7;29855;6
9374;208997;67;3119;24
9375;209021;29;7207;18
9376;209039;85;2459;24
9377;209063;7207;29;60
9378;209123;19009;11;24
9379;209147;151;1385;12
9380;209159;163;1283;30
9381;209189;29;7213;12
9382;209201;209189;1;12
9383;209213;7213;29;36
9384;209249;23;9097;18
9385;209267;131;1597;60
9386;209327;7;29903;6
9387;209333;37;5657;24
9388;209357;209333;1;24
9389;209381;23;9103;12
9390;209393;149;1405;48
9391;209441;97;2159;18
9392;209459;29921;7;12
9393;209471;41893;5;6
9394;209477;41887;5;42
9395;209519;55;3809;24
9396;209543;317;661;6
9397;209549;37;5663;18
9398;209567;41911;5;12
9399;209579;19051;11;18
9400;209597;47;4459;24
9401;209621;239;877;18
9402;209639;179;1171;30
9403;209669;16127;13;18
9404;209687;61;3437;30
9405;209717;71;2953;54
9406;209771;37;5669;18
9407;209789;31;6767;12
9408;209801;209789;1;12
9409;209813;13;16139;6
9410;209819;209801;1;18
9411;209837;209813;1;24
9412;209861;41959;5;66
9413;209927;41983;5;12
9414;209939;19081;11;48
9415;209987;31;6773;24
9416;210011;43;4883;42
9417;210053;35;6001;18
9418;210071;107;1963;30
9419;210101;71;2959;12
9420;210113;42019;5;18
9421;210131;13;16163;12
9422;210143;210113;1;30
9423;210173;55;3821;18
9424;210191;210173;1;18
9425;210209;127;1655;24
9426;210233;210209;1;24
9427;210257;53;3967;6
9428;210263;43;4889;36
9429;210299;439;479;18
9430;210317;19;11069;6
9431;210323;210299;1;24
9432;210347;23;9145;12
9433;210359;210317;1;42
9434;210401;29;7255;6
9435;210407;79;2663;30
9436;210437;30059;7;24
9437;210461;7;30065;6
9438;210467;12379;17;24
9439;210491;49;4295;36
9440;210527;31;6791;6
9441;210533;16193;13;24
9442;210557;71;2965;42
9443;210599;133;1583;60
9444;210659;17;12391;12
9445;210671;347;607;42
9446;210713;7;30101;6
9447;210719;31;6797;12
9448;210731;47;4483;30
9449;210761;17;12397;12
9450;210773;43;4901;30
9451;210803;277;761;6
9452;210809;30113;7;18
9453;210827;55;3833;12
9454;210839;16217;13;18
9455;210857;42169;5;12
9456;210869;210827;1;42
9457;210911;13;16223;12
9458;210923;7;30131;6
9459;210929;79;2669;78
9460;211007;42193;5;42
9461;211049;239;883;12
9462;211061;13;16235;6
9463;211067;211061;1;6
9464;211073;211049;1;24
9465;211097;59;3577;54
9466;211151;42223;5;36
9467;211187;223;947;6
9468;211193;211187;1;6
9469;211199;223;947;18
9470;211217;53;3985;12
9471;211229;211217;1;12
9472;211241;83;2545;6
9473;211247;11117;19;24
9474;211271;17;12427;12
9475;211283;103;2051;30
9476;211313;37;5711;6
9477;211319;16253;13;30
9478;211349;25;8453;24
9479;211373;19213;11;30
9480;211403;30197;7;24
9481;211427;7;30203;6
9482;211433;19219;11;24
9483;211457;13;16265;12
9484;211469;65;3253;24
9485;211493;61;3467;6
9486;211499;317;667;60
9487;211559;47;4501;12
9488;211571;211559;1;12
9489;211583;47;4501;36
9490;211619;101;2095;24
9491;211643;25;8465;18
9492;211661;49;4319;30
9493;211691;42331;5;36
9494;211727;77;2749;54
9495;211781;37;5723;30
9496;211811;11;19255;6
9497;211817;43;4925;42
9498;211859;53;3997;18
9499;211877;42373;5;12
9500;211889;5167;41;42
9501;211931;73;2903;12
9502;211943;11;19267;6
9503;211949;73;2903;30
9504;211979;29;7309;18
9505;211997;42391;5;42
9506;212039;19;11159;18
9507;212057;43;4931;24
9508;212081;163;1301;18
9509;212099;212081;1;18
9510;212117;47;4513;6
9511;212123;59;3595;18
9512;212141;212099;1;42
9513;212183;53;4003;24
9514;212207;331;641;36
9515;212243;67;3167;54
9516;212297;325;653;72
9517;212369;113;1879;42
9518;212411;19309;11;12
9519;212423;19309;11;24
9520;212447;109;1949;6
9521;212453;115;1847;48
9522;212501;42499;5;6
9523;212507;212453;1;54
9524;212561;43;4943;12
9525;212573;31;6857;6
9526;212579;139;1529;48
9527;212627;89;2389;6
9528;212633;65;3271;18
9529;212651;212633;1;18
9530;212669;212561;1;108
9531;212777;31;6863;24
9532;212801;6079;35;36
9533;212837;29;7339;6
9534;212843;437;487;24
9535;212867;11;19351;6
9536;212873;91;2339;24
9537;212897;7;30413;6
9538;212903;212897;1;6
9539;212909;91;2339;60
9540;212969;23;9259;12
9541;212981;7;30425;6
9542;212987;25;8519;12
9543;212999;25;8519;24
9544;213023;7;30431;6
9545;213029;6869;31;90
9546;213119;103;2069;12
9547;213131;53;4021;18
9548;213149;25;8525;24
9549;213173;30449;7;30
9550;213203;17;12541;6
9551;213209;89;2395;54
9552;213263;42649;5;18
9553;213281;19;11225;6
9554;213287;42649;5;42
9555;213329;12547;17;30
9556;213359;42667;5;24
9557;213383;213359;1;24
9558;213407;139;1535;42
9559;213449;30491;7;12
9560;213461;11;19405;6
9561;213467;461;463;24
9562;213491;213449;1;42
9563;213533;29;7363;6
9564;213539;47;4543;18
9565;213557;42703;5;42
9566;213599;19417;11;12
9567;213611;213599;1;12
9568;213623;35;6103;18
9569;213641;213623;1;18
9570;213659;85;2513;54
9571;213713;49;4361;24
9572;213737;61;3503;54
9573;213791;181;1181;30
9574;213821;7;30545;6
9575;213827;213821;1;6
9576;213833;55;3887;48
9577;213881;25;8555;6
9578;213887;95;2251;42
9579;213929;12583;17;18
9580;213947;7;30563;6
9581;213953;213929;1;24
9582;213977;42793;5;12
9583;213989;37;5783;18
9584;214007;49;4367;24
9585;214031;13;16463;12
9586;214043;127;1685;48
9587;214091;61;3509;42
9588;214133;251;853;30
9589;214163;55;3893;48
9590;214211;214163;1;48
9591;214259;35;6121;24
9592;214283;259;827;90
9593;214373;43;4985;18
9594;214391;71;3019;42
9595;214433;31;6917;6
9596;214439;31;6917;12
9597;214451;7;30635;6
9598;214457;214451;1;6
9599;214463;214457;1;6
9600;214469;214457;1;12
9601;214481;214463;1;18
9602;214499;214481;1;18
9603;214517;191;1123;24
9604;214541;12619;17;18
9605;214559;133;1613;30
9606;214589;29;7399;18
9607;214607;59;3637;24
9608;214631;167;1285;36
9609;214667;97;2213;6
9610;214673;35;6133;18
9611;214691;47;4567;42
9612;214733;53;4051;30
9613;214763;30677;7;24
9614;214787;214763;1;24
9615;214811;42961;5;6
9616;214817;61;3521;36
9617;214853;30689;7;30
9618;214883;214853;1;30
9619;214913;214883;1;30
9620;214943;29;7411;24
9621;214967;214883;1;84
9622;215051;113;1903;12
9623;215063;113;1903;24
9624;215087;215051;1;36
9625;215123;55;3911;18
9626;215141;43;5003;12
9627;215153;215123;1;30
9628;215183;79;2723;66
9629;215249;17;12661;12
9630;215261;215249;1;12
9631;215273;13;16559;6
9632;215279;215261;1;18
9633;215297;35;6151;12
9634;215309;377;571;42
9635;215351;197;1093;30
9636;215381;77;2797;12
9637;215393;43;5009;6
9638;215399;215381;1;18
9639;215417;43;5009;30
9640;215447;55;3917;12
9641;215459;215447;1;12
9642;215471;215459;1;12
9643;215483;215459;1;24
9644;215507;215483;1;24
9645;215531;229;941;42
9646;215573;43093;5;108
9647;215681;25;8627;6
9648;215687;215681;1;6
9649;215693;30809;7;30
9650;215723;215693;1;30
9651;215753;65;3319;18
9652;215771;443;487;30
9653;215801;359;601;42
9654;215843;4591;47;66
9655;215909;19;11363;12
9656;215921;7;30845;6
9657;215927;31;6965;12
9658;215939;209;1033;42
9659;215981;215939;1;42
9660;216023;53;4075;48
9661;216071;43207;5;36
9662;216107;31;6971;6
9663;216113;216107;1;6
9664;216119;281;769;30
9665;216149;25;8645;24
9666;216173;7;30881;6
9667;216179;65;3325;54
9668;216233;16631;13;30
9669;216263;67;3227;54
9670;216317;43261;5;12
9671;216329;29;7459;18
9672;216347;137;1579;24
9673;216371;47;4603;30
9674;216401;216371;1;30
9675;216431;193;1121;78
9676;216509;11393;19;42
9677;216551;223;971;18
9678;216569;5281;41;48
9679;216617;16661;13;24
9680;216641;37;5855;6
9681;216647;216641;1;6
9682;216653;30941;7;66
9683;216719;59;3673;12
9684;216731;216719;1;12
9685;216743;25;8669;18
9686;216761;216743;1;18
9687;216779;17;12751;12
9688;216791;216779;1;12
9689;216803;55;3941;48
9690;216851;216803;1;48
9691;216899;19717;11;12
9692;216911;13;16685;6
9693;216917;19717;11;30
9694;216947;89;2437;54
9695;217001;30983;7;120
9696;217121;55;3947;36
9697;217157;11;19741;6
9698;217163;217157;1;6
9699;217169;16703;13;30
9700;217199;25;8687;24
9701;217223;7;31031;6
9702;217229;13;16709;12
9703;217241;217229;1;12
9704;217253;23;9445;18
9705;217271;115;1889;36
9706;217307;7;31043;6
9707;217313;217307;1;6
9708;217319;37;5873;18
9709;217337;217313;1;24
9710;217361;29;7495;6
9711;217367;217337;1;30
9712;217397;35;6211;12
9713;217409;217397;1;12
9714;217421;31;7013;18
9715;217439;217421;1;18
9716;217457;13;16727;6
9717;217463;89;2443;36
9718;217499;187;1163;18
9719;217517;8699;25;42
9720;217559;211;1031;18
9721;217577;139;1565;42
9722;217619;35;6217;24
9723;217643;25;8705;18
9724;217661;101;2155;6
9725;217667;217643;1;24
9726;217691;13;16745;6
9727;217697;217667;1;30
9728;217727;7;31103;6
9729;217733;217727;1;6
9730;217739;217697;1;42
9731;217781;59;3691;12
9732;217793;91;2393;30
9733;217823;67;3251;6
9734;217829;433;503;30
9735;217859;67;3251;42
9736;217901;43579;5;6
9737;217907;319;683;30
9738;217937;43579;5;42
9739;217979;43591;5;24
9740;218003;43597;5;18
9741;218021;31139;7;48
9742;218069;31151;7;12
9743;218081;11;19825;6
9744;218087;437;499;24
9745;218111;181;1205;6
9746;218117;437;499;54
9747;218171;331;659;42
9748;218213;11483;19;36
9749;218249;67;3257;30
9750;218279;179;1219;78
9751;218357;7;31193;6
9752;218363;43669;5;18
9753;218381;43669;5;36
9754;218417;37;5903;6
9755;218423;29;7531;24
9756;218447;61;3581;6
9757;218453;218447;1;6
9758;218459;55;3971;54
9759;218513;89;2455;18
9760;218531;218513;1;18
9761;218549;31;7049;30
9762;218579;127;1721;12
9763;218591;43711;5;36
9764;218627;77;2839;24
9765;218651;7;31235;6
9766;218657;37;5909;24
9767;218681;218651;1;30
9768;218711;17;12865;6
9769;218717;218711;1;6
9770;218723;449;487;60
9771;218783;397;551;36
9772;218819;43759;5;24
9773;218843;53;4129;6
9774;218849;25;8753;24
9775;218873;218783;1;90
9776;218963;347;631;6
9777;218969;373;587;18
9778;218987;7;31283;6
9779;218993;218969;1;24
9780;219017;218993;1;24
9781;219041;23;9523;12
9782;219053;317;691;6
9783;219059;317;691;12
9784;219071;219059;1;12
9785;219083;317;691;36
9786;219119;29;7555;24
9787;219143;355;617;108
9788;219251;257;853;30
9789;219281;29;7561;12
9790;219293;25;8771;18
9791;219311;7561;29;42
9792;219353;43867;5;18
9793;219371;73;3005;6
9794;219377;73;3005;12
9795;219389;219371;1;18
9796;219407;219377;1;30
9797;219437;219407;1;30
9798;219467;29;7567;24
9799;219491;13;16883;12
9800;219503;41;5353;30
9801;219533;16883;13;54
9802;219587;25;8783;12
9803;219599;49;4481;30
9804;219629;137;1603;18
9805;219647;7573;29;30
9806;219677;107;2053;6
9807;219683;219677;1;6
9808;219689;107;2053;18
9809;219707;219683;1;24
9810;219731;16901;13;18
9811;219749;31391;7;12
9812;219761;43951;5;6
9813;219767;31391;7;30
9814;219797;113;1945;12
9815;219809;31397;7;30
9816;219839;17;12931;12
9817;219851;31;7091;30
9818;219881;219851;1;30
9819;219911;7;31415;6
9820;219917;59;3727;24
9821;219941;17;12937;12
9822;219953;7;31421;6
9823;219959;13;16919;12
9824;219971;29;7585;6
9825;219977;219971;1;6
9826;219983;219953;1;30
9827;220013;31;7097;6
9828;220019;163;1349;132
9829;220151;29;7591;12
9830;220163;7;31451;6
9831;220169;20011;11;48
9832;220217;391;563;84
9833;220301;44059;5;6
9834;220307;20023;11;54
9835;220361;179;1231;12
9836;220373;44071;5;18
9837;220391;31;7109;12
9838;220403;55;4007;18
9839;220421;220373;1;48
9840;220469;53;4159;42
9841;220511;91;2423;18
9842;220529;44101;5;24
9843;220553;23;9589;6
9844;220559;220529;1;30
9845;220589;31;7115;24
9846;220613;220559;1;54
9847;220667;7;31523;6
9848;220673;61;3617;36
9849;220709;83;2659;12
9850;220721;95;2323;36
9851;220757;220721;1;36
9852;220793;25;8831;18
9853;220811;20071;11;30
9854;220841;23;9601;18
9855;220859;220841;1;18
9856;220877;163;1355;12
9857;220889;220877;1;12
9858;220901;44179;5;6
9859;220907;44179;5;12
9860;220919;220907;1;12
9861;220931;220889;1;42
9862;220973;8837;25;48
9863;221021;220973;1;48
9864;221069;13003;17;18
9865;221087;7;31583;6
9866;221093;11633;19;66
9867;221159;281;787;12
9868;221171;103;2147;30
9869;221201;29;7627;18
9870;221219;20107;11;42
9871;221261;221219;1;42
9872;221303;79;2801;24
9873;221327;221261;1;66
9874;221393;269;823;6
9875;221399;269;823;12
9876;221411;55;4025;36
9877;221447;11;20131;6
9878;221453;67;3305;18
9879;221471;44293;5;6
9880;221477;44293;5;12
9881;221489;451;491;48
9882;221537;25;8861;12
9883;221549;29;7639;18
9884;221567;7639;29;36
9885;221603;35;6331;18
9886;221621;65;3409;36
9887;221657;107;2071;60
9888;221717;7;31673;6
9889;221723;221717;1;6
9890;221729;19;11669;18
9891;221747;5407;41;60
9892;221807;293;757;6
9893;221813;35;6337;18
9894;221831;221813;1;18
9895;221849;25;8873;24
9896;221873;44371;5;18
9897;221891;221873;1;18
9898;221909;421;527;42
9899;221951;44389;5;6
9900;221957;9649;23;30
9901;221987;13;17075;12
9902;221999;221987;1;12
9903;222011;221999;1;12
9904;222023;53;4189;6
9905;222029;53;4189;12
9906;222041;222023;1;18
9907;222059;222011;1;48
9908;222107;11;20191;6
9909;222113;31727;7;24
9910;222137;25;8885;12
9911;222149;222137;1;12
9912;222161;125;1777;36
9913;222197;125;1777;72
9914;222269;44449;5;24
9915;222293;25;8891;18
9916;222311;173;1285;6
9917;222317;222311;1;6
9918;222323;222317;1;6
9919;222329;222311;1;18
9920;222347;173;1285;42
9921;222389;229;971;30
9922;222419;29;7669;18
9923;222437;197;1129;24
9924;222461;95;2341;66
9925;222527;13;17117;6
9926;222533;49;4541;24
9927;222557;222527;1;30
9928;222587;222527;1;60
9929;222647;35;6361;12
9930;222659;167;1333;48
9931;222707;79;2819;6
9932;222713;55;4049;18
9933;222731;83;2683;42
9934;222773;89;2503;6
9935;222779;89;2503;12
9936;222791;353;631;48
9937;222839;163;1367;18
9938;222857;19;11729;6
9939;222863;85;2621;78
9940;222941;44587;5;6
9941;222947;222941;1;6
9942;222953;31847;7;24
9943;222977;222947;1;30
9944;223007;103;2165;12
9945;223019;269;829;18
9946;223037;25;8921;12
9947;223049;223037;1;12
9948;223061;223019;1;42
9949;223103;37;6029;30
9950;223133;44623;5;18
9951;223151;187;1193;60
9952;223211;44641;5;6
9953;223217;44641;5;12
9954;223229;223217;1;12
9955;223241;44647;5;6
9956;223247;223241;1;6
9957;223253;223247;1;6
9958;223259;223241;1;18
9959;223277;29;7699;6
9960;223283;223253;1;30
9961;223313;7;31901;6
9962;223319;19;11753;12
9963;223331;25;8933;6
9964;223337;223313;1;24
9965;223361;11;20305;6
9966;223367;223331;1;36
9967;223403;223367;1;36
9968;223439;44683;5;24
9969;223463;13;17189;6
9970;223469;13;17189;12
9971;223481;223469;1;12
9972;223493;17189;13;36
9973;223529;397;563;18
9974;223547;37;6041;30
9975;223577;61;3665;12
9976;223589;7211;31;48
9977;223637;53;4219;30
9978;223667;41;5455;12
9979;223679;191;1171;18
9980;223697;223637;1;60
9981;223757;229;977;24
9982;223781;6047;37;42
9983;223823;11;20347;6
9984;223829;20347;11;12
9985;223841;11777;19;78
9986;223919;31973;7;108
9987;224027;7;32003;6
9988;224033;13177;17;24
9989;224057;44809;5;12
9990;224069;13177;17;60
9991;224129;35;6403;24
9992;224153;23;9745;18
9993;224171;107;2095;6
9994;224177;224153;1;24
9995;224201;131;1711;60
9996;224261;44851;5;6
9997;224267;53;4231;24
9998;224291;20389;11;12
9999;224303;61;3677;6
10000;224309;224291;1;18
