n;A007606;weight;level;jump
1;1;0;0;3
2;4;3;1;1
3;5;2;2;1
4;6;0;0;5
5;11;2;5;1
6;12;11;1;1
7;13;2;6;1
8;14;13;1;1
9;15;8;1;7
10;22;3;7;1
11;23;2;11;1
12;24;23;1;1
13;25;2;12;1
14;26;5;5;1
15;27;2;13;1
16;28;19;1;9
17;37;2;18;1
18;38;37;1;1
19;39;2;19;1
20;40;3;13;1
21;41;2;20;1
22;42;41;1;1
23;43;2;21;1
24;44;43;1;1
25;45;17;2;11
26;56;5;11;1
27;57;2;28;1
28;58;3;19;1
29;59;2;29;1
30;60;59;1;1
31;61;2;30;1
32;62;61;1;1
33;63;2;31;1
34;64;3;21;1
35;65;2;32;1
36;66;53;1;13
37;79;2;39;1
38;80;79;1;1
39;81;2;40;1
40;82;3;27;1
41;83;2;41;1
42;84;83;1;1
43;85;2;42;1
44;86;5;17;1
45;87;2;43;1
46;88;3;29;1
47;89;2;44;1
48;90;89;1;1
49;91;19;4;15
50;106;3;35;1
51;107;2;53;1
52;108;107;1;1
53;109;2;54;1
54;110;109;1;1
55;111;2;55;1
56;112;3;37;1
57;113;2;56;1
58;114;113;1;1
59;115;2;57;1
60;116;5;23;1
61;117;2;58;1
62;118;3;39;1
63;119;2;59;1
64;120;103;1;17
65;137;2;68;1
66;138;137;1;1
67;139;2;69;1
68;140;139;1;1
69;141;2;70;1
70;142;3;47;1
71;143;2;71;1
72;144;11;13;1
73;145;2;72;1
74;146;5;29;1
75;147;2;73;1
76;148;3;49;1
77;149;2;74;1
78;150;149;1;1
79;151;2;75;1
80;152;151;1;1
81;153;67;2;19
82;172;3;57;1
83;173;2;86;1
84;174;173;1;1
85;175;2;87;1
86;176;5;35;1
87;177;2;88;1
88;178;3;59;1
89;179;2;89;1
90;180;179;1;1
91;181;2;90;1
92;182;181;1;1
93;183;2;91;1
94;184;3;61;1
95;185;2;92;1
96;186;5;37;1
97;187;2;93;1
98;188;11;17;1
99;189;2;94;1
100;190;169;1;21
101;211;2;105;1
102;212;211;1;1
103;213;2;106;1
104;214;3;71;1
105;215;2;107;1
106;216;5;43;1
107;217;2;108;1
108;218;7;31;1
109;219;2;109;1
110;220;3;73;1
111;221;2;110;1
112;222;13;17;1
113;223;2;111;1
114;224;223;1;1
115;225;2;112;1
116;226;3;75;1
117;227;2;113;1
118;228;227;1;1
119;229;2;114;1
120;230;229;1;1
121;231;26;8;23
122;254;11;23;1
123;255;2;127;1
124;256;3;85;1
125;257;2;128;1
126;258;257;1;1
127;259;2;129;1
128;260;7;37;1
129;261;2;130;1
130;262;3;87;1
131;263;2;131;1
132;264;263;1;1
133;265;2;132;1
134;266;5;53;1
135;267;2;133;1
136;268;3;89;1
137;269;2;134;1
138;270;269;1;1
139;271;2;135;1
140;272;271;1;1
141;273;2;136;1
142;274;3;91;1
143;275;2;137;1
144;276;251;1;25
145;301;2;150;1
146;302;7;43;1
147;303;2;151;1
148;304;3;101;1
149;305;2;152;1
150;306;5;61;1
151;307;2;153;1
152;308;307;1;1
153;309;2;154;1
154;310;3;103;1
155;311;2;155;1
156;312;311;1;1
157;313;2;156;1
158;314;313;1;1
159;315;2;157;1
160;316;3;105;1
161;317;2;158;1
162;318;317;1;1
163;319;2;159;1
164;320;11;29;1
165;321;2;160;1
166;322;3;107;1
167;323;2;161;1
168;324;17;19;1
169;325;149;2;27
170;352;3;117;1
171;353;2;176;1
172;354;353;1;1
173;355;2;177;1
174;356;5;71;1
175;357;2;178;1
176;358;3;119;1
177;359;2;179;1
178;360;359;1;1
179;361;2;180;1
180;362;19;19;1
181;363;2;181;1
182;364;3;121;1
183;365;2;182;1
184;366;5;73;1
185;367;2;183;1
186;368;367;1;1
187;369;2;184;1
188;370;3;123;1
189;371;2;185;1
190;372;7;53;1
191;373;2;186;1
192;374;373;1;1
193;375;2;187;1
194;376;3;125;1
195;377;2;188;1
196;378;349;1;29
197;407;2;203;1
198;408;11;37;1
199;409;2;204;1
200;410;409;1;1
201;411;2;205;1
202;412;3;137;1
203;413;2;206;1
204;414;7;59;1
205;415;2;207;1
206;416;5;83;1
207;417;2;208;1
208;418;3;139;1
209;419;2;209;1
210;420;419;1;1
211;421;2;210;1
212;422;421;1;1
213;423;2;211;1
214;424;3;141;1
215;425;2;212;1
216;426;5;85;1
217;427;2;213;1
218;428;7;61;1
219;429;2;214;1
220;430;3;143;1
221;431;2;215;1
222;432;431;1;1
223;433;2;216;1
224;434;433;1;1
225;435;101;4;31
226;466;3;155;1
227;467;2;233;1
228;468;467;1;1
229;469;2;234;1
230;470;7;67;1
231;471;2;235;1
232;472;3;157;1
233;473;2;236;1
234;474;11;43;1
235;475;2;237;1
236;476;5;95;1
237;477;2;238;1
238;478;3;159;1
239;479;2;239;1
240;480;479;1;1
241;481;2;240;1
242;482;13;37;1
243;483;2;241;1
244;484;3;161;1
245;485;2;242;1
246;486;5;97;1
247;487;2;243;1
248;488;487;1;1
249;489;2;244;1
250;490;3;163;1
251;491;2;245;1
252;492;491;1;1
253;493;2;246;1
254;494;17;29;1
255;495;2;247;1
256;496;463;1;33
257;529;2;264;1
258;530;23;23;1
259;531;2;265;1
260;532;3;177;1
261;533;2;266;1
262;534;13;41;1
263;535;2;267;1
264;536;5;107;1
265;537;2;268;1
266;538;3;179;1
267;539;2;269;1
268;540;7;77;1
269;541;2;270;1
270;542;541;1;1
271;543;2;271;1
272;544;3;181;1
273;545;2;272;1
274;546;5;109;1
275;547;2;273;1
276;548;547;1;1
277;549;2;274;1
278;550;3;183;1
279;551;2;275;1
280;552;19;29;1
281;553;2;276;1
282;554;7;79;1
283;555;2;277;1
284;556;3;185;1
285;557;2;278;1
286;558;557;1;1
287;559;2;279;1
288;560;13;43;1
289;561;263;2;35
290;596;5;119;1
291;597;2;298;1
292;598;3;199;1
293;599;2;299;1
294;600;599;1;1
295;601;2;300;1
296;602;601;1;1
297;603;2;301;1
298;604;3;201;1
299;605;2;302;1
300;606;5;121;1
301;607;2;303;1
302;608;607;1;1
303;609;2;304;1
304;610;3;203;1
305;611;2;305;1
306;612;13;47;1
307;613;2;306;1
308;614;613;1;1
309;615;2;307;1
310;616;3;205;1
311;617;2;308;1
312;618;617;1;1
313;619;2;309;1
314;620;619;1;1
315;621;2;310;1
316;622;3;207;1
317;623;2;311;1
318;624;7;89;1
319;625;2;312;1
320;626;5;125;1
321;627;2;313;1
322;628;3;209;1
323;629;2;314;1
324;630;593;1;37
325;667;2;333;1
326;668;23;29;1
327;669;2;334;1
328;670;3;223;1
329;671;2;335;1
330;672;11;61;1
331;673;2;336;1
332;674;673;1;1
333;675;2;337;1
334;676;3;225;1
335;677;2;338;1
336;678;677;1;1
337;679;2;339;1
338;680;7;97;1
339;681;2;340;1
340;682;3;227;1
341;683;2;341;1
342;684;683;1;1
343;685;2;342;1
344;686;5;137;1
345;687;2;343;1
346;688;3;229;1
347;689;2;344;1
348;690;13;53;1
349;691;2;345;1
350;692;691;1;1
351;693;2;346;1
352;694;3;231;1
353;695;2;347;1
354;696;5;139;1
355;697;2;348;1
356;698;17;41;1
357;699;2;349;1
358;700;3;233;1
359;701;2;350;1
360;702;701;1;1
361;703;83;8;39
362;742;3;247;1
363;743;2;371;1
364;744;743;1;1
365;745;2;372;1
366;746;5;149;1
367;747;2;373;1
368;748;3;249;1
369;749;2;374;1
370;750;7;107;1
371;751;2;375;1
372;752;751;1;1
373;753;2;376;1
374;754;3;251;1
375;755;2;377;1
376;756;5;151;1
377;757;2;378;1
378;758;757;1;1
379;759;2;379;1
380;760;3;253;1
381;761;2;380;1
382;762;761;1;1
383;763;2;381;1
384;764;7;109;1
385;765;2;382;1
386;766;3;255;1
387;767;2;383;1
388;768;13;59;1
389;769;2;384;1
390;770;769;1;1
391;771;2;385;1
392;772;3;257;1
393;773;2;386;1
394;774;773;1;1
395;775;2;387;1
396;776;5;155;1
397;777;2;388;1
398;778;3;259;1
399;779;2;389;1
400;780;739;1;41
401;821;2;410;1
402;822;821;1;1
403;823;2;411;1
404;824;823;1;1
405;825;2;412;1
406;826;3;275;1
407;827;2;413;1
408;828;827;1;1
409;829;2;414;1
410;830;829;1;1
411;831;2;415;1
412;832;3;277;1
413;833;2;416;1
414;834;7;119;1
415;835;2;417;1
416;836;5;167;1
417;837;2;418;1
418;838;3;279;1
419;839;2;419;1
420;840;839;1;1
421;841;2;420;1
422;842;29;29;1
423;843;2;421;1
424;844;3;281;1
425;845;2;422;1
426;846;5;169;1
427;847;2;423;1
428;848;7;121;1
429;849;2;424;1
430;850;3;283;1
431;851;2;425;1
432;852;23;37;1
433;853;2;426;1
434;854;853;1;1
435;855;2;427;1
436;856;3;285;1
437;857;2;428;1
438;858;857;1;1
439;859;2;429;1
440;860;859;1;1
441;861;409;2;43
442;904;3;301;1
443;905;2;452;1
444;906;5;181;1
445;907;2;453;1
446;908;907;1;1
447;909;2;454;1
448;910;3;303;1
449;911;2;455;1
450;912;911;1;1
451;913;2;456;1
452;914;11;83;1
453;915;2;457;1
454;916;3;305;1
455;917;2;458;1
456;918;7;131;1
457;919;2;459;1
458;920;919;1;1
459;921;2;460;1
460;922;3;307;1
461;923;2;461;1
462;924;13;71;1
463;925;2;462;1
464;926;5;185;1
465;927;2;463;1
466;928;3;309;1
467;929;2;464;1
468;930;929;1;1
469;931;2;465;1
470;932;7;133;1
471;933;2;466;1
472;934;3;311;1
473;935;2;467;1
474;936;5;187;1
475;937;2;468;1
476;938;937;1;1
477;939;2;469;1
478;940;3;313;1
479;941;2;470;1
480;942;941;1;1
481;943;2;471;1
482;944;23;41;1
483;945;2;472;1
484;946;53;17;45
485;991;2;495;1
486;992;991;1;1
487;993;2;496;1
488;994;3;331;1
489;995;2;497;1
490;996;5;199;1
491;997;2;498;1
492;998;997;1;1
493;999;2;499;1
494;1000;3;333;1
495;1001;2;500;1
496;1002;7;143;1
497;1003;2;501;1
498;1004;17;59;1
499;1005;2;502;1
500;1006;3;335;1
501;1007;2;503;1
502;1008;19;53;1
503;1009;2;504;1
504;1010;1009;1;1
505;1011;2;505;1
506;1012;3;337;1
507;1013;2;506;1
508;1014;1013;1;1
509;1015;2;507;1
510;1016;5;203;1
511;1017;2;508;1
512;1018;3;339;1
513;1019;2;509;1
514;1020;1019;1;1
515;1021;2;510;1
516;1022;1021;1;1
517;1023;2;511;1
518;1024;3;341;1
519;1025;2;512;1
520;1026;5;205;1
521;1027;2;513;1
522;1028;13;79;1
523;1029;2;514;1
524;1030;3;343;1
525;1031;2;515;1
526;1032;1031;1;1
527;1033;2;516;1
528;1034;1033;1;1
529;1035;52;19;47
530;1082;23;47;1
531;1083;2;541;1
532;1084;3;361;1
533;1085;2;542;1
534;1086;5;217;1
535;1087;2;543;1
536;1088;1087;1;1
537;1089;2;544;1
538;1090;3;363;1
539;1091;2;545;1
540;1092;1091;1;1
541;1093;2;546;1
542;1094;1093;1;1
543;1095;2;547;1
544;1096;3;365;1
545;1097;2;548;1
546;1098;1097;1;1
547;1099;2;549;1
548;1100;7;157;1
549;1101;2;550;1
550;1102;3;367;1
551;1103;2;551;1
552;1104;1103;1;1
553;1105;2;552;1
554;1106;5;221;1
555;1107;2;553;1
556;1108;3;369;1
557;1109;2;554;1
558;1110;1109;1;1
559;1111;2;555;1
560;1112;11;101;1
561;1113;2;556;1
562;1114;3;371;1
563;1115;2;557;1
564;1116;5;223;1
565;1117;2;558;1
566;1118;1117;1;1
567;1119;2;559;1
568;1120;3;373;1
569;1121;2;560;1
570;1122;19;59;1
571;1123;2;561;1
572;1124;1123;1;1
573;1125;2;562;1
574;1126;3;375;1
575;1127;2;563;1
576;1128;83;13;49
577;1177;2;588;1
578;1178;11;107;1
579;1179;2;589;1
580;1180;3;393;1
581;1181;2;590;1
582;1182;1181;1;1
583;1183;2;591;1
584;1184;7;169;1
585;1185;2;592;1
586;1186;3;395;1
587;1187;2;593;1
588;1188;1187;1;1
589;1189;2;594;1
590;1190;29;41;1
591;1191;2;595;1
592;1192;3;397;1
593;1193;2;596;1
594;1194;1193;1;1
595;1195;2;597;1
596;1196;5;239;1
597;1197;2;598;1
598;1198;3;399;1
599;1199;2;599;1
600;1200;11;109;1
601;1201;2;600;1
602;1202;1201;1;1
603;1203;2;601;1
604;1204;3;401;1
605;1205;2;602;1
606;1206;5;241;1
607;1207;2;603;1
608;1208;17;71;1
609;1209;2;604;1
610;1210;3;403;1
611;1211;2;605;1
612;1212;7;173;1
613;1213;2;606;1
614;1214;1213;1;1
615;1215;2;607;1
616;1216;3;405;1
617;1217;2;608;1
618;1218;1217;1;1
619;1219;2;609;1
620;1220;23;53;1
621;1221;2;610;1
622;1222;3;407;1
623;1223;2;611;1
624;1224;1223;1;1
625;1225;587;2;51
626;1276;3;425;1
627;1277;2;638;1
628;1278;1277;1;1
629;1279;2;639;1
630;1280;1279;1;1
631;1281;2;640;1
632;1282;3;427;1
633;1283;2;641;1
634;1284;1283;1;1
635;1285;2;642;1
636;1286;5;257;1
637;1287;2;643;1
638;1288;3;429;1
639;1289;2;644;1
640;1290;1289;1;1
641;1291;2;645;1
642;1292;1291;1;1
643;1293;2;646;1
644;1294;3;431;1
645;1295;2;647;1
646;1296;5;259;1
647;1297;2;648;1
648;1298;1297;1;1
649;1299;2;649;1
650;1300;3;433;1
651;1301;2;650;1
652;1302;1301;1;1
653;1303;2;651;1
654;1304;1303;1;1
655;1305;2;652;1
656;1306;3;435;1
657;1307;2;653;1
658;1308;1307;1;1
659;1309;2;654;1
660;1310;7;187;1
661;1311;2;655;1
662;1312;3;437;1
663;1313;2;656;1
664;1314;13;101;1
665;1315;2;657;1
666;1316;5;263;1
667;1317;2;658;1
668;1318;3;439;1
669;1319;2;659;1
670;1320;1319;1;1
671;1321;2;660;1
672;1322;1321;1;1
673;1323;2;661;1
674;1324;3;441;1
675;1325;2;662;1
676;1326;67;19;53
677;1379;2;689;1
678;1380;7;197;1
679;1381;2;690;1
680;1382;1381;1;1
681;1383;2;691;1
682;1384;3;461;1
683;1385;2;692;1
684;1386;5;277;1
685;1387;2;693;1
686;1388;19;73;1
687;1389;2;694;1
688;1390;3;463;1
689;1391;2;695;1
690;1392;13;107;1
691;1393;2;696;1
692;1394;7;199;1
693;1395;2;697;1
694;1396;3;465;1
695;1397;2;698;1
696;1398;11;127;1
697;1399;2;699;1
698;1400;1399;1;1
699;1401;2;700;1
700;1402;3;467;1
701;1403;2;701;1
702;1404;23;61;1
703;1405;2;702;1
704;1406;5;281;1
705;1407;2;703;1
706;1408;3;469;1
707;1409;2;704;1
708;1410;1409;1;1
709;1411;2;705;1
710;1412;17;83;1
711;1413;2;706;1
712;1414;3;471;1
713;1415;2;707;1
714;1416;5;283;1
715;1417;2;708;1
716;1418;13;109;1
717;1419;2;709;1
718;1420;3;473;1
719;1421;2;710;1
720;1422;7;203;1
721;1423;2;711;1
722;1424;1423;1;1
723;1425;2;712;1
724;1426;3;475;1
725;1427;2;713;1
726;1428;1427;1;1
727;1429;2;714;1
728;1430;1429;1;1
729;1431;86;16;55
730;1486;3;495;1
731;1487;2;743;1
732;1488;1487;1;1
733;1489;2;744;1
734;1490;1489;1;1
735;1491;2;745;1
736;1492;3;497;1
737;1493;2;746;1
738;1494;1493;1;1
739;1495;2;747;1
740;1496;5;299;1
741;1497;2;748;1
742;1498;3;499;1
743;1499;2;749;1
744;1500;1499;1;1
745;1501;2;750;1
746;1502;19;79;1
747;1503;2;751;1
748;1504;3;501;1
749;1505;2;752;1
750;1506;5;301;1
751;1507;2;753;1
752;1508;11;137;1
753;1509;2;754;1
754;1510;3;503;1
755;1511;2;755;1
756;1512;1511;1;1
757;1513;2;756;1
758;1514;17;89;1
759;1515;2;757;1
760;1516;3;505;1
761;1517;2;758;1
762;1518;37;41;1
763;1519;2;759;1
764;1520;7;217;1
765;1521;2;760;1
766;1522;3;507;1
767;1523;2;761;1
768;1524;1523;1;1
769;1525;2;762;1
770;1526;5;305;1
771;1527;2;763;1
772;1528;3;509;1
773;1529;2;764;1
774;1530;11;139;1
775;1531;2;765;1
776;1532;1531;1;1
777;1533;2;766;1
778;1534;3;511;1
779;1535;2;767;1
780;1536;5;307;1
781;1537;2;768;1
782;1538;29;53;1
783;1539;2;769;1
784;1540;1483;1;57
785;1597;2;798;1
786;1598;1597;1;1
787;1599;2;799;1
788;1600;3;533;1
789;1601;2;800;1
790;1602;1601;1;1
791;1603;2;801;1
792;1604;7;229;1
793;1605;2;802;1
794;1606;3;535;1
795;1607;2;803;1
796;1608;1607;1;1
797;1609;2;804;1
798;1610;1609;1;1
799;1611;2;805;1
800;1612;3;537;1
801;1613;2;806;1
802;1614;1613;1;1
803;1615;2;807;1
804;1616;5;323;1
805;1617;2;808;1
806;1618;3;539;1
807;1619;2;809;1
808;1620;1619;1;1
809;1621;2;810;1
810;1622;1621;1;1
811;1623;2;811;1
812;1624;3;541;1
813;1625;2;812;1
814;1626;5;325;1
815;1627;2;813;1
816;1628;1627;1;1
817;1629;2;814;1
818;1630;3;543;1
819;1631;2;815;1
820;1632;7;233;1
821;1633;2;816;1
822;1634;23;71;1
823;1635;2;817;1
824;1636;3;545;1
825;1637;2;818;1
826;1638;1637;1;1
827;1639;2;819;1
828;1640;11;149;1
829;1641;2;820;1
830;1642;3;547;1
831;1643;2;821;1
832;1644;31;53;1
833;1645;2;822;1
834;1646;5;329;1
835;1647;2;823;1
836;1648;3;549;1
837;1649;2;824;1
838;1650;17;97;1
839;1651;2;825;1
840;1652;13;127;1
841;1653;797;2;59
842;1712;29;59;1
843;1713;2;856;1
844;1714;3;571;1
845;1715;2;857;1
846;1716;5;343;1
847;1717;2;858;1
848;1718;17;101;1
849;1719;2;859;1
850;1720;3;573;1
851;1721;2;860;1
852;1722;1721;1;1
853;1723;2;861;1
854;1724;1723;1;1
855;1725;2;862;1
856;1726;3;575;1
857;1727;2;863;1
858;1728;11;157;1
859;1729;2;864;1
860;1730;7;247;1
861;1731;2;865;1
862;1732;3;577;1
863;1733;2;866;1
864;1734;1733;1;1
865;1735;2;867;1
866;1736;5;347;1
867;1737;2;868;1
868;1738;3;579;1
869;1739;2;869;1
870;1740;37;47;1
871;1741;2;870;1
872;1742;1741;1;1
873;1743;2;871;1
874;1744;3;581;1
875;1745;2;872;1
876;1746;5;349;1
877;1747;2;873;1
878;1748;1747;1;1
879;1749;2;874;1
880;1750;3;583;1
881;1751;2;875;1
882;1752;17;103;1
883;1753;2;876;1
884;1754;1753;1;1
885;1755;2;877;1
886;1756;3;585;1
887;1757;2;878;1
888;1758;7;251;1
889;1759;2;879;1
890;1760;1759;1;1
891;1761;2;880;1
892;1762;3;587;1
893;1763;2;881;1
894;1764;41;43;1
895;1765;2;882;1
896;1766;5;353;1
897;1767;2;883;1
898;1768;3;589;1
899;1769;2;884;1
900;1770;1709;1;61
901;1831;2;915;1
902;1832;1831;1;1
903;1833;2;916;1
904;1834;3;611;1
905;1835;2;917;1
906;1836;5;367;1
907;1837;2;918;1
908;1838;11;167;1
909;1839;2;919;1
910;1840;3;613;1
911;1841;2;920;1
912;1842;7;263;1
913;1843;2;921;1
914;1844;19;97;1
915;1845;2;922;1
916;1846;3;615;1
917;1847;2;923;1
918;1848;1847;1;1
919;1849;2;924;1
920;1850;43;43;1
921;1851;2;925;1
922;1852;3;617;1
923;1853;2;926;1
924;1854;17;109;1
925;1855;2;927;1
926;1856;5;371;1
927;1857;2;928;1
928;1858;3;619;1
929;1859;2;929;1
930;1860;11;169;1
931;1861;2;930;1
932;1862;1861;1;1
933;1863;2;931;1
934;1864;3;621;1
935;1865;2;932;1
936;1866;5;373;1
937;1867;2;933;1
938;1868;1867;1;1
939;1869;2;934;1
940;1870;3;623;1
941;1871;2;935;1
942;1872;1871;1;1
943;1873;2;936;1
944;1874;1873;1;1
945;1875;2;937;1
946;1876;3;625;1
947;1877;2;938;1
948;1878;1877;1;1
949;1879;2;939;1
950;1880;1879;1;1
951;1881;2;940;1
952;1882;3;627;1
953;1883;2;941;1
954;1884;7;269;1
955;1885;2;942;1
956;1886;5;377;1
957;1887;2;943;1
958;1888;3;629;1
959;1889;2;944;1
960;1890;1889;1;1
961;1891;457;4;63
962;1954;3;651;1
963;1955;2;977;1
964;1956;5;391;1
965;1957;2;978;1
966;1958;19;103;1
967;1959;2;979;1
968;1960;3;653;1
969;1961;2;980;1
970;1962;37;53;1
971;1963;2;981;1
972;1964;13;151;1
973;1965;2;982;1
974;1966;3;655;1
975;1967;2;983;1
976;1968;7;281;1
977;1969;2;984;1
978;1970;11;179;1
979;1971;2;985;1
980;1972;3;657;1
981;1973;2;986;1
982;1974;1973;1;1
983;1975;2;987;1
984;1976;5;395;1
985;1977;2;988;1
986;1978;3;659;1
987;1979;2;989;1
988;1980;1979;1;1
989;1981;2;990;1
990;1982;7;283;1
991;1983;2;991;1
992;1984;3;661;1
993;1985;2;992;1
994;1986;5;397;1
995;1987;2;993;1
996;1988;1987;1;1
997;1989;2;994;1
998;1990;3;663;1
999;1991;2;995;1
1000;1992;11;181;1
1001;1993;2;996;1
1002;1994;1993;1;1
1003;1995;2;997;1
1004;1996;3;665;1
1005;1997;2;998;1
1006;1998;1997;1;1
1007;1999;2;999;1
1008;2000;1999;1;1
1009;2001;2;1000;1
1010;2002;3;667;1
1011;2003;2;1001;1
1012;2004;2003;1;1
1013;2005;2;1002;1
1014;2006;5;401;1
1015;2007;2;1003;1
1016;2008;3;669;1
1017;2009;2;1004;1
1018;2010;7;287;1
1019;2011;2;1005;1
1020;2012;2011;1;1
1021;2013;2;1006;1
1022;2014;3;671;1
1023;2015;2;1007;1
1024;2016;1951;1;65
1025;2081;2;1040;1
1026;2082;2081;1;1
1027;2083;2;1041;1
1028;2084;2083;1;1
1029;2085;2;1042;1
1030;2086;3;695;1
1031;2087;2;1043;1
1032;2088;2087;1;1
1033;2089;2;1044;1
1034;2090;2089;1;1
1035;2091;2;1045;1
1036;2092;3;697;1
1037;2093;2;1046;1
1038;2094;7;299;1
1039;2095;2;1047;1
1040;2096;5;419;1
1041;2097;2;1048;1
1042;2098;3;699;1
1043;2099;2;1049;1
1044;2100;2099;1;1
1045;2101;2;1050;1
1046;2102;11;191;1
1047;2103;2;1051;1
1048;2104;3;701;1
1049;2105;2;1052;1
1050;2106;5;421;1
1051;2107;2;1053;1
1052;2108;7;301;1
1053;2109;2;1054;1
1054;2110;3;703;1
1055;2111;2;1055;1
1056;2112;2111;1;1
1057;2113;2;1056;1
1058;2114;2113;1;1
1059;2115;2;1057;1
1060;2116;3;705;1
1061;2117;2;1058;1
1062;2118;29;73;1
1063;2119;2;1059;1
1064;2120;13;163;1
1065;2121;2;1060;1
1066;2122;3;707;1
1067;2123;2;1061;1
1068;2124;11;193;1
1069;2125;2;1062;1
1070;2126;5;425;1
1071;2127;2;1063;1
1072;2128;3;709;1
1073;2129;2;1064;1
1074;2130;2129;1;1
1075;2131;2;1065;1
1076;2132;2131;1;1
1077;2133;2;1066;1
1078;2134;3;711;1
1079;2135;2;1067;1
1080;2136;5;427;1
1081;2137;2;1068;1
1082;2138;2137;1;1
1083;2139;2;1069;1
1084;2140;3;713;1
1085;2141;2;1070;1
1086;2142;2141;1;1
1087;2143;2;1071;1
1088;2144;2143;1;1
1089;2145;1039;2;67
1090;2212;3;737;1
1091;2213;2;1106;1
1092;2214;2213;1;1
1093;2215;2;1107;1
1094;2216;5;443;1
1095;2217;2;1108;1
1096;2218;3;739;1
1097;2219;2;1109;1
1098;2220;7;317;1
1099;2221;2;1110;1
1100;2222;2221;1;1
1101;2223;2;1111;1
1102;2224;3;741;1
1103;2225;2;1112;1
1104;2226;5;445;1
1105;2227;2;1113;1
1106;2228;17;131;1
1107;2229;2;1114;1
1108;2230;3;743;1
1109;2231;2;1115;1
1110;2232;23;97;1
1111;2233;2;1116;1
1112;2234;7;319;1
1113;2235;2;1117;1
1114;2236;3;745;1
1115;2237;2;1118;1
1116;2238;2237;1;1
1117;2239;2;1119;1
1118;2240;2239;1;1
1119;2241;2;1120;1
1120;2242;3;747;1
1121;2243;2;1121;1
1122;2244;2243;1;1
1123;2245;2;1122;1
1124;2246;5;449;1
1125;2247;2;1123;1
1126;2248;3;749;1
1127;2249;2;1124;1
1128;2250;13;173;1
1129;2251;2;1125;1
1130;2252;2251;1;1
1131;2253;2;1126;1
1132;2254;3;751;1
1133;2255;2;1127;1
1134;2256;5;451;1
1135;2257;2;1128;1
1136;2258;37;61;1
1137;2259;2;1129;1
1138;2260;3;753;1
1139;2261;2;1130;1
1140;2262;7;323;1
1141;2263;2;1131;1
1142;2264;31;73;1
1143;2265;2;1132;1
1144;2266;3;755;1
1145;2267;2;1133;1
1146;2268;2267;1;1
1147;2269;2;1134;1
1148;2270;2269;1;1
1149;2271;2;1135;1
1150;2272;3;757;1
1151;2273;2;1136;1
1152;2274;2273;1;1
1153;2275;2;1137;1
1154;2276;5;455;1
1155;2277;2;1138;1
1156;2278;2209;1;69
1157;2347;2;1173;1
1158;2348;2347;1;1
1159;2349;2;1174;1
1160;2350;3;783;1
1161;2351;2;1175;1
1162;2352;2351;1;1
1163;2353;2;1176;1
1164;2354;13;181;1
1165;2355;2;1177;1
1166;2356;3;785;1
1167;2357;2;1178;1
1168;2358;2357;1;1
1169;2359;2;1179;1
1170;2360;7;337;1
1171;2361;2;1180;1
1172;2362;3;787;1
1173;2363;2;1181;1
1174;2364;17;139;1
1175;2365;2;1182;1
1176;2366;5;473;1
1177;2367;2;1183;1
1178;2368;3;789;1
1179;2369;2;1184;1
1180;2370;23;103;1
1181;2371;2;1185;1
1182;2372;2371;1;1
1183;2373;2;1186;1
1184;2374;3;791;1
1185;2375;2;1187;1
1186;2376;5;475;1
1187;2377;2;1188;1
1188;2378;2377;1;1
1189;2379;2;1189;1
1190;2380;3;793;1
1191;2381;2;1190;1
1192;2382;2381;1;1
1193;2383;2;1191;1
1194;2384;2383;1;1
1195;2385;2;1192;1
1196;2386;3;795;1
1197;2387;2;1193;1
1198;2388;7;341;1
1199;2389;2;1194;1
1200;2390;2389;1;1
1201;2391;2;1195;1
1202;2392;3;797;1
1203;2393;2;1196;1
1204;2394;2393;1;1
1205;2395;2;1197;1
1206;2396;5;479;1
1207;2397;2;1198;1
1208;2398;3;799;1
1209;2399;2;1199;1
1210;2400;2399;1;1
1211;2401;2;1200;1
1212;2402;7;343;1
1213;2403;2;1201;1
1214;2404;3;801;1
1215;2405;2;1202;1
1216;2406;5;481;1
1217;2407;2;1203;1
1218;2408;29;83;1
1219;2409;2;1204;1
1220;2410;3;803;1
1221;2411;2;1205;1
1222;2412;2411;1;1
1223;2413;2;1206;1
1224;2414;19;127;1
1225;2415;293;8;71
1226;2486;5;497;1
1227;2487;2;1243;1
1228;2488;3;829;1
1229;2489;2;1244;1
1230;2490;19;131;1
1231;2491;2;1245;1
1232;2492;47;53;1
1233;2493;2;1246;1
1234;2494;3;831;1
1235;2495;2;1247;1
1236;2496;5;499;1
1237;2497;2;1248;1
1238;2498;11;227;1
1239;2499;2;1249;1
1240;2500;3;833;1
1241;2501;2;1250;1
1242;2502;41;61;1
1243;2503;2;1251;1
1244;2504;2503;1;1
1245;2505;2;1252;1
1246;2506;3;835;1
1247;2507;2;1253;1
1248;2508;23;109;1
1249;2509;2;1254;1
1250;2510;13;193;1
1251;2511;2;1255;1
1252;2512;3;837;1
1253;2513;2;1256;1
1254;2514;7;359;1
1255;2515;2;1257;1
1256;2516;5;503;1
1257;2517;2;1258;1
1258;2518;3;839;1
1259;2519;2;1259;1
1260;2520;11;229;1
1261;2521;2;1260;1
1262;2522;2521;1;1
1263;2523;2;1261;1
1264;2524;3;841;1
1265;2525;2;1262;1
1266;2526;5;505;1
1267;2527;2;1263;1
1268;2528;7;361;1
1269;2529;2;1264;1
1270;2530;3;843;1
1271;2531;2;1265;1
1272;2532;2531;1;1
1273;2533;2;1266;1
1274;2534;17;149;1
1275;2535;2;1267;1
1276;2536;3;845;1
1277;2537;2;1268;1
1278;2538;43;59;1
1279;2539;2;1269;1
1280;2540;2539;1;1
1281;2541;2;1270;1
1282;2542;3;847;1
1283;2543;2;1271;1
1284;2544;2543;1;1
1285;2545;2;1272;1
1286;2546;5;509;1
1287;2547;2;1273;1
1288;2548;3;849;1
1289;2549;2;1274;1
1290;2550;2549;1;1
1291;2551;2;1275;1
1292;2552;2551;1;1
1293;2553;2;1276;1
1294;2554;3;851;1
1295;2555;2;1277;1
1296;2556;191;13;73
1297;2629;2;1314;1
1298;2630;11;239;1
1299;2631;2;1315;1
1300;2632;3;877;1
1301;2633;2;1316;1
1302;2634;2633;1;1
1303;2635;2;1317;1
1304;2636;5;527;1
1305;2637;2;1318;1
1306;2638;3;879;1
1307;2639;2;1319;1
1308;2640;7;377;1
1309;2641;2;1320;1
1310;2642;19;139;1
1311;2643;2;1321;1
1312;2644;3;881;1
1313;2645;2;1322;1
1314;2646;5;529;1
1315;2647;2;1323;1
1316;2648;2647;1;1
1317;2649;2;1324;1
1318;2650;3;883;1
1319;2651;2;1325;1
1320;2652;11;241;1
1321;2653;2;1326;1
1322;2654;7;379;1
1323;2655;2;1327;1
1324;2656;3;885;1
1325;2657;2;1328;1
1326;2658;2657;1;1
1327;2659;2;1329;1
1328;2660;2659;1;1
1329;2661;2;1330;1
1330;2662;3;887;1
1331;2663;2;1331;1
1332;2664;2663;1;1
1333;2665;2;1332;1
1334;2666;5;533;1
1335;2667;2;1333;1
1336;2668;3;889;1
1337;2669;2;1334;1
1338;2670;17;157;1
1339;2671;2;1335;1
1340;2672;2671;1;1
1341;2673;2;1336;1
1342;2674;3;891;1
1343;2675;2;1337;1
1344;2676;5;535;1
1345;2677;2;1338;1
1346;2678;2677;1;1
1347;2679;2;1339;1
1348;2680;3;893;1
1349;2681;2;1340;1
1350;2682;7;383;1
1351;2683;2;1341;1
1352;2684;2683;1;1
1353;2685;2;1342;1
1354;2686;3;895;1
1355;2687;2;1343;1
1356;2688;2687;1;1
1357;2689;2;1344;1
1358;2690;2689;1;1
1359;2691;2;1345;1
1360;2692;3;897;1
1361;2693;2;1346;1
1362;2694;2693;1;1
1363;2695;2;1347;1
1364;2696;5;539;1
1365;2697;2;1348;1
1366;2698;3;899;1
1367;2699;2;1349;1
1368;2700;2699;1;1
1369;2701;101;26;75
1370;2776;3;925;1
1371;2777;2;1388;1
1372;2778;2777;1;1
1373;2779;2;1389;1
1374;2780;7;397;1
1375;2781;2;1390;1
1376;2782;3;927;1
1377;2783;2;1391;1
1378;2784;11;253;1
1379;2785;2;1392;1
1380;2786;5;557;1
1381;2787;2;1393;1
1382;2788;3;929;1
1383;2789;2;1394;1
1384;2790;2789;1;1
1385;2791;2;1395;1
1386;2792;2791;1;1
1387;2793;2;1396;1
1388;2794;3;931;1
1389;2795;2;1397;1
1390;2796;5;559;1
1391;2797;2;1398;1
1392;2798;2797;1;1
1393;2799;2;1399;1
1394;2800;3;933;1
1395;2801;2;1400;1
1396;2802;2801;1;1
1397;2803;2;1401;1
1398;2804;2803;1;1
1399;2805;2;1402;1
1400;2806;3;935;1
1401;2807;2;1403;1
1402;2808;7;401;1
1403;2809;2;1404;1
1404;2810;53;53;1
1405;2811;2;1405;1
1406;2812;3;937;1
1407;2813;2;1406;1
1408;2814;29;97;1
1409;2815;2;1407;1
1410;2816;5;563;1
1411;2817;2;1408;1
1412;2818;3;939;1
1413;2819;2;1409;1
1414;2820;2819;1;1
1415;2821;2;1410;1
1416;2822;7;403;1
1417;2823;2;1411;1
1418;2824;3;941;1
1419;2825;2;1412;1
1420;2826;5;565;1
1421;2827;2;1413;1
1422;2828;11;257;1
1423;2829;2;1414;1
1424;2830;3;943;1
1425;2831;2;1415;1
1426;2832;19;149;1
1427;2833;2;1416;1
1428;2834;2833;1;1
1429;2835;2;1417;1
1430;2836;3;945;1
1431;2837;2;1418;1
1432;2838;2837;1;1
1433;2839;2;1419;1
1434;2840;17;167;1
1435;2841;2;1420;1
1436;2842;3;947;1
1437;2843;2;1421;1
1438;2844;2843;1;1
1439;2845;2;1422;1
1440;2846;5;569;1
1441;2847;2;1423;1
1442;2848;3;949;1
1443;2849;2;1424;1
1444;2850;2773;1;77
1445;2927;2;1463;1
1446;2928;2927;1;1
1447;2929;2;1464;1
1448;2930;29;101;1
1449;2931;2;1465;1
1450;2932;3;977;1
1451;2933;2;1466;1
1452;2934;7;419;1
1453;2935;2;1467;1
1454;2936;5;587;1
1455;2937;2;1468;1
1456;2938;3;979;1
1457;2939;2;1469;1
1458;2940;2939;1;1
1459;2941;2;1470;1
1460;2942;17;173;1
1461;2943;2;1471;1
1462;2944;3;981;1
1463;2945;2;1472;1
1464;2946;5;589;1
1465;2947;2;1473;1
1466;2948;7;421;1
1467;2949;2;1474;1
1468;2950;3;983;1
1469;2951;2;1475;1
1470;2952;13;227;1
1471;2953;2;1476;1
1472;2954;2953;1;1
1473;2955;2;1477;1
1474;2956;3;985;1
1475;2957;2;1478;1
1476;2958;2957;1;1
1477;2959;2;1479;1
1478;2960;11;269;1
1479;2961;2;1480;1
1480;2962;3;987;1
1481;2963;2;1481;1
1482;2964;2963;1;1
1483;2965;2;1482;1
1484;2966;5;593;1
1485;2967;2;1483;1
1486;2968;3;989;1
1487;2969;2;1484;1
1488;2970;2969;1;1
1489;2971;2;1485;1
1490;2972;2971;1;1
1491;2973;2;1486;1
1492;2974;3;991;1
1493;2975;2;1487;1
1494;2976;5;595;1
1495;2977;2;1488;1
1496;2978;13;229;1
1497;2979;2;1489;1
1498;2980;3;993;1
1499;2981;2;1490;1
1500;2982;11;271;1
1501;2983;2;1491;1
1502;2984;19;157;1
1503;2985;2;1492;1
1504;2986;3;995;1
1505;2987;2;1493;1
1506;2988;29;103;1
1507;2989;2;1494;1
1508;2990;7;427;1
1509;2991;2;1495;1
1510;2992;3;997;1
1511;2993;2;1496;1
1512;2994;41;73;1
1513;2995;2;1497;1
1514;2996;5;599;1
1515;2997;2;1498;1
1516;2998;3;999;1
1517;2999;2;1499;1
1518;3000;2999;1;1
1519;3001;2;1500;1
1520;3002;3001;1;1
1521;3003;86;34;79
1522;3082;3;1027;1
1523;3083;2;1541;1
1524;3084;3083;1;1
1525;3085;2;1542;1
1526;3086;5;617;1
1527;3087;2;1543;1
1528;3088;3;1029;1
1529;3089;2;1544;1
1530;3090;3089;1;1
1531;3091;2;1545;1
1532;3092;11;281;1
1533;3093;2;1546;1
1534;3094;3;1031;1
1535;3095;2;1547;1
1536;3096;5;619;1
1537;3097;2;1548;1
1538;3098;19;163;1
1539;3099;2;1549;1
1540;3100;3;1033;1
1541;3101;2;1550;1
1542;3102;7;443;1
1543;3103;2;1551;1
1544;3104;29;107;1
1545;3105;2;1552;1
1546;3106;3;1035;1
1547;3107;2;1553;1
1548;3108;13;239;1
1549;3109;2;1554;1
1550;3110;3109;1;1
1551;3111;2;1555;1
1552;3112;3;1037;1
1553;3113;2;1556;1
1554;3114;11;283;1
1555;3115;2;1557;1
1556;3116;5;623;1
1557;3117;2;1558;1
1558;3118;3;1039;1
1559;3119;2;1559;1
1560;3120;3119;1;1
1561;3121;2;1560;1
1562;3122;3121;1;1
1563;3123;2;1561;1
1564;3124;3;1041;1
1565;3125;2;1562;1
1566;3126;5;625;1
1567;3127;2;1563;1
1568;3128;53;59;1
1569;3129;2;1564;1
1570;3130;3;1043;1
1571;3131;2;1565;1
1572;3132;31;101;1
1573;3133;2;1566;1
1574;3134;13;241;1
1575;3135;2;1567;1
1576;3136;3;1045;1
1577;3137;2;1568;1
1578;3138;3137;1;1
1579;3139;2;1569;1
1580;3140;43;73;1
1581;3141;2;1570;1
1582;3142;3;1047;1
1583;3143;2;1571;1
1584;3144;7;449;1
1585;3145;2;1572;1
1586;3146;5;629;1
1587;3147;2;1573;1
1588;3148;3;1049;1
1589;3149;2;1574;1
1590;3150;47;67;1
1591;3151;2;1575;1
1592;3152;23;137;1
1593;3153;2;1576;1
1594;3154;3;1051;1
1595;3155;2;1577;1
1596;3156;5;631;1
1597;3157;2;1578;1
1598;3158;7;451;1
1599;3159;2;1579;1
1600;3160;3079;1;81
1601;3241;2;1620;1
1602;3242;7;463;1
1603;3243;2;1621;1
1604;3244;3;1081;1
1605;3245;2;1622;1
1606;3246;5;649;1
1607;3247;2;1623;1
1608;3248;17;191;1
1609;3249;2;1624;1
1610;3250;3;1083;1
1611;3251;2;1625;1
1612;3252;3251;1;1
1613;3253;2;1626;1
1614;3254;3253;1;1
1615;3255;2;1627;1
1616;3256;3;1085;1
1617;3257;2;1628;1
1618;3258;3257;1;1
1619;3259;2;1629;1
1620;3260;3259;1;1
1621;3261;2;1630;1
1622;3262;3;1087;1
1623;3263;2;1631;1
1624;3264;13;251;1
1625;3265;2;1632;1
1626;3266;5;653;1
1627;3267;2;1633;1
1628;3268;3;1089;1
1629;3269;2;1634;1
1630;3270;7;467;1
1631;3271;2;1635;1
1632;3272;3271;1;1
1633;3273;2;1636;1
1634;3274;3;1091;1
1635;3275;2;1637;1
1636;3276;5;655;1
1637;3277;2;1638;1
1638;3278;29;113;1
1639;3279;2;1639;1
1640;3280;3;1093;1
1641;3281;2;1640;1
1642;3282;17;193;1
1643;3283;2;1641;1
1644;3284;7;469;1
1645;3285;2;1642;1
1646;3286;3;1095;1
1647;3287;2;1643;1
1648;3288;19;173;1
1649;3289;2;1644;1
1650;3290;11;299;1
1651;3291;2;1645;1
1652;3292;3;1097;1
1653;3293;2;1646;1
1654;3294;37;89;1
1655;3295;2;1647;1
1656;3296;5;659;1
1657;3297;2;1648;1
1658;3298;3;1099;1
1659;3299;2;1649;1
1660;3300;3299;1;1
1661;3301;2;1650;1
1662;3302;3301;1;1
1663;3303;2;1651;1
1664;3304;3;1101;1
1665;3305;2;1652;1
1666;3306;5;661;1
1667;3307;2;1653;1
1668;3308;3307;1;1
1669;3309;2;1654;1
1670;3310;3;1103;1
1671;3311;2;1655;1
1672;3312;7;473;1
1673;3313;2;1656;1
1674;3314;3313;1;1
1675;3315;2;1657;1
1676;3316;3;1105;1
1677;3317;2;1658;1
1678;3318;31;107;1
1679;3319;2;1659;1
1680;3320;3319;1;1
1681;3321;1619;2;83
1682;3404;41;83;1
1683;3405;2;1702;1
1684;3406;3;1135;1
1685;3407;2;1703;1
1686;3408;3407;1;1
1687;3409;2;1704;1
1688;3410;7;487;1
1689;3411;2;1705;1
1690;3412;3;1137;1
1691;3413;2;1706;1
1692;3414;3413;1;1
1693;3415;2;1707;1
1694;3416;5;683;1
1695;3417;2;1708;1
1696;3418;3;1139;1
1697;3419;2;1709;1
1698;3420;13;263;1
1699;3421;2;1710;1
1700;3422;11;311;1
1701;3423;2;1711;1
1702;3424;3;1141;1
1703;3425;2;1712;1
1704;3426;5;685;1
1705;3427;2;1713;1
1706;3428;23;149;1
1707;3429;2;1714;1
1708;3430;3;1143;1
1709;3431;2;1715;1
1710;3432;47;73;1
1711;3433;2;1716;1
1712;3434;3433;1;1
1713;3435;2;1717;1
1714;3436;3;1145;1
1715;3437;2;1718;1
1716;3438;7;491;1
1717;3439;2;1719;1
1718;3440;19;181;1
1719;3441;2;1720;1
1720;3442;3;1147;1
1721;3443;2;1721;1
1722;3444;11;313;1
1723;3445;2;1722;1
1724;3446;5;689;1
1725;3447;2;1723;1
1726;3448;3;1149;1
1727;3449;2;1724;1
1728;3450;3449;1;1
1729;3451;2;1725;1
1730;3452;7;493;1
1731;3453;2;1726;1
1732;3454;3;1151;1
1733;3455;2;1727;1
1734;3456;5;691;1
1735;3457;2;1728;1
1736;3458;3457;1;1
1737;3459;2;1729;1
1738;3460;3;1153;1
1739;3461;2;1730;1
1740;3462;3461;1;1
1741;3463;2;1731;1
1742;3464;3463;1;1
1743;3465;2;1732;1
1744;3466;3;1155;1
1745;3467;2;1733;1
1746;3468;3467;1;1
1747;3469;2;1734;1
1748;3470;3469;1;1
1749;3471;2;1735;1
1750;3472;3;1157;1
1751;3473;2;1736;1
1752;3474;23;151;1
1753;3475;2;1737;1
1754;3476;5;695;1
1755;3477;2;1738;1
1756;3478;3;1159;1
1757;3479;2;1739;1
1758;3480;7;497;1
1759;3481;2;1740;1
1760;3482;59;59;1
1761;3483;2;1741;1
1762;3484;3;1161;1
1763;3485;2;1742;1
1764;3486;179;19;85
1765;3571;2;1785;1
1766;3572;3571;1;1
1767;3573;2;1786;1
1768;3574;3;1191;1
1769;3575;2;1787;1
1770;3576;5;715;1
1771;3577;2;1788;1
1772;3578;7;511;1
1773;3579;2;1789;1
1774;3580;3;1193;1
1775;3581;2;1790;1
1776;3582;3581;1;1
1777;3583;2;1791;1
1778;3584;3583;1;1
1779;3585;2;1792;1
1780;3586;3;1195;1
1781;3587;2;1793;1
1782;3588;17;211;1
1783;3589;2;1794;1
1784;3590;37;97;1
1785;3591;2;1795;1
1786;3592;3;1197;1
1787;3593;2;1796;1
1788;3594;3593;1;1
1789;3595;2;1797;1
1790;3596;5;719;1
1791;3597;2;1798;1
1792;3598;3;1199;1
1793;3599;2;1799;1
1794;3600;59;61;1
1795;3601;2;1800;1
1796;3602;13;277;1
1797;3603;2;1801;1
1798;3604;3;1201;1
1799;3605;2;1802;1
1800;3606;5;721;1
1801;3607;2;1803;1
1802;3608;3607;1;1
1803;3609;2;1804;1
1804;3610;3;1203;1
1805;3611;2;1805;1
1806;3612;23;157;1
1807;3613;2;1806;1
1808;3614;3613;1;1
1809;3615;2;1807;1
1810;3616;3;1205;1
1811;3617;2;1808;1
1812;3618;3617;1;1
1813;3619;2;1809;1
1814;3620;7;517;1
1815;3621;2;1810;1
1816;3622;3;1207;1
1817;3623;2;1811;1
1818;3624;3623;1;1
1819;3625;2;1812;1
1820;3626;5;725;1
1821;3627;2;1813;1
1822;3628;3;1209;1
1823;3629;2;1814;1
1824;3630;19;191;1
1825;3631;2;1815;1
1826;3632;3631;1;1
1827;3633;2;1816;1
1828;3634;3;1211;1
1829;3635;2;1817;1
1830;3636;5;727;1
1831;3637;2;1818;1
1832;3638;3637;1;1
1833;3639;2;1819;1
1834;3640;3;1213;1
1835;3641;2;1820;1
1836;3642;11;331;1
1837;3643;2;1821;1
1838;3644;3643;1;1
1839;3645;2;1822;1
1840;3646;3;1215;1
1841;3647;2;1823;1
1842;3648;7;521;1
1843;3649;2;1824;1
1844;3650;41;89;1
1845;3651;2;1825;1
1846;3652;3;1217;1
1847;3653;2;1826;1
1848;3654;13;281;1
1849;3655;223;16;87
1850;3742;3;1247;1
1851;3743;2;1871;1
1852;3744;19;197;1
1853;3745;2;1872;1
1854;3746;5;749;1
1855;3747;2;1873;1
1856;3748;3;1249;1
1857;3749;2;1874;1
1858;3750;23;163;1
1859;3751;2;1875;1
1860;3752;11;341;1
1861;3753;2;1876;1
1862;3754;3;1251;1
1863;3755;2;1877;1
1864;3756;5;751;1
1865;3757;2;1878;1
1866;3758;13;289;1
1867;3759;2;1879;1
1868;3760;3;1253;1
1869;3761;2;1880;1
1870;3762;3761;1;1
1871;3763;2;1881;1
1872;3764;53;71;1
1873;3765;2;1882;1
1874;3766;3;1255;1
1875;3767;2;1883;1
1876;3768;3767;1;1
1877;3769;2;1884;1
1878;3770;3769;1;1
1879;3771;2;1885;1
1880;3772;3;1257;1
1881;3773;2;1886;1
1882;3774;7;539;1
1883;3775;2;1887;1
1884;3776;5;755;1
1885;3777;2;1888;1
1886;3778;3;1259;1
1887;3779;2;1889;1
1888;3780;3779;1;1
1889;3781;2;1890;1
1890;3782;19;199;1
1891;3783;2;1891;1
1892;3784;3;1261;1
1893;3785;2;1892;1
1894;3786;5;757;1
1895;3787;2;1893;1
1896;3788;7;541;1
1897;3789;2;1894;1
1898;3790;3;1263;1
1899;3791;2;1895;1
1900;3792;17;223;1
1901;3793;2;1896;1
1902;3794;3793;1;1
1903;3795;2;1897;1
1904;3796;3;1265;1
1905;3797;2;1898;1
1906;3798;3797;1;1
1907;3799;2;1899;1
1908;3800;29;131;1
1909;3801;2;1900;1
1910;3802;3;1267;1
1911;3803;2;1901;1
1912;3804;3803;1;1
1913;3805;2;1902;1
1914;3806;5;761;1
1915;3807;2;1903;1
1916;3808;3;1269;1
1917;3809;2;1904;1
1918;3810;13;293;1
1919;3811;2;1905;1
1920;3812;37;103;1
1921;3813;2;1906;1
1922;3814;3;1271;1
1923;3815;2;1907;1
1924;3816;5;763;1
1925;3817;2;1908;1
1926;3818;11;347;1
1927;3819;2;1909;1
1928;3820;3;1273;1
1929;3821;2;1910;1
1930;3822;3821;1;1
1931;3823;2;1911;1
1932;3824;3823;1;1
1933;3825;2;1912;1
1934;3826;3;1275;1
1935;3827;2;1913;1
1936;3828;3739;1;89
1937;3917;2;1958;1
1938;3918;3917;1;1
1939;3919;2;1959;1
1940;3920;3919;1;1
1941;3921;2;1960;1
1942;3922;3;1307;1
1943;3923;2;1961;1
1944;3924;3923;1;1
1945;3925;2;1962;1
1946;3926;5;785;1
1947;3927;2;1963;1
1948;3928;3;1309;1
1949;3929;2;1964;1
1950;3930;3929;1;1
1951;3931;2;1965;1
1952;3932;3931;1;1
1953;3933;2;1966;1
1954;3934;3;1311;1
1955;3935;2;1967;1
1956;3936;5;787;1
1957;3937;2;1968;1
1958;3938;31;127;1
1959;3939;2;1969;1
1960;3940;3;1313;1
1961;3941;2;1970;1
1962;3942;7;563;1
1963;3943;2;1971;1
1964;3944;3943;1;1
1965;3945;2;1972;1
1966;3946;3;1315;1
1967;3947;2;1973;1
1968;3948;3947;1;1
1969;3949;2;1974;1
1970;3950;11;359;1
1971;3951;2;1975;1
1972;3952;3;1317;1
1973;3953;2;1976;1
1974;3954;59;67;1
1975;3955;2;1977;1
1976;3956;5;791;1
1977;3957;2;1978;1
1978;3958;3;1319;1
1979;3959;2;1979;1
1980;3960;37;107;1
1981;3961;2;1980;1
1982;3962;17;233;1
1983;3963;2;1981;1
1984;3964;3;1321;1
1985;3965;2;1982;1
1986;3966;5;793;1
1987;3967;2;1983;1
1988;3968;3967;1;1
1989;3969;2;1984;1
1990;3970;3;1323;1
1991;3971;2;1985;1
1992;3972;11;361;1
1993;3973;2;1986;1
1994;3974;29;137;1
1995;3975;2;1987;1
1996;3976;3;1325;1
1997;3977;2;1988;1
1998;3978;41;97;1
1999;3979;2;1989;1
2000;3980;23;173;1
2001;3981;2;1990;1
2002;3982;3;1327;1
2003;3983;2;1991;1
2004;3984;7;569;1
2005;3985;2;1992;1
2006;3986;5;797;1
2007;3987;2;1993;1
2008;3988;3;1329;1
2009;3989;2;1994;1
2010;3990;3989;1;1
2011;3991;2;1995;1
2012;3992;13;307;1
2013;3993;2;1996;1
2014;3994;3;1331;1
2015;3995;2;1997;1
2016;3996;5;799;1
2017;3997;2;1998;1
2018;3998;7;571;1
2019;3999;2;1999;1
2020;4000;3;1333;1
2021;4001;2;2000;1
2022;4002;4001;1;1
2023;4003;2;2001;1
2024;4004;4003;1;1
2025;4005;103;38;91
2026;4096;3;1365;1
2027;4097;2;2048;1
2028;4098;17;241;1
2029;4099;2;2049;1
2030;4100;4099;1;1
2031;4101;2;2050;1
2032;4102;3;1367;1
2033;4103;2;2051;1
2034;4104;11;373;1
2035;4105;2;2052;1
2036;4106;5;821;1
2037;4107;2;2053;1
2038;4108;3;1369;1
2039;4109;2;2054;1
2040;4110;7;587;1
2041;4111;2;2055;1
2042;4112;4111;1;1
2043;4113;2;2056;1
2044;4114;3;1371;1
2045;4115;2;2057;1
2046;4116;5;823;1
2047;4117;2;2058;1
2048;4118;23;179;1
2049;4119;2;2059;1
2050;4120;3;1373;1
2051;4121;2;2060;1
2052;4122;13;317;1
2053;4123;2;2061;1
2054;4124;7;589;1
2055;4125;2;2062;1
2056;4126;3;1375;1
2057;4127;2;2063;1
2058;4128;4127;1;1
2059;4129;2;2064;1
2060;4130;4129;1;1
2061;4131;2;2065;1
2062;4132;3;1377;1
2063;4133;2;2066;1
2064;4134;4133;1;1
2065;4135;2;2067;1
2066;4136;5;827;1
2067;4137;2;2068;1
2068;4138;3;1379;1
2069;4139;2;2069;1
2070;4140;4139;1;1
2071;4141;2;2070;1
2072;4142;41;101;1
2073;4143;2;2071;1
2074;4144;3;1381;1
2075;4145;2;2072;1
2076;4146;5;829;1
2077;4147;2;2073;1
2078;4148;11;377;1
2079;4149;2;2074;1
2080;4150;3;1383;1
2081;4151;2;2075;1
2082;4152;7;593;1
2083;4153;2;2076;1
2084;4154;4153;1;1
2085;4155;2;2077;1
2086;4156;3;1385;1
2087;4157;2;2078;1
2088;4158;4157;1;1
2089;4159;2;2079;1
2090;4160;4159;1;1
2091;4161;2;2080;1
2092;4162;3;1387;1
2093;4163;2;2081;1
2094;4164;23;181;1
2095;4165;2;2082;1
2096;4166;5;833;1
2097;4167;2;2083;1
2098;4168;3;1389;1
2099;4169;2;2084;1
2100;4170;11;379;1
2101;4171;2;2085;1
2102;4172;43;97;1
2103;4173;2;2086;1
2104;4174;3;1391;1
2105;4175;2;2087;1
2106;4176;5;835;1
2107;4177;2;2088;1
2108;4178;4177;1;1
2109;4179;2;2089;1
2110;4180;3;1393;1
2111;4181;2;2090;1
2112;4182;37;113;1
2113;4183;2;2091;1
2114;4184;47;89;1
2115;4185;2;2092;1
2116;4186;4093;1;93
2117;4279;2;2139;1
2118;4280;11;389;1
2119;4281;2;2140;1
2120;4282;3;1427;1
2121;4283;2;2141;1
2122;4284;4283;1;1
2123;4285;2;2142;1
2124;4286;5;857;1
2125;4287;2;2143;1
2126;4288;3;1429;1
2127;4289;2;2144;1
2128;4290;4289;1;1
2129;4291;2;2145;1
2130;4292;7;613;1
2131;4293;2;2146;1
2132;4294;3;1431;1
2133;4295;2;2147;1
2134;4296;5;859;1
2135;4297;2;2148;1
2136;4298;4297;1;1
2137;4299;2;2149;1
2138;4300;3;1433;1
2139;4301;2;2150;1
2140;4302;11;391;1
2141;4303;2;2151;1
2142;4304;13;331;1
2143;4305;2;2152;1
2144;4306;3;1435;1
2145;4307;2;2153;1
2146;4308;59;73;1
2147;4309;2;2154;1
2148;4310;31;139;1
2149;4311;2;2155;1
2150;4312;3;1437;1
2151;4313;2;2156;1
2152;4314;19;227;1
2153;4315;2;2157;1
2154;4316;5;863;1
2155;4317;2;2158;1
2156;4318;3;1439;1
2157;4319;2;2159;1
2158;4320;7;617;1
2159;4321;2;2160;1
2160;4322;29;149;1
2161;4323;2;2161;1
2162;4324;3;1441;1
2163;4325;2;2162;1
2164;4326;5;865;1
2165;4327;2;2163;1
2166;4328;4327;1;1
2167;4329;2;2164;1
2168;4330;3;1443;1
2169;4331;2;2165;1
2170;4332;61;71;1
2171;4333;2;2166;1
2172;4334;7;619;1
2173;4335;2;2167;1
2174;4336;3;1445;1
2175;4337;2;2168;1
2176;4338;4337;1;1
2177;4339;2;2169;1
2178;4340;4339;1;1
2179;4341;2;2170;1
2180;4342;3;1447;1
2181;4343;2;2171;1
2182;4344;43;101;1
2183;4345;2;2172;1
2184;4346;5;869;1
2185;4347;2;2173;1
2186;4348;3;1449;1
2187;4349;2;2174;1
2188;4350;4349;1;1
2189;4351;2;2175;1
2190;4352;19;229;1
2191;4353;2;2176;1
2192;4354;3;1451;1
2193;4355;2;2177;1
2194;4356;5;871;1
2195;4357;2;2178;1
2196;4358;4357;1;1
2197;4359;2;2179;1
2198;4360;3;1453;1
2199;4361;2;2180;1
2200;4362;7;623;1
2201;4363;2;2181;1
2202;4364;4363;1;1
2203;4365;2;2182;1
2204;4366;3;1455;1
2205;4367;2;2183;1
2206;4368;11;397;1
2207;4369;2;2184;1
2208;4370;17;257;1
2209;4371;1069;4;95
2210;4466;5;893;1
2211;4467;2;2233;1
2212;4468;3;1489;1
2213;4469;2;2234;1
2214;4470;41;109;1
2215;4471;2;2235;1
2216;4472;17;263;1
2217;4473;2;2236;1
2218;4474;3;1491;1
2219;4475;2;2237;1
2220;4476;5;895;1
2221;4477;2;2238;1
2222;4478;11;407;1
2223;4479;2;2239;1
2224;4480;3;1493;1
2225;4481;2;2240;1
2226;4482;4481;1;1
2227;4483;2;2241;1
2228;4484;4483;1;1
2229;4485;2;2242;1
2230;4486;3;1495;1
2231;4487;2;2243;1
2232;4488;7;641;1
2233;4489;2;2244;1
2234;4490;67;67;1
2235;4491;2;2245;1
2236;4492;3;1497;1
2237;4493;2;2246;1
2238;4494;4493;1;1
2239;4495;2;2247;1
2240;4496;5;899;1
2241;4497;2;2248;1
2242;4498;3;1499;1
2243;4499;2;2249;1
2244;4500;11;409;1
2245;4501;2;2250;1
2246;4502;7;643;1
2247;4503;2;2251;1
2248;4504;3;1501;1
2249;4505;2;2252;1
2250;4506;5;901;1
2251;4507;2;2253;1
2252;4508;4507;1;1
2253;4509;2;2254;1
2254;4510;3;1503;1
2255;4511;2;2255;1
2256;4512;13;347;1
2257;4513;2;2256;1
2258;4514;4513;1;1
2259;4515;2;2257;1
2260;4516;3;1505;1
2261;4517;2;2258;1
2262;4518;4517;1;1
2263;4519;2;2259;1
2264;4520;4519;1;1
2265;4521;2;2260;1
2266;4522;3;1507;1
2267;4523;2;2261;1
2268;4524;4523;1;1
2269;4525;2;2262;1
2270;4526;5;905;1
2271;4527;2;2263;1
2272;4528;3;1509;1
2273;4529;2;2264;1
2274;4530;7;647;1
2275;4531;2;2265;1
2276;4532;23;197;1
2277;4533;2;2266;1
2278;4534;3;1511;1
2279;4535;2;2267;1
2280;4536;5;907;1
2281;4537;2;2268;1
2282;4538;13;349;1
2283;4539;2;2269;1
2284;4540;3;1513;1
2285;4541;2;2270;1
2286;4542;19;239;1
2287;4543;2;2271;1
2288;4544;7;649;1
2289;4545;2;2272;1
2290;4546;3;1515;1
2291;4547;2;2273;1
2292;4548;4547;1;1
2293;4549;2;2274;1
2294;4550;4549;1;1
2295;4551;2;2275;1
2296;4552;3;1517;1
2297;4553;2;2276;1
2298;4554;29;157;1
2299;4555;2;2277;1
2300;4556;5;911;1
2301;4557;2;2278;1
2302;4558;3;1519;1
2303;4559;2;2279;1
2304;4560;4463;1;97
2305;4657;2;2328;1
2306;4658;4657;1;1
2307;4659;2;2329;1
2308;4660;3;1553;1
2309;4661;2;2330;1
2310;4662;59;79;1
2311;4663;2;2331;1
2312;4664;4663;1;1
2313;4665;2;2332;1
2314;4666;3;1555;1
2315;4667;2;2333;1
2316;4668;13;359;1
2317;4669;2;2334;1
2318;4670;7;667;1
2319;4671;2;2335;1
2320;4672;3;1557;1
2321;4673;2;2336;1
2322;4674;4673;1;1
2323;4675;2;2337;1
2324;4676;5;935;1
2325;4677;2;2338;1
2326;4678;3;1559;1
2327;4679;2;2339;1
2328;4680;4679;1;1
2329;4681;2;2340;1
2330;4682;31;151;1
2331;4683;2;2341;1
2332;4684;3;1561;1
2333;4685;2;2342;1
2334;4686;5;937;1
2335;4687;2;2343;1
2336;4688;43;109;1
2337;4689;2;2344;1
2338;4690;3;1563;1
2339;4691;2;2345;1
2340;4692;4691;1;1
2341;4693;2;2346;1
2342;4694;13;361;1
2343;4695;2;2347;1
2344;4696;3;1565;1
2345;4697;2;2348;1
2346;4698;7;671;1
2347;4699;2;2349;1
2348;4700;37;127;1
2349;4701;2;2350;1
2350;4702;3;1567;1
2351;4703;2;2351;1
2352;4704;4703;1;1
2353;4705;2;2352;1
2354;4706;5;941;1
2355;4707;2;2353;1
2356;4708;3;1569;1
2357;4709;2;2354;1
2358;4710;17;277;1
2359;4711;2;2355;1
2360;4712;7;673;1
2361;4713;2;2356;1
2362;4714;3;1571;1
2363;4715;2;2357;1
2364;4716;5;943;1
2365;4717;2;2358;1
2366;4718;53;89;1
2367;4719;2;2359;1
2368;4720;3;1573;1
2369;4721;2;2360;1
2370;4722;4721;1;1
2371;4723;2;2361;1
2372;4724;4723;1;1
2373;4725;2;2362;1
2374;4726;3;1575;1
2375;4727;2;2363;1
2376;4728;29;163;1
2377;4729;2;2364;1
2378;4730;4729;1;1
2379;4731;2;2365;1
2380;4732;3;1577;1
2381;4733;2;2366;1
2382;4734;4733;1;1
2383;4735;2;2367;1
2384;4736;5;947;1
2385;4737;2;2368;1
2386;4738;3;1579;1
2387;4739;2;2369;1
2388;4740;7;677;1
2389;4741;2;2370;1
2390;4742;11;431;1
2391;4743;2;2371;1
2392;4744;3;1581;1
2393;4745;2;2372;1
2394;4746;5;949;1
2395;4747;2;2373;1
2396;4748;47;101;1
2397;4749;2;2374;1
2398;4750;3;1583;1
2399;4751;2;2375;1
2400;4752;4751;1;1
2401;4753;179;26;99
2402;4852;3;1617;1
2403;4853;2;2426;1
2404;4854;23;211;1
2405;4855;2;2427;1
2406;4856;5;971;1
2407;4857;2;2428;1
2408;4858;3;1619;1
2409;4859;2;2429;1
2410;4860;43;113;1
2411;4861;2;2430;1
2412;4862;4861;1;1
2413;4863;2;2431;1
2414;4864;3;1621;1
2415;4865;2;2432;1
2416;4866;5;973;1
2417;4867;2;2433;1
2418;4868;31;157;1
2419;4869;2;2434;1
2420;4870;3;1623;1
2421;4871;2;2435;1
2422;4872;4871;1;1
2423;4873;2;2436;1
2424;4874;11;443;1
2425;4875;2;2437;1
2426;4876;3;1625;1
2427;4877;2;2438;1
2428;4878;4877;1;1
2429;4879;2;2439;1
2430;4880;7;697;1
2431;4881;2;2440;1
2432;4882;3;1627;1
2433;4883;2;2441;1
2434;4884;19;257;1
2435;4885;2;2442;1
2436;4886;5;977;1
2437;4887;2;2443;1
2438;4888;3;1629;1
2439;4889;2;2444;1
2440;4890;4889;1;1
2441;4891;2;2445;1
2442;4892;67;73;1
2443;4893;2;2446;1
2444;4894;3;1631;1
2445;4895;2;2447;1
2446;4896;5;979;1
2447;4897;2;2448;1
2448;4898;59;83;1
2449;4899;2;2449;1
2450;4900;3;1633;1
2451;4901;2;2450;1
2452;4902;13;377;1
2453;4903;2;2451;1
2454;4904;4903;1;1
2455;4905;2;2452;1
2456;4906;3;1635;1
2457;4907;2;2453;1
2458;4908;7;701;1
2459;4909;2;2454;1
2460;4910;4909;1;1
2461;4911;2;2455;1
2462;4912;3;1637;1
2463;4913;2;2456;1
2464;4914;17;289;1
2465;4915;2;2457;1
2466;4916;5;983;1
2467;4917;2;2458;1
2468;4918;3;1639;1
2469;4919;2;2459;1
2470;4920;4919;1;1
2471;4921;2;2460;1
2472;4922;7;703;1
2473;4923;2;2461;1
2474;4924;3;1641;1
2475;4925;2;2462;1
2476;4926;5;985;1
2477;4927;2;2463;1
2478;4928;13;379;1
2479;4929;2;2464;1
2480;4930;3;1643;1
2481;4931;2;2465;1
2482;4932;4931;1;1
2483;4933;2;2466;1
2484;4934;4933;1;1
2485;4935;2;2467;1
2486;4936;3;1645;1
2487;4937;2;2468;1
2488;4938;4937;1;1
2489;4939;2;2469;1
2490;4940;11;449;1
2491;4941;2;2470;1
2492;4942;3;1647;1
2493;4943;2;2471;1
2494;4944;4943;1;1
2495;4945;2;2472;1
2496;4946;5;989;1
2497;4947;2;2473;1
2498;4948;3;1649;1
2499;4949;2;2474;1
2500;4950;373;13;101
2501;5051;2;2525;1
2502;5052;5051;1;1
2503;5053;2;2526;1
2504;5054;31;163;1
2505;5055;2;2527;1
2506;5056;3;1685;1
2507;5057;2;2528;1
2508;5058;13;389;1
2509;5059;2;2529;1
2510;5060;5059;1;1
2511;5061;2;2530;1
2512;5062;3;1687;1
2513;5063;2;2531;1
2514;5064;61;83;1
2515;5065;2;2532;1
2516;5066;5;1013;1
2517;5067;2;2533;1
2518;5068;3;1689;1
2519;5069;2;2534;1
2520;5070;37;137;1
2521;5071;2;2535;1
2522;5072;11;461;1
2523;5073;2;2536;1
2524;5074;3;1691;1
2525;5075;2;2537;1
2526;5076;5;1015;1
2527;5077;2;2538;1
2528;5078;5077;1;1
2529;5079;2;2539;1
2530;5080;3;1693;1
2531;5081;2;2540;1
2532;5082;5081;1;1
2533;5083;2;2541;1
2534;5084;13;391;1
2535;5085;2;2542;1
2536;5086;3;1695;1
2537;5087;2;2543;1
2538;5088;5087;1;1
2539;5089;2;2544;1
2540;5090;7;727;1
2541;5091;2;2545;1
2542;5092;3;1697;1
2543;5093;2;2546;1
2544;5094;11;463;1
2545;5095;2;2547;1
2546;5096;5;1019;1
2547;5097;2;2548;1
2548;5098;3;1699;1
2549;5099;2;2549;1
2550;5100;5099;1;1
2551;5101;2;2550;1
2552;5102;5101;1;1
2553;5103;2;2551;1
2554;5104;3;1701;1
2555;5105;2;2552;1
2556;5106;5;1021;1
2557;5107;2;2553;1
2558;5108;5107;1;1
2559;5109;2;2554;1
2560;5110;3;1703;1
2561;5111;2;2555;1
2562;5112;19;269;1
2563;5113;2;2556;1
2564;5114;5113;1;1
2565;5115;2;2557;1
2566;5116;3;1705;1
2567;5117;2;2558;1
2568;5118;7;731;1
2569;5119;2;2559;1
2570;5120;5119;1;1
2571;5121;2;2560;1
2572;5122;3;1707;1
2573;5123;2;2561;1
2574;5124;47;109;1
2575;5125;2;2562;1
2576;5126;5;1025;1
2577;5127;2;2563;1
2578;5128;3;1709;1
2579;5129;2;2564;1
2580;5130;23;223;1
2581;5131;2;2565;1
2582;5132;7;733;1
2583;5133;2;2566;1
2584;5134;3;1711;1
2585;5135;2;2567;1
2586;5136;5;1027;1
2587;5137;2;2568;1
2588;5138;11;467;1
2589;5139;2;2569;1
2590;5140;3;1713;1
2591;5141;2;2570;1
2592;5142;53;97;1
2593;5143;2;2571;1
2594;5144;37;139;1
2595;5145;2;2572;1
2596;5146;3;1715;1
2597;5147;2;2573;1
2598;5148;5147;1;1
2599;5149;2;2574;1
2600;5150;19;271;1
2601;5151;631;8;103
2602;5254;3;1751;1
2603;5255;2;2627;1
2604;5256;5;1051;1
2605;5257;2;2628;1
2606;5258;7;751;1
2607;5259;2;2629;1
2608;5260;3;1753;1
2609;5261;2;2630;1
2610;5262;5261;1;1
2611;5263;2;2631;1
2612;5264;19;277;1
2613;5265;2;2632;1
2614;5266;3;1755;1
2615;5267;2;2633;1
2616;5268;23;229;1
2617;5269;2;2634;1
2618;5270;11;479;1
2619;5271;2;2635;1
2620;5272;3;1757;1
2621;5273;2;2636;1
2622;5274;5273;1;1
2623;5275;2;2637;1
2624;5276;5;1055;1
2625;5277;2;2638;1
2626;5278;3;1759;1
2627;5279;2;2639;1
2628;5280;5279;1;1
2629;5281;2;2640;1
2630;5282;5281;1;1
2631;5283;2;2641;1
2632;5284;3;1761;1
2633;5285;2;2642;1
2634;5286;5;1057;1
2635;5287;2;2643;1
2636;5288;17;311;1
2637;5289;2;2644;1
2638;5290;3;1763;1
2639;5291;2;2645;1
2640;5292;11;481;1
2641;5293;2;2646;1
2642;5294;67;79;1
2643;5295;2;2647;1
2644;5296;3;1765;1
2645;5297;2;2648;1
2646;5298;5297;1;1
2647;5299;2;2649;1
2648;5300;7;757;1
2649;5301;2;2650;1
2650;5302;3;1767;1
2651;5303;2;2651;1
2652;5304;5303;1;1
2653;5305;2;2652;1
2654;5306;5;1061;1
2655;5307;2;2653;1
2656;5308;3;1769;1
2657;5309;2;2654;1
2658;5310;5309;1;1
2659;5311;2;2655;1
2660;5312;47;113;1
2661;5313;2;2656;1
2662;5314;3;1771;1
2663;5315;2;2657;1
2664;5316;5;1063;1
2665;5317;2;2658;1
2666;5318;13;409;1
2667;5319;2;2659;1
2668;5320;3;1773;1
2669;5321;2;2660;1
2670;5322;17;313;1
2671;5323;2;2661;1
2672;5324;5323;1;1
2673;5325;2;2662;1
2674;5326;3;1775;1
2675;5327;2;2663;1
2676;5328;7;761;1
2677;5329;2;2664;1
2678;5330;73;73;1
2679;5331;2;2665;1
2680;5332;3;1777;1
2681;5333;2;2666;1
2682;5334;5333;1;1
2683;5335;2;2667;1
2684;5336;5;1067;1
2685;5337;2;2668;1
2686;5338;3;1779;1
2687;5339;2;2669;1
2688;5340;19;281;1
2689;5341;2;2670;1
2690;5342;7;763;1
2691;5343;2;2671;1
2692;5344;3;1781;1
2693;5345;2;2672;1
2694;5346;5;1069;1
2695;5347;2;2673;1
2696;5348;5347;1;1
2697;5349;2;2674;1
2698;5350;3;1783;1
2699;5351;2;2675;1
2700;5352;5351;1;1
2701;5353;2;2676;1
2702;5354;53;101;1
2703;5355;2;2677;1
2704;5356;5251;1;105
2705;5461;2;2730;1
2706;5462;43;127;1
2707;5463;2;2731;1
2708;5464;3;1821;1
2709;5465;2;2732;1
2710;5466;5;1093;1
2711;5467;2;2733;1
2712;5468;7;781;1
2713;5469;2;2734;1
2714;5470;3;1823;1
2715;5471;2;2735;1
2716;5472;5471;1;1
2717;5473;2;2736;1
2718;5474;13;421;1
2719;5475;2;2737;1
2720;5476;3;1825;1
2721;5477;2;2738;1
2722;5478;5477;1;1
2723;5479;2;2739;1
2724;5480;5479;1;1
2725;5481;2;2740;1
2726;5482;3;1827;1
2727;5483;2;2741;1
2728;5484;5483;1;1
2729;5485;2;2742;1
2730;5486;5;1097;1
2731;5487;2;2743;1
2732;5488;3;1829;1
2733;5489;2;2744;1
2734;5490;11;499;1
2735;5491;2;2745;1
2736;5492;17;323;1
2737;5493;2;2746;1
2738;5494;3;1831;1
2739;5495;2;2747;1
2740;5496;5;1099;1
2741;5497;2;2748;1
2742;5498;23;239;1
2743;5499;2;2749;1
2744;5500;3;1833;1
2745;5501;2;2750;1
2746;5502;5501;1;1
2747;5503;2;2751;1
2748;5504;5503;1;1
2749;5505;2;2752;1
2750;5506;3;1835;1
2751;5507;2;2753;1
2752;5508;5507;1;1
2753;5509;2;2754;1
2754;5510;7;787;1
2755;5511;2;2755;1
2756;5512;3;1837;1
2757;5513;2;2756;1
2758;5514;37;149;1
2759;5515;2;2757;1
2760;5516;5;1103;1
2761;5517;2;2758;1
2762;5518;3;1839;1
2763;5519;2;2759;1
2764;5520;5519;1;1
2765;5521;2;2760;1
2766;5522;5521;1;1
2767;5523;2;2761;1
2768;5524;3;1841;1
2769;5525;2;2762;1
2770;5526;5;1105;1
2771;5527;2;2763;1
2772;5528;5527;1;1
2773;5529;2;2764;1
2774;5530;3;1843;1
2775;5531;2;2765;1
2776;5532;5531;1;1
2777;5533;2;2766;1
2778;5534;11;503;1
2779;5535;2;2767;1
2780;5536;3;1845;1
2781;5537;2;2768;1
2782;5538;7;791;1
2783;5539;2;2769;1
2784;5540;29;191;1
2785;5541;2;2770;1
2786;5542;3;1847;1
2787;5543;2;2771;1
2788;5544;23;241;1
2789;5545;2;2772;1
2790;5546;5;1109;1
2791;5547;2;2773;1
2792;5548;3;1849;1
2793;5549;2;2774;1
2794;5550;31;179;1
2795;5551;2;2775;1
2796;5552;7;793;1
2797;5553;2;2776;1
2798;5554;3;1851;1
2799;5555;2;2777;1
2800;5556;5;1111;1
2801;5557;2;2778;1
2802;5558;5557;1;1
2803;5559;2;2779;1
2804;5560;3;1853;1
2805;5561;2;2780;1
2806;5562;67;83;1
2807;5563;2;2781;1
2808;5564;5563;1;1
2809;5565;2729;2;107
2810;5672;53;107;1
2811;5673;2;2836;1
2812;5674;3;1891;1
2813;5675;2;2837;1
2814;5676;5;1135;1
2815;5677;2;2838;1
2816;5678;7;811;1
2817;5679;2;2839;1
2818;5680;3;1893;1
2819;5681;2;2840;1
2820;5682;13;437;1
2821;5683;2;2841;1
2822;5684;5683;1;1
2823;5685;2;2842;1
2824;5686;3;1895;1
2825;5687;2;2843;1
2826;5688;11;517;1
2827;5689;2;2844;1
2828;5690;5689;1;1
2829;5691;2;2845;1
2830;5692;3;1897;1
2831;5693;2;2846;1
2832;5694;5693;1;1
2833;5695;2;2847;1
2834;5696;5;1139;1
2835;5697;2;2848;1
2836;5698;3;1899;1
2837;5699;2;2849;1
2838;5700;41;139;1
2839;5701;2;2850;1
2840;5702;5701;1;1
2841;5703;2;2851;1
2842;5704;3;1901;1
2843;5705;2;2852;1
2844;5706;5;1141;1
2845;5707;2;2853;1
2846;5708;13;439;1
2847;5709;2;2854;1
2848;5710;3;1903;1
2849;5711;2;2855;1
2850;5712;5711;1;1
2851;5713;2;2856;1
2852;5714;29;197;1
2853;5715;2;2857;1
2854;5716;3;1905;1
2855;5717;2;2858;1
2856;5718;5717;1;1
2857;5719;2;2859;1
2858;5720;7;817;1
2859;5721;2;2860;1
2860;5722;3;1907;1
2861;5723;2;2861;1
2862;5724;59;97;1
2863;5725;2;2862;1
2864;5726;5;1145;1
2865;5727;2;2863;1
2866;5728;3;1909;1
2867;5729;2;2864;1
2868;5730;17;337;1
2869;5731;2;2865;1
2870;5732;11;521;1
2871;5733;2;2866;1
2872;5734;3;1911;1
2873;5735;2;2867;1
2874;5736;5;1147;1
2875;5737;2;2868;1
2876;5738;5737;1;1
2877;5739;2;2869;1
2878;5740;3;1913;1
2879;5741;2;2870;1
2880;5742;5741;1;1
2881;5743;2;2871;1
2882;5744;5743;1;1
2883;5745;2;2872;1
2884;5746;3;1915;1
2885;5747;2;2873;1
2886;5748;7;821;1
2887;5749;2;2874;1
2888;5750;5749;1;1
2889;5751;2;2875;1
2890;5752;3;1917;1
2891;5753;2;2876;1
2892;5754;11;523;1
2893;5755;2;2877;1
2894;5756;5;1151;1
2895;5757;2;2878;1
2896;5758;3;1919;1
2897;5759;2;2879;1
2898;5760;13;443;1
2899;5761;2;2880;1
2900;5762;7;823;1
2901;5763;2;2881;1
2902;5764;3;1921;1
2903;5765;2;2882;1
2904;5766;5;1153;1
2905;5767;2;2883;1
2906;5768;73;79;1
2907;5769;2;2884;1
2908;5770;3;1923;1
2909;5771;2;2885;1
2910;5772;29;199;1
2911;5773;2;2886;1
2912;5774;23;251;1
2913;5775;2;2887;1
2914;5776;3;1925;1
2915;5777;2;2888;1
2916;5778;5669;1;109
2917;5887;2;2943;1
2918;5888;7;841;1
2919;5889;2;2944;1
2920;5890;3;1963;1
2921;5891;2;2945;1
2922;5892;43;137;1
2923;5893;2;2946;1
2924;5894;71;83;1
2925;5895;2;2947;1
2926;5896;3;1965;1
2927;5897;2;2948;1
2928;5898;5897;1;1
2929;5899;2;2949;1
2930;5900;17;347;1
2931;5901;2;2950;1
2932;5902;3;1967;1
2933;5903;2;2951;1
2934;5904;5903;1;1
2935;5905;2;2952;1
2936;5906;5;1181;1
2937;5907;2;2953;1
2938;5908;3;1969;1
2939;5909;2;2954;1
2940;5910;19;311;1
2941;5911;2;2955;1
2942;5912;23;257;1
2943;5913;2;2956;1
2944;5914;3;1971;1
2945;5915;2;2957;1
2946;5916;5;1183;1
2947;5917;2;2958;1
2948;5918;61;97;1
2949;5919;2;2959;1
2950;5920;3;1973;1
2951;5921;2;2960;1
2952;5922;31;191;1
2953;5923;2;2961;1
2954;5924;5923;1;1
2955;5925;2;2962;1
2956;5926;3;1975;1
2957;5927;2;2963;1
2958;5928;5927;1;1
2959;5929;2;2964;1
2960;5930;7;847;1
2961;5931;2;2965;1
2962;5932;3;1977;1
2963;5933;2;2966;1
2964;5934;17;349;1
2965;5935;2;2967;1
2966;5936;5;1187;1
2967;5937;2;2968;1
2968;5938;3;1979;1
2969;5939;2;2969;1
2970;5940;5939;1;1
2971;5941;2;2970;1
2972;5942;13;457;1
2973;5943;2;2971;1
2974;5944;3;1981;1
2975;5945;2;2972;1
2976;5946;5;1189;1
2977;5947;2;2973;1
2978;5948;19;313;1
2979;5949;2;2974;1
2980;5950;3;1983;1
2981;5951;2;2975;1
2982;5952;11;541;1
2983;5953;2;2976;1
2984;5954;5953;1;1
2985;5955;2;2977;1
2986;5956;3;1985;1
2987;5957;2;2978;1
2988;5958;7;851;1
2989;5959;2;2979;1
2990;5960;59;101;1
2991;5961;2;2980;1
2992;5962;3;1987;1
2993;5963;2;2981;1
2994;5964;67;89;1
2995;5965;2;2982;1
2996;5966;5;1193;1
2997;5967;2;2983;1
2998;5968;3;1989;1
2999;5969;2;2984;1
3000;5970;47;127;1
3001;5971;2;2985;1
3002;5972;7;853;1
3003;5973;2;2986;1
3004;5974;3;1991;1
3005;5975;2;2987;1
3006;5976;5;1195;1
3007;5977;2;2988;1
3008;5978;43;139;1
3009;5979;2;2989;1
3010;5980;3;1993;1
3011;5981;2;2990;1
3012;5982;5981;1;1
3013;5983;2;2991;1
3014;5984;31;193;1
3015;5985;2;2992;1
3016;5986;3;1995;1
3017;5987;2;2993;1
3018;5988;5987;1;1
3019;5989;2;2994;1
3020;5990;53;113;1
3021;5991;2;2995;1
3022;5992;3;1997;1
3023;5993;2;2996;1
3024;5994;13;461;1
3025;5995;1471;4;111
3026;6106;3;2035;1
3027;6107;2;3053;1
3028;6108;31;197;1
3029;6109;2;3054;1
3030;6110;41;149;1
3031;6111;2;3055;1
3032;6112;3;2037;1
3033;6113;2;3056;1
3034;6114;6113;1;1
3035;6115;2;3057;1
3036;6116;5;1223;1
3037;6117;2;3058;1
3038;6118;3;2039;1
3039;6119;2;3059;1
3040;6120;29;211;1
3041;6121;2;3060;1
3042;6122;6121;1;1
3043;6123;2;3061;1
3044;6124;3;2041;1
3045;6125;2;3062;1
3046;6126;5;1225;1
3047;6127;2;3063;1
3048;6128;11;557;1
3049;6129;2;3064;1
3050;6130;3;2043;1
3051;6131;2;3065;1
3052;6132;6131;1;1
3053;6133;2;3066;1
3054;6134;6133;1;1
3055;6135;2;3067;1
3056;6136;3;2045;1
3057;6137;2;3068;1
3058;6138;17;361;1
3059;6139;2;3069;1
3060;6140;7;877;1
3061;6141;2;3070;1
3062;6142;3;2047;1
3063;6143;2;3071;1
3064;6144;6143;1;1
3065;6145;2;3072;1
3066;6146;5;1229;1
3067;6147;2;3073;1
3068;6148;3;2049;1
3069;6149;2;3074;1
3070;6150;11;559;1
3071;6151;2;3075;1
3072;6152;6151;1;1
3073;6153;2;3076;1
3074;6154;3;2051;1
3075;6155;2;3077;1
3076;6156;5;1231;1
3077;6157;2;3078;1
3078;6158;47;131;1
3079;6159;2;3079;1
3080;6160;3;2053;1
3081;6161;2;3080;1
3082;6162;61;101;1
3083;6163;2;3081;1
3084;6164;6163;1;1
3085;6165;2;3082;1
3086;6166;3;2055;1
3087;6167;2;3083;1
3088;6168;7;881;1
3089;6169;2;3084;1
3090;6170;31;199;1
3091;6171;2;3085;1
3092;6172;3;2057;1
3093;6173;2;3086;1
3094;6174;6173;1;1
3095;6175;2;3087;1
3096;6176;5;1235;1
3097;6177;2;3088;1
3098;6178;3;2059;1
3099;6179;2;3089;1
3100;6180;37;167;1
3101;6181;2;3090;1
3102;6182;7;883;1
3103;6183;2;3091;1
3104;6184;3;2061;1
3105;6185;2;3092;1
3106;6186;5;1237;1
3107;6187;2;3093;1
3108;6188;23;269;1
3109;6189;2;3094;1
3110;6190;3;2063;1
3111;6191;2;3095;1
3112;6192;41;151;1
3113;6193;2;3096;1
3114;6194;11;563;1
3115;6195;2;3097;1
3116;6196;3;2065;1
3117;6197;2;3098;1
3118;6198;6197;1;1
3119;6199;2;3099;1
3120;6200;6199;1;1
3121;6201;2;3100;1
3122;6202;3;2067;1
3123;6203;2;3101;1
3124;6204;6203;1;1
3125;6205;2;3102;1
3126;6206;5;1241;1
3127;6207;2;3103;1
3128;6208;3;2069;1
3129;6209;2;3104;1
3130;6210;7;887;1
3131;6211;2;3105;1
3132;6212;6211;1;1
3133;6213;2;3106;1
3134;6214;3;2071;1
3135;6215;2;3107;1
3136;6216;359;17;113
3137;6329;2;3164;1
3138;6330;6329;1;1
3139;6331;2;3165;1
3140;6332;13;487;1
3141;6333;2;3166;1
3142;6334;3;2111;1
3143;6335;2;3167;1
3144;6336;5;1267;1
3145;6337;2;3168;1
3146;6338;6337;1;1
3147;6339;2;3169;1
3148;6340;3;2113;1
3149;6341;2;3170;1
3150;6342;17;373;1
3151;6343;2;3171;1
3152;6344;6343;1;1
3153;6345;2;3172;1
3154;6346;3;2115;1
3155;6347;2;3173;1
3156;6348;11;577;1
3157;6349;2;3174;1
3158;6350;7;907;1
3159;6351;2;3175;1
3160;6352;3;2117;1
3161;6353;2;3176;1
3162;6354;6353;1;1
3163;6355;2;3177;1
3164;6356;5;1271;1
3165;6357;2;3178;1
3166;6358;3;2119;1
3167;6359;2;3179;1
3168;6360;6359;1;1
3169;6361;2;3180;1
3170;6362;6361;1;1
3171;6363;2;3181;1
3172;6364;3;2121;1
3173;6365;2;3182;1
3174;6366;5;1273;1
3175;6367;2;3183;1
3176;6368;6367;1;1
3177;6369;2;3184;1
3178;6370;3;2123;1
3179;6371;2;3185;1
3180;6372;23;277;1
3181;6373;2;3186;1
3182;6374;6373;1;1
3183;6375;2;3187;1
3184;6376;3;2125;1
3185;6377;2;3188;1
3186;6378;7;911;1
3187;6379;2;3189;1
3188;6380;6379;1;1
3189;6381;2;3190;1
3190;6382;3;2127;1
3191;6383;2;3191;1
3192;6384;13;491;1
3193;6385;2;3192;1
3194;6386;5;1277;1
3195;6387;2;3193;1
3196;6388;3;2129;1
3197;6389;2;3194;1
3198;6390;6389;1;1
3199;6391;2;3195;1
3200;6392;7;913;1
3201;6393;2;3196;1
3202;6394;3;2131;1
3203;6395;2;3197;1
3204;6396;5;1279;1
3205;6397;2;3198;1
3206;6398;6397;1;1
3207;6399;2;3199;1
3208;6400;3;2133;1
3209;6401;2;3200;1
3210;6402;37;173;1
3211;6403;2;3201;1
3212;6404;19;337;1
3213;6405;2;3202;1
3214;6406;3;2135;1
3215;6407;2;3203;1
3216;6408;43;149;1
3217;6409;2;3204;1
3218;6410;13;493;1
3219;6411;2;3205;1
3220;6412;3;2137;1
3221;6413;2;3206;1
3222;6414;11;583;1
3223;6415;2;3207;1
3224;6416;5;1283;1
3225;6417;2;3208;1
3226;6418;3;2139;1
3227;6419;2;3209;1
3228;6420;7;917;1
3229;6421;2;3210;1
3230;6422;6421;1;1
3231;6423;2;3211;1
3232;6424;3;2141;1
3233;6425;2;3212;1
3234;6426;5;1285;1
3235;6427;2;3213;1
3236;6428;6427;1;1
3237;6429;2;3214;1
3238;6430;3;2143;1
3239;6431;2;3215;1
3240;6432;59;109;1
3241;6433;2;3216;1
3242;6434;7;919;1
3243;6435;2;3217;1
3244;6436;3;2145;1
3245;6437;2;3218;1
3246;6438;41;157;1
3247;6439;2;3219;1
3248;6440;47;137;1
3249;6441;3163;2;115
3250;6556;3;2185;1
3251;6557;2;3278;1
3252;6558;79;83;1
3253;6559;2;3279;1
3254;6560;7;937;1
3255;6561;2;3280;1
3256;6562;3;2187;1
3257;6563;2;3281;1
3258;6564;6563;1;1
3259;6565;2;3282;1
3260;6566;5;1313;1
3261;6567;2;3283;1
3262;6568;3;2189;1
3263;6569;2;3284;1
3264;6570;6569;1;1
3265;6571;2;3285;1
3266;6572;6571;1;1
3267;6573;2;3286;1
3268;6574;3;2191;1
3269;6575;2;3287;1
3270;6576;5;1315;1
3271;6577;2;3288;1
3272;6578;6577;1;1
3273;6579;2;3289;1
3274;6580;3;2193;1
3275;6581;2;3290;1
3276;6582;6581;1;1
3277;6583;2;3291;1
3278;6584;29;227;1
3279;6585;2;3292;1
3280;6586;3;2195;1
3281;6587;2;3293;1
3282;6588;7;941;1
3283;6589;2;3294;1
3284;6590;11;599;1
3285;6591;2;3295;1
3286;6592;3;2197;1
3287;6593;2;3296;1
3288;6594;19;347;1
3289;6595;2;3297;1
3290;6596;5;1319;1
3291;6597;2;3298;1
3292;6598;3;2199;1
3293;6599;2;3299;1
3294;6600;6599;1;1
3295;6601;2;3300;1
3296;6602;7;943;1
3297;6603;2;3301;1
3298;6604;3;2201;1
3299;6605;2;3302;1
3300;6606;5;1321;1
3301;6607;2;3303;1
3302;6608;6607;1;1
3303;6609;2;3304;1
3304;6610;3;2203;1
3305;6611;2;3305;1
3306;6612;11;601;1
3307;6613;2;3306;1
3308;6614;17;389;1
3309;6615;2;3307;1
3310;6616;3;2205;1
3311;6617;2;3308;1
3312;6618;13;509;1
3313;6619;2;3309;1
3314;6620;6619;1;1
3315;6621;2;3310;1
3316;6622;3;2207;1
3317;6623;2;3311;1
3318;6624;37;179;1
3319;6625;2;3312;1
3320;6626;5;1325;1
3321;6627;2;3313;1
3322;6628;3;2209;1
3323;6629;2;3314;1
3324;6630;7;947;1
3325;6631;2;3315;1
3326;6632;19;349;1
3327;6633;2;3316;1
3328;6634;3;2211;1
3329;6635;2;3317;1
3330;6636;5;1327;1
3331;6637;2;3318;1
3332;6638;6637;1;1
3333;6639;2;3319;1
3334;6640;3;2213;1
3335;6641;2;3320;1
3336;6642;29;229;1
3337;6643;2;3321;1
3338;6644;7;949;1
3339;6645;2;3322;1
3340;6646;3;2215;1
3341;6647;2;3323;1
3342;6648;17;391;1
3343;6649;2;3324;1
3344;6650;61;109;1
3345;6651;2;3325;1
3346;6652;3;2217;1
3347;6653;2;3326;1
3348;6654;6653;1;1
3349;6655;2;3327;1
3350;6656;5;1331;1
3351;6657;2;3328;1
3352;6658;3;2219;1
3353;6659;2;3329;1
3354;6660;6659;1;1
3355;6661;2;3330;1
3356;6662;6661;1;1
3357;6663;2;3331;1
3358;6664;3;2221;1
3359;6665;2;3332;1
3360;6666;5;1333;1
3361;6667;2;3333;1
3362;6668;59;113;1
3363;6669;2;3334;1
3364;6670;6553;1;117
3365;6787;2;3393;1
3366;6788;11;617;1
3367;6789;2;3394;1
3368;6790;3;2263;1
3369;6791;2;3395;1
3370;6792;6791;1;1
3371;6793;2;3396;1
3372;6794;6793;1;1
3373;6795;2;3397;1
3374;6796;3;2265;1
3375;6797;2;3398;1
3376;6798;7;971;1
3377;6799;2;3399;1
3378;6800;13;523;1
3379;6801;2;3400;1
3380;6802;3;2267;1
3381;6803;2;3401;1
3382;6804;6803;1;1
3383;6805;2;3402;1
3384;6806;5;1361;1
3385;6807;2;3403;1
3386;6808;3;2269;1
3387;6809;2;3404;1
3388;6810;11;619;1
3389;6811;2;3405;1
3390;6812;7;973;1
3391;6813;2;3406;1
3392;6814;3;2271;1
3393;6815;2;3407;1
3394;6816;5;1363;1
3395;6817;2;3408;1
3396;6818;17;401;1
3397;6819;2;3409;1
3398;6820;3;2273;1
3399;6821;2;3410;1
3400;6822;19;359;1
3401;6823;2;3411;1
3402;6824;6823;1;1
3403;6825;2;3412;1
3404;6826;3;2275;1
3405;6827;2;3413;1
3406;6828;6827;1;1
3407;6829;2;3414;1
3408;6830;6829;1;1
3409;6831;2;3415;1
3410;6832;3;2277;1
3411;6833;2;3416;1
3412;6834;6833;1;1
3413;6835;2;3417;1
3414;6836;5;1367;1
3415;6837;2;3418;1
3416;6838;3;2279;1
3417;6839;2;3419;1
3418;6840;7;977;1
3419;6841;2;3420;1
3420;6842;6841;1;1
3421;6843;2;3421;1
3422;6844;3;2281;1
3423;6845;2;3422;1
3424;6846;5;1369;1
3425;6847;2;3423;1
3426;6848;41;167;1
3427;6849;2;3424;1
3428;6850;3;2283;1
3429;6851;2;3425;1
3430;6852;13;527;1
3431;6853;2;3426;1
3432;6854;7;979;1
3433;6855;2;3427;1
3434;6856;3;2285;1
3435;6857;2;3428;1
3436;6858;6857;1;1
3437;6859;2;3429;1
3438;6860;19;361;1
3439;6861;2;3430;1
3440;6862;3;2287;1
3441;6863;2;3431;1
3442;6864;6863;1;1
3443;6865;2;3432;1
3444;6866;5;1373;1
3445;6867;2;3433;1
3446;6868;3;2289;1
3447;6869;2;3434;1
3448;6870;6869;1;1
3449;6871;2;3435;1
3450;6872;6871;1;1
3451;6873;2;3436;1
3452;6874;3;2291;1
3453;6875;2;3437;1
3454;6876;5;1375;1
3455;6877;2;3438;1
3456;6878;13;529;1
3457;6879;2;3439;1
3458;6880;3;2293;1
3459;6881;2;3440;1
3460;6882;7;983;1
3461;6883;2;3441;1
3462;6884;6883;1;1
3463;6885;2;3442;1
3464;6886;3;2295;1
3465;6887;2;3443;1
3466;6888;71;97;1
3467;6889;2;3444;1
3468;6890;83;83;1
3469;6891;2;3445;1
3470;6892;3;2297;1
3471;6893;2;3446;1
3472;6894;61;113;1
3473;6895;2;3447;1
3474;6896;5;1379;1
3475;6897;2;3448;1
3476;6898;3;2299;1
3477;6899;2;3449;1
3478;6900;6899;1;1
3479;6901;2;3450;1
3480;6902;67;103;1
3481;6903;128;53;119
3482;7022;7;1003;1
3483;7023;2;3511;1
3484;7024;3;2341;1
3485;7025;2;3512;1
3486;7026;5;1405;1
3487;7027;2;3513;1
3488;7028;7027;1;1
3489;7029;2;3514;1
3490;7030;3;2343;1
3491;7031;2;3515;1
3492;7032;79;89;1
3493;7033;2;3516;1
3494;7034;13;541;1
3495;7035;2;3517;1
3496;7036;3;2345;1
3497;7037;2;3518;1
3498;7038;31;227;1
3499;7039;2;3519;1
3500;7040;7039;1;1
3501;7041;2;3520;1
3502;7042;3;2347;1
3503;7043;2;3521;1
3504;7044;7043;1;1
3505;7045;2;3522;1
3506;7046;5;1409;1
3507;7047;2;3523;1
3508;7048;3;2349;1
3509;7049;2;3524;1
3510;7050;7;1007;1
3511;7051;2;3525;1
3512;7052;11;641;1
3513;7053;2;3526;1
3514;7054;3;2351;1
3515;7055;2;3527;1
3516;7056;5;1411;1
3517;7057;2;3528;1
3518;7058;7057;1;1
3519;7059;2;3529;1
3520;7060;3;2353;1
3521;7061;2;3530;1
3522;7062;23;307;1
3523;7063;2;3531;1
3524;7064;7;1009;1
3525;7065;2;3532;1
3526;7066;3;2355;1
3527;7067;2;3533;1
3528;7068;37;191;1
3529;7069;2;3534;1
3530;7070;7069;1;1
3531;7071;2;3535;1
3532;7072;3;2357;1
3533;7073;2;3536;1
3534;7074;11;643;1
3535;7075;2;3537;1
3536;7076;5;1415;1
3537;7077;2;3538;1
3538;7078;3;2359;1
3539;7079;2;3539;1
3540;7080;7079;1;1
3541;7081;2;3540;1
3542;7082;73;97;1
3543;7083;2;3541;1
3544;7084;3;2361;1
3545;7085;2;3542;1
3546;7086;5;1417;1
3547;7087;2;3543;1
3548;7088;19;373;1
3549;7089;2;3544;1
3550;7090;3;2363;1
3551;7091;2;3545;1
3552;7092;7;1013;1
3553;7093;2;3546;1
3554;7094;41;173;1
3555;7095;2;3547;1
3556;7096;3;2365;1
3557;7097;2;3548;1
3558;7098;47;151;1
3559;7099;2;3549;1
3560;7100;31;229;1
3561;7101;2;3550;1
3562;7102;3;2367;1
3563;7103;2;3551;1
3564;7104;7103;1;1
3565;7105;2;3552;1
3566;7106;5;1421;1
3567;7107;2;3553;1
3568;7108;3;2369;1
3569;7109;2;3554;1
3570;7110;7109;1;1
3571;7111;2;3555;1
3572;7112;13;547;1
3573;7113;2;3556;1
3574;7114;3;2371;1
3575;7115;2;3557;1
3576;7116;5;1423;1
3577;7117;2;3558;1
3578;7118;11;647;1
3579;7119;2;3559;1
3580;7120;3;2373;1
3581;7121;2;3560;1
3582;7122;7121;1;1
3583;7123;2;3561;1
3584;7124;17;419;1
3585;7125;2;3562;1
3586;7126;3;2375;1
3587;7127;2;3563;1
3588;7128;7127;1;1
3589;7129;2;3564;1
3590;7130;7129;1;1
3591;7131;2;3565;1
3592;7132;3;2377;1
3593;7133;2;3566;1
3594;7134;7;1019;1
3595;7135;2;3567;1
3596;7136;5;1427;1
3597;7137;2;3568;1
3598;7138;3;2379;1
3599;7139;2;3569;1
3600;7140;7019;1;121
3601;7261;2;3630;1
3602;7262;53;137;1
3603;7263;2;3631;1
3604;7264;3;2421;1
3605;7265;2;3632;1
3606;7266;5;1453;1
3607;7267;2;3633;1
3608;7268;13;559;1
3609;7269;2;3634;1
3610;7270;3;2423;1
3611;7271;2;3635;1
3612;7272;11;661;1
3613;7273;2;3636;1
3614;7274;7;1039;1
3615;7275;2;3637;1
3616;7276;3;2425;1
3617;7277;2;3638;1
3618;7278;19;383;1
3619;7279;2;3639;1
3620;7280;29;251;1
3621;7281;2;3640;1
3622;7282;3;2427;1
3623;7283;2;3641;1
3624;7284;7283;1;1
3625;7285;2;3642;1
3626;7286;5;1457;1
3627;7287;2;3643;1
3628;7288;3;2429;1
3629;7289;2;3644;1
3630;7290;37;197;1
3631;7291;2;3645;1
3632;7292;23;317;1
3633;7293;2;3646;1
3634;7294;3;2431;1
3635;7295;2;3647;1
3636;7296;5;1459;1
3637;7297;2;3648;1
3638;7298;7297;1;1
3639;7299;2;3649;1
3640;7300;3;2433;1
3641;7301;2;3650;1
3642;7302;7;1043;1
3643;7303;2;3651;1
3644;7304;67;109;1
3645;7305;2;3652;1
3646;7306;3;2435;1
3647;7307;2;3653;1
3648;7308;7307;1;1
3649;7309;2;3654;1
3650;7310;7309;1;1
3651;7311;2;3655;1
3652;7312;3;2437;1
3653;7313;2;3656;1
3654;7314;71;103;1
3655;7315;2;3657;1
3656;7316;5;1463;1
3657;7317;2;3658;1
3658;7318;3;2439;1
3659;7319;2;3659;1
3660;7320;13;563;1
3661;7321;2;3660;1
3662;7322;7321;1;1
3663;7323;2;3661;1
3664;7324;3;2441;1
3665;7325;2;3662;1
3666;7326;5;1465;1
3667;7327;2;3663;1
3668;7328;17;431;1
3669;7329;2;3664;1
3670;7330;3;2443;1
3671;7331;2;3665;1
3672;7332;7331;1;1
3673;7333;2;3666;1
3674;7334;7333;1;1
3675;7335;2;3667;1
3676;7336;3;2445;1
3677;7337;2;3668;1
3678;7338;11;667;1
3679;7339;2;3669;1
3680;7340;41;179;1
3681;7341;2;3670;1
3682;7342;3;2447;1
3683;7343;2;3671;1
3684;7344;7;1049;1
3685;7345;2;3672;1
3686;7346;5;1469;1
3687;7347;2;3673;1
3688;7348;3;2449;1
3689;7349;2;3674;1
3690;7350;7349;1;1
3691;7351;2;3675;1
3692;7352;7351;1;1
3693;7353;2;3676;1
3694;7354;3;2451;1
3695;7355;2;3677;1
3696;7356;5;1471;1
3697;7357;2;3678;1
3698;7358;7;1051;1
3699;7359;2;3679;1
3700;7360;3;2453;1
3701;7361;2;3680;1
3702;7362;17;433;1
3703;7363;2;3681;1
3704;7364;37;199;1
3705;7365;2;3682;1
3706;7366;3;2455;1
3707;7367;2;3683;1
3708;7368;53;139;1
3709;7369;2;3684;1
3710;7370;7369;1;1
3711;7371;2;3685;1
3712;7372;3;2457;1
3713;7373;2;3686;1
3714;7374;73;101;1
3715;7375;2;3687;1
3716;7376;5;1475;1
3717;7377;2;3688;1
3718;7378;3;2459;1
3719;7379;2;3689;1
3720;7380;47;157;1
3721;7381;191;38;123
3722;7504;3;2501;1
3723;7505;2;3752;1
3724;7506;5;1501;1
3725;7507;2;3753;1
3726;7508;7507;1;1
3727;7509;2;3754;1
3728;7510;3;2503;1
3729;7511;2;3755;1
3730;7512;7;1073;1
3731;7513;2;3756;1
3732;7514;11;683;1
3733;7515;2;3757;1
3734;7516;3;2505;1
3735;7517;2;3758;1
3736;7518;7517;1;1
3737;7519;2;3759;1
3738;7520;73;103;1
3739;7521;2;3760;1
3740;7522;3;2507;1
3741;7523;2;3761;1
3742;7524;7523;1;1
3743;7525;2;3762;1
3744;7526;5;1505;1
3745;7527;2;3763;1
3746;7528;3;2509;1
3747;7529;2;3764;1
3748;7530;7529;1;1
3749;7531;2;3765;1
3750;7532;17;443;1
3751;7533;2;3766;1
3752;7534;3;2511;1
3753;7535;2;3767;1
3754;7536;5;1507;1
3755;7537;2;3768;1
3756;7538;7537;1;1
3757;7539;2;3769;1
3758;7540;3;2513;1
3759;7541;2;3770;1
3760;7542;7541;1;1
3761;7543;2;3771;1
3762;7544;19;397;1
3763;7545;2;3772;1
3764;7546;3;2515;1
3765;7547;2;3773;1
3766;7548;7547;1;1
3767;7549;2;3774;1
3768;7550;7549;1;1
3769;7551;2;3775;1
3770;7552;3;2517;1
3771;7553;2;3776;1
3772;7554;7;1079;1
3773;7555;2;3777;1
3774;7556;5;1511;1
3775;7557;2;3778;1
3776;7558;3;2519;1
3777;7559;2;3779;1
3778;7560;7559;1;1
3779;7561;2;3780;1
3780;7562;7561;1;1
3781;7563;2;3781;1
3782;7564;3;2521;1
3783;7565;2;3782;1
3784;7566;5;1513;1
3785;7567;2;3783;1
3786;7568;7;1081;1
3787;7569;2;3784;1
3788;7570;3;2523;1
3789;7571;2;3785;1
3790;7572;67;113;1
3791;7573;2;3786;1
3792;7574;7573;1;1
3793;7575;2;3787;1
3794;7576;3;2525;1
3795;7577;2;3788;1
3796;7578;7577;1;1
3797;7579;2;3789;1
3798;7580;11;689;1
3799;7581;2;3790;1
3800;7582;3;2527;1
3801;7583;2;3791;1
3802;7584;7583;1;1
3803;7585;2;3792;1
3804;7586;5;1517;1
3805;7587;2;3793;1
3806;7588;3;2529;1
3807;7589;2;3794;1
3808;7590;7589;1;1
3809;7591;2;3795;1
3810;7592;7591;1;1
3811;7593;2;3796;1
3812;7594;3;2531;1
3813;7595;2;3797;1
3814;7596;5;1519;1
3815;7597;2;3798;1
3816;7598;71;107;1
3817;7599;2;3799;1
3818;7600;3;2533;1
3819;7601;2;3800;1
3820;7602;11;691;1
3821;7603;2;3801;1
3822;7604;7603;1;1
3823;7605;2;3802;1
3824;7606;3;2535;1
3825;7607;2;3803;1
3826;7608;7607;1;1
3827;7609;2;3804;1
3828;7610;7;1087;1
3829;7611;2;3805;1
3830;7612;3;2537;1
3831;7613;2;3806;1
3832;7614;23;331;1
3833;7615;2;3807;1
3834;7616;5;1523;1
3835;7617;2;3808;1
3836;7618;3;2539;1
3837;7619;2;3809;1
3838;7620;19;401;1
3839;7621;2;3810;1
3840;7622;7621;1;1
3841;7623;2;3811;1
3842;7624;3;2541;1
3843;7625;2;3812;1
3844;7626;577;13;125
3845;7751;2;3875;1
3846;7752;23;337;1
3847;7753;2;3876;1
3848;7754;7753;1;1
3849;7755;2;3877;1
3850;7756;3;2585;1
3851;7757;2;3878;1
3852;7758;7757;1;1
3853;7759;2;3879;1
3854;7760;7759;1;1
3855;7761;2;3880;1
3856;7762;3;2587;1
3857;7763;2;3881;1
3858;7764;7;1109;1
3859;7765;2;3882;1
3860;7766;5;1553;1
3861;7767;2;3883;1
3862;7768;3;2589;1
3863;7769;2;3884;1
3864;7770;17;457;1
3865;7771;2;3885;1
3866;7772;19;409;1
3867;7773;2;3886;1
3868;7774;3;2591;1
3869;7775;2;3887;1
3870;7776;5;1555;1
3871;7777;2;3888;1
3872;7778;7;1111;1
3873;7779;2;3889;1
3874;7780;3;2593;1
3875;7781;2;3890;1
3876;7782;31;251;1
3877;7783;2;3891;1
3878;7784;43;181;1
3879;7785;2;3892;1
3880;7786;3;2595;1
3881;7787;2;3893;1
3882;7788;13;599;1
3883;7789;2;3894;1
3884;7790;7789;1;1
3885;7791;2;3895;1
3886;7792;3;2597;1
3887;7793;2;3896;1
3888;7794;7793;1;1
3889;7795;2;3897;1
3890;7796;5;1559;1
3891;7797;2;3898;1
3892;7798;3;2599;1
3893;7799;2;3899;1
3894;7800;11;709;1
3895;7801;2;3900;1
3896;7802;29;269;1
3897;7803;2;3901;1
3898;7804;3;2601;1
3899;7805;2;3902;1
3900;7806;5;1561;1
3901;7807;2;3903;1
3902;7808;37;211;1
3903;7809;2;3904;1
3904;7810;3;2603;1
3905;7811;2;3905;1
3906;7812;73;107;1
3907;7813;2;3906;1
3908;7814;13;601;1
3909;7815;2;3907;1
3910;7816;3;2605;1
3911;7817;2;3908;1
3912;7818;7817;1;1
3913;7819;2;3909;1
3914;7820;7;1117;1
3915;7821;2;3910;1
3916;7822;3;2607;1
3917;7823;2;3911;1
3918;7824;7823;1;1
3919;7825;2;3912;1
3920;7826;5;1565;1
3921;7827;2;3913;1
3922;7828;3;2609;1
3923;7829;2;3914;1
3924;7830;7829;1;1
3925;7831;2;3915;1
3926;7832;41;191;1
3927;7833;2;3916;1
3928;7834;3;2611;1
3929;7835;2;3917;1
3930;7836;5;1567;1
3931;7837;2;3918;1
3932;7838;17;461;1
3933;7839;2;3919;1
3934;7840;3;2613;1
3935;7841;2;3920;1
3936;7842;7841;1;1
3937;7843;2;3921;1
3938;7844;11;713;1
3939;7845;2;3922;1
3940;7846;3;2615;1
3941;7847;2;3923;1
3942;7848;7;1121;1
3943;7849;2;3924;1
3944;7850;47;167;1
3945;7851;2;3925;1
3946;7852;3;2617;1
3947;7853;2;3926;1
3948;7854;7853;1;1
3949;7855;2;3927;1
3950;7856;5;1571;1
3951;7857;2;3928;1
3952;7858;3;2619;1
3953;7859;2;3929;1
3954;7860;29;271;1
3955;7861;2;3930;1
3956;7862;7;1123;1
3957;7863;2;3931;1
3958;7864;3;2621;1
3959;7865;2;3932;1
3960;7866;5;1573;1
3961;7867;2;3933;1
3962;7868;7867;1;1
3963;7869;2;3934;1
3964;7870;3;2623;1
3965;7871;2;3935;1
3966;7872;17;463;1
3967;7873;2;3936;1
3968;7874;7873;1;1
3969;7875;149;52;127
3970;8002;3;2667;1
3971;8003;2;4001;1
3972;8004;53;151;1
3973;8005;2;4002;1
3974;8006;5;1601;1
3975;8007;2;4003;1
3976;8008;3;2669;1
3977;8009;2;4004;1
3978;8010;8009;1;1
3979;8011;2;4005;1
3980;8012;8011;1;1
3981;8013;2;4006;1
3982;8014;3;2671;1
3983;8015;2;4007;1
3984;8016;5;1603;1
3985;8017;2;4008;1
3986;8018;8017;1;1
3987;8019;2;4009;1
3988;8020;3;2673;1
3989;8021;2;4010;1
3990;8022;13;617;1
3991;8023;2;4011;1
3992;8024;71;113;1
3993;8025;2;4012;1
3994;8026;3;2675;1
3995;8027;2;4013;1
3996;8028;23;349;1
3997;8029;2;4014;1
3998;8030;7;1147;1
3999;8031;2;4015;1
4000;8032;3;2677;1
4001;8033;2;4016;1
4002;8034;29;277;1
4003;8035;2;4017;1
4004;8036;5;1607;1
4005;8037;2;4018;1
4006;8038;3;2679;1
4007;8039;2;4019;1
4008;8040;8039;1;1
4009;8041;2;4020;1
4010;8042;11;731;1
4011;8043;2;4021;1
4012;8044;3;2681;1
4013;8045;2;4022;1
4014;8046;5;1609;1
4015;8047;2;4023;1
4016;8048;13;619;1
4017;8049;2;4024;1
4018;8050;3;2683;1
4019;8051;2;4025;1
4020;8052;83;97;1
4021;8053;2;4026;1
4022;8054;8053;1;1
4023;8055;2;4027;1
4024;8056;3;2685;1
4025;8057;2;4028;1
4026;8058;7;1151;1
4027;8059;2;4029;1
4028;8060;8059;1;1
4029;8061;2;4030;1
4030;8062;3;2687;1
4031;8063;2;4031;1
4032;8064;11;733;1
4033;8065;2;4032;1
4034;8066;5;1613;1
4035;8067;2;4033;1
4036;8068;3;2689;1
4037;8069;2;4034;1
4038;8070;8069;1;1
4039;8071;2;4035;1
4040;8072;7;1153;1
4041;8073;2;4036;1
4042;8074;3;2691;1
4043;8075;2;4037;1
4044;8076;5;1615;1
4045;8077;2;4038;1
4046;8078;41;197;1
4047;8079;2;4039;1
4048;8080;3;2693;1
4049;8081;2;4040;1
4050;8082;8081;1;1
4051;8083;2;4041;1
4052;8084;59;137;1
4053;8085;2;4042;1
4054;8086;3;2695;1
4055;8087;2;4043;1
4056;8088;8087;1;1
4057;8089;2;4044;1
4058;8090;8089;1;1
4059;8091;2;4045;1
4060;8092;3;2697;1
4061;8093;2;4046;1
4062;8094;8093;1;1
4063;8095;2;4047;1
4064;8096;5;1619;1
4065;8097;2;4048;1
4066;8098;3;2699;1
4067;8099;2;4049;1
4068;8100;7;1157;1
4069;8101;2;4050;1
4070;8102;8101;1;1
4071;8103;2;4051;1
4072;8104;3;2701;1
4073;8105;2;4052;1
4074;8106;5;1621;1
4075;8107;2;4053;1
4076;8108;11;737;1
4077;8109;2;4054;1
4078;8110;3;2703;1
4079;8111;2;4055;1
4080;8112;8111;1;1
4081;8113;2;4056;1
4082;8114;7;1159;1
4083;8115;2;4057;1
4084;8116;3;2705;1
4085;8117;2;4058;1
4086;8118;8117;1;1
4087;8119;2;4059;1
4088;8120;23;353;1
4089;8121;2;4060;1
4090;8122;3;2707;1
4091;8123;2;4061;1
4092;8124;8123;1;1
4093;8125;2;4062;1
4094;8126;5;1625;1
4095;8127;2;4063;1
4096;8128;421;19;129
4097;8257;2;4128;1
4098;8258;23;359;1
4099;8259;2;4129;1
4100;8260;3;2753;1
4101;8261;2;4130;1
4102;8262;11;751;1
4103;8263;2;4131;1
4104;8264;8263;1;1
4105;8265;2;4132;1
4106;8266;3;2755;1
4107;8267;2;4133;1
4108;8268;7;1181;1
4109;8269;2;4134;1
4110;8270;8269;1;1
4111;8271;2;4135;1
4112;8272;3;2757;1
4113;8273;2;4136;1
4114;8274;8273;1;1
4115;8275;2;4137;1
4116;8276;5;1655;1
4117;8277;2;4138;1
4118;8278;3;2759;1
4119;8279;2;4139;1
4120;8280;17;487;1
4121;8281;2;4140;1
4122;8282;7;1183;1
4123;8283;2;4141;1
4124;8284;3;2761;1
4125;8285;2;4142;1
4126;8286;5;1657;1
4127;8287;2;4143;1
4128;8288;8287;1;1
4129;8289;2;4144;1
4130;8290;3;2763;1
4131;8291;2;4145;1
4132;8292;8291;1;1
4133;8293;2;4146;1
4134;8294;8293;1;1
4135;8295;2;4147;1
4136;8296;3;2765;1
4137;8297;2;4148;1
4138;8298;8297;1;1
4139;8299;2;4149;1
4140;8300;43;193;1
4141;8301;2;4150;1
4142;8302;3;2767;1
4143;8303;2;4151;1
4144;8304;19;437;1
4145;8305;2;4152;1
4146;8306;5;1661;1
4147;8307;2;4153;1
4148;8308;3;2769;1
4149;8309;2;4154;1
4150;8310;7;1187;1
4151;8311;2;4155;1
4152;8312;8311;1;1
4153;8313;2;4156;1
4154;8314;3;2771;1
4155;8315;2;4157;1
4156;8316;5;1663;1
4157;8317;2;4158;1
4158;8318;8317;1;1
4159;8319;2;4159;1
4160;8320;3;2773;1
4161;8321;2;4160;1
4162;8322;53;157;1
4163;8323;2;4161;1
4164;8324;7;1189;1
4165;8325;2;4162;1
4166;8326;3;2775;1
4167;8327;2;4163;1
4168;8328;11;757;1
4169;8329;2;4164;1
4170;8330;8329;1;1
4171;8331;2;4165;1
4172;8332;3;2777;1
4173;8333;2;4166;1
4174;8334;13;641;1
4175;8335;2;4167;1
4176;8336;5;1667;1
4177;8337;2;4168;1
4178;8338;3;2779;1
4179;8339;2;4169;1
4180;8340;31;269;1
4181;8341;2;4170;1
4182;8342;19;439;1
4183;8343;2;4171;1
4184;8344;3;2781;1
4185;8345;2;4172;1
4186;8346;5;1669;1
4187;8347;2;4173;1
4188;8348;17;491;1
4189;8349;2;4174;1
4190;8350;3;2783;1
4191;8351;2;4175;1
4192;8352;7;1193;1
4193;8353;2;4176;1
4194;8354;8353;1;1
4195;8355;2;4177;1
4196;8356;3;2785;1
4197;8357;2;4178;1
4198;8358;61;137;1
4199;8359;2;4179;1
4200;8360;13;643;1
4201;8361;2;4180;1
4202;8362;3;2787;1
4203;8363;2;4181;1
4204;8364;8363;1;1
4205;8365;2;4182;1
4206;8366;5;1673;1
4207;8367;2;4183;1
4208;8368;3;2789;1
4209;8369;2;4184;1
4210;8370;8369;1;1
4211;8371;2;4185;1
4212;8372;11;761;1
4213;8373;2;4186;1
4214;8374;3;2791;1
4215;8375;2;4187;1
4216;8376;5;1675;1
4217;8377;2;4188;1
4218;8378;8377;1;1
4219;8379;2;4189;1
4220;8380;3;2793;1
4221;8381;2;4190;1
4222;8382;17;493;1
4223;8383;2;4191;1
4224;8384;83;101;1
4225;8385;4127;2;131
4226;8516;5;1703;1
4227;8517;2;4258;1
4228;8518;3;2839;1
4229;8519;2;4259;1
4230;8520;7;1217;1
4231;8521;2;4260;1
4232;8522;8521;1;1
4233;8523;2;4261;1
4234;8524;3;2841;1
4235;8525;2;4262;1
4236;8526;5;1705;1
4237;8527;2;4263;1
4238;8528;8527;1;1
4239;8529;2;4264;1
4240;8530;3;2843;1
4241;8531;2;4265;1
4242;8532;19;449;1
4243;8533;2;4266;1
4244;8534;7;1219;1
4245;8535;2;4267;1
4246;8536;3;2845;1
4247;8537;2;4268;1
4248;8538;8537;1;1
4249;8539;2;4269;1
4250;8540;8539;1;1
4251;8541;2;4270;1
4252;8542;3;2847;1
4253;8543;2;4271;1
4254;8544;8543;1;1
4255;8545;2;4272;1
4256;8546;5;1709;1
4257;8547;2;4273;1
4258;8548;3;2849;1
4259;8549;2;4274;1
4260;8550;83;103;1
4261;8551;2;4275;1
4262;8552;17;503;1
4263;8553;2;4276;1
4264;8554;3;2851;1
4265;8555;2;4277;1
4266;8556;5;1711;1
4267;8557;2;4278;1
4268;8558;43;199;1
4269;8559;2;4279;1
4270;8560;3;2853;1
4271;8561;2;4280;1
4272;8562;7;1223;1
4273;8563;2;4281;1
4274;8564;8563;1;1
4275;8565;2;4282;1
4276;8566;3;2855;1
4277;8567;2;4283;1
4278;8568;13;659;1
4279;8569;2;4284;1
4280;8570;11;779;1
4281;8571;2;4285;1
4282;8572;3;2857;1
4283;8573;2;4286;1
4284;8574;8573;1;1
4285;8575;2;4287;1
4286;8576;5;1715;1
4287;8577;2;4288;1
4288;8578;3;2859;1
4289;8579;2;4289;1
4290;8580;23;373;1
4291;8581;2;4290;1
4292;8582;8581;1;1
4293;8583;2;4291;1
4294;8584;3;2861;1
4295;8585;2;4292;1
4296;8586;5;1717;1
4297;8587;2;4293;1
4298;8588;31;277;1
4299;8589;2;4294;1
4300;8590;3;2863;1
4301;8591;2;4295;1
4302;8592;11;781;1
4303;8593;2;4296;1
4304;8594;13;661;1
4305;8595;2;4297;1
4306;8596;3;2865;1
4307;8597;2;4298;1
4308;8598;8597;1;1
4309;8599;2;4299;1
4310;8600;8599;1;1
4311;8601;2;4300;1
4312;8602;3;2867;1
4313;8603;2;4301;1
4314;8604;7;1229;1
4315;8605;2;4302;1
4316;8606;5;1721;1
4317;8607;2;4303;1
4318;8608;3;2869;1
4319;8609;2;4304;1
4320;8610;8609;1;1
4321;8611;2;4305;1
4322;8612;79;109;1
4323;8613;2;4306;1
4324;8614;3;2871;1
4325;8615;2;4307;1
4326;8616;5;1723;1
4327;8617;2;4308;1
4328;8618;7;1231;1
4329;8619;2;4309;1
4330;8620;3;2873;1
4331;8621;2;4310;1
4332;8622;37;233;1
4333;8623;2;4311;1
4334;8624;8623;1;1
4335;8625;2;4312;1
4336;8626;3;2875;1
4337;8627;2;4313;1
4338;8628;8627;1;1
4339;8629;2;4314;1
4340;8630;8629;1;1
4341;8631;2;4315;1
4342;8632;3;2877;1
4343;8633;2;4316;1
4344;8634;89;97;1
4345;8635;2;4317;1
4346;8636;5;1727;1
4347;8637;2;4318;1
4348;8638;3;2879;1
4349;8639;2;4319;1
4350;8640;53;163;1
4351;8641;2;4320;1
4352;8642;8641;1;1
4353;8643;2;4321;1
4354;8644;3;2881;1
4355;8645;2;4322;1
4356;8646;8513;1;133
4357;8779;2;4389;1
4358;8780;8779;1;1
4359;8781;2;4390;1
4360;8782;3;2927;1
4361;8783;2;4391;1
4362;8784;8783;1;1
4363;8785;2;4392;1
4364;8786;5;1757;1
4365;8787;2;4393;1
4366;8788;3;2929;1
4367;8789;2;4394;1
4368;8790;11;799;1
4369;8791;2;4395;1
4370;8792;59;149;1
4371;8793;2;4396;1
4372;8794;3;2931;1
4373;8795;2;4397;1
4374;8796;5;1759;1
4375;8797;2;4398;1
4376;8798;19;463;1
4377;8799;2;4399;1
4378;8800;3;2933;1
4379;8801;2;4400;1
4380;8802;13;677;1
4381;8803;2;4401;1
4382;8804;8803;1;1
4383;8805;2;4402;1
4384;8806;3;2935;1
4385;8807;2;4403;1
4386;8808;8807;1;1
4387;8809;2;4404;1
4388;8810;23;383;1
4389;8811;2;4405;1
4390;8812;3;2937;1
4391;8813;2;4406;1
4392;8814;7;1259;1
4393;8815;2;4407;1
4394;8816;5;1763;1
4395;8817;2;4408;1
4396;8818;3;2939;1
4397;8819;2;4409;1
4398;8820;8819;1;1
4399;8821;2;4410;1
4400;8822;8821;1;1
4401;8823;2;4411;1
4402;8824;3;2941;1
4403;8825;2;4412;1
4404;8826;5;1765;1
4405;8827;2;4413;1
4406;8828;7;1261;1
4407;8829;2;4414;1
4408;8830;3;2943;1
4409;8831;2;4415;1
4410;8832;8831;1;1
4411;8833;2;4416;1
4412;8834;11;803;1
4413;8835;2;4417;1
4414;8836;3;2945;1
4415;8837;2;4418;1
4416;8838;8837;1;1
4417;8839;2;4419;1
4418;8840;8839;1;1
4419;8841;2;4420;1
4420;8842;3;2947;1
4421;8843;2;4421;1
4422;8844;37;239;1
4423;8845;2;4422;1
4424;8846;5;1769;1
4425;8847;2;4423;1
4426;8848;3;2949;1
4427;8849;2;4424;1
4428;8850;8849;1;1
4429;8851;2;4425;1
4430;8852;53;167;1
4431;8853;2;4426;1
4432;8854;3;2951;1
4433;8855;2;4427;1
4434;8856;5;1771;1
4435;8857;2;4428;1
4436;8858;17;521;1
4437;8859;2;4429;1
4438;8860;3;2953;1
4439;8861;2;4430;1
4440;8862;8861;1;1
4441;8863;2;4431;1
4442;8864;8863;1;1
4443;8865;2;4432;1
4444;8866;3;2955;1
4445;8867;2;4433;1
4446;8868;8867;1;1
4447;8869;2;4434;1
4448;8870;7;1267;1
4449;8871;2;4435;1
4450;8872;3;2957;1
4451;8873;2;4436;1
4452;8874;19;467;1
4453;8875;2;4437;1
4454;8876;5;1775;1
4455;8877;2;4438;1
4456;8878;3;2959;1
4457;8879;2;4439;1
4458;8880;13;683;1
4459;8881;2;4440;1
4460;8882;83;107;1
4461;8883;2;4441;1
4462;8884;3;2961;1
4463;8885;2;4442;1
4464;8886;5;1777;1
4465;8887;2;4443;1
4466;8888;8887;1;1
4467;8889;2;4444;1
4468;8890;3;2963;1
4469;8891;2;4445;1
4470;8892;17;523;1
4471;8893;2;4446;1
4472;8894;8893;1;1
4473;8895;2;4447;1
4474;8896;3;2965;1
4475;8897;2;4448;1
4476;8898;7;1271;1
4477;8899;2;4449;1
4478;8900;11;809;1
4479;8901;2;4450;1
4480;8902;3;2967;1
4481;8903;2;4451;1
4482;8904;29;307;1
4483;8905;2;4452;1
4484;8906;5;1781;1
4485;8907;2;4453;1
4486;8908;3;2969;1
4487;8909;2;4454;1
4488;8910;59;151;1
4489;8911;1097;8;135
4490;9046;3;3015;1
4491;9047;2;4523;1
4492;9048;83;109;1
4493;9049;2;4524;1
4494;9050;9049;1;1
4495;9051;2;4525;1
4496;9052;3;3017;1
4497;9053;2;4526;1
4498;9054;11;823;1
4499;9055;2;4527;1
4500;9056;5;1811;1
4501;9057;2;4528;1
4502;9058;3;3019;1
4503;9059;2;4529;1
4504;9060;9059;1;1
4505;9061;2;4530;1
4506;9062;13;697;1
4507;9063;2;4531;1
4508;9064;3;3021;1
4509;9065;2;4532;1
4510;9066;5;1813;1
4511;9067;2;4533;1
4512;9068;9067;1;1
4513;9069;2;4534;1
4514;9070;3;3023;1
4515;9071;2;4535;1
4516;9072;47;193;1
4517;9073;2;4536;1
4518;9074;43;211;1
4519;9075;2;4537;1
4520;9076;3;3025;1
4521;9077;2;4538;1
4522;9078;29;313;1
4523;9079;2;4539;1
4524;9080;7;1297;1
4525;9081;2;4540;1
4526;9082;3;3027;1
4527;9083;2;4541;1
4528;9084;31;293;1
4529;9085;2;4542;1
4530;9086;5;1817;1
4531;9087;2;4543;1
4532;9088;3;3029;1
4533;9089;2;4544;1
4534;9090;61;149;1
4535;9091;2;4545;1
4536;9092;9091;1;1
4537;9093;2;4546;1
4538;9094;3;3031;1
4539;9095;2;4547;1
4540;9096;5;1819;1
4541;9097;2;4548;1
4542;9098;11;827;1
4543;9099;2;4549;1
4544;9100;3;3033;1
4545;9101;2;4550;1
4546;9102;19;479;1
4547;9103;2;4551;1
4548;9104;9103;1;1
4549;9105;2;4552;1
4550;9106;3;3035;1
4551;9107;2;4553;1
4552;9108;7;1301;1
4553;9109;2;4554;1
4554;9110;9109;1;1
4555;9111;2;4555;1
4556;9112;3;3037;1
4557;9113;2;4556;1
4558;9114;13;701;1
4559;9115;2;4557;1
4560;9116;5;1823;1
4561;9117;2;4558;1
4562;9118;3;3039;1
4563;9119;2;4559;1
4564;9120;11;829;1
4565;9121;2;4560;1
4566;9122;7;1303;1
4567;9123;2;4561;1
4568;9124;3;3041;1
4569;9125;2;4562;1
4570;9126;5;1825;1
4571;9127;2;4563;1
4572;9128;9127;1;1
4573;9129;2;4564;1
4574;9130;3;3043;1
4575;9131;2;4565;1
4576;9132;23;397;1
4577;9133;2;4566;1
4578;9134;9133;1;1
4579;9135;2;4567;1
4580;9136;3;3045;1
4581;9137;2;4568;1
4582;9138;9137;1;1
4583;9139;2;4569;1
4584;9140;13;703;1
4585;9141;2;4570;1
4586;9142;3;3047;1
4587;9143;2;4571;1
4588;9144;41;223;1
4589;9145;2;4572;1
4590;9146;5;1829;1
4591;9147;2;4573;1
4592;9148;3;3049;1
4593;9149;2;4574;1
4594;9150;7;1307;1
4595;9151;2;4575;1
4596;9152;9151;1;1
4597;9153;2;4576;1
4598;9154;3;3051;1
4599;9155;2;4577;1
4600;9156;5;1831;1
4601;9157;2;4578;1
4602;9158;9157;1;1
4603;9159;2;4579;1
4604;9160;3;3053;1
4605;9161;2;4580;1
4606;9162;9161;1;1
4607;9163;2;4581;1
4608;9164;7;1309;1
4609;9165;2;4582;1
4610;9166;3;3055;1
4611;9167;2;4583;1
4612;9168;89;103;1
4613;9169;2;4584;1
4614;9170;53;173;1
4615;9171;2;4585;1
4616;9172;3;3057;1
4617;9173;2;4586;1
4618;9174;9173;1;1
4619;9175;2;4587;1
4620;9176;5;1835;1
4621;9177;2;4588;1
4622;9178;3;3059;1
4623;9179;2;4589;1
4624;9180;9043;1;137
4625;9317;2;4658;1
4626;9318;7;1331;1
4627;9319;2;4659;1
4628;9320;9319;1;1
4629;9321;2;4660;1
4630;9322;3;3107;1
4631;9323;2;4661;1
4632;9324;9323;1;1
4633;9325;2;4662;1
4634;9326;5;1865;1
4635;9327;2;4663;1
4636;9328;3;3109;1
4637;9329;2;4664;1
4638;9330;19;491;1
4639;9331;2;4665;1
4640;9332;7;1333;1
4641;9333;2;4666;1
4642;9334;3;3111;1
4643;9335;2;4667;1
4644;9336;5;1867;1
4645;9337;2;4668;1
4646;9338;9337;1;1
4647;9339;2;4669;1
4648;9340;3;3113;1
4649;9341;2;4670;1
4650;9342;9341;1;1
4651;9343;2;4671;1
4652;9344;9343;1;1
4653;9345;2;4672;1
4654;9346;3;3115;1
4655;9347;2;4673;1
4656;9348;13;719;1
4657;9349;2;4674;1
4658;9350;9349;1;1
4659;9351;2;4675;1
4660;9352;3;3117;1
4661;9353;2;4676;1
4662;9354;47;199;1
4663;9355;2;4677;1
4664;9356;5;1871;1
4665;9357;2;4678;1
4666;9358;3;3119;1
4667;9359;2;4679;1
4668;9360;7;1337;1
4669;9361;2;4680;1
4670;9362;11;851;1
4671;9363;2;4681;1
4672;9364;3;3121;1
4673;9365;2;4682;1
4674;9366;5;1873;1
4675;9367;2;4683;1
4676;9368;17;551;1
4677;9369;2;4684;1
4678;9370;3;3123;1
4679;9371;2;4685;1
4680;9372;9371;1;1
4681;9373;2;4686;1
4682;9374;7;1339;1
4683;9375;2;4687;1
4684;9376;3;3125;1
4685;9377;2;4688;1
4686;9378;9377;1;1
4687;9379;2;4689;1
4688;9380;83;113;1
4689;9381;2;4690;1
4690;9382;3;3127;1
4691;9383;2;4691;1
4692;9384;11;853;1
4693;9385;2;4692;1
4694;9386;5;1877;1
4695;9387;2;4693;1
4696;9388;3;3129;1
4697;9389;2;4694;1
4698;9390;41;229;1
4699;9391;2;4695;1
4700;9392;9391;1;1
4701;9393;2;4696;1
4702;9394;3;3131;1
4703;9395;2;4697;1
4704;9396;5;1879;1
4705;9397;2;4698;1
4706;9398;9397;1;1
4707;9399;2;4699;1
4708;9400;3;3133;1
4709;9401;2;4700;1
4710;9402;7;1343;1
4711;9403;2;4701;1
4712;9404;9403;1;1
4713;9405;2;4702;1
4714;9406;3;3135;1
4715;9407;2;4703;1
4716;9408;23;409;1
4717;9409;2;4704;1
4718;9410;97;97;1
4719;9411;2;4705;1
4720;9412;3;3137;1
4721;9413;2;4706;1
4722;9414;9413;1;1
4723;9415;2;4707;1
4724;9416;5;1883;1
4725;9417;2;4708;1
4726;9418;3;3139;1
4727;9419;2;4709;1
4728;9420;9419;1;1
4729;9421;2;4710;1
4730;9422;9421;1;1
4731;9423;2;4711;1
4732;9424;3;3141;1
4733;9425;2;4712;1
4734;9426;5;1885;1
4735;9427;2;4713;1
4736;9428;11;857;1
4737;9429;2;4714;1
4738;9430;3;3143;1
4739;9431;2;4715;1
4740;9432;9431;1;1
4741;9433;2;4716;1
4742;9434;9433;1;1
4743;9435;2;4717;1
4744;9436;3;3145;1
4745;9437;2;4718;1
4746;9438;9437;1;1
4747;9439;2;4719;1
4748;9440;9439;1;1
4749;9441;2;4720;1
4750;9442;3;3147;1
4751;9443;2;4721;1
4752;9444;7;1349;1
4753;9445;2;4722;1
4754;9446;5;1889;1
4755;9447;2;4723;1
4756;9448;3;3149;1
4757;9449;2;4724;1
4758;9450;11;859;1
4759;9451;2;4725;1
4760;9452;13;727;1
4761;9453;4657;2;139
4762;9592;3;3197;1
4763;9593;2;4796;1
4764;9594;53;181;1
4765;9595;2;4797;1
4766;9596;5;1919;1
4767;9597;2;4798;1
4768;9598;3;3199;1
4769;9599;2;4799;1
4770;9600;29;331;1
4771;9601;2;4800;1
4772;9602;9601;1;1
4773;9603;2;4801;1
4774;9604;3;3201;1
4775;9605;2;4802;1
4776;9606;5;1921;1
4777;9607;2;4803;1
4778;9608;13;739;1
4779;9609;2;4804;1
4780;9610;3;3203;1
4781;9611;2;4805;1
4782;9612;7;1373;1
4783;9613;2;4806;1
4784;9614;9613;1;1
4785;9615;2;4807;1
4786;9616;3;3205;1
4787;9617;2;4808;1
4788;9618;59;163;1
4789;9619;2;4809;1
4790;9620;9619;1;1
4791;9621;2;4810;1
4792;9622;3;3207;1
4793;9623;2;4811;1
4794;9624;9623;1;1
4795;9625;2;4812;1
4796;9626;5;1925;1
4797;9627;2;4813;1
4798;9628;3;3209;1
4799;9629;2;4814;1
4800;9630;9629;1;1
4801;9631;2;4815;1
4802;9632;9631;1;1
4803;9633;2;4816;1
4804;9634;3;3211;1
4805;9635;2;4817;1
4806;9636;5;1927;1
4807;9637;2;4818;1
4808;9638;23;419;1
4809;9639;2;4819;1
4810;9640;3;3213;1
4811;9641;2;4820;1
4812;9642;31;311;1
4813;9643;2;4821;1
4814;9644;9643;1;1
4815;9645;2;4822;1
4816;9646;3;3215;1
4817;9647;2;4823;1
4818;9648;11;877;1
4819;9649;2;4824;1
4820;9650;9649;1;1
4821;9651;2;4825;1
4822;9652;3;3217;1
4823;9653;2;4826;1
4824;9654;7;1379;1
4825;9655;2;4827;1
4826;9656;5;1931;1
4827;9657;2;4828;1
4828;9658;3;3219;1
4829;9659;2;4829;1
4830;9660;13;743;1
4831;9661;2;4830;1
4832;9662;9661;1;1
4833;9663;2;4831;1
4834;9664;3;3221;1
4835;9665;2;4832;1
4836;9666;5;1933;1
4837;9667;2;4833;1
4838;9668;7;1381;1
4839;9669;2;4834;1
4840;9670;3;3223;1
4841;9671;2;4835;1
4842;9672;19;509;1
4843;9673;2;4836;1
4844;9674;17;569;1
4845;9675;2;4837;1
4846;9676;3;3225;1
4847;9677;2;4838;1
4848;9678;9677;1;1
4849;9679;2;4839;1
4850;9680;9679;1;1
4851;9681;2;4840;1
4852;9682;3;3227;1
4853;9683;2;4841;1
4854;9684;23;421;1
4855;9685;2;4842;1
4856;9686;5;1937;1
4857;9687;2;4843;1
4858;9688;3;3229;1
4859;9689;2;4844;1
4860;9690;9689;1;1
4861;9691;2;4845;1
4862;9692;11;881;1
4863;9693;2;4846;1
4864;9694;3;3231;1
4865;9695;2;4847;1
4866;9696;5;1939;1
4867;9697;2;4848;1
4868;9698;9697;1;1
4869;9699;2;4849;1
4870;9700;3;3233;1
4871;9701;2;4850;1
4872;9702;89;109;1
4873;9703;2;4851;1
4874;9704;31;313;1
4875;9705;2;4852;1
4876;9706;3;3235;1
4877;9707;2;4853;1
4878;9708;17;571;1
4879;9709;2;4854;1
4880;9710;7;1387;1
4881;9711;2;4855;1
4882;9712;3;3237;1
4883;9713;2;4856;1
4884;9714;11;883;1
4885;9715;2;4857;1
4886;9716;5;1943;1
4887;9717;2;4858;1
4888;9718;3;3239;1
4889;9719;2;4859;1
4890;9720;9719;1;1
4891;9721;2;4860;1
4892;9722;9721;1;1
4893;9723;2;4861;1
4894;9724;3;3241;1
4895;9725;2;4862;1
4896;9726;5;1945;1
4897;9727;2;4863;1
4898;9728;71;137;1
4899;9729;2;4864;1
4900;9730;223;43;141
4901;9871;2;4935;1
4902;9872;9871;1;1
4903;9873;2;4936;1
4904;9874;3;3291;1
4905;9875;2;4937;1
4906;9876;5;1975;1
4907;9877;2;4938;1
4908;9878;7;1411;1
4909;9879;2;4939;1
4910;9880;3;3293;1
4911;9881;2;4940;1
4912;9882;41;241;1
4913;9883;2;4941;1
4914;9884;9883;1;1
4915;9885;2;4942;1
4916;9886;3;3295;1
4917;9887;2;4943;1
4918;9888;9887;1;1
4919;9889;2;4944;1
4920;9890;11;899;1
4921;9891;2;4945;1
4922;9892;3;3297;1
4923;9893;2;4946;1
4924;9894;13;761;1
4925;9895;2;4947;1
4926;9896;5;1979;1
4927;9897;2;4948;1
4928;9898;3;3299;1
4929;9899;2;4949;1
4930;9900;19;521;1
4931;9901;2;4950;1
4932;9902;9901;1;1
4933;9903;2;4951;1
4934;9904;3;3301;1
4935;9905;2;4952;1
4936;9906;5;1981;1
4937;9907;2;4953;1
4938;9908;9907;1;1
4939;9909;2;4954;1
4940;9910;3;3303;1
4941;9911;2;4955;1
4942;9912;11;901;1
4943;9913;2;4956;1
4944;9914;23;431;1
4945;9915;2;4957;1
4946;9916;3;3305;1
4947;9917;2;4958;1
4948;9918;47;211;1
4949;9919;2;4959;1
4950;9920;7;1417;1
4951;9921;2;4960;1
4952;9922;3;3307;1
4953;9923;2;4961;1
4954;9924;9923;1;1
4955;9925;2;4962;1
4956;9926;5;1985;1
4957;9927;2;4963;1
4958;9928;3;3309;1
4959;9929;2;4964;1
4960;9930;9929;1;1
4961;9931;2;4965;1
4962;9932;9931;1;1
4963;9933;2;4966;1
4964;9934;3;3311;1
4965;9935;2;4967;1
4966;9936;5;1987;1
4967;9937;2;4968;1
4968;9938;19;523;1
4969;9939;2;4969;1
4970;9940;3;3313;1
4971;9941;2;4970;1
4972;9942;9941;1;1
4973;9943;2;4971;1
4974;9944;61;163;1
4975;9945;2;4972;1
4976;9946;3;3315;1
4977;9947;2;4973;1
4978;9948;7;1421;1
4979;9949;2;4974;1
4980;9950;9949;1;1
4981;9951;2;4975;1
4982;9952;3;3317;1
4983;9953;2;4976;1
4984;9954;37;269;1
4985;9955;2;4977;1
4986;9956;5;1991;1
4987;9957;2;4978;1
4988;9958;3;3319;1
4989;9959;2;4979;1
4990;9960;23;433;1
4991;9961;2;4980;1
4992;9962;7;1423;1
4993;9963;2;4981;1
4994;9964;3;3321;1
4995;9965;2;4982;1
4996;9966;5;1993;1
4997;9967;2;4983;1
4998;9968;9967;1;1
4999;9969;2;4984;1
5000;9970;3;3323;1
5001;9971;2;4985;1
5002;9972;13;767;1
5003;9973;2;4986;1
5004;9974;9973;1;1
5005;9975;2;4987;1
5006;9976;3;3325;1
5007;9977;2;4988;1
5008;9978;11;907;1
5009;9979;2;4989;1
5010;9980;17;587;1
5011;9981;2;4990;1
5012;9982;3;3327;1
5013;9983;2;4991;1
5014;9984;67;149;1
5015;9985;2;4992;1
5016;9986;5;1997;1
5017;9987;2;4993;1
5018;9988;3;3329;1
5019;9989;2;4994;1
5020;9990;7;1427;1
5021;9991;2;4995;1
5022;9992;97;103;1
5023;9993;2;4996;1
5024;9994;3;3331;1
5025;9995;2;4997;1
5026;9996;5;1999;1
5027;9997;2;4998;1
5028;9998;13;769;1
5029;9999;2;4999;1
5030;10000;3;3333;1
5031;10001;2;5000;1
5032;10002;73;137;1
5033;10003;2;5001;1
5034;10004;7;1429;1
5035;10005;2;5002;1
5036;10006;3;3335;1
5037;10007;2;5003;1
5038;10008;10007;1;1
5039;10009;2;5004;1
5040;10010;10009;1;1
5041;10011;2467;4;143
5042;10154;11;923;1
5043;10155;2;5077;1
5044;10156;3;3385;1
5045;10157;2;5078;1
5046;10158;7;1451;1
5047;10159;2;5079;1
5048;10160;10159;1;1
5049;10161;2;5080;1
5050;10162;3;3387;1
5051;10163;2;5081;1
5052;10164;10163;1;1
5053;10165;2;5082;1
5054;10166;5;2033;1
5055;10167;2;5083;1
5056;10168;3;3389;1
5057;10169;2;5084;1
5058;10170;10169;1;1
5059;10171;2;5085;1
5060;10172;7;1453;1
5061;10173;2;5086;1
5062;10174;3;3391;1
5063;10175;2;5087;1
5064;10176;5;2035;1
5065;10177;2;5088;1
5066;10178;10177;1;1
5067;10179;2;5089;1
5068;10180;3;3393;1
5069;10181;2;5090;1
5070;10182;10181;1;1
5071;10183;2;5091;1
5072;10184;17;599;1
5073;10185;2;5092;1
5074;10186;3;3395;1
5075;10187;2;5093;1
5076;10188;61;167;1
5077;10189;2;5094;1
5078;10190;23;443;1
5079;10191;2;5095;1
5080;10192;3;3397;1
5081;10193;2;5096;1
5082;10194;10193;1;1
5083;10195;2;5097;1
5084;10196;5;2039;1
5085;10197;2;5098;1
5086;10198;3;3399;1
5087;10199;2;5099;1
5088;10200;7;1457;1
5089;10201;2;5100;1
5090;10202;101;101;1
5091;10203;2;5101;1
5092;10204;3;3401;1
5093;10205;2;5102;1
5094;10206;5;2041;1
5095;10207;2;5103;1
5096;10208;59;173;1
5097;10209;2;5104;1
5098;10210;3;3403;1
5099;10211;2;5105;1
5100;10212;10211;1;1
5101;10213;2;5106;1
5102;10214;7;1459;1
5103;10215;2;5107;1
5104;10216;3;3405;1
5105;10217;2;5108;1
5106;10218;17;601;1
5107;10219;2;5109;1
5108;10220;11;929;1
5109;10221;2;5110;1
5110;10222;3;3407;1
5111;10223;2;5111;1
5112;10224;10223;1;1
5113;10225;2;5112;1
5114;10226;5;2045;1
5115;10227;2;5113;1
5116;10228;3;3409;1
5117;10229;2;5114;1
5118;10230;53;193;1
5119;10231;2;5115;1
5120;10232;13;787;1
5121;10233;2;5116;1
5122;10234;3;3411;1
5123;10235;2;5117;1
5124;10236;5;2047;1
5125;10237;2;5118;1
5126;10238;29;353;1
5127;10239;2;5119;1
5128;10240;3;3413;1
5129;10241;2;5120;1
5130;10242;7;1463;1
5131;10243;2;5121;1
5132;10244;10243;1;1
5133;10245;2;5122;1
5134;10246;3;3415;1
5135;10247;2;5123;1
5136;10248;10247;1;1
5137;10249;2;5124;1
5138;10250;37;277;1
5139;10251;2;5125;1
5140;10252;3;3417;1
5141;10253;2;5126;1
5142;10254;10253;1;1
5143;10255;2;5127;1
5144;10256;5;2051;1
5145;10257;2;5128;1
5146;10258;3;3419;1
5147;10259;2;5129;1
5148;10260;10259;1;1
5149;10261;2;5130;1
5150;10262;31;331;1
5151;10263;2;5131;1
5152;10264;3;3421;1
5153;10265;2;5132;1
5154;10266;5;2053;1
5155;10267;2;5133;1
5156;10268;10267;1;1
5157;10269;2;5134;1
5158;10270;3;3423;1
5159;10271;2;5135;1
5160;10272;10271;1;1
5161;10273;2;5136;1
5162;10274;10273;1;1
5163;10275;2;5137;1
5164;10276;3;3425;1
5165;10277;2;5138;1
5166;10278;43;239;1
5167;10279;2;5139;1
5168;10280;19;541;1
5169;10281;2;5140;1
5170;10282;3;3427;1
5171;10283;2;5141;1
5172;10284;7;1469;1
5173;10285;2;5142;1
5174;10286;5;2057;1
5175;10287;2;5143;1
5176;10288;3;3429;1
5177;10289;2;5144;1
5178;10290;10289;1;1
5179;10291;2;5145;1
5180;10292;41;251;1
5181;10293;2;5146;1
5182;10294;3;3431;1
5183;10295;2;5147;1
5184;10296;10151;1;145
5185;10441;2;5220;1
5186;10442;53;197;1
5187;10443;2;5221;1
5188;10444;3;3481;1
5189;10445;2;5222;1
5190;10446;5;2089;1
5191;10447;2;5223;1
5192;10448;31;337;1
5193;10449;2;5224;1
5194;10450;3;3483;1
5195;10451;2;5225;1
5196;10452;7;1493;1
5197;10453;2;5226;1
5198;10454;10453;1;1
5199;10455;2;5227;1
5200;10456;3;3485;1
5201;10457;2;5228;1
5202;10458;10457;1;1
5203;10459;2;5229;1
5204;10460;10459;1;1
5205;10461;2;5230;1
5206;10462;3;3487;1
5207;10463;2;5231;1
5208;10464;10463;1;1
5209;10465;2;5232;1
5210;10466;5;2093;1
5211;10467;2;5233;1
5212;10468;3;3489;1
5213;10469;2;5234;1
5214;10470;19;551;1
5215;10471;2;5235;1
5216;10472;37;283;1
5217;10473;2;5236;1
5218;10474;3;3491;1
5219;10475;2;5237;1
5220;10476;5;2095;1
5221;10477;2;5238;1
5222;10478;10477;1;1
5223;10479;2;5239;1
5224;10480;3;3493;1
5225;10481;2;5240;1
5226;10482;47;223;1
5227;10483;2;5241;1
5228;10484;11;953;1
5229;10485;2;5242;1
5230;10486;3;3495;1
5231;10487;2;5243;1
5232;10488;10487;1;1
5233;10489;2;5244;1
5234;10490;17;617;1
5235;10491;2;5245;1
5236;10492;3;3497;1
5237;10493;2;5246;1
5238;10494;7;1499;1
5239;10495;2;5247;1
5240;10496;5;2099;1
5241;10497;2;5248;1
5242;10498;3;3499;1
5243;10499;2;5249;1
5244;10500;10499;1;1
5245;10501;2;5250;1
5246;10502;10501;1;1
5247;10503;2;5251;1
5248;10504;3;3501;1
5249;10505;2;5252;1
5250;10506;5;2101;1
5251;10507;2;5253;1
5252;10508;7;1501;1
5253;10509;2;5254;1
5254;10510;3;3503;1
5255;10511;2;5255;1
5256;10512;23;457;1
5257;10513;2;5256;1
5258;10514;10513;1;1
5259;10515;2;5257;1
5260;10516;3;3505;1
5261;10517;2;5258;1
5262;10518;13;809;1
5263;10519;2;5259;1
5264;10520;67;157;1
5265;10521;2;5260;1
5266;10522;3;3507;1
5267;10523;2;5261;1
5268;10524;17;619;1
5269;10525;2;5262;1
5270;10526;5;2105;1
5271;10527;2;5263;1
5272;10528;3;3509;1
5273;10529;2;5264;1
5274;10530;10529;1;1
5275;10531;2;5265;1
5276;10532;10531;1;1
5277;10533;2;5266;1
5278;10534;3;3511;1
5279;10535;2;5267;1
5280;10536;5;2107;1
5281;10537;2;5268;1
5282;10538;41;257;1
5283;10539;2;5269;1
5284;10540;3;3513;1
5285;10541;2;5270;1
5286;10542;83;127;1
5287;10543;2;5271;1
5288;10544;13;811;1
5289;10545;2;5272;1
5290;10546;3;3515;1
5291;10547;2;5273;1
5292;10548;53;199;1
5293;10549;2;5274;1
5294;10550;7;1507;1
5295;10551;2;5275;1
5296;10552;3;3517;1
5297;10553;2;5276;1
5298;10554;61;173;1
5299;10555;2;5277;1
5300;10556;5;2111;1
5301;10557;2;5278;1
5302;10558;3;3519;1
5303;10559;2;5279;1
5304;10560;10559;1;1
5305;10561;2;5280;1
5306;10562;59;179;1
5307;10563;2;5281;1
5308;10564;3;3521;1
5309;10565;2;5282;1
5310;10566;5;2113;1
5311;10567;2;5283;1
5312;10568;10567;1;1
5313;10569;2;5284;1
5314;10570;3;3523;1
5315;10571;2;5285;1
5316;10572;11;961;1
5317;10573;2;5286;1
5318;10574;97;109;1
5319;10575;2;5287;1
5320;10576;3;3525;1
5321;10577;2;5288;1
5322;10578;7;1511;1
5323;10579;2;5289;1
5324;10580;71;149;1
5325;10581;2;5290;1
5326;10582;3;3527;1
5327;10583;2;5291;1
5328;10584;19;557;1
5329;10585;307;34;147
5330;10732;3;3577;1
5331;10733;2;5366;1
5332;10734;10733;1;1
5333;10735;2;5367;1
5334;10736;5;2147;1
5335;10737;2;5368;1
5336;10738;3;3579;1
5337;10739;2;5369;1
5338;10740;10739;1;1
5339;10741;2;5370;1
5340;10742;23;467;1
5341;10743;2;5371;1
5342;10744;3;3581;1
5343;10745;2;5372;1
5344;10746;5;2149;1
5345;10747;2;5373;1
5346;10748;11;977;1
5347;10749;2;5374;1
5348;10750;3;3583;1
5349;10751;2;5375;1
5350;10752;13;827;1
5351;10753;2;5376;1
5352;10754;10753;1;1
5353;10755;2;5377;1
5354;10756;3;3585;1
5355;10757;2;5378;1
5356;10758;31;347;1
5357;10759;2;5379;1
5358;10760;7;1537;1
5359;10761;2;5380;1
5360;10762;3;3587;1
5361;10763;2;5381;1
5362;10764;47;229;1
5363;10765;2;5382;1
5364;10766;5;2153;1
5365;10767;2;5383;1
5366;10768;3;3589;1
5367;10769;2;5384;1
5368;10770;11;979;1
5369;10771;2;5385;1
5370;10772;10771;1;1
5371;10773;2;5386;1
5372;10774;3;3591;1
5373;10775;2;5387;1
5374;10776;5;2155;1
5375;10777;2;5388;1
5376;10778;13;829;1
5377;10779;2;5389;1
5378;10780;3;3593;1
5379;10781;2;5390;1
5380;10782;10781;1;1
5381;10783;2;5391;1
5382;10784;41;263;1
5383;10785;2;5392;1
5384;10786;3;3595;1
5385;10787;2;5393;1
5386;10788;7;1541;1
5387;10789;2;5394;1
5388;10790;10789;1;1
5389;10791;2;5395;1
5390;10792;3;3597;1
5391;10793;2;5396;1
5392;10794;43;251;1
5393;10795;2;5397;1
5394;10796;5;2159;1
5395;10797;2;5398;1
5396;10798;3;3599;1
5397;10799;2;5399;1
5398;10800;10799;1;1
5399;10801;2;5400;1
5400;10802;7;1543;1
5401;10803;2;5401;1
5402;10804;3;3601;1
5403;10805;2;5402;1
5404;10806;5;2161;1
5405;10807;2;5403;1
5406;10808;101;107;1
5407;10809;2;5404;1
5408;10810;3;3603;1
5409;10811;2;5405;1
5410;10812;19;569;1
5411;10813;2;5406;1
5412;10814;11;983;1
5413;10815;2;5407;1
5414;10816;3;3605;1
5415;10817;2;5408;1
5416;10818;29;373;1
5417;10819;2;5409;1
5418;10820;31;349;1
5419;10821;2;5410;1
5420;10822;3;3607;1
5421;10823;2;5411;1
5422;10824;79;137;1
5423;10825;2;5412;1
5424;10826;5;2165;1
5425;10827;2;5413;1
5426;10828;3;3609;1
5427;10829;2;5414;1
5428;10830;7;1547;1
5429;10831;2;5415;1
5430;10832;10831;1;1
5431;10833;2;5416;1
5432;10834;3;3611;1
5433;10835;2;5417;1
5434;10836;5;2167;1
5435;10837;2;5418;1
5436;10838;10837;1;1
5437;10839;2;5419;1
5438;10840;3;3613;1
5439;10841;2;5420;1
5440;10842;37;293;1
5441;10843;2;5421;1
5442;10844;7;1549;1
5443;10845;2;5422;1
5444;10846;3;3615;1
5445;10847;2;5423;1
5446;10848;10847;1;1
5447;10849;2;5424;1
5448;10850;19;571;1
5449;10851;2;5425;1
5450;10852;3;3617;1
5451;10853;2;5426;1
5452;10854;10853;1;1
5453;10855;2;5427;1
5454;10856;5;2171;1
5455;10857;2;5428;1
5456;10858;3;3619;1
5457;10859;2;5429;1
5458;10860;10859;1;1
5459;10861;2;5430;1
5460;10862;10861;1;1
5461;10863;2;5431;1
5462;10864;3;3621;1
5463;10865;2;5432;1
5464;10866;5;2173;1
5465;10867;2;5433;1
5466;10868;10867;1;1
5467;10869;2;5434;1
5468;10870;3;3623;1
5469;10871;2;5435;1
5470;10872;7;1553;1
5471;10873;2;5436;1
5472;10874;83;131;1
5473;10875;2;5437;1
5474;10876;3;3625;1
5475;10877;2;5438;1
5476;10878;10729;1;149
5477;11027;2;5513;1
5478;11028;11027;1;1
5479;11029;2;5514;1
5480;11030;41;269;1
5481;11031;2;5515;1
5482;11032;3;3677;1
5483;11033;2;5516;1
5484;11034;11;1003;1
5485;11035;2;5517;1
5486;11036;5;2207;1
5487;11037;2;5518;1
5488;11038;3;3679;1
5489;11039;2;5519;1
5490;11040;7;1577;1
5491;11041;2;5520;1
5492;11042;61;181;1
5493;11043;2;5521;1
5494;11044;3;3681;1
5495;11045;2;5522;1
5496;11046;5;2209;1
5497;11047;2;5523;1
5498;11048;11047;1;1
5499;11049;2;5524;1
5500;11050;3;3683;1
5501;11051;2;5525;1
5502;11052;43;257;1
5503;11053;2;5526;1
5504;11054;7;1579;1
5505;11055;2;5527;1
5506;11056;3;3685;1
5507;11057;2;5528;1
5508;11058;11057;1;1
5509;11059;2;5529;1
5510;11060;11059;1;1
5511;11061;2;5530;1
5512;11062;3;3687;1
5513;11063;2;5531;1
5514;11064;13;851;1
5515;11065;2;5532;1
5516;11066;5;2213;1
5517;11067;2;5533;1
5518;11068;3;3689;1
5519;11069;2;5534;1
5520;11070;11069;1;1
5521;11071;2;5535;1
5522;11072;11071;1;1
5523;11073;2;5536;1
5524;11074;3;3691;1
5525;11075;2;5537;1
5526;11076;5;2215;1
5527;11077;2;5538;1
5528;11078;11;1007;1
5529;11079;2;5539;1
5530;11080;3;3693;1
5531;11081;2;5540;1
5532;11082;7;1583;1
5533;11083;2;5541;1
5534;11084;11083;1;1
5535;11085;2;5542;1
5536;11086;3;3695;1
5537;11087;2;5543;1
5538;11088;11087;1;1
5539;11089;2;5544;1
5540;11090;13;853;1
5541;11091;2;5545;1
5542;11092;3;3697;1
5543;11093;2;5546;1
5544;11094;11093;1;1
5545;11095;2;5547;1
5546;11096;5;2219;1
5547;11097;2;5548;1
5548;11098;3;3699;1
5549;11099;2;5549;1
5550;11100;11;1009;1
5551;11101;2;5550;1
5552;11102;17;653;1
5553;11103;2;5551;1
5554;11104;3;3701;1
5555;11105;2;5552;1
5556;11106;5;2221;1
5557;11107;2;5553;1
5558;11108;29;383;1
5559;11109;2;5554;1
5560;11110;3;3703;1
5561;11111;2;5555;1
5562;11112;41;271;1
5563;11113;2;5556;1
5564;11114;11113;1;1
5565;11115;2;5557;1
5566;11116;3;3705;1
5567;11117;2;5558;1
5568;11118;11117;1;1
5569;11119;2;5559;1
5570;11120;11119;1;1
5571;11121;2;5560;1
5572;11122;3;3707;1
5573;11123;2;5561;1
5574;11124;7;1589;1
5575;11125;2;5562;1
5576;11126;5;2225;1
5577;11127;2;5563;1
5578;11128;3;3709;1
5579;11129;2;5564;1
5580;11130;31;359;1
5581;11131;2;5565;1
5582;11132;11131;1;1
5583;11133;2;5566;1
5584;11134;3;3711;1
5585;11135;2;5567;1
5586;11136;5;2227;1
5587;11137;2;5568;1
5588;11138;7;1591;1
5589;11139;2;5569;1
5590;11140;3;3713;1
5591;11141;2;5570;1
5592;11142;13;857;1
5593;11143;2;5571;1
5594;11144;11;1013;1
5595;11145;2;5572;1
5596;11146;3;3715;1
5597;11147;2;5573;1
5598;11148;71;157;1
5599;11149;2;5574;1
5600;11150;11149;1;1
5601;11151;2;5575;1
5602;11152;3;3717;1
5603;11153;2;5576;1
5604;11154;19;587;1
5605;11155;2;5577;1
5606;11156;5;2231;1
5607;11157;2;5578;1
5608;11158;3;3719;1
5609;11159;2;5579;1
5610;11160;11159;1;1
5611;11161;2;5580;1
5612;11162;11161;1;1
5613;11163;2;5581;1
5614;11164;3;3721;1
5615;11165;2;5582;1
5616;11166;5;2233;1
5617;11167;2;5583;1
5618;11168;13;859;1
5619;11169;2;5584;1
5620;11170;3;3723;1
5621;11171;2;5585;1
5622;11172;11171;1;1
5623;11173;2;5586;1
5624;11174;11173;1;1
5625;11175;208;53;151
5626;11326;3;3775;1
5627;11327;2;5663;1
5628;11328;47;241;1
5629;11329;2;5664;1
5630;11330;11329;1;1
5631;11331;2;5665;1
5632;11332;3;3777;1
5633;11333;2;5666;1
5634;11334;7;1619;1
5635;11335;2;5667;1
5636;11336;5;2267;1
5637;11337;2;5668;1
5638;11338;3;3779;1
5639;11339;2;5669;1
5640;11340;17;667;1
5641;11341;2;5670;1
5642;11342;11;1031;1
5643;11343;2;5671;1
5644;11344;3;3781;1
5645;11345;2;5672;1
5646;11346;5;2269;1
5647;11347;2;5673;1
5648;11348;7;1621;1
5649;11349;2;5674;1
5650;11350;3;3783;1
5651;11351;2;5675;1
5652;11352;11351;1;1
5653;11353;2;5676;1
5654;11354;11353;1;1
5655;11355;2;5677;1
5656;11356;3;3785;1
5657;11357;2;5678;1
5658;11358;41;277;1
5659;11359;2;5679;1
5660;11360;37;307;1
5661;11361;2;5680;1
5662;11362;3;3787;1
5663;11363;2;5681;1
5664;11364;11;1033;1
5665;11365;2;5682;1
5666;11366;5;2273;1
5667;11367;2;5683;1
5668;11368;3;3789;1
5669;11369;2;5684;1
5670;11370;11369;1;1
5671;11371;2;5685;1
5672;11372;83;137;1
5673;11373;2;5686;1
5674;11374;3;3791;1
5675;11375;2;5687;1
5676;11376;5;2275;1
5677;11377;2;5688;1
5678;11378;31;367;1
5679;11379;2;5689;1
5680;11380;3;3793;1
5681;11381;2;5690;1
5682;11382;19;599;1
5683;11383;2;5691;1
5684;11384;11383;1;1
5685;11385;2;5692;1
5686;11386;3;3795;1
5687;11387;2;5693;1
5688;11388;59;193;1
5689;11389;2;5694;1
5690;11390;7;1627;1
5691;11391;2;5695;1
5692;11392;3;3797;1
5693;11393;2;5696;1
5694;11394;11393;1;1
5695;11395;2;5697;1
5696;11396;5;2279;1
5697;11397;2;5698;1
5698;11398;3;3799;1
5699;11399;2;5699;1
5700;11400;11399;1;1
5701;11401;2;5700;1
5702;11402;13;877;1
5703;11403;2;5701;1
5704;11404;3;3801;1
5705;11405;2;5702;1
5706;11406;5;2281;1
5707;11407;2;5703;1
5708;11408;11;1037;1
5709;11409;2;5704;1
5710;11410;3;3803;1
5711;11411;2;5705;1
5712;11412;11411;1;1
5713;11413;2;5706;1
5714;11414;101;113;1
5715;11415;2;5707;1
5716;11416;3;3805;1
5717;11417;2;5708;1
5718;11418;7;1631;1
5719;11419;2;5709;1
5720;11420;19;601;1
5721;11421;2;5710;1
5722;11422;3;3807;1
5723;11423;2;5711;1
5724;11424;11423;1;1
5725;11425;2;5712;1
5726;11426;5;2285;1
5727;11427;2;5713;1
5728;11428;3;3809;1
5729;11429;2;5714;1
5730;11430;11;1039;1
5731;11431;2;5715;1
5732;11432;7;1633;1
5733;11433;2;5716;1
5734;11434;3;3811;1
5735;11435;2;5717;1
5736;11436;5;2287;1
5737;11437;2;5718;1
5738;11438;11437;1;1
5739;11439;2;5719;1
5740;11440;3;3813;1
5741;11441;2;5720;1
5742;11442;17;673;1
5743;11443;2;5721;1
5744;11444;11443;1;1
5745;11445;2;5722;1
5746;11446;3;3815;1
5747;11447;2;5723;1
5748;11448;11447;1;1
5749;11449;2;5724;1
5750;11450;107;107;1
5751;11451;2;5725;1
5752;11452;3;3817;1
5753;11453;2;5726;1
5754;11454;13;881;1
5755;11455;2;5727;1
5756;11456;5;2291;1
5757;11457;2;5728;1
5758;11458;3;3819;1
5759;11459;2;5729;1
5760;11460;7;1637;1
5761;11461;2;5730;1
5762;11462;73;157;1
5763;11463;2;5731;1
5764;11464;3;3821;1
5765;11465;2;5732;1
5766;11466;5;2293;1
5767;11467;2;5733;1
5768;11468;11467;1;1
5769;11469;2;5734;1
5770;11470;3;3823;1
5771;11471;2;5735;1
5772;11472;11471;1;1
5773;11473;2;5736;1
5774;11474;7;1639;1
5775;11475;2;5737;1
5776;11476;169;67;153
5777;11629;2;5814;1
5778;11630;29;401;1
5779;11631;2;5815;1
5780;11632;3;3877;1
5781;11633;2;5816;1
5782;11634;11633;1;1
5783;11635;2;5817;1
5784;11636;5;2327;1
5785;11637;2;5818;1
5786;11638;3;3879;1
5787;11639;2;5819;1
5788;11640;103;113;1
5789;11641;2;5820;1
5790;11642;7;1663;1
5791;11643;2;5821;1
5792;11644;3;3881;1
5793;11645;2;5822;1
5794;11646;5;2329;1
5795;11647;2;5823;1
5796;11648;19;613;1
5797;11649;2;5824;1
5798;11650;3;3883;1
5799;11651;2;5825;1
5800;11652;61;191;1
5801;11653;2;5826;1
5802;11654;43;271;1
5803;11655;2;5827;1
5804;11656;3;3885;1
5805;11657;2;5828;1
5806;11658;11657;1;1
5807;11659;2;5829;1
5808;11660;89;131;1
5809;11661;2;5830;1
5810;11662;3;3887;1
5811;11663;2;5831;1
5812;11664;107;109;1
5813;11665;2;5832;1
5814;11666;5;2333;1
5815;11667;2;5833;1
5816;11668;3;3889;1
5817;11669;2;5834;1
5818;11670;7;1667;1
5819;11671;2;5835;1
5820;11672;11;1061;1
5821;11673;2;5836;1
5822;11674;3;3891;1
5823;11675;2;5837;1
5824;11676;5;2335;1
5825;11677;2;5838;1
5826;11678;11677;1;1
5827;11679;2;5839;1
5828;11680;3;3893;1
5829;11681;2;5840;1
5830;11682;11681;1;1
5831;11683;2;5841;1
5832;11684;7;1669;1
5833;11685;2;5842;1
5834;11686;3;3895;1
5835;11687;2;5843;1
5836;11688;13;899;1
5837;11689;2;5844;1
5838;11690;11689;1;1
5839;11691;2;5845;1
5840;11692;3;3897;1
5841;11693;2;5846;1
5842;11694;11;1063;1
5843;11695;2;5847;1
5844;11696;5;2339;1
5845;11697;2;5848;1
5846;11698;3;3899;1
5847;11699;2;5849;1
5848;11700;11699;1;1
5849;11701;2;5850;1
5850;11702;11701;1;1
5851;11703;2;5851;1
5852;11704;3;3901;1
5853;11705;2;5852;1
5854;11706;5;2341;1
5855;11707;2;5853;1
5856;11708;23;509;1
5857;11709;2;5854;1
5858;11710;3;3903;1
5859;11711;2;5855;1
5860;11712;7;1673;1
5861;11713;2;5856;1
5862;11714;13;901;1
5863;11715;2;5857;1
5864;11716;3;3905;1
5865;11717;2;5858;1
5866;11718;11717;1;1
5867;11719;2;5859;1
5868;11720;11719;1;1
5869;11721;2;5860;1
5870;11722;3;3907;1
5871;11723;2;5861;1
5872;11724;19;617;1
5873;11725;2;5862;1
5874;11726;5;2345;1
5875;11727;2;5863;1
5876;11728;3;3909;1
5877;11729;2;5864;1
5878;11730;37;317;1
5879;11731;2;5865;1
5880;11732;11731;1;1
5881;11733;2;5866;1
5882;11734;3;3911;1
5883;11735;2;5867;1
5884;11736;5;2347;1
5885;11737;2;5868;1
5886;11738;11;1067;1
5887;11739;2;5869;1
5888;11740;3;3913;1
5889;11741;2;5870;1
5890;11742;59;199;1
5891;11743;2;5871;1
5892;11744;11743;1;1
5893;11745;2;5872;1
5894;11746;3;3915;1
5895;11747;2;5873;1
5896;11748;17;691;1
5897;11749;2;5874;1
5898;11750;31;379;1
5899;11751;2;5875;1
5900;11752;3;3917;1
5901;11753;2;5876;1
5902;11754;7;1679;1
5903;11755;2;5877;1
5904;11756;5;2351;1
5905;11757;2;5878;1
5906;11758;3;3919;1
5907;11759;2;5879;1
5908;11760;11;1069;1
5909;11761;2;5880;1
5910;11762;19;619;1
5911;11763;2;5881;1
5912;11764;3;3921;1
5913;11765;2;5882;1
5914;11766;5;2353;1
5915;11767;2;5883;1
5916;11768;7;1681;1
5917;11769;2;5884;1
5918;11770;3;3923;1
5919;11771;2;5885;1
5920;11772;79;149;1
5921;11773;2;5886;1
5922;11774;61;193;1
5923;11775;2;5887;1
5924;11776;3;3925;1
5925;11777;2;5888;1
5926;11778;11777;1;1
5927;11779;2;5889;1
5928;11780;11779;1;1
5929;11781;5813;2;155
5930;11936;5;2387;1
5931;11937;2;5968;1
5932;11938;3;3979;1
5933;11939;2;5969;1
5934;11940;11939;1;1
5935;11941;2;5970;1
5936;11942;11941;1;1
5937;11943;2;5971;1
5938;11944;3;3981;1
5939;11945;2;5972;1
5940;11946;5;2389;1
5941;11947;2;5973;1
5942;11948;13;919;1
5943;11949;2;5974;1
5944;11950;3;3983;1
5945;11951;2;5975;1
5946;11952;17;703;1
5947;11953;2;5976;1
5948;11954;11953;1;1
5949;11955;2;5977;1
5950;11956;3;3985;1
5951;11957;2;5978;1
5952;11958;11;1087;1
5953;11959;2;5979;1
5954;11960;11959;1;1
5955;11961;2;5980;1
5956;11962;3;3987;1
5957;11963;2;5981;1
5958;11964;7;1709;1
5959;11965;2;5982;1
5960;11966;5;2393;1
5961;11967;2;5983;1
5962;11968;3;3989;1
5963;11969;2;5984;1
5964;11970;11969;1;1
5965;11971;2;5985;1
5966;11972;11971;1;1
5967;11973;2;5986;1
5968;11974;3;3991;1
5969;11975;2;5987;1
5970;11976;5;2395;1
5971;11977;2;5988;1
5972;11978;7;1711;1
5973;11979;2;5989;1
5974;11980;3;3993;1
5975;11981;2;5990;1
5976;11982;11981;1;1
5977;11983;2;5991;1
5978;11984;23;521;1
5979;11985;2;5992;1
5980;11986;3;3995;1
5981;11987;2;5993;1
5982;11988;11987;1;1
5983;11989;2;5994;1
5984;11990;19;631;1
5985;11991;2;5995;1
5986;11992;3;3997;1
5987;11993;2;5996;1
5988;11994;67;179;1
5989;11995;2;5997;1
5990;11996;5;2399;1
5991;11997;2;5998;1
5992;11998;3;3999;1
5993;11999;2;5999;1
5994;12000;13;923;1
5995;12001;2;6000;1
5996;12002;11;1091;1
5997;12003;2;6001;1
5998;12004;3;4001;1
5999;12005;2;6002;1
6000;12006;5;2401;1
6001;12007;2;6003;1
6002;12008;12007;1;1
6003;12009;2;6004;1
6004;12010;3;4003;1
6005;12011;2;6005;1
6006;12012;12011;1;1
6007;12013;2;6006;1
6008;12014;41;293;1
6009;12015;2;6007;1
6010;12016;3;4005;1
6011;12017;2;6008;1
6012;12018;61;197;1
6013;12019;2;6009;1
6014;12020;7;1717;1
6015;12021;2;6010;1
6016;12022;3;4007;1
6017;12023;2;6011;1
6018;12024;11;1093;1
6019;12025;2;6012;1
6020;12026;5;2405;1
6021;12027;2;6013;1
6022;12028;3;4009;1
6023;12029;2;6014;1
6024;12030;23;523;1
6025;12031;2;6015;1
6026;12032;53;227;1
6027;12033;2;6016;1
6028;12034;3;4011;1
6029;12035;2;6017;1
6030;12036;5;2407;1
6031;12037;2;6018;1
6032;12038;12037;1;1
6033;12039;2;6019;1
6034;12040;3;4013;1
6035;12041;2;6020;1
6036;12042;12041;1;1
6037;12043;2;6021;1
6038;12044;12043;1;1
6039;12045;2;6022;1
6040;12046;3;4015;1
6041;12047;2;6023;1
6042;12048;7;1721;1
6043;12049;2;6024;1
6044;12050;12049;1;1
6045;12051;2;6025;1
6046;12052;3;4017;1
6047;12053;2;6026;1
6048;12054;17;709;1
6049;12055;2;6027;1
6050;12056;5;2411;1
6051;12057;2;6028;1
6052;12058;3;4019;1
6053;12059;2;6029;1
6054;12060;31;389;1
6055;12061;2;6030;1
6056;12062;7;1723;1
6057;12063;2;6031;1
6058;12064;3;4021;1
6059;12065;2;6032;1
6060;12066;5;2413;1
6061;12067;2;6033;1
6062;12068;11;1097;1
6063;12069;2;6034;1
6064;12070;3;4023;1
6065;12071;2;6035;1
6066;12072;12071;1;1
6067;12073;2;6036;1
6068;12074;12073;1;1
6069;12075;2;6037;1
6070;12076;3;4025;1
6071;12077;2;6038;1
6072;12078;13;929;1
6073;12079;2;6039;1
6074;12080;47;257;1
6075;12081;2;6040;1
6076;12082;3;4027;1
6077;12083;2;6041;1
6078;12084;43;281;1
6079;12085;2;6042;1
6080;12086;5;2417;1
6081;12087;2;6043;1
6082;12088;3;4029;1
6083;12089;2;6044;1
6084;12090;11933;1;157
6085;12247;2;6123;1
6086;12248;37;331;1
6087;12249;2;6124;1
6088;12250;3;4083;1
6089;12251;2;6125;1
6090;12252;12251;1;1
6091;12253;2;6126;1
6092;12254;12253;1;1
6093;12255;2;6127;1
6094;12256;3;4085;1
6095;12257;2;6128;1
6096;12258;7;1751;1
6097;12259;2;6129;1
6098;12260;13;943;1
6099;12261;2;6130;1
6100;12262;3;4087;1
6101;12263;2;6131;1
6102;12264;12263;1;1
6103;12265;2;6132;1
6104;12266;5;2453;1
6105;12267;2;6133;1
6106;12268;3;4089;1
6107;12269;2;6134;1
6108;12270;12269;1;1
6109;12271;2;6135;1
6110;12272;7;1753;1
6111;12273;2;6136;1
6112;12274;3;4091;1
6113;12275;2;6137;1
6114;12276;5;2455;1
6115;12277;2;6138;1
6116;12278;12277;1;1
6117;12279;2;6139;1
6118;12280;3;4093;1
6119;12281;2;6140;1
6120;12282;12281;1;1
6121;12283;2;6141;1
6122;12284;71;173;1
6123;12285;2;6142;1
6124;12286;3;4095;1
6125;12287;2;6143;1
6126;12288;11;1117;1
6127;12289;2;6144;1
6128;12290;12289;1;1
6129;12291;2;6145;1
6130;12292;3;4097;1
6131;12293;2;6146;1
6132;12294;19;647;1
6133;12295;2;6147;1
6134;12296;5;2459;1
6135;12297;2;6148;1
6136;12298;3;4099;1
6137;12299;2;6149;1
6138;12300;7;1757;1
6139;12301;2;6150;1
6140;12302;12301;1;1
6141;12303;2;6151;1
6142;12304;3;4101;1
6143;12305;2;6152;1
6144;12306;5;2461;1
6145;12307;2;6153;1
6146;12308;31;397;1
6147;12309;2;6154;1
6148;12310;3;4103;1
6149;12311;2;6155;1
6150;12312;13;947;1
6151;12313;2;6156;1
6152;12314;7;1759;1
6153;12315;2;6157;1
6154;12316;3;4105;1
6155;12317;2;6158;1
6156;12318;109;113;1
6157;12319;2;6159;1
6158;12320;97;127;1
6159;12321;2;6160;1
6160;12322;3;4107;1
6161;12323;2;6161;1
6162;12324;12323;1;1
6163;12325;2;6162;1
6164;12326;5;2465;1
6165;12327;2;6163;1
6166;12328;3;4109;1
6167;12329;2;6164;1
6168;12330;12329;1;1
6169;12331;2;6165;1
6170;12332;11;1121;1
6171;12333;2;6166;1
6172;12334;3;4111;1
6173;12335;2;6167;1
6174;12336;5;2467;1
6175;12337;2;6168;1
6176;12338;13;949;1
6177;12339;2;6169;1
6178;12340;3;4113;1
6179;12341;2;6170;1
6180;12342;7;1763;1
6181;12343;2;6171;1
6182;12344;12343;1;1
6183;12345;2;6172;1
6184;12346;3;4115;1
6185;12347;2;6173;1
6186;12348;12347;1;1
6187;12349;2;6174;1
6188;12350;53;233;1
6189;12351;2;6175;1
6190;12352;3;4117;1
6191;12353;2;6176;1
6192;12354;11;1123;1
6193;12355;2;6177;1
6194;12356;5;2471;1
6195;12357;2;6178;1
6196;12358;3;4119;1
6197;12359;2;6179;1
6198;12360;17;727;1
6199;12361;2;6180;1
6200;12362;47;263;1
6201;12363;2;6181;1
6202;12364;3;4121;1
6203;12365;2;6182;1
6204;12366;5;2473;1
6205;12367;2;6183;1
6206;12368;83;149;1
6207;12369;2;6184;1
6208;12370;3;4123;1
6209;12371;2;6185;1
6210;12372;89;139;1
6211;12373;2;6186;1
6212;12374;12373;1;1
6213;12375;2;6187;1
6214;12376;3;4125;1
6215;12377;2;6188;1
6216;12378;12377;1;1
6217;12379;2;6189;1
6218;12380;12379;1;1
6219;12381;2;6190;1
6220;12382;3;4127;1
6221;12383;2;6191;1
6222;12384;7;1769;1
6223;12385;2;6192;1
6224;12386;5;2477;1
6225;12387;2;6193;1
6226;12388;3;4129;1
6227;12389;2;6194;1
6228;12390;13;953;1
6229;12391;2;6195;1
6230;12392;12391;1;1
6231;12393;2;6196;1
6232;12394;3;4131;1
6233;12395;2;6197;1
6234;12396;5;2479;1
6235;12397;2;6198;1
6236;12398;7;1771;1
6237;12399;2;6199;1
6238;12400;3;4133;1
6239;12401;2;6200;1
6240;12402;12401;1;1
6241;12403;3061;4;159
6242;12562;3;4187;1
6243;12563;2;6281;1
6244;12564;17;739;1
6245;12565;2;6282;1
6246;12566;5;2513;1
6247;12567;2;6283;1
6248;12568;3;4189;1
6249;12569;2;6284;1
6250;12570;12569;1;1
6251;12571;2;6285;1
6252;12572;13;967;1
6253;12573;2;6286;1
6254;12574;3;4191;1
6255;12575;2;6287;1
6256;12576;5;2515;1
6257;12577;2;6288;1
6258;12578;12577;1;1
6259;12579;2;6289;1
6260;12580;3;4193;1
6261;12581;2;6290;1
6262;12582;23;547;1
6263;12583;2;6291;1
6264;12584;12583;1;1
6265;12585;2;6292;1
6266;12586;3;4195;1
6267;12587;2;6293;1
6268;12588;41;307;1
6269;12589;2;6294;1
6270;12590;12589;1;1
6271;12591;2;6295;1
6272;12592;3;4197;1
6273;12593;2;6296;1
6274;12594;7;1799;1
6275;12595;2;6297;1
6276;12596;5;2519;1
6277;12597;2;6298;1
6278;12598;3;4199;1
6279;12599;2;6299;1
6280;12600;43;293;1
6281;12601;2;6300;1
6282;12602;12601;1;1
6283;12603;2;6301;1
6284;12604;3;4201;1
6285;12605;2;6302;1
6286;12606;5;2521;1
6287;12607;2;6303;1
6288;12608;7;1801;1
6289;12609;2;6304;1
6290;12610;3;4203;1
6291;12611;2;6305;1
6292;12612;12611;1;1
6293;12613;2;6306;1
6294;12614;12613;1;1
6295;12615;2;6307;1
6296;12616;3;4205;1
6297;12617;2;6308;1
6298;12618;11;1147;1
6299;12619;2;6309;1
6300;12620;12619;1;1
6301;12621;2;6310;1
6302;12622;3;4207;1
6303;12623;2;6311;1
6304;12624;13;971;1
6305;12625;2;6312;1
6306;12626;5;2525;1
6307;12627;2;6313;1
6308;12628;3;4209;1
6309;12629;2;6314;1
6310;12630;73;173;1
6311;12631;2;6315;1
6312;12632;17;743;1
6313;12633;2;6316;1
6314;12634;3;4211;1
6315;12635;2;6317;1
6316;12636;5;2527;1
6317;12637;2;6318;1
6318;12638;12637;1;1
6319;12639;2;6319;1
6320;12640;3;4213;1
6321;12641;2;6320;1
6322;12642;12641;1;1
6323;12643;2;6321;1
6324;12644;47;269;1
6325;12645;2;6322;1
6326;12646;3;4215;1
6327;12647;2;6323;1
6328;12648;12647;1;1
6329;12649;2;6324;1
6330;12650;7;1807;1
6331;12651;2;6325;1
6332;12652;3;4217;1
6333;12653;2;6326;1
6334;12654;12653;1;1
6335;12655;2;6327;1
6336;12656;5;2531;1
6337;12657;2;6328;1
6338;12658;3;4219;1
6339;12659;2;6329;1
6340;12660;12659;1;1
6341;12661;2;6330;1
6342;12662;11;1151;1
6343;12663;2;6331;1
6344;12664;3;4221;1
6345;12665;2;6332;1
6346;12666;5;2533;1
6347;12667;2;6333;1
6348;12668;53;239;1
6349;12669;2;6334;1
6350;12670;3;4223;1
6351;12671;2;6335;1
6352;12672;12671;1;1
6353;12673;2;6336;1
6354;12674;19;667;1
6355;12675;2;6337;1
6356;12676;3;4225;1
6357;12677;2;6338;1
6358;12678;7;1811;1
6359;12679;2;6339;1
6360;12680;31;409;1
6361;12681;2;6340;1
6362;12682;3;4227;1
6363;12683;2;6341;1
6364;12684;11;1153;1
6365;12685;2;6342;1
6366;12686;5;2537;1
6367;12687;2;6343;1
6368;12688;3;4229;1
6369;12689;2;6344;1
6370;12690;12689;1;1
6371;12691;2;6345;1
6372;12692;7;1813;1
6373;12693;2;6346;1
6374;12694;3;4231;1
6375;12695;2;6347;1
6376;12696;5;2539;1
6377;12697;2;6348;1
6378;12698;12697;1;1
6379;12699;2;6349;1
6380;12700;3;4233;1
6381;12701;2;6350;1
6382;12702;13;977;1
6383;12703;2;6351;1
6384;12704;12703;1;1
6385;12705;2;6352;1
6386;12706;3;4235;1
6387;12707;2;6353;1
6388;12708;97;131;1
6389;12709;2;6354;1
6390;12710;71;179;1
6391;12711;2;6355;1
6392;12712;3;4237;1
6393;12713;2;6356;1
6394;12714;12713;1;1
6395;12715;2;6357;1
6396;12716;5;2543;1
6397;12717;2;6358;1
6398;12718;3;4239;1
6399;12719;2;6359;1
6400;12720;661;19;161
6401;12881;2;6440;1
6402;12882;11;1171;1
6403;12883;2;6441;1
6404;12884;13;991;1
6405;12885;2;6442;1
6406;12886;3;4295;1
6407;12887;2;6443;1
6408;12888;7;1841;1
6409;12889;2;6444;1
6410;12890;12889;1;1
6411;12891;2;6445;1
6412;12892;3;4297;1
6413;12893;2;6446;1
6414;12894;12893;1;1
6415;12895;2;6447;1
6416;12896;5;2579;1
6417;12897;2;6448;1
6418;12898;3;4299;1
6419;12899;2;6449;1
6420;12900;12899;1;1
6421;12901;2;6450;1
6422;12902;7;1843;1
6423;12903;2;6451;1
6424;12904;3;4301;1
6425;12905;2;6452;1
6426;12906;5;2581;1
6427;12907;2;6453;1
6428;12908;12907;1;1
6429;12909;2;6454;1
6430;12910;3;4303;1
6431;12911;2;6455;1
6432;12912;12911;1;1
6433;12913;2;6456;1
6434;12914;37;349;1
6435;12915;2;6457;1
6436;12916;3;4305;1
6437;12917;2;6458;1
6438;12918;12917;1;1
6439;12919;2;6459;1
6440;12920;12919;1;1
6441;12921;2;6460;1
6442;12922;3;4307;1
6443;12923;2;6461;1
6444;12924;12923;1;1
6445;12925;2;6462;1
6446;12926;5;2585;1
6447;12927;2;6463;1
6448;12928;3;4309;1
6449;12929;2;6464;1
6450;12930;7;1847;1
6451;12931;2;6465;1
6452;12932;67;193;1
6453;12933;2;6466;1
6454;12934;3;4311;1
6455;12935;2;6467;1
6456;12936;5;2587;1
6457;12937;2;6468;1
6458;12938;17;761;1
6459;12939;2;6469;1
6460;12940;3;4313;1
6461;12941;2;6470;1
6462;12942;12941;1;1
6463;12943;2;6471;1
6464;12944;7;1849;1
6465;12945;2;6472;1
6466;12946;3;4315;1
6467;12947;2;6473;1
6468;12948;11;1177;1
6469;12949;2;6474;1
6470;12950;23;563;1
6471;12951;2;6475;1
6472;12952;3;4317;1
6473;12953;2;6476;1
6474;12954;12953;1;1
6475;12955;2;6477;1
6476;12956;5;2591;1
6477;12957;2;6478;1
6478;12958;3;4319;1
6479;12959;2;6479;1
6480;12960;12959;1;1
6481;12961;2;6480;1
6482;12962;13;997;1
6483;12963;2;6481;1
6484;12964;3;4321;1
6485;12965;2;6482;1
6486;12966;5;2593;1
6487;12967;2;6483;1
6488;12968;12967;1;1
6489;12969;2;6484;1
6490;12970;3;4323;1
6491;12971;2;6485;1
6492;12972;7;1853;1
6493;12973;2;6486;1
6494;12974;12973;1;1
6495;12975;2;6487;1
6496;12976;3;4325;1
6497;12977;2;6488;1
6498;12978;19;683;1
6499;12979;2;6489;1
6500;12980;12979;1;1
6501;12981;2;6490;1
6502;12982;3;4327;1
6503;12983;2;6491;1
6504;12984;12983;1;1
6505;12985;2;6492;1
6506;12986;5;2597;1
6507;12987;2;6493;1
6508;12988;3;4329;1
6509;12989;2;6494;1
6510;12990;31;419;1
6511;12991;2;6495;1
6512;12992;11;1181;1
6513;12993;2;6496;1
6514;12994;3;4331;1
6515;12995;2;6497;1
6516;12996;5;2599;1
6517;12997;2;6498;1
6518;12998;41;317;1
6519;12999;2;6499;1
6520;13000;3;4333;1
6521;13001;2;6500;1
6522;13002;13001;1;1
6523;13003;2;6501;1
6524;13004;13003;1;1
6525;13005;2;6502;1
6526;13006;3;4335;1
6527;13007;2;6503;1
6528;13008;13007;1;1
6529;13009;2;6504;1
6530;13010;13009;1;1
6531;13011;2;6505;1
6532;13012;3;4337;1
6533;13013;2;6506;1
6534;13014;7;1859;1
6535;13015;2;6507;1
6536;13016;5;2603;1
6537;13017;2;6508;1
6538;13018;3;4339;1
6539;13019;2;6509;1
6540;13020;47;277;1
6541;13021;2;6510;1
6542;13022;29;449;1
6543;13023;2;6511;1
6544;13024;3;4341;1
6545;13025;2;6512;1
6546;13026;5;2605;1
6547;13027;2;6513;1
6548;13028;7;1861;1
6549;13029;2;6514;1
6550;13030;3;4343;1
6551;13031;2;6515;1
6552;13032;83;157;1
6553;13033;2;6516;1
6554;13034;13033;1;1
6555;13035;2;6517;1
6556;13036;3;4345;1
6557;13037;2;6518;1
6558;13038;13037;1;1
6559;13039;2;6519;1
6560;13040;13;1003;1
6561;13041;274;47;163
6562;13204;3;4401;1
6563;13205;2;6602;1
6564;13206;5;2641;1
6565;13207;2;6603;1
6566;13208;47;281;1
6567;13209;2;6604;1
6568;13210;3;4403;1
6569;13211;2;6605;1
6570;13212;11;1201;1
6571;13213;2;6606;1
6572;13214;73;181;1
6573;13215;2;6607;1
6574;13216;3;4405;1
6575;13217;2;6608;1
6576;13218;13217;1;1
6577;13219;2;6609;1
6578;13220;13219;1;1
6579;13221;2;6610;1
6580;13222;3;4407;1
6581;13223;2;6611;1
6582;13224;7;1889;1
6583;13225;2;6612;1
6584;13226;5;2645;1
6585;13227;2;6613;1
6586;13228;3;4409;1
6587;13229;2;6614;1
6588;13230;13229;1;1
6589;13231;2;6615;1
6590;13232;101;131;1
6591;13233;2;6616;1
6592;13234;3;4411;1
6593;13235;2;6617;1
6594;13236;5;2647;1
6595;13237;2;6618;1
6596;13238;7;1891;1
6597;13239;2;6619;1
6598;13240;3;4413;1
6599;13241;2;6620;1
6600;13242;13241;1;1
6601;13243;2;6621;1
6602;13244;17;779;1
6603;13245;2;6622;1
6604;13246;3;4415;1
6605;13247;2;6623;1
6606;13248;13;1019;1
6607;13249;2;6624;1
6608;13250;13249;1;1
6609;13251;2;6625;1
6610;13252;3;4417;1
6611;13253;2;6626;1
6612;13254;29;457;1
6613;13255;2;6627;1
6614;13256;5;2651;1
6615;13257;2;6628;1
6616;13258;3;4419;1
6617;13259;2;6629;1
6618;13260;13259;1;1
6619;13261;2;6630;1
6620;13262;89;149;1
6621;13263;2;6631;1
6622;13264;3;4421;1
6623;13265;2;6632;1
6624;13266;5;2653;1
6625;13267;2;6633;1
6626;13268;13267;1;1
6627;13269;2;6634;1
6628;13270;3;4423;1
6629;13271;2;6635;1
6630;13272;23;577;1
6631;13273;2;6636;1
6632;13274;13;1021;1
6633;13275;2;6637;1
6634;13276;3;4425;1
6635;13277;2;6638;1
6636;13278;11;1207;1
6637;13279;2;6639;1
6638;13280;7;1897;1
6639;13281;2;6640;1
6640;13282;3;4427;1
6641;13283;2;6641;1
6642;13284;37;359;1
6643;13285;2;6642;1
6644;13286;5;2657;1
6645;13287;2;6643;1
6646;13288;3;4429;1
6647;13289;2;6644;1
6648;13290;97;137;1
6649;13291;2;6645;1
6650;13292;13291;1;1
6651;13293;2;6646;1
6652;13294;3;4431;1
6653;13295;2;6647;1
6654;13296;5;2659;1
6655;13297;2;6648;1
6656;13298;13297;1;1
6657;13299;2;6649;1
6658;13300;3;4433;1
6659;13301;2;6650;1
6660;13302;47;283;1
6661;13303;2;6651;1
6662;13304;53;251;1
6663;13305;2;6652;1
6664;13306;3;4435;1
6665;13307;2;6653;1
6666;13308;7;1901;1
6667;13309;2;6654;1
6668;13310;13309;1;1
6669;13311;2;6655;1
6670;13312;3;4437;1
6671;13313;2;6656;1
6672;13314;13313;1;1
6673;13315;2;6657;1
6674;13316;5;2663;1
6675;13317;2;6658;1
6676;13318;3;4439;1
6677;13319;2;6659;1
6678;13320;19;701;1
6679;13321;2;6660;1
6680;13322;7;1903;1
6681;13323;2;6661;1
6682;13324;3;4441;1
6683;13325;2;6662;1
6684;13326;5;2665;1
6685;13327;2;6663;1
6686;13328;13327;1;1
6687;13329;2;6664;1
6688;13330;3;4443;1
6689;13331;2;6665;1
6690;13332;13331;1;1
6691;13333;2;6666;1
6692;13334;67;199;1
6693;13335;2;6667;1
6694;13336;3;4445;1
6695;13337;2;6668;1
6696;13338;13337;1;1
6697;13339;2;6669;1
6698;13340;13339;1;1
6699;13341;2;6670;1
6700;13342;3;4447;1
6701;13343;2;6671;1
6702;13344;11;1213;1
6703;13345;2;6672;1
6704;13346;5;2669;1
6705;13347;2;6673;1
6706;13348;3;4449;1
6707;13349;2;6674;1
6708;13350;7;1907;1
6709;13351;2;6675;1
6710;13352;13;1027;1
6711;13353;2;6676;1
6712;13354;3;4451;1
6713;13355;2;6677;1
6714;13356;5;2671;1
6715;13357;2;6678;1
6716;13358;19;703;1
6717;13359;2;6679;1
6718;13360;3;4453;1
6719;13361;2;6680;1
6720;13362;31;431;1
6721;13363;2;6681;1
6722;13364;7;1909;1
6723;13365;2;6682;1
6724;13366;307;43;165
6725;13531;2;6765;1
6726;13532;7;1933;1
6727;13533;2;6766;1
6728;13534;3;4511;1
6729;13535;2;6767;1
6730;13536;5;2707;1
6731;13537;2;6768;1
6732;13538;13537;1;1
6733;13539;2;6769;1
6734;13540;3;4513;1
6735;13541;2;6770;1
6736;13542;11;1231;1
6737;13543;2;6771;1
6738;13544;29;467;1
6739;13545;2;6772;1
6740;13546;3;4515;1
6741;13547;2;6773;1
6742;13548;19;713;1
6743;13549;2;6774;1
6744;13550;17;797;1
6745;13551;2;6775;1
6746;13552;3;4517;1
6747;13553;2;6776;1
6748;13554;13553;1;1
6749;13555;2;6777;1
6750;13556;5;2711;1
6751;13557;2;6778;1
6752;13558;3;4519;1
6753;13559;2;6779;1
6754;13560;7;1937;1
6755;13561;2;6780;1
6756;13562;71;191;1
6757;13563;2;6781;1
6758;13564;3;4521;1
6759;13565;2;6782;1
6760;13566;5;2713;1
6761;13567;2;6783;1
6762;13568;13567;1;1
6763;13569;2;6784;1
6764;13570;3;4523;1
6765;13571;2;6785;1
6766;13572;41;331;1
6767;13573;2;6786;1
6768;13574;7;1939;1
6769;13575;2;6787;1
6770;13576;3;4525;1
6771;13577;2;6788;1
6772;13578;13577;1;1
6773;13579;2;6789;1
6774;13580;37;367;1
6775;13581;2;6790;1
6776;13582;3;4527;1
6777;13583;2;6791;1
6778;13584;17;799;1
6779;13585;2;6792;1
6780;13586;5;2717;1
6781;13587;2;6793;1
6782;13588;3;4529;1
6783;13589;2;6794;1
6784;13590;107;127;1
6785;13591;2;6795;1
6786;13592;13591;1;1
6787;13593;2;6796;1
6788;13594;3;4531;1
6789;13595;2;6797;1
6790;13596;5;2719;1
6791;13597;2;6798;1
6792;13598;13597;1;1
6793;13599;2;6799;1
6794;13600;3;4533;1
6795;13601;2;6800;1
6796;13602;7;1943;1
6797;13603;2;6801;1
6798;13604;61;223;1
6799;13605;2;6802;1
6800;13606;3;4535;1
6801;13607;2;6803;1
6802;13608;11;1237;1
6803;13609;2;6804;1
6804;13610;31;439;1
6805;13611;2;6805;1
6806;13612;3;4537;1
6807;13613;2;6806;1
6808;13614;13613;1;1
6809;13615;2;6807;1
6810;13616;5;2723;1
6811;13617;2;6808;1
6812;13618;3;4539;1
6813;13619;2;6809;1
6814;13620;13619;1;1
6815;13621;2;6810;1
6816;13622;53;257;1
6817;13623;2;6811;1
6818;13624;3;4541;1
6819;13625;2;6812;1
6820;13626;5;2725;1
6821;13627;2;6813;1
6822;13628;13627;1;1
6823;13629;2;6814;1
6824;13630;3;4543;1
6825;13631;2;6815;1
6826;13632;43;317;1
6827;13633;2;6816;1
6828;13634;13633;1;1
6829;13635;2;6817;1
6830;13636;3;4545;1
6831;13637;2;6818;1
6832;13638;13;1049;1
6833;13639;2;6819;1
6834;13640;23;593;1
6835;13641;2;6820;1
6836;13642;3;4547;1
6837;13643;2;6821;1
6838;13644;7;1949;1
6839;13645;2;6822;1
6840;13646;5;2729;1
6841;13647;2;6823;1
6842;13648;3;4549;1
6843;13649;2;6824;1
6844;13650;13649;1;1
6845;13651;2;6825;1
6846;13652;11;1241;1
6847;13653;2;6826;1
6848;13654;3;4551;1
6849;13655;2;6827;1
6850;13656;5;2731;1
6851;13657;2;6828;1
6852;13658;7;1951;1
6853;13659;2;6829;1
6854;13660;3;4553;1
6855;13661;2;6830;1
6856;13662;19;719;1
6857;13663;2;6831;1
6858;13664;13;1051;1
6859;13665;2;6832;1
6860;13666;3;4555;1
6861;13667;2;6833;1
6862;13668;79;173;1
6863;13669;2;6834;1
6864;13670;13669;1;1
6865;13671;2;6835;1
6866;13672;3;4557;1
6867;13673;2;6836;1
6868;13674;11;1243;1
6869;13675;2;6837;1
6870;13676;5;2735;1
6871;13677;2;6838;1
6872;13678;3;4559;1
6873;13679;2;6839;1
6874;13680;13679;1;1
6875;13681;2;6840;1
6876;13682;13681;1;1
6877;13683;2;6841;1
6878;13684;3;4561;1
6879;13685;2;6842;1
6880;13686;5;2737;1
6881;13687;2;6843;1
6882;13688;13687;1;1
6883;13689;2;6844;1
6884;13690;3;4563;1
6885;13691;2;6845;1
6886;13692;13691;1;1
6887;13693;2;6846;1
6888;13694;13693;1;1
6889;13695;178;76;167
6890;13862;83;167;1
6891;13863;2;6931;1
6892;13864;3;4621;1
6893;13865;2;6932;1
6894;13866;5;2773;1
6895;13867;2;6933;1
6896;13868;7;1981;1
6897;13869;2;6934;1
6898;13870;3;4623;1
6899;13871;2;6935;1
6900;13872;11;1261;1
6901;13873;2;6936;1
6902;13874;13873;1;1
6903;13875;2;6937;1
6904;13876;3;4625;1
6905;13877;2;6938;1
6906;13878;13877;1;1
6907;13879;2;6939;1
6908;13880;13879;1;1
6909;13881;2;6940;1
6910;13882;3;4627;1
6911;13883;2;6941;1
6912;13884;13883;1;1
6913;13885;2;6942;1
6914;13886;5;2777;1
6915;13887;2;6943;1
6916;13888;3;4629;1
6917;13889;2;6944;1
6918;13890;17;817;1
6919;13891;2;6945;1
6920;13892;29;479;1
6921;13893;2;6946;1
6922;13894;3;4631;1
6923;13895;2;6947;1
6924;13896;5;2779;1
6925;13897;2;6948;1
6926;13898;13;1069;1
6927;13899;2;6949;1
6928;13900;3;4633;1
6929;13901;2;6950;1
6930;13902;13901;1;1
6931;13903;2;6951;1
6932;13904;13903;1;1
6933;13905;2;6952;1
6934;13906;3;4635;1
6935;13907;2;6953;1
6936;13908;13907;1;1
6937;13909;2;6954;1
6938;13910;7;1987;1
6939;13911;2;6955;1
6940;13912;3;4637;1
6941;13913;2;6956;1
6942;13914;13913;1;1
6943;13915;2;6957;1
6944;13916;5;2783;1
6945;13917;2;6958;1
6946;13918;3;4639;1
6947;13919;2;6959;1
6948;13920;31;449;1
6949;13921;2;6960;1
6950;13922;13921;1;1
6951;13923;2;6961;1
6952;13924;3;4641;1
6953;13925;2;6962;1
6954;13926;5;2785;1
6955;13927;2;6963;1
6956;13928;19;733;1
6957;13929;2;6964;1
6958;13930;3;4643;1
6959;13931;2;6965;1
6960;13932;13931;1;1
6961;13933;2;6966;1
6962;13934;13933;1;1
6963;13935;2;6967;1
6964;13936;3;4645;1
6965;13937;2;6968;1
6966;13938;7;1991;1
6967;13939;2;6969;1
6968;13940;53;263;1
6969;13941;2;6970;1
6970;13942;3;4647;1
6971;13943;2;6971;1
6972;13944;73;191;1
6973;13945;2;6972;1
6974;13946;5;2789;1
6975;13947;2;6973;1
6976;13948;3;4649;1
6977;13949;2;6974;1
6978;13950;13;1073;1
6979;13951;2;6975;1
6980;13952;7;1993;1
6981;13953;2;6976;1
6982;13954;3;4651;1
6983;13955;2;6977;1
6984;13956;5;2791;1
6985;13957;2;6978;1
6986;13958;17;821;1
6987;13959;2;6979;1
6988;13960;3;4653;1
6989;13961;2;6980;1
6990;13962;23;607;1
6991;13963;2;6981;1
6992;13964;13963;1;1
6993;13965;2;6982;1
6994;13966;3;4655;1
6995;13967;2;6983;1
6996;13968;13967;1;1
6997;13969;2;6984;1
6998;13970;61;229;1
6999;13971;2;6985;1
7000;13972;3;4657;1
7001;13973;2;6986;1
7002;13974;89;157;1
7003;13975;2;6987;1
7004;13976;5;2795;1
7005;13977;2;6988;1
7006;13978;3;4659;1
7007;13979;2;6989;1
7008;13980;7;1997;1
7009;13981;2;6990;1
7010;13982;11;1271;1
7011;13983;2;6991;1
7012;13984;3;4661;1
7013;13985;2;6992;1
7014;13986;5;2797;1
7015;13987;2;6993;1
7016;13988;71;197;1
7017;13989;2;6994;1
7018;13990;3;4663;1
7019;13991;2;6995;1
7020;13992;17;823;1
7021;13993;2;6996;1
7022;13994;7;1999;1
7023;13995;2;6997;1
7024;13996;3;4665;1
7025;13997;2;6998;1
7026;13998;13997;1;1
7027;13999;2;6999;1
7028;14000;13999;1;1
7029;14001;2;7000;1
7030;14002;3;4667;1
7031;14003;2;7001;1
7032;14004;11;1273;1
7033;14005;2;7002;1
7034;14006;5;2801;1
7035;14007;2;7003;1
7036;14008;3;4669;1
7037;14009;2;7004;1
7038;14010;14009;1;1
7039;14011;2;7005;1
7040;14012;14011;1;1
7041;14013;2;7006;1
7042;14014;3;4671;1
7043;14015;2;7007;1
7044;14016;5;2803;1
7045;14017;2;7008;1
7046;14018;107;131;1
7047;14019;2;7009;1
7048;14020;3;4673;1
7049;14021;2;7010;1
7050;14022;7;2003;1
7051;14023;2;7011;1
7052;14024;37;379;1
7053;14025;2;7012;1
7054;14026;3;4675;1
7055;14027;2;7013;1
7056;14028;13859;1;169
7057;14197;2;7098;1
7058;14198;14197;1;1
7059;14199;2;7099;1
7060;14200;3;4733;1
7061;14201;2;7100;1
7062;14202;11;1291;1
7063;14203;2;7101;1
7064;14204;7;2029;1
7065;14205;2;7102;1
7066;14206;3;4735;1
7067;14207;2;7103;1
7068;14208;14207;1;1
7069;14209;2;7104;1
7070;14210;13;1093;1
7071;14211;2;7105;1
7072;14212;3;4737;1
7073;14213;2;7106;1
7074;14214;61;233;1
7075;14215;2;7107;1
7076;14216;5;2843;1
7077;14217;2;7108;1
7078;14218;3;4739;1
7079;14219;2;7109;1
7080;14220;59;241;1
7081;14221;2;7110;1
7082;14222;14221;1;1
7083;14223;2;7111;1
7084;14224;3;4741;1
7085;14225;2;7112;1
7086;14226;5;2845;1
7087;14227;2;7113;1
7088;14228;41;347;1
7089;14229;2;7114;1
7090;14230;3;4743;1
7091;14231;2;7115;1
7092;14232;7;2033;1
7093;14233;2;7116;1
7094;14234;43;331;1
7095;14235;2;7117;1
7096;14236;3;4745;1
7097;14237;2;7118;1
7098;14238;23;619;1
7099;14239;2;7119;1
7100;14240;29;491;1
7101;14241;2;7120;1
7102;14242;3;4747;1
7103;14243;2;7121;1
7104;14244;14243;1;1
7105;14245;2;7122;1
7106;14246;5;2849;1
7107;14247;2;7123;1
7108;14248;3;4749;1
7109;14249;2;7124;1
7110;14250;14249;1;1
7111;14251;2;7125;1
7112;14252;14251;1;1
7113;14253;2;7126;1
7114;14254;3;4751;1
7115;14255;2;7127;1
7116;14256;5;2851;1
7117;14257;2;7128;1
7118;14258;53;269;1
7119;14259;2;7129;1
7120;14260;3;4753;1
7121;14261;2;7130;1
7122;14262;13;1097;1
7123;14263;2;7131;1
7124;14264;17;839;1
7125;14265;2;7132;1
7126;14266;3;4755;1
7127;14267;2;7133;1
7128;14268;11;1297;1
7129;14269;2;7134;1
7130;14270;19;751;1
7131;14271;2;7135;1
7132;14272;3;4757;1
7133;14273;2;7136;1
7134;14274;7;2039;1
7135;14275;2;7137;1
7136;14276;5;2855;1
7137;14277;2;7138;1
7138;14278;3;4759;1
7139;14279;2;7139;1
7140;14280;109;131;1
7141;14281;2;7140;1
7142;14282;14281;1;1
7143;14283;2;7141;1
7144;14284;3;4761;1
7145;14285;2;7142;1
7146;14286;5;2857;1
7147;14287;2;7143;1
7148;14288;7;2041;1
7149;14289;2;7144;1
7150;14290;3;4763;1
7151;14291;2;7145;1
7152;14292;31;461;1
7153;14293;2;7146;1
7154;14294;14293;1;1
7155;14295;2;7147;1
7156;14296;3;4765;1
7157;14297;2;7148;1
7158;14298;17;841;1
7159;14299;2;7149;1
7160;14300;79;181;1
7161;14301;2;7150;1
7162;14302;3;4767;1
7163;14303;2;7151;1
7164;14304;14303;1;1
7165;14305;2;7152;1
7166;14306;5;2861;1
7167;14307;2;7153;1
7168;14308;3;4769;1
7169;14309;2;7154;1
7170;14310;41;349;1
7171;14311;2;7155;1
7172;14312;11;1301;1
7173;14313;2;7156;1
7174;14314;3;4771;1
7175;14315;2;7157;1
7176;14316;5;2863;1
7177;14317;2;7158;1
7178;14318;103;139;1
7179;14319;2;7159;1
7180;14320;3;4773;1
7181;14321;2;7160;1
7182;14322;14321;1;1
7183;14323;2;7161;1
7184;14324;14323;1;1
7185;14325;2;7162;1
7186;14326;3;4775;1
7187;14327;2;7163;1
7188;14328;14327;1;1
7189;14329;2;7164;1
7190;14330;7;2047;1
7191;14331;2;7165;1
7192;14332;3;4777;1
7193;14333;2;7166;1
7194;14334;11;1303;1
7195;14335;2;7167;1
7196;14336;5;2867;1
7197;14337;2;7168;1
7198;14338;3;4779;1
7199;14339;2;7169;1
7200;14340;13;1103;1
7201;14341;2;7170;1
7202;14342;14341;1;1
7203;14343;2;7171;1
7204;14344;3;4781;1
7205;14345;2;7172;1
7206;14346;5;2869;1
7207;14347;2;7173;1
7208;14348;14347;1;1
7209;14349;2;7174;1
7210;14350;3;4783;1
7211;14351;2;7175;1
7212;14352;113;127;1
7213;14353;2;7176;1
7214;14354;31;463;1
7215;14355;2;7177;1
7216;14356;3;4785;1
7217;14357;2;7178;1
7218;14358;7;2051;1
7219;14359;2;7179;1
7220;14360;83;173;1
7221;14361;2;7180;1
7222;14362;3;4787;1
7223;14363;2;7181;1
7224;14364;53;271;1
7225;14365;302;47;171
7226;14536;3;4845;1
7227;14537;2;7268;1
7228;14538;14537;1;1
7229;14539;2;7269;1
7230;14540;7;2077;1
7231;14541;2;7270;1
7232;14542;3;4847;1
7233;14543;2;7271;1
7234;14544;14543;1;1
7235;14545;2;7272;1
7236;14546;5;2909;1
7237;14547;2;7273;1
7238;14548;3;4849;1
7239;14549;2;7274;1
7240;14550;14549;1;1
7241;14551;2;7275;1
7242;14552;14551;1;1
7243;14553;2;7276;1
7244;14554;3;4851;1
7245;14555;2;7277;1
7246;14556;5;2911;1
7247;14557;2;7278;1
7248;14558;14557;1;1
7249;14559;2;7279;1
7250;14560;3;4853;1
7251;14561;2;7280;1
7252;14562;14561;1;1
7253;14563;2;7281;1
7254;14564;14563;1;1
7255;14565;2;7282;1
7256;14566;3;4855;1
7257;14567;2;7283;1
7258;14568;7;2081;1
7259;14569;2;7284;1
7260;14570;17;857;1
7261;14571;2;7285;1
7262;14572;3;4857;1
7263;14573;2;7286;1
7264;14574;13;1121;1
7265;14575;2;7287;1
7266;14576;5;2915;1
7267;14577;2;7288;1
7268;14578;3;4859;1
7269;14579;2;7289;1
7270;14580;61;239;1
7271;14581;2;7290;1
7272;14582;7;2083;1
7273;14583;2;7291;1
7274;14584;3;4861;1
7275;14585;2;7292;1
7276;14586;5;2917;1
7277;14587;2;7293;1
7278;14588;29;503;1
7279;14589;2;7294;1
7280;14590;3;4863;1
7281;14591;2;7295;1
7282;14592;14591;1;1
7283;14593;2;7296;1
7284;14594;14593;1;1
7285;14595;2;7297;1
7286;14596;3;4865;1
7287;14597;2;7298;1
7288;14598;11;1327;1
7289;14599;2;7299;1
7290;14600;13;1123;1
7291;14601;2;7300;1
7292;14602;3;4867;1
7293;14603;2;7301;1
7294;14604;17;859;1
7295;14605;2;7302;1
7296;14606;5;2921;1
7297;14607;2;7303;1
7298;14608;3;4869;1
7299;14609;2;7304;1
7300;14610;7;2087;1
7301;14611;2;7305;1
7302;14612;19;769;1
7303;14613;2;7306;1
7304;14614;3;4871;1
7305;14615;2;7307;1
7306;14616;5;2923;1
7307;14617;2;7308;1
7308;14618;47;311;1
7309;14619;2;7309;1
7310;14620;3;4873;1
7311;14621;2;7310;1
7312;14622;14621;1;1
7313;14623;2;7311;1
7314;14624;7;2089;1
7315;14625;2;7312;1
7316;14626;3;4875;1
7317;14627;2;7313;1
7318;14628;14627;1;1
7319;14629;2;7314;1
7320;14630;14629;1;1
7321;14631;2;7315;1
7322;14632;3;4877;1
7323;14633;2;7316;1
7324;14634;14633;1;1
7325;14635;2;7317;1
7326;14636;5;2927;1
7327;14637;2;7318;1
7328;14638;3;4879;1
7329;14639;2;7319;1
7330;14640;14639;1;1
7331;14641;2;7320;1
7332;14642;11;1331;1
7333;14643;2;7321;1
7334;14644;3;4881;1
7335;14645;2;7322;1
7336;14646;5;2929;1
7337;14647;2;7323;1
7338;14648;97;151;1
7339;14649;2;7324;1
7340;14650;3;4883;1
7341;14651;2;7325;1
7342;14652;7;2093;1
7343;14653;2;7326;1
7344;14654;14653;1;1
7345;14655;2;7327;1
7346;14656;3;4885;1
7347;14657;2;7328;1
7348;14658;14657;1;1
7349;14659;2;7329;1
7350;14660;107;137;1
7351;14661;2;7330;1
7352;14662;3;4887;1
7353;14663;2;7331;1
7354;14664;11;1333;1
7355;14665;2;7332;1
7356;14666;5;2933;1
7357;14667;2;7333;1
7358;14668;3;4889;1
7359;14669;2;7334;1
7360;14670;14669;1;1
7361;14671;2;7335;1
7362;14672;17;863;1
7363;14673;2;7336;1
7364;14674;3;4891;1
7365;14675;2;7337;1
7366;14676;5;2935;1
7367;14677;2;7338;1
7368;14678;13;1129;1
7369;14679;2;7339;1
7370;14680;3;4893;1
7371;14681;2;7340;1
7372;14682;53;277;1
7373;14683;2;7341;1
7374;14684;14683;1;1
7375;14685;2;7342;1
7376;14686;3;4895;1
7377;14687;2;7343;1
7378;14688;19;773;1
7379;14689;2;7344;1
7380;14690;37;397;1
7381;14691;2;7345;1
7382;14692;3;4897;1
7383;14693;2;7346;1
7384;14694;7;2099;1
7385;14695;2;7347;1
7386;14696;5;2939;1
7387;14697;2;7348;1
7388;14698;3;4899;1
7389;14699;2;7349;1
7390;14700;14699;1;1
7391;14701;2;7350;1
7392;14702;61;241;1
7393;14703;2;7351;1
7394;14704;3;4901;1
7395;14705;2;7352;1
7396;14706;14533;1;173
7397;14879;2;7439;1
7398;14880;14879;1;1
7399;14881;2;7440;1
7400;14882;23;647;1
7401;14883;2;7441;1
7402;14884;3;4961;1
7403;14885;2;7442;1
7404;14886;5;2977;1
7405;14887;2;7443;1
7406;14888;14887;1;1
7407;14889;2;7444;1
7408;14890;3;4963;1
7409;14891;2;7445;1
7410;14892;14891;1;1
7411;14893;2;7446;1
7412;14894;53;281;1
7413;14895;2;7447;1
7414;14896;3;4965;1
7415;14897;2;7448;1
7416;14898;14897;1;1
7417;14899;2;7449;1
7418;14900;47;317;1
7419;14901;2;7450;1
7420;14902;3;4967;1
7421;14903;2;7451;1
7422;14904;7;2129;1
7423;14905;2;7452;1
7424;14906;5;2981;1
7425;14907;2;7453;1
7426;14908;3;4969;1
7427;14909;2;7454;1
7428;14910;17;877;1
7429;14911;2;7455;1
7430;14912;13;1147;1
7431;14913;2;7456;1
7432;14914;3;4971;1
7433;14915;2;7457;1
7434;14916;5;2983;1
7435;14917;2;7458;1
7436;14918;7;2131;1
7437;14919;2;7459;1
7438;14920;3;4973;1
7439;14921;2;7460;1
7440;14922;43;347;1
7441;14923;2;7461;1
7442;14924;14923;1;1
7443;14925;2;7462;1
7444;14926;3;4975;1
7445;14927;2;7463;1
7446;14928;11;1357;1
7447;14929;2;7464;1
7448;14930;14929;1;1
7449;14931;2;7465;1
7450;14932;3;4977;1
7451;14933;2;7466;1
7452;14934;109;137;1
7453;14935;2;7467;1
7454;14936;5;2987;1
7455;14937;2;7468;1
7456;14938;3;4979;1
7457;14939;2;7469;1
7458;14940;14939;1;1
7459;14941;2;7470;1
7460;14942;67;223;1
7461;14943;2;7471;1
7462;14944;3;4981;1
7463;14945;2;7472;1
7464;14946;5;2989;1
7465;14947;2;7473;1
7466;14948;14947;1;1
7467;14949;2;7474;1
7468;14950;3;4983;1
7469;14951;2;7475;1
7470;14952;14951;1;1
7471;14953;2;7476;1
7472;14954;19;787;1
7473;14955;2;7477;1
7474;14956;3;4985;1
7475;14957;2;7478;1
7476;14958;14957;1;1
7477;14959;2;7479;1
7478;14960;7;2137;1
7479;14961;2;7480;1
7480;14962;3;4987;1
7481;14963;2;7481;1
7482;14964;13;1151;1
7483;14965;2;7482;1
7484;14966;5;2993;1
7485;14967;2;7483;1
7486;14968;3;4989;1
7487;14969;2;7484;1
7488;14970;14969;1;1
7489;14971;2;7485;1
7490;14972;11;1361;1
7491;14973;2;7486;1
7492;14974;3;4991;1
7493;14975;2;7487;1
7494;14976;5;2995;1
7495;14977;2;7488;1
7496;14978;17;881;1
7497;14979;2;7489;1
7498;14980;3;4993;1
7499;14981;2;7490;1
7500;14982;71;211;1
7501;14983;2;7491;1
7502;14984;14983;1;1
7503;14985;2;7492;1
7504;14986;3;4995;1
7505;14987;2;7493;1
7506;14988;7;2141;1
7507;14989;2;7494;1
7508;14990;13;1153;1
7509;14991;2;7495;1
7510;14992;3;4997;1
7511;14993;2;7496;1
7512;14994;11;1363;1
7513;14995;2;7497;1
7514;14996;5;2999;1
7515;14997;2;7498;1
7516;14998;3;4999;1
7517;14999;2;7499;1
7518;15000;53;283;1
7519;15001;2;7500;1
7520;15002;7;2143;1
7521;15003;2;7501;1
7522;15004;3;5001;1
7523;15005;2;7502;1
7524;15006;5;3001;1
7525;15007;2;7503;1
7526;15008;43;349;1
7527;15009;2;7504;1
7528;15010;3;5003;1
7529;15011;2;7505;1
7530;15012;17;883;1
7531;15013;2;7506;1
7532;15014;15013;1;1
7533;15015;2;7507;1
7534;15016;3;5005;1
7535;15017;2;7508;1
7536;15018;15017;1;1
7537;15019;2;7509;1
7538;15020;23;653;1
7539;15021;2;7510;1
7540;15022;3;5007;1
7541;15023;2;7511;1
7542;15024;83;181;1
7543;15025;2;7512;1
7544;15026;5;3005;1
7545;15027;2;7513;1
7546;15028;3;5009;1
7547;15029;2;7514;1
7548;15030;7;2147;1
7549;15031;2;7515;1
7550;15032;15031;1;1
7551;15033;2;7516;1
7552;15034;3;5011;1
7553;15035;2;7517;1
7554;15036;5;3007;1
7555;15037;2;7518;1
7556;15038;11;1367;1
7557;15039;2;7519;1
7558;15040;3;5013;1
7559;15041;2;7520;1
7560;15042;13;1157;1
7561;15043;2;7521;1
7562;15044;7;2149;1
7563;15045;2;7522;1
7564;15046;3;5015;1
7565;15047;2;7523;1
7566;15048;41;367;1
7567;15049;2;7524;1
7568;15050;101;149;1
7569;15051;3719;4;175
7570;15226;3;5075;1
7571;15227;2;7613;1
7572;15228;15227;1;1
7573;15229;2;7614;1
7574;15230;97;157;1
7575;15231;2;7615;1
7576;15232;3;5077;1
7577;15233;2;7616;1
7578;15234;15233;1;1
7579;15235;2;7617;1
7580;15236;5;3047;1
7581;15237;2;7618;1
7582;15238;3;5079;1
7583;15239;2;7619;1
7584;15240;7;2177;1
7585;15241;2;7620;1
7586;15242;15241;1;1
7587;15243;2;7621;1
7588;15244;3;5081;1
7589;15245;2;7622;1
7590;15246;5;3049;1
7591;15247;2;7623;1
7592;15248;79;193;1
7593;15249;2;7624;1
7594;15250;3;5083;1
7595;15251;2;7625;1
7596;15252;101;151;1
7597;15253;2;7626;1
7598;15254;7;2179;1
7599;15255;2;7627;1
7600;15256;3;5085;1
7601;15257;2;7628;1
7602;15258;11;1387;1
7603;15259;2;7629;1
7604;15260;15259;1;1
7605;15261;2;7630;1
7606;15262;3;5087;1
7607;15263;2;7631;1
7608;15264;15263;1;1
7609;15265;2;7632;1
7610;15266;5;3053;1
7611;15267;2;7633;1
7612;15268;3;5089;1
7613;15269;2;7634;1
7614;15270;15269;1;1
7615;15271;2;7635;1
7616;15272;15271;1;1
7617;15273;2;7636;1
7618;15274;3;5091;1
7619;15275;2;7637;1
7620;15276;5;3055;1
7621;15277;2;7638;1
7622;15278;15277;1;1
7623;15279;2;7639;1
7624;15280;3;5093;1
7625;15281;2;7640;1
7626;15282;7;2183;1
7627;15283;2;7641;1
7628;15284;17;899;1
7629;15285;2;7642;1
7630;15286;3;5095;1
7631;15287;2;7643;1
7632;15288;15287;1;1
7633;15289;2;7644;1
7634;15290;15289;1;1
7635;15291;2;7645;1
7636;15292;3;5097;1
7637;15293;2;7646;1
7638;15294;41;373;1
7639;15295;2;7647;1
7640;15296;5;3059;1
7641;15297;2;7648;1
7642;15298;3;5099;1
7643;15299;2;7649;1
7644;15300;15299;1;1
7645;15301;2;7650;1
7646;15302;11;1391;1
7647;15303;2;7651;1
7648;15304;3;5101;1
7649;15305;2;7652;1
7650;15306;5;3061;1
7651;15307;2;7653;1
7652;15308;15307;1;1
7653;15309;2;7654;1
7654;15310;3;5103;1
7655;15311;2;7655;1
7656;15312;61;251;1
7657;15313;2;7656;1
7658;15314;15313;1;1
7659;15315;2;7657;1
7660;15316;3;5105;1
7661;15317;2;7658;1
7662;15318;17;901;1
7663;15319;2;7659;1
7664;15320;15319;1;1
7665;15321;2;7660;1
7666;15322;3;5107;1
7667;15323;2;7661;1
7668;15324;7;2189;1
7669;15325;2;7662;1
7670;15326;5;3065;1
7671;15327;2;7663;1
7672;15328;3;5109;1
7673;15329;2;7664;1
7674;15330;15329;1;1
7675;15331;2;7665;1
7676;15332;15331;1;1
7677;15333;2;7666;1
7678;15334;3;5111;1
7679;15335;2;7667;1
7680;15336;5;3067;1
7681;15337;2;7668;1
7682;15338;7;2191;1
7683;15339;2;7669;1
7684;15340;3;5113;1
7685;15341;2;7670;1
7686;15342;23;667;1
7687;15343;2;7671;1
7688;15344;67;229;1
7689;15345;2;7672;1
7690;15346;3;5115;1
7691;15347;2;7673;1
7692;15348;103;149;1
7693;15349;2;7674;1
7694;15350;15349;1;1
7695;15351;2;7675;1
7696;15352;3;5117;1
7697;15353;2;7676;1
7698;15354;13;1181;1
7699;15355;2;7677;1
7700;15356;5;3071;1
7701;15357;2;7678;1
7702;15358;3;5119;1
7703;15359;2;7679;1
7704;15360;15359;1;1
7705;15361;2;7680;1
7706;15362;15361;1;1
7707;15363;2;7681;1
7708;15364;3;5121;1
7709;15365;2;7682;1
7710;15366;5;3073;1
7711;15367;2;7683;1
7712;15368;11;1397;1
7713;15369;2;7684;1
7714;15370;3;5123;1
7715;15371;2;7685;1
7716;15372;19;809;1
7717;15373;2;7686;1
7718;15374;15373;1;1
7719;15375;2;7687;1
7720;15376;3;5125;1
7721;15377;2;7688;1
7722;15378;15377;1;1
7723;15379;2;7689;1
7724;15380;7;2197;1
7725;15381;2;7690;1
7726;15382;3;5127;1
7727;15383;2;7691;1
7728;15384;15383;1;1
7729;15385;2;7692;1
7730;15386;5;3077;1
7731;15387;2;7693;1
7732;15388;3;5129;1
7733;15389;2;7694;1
7734;15390;11;1399;1
7735;15391;2;7695;1
7736;15392;15391;1;1
7737;15393;2;7696;1
7738;15394;3;5131;1
7739;15395;2;7697;1
7740;15396;5;3079;1
7741;15397;2;7698;1
7742;15398;89;173;1
7743;15399;2;7699;1
7744;15400;1171;13;177
7745;15577;2;7788;1
7746;15578;37;421;1
7747;15579;2;7789;1
7748;15580;3;5193;1
7749;15581;2;7790;1
7750;15582;15581;1;1
7751;15583;2;7791;1
7752;15584;15583;1;1
7753;15585;2;7792;1
7754;15586;3;5195;1
7755;15587;2;7793;1
7756;15588;11;1417;1
7757;15589;2;7794;1
7758;15590;7;2227;1
7759;15591;2;7795;1
7760;15592;3;5197;1
7761;15593;2;7796;1
7762;15594;31;503;1
7763;15595;2;7797;1
7764;15596;5;3119;1
7765;15597;2;7798;1
7766;15598;3;5199;1
7767;15599;2;7799;1
7768;15600;19;821;1
7769;15601;2;7800;1
7770;15602;15601;1;1
7771;15603;2;7801;1
7772;15604;3;5201;1
7773;15605;2;7802;1
7774;15606;5;3121;1
7775;15607;2;7803;1
7776;15608;15607;1;1
7777;15609;2;7804;1
7778;15610;3;5203;1
7779;15611;2;7805;1
7780;15612;67;233;1
7781;15613;2;7806;1
7782;15614;13;1201;1
7783;15615;2;7807;1
7784;15616;3;5205;1
7785;15617;2;7808;1
7786;15618;7;2231;1
7787;15619;2;7809;1
7788;15620;15619;1;1
7789;15621;2;7810;1
7790;15622;3;5207;1
7791;15623;2;7811;1
7792;15624;17;919;1
7793;15625;2;7812;1
7794;15626;5;3125;1
7795;15627;2;7813;1
7796;15628;3;5209;1
7797;15629;2;7814;1
7798;15630;15629;1;1
7799;15631;2;7815;1
7800;15632;7;2233;1
7801;15633;2;7816;1
7802;15634;3;5211;1
7803;15635;2;7817;1
7804;15636;5;3127;1
7805;15637;2;7818;1
7806;15638;19;823;1
7807;15639;2;7819;1
7808;15640;3;5213;1
7809;15641;2;7820;1
7810;15642;15641;1;1
7811;15643;2;7821;1
7812;15644;15643;1;1
7813;15645;2;7822;1
7814;15646;3;5215;1
7815;15647;2;7823;1
7816;15648;15647;1;1
7817;15649;2;7824;1
7818;15650;15649;1;1
7819;15651;2;7825;1
7820;15652;3;5217;1
7821;15653;2;7826;1
7822;15654;11;1423;1
7823;15655;2;7827;1
7824;15656;5;3131;1
7825;15657;2;7828;1
7826;15658;3;5219;1
7827;15659;2;7829;1
7828;15660;7;2237;1
7829;15661;2;7830;1
7830;15662;15661;1;1
7831;15663;2;7831;1
7832;15664;3;5221;1
7833;15665;2;7832;1
7834;15666;5;3133;1
7835;15667;2;7833;1
7836;15668;15667;1;1
7837;15669;2;7834;1
7838;15670;3;5223;1
7839;15671;2;7835;1
7840;15672;15671;1;1
7841;15673;2;7836;1
7842;15674;7;2239;1
7843;15675;2;7837;1
7844;15676;3;5225;1
7845;15677;2;7838;1
7846;15678;61;257;1
7847;15679;2;7839;1
7848;15680;15679;1;1
7849;15681;2;7840;1
7850;15682;3;5227;1
7851;15683;2;7841;1
7852;15684;15683;1;1
7853;15685;2;7842;1
7854;15686;5;3137;1
7855;15687;2;7843;1
7856;15688;3;5229;1
7857;15689;2;7844;1
7858;15690;29;541;1
7859;15691;2;7845;1
7860;15692;13;1207;1
7861;15693;2;7846;1
7862;15694;3;5231;1
7863;15695;2;7847;1
7864;15696;5;3139;1
7865;15697;2;7848;1
7866;15698;11;1427;1
7867;15699;2;7849;1
7868;15700;3;5233;1
7869;15701;2;7850;1
7870;15702;7;2243;1
7871;15703;2;7851;1
7872;15704;41;383;1
7873;15705;2;7852;1
7874;15706;3;5235;1
7875;15707;2;7853;1
7876;15708;113;139;1
7877;15709;2;7854;1
7878;15710;23;683;1
7879;15711;2;7855;1
7880;15712;3;5237;1
7881;15713;2;7856;1
7882;15714;19;827;1
7883;15715;2;7857;1
7884;15716;5;3143;1
7885;15717;2;7858;1
7886;15718;3;5239;1
7887;15719;2;7859;1
7888;15720;11;1429;1
7889;15721;2;7860;1
7890;15722;79;199;1
7891;15723;2;7861;1
7892;15724;3;5241;1
7893;15725;2;7862;1
7894;15726;5;3145;1
7895;15727;2;7863;1
7896;15728;15727;1;1
7897;15729;2;7864;1
7898;15730;3;5243;1
7899;15731;2;7865;1
7900;15732;15731;1;1
7901;15733;2;7866;1
7902;15734;15733;1;1
7903;15735;2;7867;1
7904;15736;3;5245;1
7905;15737;2;7868;1
7906;15738;15737;1;1
7907;15739;2;7869;1
7908;15740;15739;1;1
7909;15741;2;7870;1
7910;15742;3;5247;1
7911;15743;2;7871;1
7912;15744;7;2249;1
7913;15745;2;7872;1
7914;15746;5;3149;1
7915;15747;2;7873;1
7916;15748;3;5249;1
7917;15749;2;7874;1
7918;15750;15749;1;1
7919;15751;2;7875;1
7920;15752;19;829;1
7921;15753;599;26;179
7922;15932;89;179;1
7923;15933;2;7966;1
7924;15934;3;5311;1
7925;15935;2;7967;1
7926;15936;5;3187;1
7927;15937;2;7968;1
7928;15938;15937;1;1
7929;15939;2;7969;1
7930;15940;3;5313;1
7931;15941;2;7970;1
7932;15942;19;839;1
7933;15943;2;7971;1
7934;15944;107;149;1
7935;15945;2;7972;1
7936;15946;3;5315;1
7937;15947;2;7973;1
7938;15948;37;431;1
7939;15949;2;7974;1
7940;15950;41;389;1
7941;15951;2;7975;1
7942;15952;3;5317;1
7943;15953;2;7976;1
7944;15954;7;2279;1
7945;15955;2;7977;1
7946;15956;5;3191;1
7947;15957;2;7978;1
7948;15958;3;5319;1
7949;15959;2;7979;1
7950;15960;15959;1;1
7951;15961;2;7980;1
7952;15962;11;1451;1
7953;15963;2;7981;1
7954;15964;3;5321;1
7955;15965;2;7982;1
7956;15966;5;3193;1
7957;15967;2;7983;1
7958;15968;7;2281;1
7959;15969;2;7984;1
7960;15970;3;5323;1
7961;15971;2;7985;1
7962;15972;15971;1;1
7963;15973;2;7986;1
7964;15974;15973;1;1
7965;15975;2;7987;1
7966;15976;3;5325;1
7967;15977;2;7988;1
7968;15978;13;1229;1
7969;15979;2;7989;1
7970;15980;19;841;1
7971;15981;2;7990;1
7972;15982;3;5327;1
7973;15983;2;7991;1
7974;15984;11;1453;1
7975;15985;2;7992;1
7976;15986;5;3197;1
7977;15987;2;7993;1
7978;15988;3;5329;1
7979;15989;2;7994;1
7980;15990;59;271;1
7981;15991;2;7995;1
7982;15992;15991;1;1
7983;15993;2;7996;1
7984;15994;3;5331;1
7985;15995;2;7997;1
7986;15996;5;3199;1
7987;15997;2;7998;1
7988;15998;17;941;1
7989;15999;2;7999;1
7990;16000;3;5333;1
7991;16001;2;8000;1
7992;16002;16001;1;1
7993;16003;2;8001;1
7994;16004;13;1231;1
7995;16005;2;8002;1
7996;16006;3;5335;1
7997;16007;2;8003;1
7998;16008;16007;1;1
7999;16009;2;8004;1
8000;16010;7;2287;1
8001;16011;2;8005;1
8002;16012;3;5337;1
8003;16013;2;8006;1
8004;16014;67;239;1
8005;16015;2;8007;1
8006;16016;5;3203;1
8007;16017;2;8008;1
8008;16018;3;5339;1
8009;16019;2;8009;1
8010;16020;83;193;1
8011;16021;2;8010;1
8012;16022;37;433;1
8013;16023;2;8011;1
8014;16024;3;5341;1
8015;16025;2;8012;1
8016;16026;5;3205;1
8017;16027;2;8013;1
8018;16028;11;1457;1
8019;16029;2;8014;1
8020;16030;3;5343;1
8021;16031;2;8015;1
8022;16032;17;943;1
8023;16033;2;8016;1
8024;16034;16033;1;1
8025;16035;2;8017;1
8026;16036;3;5345;1
8027;16037;2;8018;1
8028;16038;7;2291;1
8029;16039;2;8019;1
8030;16040;43;373;1
8031;16041;2;8020;1
8032;16042;3;5347;1
8033;16043;2;8021;1
8034;16044;61;263;1
8035;16045;2;8022;1
8036;16046;5;3209;1
8037;16047;2;8023;1
8038;16048;3;5349;1
8039;16049;2;8024;1
8040;16050;11;1459;1
8041;16051;2;8025;1
8042;16052;7;2293;1
8043;16053;2;8026;1
8044;16054;3;5351;1
8045;16055;2;8027;1
8046;16056;5;3211;1
8047;16057;2;8028;1
8048;16058;16057;1;1
8049;16059;2;8029;1
8050;16060;3;5353;1
8051;16061;2;8030;1
8052;16062;16061;1;1
8053;16063;2;8031;1
8054;16064;16063;1;1
8055;16065;2;8032;1
8056;16066;3;5355;1
8057;16067;2;8033;1
8058;16068;16067;1;1
8059;16069;2;8034;1
8060;16070;16069;1;1
8061;16071;2;8035;1
8062;16072;3;5357;1
8063;16073;2;8036;1
8064;16074;16073;1;1
8065;16075;2;8037;1
8066;16076;5;3215;1
8067;16077;2;8038;1
8068;16078;3;5359;1
8069;16079;2;8039;1
8070;16080;7;2297;1
8071;16081;2;8040;1
8072;16082;13;1237;1
8073;16083;2;8041;1
8074;16084;3;5361;1
8075;16085;2;8042;1
8076;16086;5;3217;1
8077;16087;2;8043;1
8078;16088;16087;1;1
8079;16089;2;8044;1
8080;16090;3;5363;1
8081;16091;2;8045;1
8082;16092;16091;1;1
8083;16093;2;8046;1
8084;16094;7;2299;1
8085;16095;2;8047;1
8086;16096;3;5365;1
8087;16097;2;8048;1
8088;16098;16097;1;1
8089;16099;2;8049;1
8090;16100;17;947;1
8091;16101;2;8050;1
8092;16102;3;5367;1
8093;16103;2;8051;1
8094;16104;16103;1;1
8095;16105;2;8052;1
8096;16106;5;3221;1
8097;16107;2;8053;1
8098;16108;3;5369;1
8099;16109;2;8054;1
8100;16110;937;17;181
8101;16291;2;8145;1
8102;16292;11;1481;1
8103;16293;2;8146;1
8104;16294;3;5431;1
8105;16295;2;8147;1
8106;16296;5;3259;1
8107;16297;2;8148;1
8108;16298;43;379;1
8109;16299;2;8149;1
8110;16300;3;5433;1
8111;16301;2;8150;1
8112;16302;16301;1;1
8113;16303;2;8151;1
8114;16304;7;2329;1
8115;16305;2;8152;1
8116;16306;3;5435;1
8117;16307;2;8153;1
8118;16308;23;709;1
8119;16309;2;8154;1
8120;16310;47;347;1
8121;16311;2;8155;1
8122;16312;3;5437;1
8123;16313;2;8156;1
8124;16314;11;1483;1
8125;16315;2;8157;1
8126;16316;5;3263;1
8127;16317;2;8158;1
8128;16318;3;5439;1
8129;16319;2;8159;1
8130;16320;16319;1;1
8131;16321;2;8160;1
8132;16322;19;859;1
8133;16323;2;8161;1
8134;16324;3;5441;1
8135;16325;2;8162;1
8136;16326;5;3265;1
8137;16327;2;8163;1
8138;16328;29;563;1
8139;16329;2;8164;1
8140;16330;3;5443;1
8141;16331;2;8165;1
8142;16332;7;2333;1
8143;16333;2;8166;1
8144;16334;16333;1;1
8145;16335;2;8167;1
8146;16336;3;5445;1
8147;16337;2;8168;1
8148;16338;17;961;1
8149;16339;2;8169;1
8150;16340;16339;1;1
8151;16341;2;8170;1
8152;16342;3;5447;1
8153;16343;2;8171;1
8154;16344;59;277;1
8155;16345;2;8172;1
8156;16346;5;3269;1
8157;16347;2;8173;1
8158;16348;3;5449;1
8159;16349;2;8174;1
8160;16350;16349;1;1
8161;16351;2;8175;1
8162;16352;83;197;1
8163;16353;2;8176;1
8164;16354;3;5451;1
8165;16355;2;8177;1
8166;16356;5;3271;1
8167;16357;2;8178;1
8168;16358;11;1487;1
8169;16359;2;8179;1
8170;16360;3;5453;1
8171;16361;2;8180;1
8172;16362;16361;1;1
8173;16363;2;8181;1
8174;16364;16363;1;1
8175;16365;2;8182;1
8176;16366;3;5455;1
8177;16367;2;8183;1
8178;16368;13;1259;1
8179;16369;2;8184;1
8180;16370;16369;1;1
8181;16371;2;8185;1
8182;16372;3;5457;1
8183;16373;2;8186;1
8184;16374;7;2339;1
8185;16375;2;8187;1
8186;16376;5;3275;1
8187;16377;2;8188;1
8188;16378;3;5459;1
8189;16379;2;8189;1
8190;16380;11;1489;1
8191;16381;2;8190;1
8192;16382;16381;1;1
8193;16383;2;8191;1
8194;16384;3;5461;1
8195;16385;2;8192;1
8196;16386;5;3277;1
8197;16387;2;8193;1
8198;16388;7;2341;1
8199;16389;2;8194;1
8200;16390;3;5463;1
8201;16391;2;8195;1
8202;16392;37;443;1
8203;16393;2;8196;1
8204;16394;13;1261;1
8205;16395;2;8197;1
8206;16396;3;5465;1
8207;16397;2;8198;1
8208;16398;19;863;1
8209;16399;2;8199;1
8210;16400;23;713;1
8211;16401;2;8200;1
8212;16402;3;5467;1
8213;16403;2;8201;1
8214;16404;47;349;1
8215;16405;2;8202;1
8216;16406;5;3281;1
8217;16407;2;8203;1
8218;16408;3;5469;1
8219;16409;2;8204;1
8220;16410;61;269;1
8221;16411;2;8205;1
8222;16412;16411;1;1
8223;16413;2;8206;1
8224;16414;3;5471;1
8225;16415;2;8207;1
8226;16416;5;3283;1
8227;16417;2;8208;1
8228;16418;16417;1;1
8229;16419;2;8209;1
8230;16420;3;5473;1
8231;16421;2;8210;1
8232;16422;16421;1;1
8233;16423;2;8211;1
8234;16424;11;1493;1
8235;16425;2;8212;1
8236;16426;3;5475;1
8237;16427;2;8213;1
8238;16428;16427;1;1
8239;16429;2;8214;1
8240;16430;7;2347;1
8241;16431;2;8215;1
8242;16432;3;5477;1
8243;16433;2;8216;1
8244;16434;16433;1;1
8245;16435;2;8217;1
8246;16436;5;3287;1
8247;16437;2;8218;1
8248;16438;3;5479;1
8249;16439;2;8219;1
8250;16440;17;967;1
8251;16441;2;8220;1
8252;16442;41;401;1
8253;16443;2;8221;1
8254;16444;3;5481;1
8255;16445;2;8222;1
8256;16446;5;3289;1
8257;16447;2;8223;1
8258;16448;16447;1;1
8259;16449;2;8224;1
8260;16450;3;5483;1
8261;16451;2;8225;1
8262;16452;16451;1;1
8263;16453;2;8226;1
8264;16454;16453;1;1
8265;16455;2;8227;1
8266;16456;3;5485;1
8267;16457;2;8228;1
8268;16458;7;2351;1
8269;16459;2;8229;1
8270;16460;109;151;1
8271;16461;2;8230;1
8272;16462;3;5487;1
8273;16463;2;8231;1
8274;16464;101;163;1
8275;16465;2;8232;1
8276;16466;5;3293;1
8277;16467;2;8233;1
8278;16468;3;5489;1
8279;16469;2;8234;1
8280;16470;43;383;1
8281;16471;509;32;183
8282;16654;3;5551;1
8283;16655;2;8327;1
8284;16656;5;3331;1
8285;16657;2;8328;1
8286;16658;16657;1;1
8287;16659;2;8329;1
8288;16660;3;5553;1
8289;16661;2;8330;1
8290;16662;16661;1;1
8291;16663;2;8331;1
8292;16664;19;877;1
8293;16665;2;8332;1
8294;16666;3;5555;1
8295;16667;2;8333;1
8296;16668;7;2381;1
8297;16669;2;8334;1
8298;16670;79;211;1
8299;16671;2;8335;1
8300;16672;3;5557;1
8301;16673;2;8336;1
8302;16674;16673;1;1
8303;16675;2;8337;1
8304;16676;5;3335;1
8305;16677;2;8338;1
8306;16678;3;5559;1
8307;16679;2;8339;1
8308;16680;13;1283;1
8309;16681;2;8340;1
8310;16682;7;2383;1
8311;16683;2;8341;1
8312;16684;3;5561;1
8313;16685;2;8342;1
8314;16686;5;3337;1
8315;16687;2;8343;1
8316;16688;11;1517;1
8317;16689;2;8344;1
8318;16690;3;5563;1
8319;16691;2;8345;1
8320;16692;16691;1;1
8321;16693;2;8346;1
8322;16694;16693;1;1
8323;16695;2;8347;1
8324;16696;3;5565;1
8325;16697;2;8348;1
8326;16698;59;283;1
8327;16699;2;8349;1
8328;16700;16699;1;1
8329;16701;2;8350;1
8330;16702;3;5567;1
8331;16703;2;8351;1
8332;16704;16703;1;1
8333;16705;2;8352;1
8334;16706;5;3341;1
8335;16707;2;8353;1
8336;16708;3;5569;1
8337;16709;2;8354;1
8338;16710;7;2387;1
8339;16711;2;8355;1
8340;16712;17;983;1
8341;16713;2;8356;1
8342;16714;3;5571;1
8343;16715;2;8357;1
8344;16716;5;3343;1
8345;16717;2;8358;1
8346;16718;73;229;1
8347;16719;2;8359;1
8348;16720;3;5573;1
8349;16721;2;8360;1
8350;16722;23;727;1
8351;16723;2;8361;1
8352;16724;7;2389;1
8353;16725;2;8362;1
8354;16726;3;5575;1
8355;16727;2;8363;1
8356;16728;43;389;1
8357;16729;2;8364;1
8358;16730;16729;1;1
8359;16731;2;8365;1
8360;16732;3;5577;1
8361;16733;2;8366;1
8362;16734;29;577;1
8363;16735;2;8367;1
8364;16736;5;3347;1
8365;16737;2;8368;1
8366;16738;3;5579;1
8367;16739;2;8369;1
8368;16740;19;881;1
8369;16741;2;8370;1
8370;16742;16741;1;1
8371;16743;2;8371;1
8372;16744;3;5581;1
8373;16745;2;8372;1
8374;16746;5;3349;1
8375;16747;2;8373;1
8376;16748;16747;1;1
8377;16749;2;8374;1
8378;16750;3;5583;1
8379;16751;2;8375;1
8380;16752;7;2393;1
8381;16753;2;8376;1
8382;16754;11;1523;1
8383;16755;2;8377;1
8384;16756;3;5585;1
8385;16757;2;8378;1
8386;16758;13;1289;1
8387;16759;2;8379;1
8388;16760;16759;1;1
8389;16761;2;8380;1
8390;16762;3;5587;1
8391;16763;2;8381;1
8392;16764;16763;1;1
8393;16765;2;8382;1
8394;16766;5;3353;1
8395;16767;2;8383;1
8396;16768;3;5589;1
8397;16769;2;8384;1
8398;16770;41;409;1
8399;16771;2;8385;1
8400;16772;31;541;1
8401;16773;2;8386;1
8402;16774;3;5591;1
8403;16775;2;8387;1
8404;16776;5;3355;1
8405;16777;2;8388;1
8406;16778;19;883;1
8407;16779;2;8389;1
8408;16780;3;5593;1
8409;16781;2;8390;1
8410;16782;97;173;1
8411;16783;2;8391;1
8412;16784;13;1291;1
8413;16785;2;8392;1
8414;16786;3;5595;1
8415;16787;2;8393;1
8416;16788;16787;1;1
8417;16789;2;8394;1
8418;16790;103;163;1
8419;16791;2;8395;1
8420;16792;3;5597;1
8421;16793;2;8396;1
8422;16794;7;2399;1
8423;16795;2;8397;1
8424;16796;5;3359;1
8425;16797;2;8398;1
8426;16798;3;5599;1
8427;16799;2;8399;1
8428;16800;107;157;1
8429;16801;2;8400;1
8430;16802;53;317;1
8431;16803;2;8401;1
8432;16804;3;5601;1
8433;16805;2;8402;1
8434;16806;5;3361;1
8435;16807;2;8403;1
8436;16808;7;2401;1
8437;16809;2;8404;1
8438;16810;3;5603;1
8439;16811;2;8405;1
8440;16812;16811;1;1
8441;16813;2;8406;1
8442;16814;17;989;1
8443;16815;2;8407;1
8444;16816;3;5605;1
8445;16817;2;8408;1
8446;16818;67;251;1
8447;16819;2;8409;1
8448;16820;11;1529;1
8449;16821;2;8410;1
8450;16822;3;5607;1
8451;16823;2;8411;1
8452;16824;16823;1;1
8453;16825;2;8412;1
8454;16826;5;3365;1
8455;16827;2;8413;1
8456;16828;3;5609;1
8457;16829;2;8414;1
8458;16830;16829;1;1
8459;16831;2;8415;1
8460;16832;16831;1;1
8461;16833;2;8416;1
8462;16834;3;5611;1
8463;16835;2;8417;1
8464;16836;16651;1;185
8465;17021;2;8510;1
8466;17022;17021;1;1
8467;17023;2;8511;1
8468;17024;29;587;1
8469;17025;2;8512;1
8470;17026;3;5675;1
8471;17027;2;8513;1
8472;17028;17027;1;1
8473;17029;2;8514;1
8474;17030;17029;1;1
8475;17031;2;8515;1
8476;17032;3;5677;1
8477;17033;2;8516;1
8478;17034;17033;1;1
8479;17035;2;8517;1
8480;17036;5;3407;1
8481;17037;2;8518;1
8482;17038;3;5679;1
8483;17039;2;8519;1
8484;17040;11;1549;1
8485;17041;2;8520;1
8486;17042;17041;1;1
8487;17043;2;8521;1
8488;17044;3;5681;1
8489;17045;2;8522;1
8490;17046;5;3409;1
8491;17047;2;8523;1
8492;17048;17047;1;1
8493;17049;2;8524;1
8494;17050;3;5683;1
8495;17051;2;8525;1
8496;17052;17;1003;1
8497;17053;2;8526;1
8498;17054;17053;1;1
8499;17055;2;8527;1
8500;17056;3;5685;1
8501;17057;2;8528;1
8502;17058;37;461;1
8503;17059;2;8529;1
8504;17060;7;2437;1
8505;17061;2;8530;1
8506;17062;3;5687;1
8507;17063;2;8531;1
8508;17064;113;151;1
8509;17065;2;8532;1
8510;17066;5;3413;1
8511;17067;2;8533;1
8512;17068;3;5689;1
8513;17069;2;8534;1
8514;17070;13;1313;1
8515;17071;2;8535;1
8516;17072;43;397;1
8517;17073;2;8536;1
8518;17074;3;5691;1
8519;17075;2;8537;1
8520;17076;5;3415;1
8521;17077;2;8538;1
8522;17078;17077;1;1
8523;17079;2;8539;1
8524;17080;3;5693;1
8525;17081;2;8540;1
8526;17082;19;899;1
8527;17083;2;8541;1
8528;17084;11;1553;1
8529;17085;2;8542;1
8530;17086;3;5695;1
8531;17087;2;8543;1
8532;17088;7;2441;1
8533;17089;2;8544;1
8534;17090;23;743;1
8535;17091;2;8545;1
8536;17092;3;5697;1
8537;17093;2;8546;1
8538;17094;17093;1;1
8539;17095;2;8547;1
8540;17096;5;3419;1
8541;17097;2;8548;1
8542;17098;3;5699;1
8543;17099;2;8549;1
8544;17100;17099;1;1
8545;17101;2;8550;1
8546;17102;7;2443;1
8547;17103;2;8551;1
8548;17104;3;5701;1
8549;17105;2;8552;1
8550;17106;5;3421;1
8551;17107;2;8553;1
8552;17108;17107;1;1
8553;17109;2;8554;1
8554;17110;3;5703;1
8555;17111;2;8555;1
8556;17112;71;241;1
8557;17113;2;8556;1
8558;17114;109;157;1
8559;17115;2;8557;1
8560;17116;3;5705;1
8561;17117;2;8558;1
8562;17118;17117;1;1
8563;17119;2;8559;1
8564;17120;17;1007;1
8565;17121;2;8560;1
8566;17122;3;5707;1
8567;17123;2;8561;1
8568;17124;17123;1;1
8569;17125;2;8562;1
8570;17126;5;3425;1
8571;17127;2;8563;1
8572;17128;3;5709;1
8573;17129;2;8564;1
8574;17130;7;2447;1
8575;17131;2;8565;1
8576;17132;37;463;1
8577;17133;2;8566;1
8578;17134;3;5711;1
8579;17135;2;8567;1
8580;17136;5;3427;1
8581;17137;2;8568;1
8582;17138;17137;1;1
8583;17139;2;8569;1
8584;17140;3;5713;1
8585;17141;2;8570;1
8586;17142;61;281;1
8587;17143;2;8571;1
8588;17144;7;2449;1
8589;17145;2;8572;1
8590;17146;3;5715;1
8591;17147;2;8573;1
8592;17148;13;1319;1
8593;17149;2;8574;1
8594;17150;11;1559;1
8595;17151;2;8575;1
8596;17152;3;5717;1
8597;17153;2;8576;1
8598;17154;17;1009;1
8599;17155;2;8577;1
8600;17156;5;3431;1
8601;17157;2;8578;1
8602;17158;3;5719;1
8603;17159;2;8579;1
8604;17160;17159;1;1
8605;17161;2;8580;1
8606;17162;131;131;1
8607;17163;2;8581;1
8608;17164;3;5721;1
8609;17165;2;8582;1
8610;17166;5;3433;1
8611;17167;2;8583;1
8612;17168;17167;1;1
8613;17169;2;8584;1
8614;17170;3;5723;1
8615;17171;2;8585;1
8616;17172;7;2453;1
8617;17173;2;8586;1
8618;17174;13;1321;1
8619;17175;2;8587;1
8620;17176;3;5725;1
8621;17177;2;8588;1
8622;17178;89;193;1
8623;17179;2;8589;1
8624;17180;41;419;1
8625;17181;2;8590;1
8626;17182;3;5727;1
8627;17183;2;8591;1
8628;17184;17183;1;1
8629;17185;2;8592;1
8630;17186;5;3437;1
8631;17187;2;8593;1
8632;17188;3;5729;1
8633;17189;2;8594;1
8634;17190;17189;1;1
8635;17191;2;8595;1
8636;17192;17191;1;1
8637;17193;2;8596;1
8638;17194;3;5731;1
8639;17195;2;8597;1
8640;17196;5;3439;1
8641;17197;2;8598;1
8642;17198;29;593;1
8643;17199;2;8599;1
8644;17200;3;5733;1
8645;17201;2;8600;1
8646;17202;103;167;1
8647;17203;2;8601;1
8648;17204;17203;1;1
8649;17205;254;67;187
8650;17392;3;5797;1
8651;17393;2;8696;1
8652;17394;17393;1;1
8653;17395;2;8697;1
8654;17396;5;3479;1
8655;17397;2;8698;1
8656;17398;3;5799;1
8657;17399;2;8699;1
8658;17400;127;137;1
8659;17401;2;8700;1
8660;17402;17401;1;1
8661;17403;2;8701;1
8662;17404;3;5801;1
8663;17405;2;8702;1
8664;17406;5;3481;1
8665;17407;2;8703;1
8666;17408;13;1339;1
8667;17409;2;8704;1
8668;17410;3;5803;1
8669;17411;2;8705;1
8670;17412;23;757;1
8671;17413;2;8706;1
8672;17414;11;1583;1
8673;17415;2;8707;1
8674;17416;3;5805;1
8675;17417;2;8708;1
8676;17418;17417;1;1
8677;17419;2;8709;1
8678;17420;17419;1;1
8679;17421;2;8710;1
8680;17422;3;5807;1
8681;17423;2;8711;1
8682;17424;7;2489;1
8683;17425;2;8712;1
8684;17426;5;3485;1
8685;17427;2;8713;1
8686;17428;3;5809;1
8687;17429;2;8714;1
8688;17430;29;601;1
8689;17431;2;8715;1
8690;17432;17431;1;1
8691;17433;2;8716;1
8692;17434;3;5811;1
8693;17435;2;8717;1
8694;17436;5;3487;1
8695;17437;2;8718;1
8696;17438;7;2491;1
8697;17439;2;8719;1
8698;17440;3;5813;1
8699;17441;2;8720;1
8700;17442;107;163;1
8701;17443;2;8721;1
8702;17444;17443;1;1
8703;17445;2;8722;1
8704;17446;3;5815;1
8705;17447;2;8723;1
8706;17448;73;239;1
8707;17449;2;8724;1
8708;17450;17449;1;1
8709;17451;2;8725;1
8710;17452;3;5817;1
8711;17453;2;8726;1
8712;17454;31;563;1
8713;17455;2;8727;1
8714;17456;5;3491;1
8715;17457;2;8728;1
8716;17458;3;5819;1
8717;17459;2;8729;1
8718;17460;13;1343;1
8719;17461;2;8730;1
8720;17462;19;919;1
8721;17463;2;8731;1
8722;17464;3;5821;1
8723;17465;2;8732;1
8724;17466;5;3493;1
8725;17467;2;8733;1
8726;17468;17467;1;1
8727;17469;2;8734;1
8728;17470;3;5823;1
8729;17471;2;8735;1
8730;17472;17471;1;1
8731;17473;2;8736;1
8732;17474;101;173;1
8733;17475;2;8737;1
8734;17476;3;5825;1
8735;17477;2;8738;1
8736;17478;17477;1;1
8737;17479;2;8739;1
8738;17480;7;2497;1
8739;17481;2;8740;1
8740;17482;3;5827;1
8741;17483;2;8741;1
8742;17484;17483;1;1
8743;17485;2;8742;1
8744;17486;5;3497;1
8745;17487;2;8743;1
8746;17488;3;5829;1
8747;17489;2;8744;1
8748;17490;17489;1;1
8749;17491;2;8745;1
8750;17492;17491;1;1
8751;17493;2;8746;1
8752;17494;3;5831;1
8753;17495;2;8747;1
8754;17496;5;3499;1
8755;17497;2;8748;1
8756;17498;17497;1;1
8757;17499;2;8749;1
8758;17500;3;5833;1
8759;17501;2;8750;1
8760;17502;11;1591;1
8761;17503;2;8751;1
8762;17504;23;761;1
8763;17505;2;8752;1
8764;17506;3;5835;1
8765;17507;2;8753;1
8766;17508;7;2501;1
8767;17509;2;8754;1
8768;17510;17509;1;1
8769;17511;2;8755;1
8770;17512;3;5837;1
8771;17513;2;8756;1
8772;17514;83;211;1
8773;17515;2;8757;1
8774;17516;5;3503;1
8775;17517;2;8758;1
8776;17518;3;5839;1
8777;17519;2;8759;1
8778;17520;17519;1;1
8779;17521;2;8760;1
8780;17522;7;2503;1
8781;17523;2;8761;1
8782;17524;3;5841;1
8783;17525;2;8762;1
8784;17526;5;3505;1
8785;17527;2;8763;1
8786;17528;17;1031;1
8787;17529;2;8764;1
8788;17530;3;5843;1
8789;17531;2;8765;1
8790;17532;47;373;1
8791;17533;2;8766;1
8792;17534;89;197;1
8793;17535;2;8767;1
8794;17536;3;5845;1
8795;17537;2;8768;1
8796;17538;13;1349;1
8797;17539;2;8769;1
8798;17540;17539;1;1
8799;17541;2;8770;1
8800;17542;3;5847;1
8801;17543;2;8771;1
8802;17544;53;331;1
8803;17545;2;8772;1
8804;17546;5;3509;1
8805;17547;2;8773;1
8806;17548;3;5849;1
8807;17549;2;8774;1
8808;17550;7;2507;1
8809;17551;2;8775;1
8810;17552;17551;1;1
8811;17553;2;8776;1
8812;17554;3;5851;1
8813;17555;2;8777;1
8814;17556;5;3511;1
8815;17557;2;8778;1
8816;17558;97;181;1
8817;17559;2;8779;1
8818;17560;3;5853;1
8819;17561;2;8780;1
8820;17562;17;1033;1
8821;17563;2;8781;1
8822;17564;7;2509;1
8823;17565;2;8782;1
8824;17566;3;5855;1
8825;17567;2;8783;1
8826;17568;11;1597;1
8827;17569;2;8784;1
8828;17570;17569;1;1
8829;17571;2;8785;1
8830;17572;3;5857;1
8831;17573;2;8786;1
8832;17574;17573;1;1
8833;17575;2;8787;1
8834;17576;5;3515;1
8835;17577;2;8788;1
8836;17578;17389;1;189
8837;17767;2;8883;1
8838;17768;109;163;1
8839;17769;2;8884;1
8840;17770;3;5923;1
8841;17771;2;8885;1
8842;17772;13;1367;1
8843;17773;2;8886;1
8844;17774;7;2539;1
8845;17775;2;8887;1
8846;17776;3;5925;1
8847;17777;2;8888;1
8848;17778;29;613;1
8849;17779;2;8889;1
8850;17780;23;773;1
8851;17781;2;8890;1
8852;17782;3;5927;1
8853;17783;2;8891;1
8854;17784;17783;1;1
8855;17785;2;8892;1
8856;17786;5;3557;1
8857;17787;2;8893;1
8858;17788;3;5929;1
8859;17789;2;8894;1
8860;17790;17789;1;1
8861;17791;2;8895;1
8862;17792;17791;1;1
8863;17793;2;8896;1
8864;17794;3;5931;1
8865;17795;2;8897;1
8866;17796;5;3559;1
8867;17797;2;8898;1
8868;17798;13;1369;1
8869;17799;2;8899;1
8870;17800;3;5933;1
8871;17801;2;8900;1
8872;17802;7;2543;1
8873;17803;2;8901;1
8874;17804;19;937;1
8875;17805;2;8902;1
8876;17806;3;5935;1
8877;17807;2;8903;1
8878;17808;17807;1;1
8879;17809;2;8904;1
8880;17810;11;1619;1
8881;17811;2;8905;1
8882;17812;3;5937;1
8883;17813;2;8906;1
8884;17814;47;379;1
8885;17815;2;8907;1
8886;17816;5;3563;1
8887;17817;2;8908;1
8888;17818;3;5939;1
8889;17819;2;8909;1
8890;17820;103;173;1
8891;17821;2;8910;1
8892;17822;71;251;1
8893;17823;2;8911;1
8894;17824;3;5941;1
8895;17825;2;8912;1
8896;17826;5;3565;1
8897;17827;2;8913;1
8898;17828;17827;1;1
8899;17829;2;8914;1
8900;17830;3;5943;1
8901;17831;2;8915;1
8902;17832;11;1621;1
8903;17833;2;8916;1
8904;17834;17;1049;1
8905;17835;2;8917;1
8906;17836;3;5945;1
8907;17837;2;8918;1
8908;17838;17837;1;1
8909;17839;2;8919;1
8910;17840;17839;1;1
8911;17841;2;8920;1
8912;17842;3;5947;1
8913;17843;2;8921;1
8914;17844;7;2549;1
8915;17845;2;8922;1
8916;17846;5;3569;1
8917;17847;2;8923;1
8918;17848;3;5949;1
8919;17849;2;8924;1
8920;17850;13;1373;1
8921;17851;2;8925;1
8922;17852;17851;1;1
8923;17853;2;8926;1
8924;17854;3;5951;1
8925;17855;2;8927;1
8926;17856;5;3571;1
8927;17857;2;8928;1
8928;17858;7;2551;1
8929;17859;2;8929;1
8930;17860;3;5953;1
8931;17861;2;8930;1
8932;17862;53;337;1
8933;17863;2;8931;1
8934;17864;17863;1;1
8935;17865;2;8932;1
8936;17866;3;5955;1
8937;17867;2;8933;1
8938;17868;17;1051;1
8939;17869;2;8934;1
8940;17870;107;167;1
8941;17871;2;8935;1
8942;17872;3;5957;1
8943;17873;2;8936;1
8944;17874;61;293;1
8945;17875;2;8937;1
8946;17876;5;3575;1
8947;17877;2;8938;1
8948;17878;3;5959;1
8949;17879;2;8939;1
8950;17880;19;941;1
8951;17881;2;8940;1
8952;17882;17881;1;1
8953;17883;2;8941;1
8954;17884;3;5961;1
8955;17885;2;8942;1
8956;17886;5;3577;1
8957;17887;2;8943;1
8958;17888;31;577;1
8959;17889;2;8944;1
8960;17890;3;5963;1
8961;17891;2;8945;1
8962;17892;17891;1;1
8963;17893;2;8946;1
8964;17894;29;617;1
8965;17895;2;8947;1
8966;17896;3;5965;1
8967;17897;2;8948;1
8968;17898;11;1627;1
8969;17899;2;8949;1
8970;17900;7;2557;1
8971;17901;2;8950;1
8972;17902;3;5967;1
8973;17903;2;8951;1
8974;17904;17903;1;1
8975;17905;2;8952;1
8976;17906;5;3581;1
8977;17907;2;8953;1
8978;17908;3;5969;1
8979;17909;2;8954;1
8980;17910;17909;1;1
8981;17911;2;8955;1
8982;17912;17911;1;1
8983;17913;2;8956;1
8984;17914;3;5971;1
8985;17915;2;8957;1
8986;17916;5;3583;1
8987;17917;2;8958;1
8988;17918;19;943;1
8989;17919;2;8959;1
8990;17920;3;5973;1
8991;17921;2;8960;1
8992;17922;17921;1;1
8993;17923;2;8961;1
8994;17924;17923;1;1
8995;17925;2;8962;1
8996;17926;3;5975;1
8997;17927;2;8963;1
8998;17928;7;2561;1
8999;17929;2;8964;1
9000;17930;17929;1;1
9001;17931;2;8965;1
9002;17932;3;5977;1
9003;17933;2;8966;1
9004;17934;79;227;1
9005;17935;2;8967;1
9006;17936;5;3587;1
9007;17937;2;8968;1
9008;17938;3;5979;1
9009;17939;2;8969;1
9010;17940;17939;1;1
9011;17941;2;8970;1
9012;17942;7;2563;1
9013;17943;2;8971;1
9014;17944;3;5981;1
9015;17945;2;8972;1
9016;17946;5;3589;1
9017;17947;2;8973;1
9018;17948;131;137;1
9019;17949;2;8974;1
9020;17950;3;5983;1
9021;17951;2;8975;1
9022;17952;29;619;1
9023;17953;2;8976;1
9024;17954;13;1381;1
9025;17955;4441;4;191
9026;18146;5;3629;1
9027;18147;2;9073;1
9028;18148;3;6049;1
9029;18149;2;9074;1
9030;18150;18149;1;1
9031;18151;2;9075;1
9032;18152;7;2593;1
9033;18153;2;9076;1
9034;18154;3;6051;1
9035;18155;2;9077;1
9036;18156;5;3631;1
9037;18157;2;9078;1
9038;18158;67;271;1
9039;18159;2;9079;1
9040;18160;3;6053;1
9041;18161;2;9080;1
9042;18162;11;1651;1
9043;18163;2;9081;1
9044;18164;41;443;1
9045;18165;2;9082;1
9046;18166;3;6055;1
9047;18167;2;9083;1
9048;18168;37;491;1
9049;18169;2;9084;1
9050;18170;18169;1;1
9051;18171;2;9085;1
9052;18172;3;6057;1
9053;18173;2;9086;1
9054;18174;17;1069;1
9055;18175;2;9087;1
9056;18176;5;3635;1
9057;18177;2;9088;1
9058;18178;3;6059;1
9059;18179;2;9089;1
9060;18180;7;2597;1
9061;18181;2;9090;1
9062;18182;18181;1;1
9063;18183;2;9091;1
9064;18184;3;6061;1
9065;18185;2;9092;1
9066;18186;5;3637;1
9067;18187;2;9093;1
9068;18188;13;1399;1
9069;18189;2;9094;1
9070;18190;3;6063;1
9071;18191;2;9095;1
9072;18192;18191;1;1
9073;18193;2;9096;1
9074;18194;7;2599;1
9075;18195;2;9097;1
9076;18196;3;6065;1
9077;18197;2;9098;1
9078;18198;31;587;1
9079;18199;2;9099;1
9080;18200;18199;1;1
9081;18201;2;9100;1
9082;18202;3;6067;1
9083;18203;2;9101;1
9084;18204;109;167;1
9085;18205;2;9102;1
9086;18206;5;3641;1
9087;18207;2;9103;1
9088;18208;3;6069;1
9089;18209;2;9104;1
9090;18210;131;139;1
9091;18211;2;9105;1
9092;18212;18211;1;1
9093;18213;2;9106;1
9094;18214;3;6071;1
9095;18215;2;9107;1
9096;18216;5;3643;1
9097;18217;2;9108;1
9098;18218;18217;1;1
9099;18219;2;9109;1
9100;18220;3;6073;1
9101;18221;2;9110;1
9102;18222;7;2603;1
9103;18223;2;9111;1
9104;18224;18223;1;1
9105;18225;2;9112;1
9106;18226;3;6075;1
9107;18227;2;9113;1
9108;18228;11;1657;1
9109;18229;2;9114;1
9110;18230;18229;1;1
9111;18231;2;9115;1
9112;18232;3;6077;1
9113;18233;2;9116;1
9114;18234;18233;1;1
9115;18235;2;9117;1
9116;18236;5;3647;1
9117;18237;2;9118;1
9118;18238;3;6079;1
9119;18239;2;9119;1
9120;18240;13;1403;1
9121;18241;2;9120;1
9122;18242;17;1073;1
9123;18243;2;9121;1
9124;18244;3;6081;1
9125;18245;2;9122;1
9126;18246;5;3649;1
9127;18247;2;9123;1
9128;18248;71;257;1
9129;18249;2;9124;1
9130;18250;3;6083;1
9131;18251;2;9125;1
9132;18252;18251;1;1
9133;18253;2;9126;1
9134;18254;18253;1;1
9135;18255;2;9127;1
9136;18256;3;6085;1
9137;18257;2;9128;1
9138;18258;18257;1;1
9139;18259;2;9129;1
9140;18260;19;961;1
9141;18261;2;9130;1
9142;18262;3;6087;1
9143;18263;2;9131;1
9144;18264;7;2609;1
9145;18265;2;9132;1
9146;18266;5;3653;1
9147;18267;2;9133;1
9148;18268;3;6089;1
9149;18269;2;9134;1
9150;18270;18269;1;1
9151;18271;2;9135;1
9152;18272;11;1661;1
9153;18273;2;9136;1
9154;18274;3;6091;1
9155;18275;2;9137;1
9156;18276;5;3655;1
9157;18277;2;9138;1
9158;18278;7;2611;1
9159;18279;2;9139;1
9160;18280;3;6093;1
9161;18281;2;9140;1
9162;18282;101;181;1
9163;18283;2;9141;1
9164;18284;47;389;1
9165;18285;2;9142;1
9166;18286;3;6095;1
9167;18287;2;9143;1
9168;18288;18287;1;1
9169;18289;2;9144;1
9170;18290;18289;1;1
9171;18291;2;9145;1
9172;18292;3;6097;1
9173;18293;2;9146;1
9174;18294;11;1663;1
9175;18295;2;9147;1
9176;18296;5;3659;1
9177;18297;2;9148;1
9178;18298;3;6099;1
9179;18299;2;9149;1
9180;18300;29;631;1
9181;18301;2;9150;1
9182;18302;18301;1;1
9183;18303;2;9151;1
9184;18304;3;6101;1
9185;18305;2;9152;1
9186;18306;5;3661;1
9187;18307;2;9153;1
9188;18308;18307;1;1
9189;18309;2;9154;1
9190;18310;3;6103;1
9191;18311;2;9155;1
9192;18312;18311;1;1
9193;18313;2;9156;1
9194;18314;18313;1;1
9195;18315;2;9157;1
9196;18316;3;6105;1
9197;18317;2;9158;1
9198;18318;13;1409;1
9199;18319;2;9159;1
9200;18320;7;2617;1
9201;18321;2;9160;1
9202;18322;3;6107;1
9203;18323;2;9161;1
9204;18324;73;251;1
9205;18325;2;9162;1
9206;18326;5;3665;1
9207;18327;2;9163;1
9208;18328;3;6109;1
9209;18329;2;9164;1
9210;18330;18329;1;1
9211;18331;2;9165;1
9212;18332;23;797;1
9213;18333;2;9166;1
9214;18334;3;6111;1
9215;18335;2;9167;1
9216;18336;18143;1;193
9217;18529;2;9264;1
9218;18530;7;2647;1
9219;18531;2;9265;1
9220;18532;3;6177;1
9221;18533;2;9266;1
9222;18534;43;431;1
9223;18535;2;9267;1
9224;18536;5;3707;1
9225;18537;2;9268;1
9226;18538;3;6179;1
9227;18539;2;9269;1
9228;18540;18539;1;1
9229;18541;2;9270;1
9230;18542;18541;1;1
9231;18543;2;9271;1
9232;18544;3;6181;1
9233;18545;2;9272;1
9234;18546;5;3709;1
9235;18547;2;9273;1
9236;18548;17;1091;1
9237;18549;2;9274;1
9238;18550;3;6183;1
9239;18551;2;9275;1
9240;18552;13;1427;1
9241;18553;2;9276;1
9242;18554;18553;1;1
9243;18555;2;9277;1
9244;18556;3;6185;1
9245;18557;2;9278;1
9246;18558;7;2651;1
9247;18559;2;9279;1
9248;18560;67;277;1
9249;18561;2;9280;1
9250;18562;3;6187;1
9251;18563;2;9281;1
9252;18564;19;977;1
9253;18565;2;9282;1
9254;18566;5;3713;1
9255;18567;2;9283;1
9256;18568;3;6189;1
9257;18569;2;9284;1
9258;18570;31;599;1
9259;18571;2;9285;1
9260;18572;7;2653;1
9261;18573;2;9286;1
9262;18574;3;6191;1
9263;18575;2;9287;1
9264;18576;5;3715;1
9265;18577;2;9288;1
9266;18578;13;1429;1
9267;18579;2;9289;1
9268;18580;3;6193;1
9269;18581;2;9290;1
9270;18582;17;1093;1
9271;18583;2;9291;1
9272;18584;18583;1;1
9273;18585;2;9292;1
9274;18586;3;6195;1
9275;18587;2;9293;1
9276;18588;18587;1;1
9277;18589;2;9294;1
9278;18590;29;641;1
9279;18591;2;9295;1
9280;18592;3;6197;1
9281;18593;2;9296;1
9282;18594;18593;1;1
9283;18595;2;9297;1
9284;18596;5;3719;1
9285;18597;2;9298;1
9286;18598;3;6199;1
9287;18599;2;9299;1
9288;18600;7;2657;1
9289;18601;2;9300;1
9290;18602;11;1691;1
9291;18603;2;9301;1
9292;18604;3;6201;1
9293;18605;2;9302;1
9294;18606;5;3721;1
9295;18607;2;9303;1
9296;18608;23;809;1
9297;18609;2;9304;1
9298;18610;3;6203;1
9299;18611;2;9305;1
9300;18612;37;503;1
9301;18613;2;9306;1
9302;18614;7;2659;1
9303;18615;2;9307;1
9304;18616;3;6205;1
9305;18617;2;9308;1
9306;18618;18617;1;1
9307;18619;2;9309;1
9308;18620;43;433;1
9309;18621;2;9310;1
9310;18622;3;6207;1
9311;18623;2;9311;1
9312;18624;11;1693;1
9313;18625;2;9312;1
9314;18626;5;3725;1
9315;18627;2;9313;1
9316;18628;3;6209;1
9317;18629;2;9314;1
9318;18630;13;1433;1
9319;18631;2;9315;1
9320;18632;31;601;1
9321;18633;2;9316;1
9322;18634;3;6211;1
9323;18635;2;9317;1
9324;18636;5;3727;1
9325;18637;2;9318;1
9326;18638;18637;1;1
9327;18639;2;9319;1
9328;18640;3;6213;1
9329;18641;2;9320;1
9330;18642;7;2663;1
9331;18643;2;9321;1
9332;18644;103;181;1
9333;18645;2;9322;1
9334;18646;3;6215;1
9335;18647;2;9323;1
9336;18648;29;643;1
9337;18649;2;9324;1
9338;18650;17;1097;1
9339;18651;2;9325;1
9340;18652;3;6217;1
9341;18653;2;9326;1
9342;18654;23;811;1
9343;18655;2;9327;1
9344;18656;5;3731;1
9345;18657;2;9328;1
9346;18658;3;6219;1
9347;18659;2;9329;1
9348;18660;47;397;1
9349;18661;2;9330;1
9350;18662;18661;1;1
9351;18663;2;9331;1
9352;18664;3;6221;1
9353;18665;2;9332;1
9354;18666;5;3733;1
9355;18667;2;9333;1
9356;18668;11;1697;1
9357;18669;2;9334;1
9358;18670;3;6223;1
9359;18671;2;9335;1
9360;18672;18671;1;1
9361;18673;2;9336;1
9362;18674;71;263;1
9363;18675;2;9337;1
9364;18676;3;6225;1
9365;18677;2;9338;1
9366;18678;19;983;1
9367;18679;2;9339;1
9368;18680;18679;1;1
9369;18681;2;9340;1
9370;18682;3;6227;1
9371;18683;2;9341;1
9372;18684;7;2669;1
9373;18685;2;9342;1
9374;18686;5;3737;1
9375;18687;2;9343;1
9376;18688;3;6229;1
9377;18689;2;9344;1
9378;18690;11;1699;1
9379;18691;2;9345;1
9380;18692;18691;1;1
9381;18693;2;9346;1
9382;18694;3;6231;1
9383;18695;2;9347;1
9384;18696;5;3739;1
9385;18697;2;9348;1
9386;18698;7;2671;1
9387;18699;2;9349;1
9388;18700;3;6233;1
9389;18701;2;9350;1
9390;18702;18701;1;1
9391;18703;2;9351;1
9392;18704;59;317;1
9393;18705;2;9352;1
9394;18706;3;6235;1
9395;18707;2;9353;1
9396;18708;13;1439;1
9397;18709;2;9354;1
9398;18710;53;353;1
9399;18711;2;9355;1
9400;18712;3;6237;1
9401;18713;2;9356;1
9402;18714;18713;1;1
9403;18715;2;9357;1
9404;18716;5;3743;1
9405;18717;2;9358;1
9406;18718;3;6239;1
9407;18719;2;9359;1
9408;18720;18719;1;1
9409;18721;314;59;195
9410;18916;3;6305;1
9411;18917;2;9458;1
9412;18918;18917;1;1
9413;18919;2;9459;1
9414;18920;18919;1;1
9415;18921;2;9460;1
9416;18922;3;6307;1
9417;18923;2;9461;1
9418;18924;127;149;1
9419;18925;2;9462;1
9420;18926;5;3785;1
9421;18927;2;9463;1
9422;18928;3;6309;1
9423;18929;2;9464;1
9424;18930;23;823;1
9425;18931;2;9465;1
9426;18932;11;1721;1
9427;18933;2;9466;1
9428;18934;3;6311;1
9429;18935;2;9467;1
9430;18936;5;3787;1
9431;18937;2;9468;1
9432;18938;29;653;1
9433;18939;2;9469;1
9434;18940;3;6313;1
9435;18941;2;9470;1
9436;18942;13;1457;1
9437;18943;2;9471;1
9438;18944;19;997;1
9439;18945;2;9472;1
9440;18946;3;6315;1
9441;18947;2;9473;1
9442;18948;18947;1;1
9443;18949;2;9474;1
9444;18950;7;2707;1
9445;18951;2;9475;1
9446;18952;3;6317;1
9447;18953;2;9476;1
9448;18954;11;1723;1
9449;18955;2;9477;1
9450;18956;5;3791;1
9451;18957;2;9478;1
9452;18958;3;6319;1
9453;18959;2;9479;1
9454;18960;18959;1;1
9455;18961;2;9480;1
9456;18962;67;283;1
9457;18963;2;9481;1
9458;18964;3;6321;1
9459;18965;2;9482;1
9460;18966;5;3793;1
9461;18967;2;9483;1
9462;18968;13;1459;1
9463;18969;2;9484;1
9464;18970;3;6323;1
9465;18971;2;9485;1
9466;18972;61;311;1
9467;18973;2;9486;1
9468;18974;18973;1;1
9469;18975;2;9487;1
9470;18976;3;6325;1
9471;18977;2;9488;1
9472;18978;7;2711;1
9473;18979;2;9489;1
9474;18980;18979;1;1
9475;18981;2;9490;1
9476;18982;3;6327;1
9477;18983;2;9491;1
9478;18984;41;463;1
9479;18985;2;9492;1
9480;18986;5;3797;1
9481;18987;2;9493;1
9482;18988;3;6329;1
9483;18989;2;9494;1
9484;18990;17;1117;1
9485;18991;2;9495;1
9486;18992;7;2713;1
9487;18993;2;9496;1
9488;18994;3;6331;1
9489;18995;2;9497;1
9490;18996;5;3799;1
9491;18997;2;9498;1
9492;18998;11;1727;1
9493;18999;2;9499;1
9494;19000;3;6333;1
9495;19001;2;9500;1
9496;19002;19001;1;1
9497;19003;2;9501;1
9498;19004;31;613;1
9499;19005;2;9502;1
9500;19006;3;6335;1
9501;19007;2;9503;1
9502;19008;83;229;1
9503;19009;2;9504;1
9504;19010;19009;1;1
9505;19011;2;9505;1
9506;19012;3;6337;1
9507;19013;2;9506;1
9508;19014;19013;1;1
9509;19015;2;9507;1
9510;19016;5;3803;1
9511;19017;2;9508;1
9512;19018;3;6339;1
9513;19019;2;9509;1
9514;19020;7;2717;1
9515;19021;2;9510;1
9516;19022;23;827;1
9517;19023;2;9511;1
9518;19024;3;6341;1
9519;19025;2;9512;1
9520;19026;5;3805;1
9521;19027;2;9513;1
9522;19028;53;359;1
9523;19029;2;9514;1
9524;19030;3;6343;1
9525;19031;2;9515;1
9526;19032;19031;1;1
9527;19033;2;9516;1
9528;19034;7;2719;1
9529;19035;2;9517;1
9530;19036;3;6345;1
9531;19037;2;9518;1
9532;19038;19037;1;1
9533;19039;2;9519;1
9534;19040;79;241;1
9535;19041;2;9520;1
9536;19042;3;6347;1
9537;19043;2;9521;1
9538;19044;137;139;1
9539;19045;2;9522;1
9540;19046;5;3809;1
9541;19047;2;9523;1
9542;19048;3;6349;1
9543;19049;2;9524;1
9544;19050;43;443;1
9545;19051;2;9525;1
9546;19052;19051;1;1
9547;19053;2;9526;1
9548;19054;3;6351;1
9549;19055;2;9527;1
9550;19056;5;3811;1
9551;19057;2;9528;1
9552;19058;17;1121;1
9553;19059;2;9529;1
9554;19060;3;6353;1
9555;19061;2;9530;1
9556;19062;7;2723;1
9557;19063;2;9531;1
9558;19064;11;1733;1
9559;19065;2;9532;1
9560;19066;3;6355;1
9561;19067;2;9533;1
9562;19068;23;829;1
9563;19069;2;9534;1
9564;19070;19069;1;1
9565;19071;2;9535;1
9566;19072;3;6357;1
9567;19073;2;9536;1
9568;19074;19073;1;1
9569;19075;2;9537;1
9570;19076;5;3815;1
9571;19077;2;9538;1
9572;19078;3;6359;1
9573;19079;2;9539;1
9574;19080;19079;1;1
9575;19081;2;9540;1
9576;19082;19081;1;1
9577;19083;2;9541;1
9578;19084;3;6361;1
9579;19085;2;9542;1
9580;19086;5;3817;1
9581;19087;2;9543;1
9582;19088;19087;1;1
9583;19089;2;9544;1
9584;19090;3;6363;1
9585;19091;2;9545;1
9586;19092;17;1123;1
9587;19093;2;9546;1
9588;19094;61;313;1
9589;19095;2;9547;1
9590;19096;3;6365;1
9591;19097;2;9548;1
9592;19098;13;1469;1
9593;19099;2;9549;1
9594;19100;71;269;1
9595;19101;2;9550;1
9596;19102;3;6367;1
9597;19103;2;9551;1
9598;19104;7;2729;1
9599;19105;2;9552;1
9600;19106;5;3821;1
9601;19107;2;9553;1
9602;19108;3;6369;1
9603;19109;2;9554;1
9604;19110;18913;1;197
9605;19307;2;9653;1
9606;19308;43;449;1
9607;19309;2;9654;1
9608;19310;19309;1;1
9609;19311;2;9655;1
9610;19312;3;6437;1
9611;19313;2;9656;1
9612;19314;7;2759;1
9613;19315;2;9657;1
9614;19316;5;3863;1
9615;19317;2;9658;1
9616;19318;3;6439;1
9617;19319;2;9659;1
9618;19320;19319;1;1
9619;19321;2;9660;1
9620;19322;139;139;1
9621;19323;2;9661;1
9622;19324;3;6441;1
9623;19325;2;9662;1
9624;19326;5;3865;1
9625;19327;2;9663;1
9626;19328;7;2761;1
9627;19329;2;9664;1
9628;19330;3;6443;1
9629;19331;2;9665;1
9630;19332;13;1487;1
9631;19333;2;9666;1
9632;19334;19333;1;1
9633;19335;2;9667;1
9634;19336;3;6445;1
9635;19337;2;9668;1
9636;19338;61;317;1
9637;19339;2;9669;1
9638;19340;83;233;1
9639;19341;2;9670;1
9640;19342;3;6447;1
9641;19343;2;9671;1
9642;19344;23;841;1
9643;19345;2;9672;1
9644;19346;5;3869;1
9645;19347;2;9673;1
9646;19348;3;6449;1
9647;19349;2;9674;1
9648;19350;11;1759;1
9649;19351;2;9675;1
9650;19352;37;523;1
9651;19353;2;9676;1
9652;19354;3;6451;1
9653;19355;2;9677;1
9654;19356;5;3871;1
9655;19357;2;9678;1
9656;19358;13;1489;1
9657;19359;2;9679;1
9658;19360;3;6453;1
9659;19361;2;9680;1
9660;19362;19;1019;1
9661;19363;2;9681;1
9662;19364;17;1139;1
9663;19365;2;9682;1
9664;19366;3;6455;1
9665;19367;2;9683;1
9666;19368;107;181;1
9667;19369;2;9684;1
9668;19370;7;2767;1
9669;19371;2;9685;1
9670;19372;3;6457;1
9671;19373;2;9686;1
9672;19374;19373;1;1
9673;19375;2;9687;1
9674;19376;5;3875;1
9675;19377;2;9688;1
9676;19378;3;6459;1
9677;19379;2;9689;1
9678;19380;19379;1;1
9679;19381;2;9690;1
9680;19382;19381;1;1
9681;19383;2;9691;1
9682;19384;3;6461;1
9683;19385;2;9692;1
9684;19386;5;3877;1
9685;19387;2;9693;1
9686;19388;19387;1;1
9687;19389;2;9694;1
9688;19390;3;6463;1
9689;19391;2;9695;1
9690;19392;19391;1;1
9691;19393;2;9696;1
9692;19394;11;1763;1
9693;19395;2;9697;1
9694;19396;3;6465;1
9695;19397;2;9698;1
9696;19398;7;2771;1
9697;19399;2;9699;1
9698;19400;19;1021;1
9699;19401;2;9700;1
9700;19402;3;6467;1
9701;19403;2;9701;1
9702;19404;19403;1;1
9703;19405;2;9702;1
9704;19406;5;3881;1
9705;19407;2;9703;1
9706;19408;3;6469;1
9707;19409;2;9704;1
9708;19410;13;1493;1
9709;19411;2;9705;1
9710;19412;7;2773;1
9711;19413;2;9706;1
9712;19414;3;6471;1
9713;19415;2;9707;1
9714;19416;5;3883;1
9715;19417;2;9708;1
9716;19418;19417;1;1
9717;19419;2;9709;1
9718;19420;3;6473;1
9719;19421;2;9710;1
9720;19422;19421;1;1
9721;19423;2;9711;1
9722;19424;19423;1;1
9723;19425;2;9712;1
9724;19426;3;6475;1
9725;19427;2;9713;1
9726;19428;19427;1;1
9727;19429;2;9714;1
9728;19430;19429;1;1
9729;19431;2;9715;1
9730;19432;3;6477;1
9731;19433;2;9716;1
9732;19434;19433;1;1
9733;19435;2;9717;1
9734;19436;5;3887;1
9735;19437;2;9718;1
9736;19438;3;6479;1
9737;19439;2;9719;1
9738;19440;7;2777;1
9739;19441;2;9720;1
9740;19442;19441;1;1
9741;19443;2;9721;1
9742;19444;3;6481;1
9743;19445;2;9722;1
9744;19446;5;3889;1
9745;19447;2;9723;1
9746;19448;19447;1;1
9747;19449;2;9724;1
9748;19450;3;6483;1
9749;19451;2;9725;1
9750;19452;53;367;1
9751;19453;2;9726;1
9752;19454;7;2779;1
9753;19455;2;9727;1
9754;19456;3;6485;1
9755;19457;2;9728;1
9756;19458;19457;1;1
9757;19459;2;9729;1
9758;19460;11;1769;1
9759;19461;2;9730;1
9760;19462;3;6487;1
9761;19463;2;9731;1
9762;19464;19463;1;1
9763;19465;2;9732;1
9764;19466;5;3893;1
9765;19467;2;9733;1
9766;19468;3;6489;1
9767;19469;2;9734;1
9768;19470;19469;1;1
9769;19471;2;9735;1
9770;19472;19471;1;1
9771;19473;2;9736;1
9772;19474;3;6491;1
9773;19475;2;9737;1
9774;19476;5;3895;1
9775;19477;2;9738;1
9776;19478;19477;1;1
9777;19479;2;9739;1
9778;19480;3;6493;1
9779;19481;2;9740;1
9780;19482;7;2783;1
9781;19483;2;9741;1
9782;19484;19483;1;1
9783;19485;2;9742;1
9784;19486;3;6495;1
9785;19487;2;9743;1
9786;19488;13;1499;1
9787;19489;2;9744;1
9788;19490;19489;1;1
9789;19491;2;9745;1
9790;19492;3;6497;1
9791;19493;2;9746;1
9792;19494;101;193;1
9793;19495;2;9747;1
9794;19496;5;3899;1
9795;19497;2;9748;1
9796;19498;3;6499;1
9797;19499;2;9749;1
9798;19500;17;1147;1
9799;19501;2;9750;1
9800;19502;19501;1;1
9801;19503;254;76;199
9802;19702;3;6567;1
9803;19703;2;9851;1
9804;19704;17;1159;1
9805;19705;2;9852;1
9806;19706;5;3941;1
9807;19707;2;9853;1
9808;19708;3;6569;1
9809;19709;2;9854;1
9810;19710;19709;1;1
9811;19711;2;9855;1
9812;19712;23;857;1
9813;19713;2;9856;1
9814;19714;3;6571;1
9815;19715;2;9857;1
9816;19716;5;3943;1
9817;19717;2;9858;1
9818;19718;19717;1;1
9819;19719;2;9859;1
9820;19720;3;6573;1
9821;19721;2;9860;1
9822;19722;13;1517;1
9823;19723;2;9861;1
9824;19724;11;1793;1
9825;19725;2;9862;1
9826;19726;3;6575;1
9827;19727;2;9863;1
9828;19728;19727;1;1
9829;19729;2;9864;1
9830;19730;109;181;1
9831;19731;2;9865;1
9832;19732;3;6577;1
9833;19733;2;9866;1
9834;19734;7;2819;1
9835;19735;2;9867;1
9836;19736;5;3947;1
9837;19737;2;9868;1
9838;19738;3;6579;1
9839;19739;2;9869;1
9840;19740;19739;1;1
9841;19741;2;9870;1
9842;19742;19;1039;1
9843;19743;2;9871;1
9844;19744;3;6581;1
9845;19745;2;9872;1
9846;19746;5;3949;1
9847;19747;2;9873;1
9848;19748;7;2821;1
9849;19749;2;9874;1
9850;19750;3;6583;1
9851;19751;2;9875;1
9852;19752;19751;1;1
9853;19753;2;9876;1
9854;19754;19753;1;1
9855;19755;2;9877;1
9856;19756;3;6585;1
9857;19757;2;9878;1
9858;19758;23;859;1
9859;19759;2;9879;1
9860;19760;19759;1;1
9861;19761;2;9880;1
9862;19762;3;6587;1
9863;19763;2;9881;1
9864;19764;19763;1;1
9865;19765;2;9882;1
9866;19766;5;3953;1
9867;19767;2;9883;1
9868;19768;3;6589;1
9869;19769;2;9884;1
9870;19770;53;373;1
9871;19771;2;9885;1
9872;19772;17;1163;1
9873;19773;2;9886;1
9874;19774;3;6591;1
9875;19775;2;9887;1
9876;19776;5;3955;1
9877;19777;2;9888;1
9878;19778;19777;1;1
9879;19779;2;9889;1
9880;19780;3;6593;1
9881;19781;2;9890;1
9882;19782;131;151;1
9883;19783;2;9891;1
9884;19784;73;271;1
9885;19785;2;9892;1
9886;19786;3;6595;1
9887;19787;2;9893;1
9888;19788;47;421;1
9889;19789;2;9894;1
9890;19790;7;2827;1
9891;19791;2;9895;1
9892;19792;3;6597;1
9893;19793;2;9896;1
9894;19794;19793;1;1
9895;19795;2;9897;1
9896;19796;5;3959;1
9897;19797;2;9898;1
9898;19798;3;6599;1
9899;19799;2;9899;1
9900;19800;13;1523;1
9901;19801;2;9900;1
9902;19802;19801;1;1
9903;19803;2;9901;1
9904;19804;3;6601;1
9905;19805;2;9902;1
9906;19806;5;3961;1
9907;19807;2;9903;1
9908;19808;29;683;1
9909;19809;2;9904;1
9910;19810;3;6603;1
9911;19811;2;9905;1
9912;19812;11;1801;1
9913;19813;2;9906;1
9914;19814;19813;1;1
9915;19815;2;9907;1
9916;19816;3;6605;1
9917;19817;2;9908;1
9918;19818;7;2831;1
9919;19819;2;9909;1
9920;19820;19819;1;1
9921;19821;2;9910;1
9922;19822;3;6607;1
9923;19823;2;9911;1
9924;19824;43;461;1
9925;19825;2;9912;1
9926;19826;5;3965;1
9927;19827;2;9913;1
9928;19828;3;6609;1
9929;19829;2;9914;1
9930;19830;79;251;1
9931;19831;2;9915;1
9932;19832;7;2833;1
9933;19833;2;9916;1
9934;19834;3;6611;1
9935;19835;2;9917;1
9936;19836;5;3967;1
9937;19837;2;9918;1
9938;19838;83;239;1
9939;19839;2;9919;1
9940;19840;3;6613;1
9941;19841;2;9920;1
9942;19842;19841;1;1
9943;19843;2;9921;1
9944;19844;19843;1;1
9945;19845;2;9922;1
9946;19846;3;6615;1
9947;19847;2;9923;1
9948;19848;89;223;1
9949;19849;2;9924;1
9950;19850;23;863;1
9951;19851;2;9925;1
9952;19852;3;6617;1
9953;19853;2;9926;1
9954;19854;19853;1;1
9955;19855;2;9927;1
9956;19856;5;3971;1
9957;19857;2;9928;1
9958;19858;3;6619;1
9959;19859;2;9929;1
9960;19860;7;2837;1
9961;19861;2;9930;1
9962;19862;19861;1;1
9963;19863;2;9931;1
9964;19864;3;6621;1
9965;19865;2;9932;1
9966;19866;5;3973;1
9967;19867;2;9933;1
9968;19868;19867;1;1
9969;19869;2;9934;1
9970;19870;3;6623;1
9971;19871;2;9935;1
9972;19872;31;641;1
9973;19873;2;9936;1
9974;19874;7;2839;1
9975;19875;2;9937;1
9976;19876;3;6625;1
9977;19877;2;9938;1
9978;19878;11;1807;1
9979;19879;2;9939;1
9980;19880;103;193;1
9981;19881;2;9940;1
9982;19882;3;6627;1
9983;19883;2;9941;1
9984;19884;59;337;1
9985;19885;2;9942;1
9986;19886;5;3977;1
9987;19887;2;9943;1
9988;19888;3;6629;1
9989;19889;2;9944;1
9990;19890;19889;1;1
9991;19891;2;9945;1
9992;19892;19891;1;1
9993;19893;2;9946;1
9994;19894;3;6631;1
9995;19895;2;9947;1
9996;19896;5;3979;1
9997;19897;2;9948;1
9998;19898;101;197;1
9999;19899;2;9949;1
