n;A008846;weight;level;jump
1;5;0;0;8
2;13;9;1;4
3;17;9;1;8
4;25;7;3;4
5;29;21;1;8
6;37;11;3;4
7;41;29;1;12
8;53;9;5;8
9;61;19;3;4
10;65;19;3;8
11;73;61;1;12
12;85;9;9;4
13;89;9;9;8
14;97;31;3;4
15;101;31;3;8
16;109;5;21;4
17;113;101;1;12
18;125;113;1;12
19;137;43;3;8
20;145;47;3;4
21;149;47;3;8
22;157;29;5;12
23;169;5;33;4
24;173;11;15;8
25;181;59;3;4
26;185;59;3;8
27;193;7;27;4
28;197;9;21;8
29;205;21;9;16
30;221;71;3;8
31;229;5;45;4
32;233;9;25;8
33;241;25;9;16
34;257;83;3;8
35;265;9;29;4
36;269;9;29;8
37;277;7;39;4
38;281;13;21;8
39;289;5;57;4
40;293;281;1;12
41;305;9;33;8
42;313;103;3;4
43;317;103;3;8
44;325;313;1;12
45;337;13;25;12
46;349;5;69;4
47;353;31;11;12
48;365;17;21;8
49;373;9;41;4
50;377;73;5;12
51;389;127;3;8
52;397;131;3;4
53;401;131;3;8
54;409;397;1;12
55;421;139;3;4
56;425;139;3;8
57;433;421;1;12
58;445;7;63;4
59;449;9;49;8
60;457;151;3;4
61;461;21;21;20
62;481;9;53;4
63;485;9;53;8
64;493;13;37;12
65;505;167;3;4
66;509;71;7;12
67;521;509;1;12
68;533;15;35;8
69;541;179;3;4
70;545;13;41;12
71;557;9;61;8
72;565;11;51;4
73;569;11;51;8
74;577;17;33;16
75;593;9;65;8
76;601;19;31;12
77;613;7;87;4
78;617;21;29;8
79;625;9;69;4
80;629;617;1;12
81;641;17;37;12
82;653;15;43;8
83;661;59;11;12
84;673;223;3;4
85;677;223;3;8
86;685;227;3;4
87;689;227;3;8
88;697;7;99;4
89;701;9;77;8
90;709;21;33;16
91;725;239;3;8
92;733;103;7;12
93;745;733;1;12
94;757;251;3;4
95;761;251;3;8
96;769;5;153;4
97;773;761;1;12
98;785;21;37;8
99;793;263;3;4
100;797;157;5;12
101;809;797;1;12
102;821;271;3;8
103;829;19;43;12
104;841;9;93;4
105;845;9;93;8
106;853;283;3;4
107;857;283;3;8
108;865;853;1;12
109;877;9;97;4
110;881;21;41;20
111;901;13;69;4
112;905;59;15;20
113;925;307;3;4
114;929;307;3;8
115;937;311;3;4
116;941;311;3;8
117;949;5;189;4
118;953;941;1;12
119;965;953;1;12
120;977;17;57;8
121;985;139;7;12
122;997;197;5;12
123;1009;5;201;4
124;1013;15;67;8
125;1021;9;113;4
126;1025;9;113;8
127;1033;7;147;4
128;1037;25;41;12
129;1049;17;61;12
130;1061;9;117;8
131;1069;5;213;4
132;1073;27;39;20
133;1093;9;121;4
134;1097;9;121;8
135;1105;367;3;4
136;1109;367;3;8
137;1117;13;85;12
138;1129;21;53;16
139;1145;379;3;8
140;1153;383;3;4
141;1157;383;3;8
142;1165;383;3;16
143;1181;17;69;8
144;1189;5;237;4
145;1193;15;79;8
146;1201;7;171;4
147;1205;9;133;8
148;1213;13;93;4
149;1217;241;5;12
150;1229;11;111;8
151;1237;9;137;4
152;1241;9;137;8
153;1249;1237;1;12
154;1261;83;15;16
155;1277;9;141;8
156;1285;7;183;4
157;1289;21;61;8
158;1297;431;3;4
159;1301;1289;1;12
160;1313;9;145;8
161;1321;439;3;4
162;1325;29;45;20
163;1345;443;3;16
164;1361;11;123;8
165;1369;5;273;4
166;1373;13;105;8
167;1381;9;153;4
168;1385;21;65;20
169;1405;467;3;4
170;1409;467;3;8
171;1417;281;5;12
172;1429;5;285;4
173;1433;29;49;12
174;1445;479;3;8
175;1453;131;11;12
176;1465;487;3;4
177;1469;31;47;12
178;1481;491;3;8
179;1489;5;297;4
180;1493;491;3;20
181;1513;503;3;4
182;1517;503;3;8
183;1525;17;89;12
184;1537;25;61;12
185;1549;5;309;4
186;1553;23;67;12
187;1565;103;15;20
188;1585;13;121;12
189;1597;9;177;4
190;1601;9;177;8
191;1609;5;321;4
192;1613;15;107;8
193;1621;7;231;4
194;1625;1613;1;12
195;1637;13;125;12
196;1649;547;3;8
197;1657;35;47;12
198;1669;1657;1;12
199;1681;13;129;4
200;1685;13;129;8
201;1693;563;3;4
202;1697;337;5;12
203;1709;9;189;8
204;1717;571;3;4
205;1721;1709;1;12
206;1733;15;115;8
207;1741;9;193;4
208;1745;9;193;8
209;1753;1741;1;12
210;1765;587;3;4
211;1769;587;3;8
212;1777;9;197;4
213;1781;9;197;8
214;1789;1777;1;12
215;1801;1777;1;24
216;1825;599;3;28
217;1853;9;205;8
218;1861;619;3;4
219;1865;619;3;8
220;1873;7;267;4
221;1877;21;89;8
222;1885;9;209;4
223;1889;1877;1;12
224;1901;1889;1;12
225;1913;15;127;8
226;1921;23;83;12
227;1933;643;3;4
228;1937;643;3;8
229;1945;647;3;4
230;1949;13;149;12
231;1961;1949;1;12
232;1973;37;53;12
233;1985;659;3;8
234;1993;9;221;4
235;1997;9;221;8
236;2005;1993;1;12
237;2017;401;5;12
238;2029;2017;1;12
239;2041;7;291;4
240;2045;21;97;8
241;2053;21;97;16
242;2069;17;121;12
243;2081;691;3;8
244;2089;691;3;16
245;2105;9;233;8
246;2113;19;111;4
247;2117;19;111;8
248;2125;7;303;4
249;2129;21;101;8
250;2137;9;237;4
251;2141;2129;1;12
252;2153;11;195;8
253;2161;719;3;4
254;2165;719;3;8
255;2173;307;7;24
256;2197;727;3;16
257;2213;9;245;8
258;2221;739;3;4
259;2225;2213;1;12
260;2237;743;3;8
261;2245;9;249;4
262;2249;9;249;8
263;2257;449;5;12
264;2269;5;453;4
265;2273;15;151;8
266;2281;9;253;4
267;2285;9;253;8
268;2293;7;327;4
269;2297;21;109;8
270;2305;13;177;4
271;2309;21;109;20
272;2329;5;465;4
273;2333;15;155;8
274;2341;17;137;12
275;2353;9;261;4
276;2357;41;57;20
277;2377;7;339;4
278;2381;21;113;8
279;2389;5;477;4
280;2393;2381;1;12
281;2405;2393;1;12
282;2417;11;219;8
283;2425;19;127;12
284;2437;811;3;4
285;2441;2417;1;24
286;2465;9;273;8
287;2473;823;3;4
288;2477;223;11;24
289;2501;9;277;8
290;2509;227;11;12
291;2521;839;3;4
292;2525;839;3;8
293;2533;2521;1;12
294;2545;7;363;4
295;2549;11;231;8
296;2557;23;111;4
297;2561;21;121;20
298;2581;367;7;12
299;2593;29;89;12
300;2605;9;289;4
301;2609;9;289;8
302;2617;13;201;4
303;2621;2609;1;12
304;2633;2609;1;24
305;2657;883;3;8
306;2665;887;3;4
307;2669;887;3;8
308;2677;13;205;12
309;2689;5;537;4
310;2693;15;179;8
311;2701;29;93;4
312;2705;29;93;8
313;2713;37;73;12
314;2725;907;3;4
315;2729;13;209;12
316;2741;911;3;8
317;2749;5;549;4
318;2753;2729;1;24
319;2777;13;213;8
320;2785;9;309;4
321;2789;9;309;8
322;2797;7;399;4
323;2801;19;147;8
324;2809;5;561;4
325;2813;2801;1;12
326;2825;9;313;8
327;2833;23;123;4
328;2837;23;123;8
329;2845;2833;1;12
330;2857;9;317;4
331;2861;37;77;12
332;2873;2861;1;12
333;2885;13;221;12
334;2897;577;5;12
335;2909;967;3;8
336;2917;35;83;12
337;2929;2917;1;12
338;2941;29;101;12
339;2953;983;3;4
340;2957;983;3;8
341;2965;7;423;4
342;2969;9;329;8
343;2977;21;141;16
344;2993;15;199;8
345;3001;9;333;4
346;3005;271;11;24
347;3029;19;159;8
348;3037;9;337;4
349;3041;9;337;8
350;3049;3037;1;12
351;3061;1019;3;4
352;3065;43;71;12
353;3077;9;341;8
354;3085;13;237;4
355;3089;31;99;20
356;3109;19;163;12
357;3121;1039;3;4
358;3125;1039;3;8
359;3133;7;447;4
360;3137;21;149;8
361;3145;21;149;16
362;3161;1051;3;8
363;3169;41;77;12
364;3181;41;77;24
365;3205;11;291;4
366;3209;11;291;8
367;3217;7;459;4
368;3221;9;357;8
369;3229;5;645;4
370;3233;21;153;20
371;3253;9;361;4
372;3257;9;361;8
373;3265;3253;1;12
374;3277;1091;3;4
375;3281;467;7;12
376;3293;9;365;8
377;3301;7;471;4
378;3305;21;157;8
379;3313;21;157;16
380;3329;31;107;12
381;3341;11;303;8
382;3349;47;71;12
383;3361;9;373;4
384;3365;9;373;8
385;3373;3361;1;12
386;3385;7;483;4
387;3389;673;5;24
388;3413;19;179;12
389;3425;17;201;8
390;3433;311;11;12
391;3445;31;111;4
392;3449;31;111;8
393;3457;1151;3;4
394;3461;1151;3;8
395;3469;1151;3;16
396;3485;23;151;12
397;3497;1163;3;8
398;3505;499;7;12
399;3517;701;5;12
400;3529;5;705;4
401;3533;15;235;8
402;3541;9;393;4
403;3545;3533;1;12
404;3557;3533;1;24
405;3581;9;397;8
406;3589;5;717;4
407;3593;15;239;8
408;3601;37;97;12
409;3613;9;401;4
410;3617;9;401;8
411;3625;3613;1;12
412;3637;25;145;12
413;3649;5;729;4
414;3653;331;11;12
415;3665;23;159;8
416;3673;1223;3;4
417;3677;23;159;20
418;3697;1231;3;4
419;3701;1231;3;8
420;3709;3697;1;12
421;3721;7;531;4
422;3725;9;413;8
423;3733;11;339;4
424;3737;21;177;20
425;3757;9;417;4
426;3761;9;417;8
427;3769;27;139;16
428;3785;1259;3;8
429;3793;9;421;4
430;3797;9;421;8
431;3805;7;543;4
432;3809;3797;1;12
433;3821;13;293;12
434;3833;3821;1;12
435;3845;1279;3;8
436;3853;23;167;12
437;3865;9;429;4
438;3869;9;429;8
439;3877;1291;3;4
440;3881;1291;3;8
441;3889;5;777;4
442;3893;53;73;24
443;3917;1303;3;8
444;3925;1307;3;4
445;3929;433;9;32
446;3961;1319;3;4
447;3965;1319;3;8
448;3973;7;567;4
449;3977;9;441;8
450;3985;1327;3;4
451;3989;41;97;12
452;4001;3989;1;12
453;4013;9;445;8
454;4021;19;211;12
455;4033;4021;1;12
456;4045;9;449;4
457;4049;9;449;8
458;4057;809;5;12
459;4069;5;813;4
460;4073;21;193;20
461;4093;29;141;4
462;4097;29;141;8
463;4105;29;141;16
464;4121;9;457;8
465;4129;5;825;4
466;4133;11;375;8
467;4141;7;591;4
468;4145;21;197;8
469;4153;9;461;4
470;4157;21;197;20
471;4177;13;321;4
472;4181;57;73;20
473;4201;1399;3;4
474;4205;599;7;12
475;4217;23;183;8
476;4225;7;603;4
477;4229;4217;1;12
478;4241;4229;1;12
479;4253;15;283;8
480;4261;9;473;4
481;4265;9;473;8
482;4273;4261;1;12
483;4285;1427;3;4
484;4289;1427;3;8
485;4297;4273;1;24
486;4321;1439;3;4
487;4325;19;227;12
488;4337;25;173;12
489;4349;1447;3;8
490;4357;55;79;12
491;4369;5;873;4
492;4373;9;485;8
493;4381;1459;3;4
494;4385;4373;1;12
495;4397;11;399;8
496;4405;9;489;4
497;4409;4397;1;12
498;4421;27;163;20
499;4441;43;103;12
500;4453;1483;3;4
501;4457;35;127;12
502;4469;4457;1;12
503;4481;41;109;12
504;4493;4481;1;12
505;4505;1499;3;8
506;4513;9;501;4
507;4517;9;501;8
508;4525;4513;1;12
509;4537;25;181;12
510;4549;5;909;4
511;4553;9;505;8
512;4561;4549;1;12
513;4573;21;217;16
514;4589;9;509;8
515;4597;269;17;24
516;4621;9;513;4
517;4625;9;513;8
518;4633;1543;3;4
519;4637;1543;3;8
520;4645;7;663;4
521;4649;13;357;8
522;4657;17;273;16
523;4673;59;79;12
524;4685;311;15;20
525;4705;1567;3;4
526;4709;1567;3;8
527;4717;1571;3;4
528;4721;1571;3;8
529;4729;5;945;4
530;4733;4721;1;12
531;4745;21;225;20
532;4765;49;97;12
533;4777;953;5;12
534;4789;5;957;4
535;4793;11;435;8
536;4801;4789;1;12
537;4813;7;687;4
538;4817;21;229;8
539;4825;4801;1;24
540;4849;691;7;12
541;4861;17;285;16
542;4877;9;541;8
543;4885;1627;3;4
544;4889;4877;1;12
545;4901;21;233;8
546;4909;5;981;4
547;4913;13;377;12
548;4925;11;447;8
549;4933;31;159;4
550;4937;33;149;20
551;4957;23;215;12
552;4969;5;993;4
553;4973;15;331;8
554;4981;7;711;4
555;4985;9;553;8
556;4993;21;237;16
557;5009;1667;3;8
558;5017;9;557;4
559;5021;263;19;24
560;5045;719;7;12
561;5057;9;561;8
562;5065;7;723;4
563;5069;21;241;8
564;5077;19;267;4
565;5081;21;241;20
566;5101;1699;3;4
567;5105;1699;3;8
568;5113;5101;1;12
569;5125;39;131;16
570;5141;23;223;12
571;5153;15;343;8
572;5161;9;573;4
573;5165;21;245;20
574;5185;11;471;4
575;5189;11;471;8
576;5197;17;305;12
577;5209;5;1041;4
578;5213;577;9;20
579;5233;7;747;4
580;5237;9;581;8
581;5245;1747;3;4
582;5249;5237;1;12
583;5261;29;181;12
584;5273;9;585;8
585;5281;27;195;16
586;5297;41;129;8
587;5305;9;589;4
588;5309;9;589;8
589;5317;7;759;4
590;5321;11;483;8
591;5329;5;1065;4
592;5333;17;313;12
593;5345;9;593;8
594;5353;49;109;12
595;5365;1783;3;16
596;5381;9;597;8
597;5389;5;1077;4
598;5393;27;199;20
599;5413;9;601;4
600;5417;23;235;12
601;5429;13;417;8
602;5437;1811;3;4
603;5441;1811;3;8
604;5449;1811;3;16
605;5465;17;321;8
606;5473;1823;3;4
607;5477;1823;3;8
608;5485;1823;3;16
609;5501;499;11;12
610;5513;15;367;8
611;5521;9;613;4
612;5525;367;15;20
613;5545;503;11;12
614;5557;1109;5;12
615;5569;5;1113;4
616;5573;15;371;8
617;5581;11;507;4
618;5585;5573;1;12
619;5597;33;169;20
620;5617;19;295;12
621;5629;41;137;12
622;5641;1879;3;4
623;5645;1879;3;8
624;5653;7;807;4
625;5657;1129;5;12
626;5669;21;269;20
627;5689;5;1137;4
628;5693;15;379;8
629;5701;5689;1;12
630;5713;11;519;4
631;5717;11;519;8
632;5725;1907;3;4
633;5729;1907;3;8
634;5737;7;819;4
635;5741;9;637;8
636;5749;21;273;16
637;5765;523;11;12
638;5777;9;641;8
639;5785;641;9;16
640;5801;1931;3;8
641;5809;5;1161;4
642;5813;9;645;8
643;5821;7;831;4
644;5825;5813;1;12
645;5837;25;233;12
646;5849;9;649;8
647;5857;1951;3;4
648;5861;1951;3;8
649;5869;5857;1;12
650;5881;17;345;16
651;5897;13;453;8
652;5905;71;83;12
653;5917;21;281;16
654;5933;15;395;8
655;5941;1979;3;4
656;5945;1979;3;8
657;5953;13;457;12
658;5965;661;9;16
659;5981;11;543;8
660;5989;5;1197;4
661;5993;9;665;8
662;6001;1999;3;4
663;6005;21;285;20
664;6025;9;669;4
665;6029;9;669;8
666;6037;27;223;16
667;6053;863;7;12
668;6065;9;673;8
669;6073;19;319;12
670;6085;2027;3;4
671;6089;59;103;12
672;6101;9;677;8
673;6109;5;1221;4
674;6113;11;555;8
675;6121;41;149;12
676;6133;6121;1;12
677;6145;27;227;16
678;6161;13;473;12
679;6173;61;101;12
680;6185;6173;1;12
681;6197;2063;3;8
682;6205;563;11;12
683;6217;19;327;4
684;6221;19;327;8
685;6229;19;327;16
686;6245;9;693;8
687;6253;2083;3;4
688;6257;1249;5;12
689;6269;2087;3;8
690;6277;37;169;24
691;6301;2099;3;4
692;6305;29;217;12
693;6317;13;485;12
694;6329;21;301;8
695;6337;2111;3;4
696;6341;6329;1;12
697;6353;9;705;8
698;6361;907;7;12
699;6373;6361;1;12
700;6385;9;709;4
701;6389;9;709;8
702;6397;2131;3;4
703;6401;2131;3;8
704;6409;6397;1;12
705;6421;9;713;4
706;6425;53;121;12
707;6437;2143;3;8
708;6445;19;339;4
709;6449;2143;3;20
710;6469;5;1293;4
711;6473;15;431;8
712;6481;17;381;4
713;6485;6473;1;12
714;6497;9;721;8
715;6505;21;309;16
716;6521;13;501;8
717;6529;1301;5;24
718;6553;31;211;12
719;6565;9;729;4
720;6569;9;729;8
721;6577;7;939;4
722;6581;79;83;24
723;6605;9;733;8
724;6613;2203;3;4
725;6617;2203;3;8
726;6625;17;389;12
727;6637;9;737;4
728;6641;9;737;8
729;6649;5;1329;4
730;6653;15;443;8
731;6661;61;109;12
732;6673;21;317;16
733;6689;17;393;8
734;6697;23;291;4
735;6701;23;291;8
736;6709;23;291;16
737;6725;2239;3;8
738;6733;2243;3;4
739;6737;25;269;12
740;6749;9;749;8
741;6757;2251;3;4
742;6761;17;397;12
743;6773;11;615;8
744;6781;967;7;12
745;6793;6781;1;12
746;6805;6793;1;12
747;6817;1361;5;12
748;6829;5;1365;4
749;6833;13;525;8
750;6841;43;159;4
751;6845;6833;1;12
752;6857;9;761;8
753;6865;2287;3;4
754;6869;37;185;24
755;6893;983;7;12
756;6905;61;113;12
757;6917;21;329;8
758;6925;9;769;4
759;6929;21;329;20
760;6949;5;1389;4
761;6953;15;463;8
762;6961;463;15;16
763;6977;35;199;12
764;6989;13;537;8
765;6997;7;999;4
766;7001;29;241;12
767;7013;7001;1;12
768;7025;2339;3;8
769;7033;17;413;12
770;7045;13;541;12
771;7057;1409;5;12
772;7069;7057;1;12
773;7081;7;1011;4
774;7085;21;337;8
775;7093;21;337;16
776;7109;47;151;12
777;7121;2371;3;8
778;7129;647;11;12
779;7141;9;793;4
780;7145;1019;7;12
781;7157;2383;3;8
782;7165;23;311;12
783;7177;21;341;16
784;7193;797;9;20
785;7213;19;379;12
786;7225;29;249;4
787;7229;29;249;8
788;7237;2411;3;4
789;7241;7229;1;12
790;7253;9;805;8
791;7261;41;177;4
792;7265;557;13;24
793;7289;9;809;8
794;7297;31;235;12
795;7309;7297;1;12
796;7321;9;813;4
797;7325;9;813;8
798;7333;7321;1;12
799;7345;2447;3;4
800;7349;23;319;12
801;7361;9;817;8
802;7369;5;1473;4
803;7373;43;171;20
804;7393;9;821;4
805;7397;9;821;8
806;7405;7393;1;12
807;7417;7;1059;4
808;7421;31;239;12
809;7433;41;181;12
810;7445;37;201;8
811;7453;13;573;4
812;7457;13;573;8
813;7465;29;257;12
814;7477;47;159;4
815;7481;47;159;8
816;7489;7477;1;12
817;7501;499;15;16
818;7517;19;395;12
819;7529;23;327;8
820;7537;9;837;4
821;7541;9;837;8
822;7549;7537;1;12
823;7561;11;687;4
824;7565;11;687;8
825;7573;9;841;4
826;7577;9;841;8
827;7585;7;1083;4
828;7589;33;229;32
829;7621;2539;3;4
830;7625;2539;3;8
831;7633;2539;3;16
832;7649;2543;3;20
833;7669;5;1533;4
834;7673;15;511;8
835;7681;9;853;4
836;7685;47;163;24
837;7709;17;453;8
838;7717;49;157;24
839;7741;2579;3;4
840;7745;2579;3;8
841;7753;7;1107;4
842;7757;9;861;8
843;7765;13;597;4
844;7769;21;369;20
845;7789;5;1557;4
846;7793;9;865;8
847;7801;7789;1;12
848;7813;19;411;4
849;7817;19;411;8
850;7825;9;869;4
851;7829;9;869;8
852;7837;7;1119;4
853;7841;7829;1;12
854;7853;21;373;20
855;7873;43;183;4
856;7877;27;291;20
857;7897;9;877;4
858;7901;23;343;12
859;7913;15;527;8
860;7921;7;1131;4
861;7925;13;609;8
862;7933;9;881;4
863;7937;25;317;12
864;7949;2647;3;8
865;7957;35;227;12
866;7969;33;241;16
867;7985;2659;3;8
868;7993;23;347;12
869;8005;7;1143;4
870;8009;9;889;8
871;8017;2671;3;4
872;8021;8009;1;12
873;8033;13;617;12
874;8045;9;893;8
875;8053;17;473;12
876;8065;2687;3;4
877;8069;2687;3;8
878;8077;9;897;4
879;8081;9;897;8
880;8089;5;1617;4
881;8093;11;735;8
882;8101;2699;3;4
883;8105;8093;1;12
884;8117;9;901;8
885;8125;8101;1;24
886;8149;79;103;12
887;8161;45;181;16
888;8177;21;389;8
889;8185;8161;1;24
890;8209;1171;7;12
891;8221;8209;1;12
892;8233;13;633;4
893;8237;13;633;8
894;8245;41;201;4
895;8249;39;211;20
896;8269;5;1653;4
897;8273;751;11;12
898;8285;31;267;8
899;8293;9;921;4
900;8297;31;267;20
901;8317;17;489;4
902;8321;17;489;8
903;8329;5;1665;4
904;8333;53;157;12
905;8345;21;397;8
906;8353;11;759;4
907;8357;1669;5;12
908;8369;9;929;8
909;8377;2791;3;4
910;8381;2791;3;8
911;8389;2791;3;16
912;8405;39;215;20
913;8425;7;1203;4
914;8429;311;27;32
915;8461;2819;3;4
916;8465;2819;3;8
917;8473;8461;1;12
918;8485;11;771;4
919;8489;11;771;8
920;8497;19;447;4
921;8501;13;653;12
922;8513;9;945;8
923;8521;21;405;16
924;8537;2843;3;8
925;8545;51;167;28
926;8573;15;571;8
927;8581;9;953;4
928;8585;9;953;8
929;8593;7;1227;4
930;8597;21;409;8
931;8605;47;183;4
932;8609;8597;1;12
933;8621;9;957;8
934;8629;5;1725;4
935;8633;15;575;8
936;8641;8629;1;12
937;8653;8641;1;12
938;8665;2887;3;4
939;8669;2887;3;8
940;8677;7;1239;4
941;8681;21;413;8
942;8689;5;1737;4
943;8693;8681;1;12
944;8705;13;669;8
945;8713;77;113;12
946;8725;8713;1;12
947;8737;41;213;4
948;8741;41;213;8
949;8749;5;1749;4
950;8753;11;795;8
951;8761;7;1251;4
952;8765;43;203;36
953;8801;2927;3;20
954;8821;2939;3;4
955;8825;1259;7;12
956;8837;9;981;8
957;8845;7;1263;4
958;8849;21;421;8
959;8857;13;681;4
960;8861;8837;1;24
961;8885;11;807;8
962;8893;83;107;12
963;8905;8893;1;12
964;8917;13;685;12
965;8929;5;1785;4
966;8933;15;595;8
967;8941;9;993;4
968;8945;8933;1;12
969;8957;1789;5;12
970;8969;57;157;20
971;8989;47;191;12
972;9001;2999;3;4
973;9005;2999;3;8
974;9013;2999;3;16
975;9029;71;127;12
976;9041;3011;3;8
977;9049;1291;7;12
978;9061;27;335;16
979;9077;35;259;12
980;9089;3023;3;20
981;9109;5;1821;4
982;9113;19;479;12
983;9125;9;1013;8
984;9133;17;537;4
985;9137;1013;9;20
986;9157;9;1017;4
987;9161;9;1017;8
988;9169;5;1833;4
989;9173;13;705;8
990;9181;53;173;12
991;9193;9;1021;4
992;9197;55;167;12
993;9209;3067;3;8
994;9217;37;249;4
995;9221;3067;3;20
996;9241;25;369;16
997;9257;3083;3;8
998;9265;19;487;12
999;9277;11;843;4
1000;9281;13;713;12
1001;9293;9281;1;12
1002;9305;619;15;20
1003;9325;67;139;12
1004;9337;9;1037;4
1005;9341;9;1037;8
1006;9349;17;549;16
1007;9365;47;199;12
1008;9377;9;1041;8
1009;9385;53;177;4
1010;9389;53;177;8
1011;9397;1877;5;12
1012;9409;5;1881;4
1013;9413;9;1045;8
1014;9421;43;219;4
1015;9425;43;219;8
1016;9433;7;1347;4
1017;9437;21;449;8
1018;9445;21;449;16
1019;9461;23;411;8
1020;9469;5;1893;4
1021;9473;859;11;24
1022;9497;3163;3;8
1023;9505;3167;3;4
1024;9509;9497;1;12
1025;9521;9;1057;8
1026;9529;5;1905;4
1027;9533;21;453;20
1028;9553;29;329;12
1029;9565;41;233;12
1030;9577;3187;3;16
1031;9593;9;1065;8
1032;9601;7;1371;4
1033;9605;21;457;8
1034;9613;21;457;16
1035;9629;3203;3;20
1036;9649;23;419;12
1037;9661;9;1073;4
1038;9665;9;1073;8
1039;9673;11;879;4
1040;9677;11;879;8
1041;9685;7;1383;4
1042;9689;21;461;8
1043;9697;9;1077;4
1044;9701;21;461;20
1045;9721;41;237;4
1046;9725;41;237;8
1047;9733;9721;1;12
1048;9745;17;573;4
1049;9749;23;423;20
1050;9769;5;1953;4
1051;9773;9;1085;8
1052;9781;21;465;16
1053;9797;13;753;8
1054;9805;9;1089;4
1055;9809;9;1089;8
1056;9817;37;265;12
1057;9829;5;1965;4
1058;9833;15;655;8
1059;9841;25;393;16
1060;9857;21;469;8
1061;9865;21;469;16
1062;9881;71;139;12
1063;9893;15;659;8
1064;9901;83;119;24
1065;9925;3307;3;4
1066;9929;47;211;12
1067;9941;11;903;8
1068;9949;5;1989;4
1069;9953;9941;1;12
1070;9965;3319;3;8
1071;9973;1423;7;12
1072;9985;9973;1;12
1073;9997;3331;3;4
1074;10001;3331;3;8
1075;10009;3331;3;16
1076;10025;17;589;12
1077;10037;25;401;12
1078;10049;3347;3;8
1079;10057;9;1117;4
1080;10061;9;1117;8
1081;10069;89;113;12
1082;10081;3359;3;4
1083;10085;3359;3;8
1084;10093;33;305;28
1085;10121;919;11;12
1086;10133;9;1125;8
1087;10141;31;327;4
1088;10145;29;349;24
1089;10169;9;1129;8
1090;10177;3391;3;4
1091;10181;10169;1;12
1092;10193;15;679;8
1093;10201;9;1133;4
1094;10205;10193;1;12
1095;10217;41;249;8
1096;10225;3407;3;4
1097;10229;3407;3;8
1098;10237;25;409;12
1099;10249;5;2049;4
1100;10253;19;539;12
1101;10265;13;789;8
1102;10273;39;263;16
1103;10289;43;239;12
1104;10301;47;219;8
1105;10309;5;2061;4
1106;10313;9;1145;8
1107;10321;13;793;12
1108;10333;11;939;4
1109;10337;11;939;8
1110;10345;10333;1;12
1111;10357;7;1479;4
1112;10361;17;609;8
1113;10369;383;27;28
1114;10397;3463;3;8
1115;10405;3463;3;16
1116;10421;9;1157;8
1117;10429;5;2085;4
1118;10433;15;695;8
1119;10441;7;1491;4
1120;10445;21;497;8
1121;10453;9;1161;4
1122;10457;21;497;20
1123;10477;13;805;12
1124;10489;10477;1;12
1125;10501;17;617;12
1126;10513;31;339;4
1127;10517;31;339;8
1128;10525;7;1503;4
1129;10529;9;1169;8
1130;10537;21;501;16
1131;10553;83;127;12
1132;10565;9;1173;8
1133;10573;59;179;12
1134;10585;3527;3;4
1135;10589;3527;3;8
1136;10597;9;1177;4
1137;10601;10589;1;12
1138;10613;10601;1;12
1139;10625;21;505;20
1140;10645;31;343;12
1141;10657;3547;3;16
1142;10673;1523;7;12
1143;10685;3559;3;8
1144;10693;971;11;12
1145;10705;9;1189;4
1146;10709;21;509;20
1147;10729;5;2145;4
1148;10733;3571;3;20
1149;10753;23;467;12
1150;10765;10753;1;12
1151;10777;7;1539;4
1152;10781;9;1197;8
1153;10789;19;567;16
1154;10805;43;251;12
1155;10817;9;1201;8
1156;10825;983;11;12
1157;10837;23;471;4
1158;10841;13;833;12
1159;10853;9;1205;8
1160;10861;7;1551;4
1161;10865;10853;1;12
1162;10877;41;265;12
1163;10889;9;1209;8
1164;10897;35;311;12
1165;10909;35;311;24
1166;10933;3643;3;4
1167;10937;19;575;12
1168;10949;21;521;8
1169;10957;9;1217;4
1170;10961;10949;1;12
1171;10973;97;113;12
1172;10985;3659;3;8
1173;10993;3659;3;16
1174;11009;27;407;20
1175;11029;23;479;12
1176;11041;21;525;16
1177;11057;29;381;8
1178;11065;9;1229;4
1179;11069;29;381;20
1180;11089;5;2217;4
1181;11093;15;739;8
1182;11101;9;1233;4
1183;11105;9;1233;8
1184;11113;7;1587;4
1185;11117;21;529;8
1186;11125;21;529;16
1187;11141;9;1237;8
1188;11149;37;301;12
1189;11161;11149;1;12
1190;11173;9;1241;4
1191;11177;9;1241;8
1192;11185;11173;1;12
1193;11197;3727;3;16
1194;11213;23;487;12
1195;11225;11213;1;12
1196;11237;19;591;8
1197;11245;47;239;12
1198;11257;11;1023;4
1199;11261;1607;7;12
1200;11273;15;751;8
1201;11281;7;1611;4
1202;11285;33;341;32
1203;11317;9;1257;4
1204;11321;9;1257;8
1205;11329;27;419;16
1206;11345;3779;3;8
1207;11353;9;1261;4
1208;11357;9;1261;8
1209;11365;7;1623;4
1210;11369;2269;5;24
1211;11393;9;1265;8
1212;11401;29;393;4
1213;11405;29;393;8
1214;11413;13;877;12
1215;11425;101;113;12
1216;11437;37;309;4
1217;11441;1039;11;12
1218;11453;15;763;8
1219;11461;9;1273;4
1220;11465;21;545;20
1221;11485;43;267;4
1222;11489;43;267;8
1223;11497;2297;5;12
1224;11509;5;2301;4
1225;11513;13;885;8
1226;11521;11;1047;4
1227;11525;39;295;20
1228;11545;3847;3;4
1229;11549;33;349;32
1230;11581;23;503;12
1231;11593;3863;3;4
1232;11597;51;227;20
1233;11617;7;1659;4
1234;11621;21;553;8
1235;11629;5;2325;4
1236;11633;11621;1;12
1237;11645;11633;1;12
1238;11657;11;1059;8
1239;11665;43;271;12
1240;11677;9;1297;4
1241;11681;9;1297;8
1242;11689;11677;1;12
1243;11701;7;1671;4
1244;11705;21;557;8
1245;11713;9;1301;4
1246;11717;2341;5;12
1247;11729;1063;11;36
1248;11765;3919;3;8
1249;11773;3923;3;4
1250;11777;3923;3;8
1251;11785;7;1683;4
1252;11789;11777;1;12
1253;11801;11789;1;12
1254;11813;15;787;8
1255;11821;49;241;12
1256;11833;39;303;16
1257;11849;19;623;12
1258;11861;3947;3;20
1259;11881;37;321;4
1260;11885;31;383;12
1261;11897;9;1321;8
1262;11905;3967;3;4
1263;11909;3967;3;8
1264;11917;3967;3;16
1265;11933;9;1325;8
1266;11941;23;519;4
1267;11945;23;519;8
1268;11953;11941;1;12
1269;11965;9;1329;4
1270;11969;1087;11;12
1271;11981;569;21;32
1272;12013;4003;3;4
1273;12017;4003;3;8
1274;12025;41;293;12
1275;12037;7;1719;4
1276;12041;9;1337;8
1277;12049;5;2409;4
1278;12053;21;573;20
1279;12073;9;1341;4
1280;12077;9;1341;8
1281;12085;12073;1;12
1282;12097;29;417;4
1283;12101;29;417;8
1284;12109;5;2421;4
1285;12113;12101;1;12
1286;12125;12113;1;12
1287;12137;25;485;12
1288;12149;9;1349;8
1289;12157;4051;3;4
1290;12161;57;213;20
1291;12181;9;1353;4
1292;12185;9;1353;8
1293;12193;17;717;4
1294;12197;17;717;8
1295;12205;7;1743;4
1296;12209;2437;5;24
1297;12233;15;815;8
1298;12241;1747;7;12
1299;12253;4079;3;16
1300;12269;61;201;8
1301;12277;4091;3;4
1302;12281;4091;3;8
1303;12289;12277;1;12
1304;12301;21;585;16
1305;12317;11;1119;8
1306;12325;9;1369;4
1307;12329;9;1369;8
1308;12337;17;725;12
1309;12349;4111;3;16
1310;12365;9;1373;8
1311;12373;7;1767;4
1312;12377;19;651;8
1313;12385;4127;3;4
1314;12389;12377;1;12
1315;12401;9;1377;8
1316;12409;5;2481;4
1317;12413;15;827;8
1318;12421;12409;1;12
1319;12433;9;1381;4
1320;12437;4139;3;20
1321;12457;7;1779;4
1322;12461;21;593;8
1323;12469;5;2493;4
1324;12473;59;211;24
1325;12497;23;543;8
1326;12505;13;961;12
1327;12517;31;403;24
1328;12541;7;1791;4
1329;12545;9;1393;8
1330;12553;47;267;4
1331;12557;13;965;12
1332;12569;53;237;8
1333;12577;35;359;12
1334;12589;12577;1;12
1335;12601;13;969;4
1336;12605;13;969;8
1337;12613;12601;1;12
1338;12625;7;1803;4
1339;12629;21;601;8
1340;12637;4211;3;4
1341;12641;73;173;12
1342;12653;12641;1;12
1343;12665;12641;1;24
1344;12689;9;1409;8
1345;12697;4231;3;4
1346;12701;12689;1;12
1347;12713;11;1155;8
1348;12721;9;1413;4
1349;12725;21;605;20
1350;12745;17;749;12
1351;12757;2549;5;12
1352;12769;5;2553;4
1353;12773;15;851;8
1354;12781;4259;3;4
1355;12785;23;555;20
1356;12805;17;753;4
1357;12809;67;191;12
1358;12821;4271;3;8
1359;12829;5;2565;4
1360;12833;9;1425;8
1361;12841;12829;1;12
1362;12853;33;389;16
1363;12869;4283;3;20
1364;12889;5;2577;4
1365;12893;1171;11;12
1366;12905;9;1433;8
1367;12913;13;993;4
1368;12917;1433;9;20
1369;12937;9;1437;4
1370;12941;1847;7;12
1371;12953;15;863;8
1372;12961;7;1851;4
1373;12965;21;617;8
1374;12973;563;23;24
1375;12997;61;213;4
1376;13001;61;213;8
1377;13009;41;317;12
1378;13021;4339;3;4
1379;13025;4339;3;8
1380;13033;43;303;4
1381;13037;43;303;8
1382;13045;7;1863;4
1383;13049;13037;1;12
1384;13061;13049;1;12
1385;13073;37;353;12
1386;13085;9;1453;8
1387;13093;103;127;12
1388;13105;11;1191;4
1389;13109;11;1191;8
1390;13117;9;1457;4
1391;13121;33;397;20
1392;13141;1009;13;24
1393;13165;41;321;4
1394;13169;41;321;8
1395;13177;773;17;36
1396;13213;7;1887;4
1397;13217;19;695;12
1398;13229;13217;1;12
1399;13241;11;1203;8
1400;13249;5;2649;4
1401;13253;15;883;8
1402;13261;13249;1;12
1403;13273;89;149;12
1404;13285;19;699;4
1405;13289;19;699;8
1406;13297;2657;5;12
1407;13309;5;2661;4
1408;13313;47;283;12
1409;13325;13313;1;12
1410;13337;9;1481;8
1411;13345;77;173;24
1412;13369;19;703;12
1413;13381;7;1911;4
1414;13385;43;311;12
1415;13397;21;637;20
1416;13417;17;789;4
1417;13421;17;789;8
1418;13429;13417;1;12
1419;13441;9;1493;4
1420;13445;19;707;12
1421;13457;4483;3;8
1422;13465;7;1923;4
1423;13469;21;641;8
1424;13477;9;1497;4
1425;13481;13457;1;24
1426;13505;11;1227;8
1427;13513;23;587;12
1428;13525;13513;1;12
1429;13537;25;541;12
1430;13549;5;2709;4
1431;13553;1231;11;12
1432;13565;13553;1;12
1433;13577;4519;3;20
1434;13597;27;503;16
1435;13613;15;907;8
1436;13621;9;1513;4
1437;13625;9;1513;8
1438;13633;7;1947;4
1439;13637;11;1239;8
1440;13645;4547;3;4
1441;13649;21;649;20
1442;13669;1951;7;12
1443;13681;13669;1;12
1444;13693;9;1521;4
1445;13697;9;1521;8
1446;13705;4567;3;4
1447;13709;13697;1;12
1448;13721;21;653;8
1449;13729;21;653;16
1450;13745;19;723;8
1451;13753;4583;3;4
1452;13757;4583;3;8
1453;13765;4583;3;16
1454;13781;4591;3;8
1455;13789;5;2757;4
1456;13793;15;919;8
1457;13801;919;15;16
1458;13817;55;251;12
1459;13829;17;813;8
1460;13837;9;1537;4
1461;13841;4603;3;32
1462;13873;9;1541;4
1463;13877;9;1541;8
1464;13885;13873;1;12
1465;13897;11;1263;4
1466;13901;17;817;12
1467;13913;9;1545;8
1468;13921;4639;3;4
1469;13925;4639;3;8
1470;13933;13921;1;12
1471;13945;9;1549;4
1472;13949;9;1549;8
1473;13957;2789;5;12
1474;13969;5;2793;4
1475;13973;23;607;12
1476;13985;89;157;12
1477;13997;4663;3;8
1478;14005;13;1077;4
1479;14009;4663;3;20
1480;14029;5;2805;4
1481;14033;2003;7;12
1482;14045;14033;1;12
1483;14057;9;1561;8
1484;14065;21;669;16
1485;14081;4691;3;8
1486;14089;5;2817;4
1487;14093;43;327;32
1488;14125;59;239;24
1489;14149;5;2829;4
1490;14153;79;179;12
1491;14165;9;1573;8
1492;14173;4723;3;4
1493;14177;4723;3;8
1494;14185;14173;1;12
1495;14197;2837;5;12
1496;14209;5;2841;4
1497;14213;15;947;8
1498;14221;7;2031;4
1499;14225;1291;11;24
1500;14249;47;303;8
1501;14257;4751;3;4
1502;14261;47;303;20
1503;14281;4759;3;4
1504;14285;4759;3;8
1505;14293;11;1299;4
1506;14297;11;1299;8
1507;14305;7;2043;4
1508;14309;17;841;12
1509;14321;21;681;20
1510;14341;103;139;24
1511;14365;4787;3;4
1512;14369;49;293;12
1513;14381;9;1597;8
1514;14389;5;2877;4
1515;14393;15;959;8
1516;14401;21;685;16
1517;14417;9;1601;8
1518;14425;29;497;12
1519;14437;25;577;12
1520;14449;5;2889;4
1521;14453;9;1605;8
1522;14461;14449;1;12
1523;14473;14461;1;12
1524;14485;9;1609;4
1525;14489;31;467;12
1526;14501;1609;9;20
1527;14521;1319;11;12
1528;14533;29;501;4
1529;14537;29;501;8
1530;14545;37;393;4
1531;14549;37;393;8
1532;14557;7;2079;4
1533;14561;9;1617;8
1534;14569;21;693;16
1535;14585;43;339;8
1536;14593;971;15;28
1537;14621;4871;3;8
1538;14629;5;2925;4
1539;14633;14621;1;12
1540;14645;17;861;8
1541;14653;19;771;4
1542;14657;29;505;12
1543;14669;9;1629;8
1544;14677;67;219;4
1545;14681;67;219;8
1546;14689;13;1129;12
1547;14701;9;1633;4
1548;14705;9;1633;8
1549;14713;4903;3;4
1550;14717;23;639;20
1551;14737;9;1637;4
1552;14741;13;1133;12
1553;14753;15;983;8
1554;14761;4919;3;4
1555;14765;983;15;20
1556;14785;17;869;12
1557;14797;39;379;16
1558;14813;9;1645;8
1559;14821;11;1347;4
1560;14825;14813;1;12
1561;14837;4943;3;8
1562;14845;14821;1;24
1563;14869;4951;3;16
1564;14885;9;1653;8
1565;14893;7;2127;4
1566;14897;13;1145;12
1567;14909;21;709;20
1568;14929;5;2985;4
1569;14933;877;17;24
1570;14957;9;1661;8
1571;14965;4987;3;4
1572;14969;4987;3;8
1573;14977;41;365;12
1574;14989;21;713;16
1575;15005;4999;3;8
1576;15013;5003;3;4
1577;15017;5003;3;8
1578;15025;5003;3;16
1579;15041;5011;3;8
1580;15049;5;3009;4
1581;15053;15;1003;8
1582;15061;101;149;12
1583;15073;5023;3;4
1584;15077;15053;1;24
1585;15101;9;1677;8
1586;15109;31;487;12
1587;15121;29;521;12
1588;15133;9;1681;4
1589;15137;9;1681;8
1590;15145;7;2163;4
1591;15149;15137;1;12
1592;15161;15149;1;12
1593;15173;15161;1;12
1594;15185;5059;3;8
1595;15193;17;893;12
1596;15205;15193;1;12
1597;15217;3041;5;12
1598;15229;5;3045;4
1599;15233;15;1015;8
1600;15241;9;1693;4
1601;15245;31;491;24
1602;15269;5087;3;8
1603;15277;43;355;12
1604;15289;5;3057;4
1605;15293;37;413;12
1606;15305;5099;3;8
1607;15313;7;2187;4
1608;15317;9;1701;8
1609;15325;5107;3;4
1610;15329;21;729;20
1611;15349;5;3069;4
1612;15353;9;1705;8
1613;15361;15349;1;12
1614;15373;47;327;4
1615;15377;47;327;8
1616;15385;15373;1;12
1617;15397;7;2199;4
1618;15401;1399;11;12
1619;15413;15401;1;12
1620;15425;39;395;20
1621;15445;23;671;12
1622;15457;9;1717;4
1623;15461;2207;7;12
1624;15473;15;1031;8
1625;15481;31;499;12
1626;15493;9;1721;4
1627;15497;19;815;12
1628;15509;1721;9;20
1629;15529;59;263;12
1630;15541;5179;3;4
1631;15545;83;187;24
1632;15569;9;1729;8
1633;15577;29;537;4
1634;15581;21;741;20
1635;15601;9;1733;4
1636;15605;9;1733;8
1637;15613;15601;1;12
1638;15625;41;381;4
1639;15629;23;679;12
1640;15641;9;1737;8
1641;15649;19;823;12
1642;15661;17;921;4
1643;15665;1423;11;12
1644;15677;9;1741;8
1645;15685;5227;3;4
1646;15689;1423;11;36
1647;15725;13;1209;8
1648;15733;7;2247;4
1649;15737;17;925;12
1650;15749;15737;1;12
1651;15761;59;267;8
1652;15769;5;3153;4
1653;15773;59;267;20
1654;15793;19;831;4
1655;15797;19;831;8
1656;15805;23;687;4
1657;15809;23;687;8
1658;15817;7;2259;4
1659;15821;15797;1;24
1660;15845;71;223;12
1661;15857;5279;3;20
1662;15877;11;1443;4
1663;15881;11;1443;8
1664;15889;15877;1;12
1665;15901;7;2271;4
1666;15905;21;757;8
1667;15913;21;757;16
1668;15929;9;1769;8
1669;15937;13;1225;12
1670;15949;25;637;24
1671;15973;5323;3;4
1672;15977;27;591;20
1673;15997;9;1777;4
1674;16001;21;761;20
1675;16021;19;843;4
1676;16025;19;843;8
1677;16033;37;433;12
1678;16045;16033;1;12
1679;16057;5351;3;4
1680;16061;5351;3;8
1681;16069;5;3213;4
1682;16073;9;1785;8
1683;16081;23;699;4
1684;16085;16073;1;12
1685;16097;31;519;8
1686;16105;9;1789;4
1687;16109;3217;5;24
1688;16133;15;1075;8
1689;16141;9;1793;4
1690;16145;9;1793;8
1691;16153;16141;1;12
1692;16165;16141;1;24
1693;16189;5;3237;4
1694;16193;13;1245;8
1695;16201;39;415;16
1696;16217;35;463;12
1697;16229;5407;3;8
1698;16237;7;2319;4
1699;16241;21;773;8
1700;16249;5;3249;4
1701;16253;109;149;12
1702;16265;5419;3;8
1703;16273;11;1479;4
1704;16277;11;1479;8
1705;16285;17;957;16
1706;16301;41;397;24
1707;16325;9;1813;8
1708;16333;21;777;16
1709;16349;17;961;12
1710;16361;9;1817;8
1711;16369;1487;11;12
1712;16381;53;309;4
1713;16385;53;309;8
1714;16393;16381;1;12
1715;16405;7;2343;4
1716;16409;11;1491;8
1717;16417;5471;3;4
1718;16421;61;269;12
1719;16433;9;1825;8
1720;16441;2347;7;12
1721;16453;41;401;12
1722;16465;16453;1;12
1723;16477;17;969;4
1724;16481;43;383;12
1725;16493;15;1099;8
1726;16501;9;1833;4
1727;16505;21;785;20
1728;16525;5507;3;4
1729;16529;3301;5;24
1730;16553;15;1103;8
1731;16561;5519;3;4
1732;16565;5519;3;8
1733;16573;5519;3;16
1734;16589;121;137;12
1735;16601;5531;3;8
1736;16609;5;3321;4
1737;16613;5531;3;20
1738;16633;1511;11;12
1739;16645;9;1849;4
1740;16649;9;1849;8
1741;16657;7;2379;4
1742;16661;16649;1;12
1743;16673;21;793;20
1744;16693;2383;7;12
1745;16705;16693;1;12
1746;16717;13;1285;12
1747;16729;5;3345;4
1748;16733;15;1115;8
1749;16741;7;2391;4
1750;16745;29;577;12
1751;16757;17;985;12
1752;16769;13;1289;12
1753;16781;37;453;20
1754;16801;11;1527;4
1755;16805;45;373;20
1756;16825;7;2403;4
1757;16829;9;1869;8
1758;16837;43;391;24
1759;16861;9;1873;4
1760;16865;1531;11;24
1761;16889;17;993;8
1762;16897;9;1877;4
1763;16901;9;1877;8
1764;16909;5;3381;4
1765;16913;15;1127;8
1766;16921;5639;3;4
1767;16925;13;1301;12
1768;16937;9;1881;8
1769;16945;5647;3;4
1770;16949;5639;3;32
1771;16981;71;239;12
1772;16993;5659;3;16
1773;17009;23;739;12
1774;17021;53;321;8
1775;17029;5;3405;4
1776;17033;15;1135;8
1777;17041;17029;1;12
1778;17053;5683;3;4
1779;17057;5683;3;8
1780;17065;11;1551;4
1781;17069;11;1551;8
1782;17077;33;517;16
1783;17093;21;813;20
1784;17113;9;1901;4
1785;17117;9;1901;8
1786;17125;109;157;12
1787;17137;5711;3;4
1788;17141;2447;7;12
1789;17153;61;281;12
1790;17165;19;903;8
1791;17173;59;291;4
1792;17177;3433;5;12
1793;17189;9;1909;8
1794;17197;35;491;12
1795;17209;29;593;12
1796;17221;9;1913;4
1797;17225;31;555;20
1798;17245;19;907;12
1799;17257;9;1917;4
1800;17261;1567;11;24
1801;17285;13;1329;8
1802;17293;1571;11;12
1803;17305;17293;1;12
1804;17317;29;597;4
1805;17321;19;911;12
1806;17333;9;1925;8
1807;17341;5779;3;4
1808;17345;17333;1;12
1809;17357;5779;3;20
1810;17377;23;755;12
1811;17389;5;3477;4
1812;17393;15;1159;8
1813;17401;19;915;16
1814;17417;21;829;8
1815;17425;5807;3;4
1816;17429;21;829;20
1817;17449;25;697;24
1818;17473;9;1941;4
1819;17477;9;1941;8
1820;17485;5827;3;4
1821;17489;5827;3;8
1822;17497;13;1345;12
1823;17509;17;1029;16
1824;17525;5839;3;8
1825;17533;17509;1;24
1826;17557;5851;3;4
1827;17561;5851;3;8
1828;17569;5;3513;4
1829;17573;15;1171;8
1830;17581;7;2511;4
1831;17585;9;1953;8
1832;17593;11;1599;4
1833;17597;3517;5;12
1834;17609;33;533;20
1835;17629;19;927;16
1836;17645;77;229;12
1837;17657;9;1961;8
1838;17665;7;2523;4
1839;17669;17657;1;12
1840;17681;17669;1;12
1841;17693;17681;1;12
1842;17705;17;1041;8
1843;17713;31;571;12
1844;17725;9;1969;4
1845;17729;9;1969;8
1846;17737;23;771;4
1847;17741;23;771;8
1848;17749;5;3549;4
1849;17753;13;1365;8
1850;17761;21;845;16
1851;17777;5923;3;8
1852;17785;5927;3;4
1853;17789;5927;3;8
1854;17797;17761;1;36
1855;17833;7;2547;4
1856;17837;23;775;12
1857;17849;17837;1;12
1858;17861;13;1373;12
1859;17873;9;1985;8
1860;17881;107;167;12
1861;17893;17881;1;12
1862;17905;9;1989;4
1863;17909;1627;11;12
1864;17921;21;853;8
1865;17929;21;853;16
1866;17945;9;1993;8
1867;17953;31;579;4
1868;17957;31;579;8
1869;17965;13;1381;12
1870;17977;9;1997;4
1871;17981;9;1997;8
1872;17989;1997;9;16
1873;18005;21;857;8
1874;18013;17989;1;24
1875;18037;6011;3;4
1876;18041;6011;3;8
1877;18049;17;1061;12
1878;18061;13;1389;4
1879;18065;2579;7;12
1880;18077;19;951;8
1881;18085;7;2583;4
1882;18089;9;2009;8
1883;18097;31;583;24
1884;18121;9;2013;4
1885;18125;9;2013;8
1886;18133;27;671;16
1887;18149;6043;3;20
1888;18169;5;3633;4
1889;18173;15;1211;8
1890;18181;73;249;4
1891;18185;2017;9;32
1892;18217;55;331;12
1893;18229;5;3645;4
1894;18233;9;2025;8
1895;18241;6079;3;4
1896;18245;6079;3;8
1897;18253;7;2607;4
1898;18257;11;1659;8
1899;18265;9;2029;4
1900;18269;18257;1;12
1901;18281;6091;3;8
1902;18289;49;373;12
1903;18301;18289;1;12
1904;18313;17;1077;4
1905;18317;17;1077;8
1906;18325;31;591;4
1907;18329;13;1409;12
1908;18341;18329;1;12
1909;18353;18341;1;12
1910;18365;1223;15;20
1911;18385;19;967;12
1912;18397;6131;3;4
1913;18401;6131;3;8
1914;18409;5;3681;4
1915;18413;9;2045;8
1916;18421;41;449;12
1917;18433;41;449;24
1918;18457;6151;3;4
1919;18461;27;683;20
1920;18481;9;2053;4
1921;18485;9;2053;8
1922;18493;6163;3;4
1923;18497;6163;3;8
1924;18505;18493;1;12
1925;18517;9;2057;4
1926;18521;21;881;20
1927;18541;37;501;4
1928;18545;37;501;8
1929;18553;2647;7;24
1930;18577;41;453;4
1931;18581;41;453;8
1932;18589;5;3717;4
1933;18593;17;1093;12
1934;18605;18593;1;12
1935;18617;6203;3;8
1936;18625;9;2069;4
1937;18629;9;2069;8
1938;18637;25;745;12
1939;18649;18637;1;12
1940;18661;9;2073;4
1941;18665;33;565;20
1942;18685;21;889;16
1943;18701;9;2077;8
1944;18709;5;3741;4
1945;18713;15;1247;8
1946;18721;29;645;16
1947;18737;25;749;12
1948;18749;6247;3;8
1949;18757;7;2679;4
1950;18761;19;987;8
1951;18769;5;3753;4
1952;18773;73;257;12
1953;18785;11;1707;8
1954;18793;6263;3;4
1955;18797;6263;3;8
1956;18805;33;569;28
1957;18833;29;649;12
1958;18845;9;2093;8
1959;18853;61;309;4
1960;18857;3769;5;12
1961;18869;61;309;20
1962;18889;43;439;12
1963;18901;13;1453;12
1964;18913;9;2101;4
1965;18917;9;2101;8
1966;18925;18913;1;12
1967;18937;33;573;28
1968;18965;71;267;8
1969;18973;67;283;12
1970;18985;9;2109;4
1971;18989;2711;7;12
1972;19001;13;1461;8
1973;19009;5;3801;4
1974;19013;19001;1;12
1975;19025;19013;1;12
1976;19037;6343;3;8
1977;19045;827;23;24
1978;19069;5;3813;4
1979;19073;15;1271;8
1980;19081;19069;1;12
1981;19093;7;2727;4
1982;19097;9;2121;8
1983;19105;6367;3;4
1984;19109;13;1469;12
1985;19121;6367;3;20
1986;19141;17;1125;16
1987;19157;13;1473;8
1988;19165;9;2129;4
1989;19169;19157;1;12
1990;19181;29;661;12
1991;19193;21;913;20
1992;19213;13;1477;12
1993;19225;19213;1;12
1994;19237;25;769;12
1995;19249;5;3849;4
1996;19253;71;271;12
1997;19265;21;917;8
1998;19273;9;2141;4
1999;19277;3853;5;12
2000;19289;37;521;12
2001;19301;59;327;8
2002;19309;59;327;16
2003;19325;47;411;8
2004;19333;17;1137;4
2005;19337;17;1137;8
2006;19345;19333;1;12
2007;19357;21;921;16
2008;19373;15;1291;8
2009;19381;9;2153;4
2010;19385;1291;15;20
2011;19405;29;669;4
2012;19409;29;669;8
2013;19417;9;2157;4
2014;19421;9;2157;8
2015;19429;5;3885;4
2016;19433;15;1295;8
2017;19441;11;1767;4
2018;19445;19433;1;12
2019;19457;9;2161;8
2020;19465;13;1497;4
2021;19469;13;1497;8
2022;19477;17;1145;12
2023;19489;5;3897;4
2024;19493;9;2165;8
2025;19501;45;433;16
2026;19517;101;193;24
2027;19541;17;1149;8
2028;19549;5;3909;4
2029;19553;59;331;24
2030;19577;11;1779;8
2031;19585;23;851;12
2032;19597;7;2799;4
2033;19601;9;2177;8
2034;19609;21;933;16
2035;19625;13;1509;8
2036;19633;9;2181;4
2037;19637;9;2181;8
2038;19645;27;727;16
2039;19661;6551;3;8
2040;19669;1787;11;12
2041;19681;19;1035;16
2042;19697;31;635;12
2043;19709;9;2189;8
2044;19717;6571;3;4
2045;19721;6571;3;8
2046;19729;35;563;24
2047;19753;17;1161;16
2048;19769;21;941;8
2049;19777;21;941;16
2050;19793;15;1319;8
2051;19801;6599;3;4
2052;19805;6599;3;8
2053;19813;19801;1;12
2054;19825;31;639;16
2055;19841;79;251;12
2056;19853;9;2205;8
2057;19861;6619;3;4
2058;19865;21;945;20
2059;19885;9;2209;4
2060;19889;9;2209;8
2061;19897;47;423;16
2062;19913;2843;7;12
2063;19925;19913;1;12
2064;19937;13;1533;8
2065;19945;17;1173;4
2066;19949;19937;1;12
2067;19961;19949;1;12
2068;19973;11;1815;8
2069;19981;19;1051;12
2070;19993;9;2221;4
2071;19997;9;2221;8
2072;20005;19993;1;12
2073;20017;7;2859;4
2074;20021;21;953;8
2075;20029;19993;1;36
2076;20065;1823;11;12
2077;20077;4013;5;12
2078;20089;17;1181;12
2079;20101;7;2871;4
2080;20105;9;2233;8
2081;20113;6703;3;4
2082;20117;4021;5;12
2083;20129;19;1059;8
2084;20137;23;875;12
2085;20149;13;1549;12
2086;20161;6719;3;4
2087;20165;6719;3;8
2088;20173;9;2241;4
2089;20177;37;545;12
2090;20189;20177;1;12
2091;20201;13;1553;12
2092;20213;9;2245;8
2093;20221;23;879;4
2094;20225;23;879;8
2095;20233;73;277;12
2096;20245;9;2249;4
2097;20249;49;413;12
2098;20261;43;471;8
2099;20269;47;431;12
2100;20281;9;2253;4
2101;20285;19;1067;12
2102;20297;35;579;32
2103;20329;5;4065;4
2104;20333;15;1355;8
2105;20341;6779;3;4
2106;20345;6779;3;8
2107;20353;7;2907;4
2108;20357;9;2261;8
2109;20365;11;1851;4
2110;20369;20357;1;12
2111;20381;6791;3;8
2112;20389;5;4077;4
2113;20393;6791;3;20
2114;20413;6803;3;4
2115;20417;20393;1;24
2116;20441;31;659;12
2117;20453;20441;1;12
2118;20465;113;181;12
2119;20477;6823;3;8
2120;20485;37;553;24
2121;20509;5;4101;4
2122;20513;15;1367;8
2123;20521;7;2931;4
2124;20525;21;977;8
2125;20533;21;977;16
2126;20549;41;501;8
2127;20557;13;1581;4
2128;20561;2281;9;32
2129;20593;1871;11;12
2130;20605;7;2943;4
2131;20609;9;2289;8
2132;20617;6871;3;4
2133;20621;21;981;20
2134;20641;9;2293;4
2135;20645;25;825;20
2136;20665;6883;3;16
2137;20681;9;2297;8
2138;20689;5;4137;4
2139;20693;20681;1;12
2140;20705;20693;1;12
2141;20717;9;2301;8
2142;20725;77;269;12
2143;20737;25;829;12
2144;20749;5;4149;4
2145;20753;9;2305;8
2146;20761;11;1887;4
2147;20765;11;1887;8
2148;20773;13;1597;12
2149;20785;9;2309;4
2150;20789;21;989;20
2151;20809;5;4161;4
2152;20813;79;263;36
2153;20849;6947;3;8
2154;20857;55;379;12
2155;20869;5;4173;4
2156;20873;23;907;12
2157;20885;6959;3;8
2158;20893;9;2321;4
2159;20897;9;2321;8
2160;20905;17;1229;12
2161;20917;6971;3;4
2162;20921;6971;3;8
2163;20929;99;211;40
2164;20969;19;1103;12
2165;20981;51;411;20
2166;21001;9;2333;4
2167;21005;9;2333;8
2168;21013;47;447;4
2169;21017;47;447;8
2170;21025;7;3003;4
2171;21029;11;1911;8
2172;21037;9;2337;4
2173;21041;17;1237;12
2174;21053;15;1403;8
2175;21061;31;679;12
2176;21073;21061;1;12
2177;21085;7027;3;4
2178;21089;7027;3;8
2179;21097;79;267;4
2180;21101;7027;3;20
2181;21121;7039;3;4
2182;21125;21;1005;20
2183;21145;9;2349;4
2184;21149;9;2349;8
2185;21157;4229;5;12
2186;21169;4229;5;24
2187;21193;59;359;12
2188;21205;21;1009;16
2189;21221;127;167;12
2190;21233;2357;9;20
2191;21253;9;2361;4
2192;21257;9;2361;8
2193;21265;19;1119;4
2194;21269;19;1119;8
2195;21277;7;3039;4
2196;21281;21;1013;8
2197;21289;21;1013;16
2198;21305;31;687;8
2199;21313;7103;3;4
2200;21317;7103;3;8
2201;21325;7103;3;16
2202;21341;13;1641;8
2203;21349;19;1123;12
2204;21361;7;3051;4
2205;21365;131;163;12
2206;21377;4273;5;12
2207;21389;7127;3;8
2208;21397;9;2377;4
2209;21401;21377;1;24
2210;21425;11;1947;8
2211;21433;9;2381;4
2212;21437;9;2381;8
2213;21445;7;3063;4
2214;21449;25;857;24
2215;21473;9;2385;8
2216;21481;7159;3;4
2217;21485;7159;3;8
2218;21493;7159;3;16
2219;21509;9;2389;8
2220;21517;71;303;4
2221;21521;71;303;8
2222;21529;5;4305;4
2223;21533;15;1435;8
2224;21541;21;1025;16
2225;21557;31;695;12
2226;21569;7187;3;8
2227;21577;19;1135;12
2228;21589;21577;1;12
2229;21601;23;939;4
2230;21605;23;939;8
2231;21613;7;3087;4
2232;21617;9;2401;8
2233;21625;21601;1;24
2234;21649;77;281;12
2235;21661;21649;1;12
2236;21673;31;699;4
2237;21677;31;699;8
2238;21685;21673;1;12
2239;21697;7;3099;4
2240;21701;21;1033;8
2241;21709;5;4341;4
2242;21713;41;529;24
2243;21737;7243;3;8
2244;21745;103;211;12
2245;21757;7247;3;16
2246;21773;47;463;12
2247;21785;47;463;24
2248;21809;13;1677;8
2249;21817;11;1983;4
2250;21821;39;559;20
2251;21841;29;753;4
2252;21845;29;753;8
2253;21853;21841;1;12
2254;21865;7283;3;16
2255;21881;19;1151;12
2256;21893;21881;1;12
2257;21905;9;2433;8
2258;21913;121;181;12
2259;21925;7307;3;4
2260;21929;7307;3;8
2261;21937;9;2437;4
2262;21941;21929;1;12
2263;21953;11;1995;8
2264;21961;19;1155;16
2265;21977;9;2441;8
2266;21985;43;511;12
2267;21997;4397;5;12
2268;22009;5;4401;4
2269;22013;49;449;12
2270;22025;22013;1;12
2271;22037;21;1049;8
2272;22045;9;2449;4
2273;22049;22037;1;12
2274;22061;7351;3;8
2275;22069;5;4413;4
2276;22073;7351;3;20
2277;22093;71;311;12
2278;22105;53;417;4
2279;22109;53;417;8
2280;22117;4421;5;12
2281;22129;5;4425;4
2282;22133;21;1053;20
2283;22153;9;2461;4
2284;22157;22133;1;24
2285;22181;19;1167;8
2286;22189;5;4437;4
2287;22193;9;2465;8
2288;22201;7;3171;4
2289;22205;21;1057;8
2290;22213;11;2019;4
2291;22217;4441;5;12
2292;22229;9;2469;8
2293;22237;97;229;24
2294;22261;9;2473;4
2295;22265;9;2473;8
2296;22273;13;1713;4
2297;22277;13;1713;8
2298;22285;39;571;16
2299;22301;31;719;12
2300;22313;15;1487;8
2301;22321;2027;11;24
2302;22345;11;2031;4
2303;22349;27;827;20
2304;22369;5;4473;4
2305;22373;9;2485;8
2306;22381;21;1065;16
2307;22397;17;1317;8
2308;22405;9;2489;4
2309;22409;9;2489;8
2310;22417;19;1179;16
2311;22433;13;1725;8
2312;22441;2039;11;12
2313;22453;7;3207;4
2314;22457;21;1069;8
2315;22465;7487;3;4
2316;22469;17;1321;12
2317;22481;7487;3;20
2318;22501;91;247;24
2319;22525;7507;3;4
2320;22529;23;979;12
2321;22541;21;1073;8
2322;22549;21;1073;16
2323;22565;73;309;8
2324;22573;77;293;12
2325;22585;7523;3;16
2326;22601;49;461;12
2327;22613;11;2055;8
2328;22621;7;3231;4
2329;22625;9;2513;8
2330;22633;19;1191;4
2331;22637;33;685;32
2332;22669;139;163;12
2333;22681;7559;3;4
2334;22685;41;553;12
2335;22697;13;1745;12
2336;22709;21;1081;8
2337;22717;67;339;4
2338;22721;21;1081;20
2339;22741;11;2067;4
2340;22745;11;2067;8
2341;22753;22741;1;12
2342;22765;9;2529;4
2343;22769;9;2529;8
2344;22777;29;785;12
2345;22789;7591;3;16
2346;22805;23;991;12
2347;22817;4561;5;12
2348;22829;7607;3;8
2349;22837;25;913;12
2350;22849;5;4569;4
2351;22853;15;1523;8
2352;22861;19;1203;4
2353;22865;19;1203;8
2354;22873;7;3267;4
2355;22877;22853;1;24
2356;22901;29;789;20
2357;22921;45;509;16
2358;22937;7643;3;8
2359;22945;9;2549;4
2360;22949;22937;1;12
2361;22961;53;433;12
2362;22973;22961;1;12
2363;22985;9;2553;8
2364;22993;79;291;4
2365;22997;23;999;20
2366;23017;9;2557;4
2367;23021;9;2557;8
2368;23029;23017;1;12
2369;23041;23029;1;12
2370;23053;9;2561;4
2371;23057;31;743;24
2372;23081;7687;3;20
2373;23101;7699;3;4
2374;23105;7699;3;8
2375;23113;7703;3;4
2376;23117;7703;3;8
2377;23125;7;3303;4
2378;23129;9;2569;8
2379;23137;11;2103;4
2380;23141;101;229;12
2381;23153;73;317;12
2382;23165;9;2573;8
2383;23173;19;1219;12
2384;23185;7727;3;4
2385;23189;7727;3;8
2386;23197;9;2577;4
2387;23201;9;2577;8
2388;23209;27;859;16
2389;23225;21;1105;20
2390;23245;3319;7;12
2391;23257;4649;5;12
2392;23269;5;4653;4
2393;23273;3323;7;12
2394;23285;7759;3;8
2395;23293;7;3327;4
2396;23297;37;629;24
2397;23321;19;1227;8
2398;23329;5;4665;4
2399;23333;15;1555;8
2400;23341;25;933;16
2401;23357;43;543;8
2402;23365;13;1797;4
2403;23369;13;1797;8
2404;23377;39;599;16
2405;23393;21;1113;20
2406;23413;9;2601;4
2407;23417;9;2601;8
2408;23425;1231;19;36
2409;23461;131;179;12
2410;23473;7823;3;4
2411;23477;21;1117;20
2412;23497;35;671;12
2413;23509;41;573;16
2414;23525;9;2613;8
2415;23533;11;2139;4
2416;23537;11;2139;8
2417;23545;7;3363;4
2418;23549;19;1239;8
2419;23557;9;2617;4
2420;23561;21;1121;20
2421;23581;29;813;4
2422;23585;29;813;8
2423;23593;23581;1;12
2424;23605;7867;3;4
2425;23609;2621;9;20
2426;23629;5;4725;4
2427;23633;13;1817;12
2428;23645;23633;1;12
2429;23657;7883;3;8
2430;23665;9;2629;4
2431;23669;9;2629;8
2432;23677;4733;5;12
2433;23689;23677;1;12
2434;23701;1579;15;16
2435;23717;21;1129;8
2436;23725;7907;3;4
2437;23729;37;641;12
2438;23741;61;389;12
2439;23753;15;1583;8
2440;23761;17;1397;12
2441;23773;7919;3;16
2442;23789;7927;3;8
2443;23797;7;3399;4
2444;23801;11;2163;8
2445;23809;5;4761;4
2446;23813;23801;1;12
2447;23825;17;1401;8
2448;23833;29;821;24
2449;23857;19;1255;12
2450;23869;5;4773;4
2451;23873;107;223;12
2452;23885;9;2653;8
2453;23893;21;1137;16
2454;23909;31;771;8
2455;23917;35;683;12
2456;23929;23917;1;12
2457;23941;79;303;4
2458;23945;79;303;8
2459;23953;9;2661;4
2460;23957;9;2661;8
2461;23965;17;1409;12
2462;23977;61;393;4
2463;23981;2179;11;12
2464;23993;9;2665;8
2465;24001;19;1263;4
2466;24005;23981;1;24
2467;24029;47;511;12
2468;24041;8011;3;8
2469;24049;13;1849;12
2470;24061;9;2673;4
2471;24065;67;359;12
2472;24077;71;339;8
2473;24085;23;1047;4
2474;24089;23;1047;8
2475;24097;4817;5;12
2476;24109;5;4821;4
2477;24113;15;1607;8
2478;24121;8039;3;4
2479;24125;8039;3;8
2480;24133;7;3447;4
2481;24137;24113;1;24
2482;24161;83;291;8
2483;24169;17;1421;12
2484;24181;24169;1;12
2485;24193;11;2199;4
2486;24197;8059;3;20
2487;24217;7;3459;4
2488;24221;21;1153;8
2489;24229;21;1153;16
2490;24245;43;563;36
2491;24281;3467;7;12
2492;24293;24281;1;12
2493;24305;13;1869;8
2494;24313;9;2701;4
2495;24317;4861;5;12
2496;24329;11;2211;8
2497;24337;8111;3;4
2498;24341;8111;3;8
2499;24349;24337;1;12
2500;24361;13;1873;12
2501;24373;17;1433;12
2502;24385;7;3483;4
2503;24389;19;1283;12
2504;24401;29;841;12
2505;24413;15;1627;8
2506;24421;9;2713;4
2507;24425;9;2713;8
2508;24433;24421;1;12
2509;24445;53;461;12
2510;24457;9;2717;4
2511;24461;9;2717;8
2512;24469;5;4893;4
2513;24473;15;1631;8
2514;24481;37;661;24
2515;24505;8167;3;4
2516;24509;8167;3;8
2517;24517;8167;3;16
2518;24533;31;791;12
2519;24545;24533;1;12
2520;24557;21;1169;8
2521;24565;8179;3;28
2522;24593;11;2235;8
2523;24601;3511;7;24
2524;24625;39;631;16
2525;24641;9;2737;8
2526;24649;5;4929;4
2527;24653;41;601;12
2528;24665;89;277;12
2529;24677;9;2741;8
2530;24685;2243;11;12
2531;24697;8231;3;4
2532;24701;8231;3;8
2533;24709;5;4941;4
2534;24713;8231;3;20
2535;24733;8243;3;4
2536;24737;23;1075;12
2537;24749;33;749;32
2538;24781;9;2753;4
2539;24785;9;2753;8
2540;24793;8263;3;4
2541;24797;4957;5;12
2542;24809;137;181;12
2543;24821;21;1181;20
2544;24841;17;1461;4
2545;24845;17;1461;8
2546;24853;24841;1;12
2547;24865;8287;3;4
2548;24869;8287;3;8
2549;24877;4973;5;12
2550;24889;24877;1;12
2551;24901;43;579;4
2552;24905;31;803;12
2553;24917;19;1311;8
2554;24925;9;2769;4
2555;24929;23;1083;20
2556;24949;5;4989;4
2557;24953;15;1663;8
2558;24961;9;2773;4
2559;24965;9;2773;8
2560;24973;7;3567;4
2561;24977;4993;5;12
2562;24989;21;1189;20
2563;25009;5;5001;4
2564;25013;2777;9;20
2565;25033;9;2781;4
2566;25037;9;2781;8
2567;25045;17;1473;4
2568;25049;17;1473;8
2569;25057;17;1473;16
2570;25073;19;1319;12
2571;25085;25073;1;12
2572;25097;8363;3;8
2573;25105;23;1091;12
2574;25117;11;2283;4
2575;25121;11;2283;8
2576;25129;5;5025;4
2577;25133;33;761;20
2578;25153;19;1323;16
2579;25169;8387;3;8
2580;25177;9;2797;4
2581;25181;9;2797;8
2582;25189;25153;1;36
2583;25225;7;3603;4
2584;25229;21;1201;8
2585;25237;21;1201;16
2586;25253;9;2805;8
2587;25261;25237;1;24
2588;25285;127;199;12
2589;25297;8431;3;4
2590;25301;8431;3;8
2591;25309;5;5061;4
2592;25313;15;1687;8
2593;25321;9;2813;4
2594;25325;17;1489;12
2595;25337;8443;3;8
2596;25345;8447;3;4
2597;25349;8447;3;8
2598;25357;8447;3;16
2599;25373;15;1691;8
2600;25381;11;2307;4
2601;25385;25373;1;12
2602;25397;9;2821;8
2603;25405;8467;3;4
2604;25409;5077;5;24
2605;25433;43;591;20
2606;25453;17;1497;4
2607;25457;35;727;12
2608;25469;9;2829;8
2609;25477;23;1107;16
2610;25493;83;307;12
2611;25505;1699;15;20
2612;25525;31;823;12
2613;25537;9;2837;4
2614;25541;9;2837;8
2615;25549;25537;1;12
2616;25561;7;3651;4
2617;25565;23;1111;12
2618;25577;5113;5;12
2619;25589;25577;1;12
2620;25601;19;1347;8
2621;25609;13;1969;12
2622;25621;8539;3;4
2623;25625;8539;3;8
2624;25633;8539;3;16
2625;25649;9;2849;8
2626;25657;21;1221;16
2627;25673;15;1711;8
2628;25681;19;1351;12
2629;25693;61;421;12
2630;25705;25693;1;12
2631;25717;9;2857;4
2632;25721;47;547;12
2633;25733;15;1715;8
2634;25741;25717;1;24
2635;25765;31;831;4
2636;25769;31;831;8
2637;25777;5153;5;12
2638;25789;5;5157;4
2639;25793;9;2865;8
2640;25801;8599;3;4
2641;25805;27;955;20
2642;25825;21;1229;16
2643;25841;79;327;8
2644;25849;25;1033;24
2645;25873;8623;3;4
2646;25877;35;739;12
2647;25889;8623;3;20
2648;25909;5;5181;4
2649;25913;59;439;12
2650;25925;53;489;8
2651;25933;9;2881;4
2652;25937;9;2881;8
2653;25945;25933;1;12
2654;25957;41;633;4
2655;25961;41;633;8
2656;25969;101;257;12
2657;25981;7;3711;4
2658;25985;19;1367;12
2659;25997;21;1237;20
2660;26017;13;2001;4
2661;26021;13;2001;8
2662;26029;26017;1;12
2663;26041;9;2893;4
2664;26045;9;2893;8
2665;26053;26041;1;12
2666;26065;26053;1;12
2667;26077;17;1533;16
2668;26093;2897;9;20
2669;26113;8699;3;16
2670;26129;13;2009;12
2671;26141;17;1537;12
2672;26153;9;2905;8
2673;26161;8719;3;4
2674;26165;26153;1;12
2675;26177;11;2379;8
2676;26185;9;2909;4
2677;26189;33;793;20
2678;26209;17;1541;12
2679;26221;9;2913;4
2680;26225;9;2913;8
2681;26233;7;3747;4
2682;26237;21;1249;8
2683;26245;8747;3;4
2684;26249;26237;1;12
2685;26261;9;2917;8
2686;26269;31;847;12
2687;26281;109;241;12
2688;26293;9;2921;4
2689;26297;9;2921;8
2690;26305;11;2391;4
2691;26309;11;2391;8
2692;26317;7;3759;4
2693;26321;21;1253;8
2694;26329;5;5265;4
2695;26333;26309;1;24
2696;26357;8783;3;8
2697;26365;19;1387;12
2698;26377;29;909;16
2699;26393;15;1759;8
2700;26401;7;3771;4
2701;26405;9;2933;8
2702;26413;8803;3;4
2703;26417;21;1257;20
2704;26437;9;2937;4
2705;26441;9;2937;8
2706;26449;61;433;36
2707;26485;7;3783;4
2708;26489;13;2037;8
2709;26497;8831;3;4
2710;26501;26489;1;12
2711;26513;26501;1;12
2712;26525;8839;3;8
2713;26533;2411;11;12
2714;26545;13;2041;12
2715;26557;53;501;4
2716;26561;139;191;12
2717;26573;26561;1;12
2718;26585;26573;1;12
2719;26597;8863;3;8
2720;26605;2953;9;28
2721;26633;15;1775;8
2722;26641;13;2049;4
2723;26645;25;1065;20
2724;26665;8887;3;4
2725;26669;19;1403;12
2726;26681;17;1569;8
2727;26689;5;5337;4
2728;26693;9;2965;8
2729;26701;13;2053;12
2730;26713;29;921;4
2731;26717;29;921;8
2732;26725;9;2969;4
2733;26729;9;2969;8
2734;26737;29;921;28
2735;26765;9;2973;8
2736;26773;8923;3;4
2737;26777;31;863;24
2738;26801;43;623;12
2739;26813;15;1787;8
2740;26821;7;3831;4
2741;26825;21;1277;8
2742;26833;21;1277;16
2743;26849;47;571;12
2744;26861;8951;3;8
2745;26869;107;251;12
2746;26881;97;277;12
2747;26893;8963;3;4
2748;26897;8963;3;8
2749;26905;8963;3;16
2750;26921;21;1281;20
2751;26941;9;2993;4
2752;26945;9;2993;8
2753;26953;29;929;12
2754;26965;11;2451;4
2755;26969;11;2451;8
2756;26977;9;2997;4
2757;26981;9;2997;8
2758;26989;5;5397;4
2759;26993;149;181;24
2760;27017;26981;1;36
2761;27053;9;3005;8
2762;27061;29;933;4
2763;27065;29;933;8
2764;27073;7;3867;4
2765;27077;21;1289;8
2766;27085;21;1289;16
2767;27101;11;2463;8
2768;27109;49;553;12
2769;27121;49;553;24
2770;27145;83;327;4
2771;27149;83;327;8
2772;27157;7;3879;4
2773;27161;9;3017;8
2774;27169;5;5433;4
2775;27173;157;173;12
2776;27185;29;937;12
2777;27197;9;3021;8
2778;27205;71;383;12
2779;27217;5441;5;12
2780;27229;5;5445;4
2781;27233;9;3025;8
2782;27241;7;3891;4
2783;27245;21;1297;8
2784;27253;31;879;4
2785;27257;21;1297;20
2786;27277;9091;3;4
2787;27281;9091;3;8
2788;27289;27253;1;36
2789;27325;7;3903;4
2790;27329;21;1301;8
2791;27337;21;1301;16
2792;27353;15;1823;8
2793;27361;11;2487;4
2794;27365;1823;15;20
2795;27385;9127;3;4
2796;27389;9127;3;8
2797;27397;5477;5;12
2798;27409;27397;1;12
2799;27421;13;2109;4
2800;27425;79;347;12
2801;27437;25;1097;12
2802;27449;9;3049;8
2803;27457;55;499;12
2804;27469;27457;1;12
2805;27481;27457;1;24
2806;27505;89;309;4
2807;27509;31;887;12
2808;27521;9;3057;8
2809;27529;3931;7;12
2810;27541;25;1101;16
2811;27557;9;3061;8
2812;27565;3061;9;16
2813;27581;19;1451;12
2814;27593;27581;1;12
2815;27605;9199;3;8
2816;27613;9203;3;4
2817;27617;9203;3;8
2818;27625;53;521;12
2819;27637;27;1023;16
2820;27653;61;453;20
2821;27673;23;1203;4
2822;27677;55;503;12
2823;27689;9227;3;8
2824;27697;9;3077;4
2825;27701;2129;13;24
2826;27725;9239;3;8
2827;27733;9;3081;4
2828;27737;25;1109;12
2829;27749;21;1321;8
2830;27757;21;1321;16
2831;27773;9;3085;8
2832;27781;47;591;4
2833;27785;47;591;8
2834;27793;47;591;16
2835;27809;9;3089;8
2836;27817;67;415;12
2837;27829;5;5565;4
2838;27833;43;647;12
2839;27845;13;2141;12
2840;27857;9283;3;8
2841;27865;23;1211;12
2842;27877;37;753;16
2843;27893;11;2535;8
2844;27901;17;1641;4
2845;27905;27893;1;12
2846;27917;9;3101;8
2847;27925;21;1329;16
2848;27941;2539;11;12
2849;27953;9;3105;8
2850;27961;23;1215;16
2851;27977;9323;3;8
2852;27985;9;3109;4
2853;27989;9;3109;8
2854;27997;7;3999;4
2855;28001;21;1333;8
2856;28009;5;5601;4
2857;28013;21;1333;20
2858;28033;37;757;24
2859;28057;71;395;12
2860;28069;28057;1;12
2861;28081;7;4011;4
2862;28085;21;1337;8
2863;28093;9;3121;4
2864;28097;41;685;12
2865;28109;28097;1;12
2866;28121;28097;1;24
2867;28145;4019;7;12
2868;28157;13;2165;12
2869;28169;37;761;12
2870;28181;21;1341;20
2871;28201;9;3133;4
2872;28205;9;3133;8
2873;28213;28201;1;12
2874;28225;23;1227;4
2875;28229;9403;3;20
2876;28249;3137;9;16
2877;28265;19;1487;12
2878;28277;9;3141;8
2879;28285;11;2571;4
2880;28289;11;2571;8
2881;28297;5657;5;12
2882;28309;5657;5;24
2883;28333;127;223;12
2884;28345;9;3149;4
2885;28349;25;1133;24
2886;28373;15;1891;8
2887;28381;2579;11;12
2888;28393;9463;3;4
2889;28397;35;811;12
2890;28409;9467;3;8
2891;28417;7;4059;4
2892;28421;9;3157;8
2893;28429;5;5685;4
2894;28433;97;293;12
2895;28445;9479;3;8
2896;28453;17;1673;12
2897;28465;37;769;12
2898;28477;53;537;16
2899;28493;19;1499;12
2900;28505;21;1357;8
2901;28513;13;2193;4
2902;28517;21;1357;20
2903;28537;9511;3;4
2904;28541;9511;3;8
2905;28549;28537;1;12
2906;28561;9;3173;4
2907;28565;9;3173;8
2908;28573;89;321;4
2909;28577;89;321;8
2910;28585;28573;1;12
2911;28597;9;3177;4
2912;28601;21;1361;20
2913;28621;9539;3;4
2914;28625;1907;15;20
2915;28645;9547;3;4
2916;28649;9547;3;8
2917;28657;9551;3;4
2918;28661;9551;3;8
2919;28669;5;5733;4
2920;28673;28661;1;12
2921;28685;53;541;12
2922;28697;73;393;8
2923;28705;29;989;24
2924;28729;13;2209;12
2925;28741;9;3193;4
2926;28745;9;3193;8
2927;28753;7;4107;4
2928;28757;5749;5;12
2929;28769;149;193;12
2930;28781;9;3197;8
2931;28789;5;5757;4
2932;28793;23;1251;20
2933;28813;9;3201;4
2934;28817;9;3201;8
2935;28825;28813;1;12
2936;28837;25;1153;12
2937;28849;25;1153;24
2938;28873;19;1519;12
2939;28885;9623;3;16
2940;28901;9631;3;8
2941;28909;5;5781;4
2942;28913;15;1927;8
2943;28921;7;4131;4
2944;28925;9;3213;8
2945;28933;17;1701;16
2946;28949;19;1523;12
2947;28961;33;877;20
2948;28981;1259;23;24
2949;29005;7;4143;4
2950;29009;21;1381;8
2951;29017;19;1527;4
2952;29021;29009;1;12
2953;29033;9;3225;8
2954;29041;9679;3;4
2955;29045;9679;3;8
2956;29053;113;257;12
2957;29065;9;3229;4
2958;29069;9;3229;8
2959;29077;11;2643;4
2960;29081;3229;9;20
2961;29101;9;3233;4
2962;29105;21;1385;20
2963;29125;17;1713;4
2964;29129;17;1713;8
2965;29137;17;1713;16
2966;29153;27;1079;20
2967;29173;121;241;12
2968;29185;71;411;4
2969;29189;163;179;12
2970;29201;37;789;8
2971;29209;43;679;12
2972;29221;33;885;16
2973;29237;9743;3;8
2974;29245;23;1271;12
2975;29257;7;4179;4
2976;29261;21;1393;8
2977;29269;5;5853;4
2978;29273;29;1009;12
2979;29285;73;401;12
2980;29297;13;2253;8
2981;29305;39;751;16
2982;29321;53;553;12
2983;29333;15;1955;8
2984;29341;7;4191;4
2985;29345;11;2667;8
2986;29353;139;211;24
2987;29377;35;839;12
2988;29389;29;1013;12
2989;29401;41;717;4
2990;29405;2671;11;24
2991;29429;9;3269;8
2992;29437;21;1401;16
2993;29453;13;2265;8
2994;29461;49;601;12
2995;29473;17;1733;12
2996;29485;31;951;4
2997;29489;31;951;8
2998;29497;9;3277;4
2999;29501;31;951;20
3000;29521;9839;3;4
3001;29525;2683;11;12
3002;29537;25;1181;12
3003;29549;51;579;20
3004;29569;5;5913;4
3005;29573;9;3285;8
3006;29581;9859;3;4
3007;29585;9859;3;8
3008;29593;7;4227;4
3009;29597;61;485;12
3010;29609;21;1409;20
3011;29629;5;5925;4
3012;29633;15;1975;8
3013;29641;29629;1;12
3014;29653;29641;1;12
3015;29665;9887;3;4
3016;29669;29633;1;36
3017;29705;23;1291;12
3018;29717;9;3301;8
3019;29725;3301;9;16
3020;29741;31;959;12
3021;29753;9;3305;8
3022;29761;7;4251;4
3023;29765;29741;1;24
3024;29789;2707;11;12
3025;29801;9931;3;8
3026;29809;9931;3;16
3027;29825;9;3313;8
3028;29833;61;489;4
3029;29837;3313;9;20
3030;29857;9;3317;4
3031;29861;19;1571;12
3032;29873;11;2715;8
3033;29881;73;409;24
3034;29905;167;179;12
3035;29917;13;2301;4
3036;29921;13;2301;8
3037;29929;5;5985;4
3038;29933;29921;1;12
3039;29945;37;809;12
3040;29957;67;447;8
3041;29965;79;379;24
3042;29989;5;5997;4
3043;29993;4283;7;12
3044;30005;9;3333;8
3045;30013;7;4287;4
3046;30017;21;1429;8
3047;30025;10007;3;4
3048;30029;85;353;24
3049;30053;47;639;20
3050;30073;43;699;16
3051;30089;37;813;8
3052;30097;55;547;12
3053;30109;5;6021;4
3054;30113;31;971;12
3055;30125;10039;3;8
3056;30133;11;2739;4
3057;30137;11;2739;8
3058;30145;30133;1;12
3059;30157;19;1587;4
3060;30161;19;1587;8
3061;30169;53;569;12
3062;30181;7;4311;4
3063;30185;9;3353;8
3064;30193;29;1041;4
3065;30197;6037;5;12
3066;30209;63;479;32
3067;30241;19;1591;12
3068;30253;30241;1;12
3069;30265;7;4323;4
3070;30269;11;2751;8
3071;30277;21;1441;16
3072;30293;9;3365;8
3073;30301;4327;7;12
3074;30313;157;193;12
3075;30325;9;3369;4
3076;30329;61;497;12
3077;30341;27;1123;20
3078;30361;9;3373;4
3079;30365;127;239;12
3080;30377;6073;5;12
3081;30389;13;2337;8
3082;30397;19;1599;16
3083;30413;15;2027;8
3084;30421;10139;3;4
3085;30425;10139;3;8
3086;30433;29;1049;12
3087;30445;73;417;4
3088;30449;21;1449;20
3089;30469;6089;5;24
3090;30493;10163;3;4
3091;30497;10163;3;8
3092;30505;9;3389;4
3093;30509;9;3389;8
3094;30517;6101;5;12
3095;30529;21;1453;16
3096;30545;9;3393;8
3097;30553;17;1797;4
3098;30557;17;1797;8
3099;30565;30553;1;12
3100;30577;9;3397;4
3101;30581;9;3397;8
3102;30589;5;6117;4
3103;30593;53;577;12
3104;30605;30593;1;12
3105;30617;6121;5;12
3106;30629;59;519;8
3107;30637;10211;3;4
3108;30641;10211;3;8
3109;30649;30637;1;12
3110;30661;11;2787;4
3111;30665;11;2787;8
3112;30673;10223;3;4
3113;30677;6133;5;12
3114;30689;9;3409;8
3115;30697;21;1461;16
3116;30713;2791;11;12
3117;30725;9;3413;8
3118;30733;3413;9;16
3119;30749;10247;3;8
3120;30757;13;2365;12
3121;30769;5;6153;4
3122;30773;15;2051;8
3123;30781;30757;1;24
3124;30805;10267;3;4
3125;30809;10267;3;8
3126;30817;61;505;12
3127;30829;30817;1;12
3128;30841;30829;1;12
3129;30853;30841;1;12
3130;30865;9;3429;4
3131;30869;59;523;12
3132;30881;30869;1;12
3133;30893;15;2059;8
3134;30901;77;401;24
3135;30925;11;2811;4
3136;30929;11;2811;8
3137;30937;7;4419;4
3138;30941;9;3437;8
3139;30949;5;6189;4
3140;30953;157;197;24
3141;30977;9;3441;8
3142;30985;27;1147;16
3143;31001;19;1631;12
3144;31013;29;1069;12
3145;31025;21;1477;8
3146;31033;10343;3;4
3147;31037;17;1825;12
3148;31049;9;3449;8
3149;31057;11;2823;4
3150;31061;11;2823;8
3151;31069;13;2389;12
3152;31081;9;3453;4
3153;31085;57;545;20
3154;31105;7;4443;4
3155;31109;21;1481;8
3156;31117;9;3457;4
3157;31121;121;257;24
3158;31145;97;321;8
3159;31153;4447;7;24
3160;31177;10391;3;4
3161;31181;10391;3;8
3162;31189;5;6237;4
3163;31193;9;3465;8
3164;31201;31177;1;24
3165;31225;13;2401;12
3166;31237;25;1249;12
3167;31249;5;6249;4
3168;31253;4463;7;12
3169;31265;31253;1;12
3170;31277;21;1489;8
3171;31285;21;1489;16
3172;31301;67;467;12
3173;31313;15;2087;8
3174;31321;131;239;12
3175;31333;9;3481;4
3176;31337;9;3481;8
3177;31345;31333;1;12
3178;31357;31;1011;16
3179;31373;2851;11;12
3180;31385;10459;3;8
3181;31393;10463;3;4
3182;31397;10459;3;20
3183;31417;37;849;4
3184;31421;37;849;8
3185;31429;10463;3;40
3186;31469;10487;3;8
3187;31477;9;3497;4
3188;31481;9;3497;8
3189;31489;31477;1;12
3190;31501;10499;3;4
3191;31505;10499;3;8
3192;31513;9;3501;4
3193;31517;9;3501;8
3194;31525;7;4503;4
3195;31529;31517;1;12
3196;31541;21;1501;20
3197;31561;4507;7;12
3198;31573;37;853;12
3199;31585;17;1857;16
3200;31601;10531;3;8
3201;31609;5;6321;4
3202;31613;31;1019;24
3203;31637;13;2433;8
3204;31645;53;597;4
3205;31649;53;597;8
3206;31657;4519;7;24
3207;31681;10559;3;4
3208;31685;10559;3;8
3209;31693;7;4527;4
3210;31697;9;3521;8
3211;31705;10567;3;4
3212;31709;29;1093;12
3213;31721;11;2883;8
3214;31729;5;6345;4
3215;31733;9;3525;8
3216;31741;31729;1;12
3217;31753;31741;1;12
3218;31765;9;3529;4
3219;31769;2887;11;12
3220;31781;31769;1;12
3221;31793;61;521;12
3222;31805;9;3533;8
3223;31813;23;1383;4
3224;31817;31793;1;24
3225;31841;9;3537;8
3226;31849;5;6369;4
3227;31853;17;1873;12
3228;31865;21;1517;8
3229;31873;79;403;36
3230;31909;167;191;12
3231;31921;10639;3;4
3232;31925;47;679;12
3233;31937;29;1101;8
3234;31945;2903;11;12
3235;31957;21;1521;16
3236;31973;15;2131;8
3237;31981;9;3553;4
3238;31985;2131;15;20
3239;32005;10667;3;4
3240;32009;10667;3;8
3241;32017;37;865;12
3242;32029;3557;9;16
3243;32045;103;311;12
3244;32057;13;2465;12
3245;32069;10687;3;8
3246;32077;53;605;12
3247;32089;10691;3;16
3248;32105;13;2469;8
3249;32113;7;4587;4
3250;32117;11;2919;8
3251;32125;21;1529;16
3252;32141;10711;3;8
3253;32149;4591;7;12
3254;32161;13;2473;12
3255;32173;29;1109;12
3256;32185;17;1893;4
3257;32189;23;1399;12
3258;32201;32189;1;12
3259;32213;13;2477;12
3260;32225;10739;3;8
3261;32233;9;3581;4
3262;32237;9;3581;8
3263;32245;32233;1;12
3264;32257;13;2481;4
3265;32261;1289;25;36
3266;32297;55;587;12
3267;32309;9;3589;8
3268;32317;10771;3;4
3269;32321;37;873;20
3270;32341;9;3593;4
3271;32345;9;3593;8
3272;32353;32341;1;12
3273;32365;7;4623;4
3274;32369;21;1541;8
3275;32377;9;3597;4
3276;32381;32369;1;12
3277;32393;15;2159;8
3278;32401;10799;3;4
3279;32405;10799;3;8
3280;32413;32401;1;12
3281;32425;101;321;4
3282;32429;77;421;12
3283;32441;19;1707;8
3284;32449;32413;1;36
3285;32485;9;3609;4
3286;32489;9;3609;8
3287;32497;27;1203;16
3288;32513;11;2955;8
3289;32521;9;3613;4
3290;32525;9;3613;8
3291;32533;7;4647;4
3292;32537;41;793;24
3293;32561;9;3617;8
3294;32569;5;6513;4
3295;32573;121;269;24
3296;32597;9;3621;8
3297;32605;10867;3;4
3298;32609;10867;3;8
3299;32617;7;4659;4
3300;32621;32609;1;12
3301;32633;32621;1;12
3302;32645;11;2967;8
3303;32653;10883;3;4
3304;32657;23;1419;20
3305;32677;47;695;12
3306;32689;5;6537;4
3307;32693;15;2179;8
3308;32701;97;337;12
3309;32713;10903;3;4
3310;32717;32693;1;24
3311;32741;9;3637;8
3312;32749;19;1723;12
3313;32761;61;537;4
3314;32765;61;537;8
3315;32773;9;3641;4
3316;32777;6553;5;12
3317;32789;21;1561;8
3318;32797;17;1929;4
3319;32801;73;449;24
3320;32825;10939;3;8
3321;32833;23;1427;12
3322;32845;31;1059;16
3323;32861;47;699;8
3324;32869;47;699;16
3325;32885;21;1565;20
3326;32905;11;2991;4
3327;32909;11;2991;8
3328;32917;6581;5;12
3329;32929;5;6585;4
3330;32933;15;2195;8
3331;32941;25;1317;16
3332;32957;55;599;12
3333;32969;55;599;24
3334;32993;9;3665;8
3335;33001;2999;11;12
3336;33013;11003;3;4
3337;33017;11003;3;8
3338;33025;9;3669;4
3339;33029;9;3669;8
3340;33037;25;1321;12
3341;33049;5;6609;4
3342;33053;19;1739;12
3343;33065;9;3673;8
3344;33073;4723;7;12
3345;33085;4723;7;24
3346;33109;5;6621;4
3347;33113;79;419;12
3348;33125;19;1743;8
3349;33133;9;3681;4
3350;33137;25;1325;12
3351;33149;13;2549;12
3352;33161;43;771;8
3353;33169;71;467;12
3354;33181;11059;3;4
3355;33185;49;677;12
3356;33197;13;2553;8
3357;33205;41;809;36
3358;33241;9;3693;4
3359;33245;25;1329;20
3360;33265;2557;13;24
3361;33289;5;6657;4
3362;33293;15;2219;8
3363;33301;11;3027;4
3364;33305;13;2561;12
3365;33317;6661;5;12
3366;33329;29;1149;8
3367;33337;25;1333;12
3368;33349;5;6669;4
3369;33353;9;3705;8
3370;33361;11119;3;4
3371;33365;33353;1;12
3372;33377;6673;5;12
3373;33389;21;1589;20
3374;33409;5;6681;4
3375;33413;173;193;24
3376;33437;11;3039;8
3377;33445;67;499;12
3378;33457;7;4779;4
3379;33461;9;3717;8
3380;33469;21;1593;16
3381;33485;11159;3;8
3382;33493;4783;7;12
3383;33505;61;549;16
3384;33521;11171;3;8
3385;33529;5;6705;4
3386;33533;9;3725;8
3387;33541;7;4791;4
3388;33545;21;1597;8
3389;33553;21;1597;16
3390;33569;9;3729;8
3391;33577;19;1767;4
3392;33581;19;1767;8
3393;33589;33577;1;12
3394;33601;33589;1;12
3395;33613;17;1977;4
3396;33617;17;1977;8
3397;33625;7;4803;4
3398;33629;21;1601;8
3399;33637;9;3737;4
3400;33641;33629;1;12
3401;33653;15;2243;8
3402;33661;13;2589;4
3403;33665;2243;15;20
3404;33685;41;821;24
3405;33709;5;6741;4
3406;33713;9;3745;8
3407;33721;31;1087;24
3408;33745;9;3749;4
3409;33749;9;3749;8
3410;33757;17;1985;12
3411;33769;5;6753;4
3412;33773;13;2597;12
3413;33785;33773;1;12
3414;33797;21;1609;8
3415;33805;19;1779;4
3416;33809;21;1609;20
3417;33829;6761;5;24
3418;33853;9;3761;4
3419;33857;9;3761;8
3420;33865;3761;9;16
3421;33881;21;1613;8
3422;33889;5;6777;4
3423;33893;17;1993;12
3424;33905;33893;1;12
3425;33917;11299;3;20
3426;33937;11311;3;4
3427;33941;11311;3;8
3428;33949;33937;1;12
3429;33961;7;4851;4
3430;33965;9;3773;8
3431;33973;13;2613;4
3432;33977;6793;5;12
3433;33989;47;723;8
3434;33997;53;641;24
3435;34021;17;2001;4
3436;34025;17;2001;8
3437;34033;9;3781;4
3438;34037;23;1479;20
3439;34057;11351;3;4
3440;34061;79;431;12
3441;34073;9;3785;8
3442;34081;37;921;4
3443;34085;11351;3;32
3444;34117;83;411;4
3445;34121;83;411;8
3446;34129;109;313;12
3447;34141;9;3793;4
3448;34145;29;1177;12
3449;34157;11383;3;8
3450;34165;65;525;40
3451;34205;11399;3;8
3452;34213;7;4887;4
3453;34217;9;3801;8
3454;34225;11;3111;4
3455;34229;34217;1;12
3456;34241;11411;3;8
3457;34249;5;6849;4
3458;34253;9;3805;8
3459;34261;29;1181;12
3460;34273;34261;1;12
3461;34285;9;3809;4
3462;34289;9;3809;8
3463;34297;7;4899;4
3464;34301;17;2017;12
3465;34313;34301;1;12
3466;34325;34313;1;12
3467;34337;11443;3;8
3468;34345;11443;3;16
3469;34361;9;3817;8
3470;34369;5;6873;4
3471;34373;15;2291;8
3472;34381;11447;3;40
3473;34421;11471;3;8
3474;34429;11467;3;28
3475;34457;11483;3;8
3476;34465;7;4923;4
3477;34469;34457;1;12
3478;34481;34469;1;12
3479;34493;11;3135;8
3480;34501;13;2653;12
3481;34513;34501;1;12
3482;34525;34513;1;12
3483;34537;9;3837;4
3484;34541;9;3837;8
3485;34549;5;6909;4
3486;34553;37;933;32
3487;34585;11527;3;4
3488;34589;11527;3;8
3489;34597;6917;5;12
3490;34609;5;6921;4
3491;34613;9;3845;8
3492;34621;11;3147;4
3493;34625;45;769;20
3494;34645;9;3849;4
3495;34649;21;1649;20
3496;34669;5;6933;4
3497;34673;11551;3;20
3498;34693;31;1119;4
3499;34697;35;991;12
3500;34709;43;807;8
3501;34717;7;4959;4
3502;34721;9;3857;8
3503;34729;19;1827;16
3504;34745;47;739;12
3505;34757;9;3861;8
3506;34765;27;1287;16
3507;34781;11587;3;20
3508;34801;7;4971;4
3509;34805;3163;11;12
3510;34817;6961;5;12
3511;34829;37;941;12
3512;34841;17;2049;8
3513;34849;53;657;28
3514;34877;59;591;8
3515;34885;43;811;12
3516;34897;9;3877;4
3517;34901;139;251;12
3518;34913;3877;9;20
3519;34933;47;743;12
3520;34945;19;1839;4
3521;34949;19;1839;8
3522;34957;61;573;4
3523;34961;34949;1;12
3524;34973;9;3885;8
3525;34981;89;393;4
3526;34985;21;1665;20
3527;35005;9;3889;4
3528;35009;6997;5;24
3529;35033;33;1061;20
3530;35053;67;523;12
3531;35065;13;2697;4
3532;35069;3187;11;12
3533;35081;9;3897;8
3534;35089;7013;5;24
3535;35113;9;3901;4
3536;35117;9;3901;8
3537;35125;23;1527;4
3538;35129;23;1527;8
3539;35137;7;5019;4
3540;35141;21;1673;8
3541;35149;5;7029;4
3542;35153;35141;1;12
3543;35165;11719;3;8
3544;35173;19;1851;4
3545;35177;11719;3;20
3546;35197;11731;3;4
3547;35201;11731;3;8
3548;35209;61;577;12
3549;35221;7;5031;4
3550;35225;35201;1;24
3551;35249;17;2073;8
3552;35257;9;3917;4
3553;35261;9;3917;8
3554;35269;35257;1;12
3555;35281;11;3207;4
3556;35285;11;3207;8
3557;35293;2713;13;24
3558;35317;21;1681;16
3559;35333;13;2717;12
3560;35345;11779;3;8
3561;35353;11779;3;16
3562;35369;9;3929;8
3563;35377;13;2721;4
3564;35381;113;313;12
3565;35393;15;2359;8
3566;35401;9;3933;4
3567;35405;21;1685;20
3568;35425;5059;7;12
3569;35437;13;2725;12
3570;35449;35437;1;12
3571;35461;53;669;4
3572;35465;121;293;12
3573;35477;51;695;32
3574;35509;5;7101;4
3575;35513;9;3945;8
3576;35521;35509;1;12
3577;35533;13;2733;4
3578;35537;13;2733;8
3579;35545;35521;1;24
3580;35569;5;7113;4
3581;35573;21;1693;20
3582;35593;11863;3;4
3583;35597;11863;3;8
3584;35605;35593;1;12
3585;35617;11867;3;16
3586;35633;15;2375;8
3587;35641;7;5091;4
3588;35645;21;1697;8
3589;35653;9;3961;4
3590;35657;7129;5;12
3591;35669;11887;3;8
3592;35677;35;1019;12
3593;35689;23;1551;16
3594;35705;39;915;20
3595;35725;7;5103;4
3596;35729;9;3969;8
3597;35737;21;1701;16
3598;35753;49;729;32
3599;35785;11927;3;4
3600;35789;11927;3;8
3601;35797;9;3977;4
3602;35801;9;3977;8
3603;35809;35797;1;12
3604;35821;11939;3;4
3605;35825;59;607;12
3606;35837;33;1085;32
3607;35869;5;7173;4
3608;35873;9;3985;8
3609;35881;11959;3;4
3610;35885;29;1237;12
3611;35897;7177;5;12
3612;35909;35897;1;12
3613;35921;149;241;12
3614;35933;11971;3;20
3615;35953;23;1563;4
3616;35957;23;1563;8
3617;35965;11987;3;4
3618;35969;11987;3;8
3619;35977;7193;5;12
3620;35989;5;7197;4
3621;35993;21;1713;20
3622;36013;9;4001;4
3623;36017;39;923;20
3624;36037;36013;1;24
3625;36061;7;5151;4
3626;36065;17;2121;8
3627;36073;47;767;24
3628;36097;53;681;4
3629;36101;53;681;8
3630;36109;36097;1;12
3631;36121;9;4013;4
3632;36125;49;737;12
3633;36137;12043;3;8
3634;36145;7;5163;4
3635;36149;36137;1;12
3636;36161;37;977;12
3637;36173;15;2411;8
3638;36181;31;1167;4
3639;36185;31;1167;8
3640;36193;97;373;12
3641;36205;11;3291;4
3642;36209;11;3291;8
3643;36217;12071;3;4
3644;36221;12071;3;8
3645;36229;36217;1;12
3646;36241;21;1725;16
3647;36257;43;843;8
3648;36265;9;4029;4
3649;36269;9;4029;8
3650;36277;17;2133;16
3651;36293;71;511;12
3652;36305;9;4033;8
3653;36313;31;1171;12
3654;36325;12107;3;4
3655;36329;23;1579;12
3656;36341;17;2137;12
3657;36353;15;2423;8
3658;36361;163;223;12
3659;36373;12119;3;16
3660;36389;67;543;8
3661;36397;7;5199;4
3662;36401;36389;1;12
3663;36413;21;1733;20
3664;36433;43;847;12
3665;36445;36433;1;12
3666;36457;37;985;12
3667;36469;5;7293;4
3668;36473;19;1919;12
3669;36485;9;4053;8
3670;36493;12163;3;4
3671;36497;21;1737;20
3672;36517;35;1043;12
3673;36529;13;2809;12
3674;36541;19;1923;4
3675;36545;59;619;24
3676;36569;139;263;12
3677;36581;21;1741;20
3678;36601;11;3327;4
3679;36605;27;1355;20
3680;36625;9;4069;4
3681;36629;9;4069;8
3682;36637;39;939;16
3683;36653;15;2443;8
3684;36661;9;4073;4
3685;36665;36653;1;12
3686;36677;4073;9;20
3687;36697;23;1595;12
3688;36709;5;7341;4
3689;36713;15;2447;8
3690;36721;12239;3;4
3691;36725;12239;3;8
3692;36733;7;5247;4
3693;36737;9;4081;8
3694;36745;37;993;4
3695;36749;17;2161;12
3696;36761;37;993;20
3697;36781;83;443;12
3698;36793;36781;1;12
3699;36805;9;4089;4
3700;36809;31;1187;12
3701;36821;21;1753;8
3702;36829;5;7365;4
3703;36833;36821;1;12
3704;36845;9;4093;8
3705;36853;71;519;4
3706;36857;71;519;8
3707;36865;137;269;12
3708;36877;9;4097;4
3709;36881;9;4097;8
3710;36889;36877;1;12
3711;36901;37;997;12
3712;36913;21;1757;16
3713;36929;19;1943;12
3714;36941;29;1273;24
3715;36965;97;381;8
3716;36973;23;1607;12
3717;36985;36973;1;12
3718;36997;21;1761;16
3719;37013;15;2467;8
3720;37021;9;4113;4
3721;37025;9;4113;8
3722;37033;27;1371;16
3723;37049;12347;3;8
3724;37057;9;4117;4
3725;37061;37;1001;24
3726;37085;131;283;12
3727;37097;9;4121;8
3728;37105;49;757;12
3729;37117;49;757;24
3730;37141;107;347;12
3731;37153;7;5307;4
3732;37157;21;1769;8
3733;37165;21;1769;16
3734;37181;12391;3;8
3735;37189;5;7437;4
3736;37193;15;2479;8
3737;37201;37;1005;16
3738;37217;79;471;8
3739;37225;37201;1;24
3740;37249;5;7449;4
3741;37253;167;223;12
3742;37265;11;3387;8
3743;37273;9;4141;4
3744;37277;9;4141;8
3745;37285;5323;7;24
3746;37309;5;7461;4
3747;37313;9;4145;8
3748;37321;7;5331;4
3749;37325;21;1777;8
3750;37333;23;1623;4
3751;37337;25;1493;12
3752;37349;9;4149;8
3753;37357;12451;3;4
3754;37361;12451;3;8
3755;37369;37357;1;12
3756;37381;9;4153;4
3757;37385;9;4153;8
3758;37393;11;3399;4
3759;37397;11;3399;8
3760;37405;7;5343;4
3761;37409;4153;9;32
3762;37441;12479;3;4
3763;37445;1627;23;24
3764;37469;5351;7;12
3765;37481;12491;3;8
3766;37489;5;7497;4
3767;37493;9;4165;8
3768;37501;29;1293;4
3769;37505;37493;1;12
3770;37517;13;2885;12
3771;37529;9;4169;8
3772;37537;19;1975;12
3773;37549;37537;1;12
3774;37561;37549;1;12
3775;37573;7;5367;4
3776;37577;21;1789;8
3777;37585;12527;3;4
3778;37589;55;683;24
3779;37613;15;2507;8
3780;37621;13;2893;12
3781;37633;9;4181;4
3782;37637;9;4181;8
3783;37645;12547;3;4
3784;37649;12547;3;8
3785;37657;7;5379;4
3786;37661;37649;1;12
3787;37673;13;2897;12
3788;37685;19;1983;8
3789;37693;49;769;12
3790;37705;37693;1;12
3791;37717;7541;5;12
3792;37729;5;7545;4
3793;37733;67;563;12
3794;37745;97;389;12
3795;37757;21;1797;20
3796;37777;9;4197;4
3797;37781;2221;17;24
3798;37805;43;879;8
3799;37813;9;4201;4
3800;37817;9;4201;8
3801;37825;37813;1;12
3802;37837;21;1801;16
3803;37853;9;4205;8
3804;37861;12619;3;4
3805;37865;29;1305;20
3806;37885;9;4209;4
3807;37889;9;4209;8
3808;37897;121;313;24
3809;37921;9;4213;4
3810;37925;21;1805;20
3811;37945;12647;3;4
3812;37949;12647;3;8
3813;37957;2917;13;36
3814;37993;7;5427;4
3815;37997;127;299;24
3816;38021;12671;3;8
3817;38029;5;7605;4
3818;38033;9;4225;8
3819;38041;17;2237;12
3820;38053;31;1227;16
3821;38069;9;4229;8
3822;38077;7;5439;4
3823;38081;21;1813;8
3824;38089;21;1813;16
3825;38105;9;4233;8
3826;38113;5443;7;12
3827;38125;5443;7;24
3828;38149;5;7629;4
3829;38153;43;887;12
3830;38165;38153;1;12
3831;38177;17;2245;12
3832;38189;11;3471;8
3833;38197;29;1317;4
3834;38201;33;1157;20
3835;38221;19;2011;12
3836;38233;12743;3;4
3837;38237;12743;3;8
3838;38245;12743;3;16
3839;38261;23;1663;12
3840;38273;15;2551;8
3841;38281;49;781;12
3842;38293;4253;9;16
3843;38309;17;2253;8
3844;38317;9;4257;4
3845;38321;9;4257;8
3846;38329;5;7665;4
3847;38333;38321;1;12
3848;38345;21;1825;20
3849;38365;19;2019;4
3850;38369;19;2019;8
3851;38377;7673;5;12
3852;38389;5;7677;4
3853;38393;5483;7;12
3854;38405;38393;1;12
3855;38417;21;1829;8
3856;38425;21;1829;16
3857;38441;23;1671;8
3858;38449;5;7689;4
3859;38453;11;3495;8
3860;38461;33;1165;16
3861;38477;4273;9;20
3862;38497;7;5499;4
3863;38501;9;4277;8
3864;38509;101;381;28
3865;38537;9;4281;8
3866;38545;31;1243;12
3867;38557;71;543;4
3868;38561;71;543;8
3869;38569;5;7713;4
3870;38573;9;4285;8
3871;38581;7;5511;4
3872;38585;11;3507;8
3873;38593;19;2031;4
3874;38597;7717;5;12
3875;38609;57;677;20
3876;38629;23;1679;12
3877;38641;38629;1;12
3878;38653;27;1431;16
3879;38669;21;1841;8
3880;38677;21;1841;16
3881;38693;15;2579;8
3882;38701;12899;3;4
3883;38705;12899;3;8
3884;38713;13;2977;12
3885;38725;12907;3;4
3886;38729;12907;3;8
3887;38737;25;1549;12
3888;38749;12911;3;16
3889;38765;13;2981;12
3890;38777;12923;3;8
3891;38785;83;467;24
3892;38809;5;7761;4
3893;38813;13;2985;8
3894;38821;9;4313;4
3895;38825;9;4313;8
3896;38833;38821;1;12
3897;38845;11;3531;4
3898;38849;71;547;12
3899;38861;53;733;12
3900;38873;53;733;24
3901;38897;35;1111;12
3902;38909;12967;3;8
3903;38917;7;5559;4
3904;38921;13;2993;12
3905;38933;38921;1;12
3906;38945;12979;3;8
3907;38953;5563;7;12
3908;38965;38953;1;12
3909;38977;11;3543;4
3910;38981;19;2051;12
3911;38993;17;2293;12
3912;39005;9;4333;8
3913;39013;69;565;28
3914;39041;9;4337;8
3915;39049;4337;9;16
3916;39065;47;831;8
3917;39073;53;737;12
3918;39085;7;5583;4
3919;39089;21;1861;8
3920;39097;83;471;4
3921;39101;39089;1;12
3922;39113;61;641;12
3923;39125;13;3009;8
3924;39133;19;2059;12
3925;39145;39133;1;12
3926;39157;31;1263;4
3927;39161;4349;9;20
3928;39181;9;4353;4
3929;39185;21;1865;20
3930;39205;73;537;4
3931;39209;73;537;8
3932;39217;7841;5;12
3933;39229;5;7845;4
3934;39233;15;2615;8
3935;39241;39229;1;12
3936;39253;7;5607;4
3937;39257;9;4361;8
3938;39265;39241;1;24
3939;39289;5;7857;4
3940;39293;9;4365;8
3941;39301;101;389;12
3942;39313;13103;3;4
3943;39317;39293;1;24
3944;39341;39317;1;24
3945;39365;9;4373;8
3946;39373;11;3579;4
3947;39377;11;3579;8
3948;39385;39373;1;12
3949;39397;7877;5;12
3950;39409;13127;3;28
3951;39437;3583;11;24
3952;39461;13151;3;8
3953;39469;17;2321;12
3954;39481;13159;3;4
3955;39485;13159;3;8
3956;39493;13;3037;12
3957;39505;7;5643;4
3958;39509;127;311;12
3959;39521;39509;1;12
3960;39533;15;2635;8
3961;39541;5647;7;12
3962;39553;39541;1;12
3963;39565;13187;3;4
3964;39569;5651;7;12
3965;39581;39569;1;12
3966;39593;39581;1;12
3967;39605;17;2329;12
3968;39617;9;4401;8
3969;39625;5659;7;12
3970;39637;5659;7;24
3971;39661;13219;3;4
3972;39665;13219;3;8
3973;39673;17;2333;12
3974;39685;21;1889;16
3975;39701;101;393;8
3976;39709;7937;5;24
3977;39733;23;1727;12
3978;39745;13;3057;4
3979;39749;79;503;12
3980;39761;9;4417;8
3981;39769;21;1893;16
3982;39785;13259;3;8
3983;39793;9;4421;4
3984;39797;13259;3;20
3985;39817;23;1731;4
3986;39821;23;1731;8
3987;39829;5;7965;4
3988;39833;9;4425;8
3989;39841;7;5691;4
3990;39845;61;653;12
3991;39857;13;3065;12
3992;39869;9;4429;8
3993;39877;17;2345;12
3994;39889;39877;1;12
3995;39901;39877;1;24
3996;39925;7;5703;4
3997;39929;21;1901;8
3998;39937;21;1901;16
3999;39953;15;2663;8
4000;39961;19;2103;4
4001;39965;3631;11;24
4002;39989;5711;7;12
4003;40001;13331;3;8
4004;40009;5;8001;4
4005;40013;13;3077;12
4006;40025;40013;1;12
4007;40037;11;3639;8
4008;40045;9;4449;4
4009;40049;9;4449;8
4010;40057;8009;5;12
4011;40069;41;977;12
4012;40081;9;4453;4
4013;40085;9;4453;8
4014;40093;7;5727;4
4015;40097;21;1909;8
4016;40105;21;1909;16
4017;40121;9;4457;8
4018;40129;77;521;12
4019;40141;40129;1;12
4020;40153;9;4461;4
4021;40157;9;4461;8
4022;40165;11;3651;4
4023;40169;11;3651;8
4024;40177;29;1385;12
4025;40189;5;8037;4
4026;40193;21;1913;20
4027;40213;5743;7;12
4028;40225;40213;1;12
4029;40237;13411;3;4
4030;40241;49;821;12
4031;40253;40241;1;12
4032;40265;40253;1;12
4033;40277;8053;5;12
4034;40289;31;1299;20
4035;40309;59;683;12
4036;40321;89;453;4
4037;40325;89;453;8
4038;40333;61;661;12
4039;40345;7;5763;4
4040;40349;17;2373;8
4041;40357;13451;3;4
4042;40361;193;209;24
4043;40385;23;1755;20
4044;40405;9;4489;4
4045;40409;9;4489;8
4046;40417;8081;5;12
4047;40429;5;8085;4
4048;40433;11;3675;8
4049;40441;9;4493;4
4050;40445;21;1925;20
4051;40465;5779;7;12
4052;40477;13487;3;16
4053;40493;15;2699;8
4054;40501;13499;3;4
4055;40505;2699;15;20
4056;40525;13;3117;4
4057;40529;2699;15;44
4058;40573;13523;3;4
4059;40577;13523;3;8
4060;40585;9;4509;4
4061;40589;9;4509;8
4062;40597;8117;5;12
4063;40609;5;8121;4
4064;40613;3691;11;12
4065;40625;17;2389;12
4066;40637;4513;9;20
4067;40657;9;4517;4
4068;40661;5807;7;12
4069;40673;15;2711;8
4070;40681;67;607;12
4071;40693;9;4521;4
4072;40697;79;515;12
4073;40709;27;1507;20
4074;40729;41;993;16
4075;40745;23;1771;12
4076;40757;77;529;24
4077;40781;21;1941;20
4078;40801;9;4533;4
4079;40805;9;4533;8
4080;40813;27;1511;16
4081;40829;11;3711;8
4082;40837;9;4537;4
4083;40841;9;4537;8
4084;40849;5;8169;4
4085;40853;15;2723;8
4086;40861;21;1945;16
4087;40877;9;4541;8
4088;40885;5839;7;12
4089;40897;57;717;28
4090;40925;23;1779;8
4091;40933;23;1779;16
4092;40949;13;3149;12
4093;40961;11;3723;8
4094;40969;5;8193;4
4095;40973;33;1241;20
4096;40993;53;773;24
4097;41017;59;695;12
4098;41029;5;8205;4
4099;41033;17;2413;12
4100;41045;13679;3;8
4101;41053;9;4561;4
4102;41057;13679;3;20
4103;41077;13691;3;4
4104;41081;13691;3;8
4105;41089;5;8217;4
4106;41093;41081;1;12
4107;41105;19;2163;8
4108;41113;71;579;4
4109;41117;29;1417;24
4110;41141;13711;3;8
4111;41149;31;1327;12
4112;41161;9;4573;4
4113;41165;5879;7;12
4114;41177;13723;3;8
4115;41185;7;5883;4
4116;41189;21;1961;8
4117;41197;9;4577;4
4118;41201;41189;1;12
4119;41213;15;2747;8
4120;41221;11;3747;4
4121;41225;11;3747;8
4122;41233;41221;1;12
4123;41245;41233;1;12
4124;41257;73;565;12
4125;41269;5;8253;4
4126;41273;9;4585;8
4127;41281;21;1965;16
4128;41297;23;1795;12
4129;41309;13763;3;20
4130;41329;5;8265;4
4131;41333;15;2755;8
4132;41341;9;4593;4
4133;41345;9;4593;8
4134;41353;7;5907;4
4135;41357;11;3759;8
4136;41365;17;2433;4
4137;41369;41357;1;12
4138;41381;9;4597;8
4139;41389;8273;5;24
4140;41413;19;2179;12
4141;41425;13807;3;4
4142;41429;83;499;12
4143;41441;21;1973;8
4144;41449;5;8289;4
4145;41453;29;1429;12
4146;41465;27;1535;20
4147;41485;67;619;12
4148;41497;33;1257;16
4149;41513;15;2767;8
4150;41521;13;3193;12
4151;41533;109;381;4
4152;41537;25;1661;12
4153;41549;61;681;8
4154;41557;109;381;28
4155;41585;13859;3;8
4156;41593;9;4621;4
4157;41597;9;4621;8
4158;41605;7;5943;4
4159;41609;21;1981;8
4160;41617;11;3783;4
4161;41621;21;1981;20
4162;41641;13879;3;4
4163;41645;25;1665;20
4164;41665;9;4629;4
4165;41669;77;541;12
4166;41681;41669;1;12
4167;41693;41669;1;24
4168;41717;13903;3;8
4169;41725;13907;3;4
4170;41729;13907;3;8
4171;41737;59;707;24
4172;41761;31;1347;4
4173;41765;31;1347;8
4174;41773;7;5967;4
4175;41777;9;4641;8
4176;41785;17;2457;16
4177;41801;13931;3;8
4178;41809;5;8361;4
4179;41813;9;4645;8
4180;41821;49;853;24
4181;41845;9;4649;4
4182;41849;17;2461;12
4183;41861;21;1993;8
4184;41869;5;8373;4
4185;41873;41;1021;12
4186;41885;9;4653;8
4187;41893;13963;3;4
4188;41897;13963;3;8
4189;41905;149;281;36
4190;41941;7;5991;4
4191;41945;21;1997;8
4192;41953;9;4661;4
4193;41957;8389;5;12
4194;41969;71;591;8
4195;41977;17;2469;4
4196;41981;71;591;20
4197;42001;199;211;12
4198;42013;11;3819;4
4199;42017;11;3819;8
4200;42025;7;6003;4
4201;42029;42017;1;12
4202;42041;21;2001;20
4203;42061;6007;7;12
4204;42073;4673;9;16
4205;42089;6011;7;12
4206;42101;9;4677;8
4207;42109;43;979;12
4208;42121;101;417;4
4209;42125;23;1831;12
4210;42137;9;4681;8
4211;42145;11;3831;4
4212;42149;11;3831;8
4213;42157;8429;5;12
4214;42169;5;8433;4
4215;42173;9;4685;8
4216;42181;42169;1;12
4217;42193;7;6027;4
4218;42197;13;3245;12
4219;42209;42197;1;12
4220;42221;42209;1;12
4221;42233;15;2815;8
4222;42241;25;1689;16
4223;42257;157;269;24
4224;42281;9;4697;8
4225;42289;5;8457;4
4226;42293;42281;1;12
4227;42305;2819;15;20
4228;42325;17;2489;12
4229;42337;103;411;4
4230;42341;103;411;8
4231;42349;5;8469;4
4232;42353;13;3257;12
4233;42365;21;2017;8
4234;42373;42349;1;24
4235;42397;13;3261;4
4236;42401;13;3261;8
4237;42409;39;1087;16
4238;42425;9;4713;8
4239;42433;14143;3;4
4240;42437;14143;3;8
4241;42445;42433;1;12
4242;42457;9;4717;4
4243;42461;17;2497;12
4244;42473;42461;1;12
4245;42485;57;745;20
4246;42505;31;1371;4
4247;42509;31;1371;8
4248;42517;37;1149;4
4249;42521;42509;1;12
4250;42533;42509;1;24
4251;42557;13;3273;8
4252;42565;9;4729;4
4253;42569;9;4729;8
4254;42577;8513;5;12
4255;42589;42577;1;12
4256;42601;9;4733;4
4257;42605;42569;1;36
4258;42641;9;4737;8
4259;42649;5;8529;4
4260;42653;15;2843;8
4261;42661;2843;15;16
4262;42677;9;4741;8
4263;42685;41;1041;4
4264;42689;41;1041;8
4265;42697;7;6099;4
4266;42701;19;2247;8
4267;42709;19;2247;16
4268;42725;121;353;12
4269;42737;121;353;24
4270;42761;31;1379;12
4271;42773;14251;3;20
4272;42793;17;2517;4
4273;42797;43;995;12
4274;42809;42797;1;12
4275;42821;9;4757;8
4276;42829;47;911;12
4277;42841;42829;1;12
4278;42853;9;4761;4
4279;42857;9;4761;8
4280;42865;42853;1;12
4281;42877;31;1383;4
4282;42881;21;2041;20
4283;42901;79;543;4
4284;42905;79;543;8
4285;42913;42901;1;12
4286;42925;9;4769;4
4287;42929;9;4769;8
4288;42937;17;2525;12
4289;42949;5;8589;4
4290;42953;15;2863;8
4291;42961;9;4773;4
4292;42965;21;2045;20
4293;42985;14327;3;4
4294;42989;14323;3;20
4295;43009;5;8601;4
4296;43013;6143;7;12
4297;43025;43013;1;12
4298;43037;9;4781;8
4299;43045;14347;3;4
4300;43049;43037;1;12
4301;43061;113;381;8
4302;43069;8609;5;24
4303;43093;67;643;12
4304;43105;43093;1;12
4305;43117;4789;9;16
4306;43133;13;3317;12
4307;43145;23;1875;20
4308;43165;3923;11;12
4309;43177;9;4797;4
4310;43181;9;4797;8
4311;43189;43177;1;12
4312;43201;7;6171;4
4313;43205;39;1107;32
4314;43237;13;3325;12
4315;43249;43237;1;12
4316;43261;14419;3;4
4317;43265;14419;3;8
4318;43273;14423;3;4
4319;43277;17;2545;12
4320;43289;9;4809;8
4321;43297;21;2061;16
4322;43313;15;2887;8
4323;43321;9;4813;4
4324;43325;9;4813;8
4325;43333;43321;1;12
4326;43345;2887;15;40
4327;43385;3943;11;12
4328;43397;9;4821;8
4329;43405;47;923;24
4330;43429;5;8685;4
4331;43433;9;4825;8
4332;43441;14479;3;4
4333;43445;13;3341;12
4334;43457;21;2069;8
4335;43465;9;4829;4
4336;43469;43457;1;12
4337;43481;43;1011;8
4338;43489;6211;7;12
4339;43501;157;277;12
4340;43513;14503;3;4
4341;43517;14503;3;8
4342;43525;53;821;12
4343;43537;7;6219;4
4344;43541;19;2291;12
4345;43553;43541;1;12
4346;43565;14519;3;8
4347;43573;9;4841;4
4348;43577;14519;3;20
4349;43597;23;1895;12
4350;43609;5;8721;4
4351;43613;9;4845;8
4352;43621;7;6231;4
4353;43625;21;2077;8
4354;43633;21;2077;16
4355;43649;9;4849;8
4356;43657;14551;3;4
4357;43661;14551;3;8
4358;43669;14551;3;16
4359;43685;9;4853;8
4360;43693;14563;3;4
4361;43697;14563;3;8
4362;43705;7;6243;4
4363;43709;21;2081;8
4364;43717;9;4857;4
4365;43721;109;401;12
4366;43733;43721;1;12
4367;43745;61;717;8
4368;43753;17;2573;12
4369;43765;43753;1;12
4370;43777;14591;3;4
4371;43781;14591;3;8
4372;43789;5;8757;4
4373;43793;9;4865;8
4374;43801;13;3369;4
4375;43805;21;2085;20
4376;43825;9;4869;4
4377;43829;51;859;20
4378;43849;5;8769;4
4379;43853;57;769;20
4380;43873;7;6267;4
4381;43877;31;1415;12
4382;43889;31;1415;24
4383;43913;4877;9;20
4384;43933;9;4881;4
4385;43937;14639;3;20
4386;43957;7;6279;4
4387;43961;13;3381;8
4388;43969;5;8793;4
4389;43973;21;2093;20
4390;43993;11;3999;4
4391;43997;11;3999;8
4392;44005;29;1517;12
4393;44017;17;2589;4
4394;44021;17;2589;8
4395;44029;44017;1;12
4396;44041;44029;1;12
4397;44053;14683;3;4
4398;44057;4003;11;24
4399;44081;9;4897;8
4400;44089;4007;11;12
4401;44101;14699;3;4
4402;44105;6299;7;12
4403;44117;9;4901;8
4404;44125;7;6303;4
4405;44129;157;281;12
4406;44141;14699;3;44
4407;44185;9;4909;4
4408;44189;9;4909;8
4409;44197;14731;3;4
4410;44201;4909;9;20
4411;44221;9;4913;4
4412;44225;21;2105;20
4413;44245;14747;3;4
4414;44249;14747;3;8
4415;44257;8849;5;12
4416;44269;5;8853;4
4417;44273;13;3405;8
4418;44281;14759;3;4
4419;44285;14759;3;8
4420;44293;44281;1;12
4421;44305;44281;1;24
4422;44329;8861;5;24
4423;44353;14783;3;4
4424;44357;35;1267;12
4425;44369;44357;1;12
4426;44381;21;2113;8
4427;44389;31;1431;28
4428;44417;113;393;8
4429;44425;23;1931;12
4430;44437;25;1777;12
4431;44449;5;8889;4
4432;44453;15;2963;8
4433;44461;7;6351;4
4434;44465;2339;19;24
4435;44489;14827;3;8
4436;44497;14831;3;4
4437;44501;79;563;24
4438;44525;11;4047;8
4439;44533;14843;3;4
4440;44537;13;3425;12
4441;44549;9;4949;8
4442;44557;21;2121;16
4443;44573;15;2971;8
4444;44581;9;4953;4
4445;44585;14851;3;32
4446;44617;9;4957;4
4447;44621;9;4957;8
4448;44629;5;8925;4
4449;44633;15;2975;8
4450;44641;14879;3;4
4451;44645;44633;1;12
4452;44657;9;4961;8
4453;44665;3433;13;36
4454;44701;47;951;4
4455;44705;47;951;8
4456;44713;7;6387;4
4457;44717;21;2129;8
4458;44725;9;4969;4
4459;44729;97;461;12
4460;44741;13;3441;8
4461;44749;5;8949;4
4462;44753;15;2983;8
4463;44761;73;613;12
4464;44773;14923;3;4
4465;44777;14923;3;8
4466;44785;11;4071;4
4467;44789;11;4071;8
4468;44797;13;3445;12
4469;44809;5;8961;4
4470;44813;44789;1;24
4471;44837;9;4981;8
4472;44845;17;2637;16
4473;44861;14947;3;20
4474;44881;4079;11;12
4475;44893;21;2137;16
4476;44909;9;4989;8
4477;44917;11;4083;4
4478;44921;27;1663;20
4479;44941;9;4993;4
4480;44945;9;4993;8
4481;44953;4993;9;16
4482;44969;21;2141;8
4483;44977;21;2141;16
4484;44993;31;1451;12
4485;45005;53;849;8
4486;45013;4091;11;12
4487;45025;43;1047;4
4488;45029;43;1047;8
4489;45037;17;2649;4
4490;45041;37;1217;12
4491;45053;9;5005;8
4492;45061;23;1959;4
4493;45065;45053;1;12
4494;45077;23;1959;20
4495;45097;5009;9;16
4496;45113;15;3007;8
4497;45121;31;1455;16
4498;45137;21;2149;8
4499;45145;21;2149;16
4500;45161;9;5017;8
4501;45169;6451;7;12
4502;45181;3011;15;16
4503;45197;9;5021;8
4504;45205;13;3477;4
4505;45209;35;1291;24
4506;45233;4111;11;12
4507;45245;53;853;36
4508;45281;15091;3;8
4509;45289;5;9057;4
4510;45293;15;3019;8
4511;45301;7;6471;4
4512;45305;9;5033;8
4513;45313;11;4119;4
4514;45317;13;3485;12
4515;45329;15107;3;8
4516;45337;9;5037;4
4517;45341;9;5037;8
4518;45349;45337;1;12
4519;45361;101;449;12
4520;45373;9;5041;4
4521;45377;9;5041;8
4522;45385;7;6483;4
4523;45389;43;1055;24
4524;45413;9;5045;8
4525;45421;13;3493;12
4526;45433;53;857;12
4527;45445;19;2391;16
4528;45461;109;417;8
4529;45469;5;9093;4
4530;45473;15;3031;8
4531;45481;21;2165;16
4532;45497;55;827;12
4533;45509;55;827;24
4534;45533;15;3035;8
4535;45541;43;1059;4
4536;45545;43;1059;8
4537;45553;7;6507;4
4538;45557;9;5061;8
4539;45565;15187;3;4
4540;45569;21;2169;20
4541;45589;65;701;24
4542;45613;31;1471;12
4543;45625;23;1983;16
4544;45641;29;1573;24
4545;45665;9;5073;8
4546;45673;13;3513;4
4547;45677;13;3513;8
4548;45685;45673;1;12
4549;45697;15227;3;16
4550;45713;11;4155;8
4551;45721;33;1385;16
4552;45737;21;2177;20
4553;45757;35;1307;12
4554;45769;45757;1;12
4555;45781;15259;3;4
4556;45785;13;3521;12
4557;45797;15263;3;8
4558;45805;23;1991;12
4559;45817;15271;3;4
4560;45821;19;2411;12
4561;45833;13;3525;8
4562;45841;9;5093;4
4563;45845;9;5093;8
4564;45853;45841;1;12
4565;45865;15287;3;4
4566;45869;15287;3;8
4567;45877;9173;5;12
4568;45889;5;9177;4
4569;45893;15;3059;8
4570;45901;15299;3;4
4571;45905;45893;1;12
4572;45917;9181;5;12
4573;45929;5101;9;20
4574;45949;5;9189;4
4575;45953;6563;7;12
4576;45965;45;1021;20
4577;45985;9;5109;4
4578;45989;23;1999;12
4579;46001;27;1703;20
4580;46021;139;331;12
4581;46033;46021;1;12
4582;46045;103;447;4
4583;46049;19;2423;12
4584;46061;46049;1;12
4585;46073;46061;1;12
4586;46085;15359;3;8
4587;46093;29;1589;12
4588;46105;27;1707;16
4589;46121;49;941;12
4590;46133;9;5125;8
4591;46141;163;283;12
4592;46153;15383;3;4
4593;46157;55;839;12
4594;46169;9;5129;8
4595;46177;15391;3;4
4596;46181;101;457;24
4597;46205;9;5133;8
4598;46213;73;633;4
4599;46217;9241;5;12
4600;46229;21;2201;8
4601;46237;9;5137;4
4602;46241;21;2201;20
4603;46261;6607;7;12
4604;46273;46261;1;12
4605;46285;15427;3;4
4606;46289;77;601;12
4607;46301;13;3561;8
4608;46309;5;9261;4
4609;46313;46301;1;12
4610;46325;29;1597;12
4611;46337;17;2725;12
4612;46349;15443;3;20
4613;46369;151;307;12
4614;46381;9;5153;4
4615;46385;9;5153;8
4616;46393;46381;1;12
4617;46405;21;2209;16
4618;46421;9;5157;8
4619;46429;19;2443;12
4620;46441;25;1857;16
4621;46457;9;5161;8
4622;46465;41;1133;12
4623;46477;7;6639;4
4624;46481;21;2213;8
4625;46489;9293;5;24
4626;46513;37;1257;4
4627;46517;37;1257;8
4628;46525;193;241;12
4629;46537;25;1861;12
4630;46549;5;9309;4
4631;46553;15;3103;8
4632;46561;46549;1;12
4633;46573;21;2217;16
4634;46589;15527;3;8
4635;46597;9;5177;4
4636;46601;47;991;24
4637;46625;41;1137;8
4638;46633;9;5181;4
4639;46637;25;1865;12
4640;46649;21;2221;8
4641;46657;15551;3;4
4642;46661;21;2221;20
4643;46681;15559;3;4
4644;46685;15559;3;8
4645;46693;46681;1;12
4646;46705;9;5189;4
4647;46709;9337;5;24
4648;46733;19;2459;12
4649;46745;17;2749;12
4650;46757;9349;5;12
4651;46769;11;4251;8
4652;46777;33;1417;16
4653;46793;15;3119;8
4654;46801;71;659;12
4655;46813;7;6687;4
4656;46817;9;5201;8
4657;46825;15607;3;4
4658;46829;37;1265;24
4659;46853;9;5205;8
4660;46861;27;1735;16
4661;46877;17;2757;8
4662;46885;9;5209;4
4663;46889;46877;1;12
4664;46901;11;4263;8
4665;46909;21;2233;16
4666;46925;9;5213;8
4667;46933;6703;7;12
4668;46945;46933;1;12
4669;46957;41;1145;12
4670;46969;27;1739;16
4671;46985;21;2237;8
4672;46993;9;5221;4
4673;46997;9397;5;12
4674;47009;15667;3;8
4675;47017;15671;3;4
4676;47021;15667;3;20
4677;47041;15679;3;4
4678;47045;6719;7;12
4679;47057;15683;3;8
4680;47065;15679;3;28
4681;47093;23;2047;12
4682;47105;43;1095;20
4683;47125;113;417;4
4684;47129;113;417;8
4685;47137;13;3625;12
4686;47149;5;9429;4
4687;47153;15;3143;8
4688;47161;11;4287;4
4689;47165;21;2245;20
4690;47185;15727;3;4
4691;47189;15727;3;8
4692;47197;9437;5;12
4693;47209;109;433;12
4694;47221;15739;3;4
4695;47225;15739;3;8
4696;47233;7;6747;4
4697;47237;25;1889;12
4698;47249;21;2249;20
4699;47269;5;9453;4
4700;47273;15;3151;8
4701;47281;47269;1;12
4702;47293;11;4299;4
4703;47297;11;4299;8
4704;47305;15767;3;4
4705;47309;15767;3;8
4706;47317;33;1433;28
4707;47345;31;1527;8
4708;47353;6763;7;12
4709;47365;5261;9;16
4710;47381;15791;3;8
4711;47389;9473;5;24
4712;47413;15803;3;4
4713;47417;21;2257;20
4714;47437;97;489;4
4715;47441;15803;3;32
4716;47473;15823;3;4
4717;47477;15823;3;8
4718;47485;7;6783;4
4719;47489;17;2793;8
4720;47497;9;5277;4
4721;47501;13;3653;12
4722;47513;15;3167;8
4723;47521;47;1011;4
4724;47525;47;1011;8
4725;47533;47521;1;12
4726;47545;13;3657;4
4727;47549;5281;9;20
4728;47569;5;9513;4
4729;47573;9;5285;8
4730;47581;2503;19;24
4731;47605;9;5289;4
4732;47609;9;5289;8
4733;47617;9521;5;12
4734;47629;59;807;16
4735;47645;9;5293;8
4736;47653;7;6807;4
4737;47657;21;2269;8
4738;47665;15887;3;4
4739;47669;47657;1;12
4740;47681;73;653;12
4741;47693;11;4335;8
4742;47701;103;463;12
4743;47713;9;5301;4
4744;47717;39;1223;20
4745;47737;7;6819;4
4746;47741;21;2273;8
4747;47749;5;9549;4
4748;47753;47741;1;12
4749;47765;17;2809;12
4750;47777;15919;3;20
4751;47797;89;537;4
4752;47801;89;537;8
4753;47809;5;9561;4
4754;47813;15;3187;8
4755;47821;7;6831;4
4756;47825;137;349;12
4757;47837;21;2277;20
4758;47857;35;1367;12
4759;47869;47857;1;12
4760;47881;15959;3;4
4761;47885;39;1227;32
4762;47917;15971;3;4
4763;47921;23;2083;12
4764;47933;2281;21;32
4765;47965;9;5329;4
4766;47969;9;5329;8
4767;47977;15991;3;4
4768;47981;15991;3;8
4769;47989;15991;3;16
4770;48005;4363;11;12
4771;48017;13;3693;8
4772;48025;16007;3;4
4773;48029;39;1231;20
4774;48049;5;9609;4
4775;48053;15;3203;8
4776;48061;83;579;4
4777;48065;83;579;8
4778;48073;121;397;36
4779;48109;5;9621;4
4780;48113;9;5345;8
4781;48121;45;1069;16
4782;48137;61;789;8
4783;48145;9;5349;4
4784;48149;9;5349;8
4785;48157;7;6879;4
4786;48161;61;789;32
4787;48193;16063;3;4
4788;48197;53;909;20
4789;48217;9;5357;4
4790;48221;9;5357;8
4791;48229;33;1461;16
4792;48245;21;2297;8
4793;48253;75;643;28
4794;48281;41;1177;24
4795;48305;17;2841;8
4796;48313;4391;11;12
4797;48325;48313;1;12
4798;48337;16111;3;4
4799;48341;31;1559;12
4800;48353;11;4395;8
4801;48361;9;5373;4
4802;48365;9;5373;8
4803;48373;137;353;12
4804;48385;13;3721;12
4805;48397;9;5377;4
4806;48401;9;5377;8
4807;48409;5;9681;4
4808;48413;15;3227;8
4809;48421;16139;3;4
4810;48425;48413;1;12
4811;48437;9;5381;8
4812;48445;67;723;4
4813;48449;25;1937;24
4814;48473;9;5385;8
4815;48481;11;4407;4
4816;48485;48473;1;12
4817;48497;21;2309;8
4818;48505;48481;1;24
4819;48529;5;9705;4
4820;48533;15;3235;8
4821;48541;103;471;28
4822;48569;59;823;12
4823;48581;9;5397;8
4824;48589;5;9717;4
4825;48593;13;3737;12
4826;48605;97;501;8
4827;48613;9;5401;4
4828;48617;9;5401;8
4829;48625;173;281;12
4830;48637;25;1945;12
4831;48649;17;2861;12
4832;48661;7;6951;4
4833;48665;21;2317;8
4834;48673;16223;3;4
4835;48677;9733;5;12
4836;48689;4423;11;36
4837;48725;9;5413;8
4838;48733;83;587;12
4839;48745;7;6963;4
4840;48749;11;4431;8
4841;48757;9;5417;4
4842;48761;21;2321;20
4843;48781;5417;9;28
4844;48809;16267;3;8
4845;48817;53;921;4
4846;48821;16267;3;20
4847;48841;73;669;4
4848;48845;47;1039;12
4849;48857;19;2571;8
4850;48865;9;5429;4
4851;48869;9;5429;8
4852;48877;29;1685;12
4853;48889;5;9777;4
4854;48893;6983;7;12
4855;48905;9;5433;8
4856;48913;27;1811;16
4857;48929;4447;11;12
4858;48941;113;433;12
4859;48953;5437;9;20
4860;48973;4451;11;12
4861;48985;29;1689;4
4862;48989;29;1689;8
4863;48997;97;505;12
4864;49009;21;2333;16
4865;49025;16339;3;8
4866;49033;59;831;4
4867;49037;59;831;8
4868;49045;49033;1;12
4869;49057;17;2885;12
4870;49069;49057;1;12
4871;49081;7;7011;4
4872;49085;31;1583;12
4873;49097;9817;5;12
4874;49109;13;3777;8
4875;49117;9;5457;4
4876;49121;9;5457;8
4877;49129;49117;1;12
4878;49141;11;4467;4
4879;49145;7019;7;12
4880;49157;9;5461;8
4881;49165;7;7023;4
4882;49169;21;2341;8
4883;49177;21;2341;16
4884;49193;9;5465;8
4885;49201;23;2139;4
4886;49205;23;2139;8
4887;49213;7027;7;24
4888;49237;16411;3;4
4889;49241;16411;3;8
4890;49249;5;9849;4
4891;49253;15;3283;8
4892;49261;21;2345;16
4893;49277;11;4479;8
4894;49285;7039;7;12
4895;49297;9857;5;12
4896;49309;5477;9;16
4897;49325;17;2901;8
4898;49333;17;2901;16
4899;49349;103;479;12
4900;49361;16451;3;8
4901;49369;5;9873;4
4902;49373;16451;3;20
4903;49393;19;2599;12
4904;49405;9;5489;4
4905;49409;9;5489;8
4906;49417;7;7059;4
4907;49421;13;3801;8
4908;49429;5;9885;4
4909;49433;21;2353;20
4910;49453;49;1009;12
4911;49465;17;2909;12
4912;49477;9;5497;4
4913;49481;137;361;24
4914;49505;43;1151;12
4915;49517;9901;5;12
4916;49529;17;2913;8
4917;49537;25;1981;12
4918;49549;49537;1;12
4919;49561;49549;1;12
4920;49573;16519;3;16
4921;49589;9;5509;8
4922;49597;61;813;4
4923;49601;17;2917;12
4924;49613;193;257;12
4925;49625;9;5513;8
4926;49633;13;3817;12
4927;49645;71;699;16
4928;49661;9;5517;8
4929;49669;5;9933;4
4930;49673;11;4515;8
4931;49681;21;2365;16
4932;49697;9;5521;8
4933;49705;29;1713;28
4934;49733;9;5525;8
4935;49741;59;843;4
4936;49745;41;1213;12
4937;49757;21;2369;8
4938;49765;9;5529;4
4939;49769;21;2369;20
4940;49789;5;9957;4
4941;49793;15;3319;8
4942;49801;49789;1;12
4943;49813;49801;1;12
4944;49825;16607;3;4
4945;49829;35;1423;24
4946;49853;23;2167;12
4947;49865;16619;3;8
4948;49873;9;5541;4
4949;49877;16619;3;20
4950;49897;55;907;12
4951;49909;41;1217;12
4952;49921;7;7131;4
4953;49925;19;2627;12
4954;49937;21;2377;20
4955;49957;33;1513;28
4956;49985;9;5553;8
4957;49993;19;2631;4
4958;49997;19;2631;8
4959;50005;19;2631;16
4960;50021;43;1163;12
4961;50033;50021;1;12
4962;50045;13;3849;8
4963;50053;39;1283;16
4964;50069;11;4551;8
4965;50077;16691;3;4
4966;50081;16691;3;8
4967;50089;5;10017;4
4968;50093;9;5565;8
4969;50101;50077;1;24
4970;50125;9;5569;4
4971;50129;9;5569;8
4972;50137;5569;9;16
4973;50153;50129;1;24
4974;50177;21;2389;8
4975;50185;21;2389;16
4976;50201;31;1619;12
4977;50213;15;3347;8
4978;50221;71;707;24
4979;50245;16747;3;4
4980;50249;16747;3;8
4981;50257;7;7179;4
4982;50261;21;2393;8
4983;50269;5;10053;4
4984;50273;50261;1;12
4985;50285;50273;1;12
4986;50297;16763;3;8
4987;50305;16763;3;16
4988;50321;31;1623;8
4989;50329;5;10065;4
4990;50333;11;4575;8
4991;50341;7;7191;4
4992;50345;50333;1;12
4993;50357;21;2397;20
4994;50377;35;1439;12
4995;50389;50377;1;12
4996;50401;107;471;4
4997;50405;23;2191;12
4998;50417;9;5601;8
4999;50425;27;1867;16
5000;50441;211;239;12
5001;50453;9;5605;8
5002;50461;11;4587;4
5003;50465;11;4587;8
5004;50473;33;1529;16
5005;50489;9;5609;8
5006;50497;23;2195;12
5007;50509;5;10101;4
5008;50513;29;1741;24
5009;50537;25;2021;12
5010;50549;17;2973;8
5011;50557;55;919;12
5012;50569;13;3889;12
5013;50581;61;829;12
5014;50593;50581;1;12
5015;50605;101;501;4
5016;50609;21;2409;20
5017;50629;49;1033;12
5018;50641;197;257;12
5019;50653;89;569;12
5020;50665;89;569;24
5021;50689;19;2667;16
5022;50705;163;311;12
5023;50717;16903;3;8
5024;50725;13;3901;12
5025;50737;9;5637;4
5026;50741;7247;7;12
5027;50753;27;1879;20
5028;50773;9;5641;4
5029;50777;13;3905;12
5030;50789;50777;1;12
5031;50801;16927;3;20
5032;50821;31;1639;12
5033;50833;16943;3;4
5034;50837;16943;3;8
5035;50845;7;7263;4
5036;50849;9;5649;8
5037;50857;11;4623;4
5038;50861;50849;1;12
5039;50873;15;3391;8
5040;50881;9;5653;4
5041;50885;9;5653;8
5042;50893;17;2993;12
5043;50905;19;2679;4
5044;50909;77;661;12
5045;50921;9;5657;8
5046;50929;47;1083;28
5047;50957;9;5661;8
5048;50965;16987;3;4
5049;50969;27;1887;20
5050;50989;5;10197;4
5051;50993;9;5665;8
5052;51001;89;573;4
5053;51005;50993;1;12
5054;51017;21;2429;8
5055;51025;50989;1;36
5056;51061;41;1245;16
5057;51077;29;1761;8
5058;51085;4643;11;12
5059;51097;7;7299;4
5060;51101;9;5677;8
5061;51109;21;2433;16
5062;51125;11;4647;8
5063;51133;9;5681;4
5064;51137;9;5681;8
5065;51145;51133;1;12
5066;51157;53;965;12
5067;51169;5;10233;4
5068;51173;4651;11;12
5069;51185;21;2437;8
5070;51193;113;453;4
5071;51197;29;1765;12
5072;51209;9;5689;8
5073;51217;19;2695;12
5074;51229;51217;1;12
5075;51241;9;5693;4
5076;51245;13;3941;12
5077;51257;11;4659;8
5078;51265;51229;1;36
5079;51301;47;1091;24
5080;51325;17107;3;4
5081;51329;7331;7;12
5082;51341;71;723;8
5083;51349;5;10269;4
5084;51353;9;5705;8
5085;51361;17;3021;4
5086;51365;17107;3;44
5087;51409;5;10281;4
5088;51413;15;3427;8
5089;51421;23;2235;16
5090;51437;21;2449;8
5091;51445;13;3957;4
5092;51449;51437;1;12
5093;51461;51449;1;12
5094;51473;15;3431;8
5095;51481;4679;11;12
5096;51493;51481;1;12
5097;51505;13;3961;12
5098;51517;7;7359;4
5099;51521;19;2711;12
5100;51533;51521;1;12
5101;51545;25;2061;20
5102;51565;31;1663;12
5103;51577;17191;3;4
5104;51581;53;973;12
5105;51593;51581;1;12
5106;51605;9;5733;8
5107;51613;21;2457;16
5108;51629;17207;3;8
5109;51637;9;5737;4
5110;51641;9;5737;8
5111;51649;5737;9;16
5112;51665;67;771;8
5113;51673;19;2719;12
5114;51685;51673;1;12
5115;51697;17231;3;4
5116;51701;37;1397;12
5117;51713;9;5745;8
5118;51721;17239;3;4
5119;51725;41;1261;24
5120;51749;9;5749;8
5121;51757;79;655;12
5122;51769;73;709;12
5123;51781;9;5753;4
5124;51785;23;2251;12
5125;51797;61;849;8
5126;51805;49;1057;12
5127;51817;13;3985;12
5128;51829;5;10365;4
5129;51833;77;673;12
5130;51845;37;1401;8
5131;51853;7;7407;4
5132;51857;10369;5;12
5133;51869;13;3989;12
5134;51881;51869;1;12
5135;51893;17291;3;20
5136;51913;11;4719;4
5137;51917;35;1483;12
5138;51929;193;269;12
5139;51941;21;2473;8
5140;51949;25;2077;24
5141;51973;17;3057;4
5142;51977;17;3057;8
5143;51985;17;3057;16
5144;52001;9;5777;8
5145;52009;5;10401;4
5146;52013;15;3467;8
5147;52021;7;7431;4
5148;52025;21;2477;8
5149;52033;9;5781;4
5150;52037;21;2477;20
5151;52057;35;1487;12
5152;52069;52057;1;12
5153;52081;52069;1;12
5154;52093;52081;1;12
5155;52105;97;537;16
5156;52121;107;487;12
5157;52133;52121;1;12
5158;52145;9;5793;8
5159;52153;23;2267;12
5160;52165;17387;3;4
5161;52169;17387;3;8
5162;52177;9;5797;4
5163;52181;9;5797;8
5164;52189;52177;1;12
5165;52201;127;411;4
5166;52205;21;2485;20
5167;52225;13;4017;4
5168;52229;13;4017;8
5169;52237;25;2089;12
5170;52249;5;10449;4
5171;52253;17;3073;12
5172;52265;17419;3;8
5173;52273;7;7467;4
5174;52277;19;2751;8
5175;52285;9;5809;4
5176;52289;61;857;12
5177;52301;17431;3;8
5178;52309;5;10461;4
5179;52313;11;4755;8
5180;52321;10457;5;36
5181;52357;7;7479;4
5182;52361;9;5817;8
5183;52369;21;2493;16
5184;52385;73;717;44
5185;52429;5;10485;4
5186;52433;9;5825;8
5187;52441;7;7491;4
5188;52445;11;4767;8
5189;52453;17483;3;4
5190;52457;21;2497;20
5191;52477;35;1499;12
5192;52489;97;541;12
5193;52501;9;5833;4
5194;52505;9;5833;8
5195;52513;23;2283;4
5196;52517;10501;5;12
5197;52529;52517;1;12
5198;52541;52529;1;12
5199;52553;15;3503;8
5200;52561;17519;3;4
5201;52565;31;1695;20
5202;52585;19;2767;12
5203;52597;13;4045;12
5204;52609;149;353;12
5205;52621;17539;3;4
5206;52625;4783;11;12
5207;52637;53;993;8
5208;52645;17539;3;28
5209;52673;7523;7;12
5210;52685;52673;1;12
5211;52697;41;1285;12
5212;52709;52697;1;12
5213;52721;52709;1;12
5214;52733;15;3515;8
5215;52741;19;2775;16
5216;52757;9;5861;8
5217;52765;43;1227;4
5218;52769;43;1227;8
5219;52777;4057;13;36
5220;52813;29;1821;4
5221;52817;29;1821;8
5222;52825;52813;1;12
5223;52837;11;4803;4
5224;52841;11;4803;8
5225;52849;5;10569;4
5226;52853;13;4065;8
5227;52861;7;7551;4
5228;52865;9;5873;8
5229;52873;21;2517;16
5230;52889;17627;3;8
5231;52897;9;5877;4
5232;52901;9;5877;8
5233;52909;27;1959;16
5234;52925;7559;7;12
5235;52937;9;5881;8
5236;52945;7;7563;4
5237;52949;21;2521;8
5238;52957;21;2521;16
5239;52973;9;5885;8
5240;52981;17659;3;4
5241;52985;17659;3;8
5242;52993;52981;1;12
5243;53005;197;269;12
5244;53017;41;1293;4
5245;53021;61;869;12
5246;53033;61;869;24
5247;53057;17683;3;8
5248;53065;23;2307;4
5249;53069;23;2307;8
5250;53077;10613;5;12
5251;53089;5;10617;4
5252;53093;15;3539;8
5253;53101;53089;1;12
5254;53113;7;7587;4
5255;53117;9;5901;8
5256;53125;17707;3;4
5257;53129;21;2529;20
5258;53149;7591;7;12
5259;53161;53149;1;12
5260;53173;37;1437;4
5261;53177;31;1715;12
5262;53189;9;5909;8
5263;53197;7;7599;4
5264;53201;17;3129;8
5265;53209;17;3129;16
5266;53225;9;5913;8
5267;53233;3547;15;28
5268;53261;9;5917;8
5269;53269;19;2803;12
5270;53281;7;7611;4
5271;53285;21;2537;8
5272;53293;21;2537;16
5273;53309;31;1719;20
5274;53329;37;1441;12
5275;53341;17;3137;12
5276;53353;17783;3;4
5277;53357;17783;3;8
5278;53365;53353;1;12
5279;53377;17791;3;4
5280;53381;21;2541;20
5281;53401;53377;1;24
5282;53425;31;1723;12
5283;53437;9;5937;4
5284;53441;23;2323;12
5285;53453;15;3563;8
5286;53461;103;519;4
5287;53465;53453;1;12
5288;53477;17;3145;12
5289;53489;17827;3;8
5290;53497;19;2815;12
5291;53509;33;1621;16
5292;53525;29;1845;20
5293;53545;9;5949;4
5294;53549;21;2549;20
5295;53569;5;10713;4
5296;53573;17851;3;20
5297;53593;17863;3;4
5298;53597;35;1531;12
5299;53609;17;3153;8
5300;53617;71;755;12
5301;53629;5;10725;4
5302;53633;29;1849;12
5303;53645;19;2823;8
5304;53653;9;5961;4
5305;53657;9;5961;8
5306;53665;53653;1;12
5307;53677;17891;3;4
5308;53681;17891;3;8
5309;53689;5;10737;4
5310;53693;41;1309;24
5311;53717;23;2335;12
5312;53729;9;5969;8
5313;53737;17911;3;4
5314;53741;47;1143;20
5315;53761;9;5973;4
5316;53765;9;5973;8
5317;53773;17923;3;4
5318;53777;61;881;36
5319;53813;67;803;12
5320;53825;17939;3;8
5321;53833;17939;3;16
5322;53849;131;411;8
5323;53857;29;1857;4
5324;53861;53849;1;12
5325;53873;9;5985;8
5326;53881;17959;3;4
5327;53885;17;3169;12
5328;53897;11;4899;8
5329;53905;7699;7;12
5330;53917;33;1633;28
5331;53945;7703;7;24
5332;53969;21;2569;20
5333;53989;5;10797;4
5334;53993;15;3599;8
5335;54001;13;4153;12
5336;54013;54001;1;12
5337;54025;11;4911;4
5338;54029;11;4911;8
5339;54037;7;7719;4
5340;54041;21;2573;8
5341;54049;33;1637;28
5342;54077;67;807;8
5343;54085;67;807;16
5344;54101;7727;7;12
5345;54113;15;3607;8
5346;54121;7;7731;4
5347;54125;9;6013;8
5348;54133;21;2577;16
5349;54149;43;1259;12
5350;54161;18047;3;20
5351;54181;18059;3;4
5352;54185;18059;3;8
5353;54193;54181;1;12
5354;54205;54193;1;12
5355;54217;21;2581;16
5356;54233;87;623;32
5357;54265;9;6029;4
5358;54269;9;6029;8
5359;54277;10853;5;12
5360;54289;5;10857;4
5361;54293;11;4935;8
5362;54301;9;6033;4
5363;54305;54293;1;12
5364;54317;43;1263;8
5365;54325;2011;27;28
5366;54353;15;3623;8
5367;54361;3623;15;16
5368;54377;9;6041;8
5369;54385;18127;3;4
5370;54389;54377;1;12
5371;54401;18131;3;8
5372;54409;5;10881;4
5373;54413;9;6045;8
5374;54421;54409;1;12
5375;54433;18143;3;4
5376;54437;18143;3;8
5377;54445;9;6049;4
5378;54449;18143;3;20
5379;54469;21;2593;16
5380;54485;9;6053;8
5381;54493;41;1329;4
5382;54497;6053;9;20
5383;54517;9;6057;4
5384;54521;37;1473;20
5385;54541;7;7791;4
5386;54545;21;2597;8
5387;54553;9;6061;4
5388;54557;10909;5;12
5389;54569;13;4197;8
5390;54577;18191;3;4
5391;54581;39;1399;20
5392;54601;79;691;12
5393;54613;109;501;4
5394;54617;67;815;12
5395;54629;54617;1;12
5396;54641;54617;1;24
5397;54665;9;6073;8
5398;54673;47;1163;12
5399;54685;11;4971;4
5400;54689;18223;3;20
5401;54709;5;10941;4
5402;54713;15;3647;8
5403;54721;83;659;24
5404;54745;71;771;4
5405;54749;71;771;8
5406;54757;71;771;16
5407;54773;9;6085;8
5408;54781;19;2883;4
5409;54785;19;2883;8
5410;54793;7;7827;4
5411;54797;21;2609;8
5412;54805;21;2609;16
5413;54821;11;4983;8
5414;54829;5;10965;4
5415;54833;15;3655;8
5416;54841;41;1337;24
5417;54865;18287;3;4
5418;54869;18287;3;8
5419;54877;7;7839;4
5420;54881;54869;1;12
5421;54893;21;2613;20
5422;54913;9;6101;4
5423;54917;9;6101;8
5424;54925;89;617;12
5425;54937;18311;3;4
5426;54941;18311;3;8
5427;54949;137;401;12
5428;54961;7;7851;4
5429;54965;21;2617;8
5430;54973;73;753;4
5431;54977;179;307;24
5432;55001;23;2391;8
5433;55009;43;1279;12
5434;55021;43;1279;24
5435;55045;7;7863;4
5436;55049;21;2621;8
5437;55057;9;6117;4
5438;55061;55049;1;12
5439;55073;27;2039;20
5440;55093;33;1669;16
5441;55109;18367;3;8
5442;55117;103;535;12
5443;55129;5;11025;4
5444;55133;5011;11;12
5445;55145;18367;3;44
5446;55189;5;11037;4
5447;55193;13;4245;8
5448;55201;9;6133;4
5449;55205;9;6133;8
5450;55213;7;7887;4
5451;55217;61;905;12
5452;55229;55217;1;12
5453;55241;9;6137;8
5454;55249;13;4249;12
5455;55261;91;607;24
5456;55285;18427;3;4
5457;55289;167;331;12
5458;55301;13;4253;12
5459;55313;17;3253;12
5460;55325;18439;3;8
5461;55333;18443;3;4
5462;55337;18443;3;8
5463;55345;55333;1;12
5464;55357;11069;5;12
5465;55369;5;11073;4
5466;55373;15;3691;8
5467;55381;17;3257;12
5468;55393;3691;15;28
5469;55421;59;939;20
5470;55441;17;3261;4
5471;55445;7919;7;12
5472;55457;9;6161;8
5473;55465;7;7923;4
5474;55469;19;2919;8
5475;55477;11;5043;4
5476;55481;21;2641;20
5477;55501;13;4269;4
5478;55505;27;2055;20
5479;55525;9;6169;4
5480;55529;49;1133;12
5481;55541;107;519;8
5482;55549;5;11109;4
5483;55553;55541;1;12
5484;55565;73;761;12
5485;55577;18523;3;8
5486;55585;97;573;4
5487;55589;97;573;8
5488;55597;11117;5;12
5489;55609;53;1049;12
5490;55621;18539;3;4
5491;55625;18539;3;8
5492;55633;33;1685;28
5493;55661;5059;11;12
5494;55673;9;6185;8
5495;55681;45;1237;16
5496;55697;19;2931;8
5497;55705;9;6189;4
5498;55709;9;6189;8
5499;55717;7;7959;4
5500;55721;17;3277;12
5501;55733;55721;1;12
5502;55745;55733;1;12
5503;55757;33;1689;20
5504;55777;18587;3;16
5505;55793;15;3719;8
5506;55801;7;7971;4
5507;55805;21;2657;8
5508;55813;9;6201;4
5509;55817;11161;5;12
5510;55829;23;2427;8
5511;55837;25;2233;12
5512;55849;55837;1;12
5513;55861;43;1299;4
5514;55865;45;1241;20
5515;55885;7;7983;4
5516;55889;9;6209;8
5517;55897;31;1803;4
5518;55901;21;2661;20
5519;55921;9;6213;4
5520;55925;9;6213;8
5521;55933;19;2943;16
5522;55949;103;543;20
5523;55969;5087;11;12
5524;55981;47;1191;4
5525;55985;223;251;12
5526;55997;11197;5;12
5527;56009;11197;5;24
5528;56033;9;6225;8
5529;56041;43;1303;12
5530;56053;7;8007;4
5531;56057;17;3297;8
5532;56065;17;3297;16
5533;56081;13;4313;12
5534;56093;15;3739;8
5535;56101;5099;11;12
5536;56113;59;951;4
5537;56117;59;951;8
5538;56125;13;4317;4
5539;56129;13;4317;8
5540;56137;25;2245;12
5541;56149;5;11229;4
5542;56153;21;2673;20
5543;56173;71;791;12
5544;56185;13;4321;12
5545;56197;17;3305;12
5546;56209;18731;3;16
5547;56225;21;2677;8
5548;56233;18743;3;4
5549;56237;13;4325;12
5550;56249;9;6249;8
5551;56257;35;1607;12
5552;56269;17;3309;16
5553;56285;9;6253;8
5554;56293;23;2447;12
5555;56305;29;1941;16
5556;56321;5119;11;12
5557;56333;49;1149;32
5558;56365;18787;3;4
5559;56369;18787;3;8
5560;56377;19;2967;4
5561;56381;56369;1;12
5562;56393;9;6265;8
5563;56401;11;5127;4
5564;56405;56393;1;12
5565;56417;18803;3;8
5566;56425;9;6269;4
5567;56429;9;6269;8
5568;56437;6269;9;16
5569;56453;39;1447;20
5570;56473;7;8067;4
5571;56477;23;2455;12
5572;56489;56477;1;12
5573;56501;9;6277;8
5574;56509;49;1153;12
5575;56521;56509;1;12
5576;56533;9;6281;4
5577;56537;17;3325;12
5578;56549;33;1713;20
5579;56569;21;2693;16
5580;56585;18859;3;8
5581;56593;13;4353;4
5582;56597;13;4353;8
5583;56605;39;1451;16
5584;56621;113;501;8
5585;56629;5;11325;4
5586;56633;15;3775;8
5587;56641;7;8091;4
5588;56645;9;6293;8
5589;56653;23;2463;4
5590;56657;11329;5;12
5591;56669;53;1069;12
5592;56681;33;1717;20
5593;56701;83;683;12
5594;56713;56701;1;12
5595;56725;56713;1;12
5596;56737;6301;9;28
5597;56765;18919;3;8
5598;56773;31;1831;12
5599;56785;9;6309;4
5600;56789;9;6309;8
5601;56797;41;1385;12
5602;56809;5;11361;4
5603;56813;15;3787;8
5604;56821;9;6313;4
5605;56825;21;2705;20
5606;56845;18947;3;4
5607;56849;18947;3;8
5608;56857;11369;5;12
5609;56869;5;11373;4
5610;56873;6317;9;20
5611;56893;7;8127;4
5612;56897;31;1835;12
5613;56909;56897;1;12
5614;56921;61;933;8
5615;56929;5;11385;4
5616;56933;9;6325;8
5617;56941;56929;1;12
5618;56953;41;1389;4
5619;56957;41;1389;8
5620;56965;56941;1;24
5621;56989;5;11397;4
5622;56993;19;2999;12
5623;57005;29;1965;20
5624;57025;71;803;12
5625;57037;9;6337;4
5626;57041;9;6337;8
5627;57049;6337;9;16
5628;57065;11;5187;8
5629;57073;9;6341;4
5630;57077;101;565;12
5631;57089;53;1077;8
5632;57097;51;1119;28
5633;57125;41;1393;12
5634;57137;25;2285;12
5635;57149;9;6349;8
5636;57157;19051;3;4
5637;57161;57149;1;12
5638;57173;13;4397;12
5639;57185;9;6353;8
5640;57193;211;271;12
5641;57205;57193;1;12
5642;57217;9;6357;4
5643;57221;23;2487;20
5644;57241;29;1973;24
5645;57265;19087;3;4
5646;57269;19079;3;32
5647;57301;71;807;4
5648;57305;71;807;8
5649;57313;7;8187;4
5650;57317;21;2729;8
5651;57325;9;6369;4
5652;57329;13;4409;12
5653;57341;29;1977;8
5654;57349;25;2293;24
5655;57373;13;4413;4
5656;57377;35;1639;12
5657;57389;31;1851;8
5658;57397;7;8199;4
5659;57401;57389;1;12
5660;57413;61;941;12
5661;57425;43;1335;20
5662;57445;79;727;12
5663;57457;11;5223;4
5664;57461;11;5223;8
5665;57469;5;11493;4
5666;57473;37;1553;12
5667;57485;17;3381;8
5668;57493;101;569;24
5669;57517;19;3027;4
5670;57521;19;3027;8
5671;57529;19;3027;16
5672;57545;8219;7;12
5673;57557;19183;3;8
5674;57565;2131;27;28
5675;57593;11;5235;8
5676;57601;73;789;4
5677;57605;73;789;8
5678;57613;57601;1;12
5679;57625;17;3389;12
5680;57637;19211;3;4
5681;57641;19211;3;8
5682;57649;5;11529;4
5683;57653;31;1859;24
5684;57677;19;3035;12
5685;57689;9;6409;8
5686;57697;83;695;12
5687;57709;5;11541;4
5688;57713;15;3847;8
5689;57721;9;6413;4
5690;57725;9;6413;8
5691;57733;7;8247;4
5692;57737;21;2749;8
5693;57745;197;293;24
5694;57769;5;11553;4
5695;57773;15;3851;8
5696;57781;41;1409;12
5697;57793;9;6421;4
5698;57797;13;4445;12
5699;57809;6421;9;20
5700;57829;55;1051;24
5701;57853;45;1285;28
5702;57881;101;573;8
5703;57889;31;1867;12
5704;57901;7;8271;4
5705;57905;9;6433;8
5706;57913;97;597;4
5707;57917;37;1565;12
5708;57929;57917;1;12
5709;57941;43;1347;20
5710;57961;19319;3;4
5711;57965;19319;3;8
5712;57973;9;6441;4
5713;57977;9;6441;8
5714;57985;19319;3;28
5715;58013;9;6445;8
5716;58021;39;1487;28
5717;58049;9;6449;8
5718;58057;37;1569;4
5719;58061;58049;1;12
5720;58073;15;3871;8
5721;58081;9;6453;4
5722;58085;58073;1;12
5723;58097;17;3417;8
5724;58105;107;543;4
5725;58109;107;543;8
5726;58117;11621;5;12
5727;58129;5;11625;4
5728;58133;15;3875;8
5729;58141;19379;3;4
5730;58145;19379;3;8
5731;58153;53;1097;12
5732;58165;19387;3;4
5733;58169;17;3421;12
5734;58181;19391;3;8
5735;58189;5;11637;4
5736;58193;58169;1;24
5737;58217;19403;3;8
5738;58225;9;6469;4
5739;58229;9;6469;8
5740;58237;6469;9;16
5741;58253;58229;1;24
5742;58277;19423;3;8
5743;58285;19;3067;12
5744;58297;9;6477;4
5745;58301;9;6477;8
5746;58309;5;11661;4
5747;58313;13;4485;8
5748;58321;7;8331;4
5749;58325;58313;1;12
5750;58337;58313;1;24
5751;58361;53;1101;8
5752;58369;53;1101;16
5753;58385;11;5307;8
5754;58393;79;739;12
5755;58405;7;8343;4
5756;58409;9;6489;8
5757;58417;58393;1;24
5758;58441;9;6493;4
5759;58445;9;6493;8
5760;58453;119;491;24
5761;58477;9;6497;4
5762;58481;59;991;12
5763;58493;58481;1;12
5764;58505;21;2785;20
5765;58525;13;4501;12
5766;58537;25;2341;12
5767;58549;58537;1;12
5768;58561;131;447;4
5769;58565;131;447;8
5770;58573;157;373;12
5771;58585;9;6509;4
5772;58589;19;3083;12
5773;58601;41;1429;12
5774;58613;19531;3;20
5775;58633;31;1891;12
5776;58645;17;3449;12
5777;58657;7;8379;4
5778;58661;9;6517;8
5779;58669;37;1585;24
5780;58693;3911;15;28
5781;58721;8387;7;12
5782;58733;9;6525;8
5783;58741;19;3091;12
5784;58753;19583;3;4
5785;58757;31;1895;12
5786;58769;9;6529;8
5787;58777;23;2555;12
5788;58789;41;1433;36
5789;58825;7;8403;4
5790;58829;21;2801;8
5791;58837;9;6537;4
5792;58841;89;661;12
5793;58853;29;2029;12
5794;58865;23;2559;8
5795;58873;5351;11;12
5796;58885;19;3099;4
5797;58889;19;3099;8
5798;58897;67;879;4
5799;58901;67;879;8
5800;58909;5;11781;4
5801;58913;9;6545;8
5802;58921;41;1437;4
5803;58925;58913;1;12
5804;58937;13;4533;8
5805;58945;58921;1;24
5806;58969;5;11793;4
5807;58973;15;3931;8
5808;58981;3931;15;16
5809;58997;21;2809;8
5810;59005;71;831;4
5811;59009;58997;1;12
5812;59021;9;6557;8
5813;59029;11801;5;24
5814;59053;9;6561;4
5815;59057;9;6561;8
5816;59065;19687;3;4
5817;59069;19687;3;8
5818;59077;11813;5;12
5819;59089;5;11817;4
5820;59093;41;1441;12
5821;59105;19699;3;8
5822;59113;37;1597;24
5823;59137;23;2571;4
5824;59141;23;2571;8
5825;59149;5;11829;4
5826;59153;59141;1;12
5827;59165;59141;1;24
5828;59189;19727;3;8
5829;59197;9;6577;4
5830;59201;9;6577;8
5831;59209;59197;1;12
5832;59221;59209;1;12
5833;59233;9;6581;4
5834;59237;9;6581;8
5835;59245;19739;3;28
5836;59273;9;6585;8
5837;59281;8467;7;12
5838;59293;59281;1;12
5839;59305;19763;3;16
5840;59321;127;467;12
5841;59333;15;3955;8
5842;59341;21;2825;16
5843;59357;13;4565;12
5844;59369;47;1263;8
5845;59377;47;1263;16
5846;59393;17;3493;12
5847;59405;59393;1;12
5848;59417;9;6601;8
5849;59425;21;2829;16
5850;59441;11;5403;8
5851;59449;5;11889;4
5852;59453;9;6605;8
5853;59461;13;4573;12
5854;59473;97;613;12
5855;59485;59473;1;12
5856;59497;11897;5;12
5857;59509;5;11901;4
5858;59513;13;4577;12
5859;59525;9;6613;8
5860;59533;19843;3;4
5861;59537;19843;3;8
5862;59545;37;1609;12
5863;59557;9;6617;4
5864;59561;47;1267;12
5865;59573;11;5415;8
5866;59581;7;8511;4
5867;59585;41;1453;12
5868;59597;21;2837;20
5869;59617;31;1923;4
5870;59621;31;1923;8
5871;59629;19867;3;28
5872;59657;59;1011;8
5873;59665;7;8523;4
5874;59669;13;4589;12
5875;59681;59669;1;12
5876;59693;37;1613;12
5877;59705;23;2595;20
5878;59725;17;3513;4
5879;59729;39;1531;20
5880;59749;5;11949;4
5881;59753;15;3983;8
5882;59761;19919;3;4
5883;59765;5431;11;24
5884;59789;19927;3;8
5885;59797;55;1087;12
5886;59809;19;3147;16
5887;59825;127;471;8
5888;59833;7;8547;4
5889;59837;11;5439;8
5890;59845;9;6649;4
5891;59849;127;471;32
5892;59881;19;3151;12
5893;59893;19963;3;4
5894;59897;19963;3;8
5895;59905;19963;3;16
5896;59921;9;6657;8
5897;59929;5;11985;4
5898;59933;139;431;24
5899;59957;19979;3;20
5900;59977;19991;3;4
5901;59981;13;4613;12
5902;59993;9;6665;8
5903;60001;239;251;12
5904;60013;83;723;4
5905;60017;55;1091;12
5906;60029;9;6669;8
5907;60037;20011;3;4
5908;60041;27;2223;20
5909;60061;9;6673;4
5910;60065;9;6673;8
5911;60073;20023;3;4
5912;60077;20023;3;8
5913;60085;7;8583;4
5914;60089;60077;1;12
5915;60101;60077;1;24
5916;60125;29;2073;8
5917;60133;29;2073;16
5918;60149;71;847;12
5919;60161;20051;3;8
5920;60169;20051;3;16
5921;60185;19;3167;12
5922;60197;20063;3;8
5923;60205;9;6689;4
5924;60209;9;6689;8
5925;60217;12041;5;12
5926;60229;20071;3;16
5927;60245;9;6693;8
5928;60253;7;8607;4
5929;60257;19;3171;8
5930;60265;19;3171;16
5931;60281;9;6697;8
5932;60289;5;12057;4
5933;60293;5479;11;24
5934;60317;101;597;20
5935;60337;19;3175;12
5936;60349;5;12069;4
5937;60353;83;727;12
5938;60365;11;5487;8
5939;60373;20123;3;4
5940;60377;20123;3;8
5941;60385;60373;1;12
5942;60397;13;4645;12
5943;60409;5;12081;4
5944;60413;17;3553;12
5945;60425;60413;1;12
5946;60437;25;2417;12
5947;60449;20147;3;8
5948;60457;35;1727;12
5949;60469;27;2239;16
5950;60485;19;3183;8
5951;60493;9;6721;4
5952;60497;9;6721;8
5953;60505;7;8643;4
5954;60509;21;2881;8
5955;60517;23;2631;4
5956;60521;21;2881;20
5957;60541;17;3561;4
5958;60545;25;2421;20
5959;60565;9;6729;4
5960;60569;41;1477;12
5961;60581;61;993;8
5962;60589;5507;11;12
5963;60601;21;2885;16
5964;60617;89;681;8
5965;60625;49;1237;12
5966;60637;25;2425;12
5967;60649;60637;1;12
5968;60661;60637;1;24
5969;60685;113;537;4
5970;60689;47;1291;12
5971;60701;60689;1;12
5972;60713;9;6745;8
5973;60721;5519;11;12
5974;60733;31;1959;4
5975;60737;31;1959;8
5976;60745;9;6749;4
5977;60749;9;6749;8
5978;60757;7;8679;4
5979;60761;13;4673;12
5980;60773;60761;1;12
5981;60785;9;6753;8
5982;60793;19;3199;12
5983;60805;60793;1;12
5984;60817;9;6757;4
5985;60821;60773;1;48
5986;60869;20287;3;8
5987;60877;35;1739;12
5988;60889;17;3581;12
5989;60901;53;1149;4
5990;60905;53;1149;8
5991;60913;79;771;4
5992;60917;79;771;8
5993;60925;60913;1;12
5994;60937;19;3207;4
5995;60941;29;2101;12
5996;60953;15;4063;8
5997;60961;9;6773;4
5998;60965;51;1195;20
5999;60985;23;2651;12
6000;60997;9;6777;4
6001;61001;71;859;12
6002;61013;61001;1;12
6003;61025;21;2905;20
6004;61045;20347;3;4
6005;61049;20347;3;8
6006;61057;29;2105;12
6007;61069;5;12213;4
6008;61073;9;6785;8
6009;61081;47;1299;28
6010;61109;107;571;12
6011;61121;13;4701;8
6012;61129;5;12225;4
6013;61133;15;4075;8
6014;61141;61129;1;12
6015;61153;61141;1;12
6016;61165;19;3219;4
6017;61169;23;2659;12
6018;61181;2659;23;24
6019;61205;20399;3;8
6020;61213;9;6801;4
6021;61217;193;317;36
6022;61253;9;6805;8
6023;61261;7;8751;4
6024;61265;61253;1;12
6025;61277;21;2917;20
6026;61297;17;3605;12
6027;61309;61297;1;12
6028;61321;37;1657;12
6029;61333;13;4717;12
6030;61345;61333;1;12
6031;61357;21;2921;16
6032;61373;15;4091;8
6033;61381;41;1497;4
6034;61385;41;1497;8
6035;61393;61381;1;12
6036;61405;97;633;4
6037;61409;97;633;8
6038;61417;11;5583;4
6039;61421;97;633;20
6040;61441;20479;3;4
6041;61445;3613;17;24
6042;61469;9;6829;8
6043;61477;19;3235;12
6044;61489;5;12297;4
6045;61493;8783;7;12
6046;61505;9;6833;8
6047;61513;6833;9;16
6048;61529;21;2929;20
6049;61549;5;12309;4
6050;61553;11;5595;8
6051;61561;59;1043;24
6052;61585;6841;9;16
6053;61601;21;2933;8
6054;61609;5;12321;4
6055;61613;229;269;12
6056;61625;61613;1;12
6057;61637;20543;3;8
6058;61645;13;4741;12
6059;61657;20551;3;4
6060;61661;8807;7;12
6061;61673;15;4111;8
6062;61681;7;8811;4
6063;61685;20551;3;32
6064;61717;35;1763;12
6065;61729;61717;1;12
6066;61741;13;4749;4
6067;61745;13;4749;8
6068;61753;9;6861;4
6069;61757;8819;7;24
6070;61781;19;3251;12
6071;61793;59;1047;20
6072;61813;23;2687;12
6073;61825;9;6869;4
6074;61829;9;6869;8
6075;61837;61813;1;24
6076;61861;9;6873;4
6077;61865;21;2945;20
6078;61885;61861;1;24
6079;61909;5;12381;4
6080;61913;37;1673;12
6081;61925;20639;3;8
6082;61933;7;8847;4
6083;61937;9;6881;8
6084;61945;11;5631;4
6085;61949;241;257;12
6086;61961;61949;1;12
6087;61973;9;6885;8
6088;61981;53;1169;24
6089;62005;47;1319;12
6090;62017;7;8859;4
6091;62021;59;1051;12
6092;62033;109;569;12
6093;62045;9;6893;8
6094;62053;13;4773;4
6095;62057;13;4773;8
6096;62065;37;1677;16
6097;62081;9;6897;8
6098;62089;23;2699;12
6099;62101;7;8871;4
6100;62105;62081;1;24
6101;62129;20707;3;8
6102;62137;139;447;4
6103;62141;5647;11;24
6104;62165;13;4781;12
6105;62177;17;3657;8
6106;62185;7;8883;4
6107;62189;9;6909;8
6108;62197;20731;3;4
6109;62201;62189;1;12
6110;62213;20731;3;20
6111;62233;8887;7;24
6112;62257;59;1055;12
6113;62269;5;12453;4
6114;62273;15;4151;8
6115;62281;20759;3;4
6116;62285;62273;1;12
6117;62297;9;6921;8
6118;62305;19;3279;4
6119;62309;19;3279;8
6120;62317;17;3665;12
6121;62329;20771;3;16
6122;62345;25;2493;20
6123;62365;31;2011;24
6124;62389;19;3283;12
6125;62401;89;701;12
6126;62413;71;879;4
6127;62417;27;2311;20
6128;62437;7;8919;4
6129;62441;9;6937;8
6130;62449;25;2497;24
6131;62473;9;6941;4
6132;62477;9;6941;8
6133;62485;62473;1;12
6134;62497;37;1689;4
6135;62501;37;1689;8
6136;62509;37;1689;16
6137;62525;13;4809;8
6138;62533;21;2977;16
6139;62549;23;2719;12
6140;62561;29;2157;8
6141;62569;47;1331;12
6142;62581;9;6953;4
6143;62585;9;6953;8
6144;62593;31;2019;4
6145;62597;12517;5;12
6146;62609;11;5691;8
6147;62617;9;6957;4
6148;62621;137;457;12
6149;62633;15;4175;8
6150;62641;23;2723;12
6151;62653;20879;3;16
6152;62669;20887;3;8
6153;62677;62653;1;24
6154;62701;20899;3;4
6155;62705;21;2985;20
6156;62725;9;6969;4
6157;62729;12541;5;24
6158;62753;15;4183;8
6159;62761;9;6973;4
6160;62765;9;6973;8
6161;62773;62761;1;12
6162;62785;17;3693;4
6163;62789;13;4829;12
6164;62801;57;1101;44
6165;62845;20947;3;4
6166;62849;31;2027;12
6167;62861;21;2993;8
6168;62869;5;12573;4
6169;62873;62861;1;12
6170;62885;20959;3;8
6171;62893;20963;3;4
6172;62897;20959;3;20
6173;62917;67;939;4
6174;62921;67;939;8
6175;62929;17;3701;12
6176;62941;7;8991;4
6177;62945;13;4841;12
6178;62957;12589;5;12
6179;62969;157;401;12
6180;62981;9;6997;8
6181;62989;6997;9;16
6182;63005;11;5727;8
6183;63013;9;7001;4
6184;63017;9;7001;8
6185;63025;7;9003;4
6186;63029;21;3001;8
6187;63037;21;3001;16
6188;63053;121;521;12
6189;63065;21019;3;8
6190;63073;9007;7;24
6191;63097;21031;3;4
6192;63101;13;4853;12
6193;63113;89;709;12
6194;63125;21;3005;20
6195;63145;13;4857;4
6196;63149;13;4857;8
6197;63157;73;865;12
6198;63169;27;2339;16
6199;63185;21059;3;8
6200;63193;7;9027;4
6201;63197;9;7021;8
6202;63205;41;1541;24
6203;63229;5;12645;4
6204;63233;9;7025;8
6205;63241;25;2529;16
6206;63257;29;2181;8
6207;63265;43;1471;12
6208;63277;7;9039;4
6209;63281;87;727;32
6210;63313;47;1347;4
6211;63317;47;1347;8
6212;63325;63313;1;12
6213;63337;9;7037;4
6214;63341;83;763;12
6215;63353;15;4223;8
6216;63361;41;1545;16
6217;63377;19;3335;12
6218;63389;37;1713;8
6219;63397;11;5763;4
6220;63401;11;5763;8
6221;63409;63397;1;12
6222;63421;63409;1;12
6223;63433;63421;1;12
6224;63445;21143;3;16
6225;63461;67;947;12
6226;63473;17;3733;12
6227;63485;9;7053;8
6228;63493;29;2189;12
6229;63505;61;1041;4
6230;63509;47;1351;12
6231;63521;9;7057;8
6232;63529;5;12705;4
6233;63533;11;5775;8
6234;63541;21;3025;16
6235;63557;9;7061;8
6236;63565;49;1297;12
6237;63577;12713;5;12
6238;63589;63577;1;12
6239;63601;17;3741;4
6240;63605;19;3347;12
6241;63617;13;4893;8
6242;63625;9;7069;4
6243;63629;21;3029;20
6244;63649;5;12729;4
6245;63653;21211;3;20
6246;63673;19;3351;4
6247;63677;17;3745;12
6248;63689;21227;3;8
6249;63697;47;1355;12
6250;63709;5;12741;4
6251;63713;5791;11;12
6252;63725;13;4901;12
6253;63737;29;2197;24
6254;63761;49;1301;12
6255;63773;9;7085;8
6256;63781;7;9111;4
6257;63785;21;3037;8
6258;63793;21;3037;16
6259;63809;9;7089;8
6260;63817;63793;1;24
6261;63841;9;7093;4
6262;63845;9;7093;8
6263;63853;21283;3;4
6264;63857;21283;3;8
6265;63865;7;9123;4
6266;63869;113;565;24
6267;63893;15;4259;8
6268;63901;19;3363;4
6269;63905;19;3363;8
6270;63913;63901;1;12
6271;63925;11;5811;4
6272;63929;11;5811;8
6273;63937;25;2557;12
6274;63949;33;1937;28
6275;63977;55;1163;12
6276;63989;9;7109;8
6277;63997;7109;9;16
6278;64013;15;4267;8
6279;64021;9;7113;4
6280;64025;9;7113;8
6281;64033;7;9147;4
6282;64037;21;3049;8
6283;64045;2371;27;28
6284;64073;15;4271;8
6285;64081;9151;7;24
6286;64105;23;2787;4
6287;64109;23;2787;8
6288;64117;7;9159;4
6289;64121;21;3053;8
6290;64129;21;3053;16
6291;64145;21379;3;8
6292;64153;21383;3;4
6293;64157;21383;3;8
6294;64165;64153;1;12
6295;64177;21391;3;4
6296;64181;21391;3;8
6297;64189;21391;3;16
6298;64205;9;7133;8
6299;64213;17;3777;4
6300;64217;21;3057;20
6301;64237;51;1259;28
6302;64265;227;283;24
6303;64289;21;3061;8
6304;64297;29;2217;4
6305;64301;53;1213;12
6306;64313;29;2217;20
6307;64333;131;491;12
6308;64345;9;7149;4
6309;64349;25;2573;24
6310;64373;15;4291;8
6311;64381;57;1129;28
6312;64409;21467;3;8
6313;64417;21467;3;16
6314;64433;15;4295;8
6315;64441;47;1371;4
6316;64445;47;1371;8
6317;64453;13;4957;12
6318;64465;21;3069;16
6319;64481;21491;3;8
6320;64489;61;1057;12
6321;64501;64489;1;12
6322;64513;21503;3;4
6323;64517;21503;3;8
6324;64525;9;7169;4
6325;64529;149;433;12
6326;64541;21;3073;8
6327;64549;5;12909;4
6328;64553;233;277;12
6329;64565;64553;1;12
6330;64577;21523;3;8
6331;64585;31;2083;12
6332;64597;9;7177;4
6333;64601;9;7177;8
6334;64609;5;12921;4
6335;64613;15;4307;8
6336;64621;64609;1;12
6337;64633;9;7181;4
6338;64637;25;2585;12
6339;64649;109;593;12
6340;64661;109;593;24
6341;64685;21559;3;8
6342;64693;71;911;12
6343;64705;7;9243;4
6344;64709;9;7189;8
6345;64717;11;5883;4
6346;64721;21;3081;20
6347;64741;49;1321;12
6348;64753;101;641;12
6349;64765;113;573;16
6350;64781;239;271;12
6351;64793;64781;1;12
6352;64805;64793;1;12
6353;64817;9;7201;8
6354;64825;17;3813;4
6355;64829;57;1137;20
6356;64849;5;12969;4
6357;64853;9;7205;8
6358;64861;13;4989;4
6359;64865;13;4989;8
6360;64873;7;9267;4
6361;64877;64853;1;24
6362;64901;97;669;8
6363;64909;73;889;12
6364;64921;4327;15;16
6365;64937;7213;9;20
6366;64957;31;2095;12
6367;64969;21;3093;16
6368;64985;43;1511;12
6369;64997;9;7221;8
6370;65005;9283;7;24
6371;65029;5;13005;4
6372;65033;9;7225;8
6373;65041;7;9291;4
6374;65045;19;3423;8
6375;65053;79;823;36
6376;65089;59;1103;12
6377;65101;9;7233;4
6378;65105;17;3829;12
6379;65117;11;5919;8
6380;65125;7;9303;4
6381;65129;21;3101;8
6382;65137;9;7237;4
6383;65141;21;3101;20
6384;65161;37;1761;4
6385;65165;37;1761;8
6386;65173;17;3833;12
6387;65185;39;1671;16
6388;65201;31;2103;8
6389;65209;5;13041;4
6390;65213;9;7245;8
6391;65221;21739;3;4
6392;65225;65213;1;12
6393;65237;17;3837;8
6394;65245;9319;7;12
6395;65257;13049;5;12
6396;65269;5;13053;4
6397;65273;15;4351;8
6398;65281;65269;1;12
6399;65293;97;673;12
6400;65305;21767;3;4
6401;65309;57;1145;44
6402;65353;9;7261;4
6403;65357;9;7261;8
6404;65365;53;1233;16
6405;65381;131;499;12
6406;65393;21;3113;20
6407;65413;9343;7;12
6408;65425;65413;1;12
6409;65437;25;2617;12
6410;65449;5;13089;4
6411;65453;31;2111;12
6412;65465;9;7273;8
6413;65473;139;471;4
6414;65477;21;3117;20
6415;65497;9;7277;4
6416;65501;9;7277;8
6417;65509;65497;1;12
6418;65521;21839;3;4
6419;65525;49;1337;12
6420;65537;9;7281;8
6421;65545;13;5041;12
6422;65557;21851;3;4
6423;65561;21;3121;20
6424;65581;21859;3;4
6425;65585;31;2115;20
6426;65605;9;7289;4
6427;65609;9;7289;8
6428;65617;13121;5;12
6429;65629;5;13125;4
6430;65633;15;4375;8
6431;65641;21;3125;16
6432;65657;19;3455;12
6433;65669;43;1527;8
6434;65677;83;791;24
6435;65701;61;1077;4
6436;65705;61;1077;8
6437;65713;7;9387;4
6438;65717;17;3865;12
6439;65729;65717;1;12
6440;65741;21911;3;8
6441;65749;9391;7;12
6442;65761;37;1777;12
6443;65773;11;5979;4
6444;65777;35;1879;12
6445;65789;65777;1;12
6446;65801;13;5061;8
6447;65809;21;3133;16
6448;65825;31;2123;12
6449;65837;21943;3;8
6450;65845;65809;1;36
6451;65881;7;9411;4
6452;65885;19;3467;12
6453;65897;13177;5;12
6454;65909;11;5991;8
6455;65917;127;519;4
6456;65921;127;519;8
6457;65929;35;1883;24
6458;65953;13;5073;4
6459;65957;55;1199;12
6460;65969;9;7329;8
6461;65977;21991;3;4
6462;65981;41;1609;12
6463;65993;15;4399;8
6464;66001;21991;3;28
6465;66029;59;1119;8
6466;66037;9;7337;4
6467;66041;9;7337;8
6468;66049;5;13209;4
6469;66053;66041;1;12
6470;66065;21;3145;20
6471;66085;22027;3;4
6472;66089;22027;3;8
6473;66097;13217;5;12
6474;66109;5;13221;4
6475;66113;22031;3;20
6476;66133;7;9447;4
6477;66137;21;3149;8
6478;66145;9;7349;4
6479;66149;66137;1;12
6480;66161;22051;3;8
6481;66169;5;13233;4
6482;66173;11;6015;8
6483;66181;66169;1;12
6484;66193;22063;3;4
6485;66197;22063;3;8
6486;66205;22063;3;16
6487;66221;53;1249;24
6488;66245;25;2649;20
6489;66265;22079;3;28
6490;66293;9;7365;8
6491;66301;7;9471;4
6492;66305;11;6027;8
6493;66313;151;439;24
6494;66337;5101;13;24
6495;66361;9;7373;4
6496;66365;9;7373;8
6497;66373;22123;3;4
6498;66377;13;5105;12
6499;66389;65;1021;24
6500;66413;23;2887;12
6501;66425;57;1165;20
6502;66445;22147;3;4
6503;66449;22147;3;8
6504;66457;17;3909;4
6505;66461;17;3909;8
6506;66469;17;3909;16
6507;66485;6043;11;12
6508;66497;13297;5;12
6509;66509;37;1797;20
6510;66529;5;13305;4
6511;66533;15;4435;8
6512;66541;9;7393;4
6513;66545;9;7393;8
6514;66553;66541;1;12
6515;66565;11;6051;4
6516;66569;21;3169;20
6517;66589;5;13317;4
6518;66593;15;4439;8
6519;66601;17;3917;12
6520;66613;9;7401;4
6521;66617;9;7401;8
6522;66625;53;1257;4
6523;66629;53;1257;8
6524;66637;53;1257;16
6525;66653;21;3173;20
6526;66673;89;749;12
6527;66685;61;1093;12
6528;66697;11;6063;4
6529;66701;49;1361;12
6530;66713;15;4447;8
6531;66721;7;9531;4
6532;66725;9;7413;8
6533;66733;21;3177;16
6534;66749;22247;3;8
6535;66757;9;7417;4
6536;66761;39;1711;32
6537;66793;9;7421;4
6538;66797;19;3515;12
6539;66809;21;3181;8
6540;66817;22271;3;4
6541;66821;66809;1;12
6542;66833;9;7425;8
6543;66841;22279;3;4
6544;66845;22279;3;8
6545;66853;9547;7;24
6546;66877;43;1555;12
6547;66889;66877;1;12
6548;66901;9;7433;4
6549;66905;151;443;12
6550;66917;22303;3;8
6551;66925;149;449;24
6552;66949;13;5149;12
6553;66961;66949;1;12
6554;66973;7;9567;4
6555;66977;9;7441;8
6556;66985;83;807;4
6557;66989;21;3189;20
6558;67009;17;3941;12
6559;67021;113;593;12
6560;67033;89;753;16
6561;67049;9;7449;8
6562;67057;7;9579;4
6563;67061;67049;1;12
6564;67073;67061;1;12
6565;67085;9;7453;8
6566;67093;11;6099;4
6567;67097;11;6099;8
6568;67105;13;5161;12
6569;67117;9;7457;4
6570;67121;9;7457;8
6571;67129;41;1637;12
6572;67141;7;9591;4
6573;67145;21;3197;8
6574;67153;9;7461;4
6575;67157;13;5165;12
6576;67169;67157;1;12
6577;67181;22391;3;8
6578;67189;22391;3;16
6579;67205;13;5169;8
6580;67213;43;1563;4
6581;67217;43;1563;8
6582;67225;39;1723;28
6583;67253;15;4483;8
6584;67261;13;5173;12
6585;67273;67261;1;12
6586;67285;41;1641;4
6587;67289;41;1641;8
6588;67297;51;1319;28
6589;67325;83;811;12
6590;67337;9;7481;8
6591;67345;22447;3;4
6592;67349;22447;3;8
6593;67357;13469;5;12
6594;67369;5;13473;4
6595;67373;9623;7;12
6596;67385;27;2495;20
6597;67405;9;7489;4
6598;67409;121;557;12
6599;67421;23;2931;8
6600;67429;5;13485;4
6601;67433;23;2931;20
6602;67453;22483;3;4
6603;67457;59;1143;20
6604;67477;7;9639;4
6605;67481;9;7497;8
6606;67489;5;13497;4
6607;67493;21;3213;20
6608;67513;9643;7;12
6609;67525;181;373;12
6610;67537;22511;3;4
6611;67541;71;951;20
6612;67561;7;9651;4
6613;67565;43;1571;12
6614;67577;13513;5;12
6615;67589;67577;1;12
6616;67601;22531;3;8
6617;67609;22531;3;16
6618;67625;67601;1;24
6619;67649;21;3221;8
6620;67657;47;1439;24
6621;67681;17;3981;4
6622;67685;6151;11;24
6623;67709;22567;3;8
6624;67717;22571;3;4
6625;67721;22571;3;8
6626;67729;5;13545;4
6627;67733;9;7525;8
6628;67741;67;1011;4
6629;67745;67733;1;12
6630;67757;11;6159;8
6631;67765;9;7529;4
6632;67769;9;7529;8
6633;67777;13553;5;12
6634;67789;67777;1;12
6635;67801;67789;1;12
6636;67813;7;9687;4
6637;67817;21;3229;8
6638;67825;13;5217;4
6639;67829;71;955;24
6640;67853;37;1833;32
6641;67885;11;6171;4
6642;67889;103;659;12
6643;67901;29;2341;12
6644;67913;21;3233;20
6645;67933;22643;3;4
6646;67937;22639;3;20
6647;67957;22651;3;4
6648;67961;17;3997;12
6649;67973;15;4531;8
6650;67981;7;9711;4
6651;67985;9;7553;8
6652;67993;131;519;4
6653;67997;21;3237;20
6654;68017;29;2345;12
6655;68029;17;4001;12
6656;68041;13;5233;12
6657;68053;68041;1;12
6658;68065;7561;9;16
6659;68081;43;1583;12
6660;68093;13;5237;12
6661;68105;22699;3;8
6662;68113;41;1661;12
6663;68125;9;7569;4
6664;68129;9;7569;8
6665;68137;13;5241;4
6666;68141;27;2523;20
6667;68161;9;7573;4
6668;68165;21;3245;20
6669;68185;68161;1;24
6670;68209;5;13641;4
6671;68213;15;4547;8
6672;68221;22739;3;4
6673;68225;68213;1;12
6674;68237;9;7581;8
6675;68245;19;3591;16
6676;68261;22751;3;8
6677;68269;49;1393;12
6678;68281;13649;5;36
6679;68317;19;3595;12
6680;68329;21;3253;16
6681;68345;9;7593;8
6682;68353;22783;3;4
6683;68357;27;2531;20
6684;68377;55;1243;12
6685;68389;5;13677;4
6686;68393;15;4559;8
6687;68401;7;9771;4
6688;68405;59;1159;24
6689;68429;22807;3;8
6690;68437;22811;3;4
6691;68441;22811;3;8
6692;68449;22811;3;16
6693;68465;19;3603;8
6694;68473;29;2361;4
6695;68477;29;2361;8
6696;68485;7;9783;4
6697;68489;68477;1;12
6698;68501;21;3261;20
6699;68521;9;7613;4
6700;68525;4567;15;20
6701;68545;11;6231;4
6702;68549;9791;7;12
6703;68561;31;2211;20
6704;68581;21;3265;16
6705;68597;9;7621;8
6706;68605;22859;3;28
6707;68633;9803;7;12
6708;68645;137;501;8
6709;68653;137;501;16
6710;68669;71;967;12
6711;68681;11;6243;8
6712;68689;5;13737;4
6713;68693;33;2081;20
6714;68713;23;2987;12
6715;68725;22907;3;4
6716;68729;22907;3;8
6717;68737;7;9819;4
6718;68741;9;7637;8
6719;68749;5;13749;4
6720;68753;53;1297;12
6721;68765;13;5289;8
6722;68773;9;7641;4
6723;68777;9;7641;8
6724;68785;97;709;12
6725;68797;101;681;16
6726;68813;9;7645;8
6727;68821;7;9831;4
6728;68825;21;3277;8
6729;68833;67;1027;24
6730;68857;59;1167;4
6731;68861;59;1167;8
6732;68869;37;1861;12
6733;68881;4591;15;16
6734;68897;22963;3;8
6735;68905;7;9843;4
6736;68909;17;4053;8
6737;68917;9;7657;4
6738;68921;68909;1;12
6739;68933;41;1681;12
6740;68945;11;6267;8
6741;68953;71;971;12
6742;68965;127;543;4
6743;68969;13789;5;24
6744;68993;9;7665;8
6745;69001;109;633;4
6746;69005;68993;1;12
6747;69017;37;1865;12
6748;69029;23003;3;20
6749;69049;17;4061;12
6750;69061;29;2381;12
6751;69073;69061;1;12
6752;69085;69061;1;24
6753;69109;9871;7;12
6754;69121;69109;1;12
6755;69133;13;5317;12
6756;69145;19;3639;4
6757;69149;25;2765;24
6758;69173;23;3007;12
6759;69185;23059;3;8
6760;69193;23063;3;4
6761;69197;23063;3;8
6762;69205;23063;3;16
6763;69221;9887;7;12
6764;69233;13;5325;8
6765;69241;25;2769;16
6766;69257;55;1259;12
6767;69269;23087;3;8
6768;69277;9;7697;4
6769;69281;23087;3;20
6770;69301;6299;11;12
6771;69313;9;7701;4
6772;69317;83;835;12
6773;69329;21;3301;8
6774;69337;11;6303;4
6775;69341;69317;1;24
6776;69365;61;1137;8
6777;69373;139;499;12
6778;69385;9;7709;4
6779;69389;9;7709;8
6780;69397;23131;3;4
6781;69401;69389;1;12
6782;69413;69401;1;12
6783;69425;69401;1;24
6784;69449;79;879;8
6785;69457;79;879;16
6786;69473;11;6315;8
6787;69481;23159;3;4
6788;69485;23159;3;8
6789;69493;7;9927;4
6790;69497;9;7721;8
6791;69505;127;547;36
6792;69541;25;2781;16
6793;69557;97;717;8
6794;69565;9;7729;4
6795;69569;9;7729;8
6796;69577;7;9939;4
6797;69581;21;3313;8
6798;69589;5;13917;4
6799;69593;17;4093;12
6800;69605;4639;15;20
6801;69625;61;1141;24
6802;69649;5;13929;4
6803;69653;15;4643;8
6804;69661;7;9951;4
6805;69665;69653;1;12
6806;69677;21;3317;20
6807;69697;35;1991;12
6808;69709;69697;1;12
6809;69721;17;4101;4
6810;69725;17;4101;8
6811;69733;11;6339;4
6812;69737;11;6339;8
6813;69745;33;2113;16
6814;69761;69737;1;24
6815;69785;69761;1;24
6816;69809;13;5369;12
6817;69821;9;7757;8
6818;69829;5;13965;4
6819;69833;69821;1;12
6820;69845;69833;1;12
6821;69857;9;7761;8
6822;69865;11;6351;4
6823;69869;11;6351;8
6824;69877;29;2409;16
6825;69893;33;2117;32
6826;69925;9;7769;4
6827;69929;139;503;12
6828;69941;69929;1;12
6829;69953;51;1371;32
6830;69985;167;419;12
6831;69997;7;9999;4
6832;70001;9;7777;8
6833;70009;5;14001;4
6834;70013;70001;1;12
6835;70025;39;1795;20
6836;70045;59;1187;12
6837;70057;19;3687;4
6838;70061;19;3687;8
6839;70069;14009;5;24
6840;70093;21;3337;16
6841;70109;9;7789;8
6842;70117;23371;3;4
6843;70121;7789;9;20
6844;70141;9;7793;4
6845;70145;43;1631;12
6846;70157;67;1047;8
6847;70165;31;2263;12
6848;70177;9;7797;4
6849;70181;6379;11;12
6850;70193;15;4679;8
6851;70201;70177;1;24
6852;70225;89;789;4
6853;70229;89;789;8
6854;70237;41;1713;4
6855;70241;41;1713;8
6856;70249;70237;1;12
6857;70261;70237;1;24
6858;70285;9;7809;4
6859;70289;9;7809;8
6860;70297;14057;5;12
6861;70309;5;14061;4
6862;70313;15;4687;8
6863;70321;9;7813;4
6864;70325;9;7813;8
6865;70333;7;10047;4
6866;70337;43;1635;32
6867;70369;5;14073;4
6868;70373;15;4691;8
6869;70381;13;5413;12
6870;70393;9;7821;4
6871;70397;9;7821;8
6872;70405;31;2271;4
6873;70409;17;4141;12
6874;70421;21;3353;8
6875;70429;21;3353;16
6876;70445;19;3707;12
6877;70457;23;3063;8
6878;70465;23;3063;16
6879;70481;13;5421;8
6880;70489;5;14097;4
6881;70493;15;4699;8
6882;70501;39;1807;28
6883;70529;11;6411;8
6884;70537;13;5425;12
6885;70549;70537;1;12
6886;70561;70549;1;12
6887;70573;9;7841;4
6888;70577;55;1283;12
6889;70589;13;5429;12
6890;70601;70589;1;12
6891;70613;9;7845;8
6892;70621;23539;3;4
6893;70625;23531;3;32
6894;70657;71;995;12
6895;70669;5;14133;4
6896;70673;15;4711;8
6897;70681;33;2141;28
6898;70709;23567;3;8
6899;70717;79;895;12
6900;70729;5;14145;4
6901;70733;10103;7;12
6902;70745;17;4161;8
6903;70753;7;10107;4
6904;70757;9;7861;8
6905;70765;103;687;4
6906;70769;173;409;12
6907;70781;31;2283;8
6908;70789;5;14157;4
6909;70793;9;7865;8
6910;70801;10111;7;24
6911;70825;19;3727;12
6912;70837;7;10119;4
6913;70841;21;3373;8
6914;70849;5;14169;4
6915;70853;70841;1;12
6916;70865;70853;1;12
6917;70877;23623;3;8
6918;70885;23623;3;16
6919;70901;13;5453;12
6920;70913;15;4727;8
6921;70921;7;10131;4
6922;70925;11;6447;8
6923;70933;9;7881;4
6924;70937;25;2837;12
6925;70949;13;5457;8
6926;70957;35;2027;12
6927;70969;70957;1;12
6928;70981;59;1203;4
6929;70985;10139;7;12
6930;70997;14197;5;12
6931;71009;10139;7;36
6932;71045;9;7893;8
6933;71053;19;3739;12
6934;71065;23687;3;4
6935;71069;23687;3;8
6936;71077;9;7897;4
6937;71081;9;7897;8
6938;71089;17;4181;12
6939;71101;13;5469;4
6940;71105;21;3385;20
6941;71125;151;471;4
6942;71129;7901;9;20
6943;71149;5;14229;4
6944;71153;9;7905;8
6945;71161;17;4185;16
6946;71177;43;1655;12
6947;71189;109;653;12
6948;71201;19;3747;8
6949;71209;115;619;24
6950;71233;23743;3;4
6951;71237;23743;3;8
6952;71245;23747;3;4
6953;71249;23747;3;8
6954;71257;7;10179;4
6955;71261;71237;1;24
6956;71285;23;3099;8
6957;71293;17;4193;12
6958;71305;71293;1;12
6959;71317;11;6483;4
6960;71321;11;6483;8
6961;71329;5;14265;4
6962;71333;9;7925;8
6963;71341;71329;1;12
6964;71353;71329;1;24
6965;71377;37;1929;4
6966;71381;37;1929;8
6967;71389;37;1929;16
6968;71405;9;7933;8
6969;71413;13;5493;4
6970;71417;13;5493;8
6971;71425;7;10203;4
6972;71429;19;3759;8
6973;71437;19;3759;16
6974;71453;199;359;12
6975;71465;23819;3;8
6976;71473;13;5497;12
6977;71485;23819;3;28
6978;71513;9;7945;8
6979;71521;31;2307;4
6980;71525;13;5501;12
6981;71537;113;633;8
6982;71545;9;7949;4
6983;71549;113;633;20
6984;71569;41;1745;24
6985;71593;7;10227;4
6986;71597;21;3409;8
6987;71605;29;2469;4
6988;71609;103;695;24
6989;71633;71597;1;36
6990;71669;23887;3;8
6991;71677;55;1303;12
6992;71689;5;14337;4
6993;71693;43;1667;12
6994;71705;23899;3;8
6995;71713;11;6519;4
6996;71717;71693;1;24
6997;71741;23911;3;8
6998;71749;23;3119;12
6999;71761;157;457;12
7000;71773;47;1527;4
7001;71777;31;2315;12
7002;71789;47;1527;20
7003;71809;61;1177;12
7004;71821;37;1941;4
7005;71825;37;1941;8
7006;71833;9;7981;4
7007;71837;9;7981;8
7008;71845;7;10263;4
7009;71849;11;6531;8
7010;71857;43;1671;4
7011;71861;71849;1;12
7012;71873;9;7985;8
7013;71881;10267;7;12
7014;71893;71881;1;12
7015;71905;9;7989;4
7016;71909;9;7989;8
7017;71917;27;2663;16
7018;71933;15;4795;8
7019;71941;9;7993;4
7020;71945;21;3425;20
7021;71965;71941;1;24
7022;71989;5;14397;4
7023;71993;15;4799;8
7024;72001;103;699;4
7025;72005;79;911;36
7026;72041;13;5541;8
7027;72049;5;14409;4
7028;72053;39;1847;20
7029;72073;24023;3;4
7030;72077;24023;3;8
7031;72085;9;8009;4
7032;72089;9;8009;8
7033;72097;7;10299;4
7034;72101;21;3433;8
7035;72109;5;14421;4
7036;72113;72101;1;12
7037;72125;9;8013;8
7038;72133;33;2185;28
7039;72161;9;8017;8
7040;72169;5;14433;4
7041;72173;72161;1;12
7042;72185;8017;9;32
7043;72217;24071;3;4
7044;72221;24071;3;8
7045;72229;257;281;12
7046;72241;11;6567;4
7047;72245;11;6567;8
7048;72253;13;5557;12
7049;72265;7;10323;4
7050;72269;9;8029;8
7051;72277;72253;1;24
7052;72301;9;8033;4
7053;72305;9;8033;8
7054;72313;161;449;24
7055;72337;9;8037;4
7056;72341;151;479;12
7057;72353;13;5565;8
7058;72361;89;813;4
7059;72365;72353;1;12
7060;72377;89;813;20
7061;72397;49;1477;24
7062;72421;101;717;4
7063;72425;101;717;8
7064;72433;7;10347;4
7065;72437;21;3449;8
7066;72445;9;8049;4
7067;72449;17;4261;12
7068;72461;24151;3;8
7069;72469;77;941;12
7070;72481;72469;1;12
7071;72493;73;993;4
7072;72497;73;993;8
7073;72505;72481;1;24
7074;72529;5;14505;4
7075;72533;21;3453;20
7076;72553;9;8061;4
7077;72557;24179;3;20
7078;72577;17;4269;4
7079;72581;49;1481;12
7080;72593;181;401;12
7081;72605;21;3457;8
7082;72613;24203;3;4
7083;72617;229;317;24
7084;72641;11;6603;8
7085;72649;19;3823;12
7086;72661;9;8073;4
7087;72665;9;8073;8
7088;72673;72661;1;12
7089;72685;7;10383;4
7090;72689;6607;11;12
7091;72701;6607;11;24
7092;72725;24239;3;8
7093;72733;121;601;12
7094;72745;8081;9;16
7095;72761;24251;3;8
7096;72769;5;14553;4
7097;72773;9;8085;8
7098;72781;17;4281;4
7099;72785;61;1193;12
7100;72797;19;3831;8
7101;72805;10399;7;12
7102;72817;8089;9;16
7103;72833;101;721;12
7104;72845;173;421;12
7105;72857;17;4285;12
7106;72869;21;3469;20
7107;72889;5;14577;4
7108;72893;15;4859;8
7109;72901;72889;1;12
7110;72913;72901;1;12
7111;72925;109;669;4
7112;72929;109;669;8
7113;72937;25;2917;12
7114;72949;5;14589;4
7115;72953;19;3839;12
7116;72965;83;879;8
7117;72973;13;5613;4
7118;72977;83;879;20
7119;72997;29;2517;4
7120;73001;29;2517;8
7121;73009;5;14601;4
7122;73013;15;4867;8
7123;73021;31;2355;16
7124;73037;23;3175;12
7125;73049;73037;1;12
7126;73061;9;8117;8
7127;73069;199;367;36
7128;73105;7;10443;4
7129;73109;67;1091;12
7130;73121;29;2521;12
7131;73133;9;8125;8
7132;73141;24379;3;4
7133;73145;25;2925;20
7134;73165;191;383;12
7135;73177;24391;3;4
7136;73181;24391;3;8
7137;73189;5;14637;4
7138;73193;33;2217;32
7139;73225;10459;7;12
7140;73237;10459;7;24
7141;73261;24419;3;4
7142;73265;17;4309;12
7143;73277;9;8141;8
7144;73285;61;1201;24
7145;73309;14657;5;24
7146;73333;17;4313;12
7147;73345;9;8149;4
7148;73349;9;8149;8
7149;73357;7;10479;4
7150;73361;21;3493;8
7151;73369;21;3493;16
7152;73385;67;1095;20
7153;73405;23;3191;12
7154;73417;9;8157;4
7155;73421;9;8157;8
7156;73429;5;14685;4
7157;73433;73421;1;12
7158;73445;13;5649;8
7159;73453;9;8161;4
7160;73457;21;3497;20
7161;73477;19;3867;4
7162;73481;19;3867;8
7163;73489;19;3867;16
7164;73505;10499;7;12
7165;73517;107;687;8
7166;73525;7;10503;4
7167;73529;73517;1;12
7168;73541;73529;1;12
7169;73553;15;4903;8
7170;73561;9;8173;4
7171;73565;4903;15;20
7172;73585;24527;3;4
7173;73589;24527;3;8
7174;73597;14717;5;12
7175;73609;5;14721;4
7176;73613;73589;1;24
7177;73637;53;1389;20
7178;73657;24547;3;16
7179;73673;9;8185;8
7180;73681;41;1797;4
7181;73685;41;1797;8
7182;73693;7;10527;4
7183;73697;11;6699;8
7184;73705;9;8189;4
7185;73709;13;5669;12
7186;73721;24571;3;8
7187;73729;10531;7;12
7188;73741;25;2949;16
7189;73757;13;5673;8
7190;73765;31;2379;16
7191;73781;9;8197;8
7192;73789;5;14757;4
7193;73793;89;829;12
7194;73805;109;677;12
7195;73817;9;8201;8
7196;73825;59;1251;16
7197;73841;24611;3;8
7198;73849;47;1571;12
7199;73861;27;2735;16
7200;73877;17;4345;12
7201;73889;9;8209;8
7202;73897;31;2383;24
7203;73921;9;8213;4
7204;73925;9;8213;8
7205;73933;43;1719;16
7206;73949;21;3521;8
7207;73957;9;8217;4
7208;73961;73;1013;12
7209;73973;73961;1;12
7210;73985;24659;3;8
7211;73993;24659;3;16
7212;74009;17;4353;8
7213;74017;24671;3;4
7214;74021;24671;3;8
7215;74029;5;14805;4
7216;74033;51;1451;32
7217;74065;9;8229;4
7218;74069;9;8229;8
7219;74077;27;2743;16
7220;74093;11;6735;8
7221;74101;9;8233;4
7222;74105;9;8233;8
7223;74113;7;10587;4
7224;74117;21;3529;8
7225;74125;74101;1;24
7226;74149;5;14829;4
7227;74153;15;4943;8
7228;74161;4943;15;16
7229;74177;9;8241;8
7230;74185;79;939;4
7231;74189;79;939;8
7232;74197;7;10599;4
7233;74201;21;3533;8
7234;74209;21;3533;16
7235;74225;47;1579;12
7236;74237;33;2249;20
7237;74257;31;2395;12
7238;74269;5;14853;4
7239;74273;53;1401;20
7240;74293;24763;3;4
7241;74297;21;3537;20
7242;74317;9;8257;4
7243;74321;24767;3;20
7244;74341;71;1047;4
7245;74345;71;1047;8
7246;74353;9;8261;4
7247;74357;71;1047;20
7248;74377;13;5721;4
7249;74381;33;2253;32
7250;74413;47;1583;12
7251;74425;17;4377;16
7252;74441;43;1731;8
7253;74449;5;14889;4
7254;74453;74441;1;12
7255;74465;74453;1;12
7256;74477;103;723;8
7257;74485;11;6771;4
7258;74489;103;723;20
7259;74509;5;14901;4
7260;74513;15;4967;8
7261;74521;74509;1;12
7262;74533;74521;1;12
7263;74545;21;3549;16
7264;74561;127;587;12
7265;74573;9;8285;8
7266;74581;6779;11;12
7267;74593;23;3243;4
7268;74597;35;2131;12
7269;74609;23;3243;20
7270;74629;5;14925;4
7271;74633;71;1051;12
7272;74645;9;8293;8
7273;74653;10663;7;12
7274;74665;74653;1;12
7275;74677;41;1821;16
7276;74693;8297;9;20
7277;74713;9;8301;4
7278;74717;67;1115;12
7279;74729;24907;3;8
7280;74737;25;2989;12
7281;74749;13;5749;12
7282;74761;5749;13;24
7283;74785;23;3251;12
7284;74797;3251;23;24
7285;74821;9;8313;4
7286;74825;4987;15;20
7287;74845;13;5757;4
7288;74849;13;5757;8
7289;74857;9;8317;4
7290;74861;9;8317;8
7291;74869;5;14973;4
7292;74873;74861;1;12
7293;74885;74873;1;12
7294;74897;17;4405;12
7295;74909;53;1413;20
7296;74929;5;14985;4
7297;74933;9;8325;8
7298;74941;24979;3;4
7299;74945;24979;3;8
7300;74953;24979;3;16
7301;74969;23;3259;12
7302;74981;43;1743;32
7303;75013;11;6819;4
7304;75017;11;6819;8
7305;75025;17;4413;4
7306;75029;17;4413;8
7307;75037;7;10719;4
7308;75041;75017;1;24
7309;75065;127;591;8
7310;75073;9;8341;4
7311;75077;9;8341;8
7312;75085;19;3951;16
7313;75101;25031;3;8
7314;75109;25031;3;16
7315;75125;21;3577;8
7316;75133;21;3577;16
7317;75149;9;8349;8
7318;75157;13;5781;4
7319;75161;13;5781;8
7320;75169;17;4421;12
7321;75181;75169;1;12
7322;75193;71;1059;4
7323;75197;71;1059;8
7324;75205;7;10743;4
7325;75209;21;3581;8
7326;75217;71;1059;28
7327;75245;31;2427;8
7328;75253;67;1123;12
7329;75265;25087;3;4
7330;75269;25087;3;8
7331;75277;15053;5;12
7332;75289;75277;1;12
7333;75301;19;3963;4
7334;75305;83;907;24
7335;75329;9;8369;8
7336;75337;8369;9;16
7337;75353;47;1603;12
7338;75365;75353;1;12
7339;75377;21;3589;8
7340;75385;25127;3;4
7341;75389;75377;1;12
7342;75401;9;8377;8
7343;75409;5;15081;4
7344;75413;8377;9;20
7345;75433;9;8381;4
7346;75437;23;3279;20
7347;75457;69;1093;40
7348;75497;25163;3;8
7349;75505;6863;11;12
7350;75517;25171;3;4
7351;75521;23;3283;12
7352;75533;15;5035;8
7353;75541;7;10791;4
7354;75545;9;8393;8
7355;75553;25183;3;4
7356;75557;29;2605;12
7357;75569;89;849;8
7358;75577;17;4445;12
7359;75589;27;2799;16
7360;75605;10799;7;12
7361;75617;15121;5;12
7362;75629;75617;1;12
7363;75641;75629;1;12
7364;75653;9;8405;8
7365;75661;25219;3;4
7366;75665;25219;3;8
7367;75673;29;2609;12
7368;75685;9;8409;4
7369;75689;19;3983;12
7370;75701;23;3291;8
7371;75709;59;1283;12
7372;75721;9;8413;4
7373;75725;6883;11;12
7374;75737;25243;3;8
7375;75745;75721;1;24
7376;75769;5;15153;4
7377;75773;15;5051;8
7378;75781;17;4457;12
7379;75793;7;10827;4
7380;75797;9;8421;8
7381;75805;21;3609;16
7382;75821;41;1849;12
7383;75833;9;8425;8
7384;75841;13;5833;12
7385;75853;149;509;12
7386;75865;9;8429;4
7387;75869;31;2447;12
7388;75881;75869;1;12
7389;75893;21;3613;20
7390;75913;25303;3;4
7391;75917;25303;3;8
7392;75925;75913;1;12
7393;75937;9;8437;4
7394;75941;9;8437;8
7395;75949;75937;1;12
7396;75961;7;10851;4
7397;75965;21;3617;8
7398;75973;21;3617;16
7399;75989;19;3999;8
7400;75997;73;1041;4
7401;76001;73;1041;8
7402;76009;73;1041;16
7403;76025;10859;7;12
7404;76037;25;3041;12
7405;76049;25339;3;32
7406;76081;9;8453;4
7407;76085;51;1491;44
7408;76129;103;739;12
7409;76141;41;1857;4
7410;76145;19;4007;12
7411;76157;9;8461;8
7412;76165;23;3311;12
7413;76177;15233;5;12
7414;76189;5;15237;4
7415;76193;9;8465;8
7416;76201;11;6927;4
7417;76205;11;6927;8
7418;76213;181;421;12
7419;76225;181;421;24
7420;76249;5;15249;4
7421;76253;13;5865;8
7422;76261;76249;1;12
7423;76273;37;2061;16
7424;76289;47;1623;8
7425;76297;7;10899;4
7426;76301;9;8477;8
7427;76309;55;1387;24
7428;76333;10903;7;12
7429;76345;76333;1;12
7430;76357;15269;5;12
7431;76369;29;2633;12
7432;76381;7;10911;4
7433;76385;53;1441;12
7434;76397;15277;5;12
7435;76409;241;317;12
7436;76421;39;1959;20
7437;76441;9;8493;4
7438;76445;9;8493;8
7439;76453;17;4497;4
7440;76457;17;4497;8
7441;76465;17;4497;16
7442;76481;47;1627;12
7443;76493;15;5099;8
7444;76501;31;2467;24
7445;76525;19;4027;12
7446;76537;97;789;4
7447;76541;103;743;12
7448;76553;9;8505;8
7449;76561;13;5889;4
7450;76565;37;2069;12
7451;76577;25523;3;8
7452;76585;10939;7;12
7453;76597;10939;7;24
7454;76621;9;8513;4
7455;76625;9;8513;8
7456;76633;193;397;12
7457;76645;59;1299;4
7458;76649;6967;11;12
7459;76661;76649;1;12
7460;76673;76649;1;24
7461;76697;61;1257;20
7462;76717;7;10959;4
7463;76721;13;5901;8
7464;76729;5;15345;4
7465;76733;17;4513;12
7466;76745;25579;3;8
7467;76753;25583;3;4
7468;76757;25583;3;8
7469;76765;76753;1;12
7470;76777;157;489;4
7471;76781;157;489;8
7472;76789;5;15357;4
7473;76793;15;5119;8
7474;76801;7;10971;4
7475;76805;76781;1;24
7476;76829;29;2649;8
7477;76837;6983;11;24
7478;76861;11;6987;4
7479;76865;11;6987;8
7480;76873;101;761;12
7481;76885;33;2329;28
7482;76913;9;8545;8
7483;76921;25639;3;4
7484;76925;6991;11;24
7485;76949;9;8549;8
7486;76957;113;681;4
7487;76961;29;2653;24
7488;76985;13;5921;12
7489;76997;11;6999;8
7490;77005;25667;3;4
7491;77009;25667;3;8
7492;77017;15401;5;12
7493;77029;77017;1;12
7494;77041;77029;1;12
7495;77053;77041;1;12
7496;77065;17;4533;4
7497;77069;251;307;12
7498;77081;77069;1;12
7499;77093;9;8565;8
7500;77101;49;1573;24
7501;77125;9;8569;4
7502;77129;9;8569;8
7503;77137;7;11019;4
7504;77141;13;5933;12
7505;77153;21;3673;20
7506;77173;37;2085;28
7507;77201;11027;7;12
7508;77213;77201;1;12
7509;77225;21;3677;8
7510;77233;9;8581;4
7511;77237;25;3089;12
7512;77249;77237;1;12
7513;77261;11;7023;8
7514;77269;23;3359;12
7515;77281;25759;3;4
7516;77285;25759;3;8
7517;77293;109;709;12
7518;77305;7;11043;4
7519;77309;9;8589;8
7520;77317;21;3681;16
7521;77333;63;1227;32
7522;77365;107;723;4
7523;77369;107;723;8
7524;77377;15473;5;12
7525;77389;5;15477;4
7526;77393;11;7035;8
7527;77401;25799;3;4
7528;77405;193;401;12
7529;77417;33;2345;32
7530;77449;5;15489;4
7531;77453;13;5957;12
7532;77465;73;1061;12
7533;77477;17;4557;8
7534;77485;9;8609;4
7535;77489;21;3689;20
7536;77509;5;15501;4
7537;77513;15;5167;8
7538;77521;5167;15;16
7539;77537;43;1803;8
7540;77545;25847;3;4
7541;77549;25847;3;8
7542;77557;13;5965;12
7543;77569;5;15513;4
7544;77573;129;601;44
7545;77617;41;1893;4
7546;77621;41;1893;8
7547;77629;5;15525;4
7548;77633;9;8625;8
7549;77641;7;11091;4
7550;77645;77621;1;24
7551;77669;9;8629;8
7552;77677;17;4569;4
7553;77681;17;4569;8
7554;77689;17;4569;16
7555;77705;9;8633;8
7556;77713;13;5977;12
7557;77725;25903;3;16
7558;77741;19;4091;12
7559;77753;15;5183;8
7560;77761;29;2681;12
7561;77773;29;2681;24
7562;77797;25931;3;4
7563;77801;107;727;12
7564;77813;107;727;24
7565;77837;25943;3;8
7566;77845;9;8649;4
7567;77849;9;8649;8
7568;77857;25943;3;28
7569;77885;9;8653;8
7570;77893;7;11127;4
7571;77897;21;3709;8
7572;77905;23;3387;4
7573;77909;21;3709;20
7574;77929;5;15585;4
7575;77933;15;5195;8
7576;77941;77929;1;12
7577;77953;83;939;16
7578;77969;13;5997;8
7579;77977;7;11139;4
7580;77981;209;373;24
7581;78005;25999;3;8
7582;78013;26003;3;4
7583;78017;26003;3;8
7584;78025;13;6001;12
7585;78037;19;4107;4
7586;78041;19;4107;8
7587;78049;5;15609;4
7588;78053;78041;1;12
7589;78065;9;8673;8
7590;78073;78049;1;24
7591;78097;9;8677;4
7592;78101;51;1531;20
7593;78121;13;6009;4
7594;78125;11159;7;12
7595;78137;9;8681;8
7596;78145;7;11163;4
7597;78149;21;3721;8
7598;78157;21;3721;16
7599;78173;9;8685;8
7600;78181;13;6013;12
7601;78193;37;2113;12
7602;78205;9;8689;4
7603;78209;67;1167;20
7604;78229;5;15645;4
7605;78233;15;5215;8
7606;78241;9;8693;4
7607;78245;87;899;32
7608;78277;49;1597;24
7609;78301;26099;3;4
7610;78305;59;1327;12
7611;78317;9;8701;8
7612;78325;26107;3;4
7613;78329;78317;1;12
7614;78341;33;2373;32
7615;78373;151;519;4
7616;78377;151;519;8
7617;78385;151;519;16
7618;78401;21;3733;8
7619;78409;21;3733;16
7620;78425;9;8713;8
7621;78433;13;6033;4
7622;78437;13;6033;8
7623;78445;8713;9;28
7624;78473;15;5231;8
7625;78481;131;599;12
7626;78493;9;8721;4
7627;78497;55;1427;12
7628;78509;137;573;8
7629;78517;26171;3;4
7630;78521;137;573;20
7631;78541;59;1331;12
7632;78553;26183;3;4
7633;78557;23;3415;12
7634;78569;9;8729;8
7635;78577;21;3741;16
7636;78593;43;1827;32
7637;78625;73;1077;4
7638;78629;26203;3;20
7639;78649;5;15729;4
7640;78653;19;4139;12
7641;78665;78653;1;12
7642;78677;9;8741;8
7643;78685;26227;3;4
7644;78689;26227;3;8
7645;78697;26227;3;16
7646;78713;9;8745;8
7647;78721;27;2915;16
7648;78737;21;3749;8
7649;78745;21;3749;16
7650;78761;7159;11;12
7651;78773;15;5251;8
7652;78781;59;1335;16
7653;78797;26263;3;8
7654;78805;26267;3;4
7655;78809;26267;3;8
7656;78817;15761;5;12
7657;78829;21;3753;16
7658;78845;11;7167;8
7659;78853;9;8761;4
7660;78857;9;8761;8
7661;78865;78853;1;12
7662;78877;15773;5;12
7663;78889;5;15777;4
7664;78893;9;8765;8
7665;78901;45;1753;16
7666;78917;43;1835;12
7667;78929;9;8769;8
7668;78937;83;951;4
7669;78941;83;951;8
7670;78949;193;409;12
7671;78961;9;8773;4
7672;78965;11279;7;12
7673;78977;11;7179;8
7674;78985;7;11283;4
7675;78989;21;3761;8
7676;78997;33;2393;28
7677;79025;26339;3;8
7678;79033;19;4159;12
7679;79045;26347;3;4
7680;79049;49;1613;12
7681;79061;13;6081;8
7682;79069;39;2027;16
7683;79085;21;3765;20
7684;79105;11299;7;12
7685;79117;13;6085;12
7686;79129;5;15825;4
7687;79133;15;5275;8
7688;79141;53;1493;12
7689;79153;7;11307;4
7690;79157;55;1439;12
7691;79169;13;6089;12
7692;79181;17;4657;12
7693;79193;15;5279;8
7694;79201;23;3443;12
7695;79213;9;8801;4
7696;79217;9;8801;8
7697;79225;26407;3;4
7698;79229;37;2141;12
7699;79241;79229;1;12
7700;79253;21;3773;20
7701;79273;13;6097;12
7702;79285;26423;3;16
7703;79301;26431;3;8
7704;79309;5;15861;4
7705;79313;26431;3;20
7706;79333;31;2559;4
7707;79337;19;4175;12
7708;79349;53;1497;8
7709;79357;9;8817;4
7710;79361;79337;1;24
7711;79385;26459;3;8
7712;79393;9;8821;4
7713;79397;9;8821;8
7714;79405;79393;1;12
7715;79417;19;4179;16
7716;79433;9;8825;8
7717;79441;26479;3;4
7718;79445;43;1847;24
7719;79469;11351;7;12
7720;79481;59;1347;8
7721;79489;5;15897;4
7722;79493;79481;1;12
7723;79505;21;3785;20
7724;79525;37;2149;12
7725;79537;25;3181;12
7726;79549;79537;1;12
7727;79561;23;3459;4
7728;79565;23;3459;8
7729;79573;23;3459;16
7730;79589;17;4681;12
7731;79601;43;1851;8
7732;79609;5;15921;4
7733;79613;9;8845;8
7734;79621;79609;1;12
7735;79633;11;7239;4
7736;79637;11;7239;8
7737;79645;79633;1;12
7738;79657;7;11379;4
7739;79661;21;3793;8
7740;79669;21;3793;16
7741;79685;9;8853;8
7742;79693;101;789;4
7743;79697;7243;11;24
7744;79721;9;8857;8
7745;79729;17;4689;16
7746;79745;21;3797;8
7747;79753;9;8861;4
7748;79757;41;1945;12
7749;79769;11;7251;8
7750;79777;35;2279;12
7751;79789;79777;1;12
7752;79801;73;1093;12
7753;79813;37;2157;4
7754;79817;55;1451;12
7755;79829;9;8869;8
7756;79837;13;6141;4
7757;79841;21;3801;20
7758;79861;9;8873;4
7759;79865;9;8873;8
7760;79873;79861;1;12
7761;79885;26627;3;4
7762;79889;26627;3;8
7763;79897;9;8877;4
7764;79901;9;8877;8
7765;79909;5;15981;4
7766;79913;15;5327;8
7767;79921;65;1229;36
7768;79957;26647;3;16
7769;79973;11423;7;12
7770;79985;79973;1;12
7771;79997;13;6153;8
7772;80005;21;3809;16
7773;80021;39;2051;32
7774;80053;191;419;24
7775;80077;7;11439;4
7776;80081;29;2761;12
7777;80093;73;1097;12
7778;80105;13;6161;12
7779;80117;9;8901;8
7780;80125;23;3483;16
7781;80141;26711;3;8
7782;80149;5;16029;4
7783;80153;80141;1;12
7784;80165;11;7287;8
7785;80173;26723;3;4
7786;80177;16033;5;12
7787;80189;26723;3;20
7788;80209;13;6169;12
7789;80221;9;8913;4
7790;80225;9;8913;8
7791;80233;27;2971;16
7792;80249;21;3821;8
7793;80257;21;3821;16
7794;80273;83;967;12
7795;80285;5351;15;20
7796;80305;13;6177;4
7797;80309;13;6177;8
7798;80317;16061;5;12
7799;80329;80317;1;12
7800;80341;61;1317;4
7801;80345;21;3825;20
7802;80365;9;8929;4
7803;80369;16069;5;24
7804;80393;15;5359;8
7805;80401;9;8933;4
7806;80405;9;8933;8
7807;80413;37;2173;12
7808;80425;11;7311;4
7809;80429;29;2773;12
7810;80441;9;8937;8
7811;80449;11491;7;12
7812;80461;80449;1;12
7813;80473;17;4733;12
7814;80485;139;579;4
7815;80489;139;579;8
7816;80497;139;579;16
7817;80513;79;1019;12
7818;80525;26839;3;8
7819;80533;17;4737;4
7820;80537;17;4737;8
7821;80545;29;2777;12
7822;80557;11;7323;4
7823;80561;37;2177;12
7824;80573;15;5371;8
7825;80581;33;2441;28
7826;80609;17;4741;12
7827;80621;9;8957;8
7828;80629;67;1203;28
7829;80657;9;8961;8
7830;80665;7;11523;4
7831;80669;21;3841;8
7832;80677;26891;3;4
7833;80681;21;3841;20
7834;80701;37;2181;4
7835;80705;37;2181;8
7836;80713;80701;1;12
7837;80725;80713;1;12
7838;80737;25;3229;12
7839;80749;80737;1;12
7840;80761;9;8973;4
7841;80765;23;3511;12
7842;80777;29;2785;12
7843;80789;39;2071;20
7844;80809;43;1879;12
7845;80821;11;7347;4
7846;80825;11;7347;8
7847;80833;7;11547;4
7848;80837;25;3233;12
7849;80849;25;3233;24
7850;80873;9;8985;8
7851;80881;17;4757;12
7852;80893;59;1371;4
7853;80897;35;2311;12
7854;80909;9;8989;8
7855;80917;55;1471;12
7856;80929;5;16185;4
7857;80933;19;4259;12
7858;80945;9;8993;8
7859;80953;11;7359;4
7860;80957;11;7359;8
7861;80965;80953;1;12
7862;80977;16193;5;12
7863;80989;13;6229;12
7864;81001;7;11571;4
7865;81005;19;4263;8
7866;81013;9;9001;4
7867;81017;37;2189;24
7868;81041;27011;3;8
7869;81049;113;717;28
7870;81077;61;1329;8
7871;81085;17;4769;12
7872;81097;27031;3;4
7873;81101;131;619;12
7874;81113;33;2457;32
7875;81145;13;6241;12
7876;81157;9;9017;4
7877;81161;19;4271;12
7878;81173;15;5411;8
7879;81181;27059;3;4
7880;81185;81173;1;12
7881;81197;9;9021;8
7882;81205;27067;3;4
7883;81209;27067;3;8
7884;81217;109;745;12
7885;81229;5;16245;4
7886;81233;9;9025;8
7887;81241;13;6249;4
7888;81245;13;6249;8
7889;81253;137;593;12
7890;81265;9;9029;4
7891;81269;83;979;12
7892;81281;27091;3;8
7893;81289;5;16257;4
7894;81293;181;449;24
7895;81317;27103;3;8
7896;81325;27103;3;16
7897;81341;9;9037;8
7898;81349;5;16269;4
7899;81353;13;6257;12
7900;81365;47;1731;8
7901;81373;59;1379;12
7902;81385;9041;9;16
7903;81401;13;6261;8
7904;81409;5;16281;4
7905;81413;9;9045;8
7906;81421;7;11631;4
7907;81425;39;2087;32
7908;81457;19;4287;4
7909;81461;19;4287;8
7910;81469;81457;1;12
7911;81481;5431;15;16
7912;81497;23;3543;8
7913;81505;7;11643;4
7914;81509;21;3881;8
7915;81517;21;3881;16
7916;81533;15;5435;8
7917;81541;19;4291;12
7918;81553;27179;3;16
7919;81569;31;2631;8
7920;81577;81553;1;24
7921;81601;21;3885;16
7922;81617;11;7419;8
7923;81625;9;9069;4
7924;81629;9;9069;8
7925;81637;25;3265;12
7926;81649;27211;3;16
7927;81665;13;6281;12
7928;81677;16333;5;12
7929;81689;81677;1;12
7930;81701;9;9077;8
7931;81709;5;16341;4
7932;81713;81689;1;24
7933;81737;9;9081;8
7934;81745;11;7431;4
7935;81749;81737;1;12
7936;81761;17;4809;8
7937;81769;5;16353;4
7938;81773;81749;1;24
7939;81797;137;597;8
7940;81805;263;311;12
7941;81817;27271;3;4
7942;81821;157;521;24
7943;81845;9;9093;8
7944;81853;21;3897;16
7945;81869;13;6297;8
7946;81877;9;9097;4
7947;81881;9;9097;8
7948;81889;41;1997;12
7949;81901;27299;3;4
7950;81905;27299;3;8
7951;81913;81901;1;12
7952;81925;7;11703;4
7953;81929;21;3901;8
7954;81937;21;3901;16
7955;81953;67;1223;12
7956;81965;17;4821;8
7957;81973;81937;1;36
7958;82009;5;16401;4
7959;82013;11;7455;8
7960;82021;9;9113;4
7961;82025;82013;1;12
7962;82037;37;2217;8
7963;82045;39;2103;28
7964;82073;19;4319;12
7965;82085;82073;1;12
7966;82097;9;9121;8
7967;82105;21;3909;16
7968;82121;101;813;8
7969;82129;11731;7;12
7970;82141;82129;1;12
7971;82153;139;591;4
7972;82157;139;591;8
7973;82165;82153;1;12
7974;82177;16433;5;12
7975;82189;5;16437;4
7976;82193;31;2651;12
7977;82205;82193;1;12
7978;82217;9133;9;20
7979;82237;9;9137;4
7980;82241;9;9137;8
7981;82249;82237;1;12
7982;82261;7;11751;4
7983;82265;21;3917;8
7984;82273;9;9141;4
7985;82277;83;991;24
7986;82301;27431;3;8
7987;82309;27431;3;16
7988;82325;23;3579;8
7989;82333;13;6333;4
7990;82337;25;3293;12
7991;82349;137;601;12
7992;82361;82349;1;12
7993;82373;15;5491;8
7994;82381;9;9153;4
7995;82385;9;9153;8
7996;82393;13;6337;12
7997;82405;82393;1;12
7998;82417;9;9157;4
7999;82421;23;3583;12
8000;82433;3583;23;24
8001;82457;9;9161;8
8002;82465;27487;3;4
8003;82469;55;1499;24
8004;82493;11783;7;12
8005;82505;107;771;8
8006;82513;17;4853;12
8007;82525;9;9169;4
8008;82529;21;3929;20
8009;82549;13;6349;12
8010;82561;33;2501;28
8011;82589;7507;11;12
8012;82601;9;9177;8
8013;82609;5;16521;4
8014;82613;82601;1;12
8015;82625;27539;3;8
8016;82633;9;9181;4
8017;82637;9;9181;8
8018;82645;82633;1;12
8019;82657;82633;1;24
8020;82681;19;4351;12
8021;82693;43;1923;4
8022;82697;21;3937;20
8023;82717;79;1047;4
8024;82721;79;1047;8
8025;82729;181;457;12
8026;82741;25;3309;16
8027;82757;27583;3;8
8028;82765;7;11823;4
8029;82769;82757;1;12
8030;82781;37;2237;12
8031;82793;82781;1;12
8032;82805;11;7527;8
8033;82813;31;2671;12
8034;82825;19;4359;4
8035;82829;19;4359;8
8036;82837;25;3313;12
8037;82849;5;16569;4
8038;82853;17;4873;12
8039;82865;187;443;24
8040;82889;23;3603;20
8041;82909;5;16581;4
8042;82913;15;5527;8
8043;82921;5527;15;16
8044;82937;11;7539;8
8045;82945;27647;3;4
8046;82949;21;3949;20
8047;82969;49;1693;12
8048;82981;29;2861;12
8049;82993;9;9221;4
8050;82997;9;9221;8
8051;83005;73;1137;4
8052;83009;82997;1;12
8053;83021;82997;1;24
8054;83045;43;1931;12
8055;83057;19;4371;8
8056;83065;23;3611;12
8057;83077;37;2245;12
8058;83089;5;16617;4
8059;83093;15;5539;8
8060;83101;83089;1;12
8061;83113;13;6393;4
8062;83117;55;1511;12
8063;83129;103;807;8
8064;83137;4889;17;24
8065;83161;53;1569;4
8066;83165;49;1697;12
8067;83177;16633;5;12
8068;83189;16633;5;24
8069;83213;9;9245;8
8070;83221;27739;3;4
8071;83225;27739;3;8
8072;83233;83221;1;12
8073;83245;83233;1;12
8074;83257;16649;5;12
8075;83269;5;16653;4
8076;83273;139;599;12
8077;83285;21;3965;20
8078;83305;73;1141;12
8079;83317;73;1141;24
8080;83341;25;3333;16
8081;83357;9;9261;8
8082;83365;83341;1;24
8083;83389;5;16677;4
8084;83393;9;9265;8
8085;83401;17;4905;16
8086;83417;27799;3;20
8087;83437;7;11919;4
8088;83441;21;3973;8
8089;83449;5;16689;4
8090;83453;181;461;12
8091;83465;9;9273;8
8092;83473;27823;3;4
8093;83477;27;3091;20
8094;83497;59;1415;12
8095;83509;83497;1;12
8096;83521;7;11931;4
8097;83525;23;3631;12
8098;83537;21;3977;20
8099;83557;27851;3;4
8100;83561;27851;3;8
8101;83569;27851;3;16
8102;83585;11939;7;12
8103;83597;73;1145;12
8104;83609;9;9289;8
8105;83617;47;1779;4
8106;83621;21;3981;20
8107;83641;9;9293;4
8108;83645;9;9293;8
8109;83653;83641;1;12
8110;83665;27883;3;16
8111;83681;9;9297;8
8112;83689;7607;11;12
8113;83701;23;3639;4
8114;83705;127;659;12
8115;83717;9;9301;8
8116;83725;11;7611;4
8117;83729;11;7611;8
8118;83737;17;4925;12
8119;83749;5;16749;4
8120;83753;9;9305;8
8121;83761;89;941;12
8122;83773;7;11967;4
8123;83777;21;3989;8
8124;83785;27919;3;28
8125;83813;15;5587;8
8126;83821;19;4411;12
8127;83833;27943;3;4
8128;83837;27943;3;8
8129;83845;83833;1;12
8130;83857;7;11979;4
8131;83861;9;9317;8
8132;83869;5;16773;4
8133;83873;27947;3;32
8134;83905;27;3107;16
8135;83921;83;1011;8
8136;83929;5;16785;4
8137;83933;83;1011;20
8138;83953;21;3997;16
8139;83969;59;1423;12
8140;83981;59;1423;24
8141;84005;9;9333;8
8142;84013;41;2049;4
8143;84017;41;2049;8
8144;84025;51;1647;28
8145;84053;13;6465;8
8146;84061;9337;9;28
8147;84089;28027;3;8
8148;84097;28031;3;4
8149;84101;28031;3;8
8150;84109;13;6469;12
8151;84121;11;7647;4
8152;84125;19;4427;12
8153;84137;29;2901;8
8154;84145;9;9349;4
8155;84149;29;2901;20
8156;84169;5;16833;4
8157;84173;15;5611;8
8158;84181;9;9353;4
8159;84185;41;2053;12
8160;84197;41;2053;24
8161;84221;9;9357;8
8162;84229;53;1589;12
8163;84241;84229;1;12
8164;84253;9;9361;4
8165;84257;29;2905;12
8166;84269;131;643;36
8167;84305;28099;3;8
8168;84313;157;537;4
8169;84317;157;537;8
8170;84325;12043;7;24
8171;84349;17;4961;12
8172;84361;5623;15;16
8173;84377;47;1795;12
8174;84389;11;7671;8
8175;84397;9;9377;4
8176;84401;33;2557;20
8177;84421;17;4965;16
8178;84437;9;9381;8
8179;84445;7;12063;4
8180;84449;21;4021;8
8181;84457;28151;3;4
8182;84461;84449;1;12
8183;84473;9;9385;8
8184;84481;29;2913;4
8185;84485;45;1877;20
8186;84505;9;9389;4
8187;84509;12071;7;12
8188;84521;11;7683;8
8189;84529;5;16905;4
8190;84533;15;5635;8
8191;84541;9;9393;4
8192;84545;21;4025;20
8193;84565;4973;17;24
8194;84589;5;16917;4
8195;84593;43;1967;12
8196;84605;5639;15;20
8197;84625;67;1263;4
8198;84629;13;6509;12
8199;84641;28211;3;8
8200;84649;5;16929;4
8201;84653;28211;3;20
8202;84673;13;6513;4
8203;84677;13;6513;8
8204;84685;84673;1;12
8205;84697;7;12099;4
8206;84701;7699;11;12
8207;84713;84701;1;12
8208;84725;84713;1;12
8209;84737;61;1389;8
8210;84745;61;1389;16
8211;84761;12107;7;12
8212;84773;15;5651;8
8213;84781;103;823;12
8214;84793;21;4037;16
8215;84809;23;3687;8
8216;84817;35;2423;12
8217;84829;89;953;12
8218;84841;41;2069;12
8219;84853;28283;3;4
8220;84857;71;1195;12
8221;84869;9;9429;8
8222;84877;19;4467;4
8223;84881;84857;1;24
8224;84905;9;9433;8
8225;84913;67;1267;24
8226;84937;9;9437;4
8227;84941;28307;3;20
8228;84961;28319;3;4
8229;84965;7723;11;12
8230;84977;16993;5;12
8231;84989;27;3147;20
8232;85009;7727;11;12
8233;85021;45;1889;16
8234;85037;21;4049;8
8235;85045;9;9449;4
8236;85049;85037;1;12
8237;85061;28351;3;8
8238;85069;5;17013;4
8239;85073;15;5671;8
8240;85081;97;877;12
8241;85093;85081;1;12
8242;85105;19;4479;4
8243;85109;43;1979;12
8244;85121;85109;1;12
8245;85133;85121;1;12
8246;85145;13;6549;8
8247;85153;12163;7;12
8248;85165;12163;7;24
8249;85189;5;17037;4
8250;85193;9;9465;8
8251;85201;7;12171;4
8252;85205;21;4057;8
8253;85213;21;4057;16
8254;85229;9;9469;8
8255;85237;28403;3;28
8256;85265;9;9473;8
8257;85273;43;1983;4
8258;85277;43;1983;8
8259;85285;7;12183;4
8260;85289;21;4061;8
8261;85297;9;9477;4
8262;85301;17;5017;12
8263;85313;11;7755;8
8264;85321;28439;3;4
8265;85325;28439;3;8
8266;85333;41;2081;12
8267;85345;85333;1;12
8268;85357;23;3711;4
8269;85361;23;3711;8
8270;85369;17;5021;12
8271;85381;149;573;4
8272;85385;59;1447;12
8273;85397;149;573;20
8274;85417;19;4495;12
8275;85429;5;17085;4
8276;85433;71;1203;20
8277;85453;7;12207;4
8278;85457;13;6573;8
8279;85465;61;1401;4
8280;85469;21;4069;20
8281;85489;12211;7;12
8282;85501;53;1613;12
8283;85513;9;9501;4
8284;85517;47;1819;24
8285;85541;21;4073;8
8286;85549;5;17109;4
8287;85553;113;757;12
8288;85565;13;6581;12
8289;85577;11;7779;8
8290;85585;83;1031;12
8291;85597;103;831;4
8292;85601;37;2313;20
8293;85621;7;12231;4
8294;85625;43;1991;12
8295;85637;25;3425;12
8296;85649;29;2953;12
8297;85661;9;9517;8
8298;85669;31;2763;16
8299;85685;5711;15;20
8300;85705;67;1279;12
8301;85717;21;4081;16
8302;85733;28571;3;20
8303;85753;179;479;12
8304;85765;101;849;16
8305;85781;199;431;12
8306;85793;199;431;24
8307;85817;28603;3;8
8308;85825;28607;3;4
8309;85829;28607;3;8
8310;85837;25;3433;12
8311;85849;5;17169;4
8312;85853;12263;7;12
8313;85865;59;1455;20
8314;85885;28627;3;4
8315;85889;21;4089;20
8316;85909;5;17181;4
8317;85913;28631;3;20
8318;85933;73;1177;12
8319;85945;9;9549;4
8320;85949;28643;3;20
8321;85969;5;17193;4
8322;85973;67;1283;12
8323;85985;9;9553;8
8324;85993;221;389;24
8325;86017;9;9557;4
8326;86021;9;9557;8
8327;86029;19;4527;16
8328;86045;169;509;24
8329;86069;28687;3;8
8330;86077;7823;11;24
8331;86101;11;7827;4
8332;86105;11;7827;8
8333;86113;28703;3;4
8334;86117;28703;3;8
8335;86125;86113;1;12
8336;86137;21;4101;16
8337;86153;15;5743;8
8338;86161;31;2779;12
8339;86173;31;2779;24
8340;86197;9;9577;4
8341;86201;9;9577;8
8342;86209;5;17241;4
8343;86213;86201;1;12
8344;86225;86201;1;24
8345;86249;17;5073;8
8346;86257;47;1835;12
8347;86269;86257;1;12
8348;86281;28759;3;4
8349;86285;28759;3;8
8350;86293;7;12327;4
8351;86297;21;4109;8
8352;86305;9;9589;4
8353;86309;86297;1;12
8354;86321;17;5077;12
8355;86333;15;5755;8
8356;86341;131;659;12
8357;86353;107;807;4
8358;86357;35;2467;12
8359;86369;11;7851;8
8360;86377;7;12339;4
8361;86381;9;9597;8
8362;86389;115;751;24
8363;86413;12343;7;12
8364;86425;86413;1;12
8365;86437;47;1839;4
8366;86441;12347;7;12
8367;86453;9;9605;8
8368;86461;7;12351;4
8369;86465;86453;1;12
8370;86477;17293;5;12
8371;86489;86477;1;12
8372;86501;11;7863;8
8373;86509;33;2621;16
8374;86525;9;9613;8
8375;86533;86509;1;24
8376;86557;9;9617;4
8377;86561;23;3763;12
8378;86573;86561;1;12
8379;86585;28859;3;8
8380;86593;17;5093;12
8381;86605;28867;3;4
8382;86609;28867;3;8
8383;86617;17321;5;12
8384;86629;5;17325;4
8385;86633;257;337;24
8386;86657;17;5097;8
8387;86665;12379;7;12
8388;86677;17333;5;12
8389;86689;5;17337;4
8390;86693;15;5779;8
8391;86701;9;9633;4
8392;86705;86693;1;12
8393;86717;21;4129;8
8394;86725;137;633;4
8395;86729;21;4129;20
8396;86749;5;17349;4
8397;86753;15;5783;8
8398;86761;12391;7;24
8399;86785;19;4567;12
8400;86797;28927;3;16
8401;86813;59;1471;24
8402;86837;43;2019;20
8403;86857;13;6681;4
8404;86861;13;6681;8
8405;86869;5;17373;4
8406;86873;86861;1;12
8407;86885;109;797;12
8408;86897;17377;5;12
8409;86909;113;769;12
8410;86921;9;9657;8
8411;86929;27;3219;16
8412;86945;28979;3;8
8413;86953;9;9661;4
8414;86957;9;9661;8
8415;86965;7;12423;4
8416;86969;13;6689;12
8417;86981;86969;1;12
8418;86993;86981;1;12
8419;87005;47;1851;8
8420;87013;47;1851;16
8421;87029;9;9669;8
8422;87037;67;1299;4
8423;87041;67;1299;8
8424;87049;87037;1;12
8425;87061;87037;1;24
8426;87085;29027;3;4
8427;87089;55;1583;24
8428;87113;15;5807;8
8429;87121;71;1227;4
8430;87125;71;1227;8
8431;87133;87121;1;12
8432;87145;31;2811;4
8433;87149;21;4149;20
8434;87169;12451;7;12
8435;87181;33;2641;28
8436;87209;9;9689;8
8437;87217;7;12459;4
8438;87221;7927;11;24
8439;87245;9;9693;8
8440;87253;127;687;4
8441;87257;27;3231;20
8442;87277;9;9697;4
8443;87281;9;9697;8
8444;87289;5;17457;4
8445;87293;9697;9;20
8446;87313;9;9701;4
8447;87317;21;4157;20
8448;87337;25;3493;12
8449;87349;43;2031;16
8450;87365;27;3235;20
8451;87385;13;6721;12
8452;87397;19;4599;16
8453;87413;15;5827;8
8454;87421;9;9713;4
8455;87425;9;9713;8
8456;87433;87421;1;12
8457;87445;29147;3;4
8458;87449;25;3497;24
8459;87473;15;5831;8
8460;87481;13;6729;4
8461;87485;7951;11;24
8462;87509;29167;3;8
8463;87517;37;2365;12
8464;87529;87517;1;12
8465;87541;29179;3;4
8466;87545;29179;3;8
8467;87553;7;12507;4
8468;87557;271;323;24
8469;87581;29191;3;8
8470;87589;12511;7;12
8471;87601;87589;1;12
8472;87613;19;4611;4
8473;87617;19;4611;8
8474;87625;29207;3;4
8475;87629;41;2137;12
8476;87641;9;9737;8
8477;87649;21;4173;16
8478;87665;61;1437;8
8479;87673;87649;1;24
8480;87697;29231;3;4
8481;87701;33;2657;20
8482;87721;45;1949;16
8483;87737;29231;3;44
8484;87781;9;9753;4
8485;87785;9;9753;8
8486;87793;13;6753;4
8487;87797;13;6753;8
8488;87805;7;12543;4
8489;87809;21;4181;8
8490;87817;9;9757;4
8491;87821;277;317;12
8492;87833;15;5855;8
8493;87841;19;4623;4
8494;87845;19;4623;8
8495;87853;13;6757;12
8496;87865;29287;3;4
8497;87869;29287;3;8
8498;87877;17;5169;4
8499;87881;87869;1;12
8500;87893;87881;1;12
8501;87905;13;6761;12
8502;87917;29303;3;8
8503;87925;61;1441;24
8504;87949;5;17589;4
8505;87953;11;7995;8
8506;87961;9;9773;4
8507;87965;9;9773;8
8508;87973;7;12567;4
8509;87977;21;4189;8
8510;87985;21;4189;16
8511;88001;73;1205;36
8512;88037;9;9781;8
8513;88045;29347;3;4
8514;88049;29347;3;8
8515;88057;17609;5;12
8516;88069;5;17613;4
8517;88073;21;4193;20
8518;88093;29363;3;4
8519;88097;33;2669;20
8520;88117;67;1315;12
8521;88129;23;3831;16
8522;88145;9;9793;8
8523;88153;21;4197;16
8524;88169;29387;3;8
8525;88177;9;9797;4
8526;88181;9;9797;8
8527;88189;88177;1;12
8528;88201;29;3041;12
8529;88213;193;457;12
8530;88225;17;5189;12
8531;88237;29411;3;4
8532;88241;21;4201;20
8533;88261;49;1801;12
8534;88273;88261;1;12
8535;88285;9;9809;4
8536;88289;12611;7;12
8537;88301;19;4647;8
8538;88309;23;3839;12
8539;88321;9;9813;4
8540;88325;47;1879;12
8541;88337;29443;3;8
8542;88345;11;8031;4
8543;88349;11;8031;8
8544;88357;88321;1;36
8545;88393;7;12627;4
8546;88397;9;9821;8
8547;88405;21;4209;16
8548;88421;61;1449;32
8549;88453;29483;3;4
8550;88457;29483;3;8
8551;88465;9;9829;4
8552;88469;35;2527;24
8553;88493;21;4213;20
8554;88513;47;1883;12
8555;88525;163;543;16
8556;88541;9;9837;8
8557;88549;5;17709;4
8558;88553;37;2393;12
8559;88565;17;5209;12
8560;88577;17713;5;12
8561;88589;101;877;12
8562;88601;29531;3;8
8563;88609;19;4663;12
8564;88621;109;813;4
8565;88625;109;813;8
8566;88633;13;6817;12
8567;88645;61;1453;12
8568;88657;29;3057;4
8569;88661;21;4221;20
8570;88681;9;9853;4
8571;88685;23;3855;20
8572;88705;17;5217;16
8573;88721;9;9857;8
8574;88729;5;17745;4
8575;88733;13;6825;8
8576;88741;11;8067;4
8577;88745;21;4225;20
8578;88765;29587;3;4
8579;88769;29587;3;8
8580;88777;41;2165;12
8581;88789;5;17757;4
8582;88793;9;9865;8
8583;88801;29599;3;4
8584;88805;29599;3;8
8585;88813;7;12687;4
8586;88817;17761;5;12
8587;88829;88817;1;12
8588;88841;13;6833;12
8589;88853;15;5923;8
8590;88861;23;3863;12
8591;88873;88861;1;12
8592;88885;88873;1;12
8593;88897;33;2693;28
8594;88925;107;831;8
8595;88933;9;9881;4
8596;88937;9;9881;8
8597;88945;41;2169;16
8598;88961;149;597;8
8599;88969;5;17793;4
8600;88973;9;9885;8
8601;88981;7;12711;4
8602;88985;19;4683;8
8603;88993;29663;3;4
8604;88997;13;6845;12
8605;89009;9;9889;8
8606;89017;29671;3;4
8607;89021;29671;3;8
8608;89029;89017;1;12
8609;89041;25;3561;16
8610;89057;55;1619;12
8611;89069;21;4241;8
8612;89077;9;9897;4
8613;89081;89069;1;12
8614;89093;15;5939;8
8615;89101;13;6853;12
8616;89113;77;1157;24
8617;89137;11;8103;4
8618;89141;19;4691;12
8619;89153;13;6857;12
8620;89165;21;4245;20
8621;89185;9;9909;4
8622;89189;29723;3;20
8623;89209;5;17841;4
8624;89213;39;2287;20
8625;89233;7;12747;4
8626;89237;21;4249;8
8627;89245;21;4249;16
8628;89261;9;9917;8
8629;89269;5;17853;4
8630;89273;47;1899;20
8631;89293;9;9921;4
8632;89297;9;9921;8
8633;89305;89293;1;12
8634;89317;53;1685;12
8635;89329;5;17865;4
8636;89333;51;1751;32
8637;89365;29;3081;16
8638;89381;17;5257;12
8639;89393;89381;1;12
8640;89405;9;9933;8
8641;89413;29803;3;4
8642;89417;17881;5;12
8643;89429;41;2181;8
8644;89437;25;3577;12
8645;89449;17;5261;12
8646;89461;29819;3;4
8647;89465;13;6881;12
8648;89477;29;3085;12
8649;89489;89477;1;12
8650;89501;109;821;12
8651;89513;9;9945;8
8652;89521;53;1689;4
8653;89525;53;1689;8
8654;89533;89521;1;12
8655;89545;9;9949;4
8656;89549;12791;7;12
8657;89561;9949;9;20
8658;89581;21;4265;16
8659;89597;29863;3;8
8660;89605;29867;3;4
8661;89609;41;2185;24
8662;89633;15;5975;8
8663;89641;29879;3;4
8664;89645;29879;3;8
8665;89653;7;12807;4
8666;89657;17929;5;12
8667;89669;89657;1;12
8668;89681;71;1263;8
8669;89689;5;17937;4
8670;89693;89669;1;24
8671;89717;17;5277;8
8672;89725;9;9969;4
8673;89729;35;2563;24
8674;89753;43;2087;12
8675;89765;89753;1;12
8676;89777;23;3903;8
8677;89785;107;839;12
8678;89797;9;9977;4
8679;89801;9;9977;8
8680;89809;89797;1;12
8681;89821;7;12831;4
8682;89825;13;6909;8
8683;89833;21;4277;16
8684;89849;163;551;36
8685;89885;29959;3;8
8686;89893;19;4731;4
8687;89897;19;4731;8
8688;89905;7;12843;4
8689;89909;9;9989;8
8690;89917;17;5289;4
8691;89921;21;4281;20
8692;89941;9;9993;4
8693;89945;41;2193;32
8694;89977;19;4735;12
8695;89989;89977;1;12
8696;90001;21;4285;16
8697;90017;9;10001;8
8698;90025;37;2433;4
8699;90029;73;1233;20
8700;90049;5;18009;4
8701;90053;9;10005;8
8702;90061;11;8187;4
8703;90065;11;8187;8
8704;90073;7;12867;4
8705;90077;18013;5;12
8706;90089;18013;5;24
8707;90113;15;6007;8
8708;90121;251;359;12
8709;90133;17;5301;16
8710;90149;30047;3;8
8711;90157;7;12879;4
8712;90161;9;10017;8
8713;90169;5;18033;4
8714;90173;29;3109;12
8715;90185;90173;1;12
8716;90197;9;10021;8
8717;90205;19;4747;12
8718;90217;33;2733;28
8719;90245;21;4297;8
8720;90253;45;2005;28
8721;90281;30091;3;8
8722;90289;29;3113;12
8723;90301;9;10033;4
8724;90305;9;10033;8
8725;90313;30103;3;4
8726;90317;30103;3;8
8727;90325;90313;1;12
8728;90337;9;10037;4
8729;90341;59;1531;12
8730;90353;15;6023;8
8731;90361;12907;7;12
8732;90373;109;829;12
8733;90385;47;1923;4
8734;90389;47;1923;8
8735;90397;29;3117;4
8736;90401;12911;7;24
8737;90425;23;3931;12
8738;90437;43;2103;8
8739;90445;12919;7;12
8740;90457;18089;5;12
8741;90469;5;18093;4
8742;90473;15;6031;8
8743;90481;9;10053;4
8744;90485;9;10053;8
8745;90493;27;3351;16
8746;90509;21;4309;20
8747;90529;5;18105;4
8748;90533;29;3121;24
8749;90557;103;879;20
8750;90577;59;1535;12
8751;90589;5;18117;4
8752;90593;239;379;12
8753;90605;17;5329;12
8754;90617;30203;3;8
8755;90625;31;2923;12
8756;90637;30211;3;4
8757;90641;77;1177;12
8758;90653;15;6043;8
8759;90661;7;12951;4
8760;90665;269;337;12
8761;90677;21;4317;20
8762;90697;9;10077;4
8763;90701;9;10077;8
8764;90709;90697;1;12
8765;90721;90709;1;12
8766;90733;257;353;12
8767;90745;7;12963;4
8768;90749;6047;15;44
8769;90793;12967;7;24
8770;90817;30271;3;4
8771;90821;30271;3;8
8772;90829;5;18165;4
8773;90833;15;6055;8
8774;90841;9;10093;4
8775;90845;90833;1;12
8776;90857;11;8259;8
8777;90865;31;2931;4
8778;90869;33;2753;20
8779;90889;19;4783;12
8780;90901;41;2217;4
8781;90905;41;2217;8
8782;90913;7;12987;4
8783;90917;9;10101;8
8784;90925;97;937;36
8785;90961;103;883;12
8786;90973;30323;3;4
8787;90977;23;3955;12
8788;90989;9;10109;8
8789;90997;7;12999;4
8790;91001;21;4333;8
8791;91009;5;18201;4
8792;91013;21;4333;20
8793;91033;6067;15;28
8794;91061;13007;7;12
8795;91073;13;7005;8
8796;91081;7;13011;4
8797;91085;61;1493;12
8798;91097;61;1493;24
8799;91121;11;8283;8
8800;91129;13;7009;12
8801;91141;17;5361;4
8802;91145;17;5361;8
8803;91153;91141;1;12
8804;91165;7;13023;4
8805;91169;9;10129;8
8806;91177;21;4341;16
8807;91193;19;4799;12
8808;91205;9;10133;8
8809;91213;8291;11;12
8810;91225;13;7017;4
8811;91229;13;7017;8
8812;91237;25;3649;12
8813;91249;5;18249;4
8814;91253;23;3967;12
8815;91265;91253;1;12
8816;91277;9;10141;8
8817;91285;13;7021;12
8818;91297;18257;5;12
8819;91309;30431;3;16
8820;91325;127;719;12
8821;91337;21;4349;8
8822;91345;29;3149;24
8823;91369;5;18273;4
8824;91373;15;6091;8
8825;91381;91369;1;12
8826;91393;41;2229;4
8827;91397;41;2229;8
8828;91405;91393;1;12
8829;91417;101;905;12
8830;91429;5;18285;4
8831;91433;8311;11;12
8832;91445;29;3153;8
8833;91453;9;10161;4
8834;91457;29;3153;20
8835;91477;43;2127;16
8836;91493;9;10165;8
8837;91501;7;13071;4
8838;91505;21;4357;8
8839;91513;21;4357;16
8840;91529;23;3979;12
8841;91541;173;529;24
8842;91565;9;10173;8
8843;91573;131;699;4
8844;91577;131;699;8
8845;91585;3391;27;28
8846;91613;15;6107;8
8847;91621;30539;3;4
8848;91625;31;2955;20
8849;91645;11;8331;4
8850;91649;10181;9;20
8851;91669;5;18333;4
8852;91673;9;10185;8
8853;91681;151;607;24
8854;91705;9;10189;4
8855;91709;9;10189;8
8856;91717;23;3987;16
8857;91733;15;6115;8
8858;91741;31;2959;12
8859;91753;7;13107;4
8860;91757;17;5397;8
8861;91765;17;5397;16
8862;91781;73;1257;20
8863;91801;19;4831;12
8864;91813;91801;1;12
8865;91825;127;723;4
8866;91829;127;723;8
8867;91837;7;13119;4
8868;91841;21;4373;8
8869;91849;25;3673;24
8870;91873;53;1733;24
8871;91897;30631;3;4
8872;91901;30631;3;8
8873;91909;13;7069;12
8874;91921;7;13131;4
8875;91925;9;10213;8
8876;91933;30643;3;4
8877;91937;21;4377;20
8878;91957;9;10217;4
8879;91961;9;10217;8
8880;91969;17;5409;16
8881;91985;49;1877;12
8882;91997;9;10221;8
8883;92005;7;13143;4
8884;92009;91997;1;12
8885;92021;92009;1;12
8886;92033;9;10225;8
8887;92041;11;8367;4
8888;92045;11;8367;8
8889;92053;92041;1;12
8890;92065;13;7081;12
8891;92077;18413;5;12
8892;92089;47;1959;16
8893;92105;121;761;24
8894;92129;65;1417;24
8895;92153;13163;7;12
8896;92165;13;7089;8
8897;92173;7;13167;4
8898;92177;18433;5;12
8899;92189;92177;1;12
8900;92201;79;1167;8
8901;92209;13171;7;12
8902;92221;13;7093;12
8903;92233;71;1299;4
8904;92237;17;5425;12
8905;92249;71;1299;20
8906;92269;5;18453;4
8907;92273;13;7097;12
8908;92285;9;10253;8
8909;92293;30763;3;4
8910;92297;30763;3;8
8911;92305;17;5429;12
8912;92317;33;2797;16
8913;92333;27;3419;20
8914;92353;9;10261;4
8915;92357;23;4015;12
8916;92369;17;5433;8
8917;92377;41;2253;4
8918;92381;51;1811;20
8919;92401;19;4863;4
8920;92405;19;4863;8
8921;92413;30803;3;4
8922;92417;30803;3;8
8923;92425;7;13203;4
8924;92429;13;7109;12
8925;92441;21;4401;20
8926;92461;9;10273;4
8927;92465;6163;15;20
8928;92485;29;3189;4
8929;92489;29;3189;8
8930;92497;9;10277;4
8931;92501;77;1201;24
8932;92525;71;1303;12
8933;92537;30839;3;20
8934;92557;83;1115;12
8935;92569;5;18513;4
8936;92573;9;10285;8
8937;92581;30859;3;4
8938;92585;30859;3;8
8939;92593;92581;1;12
8940;92605;30859;3;28
8941;92633;13;7125;8
8942;92641;19;4875;16
8943;92657;35;2647;12
8944;92669;67;1383;8
8945;92677;7;13239;4
8946;92681;92669;1;12
8947;92693;92681;1;12
8948;92705;92693;1;12
8949;92717;9;10301;8
8950;92725;23;4031;12
8951;92737;25;3709;12
8952;92749;5;18549;4
8953;92753;9;10305;8
8954;92761;7;13251;4
8955;92765;21;4417;8
8956;92773;21;4417;16
8957;92789;19;4883;12
8958;92801;30931;3;8
8959;92809;71;1307;12
8960;92821;92809;1;12
8961;92833;10313;9;16
8962;92849;21;4421;8
8963;92857;9;10317;4
8964;92861;21;4421;20
8965;92881;83;1119;4
8966;92885;83;1119;8
8967;92893;293;317;12
8968;92905;173;537;4
8969;92909;23;4039;12
8970;92921;173;537;20
8971;92941;13;7149;4
8972;92945;199;467;12
8973;92957;30983;3;8
8974;92965;49;1897;12
8975;92977;27;3443;16
8976;92993;15;6199;8
8977;93001;109;853;24
8978;93025;101;921;4
8979;93029;191;487;12
8980;93041;41;2269;12
8981;93053;15;6203;8
8982;93061;6203;15;16
8983;93077;9;10341;8
8984;93085;19;4899;4
8985;93089;19;4899;8
8986;93097;7;13299;4
8987;93101;11;8463;8
8988;93109;5;18621;4
8989;93113;157;593;12
8990;93125;31039;3;8
8991;93133;53;1757;12
8992;93145;53;1757;24
8993;93169;31051;3;16
8994;93185;9;10353;8
8995;93193;6211;15;28
8996;93221;9;10357;8
8997;93229;31;3007;12
8998;93241;31079;3;4
8999;93245;31079;3;8
9000;93253;9;10361;4
9001;93257;31079;3;20
9002;93277;31091;3;4
9003;93281;61;1529;12
9004;93293;9;10365;8
9005;93301;137;681;4
9006;93305;27;3455;20
9007;93325;9;10369;4
9008;93329;9;10369;8
9009;93337;25;3733;12
9010;93349;93337;1;12
9011;93361;21;4445;16
9012;93377;35;2667;32
9013;93409;5;18681;4
9014;93413;77;1213;12
9015;93425;31139;3;8
9016;93433;95;983;48
9017;93481;151;619;12
9018;93493;11;8499;4
9019;93497;11;8499;8
9020;93505;9;10389;4
9021;93509;9;10389;8
9022;93517;7;13359;4
9023;93521;21;4453;8
9024;93529;21;4453;16
9025;93545;9;10393;8
9026;93553;31183;3;4
9027;93557;31183;3;8
9028;93565;31183;3;16
9029;93581;13367;7;12
9030;93593;15;6239;8
9031;93601;7;13371;4
9032;93605;93581;1;24
9033;93629;11;8511;8
9034;93637;23;4071;4
9035;93641;33;2837;20
9036;93661;45;2081;16
9037;93677;31223;3;8
9038;93685;31223;3;16
9039;93701;21;4461;20
9040;93721;43;2179;24
9041;93745;31247;3;4
9042;93749;31247;3;8
9043;93757;9;10417;4
9044;93761;9;10417;8
9045;93769;33;2841;16
9046;93785;21;4465;20
9047;93805;31267;3;4
9048;93809;51;1839;20
9049;93829;31271;3;16
9050;93845;103;911;12
9051;93857;21;4469;8
9052;93865;21;4469;16
9053;93881;13;7221;8
9054;93889;5;18777;4
9055;93893;11;8535;8
9056;93901;93889;1;12
9057;93913;93901;1;12
9058;93925;93913;1;12
9059;93937;7;13419;4
9060;93941;9;10437;8
9061;93949;21;4473;16
9062;93965;47;1999;12
9063;93977;9;10441;8
9064;93985;8543;11;12
9065;93997;18797;5;12
9066;94009;5;18801;4
9067;94013;23;4087;12
9068;94025;11;8547;8
9069;94033;21;4477;16
9070;94049;9;10449;8
9071;94057;94033;1;24
9072;94081;6271;15;16
9073;94097;31;3035;12
9074;94109;21;4481;8
9075;94117;9;10457;4
9076;94121;94109;1;12
9077;94133;10457;9;20
9078;94153;47;2003;12
9079;94165;31387;3;4
9080;94169;31387;3;8
9081;94177;31391;3;4
9082;94181;31387;3;20
9083;94201;41;2297;24
9084;94225;9;10469;4
9085;94229;83;1135;24
9086;94253;15;6283;8
9087;94261;9;10473;4
9088;94265;9;10473;8
9089;94273;94261;1;12
9090;94285;11;8571;4
9091;94289;23;4099;12
9092;94301;9;10477;8
9093;94309;5;18861;4
9094;94313;15;6287;8
9095;94321;6287;15;16
9096;94337;9;10481;8
9097;94345;13;7257;4
9098;94349;13;7257;8
9099;94357;94321;1;36
9100;94393;73;1293;4
9101;94397;4967;19;24
9102;94421;11;8583;8
9103;94429;5;18885;4
9104;94433;15;6295;8
9105;94441;7;13491;4
9106;94445;9;10493;8
9107;94453;21;4497;16
9108;94469;23;4107;8
9109;94477;35;2699;12
9110;94489;27;3499;16
9111;94505;13;7269;8
9112;94513;39;2423;16
9113;94529;47;2011;12
9114;94541;21;4501;20
9115;94561;43;2199;4
9116;94565;43;2199;8
9117;94573;94561;1;12
9118;94585;94573;1;12
9119;94597;18917;5;12
9120;94609;5;18921;4
9121;94613;15;6307;8
9122;94621;9;10513;4
9123;94625;94613;1;12
9124;94637;25;3785;12
9125;94649;31543;3;20
9126;94669;5;18933;4
9127;94673;15;6311;8
9128;94681;11;8607;4
9129;94685;11;8607;8
9130;94693;7;13527;4
9131;94697;29;3265;12
9132;94709;29;3265;24
9133;94733;9;10525;8
9134;94741;25;3789;16
9135;94757;35;2707;12
9136;94769;9;10529;8
9137;94777;7;13539;4
9138;94781;21;4513;8
9139;94789;5;18957;4
9140;94793;97;977;24
9141;94817;11;8619;8
9142;94825;59;1607;12
9143;94837;9;10537;4
9144;94841;9;10537;8
9145;94849;94837;1;12
9146;94861;7;13551;4
9147;94865;21;4517;8
9148;94873;9;10541;4
9149;94877;18973;5;12
9150;94889;8623;11;36
9151;94925;29;3273;8
9152;94933;23;4127;12
9153;94945;7;13563;4
9154;94949;9;10549;8
9155;94957;31;3063;4
9156;94961;94949;1;12
9157;94973;31;3063;20
9158;94993;19;4999;12
9159;95005;31667;3;4
9160;95009;31667;3;8
9161;95017;9;10557;4
9162;95021;95009;1;12
9163;95033;15;6335;8
9164;95041;79;1203;4
9165;95045;21;4525;20
9166;95065;101;941;24
9167;95089;5;19017;4
9168;95093;9;10565;8
9169;95101;31;3067;24
9170;95125;21;4529;16
9171;95141;19;5007;8
9172;95149;5;19029;4
9173;95153;57;1669;20
9174;95173;31723;3;4
9175;95177;31723;3;8
9176;95185;31727;3;4
9177;95189;35;2719;24
9178;95213;31;3071;12
9179;95225;17;5601;8
9180;95233;5011;19;24
9181;95257;31751;3;4
9182;95261;77;1237;12
9183;95273;77;1237;24
9184;95297;21;4537;20
9185;95317;35;2723;12
9186;95329;31771;3;16
9187;95345;25;3813;20
9188;95365;7;13623;4
9189;95369;19069;5;24
9190;95393;15;6359;8
9191;95401;31799;3;4
9192;95405;31799;3;8
9193;95413;31799;3;16
9194;95429;43;2219;12
9195;95441;95429;1;12
9196;95453;9;10605;8
9197;95461;47;2031;4
9198;95465;21;4545;20
9199;95485;9;10609;4
9200;95489;9;10609;8
9201;95497;13;7345;12
9202;95509;139;687;16
9203;95525;19;5027;12
9204;95537;21;4549;8
9205;95545;31847;3;4
9206;95549;13;7349;12
9207;95561;9;10617;8
9208;95569;17;5621;12
9209;95581;95569;1;12
9210;95593;9;10621;4
9211;95597;9;10621;8
9212;95605;109;877;12
9213;95617;7;13659;4
9214;95621;21;4553;8
9215;95629;5;19125;4
9216;95633;21;4553;20
9217;95653;95629;1;24
9218;95677;27;3543;16
9219;95693;15;6379;8
9220;95701;7;13671;4
9221;95705;9;10633;8
9222;95713;61;1569;4
9223;95717;19141;5;12
9224;95729;31907;3;8
9225;95737;95701;1;36
9226;95773;17;5633;12
9227;95785;7;13683;4
9228;95789;21;4561;8
9229;95797;37;2589;4
9230;95801;95789;1;12
9231;95813;95801;1;12
9232;95825;45;2129;20
9233;95845;9;10649;4
9234;95849;9;10649;8
9235;95857;89;1077;4
9236;95861;89;1077;8
9237;95869;5;19173;4
9238;95873;11;8715;8
9239;95881;21;4565;16
9240;95897;31963;3;8
9241;95905;19;5047;12
9242;95917;19181;5;12
9243;95929;95917;1;12
9244;95941;25;3837;16
9245;95957;9;10661;8
9246;95965;21;4569;16
9247;95981;31991;3;8
9248;95989;13711;7;12
9249;96001;95989;1;12
9250;96013;32003;3;4
9251;96017;13;7385;12
9252;96029;9;10669;8
9253;96037;47;2043;16
9254;96053;8731;11;12
9255;96065;96053;1;12
9256;96077;39;2463;20
9257;96097;9;10677;4
9258;96101;9;10677;8
9259;96109;27;3559;16
9260;96125;223;431;12
9261;96137;25;3845;12
9262;96149;73;1317;8
9263;96157;32051;3;4
9264;96161;32051;3;8
9265;96169;96157;1;12
9266;96181;32059;3;4
9267;96185;96149;1;36
9268;96221;23;4183;12
9269;96233;15;6415;8
9270;96241;9;10693;4
9271;96245;9;10693;8
9272;96253;157;613;12
9273;96265;11;8751;4
9274;96269;13751;7;12
9275;96281;9;10697;8
9276;96289;5;19257;4
9277;96293;33;2917;32
9278;96325;97;993;4
9279;96329;97;993;8
9280;96337;97;993;16
9281;96353;9;10705;8
9282;96361;32119;3;4
9283;96365;32119;3;8
9284;96373;7;13767;4
9285;96377;13;7413;8
9286;96385;9;10709;4
9287;96389;96377;1;12
9288;96401;11;8763;8
9289;96409;47;2051;12
9290;96421;229;421;12
9291;96433;13;7417;12
9292;96445;73;1321;12
9293;96457;7;13779;4
9294;96461;9;10717;8
9295;96469;5;19293;4
9296;96473;21;4593;20
9297;96493;9;10721;4
9298;96497;9;10721;8
9299;96505;96493;1;12
9300;96517;19;5079;16
9301;96533;9;10725;8
9302;96541;7;13791;4
9303;96545;21;4597;8
9304;96553;32183;3;4
9305;96557;37;2609;24
9306;96581;32191;3;8
9307;96589;13;7429;12
9308;96601;221;437;24
9309;96625;7;13803;4
9310;96629;21;4601;8
9311;96637;9;10737;4
9312;96641;21;4601;20
9313;96661;11;8787;4
9314;96665;11;8787;8
9315;96673;96661;1;12
9316;96685;277;349;12
9317;96697;61;1585;12
9318;96709;5;19341;4
9319;96713;59;1639;12
9320;96725;17;5689;12
9321;96737;25;3869;12
9322;96749;9;10749;8
9323;96757;55;1759;12
9324;96769;96757;1;12
9325;96781;9;10753;4
9326;96785;29;3337;12
9327;96797;29;3337;24
9328;96821;9;10757;8
9329;96829;13831;7;12
9330;96841;25;3873;16
9331;96857;9;10761;8
9332;96865;83;1167;4
9333;96869;27;3587;20
9334;96889;5;19377;4
9335;96893;19;5099;12
9336;96905;96893;1;12
9337;96917;32303;3;8
9338;96925;32303;3;16
9339;96941;61;1589;12
9340;96953;79;1227;20
9341;96973;32323;3;4
9342;96977;41;2365;12
9343;96989;32327;3;8
9344;96997;9;10777;4
9345;97001;32327;3;20
9346;97021;73;1329;4
9347;97025;29;3345;20
9348;97045;73;1329;28
9349;97073;9;10785;8
9350;97081;32359;3;4
9351;97085;27;3595;20
9352;97105;151;643;12
9353;97117;32371;3;4
9354;97121;19;5111;12
9355;97133;17;5713;12
9356;97145;137;709;12
9357;97157;13;7473;8
9358;97165;139;699;4
9359;97169;139;699;8
9360;97177;19433;5;12
9361;97189;97177;1;12
9362;97201;179;543;4
9363;97205;179;543;8
9364;97213;13;7477;12
9365;97225;21;4629;16
9366;97241;8839;11;12
9367;97253;8839;11;24
9368;97277;32423;3;8
9369;97285;37;2629;12
9370;97297;7;13899;4
9371;97301;89;1093;24
9372;97325;39;2495;20
9373;97345;131;743;12
9374;97357;19469;5;12
9375;97369;5;19473;4
9376;97373;15;6491;8
9377;97381;7;13911;4
9378;97385;21;4637;8
9379;97393;9;10821;4
9380;97397;21;4637;20
9381;97417;19;5127;4
9382;97421;19;5127;8
9383;97429;61;1597;12
9384;97441;32479;3;4
9385;97445;32479;3;8
9386;97453;11;8859;4
9387;97457;11;8859;8
9388;97465;7;13923;4
9389;97469;32479;3;32
9390;97501;9;10833;4
9391;97505;9;10833;8
9392;97513;23;4239;16
9393;97529;32503;3;20
9394;97549;5;19509;4
9395;97553;15;6503;8
9396;97561;21;4645;16
9397;97577;9;10841;8
9398;97585;53;1841;12
9399;97597;29;3365;12
9400;97609;5;19521;4
9401;97613;9;10845;8
9402;97621;97609;1;12
9403;97633;39;2503;16
9404;97649;163;599;12
9405;97661;97649;1;12
9406;97673;57;1713;32
9407;97705;32563;3;16
9408;97721;9;10857;8
9409;97729;5;19545;4
9410;97733;13;7517;12
9411;97745;25;3909;20
9412;97765;67;1459;12
9413;97777;13;7521;4
9414;97781;13;7521;8
9415;97789;19553;5;24
9416;97813;32603;3;4
9417;97817;31;3155;12
9418;97829;29;3373;12
9419;97841;32611;3;8
9420;97849;227;431;12
9421;97861;97849;1;12
9422;97873;17;5757;4
9423;97877;17;5757;8
9424;97885;97849;1;36
9425;97921;127;771;4
9426;97925;47;2083;24
9427;97949;17;5761;12
9428;97961;103;951;8
9429;97969;5;19593;4
9430;97973;9;10885;8
9431;97981;11;8907;4
9432;97985;21;4665;20
9433;98005;9;10889;4
9434;98009;9;10889;8
9435;98017;10889;9;16
9436;98033;15;6535;8
9437;98041;9;10893;4
9438;98045;13;7541;12
9439;98057;19609;5;12
9440;98069;98057;1;12
9441;98081;281;349;12
9442;98093;13;7545;8
9443;98101;47;2087;12
9444;98113;98101;1;12
9445;98125;32707;3;4
9446;98129;32707;3;8
9447;98137;25;3925;12
9448;98149;21;4673;16
9449;98165;27;3635;20
9450;98185;37;2653;24
9451;98209;5;19641;4
9452;98213;15;6547;8
9453;98221;7;14031;4
9454;98225;98213;1;12
9455;98237;21;4677;20
9456;98257;9;10917;4
9457;98261;9;10917;8
9458;98269;98257;1;12
9459;98281;98269;1;12
9460;98293;9;10921;4
9461;98297;9;10921;8
9462;98305;7;14043;4
9463;98309;21;4681;8
9464;98317;32771;3;4
9465;98321;98297;1;24
9466;98345;98321;1;24
9467;98369;9;10929;8
9468;98377;103;955;12
9469;98389;5;19677;4
9470;98393;131;751;12
9471;98405;131;751;24
9472;98429;53;1857;8
9473;98437;25;3937;12
9474;98449;5;19689;4
9475;98453;10937;9;20
9476;98473;8951;11;12
9477;98485;17;5793;4
9478;98489;19;5183;12
9479;98501;63;1563;32
9480;98533;83;1187;12
9481;98545;32843;3;16
9482;98561;13;7581;8
9483;98569;5;19713;4
9484;98573;98561;1;12
9485;98585;98573;1;12
9486;98597;59;1671;8
9487;98605;8963;11;12
9488;98617;9;10957;4
9489;98621;14087;7;12
9490;98633;15;6575;8
9491;98641;7;14091;4
9492;98645;53;1861;12
9493;98657;109;905;12
9494;98669;32887;3;8
9495;98677;35;2819;12
9496;98689;101;977;12
9497;98701;98689;1;12
9498;98713;13;7593;4
9499;98717;19;5195;12
9500;98729;9;10969;8
9501;98737;32911;3;4
9502;98741;98729;1;12
9503;98753;293;337;12
9504;98765;9;10973;8
9505;98773;29;3405;28
9506;98801;9;10977;8
9507;98809;31;3187;12
9508;98821;21;4705;16
9509;98837;9;10981;8
9510;98845;47;2103;4
9511;98849;79;1251;20
9512;98869;5;19773;4
9513;98873;9;10985;8
9514;98881;23;4299;4
9515;98885;23;4299;8
9516;98893;7;14127;4
9517;98897;19777;5;12
9518;98909;21;4709;20
9519;98929;131;755;24
9520;98953;32983;3;4
9521;98957;32983;3;8
9522;98965;98953;1;12
9523;98977;7;14139;4
9524;98981;13;7613;12
9525;98993;98981;1;12
9526;99005;32999;3;8
9527;99013;9;11001;4
9528;99017;9;11001;8
9529;99025;99013;1;12
9530;99037;11;9003;4
9531;99041;11;9003;8
9532;99049;5;19809;4
9533;99053;99041;1;12
9534;99065;21;4717;8
9535;99073;21;4717;16
9536;99089;9;11009;8
9537;99097;17;5829;4
9538;99101;17;5829;8
9539;99109;17;5829;16
9540;99125;9;11013;8
9541;99133;173;573;4
9542;99137;13;7625;12
9543;99149;21;4721;8
9544;99157;21;4721;16
9545;99173;11;9015;8
9546;99181;31;3199;12
9547;99193;99181;1;12
9548;99205;103;963;16
9549;99221;33071;3;8
9550;99229;5;19845;4
9551;99233;9;11025;8
9552;99241;21;4725;16
9553;99257;33083;3;8
9554;99265;9;11029;4
9555;99269;9;11029;8
9556;99277;19853;5;12
9557;99289;33091;3;16
9558;99305;31;3203;12
9559;99317;21;4729;8
9560;99325;199;499;24
9561;99349;5;19869;4
9562;99353;71;1399;24
9563;99377;33119;3;20
9564;99397;7;14199;4
9565;99401;21;4733;8
9566;99409;5;19881;4
9567;99413;99401;1;12
9568;99425;31;3207;8
9569;99433;11;9039;4
9570;99437;11;9039;8
9571;99445;49;2029;24
9572;99469;271;367;12
9573;99481;7;14211;4
9574;99485;9;11053;8
9575;99493;13;7653;4
9576;99497;57;1745;32
9577;99529;35;2843;24
9578;99553;9;11061;4
9579;99557;9;11061;8
9580;99565;7;14223;4
9581;99569;11;9051;8
9582;99577;33191;3;4
9583;99581;33179;3;44
9584;99625;23;4331;12
9585;99637;33211;3;4
9586;99641;11069;9;20
9587;99661;5861;17;24
9588;99685;149;669;4
9589;99689;149;669;8
9590;99697;19937;5;12
9591;99709;5;19941;4
9592;99713;15;6647;8
9593;99721;43;2319;4
9594;99725;43;2319;8
9595;99733;99721;1;12
9596;99745;33247;3;4
9597;99749;9067;11;12
9598;99761;13;7673;12
9599;99773;41;2433;20
9600;99793;47;2123;12
9601;99805;9;11089;4
9602;99809;9;11089;8
9603;99817;7;14259;4
9604;99821;21;4753;8
9605;99829;5;19965;4
9606;99833;21;4753;20
9607;99853;83;1203;4
9608;99857;83;1203;8
9609;99865;13;7681;12
9610;99877;9;11097;4
9611;99881;33287;3;20
9612;99901;7;14271;4
9613;99905;191;523;12
9614;99917;13;7685;12
9615;99929;19;5259;8
9616;99937;31;3223;24
9617;99961;11;9087;4
9618;99965;11;9087;8
9619;99973;47;2127;4
9620;99977;47;2127;8
9621;99985;7;14283;4
9622;99989;33;3029;32
9623;100021;9;11113;4
9624;100025;9091;11;24
9625;100049;33347;3;8
9626;100057;17;5885;12
9627;100069;100057;1;12
9628;100081;33359;3;4
9629;100085;21;4765;20
9630;100105;61;1641;4
9631;100109;61;1641;8
9632;100117;20021;5;12
9633;100129;17;5889;16
9634;100145;29;3453;8
9635;100153;29;3453;16
9636;100169;21;4769;20
9637;100189;5;20037;4
9638;100193;15;6679;8
9639;100201;100189;1;12
9640;100213;33403;3;4
9641;100217;35;2863;12
9642;100229;11;9111;8
9643;100237;19;5275;12
9644;100249;5;20049;4
9645;100253;21;4773;20
9646;100273;9;11141;4
9647;100277;23;4359;20
9648;100297;33427;3;16
9649;100313;9;11145;8
9650;100321;7;14331;4
9651;100325;17;5901;8
9652;100333;53;1893;4
9653;100337;21;4777;20
9654;100357;11;9123;4
9655;100361;11;9123;8
9656;100369;100357;1;12
9657;100381;9;11153;4
9658;100385;9;11153;8
9659;100393;29;3461;24
9660;100417;9;11157;4
9661;100421;9127;11;24
9662;100445;137;733;24
9663;100469;113;889;12
9664;100481;107;939;8
9665;100489;5;20097;4
9666;100493;9;11165;8
9667;100501;139;723;4
9668;100505;100493;1;12
9669;100517;33503;3;8
9670;100525;83;1211;12
9671;100537;25;4021;12
9672;100549;5;20109;4
9673;100553;53;1897;12
9674;100565;6703;15;20
9675;100585;13;7737;4
9676;100589;43;2339;12
9677;100601;9;11177;8
9678;100609;5;20121;4
9679;100613;15;6707;8
9680;100621;100609;1;12
9681;100633;9;11181;4
9682;100637;9;11181;8
9683;100645;33547;3;4
9684;100649;27;3727;20
9685;100669;5;20133;4
9686;100673;9151;11;12
9687;100685;37;2721;8
9688;100693;33563;3;4
9689;100697;9151;11;36
9690;100733;15;6715;8
9691;100741;7;14391;4
9692;100745;9;11193;8
9693;100753;21;4797;16
9694;100769;33;3053;20
9695;100789;179;563;12
9696;100801;33599;3;4
9697;100805;33599;3;8
9698;100813;9;11201;4
9699;100817;9;11201;8
9700;100825;7;14403;4
9701;100829;181;557;12
9702;100841;100829;1;12
9703;100853;9;11205;8
9704;100861;33619;3;4
9705;100865;33619;3;8
9706;100873;17;5933;12
9707;100885;9;11209;4
9708;100889;20173;5;24
9709;100913;233;433;24
9710;100937;17;5937;8
9711;100945;14419;7;12
9712;100957;33647;3;16
9713;100973;15;6731;8
9714;100981;53;1905;16
9715;100997;9;11221;8
9716;101005;131;771;4
9717;101009;13;7769;12
9718;101021;97;1041;44
9719;101065;139;727;12
9720;101077;7;14439;4
9721;101081;21;4813;8
9722;101089;21;4813;16
9723;101105;9;11233;8
9724;101113;33703;3;4
9725;101117;33703;3;8
9726;101125;33703;3;16
9727;101141;9;11237;8
9728;101149;19;5323;12
9729;101161;7;14451;4
9730;101165;21;4817;8
9731;101173;101149;1;24
9732;101197;89;1137;4
9733;101201;89;1137;8
9734;101209;101197;1;12
9735;101221;33739;3;4
9736;101225;39;2595;20
9737;101245;9203;11;12
9738;101257;33751;3;4
9739;101261;103;983;12
9740;101273;15;6751;8
9741;101281;17;5957;12
9742;101293;101281;1;12
9743;101305;33767;3;4
9744;101309;47;2155;24
9745;101333;15;6755;8
9746;101341;17;5961;4
9747;101345;11257;9;32
9748;101377;19;5335;12
9749;101389;5;20277;4
9750;101393;49;2069;12
9751;101405;73;1389;8
9752;101413;7;14487;4
9753;101417;11;9219;8
9754;101425;9;11269;4
9755;101429;21;4829;20
9756;101449;43;2359;12
9757;101461;6763;15;16
9758;101477;149;681;8
9759;101485;33827;3;4
9760;101489;101477;1;12
9761;101501;101489;1;12
9762;101513;21;4833;20
9763;101533;9;11281;4
9764;101537;39;2603;20
9765;101557;33851;3;4
9766;101561;33851;3;8
9767;101569;5;20313;4
9768;101573;9;11285;8
9769;101581;51;1991;40
9770;101621;27;3763;20
9771;101641;9;11293;4
9772;101645;9;11293;8
9773;101653;101641;1;12
9774;101665;101653;1;12
9775;101677;9;11297;4
9776;101681;19;5351;12
9777;101693;15;6779;8
9778;101701;109;933;4
9779;101705;109;933;8
9780;101713;101701;1;12
9781;101725;37;2749;12
9782;101737;33911;3;4
9783;101741;33911;3;8
9784;101749;5;20349;4
9785;101753;101741;1;12
9786;101765;97;1049;12
9787;101777;33923;3;8
9788;101785;9;11309;4
9789;101789;9;11309;8
9790;101797;20357;5;12
9791;101809;5;20361;4
9792;101813;14543;7;12
9793;101825;9;11313;8
9794;101833;7;14547;4
9795;101837;13;7833;8
9796;101845;21;4849;16
9797;101861;9;11317;8
9798;101869;5;20373;4
9799;101873;15;6791;8
9800;101881;14551;7;24
9801;101905;33967;3;4
9802;101909;33967;3;8
9803;101917;7;14559;4
9804;101921;21;4853;8
9805;101929;5;20385;4
9806;101933;101921;1;12
9807;101945;13;7841;12
9808;101957;17;5997;8
9809;101965;43;2371;12
9810;101977;11329;9;16
9811;101993;13;7845;8
9812;102001;79;1291;12
9813;102013;37;2757;4
9814;102017;23;4435;12
9815;102029;63;1619;32
9816;102061;34019;3;4
9817;102065;61;1673;12
9818;102077;9;11341;8
9819;102085;7;14583;4
9820;102089;102077;1;12
9821;102101;21;4861;20
9822;102121;29;3521;12
9823;102133;34039;3;16
9824;102149;14591;7;12
9825;102161;27;3783;20
9826;102181;21;4865;16
9827;102197;23;4443;8
9828;102205;13;7861;12
9829;102217;20441;5;12
9830;102229;5;20445;4
9831;102233;15;6815;8
9832;102241;102229;1;12
9833;102253;7;14607;4
9834;102257;9;11361;8
9835;102265;53;1929;28
9836;102293;9;11365;8
9837;102301;17;6017;12
9838;102313;67;1527;4
9839;102317;67;1527;8
9840;102325;9;11369;4
9841;102329;9;11369;8
9842;102337;7;14619;4
9843;102341;11;9303;8
9844;102349;101;1013;36
9845;102385;23;4451;12
9846;102397;9;11377;4
9847;102401;9;11377;8
9848;102409;31;3303;16
9849;102425;21;4877;8
9850;102433;9;11381;4
9851;102437;17;6025;12
9852;102449;34147;3;8
9853;102457;13;7881;4
9854;102461;34147;3;20
9855;102481;43;2383;12
9856;102493;127;807;4
9857;102497;14639;7;24
9858;102521;9319;11;12
9859;102533;15;6835;8
9860;102541;9;11393;4
9861;102545;25;4101;20
9862;102565;17;6033;4
9863;102569;34183;3;20
9864;102589;5;20517;4
9865;102593;19;5399;12
9866;102605;102593;1;12
9867;102617;9;11401;8
9868;102625;79;1299;4
9869;102629;79;1299;8
9870;102637;79;1299;16
9871;102653;9;11405;8
9872;102661;19;5403;4
9873;102665;19;5403;8
9874;102673;7;14667;4
9875;102677;20533;5;12
9876;102689;102677;1;12
9877;102701;29;3541;12
9878;102713;3803;27;32
9879;102745;23;4467;4
9880;102749;71;1447;12
9881;102761;9;11417;8
9882;102769;21;4893;16
9883;102785;34259;3;8
9884;102793;9;11421;4
9885;102797;9;11421;8
9886;102805;27;3807;16
9887;102821;43;2391;8
9888;102829;13;7909;12
9889;102841;25;4113;16
9890;102857;67;1535;12
9891;102869;9;11429;8
9892;102877;53;1941;4
9893;102881;33;3117;20
9894;102901;31;3319;12
9895;102913;34303;3;4
9896;102917;55;1871;12
9897;102929;55;1871;24
9898;102953;311;331;12
9899;102965;34319;3;8
9900;102973;34319;3;16
9901;102989;47;2191;12
9902;103001;47;2191;24
9903;103025;21;4905;20
9904;103045;9;11449;4
9905;103049;9;11449;8
9906;103057;37;2785;12
9907;103069;34351;3;16
9908;103085;9;11453;8
9909;103093;9371;11;12
9910;103105;21;4909;16
9911;103121;9;11457;8
9912;103129;14731;7;12
9913;103141;13;7933;12
9914;103153;7933;13;24
9915;103177;7;14739;4
9916;103181;83;1243;12
9917;103193;13;7937;12
9918;103205;37;2789;12
9919;103217;34403;3;8
9920;103225;121;853;12
9921;103237;13;7941;4
9922;103241;34403;3;32
9923;103273;21;4917;16
9924;103289;173;597;8
9925;103297;61;1693;24
9926;103321;34439;3;4
9927;103325;34439;3;8
9928;103333;9;11481;4
9929;103337;25;4133;12
9930;103349;19;5439;8
9931;103357;47;2199;4
9932;103361;43;2403;32
9933;103393;67;1543;12
9934;103405;9;11489;4
9935;103409;14771;7;12
9936;103421;34471;3;8
9937;103429;19;5443;12
9938;103441;9;11493;4
9939;103445;9403;11;12
9940;103457;34483;3;8
9941;103465;73;1417;24
9942;103489;20693;5;24
9943;103513;7;14787;4
9944;103517;9;11501;8
9945;103525;11;9411;4
9946;103529;21;4929;20
9947;103549;5;20709;4
9948;103553;9;11505;8
9949;103561;103549;1;12
9950;103573;19;5451;4
9951;103577;19;5451;8
9952;103585;103573;1;12
9953;103597;17;6093;16
9954;103613;211;491;12
9955;103625;103613;1;12
9956;103637;29;3573;20
9957;103657;19;5455;12
9958;103669;103657;1;12
9959;103681;7;14811;4
9960;103685;21;4937;8
9961;103693;21;4937;16
9962;103709;13;7977;8
9963;103717;41;2529;28
9964;103745;25;4149;20
9965;103765;7;14823;4
9966;103769;9;11529;8
9967;103777;299;347;24
9968;103801;9;11533;4
9969;103805;9;11533;8
9970;103813;103801;1;12
9971;103825;103813;1;12
9972;103837;9;11537;4
9973;103841;9;11537;8
9974;103849;5;20769;4
9975;103853;103841;1;12
9976;103865;17;6109;12
9977;103877;20773;5;12
9978;103889;27;3847;20
9979;103909;5;20781;4
9980;103913;9;11545;8
9981;103921;11;9447;4
9982;103925;11;9447;8
9983;103933;17;6113;12
9984;103945;6113;17;24
9985;103969;5;20793;4
9986;103973;15;6931;8
9987;103981;103969;1;12
9988;103993;17;6117;4
9989;103997;35;2971;12
9990;104009;103997;1;12
9991;104021;104009;1;12
9992;104033;104021;1;12
9993;104045;34679;3;8
9994;104053;9;11561;4
9995;104057;9;11561;8
9996;104065;33;3153;16
9997;104081;113;921;8
9998;104089;65;1601;24
9999;104113;34703;3;4
10000;104117;45;2313;32
