n;A008864;weight;level;jump
1;3;2;1;1
2;4;0;0;2
3;6;4;1;2
4;8;0;0;4
5;12;5;2;2
6;14;5;2;4
7;18;4;4;2
8;20;8;2;4
9;24;9;2;6
10;30;4;7;2
11;32;13;2;6
12;38;17;2;4
13;42;4;10;2
14;44;5;8;4
15;48;7;6;6
16;54;8;6;6
17;60;29;2;2
18;62;7;8;6
19;68;8;8;4
20;72;5;14;2
21;74;17;4;6
22;80;19;4;4
23;84;13;6;6
24;90;41;2;8
25;98;47;2;4
26;102;4;25;2
27;104;5;20;4
28;108;53;2;2
29;110;53;2;4
30;114;20;5;14
31;128;31;4;4
32;132;7;18;6
33;138;4;34;2
34;140;13;10;10
35;150;4;37;2
36;152;73;2;6
37;158;8;19;6
38;164;5;32;4
39;168;9;18;6
40;174;7;24;6
41;180;89;2;2
42;182;43;4;10
43;192;5;38;2
44;194;5;38;4
45;198;4;49;2
46;200;47;4;12
47;212;20;10;12
48;224;5;44;4
49;228;113;2;2
50;230;113;2;4
51;234;12;19;6
52;240;7;34;2
53;242;29;8;10
54;252;41;6;6
55;258;7;36;6
56;264;43;6;6
57;270;4;67;2
58;272;7;38;6
59;278;137;2;4
60;282;4;70;2
61;284;137;2;10
62;294;20;14;14
63;308;8;38;4
64;312;5;62;2
65;314;5;62;4
66;318;16;19;14
67;332;163;2;6
68;338;41;8;10
69;348;173;2;2
70;350;173;2;4
71;354;12;29;6
72;360;11;32;8
73;368;181;2;6
74;374;8;46;6
75;380;8;47;4
76;384;7;54;6
77;390;191;2;8
78;398;197;2;4
79;402;197;2;8
80;410;16;25;10
81;420;11;38;2
82;422;103;4;10
83;432;5;86;2
84;434;107;4;6
85;440;109;4;4
86;444;73;6;6
87;450;13;34;8
88;458;227;2;4
89;462;4;115;2
90;464;5;92;4
91;468;19;24;12
92;480;59;8;8
93;488;11;44;4
94;492;11;44;8
95;500;8;62;4
96;504;83;6;6
97;510;83;6;12
98;522;4;130;2
99;524;22;23;18
100;542;8;67;6
101;548;269;2;10
102;558;8;69;6
103;564;9;62;6
104;570;4;142;2
105;572;283;2;6
106;578;71;8;10
107;588;97;6;6
108;594;7;84;6
109;600;13;46;2
110;602;149;4;6
111;608;7;86;6
112;614;5;122;4
113;618;4;154;2
114;620;16;38;12
115;632;311;2;10
116;642;4;160;2
117;644;5;128;4
118;648;107;6;6
119;654;8;81;6
120;660;7;94;2
121;662;13;50;12
122;674;5;134;4
123;678;7;96;6
124;684;13;52;8
125;692;11;62;10
126;702;347;2;8
127;710;14;50;10
128;720;89;8;8
129;728;19;38;6
130;734;7;104;6
131;740;8;92;4
132;744;16;46;8
133;752;373;2;6
134;758;13;58;4
135;762;13;58;8
136;770;383;2;4
137;774;19;40;14
138;788;389;2;10
139;798;131;6;12
140;810;4;202;2
141;812;401;2;10
142;822;4;205;2
143;824;5;164;4
144;828;7;118;2
145;830;20;41;10
146;840;59;14;14
147;854;5;170;4
148;858;4;214;2
149;860;8;107;4
150;864;17;50;14
151;878;19;46;4
152;882;4;220;2
153;884;5;176;4
154;888;28;31;20
155;908;8;113;4
156;912;113;8;8
157;920;13;70;10
158;930;461;2;8
159;938;467;2;4
160;942;8;117;6
161;948;157;6;6
162;954;20;47;14
163;968;241;4;4
164;972;7;138;6
165;978;9;108;6
166;984;16;61;8
167;992;17;58;6
168;998;17;58;12
169;1010;503;2;4
170;1014;7;144;6
171;1020;509;2;2
172;1022;11;92;10
173;1032;5;206;2
174;1034;257;4;6
175;1040;103;10;10
176;1050;4;262;2
177;1052;521;2;10
178;1062;4;265;2
179;1064;23;46;6
180;1070;263;4;18
181;1088;271;4;4
182;1092;5;218;2
183;1094;5;218;4
184;1098;7;156;6
185;1104;9;122;6
186;1110;19;58;8
187;1118;8;139;6
188;1124;13;86;6
189;1130;277;4;22
190;1152;5;230;2
191;1154;11;104;10
192;1164;17;68;8
193;1172;14;83;10
194;1182;7;168;6
195;1188;197;6;6
196;1194;593;2;8
197;1202;14;85;12
198;1214;5;242;4
199;1218;12;101;6
200;1224;7;174;6
201;1230;4;307;2
202;1232;613;2;6
203;1238;613;2;12
204;1250;20;62;10
205;1260;23;54;18
206;1278;4;319;2
207;1280;11;116;4
208;1284;9;142;6
209;1290;4;322;2
210;1292;643;2;6
211;1298;647;2;4
212;1302;4;325;2
213;1304;5;260;4
214;1308;16;81;12
215;1320;659;2;2
216;1322;7;188;6
217;1328;647;2;34
218;1362;12;113;6
219;1368;227;6;6
220;1374;683;2;8
221;1382;22;62;18
222;1400;139;10;10
223;1410;349;4;14
224;1424;5;284;4
225;1428;23;62;2
226;1430;23;62;4
227;1434;7;204;6
228;1440;179;8;8
229;1448;19;76;4
230;1452;5;290;2
231;1454;8;181;6
232;1460;181;8;12
233;1472;17;86;10
234;1482;4;370;2
235;1484;5;296;4
236;1488;743;2;2
237;1490;743;2;4
238;1494;8;186;6
239;1500;16;93;12
240;1512;15;100;12
241;1524;379;4;8
242;1532;16;95;12
243;1544;769;2;6
244;1550;773;2;4
245;1554;9;172;6
246;1560;16;97;8
247;1568;17;92;4
248;1572;17;92;8
249;1580;8;197;4
250;1584;157;10;14
251;1598;797;2;4
252;1602;7;228;6
253;1608;11;146;2
254;1610;11;146;4
255;1614;8;201;6
256;1620;809;2;2
257;1622;8;202;6
258;1628;809;2;10
259;1638;809;2;20
260;1658;7;236;6
261;1664;5;332;4
262;1668;7;238;2
263;1670;823;2;24
264;1694;5;338;4
265;1698;4;424;2
266;1700;13;130;10
267;1710;283;6;12
268;1722;4;430;2
269;1724;857;2;10
270;1734;863;2;8
271;1742;7;248;6
272;1748;13;134;6
273;1754;19;92;6
274;1760;26;67;18
275;1778;443;4;6
276;1784;5;356;4
277;1788;19;94;2
278;1790;14;127;12
279;1802;14;128;10
280;1812;15;120;12
281;1824;227;8;8
282;1832;227;8;16
283;1848;131;14;14
284;1862;8;232;6
285;1868;8;233;4
286;1872;5;374;2
287;1874;5;374;4
288;1878;4;469;2
289;1880;11;170;10
290;1890;313;6;12
291;1902;8;237;6
292;1908;317;6;6
293;1914;24;79;18
294;1932;5;386;2
295;1934;137;14;16
296;1950;4;487;2
297;1952;193;10;22
298;1974;8;246;6
299;1980;17;116;8
300;1988;991;2;6
301;1994;5;398;4
302;1998;4;499;2
303;2000;499;4;4
304;2004;499;4;8
305;2012;17;118;6
306;2018;251;8;10
307;2028;1013;2;2
308;2030;20;101;10
309;2040;1013;2;14
310;2054;14;146;10
311;2064;7;294;6
312;2070;14;147;12
313;2082;4;520;2
314;2084;5;416;4
315;2088;7;298;2
316;2090;13;160;10
317;2100;18;116;12
318;2112;5;422;2
319;2114;1049;2;16
320;2130;4;532;2
321;2132;1063;2;6
322;2138;11;194;4
323;2142;4;535;2
324;2144;11;194;10
325;2154;29;74;8
326;2162;32;67;18
327;2180;28;77;24
328;2204;5;440;4
329;2208;367;6;6
330;2214;1103;2;8
331;2222;1103;2;16
332;2238;4;559;2
333;2240;13;172;4
334;2244;13;172;8
335;2252;26;86;16
336;2268;11;206;2
337;2270;11;206;4
338;2274;11;206;8
339;2282;569;4;6
340;2288;7;326;6
341;2294;5;458;4
342;2298;18;127;12
343;2310;4;577;2
344;2312;229;10;22
345;2334;8;291;6
346;2340;7;334;2
347;2342;8;292;6
348;2348;8;293;4
349;2352;17;138;6
350;2358;293;8;14
351;2372;7;338;6
352;2378;1187;2;4
353;2382;4;595;2
354;2384;29;82;6
355;2390;1193;2;4
356;2394;12;199;6
357;2400;199;12;12
358;2412;401;6;6
359;2418;9;268;6
360;2424;241;10;14
361;2438;1217;2;4
362;2442;7;348;6
363;2448;14;174;12
364;2460;613;4;8
365;2468;1231;2;6
366;2474;5;494;4
367;2478;613;4;26
368;2504;22;113;18
369;2522;16;157;10
370;2532;631;4;8
371;2540;8;317;4
372;2544;9;282;6
373;2550;4;637;2
374;2552;19;134;6
375;2558;317;8;22
376;2580;24;107;12
377;2592;5;518;2
378;2594;1289;2;16
379;2610;1301;2;8
380;2618;1307;2;4
381;2622;15;174;12
382;2634;20;131;14
383;2648;1319;2;10
384;2658;4;664;2
385;2660;8;332;4
386;2664;16;166;8
387;2672;31;86;6
388;2678;8;334;6
389;2684;5;536;4
390;2688;17;158;2
391;2690;17;158;4
392;2694;7;384;6
393;2700;673;4;8
394;2708;8;338;4
395;2712;5;542;2
396;2714;677;4;6
397;2720;271;10;10
398;2730;4;682;2
399;2732;1361;2;10
400;2742;1367;2;8
401;2750;1373;2;4
402;2754;20;137;14
403;2768;14;197;10
404;2778;461;6;12
405;2790;4;697;2
406;2792;7;398;6
407;2798;11;254;4
408;2802;4;700;2
409;2804;17;164;16
410;2820;23;122;14
411;2834;5;566;4
412;2838;8;354;6
413;2844;709;4;8
414;2852;1423;2;6
415;2858;1427;2;4
416;2862;36;79;18
417;2880;359;8;8
418;2888;1439;2;10
419;2898;12;241;6
420;2904;7;414;6
421;2910;1451;2;8
422;2918;727;4;10
423;2928;18;162;12
424;2940;19;154;14
425;2954;5;590;4
426;2958;8;369;6
427;2964;17;174;6
428;2970;4;742;2
429;2972;32;92;28
430;3000;1499;2;2
431;3002;11;272;10
432;3012;751;4;8
433;3020;8;377;4
434;3024;35;86;14
435;3038;37;82;4
436;3042;37;82;8
437;3050;14;217;12
438;3062;8;382;6
439;3068;16;191;12
440;3080;769;4;4
441;3084;9;342;6
442;3090;307;10;20
443;3110;20;155;10
444;3120;1559;2;2
445;3122;1553;2;16
446;3138;389;8;26
447;3164;5;632;4
448;3168;1583;2;2
449;3170;1579;2;12
450;3182;8;397;6
451;3188;8;398;4
452;3192;15;212;12
453;3204;13;246;6
454;3210;1601;2;8
455;3218;1607;2;4
456;3222;1607;2;8
457;3230;401;8;22
458;3252;5;650;2
459;3254;5;650;4
460;3258;4;814;2
461;3260;14;232;12
462;3272;811;4;28
463;3300;17;194;2
464;3302;8;412;6
465;3308;13;254;6
466;3314;827;4;6
467;3320;829;4;4
468;3324;7;474;6
469;3330;4;832;2
470;3332;20;166;12
471;3344;5;668;4
472;3348;24;139;12
473;3360;23;146;2
474;3362;419;8;10
475;3372;5;674;2
476;3374;23;146;16
477;3390;4;847;2
478;3392;211;16;16
479;3408;7;486;6
480;3414;1697;2;20
481;3434;1709;2;16
482;3450;1721;2;8
483;3458;11;314;4
484;3462;4;865;2
485;3464;5;692;4
486;3468;1733;2;2
487;3470;431;8;22
488;3492;13;268;8
489;3500;16;218;12
490;3512;1753;2;6
491;3518;877;4;10
492;3528;41;86;2
493;3530;41;86;4
494;3534;7;504;6
495;3540;29;122;2
496;3542;8;442;6
497;3548;29;122;10
498;3558;4;889;2
499;3560;887;4;12
500;3572;13;274;10
501;3582;4;895;2
502;3584;1787;2;10
503;3594;20;179;14
504;3608;1801;2;6
505;3614;5;722;4
506;3618;7;516;6
507;3624;16;226;8
508;3632;7;518;6
509;3638;8;454;6
510;3644;907;4;16
511;3660;16;228;12
512;3672;5;734;2
513;3674;5;734;4
514;3678;16;229;14
515;3692;19;194;6
516;3698;1847;2;4
517;3702;1847;2;8
518;3710;20;185;10
519;3720;16;232;8
520;3728;1861;2;6
521;3734;8;466;6
522;3740;26;143;22
523;3762;12;313;6
524;3768;7;538;2
525;3770;16;235;10
526;3780;269;14;14
527;3794;5;758;4
528;3798;8;474;6
529;3804;631;6;18
530;3822;4;955;2
531;3824;1907;2;10
532;3834;20;191;14
533;3848;31;124;4
534;3852;5;770;2
535;3854;31;124;10
536;3864;22;175;14
537;3878;13;298;4
538;3882;13;298;8
539;3890;22;176;18
540;3908;8;488;4
541;3912;7;558;6
542;3918;4;979;2
543;3920;11;356;4
544;3924;653;6;6
545;3930;4;982;2
546;3932;14;280;12
547;3944;5;788;4
548;3948;491;8;20
549;3968;1973;2;22
550;3990;13;306;12
551;4002;4;1000;2
552;4004;5;800;4
553;4008;23;174;6
554;4014;8;501;6
555;4020;7;574;2
556;4022;8;502;6
557;4028;2003;2;22
558;4050;4;1012;2
559;4052;7;578;6
560;4058;43;94;16
561;4074;9;452;6
562;4080;18;226;12
563;4092;5;818;2
564;4094;7;584;6
565;4100;14;292;12
566;4112;32;128;16
567;4128;2063;2;2
568;4130;2063;2;4
569;4134;8;516;6
570;4140;2063;2;14
571;4154;5;830;4
572;4158;4;1039;2
573;4160;19;218;18
574;4178;31;134;24
575;4202;16;262;10
576;4212;701;6;6
577;4218;4;1054;2
578;4220;421;10;10
579;4230;4;1057;2
580;4232;2111;2;10
581;4242;4;1060;2
582;4244;29;146;10
583;4254;8;531;6
584;4260;2129;2;2
585;4262;1063;4;10
586;4272;5;854;2
587;4274;13;328;10
588;4284;23;186;6
589;4290;2141;2;8
590;4298;44;97;30
591;4328;17;254;10
592;4338;4;1084;2
593;4340;433;10;10
594;4350;13;334;8
595;4358;8;544;6
596;4364;14;311;10
597;4374;22;198;18
598;4392;17;258;6
599;4398;17;258;12
600;4410;733;6;12
601;4422;4;1105;2
602;4424;2203;2;18
603;4442;1109;4;6
604;4448;11;404;4
605;4452;9;494;6
606;4458;7;636;6
607;4464;19;234;18
608;4482;4;1120;2
609;4484;2237;2;10
610;4494;16;280;14
611;4508;2251;2;6
612;4514;5;902;4
613;4518;4;1129;2
614;4520;1129;4;4
615;4524;25;180;24
616;4548;2273;2;2
617;4550;2269;2;12
618;4562;17;268;6
619;4568;569;8;16
620;4584;11;416;8
621;4592;2293;2;6
622;4598;7;656;6
623;4604;2293;2;18
624;4622;47;98;16
625;4638;4;1159;2
626;4640;19;244;4
627;4644;773;6;6
628;4650;4;1162;2
629;4652;23;202;6
630;4658;1163;4;6
631;4664;13;358;10
632;4674;12;389;6
633;4680;389;12;12
634;4692;13;360;12
635;4704;22;213;18
636;4722;4;1180;2
637;4724;7;674;6
638;4730;17;278;4
639;4734;36;131;18
640;4752;593;8;8
641;4760;32;148;24
642;4784;5;956;4
643;4788;2393;2;2
644;4790;2393;2;4
645;4794;7;684;6
646;4800;2399;2;2
647;4802;479;10;12
648;4814;5;962;4
649;4818;1201;4;14
650;4832;49;98;30
651;4862;1213;4;10
652;4872;811;6;6
653;4878;811;6;12
654;4890;23;212;14
655;4904;31;158;6
656;4910;14;350;10
657;4920;409;12;12
658;4932;5;986;2
659;4934;5;986;4
660;4938;9;548;6
661;4944;617;8;8
662;4952;2473;2;6
663;4958;1237;4;10
664;4968;13;382;2
665;4970;13;382;4
666;4974;16;310;14
667;4988;47;106;6
668;4994;29;172;6
669;5000;1249;4;4
670;5004;7;714;6
671;5010;4;1252;2
672;5012;41;122;10
673;5022;4;1255;2
674;5024;313;16;16
675;5040;419;12;12
676;5052;13;388;8
677;5060;2521;2;18
678;5078;43;118;4
679;5082;9;564;6
680;5088;18;282;12
681;5100;2549;2;2
682;5102;7;728;6
683;5108;2551;2;6
684;5114;1277;4;6
685;5120;38;134;28
686;5148;857;6;6
687;5154;20;257;14
688;5168;1291;4;4
689;5172;1291;4;8
690;5180;11;470;10
691;5190;2591;2;8
692;5198;2593;2;12
693;5210;22;236;18
694;5228;8;653;4
695;5232;5;1046;2
696;5234;5;1046;4
697;5238;33;158;24
698;5262;14;375;12
699;5274;12;439;6
700;5280;7;754;2
701;5282;2633;2;16
702;5298;7;756;6
703;5304;883;6;6
704;5310;16;331;14
705;5324;2657;2;10
706;5334;19;280;14
707;5348;8;668;4
708;5352;887;6;30
709;5382;7;768;6
710;5388;9;598;6
711;5394;12;449;6
712;5400;16;337;8
713;5408;37;146;6
714;5414;5;1082;4
715;5418;4;1354;2
716;5420;13;416;12
717;5432;2713;2;6
718;5438;11;494;4
719;5442;4;1360;2
720;5444;2719;2;6
721;5450;23;236;22
722;5472;911;6;6
723;5478;4;1369;2
724;5480;37;148;4
725;5484;911;6;18
726;5502;4;1375;2
727;5504;5;1100;4
728;5508;24;229;12
729;5520;31;178;2
730;5522;7;788;6
731;5528;1381;4;4
732;5532;2753;2;26
733;5558;8;694;6
734;5564;7;794;6
735;5570;11;506;4
736;5574;11;506;8
737;5582;14;398;10
738;5592;40;139;32
739;5624;701;8;16
740;5640;2819;2;2
741;5642;1409;4;6
742;5648;17;332;4
743;5652;5;1130;2
744;5654;5;1130;4
745;5658;4;1414;2
746;5660;25;226;10
747;5670;28;202;14
748;5684;17;334;6
749;5690;2843;2;4
750;5694;2843;2;8
751;5702;1423;4;10
752;5712;9;634;6
753;5718;22;259;20
754;5738;47;122;4
755;5742;4;1435;2
756;5744;19;302;6
757;5750;40;143;30
758;5780;8;722;4
759;5784;16;361;8
760;5792;14;413;10
761;5802;7;828;6
762;5808;967;6;6
763;5814;2903;2;8
764;5822;8;727;6
765;5828;727;8;12
766;5840;1459;4;4
767;5844;7;834;6
768;5850;4;1462;2
769;5852;37;158;6
770;5858;2927;2;4
771;5862;8;732;6
772;5868;7;838;2
773;5870;20;293;10
774;5880;2939;2;2
775;5882;419;14;16
776;5898;12;491;6
777;5904;1471;4;20
778;5924;5;1184;4
779;5928;17;348;12
780;5940;2963;2;14
781;5954;2963;2;28
782;5982;8;747;6
783;5988;373;16;20
784;6008;19;316;4
785;6012;27;222;18
786;6030;3011;2;8
787;6038;8;754;6
788;6044;5;1208;4
789;6048;19;318;6
790;6054;20;302;14
791;6068;7;866;6
792;6074;37;164;6
793;6080;607;10;10
794;6090;4;1522;2
795;6092;3041;2;10
796;6102;14;435;12
797;6114;43;142;8
798;6122;16;382;10
799;6132;5;1226;2
800;6134;1531;4;10
801;6144;13;472;8
802;6152;20;307;12
803;6164;17;362;10
804;6174;25;246;24
805;6198;4;1549;2
806;6200;1549;4;4
807;6204;1549;4;8
808;6212;29;214;6
809;6218;13;478;4
810;6222;13;478;8
811;6230;1553;4;18
812;6248;3119;2;10
813;6258;12;521;6
814;6264;7;894;6
815;6270;4;1567;2
816;6272;13;482;6
817;6278;1567;4;10
818;6288;523;12;12
819;6300;47;134;2
820;6302;11;572;10
821;6312;1051;6;6
822;6318;8;789;6
823;6324;9;702;6
824;6330;29;218;8
825;6338;1583;4;6
826;6344;3167;2;10
827;6354;12;529;6
828;6360;11;578;2
829;6362;7;908;6
830;6368;3181;2;6
831;6374;8;796;6
832;6380;13;490;10
833;6390;3191;2;8
834;6398;3187;2;24
835;6422;8;802;6
836;6428;3203;2;22
837;6450;4;1612;2
838;6452;3217;2;18
839;6470;53;122;4
840;6474;53;122;8
841;6482;809;8;10
842;6492;359;18;30
843;6522;3257;2;8
844;6530;22;296;18
845;6548;8;818;4
846;6552;5;1310;2
847;6554;16;409;10
848;6564;1093;6;6
849;6570;4;1642;2
850;6572;7;938;6
851;6578;19;346;4
852;6582;547;12;18
853;6600;16;412;8
854;6608;17;388;12
855;6620;3301;2;18
856;6638;22;301;16
857;6654;8;831;6
858;6660;3329;2;2
859;6662;14;475;12
860;6674;1667;4;6
861;6680;23;290;10
862;6690;4;1672;2
863;6692;13;514;10
864;6702;4;1675;2
865;6704;17;394;6
866;6710;20;335;10
867;6720;479;14;14
868;6734;5;1346;4
869;6738;373;18;24
870;6762;4;1690;2
871;6764;28;241;16
872;6780;3389;2;2
873;6782;1693;4;10
874;6792;5;1358;2
875;6794;16;424;10
876;6804;32;212;20
877;6824;5;1364;4
878;6828;3413;2;2
879;6830;3413;2;4
880;6834;3413;2;8
881;6842;3413;2;16
882;6858;12;571;6
883;6864;9;762;6
884;6870;4;1717;2
885;6872;14;490;12
886;6884;17;404;16
887;6900;1723;4;8
888;6908;8;863;4
889;6912;1151;6;6
890;6918;41;168;30
891;6948;23;302;2
892;6950;20;347;10
893;6960;7;994;2
894;6962;37;188;6
895;6968;1741;4;4
896;6972;9;774;6
897;6978;7;996;6
898;6984;16;436;8
899;6992;7;998;6
900;6998;13;538;4
901;7002;15;466;12
902;7014;8;876;6
903;7020;1753;4;8
904;7028;877;8;12
905;7040;1759;4;4
906;7044;19;370;14
907;7058;13;542;12
908;7070;20;353;10
909;7080;28;252;24
910;7104;7;1014;6
911;7110;13;546;12
912;7122;12;593;6
913;7128;7;1018;2
914;7130;1777;4;22
915;7152;19;376;8
916;7160;3571;2;18
917;7178;14;512;10
918;7188;7;1026;6
919;7194;20;359;14
920;7208;1801;4;4
921;7212;5;1442;2
922;7214;8;901;6
923;7220;14;515;10
924;7230;23;314;8
925;7238;8;904;6
926;7244;5;1448;4
927;7248;17;426;6
928;7254;42;172;30
929;7284;727;10;14
930;7298;911;8;10
931;7308;13;562;2
932;7310;41;178;12
933;7322;16;457;10
934;7332;5;1466;2
935;7334;3659;2;16
936;7350;4;1837;2
937;7352;19;386;18
938;7370;3673;2;24
939;7394;461;16;18
940;7412;7;1058;6
941;7418;3701;2;16
942;7434;24;309;18
943;7452;17;438;6
944;7458;4;1864;2
945;7460;61;122;18
946;7478;37;202;4
947;7482;7;1068;6
948;7488;19;394;2
949;7490;11;680;10
950;7500;1873;4;8
951;7508;23;326;10
952;7518;8;939;6
953;7524;7;1074;6
954;7530;3761;2;8
955;7538;3767;2;4
956;7542;8;942;6
957;7548;7;1078;2
958;7550;13;580;10
959;7560;3779;2;2
960;7562;25;302;12
961;7574;5;1514;4
962;7578;12;631;6
963;7584;9;842;6
964;7590;4;1897;2
965;7592;20;379;12
966;7604;5;1520;4
967;7608;3797;2;14
968;7622;1901;4;18
969;7640;23;332;4
970;7644;19;402;6
971;7650;35;218;20
972;7670;3833;2;4
973;7674;3833;2;8
974;7682;19;404;6
975;7688;17;452;4
976;7692;17;452;8
977;7700;8;962;4
978;7704;769;10;14
979;7718;8;964;6
980;7724;5;1544;4
981;7728;19;406;14
982;7742;773;10;12
983;7754;5;1550;4
984;7758;4;1939;2
985;7760;773;10;30
986;7790;17;458;4
987;7794;30;259;24
988;7818;7;1116;6
989;7824;1303;6;6
990;7830;1303;6;12
991;7842;15;522;12
992;7854;16;490;14
993;7868;3931;2;6
994;7874;5;1574;4
995;7878;4;1969;2
996;7880;11;716;4
997;7884;19;414;18
998;7902;7;1128;6
999;7908;14;564;12
1000;7920;23;344;8
1001;7928;17;466;6
1002;7934;5;1586;4
1003;7938;1321;6;12
1004;7950;4;1987;2
1005;7952;20;397;12
1006;7964;3967;2;30
1007;7994;3989;2;16
1008;8010;4;2002;2
1009;8012;4003;2;6
1010;8018;1999;4;22
1011;8040;4013;2;14
1012;8054;8;1006;6
1013;8060;14;575;10
1014;8070;17;474;12
1015;8082;12;673;6
1016;8088;13;622;2
1017;8090;13;622;4
1018;8094;13;622;8
1019;8102;14;578;10
1020;8112;7;1158;6
1021;8118;8;1014;6
1022;8124;25;324;24
1023;8148;49;166;14
1024;8162;2039;4;6
1025;8168;13;628;4
1026;8172;13;628;8
1027;8180;1021;8;12
1028;8192;61;134;18
1029;8210;20;410;10
1030;8220;7;1174;2
1031;8222;2053;4;10
1032;8232;5;1646;2
1033;8234;5;1646;4
1034;8238;7;1176;6
1035;8244;32;257;20
1036;8264;4129;2;6
1037;8270;4133;2;4
1038;8274;20;413;14
1039;8288;19;436;4
1040;8292;5;1658;2
1041;8294;5;1658;4
1042;8298;19;436;14
1043;8312;4153;2;6
1044;8318;4153;2;12
1045;8330;4153;2;24
1046;8354;14;596;10
1047;8364;7;1194;6
1048;8370;37;226;8
1049;8378;16;523;10
1050;8388;7;1198;2
1051;8390;38;220;30
1052;8420;8;1052;4
1053;8424;23;366;6
1054;8430;4;2107;2
1055;8432;20;421;12
1056;8444;5;1688;4
1057;8448;4217;2;14
1058;8462;7;1208;6
1059;8468;4217;2;34
1060;8502;15;566;12
1061;8514;4253;2;8
1062;8522;2129;4;6
1063;8528;4259;2;10
1064;8538;4;2134;2
1065;8540;8;1067;4
1066;8544;2131;4;20
1067;8564;13;658;10
1068;8574;4283;2;8
1069;8582;4283;2;16
1070;8598;4;2149;2
1071;8600;859;10;10
1072;8610;28;307;14
1073;8624;5;1724;4
1074;8628;19;454;2
1075;8630;31;278;12
1076;8642;17;508;6
1077;8648;26;332;16
1078;8664;9;962;6
1079;8670;61;142;8
1080;8678;4337;2;4
1081;8682;4337;2;8
1082;8690;43;202;4
1083;8694;8;1086;6
1084;8700;41;212;8
1085;8708;19;458;6
1086;8714;7;1244;6
1087;8720;14;622;12
1088;8732;4363;2;6
1089;8738;11;794;4
1090;8742;7;1248;6
1091;8748;31;282;6
1092;8754;4373;2;8
1093;8762;1093;8;18
1094;8780;8;1097;4
1095;8784;28;313;20
1096;8804;5;1760;4
1097;8808;733;12;12
1098;8820;4409;2;2
1099;8822;2203;4;10
1100;8832;1471;6;6
1101;8838;4;2209;2
1102;8840;883;10;10
1103;8850;18;491;12
1104;8862;4;2215;2
1105;8864;5;1772;4
1106;8868;28;316;20
1107;8888;4441;2;6
1108;8894;32;277;30
1109;8924;7;1274;6
1110;8930;4463;2;4
1111;8934;4463;2;8
1112;8942;11;812;10
1113;8952;15;596;12
1114;8964;1493;6;6
1115;8970;4;2242;2
1116;8972;43;208;28
1117;9000;11;818;2
1118;9002;13;692;6
1119;9008;2251;4;4
1120;9012;5;1802;2
1121;9014;22;409;16
1122;9030;18;501;12
1123;9042;4;2260;2
1124;9044;4519;2;6
1125;9050;16;565;10
1126;9060;31;292;8
1127;9068;28;323;24
1128;9092;20;454;12
1129;9104;4549;2;6
1130;9110;2273;4;18
1131;9128;4561;2;6
1132;9134;5;1826;4
1133;9138;2281;4;14
1134;9152;17;538;6
1135;9158;23;398;4
1136;9162;15;610;12
1137;9174;4583;2;8
1138;9182;8;1147;6
1139;9188;31;296;12
1140;9200;11;836;4
1141;9204;7;1314;6
1142;9210;14;657;12
1143;9222;8;1152;6
1144;9228;16;576;12
1145;9240;31;298;2
1146;9242;659;14;16
1147;9258;31;298;20
1148;9278;4637;2;4
1149;9282;4;2320;2
1150;9284;4637;2;10
1151;9294;773;12;18
1152;9312;1163;8;8
1153;9320;17;548;4
1154;9324;19;490;14
1155;9338;13;718;4
1156;9342;4;2335;2
1157;9344;7;1334;6
1158;9350;44;212;22
1159;9372;7;1338;6
1160;9378;2341;4;14
1161;9392;13;722;6
1162;9398;8;1174;6
1163;9404;11;854;10
1164;9414;7;1344;6
1165;9420;17;554;2
1166;9422;13;724;10
1167;9432;5;1886;2
1168;9434;5;1886;4
1169;9438;4;2359;2
1170;9440;34;277;22
1171;9462;4;2365;2
1172;9464;5;1892;4
1173;9468;19;498;6
1174;9474;9;1052;6
1175;9480;18;526;12
1176;9492;9;1054;6
1177;9498;2371;4;14
1178;9512;4751;2;10
1179;9522;15;634;12
1180;9534;8;1191;6
1181;9540;2383;4;8
1182;9548;8;1193;4
1183;9552;39;244;36
1184;9588;4787;2;14
1185;9602;14;685;12
1186;9614;8;1201;6
1187;9620;8;1202;4
1188;9624;7;1374;6
1189;9630;4;2407;2
1190;9632;13;740;12
1191;9644;61;158;6
1192;9650;61;158;12
1193;9662;26;371;16
1194;9678;4;2419;2
1195;9680;967;10;10
1196;9690;47;206;8
1197;9698;41;236;22
1198;9720;43;226;2
1199;9722;971;10;12
1200;9734;8;1216;6
1201;9740;8;1217;4
1202;9744;9;1082;6
1203;9750;811;12;18
1204;9768;19;514;2
1205;9770;14;697;12
1206;9782;8;1222;6
1207;9788;8;1223;4
1208;9792;15;652;12
1209;9804;31;316;8
1210;9812;4903;2;6
1211;9818;4903;2;12
1212;9830;17;578;4
1213;9834;7;1404;6
1214;9840;13;756;12
1215;9852;9;1094;6
1216;9858;4;2464;2
1217;9860;1231;8;12
1218;9872;17;580;12
1219;9884;5;1976;4
1220;9888;4937;2;14
1221;9902;8;1237;6
1222;9908;2473;4;16
1223;9924;9;1102;6
1224;9930;4;2482;2
1225;9932;11;902;10
1226;9942;4967;2;8
1227;9950;26;382;18
1228;9968;17;586;6
1229;9974;35;284;34
1230;10008;5003;2;2
1231;10010;31;322;28
1232;10038;4;2509;2
1233;10040;5009;2;22
1234;10062;8;1257;6
1235;10068;7;1438;2
1236;10070;20;503;10
1237;10080;839;12;12
1238;10092;5;2018;2
1239;10094;8;1261;6
1240;10100;8;1262;4
1241;10104;16;631;8
1242;10112;1009;10;22
1243;10134;8;1266;6
1244;10140;37;274;2
1245;10142;17;596;10
1246;10152;16;634;8
1247;10160;2539;4;4
1248;10164;1693;6;6
1249;10170;5081;2;8
1250;10178;5087;2;4
1251;10182;15;678;12
1252;10194;24;424;18
1253;10212;15;680;12
1254;10224;2551;4;20
1255;10244;5;2048;4
1256;10248;9;1138;6
1257;10254;7;1464;6
1258;10260;11;932;8
1259;10268;8;1283;4
1260;10272;5;2054;2
1261;10274;23;446;16
1262;10290;18;571;12
1263;10302;4;2575;2
1264;10304;5147;2;10
1265;10314;5153;2;8
1266;10322;1289;8;10
1267;10332;5;2066;2
1268;10334;5;2066;4
1269;10338;7;1476;6
1270;10344;1033;10;14
1271;10358;14;739;12
1272;10370;26;398;22
1273;10392;11;944;8
1274;10400;2593;4;28
1275;10428;13;802;2
1276;10430;13;802;4
1277;10434;41;254;20
1278;10454;5;2090;4
1279;10458;4;2614;2
1280;10460;8;1307;4
1281;10464;19;550;14
1282;10478;2617;4;10
1283;10488;18;582;12
1284;10500;29;362;2
1285;10502;1049;10;12
1286;10514;29;362;16
1287;10530;4;2632;2
1288;10532;52;202;28
1289;10560;1319;8;8
1290;10568;5273;2;22
1291;10590;11;962;8
1292;10598;5297;2;4
1293;10602;12;883;6
1294;10608;9;1178;6
1295;10614;20;530;14
1296;10628;8;1328;4
1297;10632;16;664;8
1298;10640;2657;4;12
1299;10652;5323;2;6
1300;10658;2663;4;6
1301;10664;5;2132;4
1302;10668;22;484;20
1303;10688;2671;4;4
1304;10692;593;18;18
1305;10710;4;2677;2
1306;10712;20;535;12
1307;10724;23;466;6
1308;10730;31;346;4
1309;10734;8;1341;6
1310;10740;31;346;14
1311;10754;22;488;18
1312;10772;5381;2;10
1313;10782;5387;2;8
1314;10790;11;980;10
1315;10800;673;16;32
1316;10832;5413;2;6
1317;10838;2707;4;10
1318;10848;13;834;6
1319;10854;8;1356;6
1320;10860;61;178;2
1321;10862;8;1357;6
1322;10868;2713;4;16
1323;10884;7;1554;6
1324;10890;4;2722;2
1325;10892;16;680;12
1326;10904;5449;2;6
1327;10910;5441;2;28
1328;10938;4;2734;2
1329;10940;1093;10;10
1330;10950;5471;2;8
1331;10958;5471;2;16
1332;10974;8;1371;6
1333;10980;13;844;8
1334;10988;17;646;6
1335;10994;1373;8;10
1336;11004;30;366;24
1337;11028;32;344;20
1338;11048;5519;2;10
1339;11058;4;2764;2
1340;11060;13;850;10
1341;11070;4;2767;2
1342;11072;14;790;12
1343;11084;5;2216;4
1344;11088;1847;6;6
1345;11094;49;226;20
1346;11114;5;2222;4
1347;11118;4;2779;2
1348;11120;2777;4;12
1349;11132;5557;2;18
1350;11150;20;557;10
1351;11160;7;1594;2
1352;11162;16;697;10
1353;11172;5;2234;2
1354;11174;5;2234;4
1355;11178;797;14;20
1356;11198;5591;2;16
1357;11214;2797;4;26
1358;11240;53;212;4
1359;11244;53;212;8
1360;11252;5623;2;6
1361;11258;17;662;4
1362;11262;15;750;12
1363;11274;9;1252;6
1364;11280;1409;8;8
1365;11288;2819;4;12
1366;11300;17;664;12
1367;11312;5653;2;6
1368;11318;5657;2;4
1369;11322;5657;2;8
1370;11330;44;257;22
1371;11352;5;2270;2
1372;11354;5669;2;16
1373;11370;17;668;14
1374;11384;11;1034;10
1375;11394;12;949;6
1376;11400;13;876;12
1377;11412;15;760;12
1378;11424;35;326;14
1379;11438;8;1429;6
1380;11444;5;2288;4
1381;11448;2857;4;20
1382;11468;8;1433;4
1383;11472;15;764;12
1384;11484;1913;6;6
1385;11490;4;2872;2
1386;11492;5743;2;6
1387;11498;13;884;6
1388;11504;32;359;16
1389;11520;1439;8;8
1390;11528;523;22;22
1391;11550;4;2887;2
1392;11552;43;268;28
1393;11580;11;1052;8
1394;11588;5791;2;6
1395;11594;5;2318;4
1396;11598;827;14;20
1397;11618;5807;2;4
1398;11622;15;774;12
1399;11634;27;430;24
1400;11658;22;529;20
1401;11678;13;898;4
1402;11682;13;898;8
1403;11690;16;730;10
1404;11700;5849;2;2
1405;11702;5843;2;16
1406;11718;4;2929;2
1407;11720;2927;4;12
1408;11732;20;586;12
1409;11744;1171;10;34
1410;11778;4;2944;2
1411;11780;8;1472;4
1412;11784;13;906;6
1413;11790;13;906;12
1414;11802;12;983;6
1415;11808;7;1686;6
1416;11814;5903;2;8
1417;11822;7;1688;6
1418;11828;8;1478;4
1419;11832;5;2366;2
1420;11834;2957;4;6
1421;11840;28;422;24
1422;11864;5;2372;4
1423;11868;1481;8;20
1424;11888;5939;2;10
1425;11898;12;991;6
1426;11904;9;1322;6
1427;11910;1487;8;14
1428;11924;5;2384;4
1429;11928;1987;6;6
1430;11934;7;1704;6
1431;11940;47;254;2
1432;11942;1193;10;12
1433;11954;29;412;6
1434;11960;25;478;10
1435;11970;4;2992;2
1436;11972;5981;2;10
1437;11982;8;1497;6
1438;11988;22;544;20
1439;12008;3001;4;4
1440;12012;461;26;26
1441;12038;11;1094;4
1442;12042;4;3010;2
1443;12044;13;926;6
1444;12050;31;388;22
1445;12072;5;2414;2
1446;12074;25;482;24
1447;12098;6047;2;4
1448;12102;7;1728;6
1449;12108;6053;2;2
1450;12110;6053;2;4
1451;12114;12;1009;6
1452;12120;27;448;24
1453;12144;7;1734;6
1454;12150;13;934;8
1455;12158;59;206;4
1456;12162;4;3040;2
1457;12164;1213;10;34
1458;12198;8;1524;6
1459;12204;3049;4;8
1460;12212;3049;4;16
1461;12228;24;509;12
1462;12240;29;422;2
1463;12242;11;1112;10
1464;12252;5;2450;2
1465;12254;3061;4;10
1466;12264;9;1362;6
1467;12270;6131;2;8
1468;12278;17;722;4
1469;12282;17;722;8
1470;12290;14;877;12
1471;12302;40;307;22
1472;12324;2053;6;6
1473;12330;3079;4;14
1474;12344;5;2468;4
1475;12348;61;202;26
1476;12374;5;2474;4
1477;12378;4;3094;2
1478;12380;16;773;12
1479;12392;41;302;10
1480;12402;6197;2;8
1481;12410;6203;2;4
1482;12414;6203;2;8
1483;12422;17;730;12
1484;12434;5;2486;4
1485;12438;1553;8;14
1486;12452;7;1778;6
1487;12458;6221;2;16
1488;12474;12;1039;6
1489;12480;1559;8;8
1490;12488;3121;4;4
1491;12492;2081;6;6
1492;12498;9;1388;6
1493;12504;11;1136;8
1494;12512;13;962;6
1495;12518;53;236;10
1496;12528;14;894;12
1497;12540;6269;2;2
1498;12542;8;1567;6
1499;12548;6271;2;6
1500;12554;6269;2;16
1501;12570;11;1142;8
1502;12578;7;1796;6
1503;12584;19;662;6
1504;12590;19;662;12
1505;12602;16;787;10
1506;12612;5;2522;2
1507;12614;8;1576;6
1508;12620;6301;2;18
1509;12638;6317;2;4
1510;12642;9;1404;6
1511;12648;7;1806;6
1512;12654;8;1581;6
1513;12660;17;744;12
1514;12672;19;666;18
1515;12690;17;746;8
1516;12698;19;668;6
1517;12704;11;1154;10
1518;12714;6353;2;8
1519;12722;32;397;18
1520;12740;8;1592;4
1521;12744;19;670;14
1522;12758;8;1594;6
1523;12764;6373;2;18
1524;12782;31;412;10
1525;12792;16;799;8
1526;12800;1279;10;10
1527;12810;18;711;12
1528;12822;4;3205;2
1529;12824;13;986;6
1530;12830;13;986;12
1531;12842;1283;10;12
1532;12854;58;221;36
1533;12890;17;758;4
1534;12894;8;1611;6
1535;12900;11;1172;8
1536;12908;8;1613;4
1537;12912;9;1434;6
1538;12918;4;3229;2
1539;12920;3229;4;4
1540;12924;27;478;18
1541;12942;15;862;12
1542;12954;12;1079;6
1543;12960;1619;8;8
1544;12968;6481;2;6
1545;12974;8;1621;6
1546;12980;8;1622;4
1547;12984;2161;6;18
1548;13002;4;3250;2
1549;13004;5;2600;4
1550;13008;7;1858;2
1551;13010;43;302;24
1552;13034;5;2606;4
1553;13038;8;1629;6
1554;13044;41;318;6
1555;13050;3259;4;14
1556;13064;38;343;30
1557;13094;8;1636;6
1558;13100;8;1637;4
1559;13104;37;354;6
1560;13110;37;354;12
1561;13122;12;1093;6
1562;13128;29;452;20
1563;13148;8;1643;4
1564;13152;31;424;8
1565;13160;11;1196;4
1566;13164;11;1196;8
1567;13172;29;454;6
1568;13178;37;356;6
1569;13184;5;2636;4
1570;13188;34;387;30
1571;13218;4;3304;2
1572;13220;1321;10;10
1573;13230;2203;6;12
1574;13242;13;1018;8
1575;13250;20;662;10
1576;13260;3313;4;8
1577;13268;28;473;24
1578;13292;7;1898;6
1579;13298;13;1022;12
1580;13310;6653;2;4
1581;13314;19;700;14
1582;13328;3331;4;4
1583;13332;2221;6;6
1584;13338;4;3334;2
1585;13340;32;416;28
1586;13368;22;607;14
1587;13382;41;326;16
1588;13398;4;3349;2
1589;13400;3347;4;12
1590;13412;6703;2;6
1591;13418;19;706;4
1592;13422;6701;2;20
1593;13442;23;584;10
1594;13452;9;1494;6
1595;13458;12;1121;6
1596;13464;2243;6;6
1597;13470;53;254;8
1598;13478;13;1036;10
1599;13488;1123;12;12
1600;13500;22;613;14
1601;13514;16;844;10
1602;13524;35;386;14
1603;13538;6761;2;16
1604;13554;20;677;14
1605;13568;6779;2;10
1606;13578;3391;4;14
1607;13592;6793;2;6
1608;13598;6791;2;16
1609;13614;7;1944;6
1610;13620;41;332;8
1611;13628;7;1946;6
1612;13634;22;619;16
1613;13650;29;470;20
1614;13670;20;683;10
1615;13680;7;1954;2
1616;13682;13;1052;6
1617;13688;11;1244;4
1618;13692;5;2738;2
1619;13694;5;2738;4
1620;13698;2281;6;12
1621;13710;4;3427;2
1622;13712;13;1054;10
1623;13722;4;3430;2
1624;13724;19;722;6
1625;13730;23;596;22
1626;13752;29;474;6
1627;13758;4;3439;2
1628;13760;19;724;4
1629;13764;29;474;18
1630;13782;71;194;8
1631;13790;13;1060;10
1632;13800;16;862;8
1633;13808;61;226;22
1634;13830;4;3457;2
1635;13832;6911;2;10
1636;13842;24;576;18
1637;13860;23;602;14
1638;13874;5;2774;4
1639;13878;4;3469;2
1640;13880;3469;4;4
1641;13884;2311;6;18
1642;13902;4;3475;2
1643;13904;5;2780;4
1644;13908;7;1986;6
1645;13914;17;818;8
1646;13922;37;376;10
1647;13932;5;2786;2
1648;13934;44;316;30
1649;13964;5;2792;4
1650;13968;46;303;30
1651;13998;4;3499;2
1652;14000;1399;10;10
1653;14010;4;3502;2
1654;14012;6997;2;18
1655;14030;7013;2;4
1656;14034;24;584;18
1657;14052;2341;6;6
1658;14058;3511;4;14
1659;14072;79;178;10
1660;14082;4;3520;2
1661;14084;5;2816;4
1662;14088;3517;4;20
1663;14108;1759;8;36
1664;14144;7069;2;6
1665;14150;11;1286;4
1666;14154;9;1572;6
1667;14160;22;643;14
1668;14174;5;2834;4
1669;14178;7079;2;20
1670;14198;3547;4;10
1671;14208;47;302;14
1672;14222;25;568;22
1673;14244;7;2034;6
1674;14250;4;3562;2
1675;14252;547;26;30
1676;14282;1427;10;12
1677;14294;3571;4;10
1678;14304;2381;6;18
1679;14322;4;3580;2
1680;14324;5;2864;4
1681;14328;17;842;14
1682;14342;7;2048;6
1683;14348;26;551;22
1684;14370;23;624;18
1685;14388;7193;2;2
1686;14390;13;1106;12
1687;14402;59;244;6
1688;14408;13;1108;4
1689;14412;13;1108;8
1690;14420;8;1802;4
1691;14424;16;901;8
1692;14432;7213;2;6
1693;14438;3607;4;10
1694;14448;31;466;2
1695;14450;7219;2;12
1696;14462;23;628;18
1697;14480;1447;10;10
1698;14490;22;658;14
1699;14504;1811;8;16
1700;14520;7253;2;14
1701;14534;5;2906;4
1702;14538;7;2076;6
1703;14544;2423;6;6
1704;14550;4;3637;2
1705;14552;7;2078;6
1706;14558;19;766;4
1707;14562;4;3640;2
1708;14564;46;316;28
1709;14592;5;2918;2
1710;14594;7283;2;28
1711;14622;7;2088;6
1712;14628;71;206;2
1713;14630;71;206;4
1714;14634;12;1219;6
1715;14640;71;206;14
1716;14654;5;2930;4
1717;14658;2441;6;12
1718;14670;16;916;14
1719;14684;19;772;16
1720;14700;1049;14;14
1721;14714;5;2942;4
1722;14718;8;1839;6
1723;14724;13;1132;8
1724;14732;37;398;6
1725;14738;53;278;4
1726;14742;8;1842;6
1727;14748;7;2106;6
1728;14754;12;1229;6
1729;14760;16;922;8
1730;14768;3691;4;4
1731;14772;3691;4;8
1732;14780;8;1847;4
1733;14784;35;422;14
1734;14798;19;778;16
1735;14814;11;1346;8
1736;14822;8;1852;6
1737;14828;8;1853;4
1738;14832;13;1140;12
1739;14844;3709;4;8
1740;14852;3709;4;16
1741;14868;7433;2;2
1742;14870;20;743;10
1743;14880;11;1352;8
1744;14888;61;244;4
1745;14892;9;1654;6
1746;14898;44;338;26
1747;14924;7459;2;6
1748;14930;20;746;10
1749;14940;3733;4;8
1750;14948;8;1868;4
1751;14952;47;318;6
1752;14958;47;318;12
1753;14970;3739;4;14
1754;14984;7477;2;30
1755;15014;5;3002;4
1756;15018;22;682;14
1757;15032;38;395;22
1758;15054;7523;2;8
1759;15062;14;1075;12
1760;15074;5;3014;4
1761;15078;8;1884;6
1762;15084;3769;4;8
1763;15092;7541;2;10
1764;15102;8;1887;6
1765;15108;7547;2;14
1766;15122;1889;8;10
1767;15132;2521;6;6
1768;15138;4;3784;2
1769;15140;17;890;10
1770;15150;18;841;12
1771;15162;15;1010;12
1772;15174;20;758;14
1773;15188;7591;2;6
1774;15194;3797;4;6
1775;15200;7591;2;18
1776;15218;1901;8;10
1777;15228;43;354;6
1778;15234;23;662;8
1779;15242;22;692;18
1780;15260;8;1907;4
1781;15264;2543;6;6
1782;15270;4;3817;2
1783;15272;17;898;6
1784;15278;11;1388;10
1785;15288;7643;2;2
1786;15290;16;955;10
1787;15300;3823;4;8
1788;15308;7;2186;6
1789;15314;43;356;6
1790;15320;1531;10;10
1791;15330;4;3832;2
1792;15332;19;806;18
1793;15350;13;1180;10
1794;15360;7;2194;2
1795;15362;25;614;12
1796;15374;5;3074;4
1797;15378;7;2196;6
1798;15384;16;961;8
1799;15392;7691;2;10
1800;15402;15;1026;12
1801;15414;20;770;14
1802;15428;41;376;12
1803;15440;17;908;4
1804;15444;17;908;8
1805;15452;14;1103;10
1806;15462;7;2208;6
1807;15468;9;1718;6
1808;15474;7727;2;20
1809;15494;5;3098;4
1810;15498;28;553;14
1811;15512;26;596;16
1812;15528;7757;2;14
1813;15542;11;1412;10
1814;15552;29;536;8
1815;15560;25;622;10
1816;15570;2593;6;12
1817;15582;4;3895;2
1818;15584;43;362;18
1819;15602;7;2228;6
1820;15608;14;1114;12
1821;15620;14;1115;10
1822;15630;19;822;12
1823;15642;4;3910;2
1824;15644;5;3128;4
1825;15648;7823;2;2
1826;15650;14;1117;12
1827;15662;8;1957;6
1828;15668;8;1958;4
1829;15672;11;1424;8
1830;15680;3919;4;4
1831;15684;46;340;44
1832;15728;3931;4;4
1833;15732;5;3146;2
1834;15734;5;3146;4
1835;15738;4;3934;2
1836;15740;11;1430;10
1837;15750;43;366;12
1838;15762;12;1313;6
1839;15768;37;426;6
1840;15774;16;985;14
1841;15788;8;1973;4
1842;15792;9;1754;6
1843;15798;7;2256;6
1844;15804;2633;6;6
1845;15810;7901;2;8
1846;15818;59;268;6
1847;15824;3947;4;36
1848;15860;89;178;18
1849;15878;7937;2;4
1850;15882;7;2268;6
1851;15888;13;1222;2
1852;15890;17;934;12
1853;15902;8;1987;6
1854;15908;7951;2;6
1855;15914;41;388;6
1856;15920;23;692;4
1857;15924;37;430;14
1858;15938;23;692;22
1859;15960;18;886;12
1860;15972;5;3194;2
1861;15974;3989;4;18
1862;15992;61;262;10
1863;16002;12;1333;6
1864;16008;61;262;26
1865;16034;1601;10;24
1866;16058;23;698;4
1867;16062;4;4015;2
1868;16064;5;3212;4
1869;16068;29;554;2
1870;16070;29;554;4
1871;16074;20;803;14
1872;16088;4021;4;4
1873;16092;7;2298;6
1874;16098;9;1788;6
1875;16104;16;1006;8
1876;16112;32;503;16
1877;16128;17;948;12
1878;16140;8069;2;2
1879;16142;46;350;42
1880;16184;5;3236;4
1881;16188;8093;2;2
1882;16190;8093;2;4
1883;16194;30;539;24
1884;16218;7;2316;6
1885;16224;9;1802;6
1886;16230;4;4057;2
1887;16232;22;737;18
1888;16250;8123;2;4
1889;16254;16;1015;14
1890;16268;47;346;6
1891;16274;8123;2;28
1892;16302;23;708;18
1893;16320;31;526;14
1894;16334;8;2041;6
1895;16340;23;710;10
1896;16350;14;1167;12
1897;16362;4;4090;2
1898;16364;8179;2;6
1899;16370;8179;2;12
1900;16382;32;511;30
1901;16412;13;1262;6
1902;16418;29;566;4
1903;16422;8;2052;6
1904;16428;7;2346;6
1905;16434;20;821;14
1906;16448;4111;4;4
1907;16452;5;3290;2
1908;16454;31;530;24
1909;16478;8237;2;4
1910;16482;12;1373;6
1911;16488;41;402;6
1912;16494;46;358;26
1913;16520;13;1270;10
1914;16530;24;688;18
1915;16548;9;1838;6
1916;16554;8273;2;8
1917;16562;4139;4;6
1918;16568;7;2366;6
1919;16574;32;517;30
1920;16604;5;3320;4
1921;16608;18;922;12
1922;16620;16;1038;12
1923;16632;5;3326;2
1924;16634;1187;14;16
1925;16650;4;4162;2
1926;16652;7;2378;6
1927;16658;11;1514;4
1928;16662;15;1110;12
1929;16674;24;694;18
1930;16692;5;3338;2
1931;16694;7;2384;6
1932;16700;8;2087;4
1933;16704;31;538;26
1934;16730;13;1286;12
1935;16742;8;2092;6
1936;16748;16;1046;12
1937;16760;59;284;4
1938;16764;27;620;24
1939;16788;33;508;24
1940;16812;14;1200;12
1941;16824;2803;6;6
1942;16830;4;4207;2
1943;16832;20;841;12
1944;16844;1051;16;28
1945;16872;16;1054;8
1946;16880;4219;4;4
1947;16884;29;582;6
1948;16890;29;582;12
1949;16902;4;4225;2
1950;16904;8443;2;18
1951;16922;4229;4;6
1952;16928;4231;4;4
1953;16932;7;2418;6
1954;16938;12;1411;6
1955;16944;4231;4;20
1956;16964;19;892;16
1957;16980;13;1306;2
1958;16982;8;2122;6
1959;16988;7;2426;6
1960;16994;1061;16;18
1961;17012;8501;2;10
1962;17022;8;2127;6
1963;17028;8513;2;2
1964;17030;8513;2;4
1965;17034;8513;2;8
1966;17042;4259;4;6
1967;17048;8521;2;6
1968;17054;26;655;24
1969;17078;19;898;16
1970;17094;8;2136;6
1971;17100;4273;4;8
1972;17108;83;206;10
1973;17118;8;2139;6
1974;17124;29;590;14
1975;17138;44;389;22
1976;17160;16;1072;8
1977;17168;32;536;16
1978;17184;7;2454;6
1979;17190;4;4297;2
1980;17192;20;859;12
1981;17204;5;3440;4
1982;17208;7;2458;2
1983;17210;4297;4;22
1984;17232;2153;8;8
1985;17240;79;218;18
1986;17258;2153;8;34
1987;17292;5;3458;2
1988;17294;8;2161;6
1989;17300;8641;2;18
1990;17318;11;1574;4
1991;17322;9;1924;6
1992;17328;2887;6;6
1993;17334;8663;2;8
1994;17342;14;1238;10
1995;17352;16;1084;8
1996;17360;23;754;18
1997;17378;43;404;6
1998;17384;5;3476;4
1999;17388;8693;2;2
2000;17390;8693;2;4
2001;17394;8693;2;8
2002;17402;8693;2;16
2003;17418;4;4354;2
2004;17420;16;1088;12
2005;17432;13;1340;12
2006;17444;8719;2;6
2007;17450;2179;8;18
2008;17468;8;2183;4
2009;17472;41;426;6
2010;17478;7;2496;6
2011;17484;9;1942;6
2012;17490;4;4372;2
2013;17492;7;2498;6
2014;17498;14;1249;12
2015;17510;14;1250;10
2016;17520;25;700;20
2017;17540;14;1252;12
2018;17552;22;797;18
2019;17570;8783;2;4
2020;17574;8;2196;6
2021;17580;11;1598;2
2022;17582;8783;2;16
2023;17598;4;4399;2
2024;17600;1759;10;10
2025;17610;53;332;14
2026;17624;5;3524;4
2027;17628;42;419;30
2028;17658;4;4414;2
2029;17660;25;706;10
2030;17670;18;981;12
2031;17682;4;4420;2
2032;17684;883;20;24
2033;17708;53;334;6
2034;17714;8849;2;16
2035;17730;8861;2;8
2036;17738;16;1108;10
2037;17748;19;934;2
2038;17750;14;1267;12
2039;17762;887;20;22
2040;17784;2963;6;6
2041;17790;4;4447;2
2042;17792;22;808;16
2043;17808;4447;4;20
2044;17828;59;302;10
2045;17838;4;4459;2
2046;17840;4457;4;12
2047;17852;16;1115;12
2048;17864;8923;2;18
2049;17882;16;1117;10
2050;17892;15;1192;12
2051;17904;19;942;6
2052;17910;4;4477;2
2053;17912;8951;2;10
2054;17922;4;4480;2
2055;17924;17;1054;6
2056;17930;14;1280;10
2057;17940;29;618;18
2058;17958;4;4489;2
2059;17960;14;1282;12
2060;17972;13;1382;6
2061;17978;11;1634;4
2062;17982;7;2568;6
2063;17988;17;1058;2
2064;17990;26;691;24
2065;18014;34;529;28
2066;18042;4;4510;2
2067;18044;5;3608;4
2068;18048;7;2578;2
2069;18050;11;1640;10
2070;18060;9029;2;2
2071;18062;1289;14;16
2072;18078;3011;6;12
2073;18090;9041;2;8
2074;18098;4519;4;22
2075;18120;9059;2;2
2076;18122;7;2588;6
2077;18128;23;788;4
2078;18132;5;3626;2
2079;18134;23;788;10
2080;18144;3023;6;6
2081;18150;35;518;20
2082;18170;14;1297;12
2083;18182;11;1652;10
2084;18192;2273;8;8
2085;18200;4547;4;12
2086;18212;9103;2;6
2087;18218;29;628;6
2088;18224;9109;2;6
2089;18230;13;1402;4
2090;18234;22;828;18
2091;18252;5;3650;2
2092;18254;5;3650;4
2093;18258;3041;6;12
2094;18270;26;702;18
2095;18288;41;446;2
2096;18290;13;1406;12
2097;18302;8;2287;6
2098;18308;8;2288;4
2099;18312;5;3662;2
2100;18314;1307;14;16
2101;18330;43;426;12
2102;18342;13;1410;12
2103;18354;20;917;14
2104;18368;4591;4;4
2105;18372;4591;4;8
2106;18380;9181;2;18
2107;18398;17;1082;4
2108;18402;15;1226;12
2109;18414;16;1150;14
2110;18428;61;302;6
2111;18434;17;1084;6
2112;18440;11;1676;4
2113;18444;11;1676;8
2114;18452;23;802;6
2115;18458;9227;2;4
2116;18462;9221;2;20
2117;18482;1847;10;12
2118;18494;4621;4;10
2119;18504;43;430;14
2120;18518;9257;2;4
2121;18522;4;4630;2
2122;18524;28;661;16
2123;18540;13;1426;2
2124;18542;17;1090;12
2125;18554;44;421;30
2126;18584;5;3716;4
2127;18588;19;978;6
2128;18594;30;619;24
2129;18618;34;547;20
2130;18638;41;454;24
2131;18662;4663;4;10
2132;18672;2333;8;8
2133;18680;13;1436;12
2134;18692;9341;2;10
2135;18702;14;1335;12
2136;18714;12;1559;6
2137;18720;1559;12;12
2138;18732;13;1440;12
2139;18744;9;2082;6
2140;18750;9371;2;8
2141;18758;9371;2;16
2142;18774;20;938;14
2143;18788;9391;2;6
2144;18794;5;3758;4
2145;18798;8;2349;6
2146;18804;46;408;36
2147;18840;941;20;20
2148;18860;13;1450;10
2149;18870;40;471;30
2150;18900;24;787;12
2151;18912;5;3782;2
2152;18914;5;3782;4
2153;18918;4;4729;2
2154;18920;4723;4;28
2155;18948;18;1052;12
2156;18960;9473;2;14
2157;18974;8;2371;6
2158;18980;9479;2;22
2159;19002;9497;2;8
2160;19010;13;1462;4
2161;19014;1583;12;18
2162;19032;7;2718;6
2163;19038;16;1189;14
2164;19052;31;614;18
2165;19070;9533;2;4
2166;19074;7;2724;6
2167;19080;9539;2;2
2168;19082;19;1004;6
2169;19088;1361;14;34
2170;19122;24;796;18
2171;19140;7;2734;2
2172;19142;73;262;16
2173;19158;7;2736;6
2174;19164;3191;6;18
2175;19182;4;4795;2
2176;19184;40;479;24
2177;19208;4801;4;4
2178;19212;5;3842;2
2179;19214;7;2744;6
2180;19220;14;1372;12
2181;19232;9613;2;6
2182;19238;9613;2;12
2183;19250;13;1480;10
2184;19260;4813;4;8
2185;19268;9631;2;6
2186;19274;9629;2;16
2187;19290;14;1377;12
2188;19302;11;1754;8
2189;19310;20;965;10
2190;19320;49;394;14
2191;19334;877;22;40
2192;19374;8;2421;6
2193;19380;9689;2;2
2194;19382;7;2768;6
2195;19388;8;2423;4
2196;19392;15;1292;12
2197;19404;35;554;14
2198;19418;17;1142;4
2199;19422;4;4855;2
2200;19424;5;3884;4
2201;19428;11;1766;2
2202;19430;11;1766;4
2203;19434;11;1766;8
2204;19442;43;452;6
2205;19448;9719;2;10
2206;19458;12;1621;6
2207;19464;9;2162;6
2208;19470;4;4867;2
2209;19472;9733;2;6
2210;19478;8;2434;6
2211;19484;9739;2;6
2212;19490;9739;2;12
2213;19502;8;2437;6
2214;19508;4871;4;24
2215;19532;43;454;10
2216;19542;4;4885;2
2217;19544;9767;2;10
2218;19554;9;2172;6
2219;19560;18;1086;12
2220;19572;9;2174;6
2221;19578;7;2796;6
2222;19584;19;1030;14
2223;19598;8;2449;6
2224;19604;41;478;6
2225;19610;77;254;52
2226;19662;23;854;20
2227;19682;4919;4;6
2228;19688;9839;2;10
2229;19698;4;4924;2
2230;19700;11;1790;10
2231;19710;9851;2;8
2232;19718;13;1516;10
2233;19728;31;636;12
2234;19740;16;1233;12
2235;19752;5;3950;2
2236;19754;4937;4;6
2237;19760;11;1796;4
2238;19764;25;790;14
2239;19778;41;482;16
2240;19794;13;1522;8
2241;19802;1979;10;12
2242;19814;8;2476;6
2243;19820;38;521;22
2244;19842;4;4960;2
2245;19844;47;422;10
2246;19854;9923;2;8
2247;19862;8;2482;6
2248;19868;9923;2;22
2249;19890;4;4972;2
2250;19892;1987;10;22
2251;19914;7;2844;6
2252;19920;19;1048;8
2253;19928;23;866;10
2254;19938;18;1107;12
2255;19950;3323;6;12
2256;19962;4;4990;2
2257;19964;11;1814;10
2258;19974;8;2496;6
2259;19980;13;1536;12
2260;19992;5;3998;2
2261;19994;5;3998;4
2262;19998;16;1249;14
2263;20012;73;274;10
2264;20022;4;5005;2
2265;20024;10009;2;6
2266;20030;5003;4;18
2267;20048;5011;4;4
2268;20052;15;1336;12
2269;20064;23;872;8
2270;20072;37;542;18
2271;20090;10039;2;12
2272;20102;8;2512;6
2273;20108;19;1058;6
2274;20114;5;4022;4
2275;20118;8;2514;6
2276;20124;7;2874;6
2277;20130;47;428;14
2278;20144;5;4028;4
2279;20148;7;2878;2
2280;20150;10069;2;12
2281;20162;13;1550;12
2282;20174;5;4034;4
2283;20178;12;1681;6
2284;20184;3361;6;18
2285;20202;24;841;18
2286;20220;16;1263;12
2287;20232;5;4046;2
2288;20234;22;919;16
2289;20250;3373;6;12
2290;20262;13;1558;8
2291;20270;61;332;18
2292;20288;10139;2;10
2293;20298;28;724;26
2294;20324;5;4064;4
2295;20328;9;2258;6
2296;20334;10163;2;8
2297;20342;8;2542;6
2298;20348;7;2906;6
2299;20354;5;4070;4
2300;20358;4;5089;2
2301;20360;11;1850;10
2302;20370;22;925;20
2303;20390;10193;2;4
2304;20394;12;1699;6
2305;20400;2549;8;8
2306;20408;5101;4;4
2307;20412;2549;8;20
2308;20432;10211;2;10
2309;20442;4;5110;2
2310;20444;65;314;34
2311;20478;4;5119;2
2312;20480;5119;4;4
2313;20484;30;682;24
2314;20508;10253;2;2
2315;20510;37;554;12
2316;20522;14;1465;12
2317;20534;14;1466;10
2318;20544;7;2934;6
2319;20550;4;5137;2
2320;20552;13;1580;12
2321;20564;10267;2;30
2322;20594;5147;4;6
2323;20600;5147;4;12
2324;20612;19;1084;16
2325;20628;24;859;12
2326;20640;17;1214;2
2327;20642;1031;20;22
2328;20664;31;666;18
2329;20682;13;1590;12
2330;20694;20;1034;14
2331;20708;79;262;10
2332;20718;4;5179;2
2333;20720;31;668;12
2334;20732;14;1480;12
2335;20744;5;4148;4
2336;20748;11;1886;2
2337;20750;11;1886;4
2338;20754;7;2964;6
2339;20760;13;1596;12
2340;20772;5;4154;2
2341;20774;97;214;16
2342;20790;36;577;18
2343;20808;101;206;2
2344;20810;62;335;40
2345;20850;17;1226;8
2346;20858;17;1226;16
2347;20874;12;1739;6
2348;20880;2609;8;8
2349;20888;11;1898;10
2350;20898;4;5224;2
2351;20900;8;2612;4
2352;20904;59;354;18
2353;20922;10457;2;8
2354;20930;20;1046;10
2355;20940;5233;4;8
2356;20948;2617;8;12
2357;20960;13;1612;4
2358;20964;3491;6;18
2359;20982;4;5245;2
2360;20984;22;953;18
2361;21002;16;1312;10
2362;21012;5;4202;2
2363;21014;5;4202;4
2364;21018;4;5254;2
2365;21020;8;2627;4
2366;21024;37;568;8
2367;21032;59;356;28
2368;21060;10529;2;2
2369;21062;7;3008;6
2370;21068;34;619;22
2371;21090;18;1171;12
2372;21102;8;2637;6
2373;21108;53;398;14
2374;21122;1319;16;18
2375;21140;8;2642;4
2376;21144;13;1626;6
2377;21150;11;1922;8
2378;21158;8;2644;6
2379;21164;71;298;6
2380;21170;20;1058;10
2381;21180;67;316;8
2382;21188;8;2648;4
2383;21192;5;4238;2
2384;21194;2647;8;18
2385;21212;10601;2;10
2386;21222;8;2652;6
2387;21228;22;964;20
2388;21248;10613;2;22
2389;21270;10631;2;8
2390;21278;8;2659;6
2391;21284;10627;2;30
2392;21314;5;4262;4
2393;21318;4;5329;2
2394;21320;73;292;4
2395;21324;53;402;18
2396;21342;7;3048;6
2397;21348;33;646;30
2398;21378;4;5344;2
2399;21380;8;2672;4
2400;21384;16;1336;8
2401;21392;17;1258;6
2402;21398;19;1126;4
2403;21402;12;1783;6
2404;21408;1783;12;12
2405;21420;22;973;14
2406;21434;40;535;34
2407;21468;17;1262;14
2408;21482;7;3068;6
2409;21488;41;524;4
2410;21492;5;4298;2
2411;21494;8;2686;6
2412;21500;8;2687;4
2413;21504;35;614;14
2414;21518;31;694;4
2415;21522;4;5380;2
2416;21524;7;3074;6
2417;21530;827;26;28
2418;21558;4;5389;2
2419;21560;17;1268;4
2420;21564;3593;6;6
2421;21570;10781;2;8
2422;21578;16;1348;10
2423;21588;43;502;2
2424;21590;13;1660;10
2425;21600;10799;2;2
2426;21602;2699;8;10
2427;21612;5;4322;2
2428;21614;5;4322;4
2429;21618;42;514;30
2430;21648;79;274;2
2431;21650;31;698;12
2432;21662;25;866;12
2433;21674;16;1354;10
2434;21684;23;942;18
2435;21702;15;1446;12
2436;21714;20;1085;14
2437;21728;10859;2;10
2438;21738;4;5434;2
2439;21740;14;1552;12
2440;21752;83;262;6
2441;21758;5437;4;10
2442;21768;9;2418;6
2443;21774;16;1360;14
2444;21788;16;1361;12
2445;21800;5449;4;4
2446;21804;2179;10;14
2447;21818;13;1678;4
2448;21822;23;948;18
2449;21840;61;358;2
2450;21842;2729;8;10
2451;21852;43;508;8
2452;21860;8;2732;4
2453;21864;16;1366;8
2454;21872;17;1286;10
2455;21882;15;1458;12
2456;21894;1823;12;18
2457;21912;41;534;18
2458;21930;97;226;8
2459;21938;5483;4;6
2460;21944;19;1154;18
2461;21962;10973;2;16
2462;21978;17;1292;14
2463;21992;10993;2;6
2464;21998;8;2749;6
2465;22004;14;1571;10
2466;22014;16;1375;14
2467;22028;8;2753;4
2468;22032;3671;6;6
2469;22038;4;5509;2
2470;22040;5507;4;12
2471;22052;19;1160;12
2472;22064;5;4412;4
2473;22068;3677;6;6
2474;22074;9;2452;6
2475;22080;18;1226;12
2476;22092;5;4418;2
2477;22094;19;1162;16
2478;22110;4;5527;2
2479;22112;13;1700;12
2480;22124;11059;2;6
2481;22130;13;1702;4
2482;22134;20;1106;14
2483;22148;11071;2;6
2484;22154;5;4430;4
2485;22158;4;5539;2
2486;22160;14;1582;12
2487;22172;19;1166;18
2488;22190;11093;2;4
2489;22194;1231;18;36
2490;22230;36;617;18
2491;22248;17;1308;12
2492;22260;18;1236;12
2493;22272;5;4454;2
2494;22274;5;4454;4
2495;22278;4;5569;2
2496;22280;5569;4;4
2497;22284;5569;4;8
2498;22292;20;1114;12
2499;22304;5;4460;4
2500;22308;48;464;36
2501;22344;9;2482;6
2502;22350;1861;12;18
2503;22368;53;422;2
2504;22370;14;1597;12
2505;22382;14;1598;10
2506;22392;7;3198;6
2507;22398;13;1722;12
2508;22410;26;861;24
2509;22434;11213;2;8
2510;22442;71;316;6
2511;22448;7;3206;6
2512;22454;26;863;16
2513;22470;19;1182;12
2514;22482;4;5620;2
2515;22484;47;478;18
2516;22502;5623;4;10
2517;22512;5623;4;20
2518;22532;11261;2;10
2519;22542;4;5635;2
2520;22544;59;382;6
2521;22550;43;524;18
2522;22568;5641;4;4
2523;22572;5;4514;2
2524;22574;593;38;40
2525;22614;8;2826;6
2526;22620;43;526;2
2527;22622;89;254;16
2528;22638;4;5659;2
2529;22640;5659;4;4
2530;22644;5659;4;8
2531;22652;11317;2;18
2532;22670;11;2060;10
2533;22680;1889;12;12
2534;22692;19;1194;6
2535;22698;4;5674;2
2536;22700;2269;10;10
2537;22710;11351;2;8
2538;22718;41;554;4
2539;22722;9;2524;6
2540;22728;18;1262;12
2541;22740;11369;2;2
2542;22742;5683;4;10
2543;22752;27;842;18
2544;22770;19;1198;8
2545;22778;5693;4;6
2546;22784;5;4556;4
2547;22788;1423;16;20
2548;22808;5701;4;4
2549;22812;7;3258;6
2550;22818;3797;6;36
2551;22854;7;3264;6
2552;22860;11;2078;2
2553;22862;29;788;10
2554;22872;37;618;6
2555;22878;26;879;24
2556;22902;8;2862;6
2557;22908;11447;2;14
2558;22922;26;881;16
2559;22938;7;3276;6
2560;22944;3821;6;18
2561;22962;4;5740;2
2562;22964;23;998;10
2563;22974;23;998;20
2564;22994;13;1768;10
2565;23004;5749;4;8
2566;23012;11503;2;6
2567;23018;37;622;4
2568;23022;7;3288;6
2569;23028;29;794;2
2570;23030;20;1151;10
2571;23040;11519;2;2
2572;23042;14;1645;12
2573;23054;5;4610;4
2574;23058;4;5764;2
2575;23060;8;2882;4
2576;23064;11;2096;8
2577;23072;13;1774;10
2578;23082;9;2564;6
2579;23088;18;1282;12
2580;23100;3847;6;18
2581;23118;16;1444;14
2582;23132;16;1445;12
2583;23144;28;826;16
2584;23160;16;1447;8
2585;23168;37;626;6
2586;23174;11579;2;16
2587;23190;67;346;8
2588;23198;11597;2;4
2589;23202;4;5800;2
2590;23204;7;3314;6
2591;23210;26;892;18
2592;23228;5801;4;24
2593;23252;11617;2;18
2594;23270;20;1163;10
2595;23280;14;1662;12
2596;23292;5;4658;2
2597;23294;5;4658;4
2598;23298;5821;4;14
2599;23312;61;382;10
2600;23322;12;1943;6
2601;23328;13;1794;6
2602;23334;8;2916;6
2603;23340;23;1014;18
2604;23358;18;1297;12
2605;23370;4;5842;2
2606;23372;1459;16;28
2607;23400;27;866;18
2608;23418;5851;4;14
2609;23432;2927;8;16
2610;23448;14;1674;12
2611;23460;19;1234;14
2612;23474;25;938;24
2613;23498;11743;2;12
2614;23510;32;734;22
2615;23532;9;2614;6
2616;23538;4;5884;2
2617;23540;13;1810;10
2618;23550;79;298;8
2619;23558;11777;2;4
2620;23562;4;5890;2
2621;23564;5;4712;4
2622;23568;11777;2;14
2623;23582;2357;10;12
2624;23594;5897;4;6
2625;23600;17;1388;4
2626;23604;9;2622;6
2627;23610;17;1388;14
2628;23624;5;4724;4
2629;23628;11813;2;2
2630;23630;11813;2;4
2631;23634;42;562;30
2632;23664;3943;6;6
2633;23670;4;5917;2
2634;23672;11833;2;6
2635;23678;61;388;10
2636;23688;13;1822;2
2637;23690;35;676;30
2638;23720;34;697;22
2639;23742;4;5935;2
2640;23744;5;4748;4
2641;23748;9;2638;6
2642;23754;31;766;8
2643;23762;5939;4;6
2644;23768;109;218;6
2645;23774;1697;14;16
2646;23790;18;1321;12
2647;23802;13;1830;12
2648;23814;8;2976;6
2649;23820;5953;4;8
2650;23828;8;2978;4
2651;23832;5;4766;2
2652;23834;2381;10;24
2653;23858;11923;2;12
2654;23870;11933;2;4
2655;23874;9;2652;6
2656;23880;16;1492;8
2657;23888;11941;2;6
2658;23894;8;2986;6
2659;23900;2389;10;10
2660;23910;4;5977;2
2661;23912;11953;2;6
2662;23918;11953;2;12
2663;23930;34;703;28
2664;23958;41;584;14
2665;23972;23;1042;6
2666;23978;11987;2;4
2667;23982;15;1598;12
2668;23994;67;358;8
2669;24002;7;3428;6
2670;24008;14;1714;12
2671;24020;8;3002;4
2672;24024;4003;6;6
2673;24030;16;1501;14
2674;24044;7;3434;6
2675;24050;14;1717;12
2676;24062;14;1718;10
2677;24072;7;3438;6
2678;24078;8;3009;6
2679;24084;13;1852;8
2680;24092;12043;2;6
2681;24098;19;1268;6
2682;24104;5;4820;4
2683;24108;17;1418;2
2684;24110;17;1418;4
2685;24114;17;1418;8
2686;24122;2411;10;12
2687;24134;5;4826;4
2688;24138;37;652;14
2689;24152;22;1097;18
2690;24170;16;1510;10
2691;24180;7;3454;2
2692;24182;43;562;16
2693;24198;7;3456;6
2694;24204;3023;8;20
2695;24224;12109;2;6
2696;24230;14;1730;10
2697;24240;13;1864;8
2698;24248;11;2204;4
2699;24252;33;734;30
2700;24282;54;449;36
2701;24318;4051;6;12
2702;24330;12161;2;8
2703;24338;6079;4;22
2704;24360;2029;12;12
2705;24372;5;4874;2
2706;24374;8;3046;6
2707;24380;16;1523;12
2708;24392;22;1108;16
2709;24408;7;3486;6
2710;24414;8;3051;6
2711;24420;29;842;2
2712;24422;6101;4;18
2713;24440;41;596;4
2714;24444;29;842;26
2715;24470;13;1882;4
2716;24474;13;1882;8
2717;24482;22;1112;18
2718;24500;31;790;10
2719;24510;12251;2;8
2720;24518;11;2228;10
2721;24528;61;402;6
2722;24534;20;1226;14
2723;24548;8;3068;4
2724;24552;6133;4;20
2725;24572;25;982;22
2726;24594;24;1024;18
2727;24612;15;1640;12
2728;24624;17;1448;8
2729;24632;6151;4;28
2730;24660;13;1896;12
2731;24672;4111;6;6
2732;24678;8;3084;6
2733;24684;31;796;8
2734;24692;12343;2;6
2735;24698;12343;2;12
2736;24710;12343;2;24
2737;24734;17;1454;16
2738;24750;16;1546;14
2739;24764;5;4952;4
2740;24768;12377;2;14
2741;24782;2477;10;12
2742;24794;6197;4;6
2743;24800;37;670;10
2744;24810;4133;6;12
2745;24822;12401;2;20
2746;24842;7;3548;6
2747;24848;6211;4;4
2748;24852;6211;4;8
2749;24860;12421;2;18
2750;24878;12433;2;12
2751;24890;3109;8;18
2752;24908;59;422;10
2753;24918;4;6229;2
2754;24920;6229;4;4
2755;24924;22;1132;20
2756;24944;13;1918;10
2757;24954;20;1247;14
2758;24968;79;316;4
2759;24972;9;2774;6
2760;24978;4;6244;2
2761;24980;11;2270;10
2762;24990;38;657;24
2763;25014;2083;12;18
2764;25032;5;5006;2
2765;25034;5;5006;4
2766;25038;1787;14;20
2767;25058;19;1318;16
2768;25074;20;1253;14
2769;25088;12539;2;10
2770;25098;6271;4;14
2771;25112;12553;2;6
2772;25118;29;866;4
2773;25122;7;3588;6
2774;25128;6277;4;20
2775;25148;13;1934;6
2776;25154;14;1796;10
2777;25164;7;3594;6
2778;25170;4;6292;2
2779;25172;17;1480;12
2780;25184;12589;2;6
2781;25190;34;740;30
2782;25220;2521;10;10
2783;25230;12611;2;8
2784;25238;8;3154;6
2785;25244;5;5048;4
2786;25248;7;3606;6
2787;25254;13;1942;8
2788;25262;12611;2;40
2789;25302;4;6325;2
2790;25304;5;5060;4
2791;25308;12653;2;2
2792;25310;13;1946;12
2793;25322;3163;8;18
2794;25340;8;3167;4
2795;25344;41;618;6
2796;25350;12671;2;8
2797;25358;6337;4;10
2798;25368;9;2818;6
2799;25374;2113;12;18
2800;25392;4229;6;18
2801;25410;4;6352;2
2802;25412;20;1270;12
2803;25424;32;794;16
2804;25440;11;2312;8
2805;25448;12721;2;6
2806;25454;5;5090;4
2807;25458;7;3636;6
2808;25464;4243;6;6
2809;25470;4;6367;2
2810;25472;62;410;52
2811;25524;2551;10;14
2812;25538;17;1502;4
2813;25542;1823;14;20
2814;25562;53;482;16
2815;25578;4;6394;2
2816;25580;8;3197;4
2817;25584;7;3654;6
2818;25590;14;1827;12
2819;25602;4;6400;2
2820;25604;12799;2;6
2821;25610;12799;2;12
2822;25622;13;1970;12
2823;25634;43;596;6
2824;25640;13;1972;4
2825;25644;22;1165;14
2826;25658;14;1832;10
2827;25668;7;3666;6
2828;25674;9;2852;6
2829;25680;41;626;14
2830;25694;6421;4;10
2831;25704;35;734;14
2832;25718;71;362;16
2833;25734;19;1354;8
2834;25742;8;3217;6
2835;25748;3217;8;12
2836;25760;47;548;4
2837;25764;47;548;8
2838;25772;25;1030;22
2839;25794;7;3684;6
2840;25800;12899;2;2
2841;25802;22;1172;18
2842;25820;12899;2;22
2843;25842;12;2153;6
2844;25848;12923;2;2
2845;25850;3229;8;18
2846;25868;67;386;6
2847;25874;1847;14;16
2848;25890;6469;4;14
2849;25904;11;2354;10
2850;25914;12;2159;6
2851;25920;17;1524;12
2852;25932;5;5186;2
2853;25934;7;3704;6
2854;25940;8;3242;4
2855;25944;16;1621;8
2856;25952;12967;2;18
2857;25970;12979;2;12
2858;25982;12983;2;16
2859;25998;4;6499;2
2860;26000;67;388;4
2861;26004;23;1130;14
2862;26018;13007;2;4
2863;26022;13007;2;8
2864;26030;13009;2;12
2865;26042;19;1370;12
2866;26054;3253;8;30
2867;26084;19;1372;16
2868;26100;11;2372;8
2869;26108;8;3263;4
2870;26112;5;5222;2
2871;26114;61;428;6
2872;26120;13049;2;22
2873;26142;13;2010;12
2874;26154;17;1538;8
2875;26162;14;1868;10
2876;26172;7;3738;6
2877;26178;9;2908;6
2878;26184;4363;6;6
2879;26190;16;1636;14
2880;26204;13099;2;6
2881;26210;1637;16;18
2882;26228;13109;2;10
2883;26238;18;1457;12
2884;26250;4;6562;2
2885;26252;13121;2;10
2886;26262;4;6565;2
2887;26264;5;5252;4
2888;26268;13121;2;26
2889;26294;5;5258;4
2890;26298;13;2022;12
2891;26310;13151;2;8
2892;26318;59;446;4
2893;26322;24;1096;18
2894;26340;29;908;8
2895;26348;13;2026;10
2896;26358;37;712;14
2897;26372;22;1198;16
2898;26388;4397;6;6
2899;26394;9;2932;6
2900;26400;3299;8;8
2901;26408;67;394;10
2902;26418;12;2201;6
2903;26424;13;2032;8
2904;26432;73;362;6
2905;26438;73;362;12
2906;26450;20;1322;10
2907;26460;40;661;20
2908;26480;2647;10;10
2909;26490;13241;2;8
2910;26498;13;2038;4
2911;26502;15;1766;12
2912;26514;28;946;26
2913;26540;89;298;18
2914;26558;11;2414;4
2915;26562;15;1770;12
2916;26574;2213;12;18
2917;26592;7;3798;6
2918;26598;36;738;30
2919;26628;9;2958;6
2920;26634;13313;2;8
2921;26642;6659;4;6
2922;26648;13313;2;22
2923;26670;18;1481;12
2924;26682;4;6670;2
2925;26684;5;5336;4
2926;26688;4447;6;6
2927;26694;8;3336;6
2928;26700;7;3814;2
2929;26702;6673;4;10
2930;26712;5;5342;2
2931;26714;5;5342;4
2932;26718;7;3816;6
2933;26724;61;438;6
2934;26730;4;6682;2
2935;26732;7;3818;6
2936;26738;6679;4;22
2937;26760;4457;6;18
2938;26778;12;2231;6
2939;26784;1487;18;18
2940;26802;15;1786;12
2941;26814;13;2062;8
2942;26822;14;1915;12
2943;26834;19;1412;6
2944;26840;2683;10;10
2945;26850;14;1917;12
2946;26862;4;6715;2
2947;26864;32;839;16
2948;26880;89;302;2
2949;26882;3359;8;10
2950;26892;5;5378;2
2951;26894;11;2444;10
2952;26904;4481;6;18
2953;26922;12;2243;6
2954;26928;28;961;20
2955;26948;8;3368;4
2956;26952;5;5390;2
2957;26954;6737;4;6
2958;26960;13469;2;22
2959;26982;8;3372;6
2960;26988;9;2998;6
2961;26994;24;1124;18
2962;27012;7;3858;6
2963;27018;43;628;14
2964;27032;14;1930;12
2965;27044;29;932;16
2966;27060;83;326;2
2967;27062;8;3382;6
2968;27068;7;3866;6
2969;27074;5;5414;4
2970;27078;17;1592;14
2971;27092;20;1354;12
2972;27104;5;5420;4
2973;27108;13553;2;2
2974;27110;26;1042;18
2975;27128;3389;8;16
2976;27144;54;502;36
2977;27180;16;1698;12
2978;27192;23;1182;6
2979;27198;16;1699;14
2980;27212;1699;16;28
2981;27240;13619;2;2
2982;27242;14;1945;12
2983;27254;8;3406;6
2984;27260;13;2096;12
2985;27272;13633;2;6
2986;27278;13;2098;4
2987;27282;4;6820;2
2988;27284;17;1604;16
2989;27300;45;606;30
2990;27330;19;1438;8
2991;27338;1951;14;24
2992;27362;7;3908;6
2993;27368;13669;2;30
2994;27398;41;668;10
2995;27408;71;386;2
2996;27410;32;856;18
2997;27428;8;3428;4
2998;27432;7;3918;6
2999;27438;14;1959;12
3000;27450;13721;2;8
3001;27458;38;722;22
3002;27480;11;2498;2
3003;27482;6869;4;6
3004;27488;31;886;22
3005;27510;29;948;18
3006;27528;13763;2;2
3007;27530;16;1720;10
3008;27540;7;3934;2
3009;27542;6883;4;10
3010;27552;33;834;30
3011;27582;4;6895;2
3012;27584;83;332;28
3013;27612;43;642;6
3014;27618;67;412;14
3015;27632;32;863;16
3016;27648;17;1626;6
3017;27654;41;674;20
3018;27674;13829;2;16
3019;27690;4;6922;2
3020;27692;109;254;6
3021;27698;61;454;4
3022;27702;2767;10;32
3023;27734;5;5546;4
3024;27738;4;6934;2
3025;27740;8;3467;4
3026;27744;9;3082;6
3027;27750;4;6937;2
3028;27752;19;1460;12
3029;27764;5;5552;4
3030;27768;7;3966;6
3031;27774;8;3471;6
3032;27780;13;2136;12
3033;27792;5;5558;2
3034;27794;6947;4;6
3035;27800;6949;4;4
3036;27804;41;678;6
3037;27810;13901;2;8
3038;27818;17;1636;6
3039;27824;5;5564;4
3040;27828;22;1264;20
3041;27848;6961;4;4
3042;27852;52;535;32
3043;27884;11;2534;10
3044;27894;73;382;8
3045;27902;73;382;16
3046;27918;4;6979;2
3047;27920;26;1073;22
3048;27942;4;6985;2
3049;27944;5;5588;4
3050;27948;4657;6;6
3051;27954;89;314;8
3052;27962;29;964;6
3053;27968;1747;16;16
3054;27984;2797;10;14
3055;27998;13997;2;4
3056;28002;22;1272;18
3057;28020;47;596;8
3058;28028;8;3503;4
3059;28032;47;596;20
3060;28052;37;758;6
3061;28058;37;758;12
3062;28070;14029;2;12
3063;28082;7019;4;6
3064;28088;101;278;10
3065;28098;4;7024;2
3066;28100;53;530;10
3067;28110;4;7027;2
3068;28112;20;1405;12
3069;28124;32;878;28
3070;28152;14;2010;12
3071;28164;4691;6;18
3072;28182;4;7045;2
3073;28184;14083;2;18
3074;28202;16;1762;10
3075;28212;11;2564;8
3076;28220;13;2170;10
3077;28230;61;462;48
3078;28278;4;7069;2
3079;28280;7069;4;4
3080;28284;9;3142;6
3081;28290;79;358;8
3082;28298;13;2176;10
3083;28308;14153;2;2
3084;28310;20;1415;10
3085;28320;41;690;30
3086;28350;4;7087;2
3087;28352;7079;4;36
3088;28388;23;1234;6
3089;28394;16;1774;10
3090;28404;4733;6;6
3091;28410;4;7102;2
3092;28412;14197;2;18
3093;28430;61;466;4
3094;28434;12;2369;6
3095;28440;16;1777;8
3096;28448;1777;16;16
3097;28464;25;1138;14
3098;28478;19;1498;16
3099;28494;8;3561;6
3100;28500;14243;2;14
3101;28514;5;5702;4
3102;28518;14249;2;20
3103;28538;11;2594;4
3104;28542;8;3567;6
3105;28548;7;4078;2
3106;28550;20;1427;10
3107;28560;13;2196;12
3108;28572;5;5714;2
3109;28574;8;3571;6
3110;28580;3571;8;12
3111;28592;14293;2;6
3112;28598;8;3574;6
3113;28604;5;5720;4
3114;28608;2383;12;12
3115;28620;41;698;2
3116;28622;7;4088;6
3117;28628;8;3578;4
3118;28632;15;1908;12
3119;28644;9;3182;6
3120;28650;14321;2;8
3121;28658;14327;2;4
3122;28662;4;7165;2
3123;28664;7;4094;6
3124;28670;19;1508;18
3125;28688;13;2206;10
3126;28698;9;3188;6
3127;28704;17;1688;8
3128;28712;14;2050;12
3129;28724;83;346;6
3130;28730;7177;4;22
3131;28752;5;5750;2
3132;28754;7187;4;6
3133;28760;7187;4;12
3134;28772;22;1307;18
3135;28790;37;778;4
3136;28794;20;1439;14
3137;28808;14401;2;6
3138;28814;5;5762;4
3139;28818;22;1309;20
3140;28838;8;3604;6
3141;28844;7207;4;16
3142;28860;7213;4;8
3143;28868;8;3608;4
3144;28872;11;2624;8
3145;28880;47;614;22
3146;28902;14447;2;8
3147;28910;14449;2;12
3148;28922;7229;4;6
3149;28928;14461;2;6
3150;28934;19;1522;16
3151;28950;13;2226;12
3152;28962;24;1206;18
3153;28980;50;579;30
3154;29010;17;1706;8
3155;29018;89;326;4
3156;29022;4;7255;2
3157;29024;5;5804;4
3158;29028;7;4146;6
3159;29034;28;1036;26
3160;29060;8;3632;4
3161;29064;25;1162;14
3162;29078;73;398;24
3163;29102;40;727;22
3164;29124;23;1266;6
3165;29130;4;7282;2
3166;29132;14563;2;6
3167;29138;11;2648;10
3168;29148;9;3238;6
3169;29154;20;1457;14
3170;29168;7;4166;6
3171;29174;8;3646;6
3172;29180;16;1823;12
3173;29192;14591;2;10
3174;29202;9;3244;6
3175;29208;17;1718;2
3176;29210;13;2246;12
3177;29222;67;436;10
3178;29232;15;1948;12
3179;29244;7309;4;8
3180;29252;47;622;18
3181;29270;71;412;18
3182;29288;14639;2;10
3183;29298;12;2441;6
3184;29304;16;1831;8
3185;29312;1831;16;16
3186;29328;9;3258;6
3187;29334;8;3666;6
3188;29340;7333;4;8
3189;29348;7333;4;16
3190;29364;28;1048;20
3191;29384;5;5876;4
3192;29388;7;4198;2
3193;29390;13;2260;10
3194;29400;14699;2;2
3195;29402;11;2672;10
3196;29412;14;2100;12
3197;29424;4903;6;6
3198;29430;47;626;8
3199;29438;8;3679;6
3200;29444;14717;2;10
3201;29454;14717;2;20
3202;29474;29;1016;10
3203;29484;1637;18;18
3204;29502;7369;4;26
3205;29528;11;2684;4
3206;29532;7;4218;6
3207;29538;2459;12;30
3208;29568;14783;2;2
3209;29570;14783;2;4
3210;29574;14783;2;8
3211;29582;8;3697;6
3212;29588;3697;8;12
3213;29600;13;2276;12
3214;29612;14797;2;18
3215;29630;14813;2;4
3216;29634;14813;2;8
3217;29642;1481;20;22
3218;29664;4943;6;6
3219;29670;4;7417;2
3220;29672;20;1483;12
3221;29684;50;593;34
3222;29718;8;3714;6
3223;29724;4951;6;18
3224;29742;15;1982;12
3225;29754;12;2479;6
3226;29760;14879;2;2
3227;29762;14867;2;28
3228;29790;16;1861;14
3229;29804;22;1354;16
3230;29820;2129;14;14
3231;29834;5;5966;4
3232;29838;16;1864;14
3233;29852;16;1865;12
3234;29864;5;5972;4
3235;29868;7;4266;6
3236;29874;12;2489;6
3237;29880;14939;2;2
3238;29882;14923;2;36
3239;29918;14957;2;4
3240;29922;9;3324;6
3241;29928;7477;4;20
3242;29948;16;1871;12
3243;29960;1871;16;24
3244;29984;13;2306;6
3245;29990;1873;16;22
3246;30012;5;6002;2
3247;30014;53;566;16
3248;30030;41;732;18
3249;30048;2503;12;12
3250;30060;16;1878;12
3251;30072;5009;6;18
3252;30090;4;7522;2
3253;30092;7;4298;6
3254;30098;7523;4;6
3255;30104;101;298;6
3256;30110;15053;2;4
3257;30114;12;2509;6
3258;30120;15053;2;14
3259;30134;5;6026;4
3260;30138;4;7534;2
3261;30140;37;814;22
3262;30162;15077;2;8
3263;30170;17;1774;12
3264;30182;8;3772;6
3265;30188;79;382;10
3266;30198;8;3774;6
3267;30204;7549;4;8
3268;30212;20;1510;12
3269;30224;22;1373;18
3270;30242;3023;10;12
3271;30254;8;3781;6
3272;30260;11;2750;10
3273;30270;4;7567;2
3274;30272;25;1210;22
3275;30294;20;1514;14
3276;30308;109;278;6
3277;30314;7577;4;6
3278;30320;11;2756;4
3279;30324;5051;6;18
3280;30342;8;3792;6
3281;30348;34;892;20
3282;30368;15173;2;22
3283;30390;4;7597;2
3284;30392;14;2170;12
3285;30404;28;1085;24
3286;30428;8;3803;4
3287;30432;37;822;18
3288;30450;24;1268;18
3289;30468;15233;2;2
3290;30470;44;692;22
3291;30492;5;6098;2
3292;30494;5;6098;4
3293;30498;5081;6;12
3294;30510;101;302;8
3295;30518;14;2179;12
3296;30530;14;2180;10
3297;30540;15263;2;14
3298;30554;5;6110;4
3299;30558;4;7639;2
3300;30560;15271;2;18
3301;30578;37;826;16
3302;30594;7639;4;38
3303;30632;15313;2;6
3304;30638;7;4376;6
3305;30644;15319;2;6
3306;30650;15319;2;12
3307;30662;79;388;10
3308;30672;19;1614;6
3309;30678;19;1614;12
3310;30690;23;1334;8
3311;30698;7673;4;6
3312;30704;5;6140;4
3313;30708;7;4386;6
3314;30714;20;1535;14
3315;30728;15349;2;30
3316;30758;8;3844;6
3317;30764;15377;2;10
3318;30774;15383;2;8
3319;30782;40;769;22
3320;30804;9;3422;6
3321;30810;15401;2;8
3322;30818;73;422;12
3323;30830;20;1541;10
3324;30840;17;1814;2
3325;30842;16;1927;10
3326;30852;5;6170;2
3327;30854;8;3856;6
3328;30860;25;1234;10
3329;30870;4;7717;2
3330;30872;13;2374;10
3331;30882;14;2205;12
3332;30894;31;996;18
3333;30912;7723;4;20
3334;30932;7;4418;6
3335;30938;15467;2;4
3336;30942;15467;2;8
3337;30950;1933;16;22
3338;30972;13;2382;6
3339;30978;12;2581;6
3340;30984;33;938;30
3341;31014;8;3876;6
3342;31020;37;838;14
3343;31034;7757;4;6
3344;31040;7757;4;12
3345;31052;16;1940;12
3346;31064;53;586;6
3347;31070;20;1553;10
3348;31080;41;758;2
3349;31082;16;1942;10
3350;31092;31;1002;30
3351;31122;4;7780;2
3352;31124;22;1414;16
3353;31140;43;724;8
3354;31148;8;3893;4
3355;31152;5;6230;2
3356;31154;13;2396;6
3357;31160;23;1354;18
3358;31178;11;2834;4
3359;31182;4;7795;2
3360;31184;7;4454;6
3361;31190;31;1006;4
3362;31194;32;974;26
3363;31220;8;3902;4
3364;31224;16;1951;8
3365;31232;13;2402;6
3366;31238;37;844;10
3367;31248;17;1838;2
3368;31250;17;1838;4
3369;31254;7;4464;6
3370;31260;13;2404;8
3371;31268;8;3908;4
3372;31272;9;3474;6
3373;31278;31;1008;30
3374;31308;16;1956;12
3375;31320;7;4474;2
3376;31322;7829;4;6
3377;31328;15661;2;6
3378;31334;5;6266;4
3379;31338;2237;14;20
3380;31358;3917;8;22
3381;31380;11;2852;8
3382;31388;8;3923;4
3383;31392;5;6278;2
3384;31394;5;6278;4
3385;31398;138;227;72
3386;31470;15731;2;8
3387;31478;15737;2;4
3388;31482;15737;2;8
3389;31490;7867;4;22
3390;31512;5;6302;2
3391;31514;5;6302;4
3392;31518;16;1969;14
3393;31532;15761;2;10
3394;31542;4;7885;2
3395;31544;5;6308;4
3396;31548;28;1126;20
3397;31568;43;734;6
3398;31574;13;2428;10
3399;31584;5261;6;18
3400;31602;12;2633;6
3401;31608;53;596;20
3402;31628;28;1129;16
3403;31644;5273;6;6
3404;31650;13;2434;8
3405;31658;41;772;6
3406;31664;5;6332;4
3407;31668;23;1376;20
3408;31688;7919;4;12
3409;31700;47;674;22
3410;31722;4;7930;2
3411;31724;5;6344;4
3412;31728;29;1094;2
3413;31730;15859;2;12
3414;31742;7933;4;10
3415;31752;41;774;18
3416;31770;4;7942;2
3417;31772;25;1270;22
3418;31794;9;3532;6
3419;31800;5297;6;18
3420;31818;36;883;30
3421;31848;15923;2;2
3422;31850;16;1990;10
3423;31860;15923;2;14
3424;31874;14;2276;10
3425;31884;13;2452;8
3426;31892;26;1226;16
3427;31908;937;34;50
3428;31958;8;3994;6
3429;31964;13;2458;10
3430;31974;11;2906;8
3431;31982;7993;4;10
3432;31992;13;2460;12
3433;32004;5333;6;6
3434;32010;24;1333;18
3435;32028;67;478;2
3436;32030;4001;8;22
3437;32052;7;4578;6
3438;32058;4;8014;2
3439;32060;8;4007;4
3440;32064;9;3562;6
3441;32070;17;1886;8
3442;32078;8;4009;6
3443;32084;43;746;6
3444;32090;16;2005;10
3445;32100;5347;6;18
3446;32118;4;8029;2
3447;32120;1459;22;22
3448;32142;4;8035;2
3449;32144;32;1004;16
3450;32160;16073;2;14
3451;32174;11;2924;10
3452;32184;31;1038;6
3453;32190;4;8047;2
3454;32192;20;1609;12
3455;32204;16097;2;10
3456;32214;16097;2;20
3457;32234;5;6446;4
3458;32238;16;2014;14
3459;32252;23;1402;6
3460;32258;16127;2;4
3461;32262;41;786;36
3462;32298;4;8074;2
3463;32300;8;4037;4
3464;32304;7;4614;6
3465;32310;14;2307;12
3466;32322;4;8080;2
3467;32324;5;6464;4
3468;32328;107;302;14
3469;32342;53;610;12
3470;32354;8087;4;6
3471;32360;8089;4;4
3472;32364;5393;6;6
3473;32370;4;8092;2
3474;32372;16183;2;6
3475;32378;16187;2;4
3476;32382;22;1471;20
3477;32402;4049;8;10
3478;32412;5;6482;2
3479;32414;8101;4;10
3480;32424;9;3602;6
3481;32430;18;1801;12
3482;32442;4;8110;2
3483;32444;1621;20;24
3484;32468;4057;8;12
3485;32480;8117;4;12
3486;32492;37;878;6
3487;32498;8123;4;6
3488;32504;5;6500;4
3489;32508;2707;12;24
3490;32532;5;6506;2
3491;32534;5;6506;4
3492;32538;5419;6;24
3493;32562;4;8140;2
3494;32564;73;446;6
3495;32570;19;1714;4
3496;32574;8;4071;6
3497;32580;17;1916;8
3498;32588;17;1916;16
3499;32604;9;3622;6
3500;32610;4;8152;2
3501;32612;16301;2;10
3502;32622;15;2174;12
3503;32634;20;1631;14
3504;32648;19;1718;6
3505;32654;35;932;34
3506;32688;13;2514;6
3507;32694;19;1720;14
3508;32708;83;394;6
3509;32714;5;6542;4
3510;32718;4;8179;2
3511;32720;35;934;30
3512;32750;4091;8;22
3513;32772;8191;4;8
3514;32780;8;4097;4
3515;32784;9;3642;6
3516;32790;37;886;8
3517;32798;19;1726;4
3518;32802;4;8200;2
3519;32804;34;964;28
3520;32832;5;6566;2
3521;32834;29;1132;6
3522;32840;8209;4;4
3523;32844;61;538;26
3524;32870;43;764;18
3525;32888;16433;2;22
3526;32910;4;8227;2
3527;32912;16453;2;6
3528;32918;16451;2;16
3529;32934;7;4704;6
3530;32940;43;766;2
3531;32942;101;326;16
3532;32958;17;1938;12
3533;32970;4;8242;2
3534;32972;16;2060;12
3535;32984;5;6596;4
3536;32988;23;1434;6
3537;32994;12;2749;6
3538;33000;16493;2;14
3539;33014;37;892;10
3540;33024;5503;6;6
3541;33030;11;3002;8
3542;33038;14;2359;12
3543;33050;13;2542;4
3544;33054;2753;12;18
3545;33072;5;6614;2
3546;33074;4133;8;10
3547;33084;8269;4;8
3548;33092;8269;4;16
3549;33108;9;3678;6
3550;33114;12;2759;6
3551;33120;1103;30;30
3552;33150;4;8287;2
3553;33152;73;454;10
3554;33162;24;1381;18
3555;33180;53;626;2
3556;33182;8293;4;10
3557;33192;16;2074;8
3558;33200;43;772;4
3559;33204;43;772;8
3560;33212;16;2075;12
3561;33224;25;1328;24
3562;33248;56;593;40
3563;33288;11;3026;2
3564;33290;14;2377;12
3565;33302;14;2378;10
3566;33312;7;4758;6
3567;33318;13;2562;12
3568;33330;4;8332;2
3569;33332;14;2380;12
3570;33344;5;6668;4
3571;33348;16673;2;2
3572;33350;16673;2;4
3573;33354;7;4764;6
3574;33360;5557;6;18
3575;33378;19;1756;14
3576;33392;20;1669;12
3577;33404;16699;2;6
3578;33410;16703;2;4
3579;33414;20;1670;14
3580;33428;16699;2;30
3581;33458;43;778;4
3582;33462;43;778;8
3583;33470;14;2390;10
3584;33480;16;2092;8
3585;33488;16741;2;6
3586;33494;11;3044;10
3587;33504;5581;6;18
3588;33522;13;2578;8
3589;33530;16763;2;4
3590;33534;16;2095;14
3591;33548;83;404;16
3592;33564;7;4794;6
3593;33570;97;346;8
3594;33578;16787;2;4
3595;33582;8;4197;6
3596;33588;7;4798;2
3597;33590;20;1679;10
3598;33600;107;314;2
3599;33602;3359;10;12
3600;33614;5;6722;4
3601;33618;4;8404;2
3602;33620;8;4202;4
3603;33624;13;2586;6
3604;33630;16811;2;8
3605;33638;67;502;4
3606;33642;12;2803;6
3607;33648;44;764;32
3608;33680;28;1202;24
3609;33704;17;1982;10
3610;33714;19;1774;8
3611;33722;22;1532;18
3612;33740;3373;10;10
3613;33750;4;8437;2
3614;33752;47;718;6
3615;33758;11;3068;10
3616;33768;16883;2;2
3617;33770;16883;2;4
3618;33774;29;1164;18
3619;33792;9;3754;6
3620;33798;18;1877;12
3621;33810;4;8452;2
3622;33812;17;1988;16
3623;33828;13;2602;2
3624;33830;2113;16;22
3625;33852;5641;6;6
3626;33858;7;4836;6
3627;33864;16;2116;8
3628;33872;16927;2;18
3629;33890;16943;2;4
3630;33894;36;941;18
3631;33912;15;2260;12
3632;33924;61;556;8
3633;33932;16963;2;6
3634;33938;19;1786;4
3635;33942;2423;14;20
3636;33962;13;2612;6
3637;33968;71;478;30
3638;33998;31;1096;22
3639;34020;13;2616;12
3640;34032;5;6806;2
3641;34034;47;724;6
3642;34040;17011;2;18
3643;34058;17027;2;4
3644;34062;68;500;62
3645;34124;5;6824;4
3646;34128;113;302;2
3647;34130;14;2437;12
3648;34142;8;4267;6
3649;34148;13;2626;10
3650;34158;4;8539;2
3651;34160;8537;4;12
3652;34172;14;2440;12
3653;34184;8539;4;28
3654;34212;5;6842;2
3655;34214;5;6842;4
3656;34218;17;2012;14
3657;34232;55;622;22
3658;34254;8;4281;6
3659;34260;7;4894;2
3660;34262;8;4282;6
3661;34268;37;926;6
3662;34274;4283;8;10
3663;34284;23;1490;14
3664;34298;13;2638;4
3665;34302;4;8575;2
3666;34304;13;2638;10
3667;34314;9;3812;6
3668;34320;4289;8;8
3669;34328;17159;2;10
3670;34338;8581;4;14
3671;34352;11;3122;10
3672;34362;7;4908;6
3673;34368;17183;2;2
3674;34370;41;838;12
3675;34382;40;859;22
3676;34404;22;1563;18
3677;34422;17207;2;8
3678;34430;20;1721;10
3679;34440;5737;6;18
3680;34458;5741;6;12
3681;34470;4;8617;2
3682;34472;20;1723;12
3683;34484;5;6896;4
3684;34488;13;2652;12
3685;34500;47;734;2
3686;34502;8623;4;10
3687;34512;5;6902;2
3688;34514;8627;4;6
3689;34520;26;1327;18
3690;34538;89;388;6
3691;34544;7;4934;6
3692;34550;8629;4;34
3693;34584;9;3842;6
3694;34590;4;8647;2
3695;34592;13;2660;12
3696;34604;5;6920;4
3697;34608;73;474;6
3698;34614;31;1116;18
3699;34632;27;1282;18
3700;34650;4;8662;2
3701;34652;28;1237;16
3702;34668;53;654;6
3703;34674;9;3852;6
3704;34680;11;3152;8
3705;34688;17341;2;6
3706;34694;13;2668;10
3707;34704;41;846;18
3708;34722;17;2042;8
3709;34730;14;2480;10
3710;34740;19;1828;8
3711;34748;11;3158;10
3712;34758;4;8689;2
3713;34760;8689;4;4
3714;34764;5791;6;18
3715;34782;8689;4;26
3716;34808;8699;4;12
3717;34820;127;274;22
3718;34842;4;8710;2
3719;34844;5;6968;4
3720;34848;7;4978;2
3721;34850;8707;4;22
3722;34872;9;3874;6
3723;34878;8;4359;6
3724;34884;22;1585;14
3725;34898;107;326;16
3726;34914;12;2909;6
3727;34920;25;1396;20
3728;34940;14;2495;10
3729;34950;18;1941;12
3730;34962;4;8740;2
3731;34964;101;346;18
3732;34982;1747;20;42
3733;35024;5;7004;4
3734;35028;2917;12;24
3735;35052;5;7010;2
3736;35054;8;4381;6
3737;35060;25;1402;10
3738;35070;5843;6;12
3739;35082;4;8770;2
3740;35084;17539;2;6
3741;35090;20;1754;10
3742;35100;31;1132;8
3743;35108;8;4388;4
3744;35112;5851;6;6
3745;35118;5851;6;12
3746;35130;18;1951;12
3747;35142;11;3194;8
3748;35150;17573;2;4
3749;35154;12;2929;6
3750;35160;29;1212;12
3751;35172;5857;6;30
3752;35202;49;718;20
3753;35222;8;4402;6
3754;35228;26;1354;24
3755;35252;17623;2;6
3756;35258;16;2203;10
3757;35268;13;2712;12
3758;35280;31;1138;2
3759;35282;4409;8;10
3760;35292;4409;8;20
3761;35312;127;278;6
3762;35318;8;4414;6
3763;35324;5;7064;4
3764;35328;18;1962;12
3765;35340;17;2078;14
3766;35354;16;2209;10
3767;35364;43;822;18
3768;35382;15;2358;12
3769;35394;13;2722;8
3770;35402;8849;4;6
3771;35408;8849;4;12
3772;35420;8;4427;4
3773;35424;3541;10;14
3774;35438;17;2084;10
3775;35448;37;958;2
3776;35450;13;2726;12
3777;35462;43;824;30
3778;35492;28;1267;16
3779;35508;41;866;2
3780;35510;17749;2;12
3781;35522;13;2732;6
3782;35528;83;428;4
3783;35532;5;7106;2
3784;35534;5;7106;4
3785;35538;7;5076;6
3786;35544;43;826;26
3787;35570;17783;2;4
3788;35574;2963;12;18
3789;35592;5;7118;2
3790;35594;5;7118;4
3791;35598;8;4449;6
3792;35604;3559;10;14
3793;35618;68;523;54
3794;35672;17;2098;6
3795;35678;94;379;52
3796;35730;4;8932;2
3797;35732;8929;4;16
3798;35748;7;5106;6
3799;35754;9;3972;6
3800;35760;18;1986;12
3801;35772;61;586;26
3802;35798;11;3254;4
3803;35802;4;8950;2
3804;35804;7;5114;6
3805;35810;23;1556;22
3806;35832;7;5118;6
3807;35838;4;8959;2
3808;35840;13;2756;12
3809;35852;14;2560;12
3810;35864;17929;2;6
3811;35870;11;3260;10
3812;35880;43;834;18
3813;35898;4;8974;2
3814;35900;16;2243;12
3815;35912;20;1795;12
3816;35924;17957;2;10
3817;35934;41;876;18
3818;35952;15;2396;12
3819;35964;13;2766;6
3820;35970;17981;2;8
3821;35978;17;2116;6
3822;35984;17987;2;10
3823;35994;12;2999;6
3824;36000;11;3272;8
3825;36008;9001;4;4
3826;36012;5;7202;2
3827;36014;5;7202;4
3828;36018;41;878;20
3829;36038;1637;22;24
3830;36062;8;4507;6
3831;36068;13;2774;6
3832;36074;14;2576;10
3833;36084;3607;10;14
3834;36098;13;2776;10
3835;36108;7;5158;2
3836;36110;26;1388;22
3837;36132;9;4014;6
3838;36138;22;1642;14
3839;36152;17;2126;10
3840;36162;4517;8;26
3841;36188;8;4523;4
3842;36192;6029;6;18
3843;36210;23;1574;8
3844;36218;43;842;12
3845;36230;13;2786;12
3846;36242;14;2588;10
3847;36252;15;2416;12
3848;36264;6043;6;6
3849;36270;18131;2;8
3850;36278;18131;2;16
3851;36294;7;5184;6
3852;36300;43;844;8
3853;36308;7;5186;6
3854;36314;29;1252;6
3855;36320;18149;2;22
3856;36342;4;9085;2
3857;36344;37;982;10
3858;36354;37;982;20
3859;36374;9091;4;10
3860;36384;9;4042;6
3861;36390;1069;34;44
3862;36434;32;1138;18
3863;36452;18223;2;6
3864;36458;16;2278;10
3865;36468;18233;2;2
3866;36470;18233;2;4
3867;36474;9;4052;6
3868;36480;18233;2;14
3869;36494;5;7298;4
3870;36498;47;776;26
3871;36524;5;7304;4
3872;36528;7;5218;2
3873;36530;19;1922;12
3874;36542;9133;4;10
3875;36552;16;2284;8
3876;36560;13;2812;4
3877;36564;13;2812;8
3878;36572;16;2285;12
3879;36584;5;7316;4
3880;36588;16;2286;12
3881;36600;16;2287;8
3882;36608;1663;22;22
3883;36630;18311;2;8
3884;36638;8;4579;6
3885;36644;13;2818;10
3886;36654;43;852;18
3887;36672;7;5238;6
3888;36678;8;4584;6
3889;36684;53;692;8
3890;36692;13;2822;6
3891;36698;13;2822;12
3892;36710;18353;2;4
3893;36714;18353;2;8
3894;36722;31;1184;18
3895;36740;3673;10;10
3896;36750;13;2826;12
3897;36762;9;4084;6
3898;36768;18;2042;12
3899;36780;7;5254;2
3900;36782;8;4597;6
3901;36788;8;4598;4
3902;36792;5;7358;2
3903;36794;37;994;16
3904;36810;6133;6;12
3905;36822;15;2454;12
3906;36834;20;1841;14
3907;36848;113;326;10
3908;36858;61;604;14
3909;36872;18433;2;6
3910;36878;13;2836;10
3911;36888;14;2634;12
3912;36900;19;1942;2
3913;36902;14;2635;12
3914;36914;9227;4;6
3915;36920;11;3356;4
3916;36924;7;5274;6
3917;36930;4;9232;2
3918;36932;13;2840;12
3919;36944;5;7388;4
3920;36948;18461;2;26
3921;36974;8;4621;6
3922;36980;18481;2;18
3923;36998;8;4624;6
3924;37004;53;698;10
3925;37014;8;4626;6
3926;37020;83;446;2
3927;37022;22;1682;18
3928;37040;14;2645;10
3929;37050;18521;2;8
3930;37058;97;382;4
3931;37062;47;788;26
3932;37088;18539;2;10
3933;37098;18539;2;20
3934;37118;8;4639;6
3935;37124;9277;4;16
3936;37140;29;1280;20
3937;37160;37;1004;12
3938;37172;17;2186;10
3939;37182;18587;2;8
3940;37190;11;3380;10
3941;37200;7;5314;2
3942;37202;18593;2;16
3943;37218;7;5316;6
3944;37224;71;524;20
3945;37244;18617;2;10
3946;37254;18617;2;20
3947;37274;5;7454;4
3948;37278;32;1164;30
3949;37308;23;1622;2
3950;37310;23;1622;4
3951;37314;23;1622;8
3952;37322;23;1622;16
3953;37338;4;9334;2
3954;37340;18661;2;18
3955;37358;19;1966;4
3956;37362;4;9340;2
3957;37364;18679;2;6
3958;37370;16;2335;10
3959;37380;26;1437;18
3960;37398;18;2077;12
3961;37410;9349;4;14
3962;37424;59;634;18
3963;37442;7;5348;6
3964;37448;4679;8;16
3965;37464;22;1702;20
3966;37484;7;5354;6
3967;37490;18743;2;4
3968;37494;18743;2;8
3969;37502;8;4687;6
3970;37508;8;4688;4
3971;37512;7;5358;6
3972;37518;14;2679;12
3973;37530;73;514;8
3974;37538;4691;8;10
3975;37548;18773;2;2
3976;37550;137;274;12
3977;37562;41;916;6
3978;37568;9391;4;4
3979;37572;5;7514;2
3980;37574;8;4696;6
3981;37580;13;2890;10
3982;37590;4;9397;2
3983;37592;22;1708;16
3984;37608;13;2892;12
3985;37620;18803;2;14
3986;37634;4703;8;10
3987;37644;9;4182;6
3988;37650;11;3422;8
3989;37658;9413;4;6
3990;37664;97;388;28
3991;37692;5;7538;2
3992;37694;7;5384;6
3993;37700;83;454;18
3994;37718;56;673;30
3995;37748;109;346;34
3996;37782;4;9445;2
3997;37784;4721;8;16
3998;37800;47;804;12
3999;37812;5;7562;2
4000;37814;22;1718;18
4001;37832;29;1304;16
4002;37848;7;5406;6
4003;37854;127;298;8
4004;37862;9463;4;10
4005;37872;4733;8;8
4006;37880;14;2705;10
4007;37890;13;2914;8
4008;37898;16;2368;10
4009;37908;4733;8;44
4010;37952;18973;2;6
4011;37958;8;4744;6
4012;37964;5;7592;4
4013;37968;53;716;20
4014;37988;8;4748;4
4015;37992;5;7598;2
4016;37994;5;7598;4
4017;37998;16;2374;14
4018;38012;32;1187;28
4019;38040;16;2377;8
4020;38048;23;1654;6
4021;38054;19;2002;16
4022;38070;67;568;14
4023;38084;53;718;30
4024;38114;7;5444;6
4025;38120;65;586;30
4026;38150;19073;2;4
4027;38154;20;1907;14
4028;38168;19079;2;10
4029;38178;12;3181;6
4030;38184;7;5454;6
4031;38190;17;2246;8
4032;38198;13;2938;4
4033;38202;24;1591;18
4034;38220;16;2388;12
4035;38232;23;1662;6
4036;38238;4;9559;2
4037;38240;97;394;22
4038;38262;15;2550;12
4039;38274;19;2014;8
4040;38282;7;5468;6
4041;38288;14;2734;12
4042;38300;8;4787;4
4043;38304;35;1094;14
4044;38318;19157;2;4
4045;38322;12;3193;6
4046;38328;19163;2;2
4047;38330;19163;2;4
4048;38334;31;1236;18
4049;38352;28;1369;20
4050;38372;19183;2;6
4051;38378;19181;2;16
4052;38394;43;892;38
4053;38432;28;1372;16
4054;38448;47;818;2
4055;38450;47;818;4
4056;38454;8;4806;6
4057;38460;7;5494;2
4058;38462;19211;2;40
4059;38502;60;641;42
4060;38544;3853;10;14
4061;38558;37;1042;4
4062;38562;7;5508;6
4063;38568;11;3506;2
4064;38570;19273;2;24
4065;38594;13;2968;10
4066;38604;7;5514;6
4067;38610;4;9652;2
4068;38612;23;1678;18
4069;38630;20;1931;10
4070;38640;18;2146;12
4071;38652;5;7730;2
4072;38654;19319;2;16
4073;38670;4;9667;2
4074;38672;19333;2;6
4075;38678;26;1487;16
4076;38694;8;4836;6
4077;38700;17;2276;8
4078;38708;8;4838;4
4079;38712;5;7742;2
4080;38714;16;2419;10
4081;38724;9;4302;6
4082;38730;19;2038;8
4083;38738;47;824;10
4084;38748;19373;2;2
4085;38750;23;1684;18
4086;38768;28;1384;16
4087;38784;37;1048;8
4088;38792;14;2770;12
4089;38804;22;1763;18
4090;38822;3881;10;12
4091;38834;17;2284;6
4092;38840;17;2284;12
4093;38852;19421;2;10
4094;38862;8;4857;6
4095;38868;9;4318;6
4096;38874;24;1619;18
4097;38892;15;2592;12
4098;38904;3889;10;14
4099;38918;19457;2;4
4100;38922;4;9730;2
4101;38924;19457;2;10
4102;38934;19457;2;20
4103;38954;7;5564;6
4104;38960;13;2996;12
4105;38972;19483;2;6
4106;38978;22;1771;16
4107;38994;4871;8;26
4108;39020;8;4877;4
4109;39024;22;1773;18
4110;39042;4;9760;2
4111;39044;5;7808;4
4112;39048;4877;8;32
4113;39080;3907;10;10
4114;39090;19541;2;8
4115;39098;29;1348;6
4116;39104;5;7820;4
4117;39108;7;5586;6
4118;39114;12;3259;6
4119;39120;19553;2;14
4120;39134;8;4891;6
4121;39140;31;1262;18
4122;39158;19577;2;4
4123;39162;4;9790;2
4124;39164;23;1702;18
4125;39182;14;2798;10
4126;39192;16;2449;8
4127;39200;3919;10;10
4128;39210;17;2306;8
4129;39218;13;3016;10
4130;39228;11;3566;2
4131;39230;11;3566;4
4132;39234;7;5604;6
4133;39240;23;1706;2
4134;39242;16;2452;10
4135;39252;1307;30;42
4136;39294;13;3022;8
4137;39302;3929;10;12
4138;39314;5;7862;4
4139;39318;7;5616;6
4140;39324;6551;6;18
4141;39342;4;9835;2
4142;39344;32;1229;16
4143;39360;4919;8;8
4144;39368;13;3028;4
4145;39372;5;7874;2
4146;39374;13;3028;10
4147;39384;31;1270;14
4148;39398;47;838;12
4149;39410;20;1970;10
4150;39420;25;1576;20
4151;39440;9859;4;4
4152;39444;9859;4;8
4153;39452;13;3034;10
4154;39462;44;896;38
4155;39500;8;4937;4
4156;39504;29;1362;6
4157;39510;4;9877;2
4158;39512;19751;2;10
4159;39522;19751;2;20
4160;39542;9883;4;10
4161;39552;15;2636;12
4162;39564;19;2082;6
4163;39570;19;2082;12
4164;39582;29;1364;26
4165;39608;19;2084;12
4166;39620;8;4952;4
4167;39624;16;2476;8
4168;39632;9901;4;28
4169;39660;23;1724;8
4170;39668;8;4958;4
4171;39672;16;2479;8
4172;39680;4957;8;24
4173;39704;23;1726;6
4174;39710;20;1985;10
4175;39720;16;2482;8
4176;39728;19861;2;6
4177;39734;2837;14;16
4178;39750;37;1074;12
4179;39762;11;3614;8
4180;39770;14;2840;10
4181;39780;24;1657;12
4182;39792;4973;8;8
4183;39800;19889;2;22
4184;39822;7;5688;6
4185;39828;19913;2;2
4186;39830;11;3620;10
4187;39840;19919;2;2
4188;39842;23;1732;6
4189;39848;19919;2;10
4190;39858;9;4428;6
4191;39864;7;5694;6
4192;39870;19;2098;8
4193;39878;7;5696;6
4194;39884;5;7976;4
4195;39888;19937;2;14
4196;39902;19937;2;28
4197;39930;19961;2;8
4198;39938;19961;2;16
4199;39954;24;1664;18
4200;39972;97;412;8
4201;39980;8;4997;4
4202;39984;9;4442;6
4203;39990;35;1142;20
4204;40010;83;482;4
4205;40014;22;1818;18
4206;40032;7;5718;6
4207;40038;4;10009;2
4208;40040;41;976;24
4209;40064;26;1540;24
4210;40088;7;5726;6
4211;40094;8;5011;6
4212;40100;5011;8;12
4213;40112;20;2005;12
4214;40124;5;8024;4
4215;40128;20063;2;2
4216;40130;37;1084;22
4217;40152;5;8030;2
4218;40154;13;3088;10
4219;40164;9;4462;6
4220;40170;43;934;8
4221;40178;14;2869;12
4222;40190;71;566;4
4223;40194;53;758;20
4224;40214;26;1546;18
4225;40232;20113;2;6
4226;40238;20117;2;4
4227;40242;15;2682;12
4228;40254;27;1490;24
4229;40278;8;5034;6
4230;40284;7;5754;6
4231;40290;84;479;54
4232;40344;16;2521;8
4233;40352;20173;2;6
4234;40358;20177;2;4
4235;40362;2521;16;26
4236;40388;52;776;36
4237;40424;5;8084;4
4238;40428;17;2378;2
4239;40430;17;2378;4
4240;40434;5051;8;26
4241;40460;16;2528;12
4242;40472;14;2890;12
4243;40484;5;8096;4
4244;40488;9;4498;6
4245;40494;7;5784;6
4246;40500;53;764;8
4247;40508;16;2531;12
4248;40520;4051;10;10
4249;40530;4;10132;2
4250;40532;20;2026;12
4251;40544;17;2384;16
4252;40560;29;1398;18
4253;40578;7;5796;6
4254;40584;16;2536;8
4255;40592;7;5798;6
4256;40598;13;3122;12
4257;40610;43;944;18
4258;40628;23;1766;10
4259;40638;4;10159;2
4260;40640;91;446;54
4261;40694;5;8138;4
4262;40698;4;10174;2
4263;40700;13;3130;10
4264;40710;36;1130;30
4265;40740;24;1697;12
4266;40752;11;3704;8
4267;40760;23;1772;4
4268;40764;23;1772;8
4269;40772;23;1772;16
4270;40788;19;2146;14
4271;40802;4079;10;12
4272;40814;8;5101;6
4273;40820;8;5102;4
4274;40824;6803;6;6
4275;40830;6803;6;12
4276;40842;12;3403;6
4277;40848;13;3142;2
4278;40850;13;3142;4
4279;40854;20;2042;14
4280;40868;5107;8;12
4281;40880;11;3716;4
4282;40884;61;670;14
4283;40898;10223;4;6
4284;40904;28;1460;24
4285;40928;7;5846;6
4286;40934;8;5116;6
4287;40940;4093;10;10
4288;40950;6823;6;12
4289;40962;13;3150;12
4290;40974;20477;2;20
4291;40994;26;1576;18
4292;41012;7;5858;6
4293;41018;10253;4;6
4294;41024;22;1864;16
4295;41040;23;1784;8
4296;41048;31;1324;4
4297;41052;6841;6;6
4298;41058;34;1207;20
4299;41078;11;3734;4
4300;41082;50;821;32
4301;41114;5;8222;4
4302;41118;16;2569;14
4303;41132;29;1418;10
4304;41142;4;10285;2
4305;41144;67;614;6
4306;41150;67;614;12
4307;41162;2939;14;16
4308;41178;4;10294;2
4309;41180;8;5147;4
4310;41184;6863;6;6
4311;41190;6863;6;12
4312;41202;4;10300;2
4313;41204;43;958;10
4314;41214;11;3746;8
4315;41222;7;5888;6
4316;41228;8;5153;4
4317;41232;5;8246;2
4318;41234;5153;8;10
4319;41244;19;2170;14
4320;41258;10313;4;6
4321;41264;7;5894;6
4322;41270;14;2947;12
4323;41282;2579;16;18
4324;41300;47;878;34
4325;41334;20663;2;8
4326;41342;10333;4;10
4327;41352;9;4594;6
4328;41358;83;498;24
4329;41382;8;5172;6
4330;41388;20693;2;2
4331;41390;20;2069;10
4332;41400;3449;12;12
4333;41412;5;8282;2
4334;41414;56;739;30
4335;41444;20717;2;10
4336;41454;16;2590;14
4337;41468;16;2591;12
4338;41480;14;2962;12
4339;41492;10369;4;16
4340;41508;6917;6;6
4341;41514;9;4612;6
4342;41520;20759;2;2
4343;41522;32;1297;18
4344;41540;8;5192;4
4345;41544;7;5934;6
4346;41550;40;1038;30
4347;41580;2969;14;14
4348;41594;5;8318;4
4349;41598;8;5199;6
4350;41604;9;4622;6
4351;41610;4;10402;2
4352;41612;71;586;6
4353;41618;20807;2;4
4354;41622;8;5202;6
4355;41628;20807;2;14
4356;41642;7;5948;6
4357;41648;29;1436;4
4358;41652;29;1436;8
4359;41660;14;2975;10
4360;41670;53;786;12
4361;41682;12;3473;6
4362;41688;41;1016;32
4363;41720;43;970;10
4364;41730;23;1814;8
4365;41738;10429;4;22
4366;41760;20879;2;2
4367;41762;17;2456;10
4368;41772;6961;6;6
4369;41778;6959;6;24
4370;41802;20897;2;8
4371;41810;20903;2;4
4372;41814;1741;24;30
4373;41844;19;2202;6
4374;41850;4;10462;2
4375;41852;16;2615;12
4376;41864;5231;8;16
4377;41880;16;2617;8
4378;41888;43;974;6
4379;41894;5;8378;4
4380;41898;12;3491;6
4381;41904;5237;8;8
4382;41912;5237;8;16
4383;41928;19;2206;14
4384;41942;8;5242;6
4385;41948;67;626;6
4386;41954;5;8390;4
4387;41958;4;10489;2
4388;41960;25;1678;10
4389;41970;14;2997;12
4390;41982;4;10495;2
4391;41984;43;976;16
4392;42000;2999;14;14
4393;42014;5;8402;4
4394;42018;4;10504;2
4395;42020;8;5252;4
4396;42024;10501;4;20
4397;42044;21013;2;18
4398;42062;10513;4;10
4399;42072;5;8414;2
4400;42074;11;3824;10
4401;42084;7013;6;6
4402;42090;7013;6;12
4403;42102;1753;24;30
4404;42132;10531;4;8
4405;42140;21061;2;18
4406;42158;13;3242;12
4407;42170;16;2635;10
4408;42180;21089;2;2
4409;42182;8;5272;6
4410;42188;7;6026;6
4411;42194;5;8438;4
4412;42198;79;534;12
4413;42210;13;3246;12
4414;42222;4;10555;2
4415;42224;5;8444;4
4416;42228;24;1759;12
4417;42240;31;1362;18
4418;42258;7039;6;24
4419;42282;4;10570;2
4420;42284;23;1838;10
4421;42294;8;5286;6
4422;42300;97;436;8
4423;42308;97;436;16
4424;42324;71;596;8
4425;42332;21163;2;6
4426;42338;21163;2;12
4427;42350;20;2117;10
4428;42360;31;1366;14
4429;42374;8;5296;6
4430;42380;16;2648;12
4431;42392;21193;2;6
4432;42398;7;6056;6
4433;42404;5;8480;4
4434;42408;7;6058;2
4435;42410;21193;2;24
4436;42434;5;8486;4
4437;42438;8;5304;6
4438;42444;103;412;8
4439;42452;19;2234;6
4440;42458;21227;2;4
4441;42462;4;10615;2
4442;42464;5;8492;4
4443;42468;7;6066;6
4444;42474;20;2123;14
4445;42488;13;3268;4
4446;42492;13;3268;8
4447;42500;14;3035;10
4448;42510;73;582;24
4449;42534;26;1635;24
4450;42558;14;3039;12
4451;42570;4;10642;2
4452;42572;21283;2;6
4453;42578;21283;2;12
4454;42590;34;1252;22
4455;42612;47;906;30
4456;42642;4;10660;2
4457;42644;21319;2;6
4458;42650;73;584;18
4459;42668;11;3878;10
4460;42678;7;6096;6
4461;42684;9;4742;6
4462;42690;21341;2;8
4463;42698;21347;2;4
4464;42702;4;10675;2
4465;42704;37;1154;6
4466;42710;14;3050;10
4467;42720;19;2248;8
4468;42728;13;3286;10
4469;42738;9;4748;6
4470;42744;16;2671;8
4471;42752;2671;16;16
4472;42768;7127;6;6
4473;42774;20;2138;14
4474;42788;21391;2;6
4475;42794;5;8558;4
4476;42798;7129;6;24
4477;42822;21407;2;8
4478;42830;20;2141;10
4479;42840;21419;2;2
4480;42842;4283;10;12
4481;42854;8;5356;6
4482;42860;8;5357;4
4483;42864;43;996;36
4484;42900;89;482;2
4485;42902;32;1340;22
4486;42924;23;1866;6
4487;42930;11;3902;8
4488;42938;10733;4;6
4489;42944;21467;2;10
4490;42954;109;394;8
4491;42962;10739;4;6
4492;42968;10739;4;12
4493;42980;4297;10;10
4494;42990;16;2686;14
4495;43004;14;3071;10
4496;43014;7;6144;6
4497;43020;2389;18;18
4498;43038;71;606;12
4499;43050;4;10762;2
4500;43052;16;2690;12
4501;43064;5;8612;4
4502;43068;21521;2;26
4503;43094;10771;4;10
4504;43104;31;1390;14
4505;43118;23;1874;16
4506;43134;3593;12;18
4507;43152;5393;8;8
4508;43160;22;1961;18
4509;43178;113;382;12
4510;43190;21589;2;12
4511;43202;10799;4;6
4512;43208;5399;8;16
4513;43224;29;1490;14
4514;43238;31;1394;24
4515;43262;11;3932;10
4516;43272;14;3090;12
4517;43284;31;1396;8
4518;43292;4327;10;22
4519;43314;9;4812;6
4520;43320;11;3938;2
4521;43322;16;2707;10
4522;43332;72;601;60
4523;43392;7;6198;6
4524;43398;4;10849;2
4525;43400;19;2284;4
4526;43404;19;2284;8
4527;43412;19;2284;16
4528;43428;49;886;14
4529;43442;61;712;10
4530;43452;13;3342;6
4531;43458;38;1143;24
4532;43482;12;3623;6
4533;43488;3623;12;12
4534;43500;7247;6;18
4535;43518;33;1318;24
4536;43542;4;10885;2
4537;43544;21757;2;30
4538;43574;5;8714;4
4539;43578;4;10894;2
4540;43580;14;3112;12
4541;43592;19;2294;6
4542;43598;17;2564;10
4543;43608;21803;2;2
4544;43610;21803;2;4
4545;43614;16;2725;14
4546;43628;17;2566;6
4547;43634;113;386;16
4548;43650;4;10912;2
4549;43652;21821;2;10
4550;43662;13;3358;8
4551;43670;31;1408;22
4552;43692;53;824;20
4553;43712;13;3362;6
4554;43718;11;3974;4
4555;43722;34;1285;32
4556;43754;10937;4;6
4557;43760;21871;2;18
4558;43778;43;1018;4
4559;43782;4;10945;2
4560;43784;5;8756;4
4561;43788;21893;2;2
4562;43790;21893;2;4
4563;43794;21893;2;8
4564;43802;70;625;52
4565;43854;16;2740;14
4566;43868;1993;22;22
4567;43890;4;10972;2
4568;43892;41;1070;22
4569;43914;34;1291;20
4570;43934;79;556;10
4571;43944;16;2746;8
4572;43952;127;346;10
4573;43962;4;10990;2
4574;43964;31;1418;6
4575;43970;13;3382;4
4576;43974;20;2198;14
4577;43988;8;5498;4
4578;43992;7331;6;6
4579;43998;22;1999;20
4580;44018;59;746;4
4581;44022;7;6288;6
4582;44028;22013;2;2
4583;44030;13;3386;12
4584;44042;14;3145;12
4585;44054;8;5506;6
4586;44060;16;2753;12
4587;44072;5507;8;16
4588;44088;7;6298;2
4589;44090;22039;2;12
4590;44102;73;604;10
4591;44112;37;1192;8
4592;44120;41;1076;4
4593;44124;9;4902;6
4594;44130;4;11032;2
4595;44132;37;1192;28
4596;44160;13;3396;12
4597;44172;61;724;8
4598;44180;14;3155;10
4599;44190;37;1194;12
4600;44202;4;11050;2
4601;44204;5;8840;4
4602;44208;19;2326;14
4603;44222;38;1163;28
4604;44250;11;4022;8
4605;44258;13;3404;6
4606;44264;5;8852;4
4607;44268;22133;2;2
4608;44270;22133;2;4
4609;44274;7;6324;6
4610;44280;13;3406;2
4611;44282;19;2330;12
4612;44294;11059;4;58
4613;44352;19;2334;6
4614;44358;23;1928;14
4615;44372;41;1082;10
4616;44382;4;11095;2
4617;44384;22189;2;6
4618;44390;41;1082;28
4619;44418;22193;2;32
4620;44450;71;626;4
4621;44454;36;1234;30
4622;44484;11119;4;8
4623;44492;13;3422;6
4624;44498;22247;2;4
4625;44502;8;5562;6
4626;44508;16;2781;12
4627;44520;3709;12;12
4628;44532;5;8906;2
4629;44534;5;8906;4
4630;44538;9;4948;6
4631;44544;13;3426;6
4632;44550;19;2344;14
4633;44564;28;1591;16
4634;44580;11;4052;8
4635;44588;22279;2;30
4636;44618;22307;2;4
4637;44622;4;11155;2
4638;44624;22307;2;10
4639;44634;53;842;8
4640;44642;11159;4;6
4641;44648;11161;4;4
4642;44652;7;6378;6
4643;44658;28;1594;26
4644;44684;5;8936;4
4645;44688;17;2628;12
4646;44700;22349;2;2
4647;44702;11173;4;10
4648;44712;26;1719;18
4649;44730;29;1542;12
4650;44742;14;3195;12
4651;44754;24;1864;18
4652;44772;5;8954;2
4653;44774;5;8954;4
4654;44778;18;2487;12
4655;44790;22391;2;8
4656;44798;14;3199;12
4657;44810;14;3200;10
4658;44820;25;1792;20
4659;44840;11;4076;4
4660;44844;11;4076;8
4661;44852;22;2038;16
4662;44868;14;3204;12
4663;44880;71;632;8
4664;44888;22441;2;6
4665;44894;19;2362;16
4666;44910;11;4082;8
4667;44918;103;436;10
4668;44928;19;2364;12
4669;44940;3209;14;14
4670;44954;17;2644;6
4671;44960;11239;4;4
4672;44964;11239;4;8
4673;44972;16;2810;12
4674;44984;5;8996;4
4675;44988;22;2044;20
4676;45008;22501;2;6
4677;45014;113;398;40
4678;45054;101;446;8
4679;45062;101;446;16
4680;45078;8;5634;6
4681;45084;1877;24;36
4682;45120;17;2654;2
4683;45122;11279;4;6
4684;45128;29;1556;4
4685;45132;9;5014;6
4686;45138;4;11284;2
4687;45140;34;1327;22
4688;45162;19;2376;18
4689;45180;7;6454;2
4690;45182;23;1964;10
4691;45192;17;2658;6
4692;45198;39;1158;36
4693;45234;17;2660;14
4694;45248;43;1052;12
4695;45260;8;5657;4
4696;45264;7541;6;18
4697;45282;22637;2;8
4698;45290;22643;2;4
4699;45294;16;2830;14
4700;45308;11;4118;10
4701;45318;4;11329;2
4702;45320;23;1970;10
4703;45330;17;2666;8
4704;45338;19;2386;4
4705;45342;4;11335;2
4706;45344;131;346;18
4707;45362;41;1106;16
4708;45378;7561;6;12
4709;45390;16;2836;14
4710;45404;22697;2;10
4711;45414;20;2270;14
4712;45428;13;3494;6
4713;45434;41;1108;6
4714;45440;22699;2;42
4715;45482;14;3248;10
4716;45492;7;6498;6
4717;45498;12;3791;6
4718;45504;83;548;20
4719;45524;14;3251;10
4720;45534;13;3502;8
4721;45542;29;1570;12
4722;45554;5;9110;4
4723;45558;7591;6;12
4724;45570;24;1898;18
4725;45588;23;1982;2
4726;45590;20;2279;10
4727;45600;23;1982;14
4728;45614;11399;4;18
4729;45632;22811;2;10
4730;45642;24;1901;18
4731;45660;101;452;8
4732;45668;17;2686;6
4733;45674;5;9134;4
4734;45678;16;2854;14
4735;45692;53;862;6
4736;45698;5711;8;10
4737;45708;46;993;30
4738;45738;23;1988;14
4739;45752;89;514;6
4740;45758;7;6536;6
4741;45764;5;9152;4
4742;45768;18;2542;12
4743;45780;22871;2;38
4744;45818;22907;2;4
4745;45822;4;11455;2
4746;45824;5;9164;4
4747;45828;7;6546;6
4748;45834;11;4166;8
4749;45842;4583;10;12
4750;45854;73;628;10
4751;45864;7643;6;6
4752;45870;3821;12;18
4753;45888;9;5098;6
4754;45894;73;628;50
4755;45944;103;446;6
4756;45950;22973;2;4
4757;45954;7;6564;6
4758;45960;14;3282;12
4759;45972;11491;4;8
4760;45980;4597;10;10
4761;45990;2089;22;32
4762;46022;8;5752;6
4763;46028;23003;2;22
4764;46050;4;11512;2
4765;46052;23021;2;10
4766;46062;15;3070;12
4767;46074;19;2424;18
4768;46092;5;9218;2
4769;46094;7;6584;6
4770;46100;8;5762;4
4771;46104;42;1097;30
4772;46134;23063;2;8
4773;46142;8;5767;6
4774;46148;23071;2;6
4775;46154;73;632;18
4776;46172;23081;2;10
4777;46182;4;11545;2
4778;46184;5;9236;4
4779;46188;13;3552;12
4780;46200;2309;20;20
4781;46220;4621;10;10
4782;46230;11;4202;8
4783;46238;3301;14;24
4784;46262;31;1492;10
4785;46272;5;9254;2
4786;46274;43;1076;6
4787;46280;101;458;22
4788;46302;8;5787;6
4789;46308;13;3562;2
4790;46310;71;652;18
4791;46328;23159;2;10
4792;46338;14;3309;12
4793;46350;4;11587;2
4794;46352;38;1219;30
4795;46382;67;692;18
4796;46400;11597;4;12
4797;46412;52;892;28
4798;46440;7;6634;2
4799;46442;13;3572;6
4800;46448;17;2732;4
4801;46452;7741;6;6
4802;46458;17;2732;14
4803;46472;7;6638;6
4804;46478;14;3319;12
4805;46490;14;3320;10
4806;46500;59;788;8
4807;46508;8;5813;4
4808;46512;15;3100;12
4809;46524;67;694;26
4810;46550;13;3580;10
4811;46560;11;4232;8
4812;46568;31;1502;6
4813;46574;23279;2;16
4814;46590;4;11647;2
4815;46592;23291;2;10
4816;46602;24;1941;18
4817;46620;3329;14;14
4818;46634;11657;4;6
4819;46640;89;524;4
4820;46644;9;5182;6
4821;46650;89;524;14
4822;46664;17;2744;16
4823;46680;23339;2;2
4824;46682;7;6668;6
4825;46688;11;4244;4
4826;46692;15;3112;12
4827;46704;22;2122;20
4828;46724;5;9344;4
4829;46728;11677;4;20
4830;46748;8;5843;4
4831;46752;7;6678;6
4832;46758;14;3339;12
4833;46770;4;11692;2
4834;46772;46;1016;36
4835;46808;11701;4;4
4836;46812;29;1614;6
4837;46818;4;11704;2
4838;46820;31;1510;10
4839;46830;4;11707;2
4840;46832;31;1510;22
4841;46854;59;794;8
4842;46862;8;5857;6
4843;46868;14;3347;10
4844;46878;73;642;12
4845;46890;13;3606;12
4846;46902;3907;12;18
4847;46920;47;998;14
4848;46934;4691;10;24
4849;46958;58;809;36
4850;46994;5;9398;4
4851;46998;83;566;20
4852;47018;23497;2;24
4853;47042;5879;8;10
4854;47052;7841;6;6
4855;47058;4;11764;2
4856;47060;5879;8;28
4857;47088;7;6726;6
4858;47094;3923;12;18
4859;47112;16;2944;8
4860;47120;11779;4;4
4861;47124;7853;6;6
4862;47130;23561;2;8
4863;47138;11783;4;6
4864;47144;5;9428;4
4865;47148;11;4286;2
4866;47150;13;3626;12
4867;47162;23567;2;28
4868;47190;3931;12;18
4869;47208;3371;14;14
4870;47222;23603;2;16
4871;47238;5903;8;14
4872;47252;19;2486;18
4873;47270;17;2780;10
4874;47280;19;2488;8
4875;47288;47;1006;6
4876;47294;5;9458;4
4877;47298;7;6756;6
4878;47304;7883;6;6
4879;47310;67;706;8
4880;47318;32;1478;22
4881;47340;16;2958;12
4882;47352;5;9470;2
4883;47354;11;4304;10
4884;47364;26;1821;18
4885;47382;7;6768;6
4886;47388;19;2494;2
4887;47390;26;1822;18
4888;47408;13;3646;10
4889;47418;4;11854;2
4890;47420;16;2963;12
4891;47432;131;362;10
4892;47442;19;2496;18
4893;47460;71;668;32
4894;47492;23743;2;6
4895;47498;23747;2;4
4896;47502;8;5937;6
4897;47508;7;6786;6
4898;47514;23753;2;8
4899;47522;7;6788;6
4900;47528;23761;2;6
4901;47534;109;436;10
4902;47544;109;436;20
4903;47564;7;6794;6
4904;47570;14;3397;12
4905;47582;14;3398;10
4906;47592;16;2974;8
4907;47600;4759;10;10
4908;47610;73;652;14
4909;47624;29;1642;6
4910;47630;20;2381;10
4911;47640;23813;2;14
4912;47654;5;9530;4
4913;47658;4;11914;2
4914;47660;23819;2;22
4915;47682;24;1986;18
4916;47700;7;6814;2
4917;47702;11923;4;10
4918;47712;5;9542;2
4919;47714;5;9542;4
4920;47718;3407;14;20
4921;47738;29;1646;4
4922;47742;4;11935;2
4923;47744;65;734;34
4924;47778;4;11944;2
4925;47780;14;3412;12
4926;47792;23893;2;6
4927;47798;13;3676;10
4928;47808;11;4346;2
4929;47810;20;2390;10
4930;47820;31;1542;18
4931;47838;8;5979;6
4932;47844;4783;10;14
4933;47858;47;1018;12
4934;47870;23929;2;12
4935;47882;2393;20;22
4936;47904;5987;8;8
4937;47912;17;2818;6
4938;47918;43;1114;16
4939;47934;8;5991;6
4940;47940;23;2084;8
4941;47948;8;5993;4
4942;47952;15;3196;12
4943;47964;7993;6;6
4944;47970;23981;2;8
4945;47978;17;2822;4
4946;47982;61;786;36
4947;48018;12;4001;6
4948;48024;53;906;6
4949;48030;4801;10;20
4950;48050;37;1298;24
4951;48074;61;788;6
4952;48080;61;788;12
4953;48092;26;1849;18
4954;48110;13;3700;10
4955;48120;7;6874;2
4956;48122;16;3007;10
4957;48132;67;718;26
4958;48158;8;6019;6
4959;48164;12037;4;16
4960;48180;12043;4;8
4961;48188;24091;2;6
4962;48194;5;9638;4
4963;48198;31;1554;24
4964;48222;26;1854;18
4965;48240;6029;8;8
4966;48248;31;1556;12
4967;48260;37;1304;12
4968;48272;59;818;10
4969;48282;24;2011;18
4970;48300;16;3018;12
4971;48312;5;9662;2
4972;48314;55;878;24
4973;48338;11;4394;4
4974;48342;15;3222;12
4975;48354;19;2544;18
4976;48372;13;3720;12
4977;48384;35;1382;14
4978;48398;12097;4;10
4979;48408;24203;2;2
4980;48410;24203;2;4
4981;48414;30;1613;24
4982;48438;14;3459;12
4983;48450;12109;4;14
4984;48464;14;3461;10
4985;48474;7;6924;6
4986;48480;24239;2;2
4987;48482;12119;4;6
4988;48488;17;2852;4
4989;48492;8081;6;6
4990;48498;73;664;26
4991;48524;5;9704;4
4992;48528;8087;6;6
4993;48534;8;6066;6
4994;48540;7;6934;2
4995;48542;40;1213;22
4996;48564;61;796;8
4997;48572;22;2207;18
4998;48590;17;2858;4
4999;48594;22;2208;18
5000;48612;29;1676;8
5001;48620;8;6077;4
5002;48624;25;1944;24
5003;48648;13;3742;2
5004;48650;83;586;12
5005;48662;14;3475;12
5006;48674;5;9734;4
5007;48678;4;12169;2
5008;48680;12157;4;52
5009;48732;5;9746;2
5010;48734;19;2564;18
5011;48752;24373;2;6
5012;48758;19;2566;4
5013;48762;12;4063;6
5014;48768;17;2868;12
5015;48780;29;1682;2
5016;48782;7;6968;6
5017;48788;13;3752;12
5018;48800;14;3485;10
5019;48810;13;3754;8
5020;48818;24407;2;4
5021;48822;4;12205;2
5022;48824;25;1952;24
5023;48848;24419;2;10
5024;48858;4;12214;2
5025;48860;25;1954;10
5026;48870;4;12217;2
5027;48872;14;3490;12
5028;48884;24439;2;6
5029;48890;41;1192;18
5030;48908;76;643;40
5031;48948;9;5438;6
5032;48954;43;1138;20
5033;48974;26;1883;16
5034;48990;4;12247;2
5035;48992;20;2449;12
5036;49004;24499;2;6
5037;49010;14;3500;10
5038;49020;16;3063;12
5039;49032;5;9806;2
5040;49034;5;9806;4
5041;49038;8;6129;6
5042;49044;4903;10;14
5043;49058;137;358;12
5044;49070;19;2582;12
5045;49082;44;1115;22
5046;49104;7;7014;6
5047;49110;24551;2;8
5048;49118;13;3778;4
5049;49122;4;12280;2
5050;49124;12277;4;16
5051;49140;2729;18;18
5052;49158;8191;6;12
5053;49170;4;12292;2
5054;49172;13;3782;6
5055;49178;47;1046;16
5056;49194;12;4099;6
5057;49200;17;2894;2
5058;49202;7;7028;6
5059;49208;12301;4;4
5060;49212;15;3280;12
5061;49224;54;911;30
5062;49254;24623;2;8
5063;49262;24623;2;16
5064;49278;4;12319;2
5065;49280;24631;2;18
5066;49298;61;808;10
5067;49308;36;1369;24
5068;49332;5;9866;2
5069;49334;8;6166;6
5070;49340;12329;4;24
5071;49364;5;9872;4
5072;49368;24683;2;2
5073;49370;26;1898;22
5074;49392;5;9878;2
5075;49394;3527;14;16
5076;49410;4;12352;2
5077;49412;7;7058;6
5078;49418;14;3529;12
5079;49430;13;3802;4
5080;49434;24;2059;18
5081;49452;47;1052;8
5082;49460;8;6182;4
5083;49464;23;2150;14
5084;49478;29;1706;4
5085;49482;24;2061;18
5086;49500;28;1767;24
5087;49524;7;7074;6
5088;49530;4;12382;2
5089;49532;24763;2;6
5090;49538;41;1208;10
5091;49548;7;7078;2
5092;49550;20;2477;10
5093;49560;2251;22;38
5094;49598;8;6199;6
5095;49604;137;362;10
5096;49614;16;3100;14
5097;49628;43;1154;6
5098;49634;19;2612;6
5099;49640;28;1772;24
5100;49664;5;9932;4
5101;49668;19;2614;2
5102;49670;14;3547;12
5103;49682;19;2614;16
5104;49698;12421;4;14
5105;49712;32;1553;16
5106;49728;18;2762;12
5107;49740;13;3826;2
5108;49742;8;6217;6
5109;49748;13;3826;10
5110;49758;12433;4;26
5111;49784;5;9956;4
5112;49788;11;4526;2
5113;49790;24889;2;12
5114;49802;59;844;6
5115;49808;12451;4;4
5116;49812;15;3320;12
5117;49824;13;3832;8
5118;49832;20;2491;12
5119;49844;24917;2;10
5120;49854;4153;12;18
5121;49872;8311;6;6
5122;49878;23;2168;14
5123;49892;46;1084;28
5124;49920;11;4538;2
5125;49922;12479;4;6
5126;49928;11;4538;10
5127;49938;4;12484;2
5128;49940;8;6242;4
5129;49944;4993;10;14
5130;49958;1783;28;34
5131;49992;5;9998;2
5132;49994;12497;4;6
5133;50000;24989;2;22
5134;50022;4;12505;2
5135;50024;17;2942;10
5136;50034;20;2501;14
5137;50048;12511;4;4
5138;50052;5;10010;2
5139;50054;127;394;16
5140;50070;25031;2;8
5141;50078;12517;4;10
5142;50088;17;2946;6
5143;50094;79;634;8
5144;50102;14;3578;10
5145;50112;6263;8;8
5146;50120;11;4556;4
5147;50124;8353;6;6
5148;50130;4;12532;2
5149;50132;17;2948;16
5150;50148;61;822;6
5151;50154;7;7164;6
5152;50160;61;822;18
5153;50178;36;1393;30
5154;50208;25097;2;14
5155;50222;8;6277;6
5156;50228;8;6278;4
5157;50232;2789;18;30
5158;50262;4;12565;2
5159;50264;25127;2;10
5160;50274;20;2513;14
5161;50288;13;3868;4
5162;50292;32;1571;20
5163;50312;14;3593;10
5164;50322;11;4574;8
5165;50330;25163;2;4
5166;50334;25163;2;8
5167;50342;23;2188;18
5168;50360;12589;4;4
5169;50364;19;2650;14
5170;50378;7;7196;6
5171;50384;5;10076;4
5172;50388;36;1399;24
5173;50412;31;1626;6
5174;50418;12;4201;6
5175;50424;31;1626;18
5176;50442;22;2292;18
5177;50460;25229;2;2
5178;50462;38;1327;36
5179;50498;13;3884;6
5180;50504;25247;2;10
5181;50514;20;2525;14
5182;50528;73;692;12
5183;50540;8;6317;4
5184;50544;8423;6;6
5185;50550;4;12637;2
5186;50552;25261;2;30
5187;50582;8;6322;6
5188;50588;8;6323;4
5189;50592;5;10118;2
5190;50594;12647;4;6
5191;50600;47;1076;28
5192;50628;3163;16;20
5193;50648;11;4604;4
5194;50652;6329;8;20
5195;50672;17;2980;12
5196;50684;34;1490;24
5197;50708;19;2668;16
5198;50724;27;1878;18
5199;50742;15;3382;12
5200;50754;20;2537;14
5201;50768;17;2986;6
5202;50774;5;10154;4
5203;50778;8461;6;12
5204;50790;41;1238;32
5205;50822;5081;10;12
5206;50834;97;524;6
5207;50840;13;3910;10
5208;50850;11;4622;8
5209;50858;14;3632;10
5210;50868;7;7266;6
5211;50874;24;2119;18
5212;50892;5;10178;2
5213;50894;25439;2;16
5214;50910;16;3181;14
5215;50924;7;7274;6
5216;50930;26;1958;22
5217;50952;7;7278;6
5218;50958;14;3639;12
5219;50970;4;12742;2
5220;50972;73;698;18
5221;50990;13;3922;4
5222;50994;13;3922;8
5223;51002;12743;4;30
5224;51032;20;2551;12
5225;51044;5;10208;4
5226;51048;4253;12;12
5227;51060;7;7294;2
5228;51062;12763;4;10
5229;51072;79;646;38
5230;51110;31;1648;22
5231;51132;5;10226;2
5232;51134;5;10226;4
5233;51138;12781;4;14
5234;51152;107;478;6
5235;51158;107;478;12
5236;51170;107;478;24
5237;51194;5;10238;4
5238;51198;4;12799;2
5239;51200;12799;4;4
5240;51204;5119;10;14
5241;51218;25603;2;12
5242;51230;13;3940;10
5243;51240;11;4658;2
5244;51242;3659;14;16
5245;51258;12;4271;6
5246;51264;23;2228;20
5247;51284;5;10256;4
5248;51288;28;1831;20
5249;51308;25643;2;22
5250;51330;18;2851;12
5251;51342;4;12835;2
5252;51344;5;10268;4
5253;51348;25673;2;2
5254;51350;14;3667;12
5255;51362;34;1510;22
5256;51384;30;1712;24
5257;51408;13;3954;6
5258;51414;7;7344;6
5259;51420;47;1094;2
5260;51422;8;6427;6
5261;51428;8;6428;4
5262;51432;9;5714;6
5263;51438;4;12859;2
5264;51440;37;1390;10
5265;51450;8573;6;12
5266;51462;14;3675;12
5267;51474;12;4289;6
5268;51480;7;7354;2
5269;51482;17;3028;6
5270;51488;3217;16;16
5271;51504;41;1256;8
5272;51512;7;7358;6
5273;51518;43;1198;4
5274;51522;24;2146;18
5275;51540;19;2712;12
5276;51552;15;3436;12
5277;51564;25;2062;14
5278;51578;107;482;4
5279;51582;15;3438;12
5280;51594;9;5732;6
5281;51600;6449;8;8
5282;51608;25801;2;6
5283;51614;12899;4;18
5284;51632;83;622;6
5285;51638;12907;4;10
5286;51648;13;3972;12
5287;51660;17;3038;14
5288;51674;12917;4;6
5289;51680;12919;4;4
5290;51684;12919;4;8
5291;51692;5167;10;22
5292;51714;12;4309;6
5293;51720;19;2722;2
5294;51722;25847;2;28
5295;51750;27;1916;18
5296;51768;11;4706;2
5297;51770;6469;8;18
5298;51788;25889;2;10
5299;51798;8;6474;6
5300;51804;5179;10;14
5301;51818;16;3238;10
5302;51828;25913;2;2
5303;51830;20;2591;10
5304;51840;25913;2;14
5305;51854;8;6481;6
5306;51860;17;3050;10
5307;51870;4;12967;2
5308;51872;25;2074;22
5309;51894;8;6486;6
5310;51900;12973;4;8
5311;51908;25951;2;6
5312;51914;22;2359;16
5313;51930;17;3054;12
5314;51942;23;2258;8
5315;51950;6491;8;22
5316;51972;5;10394;2
5317;51974;5;10394;4
5318;51978;22;2362;14
5319;51992;26;1999;18
5320;52010;25999;2;12
5321;52022;8;6502;6
5322;52028;13001;4;24
5323;52052;53;982;6
5324;52058;16;3253;10
5325;52068;7;7438;2
5326;52070;26029;2;12
5327;52082;38;1370;22
5328;52104;8681;6;18
5329;52122;12;4343;6
5330;52128;28;1861;20
5331;52148;29;1798;6
5332;52154;16;3259;10
5333;52164;25;2086;14
5334;52178;19;2746;4
5335;52182;4;13045;2
5336;52184;7;7454;6
5337;52190;14;3727;12
5338;52202;2609;20;22
5339;52224;23;2270;14
5340;52238;26113;2;12
5341;52250;151;346;4
5342;52254;7;7464;6
5343;52260;13063;4;8
5344;52268;151;346;22
5345;52290;4;13072;2
5346;52292;26141;2;10
5347;52302;14;3735;12
5348;52314;26153;2;8
5349;52322;26141;2;40
5350;52362;4;13090;2
5351;52364;47;1114;6
5352;52370;11;4760;10
5353;52380;13093;4;8
5354;52388;8;6548;4
5355;52392;50;1047;42
5356;52434;73;718;20
5357;52454;5;10490;4
5358;52458;2383;22;32
5359;52490;19;2762;12
5360;52502;11;4772;10
5361;52512;9;5834;6
5362;52518;18;2917;12
5363;52530;8753;6;12
5364;52542;4;13135;2
5365;52544;26267;2;10
5366;52554;13;4042;8
5367;52562;7;7508;6
5368;52568;17;3092;4
5369;52572;17;3092;8
5370;52580;8;6572;4
5371;52584;2389;22;26
5372;52610;19;2768;18
5373;52628;8;6578;4
5374;52632;11;4784;8
5375;52640;1879;28;28
5376;52668;67;786;6
5377;52674;24;2194;18
5378;52692;9;5854;6
5379;52698;18;2927;12
5380;52710;4;13177;2
5381;52712;13;4054;10
5382;52722;12;4393;6
5383;52728;9;5858;6
5384;52734;16;3295;14
5385;52748;14;3767;10
5386;52758;59;894;12
5387;52770;22;2398;14
5388;52784;40;1319;24
5389;52808;17;3106;6
5390;52814;5;10562;4
5391;52818;26399;2;20
5392;52838;3301;16;22
5393;52860;13;4066;2
5394;52862;22;2402;18
5395;52880;13219;4;4
5396;52884;7;7554;6
5397;52890;14;3777;12
5398;52902;4;13225;2
5399;52904;22;2404;16
5400;52920;2939;18;18
5401;52938;101;524;14
5402;52952;23;2302;6
5403;52958;8;6619;6
5404;52964;5;10592;4
5405;52968;7;7566;6
5406;52974;71;746;8
5407;52982;13241;4;18
5408;53000;13249;4;4
5409;53004;35;1514;14
5410;53018;52;1019;30
5411;53048;89;596;4
5412;53052;8839;6;18
5413;53070;43;1234;8
5414;53078;13267;4;10
5415;53088;11;4826;2
5416;53090;11;4826;4
5417;53094;11;4826;8
5418;53102;5309;10;12
5419;53114;5;10622;4
5420;53118;53;1002;12
5421;53130;24;2213;18
5422;53148;26573;2;2
5423;53150;163;326;12
5424;53162;11;4832;10
5425;53172;5;10634;2
5426;53174;3797;14;16
5427;53190;26591;2;8
5428;53198;26597;2;4
5429;53202;36;1477;30
5430;53232;5;10646;2
5431;53234;7;7604;6
5432;53240;53;1004;28
5433;53268;26633;2;2
5434;53270;20;2663;10
5435;53280;17;3134;2
5436;53282;3329;16;18
5437;53300;73;730;10
5438;53310;16;3331;14
5439;53324;5;10664;4
5440;53328;29;1838;26
5441;53354;13337;4;6
5442;53360;149;358;18
5443;53378;26687;2;4
5444;53382;26681;2;20
5445;53402;7;7628;6
5446;53408;13;4108;4
5447;53412;13;4108;8
5448;53420;26701;2;18
5449;53438;26717;2;4
5450;53442;13;4110;12
5451;53454;37;1444;26
5452;53480;26;2056;24
5453;53504;5;10700;4
5454;53508;3343;16;20
5455;53528;31;1726;22
5456;53550;4;13387;2
5457;53552;26;2059;18
5458;53570;44;1217;22
5459;53592;5;10718;2
5460;53594;5;10718;4
5461;53598;13;4122;12
5462;53610;4;13402;2
5463;53612;7;7658;6
5464;53618;13;4124;6
5465;53624;17;3154;6
5466;53630;26813;2;4
5467;53634;12;4469;6
5468;53640;26813;2;14
5469;53654;5;10730;4
5470;53658;42;1277;24
5471;53682;15;3578;12
5472;53694;8;6711;6
5473;53700;23;2334;18
5474;53718;4;13429;2
5475;53720;29;1852;12
5476;53732;49;1096;28
5477;53760;22;2443;14
5478;53774;5;10754;4
5479;53778;12;4481;6
5480;53784;16;3361;8
5481;53792;38;1415;22
5482;53814;8;6726;6
5483;53820;16;3363;12
5484;53832;8969;6;18
5485;53850;26921;2;8
5486;53858;26927;2;4
5487;53862;26921;2;20
5488;53882;13469;4;6
5489;53888;19;2836;4
5490;53892;7;7698;6
5491;53898;4;13474;2
5492;53900;29;1858;18
5493;53918;8;6739;6
5494;53924;5;10784;4
5495;53928;4493;12;12
5496;53940;14;3852;12
5497;53952;11;4904;8
5498;53960;97;556;28
5499;53988;9;5998;6
5500;53994;26993;2;8
5501;54002;17;3176;10
5502;54012;5;10802;2
5503;54014;5399;10;24
5504;54038;14;3859;12
5505;54050;14;3860;10
5506;54060;36;1501;24
5507;54084;11;4916;8
5508;54092;14;3863;10
5509;54102;3863;14;20
5510;54122;14;3865;12
5511;54134;8;6766;6
5512;54140;16;3383;12
5513;54152;20;2707;12
5514;54164;5;10832;4
5515;54168;27077;2;14
5516;54182;5417;10;12
5517;54194;5417;10;24
5518;54218;52;1042;34
5519;54252;23;2358;18
5520;54270;13;4174;8
5521;54278;13567;4;10
5522;54288;83;654;6
5523;54294;4523;12;18
5524;54312;16;3394;8
5525;54320;37;1468;4
5526;54324;37;1468;8
5527;54332;37;1468;16
5528;54348;3881;14;14
5529;54362;107;508;6
5530;54368;13591;4;4
5531;54372;13;4182;6
5532;54378;9059;6;24
5533;54402;4;13600;2
5534;54404;59;922;6
5535;54410;11;4946;4
5536;54414;8;6801;6
5537;54420;7;7774;2
5538;54422;22;2473;16
5539;54438;7;7776;6
5540;54444;43;1266;6
5541;54450;5443;10;20
5542;54470;3889;14;24
5543;54494;5;10898;4
5544;54498;4;13624;2
5545;54500;8;6812;4
5546;54504;5449;10;14
5547;54518;97;562;4
5548;54522;24;2271;18
5549;54540;11;4958;2
5550;54542;8;6817;6
5551;54548;17;3208;12
5552;54560;23;2372;4
5553;54564;25;2182;14
5554;54578;13;4198;4
5555;54582;4;13645;2
5556;54584;27283;2;18
5557;54602;49;1114;16
5558;54618;9;6068;6
5559;54624;9103;6;6
5560;54630;4;13657;2
5561;54632;6827;8;16
5562;54648;28;1951;20
5563;54668;151;362;6
5564;54674;79;692;6
5565;54680;50;1093;30
5566;54710;17;3218;4
5567;54714;17;3218;8
5568;54722;13679;4;6
5569;54728;26;2104;24
5570;54752;22;2488;16
5571;54768;9127;6;6
5572;54774;7;7824;6
5573;54780;13693;4;8
5574;54788;41;1336;12
5575;54800;5477;10;30
5576;54830;79;694;4
5577;54834;24;2284;18
5578;54852;19;2886;18
5579;54870;27431;2;8
5580;54878;27437;2;4
5581;54882;6857;8;26
5582;54908;27449;2;10
5583;54918;4;13729;2
5584;54920;27449;2;22
5585;54942;11;4994;8
5586;54950;20;2747;10
5587;54960;83;662;14
5588;54974;8;6871;6
5589;54980;8;6872;4
5590;54984;9161;6;18
5591;55002;31;1774;8
5592;55010;107;514;12
5593;55022;31;1774;28
5594;55050;4;13762;2
5595;55052;17;3238;6
5596;55058;27527;2;4
5597;55062;15;3670;12
5598;55074;12;4589;6
5599;55080;31;1776;24
5600;55104;9;6122;6
5601;55110;27551;2;8
5602;55118;23;2396;10
5603;55128;23;2396;20
5604;55148;22;2506;16
5605;55164;13789;4;8
5606;55172;79;698;30
5607;55202;13799;4;6
5608;55208;7;7886;6
5609;55214;5;11042;4
5610;55218;4;13804;2
5611;55220;5521;10;10
5612;55230;16;3451;14
5613;55244;71;778;6
5614;55250;20;2762;10
5615;55260;13807;4;32
5616;55292;5527;10;22
5617;55314;24;2304;18
5618;55332;5;11066;2
5619;55334;5;11066;4
5620;55338;4;13834;2
5621;55340;8;6917;4
5622;55344;6917;8;8
5623;55352;55;1006;22
5624;55374;19;2914;8
5625;55382;13841;4;18
5626;55400;61;908;12
5627;55412;43;1288;28
5628;55440;53;1046;2
5629;55442;37;1498;16
5630;55458;9241;6;12
5631;55470;4621;12;18
5632;55488;27737;2;14
5633;55502;13873;4;10
5634;55512;3083;18;18
5635;55530;19;2922;12
5636;55542;8;6942;6
5637;55548;13879;4;32
5638;55580;5557;10;10
5639;55590;6947;8;14
5640;55604;27799;2;6
5641;55610;16;3475;10
5642;55620;27809;2;2
5643;55622;13903;4;10
5644;55632;5;11126;2
5645;55634;13907;4;6
5646;55640;27809;2;22
5647;55662;4;13915;2
5648;55664;5;11132;4
5649;55668;9277;6;6
5650;55674;13;4282;8
5651;55682;6959;8;10
5652;55692;9281;6;6
5653;55698;13921;4;14
5654;55712;7;7958;6
5655;55718;89;626;4
5656;55722;15;3714;12
5657;55734;33;1688;30
5658;55764;30;1858;24
5659;55788;9;6198;6
5660;55794;12;4649;6
5661;55800;11;5072;8
5662;55808;27901;2;6
5663;55814;5;11162;4
5664;55818;4;13954;2
5665;55820;8;6977;4
5666;55824;7;7974;6
5667;55830;13;4294;8
5668;55838;7;7976;6
5669;55844;27919;2;6
5670;55850;34;1642;22
5671;55872;29;1926;18
5672;55890;27941;2;8
5673;55898;27947;2;4
5674;55902;4;13975;2
5675;55904;27943;2;18
5676;55922;7;7988;6
5677;55928;11;5084;4
5678;55932;5;11186;2
5679;55934;73;766;16
5680;55950;59;948;18
5681;55968;71;788;20
5682;55988;13;4306;10
5683;55998;8;6999;6
5684;56004;9;6222;6
5685;56010;36;1555;30
5686;56040;28019;2;2
5687;56042;13;4310;12
5688;56054;109;514;28
5689;56082;12;4673;6
5690;56088;13;4314;6
5691;56094;8;7011;6
5692;56100;7;8014;2
5693;56102;71;790;12
5694;56114;7013;8;10
5695;56124;14029;4;8
5696;56132;28057;2;18
5697;56150;14033;4;18
5698;56168;19;2956;4
5699;56172;19;2956;8
5700;56180;28081;2;18
5701;56198;11;5108;10
5702;56208;157;358;2
5703;56210;4013;14;28
5704;56238;4;14059;2
5705;56240;5623;10;10
5706;56250;17;3308;14
5707;56264;5;11252;4
5708;56268;7;8038;2
5709;56270;37;1520;30
5710;56300;16;3518;12
5711;56312;26;2165;22
5712;56334;28;2011;26
5713;56360;14;4025;10
5714;56370;28181;2;8
5715;56378;17;3316;6
5716;56384;71;794;10
5717;56394;11;5126;8
5718;56402;22;2563;16
5719;56418;59;956;14
5720;56432;89;634;6
5721;56438;8;7054;6
5722;56444;14;4031;10
5723;56454;17;3320;14
5724;56468;7;8066;6
5725;56474;5;11294;4
5726;56478;4;14119;2
5727;56480;5647;10;10
5728;56490;9413;6;12
5729;56502;4;14125;2
5730;56504;13;4346;6
5731;56510;20;2825;10
5732;56520;16;3532;8
5733;56528;13;4348;4
5734;56532;5;11306;2
5735;56534;13;4348;10
5736;56544;77;734;26
5737;56570;67;844;22
5738;56592;9431;6;6
5739;56598;4;14149;2
5740;56600;14;4042;12
5741;56612;28297;2;18
5742;56630;23;2462;4
5743;56634;29;1952;26
5744;56660;8;7082;4
5745;56664;16;3541;8
5746;56672;41;1382;10
5747;56682;12;4723;6
5748;56688;43;1318;14
5749;56702;14173;4;10
5750;56712;5;11342;2
5751;56714;19;2984;18
5752;56732;113;502;6
5753;56738;14;4052;10
5754;56748;28;2026;20
5755;56768;101;562;6
5756;56774;8;7096;6
5757;56780;8;7097;4
5758;56784;30;1892;24
5759;56808;28403;2;2
5760;56810;28403;2;4
5761;56814;28403;2;8
5762;56822;8;7102;6
5763;56828;28;2029;16
5764;56844;5683;10;14
5765;56858;97;586;16
5766;56874;23;2472;18
5767;56892;5;11378;2
5768;56894;5;11378;4
5769;56898;19;2994;12
5770;56910;4;14227;2
5771;56912;23;2474;10
5772;56922;4;14230;2
5773;56924;149;382;6
5774;56930;149;382;12
5775;56942;43;1324;10
5776;56952;9491;6;6
5777;56958;7;8136;6
5778;56964;3559;16;20
5779;56984;31;1838;6
5780;56990;28493;2;4
5781;56994;9;6332;6
5782;57000;1499;38;38
5783;57038;28517;2;4
5784;57042;7;8148;6
5785;57048;14;4074;12
5786;57060;22;2593;14
5787;57074;5;11414;4
5788;57078;9511;6;12
5789;57090;28541;2;8
5790;57098;16;3568;10
5791;57108;13;4392;12
5792;57120;4759;12;12
5793;57132;14281;4;8
5794;57140;8;7142;4
5795;57144;89;642;6
5796;57150;16;3571;14
5797;57164;17;3362;10
5798;57174;8;7146;6
5799;57180;16;3573;12
5800;57192;5;11438;2
5801;57194;16;3574;10
5802;57204;27;2118;18
5803;57222;4;14305;2
5804;57224;28603;2;18
5805;57242;14;4088;10
5806;57252;11;5204;8
5807;57260;25;2290;10
5808;57270;4;14317;2
5809;57272;14;4090;12
5810;57284;5;11456;4
5811;57288;4091;14;14
5812;57302;4091;14;28
5813;57330;4;14332;2
5814;57332;23;2492;16
5815;57348;53;1082;2
5816;57350;22;2606;18
5817;57368;23;2494;6
5818;57374;14341;4;10
5819;57384;73;786;6
5820;57390;13;4414;8
5821;57398;26;2207;16
5822;57414;20;2870;14
5823;57428;2609;22;30
5824;57458;43;1336;10
5825;57468;43;1336;20
5826;57488;41;1402;6
5827;57494;14;4106;10
5828;57504;30;1916;24
5829;57528;7;8218;2
5830;57530;28751;2;28
5831;57558;4;14389;2
5832;57560;14387;4;12
5833;57572;14389;4;16
5834;57588;7;8226;6
5835;57594;28793;2;8
5836;57602;107;538;36
5837;57638;28817;2;4
5838;57642;28817;2;8
5839;57650;19;3034;4
5840;57654;20;2882;14
5841;57668;7207;8;12
5842;57680;73;790;10
5843;57690;151;382;8
5844;57698;28843;2;12
5845;57710;11;5246;4
5846;57714;7;8244;6
5847;57720;16;3607;8
5848;57728;14431;4;4
5849;57732;9;6414;6
5850;57738;14431;4;14
5851;57752;23;2510;22
5852;57774;17;3398;8
5853;57782;8;7222;6
5854;57788;8;7223;4
5855;57792;5;11558;2
5856;57794;31;1864;10
5857;57804;9;6422;6
5858;57810;5779;10;20
5859;57830;14;4130;10
5860;57840;7229;8;8
5861;57848;28921;2;6
5862;57854;7;8264;6
5863;57860;121;478;22
5864;57882;24;2411;18
5865;57900;28949;2;2
5866;57902;103;562;16
5867;57918;8;7239;6
5868;57924;22;2632;20
5869;57944;5;11588;4
5870;57948;28961;2;26
5871;57974;5;11594;4
5872;57978;43;1348;14
5873;57992;31;1870;22
5874;58014;16;3625;14
5875;58028;8;7253;4
5876;58032;15;3868;12
5877;58044;17;3414;6
5878;58050;29021;2;8
5879;58058;29027;2;4
5880;58062;8;7257;6
5881;58068;9677;6;6
5882;58074;32;1814;26
5883;58100;37;1570;10
5884;58110;4;14527;2
5885;58112;31;1874;18
5886;58130;32;1816;18
5887;58148;8;7268;4
5888;58152;5;11630;2
5889;58154;41;1418;16
5890;58170;4;14542;2
5891;58172;29077;2;18
5892;58190;47;1238;4
5893;58194;12;4849;6
5894;58200;16;3637;8
5895;58208;14551;4;4
5896;58212;89;654;6
5897;58218;89;654;12
5898;58230;4;14557;2
5899;58232;7;8318;6
5900;58238;8;7279;6
5901;58244;38;1532;28
5902;58272;2647;22;38
5903;58310;29153;2;4
5904;58314;29153;2;8
5905;58322;29153;2;16
5906;58338;37;1576;26
5907;58364;5;11672;4
5908;58368;7;8338;2
5909;58370;20;2918;10
5910;58380;16;3648;12
5911;58392;5;11678;2
5912;58394;16;3649;10
5913;58404;13;4492;8
5914;58412;19;3074;6
5915;58418;14;4172;10
5916;58428;16;3651;12
5917;58440;61;958;2
5918;58442;11;5312;10
5919;58452;5;11690;2
5920;58454;5843;10;24
5921;58478;13;4498;4
5922;58482;4871;12;30
5923;58512;29243;2;26
5924;58538;14633;4;6
5925;58544;29269;2;6
5926;58550;14633;4;18
5927;58568;7;8366;6
5928;58574;8;7321;6
5929;58580;23;2546;22
5930;58602;4;14650;2
5931;58604;29297;2;10
5932;58614;19;3084;18
5933;58632;29303;2;26
5934;58658;29327;2;4
5935;58662;27;2172;18
5936;58680;16;3667;8
5937;58688;13;4514;6
5938;58694;7;8384;6
5939;58700;14;4192;12
5940;58712;22;2668;16
5941;58728;9787;6;6
5942;58734;29363;2;8
5943;58742;29363;2;16
5944;58758;8;7344;6
5945;58764;37;1588;8
5946;58772;37;1588;16
5947;58788;7;8398;2
5948;58790;76;773;42
5949;58832;29387;2;58
5950;58890;59;998;8
5951;58898;11;5354;4
5952;58902;8;7362;6
5953;58908;29453;2;2
5954;58910;29453;2;4
5955;58914;29453;2;8
5956;58922;29453;2;16
5957;58938;9;6548;6
5958;58944;14731;4;20
5959;58964;5;11792;4
5960;58968;17;3468;12
5961;58980;13;4536;12
5962;58992;9;6554;6
5963;58998;18;3277;12
5964;59010;4;14752;2
5965;59012;29501;2;10
5966;59022;4;14755;2
5967;59024;23;2566;6
5968;59030;32;1844;22
5969;59052;5;11810;2
5970;59054;29;2036;10
5971;59064;9;6562;6
5972;59070;29531;2;8
5973;59078;8;7384;6
5974;59084;29537;2;10
5975;59094;20;2954;14
5976;59108;29;2038;6
5977;59114;7;8444;6
5978;59120;14779;4;4
5979;59124;9851;6;18
5980;59142;29567;2;8
5981;59150;20;2957;10
5982;59160;16;3697;8
5983;59168;3697;16;16
5984;59184;61;970;14
5985;59198;14797;4;10
5986;59208;7;8458;2
5987;59210;16;3700;10
5988;59220;29;2042;2
5989;59222;31;1910;12
5990;59234;13;4556;6
5991;59240;59;1004;4
5992;59244;22;2692;20
5993;59264;13;4558;10
5994;59274;29633;2;8
5995;59282;5923;10;52
5996;59334;29663;2;8
5997;59342;13;4564;10
5998;59352;7;8478;6
5999;59358;4;14839;2
6000;59360;25;2374;10
6001;59370;67;886;8
6002;59378;41;1448;10
6003;59388;9;6598;6
6004;59394;7;8484;6
6005;59400;16;3712;8
6006;59408;17;3494;10
6007;59418;4;14854;2
6008;59420;34;1747;22
6009;59442;4;14860;2
6010;59444;5;11888;4
6011;59448;9907;6;6
6012;59454;16;3715;14
6013;59468;8;7433;4
6014;59472;5;11894;2
6015;59474;25;2378;24
6016;59498;14;4249;12
6017;59510;29753;2;4
6018;59514;32;1859;26
6019;59540;29761;2;18
6020;59558;11;5414;4
6021;59562;7;8508;6
6022;59568;22;2707;14
6023;59582;32;1861;30
6024;59612;29803;2;6
6025;59618;41;1454;4
6026;59622;8;7452;6
6027;59628;7;8518;2
6028;59630;7451;8;22
6029;59652;13;4588;8
6030;59660;8;7457;4
6031;59664;61;978;6
6032;59670;4;14917;2
6033;59672;25;2386;22
6034;59694;8;7461;6
6035;59700;14923;4;8
6036;59708;14923;4;16
6037;59724;37;1614;6
6038;59730;14929;4;14
6039;59744;5;11948;4
6040;59748;9;6638;6
6041;59754;19;3144;18
6042;59772;67;892;8
6043;59780;31;1928;12
6044;59792;167;358;6
6045;59798;167;358;12
6046;59810;167;358;24
6047;59834;14951;4;30
6048;59864;7481;8;16
6049;59880;16;3742;8
6050;59888;29927;2;34
6051;59922;29;2066;8
6052;59930;34;1762;22
6053;59952;97;618;6
6054;59958;59;1016;14
6055;59972;14;4283;10
6056;59982;19;3156;18
6057;60000;89;674;14
6058;60014;5;12002;4
6059;60018;73;822;12
6060;60030;30011;2;8
6061;60038;13;4618;4
6062;60042;73;822;36
6063;60078;8;7509;6
6064;60084;17;3534;6
6065;60090;4;15022;2
6066;60092;11;5462;10
6067;60102;4;15025;2
6068;60104;5;12020;4
6069;60108;28;2146;20
6070;60128;23;2614;6
6071;60134;8;7516;6
6072;60140;14;4295;10
6073;60150;13;4626;12
6074;60162;9;6684;6
6075;60168;67;898;2
6076;60170;70;859;40
6077;60210;31;1942;8
6078;60218;15053;4;6
6079;60224;101;596;28
6080;60252;9;6694;6
6081;60258;4;15064;2
6082;60260;17;3544;12
6083;60272;47;1282;18
6084;60290;43;1402;4
6085;60294;30;2009;24
6086;60318;16;3769;14
6087;60332;7;8618;6
6088;60338;15083;4;6
6089;60344;97;622;10
6090;60354;97;622;20
6091;60374;15091;4;10
6092;60384;6037;10;14
6093;60398;19;3178;16
6094;60414;16;3775;14
6095;60428;22;2746;16
6096;60444;7;8634;6
6097;60450;47;1286;8
6098;60458;30211;2;36
6099;60494;5;12098;4
6100;60498;17;3558;12
6101;60510;18;3361;12
6102;60522;9;6724;6
6103;60528;18;3362;12
6104;60540;115;526;50
6105;60590;14;4327;12
6106;60602;15149;4;6
6107;60608;109;556;4
6108;60612;7;8658;6
6109;60618;12;5051;6
6110;60624;7577;8;8
6111;60632;30313;2;6
6112;60638;23;2636;10
6113;60648;30323;2;2
6114;60650;16;3790;10
6115;60660;13;4666;2
6116;60662;15161;4;18
6117;60680;6067;10;10
6118;60690;22;2758;14
6119;60704;3793;16;16
6120;60720;7589;8;8
6121;60728;97;626;6
6122;60734;5;12146;4
6123;60738;4337;14;20
6124;60758;37;1642;4
6125;60762;4;15190;2
6126;60764;37;1642;10
6127;60774;8;7596;6
6128;60780;23;2642;14
6129;60794;71;856;18
6130;60812;14;4343;10
6131;60822;58;1048;38
6132;60860;25;2434;10
6133;60870;22;2766;18
6134;60888;7;8698;2
6135;60890;16;3805;10
6136;60900;30449;2;2
6137;60902;6089;10;12
6138;60914;5;12182;4
6139;60918;4;15229;2
6140;60920;97;628;4
6141;60924;6091;10;14
6142;60938;15233;4;6
6143;60944;30467;2;10
6144;60954;31;1966;8
6145;60962;83;734;40
6146;61002;12;5083;6
6147;61008;79;772;20
6148;61028;8;7628;4
6149;61032;15;4068;12
6150;61044;15259;4;8
6151;61052;131;466;6
6152;61058;1907;32;34
6153;61092;15271;4;8
6154;61100;30539;2;22
6155;61122;30557;2;8
6156;61130;30559;2;12
6157;61142;17;3596;10
6158;61152;5;12230;2
6159;61154;22;2779;16
6160;61170;54;1132;42
6161;61212;15;4080;12
6162;61224;16;3826;8
6163;61232;6121;10;22
6164;61254;113;542;8
6165;61262;40;1531;22
6166;61284;15319;4;8
6167;61292;30643;2;6
6168;61298;56;1094;34
6169;61332;5;12266;2
6170;61334;8;7666;6
6171;61340;8;7667;4
6172;61344;6133;10;14
6173;61358;8;7669;6
6174;61364;28;2191;16
6175;61380;30689;2;2
6176;61382;26;2360;22
6177;61404;9;6822;6
6178;61410;11;5582;8
6179;61418;30697;2;24
6180;61442;37;1660;22
6181;61464;10243;6;6
6182;61470;4;15367;2
6183;61472;14;4390;12
6184;61484;5;12296;4
6185;61488;10247;6;6
6186;61494;20;3074;14
6187;61508;8;7688;4
6188;61512;16;3844;8
6189;61520;7687;8;24
6190;61544;5;12308;4
6191;61548;9;6838;6
6192;61554;12;5129;6
6193;61560;7;8794;2
6194;61562;34;1810;22
6195;61584;15391;4;20
6196;61604;19;3242;6
6197;61610;30803;2;4
6198;61614;16;3850;14
6199;61628;8;7703;4
6200;61632;10271;6;6
6201;61638;8;7704;6
6202;61644;19;3244;8
6203;61652;13;4742;6
6204;61658;16;3853;10
6205;61668;43;1434;6
6206;61674;11;5606;8
6207;61682;17;3628;6
6208;61688;26;2372;16
6209;61704;31;1990;14
6210;61718;7;8816;6
6211;61724;30859;2;6
6212;61730;15427;4;22
6213;61752;41;1506;6
6214;61758;10289;6;24
6215;61782;38;1625;32
6216;61814;8;7726;6
6217;61820;26;2377;18
6218;61838;8;7729;6
6219;61844;19;3254;18
6220;61862;14;4418;10
6221;61872;11;5624;8
6222;61880;50;1237;30
6223;61910;15473;4;18
6224;61928;7;8846;6
6225;61934;83;746;16
6226;61950;18;3441;12
6227;61962;9;6884;6
6228;61968;18;3442;12
6229;61980;7;8854;2
6230;61982;8;7747;6
6231;61988;8;7748;4
6232;61992;15;4132;12
6233;62004;11;5636;8
6234;62012;7;8858;6
6235;62018;44;1409;22
6236;62040;16;3877;8
6237;62048;67;926;6
6238;62054;5;12410;4
6239;62058;15511;4;14
6240;62072;11;5642;10
6241;62082;24;2586;18
6242;62100;32;1940;20
6243;62120;6211;10;10
6244;62130;4;15532;2
6245;62132;31063;2;6
6246;62138;47;1322;4
6247;62142;4;15535;2
6248;62144;53;1172;28
6249;62172;27;2302;18
6250;62190;4;15547;2
6251;62192;31091;2;10
6252;62202;12;5183;6
6253;62208;7;8886;6
6254;62214;8;7776;6
6255;62220;19;3274;14
6256;62234;121;514;40
6257;62274;25;2490;24
6258;62298;4;15574;2
6259;62300;8;7787;4
6260;62304;13;4792;8
6261;62312;14;4450;12
6262;62324;5;12464;4
6263;62328;37;1684;20
6264;62348;8;7793;4
6265;62352;38;1640;32
6266;62384;31183;2;18
6267;62402;31193;2;16
6268;62418;7;8916;6
6269;62424;1733;36;36
6270;62460;13;4804;8
6271;62468;31231;2;6
6272;62474;5;12494;4
6273;62478;8;7809;6
6274;62484;6247;10;14
6275;62498;31247;2;4
6276;62502;7;8928;6
6277;62508;4463;14;26
6278;62534;8;7816;6
6279;62540;13;4810;10
6280;62550;7817;8;14
6281;62564;22;2843;18
6282;62582;15643;4;10
6283;62592;9;6954;6
6284;62598;8;7824;6
6285;62604;22;2845;14
6286;62618;13;4816;10
6287;62628;7;8946;6
6288;62634;12;5219;6
6289;62640;173;362;14
6290;62654;8;7831;6
6291;62660;28;2237;24
6292;62684;5;12536;4
6293;62688;31337;2;14
6294;62702;40;1567;22
6295;62724;15679;4;8
6296;62732;14;4480;12
6297;62744;14;4481;10
6298;62754;137;458;8
6299;62762;25;2510;12
6300;62774;29;2164;18
6301;62792;31391;2;10
6302;62802;24;2616;18
6303;62820;41;1532;8
6304;62828;28;2243;24
6305;62852;13;4834;10
6306;62862;11;5714;8
6307;62870;17;3698;4
6308;62874;25;2514;24
6309;62898;9;6988;6
6310;62904;47;1338;18
6311;62922;7;8988;6
6312;62928;73;862;2
6313;62930;11;5720;10
6314;62940;45;1398;30
6315;62970;4;15742;2
6316;62972;31481;2;10
6317;62982;4;15745;2
6318;62984;5;12596;4
6319;62988;7;8998;2
6320;62990;50;1259;40
6321;63030;4;15757;2
6322;63032;38;1658;28
6323;63060;11;5732;8
6324;63068;31531;2;6
6325;63074;15767;4;6
6326;63080;31531;2;18
6327;63098;15773;4;6
6328;63104;31547;2;10
6329;63114;20;3155;14
6330;63128;43;1468;4
6331;63132;67;942;18
6332;63150;40;1578;30
6333;63180;22;2871;18
6334;63198;4;15799;2
6335;63200;15797;4;12
6336;63212;4513;14;30
6337;63242;15809;4;6
6338;63248;73;866;30
6339;63278;17;3722;4
6340;63282;24;2636;18
6341;63300;18;3516;12
6342;63312;5;12662;2
6343;63314;5;12662;4
6344;63318;41;1544;14
6345;63332;31663;2;6
6346;63338;16;3958;10
6347;63348;9;7038;6
6348;63354;19;3334;8
6349;63362;47;1348;6
6350;63368;79;802;10
6351;63378;59;1074;12
6352;63390;4;15847;2
6353;63392;41;1546;6
6354;63398;41;1546;12
6355;63410;20;3170;10
6356;63420;37;1714;2
6357;63422;22;2882;18
6358;63440;15859;4;4
6359;63444;32;1982;20
6360;63464;5;12692;4
6361;63468;7;9066;6
6362;63474;19;3340;14
6363;63488;31741;2;6
6364;63494;8;7936;6
6365;63500;34;1867;22
6366;63522;12;5293;6
6367;63528;9;7058;6
6368;63534;23;2762;8
6369;63542;15881;4;18
6370;63560;31771;2;18
6371;63578;16;3973;10
6372;63588;31793;2;2
6373;63590;11;5780;10
6374;63600;31799;2;2
6375;63602;13;4892;6
6376;63608;15901;4;4
6377;63612;10601;6;6
6378;63618;10601;6;12
6379;63630;19;3348;18
6380;63648;11;5786;2
6381;63650;20;3182;10
6382;63660;15913;4;8
6383;63668;8;7958;4
6384;63672;103;618;18
6385;63690;4;15922;2
6386;63692;7;9098;6
6387;63698;15923;4;6
6388;63704;31849;2;6
6389;63710;13;4900;10
6390;63720;11;5792;8
6391;63728;31859;2;10
6392;63738;12;5311;6
6393;63744;19;3354;18
6394;63762;15;4250;12
6395;63774;31883;2;8
6396;63782;14;4555;12
6397;63794;37;1724;6
6398;63800;41;1556;4
6399;63804;7;9114;6
6400;63810;41;1556;14
6401;63824;32;1994;16
6402;63840;59;1082;2
6403;63842;13;4910;12
6404;63854;5;12770;4
6405;63858;12;5321;6
6406;63864;47;1358;38
6407;63902;7;9128;6
6408;63908;89;718;6
6409;63914;43;1486;16
6410;63930;22;2905;20
6411;63950;31;2062;28
6412;63978;113;566;20
6413;63998;17;3764;10
6414;64008;10667;6;6
6415;64014;7;9144;6
6416;64020;32003;2;14
6417;64034;5;12806;4
6418;64038;52;1231;26
6419;64064;5;12812;4
6420;64068;32027;2;14
6421;64082;8009;8;10
6422;64092;59;1086;18
6423;64110;16;4006;14
6424;64124;32;2003;28
6425;64152;5;12830;2
6426;64154;5;12830;4
6427;64158;16;4009;14
6428;64172;43;1492;16
6429;64188;67;958;2
6430;64190;4583;14;28
6431;64218;12;5351;6
6432;64224;23;2792;8
6433;64232;17;3778;6
6434;64238;2293;28;34
6435;64272;29;2216;8
6436;64280;16069;4;4
6437;64284;10711;6;18
6438;64302;4;16075;2
6439;64304;28;2296;16
6440;64320;8039;8;8
6441;64328;29;2218;6
6442;64334;61;1054;40
6443;64374;32183;2;8
6444;64382;16091;4;18
6445;64400;17;3788;4
6446;64404;10729;6;30
6447;64434;7;9204;6
6448;64440;13;4956;12
6449;64452;5;12890;2
6450;64454;8053;8;30
6451;64484;103;626;6
6452;64490;13;4960;10
6453;64500;19;3394;14
6454;64514;32237;2;40
6455;64554;20;3227;14
6456;64568;13;4966;10
6457;64578;4;16144;2
6458;64580;14;4612;12
6459;64592;14;4613;10
6460;64602;32297;2;8
6461;64610;32303;2;4
6462;64614;32303;2;8
6463;64622;8;8077;6
6464;64628;79;818;6
6465;64634;32303;2;28
6466;64662;4;16165;2
6467;64664;5;12932;4
6468;64668;16;4041;12
6469;64680;31;2086;14
6470;64694;73;886;16
6471;64710;11;5882;8
6472;64718;52;1244;30
6473;64748;16183;4;16
6474;64764;22;2943;18
6475;64782;4;16195;2
6476;64784;139;466;10
6477;64794;24;2699;18
6478;64812;7;9258;6
6479;64818;58;1117;32
6480;64850;32423;2;4
6481;64854;36;1801;18
6482;64872;19;3414;6
6483;64878;4;16219;2
6484;64880;16217;4;12
6485;64892;32441;2;10
6486;64902;5407;12;18
6487;64920;7;9274;2
6488;64922;16229;4;6
6489;64928;14;4637;10
6490;64938;16231;4;14
6491;64952;32467;2;18
6492;64970;38;1709;28
6493;64998;8;8124;6
6494;65004;16249;4;8
6495;65012;16249;4;16
6496;65028;13;5002;2
6497;65030;13;5002;4
6498;65034;32507;2;20
6499;65054;14;4646;10
6500;65064;16;4066;8
6501;65072;22;2957;18
6502;65090;20;3254;10
6503;65100;11;5918;2
6504;65102;16273;4;10
6505;65112;13;5008;8
6506;65120;73;892;4
6507;65124;10853;6;6
6508;65130;10853;6;12
6509;65142;8;8142;6
6510;65148;28;2326;20
6511;65168;11;5924;4
6512;65172;5;13034;2
6513;65174;8;8146;6
6514;65180;8;8147;4
6515;65184;22;2962;20
6516;65204;37;1762;10
6517;65214;43;1516;26
6518;65240;32611;2;18
6519;65258;16;4078;10
6520;65268;32633;2;2
6521;65270;22;2966;18
6522;65288;7;9326;6
6523;65294;127;514;16
6524;65310;16;4081;14
6525;65324;5;13064;4
6526;65328;103;634;26
6527;65354;5;13070;4
6528;65358;16;4084;14
6529;65372;11;5942;10
6530;65382;15;4358;12
6531;65394;20;3269;14
6532;65408;53;1234;6
6533;65414;7;9344;6
6534;65420;8;8177;4
6535;65424;31;2110;14
6536;65438;11;5948;10
6537;65448;43;1522;2
6538;65450;3271;20;30
6539;65480;71;922;18
6540;65498;16369;4;22
6541;65520;17;3854;2
6542;65522;4679;14;16
6543;65538;4;16384;2
6544;65540;8;8192;4
6545;65544;16;4096;8
6546;65552;13;5042;6
6547;65558;8;8194;6
6548;65564;28;2341;16
6549;65580;32789;2;2
6550;65582;7;9368;6
6551;65588;14;4684;12
6552;65600;14;4685;10
6553;65610;32801;2;8
6554;65618;32803;2;12
6555;65630;11;5966;4
6556;65634;17;3860;14
6557;65648;16411;4;4
6558;65652;7;9378;6
6559;65658;37;1774;20
6560;65678;16417;4;10
6561;65688;13;5052;12
6562;65700;107;614;2
6563;65702;8;8212;6
6564;65708;7;9386;6
6565;65714;5;13142;4
6566;65718;4;16429;2
6567;65720;6571;10;10
6568;65730;4;16432;2
6569;65732;38;1729;30
6570;65762;71;926;16
6571;65778;97;678;12
6572;65790;6577;10;20
6573;65810;32;2056;18
6574;65828;8;8228;4
6575;65832;9;7314;6
6576;65838;4;16459;2
6577;65840;109;604;4
6578;65844;109;604;8
6579;65852;109;604;16
6580;65868;19;3466;14
6581;65882;8233;8;18
6582;65900;32939;2;22
6583;65922;9;7324;6
6584;65928;7;9418;2
6585;65930;16477;4;22
6586;65952;29;2274;6
6587;65958;8;8244;6
6588;65964;29;2274;18
6589;65982;4;16495;2
6590;65984;32987;2;10
6591;65994;10993;6;36
6592;66030;11;6002;8
6593;66038;137;482;4
6594;66042;12;5503;6
6595;66048;34;1942;20
6596;66068;8;8258;4
6597;66072;15;4404;12
6598;66084;9;7342;6
6599;66090;16519;4;14
6600;66104;5;13220;4
6601;66108;33053;2;2
6602;66110;37;1786;28
6603;66138;3673;18;24
6604;66162;11;6014;8
6605;66170;33083;2;4
6606;66174;8;8271;6
6607;66180;18;3676;12
6608;66192;11027;6;30
6609;66222;27;2452;18
6610;66240;2069;32;32
6611;66272;25;2650;22
6612;66294;11;6026;8
6613;66302;1949;34;36
6614;66338;7;9476;6
6615;66344;5;13268;4
6616;66348;16;4146;12
6617;66360;33179;2;2
6618;66362;25;2654;12
6619;66374;5;13274;4
6620;66378;12;5531;6
6621;66384;47;1412;20
6622;66404;89;746;10
6623;66414;22;3018;18
6624;66432;11069;6;18
6625;66450;139;478;8
6626;66458;37;1796;6
6627;66464;5;13292;4
6628;66468;28;2373;24
6629;66492;11;6044;8
6630;66500;61;1090;10
6631;66510;16;4156;14
6632;66524;79;842;6
6633;66530;29;2294;4
6634;66534;29;2294;8
6635;66542;6653;10;12
6636;66554;17;3914;16
6637;66570;4;16642;2
6638;66572;28;2377;16
6639;66588;9;7398;6
6640;66594;13;5122;8
6641;66602;26;2561;16
6642;66618;17;3918;12
6643;66630;22;3028;14
6644;66644;33317;2;10
6645;66654;32;2082;30
6646;66684;59;1130;14
6647;66698;33347;2;4
6648;66702;13;5130;12
6649;66714;33353;2;8
6650;66722;14;4765;12
6651;66734;8;8341;6
6652;66740;6673;10;10
6653;66750;4;16687;2
6654;66752;20;3337;12
6655;66764;43;1552;28
6656;66792;11131;6;6
6657;66798;11131;6;12
6658;66810;18;3711;12
6659;66822;127;526;20
6660;66842;16;4177;10
6661;66852;5;13370;2
6662;66854;17;3932;10
6663;66864;25;2674;14
6664;66878;8;8359;6
6665;66884;7;9554;6
6666;66890;3343;20;30
6667;66920;16729;4;4
6668;66924;16729;4;8
6669;66932;14;4780;12
6670;66944;5;13388;4
6671;66948;11;6086;2
6672;66950;20;3347;10
6673;66960;17;3938;14
6674;66974;5;13394;4
6675;66978;8369;8;26
6676;67004;33493;2;18
6677;67022;6701;10;12
6678;67034;16;4189;10
6679;67044;11173;6;6
6680;67050;33521;2;8
6681;67058;13;5158;4
6682;67062;15;4470;12
6683;67074;9;7452;6
6684;67080;33;2032;24
6685;67104;3727;18;18
6686;67122;23;2918;8
6687;67130;16;4195;10
6688;67140;33569;2;2
6689;67142;14;4795;12
6690;67154;5;13430;4
6691;67158;19;3534;12
6692;67170;13;5166;12
6693;67182;8;8397;6
6694;67188;7;9598;2
6695;67190;32;2099;22
6696;67212;5;13442;2
6697;67214;5;13442;4
6698;67218;4;16804;2
6699;67220;31;2168;12
6700;67232;4201;16;16
6701;67248;33617;2;14
6702;67262;17;3956;10
6703;67272;5;13454;2
6704;67274;33629;2;16
6705;67290;24;2803;18
6706;67308;44;1529;32
6707;67340;8;8417;4
6708;67344;9;7482;6
6709;67350;6733;10;20
6710;67370;113;596;22
6711;67392;8423;8;8
6712;67400;23;2930;10
6713;67410;4;16852;2
6714;67412;67;1006;10
6715;67422;8;8427;6
6716;67428;33713;2;2
6717;67430;33713;2;4
6718;67434;20;3371;14
6719;67448;33721;2;6
6720;67454;55;1226;24
6721;67478;11;6134;4
6722;67482;11;6134;8
6723;67490;41;1646;4
6724;67494;8;8436;6
6725;67500;16;4218;12
6726;67512;15;4500;12
6727;67524;16879;4;8
6728;67532;19;3554;6
6729;67538;23;2936;10
6730;67548;14;4824;12
6731;67560;16;4222;8
6732;67568;17;3974;10
6733;67578;4;16894;2
6734;67580;29;2330;10
6735;67590;14;4827;12
6736;67602;12;5633;6
6737;67608;43;1572;12
6738;67620;18;3756;12
6739;67632;16903;4;20
6740;67652;79;856;28
6741;67680;34;1990;20
6742;67700;14;4835;10
6743;67710;16;4231;14
6744;67724;33857;2;10
6745;67734;33863;2;8
6746;67742;14;4838;10
6747;67752;7;9678;6
6748;67758;4;16939;2
6749;67760;13;5212;4
6750;67764;25;2710;14
6751;67778;16943;4;6
6752;67784;33889;2;6
6753;67790;33889;2;12
6754;67802;17;3988;6
6755;67808;17;3988;12
6756;67820;6781;10;10
6757;67830;28;2422;14
6758;67844;13;5218;10
6759;67854;16;4240;14
6760;67868;16963;4;16
6761;67884;71;956;8
6762;67892;33941;2;10
6763;67902;71;956;26
6764;67928;16981;4;4
6765;67932;5;13586;2
6766;67934;7;9704;6
6767;67940;8;8492;4
6768;67944;6793;10;14
6769;67958;61;1114;4
6770;67962;7;9708;6
6771;67968;14;4854;12
6772;67980;16993;4;8
6773;67988;19;3578;6
6774;67994;52;1307;30
6775;68024;37;1838;18
6776;68042;6803;10;12
6777;68054;8;8506;6
6778;68060;16;4253;12
6779;68072;47;1448;16
6780;68088;18;3782;12
6781;68100;24;2837;12
6782;68112;5;13622;2
6783;68114;59;1154;28
6784;68142;8;8517;6
6785;68148;19;3586;14
6786;68162;14;4868;10
6787;68172;51;1336;36
6788;68208;67;1018;2
6789;68210;67;1018;4
6790;68214;7;9744;6
6791;68220;17053;4;8
6792;68228;8527;8;12
6793;68240;23;2966;22
6794;68262;22;3102;18
6795;68280;7;9754;2
6796;68282;113;604;30
6797;68312;34147;2;18
6798;68330;17077;4;22
6799;68352;22;3106;20
6800;68372;22;3107;18
6801;68390;13;5260;10
6802;68400;133;514;38
6803;68438;7;9776;6
6804;68444;5;13688;4
6805;68448;7;9778;2
6806;68450;34213;2;24
6807;68474;5;13694;4
6808;68478;8;8559;6
6809;68484;101;678;6
6810;68490;4;17122;2
6811;68492;97;706;10
6812;68502;8;8562;6
6813;68508;23;2978;14
6814;68522;16;4282;10
6815;68532;37;1852;8
6816;68540;8;8567;4
6817;68544;30;2284;24
6818;68568;151;454;14
6819;68582;34283;2;16
6820;68598;8573;8;14
6821;68612;38;1805;22
6822;68634;7;9804;6
6823;68640;47;1460;20
6824;68660;25;2746;10
6825;68670;16;4291;14
6826;68684;5;13736;4
6827;68688;59;1164;12
6828;68700;16;4293;12
6829;68712;5;13742;2
6830;68714;49;1402;16
6831;68730;34361;2;8
6832;68738;17183;4;6
6833;68744;34369;2;6
6834;68750;17183;4;18
6835;68768;17191;4;4
6836;68772;73;942;6
6837;68778;17191;4;14
6838;68792;23;2990;22
6839;68814;8;8601;6
6840;68820;19;3622;2
6841;68822;76;905;42
6842;68864;26;2648;16
6843;68880;34439;2;2
6844;68882;8609;8;10
6845;68892;9;7654;6
6846;68898;4;17224;2
6847;68900;8;8612;4
6848;68904;11483;6;6
6849;68910;47;1466;8
6850;68918;14;4922;10
6851;68928;23;2996;20
6852;68948;19;3628;16
6853;68964;11489;6;30
6854;68994;17;4058;8
6855;69002;11;6272;10
6856;69012;13;5308;8
6857;69020;67;1030;10
6858;69030;4;17257;2
6859;69032;34501;2;30
6860;69062;8;8632;6
6861;69068;7;9866;6
6862;69074;34519;2;36
6863;69110;20;3455;10
6864;69120;53;1304;8
6865;69128;53;1304;16
6866;69144;9;7682;6
6867;69150;4;17287;2
6868;69152;20;3457;12
6869;69164;29;2384;28
6870;69192;5;13838;2
6871;69194;5;13838;4
6872;69198;8;8649;6
6873;69204;26;2661;18
6874;69222;15;4614;12
6875;69234;9;7692;6
6876;69240;16;4327;8
6877;69248;13;5326;10
6878;69258;4;17314;2
6879;69260;8;8657;4
6880;69264;34607;2;50
6881;69314;5;13862;4
6882;69318;34649;2;20
6883;69338;34667;2;4
6884;69342;32;2166;30
6885;69372;17341;4;8
6886;69380;8;8672;4
6887;69384;31;2238;6
6888;69390;31;2238;12
6889;69402;4;17350;2
6890;69404;3469;20;24
6891;69428;8;8678;4
6892;69432;16;4339;8
6893;69440;103;674;18
6894;69458;97;716;6
6895;69464;5;13892;4
6896;69468;9;7718;6
6897;69474;47;1478;8
6898;69482;13;5344;10
6899;69492;5;13898;2
6900;69494;5;13898;4
6901;69498;4;17374;2
6902;69500;46;1510;40
6903;69540;11587;6;18
6904;69558;11587;6;36
6905;69594;31;2244;30
6906;69624;42;1657;30
6907;69654;97;718;8
6908;69662;97;718;16
6909;69678;16;4354;14
6910;69692;34843;2;6
6911;69698;34843;2;12
6912;69710;34841;2;28
6913;69738;4;17434;2
6914;69740;3169;22;22
6915;69762;4;17440;2
6916;69764;5;13952;4
6917;69768;5813;12;12
6918;69780;31;2250;30
6919;69810;11633;6;12
6920;69822;8;8727;6
6921;69828;34913;2;2
6922;69830;34913;2;4
6923;69834;20;3491;14
6924;69848;34919;2;10
6925;69858;4;17464;2
6926;69860;47;1486;18
6927;69878;32;2183;22
6928;69900;13;5376;12
6929;69912;22;3177;18
6930;69930;4;17482;2
6931;69932;34961;2;10
6932;69942;5827;12;18
6933;69960;8741;8;32
6934;69992;7;9998;6
6935;69998;79;886;4
6936;70002;4;17500;2
6937;70004;31;2258;6
6938;70010;14;5000;10
6939;70020;25;2800;20
6940;70040;14;5002;12
6941;70052;14;5003;10
6942;70062;7;10008;6
6943;70068;14;5004;12
6944;70080;31;2260;20
6945;70100;8761;8;12
6946;70112;35053;2;6
6947;70118;11;6374;4
6948;70122;4;17530;2
6949;70124;17;4124;16
6950;70140;35069;2;2
6951;70142;5009;14;16
6952;70158;8;8769;6
6953;70164;23;3050;14
6954;70178;13;5398;4
6955;70182;4;17545;2
6956;70184;28;2506;16
6957;70200;35099;2;2
6958;70202;7;10028;6
6959;70208;41;1712;16
6960;70224;9;7802;6
6961;70230;35111;2;8
6962;70238;35117;2;4
6963;70242;35117;2;8
6964;70250;97;724;22
6965;70272;27;2602;18
6966;70290;35141;2;8
6967;70298;113;622;12
6968;70310;35153;2;4
6969;70314;35153;2;8
6970;70322;17579;4;6
6971;70328;26;2704;24
6972;70352;26;2705;22
6973;70374;8;8796;6
6974;70380;7;10054;2
6975;70382;31;2270;12
6976;70394;49;1436;30
6977;70424;137;514;6
6978;70430;14;5030;10
6979;70440;5869;12;12
6980;70452;59;1194;6
6981;70458;4;17614;2
6982;70460;41;1718;22
6983;70482;7;10068;6
6984;70488;13;5422;2
6985;70490;131;538;12
6986;70502;8;8812;6
6987;70508;26;2711;22
6988;70530;37;1906;8
6989;70538;179;394;12
6990;70550;29;2432;22
6991;70572;5;14114;2
6992;70574;13;5428;10
6993;70584;9;7842;6
6994;70590;5881;12;18
6995;70608;18;3922;12
6996;70620;17;4154;2
6997;70622;7;10088;6
6998;70628;13;5432;12
6999;70640;35311;2;18
7000;70658;17;4156;6
7001;70664;5;14132;4
7002;70668;8831;8;20
7003;70688;89;794;22
7004;70710;23;3074;8
7005;70718;35353;2;12
7006;70730;35353;2;24
7007;70754;113;626;16
7008;70770;19;3724;14
7009;70784;11;6434;10
7010;70794;5897;12;30
7011;70824;11801;6;18
7012;70842;4;17710;2
7013;70844;35419;2;6
7014;70850;35423;2;4
7015;70854;20;3542;14
7016;70868;71;998;10
7017;70878;4;17719;2
7018;70880;14;5062;12
7019;70892;14;5063;10
7020;70902;15;4726;12
7021;70914;12;5909;6
7022;70920;59;1202;2
7023;70922;22;3223;16
7024;70938;11821;6;12
7025;70950;4;17737;2
7026;70952;19;3734;6
7027;70958;19;3734;12
7028;70970;16;4435;10
7029;70980;23;3086;2
7030;70982;11;6452;10
7031;70992;11831;6;6
7032;70998;4;17749;2
7033;71000;17747;4;12
7034;71012;20;3550;12
7035;71024;28;2536;16
7036;71040;53;1340;20
7037;71060;14;5075;10
7038;71070;13;5466;12
7039;71082;35537;2;8
7040;71090;34;2090;30
7041;71120;13;5470;10
7042;71130;23;3092;14
7043;71144;5;14228;4
7044;71148;71;1002;6
7045;71154;35573;2;8
7046;71162;17789;4;6
7047;71168;17791;4;4
7048;71172;4447;16;20
7049;71192;19;3746;18
7050;71210;35593;2;24
7051;71234;5;14246;4
7052;71238;18;3957;12
7053;71250;179;398;8
7054;71258;23;3098;4
7055;71262;4;17815;2
7056;71264;26;2740;24
7057;71288;29;2458;6
7058;71294;7127;10;24
7059;71318;17827;4;10
7060;71328;19;3754;2
7061;71330;19;3754;4
7062;71334;8;8916;6
7063;71340;53;1346;2
7064;71342;8;8917;6
7065;71348;35671;2;6
7066;71354;17837;4;6
7067;71360;17839;4;4
7068;71364;29;2460;24
7069;71388;7;10198;2
7070;71390;20;3569;10
7071;71400;18;3966;12
7072;71412;5;14282;2
7073;71414;8;8926;6
7074;71420;37;1930;10
7075;71430;13;5494;8
7076;71438;8;8929;6
7077;71444;11;6494;10
7078;71454;5953;12;18
7079;71472;5;14294;2
7080;71474;17;4204;6
7081;71480;107;668;4
7082;71484;8933;8;20
7083;71504;40;1787;24
7084;71528;35759;2;10
7085;71538;13;5502;12
7086;71550;4;17887;2
7087;71552;14;5110;12
7088;71564;37;1934;6
7089;71570;83;862;24
7090;71594;5;14318;4
7091;71598;11927;6;36
7092;71634;20;3581;14
7093;71648;22;3256;16
7094;71664;13;5512;8
7095;71672;25;2866;22
7096;71694;8;8961;6
7097;71700;17923;4;8
7098;71708;8;8963;4
7099;71712;5;14342;2
7100;71714;7;10244;6
7101;71720;3259;22;22
7102;71742;47;1526;20
7103;71762;29;2474;16
7104;71778;18;3987;12
7105;71790;5981;12;18
7106;71808;7;10258;2
7107;71810;35899;2;12
7108;71822;23;3122;16
7109;71838;8;8979;6
7110;71844;9;7982;6
7111;71850;13;5526;12
7112;71862;8;8982;6
7113;71868;16;4491;12
7114;71880;83;866;2
7115;71882;7;10268;6
7116;71888;14;5134;12
7117;71900;13;5530;10
7118;71910;35951;2;8
7119;71918;35951;2;16
7120;71934;35963;2;8
7121;71942;8;8992;6
7122;71948;28;2569;16
7123;71964;17989;4;8
7124;71972;14;5140;12
7125;71984;5;14396;4
7126;71988;9;7998;6
7127;71994;7;10284;6
7128;72000;59;1220;20
7129;72020;9001;8;12
7130;72032;13;5540;12
7131;72044;5;14408;4
7132;72048;12007;6;6
7133;72054;36017;2;20
7134;72074;5;14414;4
7135;72078;12011;6;12
7136;72090;4;18022;2
7137;72092;23;3134;10
7138;72102;4;18025;2
7139;72104;13;5546;6
7140;72110;34;2120;30
7141;72140;107;674;22
7142;72162;7;10308;6
7143;72168;36083;2;2
7144;72170;36083;2;4
7145;72174;71;1016;38
7146;72212;13;5554;10
7147;72222;4;18055;2
7148;72224;5;14444;4
7149;72228;7;10318;2
7150;72230;4513;16;22
7151;72252;5;14450;2
7152;72254;19;3802;16
7153;72270;4;18067;2
7154;72272;23;3142;6
7155;72278;14;5162;10
7156;72288;28;2581;20
7157;72308;36151;2;6
7158;72314;7229;10;24
7159;72338;59;1226;4
7160;72342;15;4822;12
7161;72354;20;3617;14
7162;72368;18089;4;12
7163;72380;8;9047;4
7164;72384;61;1186;38
7165;72422;43;1684;10
7166;72432;33;2194;30
7167;72462;8;9057;6
7168;72468;19;3814;2
7169;72470;36229;2;12
7170;72482;7247;10;12
7171;72494;5;14498;4
7172;72498;7;10356;6
7173;72504;47;1542;30
7174;72534;20;3626;14
7175;72548;8;9068;4
7176;72552;16;4534;8
7177;72560;19;3818;18
7178;72578;38;1909;36
7179;72614;5;14522;4
7180;72618;9;8068;6
7181;72624;28;2593;20
7182;72644;5;14528;4
7183;72648;7;10378;2
7184;72650;36319;2;12
7185;72662;41;1772;10
7186;72672;5;14534;2
7187;72674;37;1964;6
7188;72680;13;5590;10
7189;72690;12113;6;12
7190;72702;8;9087;6
7191;72708;13;5592;12
7192;72720;61;1192;8
7193;72728;13;5594;6
7194;72734;8;9091;6
7195;72740;28;2597;24
7196;72764;5;14552;4
7197;72768;54;1347;30
7198;72798;36389;2;20
7199;72818;109;668;6
7200;72824;62;1174;36
7201;72860;25;2914;10
7202;72870;4;18217;2
7203;72872;20;3643;12
7204;72884;13;5606;6
7205;72890;11;6626;4
7206;72894;11;6626;8
7207;72902;8;9112;6
7208;72908;8;9113;4
7209;72912;15;4860;12
7210;72924;18229;4;8
7211;72932;7;10418;6
7212;72938;14;5209;12
7213;72950;36473;2;4
7214;72954;12;6079;6
7215;72960;36473;2;14
7216;72974;5;14594;4
7217;72978;36479;2;20
7218;72998;36493;2;12
7219;73010;173;422;4
7220;73014;8;9126;6
7221;73020;23;3174;18
7222;73038;4;18259;2
7223;73040;19;3844;4
7224;73044;4057;18;18
7225;73062;4;18265;2
7226;73064;23;3176;16
7227;73080;6089;12;12
7228;73092;33;2214;30
7229;73122;9;8124;6
7230;73128;7;10446;6
7231;73134;36563;2;8
7232;73142;36551;2;40
7233;73182;36587;2;8
7234;73190;36571;2;48
7235;73238;8;9154;6
7236;73244;18307;4;16
7237;73260;26;2817;18
7238;73278;16;4579;14
7239;73292;16;4580;12
7240;73304;67;1094;6
7241;73310;73;1004;18
7242;73328;23;3188;4
7243;73332;29;2528;20
7244;73352;36671;2;10
7245;73362;4;18340;2
7246;73364;43;1706;6
7247;73370;14;5240;10
7248;73380;13;5644;8
7249;73388;43;1706;30
7250;73418;11;6674;4
7251;73422;15;4894;12
7252;73434;22;3337;20
7253;73454;8;9181;6
7254;73460;9181;8;12
7255;73472;109;674;6
7256;73478;7;10496;6
7257;73484;50;1469;34
7258;73518;8;9189;6
7259;73524;12253;6;6
7260;73530;24;3063;18
7261;73548;7;10506;6
7262;73554;11;6686;8
7263;73562;16;4597;10
7264;73572;15;4904;12
7265;73584;12263;6;6
7266;73590;36791;2;8
7267;73598;18397;4;10
7268;73608;13;5662;2
7269;73610;13;5662;4
7270;73614;30;2453;24
7271;73638;8;9204;6
7272;73644;41;1796;8
7273;73652;37;1990;22
7274;73674;7;10524;6
7275;73680;11;6698;2
7276;73682;53;1390;12
7277;73694;8;9211;6
7278;73700;7369;10;10
7279;73710;71;1038;12
7280;73722;12;6143;6
7281;73728;37;1992;24
7282;73752;9;8194;6
7283;73758;16;4609;14
7284;73772;16;4610;12
7285;73784;103;716;36
7286;73820;8;9227;4
7287;73824;25;2952;24
7288;73848;36923;2;2
7289;73850;13;5680;10
7290;73860;37;1996;8
7291;73868;36929;2;10
7292;73878;8;9234;6
7293;73884;83;890;14
7294;73898;16;4618;10
7295;73908;44;1679;32
7296;73940;8;9242;4
7297;73944;16;4621;8
7298;73952;11;6722;10
7299;73962;15;4930;12
7300;73974;28;2641;26
7301;74000;71;1042;18
7302;74018;23;3218;4
7303;74022;8;9252;6
7304;74028;22;3364;20
7305;74048;107;692;4
7306;74052;28;2644;20
7307;74072;29;2554;6
7308;74078;19;3898;16
7309;74094;7;10584;6
7310;74100;37049;2;2
7311;74102;47;1576;30
7312;74132;17;4360;12
7313;74144;19;3902;6
7314;74150;11;6740;10
7315;74160;7;10594;2
7316;74162;18539;4;6
7317;74168;14;5297;10
7318;74178;47;1578;12
7319;74190;29;2558;8
7320;74198;37097;2;4
7321;74202;4;18550;2
7322;74204;23;3226;6
7323;74210;14;5300;10
7324;74220;16;4638;12
7325;74232;3373;22;26
7326;74258;67;1108;22
7327;74280;11;6752;8
7328;74288;13;5714;6
7329;74294;5;14858;4
7330;74298;28;2653;14
7331;74312;53;1402;6
7332;74318;7;10616;6
7333;74324;121;614;30
7334;74354;5;14870;4
7335;74358;8;9294;6
7336;74364;25;2974;14
7337;74378;41;1814;4
7338;74382;4;18595;2
7339;74384;29;2564;28
7340;74412;5;14882;2
7341;74414;8;9301;6
7342;74420;37199;2;22
7343;74442;37217;2;8
7344;74450;37223;2;4
7345;74454;6203;12;18
7346;74472;12409;6;18
7347;74490;24;3103;18
7348;74508;37253;2;2
7349;74510;193;386;12
7350;74522;13;5732;6
7351;74528;31;2404;4
7352;74532;4657;16;20
7353;74552;13;5734;10
7354;74562;9;8284;6
7355;74568;17;4386;6
7356;74574;16;4660;14
7357;74588;14;5327;10
7358;74598;31;2406;12
7359;74610;4;18652;2
7360;74612;20;3730;12
7361;74624;38;1963;30
7362;74654;35;2132;34
7363;74688;14;5334;12
7364;74700;71;1052;8
7365;74708;41;1822;6
7366;74714;5;14942;4
7367;74718;4;18679;2
7368;74720;31;2410;10
7369;74730;4;18682;2
7370;74732;18679;4;16
7371;74748;16;4671;12
7372;74760;37379;2;2
7373;74762;16;4672;10
7374;74772;18691;4;8
7375;74780;29;2578;18
7376;74798;49;1526;24
7377;74822;7;10688;6
7378;74828;8;9353;4
7379;74832;15;4988;12
7380;74844;35;2138;14
7381;74858;13;5758;4
7382;74862;13;5758;8
7383;74870;11;6806;4
7384;74874;19;3940;14
7385;74888;97;772;4
7386;74892;7;10698;6
7387;74898;12;6241;6
7388;74904;97;772;20
7389;74924;47;1594;6
7390;74930;37463;2;4
7391;74934;37463;2;8
7392;74942;18731;4;18
7393;74960;61;1228;52
7394;75012;5;15002;2
7395;75014;5;15002;4
7396;75018;18;4167;12
7397;75030;37511;2;8
7398;75038;37517;2;4
7399;75042;68;1103;38
7400;75080;137;548;4
7401;75084;37529;2;26
7402;75110;3413;22;24
7403;75134;23;3266;16
7404;75150;14;5367;12
7405;75162;12;6263;6
7406;75168;7;10738;2
7407;75170;37579;2;12
7408;75182;7517;10;12
7409;75194;37589;2;16
7410;75210;4;18802;2
7411;75212;31;2426;6
7412;75218;18803;4;6
7413;75224;5;15044;4
7414;75228;16;4701;12
7415;75240;29;2594;14
7416;75254;37619;2;16
7417;75270;11;6842;8
7418;75278;37633;2;12
7419;75290;97;776;18
7420;75308;28;2689;16
7421;75324;12553;6;6
7422;75330;13;5794;8
7423;75338;11;6848;10
7424;75348;29;2598;6
7425;75354;20;3767;14
7426;75368;41;1838;10
7427;75378;18;4187;12
7428;75390;4;18847;2
7429;75392;37691;2;10
7430;75402;4;18850;2
7431;75404;5;15080;4
7432;75408;27;2792;24
7433;75432;13;5802;6
7434;75438;61;1236;42
7435;75480;32;2358;24
7436;75504;9437;8;8
7437;75512;14;5393;10
7438;75522;7;10788;6
7439;75528;41;1842;6
7440;75534;8;9441;6
7441;75540;179;422;2
7442;75542;13;5810;12
7443;75554;5;15110;4
7444;75558;19;3976;14
7445;75572;37783;2;6
7446;75578;7;10796;6
7447;75584;52;1453;28
7448;75612;12601;6;6
7449;75618;4;18904;2
7450;75620;7561;10;10
7451;75630;18;4201;12
7452;75642;15;5042;12
7453;75654;8;9456;6
7454;75660;31;2440;20
7455;75680;18919;4;4
7456;75684;12613;6;6
7457;75690;18919;4;14
7458;75704;5;15140;4
7459;75708;37853;2;2
7460;75710;14;5407;12
7461;75722;13;5824;10
7462;75732;15;5048;12
7463;75744;30;2524;24
7464;75768;9;8418;6
7465;75774;43;1762;8
7466;75782;8;9472;6
7467;75788;7;10826;6
7468;75794;5;15158;4
7469;75798;73;1038;24
7470;75822;14;5415;12
7471;75834;37907;2;20
7472;75854;5417;14;16
7473;75870;16;4741;14
7474;75884;34;2231;30
7475;75914;53;1432;18
7476;75932;37963;2;6
7477;75938;37967;2;4
7478;75942;18979;4;26
7479;75968;17;4468;12
7480;75980;8;9497;4
7481;75984;7;10854;6
7482;75990;4;18997;2
7483;75992;37993;2;6
7484;75998;37997;2;4
7485;76002;4;19000;2
7486;76004;9497;8;28
7487;76032;13;5848;8
7488;76040;50;1520;40
7489;76080;38039;2;2
7490;76082;37;2056;10
7491;76092;23;3308;8
7492;76100;8;9512;4
7493;76104;23;3308;20
7494;76124;7;10874;6
7495;76130;67;1136;18
7496;76148;38069;2;10
7497;76158;4;19039;2
7498;76160;79;964;4
7499;76164;55;1384;44
7500;76208;7;10886;6
7501;76214;43;1772;18
7502;76232;20;3811;12
7503;76244;38119;2;6
7504;76250;67;1138;4
7505;76254;8;9531;6
7506;76260;7;10894;2
7507;76262;40;1906;22
7508;76284;12713;6;6
7509;76290;19069;4;14
7510;76304;3467;22;30
7511;76334;19081;4;10
7512;76344;30;2544;24
7513;76368;38183;2;2
7514;76370;20;3818;10
7515;76380;61;1252;8
7516;76388;61;1252;16
7517;76404;29;2634;18
7518;76422;4;19105;2
7519;76424;22;3473;18
7520;76442;3821;20;22
7521;76464;19;4024;8
7522;76472;38231;2;10
7523;76482;12;6373;6
7524;76488;7;10926;6
7525;76494;16;4780;14
7526;76508;8;9563;4
7527;76512;73;1048;8
7528;76520;29;2638;18
7529;76538;17;4502;4
7530;76542;4;19135;2
7531;76544;83;922;18
7532;76562;23;3328;18
7533;76580;38281;2;18
7534;76598;8;9574;6
7535;76604;5;15320;4
7536;76608;3191;24;24
7537;76632;113;678;18
7538;76650;4;19162;2
7539;76652;17;4508;16
7540;76668;9;8518;6
7541;76674;12;6389;6
7542;76680;4259;18;18
7543;76698;5477;14;20
7544;76718;38351;2;16
7545;76734;22;3487;20
7546;76754;5;15350;4
7547;76758;53;1448;14
7548;76772;131;586;6
7549;76778;23;3338;4
7550;76782;5483;14;20
7551;76802;4799;16;18
7552;76820;7681;10;10
7553;76830;4;19207;2
7554;76832;107;718;6
7555;76838;19207;4;10
7556;76848;33;2328;24
7557;76872;5;15374;2
7558;76874;16;4804;10
7559;76884;28;2745;24
7560;76908;7;10986;6
7561;76914;12;6409;6
7562;76920;27;2848;24
7563;76944;12823;6;6
7564;76950;12823;6;12
7565;76962;4;19240;2
7566;76964;59;1304;28
7567;76992;15;5132;12
7568;77004;7699;10;14
7569;77018;13;5924;6
7570;77024;97;794;6
7571;77030;97;794;12
7572;77042;19259;4;6
7573;77048;38;2027;22
7574;77070;18;4281;12
7575;77082;14;5505;12
7576;77094;38543;2;8
7577;77102;62;1243;36
7578;77138;38567;2;4
7579;77142;15;5142;12
7580;77154;19;4060;14
7581;77168;101;764;4
7582;77172;32;2411;20
7583;77192;14;5513;10
7584;77202;15;5146;12
7585;77214;30;2573;24
7586;77238;4;19309;2
7587;77240;19309;4;4
7588;77244;7;11034;6
7589;77250;14;5517;12
7590;77262;4;19315;2
7591;77264;5;15452;4
7592;77268;7;11038;2
7593;77270;20;3863;10
7594;77280;47;1644;12
7595;77292;5519;14;26
7596;77318;8;9664;6
7597;77324;22;3514;16
7598;77340;19333;4;8
7599;77348;8;9668;4
7600;77352;16;4834;8
7601;77360;13;5950;10
7602;77370;47;1646;8
7603;77378;23;3364;6
7604;77384;35;2210;34
7605;77418;4;19354;2
7606;77420;16;4838;12
7607;77432;9677;8;16
7608;77448;48;1613;24
7609;77472;12911;6;6
7610;77478;4;19369;2
7611;77480;61;1270;10
7612;77490;4;19372;2
7613;77492;38737;2;18
7614;77510;11;7046;4
7615;77514;11;7046;8
7616;77522;19379;4;6
7617;77528;9689;8;16
7618;77544;12923;6;6
7619;77550;4;19387;2
7620;77552;7;11078;6
7621;77558;8;9694;6
7622;77564;13;5966;6
7623;77570;38783;2;4
7624;77574;20;3878;14
7625;77588;8;9698;4
7626;77592;22;3526;20
7627;77612;38803;2;6
7628;77618;151;514;4
7629;77622;23;3374;20
7630;77642;13;5972;6
7631;77648;13;5972;12
7632;77660;3529;22;22
7633;77682;12;6473;6
7634;77688;7;11098;2
7635;77690;16;4855;10
7636;77700;13;5976;12
7637;77712;5;15542;2
7638;77714;19427;4;6
7639;77720;19429;4;4
7640;77724;19429;4;8
7641;77732;20;3886;12
7642;77744;5;15548;4
7643;77748;38867;2;14
7644;77762;25;3110;12
7645;77774;19441;4;10
7646;77784;22;3535;14
7647;77798;97;802;4
7648;77802;15;5186;12
7649;77814;19447;4;26
7650;77840;43;1810;10
7651;77850;22;3538;14
7652;77864;5;15572;4
7653;77868;38921;2;26
7654;77894;8;9736;6
7655;77900;65;1198;30
7656;77930;47;1658;4
7657;77934;43;1812;18
7658;77952;31;2514;18
7659;77970;17;4586;8
7660;77978;101;772;6
7661;77984;22;3544;16
7662;78000;9749;8;8
7663;78008;59;1322;10
7664;78018;19501;4;14
7665;78032;14;5573;10
7666;78042;11;7094;8
7667;78050;20;3902;10
7668;78060;40;1951;20
7669;78080;31;2518;22
7670;78102;39041;2;20
7671;78122;49;1594;16
7672;78138;4;19534;2
7673;78140;22;3551;18
7674;78158;8;9769;6
7675;78164;5;15632;4
7676;78168;7;11166;6
7677;78174;8;9771;6
7678;78180;24;3257;12
7679;78192;5;15638;2
7680;78194;29;2696;10
7681;78204;39089;2;26
7682;78230;39113;2;4
7683;78234;39113;2;8
7684;78242;4889;16;18
7685;78260;19;4118;18
7686;78278;8;9784;6
7687;78284;39133;2;18
7688;78302;8;9787;6
7689;78308;8;9788;4
7690;78312;31;2526;6
7691;78318;13049;6;24
7692;78342;8;9792;6
7693;78348;9791;8;20
7694;78368;53;1478;34
7695;78402;97;808;26
7696;78428;39209;2;10
7697;78438;4;19609;2
7698;78440;19603;4;28
7699;78468;14;5604;12
7700;78480;17;4616;8
7701;78488;39239;2;10
7702;78498;103;762;12
7703;78510;4;19627;2
7704;78512;17;4618;6
7705;78518;32;2453;22
7706;78540;107;734;2
7707;78542;7853;10;12
7708;78554;107;734;16
7709;78570;4;19642;2
7710;78572;163;482;6
7711;78578;13;6044;6
7712;78584;17;4622;10
7713;78594;20;3929;14
7714;78608;32;2456;16
7715;78624;43;1828;20
7716;78644;7;11234;6
7717;78650;39323;2;4
7718;78654;62;1268;38
7719;78692;39343;2;6
7720;78698;16;4918;10
7721;78708;13;6054;6
7722;78714;23;3422;8
7723;78722;23;3422;16
7724;78738;72;1093;42
7725;78780;7;11254;2
7726;78782;8;9847;6
7727;78788;8;9848;4
7728;78792;9;8754;6
7729;78798;7;11256;6
7730;78804;23;3426;6
7731;78810;19699;4;14
7732;78824;9851;8;16
7733;78840;22;3583;14
7734;78854;5;15770;4
7735;78858;39419;2;20
7736;78878;19717;4;10
7737;78888;39443;2;2
7738;78890;39443;2;4
7739;78894;39443;2;8
7740;78902;26;3034;18
7741;78920;13;6070;10
7742;78930;14;5637;12
7743;78942;13151;6;36
7744;78978;4;19744;2
7745;78980;53;1490;10
7746;78990;43;1836;42
7747;79032;11;7184;8
7748;79040;19759;4;4
7749;79044;22;3592;20
7750;79064;26;3040;24
7751;79088;28;2824;16
7752;79104;9887;8;8
7753;79112;55;1438;22
7754;79134;7;11304;6
7755;79140;73;1084;8
7756;79148;8;9893;4
7757;79152;5;15830;2
7758;79154;47;1684;6
7759;79160;39569;2;22
7760;79182;8;9897;6
7761;79188;9;8798;6
7762;79194;17;4658;8
7763;79202;31;2554;28
7764;79230;4;19807;2
7765;79232;11;7202;10
7766;79242;24;3301;18
7767;79260;39623;2;14
7768;79274;7;11324;6
7769;79280;19819;4;4
7770;79284;22;3603;18
7771;79302;41;1934;8
7772;79310;13;6100;10
7773;79320;19;4174;14
7774;79334;5;15866;4
7775;79338;13;6102;12
7776;79350;39671;2;8
7777;79358;83;956;10
7778;79368;17;4668;12
7779;79380;5669;14;14
7780;79394;5;15878;4
7781;79398;4;19849;2
7782;79400;89;892;12
7783;79412;20;3970;12
7784;79424;5;15884;4
7785;79428;7;11346;6
7786;79434;24;3309;18
7787;79452;31;2562;30
7788;79482;15;5298;12
7789;79494;52;1528;38
7790;79532;17;4678;6
7791;79538;17;4678;12
7792;79550;20;3977;10
7793;79560;39779;2;2
7794;79562;61;1304;18
7795;79580;73;1090;10
7796;79590;18;4421;12
7797;79602;17;4682;8
7798;79610;53;1502;4
7799;79614;53;1502;8
7800;79622;8;9952;6
7801;79628;8;9953;4
7802;79632;5;15926;2
7803;79634;38;2095;24
7804;79658;14;5689;12
7805;79670;19913;4;18
7806;79688;11;7244;4
7807;79692;5;15938;2
7808;79694;5;15938;4
7809;79698;4;19924;2
7810;79700;39821;2;58
7811;79758;13291;6;12
7812;79770;19;4198;8
7813;79778;39877;2;24
7814;79802;16;4987;10
7815;79812;5;15962;2
7816;79814;5;15962;4
7817;79818;9;8868;6
7818;79824;53;1506;6
7819;79830;53;1506;12
7820;79842;4;19960;2
7821;79844;5;15968;4
7822;79848;179;446;14
7823;79862;7;11408;6
7824;79868;73;1094;6
7825;79874;39929;2;16
7826;79890;13313;6;12
7827;79902;4;19975;2
7828;79904;5;15980;4
7829;79908;38;2102;32
7830;79940;8;9992;4
7831;79944;27;2960;24
7832;79968;13327;6;6
7833;79974;7;11424;6
7834;79980;19993;4;8
7835;79988;39989;2;10
7836;79998;4;19999;2
7837;80000;39989;2;22
7838;80022;59;1356;18
7839;80040;13;6156;12
7840;80052;32;2501;20
7841;80072;7;11438;6
7842;80078;5003;16;30
7843;80108;8;10013;4
7844;80112;54;1483;30
7845;80142;7;11448;6
7846;80148;11;7286;2
7847;80150;11;7286;4
7848;80154;20;4007;14
7849;80168;149;538;6
7850;80174;5;16034;4
7851;80178;28;2863;14
7852;80192;5011;16;16
7853;80208;7;11458;2
7854;80210;40099;2;12
7855;80222;11;7292;10
7856;80232;5;16046;2
7857;80234;31;2588;6
7858;80240;31;2588;12
7859;80252;16;5015;12
7860;80264;40127;2;10
7861;80274;12;6689;6
7862;80280;16;5017;8
7863;80288;67;1198;22
7864;80310;40151;2;8
7865;80318;40153;2;12
7866;80330;14;5737;12
7867;80342;8;10042;6
7868;80348;19;4228;16
7869;80364;59;1362;6
7870;80370;24;3348;18
7871;80388;5023;16;20
7872;80408;40193;2;22
7873;80430;6701;12;18
7874;80448;19;4234;2
7875;80450;20107;4;22
7876;80472;5;16094;2
7877;80474;49;1642;16
7878;80490;4;20122;2
7879;80492;26;3095;22
7880;80514;20;4025;14
7881;80528;127;634;10
7882;80538;127;634;20
7883;80558;13;6196;10
7884;80568;10067;8;32
7885;80600;20149;4;4
7886;80604;20149;4;8
7887;80612;191;422;10
7888;80622;8;10077;6
7889;80628;7;11518;2
7890;80630;32;2519;22
7891;80652;13441;6;6
7892;80658;13441;6;12
7893;80670;4;20167;2
7894;80672;53;1522;6
7895;80678;11;7334;4
7896;80682;4;20170;2
7897;80684;5;16136;4
7898;80688;19;4246;14
7899;80702;8069;10;12
7900;80714;8069;10;24
7901;80738;10091;8;10
7902;80748;47;1718;2
7903;80750;14;5767;12
7904;80762;47;1718;16
7905;80778;4;20194;2
7906;80780;8;10097;4
7907;80784;13463;6;6
7908;80790;23;3512;14
7909;80804;71;1138;6
7910;80810;16;5050;10
7911;80820;13;6216;12
7912;80832;5;16166;2
7913;80834;17;4754;16
7914;80850;28;2887;14
7915;80864;59;1370;34
7916;80898;13;6222;12
7917;80910;4;20227;2
7918;80912;7;11558;6
7919;80918;8;10114;6
7920;80924;40459;2;6
7921;80930;43;1882;4
7922;80934;23;3518;20
7923;80954;16;5059;10
7924;80964;143;566;26
7925;80990;19;4262;12
7926;81002;13;6230;12
7927;81014;5;16202;4
7928;81018;4;20254;2
7929;81020;8;10127;4
7930;81024;13;6232;8
7931;81032;17;4766;10
7932;81042;4;20260;2
7933;81044;5;16208;4
7934;81048;7;11578;2
7935;81050;47;1724;22
7936;81072;59;1374;6
7937;81078;8;10134;6
7938;81084;22;3685;14
7939;81098;13;6238;4
7940;81102;29;2796;18
7941;81120;18;4506;12
7942;81132;107;758;26
7943;81158;8;10144;6
7944;81164;40577;2;10
7945;81174;40583;2;8
7946;81182;40583;2;16
7947;81198;4;20299;2
7948;81200;53;1532;4
7949;81204;32;2537;20
7950;81224;14;5801;10
7951;81234;7;11604;6
7952;81240;78;1041;42
7953;81282;4;20320;2
7954;81284;40637;2;10
7955;81294;8;10161;6
7956;81300;20323;4;8
7957;81308;28;2903;24
7958;81332;19;4280;12
7959;81344;67;1214;6
7960;81350;89;914;4
7961;81354;12;6779;6
7962;81360;6779;12;12
7963;81372;5;16274;2
7964;81374;89;914;28
7965;81402;40697;2;8
7966;81410;40699;2;12
7967;81422;47;1732;18
7968;81440;22;3701;18
7969;81458;7;11636;6
7970;81464;40709;2;46
7971;81510;40751;2;8
7972;81518;14;5822;10
7973;81528;7;11646;6
7974;81534;16;5095;14
7975;81548;8;10193;4
7976;81552;5;16310;2
7977;81554;19;4292;6
7978;81560;20389;4;4
7979;81564;9;9062;6
7980;81570;43;1896;42
7981;81612;23;3548;8
7982;81620;8161;10;10
7983;81630;37;2206;8
7984;81638;20407;4;10
7985;81648;40823;2;2
7986;81650;32;2551;18
7987;81668;8;10208;4
7988;81672;9;9074;6
7989;81678;13;6282;12
7990;81690;13613;6;12
7991;81702;4;20425;2
7992;81704;5;16340;4
7993;81708;10211;8;20
7994;81728;13;6286;10
7995;81738;53;1542;12
7996;81750;18;4541;12
7997;81762;41;1994;8
7998;81770;40883;2;4
7999;81774;107;764;26
8000;81800;103;794;18
8001;81818;26;3146;22
8002;81840;53;1544;8
8003;81848;151;542;6
8004;81854;17;4814;16
8005;81870;16;5116;14
8006;81884;97;844;16
8007;81900;40949;2;2
8008;81902;22;3722;18
8009;81920;8191;10;10
8010;81930;4;20482;2
8011;81932;13;6302;6
8012;81938;20483;4;6
8013;81944;71;1154;10
8014;81954;17;4820;14
8015;81968;31;2644;4
8016;81972;5;16394;2
8017;81974;10243;8;30
8018;82004;5;16400;4
8019;82008;131;626;2
8020;82010;131;626;4
8021;82014;131;626;8
8022;82022;14;5858;10
8023;82032;7;11718;6
8024;82038;4;20509;2
8025;82040;20507;4;12
8026;82052;20509;4;16
8027;82068;9;9118;6
8028;82074;1783;46;56
8029;82130;20;4106;10
8030;82140;7;11734;2
8031;82142;43;1910;12
8032;82154;16;5134;10
8033;82164;19;4324;8
8034;82172;13;6320;12
8035;82184;17;4834;6
8036;82190;13;6322;4
8037;82194;20;4109;14
8038;82208;73;1126;10
8039;82218;4;20554;2
8040;82220;8;10277;4
8041;82224;43;1912;8
8042;82232;41113;2;6
8043;82238;41117;2;4
8044;82242;49;1678;20
8045;82262;8;10282;6
8046;82268;16;5141;12
8047;82280;3739;22;22
8048;82302;8;10287;6
8049;82308;67;1228;32
8050;82340;8233;10;10
8051;82350;4;20587;2
8052;82352;13;6334;10
8053;82362;15;5490;12
8054;82374;20;4118;14
8055;82388;17;4846;6
8056;82394;41183;2;28
8057;82422;46;1791;36
8058;82458;12;6871;6
8059;82464;9;9162;6
8060;82470;4;20617;2
8061;82472;14;5890;12
8062;82484;5;16496;4
8063;82488;59;1398;6
8064;82494;7;11784;6
8065;82500;41;2012;8
8066;82508;41243;2;22
8067;82530;4;20632;2
8068;82532;41257;2;18
8069;82550;20;4127;10
8070;82560;7;11794;2
8071;82562;20639;4;6
8072;82568;20641;4;4
8073;82572;34;2428;20
8074;82592;157;526;10
8075;82602;61;1354;8
8076;82610;103;802;4
8077;82614;8;10326;6
8078;82620;103;802;14
8079;82634;23;3592;18
8080;82652;31;2666;6
8081;82658;46;1796;42
8082;82700;67;1234;22
8083;82722;4;20680;2
8084;82724;5;16544;4
8085;82728;7;11818;2
8086;82730;41351;2;28
8087;82758;4;20689;2
8088;82760;17;4868;4
8089;82764;4597;18;18
8090;82782;8;10347;6
8091;82788;7;11826;6
8092;82794;12;6899;6
8093;82800;6899;12;12
8094;82812;5;16562;2
8095;82814;34;2435;24
8096;82838;20707;4;10
8097;82848;67;1236;36
8098;82884;19;4362;6
8099;82890;4;20722;2
8100;82892;14;5920;12
8101;82904;14;5921;10
8102;82914;52;1594;26
8103;82940;38;2182;24
8104;82964;67;1238;18
8105;82982;26;3191;16
8106;82998;7;11856;6
8107;83004;9;9222;6
8108;83010;20749;4;14
8109;83024;25;3320;24
8110;83048;20759;4;12
8111;83060;8;10382;4
8112;83064;16;5191;8
8113;83072;41;2026;6
8114;83078;41;2026;12
8115;83090;41543;2;4
8116;83094;41543;2;8
8117;83102;41543;2;16
8118;83118;41549;2;20
8119;83138;41549;2;40
8120;83178;5197;16;26
8121;83204;5;16640;4
8122;83208;18;4622;12
8123;83220;41609;2;2
8124;83222;7;11888;6
8125;83228;8;10403;4
8126;83232;5;16646;2
8127;83234;101;824;10
8128;83244;29;2870;14
8129;83258;11;7568;10
8130;83268;17;4898;2
8131;83270;17;4898;4
8132;83274;43;1936;26
8133;83300;29;2872;12
8134;83312;47;1772;28
8135;83340;41669;2;2
8136;83342;61;1366;16
8137;83358;83;1004;26
8138;83384;47;1774;6
8139;83390;11;7580;10
8140;83400;7;11914;2
8141;83402;20849;4;6
8142;83408;14;5957;10
8143;83418;7;11916;6
8144;83424;10427;8;8
8145;83432;7;11918;6
8146;83438;8;10429;6
8147;83444;41719;2;6
8148;83450;14;5960;10
8149;83460;18;4636;12
8150;83472;9;9274;6
8151;83478;41729;2;20
8152;83498;41729;2;40
8153;83538;41759;2;20
8154;83558;41777;2;4
8155;83562;4;20890;2
8156;83564;20887;4;16
8157;83580;16;5223;12
8158;83592;13931;6;6
8159;83598;13931;6;12
8160;83610;41801;2;8
8161;83618;97;862;4
8162;83622;6967;12;18
8163;83640;19;4402;2
8164;83642;8363;10;12
8165;83654;11;7604;10
8166;83664;31;2698;26
8167;83690;14;5977;12
8168;83702;41843;2;16
8169;83718;4;20929;2
8170;83720;41851;2;18
8171;83738;38;2203;24
8172;83762;25;3350;12
8173;83774;5;16754;4
8174;83778;43;1948;14
8175;83792;8377;10;22
8176;83814;41897;2;20
8177;83834;13;6448;10
8178;83844;83;1010;14
8179;83858;14;5989;12
8180;83870;19;4414;4
8181;83874;24;3494;18
8182;83892;15;5592;12
8183;83904;10487;8;8
8184;83912;13;6454;10
8185;83922;15;5594;12
8186;83934;8;10491;6
8187;83940;2797;30;30
8188;83970;139;604;14
8189;83984;5;16796;4
8190;83988;6997;12;24
8191;84012;9;9334;6
8192;84018;36;2333;30
8193;84048;7;12006;6
8194;84054;8;10506;6
8195;84060;13;6466;2
8196;84062;7;12008;6
8197;84068;42023;2;22
8198;84090;53;1586;32
8199;84122;17;4948;6
8200;84128;21031;4;4
8201;84132;7;12018;6
8202;84138;9;9348;6
8203;84144;21031;4;20
8204;84164;109;772;16
8205;84180;42089;2;2
8206;84182;11;7652;10
8207;84192;17;4952;8
8208;84200;13;6476;12
8209;84212;42101;2;10
8210;84222;4;21055;2
8211;84224;17;4954;6
8212;84230;20;4211;10
8213;84240;10529;8;8
8214;84248;10529;8;16
8215;84264;7019;12;36
8216;84300;13;6484;8
8217;84308;61;1382;6
8218;84314;5;16862;4
8219;84318;4;21079;2
8220;84320;52;1621;28
8221;84348;181;466;2
8222;84350;38;2219;28
8223;84378;18;4687;12
8224;84390;4;21097;2
8225;84392;31;2722;10
8226;84402;12;7033;6
8227;84408;42197;2;14
8228;84422;47;1796;10
8229;84432;14071;6;6
8230;84438;8;10554;6
8231;84444;9;9382;6
8232;84450;42221;2;8
8233;84458;43;1964;6
8234;84464;5;16892;4
8235;84468;42227;2;14
8236;84482;5279;16;18
8237;84500;8;10562;4
8238;84504;14083;6;6
8239;84510;14083;6;12
8240;84522;4;21130;2
8241;84524;42257;2;10
8242;84534;7043;12;18
8243;84552;16;5284;8
8244;84560;79;1070;30
8245;84590;50;1691;40
8246;84630;4;21157;2
8247;84632;42307;2;18
8248;84650;42323;2;4
8249;84654;8;10581;6
8250;84660;42323;2;14
8251;84674;22;3848;18
8252;84692;7;12098;6
8253;84698;17;4982;4
8254;84702;15;5646;12
8255;84714;9;9412;6
8256;84720;13;6516;12
8257;84732;9;9414;6
8258;84738;59;1436;14
8259;84752;14;6053;10
8260;84762;32;2648;26
8261;84788;42391;2;6
8262;84794;19;4462;16
8263;84810;4;21202;2
8264;84812;17;4988;16
8265;84828;42;2019;30
8266;84858;4;21214;2
8267;84860;25;3394;10
8268;84870;4;21217;2
8269;84872;85;998;42
8270;84914;21227;4;6
8271;84920;38;2234;28
8272;84948;42467;2;14
8273;84962;67;1268;6
8274;84968;107;794;10
8275;84978;4;21244;2
8276;84980;13;6536;12
8277;84992;42487;2;18
8278;85010;42499;2;12
8279;85022;8;10627;6
8280;85028;42509;2;10
8281;85038;37;2298;12
8282;85050;14173;6;12
8283;85062;101;842;20
8284;85082;21269;4;6
8285;85088;89;956;4
8286;85092;5;17018;2
8287;85094;89;956;10
8288;85104;13;6546;6
8289;85110;13;6546;12
8290;85122;15;5674;12
8291;85134;16;5320;14
8292;85148;16;5321;12
8293;85160;62;1373;34
8294;85194;12;7099;6
8295;85200;41;2078;2
8296;85202;14;6085;12
8297;85214;14;6086;10
8298;85224;7;12174;6
8299;85230;42611;2;8
8300;85238;7;12176;6
8301;85244;5;17048;4
8302;85248;7103;12;12
8303;85260;42611;2;38
8304;85298;21323;4;6
8305;85304;11;7754;10
8306;85314;24;3554;18
8307;85332;5;17066;2
8308;85334;34;2509;28
8309;85362;4;21340;2
8310;85364;7;12194;6
8311;85370;13;6566;12
8312;85382;47;1816;30
8313;85412;37;2308;16
8314;85428;11;7766;2
8315;85430;20;4271;10
8316;85440;59;1448;8
8317;85448;41;2084;4
8318;85452;5;17090;2
8319;85454;42719;2;16
8320;85470;7121;12;18
8321;85488;38;2249;26
8322;85514;5;17102;4
8323;85518;7;12216;6
8324;85524;21379;4;8
8325;85532;22;3887;18
8326;85550;10691;8;22
8327;85572;13;6582;6
8328;85578;22;3889;20
8329;85598;42797;2;4
8330;85602;7;12228;6
8331;85608;14;6114;12
8332;85620;13;6586;2
8333;85622;8;10702;6
8334;85628;16;5351;12
8335;85640;79;1084;4
8336;85644;67;1278;18
8337;85662;8;10707;6
8338;85668;7;12238;2
8339;85670;53;1616;22
8340;85692;14;6120;12
8341;85704;13;6592;8
8342;85712;42853;2;6
8343;85718;73;1174;16
8344;85734;36;2381;18
8345;85752;39;2198;30
8346;85782;15;5718;12
8347;85794;30;2859;24
8348;85818;4;21454;2
8349;85820;8581;10;10
8350;85830;4;21457;2
8351;85832;13;6602;6
8352;85838;8;10729;6
8353;85844;5;17168;4
8354;85848;9;9538;6
8355;85854;14303;6;36
8356;85890;28;3067;14
8357;85904;29;2962;6
8358;85910;32;2684;22
8359;85932;5;17186;2
8360;85934;3067;28;58
8361;85992;16;5374;8
8362;86000;14;6142;12
8363;86012;43003;2;6
8364;86018;13;6616;10
8365;86028;43013;2;2
8366;86030;8599;10;40
8367;86070;37;2326;8
8368;86078;7;12296;6
8369;86084;31;2776;28
8370;86112;5;17222;2
8371;86114;5;17222;4
8372;86118;47;1832;14
8373;86132;43063;2;6
8374;86138;61;1412;6
8375;86144;43063;2;18
8376;86162;11;7832;10
8377;86172;13;6628;8
8378;86180;8;10772;4
8379;86184;35;2462;14
8380;86198;71;1214;4
8381;86202;71;1214;8
8382;86210;31;2780;30
8383;86240;21559;4;4
8384;86244;9;9582;6
8385;86250;13;6634;8
8386;86258;21563;4;6
8387;86264;17;5074;6
8388;86270;21563;4;18
8389;86288;11;7844;4
8390;86292;5;17258;2
8391;86294;5;17258;4
8392;86298;22;3922;14
8393;86312;20;4315;12
8394;86324;22;3923;18
8395;86342;113;764;10
8396;86352;5;17270;2
8397;86354;5;17270;4
8398;86358;13;6642;12
8399;86370;4;21592;2
8400;86372;29;2978;10
8401;86382;19;4546;8
8402;86390;14;6170;10
8403;86400;47;1838;14
8404;86414;21601;4;10
8405;86424;14401;6;18
8406;86442;15;5762;12
8407;86454;43223;2;8
8408;86462;8;10807;6
8409;86468;139;622;10
8410;86478;16;5404;14
8411;86492;11;7862;10
8412;86502;59;1466;8
8413;86510;38;2276;22
8414;86532;5;17306;2
8415;86534;8;10816;6
8416;86540;181;478;22
8417;86562;15;5770;12
8418;86574;8;10821;6
8419;86580;23;3764;8
8420;86588;14;6184;12
8421;86600;46;1882;28
8422;86628;43313;2;2
8423;86630;43291;2;48
8424;86678;17;5098;12
8425;86690;89;974;4
8426;86694;31;2796;18
8427;86712;16;5419;8
8428;86720;13;6670;10
8429;86730;19;4564;14
8430;86744;17;5102;10
8431;86754;20;4337;14
8432;86768;109;796;4
8433;86772;15;5784;12
8434;86784;38;2283;30
8435;86814;30;2893;24
8436;86838;8;10854;6
8437;86844;17;5108;8
8438;86852;173;502;6
8439;86858;43427;2;4
8440;86862;43427;2;8
8441;86870;2713;32;54
8442;86924;5;17384;4
8443;86928;7;12418;2
8444;86930;20;4346;10
8445;86940;16;5433;12
8446;86952;11;7904;8
8447;86960;25;3478;10
8448;86970;18;4831;12
8449;86982;13;6690;12
8450;86994;24;3624;18
8451;87012;5;17402;2
8452;87014;8699;10;24
8453;87038;43517;2;4
8454;87042;43517;2;8
8455;87050;21757;4;22
8456;87072;15;5804;12
8457;87084;10883;8;20
8458;87104;5;17420;4
8459;87108;19;4584;12
8460;87120;43;2026;2
8461;87122;31;2810;12
8462;87134;43;2026;16
8463;87150;4;21787;2
8464;87152;46;1894;28
8465;87180;7;12454;2
8466;87182;8;10897;6
8467;87188;28;3113;24
8468;87212;59;1478;10
8469;87222;4;21805;2
8470;87224;21799;4;28
8471;87252;5;17450;2
8472;87254;5;17450;4
8473;87258;53;1646;20
8474;87278;11;7934;4
8475;87282;15;5818;12
8476;87294;8;10911;6
8477;87300;19;4594;14
8478;87314;5;17462;4
8479;87318;8;10914;6
8480;87324;8731;10;14
8481;87338;83;1052;22
8482;87360;36;2426;24
8483;87384;21841;4;20
8484;87404;5;17480;4
8485;87408;37;2362;14
8486;87422;7;12488;6
8487;87428;43711;2;6
8488;87434;16;5464;10
8489;87444;34;2571;30
8490;87474;101;866;8
8491;87482;11;7952;10
8492;87492;61;1434;18
8493;87510;4;21877;2
8494;87512;43753;2;6
8495;87518;8;10939;6
8496;87524;131;668;16
8497;87540;11;7958;2
8498;87542;8;10942;6
8499;87548;7;12506;6
8500;87554;5;17510;4
8501;87558;4;21889;2
8502;87560;5471;16;24
8503;87584;5;17516;4
8504;87588;43793;2;2
8505;87590;43783;2;24
8506;87614;11;7964;10
8507;87624;17;5154;6
8508;87630;4;21907;2
8509;87632;193;454;10
8510;87642;4;21910;2
8511;87644;29;3022;6
8512;87650;38;2306;22
8513;87672;16;5479;8
8514;87680;23;3812;4
8515;87684;23;3812;8
8516;87692;17;5158;6
8517;87698;163;538;4
8518;87702;7307;12;18
8519;87720;61;1438;2
8520;87722;19;4616;18
8521;87740;8;10967;4
8522;87744;11;7976;8
8523;87752;22;3988;16
8524;87768;38;2309;26
8525;87794;5;17558;4
8526;87798;8;10974;6
8527;87804;47;1868;8
8528;87812;8779;10;22
8529;87834;23;3818;20
8530;87854;37;2374;16
8531;87870;197;446;8
8532;87878;53;1658;4
8533;87882;9;9764;6
8534;87888;28;3138;24
8535;87912;7;12558;6
8536;87918;16;5494;14
8537;87932;14;6280;12
8538;87944;29;3032;16
8539;87960;13;6766;2
8540;87962;25;3518;12
8541;87974;5;17594;4
8542;87978;21991;4;14
8543;87992;43991;2;10
8544;88002;4;22000;2
8545;88004;5;17600;4
8546;88008;7333;12;12
8547;88020;4889;18;18
8548;88038;79;1114;32
8549;88070;14;6290;10
8550;88080;22;4003;14
8551;88094;8807;10;24
8552;88118;44053;2;12
8553;88130;46;1915;40
8554;88170;17;5186;8
8555;88178;56;1574;34
8556;88212;14;6300;12
8557;88224;8821;10;14
8558;88238;157;562;4
8559;88242;24;3676;18
8560;88260;44129;2;2
8561;88262;157;562;28
8562;88290;14713;6;12
8563;88302;37;2386;20
8564;88322;22079;4;6
8565;88328;44159;2;10
8566;88338;4;22084;2
8567;88340;50;1766;40
8568;88380;4909;18;18
8569;88398;16;5524;14
8570;88412;13;6800;12
8571;88424;5;17684;4
8572;88428;58;1524;36
8573;88464;23;3846;6
8574;88470;4;22117;2
8575;88472;25;3538;22
8576;88494;8;11061;6
8577;88500;151;586;14
8578;88514;13;6808;10
8579;88524;25;3540;24
8580;88548;54;1639;42
8581;88590;4;22147;2
8582;88592;32;2768;16
8583;88608;7;12658;2
8584;88610;64;1384;34
8585;88644;22159;4;8
8586;88652;127;698;6
8587;88658;19;4666;4
8588;88662;4;22165;2
8589;88664;5;17732;4
8590;88668;19;4666;14
8591;88682;41;2162;40
8592;88722;44357;2;8
8593;88730;14;6337;12
8594;88742;8;11092;6
8595;88748;41;2164;24
8596;88772;199;446;18
8597;88790;103;862;4
8598;88794;7;12684;6
8599;88800;29;3062;2
8600;88802;79;1124;6
8601;88808;149;596;4
8602;88812;5;17762;2
8603;88814;5;17762;4
8604;88818;4;22204;2
8605;88820;79;1124;24
8606;88844;44417;2;10
8607;88854;31;2866;8
8608;88862;8;11107;6
8609;88868;157;566;6
8610;88874;16;5554;10
8611;88884;8887;10;14
8612;88898;71;1252;6
8613;88904;41;2168;16
8614;88920;22;4041;18
8615;88938;22;4042;14
8616;88952;53;1678;18
8617;88970;26;3421;24
8618;88994;5;17798;4
8619;88998;8;11124;6
8620;89004;7;12714;6
8621;89010;44501;2;8
8622;89018;44507;2;4
8623;89022;44501;2;20
8624;89042;31;2872;10
8625;89052;9;9894;6
8626;89058;17;5238;12
8627;89070;4;22267;2
8628;89072;20;4453;12
8629;89084;5;17816;4
8630;89088;44537;2;14
8631;89102;7;12728;6
8632;89108;13;6854;6
8633;89114;22277;4;6
8634;89120;22279;4;4
8635;89124;19;4690;14
8636;89138;22;4051;16
8637;89154;4951;18;36
8638;89190;71;1256;14
8639;89204;103;866;6
8640;89210;13;6862;4
8641;89214;16;5575;14
8642;89228;8;11153;4
8643;89232;9;9914;6
8644;89238;14869;6;24
8645;89262;11;8114;8
8646;89270;44633;2;4
8647;89274;22;4057;20
8648;89294;13;6868;10
8649;89304;8929;10;14
8650;89318;14;6379;12
8651;89330;5581;16;34
8652;89364;89;1004;8
8653;89372;13;6874;10
8654;89382;7;12768;6
8655;89388;14897;6;6
8656;89394;9;9932;6
8657;89400;17;5258;14
8658;89414;5;17882;4
8659;89418;28;3193;14
8660;89432;17;5260;12
8661;89444;197;454;6
8662;89450;13;6880;10
8663;89460;4969;18;18
8664;89478;53;1688;14
8665;89492;44741;2;10
8666;89502;15;5966;12
8667;89514;12;7459;6
8668;89520;11;8138;2
8669;89522;7;12788;6
8670;89528;17;5266;6
8671;89534;44753;2;28
8672;89562;4;22390;2
8673;89564;5;17912;4
8674;89568;26;3444;24
8675;89592;7;12798;6
8676;89598;4;22399;2
8677;89600;13;6892;4
8678;89604;13;6892;8
8679;89612;26;3446;16
8680;89628;9;9958;6
8681;89634;37;2422;20
8682;89654;5;17930;4
8683;89658;4;22414;2
8684;89660;11;8150;10
8685;89670;4;22417;2
8686;89672;127;706;10
8687;89682;13;6898;8
8688;89690;82;1093;64
8689;89754;9;9972;6
8690;89760;13;6904;8
8691;89768;19;4724;12
8692;89780;8;11222;4
8693;89784;47;1910;14
8694;89798;44893;2;12
8695;89810;20;4490;10
8696;89820;44909;2;2
8697;89822;14;6415;12
8698;89834;17;5284;6
8699;89840;13;6910;10
8700;89850;19;4728;18
8701;89868;7487;12;24
8702;89892;71;1266;6
8703;89898;4;22474;2
8704;89900;89;1010;10
8705;89910;79;1138;8
8706;89918;8;11239;6
8707;89924;19;4732;16
8708;89940;32;2810;20
8709;89960;43;2092;4
8710;89964;25;3598;14
8711;89978;83;1084;6
8712;89984;7;12854;6
8713;89990;14;6427;12
8714;90002;149;604;6
8715;90008;22501;4;4
8716;90012;7;12858;6
8717;90018;4;22504;2
8718;90020;8;11252;4
8719;90024;16;5626;8
8720;90032;9001;10;22
8721;90054;7;12864;6
8722;90060;47;1916;8
8723;90068;8;11258;4
8724;90072;5;18014;2
8725;90074;37;2434;16
8726;90090;24;3753;18
8727;90108;107;842;14
8728;90122;13;6932;6
8729;90128;45053;2;22
8730;90150;19;4744;14
8731;90164;45077;2;10
8732;90174;16;5635;14
8733;90188;8;11273;4
8734;90192;15031;6;6
8735;90198;4;22549;2
8736;90200;22549;4;4
8737;90204;29;3110;14
8738;90218;16;5638;10
8739;90228;14;6444;12
8740;90240;11279;8;8
8741;90248;11279;8;16
8742;90264;16;5641;8
8743;90272;45131;2;10
8744;90282;45137;2;8
8745;90290;121;746;24
8746;90314;45137;2;40
8747;90354;12;7529;6
8748;90360;7529;12;12
8749;90372;5;18074;2
8750;90374;8;11296;6
8751;90380;45181;2;18
8752;90398;45197;2;4
8753;90402;4;22600;2
8754;90404;5;18080;4
8755;90408;5021;18;30
8756;90438;4;22609;2
8757;90440;9041;10;30
8758;90470;45233;2;4
8759;90474;45233;2;8
8760;90482;22;4112;18
8761;90500;11311;8;12
8762;90512;20;4525;12
8763;90524;5;18104;4
8764;90528;45263;2;2
8765;90530;45263;2;4
8766;90534;20;4526;14
8767;90548;5657;16;36
8768;90584;11321;8;16
8769;90600;31;2922;18
8770;90618;4;22654;2
8771;90620;14;6472;12
8772;90632;14;6473;10
8773;90642;7;12948;6
8774;90648;13;6972;12
8775;90660;15107;6;18
8776;90678;4;22669;2
8777;90680;22;4121;18
8778;90698;7;12956;6
8779;90704;101;898;6
8780;90710;26;3488;22
8781;90732;26;3489;18
8782;90750;46;1972;38
8783;90788;19;4778;6
8784;90794;16;5674;10
8785;90804;15131;6;18
8786;90822;4;22705;2
8787;90824;17;5342;10
8788;90834;45413;2;8
8789;90842;22709;4;6
8790;90848;28;3244;16
8791;90864;30;3028;24
8792;90888;6491;14;14
8793;90902;8;11362;6
8794;90908;8;11363;4
8795;90912;109;834;6
8796;90918;22;4132;14
8797;90932;17;5348;16
8798;90948;7577;12;24
8799;90972;15161;6;6
8800;90978;15161;6;12
8801;90990;45491;2;8
8802;90998;14;6499;12
8803;91010;13;7000;10
8804;91020;45503;2;14
8805;91034;86;1058;46
8806;91080;13;7006;2
8807;91082;45533;2;16
8808;91098;4;22774;2
8809;91100;26;3503;22
8810;91122;9;10124;6
8811;91128;7;13018;2
8812;91130;16;5695;10
8813;91140;45569;2;2
8814;91142;22783;4;10
8815;91152;5;18230;2
8816;91154;22787;4;6
8817;91160;13;7012;4
8818;91164;11393;8;20
8819;91184;45587;2;10
8820;91194;9;10132;6
8821;91200;45;2026;30
8822;91230;17;5366;8
8823;91238;8;11404;6
8824;91244;7;13034;6
8825;91250;43;2122;4
8826;91254;36;2534;30
8827;91284;19;4804;8
8828;91292;13;7022;6
8829;91298;29;3148;6
8830;91304;191;478;6
8831;91310;11411;8;22
8832;91332;48;1902;36
8833;91368;11;8306;2
8834;91370;11;8306;4
8835;91374;11;8306;8
8836;91382;8;11422;6
8837;91388;45691;2;6
8838;91394;5;18278;4
8839;91398;11423;8;14
8840;91412;20;4570;12
8841;91424;45707;2;10
8842;91434;45707;2;20
8843;91454;5;18290;4
8844;91458;4;22864;2
8845;91460;8;11432;4
8846;91464;42;2177;30
8847;91494;8;11436;6
8848;91500;149;614;14
8849;91514;22;4159;16
8850;91530;14;6537;12
8851;91542;31;2952;30
8852;91572;5;18314;2
8853;91574;5;18314;4
8854;91578;12;7631;6
8855;91584;11447;8;8
8856;91592;34;2693;30
8857;91622;37;2476;10
8858;91632;13;7048;8
8859;91640;163;562;34
8860;91674;19;4824;18
8861;91692;15;6112;12
8862;91704;11;8336;8
8863;91712;53;1730;22
8864;91734;6551;14;20
8865;91754;5;18350;4
8866;91758;16;5734;14
8867;91772;11;8342;10
8868;91782;22;4171;20
8869;91802;53;1732;6
8870;91808;59;1556;4
8871;91812;5;18362;2
8872;91814;59;1556;10
8873;91824;9181;10;14
8874;91838;17;5402;4
8875;91842;46;1996;26
8876;91868;23;3994;6
8877;91874;47;1954;36
8878;91910;45949;2;12
8879;91922;32;2872;18
8880;91940;8;11492;4
8881;91944;13;7072;8
8882;91952;31;2966;6
8883;91958;23;3998;4
8884;91962;12;7663;6
8885;91968;7;13138;2
8886;91970;45971;2;28
8887;91998;8;11499;6
8888;92004;9;10222;6
8889;92010;15331;6;24
8890;92034;11;8366;8
8891;92042;16;5752;10
8892;92052;47;1958;26
8893;92078;8;11509;6
8894;92084;4603;20;24
8895;92108;8;11513;4
8896;92112;29;3176;8
8897;92120;32;2878;24
8898;92144;14;6581;10
8899;92154;6581;14;20
8900;92174;5;18434;4
8901;92178;4;23044;2
8902;92180;13;7090;10
8903;92190;16;5761;14
8904;92204;19;4852;16
8905;92220;7;13174;2
8906;92222;8;11527;6
8907;92228;13;7094;6
8908;92234;5;18446;4
8909;92238;7;13176;6
8910;92244;23059;4;8
8911;92252;107;862;18
8912;92270;34;2713;28
8913;92298;23071;4;14
8914;92312;46153;2;6
8915;92318;19;4858;16
8916;92334;16;5770;14
8917;92348;46171;2;6
8918;92354;5;18470;4
8919;92358;8;11544;6
8920;92364;7;13194;6
8921;92370;46181;2;8
8922;92378;46187;2;4
8923;92382;4;23095;2
8924;92384;5;18476;4
8925;92388;18;5132;12
8926;92400;46199;2;2
8927;92402;9239;10;12
8928;92414;8;11551;6
8929;92420;11551;8;12
8930;92432;52;1777;28
8931;92460;46229;2;2
8932;92462;7;13208;6
8933;92468;13;7112;12
8934;92480;14;6605;10
8935;92490;61;1516;14
8936;92504;5;18500;4
8937;92508;5779;16;44
8938;92552;46273;2;6
8939;92558;17;5444;10
8940;92568;31;2986;2
8941;92570;46279;2;12
8942;92582;9257;10;12
8943;92594;73;1268;30
8944;92624;5;18524;4
8945;92628;17;5448;12
8946;92640;7;13234;2
8947;92642;23159;4;6
8948;92648;13;7126;10
8949;92658;18;5147;12
8950;92670;4;23167;2
8951;92672;107;866;10
8952;92682;4;23170;2
8953;92684;46337;2;10
8954;92694;8;11586;6
8955;92700;23173;4;8
8956;92708;46349;2;10
8957;92718;8;11589;6
8958;92724;73;1270;14
8959;92738;37;2506;16
8960;92754;79;1174;8
8961;92762;23189;4;6
8962;92768;23189;4;12
8963;92780;9277;10;10
8964;92790;4;23197;2
8965;92792;23;4034;10
8966;92802;13;7138;8
8967;92810;46399;2;12
8968;92822;23203;4;10
8969;92832;31;2994;18
8970;92850;61;1522;8
8971;92858;17;5462;4
8972;92862;4;23215;2
8973;92864;5;18572;4
8974;92868;61;1522;26
8975;92894;8;11611;6
8976;92900;46439;2;22
8977;92922;9;10324;6
8978;92928;46457;2;14
8979;92942;14;6638;10
8980;92952;7;13278;6
8981;92958;4;23239;2
8982;92960;3319;28;28
8983;92988;15497;6;6
8984;92994;19;4894;8
8985;93002;68;1367;46
8986;93048;9;10338;6
8987;93054;8;11631;6
8988;93060;27;3446;18
8989;93078;7;13296;6
8990;93084;9;10342;6
8991;93090;11;8462;8
8992;93098;17;5476;6
8993;93104;89;1046;10
8994;93114;24;3879;18
8995;93132;5;18626;2
8996;93134;7;13304;6
8997;93140;14;6652;12
8998;93152;46567;2;18
8999;93170;17;5480;10
9000;93180;23293;4;8
9001;93188;19;4904;12
9002;93200;35;2662;30
9003;93230;20;4661;10
9004;93240;46619;2;2
9005;93242;16;5827;10
9006;93252;5;18650;2
9007;93254;5;18650;4
9008;93258;12;7771;6
9009;93264;15541;6;18
9010;93282;4;23320;2
9011;93284;5;18656;4
9012;93288;28;3331;20
9013;93308;14;6664;12
9014;93320;41;2276;4
9015;93324;103;906;6
9016;93330;29;3218;8
9017;93338;107;872;34
9018;93372;7;13338;6
9019;93378;12;7781;6
9020;93384;30;3112;24
9021;93408;43;2172;12
9022;93420;11;8492;8
9023;93428;52;1796;36
9024;93464;11681;8;16
9025;93480;7;13354;2
9026;93482;23369;4;6
9027;93488;23371;4;4
9028;93492;5;18698;2
9029;93494;5;18698;4
9030;93498;7;13356;6
9031;93504;23371;4;20
9032;93524;19;4922;6
9033;93530;6679;14;24
9034;93554;5;18710;4
9035;93558;4;23389;2
9036;93560;19;4924;4
9037;93564;5197;18;18
9038;93582;41;2282;20
9039;93602;23399;4;6
9040;93608;73;1282;22
9041;93630;46811;2;8
9042;93638;11699;8;46
9043;93684;67;1398;18
9044;93702;4;23425;2
9045;93704;28;3346;16
9046;93720;25;3748;20
9047;93740;47;1994;22
9048;93762;4;23440;2
9049;93764;43;2180;24
9050;93788;173;542;22
9051;93810;4;23452;2
9052;93812;131;716;16
9053;93828;7817;12;24
9054;93852;37;2536;20
9055;93872;28;3352;16
9056;93888;13;7222;2
9057;93890;13;7222;4
9058;93894;13;7222;8
9059;93902;23473;4;10
9060;93912;5;18782;2
9061;93914;16;5869;10
9062;93924;9391;10;14
9063;93938;67;1402;4
9064;93942;67;1402;8
9065;93950;23;4084;18
9066;93968;13;7228;4
9067;93972;13;7228;8
9068;93980;8;11747;4
9069;93984;9397;10;14
9070;93998;23497;4;10
9071;94008;11;8546;2
9072;94010;46993;2;24
9073;94034;29;3242;16
9074;94050;13;7234;8
9075;94058;7;13436;6
9076;94064;32;2939;16
9077;94080;4703;20;20
9078;94100;97;970;10
9079;94110;4;23527;2
9080;94112;211;446;6
9081;94118;47057;2;4
9082;94122;7841;12;30
9083;94152;5;18830;2
9084;94154;22;4279;16
9085;94170;121;778;32
9086;94202;23549;4;6
9087;94208;23549;4;12
9088;94220;9421;10;10
9089;94230;42;2243;24
9090;94254;47123;2;8
9091;94262;13;7250;12
9092;94274;43;2192;18
9093;94292;26;3626;16
9094;94308;61;1546;2
9095;94310;47149;2;12
9096;94322;17;5548;6
9097;94328;23581;4;4
9098;94332;15;6288;12
9099;94344;9;10482;6
9100;94350;4;23587;2
9101;94352;23581;4;28
9102;94380;15727;6;18
9103;94398;4;23599;2
9104;94400;47189;2;22
9105;94422;7;13488;6
9106;94428;15737;6;6
9107;94434;9;10492;6
9108;94440;23;4106;2
9109;94442;23609;4;6
9110;94448;26;3632;16
9111;94464;25;3778;14
9112;94478;7;13496;6
9113;94484;83;1138;30
9114;94514;37;2554;16
9115;94530;4;23632;2
9116;94532;167;566;10
9117;94542;4;23635;2
9118;94544;5;18908;4
9119;94548;13;7272;12
9120;94560;47279;2;2
9121;94562;25;3782;12
9122;94574;47;2012;10
9123;94584;35;2702;14
9124;94598;8;11824;6
9125;94604;47297;2;10
9126;94614;47303;2;8
9127;94622;47297;2;28
9128;94650;4;23662;2
9129;94652;11827;8;36
9130;94688;7;13526;6
9131;94694;47339;2;16
9132;94710;19;4984;14
9133;94724;5;18944;4
9134;94728;23677;4;20
9135;94748;28;3383;24
9136;94772;7;13538;6
9137;94778;47387;2;4
9138;94782;47387;2;8
9139;94790;83;1142;4
9140;94794;22;4308;18
9141;94812;137;692;8
9142;94820;8;11852;4
9143;94824;19;4990;14
9144;94838;47417;2;4
9145;94842;7;13548;6
9146;94848;47;2018;2
9147;94850;34;2789;24
9148;94874;43;2206;16
9149;94890;23719;4;14
9150;94904;5;18980;4
9151;94908;47441;2;26
9152;94934;47459;2;16
9153;94950;4;23737;2
9154;94952;37;2566;10
9155;94962;55;1726;32
9156;94994;23747;4;6
9157;95000;11;8636;4
9158;95004;71;1338;6
9159;95010;71;1338;12
9160;95022;8;11877;6
9161;95028;48;1979;36
9162;95064;13;7312;8
9163;95072;14;6790;12
9164;95084;5;19016;4
9165;95088;47543;2;2
9166;95090;47543;2;4
9167;95094;47543;2;8
9168;95102;8;11887;6
9169;95108;8;11888;4
9170;95112;23773;4;20
9171;95132;16;5945;12
9172;95144;13;7318;10
9173;95154;30;3171;24
9174;95178;17;5598;12
9175;95190;4;23797;2
9176;95192;20;4759;12
9177;95204;11;8654;10
9178;95214;8;11901;6
9179;95220;24;3967;12
9180;95232;5;19046;2
9181;95234;7;13604;6
9182;95240;47;2026;18
9183;95258;97;982;4
9184;95262;7;13608;6
9185;95268;15877;6;6
9186;95274;12;7939;6
9187;95280;11909;8;8
9188;95288;26;3664;24
9189;95312;47653;2;6
9190;95318;23827;4;10
9191;95328;13;7332;12
9192;95340;45;2118;30
9193;95370;31;3076;14
9194;95384;43;2218;10
9195;95394;37;2578;8
9196;95402;9539;10;12
9197;95414;8;11926;6
9198;95420;14;6815;10
9199;95430;18;5301;12
9200;95442;4;23860;2
9201;95444;47713;2;18
9202;95462;8;11932;6
9203;95468;8;11933;4
9204;95472;11933;8;8
9205;95480;23869;4;4
9206;95484;30;3182;24
9207;95508;32;2984;20
9208;95528;11;8684;4
9209;95532;11;8684;8
9210;95540;41;2330;10
9211;95550;15923;6;12
9212;95562;47777;2;8
9213;95570;47779;2;12
9214;95582;71;1346;16
9215;95598;7;13656;6
9216;95604;22;4345;14
9217;95618;47807;2;4
9218;95622;47807;2;8
9219;95630;137;698;4
9220;95634;24;3984;18
9221;95652;3677;26;50
9222;95702;8;11962;6
9223;95708;109;878;6
9224;95714;5;19142;4
9225;95718;8;11964;6
9226;95724;23929;4;8
9227;95732;23;4162;6
9228;95738;16;5983;10
9229;95748;38;2519;26
9230;95774;89;1076;10
9231;95784;9;10642;6
9232;95790;4;23947;2
9233;95792;83;1154;10
9234;95802;4;23950;2
9235;95804;211;454;10
9236;95814;8;11976;6
9237;95820;83;1154;38
9238;95858;17;5638;12
9239;95870;47933;2;4
9240;95874;47933;2;8
9241;95882;14;6848;10
9242;95892;28;3424;20
9243;95912;79;1214;6
9244;95918;8;11989;6
9245;95924;199;482;6
9246;95930;19;5048;18
9247;95948;47969;2;10
9248;95958;4;23989;2
9249;95960;17;5644;12
9250;95972;23;4172;16
9251;95988;11;8726;2
9252;95990;37;2594;12
9253;96002;29;3310;12
9254;96014;5;19202;4
9255;96018;52;1846;26
9256;96044;48017;2;10
9257;96054;8;12006;6
9258;96060;28;3430;20
9259;96080;43;2234;18
9260;96098;48029;2;40
9261;96138;37;2598;12
9262;96150;53;1814;8
9263;96158;13;7396;10
9264;96168;18;5342;12
9265;96180;19;5062;2
9266;96182;29;3316;18
9267;96200;139;692;12
9268;96212;103;934;10
9269;96222;4;24055;2
9270;96224;73;1318;10
9271;96234;28;3436;26
9272;96260;8;12032;4
9273;96264;61;1578;6
9274;96270;61;1578;12
9275;96282;37;2602;8
9276;96290;31;3106;4
9277;96294;36;2674;30
9278;96324;9;10702;6
9279;96330;4;24082;2
9280;96332;48163;2;6
9281;96338;17;5666;16
9282;96354;26;3705;24
9283;96378;53;1818;24
9284;96402;24;4016;18
9285;96420;13;7416;12
9286;96432;15;6428;12
9287;96444;24109;4;8
9288;96452;7;13778;6
9289;96458;29;3326;4
9290;96462;29;3326;8
9291;96470;13;7420;10
9292;96480;31;3112;8
9293;96488;19;5078;6
9294;96494;5;19298;4
9295;96498;48239;2;20
9296;96518;23;4196;10
9297;96528;61;1582;26
9298;96554;5;19310;4
9299;96558;31;3114;24
9300;96582;8;12072;6
9301;96588;7;13798;2
9302;96590;43;2246;12
9303;96602;68;1420;42
9304;96644;48313;2;18
9305;96662;7;13808;6
9306;96668;8;12083;4
9307;96672;46;2101;26
9308;96698;23;4204;6
9309;96704;24169;4;28
9310;96732;7;13818;6
9311;96738;4;24184;2
9312;96740;17;5690;10
9313;96750;48371;2;8
9314;96758;8;12094;6
9315;96764;101;958;6
9316;96770;20;4838;10
9317;96780;13;7444;8
9318;96788;11;8798;10
9319;96798;4;24199;2
9320;96800;53;1826;22
9321;96822;4;24205;2
9322;96824;5;19364;4
9323;96828;12101;8;20
9324;96848;11;8804;4
9325;96852;16141;6;6
9326;96858;54;1793;36
9327;96894;16;6055;14
9328;96908;8;12113;4
9329;96912;24223;4;20
9330;96932;55;1762;22
9331;96954;9;10772;6
9332;96960;48473;2;14
9333;96974;8;12121;6
9334;96980;9697;10;10
9335;96990;48491;2;8
9336;96998;48497;2;4
9337;97002;4;24250;2
9338;97004;5;19400;4
9339;97008;48497;2;14
9340;97022;24251;4;18
9341;97040;41;2366;34
9342;97074;48533;2;8
9343;97082;23;4220;22
9344;97104;19;5110;14
9345;97118;11;8828;10
9346;97128;28;3468;24
9347;97152;7;13878;6
9348;97158;4;24289;2
9349;97160;25;3886;10
9350;97170;4;24292;2
9351;97172;19;5114;6
9352;97178;16;6073;10
9353;97188;37;2626;26
9354;97214;22;4418;18
9355;97232;48611;2;10
9356;97242;24;4051;18
9357;97260;36;2701;24
9358;97284;26;3741;18
9359;97302;4;24325;2
9360;97304;32;3040;24
9361;97328;12161;8;40
9362;97368;89;1094;2
9363;97370;89;1094;4
9364;97374;8;12171;6
9365;97380;181;538;2
9366;97382;8;12172;6
9367;97388;181;538;10
9368;97398;44;2213;26
9369;97424;67;1454;6
9370;97430;67;1454;12
9371;97442;9743;10;12
9372;97454;8;12181;6
9373;97460;8;12182;4
9374;97464;46;2118;36
9375;97500;29;3362;2
9376;97502;24373;4;10
9377;97512;13;7500;12
9378;97524;25;3900;24
9379;97548;17;5738;2
9380;97550;17;5738;4
9381;97554;17;5738;8
9382;97562;13;7504;10
9383;97572;7;13938;6
9384;97578;4;24394;2
9385;97580;8;12197;4
9386;97584;30;3252;24
9387;97608;37;2638;2
9388;97610;37;2638;4
9389;97614;39;2502;36
9390;97650;4;24412;2
9391;97652;26;3755;22
9392;97674;19;5140;14
9393;97688;28;3488;24
9394;97712;48847;2;18
9395;97730;12211;8;42
9396;97772;48883;2;6
9397;97778;11;8888;10
9398;97788;13;7522;2
9399;97790;48883;2;24
9400;97814;107;914;16
9401;97830;14;6987;12
9402;97842;4;24460;2
9403;97844;5;19568;4
9404;97848;7;13978;2
9405;97850;16;6115;10
9406;97860;113;866;2
9407;97862;17;5756;10
9408;97872;13;7528;8
9409;97880;24469;4;4
9410;97884;54;1812;36
9411;97920;12239;8;8
9412;97928;24481;4;4
9413;97932;15;6528;12
9414;97944;19;5154;18
9415;97962;9;10884;6
9416;97968;29;3378;6
9417;97974;20;4898;14
9418;97988;61;1606;22
9419;98010;4;24502;2
9420;98012;49003;2;6
9421;98018;26;3769;24
9422;98042;24509;4;6
9423;98048;49019;2;10
9424;98058;16339;6;24
9425;98082;49031;2;20
9426;98102;32;3065;22
9427;98124;9;10902;6
9428;98130;19;5164;14
9429;98144;24527;4;36
9430;98180;12269;8;28
9431;98208;13;7554;6
9432;98214;49103;2;8
9433;98222;8;12277;6
9434;98228;24551;4;24
9435;98252;49123;2;6
9436;98258;49123;2;12
9437;98270;49121;2;28
9438;98298;4;24574;2
9439;98300;157;626;18
9440;98318;49157;2;4
9441;98322;4;24580;2
9442;98324;5;19664;4
9443;98328;28;3511;20
9444;98348;211;466;22
9445;98370;11;8942;8
9446;98378;16;6148;10
9447;98388;49193;2;2
9448;98390;24593;4;18
9449;98408;73;1348;4
9450;98412;73;1348;8
9451;98420;13;7570;10
9452;98430;16;6151;14
9453;98444;14;7031;10
9454;98454;7;14064;6
9455;98460;151;652;8
9456;98468;7;14066;6
9457;98474;103;956;6
9458;98480;103;956;12
9459;98492;28;3517;16
9460;98508;16;6156;12
9461;98520;49253;2;14
9462;98534;24631;4;10
9463;98544;16421;6;18
9464;98562;4;24640;2
9465;98564;49277;2;10
9466;98574;25;3942;24
9467;98598;42;2347;24
9468;98622;7;14088;6
9469;98628;14;7044;12
9470;98640;149;662;2
9471;98642;4931;20;22
9472;98664;7;14094;6
9473;98670;25;3946;20
9474;98690;34;2902;22
9475;98712;5;19742;2
9476;98714;5;19742;4
9477;98718;16451;6;12
9478;98730;4;24682;2
9479;98732;49363;2;6
9480;98738;2903;34;36
9481;98774;8;12346;6
9482;98780;67;1474;22
9483;98802;12;8233;6
9484;98808;127;778;2
9485;98810;49391;2;28
9486;98838;13;7602;12
9487;98850;24;4118;18
9488;98868;49433;2;2
9489;98870;49433;2;4
9490;98874;20;4943;14
9491;98888;7;14126;6
9492;98894;5;19778;4
9493;98898;4;24724;2
9494;98900;11;8990;10
9495;98910;4;24727;2
9496;98912;28;3532;16
9497;98928;49463;2;2
9498;98930;20;4946;10
9499;98940;24733;4;8
9500;98948;61;1622;6
9501;98954;16;6184;10
9502;98964;23;4302;18
9503;98982;15;6598;12
9504;98994;12;8249;6
9505;99000;43;2302;14
9506;99014;5;19802;4
9507;99018;12;8251;6
9508;99024;29;3414;18
9509;99042;15;6602;12
9510;99054;38;2606;26
9511;99080;17;5828;4
9512;99084;7;14154;6
9513;99090;17;5828;14
9514;99104;49549;2;6
9515;99110;20;4955;10
9516;99120;18;5506;12
9517;99132;5;19826;2
9518;99134;5;19826;4
9519;99138;4;24784;2
9520;99140;23;4310;10
9521;99150;5507;18;24
9522;99174;179;554;8
9523;99182;24793;4;10
9524;99192;37;2680;32
9525;99224;113;878;10
9526;99234;49613;2;8
9527;99242;14;7088;10
9528;99252;7;14178;6
9529;99258;4;24814;2
9530;99260;22;4511;18
9531;99278;49633;2;12
9532;99290;31;3202;28
9533;99318;36;2758;30
9534;99348;13;7642;2
9535;99350;19;5228;18
9536;99368;24841;4;4
9537;99372;16561;6;6
9538;99378;24841;4;14
9539;99392;7;14198;6
9540;99398;49697;2;4
9541;99402;49697;2;8
9542;99410;24847;4;22
9543;99432;13;7648;8
9544;99440;9941;10;30
9545;99470;23;4324;18
9546;99488;49739;2;10
9547;99498;6217;16;26
9548;99524;5;19904;4
9549;99528;7;14218;2
9550;99530;24877;4;22
9551;99552;23;4328;8
9552;99560;24889;4;4
9553;99564;24889;4;8
9554;99572;49783;2;6
9555;99578;49787;2;4
9556;99582;24889;4;26
9557;99608;37;2692;4
9558;99612;15;6640;12
9559;99624;37;2692;20
9560;99644;109;914;18
9561;99662;8;12457;6
9562;99668;12457;8;12
9563;99680;9967;10;10
9564;99690;24;4153;18
9565;99708;49853;2;2
9566;99710;49853;2;4
9567;99714;7;14244;6
9568;99720;73;1366;2
9569;99722;13;7670;12
9570;99734;49853;2;28
9571;99762;9;11084;6
9572;99768;22;4534;20
9573;99788;49891;2;6
9574;99794;7127;14;16
9575;99810;139;718;8
9576;99818;24953;4;6
9577;99824;29;3442;6
9578;99830;19;5254;4
9579;99834;9;11092;6
9580;99840;23;4340;20
9581;99860;14;7132;12
9582;99872;13;7682;6
9583;99878;49937;2;4
9584;99882;49;2038;20
9585;99902;8;12487;6
9586;99908;17;5876;16
9587;99924;7;14274;6
9588;99930;199;502;32
9589;99962;16;6247;10
9590;99972;27;3702;18
9591;99990;4;24997;2
9592;99992;20;4999;12
9593;100004;28;3571;16
9594;100020;26;3846;24
9595;100044;16673;6;6
9596;100050;50021;2;8
9597;100058;50023;2;12
9598;100070;89;1124;34
9599;100104;9;11122;6
9600;100110;10009;10;20
9601;100130;29;3452;22
9602;100152;5;20030;2
9603;100154;50069;2;16
9604;100170;28;3577;14
9605;100184;13;7706;6
9606;100190;50093;2;4
9607;100194;20;5009;14
9608;100208;50101;2;6
9609;100214;43;2330;24
9610;100238;6263;16;30
9611;100268;8;12533;4
9612;100272;83;1208;8
9613;100280;14;7162;12
9614;100292;41;2446;6
9615;100298;19;5278;16
9616;100314;50147;2;20
9617;100334;14;7166;10
9618;100344;79;1270;14
9619;100358;50177;2;4
9620;100362;4;25090;2
9621;100364;25087;4;16
9622;100380;16;6273;12
9623;100392;5;20078;2
9624;100394;16;6274;10
9625;100404;19;5284;8
9626;100412;61;1646;6
9627;100418;25097;4;30
9628;100448;14;7174;12
9629;100460;14;7175;10
9630;100470;29;3464;14
9631;100484;11;9134;10
9632;100494;47;2138;8
9633;100502;14;7178;10
9634;100512;7;14358;6
9635;100518;4;25129;2
9636;100520;13;7732;4
9637;100524;19;5290;14
9638;100538;16;6283;10
9639;100548;50273;2;2
9640;100550;11;9140;10
9641;100560;61;1648;32
9642;100592;50287;2;18
9643;100610;11;9146;4
9644;100614;11;9146;8
9645;100622;53;1898;28
9646;100650;29;3470;20
9647;100670;50333;2;4
9648;100674;59;1706;20
9649;100694;7;14384;6
9650;100700;8;12587;4
9651;100704;34;2961;30
9652;100734;50363;2;8
9653;100742;8;12592;6
9654;100748;50363;2;22
9655;100770;24;4198;18
9656;100788;13;7752;12
9657;100800;101;998;2
9658;100802;43;2344;10
9659;100812;14;7200;12
9660;100824;9;11202;6
9661;100830;31;3252;18
9662;100848;7;14406;6
9663;100854;56;1800;54
9664;100908;67;1506;6
9665;100914;20;5045;14
9666;100928;23;4388;4
9667;100932;7;14418;6
9668;100938;12;8411;6
9669;100944;10093;10;14
9670;100958;109;926;24
9671;100982;8;12622;6
9672;100988;16;6311;12
9673;101000;10099;10;10
9674;101010;18;5611;12
9675;101022;8;12627;6
9676;101028;38;2658;24
9677;101052;15;6736;12
9678;101064;22;4593;18
9679;101082;97;1042;8
9680;101090;6317;16;18
9681;101108;8;12638;4
9682;101112;5;20222;2
9683;101114;5;20222;4
9684;101118;4;25279;2
9685;101120;50549;2;22
9686;101142;11;9194;8
9687;101150;13;7780;10
9688;101160;37;2734;2
9689;101162;14;7225;12
9690;101174;14;7226;10
9691;101184;67;1510;14
9692;101198;7;14456;6
9693;101204;5;20240;4
9694;101208;7;14458;2
9695;101210;50599;2;12
9696;101222;12647;8;46
9697;101268;7;14466;6
9698;101274;9;11252;6
9699;101280;79;1282;2
9700;101282;7;14468;6
9701;101288;89;1138;6
9702;101294;6329;16;30
9703;101324;179;566;10
9704;101334;29;3494;8
9705;101342;8;12667;6
9706;101348;53;1912;12
9707;101360;25339;4;4
9708;101364;25;4054;14
9709;101378;25343;4;6
9710;101384;12671;8;16
9711;101400;14;7242;12
9712;101412;101;1004;8
9713;101420;10141;10;10
9714;101430;10141;10;20
9715;101450;31;3272;18
9716;101468;14;7247;10
9717;101478;7;14496;6
9718;101484;13;7806;6
9719;101490;13;7806;12
9720;101502;4;25375;2
9721;101504;31;3274;10
9722;101514;20;5075;14
9723;101528;17;5972;4
9724;101532;5;20306;2
9725;101534;5;20306;4
9726;101538;42;2417;24
9727;101562;15;6770;12
9728;101574;43;2362;8
9729;101582;25391;4;18
9730;101600;11;9236;4
9731;101604;11;9236;8
9732;101612;22;4618;16
9733;101628;23;4418;14
9734;101642;10163;10;12
9735;101654;25411;4;10
9736;101664;5647;18;18
9737;101682;15;6778;12
9738;101694;13;7822;8
9739;101702;22;4622;18
9740;101720;59;1724;4
9741;101724;35;2906;14
9742;101738;50867;2;4
9743;101742;8;12717;6
9744;101748;50873;2;2
9745;101750;32;3179;22
9746;101772;5653;18;18
9747;101790;50891;2;8
9748;101798;25447;4;10
9749;101808;50891;2;26
9750;101834;5;20366;4
9751;101838;4;25459;2
9752;101840;26;3916;24
9753;101864;50929;2;6
9754;101870;31;3286;4
9755;101874;12;8489;6
9756;101880;13;7836;12
9757;101892;31;3286;26
9758;101918;50957;2;4
9759;101922;50957;2;8
9760;101930;13;7840;10
9761;101940;16987;6;18
9762;101958;8;12744;6
9763;101964;25;4078;14
9764;101978;16;6373;10
9765;101988;14;7284;12
9766;102000;13;7846;2
9767;102002;14;7285;12
9768;102014;8;12751;6
9769;102020;8;12752;4
9770;102024;16;6376;8
9771;102032;20;5101;12
9772;102044;23;4436;16
9773;102060;11;9278;2
9774;102062;31;3292;10
9775;102072;17011;6;6
9776;102078;4;25519;2
9777;102080;4639;22;22
9778;102102;4;25525;2
9779;102104;5;20420;4
9780;102108;51047;2;14
9781;102122;12763;8;18
9782;102140;14;7295;10
9783;102150;29;3522;12
9784;102162;51071;2;20
9785;102182;14;7298;10
9786;102192;7;14598;6
9787;102198;4;25549;2
9788;102200;29;3524;4
9789;102204;22;4645;14
9790;102218;13;7862;12
9791;102230;79;1294;4
9792;102234;79;1294;8
9793;102242;13;7864;10
9794;102252;5;20450;2
9795;102254;8;12781;6
9796;102260;79;1294;34
9797;102294;8;12786;6
9798;102300;7;14614;2
9799;102302;199;514;16
9800;102318;17;6018;12
9801;102330;11;9302;8
9802;102338;25579;4;22
9803;102360;16;6397;8
9804;102368;51169;2;30
9805;102398;11;9308;10
9806;102408;51203;2;2
9807;102410;51193;2;24
9808;102434;5;20486;4
9809;102438;28;3658;14
9810;102452;17;6026;10
9811;102462;23;4454;20
9812;102482;26;3941;16
9813;102498;4;25624;2
9814;102500;8;12812;4
9815;102504;25621;4;20
9816;102524;51257;2;10
9817;102534;8;12816;6
9818;102540;25633;4;8
9819;102548;8;12818;4
9820;102552;13;7888;8
9821;102560;25639;4;4
9822;102564;30;3418;24
9823;102588;9;11398;6
9824;102594;20;5129;14
9825;102608;113;908;4
9826;102612;46;2230;32
9827;102644;5;20528;4
9828;102648;17107;6;6
9829;102654;16;6415;14
9830;102668;7;14666;6
9831;102674;5;20534;4
9832;102678;4;25669;2
9833;102680;51329;2;22
9834;102702;17107;6;60
9835;102762;4;25690;2
9836;102764;191;538;6
9837;102770;41;2506;24
9838;102794;5;20558;4
9839;102798;16;6424;14
9840;102812;103;998;18
9841;102830;101;1018;12
9842;102842;12853;8;18
9843;102860;16;6428;12
9844;102872;19;5414;6
9845;102878;51437;2;4
9846;102882;36;2857;30
9847;102912;5;20582;2
9848;102914;51449;2;16
9849;102930;4;25732;2
9850;102932;41;2510;22
9851;102954;20;5147;14
9852;102968;17;6056;16
9853;102984;131;786;18
9854;103002;9;11444;6
9855;103008;8581;12;36
9856;103044;13;7926;6
9857;103050;24;4293;18
9858;103068;29;3554;2
9859;103070;20;5153;10
9860;103080;16;6442;8
9861;103088;25771;4;4
9862;103092;5;20618;2
9863;103094;8;12886;6
9864;103100;73;1412;24
9865;103124;31;3326;18
9866;103142;12889;8;30
9867;103172;7;14738;6
9868;103178;25793;4;6
9869;103184;50;2063;34
9870;103218;25801;4;14
9871;103232;51613;2;6
9872;103238;51593;2;52
9873;103290;4;25822;2
9874;103292;25819;4;16
9875;103308;16;6456;12
9876;103320;47;2198;14
9877;103334;51659;2;16
9878;103350;163;634;8
9879;103358;32;3229;30
9880;103388;8;12923;4
9881;103392;5;20678;2
9882;103394;25847;4;6
9883;103400;14;7385;10
9884;103410;19;5442;12
9885;103422;4;25855;2
9886;103424;25849;4;28
9887;103452;7;14778;6
9888;103458;22;4702;14
9889;103472;14;7390;12
9890;103484;32;3233;28
9891;103512;47;2202;18
9892;103530;22;4705;20
9893;103550;23;4502;4
9894;103554;23;4502;8
9895;103562;25889;4;6
9896;103568;53;1954;6
9897;103574;5;20714;4
9898;103578;7;14796;6
9899;103584;11;9416;8
9900;103592;10357;10;22
9901;103614;8;12951;6
9902;103620;89;1164;24
9903;103644;13;7972;8
9904;103652;29;3574;6
9905;103658;29;3574;12
9906;103670;51829;2;12
9907;103682;25919;4;6
9908;103688;25919;4;12
9909;103700;8;12962;4
9910;103704;23;4508;20
9911;103724;51839;2;46
9912;103770;22;4716;18
9913;103788;22;4717;14
9914;103802;13;7984;10
9915;103812;5;20762;2
9916;103814;97;1070;24
9917;103838;193;538;4
9918;103842;4;25960;2
9919;103844;29;3580;24
9920;103868;137;758;22
9921;103890;25969;4;14
9922;103904;14;7421;10
9923;103914;7;14844;6
9924;103920;43;2416;32
9925;103952;20;5197;12
9926;103964;5;20792;4
9927;103968;227;458;2
9928;103970;20;5198;10
9929;103980;7;14854;2
9930;103982;11;9452;10
9931;103992;5;20798;2
9932;103994;5;20798;4
9933;103998;7;14856;6
9934;104004;17333;6;6
9935;104010;17333;6;12
9936;104022;15;6934;12
9937;104034;20;5201;14
9938;104048;52021;2;6
9939;104054;7;14864;6
9940;104060;32;3251;28
9941;104088;71;1466;2
9942;104090;13009;8;18
9943;104108;52051;2;6
9944;104114;17;6124;6
9945;104120;26029;4;4
9946;104124;25;4164;24
9947;104148;7;14878;2
9948;104150;52069;2;12
9949;104162;25;4166;12
9950;104174;8;13021;6
9951;104180;8;13022;4
9952;104184;28;3720;24
9953;104208;36;2894;24
9954;104232;5;20846;2
9955;104234;71;1468;6
9956;104240;11;9476;4
9957;104244;52103;2;38
9958;104282;131;796;6
9959;104288;17;6134;10
9960;104298;13;8022;12
9961;104310;4;26077;2
9962;104312;14;7450;12
9963;104324;5;20864;4
9964;104328;89;1172;20
9965;104348;52163;2;22
9966;104370;17393;6;12
9967;104382;4;26095;2
9968;104384;23;4538;10
9969;104394;12;8699;6
9970;104400;27;3866;18
9971;104418;4349;24;42
9972;104460;16;6528;12
9973;104472;5;20894;2
9974;104474;7;14924;6
9975;104480;13;8036;12
9976;104492;31;3370;22
9977;104514;19;5500;14
9978;104528;52259;2;10
9979;104538;12;8711;6
9980;104544;7;14934;6
9981;104550;4;26137;2
9982;104552;167;626;10
9983;104562;22;4752;18
9984;104580;22;4753;14
9985;104594;5;20918;4
9986;104598;52;2011;26
9987;104624;28;3736;16
9988;104640;8719;12;12
9989;104652;26161;4;8
9990;104660;52321;2;18
9991;104678;199;526;4
9992;104682;4;26170;2
9993;104684;199;526;10
9994;104694;17;6158;8
9995;104702;8;13087;6
9996;104708;8;13088;4
9997;104712;7;14958;6
9998;104718;8;13089;6
9999;104724;31;3378;6
