n;A010061;weight;level;jump
1;1;0;0;3
2;4;0;0;2
3;6;0;0;7
4;13;11;1;2
5;15;4;3;3
6;18;5;3;3
7;21;19;1;2
8;23;8;2;7
9;30;4;7;2
10;32;9;3;5
11;37;5;7;2
12;39;8;4;7
13;46;4;11;2
14;48;5;9;3
15;51;4;12;3
16;54;4;13;2
17;56;49;1;7
18;63;11;5;8
19;71;8;8;7
20;78;4;19;2
21;80;7;11;3
22;83;4;20;3
23;86;3;28;2
24;88;9;9;7
25;95;3;31;2
26;97;23;4;5
27;102;4;25;2
28;104;97;1;7
29;111;109;1;2
30;113;5;22;3
31;116;113;1;3
32;119;3;39;2
33;121;19;6;7
34;128;3;42;2
35;130;127;1;3
36;133;131;1;2
37;135;8;16;7
38;142;4;35;2
39;144;47;3;3
40;147;4;36;3
41;150;4;37;2
42;152;29;5;7
43;159;157;1;2
44;161;6;26;5
45;166;4;41;2
46;168;23;7;7
47;175;173;1;2
48;177;6;29;3
49;180;59;3;3
50;183;181;1;2
51;185;89;2;7
52;192;23;8;8
53;200;193;1;7
54;207;5;41;2
55;209;103;2;3
56;212;11;19;3
57;215;3;71;2
58;217;10;21;7
59;224;3;74;2
60;226;13;17;5
61;231;229;1;2
62;233;113;2;7
63;240;7;34;2
64;242;239;1;3
65;245;11;22;3
66;248;3;82;2
67;250;23;10;20
68;270;4;67;2
69;272;269;1;3
70;275;4;68;3
71;278;3;92;2
72;280;13;21;7
73;287;3;95;2
74;289;71;4;5
75;294;4;73;2
76;296;17;17;7
77;303;7;43;2
78;305;151;2;3
79;308;5;61;3
80;311;3;103;2
81;313;9;34;7
82;320;12;26;8
83;328;107;3;7
84;335;3;111;2
85;337;167;2;3
86;340;337;1;3
87;343;11;31;2
88;345;13;26;7
89;352;5;70;2
90;354;349;1;5
91;359;3;119;2
92;361;59;6;7
93;368;3;122;2
94;370;367;1;3
95;373;5;74;3
96;376;11;34;2
97;378;53;7;7
98;385;383;1;2
99;387;4;96;3
100;390;4;97;2
101;392;11;35;7
102;399;397;1;2
103;401;199;2;3
104;404;401;1;3
105;407;3;135;2
106;409;67;6;7
107;416;3;138;2
108;418;7;59;5
109;423;421;1;2
110;425;11;38;7
111;432;5;86;2
112;434;431;1;3
113;437;7;62;3
114;440;3;146;2
115;442;15;29;7
116;449;9;49;8
117;457;9;50;7
118;464;3;154;2
119;466;463;1;3
120;469;233;2;3
121;472;5;94;2
122;474;467;1;7
123;481;479;1;2
124;483;239;2;5
125;488;3;162;2
126;490;21;23;7
127;497;3;165;2
128;499;4;124;3
129;502;499;1;3
130;505;503;1;2
131;507;10;50;7
132;514;509;1;5
133;519;8;64;7
134;526;4;131;2
135;528;5;105;3
136;531;4;132;3
137;534;4;133;2
138;536;23;23;7
139;543;541;1;2
140;545;6;90;5
141;550;4;137;2
142;552;109;5;7
143;559;557;1;2
144;561;6;93;3
145;564;11;51;3
146;567;5;113;2
147;569;281;2;7
148;576;71;8;8
149;584;577;1;7
150;591;19;31;2
151;593;5;118;3
152;596;593;1;3
153;599;3;199;2
154;601;9;66;7
155;608;3;202;2
156;610;11;55;5
157;615;613;1;2
158;617;10;61;7
159;624;311;2;2
160;626;7;89;3
161;629;313;2;3
162;632;3;210;2
163;634;11;57;7
164;641;3;213;2
165;643;4;160;3
166;646;4;161;2
167;648;641;1;7
168;655;653;1;2
169;657;6;109;3
170;660;9;73;3
171;663;661;1;2
172;665;14;47;7
173;672;5;134;2
174;674;223;3;5
175;679;677;1;2
176;681;337;2;7
177;688;7;98;2
178;690;229;3;3
179;693;5;138;3
180;696;347;2;2
181;698;691;1;7
182;705;17;41;8
183;713;353;2;7
184;720;359;2;2
185;722;719;1;3
186;725;19;38;3
187;728;3;242;2
188;730;241;3;7
189;737;3;245;2
190;739;367;2;5
191;744;7;106;2
192;746;739;1;7
193;753;751;1;2
194;755;4;188;3
195;758;5;151;3
196;761;3;253;2
197;763;743;1;20
198;783;11;71;2
199;785;17;46;3
200;788;5;157;3
201;791;3;263;2
202;793;131;6;7
203;800;3;266;2
204;802;797;1;5
205;807;5;161;2
206;809;401;2;7
207;816;11;74;2
208;818;5;163;3
209;821;409;2;3
210;824;3;274;2
211;826;9;91;7
212;833;11;75;8
213;841;139;6;7
214;848;3;282;2
215;850;7;121;3
216;853;5;170;3
217;856;7;122;2
218;858;23;37;7
219;865;863;1;2
220;867;431;2;5
221;872;3;290;2
222;874;17;51;7
223;881;3;293;2
224;883;4;220;3
225;886;883;1;3
226;889;887;1;2
227;891;13;68;7
228;898;4;224;2
229;900;13;69;3
230;903;17;53;2
231;905;449;2;7
232;912;5;182;2
233;914;911;1;3
234;917;457;2;3
235;920;3;306;2
236;922;15;61;7
237;929;3;309;2
238;931;463;2;5
239;936;467;2;2
240;938;19;49;7
241;945;23;41;2
242;947;4;236;3
243;950;947;1;3
244;953;3;317;2
245;955;12;79;7
246;962;9;106;8
247;970;9;107;7
248;977;3;325;2
249;979;4;244;3
250;982;11;89;3
251;985;983;1;2
252;987;10;98;7
253;994;4;248;2
254;996;991;1;5
255;1001;3;333;2
256;1003;12;83;7
257;1010;3;336;2
258;1012;1009;1;3
259;1015;4;253;3
260;1018;4;254;2
261;1020;337;3;9
262;1029;10;102;9
263;1038;4;259;2
264;1040;17;61;3
265;1043;4;260;3
266;1046;3;348;2
267;1048;347;3;7
268;1055;3;351;2
269;1057;263;4;5
270;1062;4;265;2
271;1064;151;7;7
272;1071;1069;1;2
273;1073;5;214;3
274;1076;29;37;3
275;1079;3;359;2
276;1081;179;6;7
277;1088;9;120;8
278;1096;9;121;7
279;1103;3;367;2
280;1105;19;58;3
281;1108;5;221;3
282;1111;1109;1;2
283;1113;14;79;7
284;1120;13;86;2
285;1122;1117;1;5
286;1127;3;375;2
287;1129;11;102;7
288;1136;3;378;2
289;1138;5;227;3
290;1141;569;2;3
291;1144;571;2;2
292;1146;17;67;7
293;1153;1151;1;2
294;1155;4;288;3
295;1158;4;289;2
296;1160;1153;1;7
297;1167;5;233;2
298;1169;11;106;3
299;1172;7;167;3
300;1175;3;391;2
301;1177;9;130;7
302;1184;3;394;2
303;1186;1181;1;5
304;1191;29;41;2
305;1193;593;2;7
306;1200;599;2;2
307;1202;11;109;3
308;1205;601;2;3
309;1208;3;402;2
310;1210;401;3;7
311;1217;13;93;8
312;1225;14;87;7
313;1232;3;410;2
314;1234;1231;1;3
315;1237;617;2;3
316;1240;619;2;2
317;1242;13;95;7
318;1249;29;43;2
319;1251;7;178;5
320;1256;3;418;2
321;1258;9;139;7
322;1265;3;421;2
323;1267;4;316;3
324;1270;7;181;3
325;1273;31;41;2
326;1275;251;5;20
327;1295;3;431;2
328;1297;647;2;3
329;1300;1297;1;3
330;1303;1301;1;2
331;1305;11;118;7
332;1312;5;262;2
333;1314;7;187;5
334;1319;3;439;2
335;1321;9;146;7
336;1328;3;442;2
337;1330;1327;1;3
338;1333;5;266;3
339;1336;23;58;2
340;1338;11;121;7
341;1345;191;7;8
342;1353;673;2;7
343;1360;7;194;2
344;1362;9;151;3
345;1365;6;227;3
346;1368;683;2;2
347;1370;29;47;7
348;1377;5;275;2
349;1379;6;229;5
350;1384;691;2;2
351;1386;197;7;7
352;1393;13;107;2
353;1395;4;348;3
354;1398;5;279;3
355;1401;1399;1;2
356;1403;349;4;7
357;1410;4;352;2
358;1412;1409;1;3
359;1415;3;471;2
360;1417;10;141;7
361;1424;3;474;2
362;1426;1423;1;3
363;1429;23;62;3
364;1432;5;286;2
365;1434;1427;1;7
366;1441;1439;1;2
367;1443;719;2;5
368;1448;3;482;2
369;1450;13;111;7
370;1457;3;485;2
371;1459;4;364;3
372;1462;1459;1;3
373;1465;7;209;2
374;1467;10;146;7
375;1474;733;2;8
376;1482;25;59;7
377;1489;1487;1;2
378;1491;4;372;3
379;1494;7;213;3
380;1497;5;299;2
381;1499;373;4;7
382;1506;4;376;2
383;1508;9;167;5
384;1513;1511;1;2
385;1515;13;116;7
386;1522;4;380;2
387;1524;9;169;3
388;1527;4;381;3
389;1530;4;382;2
390;1532;25;61;7
391;1539;13;118;5
392;1544;29;53;7
393;1551;1549;1;2
394;1553;5;310;3
395;1556;1553;1;3
396;1559;3;519;2
397;1561;14;111;7
398;1568;3;522;2
399;1570;313;5;5
400;1575;11;143;2
401;1577;10;157;7
402;1584;7;226;2
403;1586;1583;1;3
404;1589;13;122;3
405;1592;3;530;2
406;1594;23;69;7
407;1601;9;177;8
408;1609;9;178;7
409;1616;3;538;2
410;1618;5;323;3
411;1621;809;2;3
412;1624;811;2;2
413;1626;1619;1;7
414;1633;7;233;2
415;1635;10;163;5
416;1640;3;546;2
417;1642;15;109;7
418;1649;3;549;2
419;1651;4;412;3
420;1654;13;127;3
421;1657;5;331;2
422;1659;14;118;7
423;1666;4;416;2
424;1668;5;333;3
425;1671;1669;1;2
426;1673;14;119;7
427;1680;839;2;2
428;1682;23;73;3
429;1685;29;58;3
430;1688;3;562;2
431;1690;9;187;7
432;1697;3;565;2
433;1699;7;242;5
434;1704;23;74;2
435;1706;1699;1;7
436;1713;29;59;2
437;1715;4;428;3
438;1718;5;343;3
439;1721;3;573;2
440;1723;11;156;7
441;1730;14;123;8
442;1738;577;3;7
443;1745;3;581;2
444;1747;4;436;3
445;1750;1747;1;3
446;1753;17;103;2
447;1755;19;92;7
448;1762;4;440;2
449;1764;1759;1;5
450;1769;3;589;2
451;1771;9;196;7
452;1778;3;592;2
453;1780;1777;1;3
454;1783;4;445;3
455;1786;4;446;2
456;1788;26;68;20
457;1808;3;602;2
458;1810;13;139;3
459;1813;5;362;3
460;1816;907;2;2
461;1818;1811;1;7
462;1825;1823;1;2
463;1827;911;2;5
464;1832;3;610;2
465;1834;9;203;7
466;1841;3;613;2
467;1843;4;460;3
468;1846;19;97;3
469;1849;1847;1;2
470;1851;461;4;7
471;1858;10;185;8
472;1866;11;169;7
473;1873;1871;1;2
474;1875;4;468;3
475;1878;5;375;3
476;1881;1879;1;2
477;1883;14;134;7
478;1890;4;472;2
479;1892;17;111;5
480;1897;5;379;2
481;1899;11;172;7
482;1906;4;476;2
483;1908;5;381;3
484;1911;4;477;3
485;1914;4;478;2
486;1916;23;83;7
487;1923;17;113;2
488;1925;31;62;3
489;1928;3;642;2
490;1930;641;3;7
491;1937;3;645;2
492;1939;4;484;3
493;1942;7;277;3
494;1945;29;67;2
495;1947;10;194;7
496;1954;4;488;2
497;1956;1951;1;5
498;1961;3;653;2
499;1963;12;163;7
500;1970;3;656;2
501;1972;11;179;3
502;1975;4;493;3
503;1978;4;494;2
504;1980;1973;1;7
505;1987;1979;1;8
506;1995;14;142;7
507;2002;4;500;2
508;2004;23;87;3
509;2007;4;501;3
510;2010;4;502;2
511;2012;401;5;7
512;2019;2017;1;2
513;2021;6;336;5
514;2026;4;506;2
515;2028;43;47;7
516;2035;19;107;2
517;2037;6;339;3
518;2040;7;291;3
519;2043;13;157;2
520;2045;26;78;17
521;2062;4;515;2
522;2064;9;229;3
523;2067;4;516;3
524;2070;4;517;2
525;2072;35;59;7
526;2079;31;67;2
527;2081;6;346;5
528;2086;4;521;2
529;2088;2081;1;7
530;2095;7;299;2
531;2097;6;349;3
532;2100;9;233;3
533;2103;11;191;2
534;2105;1049;2;7
535;2112;263;8;8
536;2120;2113;1;7
537;2127;5;425;2
538;2129;1063;2;3
539;2132;2129;1;3
540;2135;3;711;2
541;2137;10;213;7
542;2144;3;714;2
543;2146;2141;1;5
544;2151;7;307;2
545;2153;29;74;7
546;2160;13;166;2
547;2162;17;127;3
548;2165;23;94;3
549;2168;3;722;2
550;2170;21;103;7
551;2177;3;725;2
552;2179;4;544;3
553;2182;4;545;2
554;2184;311;7;7
555;2191;11;199;2
556;2193;5;438;3
557;2196;17;129;3
558;2199;13;169;2
559;2201;1097;2;7
560;2208;1103;2;2
561;2210;7;315;5
562;2215;2213;1;2
563;2217;10;221;7
564;2224;11;202;2
565;2226;9;247;3
566;2229;6;371;3
567;2232;5;446;2
568;2234;17;131;7
569;2241;11;203;8
570;2249;19;118;7
571;2256;7;322;2
572;2258;5;451;3
573;2261;1129;2;3
574;2264;3;754;2
575;2266;9;251;7
576;2273;3;757;2
577;2275;10;227;5
578;2280;17;134;2
579;2282;13;175;7
580;2289;2287;1;2
581;2291;4;572;3
582;2294;29;79;3
583;2297;3;765;2
584;2299;43;53;20
585;2319;7;331;2
586;2321;19;122;3
587;2324;11;211;3
588;2327;3;775;2
589;2329;9;258;7
590;2336;3;778;2
591;2338;2333;1;5
592;2343;2341;1;2
593;2345;14;167;7
594;2352;5;470;2
595;2354;2351;1;3
596;2357;11;214;3
597;2360;3;786;2
598;2362;15;157;7
599;2369;787;3;8
600;2377;10;237;7
601;2384;3;794;2
602;2386;2383;1;3
603;2389;1193;2;3
604;2392;5;478;2
605;2394;11;217;7
606;2401;2399;1;2
607;2403;11;218;5
608;2408;3;802;2
609;2410;9;267;7
610;2417;3;805;2
611;2419;4;604;3
612;2422;41;59;3
613;2425;2423;1;2
614;2427;10;242;7
615;2434;4;608;2
616;2436;811;3;3
617;2439;2437;1;2
618;2441;1217;2;7
619;2448;1223;2;2
620;2450;2447;1;3
621;2453;5;490;3
622;2456;3;818;2
623;2458;19;129;7
624;2465;3;821;2
625;2467;1231;2;5
626;2472;5;494;2
627;2474;2467;1;7
628;2481;37;67;2
629;2483;4;620;3
630;2486;13;191;3
631;2489;3;829;2
632;2491;9;276;7
633;2498;10;249;8
634;2506;17;147;7
635;2513;3;837;2
636;2515;4;628;3
637;2518;5;503;3
638;2521;11;229;2
639;2523;17;148;7
640;2530;4;632;2
641;2532;7;361;5
642;2537;3;845;2
643;2539;12;211;7
644;2546;3;848;2
645;2548;5;509;3
646;2551;4;637;3
647;2554;4;638;2
648;2556;2549;1;7
649;2563;1279;2;5
650;2568;13;197;7
651;2575;31;83;2
652;2577;6;429;3
653;2580;859;3;3
654;2583;29;89;2
655;2585;1289;2;7
656;2592;5;518;2
657;2594;863;3;5
658;2599;7;371;2
659;2601;1297;2;7
660;2608;1303;2;2
661;2610;11;237;3
662;2613;5;522;3
663;2616;1307;2;2
664;2618;373;7;7
665;2625;2617;1;8
666;2633;13;202;7
667;2640;1319;2;2
668;2642;7;377;3
669;2645;1321;2;3
670;2648;3;882;2
671;2650;881;3;7
672;2657;3;885;2
673;2659;1327;2;5
674;2664;11;242;2
675;2666;2659;1;7
676;2673;2671;1;2
677;2675;4;668;3
678;2678;5;535;3
679;2681;3;893;2
680;2683;12;223;7
681;2690;3;896;2
682;2692;2689;1;3
683;2695;2693;1;2
684;2697;10;269;7
685;2704;7;386;2
686;2706;17;159;3
687;2709;6;451;3
688;2712;5;542;2
689;2714;2707;1;7
690;2721;2719;1;2
691;2723;6;453;5
692;2728;29;94;2
693;2730;389;7;7
694;2737;5;547;2
695;2739;4;684;3
696;2742;11;249;3
697;2745;13;211;2
698;2747;10;274;7
699;2754;1373;2;8
700;2762;19;145;7
701;2769;2767;1;2
702;2771;4;692;3
703;2774;17;163;3
704;2777;3;925;2
705;2779;9;308;7
706;2786;3;928;2
707;2788;11;253;5
708;2793;2791;1;2
709;2795;17;164;7
710;2802;4;700;2
711;2804;2801;1;3
712;2807;4;701;3
713;2810;3;936;2
714;2812;349;8;20
715;2832;5;566;2
716;2834;19;149;3
717;2837;13;218;3
718;2840;3;946;2
719;2842;9;315;7
720;2849;3;949;2
721;2851;1423;2;5
722;2856;1427;2;2
723;2858;2851;1;7
724;2865;7;409;2
725;2867;4;716;3
726;2870;47;61;3
727;2873;3;957;2
728;2875;12;239;7
729;2882;479;6;8
730;2890;31;93;7
731;2897;3;965;2
732;2899;4;724;3
733;2902;13;223;3
734;2905;2903;1;2
735;2907;10;290;7
736;2914;4;728;2
737;2916;41;71;5
738;2921;3;973;2
739;2923;9;324;7
740;2930;3;976;2
741;2932;29;101;3
742;2935;4;733;3
743;2938;4;734;2
744;2940;419;7;7
745;2947;5;589;2
746;2949;6;491;3
747;2952;5;590;2
748;2954;421;7;7
749;2961;11;269;2
750;2963;4;740;3
751;2966;2963;1;3
752;2969;3;989;2
753;2971;12;247;7
754;2978;3;992;2
755;2980;7;425;5
756;2985;19;157;2
757;2987;10;298;7
758;2994;4;748;2
759;2996;41;73;3
760;2999;4;749;3
761;3002;3;1000;2
762;3004;9;333;7
763;3011;11;273;8
764;3019;12;251;7
765;3026;3;1008;2
766;3028;5;605;3
767;3031;4;757;3
768;3034;4;758;2
769;3036;13;233;7
770;3043;3041;1;2
771;3045;8;380;5
772;3050;3;1016;2
773;3052;15;203;7
774;3059;3;1019;2
775;3061;11;278;3
776;3064;3061;1;3
777;3067;5;613;2
778;3069;10;306;9
779;3078;11;279;9
780;3087;5;617;2
781;3089;1543;2;3
782;3092;3089;1;3
783;3095;3;1031;2
784;3097;10;309;7
785;3104;3;1034;2
786;3106;7;443;5
787;3111;3109;1;2
788;3113;1553;2;7
789;3120;1559;2;2
790;3122;3119;1;3
791;3125;7;446;3
792;3128;3;1042;2
793;3130;9;347;7
794;3137;21;149;8
795;3145;523;6;7
796;3152;3;1050;2
797;3154;23;137;3
798;3157;19;166;3
799;3160;1579;2;2
800;3162;631;5;7
801;3169;3167;1;2
802;3171;1583;2;5
803;3176;3;1058;2
804;3178;21;151;7
805;3185;3;1061;2
806;3187;4;796;3
807;3190;3187;1;3
808;3193;3191;1;2
809;3195;797;4;7
810;3202;4;800;2
811;3204;11;291;3
812;3207;5;641;2
813;3209;1601;2;7
814;3216;1607;2;2
815;3218;5;643;3
816;3221;1609;2;3
817;3224;3;1074;2
818;3226;29;111;7
819;3233;3;1077;2
820;3235;10;323;5
821;3240;1619;2;2
822;3242;647;5;7
823;3249;17;191;2
824;3251;4;812;3
825;3254;3251;1;3
826;3257;3;1085;2
827;3259;12;271;7
828;3266;9;362;8
829;3274;9;363;7
830;3281;3;1093;2
831;3283;4;820;3
832;3286;7;469;3
833;3289;19;173;2
834;3291;821;4;7
835;3298;4;824;2
836;3300;659;5;5
837;3305;3;1101;2
838;3307;10;330;7
839;3314;3;1104;2
840;3316;3313;1;3
841;3319;4;829;3
842;3322;4;830;2
843;3324;28;118;20
844;3344;3;1114;2
845;3346;3343;1;3
846;3349;7;478;3
847;3352;5;670;2
848;3354;3347;1;7
849;3361;3359;1;2
850;3363;23;146;5
851;3368;3;1122;2
852;3370;19;177;7
853;3377;3;1125;2
854;3379;4;844;3
855;3382;31;109;3
856;3385;17;199;2
857;3387;10;338;7
858;3394;1693;2;8
859;3402;35;97;7
860;3409;3407;1;2
861;3411;4;852;3
862;3414;9;379;3
863;3417;5;683;2
864;3419;853;4;7
865;3426;4;856;2
866;3428;7;489;5
867;3433;47;73;2
868;3435;857;4;7
869;3442;4;860;2
870;3444;31;111;3
871;3447;4;861;3
872;3450;4;862;2
873;3452;13;265;7
874;3459;3457;1;2
875;3461;7;494;3
876;3464;3;1154;2
877;3466;1153;3;7
878;3473;3;1157;2
879;3475;4;868;3
880;3478;5;695;3
881;3481;7;497;2
882;3483;11;316;7
883;3490;4;872;2
884;3492;11;317;5
885;3497;3;1165;2
886;3499;9;388;7
887;3506;3;1168;2
888;3508;5;701;3
889;3511;4;877;3
890;3514;4;878;2
891;3516;11;319;7
892;3523;19;185;8
893;3531;881;4;7
894;3538;4;884;2
895;3540;9;393;3
896;3543;4;885;3
897;3546;4;886;2
898;3548;3541;1;7
899;3555;11;323;2
900;3557;6;592;5
901;3562;4;890;2
902;3564;3557;1;7
903;3571;43;83;2
904;3573;5;714;3
905;3576;9;397;3
906;3579;7;511;2
907;3581;1787;2;7
908;3588;3583;1;5
909;3593;11;326;7
910;3600;7;514;2
911;3602;59;61;3
912;3605;1801;2;3
913;3608;3;1202;2
914;3610;1201;3;7
915;3617;3;1205;2
916;3619;13;278;5
917;3624;1811;2;2
918;3626;11;329;7
919;3633;3631;1;2
920;3635;4;908;3
921;3638;5;727;3
922;3641;3;1213;2
923;3643;9;404;7
924;3650;607;6;8
925;3658;1217;3;7
926;3665;3;1221;2
927;3667;4;916;3
928;3670;19;193;3
929;3673;3671;1;2
930;3675;14;262;7
931;3682;4;920;2
932;3684;13;283;5
933;3689;3;1229;2
934;3691;12;307;7
935;3698;3;1232;2
936;3700;3697;1;3
937;3703;4;925;3
938;3706;4;926;2
939;3708;3701;1;7
940;3715;47;79;2
941;3717;6;619;3
942;3720;11;338;2
943;3722;743;5;7
944;3729;3727;1;2
945;3731;4;932;3
946;3734;7;533;3
947;3737;3;1245;2
948;3739;12;311;7
949;3746;3;1248;2
950;3748;19;197;5
951;3753;11;341;2
952;3755;937;4;7
953;3762;4;940;2
954;3764;3761;1;3
955;3767;4;941;3
956;3770;3;1256;2
957;3772;15;251;7
958;3779;9;419;8
959;3787;9;420;7
960;3794;3;1264;2
961;3796;3793;1;3
962;3799;4;949;3
963;3802;4;950;2
964;3804;3797;1;7
965;3811;13;293;2
966;3813;7;544;5
967;3818;3;1272;2
968;3820;31;123;7
969;3827;3;1275;2
970;3829;1913;2;3
971;3832;7;547;3
972;3835;3833;1;2
973;3837;347;11;20
974;3857;3;1285;2
975;3859;4;964;3
976;3862;17;227;3
977;3865;3863;1;2
978;3867;10;386;7
979;3874;4;968;2
980;3876;7;553;5
981;3881;3;1293;2
982;3883;12;323;7
983;3890;3;1296;2
984;3892;3889;1;3
985;3895;4;973;3
986;3898;4;974;2
987;3900;17;229;7
988;3907;557;7;8
989;3915;977;4;7
990;3922;4;980;2
991;3924;1307;3;3
992;3927;4;981;3
993;3930;4;982;2
994;3932;25;157;7
995;3939;31;127;2
996;3941;6;656;5
997;3946;4;986;2
998;3948;563;7;7
999;3955;59;67;2
1000;3957;6;659;3
1001;3960;1319;3;3
1002;3963;17;233;2
1003;3965;1979;2;7
1004;3972;5;794;2
1005;3974;11;361;3
1006;3977;3;1325;2
1007;3979;12;331;7
1008;3986;3;1328;2
1009;3988;5;797;3
1010;3991;4;997;3
1011;3994;4;998;2
1012;3996;3989;1;7
1013;4003;4001;1;2
1014;4005;8;500;5
1015;4010;3;1336;2
1016;4012;9;445;7
1017;4019;3;1339;2
1018;4021;7;574;3
1019;4024;4021;1;3
1020;4027;5;805;2
1021;4029;2011;2;7
1022;4036;19;212;8
1023;4044;11;367;7
1024;4051;4049;1;2
1025;4053;5;810;3
1026;4056;7;579;3
1027;4059;4057;1;2
1028;4061;2027;2;7
1029;4068;19;214;2
1030;4070;15;271;5
1031;4075;4073;1;2
1032;4077;10;407;7
1033;4084;13;314;2
1034;4086;1361;3;3
1035;4089;6;681;3
1036;4092;5;818;2
1037;4094;61;67;7
1038;4101;4099;1;2
1039;4103;8;512;7
1040;4110;4;1027;2
1041;4112;7;587;3
1042;4115;4;1028;3
1043;4118;3;1372;2
1044;4120;9;457;7
1045;4127;3;1375;2
1046;4129;1031;4;5
1047;4134;4;1033;2
1048;4136;4129;1;7
1049;4143;41;101;2
1050;4145;19;218;3
1051;4148;5;829;3
1052;4151;3;1383;2
1053;4153;691;6;7
1054;4160;12;346;8
1055;4168;19;219;7
1056;4175;3;1391;2
1057;4177;2087;2;3
1058;4180;4177;1;3
1059;4183;37;113;2
1060;4185;2089;2;7
1061;4192;5;838;2
1062;4194;59;71;5
1063;4199;3;1399;2
1064;4201;9;466;7
1065;4208;3;1402;2
1066;4210;7;601;3
1067;4213;5;842;3
1068;4216;7;602;2
1069;4218;4211;1;7
1070;4225;41;103;2
1071;4227;4;1056;3
1072;4230;4;1057;2
1073;4232;13;325;7
1074;4239;19;223;2
1075;4241;13;326;3
1076;4244;4241;1;3
1077;4247;3;1415;2
1078;4249;14;303;7
1079;4256;3;1418;2
1080;4258;4253;1;5
1081;4263;4261;1;2
1082;4265;2129;2;7
1083;4272;5;854;2
1084;4274;4271;1;3
1085;4277;2137;2;3
1086;4280;3;1426;2
1087;4282;9;475;7
1088;4289;1427;3;8
1089;4297;10;429;7
1090;4304;3;1434;2
1091;4306;13;331;3
1092;4309;2153;2;3
1093;4312;5;862;2
1094;4314;59;73;7
1095;4321;7;617;2
1096;4323;17;254;5
1097;4328;3;1442;2
1098;4330;11;393;7
1099;4337;3;1445;2
1100;4339;4;1084;3
1101;4342;4339;1;3
1102;4345;43;101;2
1103;4347;4327;1;20
1104;4367;3;1455;2
1105;4369;37;118;3
1106;4372;17;257;3
1107;4375;4373;1;2
1108;4377;10;437;7
1109;4384;7;626;2
1110;4386;13;337;5
1111;4391;3;1463;2
1112;4393;17;258;7
1113;4400;3;1466;2
1114;4402;53;83;3
1115;4405;31;142;3
1116;4408;2203;2;2
1117;4410;17;259;7
1118;4417;4409;1;8
1119;4425;47;94;7
1120;4432;5;886;2
1121;4434;7;633;3
1122;4437;6;739;3
1123;4440;7;634;2
1124;4442;887;5;7
1125;4449;4447;1;2
1126;4451;6;741;5
1127;4456;17;262;2
1128;4458;4451;1;7
1129;4465;4463;1;2
1130;4467;4;1116;3
1131;4470;1489;3;3
1132;4473;17;263;2
1133;4475;1117;4;7
1134;4482;4;1120;2
1135;4484;4481;1;3
1136;4487;3;1495;2
1137;4489;9;498;7
1138;4496;3;1498;2
1139;4498;5;899;3
1140;4501;13;346;3
1141;4504;2251;2;2
1142;4506;11;409;7
1143;4513;13;347;2
1144;4515;10;451;5
1145;4520;3;1506;2
1146;4522;15;301;7
1147;4529;3;1509;2
1148;4531;4;1132;3
1149;4534;23;197;3
1150;4537;5;907;2
1151;4539;11;412;7
1152;4546;2269;2;8
1153;4554;4547;1;7
1154;4561;47;97;2
1155;4563;4;1140;3
1156;4566;9;507;3
1157;4569;4567;1;2
1158;4571;14;326;7
1159;4578;4;1144;2
1160;4580;15;305;5
1161;4585;4583;1;2
1162;4587;10;458;7
1163;4594;4;1148;2
1164;4596;1531;3;3
1165;4599;4;1149;3
1166;4602;4;1150;2
1167;4604;4597;1;7
1168;4611;7;658;5
1169;4616;11;419;7
1170;4623;4621;1;2
1171;4625;2311;2;3
1172;4628;5;925;3
1173;4631;3;1543;2
1174;4633;9;514;7
1175;4640;3;1546;2
1176;4642;4637;1;5
1177;4647;5;929;2
1178;4649;11;422;7
1179;4656;13;358;2
1180;4658;5;931;3
1181;4661;17;274;3
1182;4664;3;1554;2
1183;4666;1553;3;7
1184;4673;15;311;8
1185;4681;19;246;7
1186;4688;3;1562;2
1187;4690;43;109;3
1188;4693;5;938;3
1189;4696;2347;2;2
1190;4698;4691;1;7
1191;4705;4703;1;2
1192;4707;2351;2;5
1193;4712;3;1570;2
1194;4714;9;523;7
1195;4721;3;1573;2
1196;4723;4;1180;3
1197;4726;4723;1;3
1198;4729;29;163;2
1199;4731;1181;4;7
1200;4738;4;1184;2
1201;4740;1579;3;3
1202;4743;11;431;2
1203;4745;23;206;7
1204;4752;5;950;2
1205;4754;4751;1;3
1206;4757;2377;2;3
1207;4760;3;1586;2
1208;4762;15;317;7
1209;4769;3;1589;2
1210;4771;2383;2;5
1211;4776;7;682;2
1212;4778;13;367;7
1213;4785;4783;1;2
1214;4787;4;1196;3
1215;4790;4787;1;3
1216;4793;3;1597;2
1217;4795;9;532;7
1218;4802;17;282;8
1219;4810;1601;3;7
1220;4817;3;1605;2
1221;4819;4;1204;3
1222;4822;61;79;3
1223;4825;7;689;2
1224;4827;10;482;7
1225;4834;4;1208;2
1226;4836;4831;1;5
1227;4841;3;1613;2
1228;4843;12;403;7
1229;4850;3;1616;2
1230;4852;13;373;3
1231;4855;4;1213;3
1232;4858;4;1214;2
1233;4860;22;220;20
1234;4880;3;1626;2
1235;4882;7;697;3
1236;4885;2441;2;3
1237;4888;7;698;2
1238;4890;19;257;7
1239;4897;5;979;2
1240;4899;2447;2;5
1241;4904;3;1634;2
1242;4906;23;213;7
1243;4913;3;1637;2
1244;4915;4;1228;3
1245;4918;5;983;3
1246;4921;4919;1;2
1247;4923;1229;4;7
1248;4930;23;214;8
1249;4938;4931;1;7
1250;4945;4943;1;2
1251;4947;4;1236;3
1252;4950;17;291;3
1253;4953;4951;1;2
1254;4955;1237;4;7
1255;4962;4;1240;2
1256;4964;9;551;5
1257;4969;4967;1;2
1258;4971;17;292;7
1259;4978;4;1244;2
1260;4980;7;711;3
1261;4983;4;1245;3
1262;4986;4;1246;2
1263;4988;17;293;7
1264;4995;4993;1;2
1265;4997;11;454;3
1266;5000;3;1666;2
1267;5002;9;555;7
1268;5009;3;1669;2
1269;5011;4;1252;3
1270;5014;5011;1;3
1271;5017;5;1003;2
1272;5019;14;358;7
1273;5026;4;1256;2
1274;5028;5023;1;5
1275;5033;3;1677;2
1276;5035;12;419;7
1277;5042;3;1680;2
1278;5044;71;71;3
1279;5047;4;1261;3
1280;5050;4;1262;2
1281;5052;1009;5;7
1282;5059;5051;1;8
1283;5067;10;506;7
1284;5074;4;1268;2
1285;5076;19;267;3
1286;5079;4;1269;3
1287;5082;4;1270;2
1288;5084;5077;1;7
1289;5091;7;727;2
1290;5093;6;848;5
1291;5098;4;1274;2
1292;5100;11;463;7
1293;5107;5;1021;2
1294;5109;6;851;3
1295;5112;13;393;3
1296;5115;5113;1;2
1297;5117;1277;4;9
1298;5126;17;301;9
1299;5135;3;1711;2
1300;5137;17;302;3
1301;5140;11;467;3
1302;5143;53;97;2
1303;5145;14;367;7
1304;5152;5;1030;2
1305;5154;19;271;5
1306;5159;3;1719;2
1307;5161;859;6;7
1308;5168;3;1722;2
1309;5170;5167;1;3
1310;5173;5;1034;3
1311;5176;13;398;2
1312;5178;5171;1;7
1313;5185;31;167;8
1314;5193;2593;2;7
1315;5200;23;226;2
1316;5202;1733;3;3
1317;5205;6;867;3
1318;5208;19;274;2
1319;5210;11;473;7
1320;5217;5;1043;2
1321;5219;6;869;5
1322;5224;7;746;2
1323;5226;17;307;7
1324;5233;5231;1;2
1325;5235;4;1308;3
1326;5238;5;1047;3
1327;5241;13;403;2
1328;5243;11;476;7
1329;5250;4;1312;2
1330;5252;29;181;3
1331;5255;3;1751;2
1332;5257;10;525;7
1333;5264;3;1754;2
1334;5266;19;277;3
1335;5269;2633;2;3
1336;5272;5;1054;2
1337;5274;23;229;7
1338;5281;5279;1;2
1339;5283;7;754;5
1340;5288;3;1762;2
1341;5290;9;587;7
1342;5297;3;1765;2
1343;5299;4;1324;3
1344;5302;7;757;3
1345;5305;5303;1;2
1346;5307;10;530;7
1347;5314;14;379;8
1348;5322;1063;5;7
1349;5329;7;761;2
1350;5331;4;1332;3
1351;5334;1777;3;3
1352;5337;5;1067;2
1353;5339;31;172;7
1354;5346;4;1336;2
1355;5348;13;411;5
1356;5353;5351;1;2
1357;5355;14;382;7
1358;5362;4;1340;2
1359;5364;1787;3;3
1360;5367;4;1341;3
1361;5370;4;1342;2
1362;5372;24;223;20
1363;5392;5;1078;2
1364;5394;9;599;3
1365;5397;6;899;3
1366;5400;2699;2;2
1367;5402;13;415;7
1368;5409;5407;1;2
1369;5411;6;901;5
1370;5416;2707;2;2
1371;5418;773;7;7
1372;5425;11;493;2
1373;5427;4;1356;3
1374;5430;9;603;3
1375;5433;5431;1;2
1376;5435;23;236;7
1377;5442;11;494;8
1378;5450;5443;1;7
1379;5457;5;1091;2
1380;5459;4;1364;3
1381;5462;53;103;3
1382;5465;3;1821;2
1383;5467;10;546;7
1384;5474;3;1824;2
1385;5476;5471;1;5
1386;5481;5479;1;2
1387;5483;37;148;7
1388;5490;4;1372;2
1389;5492;11;499;3
1390;5495;4;1373;3
1391;5498;3;1832;2
1392;5500;1831;3;7
1393;5507;3;1835;2
1394;5509;2753;2;3
1395;5512;5;1102;2
1396;5514;5507;1;7
1397;5521;5519;1;2
1398;5523;4;1380;3
1399;5526;7;789;3
1400;5529;5527;1;2
1401;5531;1381;4;7
1402;5538;4;1384;2
1403;5540;9;615;5
1404;5545;23;241;2
1405;5547;10;554;7
1406;5554;4;1388;2
1407;5556;9;617;3
1408;5559;4;1389;3
1409;5562;4;1390;2
1410;5564;5557;1;7
1411;5571;5563;1;8
1412;5579;14;398;7
1413;5586;4;1396;2
1414;5588;5;1117;3
1415;5591;4;1397;3
1416;5594;3;1864;2
1417;5596;9;621;7
1418;5603;3;1867;2
1419;5605;7;800;5
1420;5610;4;1402;2
1421;5612;19;295;7
1422;5619;41;137;2
1423;5621;53;106;3
1424;5624;7;803;3
1425;5627;3;1875;2
1426;5629;937;6;7
1427;5636;1877;3;5
1428;5641;9;626;7
1429;5648;3;1882;2
1430;5650;5647;1;3
1431;5653;5;1130;3
1432;5656;11;514;2
1433;5658;5651;1;7
1434;5665;7;809;2
1435;5667;19;298;5
1436;5672;3;1890;2
1437;5674;1889;3;7
1438;5681;3;1893;2
1439;5683;4;1420;3
1440;5686;5683;1;3
1441;5689;11;517;2
1442;5691;14;406;7
1443;5698;10;569;8
1444;5706;41;139;7
1445;5713;5711;1;2
1446;5715;4;1428;3
1447;5718;5;1143;3
1448;5721;7;817;2
1449;5723;1429;4;7
1450;5730;4;1432;2
1451;5732;23;249;5
1452;5737;5;1147;2
1453;5739;1433;4;7
1454;5746;4;1436;2
1455;5748;5;1149;3
1456;5751;4;1437;3
1457;5754;4;1438;2
1458;5756;5749;1;7
1459;5763;7;823;2
1460;5765;43;134;3
1461;5768;3;1922;2
1462;5770;17;339;7
1463;5777;3;1925;2
1464;5779;4;1444;3
1465;5782;5779;1;3
1466;5785;5783;1;2
1467;5787;10;578;7
1468;5794;4;1448;2
1469;5796;5791;1;5
1470;5801;3;1933;2
1471;5803;9;644;7
1472;5810;3;1936;2
1473;5812;37;157;3
1474;5815;4;1453;3
1475;5818;4;1454;2
1476;5820;5813;1;7
1477;5827;11;529;8
1478;5835;31;188;7
1479;5842;4;1460;2
1480;5844;9;649;3
1481;5847;4;1461;3
1482;5850;4;1462;2
1483;5852;35;167;7
1484;5859;5857;1;2
1485;5861;6;976;5
1486;5866;4;1466;2
1487;5868;5861;1;7
1488;5875;7;839;2
1489;5877;6;979;3
1490;5880;9;653;3
1491;5883;5881;1;2
1492;5885;23;255;20
1493;5905;5903;1;2
1494;5907;4;1476;3
1495;5910;11;537;3
1496;5913;23;257;2
1497;5915;14;422;7
1498;5922;4;1480;2
1499;5924;1973;3;5
1500;5929;5927;1;2
1501;5931;1481;4;7
1502;5938;4;1484;2
1503;5940;1979;3;3
1504;5943;4;1485;3
1505;5946;4;1486;2
1506;5948;13;457;7
1507;5955;19;313;8
1508;5963;1489;4;7
1509;5970;4;1492;2
1510;5972;47;127;3
1511;5975;4;1493;3
1512;5978;3;1992;2
1513;5980;11;543;7
1514;5987;3;1995;2
1515;5989;8;748;5
1516;5994;4;1498;2
1517;5996;53;113;7
1518;6003;17;353;2
1519;6005;3001;2;3
1520;6008;5;1201;3
1521;6011;3;2003;2
1522;6013;11;546;7
1523;6020;3;2006;2
1524;6022;13;463;3
1525;6025;19;317;2
1526;6027;10;602;7
1527;6034;4;1508;2
1528;6036;2011;3;3
1529;6039;4;1509;3
1530;6042;4;1510;2
1531;6044;6037;1;7
1532;6051;23;263;2
1533;6053;6;1008;5
1534;6058;4;1514;2
1535;6060;6053;1;7
1536;6067;5;1213;2
1537;6069;6;1011;3
1538;6072;7;867;3
1539;6075;6073;1;2
1540;6077;10;607;7
1541;6084;14;434;8
1542;6092;1217;5;7
1543;6099;7;871;2
1544;6101;3049;2;3
1545;6104;6101;1;3
1546;6107;3;2035;2
1547;6109;9;678;7
1548;6116;3;2038;2
1549;6118;6113;1;5
1550;6123;6121;1;2
1551;6125;14;437;7
1552;6132;5;1226;2
1553;6134;6131;1;3
1554;6137;3067;2;3
1555;6140;3;2046;2
1556;6142;25;245;17
1557;6159;47;131;2
1558;6161;3079;2;3
1559;6164;61;101;3
1560;6167;3;2055;2
1561;6169;13;474;7
1562;6176;3;2058;2
1563;6178;6173;1;5
1564;6183;7;883;2
1565;6185;3089;2;7
1566;6192;5;1238;2
1567;6194;41;151;3
1568;6197;19;326;3
1569;6200;3;2066;2
1570;6202;15;413;7
1571;6209;9;689;8
1572;6217;9;690;7
1573;6224;3;2074;2
1574;6226;7;889;3
1575;6229;11;566;3
1576;6232;5;1246;2
1577;6234;13;479;7
1578;6241;17;367;2
1579;6243;3119;2;5
1580;6248;3;2082;2
1581;6250;2081;3;7
1582;6257;3;2085;2
1583;6259;4;1564;3
1584;6262;11;569;3
1585;6265;6263;1;2
1586;6267;10;626;7
1587;6274;4;1568;2
1588;6276;9;697;3
1589;6279;6277;1;2
1590;6281;3137;2;7
1591;6288;7;898;2
1592;6290;6287;1;3
1593;6293;5;1258;3
1594;6296;3;2098;2
1595;6298;9;699;7
1596;6305;3;2101;2
1597;6307;23;274;5
1598;6312;5;1262;2
1599;6314;17;371;7
1600;6321;71;89;2
1601;6323;4;1580;3
1602;6326;6323;1;3
1603;6329;3;2109;2
1604;6331;12;527;7
1605;6338;10;633;8
1606;6346;2113;3;7
1607;6353;3;2117;2
1608;6355;4;1588;3
1609;6358;5;1271;3
1610;6361;6359;1;2
1611;6363;14;454;7
1612;6370;4;1592;2
1613;6372;6367;1;5
1614;6377;3;2125;2
1615;6379;9;708;7
1616;6386;3;2128;2
1617;6388;5;1277;3
1618;6391;4;1597;3
1619;6394;4;1598;2
1620;6396;797;8;20
1621;6416;3;2138;2
1622;6418;5;1283;3
1623;6421;3209;2;3
1624;6424;13;494;2
1625;6426;49;131;7
1626;6433;59;109;2
1627;6435;10;643;5
1628;6440;3;2146;2
1629;6442;9;715;7
1630;6449;3;2149;2
1631;6451;4;1612;3
1632;6454;6451;1;3
1633;6457;5;1291;2
1634;6459;1613;4;7
1635;6466;3229;2;8
1636;6474;29;223;7
1637;6481;11;589;2
1638;6483;4;1620;3
1639;6486;2161;3;3
1640;6489;13;499;2
1641;6491;1621;4;7
1642;6498;4;1624;2
1643;6500;15;433;5
1644;6505;7;929;2
1645;6507;10;650;7
1646;6514;4;1628;2
1647;6516;13;501;3
1648;6519;4;1629;3
1649;6522;4;1630;2
1650;6524;19;343;7
1651;6531;6529;1;2
1652;6533;5;1306;3
1653;6536;3;2178;2
1654;6538;21;311;7
1655;6545;3;2181;2
1656;6547;4;1636;3
1657;6550;6547;1;3
1658;6553;6551;1;2
1659;6555;1637;4;7
1660;6562;4;1640;2
1661;6564;7;937;5
1662;6569;3;2189;2
1663;6571;12;547;7
1664;6578;3;2192;2
1665;6580;6577;1;3
1666;6583;4;1645;3
1667;6586;4;1646;2
1668;6588;6581;1;7
1669;6595;941;7;8
1670;6603;17;388;7
1671;6610;4;1652;2
1672;6612;2203;3;3
1673;6615;4;1653;3
1674;6618;4;1654;2
1675;6620;17;389;7
1676;6627;5;1325;2
1677;6629;6;1104;5
1678;6634;4;1658;2
1679;6636;947;7;7
1680;6643;29;229;2
1681;6645;6;1107;3
1682;6648;5;1329;3
1683;6651;61;109;2
1684;6653;3323;2;7
1685;6660;11;605;5
1686;6665;3329;2;7
1687;6672;5;1334;2
1688;6674;7;953;3
1689;6677;47;142;3
1690;6680;3;2226;2
1691;6682;15;445;7
1692;6689;3;2229;2
1693;6691;3343;2;5
1694;6696;3347;2;2
1695;6698;6691;1;7
1696;6705;6703;1;2
1697;6707;4;1676;3
1698;6710;19;353;3
1699;6713;3;2237;2
1700;6715;12;559;7
1701;6722;9;746;8
1702;6730;9;747;7
1703;6737;3;2245;2
1704;6739;4;1684;3
1705;6742;23;293;3
1706;6745;11;613;2
1707;6747;10;674;7
1708;6754;4;1688;2
1709;6756;43;157;5
1710;6761;3;2253;2
1711;6763;12;563;7
1712;6770;3;2256;2
1713;6772;7;967;3
1714;6775;4;1693;3
1715;6778;4;1694;2
1716;6780;13;521;7
1717;6787;5;1357;2
1718;6789;6;1131;3
1719;6792;5;1358;2
1720;6794;11;617;7
1721;6801;13;523;2
1722;6803;4;1700;3
1723;6806;6803;1;3
1724;6809;3;2269;2
1725;6811;9;756;7
1726;6818;3;2272;2
1727;6820;29;235;5
1728;6825;6823;1;2
1729;6827;10;682;7
1730;6834;4;1708;2
1731;6836;6833;1;3
1732;6839;4;1709;3
1733;6842;3;2280;2
1734;6844;43;159;7
1735;6851;2281;3;8
1736;6859;12;571;7
1737;6866;3;2288;2
1738;6868;5;1373;3
1739;6871;4;1717;3
1740;6874;4;1718;2
1741;6876;6869;1;7
1742;6883;7;983;2
1743;6885;8;860;5
1744;6890;3;2296;2
1745;6892;9;765;7
1746;6899;3;2299;2
1747;6901;3449;2;3
1748;6904;67;103;3
1749;6907;5;1381;2
1750;6909;83;83;20
1751;6929;3;2309;2
1752;6931;4;1732;3
1753;6934;29;239;3
1754;6937;5;1387;2
1755;6939;1733;4;7
1756;6946;4;1736;2
1757;6948;53;131;5
1758;6953;3;2317;2
1759;6955;9;772;7
1760;6962;3;2320;2
1761;6964;6961;1;3
1762;6967;4;1741;3
1763;6970;4;1742;2
1764;6972;35;199;7
1765;6979;6971;1;8
1766;6987;10;698;7
1767;6994;4;1748;2
1768;6996;7;999;3
1769;6999;4;1749;3
1770;7002;4;1750;2
1771;7004;6997;1;7
1772;7011;43;163;2
1773;7013;6;1168;5
1774;7018;4;1754;2
1775;7020;7013;1;7
1776;7027;5;1405;2
1777;7029;6;1171;3
1778;7032;9;781;3
1779;7035;13;541;2
1780;7037;10;703;7
1781;7044;7;1006;2
1782;7046;7043;1;3
1783;7049;3;2349;2
1784;7051;12;587;7
1785;7058;3;2352;2
1786;7060;7057;1;3
1787;7063;4;1765;3
1788;7066;4;1766;2
1789;7068;23;307;7
1790;7075;11;643;2
1791;7077;8;884;5
1792;7082;3;2360;2
1793;7084;21;337;7
1794;7091;3;2363;2
1795;7093;5;1418;3
1796;7096;41;173;3
1797;7099;47;151;2
1798;7101;3547;2;7
1799;7108;10;710;8
1800;7116;7109;1;7
1801;7123;7121;1;2
1802;7125;6;1187;3
1803;7128;5;1425;3
1804;7131;7129;1;2
1805;7133;14;509;7
1806;7140;43;166;2
1807;7142;9;793;5
1808;7147;5;1429;2
1809;7149;3571;2;7
1810;7156;7;1022;2
1811;7158;5;1431;3
1812;7161;6;1193;3
1813;7164;3581;2;2
1814;7166;17;421;9
1815;7175;3583;2;9
1816;7184;3;2394;2
1817;7186;11;653;3
1818;7189;3593;2;3
1819;7192;5;1438;2
1820;7194;7187;1;7
1821;7201;23;313;2
1822;7203;59;122;5
1823;7208;3;2402;2
1824;7210;21;343;7
1825;7217;3;2405;2
1826;7219;4;1804;3
1827;7222;7219;1;3
1828;7225;31;233;2
1829;7227;10;722;7
1830;7234;3613;2;8
1831;7242;1447;5;7
1832;7249;7247;1;2
1833;7251;4;1812;3
1834;7254;2417;3;3
1835;7257;5;1451;2
1836;7259;14;518;7
1837;7266;4;1816;2
1838;7268;9;807;5
1839;7273;11;661;2
1840;7275;23;316;7
1841;7282;4;1820;2
1842;7284;9;809;3
1843;7287;4;1821;3
1844;7290;4;1822;2
1845;7292;31;235;7
1846;7299;7297;1;2
1847;7301;41;178;3
1848;7304;3;2434;2
1849;7306;9;811;7
1850;7313;3;2437;2
1851;7315;4;1828;3
1852;7318;5;1463;3
1853;7321;13;563;2
1854;7323;31;236;7
1855;7330;4;1832;2
1856;7332;17;431;5
1857;7337;3;2445;2
1858;7339;12;611;7
1859;7346;3;2448;2
1860;7348;5;1469;3
1861;7351;4;1837;3
1862;7354;4;1838;2
1863;7356;7349;1;7
1864;7363;1471;5;8
1865;7371;14;526;7
1866;7378;4;1844;2
1867;7380;2459;3;3
1868;7383;4;1845;3
1869;7386;4;1846;2
1870;7388;11;671;7
1871;7395;7393;1;2
1872;7397;6;1232;5
1873;7402;4;1850;2
1874;7404;13;569;7
1875;7411;31;239;2
1876;7413;5;1482;3
1877;7416;7;1059;3
1878;7419;7417;1;2
1879;7421;2467;3;20
1880;7441;43;173;2
1881;7443;4;1860;3
1882;7446;9;827;3
1883;7449;11;677;2
1884;7451;1861;4;7
1885;7458;4;1864;2
1886;7460;7;1065;5
1887;7465;17;439;2
1888;7467;10;746;7
1889;7474;4;1868;2
1890;7476;47;159;3
1891;7479;4;1869;3
1892;7482;4;1870;2
1893;7484;7477;1;7
1894;7491;1069;7;8
1895;7499;1873;4;7
1896;7506;4;1876;2
1897;7508;5;1501;3
1898;7511;4;1877;3
1899;7514;3;2504;2
1900;7516;2503;3;7
1901;7523;3;2507;2
1902;7525;8;940;5
1903;7530;4;1882;2
1904;7532;25;301;7
1905;7539;7537;1;2
1906;7541;3769;2;3
1907;7544;7541;1;3
1908;7547;3;2515;2
1909;7549;9;838;7
1910;7556;3;2518;2
1911;7558;5;1511;3
1912;7561;7559;1;2
1913;7563;1889;4;7
1914;7570;4;1892;2
1915;7572;9;841;3
1916;7575;4;1893;3
1917;7578;4;1894;2
1918;7580;7573;1;7
1919;7587;5;1517;2
1920;7589;6;1264;5
1921;7594;4;1898;2
1922;7596;7589;1;7
1923;7603;11;691;2
1924;7605;6;1267;3
1925;7608;5;1521;3
1926;7611;7;1087;2
1927;7613;3803;2;7
1928;7620;11;692;8
1929;7628;7621;1;7
1930;7635;17;449;2
1931;7637;11;694;3
1932;7640;7;1091;3
1933;7643;3;2547;2
1934;7645;19;402;7
1935;7652;3;2550;2
1936;7654;7649;1;5
1937;7659;13;589;2
1938;7661;43;178;7
1939;7668;3833;2;2
1940;7670;11;697;3
1941;7673;5;1534;3
1942;7676;3;2558;2
1943;7678;2557;3;7
1944;7685;6;1280;5
1945;7690;13;591;7
1946;7697;3;2565;2
1947;7699;4;1924;3
1948;7702;7699;1;3
1949;7705;7703;1;2
1950;7707;10;770;7
1951;7714;4;1928;2
1952;7716;11;701;5
1953;7721;3;2573;2
1954;7723;12;643;7
1955;7730;3;2576;2
1956;7732;59;131;3
1957;7735;4;1933;3
1958;7738;4;1934;2
1959;7740;11;703;7
1960;7747;71;109;8
1961;7755;13;596;7
1962;7762;4;1940;2
1963;7764;13;597;3
1964;7767;4;1941;3
1965;7770;4;1942;2
1966;7772;1553;5;7
1967;7779;7;1111;2
1968;7781;6;1296;5
1969;7786;4;1946;2
1970;7788;31;251;7
1971;7795;7793;1;2
1972;7797;6;1299;3
1973;7800;23;339;3
1974;7803;29;269;2
1975;7805;14;557;7
1976;7812;5;1562;2
1977;7814;73;107;3
1978;7817;3;2605;2
1979;7819;9;868;7
1980;7826;3;2608;2
1981;7828;5;1565;3
1982;7831;4;1957;3
1983;7834;4;1958;2
1984;7836;7829;1;7
1985;7843;7841;1;2
1986;7845;7;1120;5
1987;7850;3;2616;2
1988;7852;15;523;7
1989;7859;3;2619;2
1990;7861;3929;2;3
1991;7864;7;1123;3
1992;7867;5;1573;2
1993;7869;3931;2;7
1994;7876;14;562;8
1995;7884;7877;1;7
1996;7891;7;1127;2
1997;7893;5;1578;3
1998;7896;9;877;3
1999;7899;53;149;2
2000;7901;3947;2;7
2001;7908;59;134;2
2002;7910;15;527;5
2003;7915;41;193;2
2004;7917;10;791;7
2005;7924;17;466;2
2006;7926;19;417;3
2007;7929;6;1321;3
2008;7932;5;1586;2
2009;7934;1319;6;20
2010;7954;4;1988;2
2011;7956;11;723;3
2012;7959;4;1989;3
2013;7962;4;1990;2
2014;7964;73;109;7
2015;7971;13;613;2
2016;7973;6;1328;5
2017;7978;4;1994;2
2018;7980;17;469;7
2019;7987;5;1597;2
2020;7989;6;1331;3
2021;7992;2663;3;3
2022;7995;7993;1;2
2023;7997;10;799;7
2024;8004;1999;4;8
2025;8012;1601;5;7
2026;8019;8017;1;2
2027;8021;19;422;3
2028;8024;13;617;3
2029;8027;3;2675;2
2030;8029;14;573;7
2031;8036;3;2678;2
2032;8038;29;277;5
2033;8043;11;731;2
2034;8045;4019;2;7
2035;8052;5;1610;2
2036;8054;83;97;3
2037;8057;4027;2;3
2038;8060;3;2686;2
2039;8062;9;895;7
2040;8069;3;2689;2
2041;8071;4;2017;3
2042;8074;4;2018;2
2043;8076;8069;1;7
2044;8083;8081;1;2
2045;8085;6;1347;3
2046;8088;5;1617;3
2047;8091;8089;1;2
2048;8093;13;622;7
2049;8100;4049;2;2
2050;8102;2699;3;5
2051;8107;5;1621;2
2052;8109;4051;2;7
2053;8116;4057;2;2
2054;8118;5;1623;3
2055;8121;6;1353;3
2056;8124;31;262;2
2057;8126;23;353;7
2058;8133;13;625;8
2059;8141;14;581;7
2060;8148;4073;2;2
2061;8150;8147;1;3
2062;8153;5;1630;3
2063;8156;3;2718;2
2064;8158;11;741;7
2065;8165;3;2721;2
2066;8167;7;1166;5
2067;8172;5;1634;2
2068;8174;8167;1;7
2069;8181;8179;1;2
2070;8183;4;2045;3
2071;8186;7;1169;3
2072;8189;3;2729;2
2073;8191;16;511;15
2074;8206;4;2051;2
2075;8208;5;1641;3
2076;8211;4;2052;3
2077;8214;4;2053;2
2078;8216;8209;1;7
2079;8223;8221;1;2
2080;8225;6;1370;5
2081;8230;4;2057;2
2082;8232;25;329;7
2083;8239;8237;1;2
2084;8241;6;1373;3
2085;8244;41;201;3
2086;8247;5;1649;2
2087;8249;13;634;7
2088;8256;1031;8;8
2089;8264;23;359;7
2090;8271;8269;1;2
2091;8273;5;1654;3
2092;8276;8273;1;3
2093;8279;3;2759;2
2094;8281;14;591;7
2095;8288;3;2762;2
2096;8290;1657;5;5
2097;8295;8293;1;2
2098;8297;10;829;7
2099;8304;7;1186;2
2100;8306;19;437;3
2101;8309;4153;2;3
2102;8312;3;2770;2
2103;8314;9;923;7
2104;8321;3;2773;2
2105;8323;4;2080;3
2106;8326;4;2081;2
2107;8328;53;157;7
2108;8335;13;641;2
2109;8337;6;1389;3
2110;8340;7;1191;3
2111;8343;19;439;2
2112;8345;11;758;7
2113;8352;5;1670;2
2114;8354;11;759;5
2115;8359;61;137;2
2116;8361;4177;2;7
2117;8368;47;178;2
2118;8370;2789;3;3
2119;8373;5;1674;3
2120;8376;53;158;2
2121;8378;11;761;7
2122;8385;8377;1;8
2123;8393;14;599;7
2124;8400;13;646;2
2125;8402;37;227;3
2126;8405;4201;2;3
2127;8408;3;2802;2
2128;8410;2801;3;7
2129;8417;3;2805;2
2130;8419;7;1202;5
2131;8424;4211;2;2
2132;8426;8419;1;7
2133;8433;8431;1;2
2134;8435;4;2108;3
2135;8438;5;1687;3
2136;8441;3;2813;2
2137;8443;8423;1;20
2138;8463;8461;1;2
2139;8465;4231;2;3
2140;8468;5;1693;3
2141;8471;3;2823;2
2142;8473;17;498;7
2143;8480;3;2826;2
2144;8482;7;1211;5
2145;8487;5;1697;2
2146;8489;4241;2;7
2147;8496;31;274;2
2148;8498;5;1699;3
2149;8501;7;1214;3
2150;8504;3;2834;2
2151;8506;2833;3;7
2152;8513;9;945;8
2153;8521;9;946;7
2154;8528;3;2842;2
2155;8530;8527;1;3
2156;8533;5;1706;3
2157;8536;17;502;2
2158;8538;19;449;7
2159;8545;8543;1;2
2160;8547;4271;2;5
2161;8552;3;2850;2
2162;8554;11;777;7
2163;8561;3;2853;2
2164;8563;4;2140;3
2165;8566;8563;1;3
2166;8569;13;659;2
2167;8571;2141;4;7
2168;8578;4;2144;2
2169;8580;9;953;3
2170;8583;8581;1;2
2171;8585;4289;2;7
2172;8592;5;1718;2
2173;8594;11;781;3
2174;8597;4297;2;3
2175;8600;3;2866;2
2176;8602;9;955;7
2177;8609;3;2869;2
2178;8611;13;662;5
2179;8616;59;146;2
2180;8618;79;109;7
2181;8625;8623;1;2
2182;8627;4;2156;3
2183;8630;8627;1;3
2184;8633;3;2877;2
2185;8635;12;719;7
2186;8642;1439;6;8
2187;8650;43;201;7
2188;8657;3;2885;2
2189;8659;4;2164;3
2190;8662;7;1237;3
2191;8665;8663;1;2
2192;8667;10;866;7
2193;8674;4;2168;2
2194;8676;13;667;5
2195;8681;3;2893;2
2196;8683;9;964;7
2197;8690;3;2896;2
2198;8692;8689;1;3
2199;8695;4;2173;3
2200;8698;4;2174;2
2201;8700;8693;1;7
2202;8707;19;458;5
2203;8712;1741;5;7
2204;8719;23;379;2
2205;8721;6;1453;3
2206;8724;9;969;3
2207;8727;5;1745;2
2208;8729;14;623;7
2209;8736;11;794;2
2210;8738;41;213;5
2211;8743;8741;1;2
2212;8745;17;514;7
2213;8752;5;1750;2
2214;8754;2917;3;3
2215;8757;6;1459;3
2216;8760;29;302;2
2217;8762;17;515;7
2218;8769;8761;1;8
2219;8777;10;877;7
2220;8784;4391;2;2
2221;8786;8783;1;3
2222;8789;23;382;3
2223;8792;3;2930;2
2224;8794;29;303;7
2225;8801;3;2933;2
2226;8803;53;166;5
2227;8808;7;1258;2
2228;8810;8803;1;7
2229;8817;5;1763;2
2230;8819;4;2204;3
2231;8822;8819;1;3
2232;8825;3;2941;2
2233;8827;9;980;7
2234;8834;3;2944;2
2235;8836;11;803;3
2236;8839;8837;1;2
2237;8841;14;631;7
2238;8848;4423;2;2
2239;8850;9;983;3
2240;8853;5;1770;3
2241;8856;19;466;2
2242;8858;53;167;7
2243;8865;8863;1;2
2244;8867;6;1477;5
2245;8872;5;1774;2
2246;8874;8867;1;7
2247;8881;13;683;2
2248;8883;4;2220;3
2249;8886;7;1269;3
2250;8889;8887;1;2
2251;8891;2221;4;7
2252;8898;10;889;8
2253;8906;11;809;7
2254;8913;7;1273;2
2255;8915;4;2228;3
2256;8918;5;1783;3
2257;8921;3;2973;2
2258;8923;12;743;7
2259;8930;3;2976;2
2260;8932;79;113;5
2261;8937;5;1787;2
2262;8939;11;812;7
2263;8946;4;2236;2
2264;8948;5;1789;3
2265;8951;4;2237;3
2266;8954;3;2984;2
2267;8956;1117;8;20
2268;8976;7;1282;2
2269;8978;5;1795;3
2270;8981;67;134;3
2271;8984;3;2994;2
2272;8986;41;219;7
2273;8993;3;2997;2
2274;8995;10;899;5
2275;9000;11;818;2
2276;9002;35;257;7
2277;9009;9007;1;2
2278;9011;4;2252;3
2279;9014;9011;1;3
2280;9017;3;3005;2
2281;9019;12;751;7
2282;9026;9;1002;8
2283;9034;9;1003;7
2284;9041;3;3013;2
2285;9043;4;2260;3
2286;9046;9043;1;3
2287;9049;83;109;2
2288;9051;14;646;7
2289;9058;4;2264;2
2290;9060;1811;5;5
2291;9065;3;3021;2
2292;9067;10;906;7
2293;9074;3;3024;2
2294;9076;43;211;3
2295;9079;4;2269;3
2296;9082;4;2270;2
2297;9084;29;313;7
2298;9091;61;149;2
2299;9093;5;1818;3
2300;9096;4547;2;2
2301;9098;9091;1;7
2302;9105;9103;1;2
2303;9107;4;2276;3
2304;9110;7;1301;3
2305;9113;3;3037;2
2306;9115;9;1012;7
2307;9122;3;3040;2
2308;9124;11;829;5
2309;9129;9127;1;2
2310;9131;2281;4;7
2311;9138;4;2284;2
2312;9140;9137;1;3
2313;9143;4;2285;3
2314;9146;3;3048;2
2315;9148;11;831;7
2316;9155;3049;3;8
2317;9163;12;763;7
2318;9170;3;3056;2
2319;9172;53;173;3
2320;9175;4;2293;3
2321;9178;4;2294;2
2322;9180;9173;1;7
2323;9187;5;1837;2
2324;9189;7;1312;5
2325;9194;3;3064;2
2326;9196;9;1021;7
2327;9203;3;3067;2
2328;9205;43;214;3
2329;9208;5;1841;3
2330;9211;9209;1;2
2331;9213;12;767;9
2332;9222;37;249;9
2333;9231;11;839;2
2334;9233;5;1846;3
2335;9236;7;1319;3
2336;9239;3;3079;2
2337;9241;9;1026;7
2338;9248;3;3082;2
2339;9250;43;215;5
2340;9255;19;487;2
2341;9257;10;925;7
2342;9264;11;842;2
2343;9266;59;157;3
2344;9269;41;226;3
2345;9272;3;3090;2
2346;9274;3089;3;7
2347;9281;11;843;8
2348;9289;13;714;7
2349;9296;3;3098;2
2350;9298;5;1859;3
2351;9301;4649;2;3
2352;9304;4651;2;2
2353;9306;17;547;7
2354;9313;9311;1;2
2355;9315;7;1330;5
2356;9320;3;3106;2
2357;9322;9;1035;7
2358;9329;3;3109;2
2359;9331;4;2332;3
2360;9334;7;1333;3
2361;9337;5;1867;2
2362;9339;2333;4;7
2363;9346;4;2336;2
2364;9348;5;1869;3
2365;9351;9349;1;2
2366;9353;4673;2;7
2367;9360;4679;2;2
2368;9362;7;1337;3
2369;9365;31;302;3
2370;9368;3;3122;2
2371;9370;3121;3;7
2372;9377;3;3125;2
2373;9379;43;218;5
2374;9384;4691;2;2
2375;9386;83;113;7
2376;9393;9391;1;2
2377;9395;4;2348;3
2378;9398;5;1879;3
2379;9401;3;3133;2
2380;9403;9;1044;7
2381;9410;1567;6;8
2382;9418;3137;3;7
2383;9425;3;3141;2
2384;9427;4;2356;3
2385;9430;11;857;3
2386;9433;9431;1;2
2387;9435;2357;4;7
2388;9442;4;2360;2
2389;9444;9439;1;5
2390;9449;3;3149;2
2391;9451;12;787;7
2392;9458;3;3152;2
2393;9460;7;1351;3
2394;9463;4;2365;3
2395;9466;4;2366;2
2396;9468;1181;8;20
2397;9488;3;3162;2
2398;9490;53;179;3
2399;9493;5;1898;3
2400;9496;47;202;2
2401;9498;9491;1;7
2402;9505;13;731;2
2403;9507;4751;2;5
2404;9512;3;3170;2
2405;9514;3169;3;7
2406;9521;3;3173;2
2407;9523;4;2380;3
2408;9526;89;107;3
2409;9529;7;1361;2
2410;9531;2381;4;7
2411;9538;10;953;8
2412;9546;9539;1;7
2413;9553;9551;1;2
2414;9555;4;2388;3
2415;9558;5;1911;3
2416;9561;11;869;2
2417;9563;2389;4;7
2418;9570;4;2392;2
2419;9572;9;1063;5
2420;9577;5;1915;2
2421;9579;2393;4;7
2422;9586;4;2396;2
2423;9588;5;1917;3
2424;9591;4;2397;3
2425;9594;4;2398;2
2426;9596;43;223;7
2427;9603;9601;1;2
2428;9605;4801;2;3
2429;9608;3;3202;2
2430;9610;9;1067;7
2431;9617;3;3205;2
2432;9619;4;2404;3
2433;9622;9619;1;3
2434;9625;9623;1;2
2435;9627;10;962;7
2436;9634;4;2408;2
2437;9636;9631;1;5
2438;9641;3;3213;2
2439;9643;11;876;7
2440;9650;3;3216;2
2441;9652;9649;1;3
2442;9655;4;2413;3
2443;9658;4;2414;2
2444;9660;49;197;7
2445;9667;13;743;8
2446;9675;2417;4;7
2447;9682;4;2420;2
2448;9684;7;1383;3
2449;9687;4;2421;3
2450;9690;4;2422;2
2451;9692;13;745;7
2452;9699;9697;1;2
2453;9701;6;1616;5
2454;9706;4;2426;2
2455;9708;89;109;7
2456;9715;11;883;2
2457;9717;6;1619;3
2458;9720;41;237;3
2459;9723;9721;1;2
2460;9725;43;226;7
2461;9732;71;137;5
2462;9737;10;973;7
2463;9744;4871;2;2
2464;9746;9743;1;3
2465;9749;11;886;3
2466;9752;3;3250;2
2467;9754;9;1083;7
2468;9761;3;3253;2
2469;9763;7;1394;5
2470;9768;19;514;2
2471;9770;13;751;7
2472;9777;5;1955;2
2473;9779;4;2444;3
2474;9782;7;1397;3
2475;9785;3;3261;2
2476;9787;10;978;7
2477;9794;14;699;8
2478;9802;15;653;7
2479;9809;3;3269;2
2480;9811;4;2452;3
2481;9814;9811;1;3
2482;9817;5;1963;2
2483;9819;11;892;7
2484;9826;4;2456;2
2485;9828;11;893;5
2486;9833;3;3277;2
2487;9835;9;1092;7
2488;9842;3;3280;2
2489;9844;13;757;3
2490;9847;4;2461;3
2491;9850;4;2462;2
2492;9852;11;895;7
2493;9859;9857;1;2
2494;9861;6;1643;3
2495;9864;4931;2;2
2496;9866;9859;1;7
2497;9873;9871;1;2
2498;9875;4;2468;3
2499;9878;5;1975;3
2500;9881;3;3293;2
2501;9883;12;823;7
2502;9890;3;3296;2
2503;9892;9887;1;5
2504;9897;5;1979;2
2505;9899;2473;4;7
2506;9906;4;2476;2
2507;9908;5;1981;3
2508;9911;4;2477;3
2509;9914;3;3304;2
2510;9916;9;1101;7
2511;9923;15;661;8
2512;9931;12;827;7
2513;9938;3;3312;2
2514;9940;19;523;3
2515;9943;4;2485;3
2516;9946;4;2486;2
2517;9948;9941;1;7
2518;9955;37;269;2
2519;9957;8;1244;5
2520;9962;3;3320;2
2521;9964;3319;3;7
2522;9971;3;3323;2
2523;9973;5;1994;3
2524;9976;9973;1;3
2525;9979;11;907;2
2526;9981;1423;7;20
2527;10001;3;3333;2
2528;10003;4;2500;3
2529;10006;7;1429;3
2530;10009;10007;1;2
2531;10011;41;244;7
2532;10018;4;2504;2
2533;10020;2003;5;5
2534;10025;3;3341;2
2535;10027;10;1002;7
2536;10034;3;3344;2
2537;10036;79;127;3
2538;10039;4;2509;3
2539;10042;4;2510;2
2540;10044;10037;1;7
2541;10051;11;913;8
2542;10059;14;718;7
2543;10066;4;2516;2
2544;10068;5;2013;3
2545;10071;4;2517;3
2546;10074;4;2518;2
2547;10076;10069;1;7
2548;10083;17;593;2
2549;10085;6;1680;5
2550;10090;4;2522;2
2551;10092;2017;5;7
2552;10099;23;439;2
2553;10101;6;1683;3
2554;10104;7;1443;3
2555;10107;5;2021;2
2556;10109;5051;2;7
2557;10116;13;778;2
2558;10118;5;2023;3
2559;10121;3;3373;2
2560;10123;9;1124;7
2561;10130;3;3376;2
2562;10132;7;1447;3
2563;10135;4;2533;3
2564;10138;4;2534;2
2565;10140;10133;1;7
2566;10147;5;2029;2
2567;10149;8;1268;5
2568;10154;3;3384;2
2569;10156;17;597;7
2570;10163;3;3387;2
2571;10165;5081;2;3
2572;10168;5;2033;3
2573;10171;10169;1;2
2574;10173;13;782;7
2575;10180;2543;4;8
2576;10188;10181;1;7
2577;10195;10193;1;2
2578;10197;6;1699;3
2579;10200;9;1133;3
2580;10203;101;101;2
2581;10205;5099;2;7
2582;10212;5;2042;2
2583;10214;41;249;5
2584;10219;17;601;2
2585;10221;5107;2;7
2586;10228;5113;2;2
2587;10230;7;1461;3
2588;10233;5;2046;3
2589;10236;7;1462;2
2590;10238;3407;3;17
2591;10255;10253;1;2
2592;10257;6;1709;3
2593;10260;13;789;3
2594;10263;31;331;2
2595;10265;23;446;7
2596;10272;5;2054;2
2597;10274;7;1467;5
2598;10279;43;239;2
2599;10281;11;934;7
2600;10288;37;278;2
2601;10290;9;1143;3
2602;10293;5;2058;3
2603;10296;5147;2;2
2604;10298;41;251;7
2605;10305;1471;7;8
2606;10313;5153;2;7
2607;10320;7;1474;2
2608;10322;17;607;3
2609;10325;13;794;3
2610;10328;3;3442;2
2611;10330;9;1147;7
2612;10337;3;3445;2
2613;10339;5167;2;5
2614;10344;5171;2;2
2615;10346;49;211;7
2616;10353;11;941;2
2617;10355;4;2588;3
2618;10358;5;2071;3
2619;10361;3;3453;2
2620;10363;12;863;7
2621;10370;3;3456;2
2622;10372;10369;1;3
2623;10375;11;943;2
2624;10377;10;1037;7
2625;10384;29;358;2
2626;10386;3461;3;3
2627;10389;6;1731;3
2628;10392;5;2078;2
2629;10394;13;799;7
2630;10401;10399;1;2
2631;10403;6;1733;5
2632;10408;11;946;2
2633;10410;101;103;7
2634;10417;5;2083;2
2635;10419;4;2604;3
2636;10422;23;453;3
2637;10425;7;1489;2
2638;10427;10;1042;7
2639;10434;13;802;8
2640;10442;2087;5;7
2641;10449;31;337;2
2642;10451;4;2612;3
2643;10454;7;1493;3
2644;10457;3;3485;2
2645;10459;12;871;7
2646;10466;3;3488;2
2647;10468;10463;1;5
2648;10473;37;283;2
2649;10475;2617;4;7
2650;10482;4;2620;2
2651;10484;47;223;3
2652;10487;4;2621;3
2653;10490;3;3496;2
2654;10492;22;476;20
2655;10512;5;2102;2
2656;10514;23;457;3
2657;10517;7;1502;3
2658;10520;3;3506;2
2659;10522;15;701;7
2660;10529;3;3509;2
2661;10531;19;554;5
2662;10536;23;458;2
2663;10538;10531;1;7
2664;10545;13;811;2
2665;10547;4;2636;3
2666;10550;53;199;3
2667;10553;3;3517;2
2668;10555;9;1172;7
2669;10562;1759;6;8
2670;10570;21;503;7
2671;10577;3;3525;2
2672;10579;4;2644;3
2673;10582;71;149;3
2674;10585;19;557;2
2675;10587;10;1058;7
2676;10594;4;2648;2
2677;10596;7;1513;5
2678;10601;3;3533;2
2679;10603;12;883;7
2680;10610;3;3536;2
2681;10612;103;103;3
2682;10615;4;2653;3
2683;10618;4;2654;2
2684;10620;10613;1;7
2685;10627;5;2125;2
2686;10629;6;1771;3
2687;10632;5;2126;2
2688;10634;10627;1;7
2689;10641;10639;1;2
2690;10643;4;2660;3
2691;10646;29;367;3
2692;10649;3;3549;2
2693;10651;12;887;7
2694;10658;3;3552;2
2695;10660;2131;5;5
2696;10665;10663;1;2
2697;10667;10;1066;7
2698;10674;4;2668;2
2699;10676;13;821;3
2700;10679;4;2669;3
2701;10682;3;3560;2
2702;10684;3559;3;7
2703;10691;9;1187;8
2704;10699;9;1188;7
2705;10706;3;3568;2
2706;10708;5;2141;3
2707;10711;4;2677;3
2708;10714;4;2678;2
2709;10716;10709;1;7
2710;10723;71;151;2
2711;10725;8;1340;5
2712;10730;3;3576;2
2713;10732;11;975;7
2714;10739;3;3579;2
2715;10741;7;1534;3
2716;10744;23;467;3
2717;10747;5;2149;2
2718;10749;41;262;7
2719;10756;13;827;5
2720;10761;19;566;7
2721;10768;7;1538;2
2722;10770;37;291;3
2723;10773;5;2154;3
2724;10776;5387;2;2
2725;10778;10771;1;7
2726;10785;41;263;2
2727;10787;6;1797;5
2728;10792;5;2158;2
2729;10794;23;469;7
2730;10801;10799;1;2
2731;10803;4;2700;3
2732;10806;13;831;3
2733;10809;101;107;2
2734;10811;37;292;7
2735;10818;10;1081;8
2736;10826;31;349;7
2737;10833;10831;1;2
2738;10835;4;2708;3
2739;10838;5;2167;3
2740;10841;3;3613;2
2741;10843;9;1204;7
2742;10850;3;3616;2
2743;10852;10847;1;5
2744;10857;5;2171;2
2745;10859;2713;4;7
2746;10866;4;2716;2
2747;10868;5;2173;3
2748;10871;4;2717;3
2749;10874;3;3624;2
2750;10876;3623;3;7
2751;10883;3;3627;2
2752;10885;5441;2;3
2753;10888;5443;2;2
2754;10890;10883;1;7
2755;10897;5;2179;2
2756;10899;4;2724;3
2757;10902;7;1557;3
2758;10905;10903;1;2
2759;10907;10;1090;7
2760;10914;4;2728;2
2761;10916;3637;3;5
2762;10921;61;179;2
2763;10923;2729;4;7
2764;10930;4;2732;2
2765;10932;3643;3;3
2766;10935;4;2733;3
2767;10938;4;2734;2
2768;10940;13;841;7
2769;10947;10939;1;8
2770;10955;14;782;7
2771;10962;4;2740;2
2772;10964;97;113;3
2773;10967;4;2741;3
2774;10970;3;3656;2
2775;10972;15;731;7
2776;10979;3;3659;2
2777;10981;7;1568;5
2778;10986;4;2746;2
2779;10988;79;139;7
2780;10995;10993;1;2
2781;10997;23;478;3
2782;11000;7;1571;3
2783;11003;3;3667;2
2784;11005;65;169;20
2785;11025;73;151;2
2786;11027;4;2756;3
2787;11030;11027;1;3
2788;11033;3;3677;2
2789;11035;12;919;7
2790;11042;3;3680;2
2791;11044;7;1577;5
2792;11049;11047;1;2
2793;11051;11;1004;7
2794;11058;4;2764;2
2795;11060;11057;1;3
2796;11063;4;2765;3
2797;11066;3;3688;2
2798;11068;9;1229;7
2799;11075;17;651;8
2800;11083;12;923;7
2801;11090;3;3696;2
2802;11092;13;853;3
2803;11095;4;2773;3
2804;11098;4;2774;2
2805;11100;11093;1;7
2806;11107;5;2221;2
2807;11109;8;1388;5
2808;11114;3;3704;2
2809;11116;21;529;7
2810;11123;3;3707;2
2811;11125;67;166;3
2812;11128;5;2225;3
2813;11131;31;359;2
2814;11133;5563;2;7
2815;11140;5569;2;2
2816;11142;47;237;3
2817;11145;11;1013;2
2818;11147;10;1114;7
2819;11154;4;2788;2
2820;11156;19;587;3
2821;11159;4;2789;3
2822;11162;3;3720;2
2823;11164;3719;3;7
2824;11171;3;3723;2
2825;11173;8;1396;5
2826;11178;4;2794;2
2827;11180;11173;1;7
2828;11187;5;2237;2
2829;11189;7;1598;3
2830;11192;67;167;3
2831;11195;3;3731;2
2832;11197;10;1119;7
2833;11204;9;1244;8
2834;11212;9;1245;7
2835;11219;3;3739;2
2836;11221;71;158;3
2837;11224;7;1603;3
2838;11227;5;2245;2
2839;11229;31;362;7
2840;11236;41;274;2
2841;11238;47;239;5
2842;11243;3;3747;2
2843;11245;1873;6;7
2844;11252;3;3750;2
2845;11254;11251;1;3
2846;11257;17;662;3
2847;11260;13;866;2
2848;11262;11;1023;9
2849;11271;1877;6;9
2850;11280;5639;2;2
2851;11282;11279;1;3
2852;11285;5641;2;3
2853;11288;3;3762;2
2854;11290;3761;3;7
2855;11297;3;3765;2
2856;11299;5647;2;5
2857;11304;5651;2;2
2858;11306;11299;1;7
2859;11313;11311;1;2
2860;11315;4;2828;3
2861;11318;5;2263;3
2862;11321;3;3773;2
2863;11323;12;943;7
2864;11330;9;1258;8
2865;11338;9;1259;7
2866;11345;3;3781;2
2867;11347;4;2836;3
2868;11350;7;1621;3
2869;11353;11351;1;2
2870;11355;2837;4;7
2871;11362;4;2840;2
2872;11364;37;307;5
2873;11369;3;3789;2
2874;11371;12;947;7
2875;11378;3;3792;2
2876;11380;31;367;3
2877;11383;4;2845;3
2878;11386;4;2846;2
2879;11388;19;599;7
2880;11395;11393;1;2
2881;11397;6;1899;3
2882;11400;41;278;2
2883;11402;43;265;7
2884;11409;11;1037;2
2885;11411;4;2852;3
2886;11414;11411;1;3
2887;11417;3;3805;2
2888;11419;9;1268;7
2889;11426;3;3808;2
2890;11428;11423;1;5
2891;11433;7;1633;2
2892;11435;2857;4;7
2893;11442;4;2860;2
2894;11444;17;673;3
2895;11447;4;2861;3
2896;11450;3;3816;2
2897;11452;15;763;7
2898;11459;11;1041;8
2899;11467;10;1146;7
2900;11474;3;3824;2
2901;11476;7;1639;3
2902;11479;4;2869;3
2903;11482;4;2870;2
2904;11484;23;499;7
2905;11491;11489;1;2
2906;11493;8;1436;5
2907;11498;3;3832;2
2908;11500;9;1277;7
2909;11507;3;3835;2
2910;11509;11;1046;3
2911;11512;17;677;3
2912;11515;29;397;2
2913;11517;11497;1;20
2914;11537;3;3845;2
2915;11539;4;2884;3
2916;11542;11;1049;3
2917;11545;7;1649;2
2918;11547;10;1154;7
2919;11554;4;2888;2
2920;11556;11551;1;5
2921;11561;3;3853;2
2922;11563;9;1284;7
2923;11570;3;3856;2
2924;11572;23;503;3
2925;11575;4;2893;3
2926;11578;4;2894;2
2927;11580;71;163;7
2928;11587;11579;1;8
2929;11595;2897;4;7
2930;11602;4;2900;2
2931;11604;9;1289;3
2932;11607;4;2901;3
2933;11610;4;2902;2
2934;11612;11;1055;7
2935;11619;11617;1;2
2936;11621;6;1936;5
2937;11626;4;2906;2
2938;11628;11621;1;7
2939;11635;11633;1;2
2940;11637;6;1939;3
2941;11640;9;1293;3
2942;11643;7;1663;2
2943;11645;11;1058;7
2944;11652;5;2330;2
2945;11654;61;191;3
2946;11657;3;3885;2
2947;11659;12;971;7
2948;11666;3;3888;2
2949;11668;5;2333;3
2950;11671;4;2917;3
2951;11674;4;2918;2
2952;11676;1667;7;7
2953;11683;11681;1;2
2954;11685;8;1460;5
2955;11690;3;3896;2
2956;11692;15;779;7
2957;11699;3;3899;2
2958;11701;5849;2;3
2959;11704;11701;1;3
2960;11707;5;2341;2
2961;11709;5851;2;7
2962;11716;2927;4;8
2963;11724;11717;1;7
2964;11731;37;317;2
2965;11733;5;2346;3
2966;11736;3911;3;3
2967;11739;11;1067;2
2968;11741;5867;2;7
2969;11748;7;1678;2
2970;11750;9;1305;5
2971;11755;7;1679;2
2972;11757;10;1175;7
2973;11764;5881;2;2
2974;11766;9;1307;3
2975;11769;6;1961;3
2976;11772;5;2354;2
2977;11774;41;287;7
2978;11781;8;1472;5
2979;11786;11779;1;7
2980;11793;13;907;2
2981;11795;4;2948;3
2982;11798;5;2359;3
2983;11801;3;3933;2
2984;11803;12;983;7
2985;11810;3;3936;2
2986;11812;11807;1;5
2987;11817;5;2363;2
2988;11819;2953;4;7
2989;11826;4;2956;2
2990;11828;5;2365;3
2991;11831;4;2957;3
2992;11834;3;3944;2
2993;11836;3943;3;7
2994;11843;9;1315;8
2995;11851;9;1316;7
2996;11858;3;3952;2
2997;11860;71;167;3
2998;11863;4;2965;3
2999;11866;4;2966;2
3000;11868;29;409;7
3001;11875;31;383;2
3002;11877;7;1696;5
3003;11882;3;3960;2
3004;11884;37;321;7
3005;11891;3;3963;2
3006;11893;5;2378;3
3007;11896;7;1699;3
3008;11899;11897;1;2
3009;11901;19;626;7
3010;11908;5953;2;2
3011;11910;7;1701;3
3012;11913;43;277;2
3013;11915;13;916;7
3014;11922;4;2980;2
3015;11924;7;1703;3
3016;11927;4;2981;3
3017;11930;3;3976;2
3018;11932;9;1325;7
3019;11939;3;3979;2
3020;11941;8;1492;5
3021;11946;4;2986;2
3022;11948;11941;1;7
3023;11955;11953;1;2
3024;11957;43;278;3
3025;11960;11;1087;3
3026;11963;3;3987;2
3027;11965;1993;6;7
3028;11972;12;997;8
3029;11980;13;921;7
3030;11987;3;3995;2
3031;11989;13;922;3
3032;11992;19;631;3
3033;11995;67;179;2
3034;11997;10;1199;7
3035;12004;17;706;2
3036;12006;11;1091;5
3037;12011;3;4003;2
3038;12013;9;1334;7
3039;12020;3;4006;2
3040;12022;7;1717;3
3041;12025;6011;2;3
3042;12028;7;1718;2
3043;12030;1201;10;20
3044;12050;3;4016;2
3045;12052;12049;1;3
3046;12055;4;3013;3
3047;12058;4;3014;2
3048;12060;17;709;7
3049;12067;5;2413;2
3050;12069;8;1508;5
3051;12074;3;4024;2
3052;12076;9;1341;7
3053;12083;3;4027;2
3054;12085;7;1726;3
3055;12088;5;2417;3
3056;12091;7;1727;2
3057;12093;6043;2;7
3058;12100;3023;4;8
3059;12108;12101;1;7
3060;12115;12113;1;2
3061;12117;6;2019;3
3062;12120;7;1731;3
3063;12123;17;713;2
3064;12125;73;166;7
3065;12132;5;2426;2
3066;12134;13;933;5
3067;12139;53;229;2
3068;12141;6067;2;7
3069;12148;6073;2;2
3070;12150;4049;3;3
3071;12153;5;2430;3
3072;12156;59;206;2
3073;12158;29;419;7
3074;12165;12163;1;2
3075;12167;4;3041;3
3076;12170;3;4056;2
3077;12172;15;811;7
3078;12179;3;4059;2
3079;12181;6089;2;3
3080;12184;13;937;3
3081;12187;5;2437;2
3082;12189;6091;2;7
3083;12196;7;1742;2
3084;12198;89;137;5
3085;12203;3;4067;2
3086;12205;19;642;7
3087;12212;3;4070;2
3088;12214;12211;1;3
3089;12217;31;394;3
3090;12220;41;298;2
3091;12222;35;349;7
3092;12229;11;1111;8
3093;12237;10;1223;7
3094;12244;6121;2;2
3095;12246;7;1749;3
3096;12249;6;2041;3
3097;12252;5;2450;2
3098;12254;37;331;7
3099;12261;13;943;2
3100;12263;6;2043;5
3101;12268;6133;2;2
3102;12270;12263;1;7
3103;12277;5;2455;2
3104;12279;4;3069;3
3105;12282;4093;3;3
3106;12285;71;173;2
3107;12287;8;1535;7
3108;12294;4;3073;2
3109;12296;12289;1;7
3110;12303;12301;1;2
3111;12305;6151;2;3
3112;12308;5;2461;3
3113;12311;3;4103;2
3114;12313;14;879;7
3115;12320;3;4106;2
3116;12322;109;113;5
3117;12327;5;2465;2
3118;12329;61;202;7
3119;12336;7;1762;2
3120;12338;5;2467;3
3121;12341;31;398;3
3122;12344;3;4114;2
3123;12346;9;1371;7
3124;12353;15;823;8
3125;12361;29;426;7
3126;12368;3;4122;2
3127;12370;83;149;3
3128;12373;5;2474;3
3129;12376;23;538;2
3130;12378;89;139;7
3131;12385;7;1769;2
3132;12387;41;302;5
3133;12392;3;4130;2
3134;12394;4129;3;7
3135;12401;3;4133;2
3136;12403;4;3100;3
3137;12406;79;157;3
3138;12409;19;653;2
3139;12411;14;886;7
3140;12418;4;3104;2
3141;12420;4139;3;3
3142;12423;12421;1;2
3143;12425;14;887;7
3144;12432;5;2486;2
3145;12434;31;401;3
3146;12437;6217;2;3
3147;12440;3;4146;2
3148;12442;15;829;7
3149;12449;3;4149;2
3150;12451;7;1778;5
3151;12456;13;958;2
3152;12458;12451;1;7
3153;12465;11;1133;2
3154;12467;4;3116;3
3155;12470;7;1781;3
3156;12473;3;4157;2
3157;12475;12;1039;7
3158;12482;9;1386;8
3159;12490;9;1387;7
3160;12497;3;4165;2
3161;12499;4;3124;3
3162;12502;29;431;3
3163;12505;12503;1;2
3164;12507;10;1250;7
3165;12514;4;3128;2
3166;12516;12511;1;5
3167;12521;3;4173;2
3168;12523;12;1043;7
3169;12530;3;4176;2
3170;12532;11;1139;3
3171;12535;4;3133;3
3172;12538;4;3134;2
3173;12540;40;313;20
3174;12560;3;4186;2
3175;12562;19;661;3
3176;12565;11;1142;3
3177;12568;61;206;2
3178;12570;17;739;7
3179;12577;5;2515;2
3180;12579;6287;2;5
3181;12584;3;4194;2
3182;12586;21;599;7
3183;12593;3;4197;2
3184;12595;4;3148;3
3185;12598;5;2519;3
3186;12601;43;293;2
3187;12603;47;268;7
3188;12610;6301;2;8
3189;12618;12611;1;7
3190;12625;13;971;2
3191;12627;4;3156;3
3192;12630;9;1403;3
3193;12633;17;743;2
3194;12635;11;1148;7
3195;12642;4;3160;2
3196;12644;11;1149;5
3197;12649;12647;1;2
3198;12651;29;436;7
3199;12658;4;3164;2
3200;12660;4219;3;3
3201;12663;4;3165;3
3202;12666;4;3166;2
3203;12668;11;1151;7
3204;12675;19;667;2
3205;12677;6337;2;3
3206;12680;3;4226;2
3207;12682;13;975;7
3208;12689;3;4229;2
3209;12691;4;3172;3
3210;12694;7;1813;3
3211;12697;5;2539;2
3212;12699;19;668;7
3213;12706;4;3176;2
3214;12708;12703;1;5
3215;12713;3;4237;2
3216;12715;9;1412;7
3217;12722;3;4240;2
3218;12724;12721;1;3
3219;12727;4;3181;3
3220;12730;4;3182;2
3221;12732;25;509;7
3222;12739;29;439;8
3223;12747;10;1274;7
3224;12754;4;3188;2
3225;12756;9;1417;3
3226;12759;4;3189;3
3227;12762;4;3190;2
3228;12764;12757;1;7
3229;12771;113;113;2
3230;12773;6;2128;5
3231;12778;4;3194;2
3232;12780;53;241;7
3233;12787;5;2557;2
3234;12789;6;2131;3
3235;12792;7;1827;3
3236;12795;11;1163;2
3237;12797;10;1279;7
3238;12804;12799;1;5
3239;12809;37;346;7
3240;12816;43;298;2
3241;12818;5;2563;3
3242;12821;13;986;3
3243;12824;3;4274;2
3244;12826;4273;3;7
3245;12833;3;4277;2
3246;12835;10;1283;5
3247;12840;7;1834;2
3248;12842;17;755;7
3249;12849;29;443;2
3250;12851;4;3212;3
3251;12854;71;181;3
3252;12857;3;4285;2
3253;12859;9;1428;7
3254;12866;2143;6;8
3255;12874;4289;3;7
3256;12881;3;4293;2
3257;12883;4;3220;3
3258;12886;13;991;3
3259;12889;7;1841;2
3260;12891;3221;4;7
3261;12898;4;3224;2
3262;12900;2579;5;5
3263;12905;3;4301;2
3264;12907;10;1290;7
3265;12914;3;4304;2
3266;12916;37;349;3
3267;12919;4;3229;3
3268;12922;4;3230;2
3269;12924;12917;1;7
3270;12931;7;1847;2
3271;12933;5;2586;3
3272;12936;29;446;2
3273;12938;67;193;7
3274;12945;7;1849;2
3275;12947;4;3236;3
3276;12950;11;1177;3
3277;12953;3;4317;2
3278;12955;12;1079;7
3279;12962;3;4320;2
3280;12964;12959;1;5
3281;12969;12967;1;2
3282;12971;14;926;7
3283;12978;4;3244;2
3284;12980;19;683;3
3285;12983;4;3245;3
3286;12986;3;4328;2
3287;12988;4327;3;7
3288;12995;9;1443;8
3289;13003;9;1444;7
3290;13010;3;4336;2
3291;13012;13009;1;3
3292;13015;4;3253;3
3293;13018;4;3254;2
3294;13020;11;1183;7
3295;13027;5;2605;2
3296;13029;8;1628;5
3297;13034;3;4344;2
3298;13036;43;303;7
3299;13043;3;4347;2
3300;13045;6521;2;3
3301;13048;5;2609;3
3302;13051;13049;1;2
3303;13053;13033;1;20
3304;13073;3;4357;2
3305;13075;4;3268;3
3306;13078;5;2615;3
3307;13081;11;1189;2
3308;13083;14;934;7
3309;13090;4;3272;2
3310;13092;23;569;5
3311;13097;3;4365;2
3312;13099;12;1091;7
3313;13106;3;4368;2
3314;13108;5;2621;3
3315;13111;4;3277;3
3316;13114;4;3278;2
3317;13116;13109;1;7
3318;13123;43;305;8
3319;13131;17;772;7
3320;13138;4;3284;2
3321;13140;29;453;3
3322;13143;4;3285;3
3323;13146;4;3286;2
3324;13148;17;773;7
3325;13155;7;1879;2
3326;13157;6;2192;5
3327;13162;4;3290;2
3328;13164;59;223;7
3329;13171;13;1013;2
3330;13173;5;2634;3
3331;13176;4391;3;3
3332;13179;13177;1;2
3333;13181;14;941;7
3334;13188;19;694;2
3335;13190;13187;1;3
3336;13193;3;4397;2
3337;13195;12;1099;7
3338;13202;3;4400;2
3339;13204;43;307;3
3340;13207;4;3301;3
3341;13210;4;3302;2
3342;13212;19;695;7
3343;13219;13217;1;2
3344;13221;7;1888;5
3345;13226;3;4408;2
3346;13228;9;1469;7
3347;13235;3;4411;2
3348;13237;13;1018;3
3349;13240;7;1891;3
3350;13243;13241;1;2
3351;13245;6619;2;7
3352;13252;11;1204;8
3353;13260;29;457;7
3354;13267;5;2653;2
3355;13269;6;2211;3
3356;13272;4423;3;3
3357;13275;13;1021;2
3358;13277;10;1327;7
3359;13284;29;458;2
3360;13286;19;699;5
3361;13291;97;137;2
3362;13293;13;1022;7
3363;13300;61;218;2
3364;13302;11;1209;3
3365;13305;6;2217;3
3366;13308;6653;2;2
3367;13310;47;283;9
3368;13319;10;1331;9
3369;13328;3;4442;2
3370;13330;13327;1;3
3371;13333;5;2666;3
3372;13336;59;226;2
3373;13338;13331;1;7
3374;13345;11;1213;2
3375;13347;7;1906;5
3376;13352;3;4450;2
3377;13354;9;1483;7
3378;13361;3;4453;2
3379;13363;4;3340;3
3380;13366;7;1909;3
3381;13369;13367;1;2
3382;13371;13;1028;7
3383;13378;10;1337;8
3384;13386;17;787;7
3385;13393;7;1913;2
3386;13395;4;3348;3
3387;13398;5;2679;3
3388;13401;13399;1;2
3389;13403;17;788;7
3390;13410;4;3352;2
3391;13412;41;327;5
3392;13417;5;2683;2
3393;13419;14;958;7
3394;13426;4;3356;2
3395;13428;5;2685;3
3396;13431;4;3357;3
3397;13434;4;3358;2
3398;13436;13;1033;7
3399;13443;13441;1;2
3400;13445;11;1222;3
3401;13448;3;4482;2
3402;13450;4481;3;7
3403;13457;3;4485;2
3404;13459;4;3364;3
3405;13462;43;313;3
3406;13465;13463;1;2
3407;13467;10;1346;7
3408;13474;4;3368;2
3409;13476;19;709;5
3410;13481;3;4493;2
3411;13483;12;1123;7
3412;13490;3;4496;2
3413;13492;7;1927;3
3414;13495;4;3373;3
3415;13498;4;3374;2
3416;13500;103;131;7
3417;13507;13499;1;8
3418;13515;11;1228;7
3419;13522;4;3380;2
3420;13524;4507;3;3
3421;13527;4;3381;3
3422;13530;4;3382;2
3423;13532;25;541;7
3424;13539;13537;1;2
3425;13541;6;2256;5
3426;13546;4;3386;2
3427;13548;11;1231;7
3428;13555;13553;1;2
3429;13557;6;2259;3
3430;13560;4519;3;3
3431;13563;71;191;2
3432;13565;21;645;20
3433;13585;17;799;2
3434;13587;4;3396;3
3435;13590;7;1941;3
3436;13593;13591;1;2
3437;13595;43;316;7
3438;13602;4;3400;2
3439;13604;9;1511;5
3440;13609;11;1237;2
3441;13611;19;716;7
3442;13618;4;3404;2
3443;13620;9;1513;3
3444;13623;4;3405;3
3445;13626;4;3406;2
3446;13628;53;257;7
3447;13635;13627;1;8
3448;13643;14;974;7
3449;13650;4;3412;2
3450;13652;13649;1;3
3451;13655;4;3413;3
3452;13658;3;4552;2
3453;13660;9;1517;7
3454;13667;3;4555;2
3455;13669;7;1952;5
3456;13674;4;3418;2
3457;13676;13669;1;7
3458;13683;13681;1;2
3459;13685;6841;2;3
3460;13688;5;2737;3
3461;13691;3;4563;2
3462;13693;2281;6;7
3463;13700;3;4566;2
3464;13702;7;1957;3
3465;13705;71;193;2
3466;13707;10;1370;7
3467;13714;4;3428;2
3468;13716;7;1959;3
3469;13719;4;3429;3
3470;13722;4;3430;2
3471;13724;11;1247;7
3472;13731;13729;1;2
3473;13733;6;2288;5
3474;13738;4;3434;2
3475;13740;31;443;7
3476;13747;5;2749;2
3477;13749;6;2291;3
3478;13752;4583;3;3
3479;13755;17;809;2
3480;13757;10;1375;7
3481;13764;19;724;8
3482;13772;2753;5;7
3483;13779;23;599;2
3484;13781;83;166;3
3485;13784;13781;1;3
3486;13787;3;4595;2
3487;13789;2297;6;7
3488;13796;3;4598;2
3489;13798;13;1061;5
3490;13803;37;373;2
3491;13805;6899;2;7
3492;13812;5;2762;2
3493;13814;7;1973;3
3494;13817;6907;2;3
3495;13820;3;4606;2
3496;13822;9;1535;7
3497;13829;6;2304;5
3498;13834;11;1257;7
3499;13841;3;4613;2
3500;13843;4;3460;3
3501;13846;109;127;3
3502;13849;61;227;2
3503;13851;3461;4;7
3504;13858;4;3464;2
3505;13860;17;815;5
3506;13865;3;4621;2
3507;13867;9;1540;7
3508;13874;3;4624;2
3509;13876;13873;1;3
3510;13879;4;3469;3
3511;13882;4;3470;2
3512;13884;13877;1;7
3513;13891;13883;1;8
3514;13899;23;604;7
3515;13906;4;3476;2
3516;13908;5;2781;3
3517;13911;4;3477;3
3518;13914;4;3478;2
3519;13916;1987;7;7
3520;13923;13921;1;2
3521;13925;6;2320;5
3522;13930;4;3482;2
3523;13932;25;557;7
3524;13939;7;1991;2
3525;13941;6;2323;3
3526;13944;9;1549;3
3527;13947;5;2789;2
3528;13949;6971;2;7
3529;13956;6977;2;2
3530;13958;5;2791;3
3531;13961;3;4653;2
3532;13963;12;1163;7
3533;13970;3;4656;2
3534;13972;61;229;3
3535;13975;4;3493;3
3536;13978;4;3494;2
3537;13980;89;157;7
3538;13987;5;2797;2
3539;13989;8;1748;5
3540;13994;3;4664;2
3541;13996;4663;3;7
3542;14003;3;4667;2
3543;14005;7001;2;3
3544;14008;5;2801;3
3545;14011;14009;1;2
3546;14013;47;298;7
3547;14020;31;452;8
3548;14028;2003;7;7
3549;14035;14033;1;2
3550;14037;6;2339;3
3551;14040;4679;3;3
3552;14043;19;739;2
3553;14045;7019;2;7
3554;14052;5;2810;2
3555;14054;7;2007;5
3556;14059;14057;1;2
3557;14061;7027;2;7
3558;14068;13;1082;2
3559;14070;9;1563;3
3560;14073;5;2814;3
3561;14076;31;454;2
3562;14078;22;639;20
3563;14098;4;3524;2
3564;14100;37;381;3
3565;14103;4;3525;3
3566;14106;4;3526;2
3567;14108;59;239;7
3568;14115;11;1283;2
3569;14117;6;2352;5
3570;14122;4;3530;2
3571;14124;19;743;7
3572;14131;71;199;2
3573;14133;5;2826;3
3574;14136;7;2019;3
3575;14139;67;211;2
3576;14141;37;382;7
3577;14148;10;1414;8
3578;14156;14149;1;7
3579;14163;7;2023;2
3580;14165;73;194;3
3581;14168;5;2833;3
3582;14171;3;4723;2
3583;14173;9;1574;7
3584;14180;3;4726;2
3585;14182;14177;1;5
3586;14187;5;2837;2
3587;14189;14;1013;7
3588;14196;47;302;2
3589;14198;5;2839;3
3590;14201;31;458;3
3591;14204;3;4734;2
3592;14206;4733;3;7
3593;14213;3;4737;2
3594;14215;4;3553;3
3595;14218;4;3554;2
3596;14220;61;233;7
3597;14227;5;2845;2
3598;14229;6;2371;3
3599;14232;9;1581;3
3600;14235;43;331;2
3601;14237;10;1423;7
3602;14244;7121;2;2
3603;14246;47;303;5
3604;14251;14249;1;2
3605;14253;17;838;7
3606;14260;7129;2;2
3607;14262;7;2037;3
3608;14265;6;2377;3
3609;14268;7;2038;2
3610;14270;17;839;7
3611;14277;19;751;8
3612;14285;11;1298;7
3613;14292;5;2858;2
3614;14294;31;461;3
3615;14297;7;2042;3
3616;14300;3;4766;2
3617;14302;15;953;7
3618;14309;3;4769;2
3619;14311;23;622;5
3620;14316;17;842;2
3621;14318;11;1301;7
3622;14325;14323;1;2
3623;14327;4;3581;3
3624;14330;14327;1;3
3625;14333;3;4777;2
3626;14335;7159;2;17
3627;14352;5;2870;2
3628;14354;113;127;3
3629;14357;7177;2;3
3630;14360;3;4786;2
3631;14362;9;1595;7
3632;14369;3;4789;2
3633;14371;11;1306;5
3634;14376;7187;2;2
3635;14378;2053;7;7
3636;14385;19;757;2
3637;14387;4;3596;3
3638;14390;14387;1;3
3639;14393;3;4797;2
3640;14395;11;1308;7
3641;14402;2399;6;8
3642;14410;4801;3;7
3643;14417;3;4805;2
3644;14419;4;3604;3
3645;14422;14419;1;3
3646;14425;14423;1;2
3647;14427;10;1442;7
3648;14434;4;3608;2
3649;14436;14431;1;5
3650;14441;3;4813;2
3651;14443;9;1604;7
3652;14450;3;4816;2
3653;14452;14449;1;3
3654;14455;4;3613;3
3655;14458;4;3614;2
3656;14460;97;149;7
3657;14467;5;2893;2
3658;14469;6;2411;3
3659;14472;5;2894;2
3660;14474;17;851;7
3661;14481;14479;1;2
3662;14483;4;3620;3
3663;14486;7;2069;3
3664;14489;3;4829;2
3665;14491;12;1207;7
3666;14498;3;4832;2
3667;14500;13;1115;5
3668;14505;14503;1;2
3669;14507;10;1450;7
3670;14514;4;3628;2
3671;14516;23;631;3
3672;14519;4;3629;3
3673;14522;3;4840;2
3674;14524;9;1613;7
3675;14531;47;309;8
3676;14539;12;1211;7
3677;14546;3;4848;2
3678;14548;5;2909;3
3679;14551;4;3637;3
3680;14554;4;3638;2
3681;14556;14549;1;7
3682;14563;14561;1;2
3683;14565;7;2080;5
3684;14570;3;4856;2
3685;14572;15;971;7
3686;14579;3;4859;2
3687;14581;37;394;3
3688;14584;7;2083;3
3689;14587;5;2917;2
3690;14589;857;17;20
3691;14609;3;4869;2
3692;14611;4;3652;3
3693;14614;19;769;3
3694;14617;5;2923;2
3695;14619;13;1124;7
3696;14626;4;3656;2
3697;14628;7;2089;5
3698;14633;3;4877;2
3699;14635;12;1219;7
3700;14642;3;4880;2
3701;14644;11;1331;3
3702;14647;4;3661;3
3703;14650;4;3662;2
3704;14652;29;505;7
3705;14659;13;1127;8
3706;14667;10;1466;7
3707;14674;4;3668;2
3708;14676;67;219;3
3709;14679;4;3669;3
3710;14682;4;3670;2
3711;14684;13;1129;7
3712;14691;37;397;2
3713;14693;6;2448;5
3714;14698;4;3674;2
3715;14700;2099;7;7
3716;14707;5;2941;2
3717;14709;6;2451;3
3718;14712;4903;3;3
3719;14715;14713;1;2
3720;14717;10;1471;7
3721;14724;17;866;2
3722;14726;14723;1;3
3723;14729;3;4909;2
3724;14731;9;1636;7
3725;14738;3;4912;2
3726;14740;14737;1;3
3727;14743;4;3685;3
3728;14746;4;3686;2
3729;14748;14741;1;7
3730;14755;14753;1;2
3731;14757;8;1844;5
3732;14762;3;4920;2
3733;14764;4919;3;7
3734;14771;3;4923;2
3735;14773;5;2954;3
3736;14776;11;1343;3
3737;14779;7;2111;2
3738;14781;83;178;7
3739;14788;10;1478;8
3740;14796;23;643;7
3741;14803;19;779;2
3742;14805;6;2467;3
3743;14808;5;2961;3
3744;14811;59;251;2
3745;14813;11;1346;7
3746;14820;31;478;2
3747;14822;11;1347;5
3748;14827;5;2965;2
3749;14829;7411;2;7
3750;14836;7417;2;2
3751;14838;5;2967;3
3752;14841;6;2473;3
3753;14844;41;362;2
3754;14846;11;1349;7
3755;14853;8;1856;5
3756;14858;14851;1;7
3757;14865;89;167;2
3758;14867;4;3716;3
3759;14870;14867;1;3
3760;14873;3;4957;2
3761;14875;9;1652;7
3762;14882;3;4960;2
3763;14884;14879;1;5
3764;14889;14887;1;2
3765;14891;61;244;7
3766;14898;4;3724;2
3767;14900;14897;1;3
3768;14903;4;3725;3
3769;14906;3;4968;2
3770;14908;4967;3;7
3771;14915;4969;3;8
3772;14923;11;1356;7
3773;14930;3;4976;2
3774;14932;14929;1;3
3775;14935;4;3733;3
3776;14938;4;3734;2
3777;14940;109;137;7
3778;14947;5;2989;2
3779;14949;8;1868;5
3780;14954;3;4984;2
3781;14956;9;1661;7
3782;14963;3;4987;2
3783;14965;7481;2;3
3784;14968;5;2993;3
3785;14971;14969;1;2
3786;14973;14;1069;7
3787;14980;7489;2;2
3788;14982;4993;3;3
3789;14985;14983;1;2
3790;14987;10;1498;7
3791;14994;4;3748;2
3792;14996;11;1363;3
3793;14999;4;3749;3
3794;15002;3;5000;2
3795;15004;4999;3;7
3796;15011;3;5003;2
3797;15013;7;2144;5
3798;15018;4;3754;2
3799;15020;15013;1;7
3800;15027;5;3005;2
3801;15029;11;1366;3
3802;15032;7;2147;3
3803;15035;3;5011;2
3804;15037;9;1670;7
3805;15044;12;1253;8
3806;15052;15;1003;7
3807;15059;3;5019;2
3808;15061;7529;2;3
3809;15064;15061;1;3
3810;15067;5;3013;2
3811;15069;17;886;7
3812;15076;7537;2;2
3813;15078;15073;1;5
3814;15083;3;5027;2
3815;15085;14;1077;7
3816;15092;3;5030;2
3817;15094;15091;1;3
3818;15097;7547;2;3
3819;15100;7549;2;2
3820;15102;7541;2;20
3821;15122;3;5040;2
3822;15124;15121;1;3
3823;15127;4;3781;3
3824;15130;4;3782;2
3825;15132;11;1375;7
3826;15139;15137;1;2
3827;15141;8;1892;5
3828;15146;3;5048;2
3829;15148;21;721;7
3830;15155;3;5051;2
3831;15157;7577;2;3
3832;15160;23;659;3
3833;15163;15161;1;2
3834;15165;11;1378;7
3835;15172;17;892;8
3836;15180;15173;1;7
3837;15187;5;3037;2
3838;15189;6;2531;3
3839;15192;61;249;3
3840;15195;15193;1;2
3841;15197;10;1519;7
3842;15204;11;1382;2
3843;15206;9;1689;5
3844;15211;67;227;2
3845;15213;7603;2;7
3846;15220;7;2174;2
3847;15222;9;1691;3
3848;15225;6;2537;3
3849;15228;23;662;2
3850;15230;13;1171;7
3851;15237;5;3047;2
3852;15239;4;3809;3
3853;15242;3;5080;2
3854;15244;9;1693;7
3855;15251;3;5083;2
3856;15253;5;3050;3
3857;15256;7;2179;3
3858;15259;11;1387;2
3859;15261;29;526;7
3860;15268;17;898;2
3861;15270;43;355;5
3862;15275;3;5091;2
3863;15277;10;1527;7
3864;15284;3;5094;2
3865;15286;17;899;3
3866;15289;7643;2;3
3867;15292;5;3058;2
3868;15294;15287;1;7
3869;15301;41;373;8
3870;15309;14;1093;7
3871;15316;13;1178;2
3872;15318;5;3063;3
3873;15321;6;2553;3
3874;15324;47;326;2
3875;15326;15319;1;7
3876;15333;15331;1;2
3877;15335;6;2555;5
3878;15340;7669;2;2
3879;15342;3067;5;7
3880;15349;103;149;2
3881;15351;4;3837;3
3882;15354;7;2193;3
3883;15357;5;3071;2
3884;15359;10;1535;9
3885;15368;15359;1;9
3886;15377;3;5125;2
3887;15379;4;3844;3
3888;15382;7;2197;3
3889;15385;15383;1;2
3890;15387;10;1538;7
3891;15394;4;3848;2
3892;15396;15391;1;5
3893;15401;3;5133;2
3894;15403;12;1283;7
3895;15410;3;5136;2
3896;15412;19;811;3
3897;15415;4;3853;3
3898;15418;4;3854;2
3899;15420;15413;1;7
3900;15427;17;907;8
3901;15435;14;1102;7
3902;15442;4;3860;2
3903;15444;5147;3;3
3904;15447;4;3861;3
3905;15450;4;3862;2
3906;15452;3089;5;7
3907;15459;13;1189;2
3908;15461;6;2576;5
3909;15466;4;3866;2
3910;15468;15461;1;7
3911;15475;15473;1;2
3912;15477;6;2579;3
3913;15480;7;2211;3
3914;15483;113;137;2
3915;15485;71;218;7
3916;15492;5;3098;2
3917;15494;7;2213;3
3918;15497;3;5165;2
3919;15499;12;1291;7
3920;15506;3;5168;2
3921;15508;5;3101;3
3922;15511;4;3877;3
3923;15514;4;3878;2
3924;15516;13;1193;7
3925;15523;11;1411;2
3926;15525;8;1940;5
3927;15530;3;5176;2
3928;15532;9;1725;7
3929;15539;3;5179;2
3930;15541;17;914;3
3931;15544;15541;1;3
3932;15547;5;3109;2
3933;15549;19;818;7
3934;15556;13;1196;8
3935;15564;47;331;7
3936;15571;15569;1;2
3937;15573;5;3114;3
3938;15576;29;537;3
3939;15579;37;421;2
3940;15581;13;1198;7
3941;15588;7793;2;2
3942;15590;15;1039;5
3943;15595;31;503;2
3944;15597;10;1559;7
3945;15604;29;538;2
3946;15606;7;2229;3
3947;15609;6;2601;3
3948;15612;5;3122;2
3949;15614;23;678;20
3950;15634;4;3908;2
3951;15636;9;1737;3
3952;15639;4;3909;3
3953;15642;4;3910;2
3954;15644;19;823;7
3955;15651;15649;1;2
3956;15653;6;2608;5
3957;15658;4;3914;2
3958;15660;11;1423;7
3959;15667;5;3133;2
3960;15669;6;2611;3
3961;15672;9;1741;3
3962;15675;7;2239;2
3963;15677;10;1567;7
3964;15684;3919;4;8
3965;15692;3137;5;7
3966;15699;11;1427;2
3967;15701;47;334;3
3968;15704;7;2243;3
3969;15707;3;5235;2
3970;15709;2617;6;7
3971;15716;3;5238;2
3972;15718;19;827;5
3973;15723;79;199;2
3974;15725;29;542;7
3975;15732;5;3146;2
3976;15734;15731;1;3
3977;15737;7867;2;3
3978;15740;3;5246;2
3979;15742;15;1049;7
3980;15749;3;5249;2
3981;15751;4;3937;3
3982;15754;4;3938;2
3983;15756;15749;1;7
3984;15763;15761;1;2
3985;15765;6;2627;3
3986;15768;5;3153;3
3987;15771;13;1213;2
3988;15773;7883;2;7
3989;15780;7;2254;2
3990;15782;9;1753;5
3991;15787;5;3157;2
3992;15789;13;1214;7
3993;15796;53;298;2
3994;15798;5;3159;3
3995;15801;6;2633;3
3996;15804;7901;2;2
3997;15806;37;427;7
3998;15813;29;545;8
3999;15821;7907;2;7
4000;15828;41;386;2
4001;15830;7;2261;3
4002;15833;5;3166;3
4003;15836;3;5278;2
4004;15838;9;1759;7
4005;15845;3;5281;2
4006;15847;89;178;5
4007;15852;5;3170;2
4008;15854;13;1219;7
4009;15861;15859;1;2
4010;15863;4;3965;3
4011;15866;29;547;3
4012;15869;3;5289;2
4013;15871;8;1983;7
4014;15878;11;1443;5
4015;15883;9;1764;7
4016;15890;3;5296;2
4017;15892;15889;1;3
4018;15895;4;3973;3
4019;15898;4;3974;2
4020;15900;23;691;7
4021;15907;5;3181;2
4022;15909;7;2272;5
4023;15914;3;5304;2
4024;15916;5303;3;7
4025;15923;3;5307;2
4026;15925;19;838;3
4027;15928;5;3185;3
4028;15931;17;937;2
4029;15933;7963;2;7
4030;15940;14;1138;8
4031;15948;19;839;7
4032;15955;7;2279;2
4033;15957;6;2659;3
4034;15960;9;1773;3
4035;15963;11;1451;2
4036;15965;79;202;7
4037;15972;5;3194;2
4038;15974;5323;3;5
4039;15979;13;1229;2
4040;15981;14;1141;7
4041;15988;7993;2;2
4042;15990;73;219;3
4043;15993;5;3198;3
4044;15996;11;1454;2
4045;15998;15991;1;7
4046;16005;13;1231;2
4047;16007;4;4001;3
4048;16010;3;5336;2
4049;16012;11;1455;7
4050;16019;3;5339;2
4051;16021;8009;2;3
4052;16024;37;433;3
4053;16027;5;3205;2
4054;16029;8011;2;7
4055;16036;8017;2;2
4056;16038;16033;1;5
4057;16043;3;5347;2
4058;16045;9;1782;7
4059;16052;3;5350;2
4060;16054;7;2293;3
4061;16057;23;698;3
4062;16060;7;2294;2
4063;16062;13;1235;7
4064;16069;16061;1;8
4065;16077;10;1607;7
4066;16084;11;1462;2
4067;16086;9;1787;3
4068;16089;6;2681;3
4069;16092;5;3218;2
4070;16094;16087;1;7
4071;16101;17;947;2
4072;16103;6;2683;5
4073;16108;8053;2;2
4074;16110;16103;1;7
4075;16117;5;3223;2
4076;16119;4;4029;3
4077;16122;9;1791;3
4078;16125;23;701;2
4079;16127;21;767;20
4080;16147;5;3229;2
4081;16149;6;2691;3
4082;16152;7;2307;3
4083;16155;29;557;2
4084;16157;10;1615;7
4085;16164;8081;2;2
4086;16166;5387;3;5
4087;16171;19;851;2
4088;16173;59;274;7
4089;16180;8089;2;2
4090;16182;5393;3;3
4091;16185;6;2697;3
4092;16188;8093;2;2
4093;16190;16183;1;7
4094;16197;16189;1;8
4095;16205;13;1246;7
4096;16212;5;3242;2
4097;16214;13;1247;3
4098;16217;11;1474;3
4099;16220;3;5406;2
4100;16222;15;1081;7
4101;16229;3;5409;2
4102;16231;7;2318;5
4103;16236;8117;2;2
4104;16238;16231;1;7
4105;16245;37;439;2
4106;16247;4;4061;3
4107;16250;7;2321;3
4108;16253;3;5417;2
4109;16255;8;2031;7
4110;16262;3;5420;2
4111;16264;7;2323;3
4112;16267;5;3253;2
4113;16269;47;346;7
4114;16276;79;206;2
4115;16278;5;3255;3
4116;16281;6;2713;3
4117;16284;7;2326;2
4118;16286;73;223;7
4119;16293;11;1481;2
4120;16295;6;2715;5
4121;16300;29;562;2
4122;16302;3259;5;7
4123;16309;23;709;2
4124;16311;4;4077;3
4125;16314;5437;3;3
4126;16317;5;3263;2
4127;16319;8;2039;7
4128;16326;41;398;8
4129;16334;29;563;7
4130;16341;16339;1;2
4131;16343;4;4085;3
4132;16346;59;277;3
4133;16349;3;5449;2
4134;16351;8;2043;7
4135;16358;3;5452;2
4136;16360;3271;5;5
4137;16365;16363;1;2
4138;16367;8;2045;7
4139;16374;4;4093;2
4140;16376;7;2339;3
4141;16379;4;4094;3
4142;16382;3;5460;2
4143;16384;53;309;7
4144;16391;8;2048;7
4145;16398;4;4099;2
4146;16400;19;863;3
4147;16403;4;4100;3
4148;16406;3;5468;2
4149;16408;11;1491;7
4150;16415;3;5471;2
4151;16417;11;1492;5
4152;16422;4;4105;2
4153;16424;16417;1;7
4154;16431;7;2347;2
4155;16433;5;3286;3
4156;16436;16433;1;3
4157;16439;3;5479;2
4158;16441;9;1826;7
4159;16448;10;1644;8
4160;16456;5483;3;7
4161;16463;3;5487;2
4162;16465;8231;2;3
4163;16468;5;3293;3
4164;16471;43;383;2
4165;16473;8233;2;7
4166;16480;7;2354;2
4167;16482;16477;1;5
4168;16487;3;5495;2
4169;16489;41;402;7
4170;16496;3;5498;2
4171;16498;5;3299;3
4172;16501;73;226;3
4173;16504;37;446;2
4174;16506;2357;7;7
4175;16513;11;1501;2
4176;16515;4;4128;3
4177;16518;4;4129;2
4178;16520;49;337;7
4179;16527;5;3305;2
4180;16529;8263;2;3
4181;16532;16529;1;3
4182;16535;3;5511;2
4183;16537;10;1653;7
4184;16544;3;5514;2
4185;16546;7;2363;5
4186;16551;13;1273;2
4187;16553;8273;2;7
4188;16560;17;974;2
4189;16562;29;571;3
4190;16565;7;2366;3
4191;16568;3;5522;2
4192;16570;5521;3;7
4193;16577;9;1841;8
4194;16585;9;1842;7
4195;16592;3;5530;2
4196;16594;47;353;3
4197;16597;8297;2;3
4198;16600;43;386;2
4199;16602;3319;5;7
4200;16609;16607;1;2
4201;16611;19;874;5
4202;16616;3;5538;2
4203;16618;21;791;7
4204;16625;3;5541;2
4205;16627;4;4156;3
4206;16630;13;1279;3
4207;16633;16631;1;2
4208;16635;3323;5;20
4209;16655;3;5551;2
4210;16657;11;1514;3
4211;16660;16657;1;3
4212;16663;16661;1;2
4213;16665;8329;2;7
4214;16672;5;3334;2
4215;16674;79;211;5
4216;16679;3;5559;2
4217;16681;14;1191;7
4218;16688;3;5562;2
4219;16690;11;1517;3
4220;16693;5;3338;3
4221;16696;17;982;2
4222;16698;16691;1;7
4223;16705;59;283;8
4224;16713;8353;2;7
4225;16720;13;1286;2
4226;16722;5573;3;3
4227;16725;6;2787;3
4228;16728;8363;2;2
4229;16730;2389;7;7
4230;16737;5;3347;2
4231;16739;6;2789;5
4232;16744;11;1522;2
4233;16746;19;881;7
4234;16753;7;2393;2
4235;16755;4;4188;3
4236;16758;5;3351;3
4237;16761;16759;1;2
4238;16763;59;284;7
4239;16770;4;4192;2
4240;16772;41;409;3
4241;16775;3;5591;2
4242;16777;10;1677;7
4243;16784;3;5594;2
4244;16786;13;1291;3
4245;16789;7;2398;3
4246;16792;5;3358;2
4247;16794;16787;1;7
4248;16801;107;157;2
4249;16803;37;454;5
4250;16808;3;5602;2
4251;16810;9;1867;7
4252;16817;3;5605;2
4253;16819;4;4204;3
4254;16822;11;1529;3
4255;16825;16823;1;2
4256;16827;10;1682;7
4257;16834;47;358;8
4258;16842;13;1295;7
4259;16849;17;991;2
4260;16851;4;4212;3
4261;16854;41;411;3
4262;16857;5;3371;2
4263;16859;11;1532;7
4264;16866;4;4216;2
4265;16868;7;2409;5
4266;16873;16871;1;2
4267;16875;4217;4;7
4268;16882;4;4220;2
4269;16884;17;993;3
4270;16887;4;4221;3
4271;16890;4;4222;2
4272;16892;11;1535;7
4273;16899;8447;2;5
4274;16904;61;277;7
4275;16911;37;457;2
4276;16913;5;3382;3
4277;16916;13;1301;3
4278;16919;3;5639;2
4279;16921;2819;6;7
4280;16928;3;5642;2
4281;16930;25;677;5
4282;16935;7;2419;2
4283;16937;10;1693;7
4284;16944;43;394;2
4285;16946;16943;1;3
4286;16949;37;458;3
4287;16952;3;5650;2
4288;16954;9;1883;7
4289;16961;5651;3;8
4290;16969;11;1542;7
4291;16976;3;5658;2
4292;16978;5;3395;3
4293;16981;13;1306;3
4294;16984;7;2426;2
4295;16986;16979;1;7
4296;16993;13;1307;2
4297;16995;10;1699;5
4298;17000;3;5666;2
4299;17002;11;1545;7
4300;17009;3;5669;2
4301;17011;4;4252;3
4302;17014;17011;1;3
4303;17017;5;3403;2
4304;17019;4253;4;7
4305;17026;4;4256;2
4306;17028;5;3405;3
4307;17031;17029;1;2
4308;17033;8513;2;7
4309;17040;7;2434;2
4310;17042;11;1549;3
4311;17045;8521;2;3
4312;17048;3;5682;2
4313;17050;13;1311;7
4314;17057;3;5685;2
4315;17059;8527;2;5
4316;17064;19;898;2
4317;17066;2437;7;7
4318;17073;43;397;2
4319;17075;4;4268;3
4320;17078;5;3415;3
4321;17081;3;5693;2
4322;17083;12;1423;7
4323;17090;9;1898;8
4324;17098;9;1899;7
4325;17105;3;5701;2
4326;17107;4;4276;3
4327;17110;17107;1;3
4328;17113;71;241;2
4329;17115;13;1316;7
4330;17122;4;4280;2
4331;17124;17;1007;5
4332;17129;3;5709;2
4333;17131;12;1427;7
4334;17138;3;5712;2
4335;17140;17137;1;3
4336;17143;4;4285;3
4337;17146;4;4286;2
4338;17148;2141;8;20
4339;17168;3;5722;2
4340;17170;17167;1;3
4341;17173;5;3434;3
4342;17176;31;554;2
4343;17178;11;1561;7
4344;17185;17183;1;2
4345;17187;11;1562;5
4346;17192;3;5730;2
4347;17194;17;1011;7
4348;17201;3;5733;2
4349;17203;4;4300;3
4350;17206;17203;1;3
4351;17209;17207;1;2
4352;17211;11;1564;7
4353;17218;10;1721;8
4354;17226;67;257;7
4355;17233;17231;1;2
4356;17235;4;4308;3
4357;17238;5;3447;3
4358;17241;17239;1;2
4359;17243;31;556;7
4360;17250;4;4312;2
4361;17252;5749;3;5
4362;17257;5;3451;2
4363;17259;19;908;7
4364;17266;4;4316;2
4365;17268;5;3453;3
4366;17271;4;4317;3
4367;17274;4;4318;2
4368;17276;2467;7;7
4369;17283;11;1571;2
4370;17285;8641;2;3
4371;17288;3;5762;2
4372;17290;21;823;7
4373;17297;3;5765;2
4374;17299;4;4324;3
4375;17302;17299;1;3
4376;17305;11;1573;2
4377;17307;10;1730;7
4378;17314;4;4328;2
4379;17316;7;2473;5
4380;17321;3;5773;2
4381;17323;9;1924;7
4382;17330;3;5776;2
4383;17332;13;1333;3
4384;17335;4;4333;3
4385;17338;4;4334;2
4386;17340;17333;1;7
4387;17347;2477;7;8
4388;17355;4337;4;7
4389;17362;4;4340;2
4390;17364;9;1929;3
4391;17367;4;4341;3
4392;17370;4;4342;2
4393;17372;23;755;7
4394;17379;17377;1;2
4395;17381;6;2896;5
4396;17386;4;4346;2
4397;17388;13;1337;7
4398;17395;17393;1;2
4399;17397;6;2899;3
4400;17400;9;1933;3
4401;17403;17401;1;2
4402;17405;4349;4;9
4403;17414;59;295;9
4404;17423;3;5807;2
4405;17425;31;562;3
4406;17428;5;3485;3
4407;17431;29;601;2
4408;17433;8713;2;7
4409;17440;8719;2;2
4410;17442;7;2491;5
4411;17447;3;5815;2
4412;17449;9;1938;7
4413;17456;3;5818;2
4414;17458;5;3491;3
4415;17461;7;2494;3
4416;17464;8731;2;2
4417;17466;13;1343;7
4418;17473;35;499;8
4419;17481;8737;2;7
4420;17488;7;2498;2
4421;17490;9;1943;3
4422;17493;5;3498;3
4423;17496;8747;2;2
4424;17498;17491;1;7
4425;17505;23;761;2
4426;17507;6;2917;5
4427;17512;5;3502;2
4428;17514;41;427;7
4429;17521;17519;1;2
4430;17523;4;4380;3
4431;17526;9;1947;3
4432;17529;17;1031;2
4433;17531;13;1348;7
4434;17538;4;4384;2
4435;17540;13;1349;3
4436;17543;3;5847;2
4437;17545;37;474;7
4438;17552;3;5850;2
4439;17554;17551;1;3
4440;17557;67;262;3
4441;17560;8779;2;2
4442;17562;3511;5;7
4443;17569;11;1597;2
4444;17571;8783;2;5
4445;17576;3;5858;2
4446;17578;5857;3;7
4447;17585;3;5861;2
4448;17587;4;4396;3
4449;17590;43;409;3
4450;17593;7;2513;2
4451;17595;4397;4;7
4452;17602;19;926;8
4453;17610;29;607;7
4454;17617;5;3523;2
4455;17619;4;4404;3
4456;17622;7;2517;3
4457;17625;17623;1;2
4458;17627;10;1762;7
4459;17634;4;4408;2
4460;17636;9;1959;5
4461;17641;31;569;2
4462;17643;4409;4;7
4463;17650;4;4412;2
4464;17652;9;1961;3
4465;17655;4;4413;3
4466;17658;4;4414;2
4467;17660;21;840;20
4468;17680;8839;2;2
4469;17682;71;249;3
4470;17685;6;2947;3
4471;17688;37;478;2
4472;17690;17683;1;7
4473;17697;5;3539;2
4474;17699;6;2949;5
4475;17704;53;334;2
4476;17706;11;1609;7
4477;17713;89;199;2
4478;17715;4;4428;3
4479;17718;5;3543;3
4480;17721;13;1363;2
4481;17723;43;412;7
4482;17730;8861;2;8
4483;17738;17;1043;7
4484;17745;11;1613;2
4485;17747;4;4436;3
4486;17750;17747;1;3
4487;17753;3;5917;2
4488;17755;9;1972;7
4489;17762;3;5920;2
4490;17764;7;2537;5
4491;17769;109;163;2
4492;17771;4441;4;7
4493;17778;4;4444;2
4494;17780;29;613;3
4495;17783;4;4445;3
4496;17786;3;5928;2
4497;17788;5927;3;7
4498;17795;3;5931;2
4499;17797;7;2542;3
4500;17800;11;1618;2
4501;17802;3559;5;7
4502;17809;17807;1;2
4503;17811;4;4452;3
4504;17814;9;1979;3
4505;17817;5;3563;2
4506;17819;61;292;7
4507;17826;4;4456;2
4508;17828;13;1371;5
4509;17833;11;1621;2
4510;17835;4457;4;7
4511;17842;4;4460;2
4512;17844;19;939;3
4513;17847;4;4461;3
4514;17850;4;4462;2
4515;17852;43;415;7
4516;17859;17851;1;8
4517;17867;10;1786;7
4518;17874;4;4468;2
4519;17876;61;293;3
4520;17879;4;4469;3
4521;17882;3;5960;2
4522;17884;59;303;7
4523;17891;3;5963;2
4524;17893;8;2236;5
4525;17898;4;4474;2
4526;17900;29;617;7
4527;17907;5;3581;2
4528;17909;7;2558;3
4529;17912;17909;1;3
4530;17915;3;5971;2
4531;17917;9;1990;7
4532;17924;9;1991;5
4533;17929;29;618;7
4534;17936;3;5978;2
4535;17938;5;3587;3
4536;17941;8969;2;3
4537;17944;8971;2;2
4538;17946;17939;1;7
4539;17953;29;619;2
4540;17955;10;1795;5
4541;17960;3;5986;2
4542;17962;9;1995;7
4543;17969;3;5989;2
4544;17971;4;4492;3
4545;17974;17971;1;3
4546;17977;5;3595;2
4547;17979;4493;4;7
4548;17986;89;202;8
4549;17994;17987;1;7
4550;18001;41;439;2
4551;18003;4;4500;3
4552;18006;17;1059;3
4553;18009;11;1637;2
4554;18011;14;1286;7
4555;18018;4;4504;2
4556;18020;15;1201;5
4557;18025;67;269;2
4558;18027;10;1802;7
4559;18034;4;4508;2
4560;18036;6011;3;3
4561;18039;4;4509;3
4562;18042;4;4510;2
4563;18044;17;1061;7
4564;18051;18049;1;2
4565;18053;5;3610;3
4566;18056;3;6018;2
4567;18058;11;1641;7
4568;18065;3;6021;2
4569;18067;4;4516;3
4570;18070;7;2581;3
4571;18073;17;1063;2
4572;18075;4517;4;7
4573;18082;4;4520;2
4574;18084;101;179;5
4575;18089;3;6029;2
4576;18091;11;1644;7
4577;18098;3;6032;2
4578;18100;18097;1;3
4579;18103;4;4525;3
4580;18106;4;4526;2
4581;18108;23;787;7
4582;18115;19;953;8
4583;18123;14;1294;7
4584;18130;4;4532;2
4585;18132;6043;3;3
4586;18135;4;4533;3
4587;18138;4;4534;2
4588;18140;18133;1;7
4589;18147;5;3629;2
4590;18149;6;3024;5
4591;18154;4;4538;2
4592;18156;18149;1;7
4593;18163;11;1651;2
4594;18165;6;3027;3
4595;18168;5;3633;3
4596;18171;18169;1;2
4597;18173;2017;9;20
4598;18193;18191;1;2
4599;18195;4;4548;3
4600;18198;5;3639;3
4601;18201;18199;1;2
4602;18203;4549;4;7
4603;18210;4;4552;2
4604;18212;7;2601;5
4605;18217;5;3643;2
4606;18219;29;628;7
4607;18226;4;4556;2
4608;18228;5;3645;3
4609;18231;4;4557;3
4610;18234;4;4558;2
4611;18236;18229;1;7
4612;18243;35;521;8
4613;18251;4561;4;7
4614;18258;4;4564;2
4615;18260;18257;1;3
4616;18263;4;4565;3
4617;18266;3;6088;2
4618;18268;9;2029;7
4619;18275;3;6091;2
4620;18277;8;2284;5
4621;18282;4;4570;2
4622;18284;49;373;7
4623;18291;18289;1;2
4624;18293;5;3658;3
4625;18296;11;1663;3
4626;18299;3;6099;2
4627;18301;3049;6;7
4628;18308;3;6102;2
4629;18310;18307;1;3
4630;18313;18311;1;2
4631;18315;23;796;7
4632;18322;4;4580;2
4633;18324;31;591;3
4634;18327;4;4581;3
4635;18330;4;4582;2
4636;18332;25;733;7
4637;18339;11;1667;2
4638;18341;6;3056;5
4639;18346;4;4586;2
4640;18348;18341;1;7
4641;18355;18353;1;2
4642;18357;6;3059;3
4643;18360;29;633;3
4644;18363;7;2623;2
4645;18365;67;274;7
4646;18372;4591;4;8
4647;18380;19;967;7
4648;18387;5;3677;2
4649;18389;29;634;3
4650;18392;7;2627;3
4651;18395;3;6131;2
4652;18397;10;1839;7
4653;18404;3;6134;2
4654;18406;18401;1;5
4655;18411;41;449;2
4656;18413;9203;2;7
4657;18420;9209;2;2
4658;18422;113;163;3
4659;18425;61;302;3
4660;18428;3;6142;2
4661;18430;18413;1;17
4662;18447;5;3689;2
4663;18449;23;802;3
4664;18452;19;971;3
4665;18455;3;6151;2
4666;18457;9;2050;7
4667;18464;3;6154;2
4668;18466;18461;1;5
4669;18471;11;1679;2
4670;18473;14;1319;7
4671;18480;9239;2;2
4672;18482;17;1087;3
4673;18485;9241;2;3
4674;18488;3;6162;2
4675;18490;61;303;7
4676;18497;6163;3;8
4677;18505;3083;6;7
4678;18512;3;6170;2
4679;18514;107;173;3
4680;18517;9257;2;3
4681;18520;47;394;2
4682;18522;23;805;7
4683;18529;97;191;2
4684;18531;59;314;5
4685;18536;3;6178;2
4686;18538;9;2059;7
4687;18545;3;6181;2
4688;18547;4;4636;3
4689;18550;17;1091;3
4690;18553;13;1427;2
4691;18555;4637;4;7
4692;18562;4;4640;2
4693;18564;23;807;3
4694;18567;5;3713;2
4695;18569;9281;2;7
4696;18576;37;502;2
4697;18578;5;3715;3
4698;18581;7;2654;3
4699;18584;3;6194;2
4700;18586;11;1689;7
4701;18593;3;6197;2
4702;18595;10;1859;5
4703;18600;17;1094;2
4704;18602;3719;5;7
4705;18609;23;809;2
4706;18611;4;4652;3
4707;18614;37;503;3
4708;18617;3;6205;2
4709;18619;9;2068;7
4710;18626;29;642;8
4711;18634;21;887;7
4712;18641;3;6213;2
4713;18643;4;4660;3
4714;18646;103;181;3
4715;18649;29;643;2
4716;18651;59;316;7
4717;18658;4;4664;2
4718;18660;7;2665;5
4719;18665;3;6221;2
4720;18667;10;1866;7
4721;18674;3;6224;2
4722;18676;71;263;3
4723;18679;4;4669;3
4724;18682;4;4670;2
4725;18684;2333;8;20
4726;18704;3;6234;2
4727;18706;59;317;3
4728;18709;47;398;3
4729;18712;5;3742;2
4730;18714;13;1439;7
4731;18721;18719;1;2
4732;18723;7;2674;5
4733;18728;3;6242;2
4734;18730;79;237;7
4735;18737;3;6245;2
4736;18739;4;4684;3
4737;18742;7;2677;3
4738;18745;18743;1;2
4739;18747;10;1874;7
4740;18754;13;1442;8
4741;18762;11;1705;7
4742;18769;7;2681;2
4743;18771;4;4692;3
4744;18774;6257;3;3
4745;18777;5;3755;2
4746;18779;13;1444;7
4747;18786;4;4696;2
4748;18788;9;2087;5
4749;18793;19;989;2
4750;18795;11;1708;7
4751;18802;4;4700;2
4752;18804;9;2089;3
4753;18807;4;4701;3
4754;18810;4;4702;2
4755;18812;3761;5;7
4756;18819;31;607;2
4757;18821;97;194;3
4758;18824;3;6274;2
4759;18826;9;2091;7
4760;18833;3;6277;2
4761;18835;4;4708;3
4762;18838;5;3767;3
4763;18841;18839;1;2
4764;18843;17;1108;7
4765;18850;4;4712;2
4766;18852;47;401;5
4767;18857;3;6285;2
4768;18859;12;1571;7
4769;18866;3;6288;2
4770;18868;5;3773;3
4771;18871;4;4717;3
4772;18874;4;4718;2
4773;18876;18869;1;7
4774;18883;25;755;8
4775;18891;4721;4;7
4776;18898;4;4724;2
4777;18900;6299;3;3
4778;18903;4;4725;3
4779;18906;4;4726;2
4780;18908;41;461;7
4781;18915;18913;1;2
4782;18917;6;3152;5
4783;18922;4;4730;2
4784;18924;18917;1;7
4785;18931;23;823;2
4786;18933;5;3786;3
4787;18936;6311;3;3
4788;18939;29;653;2
4789;18941;9467;2;7
4790;18948;19;997;5
4791;18953;9473;2;7
4792;18960;9479;2;2
4793;18962;18959;1;3
4794;18965;19;998;3
4795;18968;3;6322;2
4796;18970;9;2107;7
4797;18977;3;6325;2
4798;18979;53;358;5
4799;18984;9491;2;2
4800;18986;18979;1;7
4801;18993;7;2713;2
4802;18995;4;4748;3
4803;18998;5;3799;3
4804;19001;3;6333;2
4805;19003;12;1583;7
4806;19010;3167;6;8
4807;19018;6337;3;7
4808;19025;3;6341;2
4809;19027;4;4756;3
4810;19030;53;359;3
4811;19033;19031;1;2
4812;19035;67;284;7
4813;19042;4;4760;2
4814;19044;79;241;5
4815;19049;3;6349;2
4816;19051;9;2116;7
4817;19058;3;6352;2
4818;19060;17;1121;3
4819;19063;4;4765;3
4820;19066;4;4766;2
4821;19068;49;389;7
4822;19075;19073;1;2
4823;19077;6;3179;3
4824;19080;9539;2;2
4825;19082;25;763;7
4826;19089;19087;1;2
4827;19091;4;4772;3
4828;19094;17;1123;3
4829;19097;3;6365;2
4830;19099;12;1591;7
4831;19106;3;6368;2
4832;19108;7;2729;5
4833;19113;29;659;2
4834;19115;17;1124;7
4835;19122;4;4780;2
4836;19124;19121;1;3
4837;19127;4;4781;3
4838;19130;3;6376;2
4839;19132;9;2125;7
4840;19139;21;911;8
4841;19147;10;1914;7
4842;19154;3;6384;2
4843;19156;107;179;3
4844;19159;4;4789;3
4845;19162;4;4790;2
4846;19164;19157;1;7
4847;19171;29;661;2
4848;19173;8;2396;5
4849;19178;3;6392;2
4850;19180;11;1743;7
4851;19187;3;6395;2
4852;19189;53;362;3
4853;19192;31;619;3
4854;19195;17;1129;2
4855;19197;127;151;20
4856;19217;3;6405;2
4857;19219;4;4804;3
4858;19222;19219;1;3
4859;19225;47;409;2
4860;19227;10;1922;7
4861;19234;4;4808;2
4862;19236;19231;1;5
4863;19241;3;6413;2
4864;19243;12;1603;7
4865;19250;3;6416;2
4866;19252;19249;1;3
4867;19255;4;4813;3
4868;19258;4;4814;2
4869;19260;13;1481;7
4870;19267;19259;1;8
4871;19275;4817;4;7
4872;19282;4;4820;2
4873;19284;6427;3;3
4874;19287;4;4821;3
4875;19290;4;4822;2
4876;19292;19;1015;7
4877;19299;23;839;2
4878;19301;6;3216;5
4879;19306;4;4826;2
4880;19308;19301;1;7
4881;19315;7;2759;2
4882;19317;6;3219;3
4883;19320;47;411;3
4884;19323;139;139;2
4885;19325;13;1486;7
4886;19332;5;3866;2
4887;19334;13;1487;3
4888;19337;3;6445;2
4889;19339;9;2148;7
4890;19346;3;6448;2
4891;19348;5;3869;3
4892;19351;4;4837;3
4893;19354;4;4838;2
4894;19356;11;1759;7
4895;19363;19;1019;2
4896;19365;8;2420;5
4897;19370;3;6456;2
4898;19372;15;1291;7
4899;19379;3;6459;2
4900;19381;9689;2;3
4901;19384;19381;1;3
4902;19387;5;3877;2
4903;19389;11;1762;7
4904;19396;37;524;8
4905;19404;17;1141;7
4906;19411;13;1493;2
4907;19413;5;3882;3
4908;19416;9;2157;3
4909;19419;19417;1;2
4910;19421;17;1142;7
4911;19428;11;1766;2
4912;19430;7;2775;5
4913;19435;19433;1;2
4914;19437;10;1943;7
4915;19444;9721;2;2
4916;19446;6481;3;3
4917;19449;6;3241;3
4918;19452;5;3890;2
4919;19454;3889;5;9
4920;19463;71;274;9
4921;19472;3;6490;2
4922;19474;19471;1;3
4923;19477;7;2782;3
4924;19480;9739;2;2
4925;19482;19;1025;7
4926;19489;13;1499;2
4927;19491;9743;2;5
4928;19496;3;6498;2
4929;19498;73;267;7
4930;19505;3;6501;2
4931;19507;4;4876;3
4932;19510;19507;1;3
4933;19513;109;179;2
4934;19515;4877;4;7
4935;19522;11;1774;8
4936;19530;2789;7;7
4937;19537;5;3907;2
4938;19539;4;4884;3
4939;19542;9;2171;3
4940;19545;19543;1;2
4941;19547;10;1954;7
4942;19554;4;4888;2
4943;19556;7;2793;5
4944;19561;19559;1;2
4945;19563;4889;4;7
4946;19570;4;4892;2
4947;19572;11;1779;3
4948;19575;4;4893;3
4949;19578;4;4894;2
4950;19580;23;851;7
4951;19587;5;3917;2
4952;19589;7;2798;3
4953;19592;3;6530;2
4954;19594;6529;3;7
4955;19601;3;6533;2
4956;19603;4;4900;3
4957;19606;19603;1;3
4958;19609;7;2801;2
4959;19611;13;1508;7
4960;19618;4;4904;2
4961;19620;3923;5;5
4962;19625;3;6541;2
4963;19627;9;2180;7
4964;19634;3;6544;2
4965;19636;29;677;3
4966;19639;4;4909;3
4967;19642;4;4910;2
4968;19644;73;269;7
4969;19651;13;1511;8
4970;19659;17;1156;7
4971;19666;4;4916;2
4972;19668;5;3933;3
4973;19671;4;4917;3
4974;19674;4;4918;2
4975;19676;13;1513;7
4976;19683;19681;1;2
4977;19685;6;3280;5
4978;19690;4;4922;2
4979;19692;31;635;7
4980;19699;19697;1;2
4981;19701;6;3283;3
4982;19704;9;2189;3
4983;19707;5;3941;2
4984;19709;6563;3;20
4985;19729;19727;1;2
4986;19731;4;4932;3
4987;19734;6577;3;3
4988;19737;5;3947;2
4989;19739;4933;4;7
4990;19746;4;4936;2
4991;19748;6581;3;5
4992;19753;19751;1;2
4993;19755;4937;4;7
4994;19762;4;4940;2
4995;19764;7;2823;3
4996;19767;4;4941;3
4997;19770;4;4942;2
4998;19772;59;335;7
4999;19779;17;1163;8
5000;19787;10;1978;7
5001;19794;4;4948;2
5002;19796;19793;1;3
5003;19799;4;4949;3
5004;19802;3;6600;2
5005;19804;6599;3;7
5006;19811;3;6603;2
5007;19813;8;2476;5
5008;19818;4;4954;2
5009;19820;19813;1;7
5010;19827;5;3965;2
5011;19829;23;862;3
5012;19832;79;251;3
5013;19835;3;6611;2
5014;19837;10;1983;7
5015;19844;3;6614;2
5016;19846;19843;1;3
5017;19849;89;223;2
5018;19851;11;1804;7
5019;19858;4;4964;2
5020;19860;6619;3;3
5021;19863;4;4965;3
5022;19866;4;4966;2
5023;19868;19861;1;7
5024;19875;7;2839;2
5025;19877;6;3312;5
5026;19882;4;4970;2
5027;19884;11;1807;7
5028;19891;19889;1;2
5029;19893;5;3978;3
5030;19896;19;1047;3
5031;19899;101;197;2
5032;19901;14;1421;7
5033;19908;10;1990;8
5034;19916;43;463;7
5035;19923;11;1811;2
5036;19925;7;2846;3
5037;19928;5;3985;3
5038;19931;3;6643;2
5039;19933;9;2214;7
5040;19940;3;6646;2
5041;19942;19937;1;5
5042;19947;5;3989;2
5043;19949;13;1534;7
5044;19956;11;1814;2
5045;19958;5;3991;3
5046;19961;17;1174;3
5047;19964;3;6654;2
5048;19966;6653;3;7
5049;19973;6;3328;5
5050;19978;9;2219;7
5051;19985;3;6661;2
5052;19987;4;4996;3
5053;19990;11;1817;3
5054;19993;19991;1;2
5055;19995;19;1052;7
5056;20002;4;5000;2
5057;20004;7;2857;5
5058;20009;3;6669;2
5059;20011;12;1667;7
5060;20018;3;6672;2
5061;20020;37;541;3
5062;20023;4;5005;3
5063;20026;4;5006;2
5064;20028;20021;1;7
5065;20035;2861;7;8
5066;20043;5009;4;7
5067;20050;4;5012;2
5068;20052;41;489;3
5069;20055;4;5013;3
5070;20058;4;5014;2
5071;20060;11;1823;7
5072;20067;5;4013;2
5073;20069;6;3344;5
5074;20074;4;5018;2
5075;20076;47;427;7
5076;20083;43;467;2
5077;20085;6;3347;3
5078;20088;5;4017;3
5079;20091;20089;1;2
5080;20093;11;1826;7
5081;20100;13;1546;2
5082;20102;101;199;3
5083;20105;3;6701;2
5084;20107;10;2010;7
5085;20114;3;6704;2
5086;20116;20113;1;3
5087;20119;4;5029;3
5088;20122;4;5030;2
5089;20124;20117;1;7
5090;20131;20129;1;2
5091;20133;8;2516;5
5092;20138;3;6712;2
5093;20140;9;2237;7
5094;20147;3;6715;2
5095;20149;7;2878;3
5096;20152;20149;1;3
5097;20155;7;2879;2
5098;20157;10;2015;7
5099;20164;5039;4;8
5100;20172;37;545;7
5101;20179;20177;1;2
5102;20181;6;3363;3
5103;20184;7;2883;3
5104;20187;5;4037;2
5105;20189;10091;2;7
5106;20196;23;878;2
5107;20198;53;381;5
5108;20203;20201;1;2
5109;20205;10099;2;7
5110;20212;5;4042;2
5111;20214;6737;3;3
5112;20217;6;3369;3
5113;20220;11;1838;2
5114;20222;21;962;20
5115;20242;4;5060;2
5116;20244;9;2249;3
5117;20247;4;5061;3
5118;20250;4;5062;2
5119;20252;4049;5;7
5120;20259;47;431;2
5121;20261;6;3376;5
5122;20266;4;5066;2
5123;20268;20261;1;7
5124;20275;11;1843;2
5125;20277;6;3379;3
5126;20280;9;2253;3
5127;20283;17;1193;2
5128;20285;10139;2;7
5129;20292;11;1844;8
5130;20300;13;1561;7
5131;20307;5;4061;2
5132;20309;11;1846;3
5133;20312;23;883;3
5134;20315;3;6771;2
5135;20317;10;2031;7
5136;20324;3;6774;2
5137;20326;7;2903;5
5138;20331;29;701;2
5139;20333;10163;2;7
5140;20340;10169;2;2
5141;20342;11;1849;3
5142;20345;7;2906;3
5143;20348;3;6782;2
5144;20350;6781;3;7
5145;20357;3;6785;2
5146;20359;4;5089;3
5147;20362;4;5090;2
5148;20364;20357;1;7
5149;20371;20369;1;2
5150;20373;5;4074;3
5151;20376;6791;3;3
5152;20379;7;2911;2
5153;20381;61;334;7
5154;20388;10193;2;2
5155;20390;9;2265;5
5156;20395;20393;1;2
5157;20397;10;2039;7
5158;20404;101;202;2
5159;20406;9;2267;3
5160;20409;6;3401;3
5161;20412;5;4082;2
5162;20414;20407;1;7
5163;20421;137;149;8
5164;20429;10211;2;7
5165;20436;17;1202;2
5166;20438;5;4087;3
5167;20441;11;1858;3
5168;20444;3;6814;2
5169;20446;9;2271;7
5170;20453;3;6817;2
5171;20455;10;2045;5
5172;20460;53;386;2
5173;20462;4091;5;7
5174;20469;97;211;2
5175;20471;4;5117;3
5176;20474;11;1861;3
5177;20477;3;6825;2
5178;20479;8;2559;7
5179;20486;3;6828;2
5180;20488;6827;3;7
5181;20495;3;6831;2
5182;20497;10247;2;3
5183;20500;103;199;3
5184;20503;13;1577;2
5185;20505;37;554;7
5186;20512;5;4102;2
5187;20514;20509;1;5
5188;20519;3;6839;2
5189;20521;13;1578;7
5190;20528;3;6842;2
5191;20530;13;1579;3
5192;20533;5;4106;3
5193;20536;10267;2;2
5194;20538;49;419;7
5195;20545;11;1867;8
5196;20553;10273;2;7
5197;20560;19;1082;2
5198;20562;7;2937;3
5199;20565;6;3427;3
5200;20568;7;2938;2
5201;20570;20563;1;7
5202;20577;5;4115;2
5203;20579;6;3429;5
5204;20584;41;502;2
5205;20586;13;1583;7
5206;20593;59;349;2
5207;20595;4;5148;3
5208;20598;5;4119;3
5209;20601;20599;1;2
5210;20603;19;1084;7
5211;20610;4;5152;2
5212;20612;37;557;3
5213;20615;3;6871;2
5214;20617;9;2290;7
5215;20624;3;6874;2
5216;20626;41;503;3
5217;20629;10313;2;3
5218;20632;5;4126;2
5219;20634;20627;1;7
5220;20641;20639;1;2
5221;20643;17;1214;5
5222;20648;3;6882;2
5223;20650;21;983;7
5224;20657;3;6885;2
5225;20659;4;5164;3
5226;20662;73;283;3
5227;20665;20663;1;2
5228;20667;10;2066;7
5229;20674;10333;2;8
5230;20682;25;827;7
5231;20689;137;151;2
5232;20691;4;5172;3
5233;20694;9;2299;3
5234;20697;5;4139;2
5235;20699;14;1478;7
5236;20706;4;5176;2
5237;20708;67;309;5
5238;20713;139;149;2
5239;20715;31;668;7
5240;20722;4;5180;2
5241;20724;6907;3;3
5242;20727;4;5181;3
5243;20730;4;5182;2
5244;20732;24;863;20
5245;20752;5;4150;2
5246;20754;6917;3;3
5247;20757;6;3459;3
5248;20760;97;214;2
5249;20762;35;593;7
5250;20769;19;1093;2
5251;20771;6;3461;5
5252;20776;13;1598;2
5253;20778;20771;1;7
5254;20785;7;2969;2
5255;20787;4;5196;3
5256;20790;13;1599;3
5257;20793;17;1223;2
5258;20795;5197;4;7
5259;20802;37;562;8
5260;20810;71;293;7
5261;20817;5;4163;2
5262;20819;4;5204;3
5263;20822;109;191;3
5264;20825;3;6941;2
5265;20827;10;2082;7
5266;20834;3;6944;2
5267;20836;37;563;5
5268;20841;7;2977;2
5269;20843;5209;4;7
5270;20850;4;5212;2
5271;20852;20849;1;3
5272;20855;4;5213;3
5273;20858;3;6952;2
5274;20860;9;2317;7
5275;20867;3;6955;2
5276;20869;10433;2;3
5277;20872;5;4174;2
5278;20874;11;1897;7
5279;20881;20879;1;2
5280;20883;4;5220;3
5281;20886;6961;3;3
5282;20889;20887;1;2
5283;20891;23;908;7
5284;20898;4;5224;2
5285;20900;7;2985;5
5286;20905;20903;1;2
5287;20907;10;2090;7
5288;20914;4;5228;2
5289;20916;6971;3;3
5290;20919;4;5229;3
5291;20922;4;5230;2
5292;20924;13;1609;7
5293;20931;49;427;8
5294;20939;5233;4;7
5295;20946;4;5236;2
5296;20948;5;4189;3
5297;20951;4;5237;3
5298;20954;3;6984;2
5299;20956;6983;3;7
5300;20963;3;6987;2
5301;20965;8;2620;5
5302;20970;4;5242;2
5303;20972;35;599;7
5304;20979;11;1907;2
5305;20981;17;1234;3
5306;20984;20981;1;3
5307;20987;3;6995;2
5308;20989;13;1614;7
5309;20996;6997;3;5
5310;21001;3499;6;7
5311;21008;3;7002;2
5312;21010;7;3001;3
5313;21013;5;4202;3
5314;21016;7;3002;2
5315;21018;21011;1;7
5316;21025;21023;1;2
5317;21027;23;914;5
5318;21032;3;7010;2
5319;21034;43;489;7
5320;21041;3;7013;2
5321;21043;4;5260;3
5322;21046;11;1913;3
5323;21049;13;1619;2
5324;21051;5261;4;7
5325;21058;10;2105;8
5326;21066;21059;1;7
5327;21073;19;1109;2
5328;21075;4;5268;3
5329;21078;5;4215;3
5330;21081;107;197;2
5331;21083;11;1916;7
5332;21090;4;5272;2
5333;21092;9;2343;5
5334;21097;5;4219;2
5335;21099;5273;4;7
5336;21106;4;5276;2
5337;21108;5;4221;3
5338;21111;4;5277;3
5339;21114;4;5278;2
5340;21116;11;1919;7
5341;21123;21121;1;2
5342;21125;59;358;3
5343;21128;3;7042;2
5344;21130;9;2347;7
5345;21137;3;7045;2
5346;21139;4;5284;3
5347;21142;21139;1;3
5348;21145;21143;1;2
5349;21147;10;2114;7
5350;21154;4;5288;2
5351;21156;13;1627;5
5352;21161;3;7053;2
5353;21163;12;1763;7
5354;21170;3;7056;2
5355;21172;21169;1;3
5356;21175;4;5293;3
5357;21178;4;5294;2
5358;21180;31;683;7
5359;21187;21179;1;8
5360;21195;5297;4;7
5361;21202;4;5300;2
5362;21204;37;573;3
5363;21207;4;5301;3
5364;21210;4;5302;2
5365;21212;4241;5;7
5366;21219;7;3031;2
5367;21221;6;3536;5
5368;21226;4;5306;2
5369;21228;21221;1;7
5370;21235;17;1249;2
5371;21237;6;3539;3
5372;21240;7079;3;3
5373;21243;11;1931;2
5374;21245;25;849;20
5375;21265;11;1933;2
5376;21267;4;5316;3
5377;21270;9;2363;3
5378;21273;89;239;2
5379;21275;13;1636;7
5380;21282;4;5320;2
5381;21284;41;519;5
5382;21289;7;3041;2
5383;21291;17;1252;7
5384;21298;4;5324;2
5385;21300;31;687;3
5386;21303;4;5325;3
5387;21306;4;5326;2
5388;21308;17;1253;7
5389;21315;11;1937;8
5390;21323;73;292;7
5391;21330;4;5332;2
5392;21332;7;3047;3
5393;21335;4;5333;3
5394;21338;3;7112;2
5395;21340;13;1641;7
5396;21347;3;7115;2
5397;21349;8;2668;5
5398;21354;4;5338;2
5399;21356;37;577;7
5400;21363;41;521;2
5401;21365;11;1942;3
5402;21368;5;4273;3
5403;21371;3;7123;2
5404;21373;9;2374;7
5405;21380;3;7126;2
5406;21382;21379;1;3
5407;21385;21383;1;2
5408;21387;10;2138;7
5409;21394;4;5348;2
5410;21396;9;2377;3
5411;21399;4;5349;3
5412;21402;4;5350;2
5413;21404;21397;1;7
5414;21411;79;271;2
5415;21413;6;3568;5
5416;21418;4;5354;2
5417;21420;19;1127;7
5418;21427;5;4285;2
5419;21429;6;3571;3
5420;21432;9;2381;3
5421;21435;21433;1;2
5422;21437;10;2143;7
5423;21444;23;932;8
5424;21452;4289;5;7
5425;21459;43;499;2
5426;21461;10729;2;3
5427;21464;11;1951;3
5428;21467;3;7155;2
5429;21469;14;1533;7
5430;21476;3;7158;2
5431;21478;109;197;5
5432;21483;21481;1;2
5433;21485;10739;2;7
5434;21492;5;4298;2
5435;21494;21491;1;3
5436;21497;11;1954;3
5437;21500;3;7166;2
5438;21502;21493;1;9
5439;21511;13;1654;9
5440;21520;7;3074;2
5441;21522;9;2391;3
5442;21525;6;3587;3
5443;21528;47;458;2
5444;21530;21523;1;7
5445;21537;5;4307;2
5446;21539;6;3589;5
5447;21544;10771;2;2
5448;21546;17;1267;7
5449;21553;23;937;2
5450;21555;4;5388;3
5451;21558;5;4311;3
5452;21561;21559;1;2
5453;21563;17;1268;7
5454;21570;10781;2;8
5455;21578;11;1961;7
5456;21585;113;191;2
5457;21587;4;5396;3
5458;21590;21587;1;3
5459;21593;3;7197;2
5460;21595;12;1799;7
5461;21602;3;7200;2
5462;21604;21599;1;5
5463;21609;17;1271;2
5464;21611;11;1964;7
5465;21618;4;5404;2
5466;21620;21617;1;3
5467;21623;4;5405;3
5468;21626;3;7208;2
5469;21628;7207;3;7
5470;21635;3;7211;2
5471;21637;29;746;3
5472;21640;31;698;2
5473;21642;4327;5;7
5474;21649;21647;1;2
5475;21651;4;5412;3
5476;21654;7;3093;3
5477;21657;5;4331;2
5478;21659;5413;4;7
5479;21666;4;5416;2
5480;21668;9;2407;5
5481;21673;13;1667;2
5482;21675;5417;4;7
5483;21682;4;5420;2
5484;21684;9;2409;3
5485;21687;4;5421;3
5486;21690;4;5422;2
5487;21692;4337;5;7
5488;21699;109;199;8
5489;21707;10;2170;7
5490;21714;4;5428;2
5491;21716;21713;1;3
5492;21719;4;5429;3
5493;21722;3;7240;2
5494;21724;9;2413;7
5495;21731;3;7243;2
5496;21733;7;3104;5
5497;21738;4;5434;2
5498;21740;103;211;7
5499;21747;5;4349;2
5500;21749;83;262;3
5501;21752;7;3107;3
5502;21755;3;7251;2
5503;21757;21737;1;20
5504;21777;5;4355;2
5505;21779;4;5444;3
5506;21782;29;751;3
5507;21785;3;7261;2
5508;21787;9;2420;7
5509;21794;3;7264;2
5510;21796;7;3113;5
5511;21801;21799;1;2
5512;21803;5449;4;7
5513;21810;4;5452;2
5514;21812;113;193;3
5515;21815;4;5453;3
5516;21818;3;7272;2
5517;21820;11;1983;7
5518;21827;21;1039;8
5519;21835;12;1819;7
5520;21842;3;7280;2
5521;21844;21841;1;3
5522;21847;4;5461;3
5523;21850;4;5462;2
5524;21852;17;1285;7
5525;21859;11;1987;2
5526;21861;8;2732;5
5527;21866;3;7288;2
5528;21868;9;2429;7
5529;21875;3;7291;2
5530;21877;10937;2;3
5531;21880;131;167;3
5532;21883;21881;1;2
5533;21885;10939;2;7
5534;21892;5;4378;2
5535;21894;7297;3;3
5536;21897;5;4379;2
5537;21899;13;1684;7
5538;21906;4;5476;2
5539;21908;5;4381;3
5540;21911;4;5477;3
5541;21914;3;7304;2
5542;21916;67;327;7
5543;21923;3;7307;2
5544;21925;8;2740;5
5545;21930;4;5482;2
5546;21932;25;877;7
5547;21939;21937;1;2
5548;21941;7;3134;3
5549;21944;37;593;3
5550;21947;3;7315;2
5551;21949;9;2438;7
5552;21956;12;1829;8
5553;21964;13;1689;7
5554;21971;3;7323;2
5555;21973;5;4394;3
5556;21976;7;3139;3
5557;21979;21977;1;2
5558;21981;10987;2;7
5559;21988;10993;2;2
5560;21990;4397;5;5
5561;21995;3;7331;2
5562;21997;10;2199;7
5563;22004;3;7334;2
5564;22006;22003;1;3
5565;22009;11003;2;3
5566;22012;5;4402;2
5567;22014;59;373;7
5568;22021;8;2752;5
5569;22026;97;227;7
5570;22033;22031;1;2
5571;22035;4;5508;3
5572;22038;5;4407;3
5573;22041;22039;1;2
5574;22043;14;1574;7
5575;22050;4;5512;2
5576;22052;7349;3;5
5577;22057;5;4411;2
5578;22059;37;596;7
5579;22066;4;5516;2
5580;22068;5;4413;3
5581;22071;4;5517;3
5582;22074;4;5518;2
5583;22076;29;761;7
5584;22083;25;883;8
5585;22091;5521;4;7
5586;22098;4;5524;2
5587;22100;19;1163;3
5588;22103;4;5525;3
5589;22106;3;7368;2
5590;22108;53;417;7
5591;22115;3;7371;2
5592;22117;8;2764;5
5593;22122;4;5530;2
5594;22124;17;1301;7
5595;22131;22129;1;2
5596;22133;5;4426;3
5597;22136;22133;1;3
5598;22139;3;7379;2
5599;22141;14;1581;7
5600;22148;3;7382;2
5601;22150;22147;1;3
5602;22153;17;1303;2
5603;22155;14;1582;7
5604;22162;4;5540;2
5605;22164;83;267;3
5606;22167;4;5541;3
5607;22170;4;5542;2
5608;22172;11;2015;7
5609;22179;67;331;2
5610;22181;6;3696;5
5611;22186;4;5546;2
5612;22188;41;541;7
5613;22195;22193;1;2
5614;22197;6;3699;3
5615;22200;7;3171;3
5616;22203;149;149;2
5617;22205;11;2018;7
5618;22212;13;1708;8
5619;22220;97;229;7
5620;22227;5;4445;2
5621;22229;11113;2;3
5622;22232;22229;1;3
5623;22235;3;7411;2
5624;22237;9;2470;7
5625;22244;3;7414;2
5626;22246;23;967;5
5627;22251;19;1171;2
5628;22253;14;1589;7
5629;22260;31;718;2
5630;22262;22259;1;3
5631;22265;11131;2;3
5632;22268;3;7422;2
5633;22270;25;890;20
5634;22290;4;5572;2
5635;22292;31;719;3
5636;22295;4;5573;3
5637;22298;3;7432;2
5638;22300;9;2477;7
5639;22307;3;7435;2
5640;22309;8;2788;5
5641;22314;4;5578;2
5642;22316;3187;7;7
5643;22323;13;1717;2
5644;22325;11161;2;3
5645;22328;5;4465;3
5646;22331;3;7443;2
5647;22333;61;366;7
5648;22340;12;1861;8
5649;22348;11;2031;7
5650;22355;3;7451;2
5651;22357;11177;2;3
5652;22360;79;283;3
5653;22363;59;379;2
5654;22365;14;1597;7
5655;22372;5;4474;2
5656;22374;22369;1;5
5657;22379;3;7459;2
5658;22381;9;2486;7
5659;22388;3;7462;2
5660;22390;61;367;3
5661;22393;5;4478;3
5662;22396;11197;2;2
5663;22398;22391;1;7
5664;22405;43;521;2
5665;22407;4;5601;3
5666;22410;4;5602;2
5667;22412;4481;5;7
5668;22419;29;773;2
5669;22421;11;2038;3
5670;22424;7;3203;3
5671;22427;3;7475;2
5672;22429;37;606;7
5673;22436;3;7478;2
5674;22438;22433;1;5
5675;22443;22441;1;2
5676;22445;13;1726;7
5677;22452;5;4490;2
5678;22454;11;2041;3
5679;22457;103;218;3
5680;22460;3;7486;2
5681;22462;9;2495;7
5682;22469;7487;3;8
5683;22477;10;2247;7
5684;22484;3;7494;2
5685;22486;22483;1;3
5686;22489;11243;2;3
5687;22492;5;4498;2
5688;22494;113;199;7
5689;22501;149;151;2
5690;22503;7;3214;5
5691;22508;3;7502;2
5692;22510;13;1731;7
5693;22517;3;7505;2
5694;22519;4;5629;3
5695;22522;7;3217;3
5696;22525;101;223;2
5697;22527;2251;10;17
5698;22544;3;7514;2
5699;22546;22543;1;3
5700;22549;11273;2;3
5701;22552;5;4510;2
5702;22554;3221;7;7
5703;22561;17;1327;2
5704;22563;11279;2;5
5705;22568;3;7522;2
5706;22570;9;2507;7
5707;22577;3;7525;2
5708;22579;4;5644;3
5709;22582;67;337;3
5710;22585;11;2053;2
5711;22587;10;2258;7
5712;22594;23;982;8
5713;22602;4519;5;7
5714;22609;13;1739;2
5715;22611;4;5652;3
5716;22614;7537;3;3
5717;22617;5;4523;2
5718;22619;5653;4;7
5719;22626;4;5656;2
5720;22628;7541;3;5
5721;22633;7;3233;2
5722;22635;5657;4;7
5723;22642;4;5660;2
5724;22644;7547;3;3
5725;22647;4;5661;3
5726;22650;4;5662;2
5727;22652;35;647;7
5728;22659;139;163;2
5729;22661;11329;2;3
5730;22664;3;7554;2
5731;22666;13;1743;7
5732;22673;3;7557;2
5733;22675;4;5668;3
5734;22678;5;4535;3
5735;22681;22679;1;2
5736;22683;5669;4;7
5737;22690;4;5672;2
5738;22692;7;3241;5
5739;22697;3;7565;2
5740;22699;12;1891;7
5741;22706;3;7568;2
5742;22708;5;4541;3
5743;22711;4;5677;3
5744;22714;4;5678;2
5745;22716;22709;1;7
5746;22723;11;2065;8
5747;22731;13;1748;7
5748;22738;4;5684;2
5749;22740;11;2067;3
5750;22743;4;5685;3
5751;22746;4;5686;2
5752;22748;22741;1;7
5753;22755;61;373;2
5754;22757;6;3792;5
5755;22762;4;5690;2
5756;22764;3251;7;7
5757;22771;22769;1;2
5758;22773;5;4554;3
5759;22776;7591;3;3
5760;22779;22777;1;2
5761;22781;27;843;20
5762;22801;7;3257;2
5763;22803;4;5700;3
5764;22806;11;2073;3
5765;22809;22807;1;2
5766;22811;5701;4;7
5767;22818;4;5704;2
5768;22820;9;2535;5
5769;22825;29;787;2
5770;22827;10;2282;7
5771;22834;4;5708;2
5772;22836;9;2537;3
5773;22839;4;5709;3
5774;22842;4;5710;2
5775;22844;41;557;7
5776;22851;53;431;8
5777;22859;29;788;7
5778;22866;4;5716;2
5779;22868;5;4573;3
5780;22871;4;5717;3
5781;22874;3;7624;2
5782;22876;9;2541;7
5783;22883;3;7627;2
5784;22885;8;2860;5
5785;22890;4;5722;2
5786;22892;23;995;7
5787;22899;7;3271;2
5788;22901;107;214;3
5789;22904;22901;1;3
5790;22907;3;7635;2
5791;22909;11;2082;7
5792;22916;3;7638;2
5793;22918;5;4583;3
5794;22921;13;1763;2
5795;22923;17;1348;7
5796;22930;4;5732;2
5797;22932;7643;3;3
5798;22935;4;5733;3
5799;22938;4;5734;2
5800;22940;17;1349;7
5801;22947;5;4589;2
5802;22949;6;3824;5
5803;22954;4;5738;2
5804;22956;53;433;7
5805;22963;22961;1;2
5806;22965;6;3827;3
5807;22968;5;4593;3
5808;22971;103;223;2
5809;22973;11483;2;7
5810;22980;5743;4;8
5811;22988;49;469;7
5812;22995;22993;1;2
5813;22997;11497;2;3
5814;23000;13;1769;3
5815;23003;3;7667;2
5816;23005;3833;6;7
5817;23012;3;7670;2
5818;23014;7;3287;5
5819;23019;23017;1;2
5820;23021;37;622;7
5821;23028;29;794;2
5822;23030;23027;1;3
5823;23033;5;4606;3
5824;23036;3;7678;2
5825;23038;9;2559;7
5826;23045;6;3840;5
5827;23050;7681;3;7
5828;23057;3;7685;2
5829;23059;4;5764;3
5830;23062;23059;1;3
5831;23065;23063;1;2
5832;23067;10;2306;7
5833;23074;4;5768;2
5834;23076;23071;1;5
5835;23081;3;7693;2
5836;23083;9;2564;7
5837;23090;3;7696;2
5838;23092;11;2099;3
5839;23095;4;5773;3
5840;23098;4;5774;2
5841;23100;3299;7;7
5842;23107;23099;1;8
5843;23115;53;436;7
5844;23122;4;5780;2
5845;23124;7;3303;3
5846;23127;4;5781;3
5847;23130;4;5782;2
5848;23132;25;925;7
5849;23139;17;1361;2
5850;23141;6;3856;5
5851;23146;4;5786;2
5852;23148;73;317;7
5853;23155;13;1781;2
5854;23157;6;3859;3
5855;23160;9;2573;3
5856;23163;19;1219;2
5857;23165;11579;2;7
5858;23172;5;4634;2
5859;23174;17;1363;3
5860;23177;3;7725;2
5861;23179;12;1931;7
5862;23186;3;7728;2
5863;23188;5;4637;3
5864;23191;4;5797;3
5865;23194;4;5798;2
5866;23196;23189;1;7
5867;23203;23201;1;2
5868;23205;8;2900;5
5869;23210;3;7736;2
5870;23212;13;1785;7
5871;23219;3;7739;2
5872;23221;13;1786;3
5873;23224;11;2111;3
5874;23227;5;4645;2
5875;23229;17;1366;7
5876;23236;5807;4;8
5877;23244;19;1223;7
5878;23251;67;347;2
5879;23253;5;4650;3
5880;23256;23;1011;3
5881;23259;13;1789;2
5882;23261;11;2114;7
5883;23268;11633;2;2
5884;23270;9;2585;5
5885;23275;17;1369;2
5886;23277;10;2327;7
5887;23284;7;3326;2
5888;23286;9;2587;3
5889;23289;6;3881;3
5890;23292;5;4658;2
5891;23294;27;862;20
5892;23314;4;5828;2
5893;23316;19;1227;3
5894;23319;4;5829;3
5895;23322;4;5830;2
5896;23324;3331;7;7
5897;23331;41;569;2
5898;23333;6;3888;5
5899;23338;4;5834;2
5900;23340;23333;1;7
5901;23347;5;4669;2
5902;23349;6;3891;3
5903;23352;43;543;3
5904;23355;11;2123;2
5905;23357;10;2335;7
5906;23364;5839;4;8
5907;23372;4673;5;7
5908;23379;97;241;2
5909;23381;11689;2;3
5910;23384;103;227;3
5911;23387;3;7795;2
5912;23389;9;2598;7
5913;23396;3;7798;2
5914;23398;149;157;5
5915;23403;7;3343;2
5916;23405;11699;2;7
5917;23412;5;4682;2
5918;23414;41;571;3
5919;23417;23;1018;3
5920;23420;3;7806;2
5921;23422;15;1561;7
5922;23429;3;7809;2
5923;23431;4;5857;3
5924;23434;4;5858;2
5925;23436;3347;7;7
5926;23443;11;2131;2
5927;23445;6;3907;3
5928;23448;5;4689;3
5929;23451;131;179;2
5930;23453;19;1234;7
5931;23460;37;634;2
5932;23462;7;3351;5
5933;23467;5;4693;2
5934;23469;11731;2;7
5935;23476;11;2134;2
5936;23478;5;4695;3
5937;23481;6;3913;3
5938;23484;59;398;2
5939;23486;53;443;7
5940;23493;11;2135;8
5941;23501;17;1382;7
5942;23508;7;3358;2
5943;23510;11;2137;3
5944;23513;5;4702;3
5945;23516;3;7838;2
5946;23518;17;1383;7
5947;23525;3;7841;2
5948;23527;19;1238;5
5949;23532;5;4706;2
5950;23534;3361;7;7
5951;23541;23539;1;2
5952;23543;4;5885;3
5953;23546;13;1811;3
5954;23549;3;7849;2
5955;23551;79;298;9
5956;23560;11;2141;9
5957;23569;23567;1;2
5958;23571;4;5892;3
5959;23574;9;2619;3
5960;23577;5;4715;2
5961;23579;71;332;7
5962;23586;4;5896;2
5963;23588;7;3369;5
5964;23593;31;761;2
5965;23595;5897;4;7
5966;23602;4;5900;2
5967;23604;7867;3;3
5968;23607;4;5901;3
5969;23610;4;5902;2
5970;23612;4721;5;7
5971;23619;3373;7;8
5972;23627;10;2362;7
5973;23634;4;5908;2
5974;23636;23633;1;3
5975;23639;4;5909;3
5976;23642;3;7880;2
5977;23644;7879;3;7
5978;23651;3;7883;2
5979;23653;8;2956;5
5980;23658;4;5914;2
5981;23660;31;763;7
5982;23667;5;4733;2
5983;23669;11833;2;3
5984;23672;23669;1;3
5985;23675;3;7891;2
5986;23677;9;2630;7
5987;23684;3;7894;2
5988;23686;11;2153;3
5989;23689;23687;1;2
5990;23691;31;764;7
5991;23698;4;5924;2
5992;23700;9;2633;3
5993;23703;4;5925;3
5994;23706;4;5926;2
5995;23708;137;173;7
5996;23715;23;1031;2
5997;23717;6;3952;5
5998;23722;4;5930;2
5999;23724;37;641;7
6000;23731;61;389;2
6001;23733;5;4746;3
6002;23736;9;2637;3
6003;23739;7;3391;2
6004;23741;11867;2;7
6005;23748;10;2374;8
6006;23756;11;2159;7
6007;23763;23761;1;2
6008;23765;109;218;3
6009;23768;5;4753;3
6010;23771;3;7923;2
6011;23773;17;1398;7
6012;23780;3;7926;2
6013;23782;13;1829;5
6014;23787;5;4757;2
6015;23789;11;2162;7
6016;23796;11897;2;2
6017;23798;5;4759;3
6018;23801;73;326;3
6019;23804;3;7934;2
6020;23806;1699;14;20
6021;23826;4;5956;2
6022;23828;5;4765;3
6023;23831;4;5957;3
6024;23834;3;7944;2
6025;23836;13;1833;7
6026;23843;3;7947;2
6027;23845;8;2980;5
6028;23850;4;5962;2
6029;23852;19;1255;7
6030;23859;23857;1;2
6031;23861;79;302;3
6032;23864;107;223;3
6033;23867;3;7955;2
6034;23869;41;582;7
6035;23876;9;2652;8
6036;23884;9;2653;7
6037;23891;3;7963;2
6038;23893;5;4778;3
6039;23896;23893;1;3
6040;23899;23;1039;2
6041;23901;13;1838;7
6042;23908;11953;2;2
6043;23910;7;3415;5
6044;23915;3;7971;2
6045;23917;10;2391;7
6046;23924;3;7974;2
6047;23926;47;509;3
6048;23929;7;3418;3
6049;23932;5;4786;2
6050;23934;71;337;7
6051;23941;37;647;2
6052;23943;4;5985;3
6053;23946;4;5986;2
6054;23948;89;269;7
6055;23955;17;1409;2
6056;23957;7;3422;3
6057;23960;23957;1;3
6058;23963;3;7987;2
6059;23965;9;2662;7
6060;23972;3;7990;2
6061;23974;11;2179;5
6062;23979;23977;1;2
6063;23981;11987;2;7
6064;23988;67;358;2
6065;23990;17;1411;3
6066;23993;5;4798;3
6067;23996;3;7998;2
6068;23998;11;2181;7
6069;24005;19;1263;8
6070;24013;4001;6;7
6071;24020;3;8006;2
6072;24022;24019;1;3
6073;24025;12011;2;3
6074;24028;41;586;2
6075;24030;24023;1;7
6076;24037;5;4807;2
6077;24039;61;394;5
6078;24044;3;8014;2
6079;24046;9;2671;7
6080;24053;3;8017;2
6081;24055;4;6013;3
6082;24058;5;4811;3
6083;24061;7;3437;2
6084;24063;8;3007;7
6085;24070;4813;5;5
6086;24075;11;2188;7
6087;24082;4;6020;2
6088;24084;23;1047;3
6089;24087;4;6021;3
6090;24090;4;6022;2
6091;24092;4817;5;7
6092;24099;24097;1;2
6093;24101;6;4016;5
6094;24106;4;6026;2
6095;24108;11;2191;7
6096;24115;24113;1;2
6097;24117;6;4019;3
6098;24120;8039;3;3
6099;24123;24121;1;2
6100;24125;31;778;7
6101;24132;37;652;8
6102;24140;24133;1;7
6103;24147;5;4829;2
6104;24149;12073;2;3
6105;24152;19;1271;3
6106;24155;3;8051;2
6107;24157;10;2415;7
6108;24164;3;8054;2
6109;24166;37;653;5
6110;24171;24169;1;2
6111;24173;43;562;7
6112;24180;7;3454;2
6113;24182;24179;1;3
6114;24185;107;226;3
6115;24188;3;8062;2
6116;24190;9;2687;7
6117;24197;3;8065;2
6118;24199;4;6049;3
6119;24202;4;6050;2
6120;24204;24197;1;7
6121;24211;43;563;2
6122;24213;5;4842;3
6123;24216;7;3459;3
6124;24219;61;397;2
6125;24221;12107;2;7
6126;24228;12113;2;2
6127;24230;15;1615;5
6128;24235;11;2203;2
6129;24237;10;2423;7
6130;24244;17;1426;2
6131;24246;8081;3;3
6132;24249;6;4041;3
6133;24252;5;4850;2
6134;24254;24247;1;7
6135;24261;79;307;8
6136;24269;14;1733;7
6137;24276;53;458;2
6138;24278;5;4855;3
6139;24281;61;398;3
6140;24284;3;8094;2
6141;24286;8093;3;7
6142;24293;3;8097;2
6143;24295;7;3470;5
6144;24300;12149;2;2
6145;24302;43;565;7
6146;24309;109;223;2
6147;24311;4;6077;3
6148;24314;7;3473;3
6149;24317;3;8105;2
6150;24319;47;517;20
6151;24339;24337;1;2
6152;24341;43;566;3
6153;24344;101;241;3
6154;24347;3;8115;2
6155;24349;4057;6;7
6156;24356;3;8118;2
6157;24358;7;3479;5
6158;24363;17;1433;2
6159;24365;19;1282;7
6160;24372;5;4874;2
6161;24374;24371;1;3
6162;24377;7;3482;3
6163;24380;3;8126;2
6164;24382;13;1875;7
6165;24389;9;2709;8
6166;24397;9;2710;7
6167;24404;3;8134;2
6168;24406;23;1061;3
6169;24409;12203;2;3
6170;24412;5;4882;2
6171;24414;24407;1;7
6172;24421;24419;1;2
6173;24423;29;842;5
6174;24428;3;8142;2
6175;24430;21;1163;7
6176;24437;3;8145;2
6177;24439;4;6109;3
6178;24442;24439;1;3
6179;24445;24443;1;2
6180;24447;8;3055;7
6181;24454;4;6113;2
6182;24456;9;2717;3
6183;24459;37;661;2
6184;24461;12227;2;7
6185;24468;13;1882;2
6186;24470;43;569;3
6187;24473;5;4894;3
6188;24476;3;8158;2
6189;24478;9;2719;7
6190;24485;3;8161;2
6191;24487;12241;2;5
6192;24492;5;4898;2
6193;24494;47;521;7
6194;24501;24499;1;2
6195;24503;4;6125;3
6196;24506;107;229;3
6197;24509;3;8169;2
6198;24511;8;3063;7
6199;24518;10;2451;8
6200;24526;11;2229;7
6201;24533;3;8177;2
6202;24535;4;6133;3
6203;24538;5;4907;3
6204;24541;53;463;2
6205;24543;8;3067;7
6206;24550;4;6137;2
6207;24552;24547;1;5
6208;24557;3;8185;2
6209;24559;8;3069;7
6210;24566;3;8188;2
6211;24568;5;4913;3
6212;24571;4;6142;3
6213;24574;4;6143;2
6214;24576;2729;9;15
6215;24591;67;367;2
6216;24593;5;4918;3
6217;24596;24593;1;3
6218;24599;3;8199;2
6219;24601;4099;6;7
6220;24608;3;8202;2
6221;24610;7;3515;5
6222;24615;151;163;2
6223;24617;10;2461;7
6224;24624;13;1894;2
6225;24626;24623;1;3
6226;24629;7;3518;3
6227;24632;3;8210;2
6228;24634;8209;3;7
6229;24641;9;2737;8
6230;24649;9;2738;7
6231;24656;3;8218;2
6232;24658;5;4931;3
6233;24661;12329;2;3
6234;24664;11;2242;2
6235;24666;24659;1;7
6236;24673;24671;1;2
6237;24675;10;2467;5
6238;24680;3;8226;2
6239;24682;15;1645;7
6240;24689;3;8229;2
6241;24691;4;6172;3
6242;24694;24691;1;3
6243;24697;5;4939;2
6244;24699;6173;4;7
6245;24706;4;6176;2
6246;24708;5;4941;3
6247;24711;24709;1;2
6248;24713;11;2246;7
6249;24720;17;1454;2
6250;24722;19;1301;3
6251;24725;47;526;3
6252;24728;3;8242;2
6253;24730;9;2747;7
6254;24737;3;8245;2
6255;24739;83;298;5
6256;24744;89;278;2
6257;24746;11;2249;7
6258;24753;53;467;2
6259;24755;4;6188;3
6260;24758;5;4951;3
6261;24761;3;8253;2
6262;24763;12;2063;7
6263;24770;4127;6;8
6264;24778;23;1077;7
6265;24785;3;8261;2
6266;24787;4;6196;3
6267;24790;7;3541;3
6268;24793;13;1907;2
6269;24795;6197;4;7
6270;24802;4;6200;2
6271;24804;24799;1;5
6272;24809;3;8269;2
6273;24811;9;2756;7
6274;24818;3;8272;2
6275;24820;13;1909;3
6276;24823;4;6205;3
6277;24826;4;6206;2
6278;24828;28;886;20
6279;24848;3;8282;2
6280;24850;24847;1;3
6281;24853;5;4970;3
6282;24856;17;1462;2
6283;24858;24851;1;7
6284;24865;23;1081;2
6285;24867;31;802;5
6286;24872;3;8290;2
6287;24874;9;2763;7
6288;24881;3;8293;2
6289;24883;4;6220;3
6290;24886;149;167;3
6291;24889;41;607;2
6292;24891;6221;4;7
6293;24898;10;2489;8
6294;24906;3557;7;7
6295;24913;29;859;2
6296;24915;4;6228;3
6297;24918;5;4983;3
6298;24921;24919;1;2
6299;24923;6229;4;7
6300;24930;4;6232;2
6301;24932;7;3561;5
6302;24937;5;4987;2
6303;24939;23;1084;7
6304;24946;4;6236;2
6305;24948;5;4989;3
6306;24951;4;6237;3
6307;24954;4;6238;2
6308;24956;61;409;7
6309;24963;109;229;2
6310;24965;7;3566;3
6311;24968;3;8322;2
6312;24970;53;471;7
6313;24977;3;8325;2
6314;24979;4;6244;3
6315;24982;24979;1;3
6316;24985;7;3569;2
6317;24987;10;2498;7
6318;24994;4;6248;2
6319;24996;67;373;5
6320;25001;3;8333;2
6321;25003;12;2083;7
6322;25010;3;8336;2
6323;25012;89;281;3
6324;25015;4;6253;3
6325;25018;4;6254;2
6326;25020;25013;1;7
6327;25027;127;197;8
6328;25035;6257;4;7
6329;25042;4;6260;2
6330;25044;17;1473;3
6331;25047;4;6261;3
6332;25050;4;6262;2
6333;25052;5009;5;7
6334;25059;25057;1;2
6335;25061;6;4176;5
6336;25066;4;6266;2
6337;25068;19;1319;7
6338;25075;25073;1;2
6339;25077;6;4179;3
6340;25080;13;1929;3
6341;25083;7;3583;2
6342;25085;12539;2;7
6343;25092;25087;1;5
6344;25097;10;2509;7
6345;25104;7;3586;2
6346;25106;13;1931;3
6347;25109;12553;2;3
6348;25112;3;8370;2
6349;25114;8369;3;7
6350;25121;3;8373;2
6351;25123;19;1322;5
6352;25128;17;1478;2
6353;25130;37;679;7
6354;25137;5;5027;2
6355;25139;4;6284;3
6356;25142;23;1093;3
6357;25145;3;8381;2
6358;25147;10;2514;7
6359;25154;9;2794;8
6360;25162;9;2795;7
6361;25169;3;8389;2
6362;25171;4;6292;3
6363;25174;25171;1;3
6364;25177;5;5035;2
6365;25179;14;1798;7
6366;25186;4;6296;2
6367;25188;25183;1;5
6368;25193;3;8397;2
6369;25195;12;2099;7
6370;25202;3;8400;2
6371;25204;11;2291;3
6372;25207;4;6301;3
6373;25210;4;6302;2
6374;25212;71;355;7
6375;25219;151;167;2
6376;25221;6;4203;3
6377;25224;12611;2;2
6378;25226;25219;1;7
6379;25233;23;1097;2
6380;25235;4;6308;3
6381;25238;5;5047;3
6382;25241;3;8413;2
6383;25243;9;2804;7
6384;25250;3;8416;2
6385;25252;25247;1;5
6386;25257;5;5051;2
6387;25259;59;428;7
6388;25266;4;6316;2
6389;25268;5;5053;3
6390;25271;4;6317;3
6391;25274;3;8424;2
6392;25276;8423;3;7
6393;25283;15;1685;8
6394;25291;12;2107;7
6395;25298;3;8432;2
6396;25300;41;617;3
6397;25303;4;6325;3
6398;25306;4;6326;2
6399;25308;25301;1;7
6400;25315;17;1489;2
6401;25317;7;3616;5
6402;25322;3;8440;2
6403;25324;9;2813;7
6404;25331;3;8443;2
6405;25333;5;5066;3
6406;25336;7;3619;3
6407;25339;13;1949;2
6408;25341;25321;1;20
6409;25361;3;8453;2
6410;25363;4;6340;3
6411;25366;13;1951;3
6412;25369;25367;1;2
6413;25371;17;1492;7
6414;25378;4;6344;2
6415;25380;7;3625;5
6416;25385;3;8461;2
6417;25387;9;2820;7
6418;25394;3;8464;2
6419;25396;67;379;3
6420;25399;4;6349;3
6421;25402;4;6350;2
6422;25404;109;233;7
6423;25411;19;1337;8
6424;25419;6353;4;7
6425;25426;4;6356;2
6426;25428;5;5085;3
6427;25431;4;6357;3
6428;25434;4;6358;2
6429;25436;59;431;7
6430;25443;13;1957;2
6431;25445;6;4240;5
6432;25450;4;6362;2
6433;25452;35;727;7
6434;25459;25457;1;2
6435;25461;6;4243;3
6436;25464;9;2829;3
6437;25467;5;5093;2
6438;25469;29;878;7
6439;25476;47;542;2
6440;25478;5;5095;3
6441;25481;3;8493;2
6442;25483;11;2316;7
6443;25490;3;8496;2
6444;25492;71;359;3
6445;25495;4;6373;3
6446;25498;4;6374;2
6447;25500;13;1961;7
6448;25507;5;5101;2
6449;25509;8;3188;5
6450;25514;3;8504;2
6451;25516;11;2319;7
6452;25523;3;8507;2
6453;25525;7;3646;3
6454;25528;5;5105;3
6455;25531;7;3647;2
6456;25533;12763;2;7
6457;25540;13;1964;8
6458;25548;25541;1;7
6459;25555;11;2323;2
6460;25557;6;4259;3
6461;25560;7;3651;3
6462;25563;25561;1;2
6463;25565;13;1966;7
6464;25572;5;5114;2
6465;25574;9;2841;5
6466;25579;25577;1;2
6467;25581;19;1346;7
6468;25588;11;2326;2
6469;25590;9;2843;3
6470;25593;5;5118;3
6471;25596;67;382;2
6472;25598;25589;1;9
6473;25607;12799;2;9
6474;25616;3;8538;2
6475;25618;5;5123;3
6476;25621;12809;2;3
6477;25624;23;1114;2
6478;25626;11;2329;7
6479;25633;19;1349;2
6480;25635;10;2563;5
6481;25640;3;8546;2
6482;25642;15;1709;7
6483;25649;3;8549;2
6484;25651;4;6412;3
6485;25654;113;227;3
6486;25657;5;5131;2
6487;25659;11;2332;7
6488;25666;12829;2;8
6489;25674;25667;1;7
6490;25681;25679;1;2
6491;25683;4;6420;3
6492;25686;7;3669;3
6493;25689;17;1511;2
6494;25691;6421;4;7
6495;25698;4;6424;2
6496;25700;9;2855;5
6497;25705;25703;1;2
6498;25707;10;2570;7
6499;25714;4;6428;2
6500;25716;9;2857;3
6501;25719;4;6429;3
6502;25722;4;6430;2
6503;25724;25717;1;7
6504;25731;11;2339;2
6505;25733;5;5146;3
6506;25736;3;8578;2
6507;25738;9;2859;7
6508;25745;3;8581;2
6509;25747;4;6436;3
6510;25750;25747;1;3
6511;25753;11;2341;2
6512;25755;41;628;7
6513;25762;4;6440;2
6514;25764;25759;1;5
6515;25769;3;8589;2
6516;25771;12;2147;7
6517;25778;3;8592;2
6518;25780;149;173;3
6519;25783;4;6445;3
6520;25786;4;6446;2
6521;25788;29;889;7
6522;25795;107;241;8
6523;25803;6449;4;7
6524;25810;4;6452;2
6525;25812;7;3687;3
6526;25815;4;6453;3
6527;25818;4;6454;2
6528;25820;83;311;7
6529;25827;5;5165;2
6530;25829;6;4304;5
6531;25834;4;6458;2
6532;25836;23;1123;7
6533;25843;25841;1;2
6534;25845;6;4307;3
6535;25848;5;5169;3
6536;25851;25849;1;2
6537;25853;79;327;20
6538;25873;41;631;2
6539;25875;4;6468;3
6540;25878;5;5175;3
6541;25881;7;3697;2
6542;25883;6469;4;7
6543;25890;4;6472;2
6544;25892;8629;3;5
6545;25897;5;5179;2
6546;25899;6473;4;7
6547;25906;4;6476;2
6548;25908;5;5181;3
6549;25911;4;6477;3
6550;25914;4;6478;2
6551;25916;13;1993;7
6552;25923;71;365;8
6553;25931;6481;4;7
6554;25938;4;6484;2
6555;25940;37;701;3
6556;25943;4;6485;3
6557;25946;3;8648;2
6558;25948;8647;3;7
6559;25955;3;8651;2
6560;25957;8;3244;5
6561;25962;4;6490;2
6562;25964;101;257;7
6563;25971;25969;1;2
6564;25973;5;5194;3
6565;25976;19;1367;3
6566;25979;3;8659;2
6567;25981;9;2886;7
6568;25988;3;8662;2
6569;25990;13;1999;3
6570;25993;7;3713;2
6571;25995;73;356;7
6572;26002;4;6500;2
6573;26004;9;2889;3
6574;26007;4;6501;3
6575;26010;4;6502;2
6576;26012;35;743;7
6577;26019;26017;1;2
6578;26021;6;4336;5
6579;26026;4;6506;2
6580;26028;26021;1;7
6581;26035;7;3719;2
6582;26037;6;4339;3
6583;26040;9;2893;3
6584;26043;26041;1;2
6585;26045;47;554;7
6586;26052;17;1532;8
6587;26060;26053;1;7
6588;26067;5;5213;2
6589;26069;13033;2;3
6590;26072;131;199;3
6591;26075;3;8691;2
6592;26077;10;2607;7
6593;26084;3;8694;2
6594;26086;11;2371;5
6595;26091;7;3727;2
6596;26093;13043;2;7
6597;26100;13049;2;2
6598;26102;26099;1;3
6599;26105;31;842;3
6600;26108;3;8702;2
6601;26110;11;2373;7
6602;26117;6;4352;5
6603;26122;15;1741;7
6604;26129;3;8709;2
6605;26131;4;6532;3
6606;26134;7;3733;3
6607;26137;5;5227;2
6608;26139;47;556;7
6609;26146;4;6536;2
6610;26148;13;2011;5
6611;26153;3;8717;2
6612;26155;12;2179;7
6613;26162;3;8720;2
6614;26164;26161;1;3
6615;26167;4;6541;3
6616;26170;4;6542;2
6617;26172;5233;5;7
6618;26179;26171;1;8
6619;26187;10;2618;7
6620;26194;4;6548;2
6621;26196;8731;3;3
6622;26199;4;6549;3
6623;26202;4;6550;2
6624;26204;17;1541;7
6625;26211;26209;1;2
6626;26213;6;4368;5
6627;26218;4;6554;2
6628;26220;11;2383;7
6629;26227;5;5245;2
6630;26229;6;4371;3
6631;26232;7;3747;3
6632;26235;37;709;2
6633;26237;10;2623;7
6634;26244;13121;2;2
6635;26246;7;3749;3
6636;26249;3;8749;2
6637;26251;9;2916;7
6638;26258;3;8752;2
6639;26260;7;3751;3
6640;26263;4;6565;3
6641;26266;4;6566;2
6642;26268;26261;1;7
6643;26275;13;2021;2
6644;26277;8;3284;5
6645;26282;3;8760;2
6646;26284;19;1383;7
6647;26291;3;8763;2
6648;26293;5;5258;3
6649;26296;26293;1;3
6650;26299;26297;1;2
6651;26301;13147;2;7
6652;26308;10;2630;8
6653;26316;26309;1;7
6654;26323;26321;1;2
6655;26325;6;4387;3
6656;26328;5;5265;3
6657;26331;113;233;2
6658;26333;13163;2;7
6659;26340;13;2026;2
6660;26342;8779;3;5
6661;26347;5;5269;2
6662;26349;13171;2;7
6663;26356;13177;2;2
6664;26358;5;5271;3
6665;26361;6;4393;3
6666;26364;7;3766;2
6667;26366;4391;6;20
6668;26386;4;6596;2
6669;26388;5;5277;3
6670;26391;4;6597;3
6671;26394;4;6598;2
6672;26396;11;2399;7
6673;26403;17;1553;2
6674;26405;6;4400;5
6675;26410;4;6602;2
6676;26412;5281;5;7
6677;26419;26417;1;2
6678;26421;6;4403;3
6679;26424;8807;3;3
6680;26427;5;5285;2
6681;26429;11;2402;7
6682;26436;6607;4;8
6683;26444;26437;1;7
6684;26451;26449;1;2
6685;26453;5;5290;3
6686;26456;7;3779;3
6687;26459;3;8819;2
6688;26461;4409;6;7
6689;26468;3;8822;2
6690;26470;67;395;5
6691;26475;23;1151;2
6692;26477;10;2647;7
6693;26484;13241;2;2
6694;26486;71;373;3
6695;26489;17;1558;3
6696;26492;3;8830;2
6697;26494;9;2943;7
6698;26501;3;8833;2
6699;26503;4;6625;3
6700;26506;4;6626;2
6701;26508;26501;1;7
6702;26515;26513;1;2
6703;26517;6;4419;3
6704;26520;8839;3;3
6705;26523;11;2411;2
6706;26525;13259;2;7
6707;26532;5;5306;2
6708;26534;37;717;5
6709;26539;7;3791;2
6710;26541;13267;2;7
6711;26548;13;2042;2
6712;26550;8849;3;3
6713;26553;5;5310;3
6714;26556;11;2414;2
6715;26558;3793;7;7
6716;26565;26557;1;8
6717;26573;37;718;7
6718;26580;97;274;2
6719;26582;7;3797;3
6720;26585;13291;2;3
6721;26588;3;8862;2
6722;26590;8861;3;7
6723;26597;3;8865;2
6724;26599;13297;2;5
6725;26604;47;566;2
6726;26606;67;397;7
6727;26613;13;2047;2
6728;26615;4;6653;3
6729;26618;5;5323;3
6730;26621;3;8873;2
6731;26623;53;502;17
6732;26640;19;1402;2
6733;26642;17;1567;3
6734;26645;7;3806;3
6735;26648;3;8882;2
6736;26650;83;321;7
6737;26657;3;8885;2
6738;26659;13327;2;5
6739;26664;13331;2;2
6740;26666;53;503;7
6741;26673;149;179;2
6742;26675;4;6668;3
6743;26678;5;5335;3
6744;26681;3;8893;2
6745;26683;9;2964;7
6746;26690;4447;6;8
6747;26698;21;1271;7
6748;26705;3;8901;2
6749;26707;4;6676;3
6750;26710;17;1571;3
6751;26713;26711;1;2
6752;26715;11;2428;7
6753;26722;4;6680;2
6754;26724;7;3817;5
6755;26729;3;8909;2
6756;26731;12;2227;7
6757;26738;3;8912;2
6758;26740;26737;1;3
6759;26743;4;6685;3
6760;26746;4;6686;2
6761;26748;11;2431;7
6762;26755;31;863;2
6763;26757;6;4459;3
6764;26760;17;1574;2
6765;26762;5351;5;7
6766;26769;13;2059;2
6767;26771;4;6692;3
6768;26774;19;1409;3
6769;26777;3;8925;2
6770;26779;12;2231;7
6771;26786;3;8928;2
6772;26788;26783;1;5
6773;26793;73;367;2
6774;26795;37;724;7
6775;26802;4;6700;2
6776;26804;26801;1;3
6777;26807;4;6701;3
6778;26810;3;8936;2
6779;26812;15;1787;7
6780;26819;9;2979;8
6781;26827;9;2980;7
6782;26834;3;8944;2
6783;26836;26833;1;3
6784;26839;4;6709;3
6785;26842;4;6710;2
6786;26844;47;571;7
6787;26851;26849;1;2
6788;26853;8;3356;5
6789;26858;3;8952;2
6790;26860;8951;3;7
6791;26867;3;8955;2
6792;26869;7;3838;3
6793;26872;97;277;3
6794;26875;7;3839;2
6795;26877;107;251;20
6796;26897;3;8965;2
6797;26899;4;6724;3
6798;26902;37;727;3
6799;26905;26903;1;2
6800;26907;10;2690;7
6801;26914;4;6728;2
6802;26916;17;1583;5
6803;26921;3;8973;2
6804;26923;12;2243;7
6805;26930;3;8976;2
6806;26932;7;3847;3
6807;26935;4;6733;3
6808;26938;4;6734;2
6809;26940;23;1171;7
6810;26947;11;2449;8
6811;26955;6737;4;7
6812;26962;4;6740;2
6813;26964;11;2451;3
6814;26967;4;6741;3
6815;26970;4;6742;2
6816;26972;5393;5;7
6817;26979;53;509;2
6818;26981;6;4496;5
6819;26986;4;6746;2
6820;26988;26981;1;7
6821;26995;26993;1;2
6822;26997;6;4499;3
6823;27000;8999;3;3
6824;27003;13;2077;2
6825;27005;13499;2;7
6826;27012;5;5402;2
6827;27014;27011;1;3
6828;27017;3;9005;2
6829;27019;12;2251;7
6830;27026;3;9008;2
6831;27028;5;5405;3
6832;27031;4;6757;3
6833;27034;4;6758;2
6834;27036;151;179;7
6835;27043;7;3863;2
6836;27045;8;3380;5
6837;27050;3;9016;2
6838;27052;9;3005;7
6839;27059;3;9019;2
6840;27061;83;326;3
6841;27064;27061;1;3
6842;27067;5;5413;2
6843;27069;14;1933;7
6844;27076;67;404;8
6845;27084;27077;1;7
6846;27091;103;263;2
6847;27093;5;5418;3
6848;27096;11;2463;3
6849;27099;7;3871;2
6850;27101;19;1426;7
6851;27108;13553;2;2
6852;27110;13;2085;5
6853;27115;19;1427;2
6854;27117;10;2711;7
6855;27124;71;382;2
6856;27126;9041;3;3
6857;27129;6;4521;3
6858;27132;5;5426;2
6859;27134;27127;1;7
6860;27141;8;3392;5
6861;27146;3877;7;7
6862;27153;19;1429;2
6863;27155;4;6788;3
6864;27158;5;5431;3
6865;27161;3;9053;2
6866;27163;12;2263;7
6867;27170;3;9056;2
6868;27172;7;3881;5
6869;27177;5;5435;2
6870;27179;6793;4;7
6871;27186;4;6796;2
6872;27188;5;5437;3
6873;27191;4;6797;3
6874;27194;3;9064;2
6875;27196;9;3021;7
6876;27203;15;1813;8
6877;27211;12;2267;7
6878;27218;3;9072;2
6879;27220;17;1601;3
6880;27223;4;6805;3
6881;27226;4;6806;2
6882;27228;163;167;7
6883;27235;113;241;2
6884;27237;8;3404;5
6885;27242;3;9080;2
6886;27244;21;1297;7
6887;27251;3;9083;2
6888;27253;5;5450;3
6889;27256;27253;1;3
6890;27259;97;281;2
6891;27261;13627;2;7
6892;27268;13633;2;2
6893;27270;61;447;3
6894;27273;27271;1;2
6895;27275;17;1604;7
6896;27282;4;6820;2
6897;27284;27281;1;3
6898;27287;4;6821;3
6899;27290;3;9096;2
6900;27292;15;1819;7
6901;27299;3;9099;2
6902;27301;8;3412;5
6903;27306;4;6826;2
6904;27308;23;1187;7
6905;27315;11;2483;2
6906;27317;7;3902;3
6907;27320;59;463;3
6908;27323;3;9107;2
6909;27325;29;942;7
6910;27332;9;3036;8
6911;27340;9;3037;7
6912;27347;3;9115;2
6913;27349;11;2486;3
6914;27352;7;3907;3
6915;27355;17;1609;2
6916;27357;10;2735;7
6917;27364;13681;2;2
6918;27366;27361;1;5
6919;27371;3;9123;2
6920;27373;4561;6;7
6921;27380;3;9126;2
6922;27382;11;2489;3
6923;27385;13691;2;3
6924;27388;13693;2;2
6925;27390;23;1190;20
6926;27410;3;9136;2
6927;27412;27409;1;3
6928;27415;4;6853;3
6929;27418;4;6854;2
6930;27420;79;347;7
6931;27427;5;5485;2
6932;27429;8;3428;5
6933;27434;3;9144;2
6934;27436;41;669;7
6935;27443;3;9147;2
6936;27445;13721;2;3
6937;27448;5;5489;3
6938;27451;27449;1;2
6939;27453;13723;2;7
6940;27460;6863;4;8
6941;27468;3923;7;7
6942;27475;83;331;2
6943;27477;6;4579;3
6944;27480;9;3053;3
6945;27483;27481;1;2
6946;27485;11;2498;7
6947;27492;5;5498;2
6948;27494;7;3927;5
6949;27499;31;887;2
6950;27501;59;466;7
6951;27508;17;1618;2
6952;27510;53;519;3
6953;27513;5;5502;3
6954;27516;13757;2;2
6955;27518;11;2501;7
6956;27525;17;1619;2
6957;27527;4;6881;3
6958;27530;3;9176;2
6959;27532;15;1835;7
6960;27539;3;9179;2
6961;27541;7;3934;3
6962;27544;27541;1;3
6963;27547;5;5509;2
6964;27549;47;586;7
6965;27556;23;1198;2
6966;27558;59;467;5
6967;27563;3;9187;2
6968;27565;9;3062;7
6969;27572;3;9190;2
6970;27574;79;349;3
6971;27577;17;1622;3
6972;27580;13789;2;2
6973;27582;25;1103;7
6974;27589;27581;1;8
6975;27597;10;2759;7
6976;27604;37;746;2
6977;27606;9;3067;3
6978;27609;6;4601;3
6979;27612;5;5522;2
6980;27614;19;1453;7
6981;27621;71;389;2
6982;27623;6;4603;5
6983;27628;19;1454;2
6984;27630;23;1201;7
6985;27637;5;5527;2
6986;27639;4;6909;3
6987;27642;9;3071;3
6988;27645;7;3949;2
6989;27647;13;2126;9
6990;27656;27647;1;9
6991;27665;3;9221;2
6992;27667;4;6916;3
6993;27670;73;379;3
6994;27673;7;3953;2
6995;27675;6917;4;7
6996;27682;4;6920;2
6997;27684;89;311;5
6998;27689;3;9229;2
6999;27691;9;3076;7
7000;27698;3;9232;2
7001;27700;27697;1;3
7002;27703;4;6925;3
7003;27706;4;6926;2
7004;27708;27701;1;7
7005;27715;103;269;8
7006;27723;13;2132;7
7007;27730;4;6932;2
7008;27732;9;3081;3
7009;27735;4;6933;3
7010;27738;4;6934;2
7011;27740;27733;1;7
7012;27747;5;5549;2
7013;27749;6;4624;5
7014;27754;4;6938;2
7015;27756;27749;1;7
7016;27763;17;1633;2
7017;27765;6;4627;3
7018;27768;5;5553;3
7019;27771;7;3967;2
7020;27773;13883;2;7
7021;27780;17;1634;2
7022;27782;27779;1;3
7023;27785;3;9261;2
7024;27787;10;2778;7
7025;27794;3;9264;2
7026;27796;27793;1;3
7027;27799;4;6949;3
7028;27802;4;6950;2
7029;27804;11;2527;7
7030;27811;27809;1;2
7031;27813;8;3476;5
7032;27818;3;9272;2
7033;27820;73;381;7
7034;27827;3;9275;2
7035;27829;13913;2;3
7036;27832;17;1637;3
7037;27835;13;2141;2
7038;27837;10;2783;7
7039;27844;6959;4;8
7040;27852;5569;5;7
7041;27859;89;313;2
7042;27861;6;4643;3
7043;27864;37;753;3
7044;27867;5;5573;2
7045;27869;13931;2;7
7046;27876;7;3982;2
7047;27878;9;3097;5
7048;27883;7;3983;2
7049;27885;53;526;7
7050;27892;5;5578;2
7051;27894;9;3099;3
7052;27897;6;4649;3
7053;27900;13;2146;2
7054;27902;1549;18;20
7055;27922;4;6980;2
7056;27924;41;681;3
7057;27927;4;6981;3
7058;27930;4;6982;2
7059;27932;25;1117;7
7060;27939;7;3991;2
7061;27941;6;4656;5
7062;27946;4;6986;2
7063;27948;27941;1;7
7064;27955;27953;1;2
7065;27957;6;4659;3
7066;27960;9319;3;3
7067;27963;27961;1;2
7068;27965;14;1997;7
7069;27972;6991;4;8
7070;27980;11;2543;7
7071;27987;5;5597;2
7072;27989;7;3998;3
7073;27992;13;2153;3
7074;27995;3;9331;2
7075;27997;9;3110;7
7076;28004;3;9334;2
7077;28006;28001;1;5
7078;28011;37;757;2
7079;28013;11;2546;7
7080;28020;14009;2;2
7081;28022;28019;1;3
7082;28025;14011;2;3
7083;28028;3;9342;2
7084;28030;9341;3;7
7085;28037;3;9345;2
7086;28039;4;7009;3
7087;28042;4;7010;2
7088;28044;23;1219;7
7089;28051;7;4007;2
7090;28053;5;5610;3
7091;28056;9;3117;3
7092;28059;28057;1;2
7093;28061;13;2158;7
7094;28068;14033;2;2
7095;28070;15;1871;5
7096;28075;67;419;2
7097;28077;10;2807;7
7098;28084;19;1478;2
7099;28086;11;2553;3
7100;28089;6;4681;3
7101;28092;5;5618;2
7102;28094;28087;1;7
7103;28101;13;2161;8
7104;28109;14051;2;7
7105;28116;14057;2;2
7106;28118;5;5623;3
7107;28121;17;1654;3
7108;28124;3;9374;2
7109;28126;13;2163;7
7110;28133;3;9377;2
7111;28135;10;2813;5
7112;28140;11;2558;2
7113;28142;17;1655;7
7114;28149;7;4021;2
7115;28151;4;7037;3
7116;28154;28151;1;3
7117;28157;3;9385;2
7118;28159;8;3519;7
7119;28166;7;4023;5
7120;28171;12;2347;7
7121;28178;3;9392;2
7122;28180;19;1483;3
7123;28183;4;7045;3
7124;28186;4;7046;2
7125;28188;28181;1;7
7126;28195;11;2563;2
7127;28197;8;3524;5
7128;28202;3;9400;2
7129;28204;9;3133;7
7130;28211;3;9403;2
7131;28213;5;5642;3
7132;28216;89;317;3
7133;28219;7;4031;2
7134;28221;14107;2;7
7135;28228;10;2822;8
7136;28236;28229;1;7
7137;28243;31;911;2
7138;28245;6;4707;3
7139;28248;5;5649;3
7140;28251;13;2173;2
7141;28253;29;974;7
7142;28260;71;398;2
7143;28262;9419;3;5
7144;28267;5;5653;2
7145;28269;13;2174;7
7146;28276;67;422;2
7147;28278;5;5655;3
7148;28281;6;4713;3
7149;28284;79;358;2
7150;28286;28279;1;7
7151;28293;19;1489;2
7152;28295;4;7073;3
7153;28298;3;9432;2
7154;28300;9431;3;7
7155;28307;3;9435;2
7156;28309;14153;2;3
7157;28312;28309;1;3
7158;28315;23;1231;2
7159;28317;10;2831;7
7160;28324;7;4046;2
7161;28326;127;223;5
7162;28331;3;9443;2
7163;28333;4721;6;7
7164;28340;3;9446;2
7165;28342;17;1667;3
7166;28345;37;766;3
7167;28348;14173;2;2
7168;28350;4049;7;7
7169;28357;28349;1;8
7170;28365;11;2578;7
7171;28372;5;5674;2
7172;28374;7;4053;3
7173;28377;6;4729;3
7174;28380;7;4054;2
7175;28382;25;1135;7
7176;28389;28387;1;2
7177;28391;6;4731;5
7178;28396;14197;2;2
7179;28398;11;2581;7
7180;28405;28403;1;2
7181;28407;4;7101;3
7182;28410;17;1671;3
7183;28413;28411;1;2
7184;28415;45;631;20
7185;28435;28433;1;2
7186;28437;6;4739;3
7187;28440;9479;3;3
7188;28443;7;4063;2
7189;28445;59;482;7
7190;28452;5;5690;2
7191;28454;9;3161;5
7192;28459;11;2587;2
7193;28461;41;694;7
7194;28468;43;662;2
7195;28470;9;3163;3
7196;28473;5;5694;3
7197;28476;23;1238;2
7198;28478;71;401;7
7199;28485;28477;1;8
7200;28493;14243;2;7
7201;28500;14249;2;2
7202;28502;28499;1;3
7203;28505;14251;2;3
7204;28508;3;9502;2
7205;28510;9;3167;7
7206;28517;3;9505;2
7207;28519;53;538;5
7208;28524;13;2194;2
7209;28526;19;1501;7
7210;28533;103;277;2
7211;28535;4;7133;3
7212;28538;5;5707;3
7213;28541;3;9513;2
7214;28543;8;3567;7
7215;28550;3;9516;2
7216;28552;28549;1;3
7217;28555;7;4079;2
7218;28557;10;2855;7
7219;28564;14281;2;2
7220;28566;9521;3;3
7221;28569;6;4761;3
7222;28572;5;5714;2
7223;28574;11;2597;7
7224;28581;28579;1;2
7225;28583;6;4763;5
7226;28588;14293;2;2
7227;28590;101;283;7
7228;28597;5;5719;2
7229;28599;4;7149;3
7230;28602;9533;3;3
7231;28605;28603;1;2
7232;28607;8;3575;7
7233;28614;14303;2;8
7234;28622;59;485;7
7235;28629;28627;1;2
7236;28631;4;7157;3
7237;28634;28631;1;3
7238;28637;3;9545;2
7239;28639;8;3579;7
7240;28646;3;9548;2
7241;28648;28643;1;5
7242;28653;7;4093;2
7243;28655;8;3581;7
7244;28662;4;7165;2
7245;28664;28661;1;3
7246;28667;4;7166;3
7247;28670;3;9556;2
7248;28672;9;3185;7
7249;28679;3;9559;2
7250;28681;9;3186;7
7251;28688;3;9562;2
7252;28690;28687;1;3
7253;28693;5;5738;3
7254;28696;14347;2;2
7255;28698;13;2207;7
7256;28705;28703;1;2
7257;28707;113;254;5
7258;28712;3;9570;2
7259;28714;21;1367;7
7260;28721;3;9573;2
7261;28723;4;7180;3
7262;28726;28723;1;3
7263;28729;23;1249;2
7264;28731;43;668;7
7265;28738;10;2873;8
7266;28746;29;991;7
7267;28753;28751;1;2
7268;28755;4;7188;3
7269;28758;5;5751;3
7270;28761;28759;1;2
7271;28763;13;2212;7
7272;28770;4;7192;2
7273;28772;43;669;5
7274;28777;5;5755;2
7275;28779;7193;4;7
7276;28786;4;7196;2
7277;28788;5;5757;3
7278;28791;4;7197;3
7279;28794;4;7198;2
7280;28796;28789;1;7
7281;28803;83;347;2
7282;28805;14401;2;3
7283;28808;3;9602;2
7284;28810;9601;3;7
7285;28817;3;9605;2
7286;28819;4;7204;3
7287;28822;7;4117;3
7288;28825;19;1517;2
7289;28827;10;2882;7
7290;28834;4;7208;2
7291;28836;11;2621;5
7292;28841;3;9613;2
7293;28843;9;3204;7
7294;28850;3;9616;2
7295;28852;17;1697;3
7296;28855;4;7213;3
7297;28858;4;7214;2
7298;28860;11;2623;7
7299;28867;28859;1;8
7300;28875;14;2062;7
7301;28882;4;7220;2
7302;28884;9;3209;3
7303;28887;4;7221;3
7304;28890;4;7222;2
7305;28892;53;545;7
7306;28899;11;2627;2
7307;28901;6;4816;5
7308;28906;4;7226;2
7309;28908;28901;1;7
7310;28915;29;997;2
7311;28917;6;4819;3
7312;28920;7;4131;3
7313;28923;28921;1;2
7314;28925;41;705;20
7315;28945;103;281;2
7316;28947;4;7236;3
7317;28950;9649;3;3
7318;28953;13;2227;2
7319;28955;7237;4;7
7320;28962;4;7240;2
7321;28964;7;4137;5
7322;28969;83;349;2
7323;28971;13;2228;7
7324;28978;4;7244;2
7325;28980;13;2229;3
7326;28983;4;7245;3
7327;28986;4;7246;2
7328;28988;73;397;7
7329;28995;41;707;8
7330;29003;11;2636;7
7331;29010;4;7252;2
7332;29012;29009;1;3
7333;29015;4;7253;3
7334;29018;3;9672;2
7335;29020;19;1527;7
7336;29027;3;9675;2
7337;29029;8;3628;5
7338;29034;4;7258;2
7339;29036;11;2639;7
7340;29043;113;257;2
7341;29045;13;2234;3
7342;29048;5;5809;3
7343;29051;3;9683;2
7344;29053;47;618;7
7345;29060;3;9686;2
7346;29062;29059;1;3
7347;29065;29063;1;2
7348;29067;10;2906;7
7349;29074;4;7268;2
7350;29076;11;2643;3
7351;29079;4;7269;3
7352;29082;4;7270;2
7353;29084;29077;1;7
7354;29091;19;1531;2
7355;29093;6;4848;5
7356;29098;4;7274;2
7357;29100;47;619;7
7358;29107;5;5821;2
7359;29109;6;4851;3
7360;29112;31;939;3
7361;29115;7;4159;2
7362;29117;10;2911;7
7363;29124;29;1004;8
7364;29132;25;1165;7
7365;29139;29137;1;2
7366;29141;17;1714;3
7367;29144;7;4163;3
7368;29147;3;9715;2
7369;29149;9;3238;7
7370;29156;3;9718;2
7371;29158;29153;1;5
7372;29163;11;2651;2
7373;29165;61;478;7
7374;29172;5;5834;2
7375;29174;31;941;3
7376;29177;29;1006;3
7377;29180;3;9726;2
7378;29182;15;1945;7
7379;29189;6;4864;5
7380;29194;9;3243;7
7381;29201;3;9733;2
7382;29203;4;7300;3
7383;29206;19;1537;3
7384;29209;29207;1;2
7385;29211;14;2086;7
7386;29218;4;7304;2
7387;29220;5843;5;5
7388;29225;3;9741;2
7389;29227;10;2922;7
7390;29234;3;9744;2
7391;29236;23;1271;3
7392;29239;4;7309;3
7393;29242;4;7310;2
7394;29244;13;2249;7
7395;29251;29243;1;8
7396;29259;71;412;7
7397;29266;4;7316;2
7398;29268;5;5853;3
7399;29271;4;7317;3
7400;29274;4;7318;2
7401;29276;29269;1;7
7402;29283;7;4183;2
7403;29285;6;4880;5
7404;29290;4;7322;2
7405;29292;5857;5;7
7406;29299;29297;1;2
7407;29301;6;4883;3
7408;29304;9767;3;3
7409;29307;5;5861;2
7410;29309;13;2254;7
7411;29316;14657;2;2
7412;29318;5;5863;3
7413;29321;3;9773;2
7414;29323;12;2443;7
7415;29330;3;9776;2
7416;29332;139;211;3
7417;29335;4;7333;3
7418;29338;4;7334;2
7419;29340;29333;1;7
7420;29347;5;5869;2
7421;29349;7;4192;5
7422;29354;3;9784;2
7423;29356;9;3261;7
7424;29363;3;9787;2
7425;29365;53;554;3
7426;29368;5;5873;3
7427;29371;43;683;2
7428;29373;14683;2;7
7429;29380;14;2098;8
7430;29388;11;2671;7
7431;29395;7;4199;2
7432;29397;6;4899;3
7433;29400;41;717;3
7434;29403;29401;1;2
7435;29405;14699;2;7
7436;29412;5;5882;2
7437;29414;9803;3;5
7438;29419;23;1279;2
7439;29421;11;2674;7
7440;29428;14713;2;2
7441;29430;17;1731;3
7442;29433;5;5886;3
7443;29436;14717;2;2
7444;29438;4903;6;20
7445;29458;4;7364;2
7446;29460;9;3273;3
7447;29463;4;7365;3
7448;29466;4;7366;2
7449;29468;17;1733;7
7450;29475;29473;1;2
7451;29477;6;4912;5
7452;29482;4;7370;2
7453;29484;4211;7;7
7454;29491;37;797;2
7455;29493;5;5898;3
7456;29496;9;3277;3
7457;29499;13;2269;2
7458;29501;14747;2;7
7459;29508;10;2950;8
7460;29516;23;1283;7
7461;29523;53;557;2
7462;29525;29;1018;3
7463;29528;5;5905;3
7464;29531;3;9843;2
7465;29533;14;2109;7
7466;29540;3;9846;2
7467;29542;29537;1;5
7468;29547;5;5909;2
7469;29549;14771;2;7
7470;29556;7;4222;2
7471;29558;5;5911;3
7472;29561;14779;2;3
7473;29564;3;9854;2
7474;29566;59;501;7
7475;29573;3;9857;2
7476;29575;4;7393;3
7477;29578;4;7394;2
7478;29580;29573;1;7
7479;29587;5;5917;2
7480;29589;6;4931;3
7481;29592;7;4227;3
7482;29595;101;293;2
7483;29597;10;2959;7
7484;29604;19;1558;2
7485;29606;9;3289;5
7486;29611;29;1021;2
7487;29613;113;262;7
7488;29620;59;502;2
7489;29622;9;3291;3
7490;29625;6;4937;3
7491;29628;14813;2;2
7492;29630;11;2693;7
7493;29637;29629;1;8
7494;29645;14;2117;7
7495;29652;5;5930;2
7496;29654;149;199;3
7497;29657;14827;2;3
7498;29660;3;9886;2
7499;29662;9;3295;7
7500;29669;3;9889;2
7501;29671;7;4238;5
7502;29676;37;802;2
7503;29678;29671;1;7
7504;29685;29683;1;2
7505;29687;4;7421;3
7506;29690;7;4241;3
7507;29693;3;9897;2
7508;29695;14843;2;9
7509;29704;5939;5;9
7510;29713;11;2701;2
7511;29715;4;7428;3
7512;29718;5;5943;3
7513;29721;113;263;2
7514;29723;17;1748;7
7515;29730;4;7432;2
7516;29732;9;3303;5
7517;29737;5;5947;2
7518;29739;7433;4;7
7519;29746;4;7436;2
7520;29748;5;5949;3
7521;29751;4;7437;3
7522;29754;4;7438;2
7523;29756;71;419;7
7524;29763;11;2705;8
7525;29771;14;2126;7
7526;29778;4;7444;2
7527;29780;11;2707;3
7528;29783;4;7445;3
7529;29786;3;9928;2
7530;29788;9;3309;7
7531;29795;3;9931;2
7532;29797;7;4256;5
7533;29802;4;7450;2
7534;29804;83;359;7
7535;29811;13;2293;2
7536;29813;5;5962;3
7537;29816;7;4259;3
7538;29819;3;9939;2
7539;29821;4969;6;7
7540;29828;3;9942;2
7541;29830;7;4261;3
7542;29833;23;1297;2
7543;29835;7457;4;7
7544;29842;4;7460;2
7545;29844;7;4263;3
7546;29847;4;7461;3
7547;29850;4;7462;2
7548;29852;47;635;7
7549;29859;73;409;2
7550;29861;6;4976;5
7551;29866;4;7466;2
7552;29868;13;2297;7
7553;29875;29873;1;2
7554;29877;6;4979;3
7555;29880;23;1299;3
7556;29883;29881;1;2
7557;29885;14939;2;7
7558;29892;31;964;8
7559;29900;167;179;7
7560;29907;5;5981;2
7561;29909;19;1574;3
7562;29912;11;2719;3
7563;29915;3;9971;2
7564;29917;10;2991;7
7565;29924;3;9974;2
7566;29926;29921;1;5
7567;29931;173;173;2
7568;29933;13;2302;7
7569;29940;14969;2;2
7570;29942;7;4277;3
7571;29945;11;2722;3
7572;29948;3;9982;2
7573;29950;41;730;20
7574;29970;4;7492;2
7575;29972;23;1303;3
7576;29975;4;7493;3
7577;29978;3;9992;2
7578;29980;97;309;7
7579;29987;3;9995;2
7580;29989;8;3748;5
7581;29994;4;7498;2
7582;29996;29989;1;7
7583;30003;19;1579;2
7584;30005;7;4286;3
7585;30008;5;6001;3
7586;30011;3;10003;2
7587;30013;9;3334;7
7588;30020;12;2501;8
7589;30028;10007;3;7
7590;30035;3;10011;2
7591;30037;15017;2;3
7592;30040;7;4291;3
7593;30043;11;2731;2
7594;30045;23;1306;7
7595;30052;5;6010;2
7596;30054;151;199;5
7597;30059;3;10019;2
7598;30061;5009;6;7
7599;30068;3;10022;2
7600;30070;107;281;3
7601;30073;5;6014;3
7602;30076;11;2734;2
7603;30078;30071;1;7
7604;30085;67;449;2
7605;30087;4;7521;3
7606;30090;4;7522;2
7607;30092;11;2735;7
7608;30099;30097;1;2
7609;30101;101;298;3
7610;30104;31;971;3
7611;30107;3;10035;2
7612;30109;29;1038;7
7613;30116;3;10038;2
7614;30118;30113;1;5
7615;30123;7;4303;2
7616;30125;11;2738;7
7617;30132;5;6026;2
7618;30134;29;1039;3
7619;30137;13;2318;3
7620;30140;3;10046;2
7621;30142;15;2009;7
7622;30149;9;3349;8
7623;30157;9;3350;7
7624;30164;3;10054;2
7625;30166;7;4309;3
7626;30169;15083;2;3
7627;30172;5;6034;2
7628;30174;97;311;7
7629;30181;103;293;2
7630;30183;79;382;5
7631;30188;3;10062;2
7632;30190;10061;3;7
7633;30197;3;10065;2
7634;30199;4;7549;3
7635;30202;13;2323;3
7636;30205;30203;1;2
7637;30207;8;3775;7
7638;30214;17;1777;5
7639;30219;13;2324;7
7640;30226;4;7556;2
7641;30228;5;6045;3
7642;30231;4;7557;3
7643;30234;4;7558;2
7644;30236;19;1591;7
7645;30243;30241;1;2
7646;30245;6;5040;5
7647;30250;4;7562;2
7648;30252;23;1315;7
7649;30259;79;383;2
7650;30261;6;5043;3
7651;30264;7;4323;3
7652;30267;5;6053;2
7653;30269;15131;2;7
7654;30276;14;2162;8
7655;30284;13;2329;7
7656;30291;7;4327;2
7657;30293;5;6058;3
7658;30296;30293;1;3
7659;30299;3;10099;2
7660;30301;9;3366;7
7661;30308;3;10102;2
7662;30310;11;2755;5
7663;30315;30313;1;2
7664;30317;10;3031;7
7665;30324;15161;2;2
7666;30326;30323;1;3
7667;30329;59;514;3
7668;30332;3;10110;2
7669;30334;11;2757;7
7670;30341;3;10113;2
7671;30343;4;7585;3
7672;30346;4;7586;2
7673;30348;30341;1;7
7674;30355;127;239;2
7675;30357;6;5059;3
7676;30360;9;3373;3
7677;30363;97;313;2
7678;30365;43;706;7
7679;30372;5;6074;2
7680;30374;53;573;5
7681;30379;37;821;2
7682;30381;15187;2;7
7683;30388;15193;2;2
7684;30390;7;4341;3
7685;30393;5;6078;3
7686;30396;7;4342;2
7687;30398;30391;1;7
7688;30405;113;269;8
7689;30413;23;1322;7
7690;30420;67;454;2
7691;30422;19;1601;3
7692;30425;7;4346;3
7693;30428;3;10142;2
7694;30430;10141;3;7
7695;30437;3;10145;2
7696;30439;15217;2;5
7697;30444;31;982;2
7698;30446;61;499;7
7699;30453;37;823;2
7700;30455;4;7613;3
7701;30458;5;6091;3
7702;30461;3;10153;2
7703;30463;4349;7;20
7704;30483;11;2771;2
7705;30485;15241;2;3
7706;30488;5;6097;3
7707;30491;3;10163;2
7708;30493;5081;6;7
7709;30500;3;10166;2
7710;30502;30497;1;5
7711;30507;5;6101;2
7712;30509;101;302;7
7713;30516;11;2774;2
7714;30518;5;6103;3
7715;30521;15259;2;3
7716;30524;3;10174;2
7717;30526;9;3391;7
7718;30533;11;2775;8
7719;30541;14;2181;7
7720;30548;3;10182;2
7721;30550;11;2777;3
7722;30553;5;6110;3
7723;30556;15277;2;2
7724;30558;137;223;7
7725;30565;13;2351;2
7726;30567;7;4366;5
7727;30572;3;10190;2
7728;30574;23;1329;7
7729;30581;3;10193;2
7730;30583;4;7645;3
7731;30586;7;4369;3
7732;30589;73;419;2
7733;30591;8;3823;7
7734;30598;4;7649;2
7735;30600;7;4371;3
7736;30603;71;431;2
7737;30605;15299;2;7
7738;30612;5;6122;2
7739;30614;7;4373;3
7740;30617;15307;2;3
7741;30620;3;10206;2
7742;30622;13;2355;7
7743;30629;3;10209;2
7744;30631;15313;2;5
7745;30636;17;1802;2
7746;30638;30631;1;7
7747;30645;30643;1;2
7748;30647;4;7661;3
7749;30650;19;1613;3
7750;30653;3;10217;2
7751;30655;8;3831;7
7752;30662;9;3406;8
7753;30670;9;3407;7
7754;30677;3;10225;2
7755;30679;4;7669;3
7756;30682;11;2789;3
7757;30685;61;503;2
7758;30687;8;3835;7
7759;30694;4;7673;2
7760;30696;47;653;5
7761;30701;3;10233;2
7762;30703;8;3837;7
7763;30710;3;10236;2
7764;30712;7;4387;3
7765;30715;4;7678;3
7766;30718;4;7679;2
7767;30720;30703;1;17
7768;30737;3;10245;2
7769;30739;4;7684;3
7770;30742;59;521;3
7771;30745;71;433;2
7772;30747;10;3074;7
7773;30754;4;7688;2
7774;30756;7;4393;5
7775;30761;3;10253;2
7776;30763;11;2796;7
7777;30770;3;10256;2
7778;30772;29;1061;3
7779;30775;4;7693;3
7780;30778;4;7694;2
7781;30780;30773;1;7
7782;30787;4397;7;8
7783;30795;43;716;7
7784;30802;4;7700;2
7785;30804;10267;3;3
7786;30807;4;7701;3
7787;30810;4;7702;2
7788;30812;61;505;7
7789;30819;30817;1;2
7790;30821;6;5136;5
7791;30826;4;7706;2
7792;30828;17;1813;7
7793;30835;11;2803;2
7794;30837;6;5139;3
7795;30840;19;1623;3
7796;30843;30841;1;2
7797;30845;17;1814;7
7798;30852;5;6170;2
7799;30854;30851;1;3
7800;30857;3;10285;2
7801;30859;9;3428;7
7802;30866;3;10288;2
7803;30868;5;6173;3
7804;30871;4;7717;3
7805;30874;4;7718;2
7806;30876;30869;1;7
7807;30883;30881;1;2
7808;30885;8;3860;5
7809;30890;3;10296;2
7810;30892;15;2059;7
7811;30899;3;10299;2
7812;30901;7;4414;3
7813;30904;13;2377;3
7814;30907;5;6181;2
7815;30909;15451;2;7
7816;30916;7727;4;8
7817;30924;43;719;7
7818;30931;157;197;2
7819;30933;5;6186;3
7820;30936;7;4419;3
7821;30939;30937;1;2
7822;30941;15467;2;7
7823;30948;15473;2;2
7824;30950;15;2063;5
7825;30955;13;2381;2
7826;30957;10;3095;7
7827;30964;113;274;2
7828;30966;10321;3;3
7829;30969;6;5161;3
7830;30972;5;6194;2
7831;30974;21;1474;20
7832;30994;4;7748;2
7833;30996;10331;3;3
7834;30999;4;7749;3
7835;31002;4;7750;2
7836;31004;139;223;7
7837;31011;11;2819;2
7838;31013;6;5168;5
7839;31018;4;7754;2
7840;31020;31013;1;7
7841;31027;5;6205;2
7842;31029;6;5171;3
7843;31032;10343;3;3
7844;31035;31033;1;2
7845;31037;10;3103;7
7846;31044;7759;4;8
7847;31052;35;887;7
7848;31059;13;2389;2
7849;31061;53;586;3
7850;31064;89;349;3
7851;31067;3;10355;2
7852;31069;31;1002;7
7853;31076;3;10358;2
7854;31078;7;4439;5
7855;31083;31081;1;2
7856;31085;41;758;7
7857;31092;5;6218;2
7858;31094;31091;1;3
7859;31097;7;4442;3
7860;31100;3;10366;2
7861;31102;9;3455;7
7862;31109;3;10369;2
7863;31111;4;7777;3
7864;31114;4;7778;2
7865;31116;13;2393;7
7866;31123;31121;1;2
7867;31125;6;5187;3
7868;31128;5;6225;3
7869;31131;7;4447;2
7870;31133;79;394;7
7871;31140;15569;2;2
7872;31142;97;321;5
7873;31147;5;6229;2
7874;31149;23;1354;7
7875;31156;37;842;2
7876;31158;5;6231;3
7877;31161;6;5193;3
7878;31164;15581;2;2
7879;31166;31159;1;7
7880;31173;23;1355;8
7881;31181;11;2834;7
7882;31188;31;1006;2
7883;31190;13;2399;3
7884;31193;5;6238;3
7885;31196;3;10398;2
7886;31198;37;843;7
7887;31205;3;10401;2
7888;31207;15601;2;5
7889;31212;5;6242;2
7890;31214;11;2837;7
7891;31221;31219;1;2
7892;31223;4;7805;3
7893;31226;31223;1;3
7894;31229;3;10409;2
7895;31231;8;3903;7
7896;31238;29;1077;5
7897;31243;12;2603;7
7898;31250;3;10416;2
7899;31252;31249;1;3
7900;31255;4;7813;3
7901;31258;4;7814;2
7902;31260;31253;1;7
7903;31267;5;6253;2
7904;31269;8;3908;5
7905;31274;3;10424;2
7906;31276;21;1489;7
7907;31283;3;10427;2
7908;31285;15641;2;3
7909;31288;5;6257;3
7910;31291;67;467;2
7911;31293;15643;2;7
7912;31300;7823;4;8
7913;31308;113;277;7
7914;31315;173;181;2
7915;31317;6;5219;3
7916;31320;11;2847;3
7917;31323;31321;1;2
7918;31325;14;2237;7
7919;31332;5;6266;2
7920;31334;9;3481;5
7921;31339;31337;1;2
7922;31341;15667;2;7
7923;31348;7;4478;2
7924;31350;9;3483;3
7925;31353;5;6270;3
7926;31356;61;514;2
7927;31358;107;293;7
7928;31365;79;397;2
7929;31367;4;7841;3
7930;31370;3;10456;2
7931;31372;9;3485;7
7932;31379;3;10459;2
7933;31381;29;1082;3
7934;31384;7;4483;3
7935;31387;5;6277;2
7936;31389;13;2414;7
7937;31396;11;2854;2
7938;31398;31393;1;5
7939;31403;3;10467;2
7940;31405;5233;6;7
7941;31412;3;10470;2
7942;31414;101;311;3
7943;31417;113;278;3
7944;31420;23;1366;2
7945;31422;61;515;7
7946;31429;13;2417;8
7947;31437;10;3143;7
7948;31444;79;398;2
7949;31446;47;669;3
7950;31449;6;5241;3
7951;31452;5;6290;2
7952;31454;13;2419;7
7953;31461;163;193;2
7954;31463;6;5243;5
7955;31468;15733;2;2
7956;31470;73;431;7
7957;31477;5;6295;2
7958;31479;4;7869;3
7959;31482;7;4497;3
7960;31485;19;1657;2
7961;31487;51;617;20
7962;31507;5;6301;2
7963;31509;6;5251;3
7964;31512;9;3501;3
7965;31515;31513;1;2
7966;31517;10;3151;7
7967;31524;15761;2;2
7968;31526;7;4503;5
7969;31531;41;769;2
7970;31533;11;2866;7
7971;31540;13;2426;2
7972;31542;10513;3;3
7973;31545;6;5257;3
7974;31548;15773;2;2
7975;31550;31543;1;7
7976;31557;4507;7;8
7977;31565;31;1018;7
7978;31572;5;6314;2
7979;31574;131;241;3
7980;31577;15787;2;3
7981;31580;3;10526;2
7982;31582;15;2105;7
7983;31589;3;10529;2
7984;31591;17;1858;5
7985;31596;15797;2;2
7986;31598;4513;7;7
7987;31605;11;2873;2
7988;31607;4;7901;3
7989;31610;31607;1;3
7990;31613;3;10537;2
7991;31615;8;3951;7
7992;31622;3;10540;2
7993;31624;103;307;3
7994;31627;5;6325;2
7995;31629;97;326;7
7996;31636;15817;2;2
7997;31638;5;6327;3
7998;31641;6;5273;3
7999;31644;13;2434;2
8000;31646;29;1091;7
8001;31653;31;1021;2
8002;31655;6;5275;5
8003;31660;11;2878;2
8004;31662;13;2435;7
8005;31669;31667;1;2
8006;31671;4;7917;3
8007;31674;9;3519;3
8008;31677;5;6335;2
8009;31679;8;3959;7
8010;31686;47;674;8
8011;31694;31687;1;7
8012;31701;31699;1;2
8013;31703;4;7925;3
8014;31706;7;4529;3
8015;31709;3;10569;2
8016;31711;8;3963;7
8017;31718;3;10572;2
8018;31720;6343;5;5
8019;31725;31723;1;2
8020;31727;8;3965;7
8021;31734;4;7933;2
8022;31736;13;2441;3
8023;31739;4;7934;3
8024;31742;3;10580;2
8025;31744;11;2885;9
8026;31753;16;1984;9
8027;31762;4;7940;2
8028;31764;9;3529;3
8029;31767;4;7941;3
8030;31770;4;7942;2
8031;31772;6353;5;7
8032;31779;43;739;2
8033;31781;6;5296;5
8034;31786;4;7946;2
8035;31788;61;521;7
8036;31795;31793;1;2
8037;31797;6;5299;3
8038;31800;9;3533;3
8039;31803;7;4543;2
8040;31805;13;2446;7
8041;31812;7951;4;8
8042;31820;29;1097;7
8043;31827;5;6365;2
8044;31829;15913;2;3
8045;31832;7;4547;3
8046;31835;3;10611;2
8047;31837;10;3183;7
8048;31844;3;10614;2
8049;31846;17;1873;5
8050;31851;31849;1;2
8051;31853;15923;2;7
8052;31860;17;1874;2
8053;31862;31859;1;3
8054;31865;89;358;3
8055;31868;3;10622;2
8056;31870;13;2451;7
8057;31877;3;10625;2
8058;31879;4;7969;3
8059;31882;4;7970;2
8060;31884;127;251;7
8061;31891;11;2899;2
8062;31893;5;6378;3
8063;31896;10631;3;3
8064;31899;167;191;2
8065;31901;37;862;7
8066;31908;7;4558;2
8067;31910;9;3545;5
8068;31915;7;4559;2
8069;31917;10;3191;7
8070;31924;11;2902;2
8071;31926;9;3547;3
8072;31929;6;5321;3
8073;31932;5;6386;2
8074;31934;4561;7;7
8075;31941;11;2903;8
8076;31949;15971;2;7
8077;31956;13;2458;2
8078;31958;5;6391;3
8079;31961;19;1682;3
8080;31964;3;10654;2
8081;31966;9;3551;7
8082;31973;3;10657;2
8083;31975;10;3197;5
8084;31980;59;542;2
8085;31982;25;1279;7
8086;31989;29;1103;2
8087;31991;4;7997;3
8088;31994;31991;1;3
8089;31997;3;10665;2
8090;31999;113;283;20
8091;32019;101;317;2
8092;32021;7;4574;3
8093;32024;11;2911;3
8094;32027;3;10675;2
8095;32029;9;3558;7
8096;32036;3;10678;2
8097;32038;103;311;5
8098;32043;179;179;2
8099;32045;83;386;7
8100;32052;5;6410;2
8101;32054;32051;1;3
8102;32057;11;2914;3
8103;32060;3;10686;2
8104;32062;15;2137;7
8105;32069;10687;3;8
8106;32077;10;3207;7
8107;32084;3;10694;2
8108;32086;32083;1;3
8109;32089;61;526;3
8110;32092;5;6418;2
8111;32094;11;2917;7
8112;32101;32099;1;2
8113;32103;11;2918;5
8114;32108;3;10702;2
8115;32110;9;3567;7
8116;32117;3;10705;2
8117;32119;4;8029;3
8118;32122;32119;1;3
8119;32125;7;4589;2
8120;32127;8;4015;7
8121;32134;4;8033;2
8122;32136;10711;3;3
8123;32139;7;4591;2
8124;32141;16067;2;7
8125;32148;16073;2;2
8126;32150;17;1891;3
8127;32153;5;6430;3
8128;32156;3;10718;2
8129;32158;21;1531;7
8130;32165;3;10721;2
8131;32167;13;2474;5
8132;32172;5;6434;2
8133;32174;19;1693;7
8134;32181;7;4597;2
8135;32183;4;8045;3
8136;32186;32183;1;3
8137;32189;3;10729;2
8138;32191;8;4023;7
8139;32198;10;3219;8
8140;32206;10733;3;7
8141;32213;3;10737;2
8142;32215;4;8053;3
8143;32218;5;6443;3
8144;32221;11;2929;2
8145;32223;8;4027;7
8146;32230;4;8057;2
8147;32232;13;2479;5
8148;32237;3;10745;2
8149;32239;8;4029;7
8150;32246;3;10748;2
8151;32248;5;6449;3
8152;32251;4;8062;3
8153;32254;4;8063;2
8154;32256;17;1897;7
8155;32263;127;254;5
8156;32268;32261;1;7
8157;32275;59;547;2
8158;32277;6;5379;3
8159;32280;7;4611;3
8160;32283;19;1699;2
8161;32285;16139;2;7
8162;32292;5;6458;2
8163;32294;47;687;5
8164;32299;32297;1;2
8165;32301;67;482;7
8166;32308;29;1114;2
8167;32310;11;2937;3
8168;32313;5;6462;3
8169;32316;107;302;2
8170;32318;79;409;7
8171;32325;17;1901;8
8172;32333;14;2309;7
8173;32340;19;1702;2
8174;32342;73;443;3
8175;32345;103;314;3
8176;32348;3;10782;2
8177;32350;10781;3;7
8178;32357;3;10785;2
8179;32359;7;4622;5
8180;32364;11;2942;2
8181;32366;32359;1;7
8182;32373;32371;1;2
8183;32375;4;8093;3
8184;32378;5;6475;3
8185;32381;3;10793;2
8186;32383;8;4047;7
8187;32390;3;10796;2
8188;32392;7;4627;3
8189;32395;29;1117;2
8190;32397;10;3239;7
8191;32404;17;1906;2
8192;32406;7;4629;3
8193;32409;6;5401;3
8194;32412;5;6482;2
8195;32414;23;1409;7
8196;32421;17;1907;2
8197;32423;6;5403;5
8198;32428;31;1046;2
8199;32430;32423;1;7
8200;32437;5;6487;2
8201;32439;4;8109;3
8202;32442;11;2949;3
8203;32445;32443;1;2
8204;32447;8;4055;7
8205;32454;16223;2;8
8206;32462;6491;5;7
8207;32469;32467;1;2
8208;32471;4;8117;3
8209;32474;19;1709;3
8210;32477;3;10825;2
8211;32479;8;4059;7
8212;32486;3;10828;2
8213;32488;11;2953;5
8214;32493;32491;1;2
8215;32495;8;4061;7
8216;32502;4;8125;2
8217;32504;7;4643;3
8218;32507;4;8126;3
8219;32510;3;10836;2
8220;32512;8123;4;20
8221;32532;5;6506;2
8222;32534;32531;1;3
8223;32537;16267;2;3
8224;32540;3;10846;2
8225;32542;9;3615;7
8226;32549;3;10849;2
8227;32551;16273;2;5
8228;32556;41;794;2
8229;32558;43;757;7
8230;32565;32563;1;2
8231;32567;4;8141;3
8232;32570;29;1123;3
8233;32573;3;10857;2
8234;32575;8;4071;7
8235;32582;61;534;8
8236;32590;10861;3;7
8237;32597;3;10865;2
8238;32599;4;8149;3
8239;32602;7;4657;3
8240;32605;32603;1;2
8241;32607;8;4075;7
8242;32614;4;8153;2
8243;32616;32611;1;5
8244;32621;3;10873;2
8245;32623;8;4077;7
8246;32630;3;10876;2
8247;32632;67;487;3
8248;32635;4;8158;3
8249;32638;4;8159;2
8250;32640;32633;1;7
8251;32647;5;6529;2
8252;32649;6;5441;3
8253;32652;5;6530;2
8254;32654;32647;1;7
8255;32661;11;2969;2
8256;32663;4;8165;3
8257;32666;89;367;3
8258;32669;3;10889;2
8259;32671;8;4083;7
8260;32678;3;10892;2
8261;32680;25;1307;5
8262;32685;7;4669;2
8263;32687;8;4085;7
8264;32694;4;8173;2
8265;32696;32693;1;3
8266;32699;4;8174;3
8267;32702;3;10900;2
8268;32704;9;3633;7
8269;32711;11;2973;8
8270;32719;8;4089;7
8271;32726;3;10908;2
8272;32728;5;6545;3
8273;32731;4;8182;3
8274;32734;4;8183;2
8275;32736;23;1423;7
8276;32743;29;1129;2
8277;32745;10;3274;5
8278;32750;3;10916;2
8279;32752;15;2183;7
8280;32759;3;10919;2
8281;32761;11;2978;3
8282;32764;181;181;3
8283;32767;25;1310;17
8284;32784;7;4683;3
8285;32787;4;8196;3
8286;32790;4;8197;2
8287;32792;79;415;7
8288;32799;32797;1;2
8289;32801;6;5466;5
8290;32806;4;8201;2
8291;32808;32801;1;7
8292;32815;11;2983;2
8293;32817;6;5469;3
8294;32820;10939;3;3
8295;32823;23;1427;2
8296;32825;61;538;7
8297;32832;11;2984;8
8298;32840;32833;1;7
8299;32847;5;6569;2
8300;32849;11;2986;3
8301;32852;107;307;3
8302;32855;3;10951;2
8303;32857;9;3650;7
8304;32864;3;10954;2
8305;32866;17;1933;5
8306;32871;32869;1;2
8307;32873;16433;2;7
8308;32880;17;1934;2
8309;32882;7;4697;3
8310;32885;41;802;3
8311;32888;3;10962;2
8312;32890;97;339;7
8313;32897;3;10965;2
8314;32899;4;8224;3
8315;32902;4;8225;2
8316;32904;67;491;7
8317;32911;32909;1;2
8318;32913;5;6582;3
8319;32916;9;3657;3
8320;32919;32917;1;2
8321;32921;14;2351;7
8322;32928;101;326;2
8323;32930;15;2195;5
8324;32935;32933;1;2
8325;32937;10;3293;7
8326;32944;7;4706;2
8327;32946;79;417;3
8328;32949;6;5491;3
8329;32952;5;6590;2
8330;32954;47;701;7
8331;32961;31;1063;8
8332;32969;16481;2;7
8333;32976;16487;2;2
8334;32978;5;6595;3
8335;32981;11;2998;3
8336;32984;3;10994;2
8337;32986;10993;3;7
8338;32993;3;10997;2
8339;32995;10;3299;5
8340;33000;7;4714;2
8341;33002;6599;5;7
8342;33009;13;2539;2
8343;33011;4;8252;3
8344;33014;11;3001;3
8345;33017;3;11005;2
8346;33019;32999;1;20
8347;33039;33037;1;2
8348;33041;16519;2;3
8349;33044;19;1739;3
8350;33047;3;11015;2
8351;33049;5507;6;7
8352;33056;3;11018;2
8353;33058;33053;1;5
8354;33063;7;4723;2
8355;33065;16529;2;7
8356;33072;5;6614;2
8357;33074;33071;1;3
8358;33077;23;1438;3
8359;33080;3;11026;2
8360;33082;9;3675;7
8361;33089;11027;3;8
8362;33097;10;3309;7
8363;33104;3;11034;2
8364;33106;7;4729;3
8365;33109;16553;2;3
8366;33112;5;6622;2
8367;33114;33107;1;7
8368;33121;33119;1;2
8369;33123;29;1142;5
8370;33128;3;11042;2
8371;33130;61;543;7
8372;33137;3;11045;2
8373;33139;4;8284;3
8374;33142;31;1069;3
8375;33145;11;3013;2
8376;33147;10;3314;7
8377;33154;4;8288;2
8378;33156;43;771;3
8379;33159;71;467;2
8380;33161;11;3014;7
8381;33168;7;4738;2
8382;33170;17;1951;3
8383;33173;5;6634;3
8384;33176;3;11058;2
8385;33178;11057;3;7
8386;33185;3;11061;2
8387;33187;47;706;5
8388;33192;5;6638;2
8389;33194;11;3017;7
8390;33201;33199;1;2
8391;33203;4;8300;3
8392;33206;33203;1;3
8393;33209;3;11069;2
8394;33211;12;2767;7
8395;33218;9;3690;8
8396;33226;9;3691;7
8397;33233;3;11077;2
8398;33235;4;8308;3
8399;33238;5;6647;3
8400;33241;43;773;2
8401;33243;14;2374;7
8402;33250;4;8312;2
8403;33252;33247;1;5
8404;33257;3;11085;2
8405;33259;12;2771;7
8406;33266;3;11088;2
8407;33268;5;6653;3
8408;33271;4;8317;3
8409;33274;4;8318;2
8410;33276;17;1957;7
8411;33283;7;4754;5
8412;33288;23;1447;7
8413;33295;13;2561;2
8414;33297;6;5549;3
8415;33300;11;3027;3
8416;33303;33301;1;2
8417;33305;16649;2;7
8418;33312;5;6662;2
8419;33314;9;3701;5
8420;33319;33317;1;2
8421;33321;16657;2;7
8422;33328;19;1754;2
8423;33330;7;4761;3
8424;33333;5;6666;3
8425;33336;7;4762;2
8426;33338;33331;1;7
8427;33345;17;1961;8
8428;33353;16673;2;7
8429;33360;13;2566;2
8430;33362;33359;1;3
8431;33365;7;4766;3
8432;33368;3;11122;2
8433;33370;9;3707;7
8434;33377;3;11125;2
8435;33379;11;3034;5
8436;33384;16691;2;2
8437;33386;29;1151;7
8438;33393;33391;1;2
8439;33395;4;8348;3
8440;33398;5;6679;3
8441;33401;3;11133;2
8442;33403;11;3036;7
8443;33410;3;11136;2
8444;33412;33409;1;3
8445;33415;33413;1;2
8446;33417;10;3341;7
8447;33424;17;1966;2
8448;33426;13;2571;3
8449;33429;6;5571;3
8450;33432;5;6686;2
8451;33434;33427;1;7
8452;33441;7;4777;2
8453;33443;6;5573;5
8454;33448;7;4778;2
8455;33450;53;631;7
8456;33457;5;6691;2
8457;33459;4;8364;3
8458;33462;19;1761;3
8459;33465;109;307;2
8460;33467;10;3346;7
8461;33474;29;1154;8
8462;33482;13;2575;7
8463;33489;33487;1;2
8464;33491;4;8372;3
8465;33494;107;313;3
8466;33497;3;11165;2
8467;33499;12;2791;7
8468;33506;3;11168;2
8469;33508;33503;1;5
8470;33513;23;1457;2
8471;33515;8377;4;7
8472;33522;4;8380;2
8473;33524;33521;1;3
8474;33527;4;8381;3
8475;33530;3;11176;2
8476;33532;59;568;20
8477;33552;5;6710;2
8478;33554;7;4793;3
8479;33557;19;1766;3
8480;33560;3;11186;2
8481;33562;15;2237;7
8482;33569;3;11189;2
8483;33571;13;2582;5
8484;33576;16787;2;2
8485;33578;59;569;7
8486;33585;11;3053;2
8487;33587;4;8396;3
8488;33590;33587;1;3
8489;33593;3;11197;2
8490;33595;9;3732;7
8491;33602;11;3054;8
8492;33610;23;1461;7
8493;33617;3;11205;2
8494;33619;4;8404;3
8495;33622;33619;1;3
8496;33625;33623;1;2
8497;33627;10;3362;7
8498;33634;4;8408;2
8499;33636;13;2587;5
8500;33641;3;11213;2
8501;33643;12;2803;7
8502;33650;3;11216;2
8503;33652;7;4807;3
8504;33655;4;8413;3
8505;33658;4;8414;2
8506;33660;73;461;7
8507;33667;5;6733;2
8508;33669;6;5611;3
8509;33672;5;6734;2
8510;33674;131;257;7
8511;33681;33679;1;2
8512;33683;4;8420;3
8513;33686;13;2591;3
8514;33689;3;11229;2
8515;33691;12;2807;7
8516;33698;3;11232;2
8517;33700;23;1465;5
8518;33705;33703;1;2
8519;33707;10;3370;7
8520;33714;4;8428;2
8521;33716;33713;1;3
8522;33719;4;8429;3
8523;33722;3;11240;2
8524;33724;11239;3;7
8525;33731;9;3747;8
8526;33739;9;3748;7
8527;33746;3;11248;2
8528;33748;5;6749;3
8529;33751;4;8437;3
8530;33754;4;8438;2
8531;33756;33749;1;7
8532;33763;7;4823;2
8533;33765;8;4220;5
8534;33770;3;11256;2
8535;33772;15;2251;7
8536;33779;3;11259;2
8537;33781;16889;2;3
8538;33784;11;3071;3
8539;33787;5;6757;2
8540;33789;10;3378;9
8541;33798;21;1609;9
8542;33807;5;6761;2
8543;33809;16903;2;3
8544;33812;33809;1;3
8545;33815;3;11271;2
8546;33817;10;3381;7
8547;33824;3;11274;2
8548;33826;31;1091;5
8549;33831;33829;1;2
8550;33833;13;2602;7
8551;33840;7;4834;2
8552;33842;13;2603;3
8553;33845;16921;2;3
8554;33848;3;11282;2
8555;33850;29;1167;7
8556;33857;9;3761;8
8557;33865;9;3762;7
8558;33872;3;11290;2
8559;33874;33871;1;3
8560;33877;16937;2;3
8561;33880;13;2606;2
8562;33882;25;1355;7
8563;33889;7;4841;2
8564;33891;16943;2;5
8565;33896;3;11298;2
8566;33898;11;3081;7
8567;33905;3;11301;2
8568;33907;4;8476;3
8569;33910;41;827;3
8570;33913;33911;1;2
8571;33915;14;2422;7
8572;33922;4;8480;2
8573;33924;9;3769;3
8574;33927;5;6785;2
8575;33929;14;2423;7
8576;33936;19;1786;2
8577;33938;5;6787;3
8578;33941;71;478;3
8579;33944;3;11314;2
8580;33946;9;3771;7
8581;33953;3;11317;2
8582;33955;7;4850;5
8583;33960;16979;2;2
8584;33962;6791;5;7
8585;33969;33967;1;2
8586;33971;4;8492;3
8587;33974;7;4853;3
8588;33977;3;11325;2
8589;33979;12;2831;7
8590;33986;14;2427;8
8591;33994;11329;3;7
8592;34001;3;11333;2
8593;34003;4;8500;3
8594;34006;37;919;3
8595;34009;31;1097;2
8596;34011;8501;4;7
8597;34018;4;8504;2
8598;34020;6803;5;5
8599;34025;3;11341;2
8600;34027;9;3780;7
8601;34034;3;11344;2
8602;34036;34033;1;3
8603;34039;4;8509;3
8604;34042;4;8510;2
8605;34044;4253;8;20
8606;34064;3;11354;2
8607;34066;23;1481;3
8608;34069;17033;2;3
8609;34072;5;6814;2
8610;34074;11;3097;7
8611;34081;53;643;2
8612;34083;11;3098;5
8613;34088;3;11362;2
8614;34090;9;3787;7
8615;34097;3;11365;2
8616;34099;4;8524;3
8617;34102;13;2623;3
8618;34105;67;509;2
8619;34107;10;3410;7
8620;34114;17053;2;8
8621;34122;6823;5;7
8622;34129;34127;1;2
8623;34131;4;8532;3
8624;34134;31;1101;3
8625;34137;5;6827;2
8626;34139;14;2438;7
8627;34146;4;8536;2
8628;34148;19;1797;5
8629;34153;13;2627;2
8630;34155;8537;4;7
8631;34162;4;8540;2
8632;34164;59;579;3
8633;34167;4;8541;3
8634;34170;4;8542;2
8635;34172;6833;5;7
8636;34179;11;3107;2
8637;34181;23;1486;3
8638;34184;3;11394;2
8639;34186;11393;3;7
8640;34193;3;11397;2
8641;34195;4;8548;3
8642;34198;5;6839;3
8643;34201;11;3109;2
8644;34203;83;412;7
8645;34210;4;8552;2
8646;34212;79;433;5
8647;34217;3;11405;2
8648;34219;12;2851;7
8649;34226;3;11408;2
8650;34228;5;6845;3
8651;34231;4;8557;3
8652;34234;4;8558;2
8653;34236;13;2633;7
8654;34243;41;835;8
8655;34251;14;2446;7
8656;34258;4;8564;2
8657;34260;19;1803;3
8658;34263;4;8565;3
8659;34266;4;8566;2
8660;34268;34261;1;7
8661;34275;34273;1;2
8662;34277;6;5712;5
8663;34282;4;8570;2
8664;34284;151;227;7
8665;34291;17;2017;2
8666;34293;5;6858;3
8667;34296;7;4899;3
8668;34299;34297;1;2
8669;34301;13;2638;7
8670;34308;34303;1;5
8671;34313;17;2018;7
8672;34320;17159;2;2
8673;34322;34319;1;3
8674;34325;131;262;3
8675;34328;3;11442;2
8676;34330;17;2019;7
8677;34337;3;11445;2
8678;34339;17167;2;5
8679;34344;7;4906;2
8680;34346;23;1493;7
8681;34353;34351;1;2
8682;34355;4;8588;3
8683;34358;5;6871;3
8684;34361;3;11453;2
8685;34363;12;2863;7
8686;34370;9;3818;8
8687;34378;9;3819;7
8688;34385;3;11461;2
8689;34387;4;8596;3
8690;34390;137;251;3
8691;34393;7;4913;2
8692;34395;8597;4;7
8693;34402;4;8600;2
8694;34404;41;839;5
8695;34409;3;11469;2
8696;34411;12;2867;7
8697;34418;3;11472;2
8698;34420;127;271;3
8699;34423;4;8605;3
8700;34426;4;8606;2
8701;34428;34421;1;7
8702;34435;7;4919;2
8703;34437;6;5739;3
8704;34440;67;514;2
8705;34442;71;485;7
8706;34449;7;4921;2
8707;34451;4;8612;3
8708;34454;47;733;3
8709;34457;3;11485;2
8710;34459;9;3828;7
8711;34466;3;11488;2
8712;34468;11;3133;5
8713;34473;34471;1;2
8714;34475;14;2462;7
8715;34482;4;8620;2
8716;34484;29;1189;3
8717;34487;4;8621;3
8718;34490;3;11496;2
8719;34492;11;3135;7
8720;34499;11497;3;8
8721;34507;10;3450;7
8722;34514;3;11504;2
8723;34516;34513;1;3
8724;34519;4;8629;3
8725;34522;4;8630;2
8726;34524;4931;7;7
8727;34531;11;3139;2
8728;34533;8;4316;5
8729;34538;3;11512;2
8730;34540;9;3837;7
8731;34547;3;11515;2
8732;34549;23;1502;3
8733;34552;34549;1;3
8734;34555;109;317;2
8735;34557;34537;1;20
8736;34577;3;11525;2
8737;34579;4;8644;3
8738;34582;151;229;3
8739;34585;34583;1;2
8740;34587;10;3458;7
8741;34594;4;8648;2
8742;34596;34591;1;5
8743;34601;3;11533;2
8744;34603;9;3844;7
8745;34610;3;11536;2
8746;34612;53;653;3
8747;34615;4;8653;3
8748;34618;4;8654;2
8749;34620;34613;1;7
8750;34627;13;2663;8
8751;34635;11;3148;7
8752;34642;4;8660;2
8753;34644;9;3849;3
8754;34647;4;8661;3
8755;34650;4;8662;2
8756;34652;13;2665;7
8757;34659;7;4951;2
8758;34661;6;5776;5
8759;34666;4;8666;2
8760;34668;11;3151;7
8761;34675;34673;1;2
8762;34677;6;5779;3
8763;34680;9;3853;3
8764;34683;79;439;2
8765;34685;14;2477;7
8766;34692;5;6938;2
8767;34694;113;307;3
8768;34697;3;11565;2
8769;34699;12;2891;7
8770;34706;3;11568;2
8771;34708;5;6941;3
8772;34711;4;8677;3
8773;34714;4;8678;2
8774;34716;61;569;7
8775;34723;34721;1;2
8776;34725;7;4960;5
8777;34730;3;11576;2
8778;34732;15;2315;7
8779;34739;3;11579;2
8780;34741;11;3158;3
8781;34744;7;4963;3
8782;34747;5;6949;2
8783;34749;29;1198;7
8784;34756;14;2482;8
8785;34764;34757;1;7
8786;34771;7;4967;2
8787;34773;5;6954;3
8788;34776;67;519;3
8789;34779;83;419;2
8790;34781;17387;2;7
8791;34788;17393;2;2
8792;34790;9;3865;5
8793;34795;11;3163;2
8794;34797;10;3479;7
8795;34804;17401;2;2
8796;34806;9;3867;3
8797;34809;6;5801;3
8798;34812;5;6962;2
8799;34814;21;1657;17
8800;34831;29;1201;2
8801;34833;5;6966;3
8802;34836;17;2049;3
8803;34839;11;3167;2
8804;34841;17417;2;7
8805;34848;7;4978;2
8806;34850;15;2323;5
8807;34855;7;4979;2
8808;34857;10;3485;7
8809;34864;17431;2;2
8810;34866;11621;3;3
8811;34869;6;5811;3
8812;34872;5;6974;2
8813;34874;17;2051;7
8814;34881;43;811;8
8815;34889;107;326;7
8816;34896;73;478;2
8817;34898;5;6979;3
8818;34901;17449;2;3
8819;34904;3;11634;2
8820;34906;11633;3;7
8821;34913;3;11637;2
8822;34915;10;3491;5
8823;34920;13;2686;2
8824;34922;6983;5;7
8825;34929;53;659;2
8826;34931;4;8732;3
8827;34934;13;2687;3
8828;34937;3;11645;2
8829;34939;12;2911;7
8830;34946;3;11648;2
8831;34948;5;6989;3
8832;34951;34949;1;2
8833;34953;101;346;7
8834;34960;7;4994;2
8835;34962;43;813;3
8836;34965;6;5827;3
8837;34968;17483;2;2
8838;34970;34963;1;7
8839;34977;5;6995;2
8840;34979;6;5829;5
8841;34984;17491;2;2
8842;34986;19;1841;7
8843;34993;11;3181;2
8844;34995;4;8748;3
8845;34998;5;6999;3
8846;35001;31;1129;2
8847;35003;13;2692;7
8848;35010;11;3182;8
8849;35018;157;223;7
8850;35025;35023;1;2
8851;35027;4;8756;3
8852;35030;35027;1;3
8853;35033;3;11677;2
8854;35035;9;3892;7
8855;35042;3;11680;2
8856;35044;37;947;5
8857;35049;101;347;2
8858;35051;8761;4;7
8859;35058;4;8764;2
8860;35060;11;3187;3
8861;35063;4;8765;3
8862;35066;3;11688;2
8863;35068;26;1348;20
8864;35088;53;662;2
8865;35090;13;2699;3
8866;35093;5;7018;3
8867;35096;3;11698;2
8868;35098;9;3899;7
8869;35105;3;11701;2
8870;35107;17551;2;5
8871;35112;5;7022;2
8872;35114;35107;1;7
8873;35121;7;5017;2
8874;35123;4;8780;3
8875;35126;11;3193;3
8876;35129;3;11709;2
8877;35131;12;2927;7
8878;35138;10;3513;8
8879;35146;13;2703;7
8880;35153;3;11717;2
8881;35155;4;8788;3
8882;35158;5;7031;3
8883;35161;35159;1;2
8884;35163;11;3196;7
8885;35170;4;8792;2
8886;35172;11;3197;5
8887;35177;3;11725;2
8888;35179;9;3908;7
8889;35186;3;11728;2
8890;35188;5;7037;3
8891;35191;4;8797;3
8892;35194;4;8798;2
8893;35196;11;3199;7
8894;35203;35201;1;2
8895;35205;6;5867;3
8896;35208;29;1214;2
8897;35210;47;749;7
8898;35217;5;7043;2
8899;35219;4;8804;3
8900;35222;41;859;3
8901;35225;3;11741;2
8902;35227;10;3522;7
8903;35234;3;11744;2
8904;35236;7;5033;5
8905;35241;131;269;2
8906;35243;23;1532;7
8907;35250;4;8812;2
8908;35252;101;349;3
8909;35255;4;8813;3
8910;35258;3;11752;2
8911;35260;9;3917;7
8912;35267;21;1679;8
8913;35275;12;2939;7
8914;35282;3;11760;2
8915;35284;35281;1;3
8916;35287;4;8821;3
8917;35290;4;8822;2
8918;35292;7057;5;7
8919;35299;47;751;2
8920;35301;8;4412;5
8921;35306;3;11768;2
8922;35308;21;1681;7
8923;35315;3;11771;2
8924;35317;17657;2;3
8925;35320;35317;1;3
8926;35323;11;3211;2
8927;35325;17659;2;7
8928;35332;35327;1;5
8929;35337;10;3533;7
8930;35344;41;862;2
8931;35346;7;5049;3
8932;35349;6;5891;3
8933;35352;5;7070;2
8934;35354;13;2719;7
8935;35361;19;1861;2
8936;35363;6;5893;5
8937;35368;17683;2;2
8938;35370;35363;1;7
8939;35377;5;7075;2
8940;35379;4;8844;3
8941;35382;9;3931;3
8942;35385;41;863;2
8943;35387;10;3538;7
8944;35394;13;2722;8
8945;35402;7079;5;7
8946;35409;35407;1;2
8947;35411;4;8852;3
8948;35414;17;2083;3
8949;35417;3;11805;2
8950;35419;12;2951;7
8951;35426;3;11808;2
8952;35428;35423;1;5
8953;35433;11;3221;2
8954;35435;17;2084;7
8955;35442;4;8860;2
8956;35444;7;5063;3
8957;35447;4;8861;3
8958;35450;3;11816;2
8959;35452;15;2363;7
8960;35459;3;11819;2
8961;35461;17729;2;3
8962;35464;7;5066;2
8963;35466;59;601;7
8964;35473;79;449;2
8965;35475;4;8868;3
8966;35478;5;7095;3
8967;35481;17;2087;2
8968;35483;14;2534;7
8969;35490;4;8872;2
8970;35492;9;3943;5
8971;35497;5;7099;2
8972;35499;19;1868;7
8973;35506;4;8876;2
8974;35508;5;7101;3
8975;35511;4;8877;3
8976;35514;4;8878;2
8977;35516;35509;1;7
8978;35523;7103;5;8
8979;35531;83;428;7
8980;35538;4;8884;2
8981;35540;35537;1;3
8982;35543;4;8885;3
8983;35546;3;11848;2
8984;35548;9;3949;7
8985;35555;3;11851;2
8986;35557;8;4444;5
8987;35562;4;8890;2
8988;35564;31;1147;7
8989;35571;35569;1;2
8990;35573;5;7114;3
8991;35576;35573;1;3
8992;35579;3;11859;2
8993;35581;43;827;20
8994;35601;97;367;2
8995;35603;4;8900;3
8996;35606;35603;1;3
8997;35609;3;11869;2
8998;35611;9;3956;7
8999;35618;3;11872;2
9000;35620;17;2095;5
9001;35625;7;5089;2
9002;35627;10;3562;7
9003;35634;4;8908;2
9004;35636;13;2741;3
9005;35639;4;8909;3
9006;35642;3;11880;2
9007;35644;21;1697;7
9008;35651;109;327;8
9009;35659;12;2971;7
9010;35666;3;11888;2
9011;35668;5;7133;3
9012;35671;4;8917;3
9013;35674;4;8918;2
9014;35676;53;673;7
9015;35683;31;1151;2
9016;35685;8;4460;5
9017;35690;3;11896;2
9018;35692;9;3965;7
9019;35699;3;11899;2
9020;35701;13;2746;3
9021;35704;19;1879;3
9022;35707;5;7141;2
9023;35709;17851;2;7
9024;35716;7;5102;2
9025;35718;5;7143;3
9026;35721;23;1553;2
9027;35723;8929;4;7
9028;35730;4;8932;2
9029;35732;35729;1;3
9030;35735;4;8933;3
9031;35738;3;11912;2
9032;35740;43;831;7
9033;35747;3;11915;2
9034;35749;8;4468;5
9035;35754;4;8938;2
9036;35756;5107;7;7
9037;35763;11;3251;2
9038;35765;17881;2;3
9039;35768;5;7153;3
9040;35771;3;11923;2
9041;35773;9;3974;7
9042;35780;11;3252;8
9043;35788;11927;3;7
9044;35795;3;11931;2
9045;35797;11;3254;3
9046;35800;35797;1;3
9047;35803;35801;1;2
9048;35805;14;2557;7
9049;35812;5;7162;2
9050;35814;35809;1;5
9051;35819;3;11939;2
9052;35821;47;762;7
9053;35828;3;11942;2
9054;35830;11;3257;3
9055;35833;5;7166;3
9056;35836;19;1886;2
9057;35838;27;1327;9
9058;35847;11;3258;9
9059;35856;7;5122;2
9060;35858;5;7171;3
9061;35861;17929;2;3
9062;35864;3;11954;2
9063;35866;11953;3;7
9064;35873;3;11957;2
9065;35875;10;3587;5
9066;35880;17939;2;2
9067;35882;25;1435;7
9068;35889;17;2111;2
9069;35891;4;8972;3
9070;35894;19;1889;3
9071;35897;3;11965;2
9072;35899;9;3988;7
9073;35906;31;1158;8
9074;35914;11969;3;7
9075;35921;3;11973;2
9076;35923;4;8980;3
9077;35926;35923;1;3
9078;35929;37;971;2
9079;35931;14;2566;7
9080;35938;4;8984;2
9081;35940;7187;5;5
9082;35945;3;11981;2
9083;35947;10;3594;7
9084;35954;3;11984;2
9085;35956;157;229;3
9086;35959;4;8989;3
9087;35962;4;8990;2
9088;35964;41;877;7
9089;35971;35969;1;2
9090;35973;5;7194;3
9091;35976;17987;2;2
9092;35978;13;2767;7
9093;35985;35983;1;2
9094;35987;4;8996;3
9095;35990;7;5141;3
9096;35993;3;11997;2
9097;35995;12;2999;7
9098;36002;3;12000;2
9099;36004;35999;1;5
9100;36009;36007;1;2
9101;36011;9001;4;7
9102;36018;4;9004;2
9103;36020;36017;1;3
9104;36023;4;9005;3
9105;36026;3;12008;2
9106;36028;12007;3;7
9107;36035;9;4003;8
9108;36043;9;4004;7
9109;36050;3;12016;2
9110;36052;13;2773;3
9111;36055;4;9013;3
9112;36058;4;9014;2
9113;36060;31;1163;7
9114;36067;5;7213;2
9115;36069;7;5152;5
9116;36074;3;12024;2
9117;36076;11;3279;7
9118;36083;3;12027;2
9119;36085;18041;2;3
9120;36088;5;7217;3
9121;36091;151;239;2
9122;36093;36073;1;20
9123;36113;3;12037;2
9124;36115;4;9028;3
9125;36118;5;7223;3
9126;36121;19;1901;2
9127;36123;9029;4;7
9128;36130;4;9032;2
9129;36132;7;5161;5
9130;36137;3;12045;2
9131;36139;12;3011;7
9132;36146;3;12048;2
9133;36148;5;7229;3
9134;36151;4;9037;3
9135;36154;4;9038;2
9136;36156;37;977;7
9137;36163;35;1033;8
9138;36171;9041;4;7
9139;36178;4;9044;2
9140;36180;31;1167;3
9141;36183;4;9045;3
9142;36186;4;9046;2
9143;36188;97;373;7
9144;36195;17;2129;2
9145;36197;6;6032;5
9146;36202;4;9050;2
9147;36204;5171;7;7
9148;36211;36209;1;2
9149;36213;5;7242;3
9150;36216;12071;3;3
9151;36219;36217;1;2
9152;36221;19;1906;7
9153;36228;59;614;2
9154;36230;17;2131;3
9155;36233;3;12077;2
9156;36235;12;3019;7
9157;36242;3;12080;2
9158;36244;36241;1;3
9159;36247;4;9061;3
9160;36250;4;9062;2
9161;36252;11;3295;7
9162;36259;13;2789;2
9163;36261;8;4532;5
9164;36266;3;12088;2
9165;36268;9;4029;7
9166;36275;3;12091;2
9167;36277;7;5182;3
9168;36280;36277;1;3
9169;36283;7;5183;2
9170;36285;11;3298;7
9171;36292;47;772;8
9172;36300;36293;1;7
9173;36307;5;7261;2
9174;36309;6;6051;3
9175;36312;7;5187;3
9176;36315;36313;1;2
9177;36317;10;3631;7
9178;36324;11;3302;2
9179;36326;12107;3;5
9180;36331;17;2137;2
9181;36333;41;886;7
9182;36340;18169;2;2
9183;36342;12113;3;3
9184;36345;6;6057;3
9185;36348;17;2138;2
9186;36350;36343;1;7
9187;36357;8;4544;5
9188;36362;11;3305;7
9189;36369;41;887;2
9190;36371;4;9092;3
9191;36374;37;983;3
9192;36377;3;12125;2
9193;36379;12;3031;7
9194;36386;3;12128;2
9195;36388;36383;1;5
9196;36393;151;241;2
9197;36395;11;3308;7
9198;36402;4;9100;2
9199;36404;89;409;3
9200;36407;4;9101;3
9201;36410;3;12136;2
9202;36412;9;4045;7
9203;36419;53;687;8
9204;36427;10;3642;7
9205;36434;3;12144;2
9206;36436;36433;1;3
9207;36439;4;9109;3
9208;36442;4;9110;2
9209;36444;83;439;7
9210;36451;7;5207;2
9211;36453;8;4556;5
9212;36458;3;12152;2
9213;36460;29;1257;7
9214;36467;3;12155;2
9215;36469;18233;2;3
9216;36472;36469;1;3
9217;36475;36473;1;2
9218;36477;10;3647;7
9219;36484;17;2146;2
9220;36486;12161;3;3
9221;36489;11;3317;2
9222;36491;14;2606;7
9223;36498;4;9124;2
9224;36500;36497;1;3
9225;36503;4;9125;3
9226;36506;3;12168;2
9227;36508;23;1587;7
9228;36515;3;12171;2
9229;36517;7;5216;5
9230;36522;4;9130;2
9231;36524;13;2809;7
9232;36531;36529;1;2
9233;36533;5;7306;3
9234;36536;7;5219;3
9235;36539;3;12179;2
9236;36541;6089;6;7
9237;36548;9;4060;8
9238;36556;9;4061;7
9239;36563;3;12187;2
9240;36565;101;362;3
9241;36568;5;7313;3
9242;36571;13;2813;2
9243;36573;47;778;7
9244;36580;18289;2;2
9245;36582;79;463;5
9246;36587;3;12195;2
9247;36589;13;2814;7
9248;36596;3;12198;2
9249;36598;5;7319;3
9250;36601;29;1262;3
9251;36604;18301;2;2
9252;36606;22;1663;20
9253;36626;3;12208;2
9254;36628;5;7325;3
9255;36631;4;9157;3
9256;36634;4;9158;2
9257;36636;36629;1;7
9258;36643;11;3331;2
9259;36645;8;4580;5
9260;36650;3;12216;2
9261;36652;15;2443;7
9262;36659;3;12219;2
9263;36661;18329;2;3
9264;36664;61;601;3
9265;36667;5;7333;2
9266;36669;23;1594;7
9267;36676;89;412;8
9268;36684;36677;1;7
9269;36691;19;1931;2
9270;36693;5;7338;3
9271;36696;9;4077;3
9272;36699;36697;1;2
9273;36701;14;2621;7
9274;36708;18353;2;2
9275;36710;15;2447;5
9276;36715;36713;1;2
9277;36717;10;3671;7
9278;36724;7;5246;2
9279;36726;12241;3;3
9280;36729;6;6121;3
9281;36732;5;7346;2
9282;36734;19;1933;7
9283;36741;36739;1;2
9284;36743;4;9185;3
9285;36746;3;12248;2
9286;36748;37;993;7
9287;36755;3;12251;2
9288;36757;17;2162;3
9289;36760;7;5251;3
9290;36763;36761;1;2
9291;36765;18379;2;7
9292;36772;5;7354;2
9293;36774;83;443;5
9294;36779;3;12259;2
9295;36781;9;4086;7
9296;36788;3;12262;2
9297;36790;36787;1;3
9298;36793;5;7358;3
9299;36796;18397;2;2
9300;36798;36791;1;7
9301;36805;31;1187;8
9302;36813;11;3346;7
9303;36820;41;898;2
9304;36822;9;4091;3
9305;36825;6;6137;3
9306;36828;18413;2;2
9307;36830;23;1601;7
9308;36837;5;7367;2
9309;36839;6;6139;5
9310;36844;13;2834;2
9311;36846;11;3349;7
9312;36853;43;857;2
9313;36855;4;9213;3
9314;36858;5;7371;3
9315;36861;29;1271;2
9316;36863;8;4607;7
9317;36870;4;9217;2
9318;36872;73;505;7
9319;36879;36877;1;2
9320;36881;18439;2;3
9321;36884;13;2837;3
9322;36887;3;12295;2
9323;36889;9;4098;7
9324;36896;3;12298;2
9325;36898;79;467;5
9326;36903;36901;1;2
9327;36905;19;1942;7
9328;36912;5;7382;2
9329;36914;7;5273;3
9330;36917;18457;2;3
9331;36920;3;12306;2
9332;36922;15;2461;7
9333;36929;31;1191;8
9334;36937;10;3693;7
9335;36944;3;12314;2
9336;36946;36943;1;3
9337;36949;7;5278;3
9338;36952;5;7390;2
9339;36954;36947;1;7
9340;36961;13;2843;2
9341;36963;17;2174;5
9342;36968;3;12322;2
9343;36970;9;4107;7
9344;36977;3;12325;2
9345;36979;4;9244;3
9346;36982;36979;1;3
9347;36985;31;1193;2
9348;36987;10;3698;7
9349;36994;4;9248;2
9350;36996;11;3363;3
9351;36999;36997;1;2
9352;37001;53;698;7
9353;37008;18503;2;2
9354;37010;23;1609;3
9355;37013;5;7402;3
9356;37016;3;12338;2
9357;37018;13;2847;7
9358;37025;3;12341;2
9359;37027;107;346;5
9360;37032;5;7406;2
9361;37034;61;607;7
9362;37041;37039;1;2
9363;37043;4;9260;3
9364;37046;17;2179;3
9365;37049;3;12349;2
9366;37051;9;4116;7
9367;37058;10;3705;8
9368;37066;11;3369;7
9369;37073;3;12357;2
9370;37075;4;9268;3
9371;37078;5;7415;3
9372;37081;7;5297;2
9373;37083;13;2852;7
9374;37090;4;9272;2
9375;37092;37087;1;5
9376;37097;3;12365;2
9377;37099;11;3372;7
9378;37106;3;12368;2
9379;37108;5;7421;3
9380;37111;4;9277;3
9381;37114;4;9278;2
9382;37116;4637;8;20
9383;37136;3;12378;2
9384;37138;5;7427;3
9385;37141;31;1198;3
9386;37144;7;5306;2
9387;37146;37139;1;7
9388;37153;97;383;2
9389;37155;10;3715;5
9390;37160;3;12386;2
9391;37162;15;2477;7
9392;37169;3;12389;2
9393;37171;4;9292;3
9394;37174;37171;1;3
9395;37177;5;7435;2
9396;37179;9293;4;7
9397;37186;29;1282;8
9398;37194;41;907;7
9399;37201;37199;1;2
9400;37203;4;9300;3
9401;37206;12401;3;3
9402;37209;29;1283;2
9403;37211;71;524;7
9404;37218;4;9304;2
9405;37220;9;4135;5
9406;37225;37223;1;2
9407;37227;10;3722;7
9408;37234;4;9308;2
9409;37236;7;5319;3
9410;37239;4;9309;3
9411;37242;4;9310;2
9412;37244;23;1619;7
9413;37251;193;193;2
9414;37253;5;7450;3
9415;37256;3;12418;2
9416;37258;9;4139;7
9417;37265;3;12421;2
9418;37267;4;9316;3
9419;37270;83;449;3
9420;37273;13;2867;2
9421;37275;11;3388;7
9422;37282;4;9320;2
9423;37284;11;3389;5
9424;37289;3;12429;2
9425;37291;12;3107;7
9426;37298;3;12432;2
9427;37300;13;2869;3
9428;37303;4;9325;3
9429;37306;4;9326;2
9430;37308;11;3391;7
9431;37315;37307;1;8
9432;37323;19;1964;7
9433;37330;4;9332;2
9434;37332;23;1623;3
9435;37335;4;9333;3
9436;37338;4;9334;2
9437;37340;37;1009;7
9438;37347;5;7469;2
9439;37349;6;6224;5
9440;37354;4;9338;2
9441;37356;13;2873;7
9442;37363;37361;1;2
9443;37365;6;6227;3
9444;37368;5;7473;3
9445;37371;37369;1;2
9446;37373;14;2669;7
9447;37380;13;2875;5
9448;37385;11;3398;7
9449;37392;5;7478;2
9450;37394;139;269;3
9451;37397;7;5342;3
9452;37400;3;12466;2
9453;37402;9;4155;7
9454;37409;3;12469;2
9455;37411;59;634;5
9456;37416;13;2878;2
9457;37418;11;3401;7
9458;37425;37423;1;2
9459;37427;4;9356;3
9460;37430;13;2879;3
9461;37433;3;12477;2
9462;37435;12;3119;7
9463;37442;17;2202;8
9464;37450;21;1783;7
9465;37457;3;12485;2
9466;37459;4;9364;3
9467;37462;47;797;3
9468;37465;37463;1;2
9469;37467;10;3746;7
9470;37474;4;9368;2
9471;37476;7;5353;5
9472;37481;3;12493;2
9473;37483;9;4164;7
9474;37490;3;12496;2
9475;37492;37489;1;3
9476;37495;4;9373;3
9477;37498;4;9374;2
9478;37500;37493;1;7
9479;37507;5;7501;2
9480;37509;6;6251;3
9481;37512;5;7502;2
9482;37514;37507;1;7
9483;37521;17;2207;2
9484;37523;4;9380;3
9485;37526;157;239;3
9486;37529;3;12509;2
9487;37531;12;3127;7
9488;37538;3;12512;2
9489;37540;7507;5;5
9490;37545;11;3413;2
9491;37547;10;3754;7
9492;37554;4;9388;2
9493;37556;17;2209;3
9494;37559;4;9389;3
9495;37562;3;12520;2
9496;37564;9;4173;7
9497;37571;19;1977;8
9498;37579;12;3131;7
9499;37586;3;12528;2
9500;37588;5;7517;3
9501;37591;4;9397;3
9502;37594;4;9398;2
9503;37596;37589;1;7
9504;37603;19;1979;2
9505;37605;8;4700;5
9506;37610;3;12536;2
9507;37612;15;2507;7
9508;37619;3;12539;2
9509;37621;7;5374;3
9510;37624;17;2213;3
9511;37627;5;7525;2
9512;37629;143;263;20
9513;37649;3;12549;2
9514;37651;4;9412;3
9515;37654;23;1637;3
9516;37657;5;7531;2
9517;37659;9413;4;7
9518;37666;4;9416;2
9519;37668;37663;1;5
9520;37673;3;12557;2
9521;37675;12;3139;7
9522;37682;3;12560;2
9523;37684;7;5383;3
9524;37687;4;9421;3
9525;37690;4;9422;2
9526;37692;7537;5;7
9527;37699;37691;1;8
9528;37707;10;3770;7
9529;37714;4;9428;2
9530;37716;13;2901;3
9531;37719;4;9429;3
9532;37722;4;9430;2
9533;37724;37717;1;7
9534;37731;29;1301;2
9535;37733;6;6288;5
9536;37738;4;9434;2
9537;37740;97;389;7
9538;37747;5;7549;2
9539;37749;6;6291;3
9540;37752;12583;3;3
9541;37755;19;1987;2
9542;37757;10;3775;7
9543;37764;79;478;2
9544;37766;11;3433;3
9545;37769;3;12589;2
9546;37771;9;4196;7
9547;37778;3;12592;2
9548;37780;37;1021;3
9549;37783;4;9445;3
9550;37786;4;9446;2
9551;37788;37781;1;7
9552;37795;7;5399;2
9553;37797;8;4724;5
9554;37802;3;12600;2
9555;37804;43;879;7
9556;37811;3;12603;2
9557;37813;5;7562;3
9558;37816;37813;1;3
9559;37819;13;2909;2
9560;37821;14;2701;7
9561;37828;10;3782;8
9562;37836;11;3439;7
9563;37843;79;479;2
9564;37845;6;6307;3
9565;37848;5;7569;3
9566;37851;7;5407;2
9567;37853;127;298;7
9568;37860;23;1646;2
9569;37862;12619;3;5
9570;37867;5;7573;2
9571;37869;11;3442;7
9572;37876;29;1306;2
9573;37878;5;7575;3
9574;37881;6;6313;3
9575;37884;13;2914;2
9576;37886;49;773;9
9577;37895;19;1994;9
9578;37904;3;12634;2
9579;37906;29;1307;3
9580;37909;11;3446;3
9581;37912;5;7582;2
9582;37914;37907;1;7
9583;37921;7;5417;2
9584;37923;18959;2;5
9585;37928;3;12642;2
9586;37930;12641;3;7
9587;37937;3;12645;2
9588;37939;4;9484;3
9589;37942;11;3449;3
9590;37945;19;1997;2
9591;37947;10;3794;7
9592;37954;18973;2;8
9593;37962;7591;5;7
9594;37969;37967;1;2
9595;37971;4;9492;3
9596;37974;9;4219;3
9597;37977;5;7595;2
9598;37979;11;3452;7
9599;37986;4;9496;2
9600;37988;11;3453;5
9601;37993;37991;1;2
9602;37995;9497;4;7
9603;38002;4;9500;2
9604;38004;53;717;3
9605;38007;4;9501;3
9606;38010;4;9502;2
9607;38012;11;3455;7
9608;38019;7;5431;2
9609;38021;19009;2;3
9610;38024;3;12674;2
9611;38026;19;2001;7
9612;38033;3;12677;2
9613;38035;4;9508;3
9614;38038;5;7607;3
9615;38041;38039;1;2
9616;38043;37;1028;7
9617;38050;4;9512;2
9618;38052;38047;1;5
9619;38057;3;12685;2
9620;38059;9;4228;7
9621;38066;3;12688;2
9622;38068;5;7613;3
9623;38071;4;9517;3
9624;38074;4;9518;2
9625;38076;38069;1;7
9626;38083;25;1523;8
9627;38091;9521;4;7
9628;38098;4;9524;2
9629;38100;9;4233;3
9630;38103;4;9525;3
9631;38106;4;9526;2
9632;38108;5443;7;7
9633;38115;38113;1;2
9634;38117;6;6352;5
9635;38122;4;9530;2
9636;38124;47;811;7
9637;38131;7;5447;2
9638;38133;5;7626;3
9639;38136;9;4237;3
9640;38139;11;3467;2
9641;38141;97;393;20
9642;38161;11;3469;2
9643;38163;4;9540;3
9644;38166;12721;3;3
9645;38169;38167;1;2
9646;38171;14;2726;7
9647;38178;4;9544;2
9648;38180;15;2545;5
9649;38185;38183;1;2
9650;38187;10;3818;7
9651;38194;4;9548;2
9652;38196;29;1317;3
9653;38199;4;9549;3
9654;38202;4;9550;2
9655;38204;38197;1;7
9656;38211;11;3473;8
9657;38219;41;932;7
9658;38226;4;9556;2
9659;38228;5;7645;3
9660;38231;4;9557;3
9661;38234;3;12744;2
9662;38236;12743;3;7
9663;38243;3;12747;2
9664;38245;8;4780;5
9665;38250;4;9562;2
9666;38252;7649;5;7
9667;38259;67;571;2
9668;38261;11;3478;3
9669;38264;38261;1;3
9670;38267;3;12755;2
9671;38269;14;2733;7
9672;38276;3;12758;2
9673;38278;5;7655;3
9674;38281;101;379;2
9675;38283;14;2734;7
9676;38290;4;9572;2
9677;38292;12763;3;3
9678;38295;4;9573;3
9679;38298;4;9574;2
9680;38300;149;257;7
9681;38307;5;7661;2
9682;38309;6;6384;5
9683;38314;4;9578;2
9684;38316;29;1321;7
9685;38323;38321;1;2
9686;38325;6;6387;3
9687;38328;5;7665;3
9688;38331;38329;1;2
9689;38333;19163;2;7
9690;38340;14;2738;8
9691;38348;23;1667;7
9692;38355;7;5479;2
9693;38357;127;302;3
9694;38360;11;3487;3
9695;38363;3;12787;2
9696;38365;9;4262;7
9697;38372;3;12790;2
9698;38374;17;2257;5
9699;38379;38377;1;2
9700;38381;14;2741;7
9701;38388;17;2258;2
9702;38390;23;1669;3
9703;38393;5;7678;3
9704;38396;3;12798;2
9705;38398;67;573;7
9706;38405;6;6400;5
9707;38410;9;4267;7
9708;38417;3;12805;2
9709;38419;4;9604;3
9710;38422;103;373;3
9711;38425;7;5489;2
9712;38427;10;3842;7
9713;38434;4;9608;2
9714;38436;38431;1;5
9715;38441;3;12813;2
9716;38443;12;3203;7
9717;38450;3;12816;2
9718;38452;38449;1;3
9719;38455;4;9613;3
9720;38458;4;9614;2
9721;38460;38453;1;7
9722;38467;38459;1;8
9723;38475;59;652;7
9724;38482;4;9620;2
9725;38484;101;381;3
9726;38487;4;9621;3
9727;38490;4;9622;2
9728;38492;43;895;7
9729;38499;137;281;2
9730;38501;6;6416;5
9731;38506;4;9626;2
9732;38508;38501;1;7
9733;38515;19;2027;2
9734;38517;6;6419;3
9735;38520;37;1041;3
9736;38523;7;5503;2
9737;38525;19259;2;7
9738;38532;5;7706;2
9739;38534;53;727;3
9740;38537;3;12845;2
9741;38539;12;3211;7
9742;38546;3;12848;2
9743;38548;5;7709;3
9744;38551;4;9637;3
9745;38554;4;9638;2
9746;38556;5507;7;7
9747;38563;38561;1;2
9748;38565;8;4820;5
9749;38570;3;12856;2
9750;38572;9;4285;7
9751;38579;3;12859;2
9752;38581;19289;2;3
9753;38584;41;941;3
9754;38587;5;7717;2
9755;38589;101;382;7
9756;38596;11;3508;8
9757;38604;13;2969;7
9758;38611;38609;1;2
9759;38613;5;7722;3
9760;38616;61;633;3
9761;38619;23;1679;2
9762;38621;43;898;7
9763;38628;7;5518;2
9764;38630;15;2575;5
9765;38635;7;5519;2
9766;38637;10;3863;7
9767;38644;139;278;2
9768;38646;11;3513;3
9769;38649;6;6441;3
9770;38652;5;7730;2
9771;38654;47;822;20
9772;38674;4;9668;2
9773;38676;9;4297;3
9774;38679;4;9669;3
9775;38682;4;9670;2
9776;38684;38677;1;7
9777;38691;7;5527;2
9778;38693;6;6448;5
9779;38698;4;9674;2
9780;38700;38693;1;7
9781;38707;5;7741;2
9782;38709;6;6451;3
9783;38712;9;4301;3
9784;38715;38713;1;2
9785;38717;10;3871;7
9786;38724;9679;4;8
9787;38732;25;1549;7
9788;38739;38737;1;2
9789;38741;7;5534;3
9790;38744;19;2039;3
9791;38747;3;12915;2
9792;38749;11;3522;7
9793;38756;3;12918;2
9794;38758;11;3523;5
9795;38763;83;467;2
9796;38765;19379;2;7
9797;38772;5;7754;2
9798;38774;137;283;3
9799;38777;19387;2;3
9800;38780;3;12926;2
9801;38782;11;3525;7
9802;38789;3;12929;2
9803;38791;4;9697;3
9804;38794;4;9698;2
9805;38796;79;491;7
9806;38803;7;5543;2
9807;38805;6;6467;3
9808;38808;5;7761;3
9809;38811;197;197;2
9810;38813;19403;2;7
9811;38820;13;2986;2
9812;38822;9;4313;5
9813;38827;5;7765;2
9814;38829;14;2773;7
9815;38836;19417;2;2
9816;38838;5;7767;3
9817;38841;6;6473;3
9818;38844;19421;2;2
9819;38846;38839;1;7
9820;38853;17;2285;8
9821;38861;19427;2;7
9822;38868;19433;2;2
9823;38870;38867;1;3
9824;38873;5;7774;3
9825;38876;3;12958;2
9826;38878;9;4319;7
9827;38885;3;12961;2
9828;38887;19441;2;5
9829;38892;5;7778;2
9830;38894;37;1051;7
9831;38901;7;5557;2
9832;38903;4;9725;3
9833;38906;38903;1;3
9834;38909;3;12969;2
9835;38911;19447;2;17
9836;38928;19463;2;2
9837;38930;7;5561;3
9838;38933;5;7786;3
9839;38936;3;12978;2
9840;38938;19;2049;7
9841;38945;3;12981;2
9842;38947;19471;2;5
9843;38952;5;7790;2
9844;38954;17;2291;7
9845;38961;38959;1;2
9846;38963;4;9740;3
9847;38966;47;829;3
9848;38969;3;12989;2
9849;38971;12;3247;7
9850;38978;9;4330;8
9851;38986;9;4331;7
9852;38993;3;12997;2
9853;38995;4;9748;3
9854;38998;5;7799;3
9855;39001;59;661;2
9856;39003;9749;4;7
9857;39010;4;9752;2
9858;39012;19;2053;5
9859;39017;3;13005;2
9860;39019;12;3251;7
9861;39026;3;13008;2
9862;39028;5;7805;3
9863;39031;4;9757;3
9864;39034;4;9758;2
9865;39036;31;1259;7
9866;39043;39041;1;2
9867;39045;6;6507;3
9868;39048;7;5578;2
9869;39050;39043;1;7
9870;39057;5;7811;2
9871;39059;4;9764;3
9872;39062;139;281;3
9873;39065;3;13021;2
9874;39067;9;4340;7
9875;39074;3;13024;2
9876;39076;89;439;5
9877;39081;39079;1;2
9878;39083;9769;4;7
9879;39090;4;9772;2
9880;39092;39089;1;3
9881;39095;4;9773;3
9882;39098;3;13032;2
9883;39100;83;471;7
9884;39107;13033;3;8
9885;39115;12;3259;7
9886;39122;3;13040;2
9887;39124;19;2059;3
9888;39127;4;9781;3
9889;39130;4;9782;2
9890;39132;25;1565;7
9891;39139;7;5591;2
9892;39141;8;4892;5
9893;39146;3;13048;2
9894;39148;9;4349;7
9895;39155;3;13051;2
9896;39157;19577;2;3
9897;39160;39157;1;3
9898;39163;39161;1;2
9899;39165;7829;5;20
9900;39185;3;13061;2
9901;39187;4;9796;3
9902;39190;149;263;3
9903;39193;39191;1;2
9904;39195;97;404;7
9905;39202;4;9800;2
9906;39204;39199;1;5
9907;39209;3;13069;2
9908;39211;9;4356;7
9909;39218;3;13072;2
9910;39220;39217;1;3
9911;39223;4;9805;3
9912;39226;4;9806;2
9913;39228;13;3017;7
9914;39235;39227;1;8
9915;39243;17;2308;7
9916;39250;4;9812;2
9917;39252;7;5607;3
9918;39255;4;9813;3
9919;39258;4;9814;2
9920;39260;17;2309;7
9921;39267;5;7853;2
9922;39269;6;6544;5
9923;39274;4;9818;2
9924;39276;107;367;7
9925;39283;11;3571;2
9926;39285;6;6547;3
9927;39288;5;7857;3
9928;39291;101;389;2
9929;39293;13;3022;7
9930;39300;7;5614;2
9931;39302;13;3023;3
9932;39305;3;13101;2
9933;39307;10;3930;7
9934;39314;3;13104;2
9935;39316;39313;1;3
9936;39319;4;9829;3
9937;39322;4;9830;2
9938;39324;39317;1;7
9939;39331;67;587;2
9940;39333;8;4916;5
9941;39338;3;13112;2
9942;39340;21;1873;7
9943;39347;3;13115;2
9944;39349;103;382;3
9945;39352;19;2071;3
9946;39355;23;1711;2
9947;39357;10;3935;7
9948;39364;9839;4;8
9949;39372;7873;5;7
9950;39379;13;3029;2
9951;39381;6;6563;3
9952;39384;13127;3;3
9953;39387;5;7877;2
9954;39389;14;2813;7
9955;39396;19697;2;2
9956;39398;9;4377;5
9957;39403;31;1271;2
9958;39405;19699;2;7
9959;39412;5;7882;2
9960;39414;9;4379;3
9961;39417;6;6569;3
9962;39420;19709;2;2
9963;39422;7883;5;7
9964;39429;7;5632;5
9965;39434;89;443;7
9966;39441;39439;1;2
9967;39443;4;9860;3
9968;39446;39443;1;3
9969;39449;3;13149;2
9970;39451;12;3287;7
9971;39458;3;13152;2
9972;39460;13;3035;5
9973;39465;19;2077;2
9974;39467;10;3946;7
9975;39474;4;9868;2
9976;39476;7;5639;3
9977;39479;4;9869;3
9978;39482;3;13160;2
9979;39484;13159;3;7
9980;39491;9;4387;8
9981;39499;9;4388;7
9982;39506;3;13168;2
9983;39508;5;7901;3
9984;39511;4;9877;3
9985;39514;4;9878;2
9986;39516;39509;1;7
9987;39523;39521;1;2
9988;39525;8;4940;5
9989;39530;3;13176;2
9990;39532;15;2635;7
9991;39539;3;13179;2
9992;39541;53;746;3
9993;39544;39541;1;3
9994;39547;5;7909;2
9995;39549;17;2326;7
9996;39556;19777;2;2
9997;39558;5;7911;3
9998;39561;13;3043;2
9999;39563;11;3596;7
