n;A000096;weight;level;jump
1;2;0;0;3
2;5;0;0;4
3;9;0;0;5
4;14;8;1;6
5;20;13;1;7
6;27;19;1;8
7;35;13;2;9
8;44;17;2;10
9;54;43;1;11
10;65;53;1;12
11;77;16;4;13
12;90;19;4;14
13;104;89;1;15
14;119;103;1;16
15;135;59;2;17
16;152;67;2;18
17;170;151;1;19
18;189;169;1;20
19;209;47;4;21
20;230;26;8;22
21;252;229;1;23
22;275;251;1;24
23;299;137;2;25
24;324;149;2;26
25;350;323;1;27
26;377;349;1;28
27;405;47;8;29
28;434;101;4;30
29;464;433;1;31
30;495;463;1;32
31;527;38;13;33
32;560;263;2;34
33;594;43;13;35
34;629;593;1;36
35;665;157;4;37
36;702;83;8;38
37;740;701;1;39
38;779;739;1;40
39;819;389;2;41
40;860;409;2;42
41;902;859;1;43
42;945;53;17;44
43;989;59;16;45
44;1034;52;19;46
45;1080;1033;1;47
46;1127;83;13;48
47;1175;563;2;49
48;1224;587;2;50
49;1274;1223;1;51
50;1325;67;19;52
51;1377;331;4;53
52;1430;86;16;54
53;1484;1429;1;55
54;1539;1483;1;56
55;1595;769;2;57
56;1652;797;2;58
57;1710;127;13;59
58;1769;1709;1;60
59;1829;68;26;61
60;1890;457;4;62
61;1952;1889;1;63
62;2015;1951;1;64
63;2079;106;19;65
64;2144;1039;2;66
65;2210;2143;1;67
66;2277;2209;1;68
67;2345;569;4;69
68;2414;293;8;70
69;2484;127;19;71
70;2555;191;13;72
71;2627;1277;2;73
72;2700;101;26;74
73;2774;2699;1;75
74;2849;2773;1;76
75;2925;89;32;77
76;3002;86;34;78
77;3080;3001;1;79
78;3159;3079;1;80
79;3239;1579;2;81
80;3320;1619;2;82
81;3402;3319;1;83
82;3485;179;19;84
83;3569;134;26;85
84;3654;223;16;86
85;3740;281;13;87
86;3827;3739;1;88
87;3915;1913;2;89
88;4004;103;38;90
89;4094;4003;1;91
90;4185;4093;1;92
91;4277;523;8;93
92;4370;1069;4;94
93;4464;257;17;95
94;4559;4463;1;96
95;4655;106;43;97
96;4752;179;26;98
97;4850;4751;1;99
98;4949;373;13;100
99;5049;1237;4;101
100;5150;631;8;102
101;5252;271;19;103
102;5355;5251;1;104
103;5459;2677;2;105
104;5564;2729;2;106
105;5670;5563;1;107
106;5777;5669;1;108
107;5885;152;38;109
108;5994;1471;4;110
109;6104;461;13;111
110;6215;359;17;112
111;6327;239;26;113
112;6440;3163;2;114
113;6554;137;47;115
114;6669;6553;1;116
115;6785;1667;4;117
116;6902;128;53;118
117;7020;6901;1;119
118;7139;7019;1;120
119;7259;166;43;121
120;7380;191;38;122
121;7502;157;47;123
122;7625;577;13;124
123;7749;953;8;125
124;7874;149;52;126
125;8000;7873;1;127
126;8127;421;19;128
127;8255;239;34;129
128;8384;4127;2;130
129;8514;8383;1;131
130;8645;8513;1;132
131;8777;2161;4;133
132;8910;1097;8;134
133;9044;151;59;135
134;9179;9043;1;136
135;9315;353;26;137
136;9452;4657;2;138
137;9590;727;13;139
138;9729;223;43;140
139;9869;152;64;141
140;10010;2467;4;142
141;10152;10009;1;143
142;10295;10151;1;144
143;10439;5147;2;145
144;10584;307;34;146
145;10730;557;19;147
146;10877;10729;1;148
147;11025;2719;4;149
148;11174;208;53;150
149;11324;11173;1;151
150;11475;169;67;152
151;11627;5737;2;153
152;11780;5813;2;154
153;11934;11779;1;155
154;12089;11933;1;156
155;12245;1511;8;157
156;12402;3061;4;158
157;12560;12401;1;159
158;12719;661;19;160
159;12879;6359;2;161
160;13040;274;47;162
161;13202;221;59;163
162;13365;307;43;164
163;13529;257;52;165
164;13694;178;76;166
165;13860;13693;1;167
166;14027;13859;1;168
167;14195;7013;2;169
168;14364;302;47;170
169;14534;271;53;171
170;14705;14533;1;172
171;14877;919;16;173
172;15050;3719;4;174
173;15224;15049;1;175
174;15399;1171;13;176
175;15575;7699;2;177
176;15752;599;26;178
177;15930;829;19;179
178;16109;937;17;180
179;16289;4027;4;181
180;16470;509;32;182
181;16652;383;43;183
182;16835;16651;1;184
183;17019;443;38;185
184;17204;254;67;186
185;17390;17203;1;187
186;17577;17389;1;188
187;17765;338;52;189
188;17954;4441;4;190
189;18144;1381;13;191
190;18335;18143;1;192
191;18527;206;89;193
192;18720;314;59;194
193;18914;18719;1;195
194;19109;18913;1;196
195;19305;281;68;197
196;19502;254;76;198
197;19700;19501;1;199
198;19899;19699;1;200
199;20099;9949;2;201
200;20300;773;26;202
201;20502;383;53;203
202;20705;247;83;204
203;20909;647;32;205
204;21114;5227;4;206
205;21320;491;43;207
206;21527;21319;1;208
207;21735;229;94;209
208;21944;10867;2;210
209;22154;21943;1;211
210;22365;22153;1;212
211;22577;5591;4;213
212;22790;272;83;214
213;23004;1753;13;215
214;23219;23003;1;216
215;23435;247;94;217
216;23652;11717;2;218
217;23870;353;67;219
218;24089;23869;1;220
219;24309;3011;8;221
220;24530;236;103;222
221;24752;1291;19;223
222;24975;467;53;224
223;25199;12487;2;225
224;25424;293;86;226
225;25650;25423;1;227
226;25877;1973;13;228
227;26105;6469;4;229
228;26334;251;104;230
229;26564;1549;17;231
230;26795;263;101;232
231;27027;13397;2;233
232;27260;13513;2;234
233;27494;27259;1;235
234;27729;1447;19;236
235;27965;1733;16;237
236;28202;6991;4;238
237;28440;28201;1;239
238;28679;28439;1;240
239;28919;1103;26;241
240;29160;761;38;242
241;29402;2243;13;243
242;29645;29401;1;244
243;29889;7411;4;245
244;30134;467;64;246
245;30380;30133;1;247
246;30627;1787;17;248
247;30875;15313;2;249
248;31124;359;86;250
249;31374;31123;1;251
250;31625;31373;1;252
251;31877;268;118;253
252;32130;613;52;254
253;32384;361;89;255
254;32639;611;53;256
255;32895;16319;2;257
256;33152;16447;2;258
257;33410;33151;1;259
258;33669;33409;1;260
259;33929;443;76;261
260;34190;4241;8;262
261;34452;34189;1;263
262;34715;733;47;264
263;34979;1021;34;265
264;35244;17489;2;266
265;35510;2711;13;267
266;35777;35509;1;268
267;36045;344;104;269
268;36314;9011;4;270
269;36584;36313;1;271
270;36855;36583;1;272
271;37127;18427;2;273
272;37400;977;38;274
273;37674;37399;1;275
274;37949;373;101;276
275;38225;358;106;277
276;38502;2389;16;278
277;38780;38501;1;279
278;39059;2041;19;280
279;39339;331;118;281
280;39620;442;89;282
281;39902;39619;1;283
282;40185;39901;1;284
283;40469;5023;8;285
284;40754;302;134;286
285;41040;491;83;287
286;41327;41039;1;288
287;41615;20663;2;289
288;41904;20807;2;290
289;42194;41903;1;291
290;42485;42193;1;292
291;42777;494;86;293
292;43070;5347;8;294
293;43364;3313;13;295
294;43659;421;103;296
295;43955;526;83;297
296;44252;21977;2;298
297;44550;323;137;299
298;44849;44549;1;300
299;45149;2803;16;301
300;45450;11287;4;302
301;45752;967;47;303
302;46055;45751;1;304
303;46359;23027;2;305
304;46664;1783;26;306
305;46970;46663;1;307
306;47277;3613;13;308
307;47585;446;106;309
308;47894;1487;32;310
309;48204;1019;47;311
310;48515;817;59;312
311;48827;382;127;313
312;49140;24413;2;314
313;49454;49139;1;315
314;49769;2909;17;316
315;50085;6221;8;317
316;50402;659;76;318
317;50720;3877;13;319
318;51039;757;67;320
319;51359;338;151;321
320;51680;25679;2;322
321;52002;51679;1;323
322;52325;349;149;324
323;52649;412;127;325
324;52974;6581;8;326
325;53300;52973;1;327
326;53627;53299;1;328
327;53955;26813;2;329
328;54284;509;106;330
329;54614;2857;19;331
330;54945;4201;13;332
331;55277;404;136;333
332;55610;1063;52;334
333;55944;55609;1;335
334;56279;1301;43;336
335;56615;1481;38;337
336;56952;28307;2;338
337;57290;56951;1;339
338;57629;971;59;340
339;57969;14407;4;341
340;58310;3623;16;342
341;58652;58309;1;343
342;58995;659;89;344
343;59339;2269;26;345
344;59684;29669;2;346
345;60030;4591;13;347
346;60377;60029;1;348
347;60725;7547;8;349
348;61074;646;94;350
349;61424;389;157;351
350;61775;61423;1;352
351;62127;461;134;353
352;62480;31063;2;354
353;62834;1453;43;355
354;63189;3307;19;356
355;63545;15797;4;357
356;63902;376;169;358
357;64260;63901;1;359
358;64619;4943;13;360
359;64979;32309;2;361
360;65340;613;106;362
361;65702;65339;1;363
362;66065;65701;1;364
363;66429;4129;16;365
364;66794;16607;4;366
365;67160;3929;17;367
366;67527;67159;1;368
367;67895;1777;38;369
368;68264;409;166;370
369;68634;767;89;371
370;69005;68633;1;372
371;69377;1327;52;373
372;69750;542;128;374
373;70124;3671;19;375
374;70499;70123;1;376
375;70875;698;101;377
376;71252;35437;2;378
377;71630;1657;43;379
378;72009;863;83;380
379;72389;9001;8;381
380;72770;18097;4;382
381;73152;1373;53;383
382;73535;4303;17;384
383;73919;36767;2;385
384;74304;2843;26;386
385;74690;1109;67;387
386;75077;3931;19;388
387;75465;548;137;389
388;75854;9433;8;390
389;76244;75853;1;391
390;76635;76243;1;392
391;77027;38317;2;393
392;77420;2027;38;394
393;77814;77419;1;395
394;78209;77813;1;396
395;78605;416;188;397
396;79002;457;172;398
397;79400;767;103;399
398;79799;79399;1;400
399;80199;2347;34;401
400;80600;40099;2;402
401;81002;80599;1;403
402;81405;81001;1;404
403;81809;433;188;405
404;82214;5113;16;406
405;82620;4327;19;407
406;83027;82619;1;408
407;83435;41513;2;409
408;83844;3209;26;410
409;84254;83843;1;411
410;84665;6481;13;412
411;85077;557;152;413
412;85490;21269;4;414
413;85904;1613;53;415
414;86319;85903;1;416
415;86735;43159;2;417
416;87152;2551;34;418
417;87570;87151;1;419
418;87989;1307;67;420
419;88409;21997;4;421
420;88830;514;172;422
421;89252;6833;13;423
422;89675;599;149;424
423;90099;3449;26;425
424;90524;2371;38;426
425;90950;90523;1;427
426;91377;883;103;428
427;91805;5711;16;429
428;92234;778;118;430
429;92664;92233;1;431
430;93095;4877;19;432
431;93527;523;178;433
432;93960;463;202;434
433;94394;5527;17;435
434;94829;689;137;436
435;95265;604;157;437
436;95702;458;208;438
437;96140;95701;1;439
438;96579;757;127;440
439;97019;1123;86;441
440;97460;542;179;442
441;97902;97459;1;443
442;98345;2083;47;444
443;98789;647;152;445
444;99234;24697;4;446
445;99680;99233;1;447
446;100127;99679;1;448
447;100575;3851;26;449
448;101024;50287;2;450
449;101474;5317;19;451
450;101925;799;127;452
451;102377;614;166;453
452;102830;536;191;454
453;103284;102829;1;455
454;103739;577;179;456
455;104195;51869;2;457
456;104652;883;118;458
457;105110;104651;1;459
458;105569;1181;89;460
459;106029;3299;32;461
460;106490;2039;52;462
461;106952;1283;83;463
462;107415;5629;19;464
463;107879;1249;86;465
464;108344;53939;2;466
465;108810;108343;1;467
466;109277;2053;53;468
467;109745;1607;68;469
468;110214;722;152;470
469;110684;110213;1;471
470;111155;733;151;472
471;111627;746;149;473
472;112100;55813;2;474
473;112574;8623;13;475
474;113049;112573;1;476
475;113525;1087;104;477
476;114002;562;202;478
477;114480;114001;1;479
478;114959;114479;1;480
479;115439;502;229;481
480;115920;57719;2;482
481;116402;6101;19;483
482;116885;2707;43;484
483;117369;29221;4;485
484;117854;863;136;486
485;118340;1759;67;487
486;118827;9103;13;488
487;119315;1007;118;489
488;119804;706;169;490
489;120294;2549;47;491
490;120785;120293;1;492
491;121277;7549;16;493
492;121770;30319;4;494
493;122264;121769;1;495
494;122759;122263;1;496
495;123255;61379;2;497
496;123752;61627;2;498
497;124250;2633;47;499
498;124749;124249;1;500
499;125249;2399;52;501
500;125750;608;206;502
501;126252;569;221;503
502;126755;661;191;504
503;127259;63377;2;505
504;127764;63629;2;506
505;128270;127763;1;507
506;128777;817;157;508
507;129285;16097;8;509
508;129794;32321;4;510
509;130304;129793;1;511
510;130815;130303;1;512
511;131327;65407;2;513
512;131840;5051;26;514
513;132354;131839;1;515
514;132869;10181;13;516
515;133385;563;236;517
516;133902;16673;8;518
517;134420;133901;1;519
518;134939;7907;17;520
519;135459;1007;134;521
520;135980;761;178;522
521;136502;135979;1;523
522;137025;136501;1;524
523;137549;2141;64;525
524;138074;548;251;526
525;138600;559;247;527
526;139127;138599;1;528
527;139655;5351;26;529
528;140184;69827;2;530
529;140714;1361;103;531
530;141245;631;223;532
531;141777;35311;4;533
532;142310;8861;16;534
533;142844;1409;101;535
534;143379;1721;83;536
535;143915;4217;34;537
536;144452;1531;94;538
537;144990;144451;1;539
538;145529;587;247;540
539;146069;18191;8;541
540;146610;689;212;542
541;147152;146609;1;543
542;147695;147151;1;544
543;148239;73847;2;545
544;148784;893;166;546
545;149330;148783;1;547
546;149877;2531;59;548
547;150425;842;178;549
548;150974;18803;8;550
549;151524;3511;43;551
550;152075;151523;1;552
551;152627;5849;26;553
552;153180;1139;134;554
553;153734;11783;13;555
554;154289;153733;1;556
555;154845;9643;16;557
556;155402;38711;4;558
557;155960;8179;19;559
558;156519;593;263;560
559;157079;78259;2;561
560;157640;78539;2;562
561;158202;157639;1;563
562;158765;158201;1;564
563;159329;2089;76;565
564;159894;766;208;566
565;160460;1259;127;567
566;161027;12343;13;568
567;161595;80513;2;569
568;162164;1879;86;570
569;162734;9539;17;571
570;163305;162733;1;572
571;163877;596;274;573
572;164450;773;212;574
573;165024;164449;1;575
574;165599;2797;59;576
575;166175;82799;2;577
576;166752;4373;38;578
577;167330;1313;127;579
578;167909;167329;1;580
579;168489;3229;52;581
580;169070;21061;8;582
581;169652;169069;1;583
582;170235;8929;19;584
583;170819;1811;94;585
584;171404;766;223;586
585;171990;171403;1;587
586;172577;1139;151;588
587;173165;5393;32;589
588;173754;43291;4;590
589;174344;727;239;591
590;174935;13411;13;592
591;175527;1861;94;593
592;176120;1118;157;594
593;176714;3323;53;595
594;177309;176713;1;596
595;177905;2333;76;597
596;178502;11119;16;598
597;179100;178501;1;599
598;179699;179099;1;600
599;180299;89849;2;601
600;180900;90149;2;602
601;181502;9521;19;603
602;182105;181501;1;604
603;182709;824;221;605
604;183314;45677;4;606
605;183920;767;239;607
606;184527;183919;1;608
607;185135;718;257;609
608;185744;92567;2;610
609;186354;2087;89;611
610;186965;186353;1;612
611;187577;1087;172;613
612;188190;23447;8;614
613;188804;188189;1;615
614;189419;9937;19;616
615;190035;94709;2;617
616;190652;7309;26;618
617;191270;2297;83;619
618;191889;14713;13;620
619;192509;716;268;621
620;193130;646;298;622
621;193752;1279;151;623
622;194375;193751;1;624
623;194999;97187;2;625
624;195624;97499;2;626
625;196250;3691;53;627
626;196877;196249;1;628
627;197505;1186;166;629
628;198134;1543;128;630
629;198764;15241;13;631
630;199395;4229;47;632
631;200027;7669;26;633
632;200660;971;206;634
633;201294;1121;179;635
634;201929;1993;101;636
635;202565;1174;172;637
636;203202;1138;178;638
637;203840;11953;17;639
638;204479;4337;47;640
639;205119;5381;38;641
640;205760;102559;2;642
641;206402;205759;1;643
642;207045;15877;13;644
643;207689;764;271;645
644;208334;1997;104;646
645;208980;208333;1;647
646;209627;3943;53;648
647;210275;746;281;649
648;210924;105137;2;650
649;211574;210923;1;651
650;212225;211573;1;652
651;212877;829;256;653
652;213530;2801;76;654
653;214184;3187;67;655
654;214839;731;293;656
655;215495;8263;26;657
656;216152;107747;2;658
657;216810;1279;169;659
658;217469;11411;19;660
659;218129;54367;4;661
660;218790;13633;16;662
661;219452;1597;137;663
662;220115;219451;1;664
663;220779;701;314;665
664;221444;1871;118;666
665;222110;967;229;667
666;222777;222109;1;668
667;223445;27847;8;669
668;224114;4297;52;670
669;224784;224113;1;671
670;225455;17291;13;672
671;226127;698;323;673
672;226800;113063;2;674
673;227474;226799;1;675
674;228149;227473;1;676
675;228825;57037;4;677
676;229502;28603;8;678
677;230180;893;257;679
678;230859;2279;101;680
679;231539;115429;2;681
680;232220;115769;2;682
681;232902;17863;13;683
682;233585;232901;1;684
683;234269;1123;208;685
684;234954;58567;4;686
685;235640;4999;47;687
686;236327;3517;67;688
687;237015;118163;2;689
688;237704;6971;34;690
689;238394;237703;1;691
690;239085;12547;19;692
691;239777;59771;4;693
692;240470;944;254;694
693;241164;1259;191;695
694;241859;1427;169;696
695;242555;120929;2;697
696;243252;982;247;698
697;243950;5657;43;699
698;244649;2741;89;700
699;245349;1154;212;701
700;246050;739;332;702
701;246752;246049;1;703
702;247455;246751;1;704
703;248159;123727;2;705
704;248864;977;254;706
705;249570;14639;17;707
706;250277;2423;103;708
707;250985;4813;52;709
708;251694;916;274;710
709;252404;1019;247;711
710;253115;3041;83;712
711;253827;934;271;713
712;254540;126913;2;714
713;255254;769;331;715
714;255969;255253;1;716
715;256685;842;304;717
716;257402;64171;4;718
717;258120;257401;1;719
718;258839;258119;1;720
719;259559;129419;2;721
720;260280;871;298;722
721;261002;6053;43;723
722;261725;1181;221;724
723;262449;1109;236;725
724;263174;752;349;726
725;263900;2957;89;727
726;264627;263899;1;728
727;265355;132313;2;729
728;266084;6983;38;730
729;266814;266083;1;731
730;267545;1063;251;732
731;268277;1262;212;733
732;269010;1427;188;734
733;269744;20693;13;735
734;270479;14197;19;736
735;271215;1313;206;737
736;271952;135607;2;738
737;272690;1801;151;739
738;273429;272689;1;740
739;274169;4021;68;741
740;274910;797;344;742
741;275652;274909;1;743
742;276395;275651;1;744
743;277139;138197;2;745
744;277884;138569;2;746
745;278630;277883;1;747
746;279377;21433;13;748
747;280125;919;304;749
748;280874;5387;52;750
749;281624;1789;157;751
750;282375;281623;1;752
751;283127;2393;118;753
752;283880;2671;106;754
753;284634;1273;223;755
754;285389;284633;1;756
755;286145;71347;4;757
756;286902;1052;272;758
757;287660;1021;281;759
758;288419;937;307;760
759;289179;11093;26;761
760;289940;144589;2;762
761;290702;22303;13;763
762;291465;290701;1;764
763;292229;36433;8;765
764;292994;1699;172;766
765;293760;292993;1;767
766;294527;15461;19;768
767;295295;147263;2;769
768;296064;147647;2;770
769;296834;1987;149;771
770;297605;296833;1;772
771;298377;1583;188;773
772;299150;988;302;774
773;299924;17597;17;775
774;300699;23071;13;776
775;301475;1198;251;777
776;302252;982;307;778
777;303030;302251;1;779
778;303809;303029;1;780
779;304589;808;376;781
780;305370;76147;4;782
781;306152;305369;1;783
782;306935;5189;59;784
783;307719;1849;166;785
784;308504;2903;106;786
785;309290;1249;247;787
786;310077;309289;1;788
787;310865;871;356;789
788;311654;19429;16;790
789;312444;311653;1;791
790;313235;18379;17;792
791;314027;8243;38;793
792;314820;157013;2;794
793;315614;3793;83;795
794;316409;315613;1;796
795;317205;39551;8;797
796;318002;79301;4;798
797;318800;318001;1;799
798;319599;1781;179;800
799;320399;159799;2;801
800;321200;12323;26;802
801;322002;321199;1;803
802;322805;322001;1;804
803;323609;80701;4;805
804;324414;2129;152;806
805;325220;6121;53;807
806;326027;325219;1;808
807;326835;1462;223;809
808;327644;163417;2;810
809;328454;3181;103;811
810;329265;1121;293;812
811;330077;1583;208;813
812;330890;922;358;814
813;331704;25453;13;815
814;332519;3727;89;816
815;333335;166259;2;817
816;334152;166667;2;818
817;334970;859;389;819
818;335789;7127;47;820
819;336609;1322;254;821
820;337430;1072;314;822
821;338252;1283;263;823
822;339075;338251;1;824
823;339899;8923;38;825
824;340724;1538;221;826
825;341550;340723;1;827
826;342377;2021;169;828
827;343205;42797;8;829
828;344034;956;359;830
829;344864;953;361;831
830;345695;344863;1;832
831;346527;1361;254;833
832;347360;173263;2;834
833;348194;347359;1;835
834;349029;1823;191;836
835;349865;87257;4;837
836;350702;866;404;838
837;351540;6617;53;839
838;352379;3413;103;840
839;353219;13553;26;841
840;354060;176609;2;842
841;354902;1003;353;843
842;355745;18679;19;844
843;356589;11117;32;845
844;357434;956;373;846
845;358280;2609;137;847
846;359127;358279;1;848
847;359975;179563;2;849
848;360824;9473;38;850
849;361674;360823;1;851
850;362525;8411;43;852
851;363377;90631;4;853
852;364230;1747;208;854
853;365084;364229;1;855
854;365939;5449;67;856
855;366795;182969;2;857
856;367652;183397;2;858
857;368510;367651;1;859
858;369369;901;409;860
859;370229;46171;8;861
860;371090;92557;4;862
861;371952;19531;19;863
862;372815;371951;1;864
863;373679;1103;338;865
864;374544;1454;257;866
865;375410;7969;47;867
866;376277;4523;83;868
867;377145;4951;76;869
868;378014;47143;8;870
869;378884;2537;149;871
870;379755;378883;1;872
871;380627;189877;2;873
872;381500;190313;2;874
873;382374;8117;47;875
874;383249;382373;1;876
875;384125;1409;272;877
876;385002;1079;356;878
877;385880;385001;1;879
878;386759;29683;13;880
879;387639;193379;2;881
880;388520;1919;202;882
881;389402;388519;1;883
882;390285;389401;1;884
883;391169;97571;4;885
884;392054;1024;382;886
885;392940;392053;1;887
886;393827;20681;19;888
887;394715;2939;134;889
888;395604;1307;302;890
889;396494;30431;13;891
890;397385;7481;53;892
891;398277;3821;104;893
892;399170;5857;68;894
893;400064;9283;43;895
894;400959;1747;229;896
895;401855;926;433;897
896;402752;200927;2;898
897;403650;402751;1;899
898;404549;403649;1;900
899;405449;5323;76;901
900;406350;1718;236;902
901;407252;406349;1;903
902;408155;31327;13;904
903;409059;2293;178;905
904;409964;15733;26;906
905;410870;21577;19;907
906;411777;2617;157;908
907;412685;3217;128;909
908;413594;103171;4;910
909;414504;24329;17;911
910;415415;414503;1;912
911;416327;3919;106;913
912;417240;2021;206;914
913;418154;417239;1;915
914;419069;1543;271;916
915;419985;8059;52;917
916;420902;26249;16;918
917;421820;32377;13;919
918;422739;2831;149;920
919;423659;211369;2;921
920;424580;4507;94;922
921;425502;6337;67;923
922;426425;425501;1;924
923;427349;1208;353;925
924;428274;5623;76;926
925;429200;428273;1;927
926;430127;25247;17;928
927;431055;215063;2;929
928;431984;1534;281;930
929;432914;431983;1;931
930;433845;33301;13;932
931;434777;108461;4;933
932;435710;54347;8;934
933;436644;435709;1;935
934;437579;1699;257;936
935;438515;1597;274;937
936;439452;5099;86;938
937;440390;1919;229;939
938;441329;440389;1;940
939;442269;27583;16;941
940;443210;110567;4;942
941;444152;1339;331;943
942;445095;444151;1;944
943;446039;1007;442;945
944;446984;223019;2;946
945;447930;446983;1;947
946;448877;3527;127;948
947;449825;1172;383;949
948;450774;14057;32;950
949;451724;5431;83;951
950;452675;451723;1;952
951;453627;226337;2;953
952;454580;226813;2;954
953;455534;454579;1;955
954;456489;6799;67;956
955;457445;1327;344;957
956;458402;988;463;958
957;459360;458401;1;959
958;460319;3617;127;960
959;461279;2773;166;961
960;462240;13567;34;962
961;463202;462239;1;963
962;464165;24379;19;964
963;465129;116041;4;965
964;466094;1097;424;966
965;467060;5237;89;967
966;468027;1301;359;968
967;468995;1222;383;969
968;469964;1114;421;970
969;470934;36151;13;971
970;471905;470933;1;972
971;472877;14747;32;973
972;473850;118219;4;974
973;474824;473849;1;975
974;475799;1039;457;976
975;476775;1318;361;977
976;477752;1069;446;978
977;478730;2669;179;979
978;479709;478729;1;980
979;480689;2789;172;981
980;481670;2311;208;982
981;482652;1919;251;983
982;483635;1781;271;984
983;484619;241817;2;985
984;485604;242309;2;986
985;486590;485603;1;987
986;487577;486589;1;988
987;488565;1033;472;989
988;489554;1823;268;990
989;490544;489553;1;991
990;491535;490543;1;992
991;492527;1373;358;993
992;493520;2767;178;994
993;494514;37963;13;995
994;495509;1531;323;996
995;496505;1466;338;997
996;497502;1171;424;998
997;498500;497501;1;999
998;499499;11593;43;1000
999;500499;249749;2;1001
1000;501500;13171;38;1002
1001;502502;501499;1;1003
1002;503505;502501;1;1004
1003;504509;31469;16;1005
1004;505514;126127;4;1006
1005;506520;505513;1;1007
1006;507527;10777;47;1008
1007;508535;253763;2;1009
1008;509544;19559;26;1010
1009;510554;509543;1;1011
1010;511565;510553;1;1012
1011;512577;7523;68;1013
1012;513590;8009;64;1014
1013;514604;27031;19;1015
1014;515619;10949;47;1016
1015;516635;2503;206;1017
1016;517652;258317;2;1018
1017;518670;9767;53;1019
1018;519689;3481;149;1020
1019;520709;1052;494;1021
1020;521730;1396;373;1022
1021;522752;7787;67;1023
1022;523775;12157;43;1024
1023;524799;261887;2;1025
1024;525824;262399;2;1026
1025;526850;2753;191;1027
1026;527877;2099;251;1028
1027;528905;131969;4;1029
1028;529934;3889;136;1030
1029;530964;529933;1;1031
1030;531995;2381;223;1032
1031;533027;1154;461;1033
1032;534060;1079;494;1034
1033;535094;534059;1;1035
1034;536129;41161;13;1036
1035;537165;8377;64;1037
1036;538202;134291;4;1038
1037;539240;538201;1;1039
1038;540279;1919;281;1040
1039;541319;1789;302;1041
1040;542360;270659;2;1042
1041;543402;12613;43;1043
1042;544445;6547;83;1044
1043;545489;136111;4;1045
1044;546534;1324;412;1046
1045;547580;2473;221;1047
1046;548627;9281;59;1048
1047;549675;21101;26;1049
1048;550724;274837;2;1050
1049;551774;10391;53;1051
1050;552825;551773;1;1052
1051;553877;3637;152;1053
1052;554930;138469;4;1054
1053;555984;11807;47;1055
1054;557039;6247;89;1056
1055;558095;4157;134;1057
1056;559152;279047;2;1058
1057;560210;29429;19;1059
1058;561269;43093;13;1060
1059;562329;140317;4;1061
1060;563390;5407;104;1062
1061;564452;11987;47;1063
1062;565515;33203;17;1064
1063;566579;1801;314;1065
1064;567644;283289;2;1066
1065;568710;1849;307;1067
1066;569777;568709;1;1068
1067;570845;1192;478;1069
1068;571914;142711;4;1070
1069;572984;1291;443;1071
1070;574055;10811;53;1072
1071;575127;22079;26;1073
1072;576200;2099;274;1074
1073;577274;1651;349;1075
1074;578349;3823;151;1076
1075;579425;1514;382;1077
1076;580502;1906;304;1078
1077;581580;9839;59;1079
1078;582659;581579;1;1080
1079;583739;17137;34;1081
1080;584820;291869;2;1082
1081;585902;6571;89;1083
1082;586985;5801;101;1084
1083;588069;1228;478;1085
1084;589154;1118;526;1086
1085;590240;4639;127;1087
1086;591327;45403;13;1088
1087;592415;295663;2;1089
1088;593504;4421;134;1090
1089;594594;31237;19;1091
1090;595685;594593;1;1092
1091;596777;148921;4;1093
1092;597870;74597;8;1094
1093;598964;597869;1;1095
1094;600059;598963;1;1096
1095;601155;15791;38;1097
1096;602252;17681;34;1098
1097;603350;46327;13;1099
1098;604449;603349;1;1100
1099;605549;1453;416;1101
1100;606650;3221;188;1102
1101;607752;606649;1;1103
1102;608855;11467;53;1104
1103;609959;2078;293;1105
1104;611064;304979;2;1106
1105;612170;10357;59;1107
1106;613277;612169;1;1108
1107;614385;153319;4;1109
1108;615494;1634;376;1110
1109;616604;615493;1;1111
1110;617715;47431;13;1112
1111;618827;308857;2;1113
1112;619940;23801;26;1114
1113;621054;36467;17;1115
1114;622169;32687;19;1116
1115;623285;1874;332;1117
1116;624402;155821;4;1118
1117;625520;624401;1;1119
1118;626639;6073;103;1120
1119;627759;2287;274;1121
1120;628880;313879;2;1122
1121;630002;2447;257;1123
1122;631125;9403;67;1124
1123;632249;1378;458;1125
1124;633374;79031;8;1126
1125;634500;7631;83;1127
1126;635627;634499;1;1128
1127;636755;1634;389;1129
1128;637884;318377;2;1130
1129;639014;637883;1;1131
1130;640145;37589;17;1132
1131;641277;40009;16;1133
1132;642410;160319;4;1134
1133;643544;33811;19;1135
1134;644679;4099;157;1136
1135;645815;322339;2;1137
1136;646952;1534;421;1138
1137;648090;1237;523;1139
1138;649229;49853;13;1140
1139;650369;1607;404;1141
1140;651510;5081;128;1142
1141;652652;651509;1;1143
1142;653795;652651;1;1144
1143;654939;3673;178;1145
1144;656084;327469;2;1146
1145;657230;1481;443;1147
1146;658377;34591;19;1148
1147;659525;1598;412;1149
1148;660674;164881;4;1150
1149;661824;50821;13;1151
1150;662975;661823;1;1152
1151;664127;1186;559;1153
1152;665280;17477;38;1154
1153;666434;665279;1;1155
1154;667589;666433;1;1156
1155;668745;2491;268;1157
1156;669902;1432;467;1158
1157;671060;669901;1;1159
1158;672219;671059;1;1160
1159;673379;336109;2;1161
1160;674540;336689;2;1162
1161;675702;674539;1;1163
1162;676865;51977;13;1164
1163;678029;1322;512;1165
1164;679194;1534;442;1166
1165;680360;35747;19;1167
1166;681527;2971;229;1168
1167;682695;2287;298;1169
1168;683864;341347;2;1170
1169;685034;683863;1;1171
1170;686205;3827;179;1172
1171;687377;9029;76;1173
1172;688550;42961;16;1174
1173;689724;1223;563;1175
1174;690899;689723;1;1176
1175;692075;26573;26;1177
1176;693252;6529;106;1178
1177;694430;53327;13;1179
1178;695609;1487;467;1180
1179;696789;86951;8;1181
1180;697970;174197;4;1182
1181;699152;41057;17;1183
1182;700335;699151;1;1184
1183;701519;3467;202;1185
1184;702704;18461;38;1186
1185;703890;2593;271;1187
1186;705077;1721;409;1188
1187;706265;1436;491;1189
1188;707454;6791;104;1190
1189;708644;10559;67;1191
1190;709835;1963;361;1192
1191;711027;1381;514;1193
1192;712220;355513;2;1194
1193;713414;712219;1;1195
1194;714609;2021;353;1196
1195;715805;1514;472;1197
1196;717002;178951;4;1198
1197;718200;717001;1;1199
1198;719399;1411;509;1200
1199;720599;1613;446;1201
1200;721800;2837;254;1202
1201;723002;4271;169;1203
1202;724205;15383;47;1204
1203;725409;1466;494;1205
1204;726614;22669;32;1206
1205;727820;1277;569;1207
1206;729027;1871;389;1208
1207;730235;364513;2;1209
1208;731444;4399;166;1210
1209;732654;2603;281;1211
1210;733865;732653;1;1212
1211;735077;91733;8;1213
1212;736290;1447;508;1214
1213;737504;17123;43;1215
1214;738719;56731;13;1216
1215;739935;21727;34;1217
1216;741152;1937;382;1218
1217;742370;1987;373;1219
1218;743589;742369;1;1220
1219;744809;185897;4;1221
1220;746030;1256;593;1222
1221;747252;7243;103;1223
1222;748475;1273;587;1224
1223;749699;6343;118;1225
1224;750924;374849;2;1226
1225;752150;4973;151;1227
1226;753377;752149;1;1228
1227;754605;1811;416;1229
1228;755834;9929;76;1230
1229;757064;14261;53;1231
1230;758295;757063;1;1232
1231;759527;379147;2;1233
1232;760760;1513;502;1234
1233;761994;760759;1;1235
1234;763229;761993;1;1236
1235;764465;190807;4;1237
1236;765702;47779;16;1238
1237;766940;17807;43;1239
1238;768179;766939;1;1240
1239;769419;384089;2;1241
1240;770660;1313;586;1242
1241;771902;16397;47;1243
1242;773145;59377;13;1244
1243;774389;96643;8;1245
1244;775634;193597;4;1246
1245;776880;775633;1;1247
1246;778127;776879;1;1248
1247;779375;20477;38;1249
1248;780624;389687;2;1250
1249;781874;16609;47;1251
1250;783125;7591;103;1252
1251;784377;195781;4;1253
1252;785630;98047;8;1254
1253;786884;2899;271;1255
1254;788139;13337;59;1256
1255;789395;30313;26;1257
1256;790652;2881;274;1258
1257;791910;790651;1;1259
1258;793169;791909;1;1260
1259;794429;1424;557;1261
1260;795690;10453;76;1262
1261;796952;15013;53;1263
1262;798215;796951;1;1264
1263;799479;399107;2;1265
1264;800744;399739;2;1266
1265;802010;800743;1;1267
1266;803277;2483;323;1268
1267;804545;1636;491;1269
1268;805814;1934;416;1270
1269;807084;1861;433;1271
1270;808355;807083;1;1272
1271;809627;404177;2;1273
1272;810900;2446;331;1274
1273;812174;1759;461;1275
1274;813449;812173;1;1276
1275;814725;101681;8;1277
1276;816002;1412;577;1278
1277;817280;3251;251;1279
1278;818559;817279;1;1280
1279;819839;1657;494;1281
1280;821120;9533;86;1282
1281;822402;9893;83;1283
1282;823685;3127;263;1284
1283;824969;12113;68;1285
1284;826254;2042;404;1286
1285;827540;43487;19;1287
1286;828827;827539;1;1288
1287;830115;414413;2;1289
1288;831404;8831;94;1290
1289;832694;12409;67;1291
1290;833985;832693;1;1292
1291;835277;1328;628;1293
1292;836570;16063;52;1294
1293;837864;836569;1;1295
1294;839159;64451;13;1296
1295;840455;419579;2;1297
1296;841752;8941;94;1298
1297;843050;841751;1;1299
1298;844349;44371;19;1300
1299;845649;4909;172;1301
1300;846950;3109;272;1302
1301;848252;846949;1;1303
1302;849555;848251;1;1304
1303;850859;424777;2;1305
1304;852164;22391;38;1306
1305;853470;65551;13;1307
1306;854777;3571;239;1308
1307;856085;8219;104;1309
1308;857394;214021;4;1310
1309;858704;857393;1;1311
1310;860015;1879;457;1312
1311;861327;430007;2;1313
1312;862640;430663;2;1314
1313;863954;14621;59;1315
1314;865269;16301;53;1316
1315;866585;216317;4;1317
1316;867902;1454;596;1318
1317;869220;2687;323;1319
1318;870539;66863;13;1320
1319;871859;1549;562;1321
1320;873180;33533;26;1322
1321;874502;9811;89;1323
1322;875825;3659;239;1324
1323;877149;1634;536;1325
1324;878474;2129;412;1326
1325;879800;2447;359;1327
1326;881127;879799;1;1328
1327;882455;3469;254;1329
1328;883784;2038;433;1330
1329;885114;883783;1;1331
1330;886445;2311;383;1332
1331;887777;17047;52;1333
1332;889110;27743;32;1334
1333;890444;5261;169;1335
1334;891779;52379;17;1336
1335;893115;2491;358;1337
1336;894452;2474;361;1338
1337;895790;894451;1;1339
1338;897129;895789;1;1340
1339;898469;1766;508;1341
1340;899810;224617;4;1342
1341;901152;5959;151;1343
1342;902495;20957;43;1344
1343;903839;9601;94;1345
1344;905184;34763;26;1346
1345;906530;905183;1;1347
1346;907877;1781;509;1348
1347;909225;1726;526;1349
1348;910574;2554;356;1350
1349;911924;5087;179;1351
1350;913275;2381;383;1352
1351;914627;26861;34;1353
1352;915980;1997;458;1354
1353;917334;8893;103;1355
1354;918689;917333;1;1356
1355;920045;1511;608;1357
1356;921402;3433;268;1358
1357;922760;70877;13;1359
1358;924119;1993;463;1360
1359;925479;35543;26;1361
1360;926840;462739;2;1362
1361;928202;48781;19;1363
1362;929565;1471;631;1364
1363;930929;232391;4;1365
1364;932294;1402;664;1366
1365;933660;6257;149;1367
1366;935027;21713;43;1368
1367;936395;8821;106;1369
1368;937764;27541;34;1370
1369;939134;2687;349;1371
1370;940505;5557;169;1372
1371;941877;117563;8;1373
1372;943250;1534;614;1374
1373;944624;943249;1;1375
1374;945999;1577;599;1376
1375;947375;1429;662;1377
1376;948752;3137;302;1378
1377;950130;6043;157;1379
1378;951509;3697;257;1380
1379;952889;237877;4;1381
1380;954270;6269;152;1382
1381;955652;954269;1;1383
1382;957035;20333;47;1384
1383;958419;36809;26;1385
1384;959804;479209;2;1386
1385;961190;1717;559;1387
1386;962577;961189;1;1388
1387;963965;60161;16;1389
1388;965354;4547;212;1390
1389;966744;2293;421;1391
1390;968135;3149;307;1392
1391;969527;484067;2;1393
1392;970920;484763;2;1394
1393;972314;2603;373;1395
1394;973709;972313;1;1396
1395;975105;2126;458;1397
1396;976502;1664;586;1398
1397;977900;976501;1;1399
1398;979299;75223;13;1400
1399;980699;25771;38;1401
1400;982100;8311;118;1402
1401;983502;982099;1;1403
1402;984905;57853;17;1404
1403;986309;123113;8;1405
1404;987714;246577;4;1406
1405;989120;987713;1;1407
1406;990527;989119;1;1408
1407;991935;2593;382;1409
1408;993344;495967;2;1410
1409;994754;1777;559;1411
1410;996165;11177;89;1412
1411;997577;19157;52;1413
1412;998990;6563;152;1414
1413;1000404;998989;1;1415
1414;1001819;1000403;1;1416
1415;1003235;500909;2;1417
1416;1004652;501617;2;1418
1417;1006070;1004651;1;1419
1418;1007489;52951;19;1420
1419;1008909;1852;544;1421
1420;1010330;4759;212;1422
1421;1011752;1010329;1;1423
1422;1013175;2899;349;1424
1423;1014599;7561;134;1425
1424;1016024;39023;26;1426
1425;1017450;1016023;1;1427
1426;1018877;1017449;1;1428
1427;1020305;2473;412;1429
1428;1021734;1483;688;1430
1429;1023164;21739;47;1431
1430;1024595;1023163;1;1432
1431;1026027;2242;457;1433
1432;1027460;513013;2;1434
1433;1028894;1027459;1;1435
1434;1030329;1028893;1;1436
1435;1031765;9907;104;1437
1436;1033202;15173;68;1438
1437;1034640;1691;611;1439
1438;1036079;1034639;1;1440
1439;1037519;1478;701;1441
1440;1038960;518759;2;1442
1441;1040402;19603;53;1443
1442;1041845;10301;101;1444
1443;1043289;260461;4;1445
1444;1044734;130411;8;1446
1445;1046180;1044733;1;1447
1446;1047627;1046179;1;1448
1447;1049075;6311;166;1449
1448;1050524;2041;514;1450
1449;1051974;1050523;1;1451
1450;1053425;4259;247;1452
1451;1054877;65839;16;1453
1452;1056330;6133;172;1454
1453;1057784;62137;17;1455
1454;1059239;8329;127;1456
1455;1060695;529619;2;1457
1456;1062152;1957;542;1458
1457;1063610;5561;191;1459
1458;1065069;1063609;1;1460
1459;1066529;4513;236;1461
1460;1067990;33329;32;1462
1461;1069452;82153;13;1463
1462;1070915;1069451;1;1464
1463;1072379;41189;26;1465
1464;1073844;536189;2;1466
1465;1075310;7207;149;1467
1466;1076777;8467;127;1468
1467;1078245;134597;8;1469
1468;1079714;269561;4;1470
1469;1081184;56827;19;1471
1470;1082655;63599;17;1472
1471;1084127;12589;86;1473
1472;1085600;542063;2;1474
1473;1087074;20483;53;1475
1474;1088549;83621;13;1476
1475;1090025;14323;76;1477
1476;1091502;1784;611;1478
1477;1092980;2087;523;1479
1478;1094459;1783;613;1480
1479;1095939;547229;2;1481
1480;1097420;1658;661;1482
1481;1098902;1097419;1;1483
1482;1100385;1098901;1;1484
1483;1101869;2008;548;1485
1484;1103354;5861;188;1486
1485;1104840;1103353;1;1487
1486;1106327;10939;101;1488
1487;1107815;2503;442;1489
1488;1109304;29153;38;1490
1489;1110794;85331;13;1491
1490;1112285;3953;281;1492
1491;1113777;278071;4;1493
1492;1115270;1844;604;1494
1493;1116764;1115269;1;1495
1494;1118259;21071;53;1496
1495;1119755;13003;86;1497
1496;1121252;559877;2;1498
1497;1122750;1733;647;1499
1498;1124249;1122749;1;1500
1499;1125749;1579;712;1501
1500;1127250;21649;52;1502
1501;1128752;1127249;1;1503
1502;1130255;6679;169;1504
1503;1131759;565127;2;1505
1504;1133264;33287;34;1506
1505;1134770;1133263;1;1507
1506;1136277;1134769;1;1508
1507;1137785;14951;76;1509
1508;1139294;142223;8;1510
1509;1140804;1139293;1;1511
1510;1142315;1140803;1;1512
1511;1143827;571157;2;1513
1512;1145340;2582;443;1514
1513;1146854;4637;247;1515
1514;1148369;6407;179;1516
1515;1149885;5521;208;1517
1516;1151402;1556;739;1518
1517;1152920;1151401;1;1519
1518;1154439;19541;59;1520
1519;1155959;577219;2;1521
1520;1157480;577979;2;1522
1521;1159002;68087;17;1523
1522;1160525;1159001;1;1524
1523;1162049;6173;188;1525
1524;1163574;2144;542;1526
1525;1165100;2089;557;1527
1526;1166627;1691;689;1528
1527;1168155;3863;302;1529
1528;1169684;2327;502;1530
1529;1171214;1169683;1;1531
1530;1172745;8549;137;1532
1531;1174277;3119;376;1533
1532;1175810;15451;76;1534
1533;1177344;4013;293;1535
1534;1178879;7499;157;1536
1535;1180415;589439;2;1537
1536;1181952;590207;2;1538
1537;1183490;1181951;1;1539
1538;1185029;1619;731;1540
1539;1186569;1753;676;1541
1540;1188110;1787;664;1542
1541;1189652;91393;13;1543
1542;1191195;1189651;1;1544
1543;1192739;5897;202;1545
1544;1194284;596369;2;1546
1545;1195830;4541;263;1547
1546;1197377;3331;359;1548
1547;1198925;1696;706;1549
1548;1200474;299731;4;1550
1549;1202024;20347;59;1551
1550;1203575;1202023;1;1552
1551;1205127;1667;722;1553
1552;1206680;46351;26;1554
1553;1208234;1206679;1;1555
1554;1209789;92941;13;1556
1555;1211345;17791;68;1557
1556;1212902;75709;16;1558
1557;1214460;2881;421;1559
1558;1216019;1214459;1;1560
1559;1217579;5903;206;1561
1560;1219140;608789;2;1562
1561;1220702;5101;239;1563
1562;1222265;1220701;1;1564
1563;1223829;152783;8;1565
1564;1225394;16103;76;1566
1565;1226960;94261;13;1567
1566;1228527;1226959;1;1568
1567;1230095;47251;26;1569
1568;1231664;615047;2;1570
1569;1233234;1231663;1;1571
1570;1234805;26239;47;1572
1571;1236377;308701;4;1573
1572;1237950;9091;136;1574
1573;1239524;1237949;1;1575
1574;1241099;1239523;1;1576
1575;1242675;620549;2;1577
1576;1244252;621337;2;1578
1577;1245830;21089;59;1579
1578;1247409;2039;611;1580
1579;1248989;2942;424;1581
1580;1250570;24019;52;1582
1581;1252152;5461;229;1583
1582;1253735;1252151;1;1584
1583;1255319;32993;38;1585
1584;1256904;627659;2;1586
1585;1258490;1256903;1;1587
1586;1260077;2053;613;1588
1587;1261665;3119;404;1589
1588;1263254;1772;712;1590
1589;1264844;3911;323;1591
1590;1266435;3391;373;1592
1591;1268027;1742;727;1593
1592;1269620;634013;2;1594
1593;1271214;1651;769;1595
1594;1272809;1271213;1;1596
1595;1274405;1636;778;1597
1596;1276002;318601;4;1598
1597;1277600;1276001;1;1599
1598;1279199;6689;191;1600
1599;1280799;639599;2;1601
1600;1282400;2279;562;1602
1601;1284002;1282399;1;1603
1602;1285605;67579;19;1604
1603;1287209;1942;662;1605
1604;1288814;12377;104;1606
1605;1290420;8209;157;1607
1606;1292027;5839;221;1608
1607;1293635;646013;2;1609
1608;1295244;2242;577;1610
1609;1296854;1295243;1;1611
1610;1298465;4931;263;1612
1611;1300077;40577;32;1613
1612;1301690;325019;4;1614
1613;1303304;15683;83;1615
1614;1304919;8747;149;1616
1615;1306535;7331;178;1617
1616;1308152;653267;2;1618
1617;1309770;2141;611;1619
1618;1311389;1309769;1;1620
1619;1313009;25219;52;1621
1620;1314630;2192;599;1622
1621;1316252;69191;19;1623
1622;1317875;1316251;1;1624
1623;1319499;2822;467;1625
1624;1321124;2881;458;1626
1625;1322750;28109;47;1627
1626;1324377;1322749;1;1628
1627;1326005;8713;152;1629
1628;1327634;331501;4;1630
1629;1329264;3761;353;1631
1630;1330895;102251;13;1632
1631;1332527;665447;2;1633
1632;1334160;1934;689;1634
1633;1335794;12953;103;1635
1634;1337429;2027;659;1636
1635;1339065;2602;514;1637
1636;1340702;2837;472;1638
1637;1342340;1340701;1;1639
1638;1343979;1342339;1;1640
1639;1345619;2362;569;1641
1640;1347260;2083;646;1642
1641;1348902;2393;563;1643
1642;1350545;1348901;1;1644
1643;1352189;1963;688;1645
1644;1353834;3347;404;1646
1645;1355480;2899;467;1647
1646;1357127;71341;19;1648
1647;1358775;678563;2;1649
1648;1360424;3557;382;1650
1649;1362074;1360423;1;1651
1650;1363725;1709;797;1652
1651;1365377;340931;4;1653
1652;1367030;10667;128;1654
1653;1368684;25793;53;1655
1654;1370339;1368683;1;1656
1655;1371995;685169;2;1657
1656;1373652;52769;26;1658
1657;1375310;80803;17;1659
1658;1376969;20527;67;1660
1659;1378629;9059;152;1661
1660;1380290;2092;659;1662
1661;1381952;1380289;1;1663
1662;1383615;13417;103;1664
1663;1385279;4643;298;1665
1664;1386944;14737;94;1666
1665;1388610;72997;19;1667
1666;1390277;1388609;1;1668
1667;1391945;2537;548;1669
1668;1393614;173993;8;1670
1669;1395284;107201;13;1671
1670;1396955;1395283;1;1672
1671;1398627;4133;338;1673
1672;1400300;14879;94;1674
1673;1401974;1400299;1;1675
1674;1403649;82469;17;1676
1675;1405325;5483;256;1677
1676;1407002;1718;818;1678
1677;1408680;15809;89;1679
1678;1410359;2869;491;1680
1679;1412039;2297;614;1681
1680;1413720;706019;2;1682
1681;1415402;1413719;1;1683
1682;1417085;108877;13;1684
1683;1418769;354271;4;1685
1684;1420454;1976;718;1686
1685;1422140;26801;53;1687
1686;1423827;33073;43;1688
1687;1425515;711913;2;1689
1688;1427204;7057;202;1690
1689;1428894;4871;293;1691
1690;1430585;1428893;1;1692
1691;1432277;2278;628;1693
1692;1433970;358069;4;1694
1693;1435664;8011;179;1695
1694;1437359;1435663;1;1696
1695;1439055;1874;767;1697
1696;1440752;8669;166;1698
1697;1442450;3991;361;1699
1698;1444149;1442449;1;1700
1699;1445849;3238;446;1701
1700;1447550;180731;8;1702
1701;1449252;1447549;1;1703
1702;1450955;3347;433;1704
1703;1452659;38183;38;1705
1704;1454364;8161;178;1706
1705;1456070;5659;257;1707
1706;1457777;4399;331;1708
1707;1459485;2036;716;1709
1708;1461194;2159;676;1710
1709;1462904;1461193;1;1711
1710;1464615;2617;559;1712
1711;1466327;15581;94;1713
1712;1468040;2498;587;1714
1713;1469754;3833;383;1715
1714;1471469;1469753;1;1716
1715;1473185;367867;4;1717
1716;1474902;2423;608;1718
1717;1476620;1474901;1;1719
1718;1478339;4231;349;1720
1719;1480059;15727;94;1721
1720;1481780;5827;254;1722
1721;1483502;113983;13;1723
1722;1485225;78079;19;1724
1723;1486949;14281;104;1725
1724;1488674;371737;4;1726
1725;1490400;22219;67;1727
1726;1492127;25261;59;1728
1727;1493855;2753;542;1729
1728;1495584;2038;733;1730
1729;1497314;34781;43;1731
1730;1499045;1497313;1;1732
1731;1500777;374761;4;1733
1732;1502510;187597;8;1734
1733;1504244;3923;383;1735
1734;1505979;3263;461;1736
1735;1507715;39631;38;1737
1736;1509452;2678;563;1738
1737;1511190;2333;647;1739
1738;1512929;28513;53;1740
1739;1514669;47279;32;1741
1740;1516410;378667;4;1742
1741;1518152;79811;19;1743
1742;1519895;89303;17;1744
1743;1521639;759947;2;1745
1744;1523384;2566;593;1746
1745;1525130;15083;101;1747
1746;1526877;1973;773;1748
1747;1528625;29363;52;1749
1748;1530374;95539;16;1750
1749;1532124;117721;13;1751
1750;1533875;1532123;1;1752
1751;1535627;766937;2;1753
1752;1537380;767813;2;1754
1753;1539134;35753;43;1755
1754;1540889;26087;59;1756
1755;1542645;192611;8;1757
1756;1544402;385661;4;1758
1757;1546160;11273;137;1759
1758;1547919;3149;491;1760
1759;1549679;1802;859;1761
1760;1551440;3137;494;1762
1761;1553202;3583;433;1763
1762;1554965;2041;761;1764
1763;1556729;2609;596;1765
1764;1558494;194591;8;1766
1765;1560260;15131;103;1767
1766;1562027;4183;373;1768
1767;1563795;3418;457;1769
1768;1565564;781897;2;1770
1769;1567334;1565563;1;1771
1770;1569105;1567333;1;1772
1771;1570877;2248;698;1773
1772;1572650;9133;172;1774
1773;1574424;6367;247;1775
1774;1576199;2767;569;1776
1775;1577975;60623;26;1777
1776;1579752;46411;34;1778
1777;1581530;1579751;1;1779
1778;1583309;1581529;1;1780
1779;1585089;3154;502;1781
1780;1586870;24767;64;1782
1781;1588652;1586869;1;1783
1782;1590435;1588651;1;1784
1783;1592219;795217;2;1785
1784;1594004;3331;478;1786
1785;1595790;27017;59;1787
1786;1597577;122753;13;1788
1787;1599365;199697;8;1789
1788;1601154;30757;52;1790
1789;1602944;8383;191;1791
1790;1604735;1602943;1;1792
1791;1606527;15139;106;1793
1792;1608320;2546;631;1794
1793;1610114;18071;89;1795
1794;1611909;10663;151;1796
1795;1613705;2974;542;1797
1796;1615502;4691;344;1798
1797;1617300;1615501;1;1799
1798;1619099;85121;19;1800
1799;1620899;62273;26;1801
1800;1622700;3391;478;1802
1801;1624502;124823;13;1803
1802;1626305;1624501;1;1804
1803;1628109;25411;64;1805
1804;1629914;2971;548;1806
1805;1631720;34679;47;1807
1806;1633527;1631719;1;1808
1807;1635335;816763;2;1809
1808;1637144;3109;526;1810
1809;1638954;2789;587;1811
1810;1640765;3893;421;1812
1811;1642577;21589;76;1813
1812;1644390;1937;848;1814
1813;1646204;2773;593;1815
1814;1648019;126631;13;1816
1815;1649835;19163;86;1817
1816;1651652;2962;557;1818
1817;1653470;86929;19;1819
1818;1655289;1653469;1;1820
1819;1657109;206911;8;1821
1820;1658930;414277;4;1822
1821;1660752;3583;463;1823
1822;1662575;1660751;1;1824
1823;1664399;831287;2;1825
1824;1666224;2518;661;1826
1825;1668050;1913;871;1827
1826;1669877;5693;293;1828
1827;1671705;1889;884;1829
1828;1673534;208963;8;1830
1829;1675364;11083;151;1831
1830;1677195;88177;19;1832
1831;1679027;838597;2;1833
1832;1680860;2218;757;1834
1833;1682694;1680859;1;1835
1834;1684529;1682693;1;1836
1835;1686365;2032;829;1837
1836;1688202;22189;76;1838
1837;1690040;1688201;1;1839
1838;1691879;130003;13;1840
1839;1693719;4429;382;1841
1840;1695560;5011;338;1842
1841;1697402;1695559;1;1843
1842;1699245;1697401;1;1844
1843;1701089;424811;4;1845
1844;1702934;1888;901;1846
1845;1704780;1702933;1;1847
1846;1706627;16879;101;1848
1847;1708475;6719;254;1849
1848;1710324;5441;314;1850
1849;1712174;90017;19;1851
1850;1714025;1712173;1;1852
1851;1715877;16481;104;1853
1852;1717730;9127;188;1854
1853;1719584;2977;577;1855
1854;1721439;1719583;1;1856
1855;1723295;3382;509;1857
1856;1725152;861647;2;1858
1857;1727010;1725151;1;1859
1858;1728869;40163;43;1860
1859;1730729;6451;268;1861
1860;1732590;4603;376;1862
1861;1734452;101917;17;1863
1862;1736315;20897;83;1864
1863;1738179;868157;2;1865
1864;1740044;66853;26;1866
1865;1741910;32831;53;1867
1866;1743777;133993;13;1868
1867;1745645;54493;32;1869
1868;1747514;1957;892;1870
1869;1749384;1747513;1;1871
1870;1751255;1749383;1;1872
1871;1753127;875627;2;1873
1872;1755000;4897;358;1874
1873;1756874;6673;263;1875
1874;1758749;92467;19;1876
1875;1760625;439687;4;1877
1876;1762502;110039;16;1878
1877;1764380;10429;169;1879
1878;1766259;103787;17;1880
1879;1768139;67933;26;1881
1880;1770020;884069;2;1882
1881;1771902;6299;281;1883
1882;1773785;3827;463;1884
1883;1775669;221723;8;1885
1884;1777554;443917;4;1886
1885;1779440;1777553;1;1887
1886;1781327;9941;179;1888
1887;1783215;46877;38;1889
1888;1785104;1951;914;1890
1889;1786994;1785103;1;1891
1890;1788885;17693;101;1892
1891;1790777;447221;4;1893
1892;1792670;2056;871;1894
1893;1794564;94351;19;1895
1894;1796459;13099;137;1896
1895;1798355;52837;34;1897
1896;1800252;899177;2;1898
1897;1802150;33967;53;1899
1898;1804049;1802149;1;1900
1899;1805949;2399;752;1901
1900;1807850;2558;706;1902
1901;1809752;42043;43;1903
1902;1811655;1809751;1;1904
1903;1813559;2362;767;1905
1904;1815464;906779;2;1906
1905;1817370;4667;389;1907
1906;1819277;95651;19;1908
1907;1821185;9677;188;1909
1908;1823094;3557;512;1910
1909;1825004;1823093;1;1911
1910;1826915;1825003;1;1912
1911;1828827;913457;2;1913
1912;1830740;2533;722;1914
1913;1832654;1830739;1;1915
1914;1834569;1832653;1;1916
1915;1836485;229321;8;1917
1916;1838402;35317;52;1918
1917;1840320;1838401;1;1919
1918;1842239;2671;689;1920
1919;1844159;5867;314;1921
1920;1846080;922079;2;1922
1921;1848002;1846079;1;1923
1922;1849925;8287;223;1924
1923;1851849;462481;4;1925
1924;1853774;231481;8;1926
1925;1855700;2269;817;1927
1926;1857627;27697;67;1928
1927;1859555;928813;2;1929
1928;1861484;929777;2;1930
1929;1863414;8423;221;1931
1930;1865345;1863413;1;1932
1931;1867277;1976;944;1933
1932;1869210;466819;4;1934
1933;1871144;1869209;1;1935
1934;1873079;5653;331;1936
1935;1875015;936539;2;1937
1936;1876952;2558;733;1938
1937;1878890;1876951;1;1939
1938;1880829;1878889;1;1940
1939;1882769;470207;4;1941
1940;1884710;117673;16;1942
1941;1886652;13757;137;1943
1942;1888595;18317;103;1944
1943;1890539;944297;2;1945
1944;1892484;2314;817;1946
1945;1894430;12533;151;1947
1946;1896377;2371;799;1948
1947;1898325;2347;808;1949
1948;1900274;474581;4;1950
1949;1902224;1900273;1;1951
1950;1904175;35891;53;1952
1951;1906127;952087;2;1953
1952;1908080;2518;757;1954
1953;1910034;4139;461;1955
1954;1911989;40639;47;1956
1955;1913945;2158;886;1957
1956;1915902;239243;8;1958
1957;1917860;147377;13;1959
1958;1919819;1917859;1;1960
1959;1921779;14327;134;1961
1960;1923740;960889;2;1962
1961;1925702;12911;149;1963
1962;1927665;7493;257;1964
1963;1929629;2584;746;1965
1964;1931594;482407;4;1966
1965;1933560;1931593;1;1967
1966;1935527;1933559;1;1968
1967;1937495;967763;2;1969
1968;1939464;3466;559;1970
1969;1941434;102077;19;1971
1970;1943405;149341;13;1972
1971;1945377;4717;412;1973
1972;1947350;60793;32;1974
1973;1949324;3251;599;1975
1974;1951299;15349;127;1976
1975;1953275;975649;2;1977
1976;1955252;976637;2;1978
1977;1957230;1955251;1;1979
1978;1959209;4649;421;1980
1979;1961189;244901;8;1981
1980;1963170;2567;764;1982
1981;1965152;151013;13;1983
1982;1967135;5567;353;1984
1983;1969119;75659;26;1985
1984;1971104;2531;778;1986
1985;1973090;7853;251;1987
1986;1975077;6427;307;1988
1987;1977065;11483;172;1989
1988;1979054;13007;152;1990
1989;1981044;1979053;1;1991
1990;1983035;33577;59;1992
1991;1985027;9817;202;1993
1992;1987020;992513;2;1994
1993;1989014;3149;631;1995
1994;1991009;153001;13;1996
1995;1993005;62219;32;1997
1996;1995002;38327;52;1998
1997;1997000;117353;17;1999
1998;1998999;7369;271;2000
1999;2000999;999499;2;2001
2000;2003000;3826;523;2002
2001;2005002;2243;893;2003
2002;2007005;2005001;1;2004
2003;2009009;9467;212;2005
2004;2011014;2456;818;2006
2005;2013020;12809;157;2007
2006;2015027;2013019;1;2008
2007;2017035;4079;494;2009
2008;2019044;1008517;2;2010
2009;2021054;2197;919;2011
2010;2023065;2021053;1;2012
2011;2025077;5881;344;2013
2012;2027090;506269;4;2014
2013;2029104;2027089;1;2015
2014;2031119;119359;17;2016
2015;2033135;1015559;2;2017
2016;2035152;1016567;2;2018
2017;2037170;2035151;1;2019
2018;2039189;2037169;1;2020
2019;2041209;509797;4;2021
2020;2043230;2066;988;2022
2021;2045252;34631;59;2023
2022;2047275;157327;13;2024
2023;2049299;4283;478;2025
2024;2051324;19333;106;2026
2025;2053350;2051323;1;2027
2026;2055377;30647;67;2028
2027;2057405;128461;16;2029
2028;2059434;6197;332;2030
2029;2061464;2161;953;2031
2030;2063495;8213;251;2032
2031;2065527;2329;886;2033
2032;2067560;1032763;2;2034
2033;2069594;23231;89;2035
2034;2071629;2069593;1;2036
2035;2073665;39839;52;2037
2036;2075702;32401;64;2038
2037;2077740;6271;331;2039
2038;2079779;25033;83;2040
2039;2081819;4351;478;2041
2040;2083860;22147;94;2042
2041;2085902;2083859;1;2043
2042;2087945;2741;761;2044
2043;2089989;2872;727;2045
2044;2092034;522497;4;2046
2045;2094080;20311;103;2047
2046;2096127;12391;169;2048
2047;2098175;1048063;2;2049
2048;2100224;2626;799;2050
2049;2102274;35597;59;2051
2050;2104325;2102273;1;2052
2051;2106377;2939;716;2053
2052;2108430;2248;937;2054
2053;2110484;2108429;1;2055
2054;2112539;49081;43;2056
2055;2114595;1056269;2;2057
2056;2116652;19949;106;2058
2057;2118710;2116651;1;2059
2058;2120769;5869;361;2060
2059;2122829;2549;832;2061
2060;2124890;5963;356;2062
2061;2126952;14261;149;2063
2062;2129015;2126951;1;2064
2063;2131079;1064507;2;2065
2064;2133144;56081;38;2066
2065;2135210;3043;701;2067
2066;2137277;7879;271;2068
2067;2139345;3062;698;2069
2068;2141414;133709;16;2070
2069;2143484;2141413;1;2071
2070;2145555;2143483;1;2072
2071;2147627;4079;526;2073
2072;2149700;82601;26;2074
2073;2151774;49993;43;2075
2074;2153849;20891;103;2076
2075;2155925;269231;8;2077
2076;2158002;3433;628;2078
2077;2160080;2143;1007;2079
2078;2162159;15767;137;2080
2079;2164239;1081079;2;2081
2080;2166320;18341;118;2082
2081;2168402;2166319;1;2083
2082;2170485;3893;557;2084
2083;2172569;28559;76;2085
2084;2174654;271571;8;2086
2085;2176740;5317;409;2087
2086;2178827;2176739;1;2088
2087;2180915;3566;611;2089
2088;2183004;1090457;2;2090
2089;2185094;17189;127;2091
2090;2187185;4679;467;2092
2091;2189277;2452;892;2093
2092;2191370;5419;404;2094
2093;2193464;32707;67;2095
2094;2195559;2193463;1;2096
2095;2197655;23357;94;2097
2096;2199752;2869;766;2098
2097;2201850;51157;43;2099
2098;2203949;169373;13;2100
2099;2206049;32411;68;2101
2100;2208150;5303;416;2102
2101;2210252;17387;127;2103
2102;2212355;116329;19;2104
2103;2214459;1106177;2;2105
2104;2216564;2566;863;2106
2105;2218670;2216563;1;2107
2106;2220777;2218669;1;2108
2107;2222885;277597;8;2109
2108;2224994;9419;236;2110
2109;2227104;41981;53;2111
2110;2229215;14947;149;2112
2111;2231327;2158;1033;2113
2112;2233440;2389;934;2114
2113;2235554;171803;13;2115
2114;2237669;2235553;1;2116
2115;2239785;29443;76;2117
2116;2241902;2924;766;2118
2117;2244020;2241901;1;2119
2118;2246139;2903;773;2120
2119;2248259;3833;586;2121
2120;2250380;3221;698;2122
2121;2252502;27113;83;2123
2122;2254625;25309;89;2124
2123;2256749;70457;32;2125
2124;2258874;43399;52;2126
2125;2261000;2258873;1;2127
2126;2263127;173923;13;2128
2127;2265255;16889;134;2129
2128;2267384;1132627;2;2130
2129;2269514;2267383;1;2131
2130;2271645;42821;53;2132
2131;2273777;3761;604;2133
2132;2275910;142111;16;2134
2133;2278044;133877;17;2135
2134;2280179;2551;893;2136
2135;2282315;2633;866;2137
2136;2284452;4339;526;2138
2137;2286590;175727;13;2139
2138;2288729;2286589;1;2140
2139;2290869;2984;767;2141
2140;2293010;2804;817;2142
2141;2295152;3469;661;2143
2142;2297295;2209;1039;2144
2143;2299439;1148647;2;2145
2144;2301584;3554;647;2146
2145;2303730;10321;223;2147
2146;2305877;2303729;1;2148
2147;2308025;576469;4;2149
2148;2310174;2801;824;2150
2149;2312324;8989;257;2151
2150;2314475;10463;221;2152
2151;2316627;1157237;2;2153
2152;2318780;89101;26;2154
2153;2320934;122041;19;2155
2154;2323089;2320933;1;2156
2155;2325245;145193;16;2157
2156;2327402;581311;4;2158
2157;2329560;2327401;1;2159
2158;2331719;2329559;1;2160
2159;2333879;2854;817;2161
2160;2336040;17417;134;2162
2161;2338202;2336039;1;2163
2162;2340365;8321;281;2164
2163;2342529;45007;52;2165
2164;2344694;18301;128;2166
2165;2346860;180361;13;2167
2166;2349027;2346859;1;2168
2167;2351195;2342;1003;2169
2168;2353364;8581;274;2170
2169;2355534;4793;491;2171
2170;2357705;2355533;1;2172
2171;2359877;3086;764;2173
2172;2362050;31051;76;2174
2173;2364224;2362049;1;2175
2174;2366399;2364223;1;2176
2175;2368575;1183199;2;2177
2176;2370752;91099;26;2178
2177;2372930;23017;103;2179
2178;2375109;3211;739;2180
2179;2377289;593777;4;2181
2180;2379470;297161;8;2182
2181;2381652;50627;47;2183
2182;2383835;2381651;1;2184
2183;2386019;2279;1046;2185
2184;2388204;70177;34;2186
2185;2390390;4139;577;2187
2186;2392577;2390389;1;2188
2187;2394765;4673;512;2189
2188;2396954;598691;4;2190
2189;2399144;3923;611;2191
2190;2401335;2399143;1;2192
2191;2403527;4861;494;2193
2192;2405720;2722;883;2194
2193;2407914;23819;101;2195
2194;2410109;5561;433;2196
2195;2412305;2614;922;2197
2196;2414502;150769;16;2198
2197;2416700;127079;19;2199
2198;2418899;40961;59;2200
2199;2421099;3946;613;2201
2200;2423300;1210549;2;2202
2201;2425502;142547;17;2203
2202;2427705;4339;559;2204
2203;2429909;303463;8;2205
2204;2432114;2252;1079;2206
2205;2434320;2432113;1;2207
2206;2436527;2434319;1;2208
2207;2438735;1218263;2;2209
2208;2440944;4286;569;2210
2209;2443154;2440943;1;2211
2210;2445365;2831;863;2212
2211;2447577;6869;356;2213
2212;2449790;305947;8;2214
2213;2452004;2449789;1;2215
2214;2454219;2452003;1;2216
2215;2456435;3562;689;2217
2216;2458652;2413;1018;2218
2217;2460870;189127;13;2219
2218;2463089;144757;17;2220
2219;2465309;2396;1028;2221
2220;2467530;616327;4;2222
2221;2469752;12919;191;2223
2222;2471975;2797;883;2224
2223;2474199;1235987;2;2225
2224;2476424;2707;914;2226
2225;2478650;2476423;1;2227
2226;2480877;2537;977;2228
2227;2483105;9257;268;2229
2228;2485334;2444;1016;2230
2229;2487564;130807;19;2231
2230;2489795;2327;1069;2232
2231;2492027;2957;842;2233
2232;2494260;1246013;2;2234
2233;2496494;15887;157;2235
2234;2498729;2496493;1;2236
2235;2500965;2584;967;2237
2236;2503202;2491;1004;2238
2237;2505440;2503201;1;2239
2238;2507679;28151;89;2240
2239;2509919;1253839;2;2241
2240;2512160;1254959;2;2242
2241;2514402;193243;13;2243
2242;2516645;2514401;1;2244
2243;2518889;48397;52;2245
2244;2521134;3518;716;2246
2245;2523380;58631;43;2247
2246;2525627;2523379;1;2248
2247;2527875;8363;302;2249
2248;2530124;66523;38;2250
2249;2532374;5153;491;2251
2250;2534625;25073;101;2252
2251;2536877;3076;824;2253
2252;2539130;37307;68;2254
2253;2541384;7193;353;2255
2254;2543639;10289;247;2256
2255;2545895;3442;739;2257
2256;2548152;97919;26;2258
2257;2550410;43189;59;2259
2258;2552669;2550409;1;2260
2259;2554929;4283;596;2261
2260;2557190;159683;16;2262
2261;2559452;38167;67;2263
2262;2561715;10709;239;2264
2263;2563979;1280857;2;2265
2264;2566244;3571;718;2266
2265;2568510;7753;331;2267
2266;2570777;2568509;1;2268
2267;2573045;2602;988;2269
2268;2575314;2809;916;2270
2269;2577584;3523;731;2271
2270;2579855;2577583;1;2272
2271;2582127;1289927;2;2273
2272;2584400;1291063;2;2274
2273;2586674;7159;361;2275
2274;2588949;2586673;1;2276
2275;2591225;4418;586;2277
2276;2593502;323903;8;2278
2277;2595780;31247;83;2279
2278;2598059;10861;239;2280
2279;2600339;1299029;2;2281
2280;2602620;2678;971;2282
2281;2604902;10369;251;2283
2282;2607185;17251;151;2284
2283;2609469;3467;752;2285
2284;2611754;2818;926;2286
2285;2614040;44267;59;2287
2286;2616327;8093;323;2288
2287;2618615;15761;166;2289
2288;2620904;30449;86;2290
2289;2623194;49451;53;2291
2290;2625485;2623193;1;2292
2291;2627777;656371;4;2293
2292;2630070;4322;608;2294
2293;2632364;3991;659;2295
2294;2634659;6767;389;2296
2295;2636955;101333;26;2297
2296;2639252;1318477;2;2298
2297;2641550;2639251;1;2299
2298;2643849;2641549;1;2300
2299;2646149;2348;1126;2301
2300;2648450;7433;356;2302
2301;2650752;2648449;1;2303
2302;2653055;2650751;1;2304
2303;2655359;78031;34;2305
2304;2657664;1327679;2;2306
2305;2659970;2603;1021;2307
2306;2662277;204613;13;2308
2307;2664585;665569;4;2309
2308;2666894;25621;104;2310
2309;2669204;3217;829;2311
2310;2671515;2669203;1;2312
2311;2673827;4351;614;2313
2312;2676140;31091;86;2314
2313;2678454;2676139;1;2315
2314;2680769;12011;223;2316
2315;2683085;41887;64;2317
2316;2685402;11369;236;2318
2317;2687720;2685401;1;2319
2318;2690039;3697;727;2320
2319;2692359;4082;659;2321
2320;2694680;79187;34;2322
2321;2697002;3911;689;2323
2322;2699325;57383;47;2324
2323;2701649;674831;4;2325
2324;2703974;8887;304;2326
2325;2706300;2703973;1;2327
2326;2708627;2467;1097;2328
2327;2710955;15217;178;2329
2328;2713284;20231;134;2330
2329;2715614;2713283;1;2331
2330;2717945;3041;893;2332
2331;2720277;7901;344;2333
2332;2722610;52313;52;2334
2333;2724944;9689;281;2335
2334;2727279;3419;797;2336
2335;2729615;3863;706;2337
2336;2731952;3659;746;2338
2337;2734290;4607;593;2339
2338;2736629;2734289;1;2340
2339;2738969;684157;4;2341
2340;2741310;342371;8;2342
2341;2743652;2741309;1;2343
2342;2745995;51767;53;2344
2343;2748339;2413;1138;2345
2344;2750684;23291;118;2346
2345;2753030;5941;463;2347
2346;2755377;2753029;1;2348
2347;2757725;2704;1019;2349
2348;2760074;689431;4;2350
2349;2762424;145267;19;2351
2350;2764775;2762423;1;2352
2351;2767127;13687;202;2353
2352;2769480;10099;274;2354
2353;2771834;2769479;1;2355
2354;2774189;26911;103;2356
2355;2776545;5461;508;2357
2356;2778902;86767;32;2358
2357;2781260;2778901;1;2359
2358;2783619;213943;13;2360
2359;2785979;9341;298;2361
2360;2788340;2582;1079;2362
2361;2790702;41617;67;2363
2362;2793065;3629;769;2364
2363;2795429;349133;8;2365
2364;2797794;2746;1018;2366
2365;2800160;2797793;1;2367
2366;2802527;2800159;1;2368
2367;2804895;1401263;2;2369
2368;2807264;4237;662;2370
2369;2809634;59729;47;2371
2370;2812005;33851;83;2372
2371;2814377;3181;884;2373
2372;2816750;351797;8;2374
2373;2819124;5057;557;2375
2374;2821499;53191;53;2376
2375;2823875;23911;118;2377
2376;2826252;1411937;2;2378
2377;2828630;60133;47;2379
2378;2831009;2828629;1;2380
2379;2833389;88469;32;2381
2380;2835770;708347;4;2382
2381;2838152;149251;19;2383
2382;2840535;2838151;1;2384
2383;2842919;13789;206;2385
2384;2845304;4394;647;2386
2385;2847690;2845303;1;2387
2386;2850077;219053;13;2388
2387;2852465;37501;76;2389
2388;2854854;10487;272;2390
2389;2857244;32077;89;2391
2390;2859635;18199;157;2392
2391;2862027;1429817;2;2393
2392;2864420;1431013;2;2394
2393;2866814;2864419;1;2395
2394;2869209;2866813;1;2396
2395;2871605;3551;808;2397
2396;2874002;2446;1174;2398
2397;2876400;221077;13;2399
2398;2878799;6493;443;2400
2399;2881199;3419;842;2401
2400;2883600;75821;38;2402
2401;2886002;2883599;1;2403
2402;2888405;8039;359;2404
2403;2890809;12239;236;2405
2404;2893214;361351;8;2406
2405;2895620;170189;17;2407
2406;2898027;4883;593;2408
2407;2900435;1449013;2;2409
2408;2902844;9733;298;2410
2409;2905254;16217;179;2411
2410;2907665;223481;13;2412
2411;2910077;181729;16;2413
2412;2912490;2483;1172;2414
2413;2914904;7121;409;2415
2414;2917319;6323;461;2416
2415;2919735;1458659;2;2417
2416;2922152;4183;698;2418
2417;2924570;67957;43;2419
2418;2926989;2924569;1;2420
2419;2929409;4054;722;2421
2420;2931830;11443;256;2422
2421;2934252;2931829;1;2423
2422;2936675;172603;17;2424
2423;2939099;4654;631;2425
2424;2941524;31267;94;2426
2425;2943950;11909;247;2427
2426;2946377;2943949;1;2428
2427;2948805;6949;424;2429
2428;2951234;11003;268;2430
2429;2953664;2951233;1;2431
2430;2956095;5119;577;2432
2431;2958527;1478047;2;2433
2432;2960960;1479263;2;2434
2433;2963394;19609;151;2435
2434;2965829;50227;59;2436
2435;2968265;741457;4;2437
2436;2970702;28541;104;2438
2437;2973140;2970701;1;2439
2438;2975579;12037;247;2440
2439;2978019;87517;34;2441
2440;2980460;1489009;2;2442
2441;2982902;69313;43;2443
2442;2985345;21773;137;2444
2443;2987789;2656;1124;2445
2444;2990234;39313;76;2446
2445;2992680;2711;1103;2447
2446;2995127;2992679;1;2448
2447;2997575;3758;797;2449
2448;3000024;28279;106;2450
2449;3002474;230771;13;2451
2450;3004925;3002473;1;2452
2451;3007377;57787;52;2453
2452;3009830;3722;808;2454
2453;3012284;36263;83;2455
2454;3014739;3012283;1;2456
2455;3017195;1507369;2;2457
2456;3019652;88741;34;2458
2457;3022110;29317;103;2459
2458;3024569;2843;1063;2460
2459;3027029;378071;8;2461
2460;3029490;17599;172;2462
2461;3031952;4133;733;2463
2462;3034415;3481;871;2464
2463;3036879;3398;893;2465
2464;3039344;116803;26;2466
2465;3041810;3039343;1;2467
2466;3044277;3041809;1;2468
2467;3046745;761069;4;2469
2468;3049214;380843;8;2470
2469;3051684;8737;349;2471
2470;3054155;24029;127;2472
2471;3056627;32491;94;2473
2472;3059100;1528313;2;2474
2473;3061574;179947;17;2475
2474;3064049;6911;443;2476
2475;3066525;14731;208;2477
2476;3069002;2983;1028;2478
2477;3071480;236077;13;2479
2478;3073959;34511;89;2480
2479;3076439;4013;766;2481
2480;3078920;29023;106;2482
2481;3081402;3078919;1;2483
2482;3083885;24263;127;2484
2483;3086369;770971;4;2485
2484;3088854;4486;688;2486
2485;3091340;4673;661;2487
2486;3093827;30013;103;2488
2487;3096315;6163;502;2489
2488;3098804;119089;26;2490
2489;3101294;22619;137;2491
2490;3103785;14033;221;2492
2491;3106277;387973;8;2493
2492;3108770;776569;4;2494
2493;3111264;52691;59;2495
2494;3113759;7607;409;2496
2495;3116255;2546;1223;2497
2496;3118752;15427;202;2498
2497;3121250;13619;229;2499
2498;3123749;3121249;1;2500
2499;3126249;4078;766;2501
2500;3128750;390781;8;2502
2501;3131252;3107;1007;2503
2502;3133755;3131251;1;2504
2503;3136259;2803;1118;2505
2504;3138764;1568129;2;2506
2505;3141270;35267;89;2507
2506;3143777;3141269;1;2508
2507;3146285;5779;544;2509
2508;3148794;5279;596;2510
2509;3151304;3148793;1;2511
2510;3153815;67049;47;2512
2511;3156327;1576907;2;2513
2512;3158840;4231;746;2514
2513;3161354;3158839;1;2515
2514;3163869;12799;247;2516
2515;3166385;790967;4;2517
2516;3168902;2704;1171;2518
2517;3171420;13259;239;2519
2518;3173939;67477;47;2520
2519;3176459;4106;773;2521
2520;3178980;83591;38;2522
2521;3181502;53881;59;2523
2522;3184025;3181501;1;2524
2523;3186549;3044;1046;2525
2524;3189074;46861;68;2526
2525;3191600;3189073;1;2527
2526;3194127;38453;83;2528
2527;3196655;2857;1118;2529
2528;3199184;1598327;2;2530
2529;3201714;3673;871;2531
2530;3204245;3201713;1;2532
2531;3206777;801061;4;2533
2532;3209310;3194;1004;2534
2533;3211844;3187;1007;2535
2534;3214379;3211843;1;2536
2535;3216915;3742;859;2537
2536;3219452;19379;166;2538
2537;3221990;14437;223;2539
2538;3224529;3221989;1;2540
2539;3227069;10607;304;2541
2540;3229610;2977;1084;2542
2541;3232152;189977;17;2543
2542;3234695;248627;13;2544
2543;3237239;1617347;2;2545
2544;3239784;1618619;2;2546
2545;3242330;3239783;1;2547
2546;3244877;75403;43;2548
2547;3247425;5167;628;2549
2548;3249974;50741;64;2550
2549;3252524;21523;151;2551
2550;3255075;3252523;1;2552
2551;3257627;1627537;2;2553
2552;3260180;2906;1121;2554
2553;3262734;17069;191;2555
2554;3265289;61561;53;2556
2555;3267845;31397;104;2557
2556;3270402;816961;4;2558
2557;3272960;7003;467;2559
2558;3275519;10133;323;2560
2559;3278079;1637759;2;2561
2560;3280640;15913;206;2562
2561;3283202;3280639;1;2563
2562;3285765;49003;67;2564
2563;3288329;821441;4;2565
2564;3290894;411041;8;2566
2565;3293460;70019;47;2567
2566;3296027;253343;13;2568
2567;3298595;18517;178;2569
2568;3301164;3809;866;2570
2569;3303734;3301163;1;2571
2570;3306305;76831;43;2572
2571;3308877;2719;1216;2573
2572;3311450;2762;1198;2574
2573;3314024;2677;1237;2575
2574;3316599;3413;971;2576
2575;3319175;97547;34;2577
2576;3321752;1659587;2;2578
2577;3324330;174829;19;2579
2578;3326909;3324329;1;2580
2579;3329489;3562;934;2581
2580;3332070;3527;944;2582
2581;3334652;256313;13;2583
2582;3337235;3334651;1;2584
2583;3339819;1668617;2;2585
2584;3342404;11059;302;2586
2585;3344990;3637;919;2587
2586;3347577;63113;53;2588
2587;3350165;418447;8;2589
2588;3352754;4679;716;2590
2589;3355344;4429;757;2591
2590;3357935;176597;19;2592
2591;3360527;7529;446;2593
2592;3363120;7603;442;2594
2593;3365714;3363119;1;2595
2594;3368309;2909;1157;2596
2595;3370905;842077;4;2597
2596;3373502;2648;1273;2598
2597;3376100;12827;263;2599
2598;3378699;3376099;1;2600
2599;3381299;3494;967;2601
2600;3383900;5507;614;2602
2601;3386502;3383899;1;2603
2602;3389105;18919;179;2604
2603;3391709;3056;1109;2605
2604;3394314;18041;188;2606
2605;3396920;261101;13;2607
2606;3399527;9623;353;2608
2607;3402135;4934;689;2609
2608;3404744;6277;542;2610
2609;3407354;10541;323;2611
2610;3409965;3407353;1;2612
2611;3412577;14449;236;2613
2612;3415190;4538;752;2614
2613;3417804;79423;43;2615
2614;3420419;12163;281;2616
2615;3423035;90011;38;2617
2616;3425652;1711517;2;2618
2617;3428270;3425651;1;2619
2618;3430889;3991;859;2620
2619;3433509;5167;664;2621
2620;3436130;66029;52;2622
2621;3438752;3436129;1;2623
2622;3441375;3438751;1;2624
2623;3443999;4793;718;2625
2624;3446624;2729;1262;2626
2625;3449250;2699;1277;2627
2626;3451877;25177;137;2628
2627;3454505;3986;866;2629
2628;3457134;22727;152;2630
2629;3459764;51599;67;2631
2630;3462395;3459763;1;2632
2631;3465027;133169;26;2633
2632;3467660;3698;937;2634
2633;3470294;22087;157;2635
2634;3472929;9613;361;2636
2635;3475565;108529;32;2637
2636;3478202;868891;4;2638
2637;3480840;3478201;1;2639
2638;3483479;3480839;1;2640
2639;3486119;3127;1114;2641
2640;3488760;1743059;2;2642
2641;3491402;3488759;1;2643
2642;3494045;3491401;1;2644
2643;3496689;51383;68;2645
2644;3499334;16811;208;2646
2645;3501980;3499333;1;2647
2646;3504627;269383;13;2648
2647;3507275;92227;38;2649
2648;3509924;1753637;2;2650
2649;3512574;3229;1087;2651
2650;3515225;3512573;1;2652
2651;3517877;9349;376;2653
2652;3520530;4178;842;2654
2653;3523184;185291;19;2655
2654;3525839;34883;101;2656
2655;3528495;1762919;2;2657
2656;3531152;3827;922;2658
2657;3533810;23699;149;2659
2658;3536469;3617;977;2660
2659;3539129;2894;1222;2661
2660;3541790;3604;982;2662
2661;3544452;3541789;1;2663
2662;3547115;13477;263;2664
2663;3549779;6901;514;2665
2664;3552444;4282;829;2666
2665;3555110;3552443;1;2667
2666;3557777;187111;19;2668
2667;3560445;222361;16;2669
2668;3563114;890111;4;2670
2669;3565784;4861;733;2671
2670;3568455;4649;767;2672
2671;3571127;1784227;2;2673
2672;3573800;7229;494;2674
2673;3576474;3573799;1;2675
2674;3579149;3576473;1;2676
2675;3581825;20809;172;2677
2676;3584502;27983;128;2678
2677;3587180;210853;17;2679
2678;3589859;3587179;1;2680
2679;3592539;1794929;2;2681
2680;3595220;1796269;2;2682
2681;3597902;7867;457;2683
2682;3600585;3597901;1;2684
2683;3603269;3112;1157;2685
2684;3605954;900817;4;2686
2685;3608640;3211;1123;2687
2686;3611327;3608639;1;2688
2687;3614015;1805663;2;2689
2688;3616704;5119;706;2690
2689;3619394;3616703;1;2691
2690;3622085;3619393;1;2692
2691;3624777;47659;76;2693
2692;3627470;4399;824;2694
2693;3630164;3627469;1;2695
2694;3632859;213539;17;2696
2695;3635555;1816429;2;2697
2696;3638252;4174;871;2698
2697;3640950;3638251;1;2699
2698;3643649;2773;1313;2700
2699;3646349;2752;1324;2701
2700;3649050;6037;604;2702
2701;3651752;3649049;1;2703
2702;3654455;43997;83;2704
2703;3657159;1827227;2;2705
2704;3659864;2983;1226;2706
2705;3662570;12491;293;2707
2706;3665277;7003;523;2708
2707;3667985;916319;4;2709
2708;3670694;229249;16;2710
2709;3673404;4849;757;2711
2710;3676115;193337;19;2712
2711;3678827;8317;442;2713
2712;3681540;1839413;2;2714
2713;3684254;69463;53;2715
2714;3686969;3684253;1;2716
2715;3689685;460871;8;2717
2716;3692402;6733;548;2718
2717;3695120;3692401;1;2719
2718;3697839;85933;43;2720
2719;3700559;1848919;2;2721
2720;3703280;1850279;2;2722
2721;3706002;3703279;1;2723
2722;3708725;21929;169;2724
2723;3711449;48799;76;2725
2724;3714174;3302;1124;2726
2725;3716900;7297;509;2727
2726;3719627;16231;229;2728
2727;3722355;1859813;2;2729
2728;3725084;109481;34;2730
2729;3727814;3323;1121;2731
2730;3730545;55639;67;2732
2731;3733277;233159;16;2733
2732;3736010;933319;4;2734
2733;3738744;14537;257;2735
2734;3741479;3738743;1;2736
2735;3744215;3926;953;2737
2736;3746952;14741;254;2738
2737;3749690;288227;13;2739
2738;3752429;14939;251;2740
2739;3755169;938107;4;2741
2740;3757910;3824;982;2742
2741;3760652;3757909;1;2743
2742;3763395;4603;817;2744
2743;3766139;1881697;2;2745
2744;3768884;9859;382;2746
2745;3771630;4183;901;2747
2746;3774377;3771629;1;2748
2747;3777125;3704;1019;2749
2748;3779874;3823;988;2750
2749;3782624;3779873;1;2751
2750;3785375;290971;13;2752
2751;3788127;1892687;2;2753
2752;3790880;1894063;2;2754
2753;3793634;80657;47;2755
2754;3796389;3793633;1;2756
2755;3799145;9397;404;2757
2756;3801902;3974;956;2758
2757;3804660;64439;59;2759
2758;3807419;3804659;1;2760
2759;3810179;1903709;2;2761
2760;3812940;8543;446;2762
2761;3815702;4667;817;2763
2762;3818465;6613;577;2764
2763;3821229;3484;1096;2765
2764;3823994;955307;4;2766
2765;3826760;10957;349;2767
2766;3829527;5459;701;2768
2767;3832295;3401;1126;2769
2768;3835064;1916147;2;2770
2769;3837834;16747;229;2771
2770;3840605;5279;727;2772
2771;3843377;960151;4;2773
2772;3846150;5398;712;2774
2773;3848924;3846149;1;2775
2774;3851699;296071;13;2776
2775;3854475;23203;166;2777
2776;3857252;148249;26;2778
2777;3860030;6779;569;2779
2778;3862809;3860029;1;2780
2779;3865589;28403;136;2781
2780;3868370;5354;722;2782
2781;3871152;21611;179;2783
2782;3873935;3871151;1;2784
2783;3876719;7717;502;2785
2784;3879504;1938359;2;2786
2785;3882290;3569;1087;2787
2786;3885077;204331;19;2788
2787;3887865;74713;52;2789
2788;3890654;8237;472;2790
2789;3893444;299281;13;2791
2790;3896235;24799;157;2792
2791;3899027;3011;1294;2793
2792;3901820;41479;94;2794
2793;3904614;3901819;1;2795
2794;3907409;20443;191;2796
2795;3910205;4742;824;2797
2796;3913002;57503;68;2798
2797;3915800;58403;67;2799
2798;3918599;73883;53;2800
2799;3921399;3838;1021;2801
2800;3924200;3209;1222;2802
2801;3927002;3924199;1;2803
2802;3929805;5941;661;2804
2803;3932609;3044;1291;2805
2804;3935414;2858;1376;2806
2805;3938220;207127;19;2807
2806;3941027;26431;149;2808
2807;3943835;1970513;2;2809
2808;3946644;4259;926;2810
2809;3949454;3946643;1;2811
2810;3952265;3949453;1;2812
2811;3955077;3646;1084;2813
2812;3957890;3226;1226;2814
2813;3960704;17909;221;2815
2814;3963519;17761;223;2816
2815;3966335;152443;26;2817
2816;3969152;33613;118;2818
2817;3971970;3969151;1;2819
2818;3974789;6631;599;2820
2819;3977609;18749;212;2821
2820;3980430;3368;1181;2822
2821;3983252;3980429;1;2823
2822;3986075;9739;409;2824
2823;3988899;1993037;2;2825
2824;3991724;104971;38;2826
2825;3994550;3991723;1;2827
2826;3997377;307273;13;2828
2827;4000205;62459;64;2829
2828;4003034;3578;1118;2830
2829;4005864;4003033;1;2831
2830;4008695;3517;1139;2832
2831;4011527;2004347;2;2833
2832;4014360;2005763;2;2834
2833;4017194;4014359;1;2835
2834;4020029;45137;89;2836
2835;4022865;1005007;4;2837
2836;4025702;251429;16;2838
2837;4028540;211879;19;2839
2838;4031379;4028539;1;2840
2839;4034219;3299;1222;2841
2840;4037060;2017109;2;2842
2841;4039902;5759;701;2843
2842;4042745;4039901;1;2844
2843;4045589;26597;152;2845
2844;4048434;1011397;4;2846
2845;4051280;4048433;1;2847
2846;4054127;4051279;1;2848
2847;4056975;4042;1003;2849
2848;4059824;2028487;2;2850
2849;4062674;4059823;1;2851
2850;4065525;4062673;1;2852
2851;4068377;6731;604;2853
2852;4071230;39119;104;2854
2853;4074084;29717;137;2855
2854;4076939;24107;169;2856
2855;4079795;13681;298;2857
2856;4082652;3838;1063;2858
2857;4085510;4082651;1;2859
2858;4088369;49223;83;2860
2859;4091229;255523;16;2861
2860;4094090;3889;1052;2862
2861;4096952;13973;293;2863
2862;4099815;7277;563;2864
2863;4102679;16141;254;2865
2864;4105544;3602;1139;2866
2865;4108410;315811;13;2867
2866;4111277;4108409;1;2868
2867;4114145;79063;52;2869
2868;4117014;3098;1328;2870
2869;4119884;39971;103;2871
2870;4122755;4119883;1;2872
2871;4125627;47939;86;2873
2872;4128500;38921;106;2874
2873;4131374;8111;509;2875
2874;4134249;4131373;1;2876
2875;4137125;3688;1121;2877
2876;4140002;1034281;4;2878
2877;4142880;4140001;1;2879
2878;4145759;318683;13;2880
2879;4148639;7649;542;2881
2880;4151520;159563;26;2882
2881;4154402;12853;323;2883
2882;4157285;10847;383;2884
2883;4160169;1039321;4;2885
2884;4163054;520021;8;2886
2885;4165940;11161;373;2887
2886;4168827;7097;587;2888
2887;4171715;2084413;2;2889
2888;4174604;2085857;2;2890
2889;4177494;4174603;1;2891
2890;4180385;97151;43;2892
2891;4183277;3092;1352;2893
2892;4186170;1045819;4;2894
2893;4189064;322013;13;2895
2894;4191959;4691;893;2896
2895;4194855;7459;562;2897
2896;4197752;2097427;2;2898
2897;4200650;62653;67;2899
2898;4203549;40783;103;2900
2899;4206449;1050887;4;2901
2900;4209350;3838;1096;2902
2901;4212252;4209349;1;2903
2902;4215155;4212251;1;2904
2903;4218059;5153;818;2905
2904;4220964;3061;1378;2906
2905;4223870;4220963;1;2907
2906;4226777;5507;767;2908
2907;4229685;3442;1228;2909
2908;4232594;1057421;4;2910
2909;4235504;4232593;1;2911
2910;4238415;4235503;1;2912
2911;4241327;2966;1429;2913
2912;4244240;3727;1138;2914
2913;4247154;223381;19;2915
2914;4250069;98771;43;2916
2915;4252985;62501;68;2917
2916;4255902;531623;8;2918
2917;4258820;5759;739;2919
2918;4261739;4258819;1;2920
2919;4264659;8627;494;2921
2920;4267580;8297;514;2922
2921;4270502;4267579;1;2923
2922;4273425;4270501;1;2924
2923;4276349;3001;1424;2925
2924;4279274;1069087;4;2926
2925;4282200;13939;307;2927
2926;4285127;4282199;1;2928
2927;4288055;6473;662;2929
2928;4290984;4666;919;2930
2929;4293914;3821;1123;2931
2930;4296845;7241;593;2932
2931;4299777;16033;268;2933
2932;4302710;3328;1292;2934
2933;4305644;91547;47;2935
2934;4308579;72977;59;2936
2935;4311515;11279;382;2937
2936;4314452;3314;1301;2938
2937;4317390;4314451;1;2939
2938;4320329;227231;19;2940
2939;4323269;540041;8;2941
2940;4326210;1080817;4;2942
2941;4329152;3901;1109;2943
2942;4332095;4329151;1;2944
2943;4335039;166619;26;2945
2944;4337984;2167519;2;2946
2945;4340930;333691;13;2947
2946;4343877;24251;179;2948
2947;4346825;6917;628;2949
2948;4349774;543353;8;2950
2949;4352724;255869;17;2951
2950;4355675;48907;89;2952
2951;4358627;3154;1381;2953
2952;4361580;3307;1318;2954
2953;4364534;4361579;1;2955
2954;4367489;4364533;1;2956
2955;4370445;3664;1192;2957
2956;4373402;84047;52;2958
2957;4376360;4343;1007;2959
2958;4379319;336643;13;2960
2959;4382279;6203;706;2961
2960;4385240;12241;358;2962
2961;4388202;3511;1249;2963
2962;4391165;4388201;1;2964
2963;4394129;1097791;4;2965
2964;4397094;4099;1072;2966
2965;4400060;74527;59;2967
2966;4403027;258827;17;2968
2967;4405995;5102;863;2969
2968;4408964;2202997;2;2970
2969;4411934;339151;13;2971
2970;4414905;232207;19;2972
2971;4417877;42451;104;2973
2972;4420850;10723;412;2974
2973;4423824;4420849;1;2975
2974;4426799;4423823;1;2976
2975;4429775;2213399;2;2977
2976;4432752;5422;817;2978
2977;4435730;4432751;1;2979
2978;4438709;6731;659;2980
2979;4441689;4643;956;2981
2980;4444670;11813;376;2982
2981;4447652;4444669;1;2983
2982;4450635;4667;953;2984
2983;4453619;3791;1174;2985
2984;4456604;171293;26;2986
2985;4459590;23333;191;2987
2986;4462577;4459589;1;2988
2987;4465565;278911;16;2989
2988;4468554;23753;188;2990
2989;4471544;4769;937;2991
2990;4474535;17399;257;2992
2991;4477527;2237267;2;2993
2992;4480520;2238763;2;2994
2993;4483514;75941;59;2995
2994;4486509;6067;739;2996
2995;4489505;3107;1444;2997
2996;4492502;140297;32;2998
2997;4495500;345577;13;2999
2998;4498499;15343;293;3000
2999;4501499;3793;1186;3001
3000;4504500;3079;1462;3002
3001;4507502;10403;433;3003
3002;4510505;29851;151;3004
3003;4513509;563813;8;3005
3004;4516514;7573;596;3006
3005;4519520;16073;281;3007
3006;4522527;4519519;1;3008
3007;4525535;3919;1154;3009
3008;4528544;9161;494;3010
3009;4531554;4528543;1;3011
3010;4534565;6577;689;3012
3011;4537577;1133641;4;3013
3012;4540590;6373;712;3014
3013;4543604;4540589;1;3015
3014;4546619;239137;19;3016
3015;4549635;2273309;2;3017
3016;4552652;2274817;2;3018
3017;4555670;267803;17;3019
3018;4558689;29017;157;3020
3019;4561709;3313;1376;3021
3020;4564730;3076;1483;3022
3021;4567752;351133;13;3023
3022;4570775;4567751;1;3024
3023;4573799;13523;338;3025
3024;4576824;4897;934;3026
3025;4579850;3449;1327;3027
3026;4582877;4579849;1;3028
3027;4585905;3572;1283;3029
3028;4588934;286619;16;3030
3029;4591964;4588933;1;3031
3030;4594995;13873;331;3032
3031;4598027;3551;1294;3033
3032;4601060;3518;1307;3034
3033;4604094;242161;19;3035
3034;4607129;3263;1411;3036
3035;4610165;12253;376;3037
3036;4613202;88657;52;3038
3037;4616240;20687;223;3039
3038;4619279;4616239;1;3040
3039;4622319;25951;178;3041
3040;4625360;2311159;2;3042
3041;4628402;13103;353;3043
3042;4631445;4628401;1;3044
3043;4634489;26927;172;3045
3044;4637534;579311;8;3046
3045;4640580;6379;727;3047
3046;4643627;8873;523;3048
3047;4646675;178601;26;3049
3048;4649724;2323337;2;3050
3049;4652774;357671;13;3051
3050;4655825;3163;1471;3052
3051;4658877;17117;272;3053
3052;4661930;4156;1121;3054
3053;4664984;4513;1033;3055
3054;4668039;7393;631;3056
3055;4671095;2334019;2;3057
3056;4674152;2335547;2;3058
3057;4677210;4674151;1;3059
3058;4680269;46309;101;3060
3059;4683329;1170067;4;3061
3060;4686390;3464;1352;3062
3061;4689452;4686389;1;3063
3062;4692515;8389;559;3064
3063;4695579;44269;106;3065
3064;4698644;2347789;2;3066
3065;4701710;3691;1273;3067
3066;4704777;4701709;1;3068
3067;4707845;588097;8;3069
3068;4710914;69233;68;3070
3069;4713984;4271;1103;3071
3070;4717055;4713983;1;3072
3071;4720127;124133;38;3073
3072;4723200;6067;778;3074
3073;4726274;5473;863;3075
3074;4729349;100559;47;3076
3075;4732425;3532;1339;3077
3076;4735502;591553;8;3078
3077;4738580;4735501;1;3079
3078;4741659;4738579;1;3080
3079;4744739;2370829;2;3081
3080;4747820;2372369;2;3082
3081;4750902;4747819;1;3083
3082;4753985;12737;373;3084
3083;4757069;3776;1259;3085
3084;4760154;4028;1181;3086
3085;4763240;280009;17;3087
3086;4766327;8521;559;3088
3087;4769415;2383163;2;3089
3088;4772504;183439;26;3090
3089;4775594;4772503;1;3091
3090;4778685;251347;19;3092
3091;4781777;1194671;4;3093
3092;4784870;298861;16;3094
3093;4787964;4784869;1;3095
3094;4791059;4787963;1;3096
3095;4794155;2395529;2;3097
3096;4797252;2397077;2;3098
3097;4800350;4797251;1;3099
3098;4803449;71647;67;3100
3099;4806549;46187;104;3101
3100;4809650;1201637;4;3102
3101;4812752;4157;1157;3103
3102;4815855;47651;101;3104
3103;4818959;126733;38;3105
3104;4822064;15347;314;3106
3105;4825170;5461;883;3107
3106;4828277;4825169;1;3108
3107;4831385;14543;332;3109
3108;4834494;603923;8;3110
3109;4837604;254447;19;3111
3110;4840715;4837603;1;3112
3111;4843827;41023;118;3113
3112;4846940;186301;26;3114
3113;4850054;4846939;1;3115
3114;4853169;4537;1069;3116
3115;4856285;303323;16;3117
3116;4859402;22907;212;3118
3117;4862520;10541;461;3119
3118;4865639;4862519;1;3120
3119;4868759;143107;34;3121
3120;4871880;6781;718;3122
3121;4875002;103657;47;3123
3122;4878125;256579;19;3124
3123;4881249;4637;1052;3125
3124;4884374;152539;32;3126
3125;4887500;27287;179;3127
3126;4890627;25589;191;3128
3127;4893755;3562;1373;3129
3128;4896884;3382;1447;3130
3129;4900014;104189;47;3131
3130;4903145;4900013;1;3132
3131;4906277;3188;1538;3133
3132;4909410;18307;268;3134
3133;4912544;4909409;1;3135
3134;4915679;4912543;1;3136
3135;4918815;2457839;2;3137
3136;4921952;144671;34;3138
3137;4925090;92867;53;3139
3138;4928229;5941;829;3140
3139;4931369;6883;716;3141
3140;4934510;47417;104;3142
3141;4937652;13669;361;3143
3142;4940795;83689;59;3144
3143;4943939;2470397;2;3145
3144;4947084;4786;1033;3146
3145;4950230;4947083;1;3147
3146;4953377;7489;661;3148
3147;4956525;8147;608;3149
3148;4959674;28817;172;3150
3149;4962824;4959673;1;3151
3150;4965975;18313;271;3152
3151;4969127;5057;982;3153
3152;4972280;2484563;2;3154
3153;4975434;22499;221;3155
3154;4978589;16981;293;3156
3155;4981745;1244647;4;3157
3156;4984902;311359;16;3158
3157;4988060;4984901;1;3159
3158;4991219;4547;1097;3160
3159;4994379;24709;202;3161
3160;4997540;131431;38;3162
3161;5000702;4997539;1;3163
3162;5003865;5000701;1;3164
3163;5007029;625483;8;3165
3164;5010194;96289;52;3166
3165;5013360;74779;67;3167
3166;5016527;20297;247;3168
3167;5019695;7187;698;3169
3168;5022864;53401;94;3170
3169;5026034;94771;53;3171
3170;5029205;5011;1003;3172
3171;5032377;4198;1198;3173
3172;5035550;14629;344;3174
3173;5038724;5035549;1;3175
3174;5041899;36779;137;3176
3175;5045075;16057;314;3177
3176;5048252;8977;562;3178
3177;5051430;3341;1511;3179
3178;5054609;49043;103;3180
3179;5057789;3952;1279;3181
3180;5060970;1264447;4;3182
3181;5064152;4871;1039;3183
3182;5067335;5064151;1;3184
3183;5070519;2533667;2;3185
3184;5073704;11071;458;3186
3185;5076890;267037;19;3187
3186;5080077;5076889;1;3188
3187;5083265;74707;68;3189
3188;5086454;4208;1208;3190
3189;5089644;5086453;1;3191
3190;5092835;4399;1157;3192
3191;5096027;59219;86;3193
3192;5099220;15077;338;3194
3193;5102414;5099219;1;3195
3194;5105609;6961;733;3196
3195;5108805;638201;8;3197
3196;5112002;4586;1114;3198
3197;5115200;5112001;1;3199
3198;5118399;269221;19;3200
3199;5121599;38197;134;3201
3200;5124800;30853;166;3202
3201;5128002;86861;59;3203
3202;5131205;5303;967;3204
3203;5134409;3908;1313;3205
3204;5137614;3974;1292;3206
3205;5140820;395201;13;3207
3206;5144027;23053;223;3208
3207;5147235;24971;206;3209
3208;5150444;2573617;2;3210
3209;5153654;5150443;1;3211
3210;5156865;11131;463;3212
3211;5160077;4096;1259;3213
3212;5163290;1290019;4;3214
3213;5166504;5163289;1;3215
3214;5169719;16829;307;3216
3215;5172935;4042;1279;3217
3216;5176152;198959;26;3218
3217;5179370;58159;89;3219
3218;5182589;21671;239;3220
3219;5185809;1295647;4;3221
3220;5189030;324113;16;3222
3221;5192252;305237;17;3223
3222;5195475;97967;53;3224
3223;5198699;5818;893;3225
3224;5201924;2599349;2;3226
3225;5205150;5201923;1;3227
3226;5208377;5205149;1;3228
3227;5211605;5686;916;3229
3228;5214834;1302901;4;3230
3229;5218064;6799;767;3231
3230;5221295;5218063;1;3232
3231;5224527;5317;982;3233
3232;5227760;8509;614;3234
3233;5230994;5227759;1;3235
3234;5234229;10277;509;3236
3235;5237465;1308557;4;3237
3236;5240702;34457;152;3238
3237;5243940;3319;1579;3239
3238;5247179;308467;17;3240
3239;5250419;2623589;2;3241
3240;5253660;10459;502;3242
3241;5256902;12479;421;3243
3242;5260145;21283;247;3244
3243;5263389;6203;848;3245
3244;5266634;3302;1594;3246
3245;5269880;13751;383;3247
3246;5273127;5269879;1;3248
3247;5276375;10259;514;3249
3248;5279624;2638187;2;3250
3249;5282874;5279623;1;3251
3250;5286125;5282873;1;3252
3251;5289377;3884;1361;3253
3252;5292630;165293;32;3254
3253;5295884;35521;149;3255
3254;5299139;5295883;1;3256
3255;5302395;4199;1262;3257
3256;5305652;2651197;2;3258
3257;5308910;408127;13;3259
3258;5312169;14233;373;3260
3259;5315429;3656;1453;3261
3260;5318690;5959;892;3262
3261;5321952;33877;157;3263
3262;5325215;113233;47;3264
3263;5328479;2662607;2;3265
3264;5331744;19447;274;3266
3265;5335010;13921;383;3267
3266;5338277;79627;67;3268
3267;5341545;1334569;4;3269
3268;5344814;51361;104;3270
3269;5348084;5344813;1;3271
3270;5351355;8753;611;3272
3271;5354627;5779;926;3273
3272;5357900;157489;34;3274
3273;5361174;64553;83;3275
3274;5364449;282167;19;3276
3275;5367725;6326;848;3277
3276;5371002;1341931;4;3278
3277;5374280;124907;43;3279
3278;5377559;5374279;1;3280
3279;5380839;30211;178;3281
3280;5384120;141601;38;3282
3281;5387402;4021;1339;3283
3282;5390685;3623;1487;3284
3283;5393969;4316;1249;3285
3284;5397254;3544;1522;3286
3285;5400540;21503;251;3287
3286;5403827;19219;281;3288
3287;5407115;2701913;2;3289
3288;5410404;45823;118;3290
3289;5413694;318259;17;3291
3290;5416985;5413693;1;3292
3291;5420277;4622;1172;3293
3292;5423570;3506;1546;3294
3293;5426864;285451;19;3295
3294;5430159;417451;13;3296
3295;5433455;2715079;2;3297
3296;5436752;3943;1378;3298
3297;5440050;3671;1481;3299
3298;5443349;5440049;1;3300
3299;5446649;4276;1273;3301
3300;5449950;680831;8;3302
3301;5453252;126743;43;3303
3302;5456555;36599;149;3304
3303;5459859;2728277;2;3305
3304;5463164;15251;358;3306
3305;5466470;5463163;1;3307
3306;5469777;3613;1513;3308
3307;5473085;26297;208;3309
3308;5476394;1368271;4;3310
3309;5479704;8963;611;3311
3310;5483015;53201;103;3312
3311;5486327;20011;274;3313
3312;5489640;6707;818;3314
3313;5492954;5489639;1;3315
3314;5496269;5492953;1;3316
3315;5499585;1374067;4;3317
3316;5502902;85931;64;3318
3317;5506220;8977;613;3319
3318;5509539;3401;1619;3320
3319;5512859;46691;118;3321
3320;5516180;4931;1118;3322
3321;5519502;5516179;1;3323
3322;5522825;424577;13;3324
3323;5526149;40609;136;3325
3324;5529474;1381537;4;3326
3325;5532800;5529473;1;3327
3326;5536127;5419;1021;3328
3327;5539455;3574;1549;3329
3328;5542784;52259;106;3330
3329;5546114;5542783;1;3331
3330;5549445;9851;563;3332
3331;5552777;73019;76;3333
3332;5556110;4421;1256;3334
3333;5559444;6379;871;3335
3334;5562779;5559443;1;3336
3335;5566115;213953;26;3337
3336;5569452;6037;922;3338
3337;5572790;293129;19;3339
3338;5576129;4759;1171;3340
3339;5579469;4616;1208;3341
3340;5582810;82051;68;3342
3341;5586152;15551;359;3343
3342;5589495;5586151;1;3344
3343;5592839;2794747;2;3345
3344;5596184;65033;86;3346
3345;5599530;5596183;1;3347
3346;5602877;7397;757;3348
3347;5606225;23741;236;3349
3348;5609574;26953;208;3350
3349;5612924;105841;53;3351
3350;5616275;295417;19;3352
3351;5619627;3986;1409;3353
3352;5622980;2809813;2;3354
3353;5626334;20749;271;3355
3354;5629689;5626333;1;3356
3355;5633045;703711;8;3357
3356;5636402;3572;1577;3358
3357;5639760;331553;17;3359
3358;5643119;5639759;1;3360
3359;5646479;3418;1651;3361
3360;5649840;6373;886;3362
3361;5653202;4303;1313;3363
3362;5656565;5653201;1;3364
3363;5659929;32887;172;3365
3364;5663294;15053;376;3366
3365;5666660;5663293;1;3367
3366;5670027;5561;1019;3368
3367;5673395;14843;382;3369
3368;5676764;31873;178;3370
3369;5680134;298777;19;3371
3370;5683505;5680133;1;3372
3371;5686877;5594;1016;3373
3372;5690250;109363;52;3374
3373;5693624;5690249;1;3375
3374;5696999;25763;221;3376
3375;5700375;149921;38;3377
3376;5703752;2850187;2;3378
3377;5707130;5703751;1;3379
3378;5710509;96731;59;3380
3379;5713889;1427627;4;3381
3380;5717270;178559;32;3382
3381;5720652;107873;53;3383
3382;5724035;11239;509;3384
3383;5727419;2862017;2;3385
3384;5730804;27803;206;3386
3385;5734190;440831;13;3387
3386;5737577;21803;263;3388
3387;5740965;4472;1283;3389
3388;5744354;75539;76;3390
3389;5747744;5744353;1;3391
3390;5751135;5747743;1;3392
3391;5754527;169151;34;3393
3392;5757920;2877263;2;3394
3393;5761314;5757919;1;3395
3394;5764709;6707;859;3396
3395;5768105;16193;356;3397
3396;5771502;721013;8;3398
3397;5774900;5771501;1;3399
3398;5778299;34171;169;3400
3399;5781699;2889149;2;3401
3400;5785100;6638;871;3402
3401;5788502;42227;137;3403
3402;5791905;7897;733;3404
3403;5795309;3851;1504;3405
3404;5798714;1448827;4;3406
3405;5802120;57413;101;3407
3406;5805527;98341;59;3408
3407;5808935;152777;38;3409
3408;5812344;170851;34;3410
3409;5815754;5812343;1;3411
3410;5819165;5815753;1;3412
3411;5822577;4762;1222;3413
3412;5825990;363911;16;3414
3413;5829404;4351;1339;3415
3414;5832819;5829403;1;3416
3415;5836235;2916409;2;3417
3416;5839652;2918117;2;3418
3417;5843070;9749;599;3419
3418;5846489;37217;157;3420
3419;5849909;730811;8;3421
3420;5853330;1462477;4;3422
3421;5856752;21599;271;3423
3422;5860175;5856751;1;3424
3423;5863599;5342;1097;3425
3424;5867024;225523;26;3426
3425;5870450;9571;613;3427
3426;5873877;23767;247;3428
3427;5877305;1468469;4;3429
3428;5880734;734663;8;3430
3429;5884164;26371;223;3431
3430;5887595;136841;43;3432
3431;5891027;2943797;2;3433
3432;5894460;155027;38;3434
3433;5897894;87977;67;3435
3434;5901329;13621;433;3436
3435;5904765;368833;16;3437
3436;5908202;1476191;4;3438
3437;5911640;7703;767;3439
3438;5915079;9137;647;3440
3439;5918519;5482;1079;3441
3440;5921960;2959259;2;3442
3441;5925402;5921959;1;3443
3442;5928845;348553;17;3444
3443;5932289;1482211;4;3445
3444;5935734;23173;256;3446
3445;5939180;312407;19;3447
3446;5942627;5939179;1;3448
3447;5946075;10141;586;3449
3448;5949524;21701;274;3450
3449;5952974;3569;1667;3451
3450;5956425;9743;611;3452
3451;5959877;4997;1192;3453
3452;5963330;114613;52;3454
3453;5966784;5963329;1;3455
3454;5970239;5966783;1;3456
3455;5973695;8003;746;3457
3456;5977152;13043;458;3458
3457;5980610;21271;281;3459
3458;5984069;127247;47;3460
3459;5987529;88001;68;3461
3460;5990990;748441;8;3462
3461;5994452;15401;389;3463
3462;5997915;59351;101;3464
3463;6001379;4537;1322;3465
3464;6004844;157931;38;3466
3465;6008310;7829;767;3467
3466;6011777;7937;757;3468
3467;6015245;4288;1402;3469
3468;6018714;1503811;4;3470
3469;6022184;6018713;1;3471
3470;6025655;316957;19;3472
3471;6029127;3012827;2;3473
3472;6032600;3014563;2;3474
3473;6036074;10277;587;3475
3474;6039549;6036073;1;3476
3475;6043025;1509887;4;3477
3476;6046502;3536;1709;3478
3477;6049980;7039;859;3479
3478;6053459;465383;13;3480
3479;6056939;8431;718;3481
3480;6060420;3028469;2;3482
3481;6063902;10651;569;3483
3482;6067385;6063901;1;3484
3483;6070869;4237;1432;3485
3484;6074354;17053;356;3486
3485;6077840;6074353;1;3487
3486;6081327;47857;127;3488
3487;6084815;5459;1114;3489
3488;6088304;3042407;2;3490
3489;6091794;24649;247;3491
3490;6095285;40343;151;3492
3491;6098777;6071;1004;3493
3492;6102270;17729;344;3494
3493;6105764;7361;829;3495
3494;6109259;14503;421;3496
3495;6112755;3054629;2;3497
3496;6116252;51803;118;3498
3497;6119750;8413;727;3499
3498;6123249;48187;127;3500
3499;6126749;382703;16;3501
3500;6130250;22861;268;3502
3501;6133752;6130249;1;3503
3502;6137255;4693;1307;3504
3503;6140759;3068627;2;3505
3504;6144264;6682;919;3506
3505;6147770;130729;47;3507
3506;6151277;60869;101;3508
3507;6154785;1537819;4;3509
3508;6158294;3629;1696;3510
3509;6161804;6158293;1;3511
3510;6165315;362459;17;3512
3511;6168827;3082657;2;3513
3512;6172340;3084413;2;3514
3513;6175854;13217;467;3515
3514;6179369;6175853;1;3516
3515;6182885;59417;104;3517
3516;6186402;4429;1396;3518
3517;6189920;475877;13;3519
3518;6193439;6189919;1;3520
3519;6196959;3096719;2;3521
3520;6200480;3098479;2;3522
3521;6204002;5833;1063;3523
3522;6207525;74747;83;3524
3523;6211049;5234;1186;3525
3524;6214574;13159;472;3526
3525;6218100;6214573;1;3527
3526;6221627;6218099;1;3528
3527;6225155;9631;646;3529
3528;6228684;239429;26;3530
3529;6232214;6228683;1;3531
3530;6235745;36877;169;3532
3531;6239277;194867;32;3533
3532;6242810;18793;332;3534
3533;6246344;6242809;1;3535
3534;6249879;93229;67;3536
3535;6253415;72673;86;3537
3536;6256952;12457;502;3538
3537;6260490;6256951;1;3539
3538;6264029;45697;137;3540
3539;6267569;5101;1228;3541
3540;6271110;4028;1556;3542
3541;6274652;482393;13;3543
3542;6278195;8951;701;3544
3543;6281739;241469;26;3545
3544;6285284;3931;1598;3546
3545;6288830;6473;971;3547
3546;6292377;3719;1691;3548
3547;6295925;786547;8;3549
3548;6299474;4412;1427;3550
3549;6303024;6299473;1;3551
3550;6306575;6303023;1;3552
3551;6310127;21163;298;3553
3552;6313680;67129;94;3554
3553;6317234;4639;1361;3555
3554;6320789;485941;13;3556
3555;6324345;26783;236;3557
3556;6327902;60811;104;3558
3557;6331460;6327901;1;3559
3558;6335019;33149;191;3560
3559;6338579;3877;1634;3561
3560;6342140;3169289;2;3562
3561;6345702;7039;901;3563
3562;6349265;6345701;1;3564
3563;6352829;3929;1616;3565
3564;6356394;4174;1522;3566
3565;6359960;334547;19;3567
3566;6363527;6577;967;3568
3567;6367095;3653;1742;3569
3568;6370664;4894;1301;3570
3569;6374234;6799;937;3571
3570;6377805;10859;587;3572
3571;6381377;1594451;4;3573
3572;6384950;99709;64;3574
3573;6388524;71741;89;3575
3574;6392099;6388523;1;3576
3575;6395675;20357;314;3577
3576;6399252;3197837;2;3578
3577;6402830;6399251;1;3579
3578;6406409;7837;817;3580
3579;6409989;800801;8;3581
3580;6413570;123269;52;3582
3581;6417152;6413569;1;3583
3582;6420735;493627;13;3584
3583;6424319;54413;118;3585
3584;6427904;5567;1154;3586
3585;6431490;46919;137;3587
3586;6435077;4507;1427;3588
3587;6438665;1608769;4;3589
3588;6442254;804833;8;3590
3589;6445844;19463;331;3591
3590;6449435;62581;103;3592
3591;6453027;68611;94;3593
3592;6456620;5441;1186;3594
3593;6460214;9371;689;3595
3594;6463809;6460213;1;3596
3595;6467405;3656;1768;3597
3596;6471002;1616851;4;3598
3597;6474600;340579;19;3599
3598;6478199;4229;1531;3600
3599;6481799;68917;94;3601
3600;6485400;21751;298;3602
3601;6489002;96797;67;3603
3602;6492605;150907;43;3604
3603;6496209;85429;76;3605
3604;6499814;406013;16;3606
3605;6503420;78311;83;3607
3606;6507027;43069;151;3608
3607;6510635;32213;202;3609
3608;6514244;250409;26;3610
3609;6517854;4909;1327;3611
3610;6521465;6517853;1;3612
3611;6525077;4948;1318;3613
3612;6528690;95957;68;3614
3613;6532304;51407;127;3615
3614;6535919;110717;59;3616
3615;6539535;39373;166;3617
3616;6543152;172093;38;3618
3617;6546770;6543151;1;3619
3618;6550389;6546769;1;3620
3619;6554009;4892;1339;3621
3620;6557630;819251;8;3622
3621;6561252;11731;559;3623
3622;6564875;345329;19;3624
3623;6568499;3282437;2;3625
3624;6572124;12119;542;3626
3625;6575750;51749;127;3627
3626;6579377;6575749;1;3628
3627;6583005;411211;16;3629
3628;6586634;4297;1532;3630
3629;6590264;387449;17;3631
3630;6593895;6590263;1;3632
3631;6597527;8839;746;3633
3632;6601160;253751;26;3634
3633;6604794;6601159;1;3635
3634;6608429;7583;871;3636
3635;6612065;3908;1691;3637
3636;6615702;206627;32;3638
3637;6619340;10039;659;3639
3638;6622979;140837;47;3640
3639;6626619;4106;1613;3641
3640;6630260;8101;818;3642
3641;6633902;43909;151;3643
3642;6637545;13511;491;3644
3643;6641189;829693;8;3645
3644;6644834;1660297;4;3646
3645;6648480;11887;559;3647
3646;6652127;7379;901;3648
3647;6655775;255851;26;3649
3648;6659424;8689;766;3650
3649;6663074;25321;263;3651
3650;6666725;6663073;1;3652
3651;6670377;5164;1291;3653
3652;6674030;3739;1784;3654
3653;6677684;6674029;1;3655
3654;6681339;351457;19;3656
3655;6684995;3340669;2;3657
3656;6688652;4523;1478;3658
3657;6692310;6688651;1;3659
3658;6695969;514793;13;3660
3659;6699629;209249;32;3661
3660;6703290;6781;988;3662
3661;6706952;6703289;1;3663
3662;6710615;15931;421;3664
3663;6714279;197371;34;3665
3664;6717944;4343;1546;3666
3665;6721610;19031;353;3667
3666;6725277;6721609;1;3668
3667;6728945;31723;212;3669
3668;6732614;6277;1072;3670
3669;6736284;6732613;1;3671
3670;6739955;6736283;1;3672
3671;6743627;259229;26;3673
3672;6747300;3371813;2;3674
3673;6750974;6019;1121;3675
3674;6754649;6750973;1;3676
3675;6758325;6163;1096;3677
3676;6762002;9439;716;3678
3677;6765680;6762001;1;3679
3678;6769359;10457;647;3680
3679;6773039;178141;38;3681
3680;6776720;199207;34;3682
3681;6780402;4217;1607;3683
3682;6784085;6780401;1;3684
3683;6787769;1696021;4;3685
3684;6791454;65267;104;3686
3685;6795140;10763;631;3687
3686;6798827;522703;13;3688
3687;6802515;5806;1171;3689
3688;6806204;7138;953;3690
3689;6809894;6806203;1;3691
3690;6813585;6809893;1;3692
3691;6817277;4112;1657;3693
3692;6820970;5149;1324;3694
3693;6824664;4841;1409;3695
3694;6828359;6824663;1;3696
3695;6832055;3414179;2;3697
3696;6835752;14293;478;3698
3697;6839450;30931;221;3699
3698;6843149;4337;1577;3700
3699;6846849;4966;1378;3701
3700;6850550;4768;1436;3702
3701;6854252;3953;1733;3703
3702;6857955;6854251;1;3704
3703;6861659;3428977;2;3705
3704;6865364;3430829;2;3706
3705;6869070;6865363;1;3707
3706;6872777;30803;223;3708
3707;6876485;19979;344;3709
3708;6880194;17021;404;3710
3709;6883904;6880193;1;3711
3710;6887615;529531;13;3712
3711;6891327;181253;38;3713
3712;6895040;6214;1109;3714
3713;6898754;6895039;1;3715
3714;6902469;4471;1543;3716
3715;6906185;1725617;4;3717
3716;6909902;3778;1828;3718
3717;6913620;19141;361;3719
3718;6917339;5653;1223;3720
3719;6921059;3946;1753;3721
3720;6924780;65293;106;3722
3721;6928502;16931;409;3723
3722;6932225;14111;491;3724
3723;6935949;4166;1664;3725
3724;6939674;19483;356;3726
3725;6943400;533821;13;3727
3726;6947127;6943399;1;3728
3727;6950855;7841;886;3729
3728;6954584;3475427;2;3730
3729;6958314;6954583;1;3731
3730;6962045;366227;19;3732
3731;6965777;4762;1462;3733
3732;6969510;5546;1256;3734
3733;6973244;9431;739;3735
3734;6976979;15061;463;3736
3735;6980715;52067;134;3737
3736;6984452;6422;1087;3738
3737;6988190;5087;1373;3739
3738;6991929;24869;281;3740
3739;6995669;873991;8;3741
3740;6999410;5969;1172;3742
3741;7003152;6999409;1;3743
3742;7006895;27901;251;3744
3743;7010639;6883;1018;3745
3744;7014384;3505319;2;3746
3745;7018130;7014383;1;3747
3746;7021877;7018129;1;3748
3747;7025625;4973;1412;3749
3748;7029374;51659;136;3750
3749;7033124;28459;247;3751
3750;7036875;163561;43;3752
3751;7040627;6082;1157;3753
3752;7044380;6731;1046;3754
3753;7048134;12647;557;3755
3754;7051889;7048133;1;3756
3755;7055645;23197;304;3757
3756;7059402;1763911;4;3758
3757;7063160;46751;151;3759
3758;7066919;7063159;1;3760
3759;7070679;5534;1277;3761
3760;7074440;59921;118;3762
3761;7078202;27527;257;3763
3762;7081965;544477;13;3764
3763;7085729;1770491;4;3765
3764;7089494;17033;416;3766
3765;7093260;4129;1717;3767
3766;7097027;6961;1019;3768
3767;7100795;3548513;2;3769
3768;7104564;5578;1273;3770
3769;7108334;7104563;1;3771
3770;7112105;11867;599;3772
3771;7115877;10711;664;3773
3772;7119650;4894;1454;3774
3773;7123424;134333;53;3775
3774;7127199;8719;817;3776
3775;7130975;274123;26;3777
3776;7134752;3565487;2;3778
3777;7138530;548827;13;3779
3778;7142309;7138529;1;3780
3779;7146089;37991;188;3781
3780;7149870;893261;8;3782
3781;7153652;86143;83;3783
3782;7157435;420803;17;3784
3783;7161219;3578717;2;3785
3784;7165004;3580609;2;3786
3785;7168790;7165003;1;3787
3786;7172577;7168789;1;3788
3787;7176365;4016;1786;3789
3788;7180154;138007;52;3790
3789;7183944;9337;769;3791
3790;7187735;552611;13;3792
3791;7191527;60913;118;3793
3792;7195320;23813;302;3794
3793;7199114;8807;817;3795
3794;7202909;7199113;1;3796
3795;7206705;1800727;4;3797
3796;7210502;4373;1648;3798
3797;7214300;15641;461;3799
3798;7218099;7214299;1;3800
3799;7221899;212297;34;3801
3800;7225700;3610949;2;3802
3801;7229502;555823;13;3803
3802;7233305;107903;67;3804
3803;7237109;4082;1772;3805
3804;7240914;1809277;4;3806
3805;7244720;136621;53;3807
3806;7248527;381301;19;3808
3807;7252335;5483;1322;3809
3808;7256144;6458;1123;3810
3809;7259954;71843;101;3811
3810;7263765;5869;1237;3812
3811;7267577;1815941;4;3813
3812;7271390;5206;1396;3814
3813;7275204;81701;89;3815
3814;7279019;559631;13;3816
3815;7282835;3639509;2;3817
3816;7286652;16477;442;3818
3817;7290470;169457;43;3819
3818;7294289;7290469;1;3820
3819;7298109;7727;944;3821
3820;7301930;4084;1787;3822
3821;7305752;7301929;1;3823
3822;7309575;7305751;1;3824
3823;7313399;3654787;2;3825
3824;7317224;3656699;2;3826
3825;7321050;71041;103;3827
3826;7324877;138133;53;3828
3827;7328705;140863;52;3829
3828;7332534;4912;1492;3830
3829;7336364;564041;13;3831
3830;7340195;8501;863;3832
3831;7344027;193163;38;3833
3832;7347860;3672013;2;3834
3833;7351694;432227;17;3835
3834;7355529;156419;47;3836
3835;7359365;13723;536;3837
3836;7363202;42787;172;3838
3837;7367040;7363201;1;3839
3838;7370879;20521;359;3840
3839;7374719;3902;1889;3841
3840;7378560;6374;1157;3842
3841;7382402;41221;179;3843
3842;7386245;567877;13;3844
3843;7390089;1846561;4;3845
3844;7393934;48619;152;3846
3845;7397780;7393933;1;3847
3846;7401627;24097;307;3848
3847;7405475;4027;1838;3849
3848;7409324;13177;562;3850
3849;7413174;49727;149;3851
3850;7417025;6613;1121;3852
3851;7420877;115891;64;3853
3852;7424730;1855219;4;3854
3853;7428584;571133;13;3855
3854;7432439;89501;83;3856
3855;7436295;4654;1597;3857
3856;7440152;3718147;2;3858
3857;7444010;7440151;1;3859
3858;7447869;140453;53;3860
3859;7451729;13591;548;3861
3860;7455590;10831;688;3862
3861;7459452;7455589;1;3863
3862;7463315;7459451;1;3864
3863;7467179;10337;722;3865
3864;7471044;44983;166;3866
3865;7474910;21407;349;3867
3866;7478777;5693;1313;3868
3867;7482645;4318;1732;3869
3868;7486514;11069;676;3870
3869;7490384;5881;1273;3871
3870;7494255;4201;1783;3872
3871;7498127;16363;458;3873
3872;7502000;6898;1087;3874
3873;7505874;159617;47;3875
3874;7509749;7505873;1;3876
3875;7513625;8419;892;3877
3876;7517502;939203;8;3878
3877;7521380;25657;293;3879
3878;7525259;127481;59;3880
3879;7529139;4558;1651;3881
3880;7533020;3764569;2;3882
3881;7536902;12329;611;3883
3882;7540785;396679;19;3884
3883;7544669;471299;16;3885
3884;7548554;110951;68;3886
3885;7552440;7548553;1;3887
3886;7556327;11969;631;3888
3887;7560215;3778163;2;3889
3888;7564104;198953;38;3890
3889;7567994;48179;157;3891
3890;7571885;39623;191;3892
3891;7575777;7438;1018;3893
3892;7579670;18211;416;3894
3893;7583564;13463;563;3895
3894;7587459;583351;13;3896
3895;7591355;13999;542;3897
3896;7595252;3795677;2;3898
3897;7599150;7595251;1;3899
3898;7603049;51001;149;3900
3899;7606949;9227;824;3901
3900;7610850;4946;1538;3902
3901;7614752;23563;323;3903
3902;7618655;5963;1277;3904
3903;7622559;88589;86;3905
3904;7626464;3811279;2;3906
3905;7630370;45127;169;3907
3906;7634277;7630369;1;3908
3907;7638185;7727;988;3909
3908;7642094;6323;1208;3910
3909;7646004;129527;59;3911
3910;7649915;75703;101;3912
3911;7653827;72169;106;3913
3912;7657740;14551;526;3914
3913;7661654;4003;1913;3915
3914;7665569;33457;229;3916
3915;7669485;4552;1684;3917
3916;7673402;6646;1154;3918
3917;7677320;7673401;1;3919
3918;7681239;34739;221;3920
3919;7685159;7226;1063;3921
3920;7689080;4303;1786;3922
3921;7693002;4327;1777;3923
3922;7696925;178907;43;3924
3923;7700849;1924231;4;3925
3924;7704774;481303;16;3926
3925;7708700;7704773;1;3927
3926;7712627;8227;937;3928
3927;7716555;5261;1466;3929
3928;7720484;4841;1594;3930
3929;7724414;19847;389;3931
3930;7728345;12601;613;3932
3931;7732277;74311;104;3933
3932;7736210;36473;212;3934
3933;7740144;595093;13;3935
3934;7744079;7740143;1;3936
3935;7748015;4063;1906;3937
3936;7751952;4489;1726;3938
3937;7755890;4897;1583;3939
3938;7759829;7755889;1;3940
3939;7763769;102103;76;3941
3940;7767710;5081;1528;3942
3941;7771652;7767709;1;3943
3942;7775595;7771651;1;3944
3943;7779539;25747;302;3945
3944;7783484;299213;26;3946
3945;7787430;409657;19;3947
3946;7791377;13931;559;3948
3947;7795325;5867;1328;3949
3948;7799274;7583;1028;3950
3949;7803224;56929;137;3951
3950;7807175;7803223;1;3952
3951;7811127;16333;478;3953
3952;7815080;229739;34;3954
3953;7819034;5659;1381;3955
3954;7822989;7819033;1;3956
3955;7826945;1955747;4;3957
3956;7830902;15287;512;3958
3957;7834860;602377;13;3959
3958;7838819;8873;883;3960
3959;7842779;301493;26;3961
3960;7846740;24977;314;3962
3961;7850702;7846739;1;3963
3962;7854665;7850701;1;3964
3963;7858629;7246;1084;3965
3964;7862594;4028;1951;3966
3965;7866560;182851;43;3967
3966;7870527;7866559;1;3968
3967;7874495;4747;1658;3969
3968;7878464;66733;118;3970
3969;7882434;6917;1139;3971
3970;7886405;606341;13;3972
3971;7890377;1971601;4;3973
3972;7894350;75869;104;3974
3973;7898324;7894349;1;3975
3974;7902299;7898323;1;3976
3975;7906275;84067;94;3977
3976;7910252;4594;1721;3978
3977;7914230;4997;1583;3979
3978;7918209;7914229;1;3980
3979;7922189;61861;128;3981
3980;7926170;4241;1868;3982
3981;7930152;7926169;1;3983
3982;7934135;7930151;1;3984
3983;7938119;16061;494;3985
3984;7942104;3969059;2;3986
3985;7946090;11527;689;3987
3986;7950077;467417;17;3988
3987;7954065;1987519;4;3989
3988;7958054;4504;1766;3990
3989;7962044;185071;43;3991
3990;7966035;7962043;1;3992
3991;7970027;44753;178;3993
3992;7974020;3985013;2;3994
3993;7978014;31769;251;3995
3994;7982009;62819;127;3996
3995;7986005;997751;8;3997
3996;7990002;4484;1781;3998
3997;7994000;7990001;1;3999
3998;7997999;4127;1937;4000
3999;8001999;3998999;2;4001
4000;8006000;5186;1543;4002
4001;8010002;6779;1181;4003
4002;8014005;4093;1957;4004
4003;8018009;4556;1759;4005
4004;8022014;5374;1492;4006
4005;8026020;5521;1453;4007
4006;8030027;63197;127;4008
4007;8034035;4015013;2;4009
4008;8038044;93419;86;4010
4009;8042054;618311;13;4011
4010;8046065;8042053;1;4012
4011;8050077;4979;1616;4013
4012;8054090;2012519;4;4014
4013;8058104;8054089;1;4015
4014;8062119;171449;47;4016
4015;8066135;212161;38;4017
4016;8070152;6733;1198;4018
4017;8074170;152267;53;4019
4018;8078189;22873;353;4020
4019;8082209;7187;1124;4021
4020;8086230;5644;1432;4022
4021;8090252;425591;19;4023
4022;8094275;13241;611;4024
4023;8098299;12227;662;4025
4024;8102324;311473;26;4026
4025;8106350;8102323;1;4027
4026;8110377;8106349;1;4028
4027;8114405;17183;472;4029
4028;8118434;2028601;4;4030
4029;8122464;8118433;1;4031
4030;8126495;97861;83;4032
4031;8130527;10609;766;4033
4032;8134560;94541;86;4034
4033;8138594;27763;293;4035
4034;8142629;45467;179;4036
4035;8146665;156589;52;4037
4036;8150702;15199;536;4038
4037;8154740;36881;221;4039
4038;8158779;13303;613;4040
4039;8162819;8849;922;4041
4040;8166860;214811;38;4042
4041;8170902;10247;797;4043
4042;8174945;8170901;1;4044
4043;8178989;255467;32;4045
4044;8183034;7342;1114;4046
4045;8187080;10753;761;4047
4046;8191127;52147;157;4048
4047;8195175;27487;298;4049
4048;8199224;315199;26;4050
4049;8203274;20047;409;4051
4050;8207325;7397;1109;4052
4051;8211377;47717;172;4053
4052;8215430;4492;1828;4054
4053;8219484;432391;19;4055
4054;8223539;483499;17;4056
4055;8227595;69691;118;4057
4056;8231652;5374;1531;4058
4057;8235710;8231651;1;4059
4058;8239769;8235709;1;4060
4059;8243829;5738;1436;4061
4060;8247890;7022;1174;4062
4061;8251952;13499;611;4063
4062;8256015;8251951;1;4064
4063;8260079;317539;26;4065
4064;8264144;4130039;2;4066
4065;8268210;10691;773;4067
4066;8272277;8268209;1;4068
4067;8276345;2068069;4;4069
4068;8280414;10243;808;4070
4069;8284484;176179;47;4071
4070;8288555;123649;67;4072
4071;8292627;243781;34;4073
4072;8296700;218227;38;4074
4073;8300774;8296699;1;4075
4074;8304849;49117;169;4076
4075;8308925;12071;688;4077
4076;8313002;159787;52;4078
4077;8317080;8313001;1;4079
4078;8321159;23039;361;4080
4079;8325239;4160579;2;4081
4080;8329320;46771;178;4082
4081;8333402;43609;191;4083
4082;8337485;8333401;1;4084
4083;8341569;4951;1684;4085
4084;8345654;130337;64;4086
4085;8349740;12899;647;4087
4086;8353827;8083;1033;4088
4087;8357915;321301;26;4089
4088;8362004;245821;34;4090
4089;8366094;643231;13;4091
4090;8370185;8366093;1;4092
4091;8374277;4156;2014;4093
4092;8378370;8006;1046;4094
4093;8382464;8378369;1;4095
4094;8386559;6493;1291;4096
4095;8390655;4193279;2;4097
4096;8394752;4195327;2;4098
4097;8398850;441829;19;4099
4098;8402949;37663;223;4100
4099;8407049;2100737;4;4101
4100;8411150;4589;1832;4102
4101;8415252;8411149;1;4103
4102;8419355;647327;13;4104
4103;8423459;5561;1514;4105
4104;8427564;4211729;2;4106
4105;8431670;4813;1751;4107
4106;8435777;5827;1447;4108
4107;8439885;5696;1481;4109
4108;8443994;44893;188;4110
4109;8448104;8443993;1;4111
4110;8452215;444637;19;4112
4111;8456327;4226107;2;4113
4112;8460440;41863;202;4114
4113;8464554;7841;1079;4115
4114;8468669;143467;59;4116
4115;8472785;162859;52;4117
4116;8476902;4744;1786;4118
4117;8481020;53993;157;4119
4118;8485139;197233;43;4120
4119;8489259;4242569;2;4121
4120;8493380;4244629;2;4122
4121;8497502;66877;127;4123
4122;8501625;499853;17;4124
4123;8505749;20051;424;4125
4124;8509874;6434;1322;4126
4125;8514000;8509873;1;4127
4126;8518127;654923;13;4128
4127;8522255;4259063;2;4129
4128;8526384;327779;26;4130
4129;8530514;5339;1597;4131
4130;8534645;20857;409;4132
4131;8538777;11171;764;4133
4132;8542910;1067347;8;4134
4133;8547044;17399;491;4135
4134;8551179;82981;103;4136
4135;8555315;5833;1466;4137
4136;8559452;9239;926;4138
4137;8563590;127753;67;4139
4138;8567729;8563589;1;4140
4139;8571869;4846;1768;4141
4140;8576010;2142967;4;4142
4141;8580152;659693;13;4143
4142;8584295;8580151;1;4144
4143;8588439;18743;458;4145
4144;8592584;81023;106;4146
4145;8596730;145637;59;4147
4146;8600877;8596729;1;4148
4147;8605025;14431;596;4149
4148;8609174;14153;608;4150
4149;8613324;8609173;1;4151
4150;8617475;8613323;1;4152
4151;8621627;4308737;2;4153
4152;8625780;5798;1487;4154
4153;8629934;28097;307;4155
4154;8634089;34939;247;4156
4155;8638245;22963;376;4157
4156;8642402;127033;68;4158
4157;8646560;14723;587;4159
4158;8650719;8646559;1;4160
4159;8654879;4325359;2;4161
4160;8659040;4327439;2;4162
4161;8663202;15007;577;4163
4162;8667365;5099;1699;4164
4163;8671529;46103;188;4165
4164;8675694;1083941;8;4166
4165;8679860;667361;13;4167
4166;8684027;32029;271;4168
4167;8688195;17579;494;4169
4168;8692364;6197;1402;4170
4169;8696534;8989;967;4171
4170;8700705;19631;443;4172
4171;8704877;271897;32;4173
4172;8709050;4412;1973;4174
4173;8713224;7769;1121;4175
4174;8717399;36457;239;4176
4175;8721575;16573;526;4177
4176;8725752;82279;106;4178
4177;8729930;8447;1033;4179
4178;8734109;671533;13;4180
4179;8738289;2183527;4;4181
4180;8742470;4472;1954;4182
4181;8746652;8742469;1;4183
4182;8750835;8746651;1;4184
4183;8755019;8186;1069;4185
4184;8759204;4377509;2;4186
4185;8763390;14771;593;4187
4186;8767577;5557;1577;4188
4187;8771765;1095947;8;4189
4188;8775954;2192941;4;4190
4189;8780144;8775953;1;4191
4190;8784335;36737;239;4192
4191;8788527;337859;26;4193
4192;8792720;231277;38;4194
4193;8796914;676363;13;4195
4194;8801109;8796913;1;4196
4195;8805305;2200277;4;4197
4196;8809502;7387;1192;4198
4197;8813700;19027;463;4199
4198;8817899;8813699;1;4200
4199;8822099;24631;358;4201
4200;8826300;4411049;2;4202
4201;8830502;23663;373;4203
4202;8834705;187883;47;4204
4203;8838909;7034;1256;4205
4204;8843114;5074;1742;4206
4205;8847320;4883;1811;4207
4206;8851527;52351;169;4208
4207;8855735;260339;34;4209
4208;8859944;42989;206;4210
4209;8864154;8859943;1;4211
4210;8868365;7097;1249;4212
4211;8872577;116689;76;4213
4212;8876790;69317;128;4214
4213;8881004;18079;491;4215
4214;8885219;25447;349;4216
4215;8889435;4442609;2;4217
4216;8893652;4444717;2;4218
4217;8897870;684127;13;4219
4218;8902089;8897869;1;4220
4219;8906309;85597;104;4221
4220;8910530;4286;2078;4222
4221;8914752;8910529;1;4223
4222;8918975;9181;971;4224
4223;8923199;5891;1514;4225
4224;8927424;6137;1454;4226
4225;8931650;8927423;1;4227
4226;8935877;8931649;1;4228
4227;8940105;2233969;4;4229
4228;8944334;1117513;8;4230
4229;8948564;168761;53;4231
4230;8952795;36229;247;4232
4231;8957027;4476397;2;4233
4232;8961260;5839;1534;4234
4233;8965494;6271;1429;4235
4234;8969729;33083;271;4236
4235;8973965;17519;512;4237
4236;8978202;2243491;4;4238
4237;8982440;6901;1301;4239
4238;8986679;8982439;1;4240
4239;8990919;11551;778;4241
4240;8995160;17093;526;4242
4241;8999402;529127;17;4243
4242;9003645;8999401;1;4244
4243;9007889;6422;1402;4245
4244;9012134;4486;2008;4246
4245;9016380;4591;1963;4247
4246;9020627;20353;443;4248
4247;9024875;104891;86;4249
4248;9029124;35531;254;4250
4249;9033374;10111;893;4251
4250;9037625;170441;53;4252
4251;9041877;6826;1324;4253
4252;9046130;4441;2036;4254
4253;9050384;10531;859;4255
4254;9054639;9050383;1;4256
4255;9058895;8254;1097;4257
4256;9063152;348419;26;4258
4257;9067410;192833;47;4259
4258;9071669;5993;1513;4260
4259;9075929;2267917;4;4261
4260;9080190;8933;1016;4262
4261;9084452;9080189;1;4263
4262;9088715;478129;19;4264
4263;9092979;77023;118;4265
4264;9097244;4546489;2;4266
4265;9101510;7703;1181;4267
4266;9105777;211663;43;4268
4267;9110045;569111;16;4269
4268;9114314;119869;76;4270
4269;9118584;8447;1079;4271
4270;9122855;13837;659;4272
4271;9127127;5237;1742;4273
4272;9131400;23893;382;4274
4273;9135674;9131399;1;4275
4274;9139949;58189;157;4276
4275;9144225;4369;2092;4277
4276;9148502;285757;32;4278
4277;9152780;9148501;1;4279
4278;9157059;9152779;1;4280
4279;9161339;55163;166;4281
4280;9165620;4580669;2;4282
4281;9169902;482401;19;4283
4282;9174185;13309;689;4284
4283;9178469;1146773;8;4285
4284;9182754;176509;52;4286
4285;9187040;103177;89;4287
4286;9191327;9187039;1;4288
4287;9195615;241877;38;4289
4288;9199904;4597807;2;4290
4289;9204194;36653;251;4291
4290;9208485;214051;43;4292
4291;9212777;39019;236;4293
4292;9217070;67741;136;4294
4293;9221364;9217069;1;4295
4294;9225659;9221363;1;4296
4295;9229955;354833;26;4297
4296;9234252;7003;1318;4298
4297;9238550;710327;13;4299
4298;9242849;9238549;1;4300
4299;9247149;288839;32;4301
4300;9251450;5339;1732;4302
4301;9255752;9251449;1;4303
4302;9260055;9255751;1;4304
4303;9264359;87359;106;4305
4304;9268664;6298;1471;4306
4305;9272970;9268663;1;4307
4306;9277277;488051;19;4308
4307;9281585;2319319;4;4309
4308;9285894;44623;208;4310
4309;9290204;12703;731;4311
4310;9294515;7241;1283;4312
4311;9298827;45119;206;4313
4312;9303140;4649413;2;4314
4313;9307454;4999;1861;4315
4314;9311769;92153;101;4316
4315;9316085;1163971;8;4317
4316;9320402;7382;1262;4318
4317;9324720;9320401;1;4319
4318;9329039;23971;389;4320
4319;9333359;245501;38;4321
4320;9337680;4666679;2;4322
4321;9342002;41873;223;4323
4322;9346325;11269;829;4324
4323;9350649;179737;52;4325
4324;9354974;1168831;8;4326
4325;9359300;12293;761;4327
4326;9363627;4981;1879;4328
4327;9367955;5234;1789;4329
4328;9372284;4683977;2;4330
4329;9376614;40927;229;4331
4330;9380945;9376613;1;4332
4331;9385277;586309;16;4333
4332;9389610;5524;1699;4334
4333;9393944;218363;43;4335
4334;9398279;722611;13;4336
4335;9402615;88663;106;4337
4336;9406952;5473;1718;4338
4337;9411290;9406951;1;4339
4338;9415629;7393;1273;4340
4339;9419969;5228;1801;4341
4340;9424310;5716;1648;4342
4341;9428652;9424309;1;4343
4342;9432995;7489;1259;4344
4343;9437339;5903;1598;4345
4344;9441684;248351;38;4346
4345;9446030;63367;149;4347
4346;9450377;5407;1747;4348
4347;9454725;4628;2042;4349
4348;9459074;2363681;4;4350
4349;9463424;727621;13;4351
4350;9467775;160397;59;4352
4351;9472127;4418;2143;4353
4352;9476480;7138;1327;4354
4353;9480834;5897;1607;4355
4354;9485189;28643;331;4356
4355;9489545;2371297;4;4357
4356;9493902;22381;424;4358
4357;9498260;499679;19;4359
4358;9502619;9498259;1;4360
4359;9506979;10973;866;4361
4360;9511340;4658;2041;4362
4361;9515702;62989;151;4363
4362;9520065;8819;1079;4364
4363;9524429;7829;1216;4365
4364;9528794;2381107;4;4366
4365;9533160;9528793;1;4367
4366;9537527;9533159;1;4368
4367;9541895;4768763;2;4369
4368;9546264;4463;2138;4370
4369;9550634;15937;599;4371
4370;9555005;9550633;1;4372
4371;9559377;6767;1412;4373
4372;9563750;5218;1832;4374
4373;9568124;735673;13;4375
4374;9572499;107507;89;4376
4375;9576875;5798;1651;4377
4376;9581252;5861;1634;4378
4377;9585630;6341;1511;4379
4378;9590009;53551;179;4380
4379;9594389;1198751;8;4381
4380;9598770;2398597;4;4382
4381;9603152;162691;59;4383
4382;9607535;505429;19;4384
4383;9611919;4803767;2;4385
4384;9616304;4805959;2;4386
4385;9620690;9437;1019;4387
4386;9625077;740053;13;4388
4387;9629465;18947;508;4389
4388;9633854;5512;1747;4390
4389;9638244;9633853;1;4391
4390;9642635;205069;47;4392
4391;9647027;4821317;2;4393
4392;9651420;26947;358;4394
4393;9655814;9651419;1;4395
4394;9660209;6511;1483;4396
4395;9664605;5912;1634;4397
4396;9669002;16001;604;4398
4397;9673400;9669001;1;4399
4398;9677799;205817;47;4400
4399;9682199;372223;26;4401
4400;9686600;9511;1018;4402
4401;9691002;39217;247;4403
4402;9695405;9691001;1;4404
4403;9699809;2423851;4;4405
4404;9704214;303119;32;4406
4405;9708620;144839;67;4407
4406;9713027;5189;1871;4408
4407;9717435;35449;274;4409
4408;9721844;4858717;2;4410
4409;9726254;164777;59;4411
4410;9730665;34613;281;4412
4411;9735077;71549;136;4413
4412;9739490;14401;676;4414
4413;9743904;40751;239;4415
4414;9748319;4979;1957;4416
4415;9752735;48259;202;4417
4416;9757152;4876367;2;4418
4417;9761570;6299;1549;4419
4418;9765989;27191;359;4420
4419;9770409;56779;172;4421
4420;9774830;64279;152;4422
4421;9779252;9774829;1;4423
4422;9783675;9779251;1;4424
4423;9788099;5323;1838;4425
4424;9792524;4894049;2;4426
4425;9796950;6071;1613;4427
4426;9801377;9796949;1;4428
4427;9805805;23561;416;4429
4428;9810234;144203;68;4430
4429;9814664;41047;239;4431
4430;9819095;9814663;1;4432
4431;9823527;31271;314;4433
4432;9827960;4911763;2;4434
4433;9832394;517261;19;4435
4434;9836829;9832393;1;4436
4435;9841265;29629;332;4437
4436;9845702;6911;1424;4438
4437;9850140;12737;773;4439
4438;9854579;11309;871;4440
4439;9859019;13649;722;4441
4440;9863460;6427;1534;4442
4441;9867902;186103;53;4443
4442;9872345;32143;307;4444
4443;9876789;11981;824;4445
4444;9881234;2469197;4;4446
4445;9885680;7003;1411;4447
4446;9890127;4877;2027;4448
4447;9894575;10589;934;4449
4448;9899024;4947287;2;4450
4449;9903474;9899023;1;4451
4450;9907925;9903473;1;4452
4451;9912377;190537;52;4453
4452;9916830;65213;152;4454
4453;9921284;4589;2161;4455
4454;9925739;9921283;1;4456
4455;9930195;4962869;2;4457
4456;9934652;8819;1126;4458
4457;9939110;9934651;1;4459
4458;9943569;7771;1279;4460
4459;9948029;621473;16;4461
4460;9952490;8101;1228;4462
4461;9956952;9952489;1;4463
4462;9961415;11051;901;4464
4463;9965879;16999;586;4465
4464;9970344;383303;26;4466
4465;9974810;9970343;1;4467
4466;9979277;767293;13;4468
4467;9983745;2494819;4;4469
4468;9988214;5288;1888;4470
4469;9992684;9988213;1;4471
4470;9997155;7937;1259;4472
4471;10001627;263083;38;4473
4472;10006100;6767;1478;4474
4473;10010574;10006099;1;4475
4474;10015049;10010573;1;4476
4475;10019525;1251881;8;4477
4476;10024002;2504881;4;4478
4477;10028480;40583;247;4479
4478;10032959;10028479;1;4480
4479;10037439;22699;442;4481
4480;10041920;5506;1823;4482
4481;10046402;5431;1849;4483
4482;10050885;10046401;1;4484
4483;10055369;2512721;4;4485
4484;10059854;4552;2209;4486
4485;10064340;10059853;1;4487
4486;10068827;10064339;1;4488
4487;10073315;5034413;2;4489
4488;10077804;5036657;2;4490
4489;10082294;10077803;1;4491
4490;10086785;40819;247;4492
4491;10091277;78803;128;4493
4492;10095770;8258;1222;4494
4493;10100264;17497;577;4495
4494;10104759;7897;1279;4496
4495;10109255;20129;502;4497
4496;10113752;15649;646;4498
4497;10118250;73823;137;4499
4498;10122749;10118249;1;4500
4499;10127249;6962;1454;4501
4500;10131750;5492;1844;4502
4501;10136252;10131749;1;4503
4502;10140755;79813;127;4504
4503;10145259;6838;1483;4505
4504;10149764;12049;842;4506
4505;10154270;11653;871;4507
4506;10158777;10837;937;4508
4507;10163285;1269847;8;4509
4508;10167794;2540821;4;4510
4509;10172304;8683;1171;4511
4510;10176815;29147;349;4512
4511;10181327;5088407;2;4513
4512;10185840;33713;302;4514
4513;10190354;53329;191;4515
4514;10194869;80239;127;4516
4515;10199385;5062;2014;4517
4516;10203902;5252;1942;4518
4517;10208420;16171;631;4519
4518;10212939;9461;1079;4520
4519;10217459;5106469;2;4521
4520;10221980;4657;2194;4522
4521;10226502;6949;1471;4523
4522;10231025;10226501;1;4524
4523;10235549;639439;16;4525
4524;10240074;59509;172;4526
4525;10244600;115057;89;4527
4526;10249127;10244599;1;4528
4527;10253655;86857;118;4529
4528;10258184;6502;1577;4530
4529;10262714;789091;13;4531
4530;10267245;603689;17;4532
4531;10271777;8402;1222;4533
4532;10276310;4996;2056;4534
4533;10280844;10627;967;4535
4534;10285379;541097;19;4536
4535;10289915;5142689;2;4537
4536;10294452;5144957;2;4538
4537;10298990;10294451;1;4539
4538;10303529;5051;2039;4540
4539;10308069;6298;1636;4541
4540;10312610;10267;1004;4542
4541;10317152;10312609;1;4543
4542;10321695;793627;13;4544
4543;10326239;8419;1226;4545
4544;10330784;5798;1781;4546
4545;10335330;10330783;1;4547
4546;10339877;100343;103;4548
4547;10344425;5134;2014;4549
4548;10348974;30071;344;4550
4549;10353524;10348973;1;4551
4550;10358075;10353523;1;4552
4551;10362627;9199;1126;4553
4552;10367180;58217;178;4554
4553;10371734;545641;19;4555
4554;10376289;10371733;1;4556
4555;10380845;24943;416;4557
4556;10385402;7229;1436;4558
4557;10389960;58019;179;4559
4558;10394519;13511;769;4560
4559;10399079;5197259;2;4561
4560;10403640;5199539;2;4562
4561;10408202;10403639;1;4563
4562;10412765;10408201;1;4564
4563;10417329;7459;1396;4565
4564;10421894;38299;272;4566
4565;10426460;10421893;1;4567
4566;10431027;548761;19;4568
4567;10435595;121291;86;4569
4568;10440164;7573;1378;4570
4569;10444734;10440163;1;4571
4570;10449305;803441;13;4572
4571;10453877;7297;1432;4573
4572;10458450;5092;2053;4574
4573;10463024;103549;101;4575
4574;10467599;28051;373;4576
4575;10472175;7234;1447;4577
4576;10476752;5236087;2;4578
4577;10481330;10476751;1;4579
4578;10485909;223007;47;4580
4579;10490489;2621477;4;4581
4580;10495070;1311311;8;4582
4581;10499652;4777;2197;4583
4582;10504235;31721;331;4584
4583;10508819;404009;26;4585
4584;10513404;4943;2126;4586
4585;10517990;29123;361;4587
4586;10522577;178271;59;4588
4587;10527165;657661;16;4589
4588;10531754;16763;628;4590
4589;10536344;10531753;1;4591
4590;10540935;10536343;1;4592
4591;10545527;6451;1634;4593
4592;10550120;5272763;2;4594
4593;10554714;6367;1657;4595
4594;10559309;5449;1937;4596
4595;10563905;2639827;4;4597
4596;10568502;12697;832;4598
4597;10573100;10568501;1;4599
4598;10577699;47413;223;4600
4599;10582299;11423;926;4601
4600;10586900;99833;106;4602
4601;10591502;19007;557;4603
4602;10596105;10591501;1;4604
4603;10600709;1324513;8;4605
4604;10605314;139483;76;4606
4605;10609920;10605313;1;4607
4606;10614527;158357;67;4608
4607;10619135;408251;26;4609
4608;10623744;5098;2083;4610
4609;10628354;817211;13;4611
4610;10632965;13009;817;4612
4611;10637577;32027;332;4613
4612;10642190;5444;1954;4614
4613;10646804;24023;443;4615
4614;10651419;119627;89;4616
4615;10656035;8891;1198;4617
4616;10660652;5328017;2;4618
4617;10665270;5959;1789;4619
4618;10669889;10665269;1;4620
4619;10674509;4688;2276;4621
4620;10679130;5356;1993;4622
4621;10683752;201493;53;4623
4622;10688375;821827;13;4624
4623;10692999;281273;38;4625
4624;10697624;10889;982;4626
4625;10702250;227609;47;4627
4626;10706877;10702249;1;4628
4627;10711505;2676719;4;4629
4628;10716134;6224;1721;4630
4629;10720764;84379;127;4631
4630;10725395;23459;457;4632
4631;10730027;5362697;2;4633
4632;10734660;315589;34;4634
4633;10739294;17569;611;4635
4634;10743929;5891;1823;4636
4635;10748565;103307;104;4637
4636;10753202;2687141;4;4638
4637;10757840;10753201;1;4639
4638;10762479;5387;1997;4640
4639;10767119;80317;134;4641
4640;10771760;5383559;2;4642
4641;10776402;11303;953;4643
4642;10781045;567179;19;4644
4643;10785689;18089;596;4645
4644;10790334;1348211;8;4646
4645;10794980;182887;59;4647
4646;10799627;830383;13;4648
4647;10804275;9199;1174;4649
4648;10808924;21871;494;4650
4649;10813574;6173;1751;4651
4650;10818225;10813573;1;4652
4651;10822877;4904;2206;4653
4652;10827530;11321;956;4654
4653;10832184;4751;2279;4655
4654;10836839;56713;191;4656
4655;10841495;5418419;2;4657
4656;10846152;5420747;2;4658
4657;10850810;6869;1579;4659
4658;10855469;10850809;1;4660
4659;10860129;208759;52;4661
4660;10864790;5864;1852;4662
4661;10869452;43987;247;4663
4662;10874115;10869451;1;4664
4663;10878779;36007;302;4665
4664;10883444;5439389;2;4666
4665;10888110;6043;1801;4667
4666;10892777;640477;17;4668
4667;10897445;71663;152;4669
4668;10902114;11399;956;4670
4669;10906784;14177;769;4671
4670;10911455;8501;1283;4672
4671;10916127;5455727;2;4673
4672;10920800;8933;1222;4674
4673;10925474;162997;67;4675
4674;10930149;5353;2041;4676
4675;10934825;2732537;4;4677
4676;10939502;23167;472;4678
4677;10944180;254407;43;4679
4678;10948859;10944179;1;4680
4679;10953539;5474429;2;4681
4680;10958220;6133;1786;4682
4681;10962902;79987;137;4683
4682;10967585;10962901;1;4684
4683;10972269;20161;544;4685
4684;10976954;33049;332;4686
4685;10981640;33163;331;4687
4686;10986327;577981;19;4688
4687;10991015;422551;26;4689
4688;10995704;7274;1511;4690
4689;11000394;24821;443;4691
4690;11005085;11000393;1;4692
4691;11009777;9791;1124;4693
4692;11014470;688111;16;4694
4693;11019164;12763;863;4695
4694;11023859;132761;83;4696
4695;11028555;5511929;2;4697
4696;11033252;128239;86;4698
4697;11037950;11033251;1;4699
4698;11042649;5623;1963;4700
4699;11047349;72649;152;4701
4700;11052050;12497;884;4702
4701;11056752;42023;263;4703
4702;11061455;11056751;1;4704
4703;11066159;62143;178;4705
4704;11070864;11269;982;4706
4705;11075570;582677;19;4707
4706;11080277;165307;67;4708
4707;11084985;7121;1556;4709
4708;11089694;5113;2168;4710
4709;11094404;18701;593;4711
4710;11099115;11094403;1;4712
4711;11103827;426889;26;4713
4712;11108540;7642;1453;4714
4713;11113254;65731;169;4715
4714;11117969;11113253;1;4716
4715;11122685;694873;16;4717
4716;11127402;2780671;4;4718
4717;11132120;654553;17;4719
4718;11136839;5801;1919;4720
4719;11141559;12079;922;4721
4720;11146280;129553;86;4722
4721;11151002;11146279;1;4723
4722;11155725;11151001;1;4724
4723;11160449;27077;412;4725
4724;11165174;5648;1976;4726
4725;11169900;14009;797;4727
4726;11174627;859223;13;4728
4727;11179355;4982;2243;4729
4728;11184084;5589677;2;4730
4729;11188814;11184083;1;4731
4730;11193545;125717;89;4732
4731;11198277;1399193;8;4733
4732;11203010;8654;1294;4734
4733;11207744;25873;433;4735
4734;11212479;659279;17;4736
4735;11217215;95021;118;4737
4736;11221952;31333;358;4738
4737;11226690;45433;247;4739
4738;11231429;19457;577;4740
4739;11236169;5023;2236;4741
4740;11240910;20963;536;4742
4741;11245652;5381;2089;4743
4742;11250395;11245651;1;4744
4743;11255139;5662;1987;4745
4744;11259884;9587;1174;4746
4745;11264630;71719;157;4747
4746;11269377;44879;251;4748
4747;11274125;44021;256;4749
4748;11278874;2818531;4;4750
4749;11283624;36739;307;4751
4750;11288375;4849;2327;4752
4751;11293127;332011;34;4753
4752;11297880;8434;1339;4754
4753;11302634;11297879;1;4755
4754;11307389;11302633;1;4756
4755;11312145;2826847;4;4757
4756;11316902;4826;2344;4758
4757;11321660;26881;421;4759
4758;11326419;11321659;1;4760
4759;11331179;106853;106;4761
4760;11335940;8042;1409;4762
4761;11340702;22271;509;4763
4762;11345465;596879;19;4764
4763;11350229;5074;2236;4765
4764;11354994;2837557;4;4766
4765;11359760;873461;13;4767
4766;11364527;12361;919;4768
4767;11369295;18509;614;4769
4768;11374064;5266;2159;4770
4769;11378834;7649;1487;4771
4770;11383605;11378833;1;4772
4771;11388377;20773;548;4773
4772;11393150;1423547;8;4774
4773;11397924;170047;67;4775
4774;11402699;242509;47;4776
4775;11407475;5942;1919;4777
4776;11412252;7046;1619;4778
4777;11417030;29797;383;4779
4778;11421809;7709;1481;4780
4779;11426589;713863;16;4781
4780;11431370;53899;212;4782
4781;11436152;601651;19;4783
4782;11440935;265957;43;4784
4783;11445719;5482;2087;4785
4784;11450504;5722859;2;4786
4785;11455290;11237;1019;4787
4786;11460077;11455289;1;4788
4787;11464865;12511;916;4789
4788;11469654;358277;32;4790
4789;11474444;44629;257;4791
4790;11479235;11474443;1;4792
4791;11484027;6526;1759;4793
4792;11488820;13261;866;4794
4793;11493614;11488819;1;4795
4794;11498409;10253;1121;4796
4795;11503205;1437301;8;4797
4796;11508002;6938;1658;4798
4797;11512800;30047;383;4799
4798;11517599;22013;523;4800
4799;11522399;6673;1726;4801
4800;11527200;15959;722;4802
4801;11532002;11527199;1;4803
4802;11536805;52181;221;4804
4803;11541609;2884201;4;4805
4804;11546414;110977;104;4806
4805;11551220;5393;2141;4807
4806;11556027;15179;761;4808
4807;11560835;86239;134;4809
4808;11565644;5780417;2;4810
4809;11570454;8849;1307;4811
4810;11575265;11570453;1;4812
4811;11580077;361727;32;4813
4812;11584890;54623;212;4814
4813;11589704;12973;893;4815
4814;11594519;76753;151;4816
4815;11599335;445943;26;4817
4816;11604152;7346;1579;4818
4817;11608970;892627;13;4819
4818;11613789;84737;137;4820
4819;11618609;6052;1919;4821
4820;11623430;726163;16;4822
4821;11628252;10481;1109;4823
4822;11633075;197089;59;4824
4823;11637899;5351;2174;4825
4824;11642724;5818949;2;4826
4825;11647550;270761;43;4827
4826;11652377;113083;103;4828
4827;11657205;1456547;8;4829
4828;11662034;224177;52;4830
4829;11666864;11662033;1;4831
4830;11671695;50947;229;4832
4831;11676527;37171;314;4833
4832;11681360;307277;38;4834
4833;11686194;220403;53;4835
4834;11691029;11686193;1;4836
4835;11695865;2922757;4;4837
4836;11700702;85999;136;4838
4837;11705540;11700701;1;4839
4838;11710379;14687;797;4840
4839;11715219;5855189;2;4841
4840;11720060;87427;134;4842
4841;11724902;11479;1021;4843
4842;11729745;9587;1223;4844
4843;11734589;56393;208;4845
4844;11739434;2933647;4;4846
4845;11744280;61463;191;4847
4846;11749127;11744279;1;4848
4847;11753975;5874563;2;4849
4848;11758824;9502;1237;4850
4849;11763674;6493;1811;4851
4850;11768525;141731;83;4852
4851;11773377;154849;76;4853
4852;11778230;183959;64;4854
4853;11783084;11743;1003;4855
4854;11787939;906391;13;4856
4855;11792795;57223;206;4857
4856;11797652;453569;26;4858
4857;11802510;620929;19;4859
4858;11807369;10079;1171;4860
4859;11812229;8458;1396;4861
4860;11817090;7802;1514;4862
4861;11821952;11817089;1;4863
4862;11826815;42071;281;4864
4863;11831679;6311;1874;4865
4864;11836544;5915839;2;4866
4865;11841410;223331;53;4867
4866;11846277;11841409;1;4868
4867;11851145;5317;2228;4869
4868;11856014;5864;2021;4870
4869;11860884;9113;1301;4871
4870;11865755;36721;323;4872
4871;11870627;6719;1766;4873
4872;11875500;5935313;2;4874
4873;11880374;11875499;1;4875
4874;11885249;177319;67;4876
4875;11890125;185707;64;4877
4876;11895002;6196;1919;4878
4877;11899880;11895001;1;4879
4878;11904759;11899879;1;4880
4879;11909639;5952379;2;4881
4880;11914520;458063;26;4882
4881;11919402;5251;2269;4883
4882;11924285;70529;169;4884
4883;11929169;23473;508;4885
4884;11934054;745573;16;4886
4885;11938940;7159;1667;4887
4886;11943827;225263;53;4888
4887;11948715;351289;34;4889
4888;11953604;6269;1906;4890
4889;11958494;629137;19;4891
4890;11963385;11958493;1;4892
4891;11968277;6257;1912;4893
4892;11973170;6407;1868;4894
4893;11978064;921013;13;4895
4894;11982959;11978063;1;4896
4895;11987855;4966;2413;4897
4896;11992752;5993927;2;4898
4897;11997650;11992751;1;4899
4898;12002549;11997649;1;4900
4899;12007449;3000637;4;4901
4900;12012350;1500931;8;4902
4901;12017252;12012349;1;4903
4902;12022155;76543;157;4904
4903;12027059;6011077;2;4905
4904;12031964;353737;34;4906
4905;12036870;12031963;1;4907
4906;12041777;925913;13;4908
4907;12046685;6298;1912;4909
4908;12051594;5206;2314;4910
4909;12056504;23677;509;4911
4910;12061415;12056503;1;4912
4911;12066327;140249;86;4913
4912;12071240;17287;698;4914
4913;12076154;36469;331;4915
4914;12081069;8873;1361;4916
4915;12085985;8413;1436;4917
4916;12090902;377687;32;4918
4917;12095820;12090901;1;4919
4918;12100739;228223;53;4920
4919;12105659;35801;338;4921
4920;12110580;59929;202;4922
4921;12115502;54799;221;4923
4922;12120425;12115501;1;4924
4923;12125349;1515053;8;4925
4924;12130274;3031337;4;4926
4925;12135200;28813;421;4927
4926;12140127;12135199;1;4928
4927;12145055;319477;38;4929
4928;12149984;6072527;2;4930
4929;12154914;18437;659;4931
4930;12159845;12154913;1;4932
4931;12164777;5414;2246;4933
4932;12169710;116969;104;4934
4933;12174644;7717;1577;4935
4934;12179579;936511;13;4936
4935;12184515;141623;86;4937
4936;12189452;9182;1327;4938
4937;12194390;7529;1619;4939
4938;12199329;717317;17;4940
4939;12204269;7193;1696;4941
4940;12209210;51713;236;4942
4941;12214152;9983;1223;4943
4942;12219095;9461;1291;4944
4943;12224039;73609;166;4945
4944;12228984;8719;1402;4946
4945;12233930;940691;13;4947
4946;12238877;33889;361;4948
4947;12243825;8203;1492;4949
4948;12248774;6544;1871;4950
4949;12253724;12248773;1;4951
4950;12258675;12253723;1;4952
4951;12263627;8431;1454;4953
4952;12268580;322727;38;4954
4953;12273534;12268579;1;4955
4954;12278489;6073;2021;4956
4955;12283445;5272;2329;4957
4956;12288402;3070861;4;4958
4957;12293360;12288401;1;4959
4958;12298319;9181;1339;4960
4959;12303279;5657;2174;4961
4960;12308240;473203;26;4962
4961;12313202;26699;461;4963
4962;12318165;261983;47;4964
4963;12323129;6932;1777;4965
4964;12328094;5857;2104;4966
4965;12333060;81643;151;4967
4966;12338027;26987;457;4968
4967;12342995;6169013;2;4969
4968;12347964;10303;1198;4970
4969;12352934;12347963;1;4971
4970;12357905;138797;89;4972
4971;12362877;5512;2242;4973
4972;12367850;9554;1294;4974
4973;12372824;951373;13;4975
4974;12377799;184669;67;4976
4975;12382775;8674;1427;4977
4976;12387752;24091;514;4978
4977;12392730;122651;101;4979
4978;12397709;288203;43;4980
4979;12402689;11437;1084;4981
4980;12407670;6056;2048;4982
4981;12412652;12407669;1;4983
4982;12417635;11677;1063;4984
4983;12422619;6208817;2;4985
4984;12427604;25147;494;4986
4985;12432590;12427603;1;4987
4986;12437577;956353;13;4988
4987;12442565;1554697;8;4989
4988;12447554;19813;628;4990
4989;12452544;732209;17;4991
4990;12457535;55841;223;4992
4991;12462527;6694;1861;4993
4992;12467520;117571;106;4994
4993;12472514;12467519;1;4995
4994;12477509;12472513;1;4996
4995;12482505;3119377;4;4997
4996;12487502;1560313;8;4998
4997;12492500;10793;1157;4999
4998;12497499;12492499;1;5000
4999;12502499;8147;1534;5001
5000;12507500;41399;302;5002
5001;12512502;266117;47;5003
5002;12517505;12512501;1;5004
5003;12522509;5147;2432;5005
5004;12527514;3130627;4;5006
5005;12532520;12527513;1;5007
5006;12537527;737207;17;5008
5007;12542535;6268763;2;5009
5008;12547544;93601;134;5010
5009;12552554;14051;893;5011
5010;12557565;7603;1651;5012
5011;12562577;3139391;4;5013
5012;12567590;60397;208;5014
5013;12572604;8807;1427;5015
5014;12577619;12572603;1;5016
5015;12582635;6288809;2;5017
5016;12587652;19007;662;5018
5017;12592670;32359;389;5019
5018;12597689;12592669;1;5020
5019;12602709;5594;2252;5021
5020;12607730;3150677;4;5022
5021;12612752;124829;101;5023
5022;12617775;5227;2413;5024
5023;12622799;28547;442;5025
5024;12627824;119083;106;5026
5025;12632850;971371;13;5027
5026;12637877;152203;83;5028
5027;12642905;3159469;4;5029
5028;12647934;83177;152;5030
5029;12652964;48091;263;5031
5030;12657995;214457;59;5032
5031;12663027;6328997;2;5033
5032;12668060;61471;206;5034
5033;12673094;12668059;1;5035
5034;12678129;12673093;1;5036
5035;12683165;792383;16;5037
5036;12688202;5108;2483;5038
5037;12693240;12688201;1;5039
5038;12698279;976403;13;5040
5039;12703319;6349139;2;5041
5040;12708360;8689;1462;5042
5041;12713402;9983;1273;5043
5042;12718445;50651;251;5044
5043;12723489;3179611;4;5045
5044;12728534;7132;1784;5046
5045;12733580;7261;1753;5047
5046;12738627;49547;257;5048
5047;12743675;5149;2474;5049
5048;12748724;135571;94;5050
5049;12753774;43511;293;5051
5050;12758825;12753773;1;5052
5051;12763877;9437;1352;5053
5052;12768930;3190969;4;5054
5053;12773984;22441;569;5055
5054;12779039;5347;2389;5056
5055;12784095;6389519;2;5057
5056;12789152;14429;886;5058
5057;12794210;752303;17;5059
5058;12799269;216851;59;5060
5059;12804329;13973;916;5061
5060;12809390;84239;152;5062
5061;12814452;124363;103;5063
5062;12819515;6019;2129;5064
5063;12824579;6409757;2;5065
5064;12829644;11471;1118;5066
5065;12834710;12829643;1;5067
5066;12839777;675511;19;5068
5067;12844845;401243;32;5069
5068;12849914;6836;1879;5070
5069;12854984;12849913;1;5071
5070;12860055;22279;577;5072
5071;12865127;6430027;2;5073
5072;12870200;6432563;2;5074
5073;12875274;12870199;1;5075
5074;12880349;5219;2467;5076
5075;12885425;7394;1742;5077
5076;12890502;805339;16;5078
5077;12895580;18709;689;5079
5078;12900659;127679;101;5080
5079;12905739;339491;38;5081
5080;12910820;6452869;2;5082
5081;12915902;12910819;1;5083
5082;12920985;12915901;1;5084
5083;12926069;37561;344;5085
5084;12931154;3231517;4;5086
5085;12936240;680587;19;5087
5086;12941327;16999;761;5088
5087;12946415;14159;914;5089
5088;12951504;38303;338;5090
5089;12956594;219517;59;5091
5090;12961685;6689;1937;5092
5091;12966777;190613;68;5093
5092;12971870;11831;1096;5094
5093;12976964;5527;2347;5095
5094;12982059;72497;179;5096
5095;12987155;138107;94;5097
5096;12992252;16693;778;5098
5097;12997350;12992251;1;5099
5098;13002449;12907;1007;5100
5099;13007549;9791;1328;5101
5100;13012650;3251887;4;5102
5101;13017752;1000973;13;5103
5102;13022855;9239;1409;5104
5103;13027959;10657;1222;5105
5104;13033064;342841;38;5106
5105;13038170;13033063;1;5107
5106;13043277;13038169;1;5108
5107;13048385;75833;172;5109
5108;13053494;5728;2278;5110
5109;13058604;157271;83;5111
5110;13063715;9511;1373;5112
5111;13068827;6531857;2;5113
5112;13073940;7607;1718;5114
5113;13079054;13073939;1;5115
5114;13084169;7319;1787;5116
5115;13089285;6662;1964;5117
5116;13094402;6668;1963;5118
5117;13099520;11681;1121;5119
5118;13104639;13099519;1;5120
5119;13109759;6343;2066;5121
5120;13114880;6554879;2;5122
5121;13120002;13114879;1;5123
5122;13125125;129901;101;5124
5123;13130249;7087;1852;5125
5124;13135374;1641281;8;5126
5125;13140500;772669;17;5127
5126;13145627;305593;43;5128
5127;13150755;505601;26;5129
5128;13155884;6575377;2;5130
5129;13161014;8593;1531;5131
5130;13166145;12667;1039;5132
5131;13171277;205721;64;5133
5132;13176410;7433;1772;5134
5133;13181544;13176409;1;5135
5134;13186679;17837;739;5136
5135;13191815;64013;206;5137
5136;13196952;6821;1934;5138
5137;13202090;103913;127;5139
5138;13207229;25243;523;5140
5139;13212369;3301807;4;5141
5140;13217510;63521;208;5142
5141;13222652;13217509;1;5143
5142;13227795;10387;1273;5144
5143;13232939;23537;562;5145
5144;13238084;6616469;2;5146
5145;13243230;84319;157;5147
5146;13248377;55411;239;5148
5147;13253525;1656047;8;5149
5148;13258674;5251;2524;5150
5149;13263824;104399;127;5151
5150;13268975;6563;2021;5152
5151;13274127;8003;1658;5153
5152;13279280;6637063;2;5154
5153;13284434;1021483;13;5155
5154;13289589;13284433;1;5156
5155;13294745;13451;988;5157
5156;13299902;5422;2452;5158
5157;13305060;13613;977;5159
5158;13310219;23887;557;5160
5159;13315379;6001;2218;5161
5160;13320540;17383;766;5162
5161;13325702;36899;361;5163
5162;13330865;13325701;1;5164
5163;13336029;833179;16;5165
5164;13341194;32369;412;5166
5165;13346360;13341193;1;5167
5166;13351527;5629;2371;5168
5167;13356695;6675763;2;5169
5168;13361864;513719;26;5170
5169;13367034;310741;43;5171
5170;13372205;13367033;1;5172
5171;13377377;3343051;4;5173
5172;13382550;418043;32;5174
5173;13387724;13382549;1;5175
5174;13392899;704617;19;5176
5175;13398075;5963;2246;5177
5176;13403252;6679;2006;5178
5177;13408430;13403251;1;5179
5178;13413609;31849;421;5180
5179;13418789;5252;2554;5181
5180;13423970;7277;1844;5182
5181;13429152;1032613;13;5183
5182;13434335;11371;1181;5184
5183;13439519;126739;106;5185
5184;13444704;6719759;2;5186
5185;13449890;7867;1709;5187
5186;13455077;13449889;1;5188
5187;13460265;3363769;4;5189
5188;13465454;5914;2276;5190
5189;13470644;286499;47;5191
5190;13475835;90407;149;5192
5191;13481027;6782;1987;5193
5192;13486220;6247;2158;5194
5193;13491414;13889;971;5195
5194;13496609;1037801;13;5196
5195;13501805;6872;1964;5197
5196;13507002;3375451;4;5198
5197;13512200;287383;47;5199
5198;13517399;13512199;1;5200
5199;13522599;355721;38;5201
5200;13527800;6761299;2;5202
5201;13533002;13527799;1;5203
5202;13538205;13533001;1;5204
5203;13543409;3384551;4;5205
5204;13548614;15971;848;5206
5205;13553820;46241;293;5207
5206;13559027;13553819;1;5208
5207;13564235;8839;1534;5209
5208;13569444;19433;698;5210
5209;13574654;202529;67;5211
5210;13579865;13141;1033;5212
5211;13585077;5912;2297;5213
5212;13590290;8314;1634;5214
5213;13595504;60943;223;5215
5214;13600719;22697;599;5216
5215;13605935;6800359;2;5217
5216;13611152;43331;314;5218
5217;13616370;13611151;1;5219
5218;13621589;55127;247;5220
5219;13626809;3405397;4;5221
5220;13632030;10079;1352;5222
5221;13637252;13632029;1;5223
5222;13642475;13637251;1;5224
5223;13647699;67537;202;5225
5224;13652924;6502;2099;5226
5225;13658150;31531;433;5227
5226;13663377;18787;727;5228
5227;13668605;6494;2104;5229
5228;13673834;3417151;4;5230
5229;13679064;99809;137;5231
5230;13684295;13679063;1;5232
5231;13689527;27701;494;5233
5232;13694760;6844763;2;5234
5233;13699994;53287;257;5235
5234;13705229;23339;587;5236
5235;13710465;58073;236;5237
5236;13715702;5504;2491;5238
5237;13720940;8111;1691;5239
5238;13726179;133213;103;5240
5239;13731419;46061;298;5241
5240;13736660;6865709;2;5242
5241;13741902;13736659;1;5243
5242;13747145;205103;67;5244
5243;13752389;1718393;8;5245
5244;13757634;5627;2444;5246
5245;13762880;60077;229;5247
5246;13768127;1058683;13;5248
5247;13773375;6884063;2;5249
5248;13778624;27437;502;5250
5249;13783874;13778623;1;5251
5250;13789125;50863;271;5252
5251;13794377;3447281;4;5253
5252;13799630;6452;2138;5254
5253;13804884;49109;281;5255
5254;13810139;13804883;1;5256
5255;13815395;160583;86;5257
5256;13820652;363563;38;5258
5257;13825910;8957;1543;5259
5258;13831169;13825909;1;5260
5259;13836429;6656;2078;5261
5260;13841690;3459107;4;5262
5261;13846952;5933;2333;5263
5262;13852215;13846951;1;5264
5263;13857479;6926107;2;5265
5264;13862744;11303;1226;5266
5265;13868010;167021;83;5267
5266;13873277;235051;59;5268
5267;13878545;15553;892;5269
5268;13883814;867409;16;5270
5269;13889084;730727;19;5271
5270;13894355;6617;2099;5272
5271;13899627;6947177;2;5273
5272;13904900;534601;26;5274
5273;13910174;77681;179;5275
5274;13915449;38747;359;5276
5275;13920725;6308;2206;5277
5276;13926002;8509;1636;5278
5277;13931280;72911;191;5279
5278;13936559;819487;17;5280
5279;13941839;162053;86;5281
5280;13947120;69019;202;5282
5281;13952402;13947119;1;5283
5282;13957685;13952401;1;5284
5283;13962969;5711;2444;5285
5284;13968254;1745371;8;5286
5285;13973540;1074481;13;5287
5286;13978827;13973539;1;5288
5287;13984115;39047;358;5289
5288;13989404;8702;1607;5290
5289;13994694;263951;53;5291
5290;13999985;13994693;1;5292
5291;14005277;18617;752;5293
5292;14010570;13313;1052;5294
5293;14015864;55819;251;5295
5294;14021159;12503;1121;5296
5295;14026455;412387;34;5297
5296;14031752;539479;26;5298
5297;14037050;5849;2399;5299
5298;14042349;25111;559;5300
5299;14047649;3510587;4;5301
5300;14052950;438989;32;5302
5301;14058252;14052949;1;5303
5302;14063555;23707;593;5304
5303;14068859;27361;514;5305
5304;14074164;7034429;2;5306
5305;14079470;14074163;1;5307
5306;14084777;14079469;1;5308
5307;14090085;9754;1444;5309
5308;14095394;3522521;4;5310
5309;14100704;16183;871;5311
5310;14106015;266051;53;5312
5311;14111327;542539;26;5313
5312;14116640;415039;34;5314
5313;14121954;742981;19;5315
5314;14127269;14121953;1;5316
5315;14132585;6121;2308;5317
5316;14137902;1766573;8;5318
5317;14143220;14137901;1;5319
5318;14148539;52189;271;5320
5319;14153859;51637;274;5321
5320;14159180;18973;746;5322
5321;14164502;27073;523;5323
5322;14169825;25339;559;5324
5323;14175149;442807;32;5325
5324;14180474;5398;2626;5326
5325;14185800;240347;59;5327
5326;14191127;8389;1691;5328
5327;14196455;9227;1538;5329
5328;14201784;7098227;2;5330
5329;14207114;835399;17;5331
5330;14212445;302279;47;5332
5331;14217777;6053;2348;5333
5332;14223110;46769;304;5334
5333;14228444;14223109;1;5335
5334;14233779;10303;1381;5336
5335;14239115;547453;26;5337
5336;14244452;7119557;2;5338
5337;14249790;1095727;13;5339
5338;14255129;303187;47;5340
5339;14260469;11959;1192;5341
5340;14265810;3565117;4;5342
5341;14271152;138503;103;5343
5342;14276495;15529;919;5344
5343;14281839;106541;134;5345
5344;14287184;7166;1993;5346
5345;14292530;751957;19;5347
5346;14297877;7157;1997;5348
5347;14303225;10799;1324;5349
5348;14308574;6628;2158;5350
5349;14313924;14308573;1;5351
5350;14319275;1101071;13;5352
5351;14324627;376823;38;5353
5352;14329980;6529;2194;5354
5353;14335334;161011;89;5355
5354;14340689;14335333;1;5356
5355;14346045;896293;16;5357
5356;14351402;3586511;4;5358
5357;14356760;35089;409;5359
5358;14362119;172973;83;5360
5359;14367479;15377;934;5361
5360;14372840;7183739;2;5362
5361;14378202;1105603;13;5363
5362;14383565;14378201;1;5364
5363;14388929;7982;1802;5365
5364;14394294;11833;1216;5366
5365;14399660;334751;43;5367
5366;14405027;105107;137;5368
5367;14410395;7202513;2;5369
5368;14415764;7057;2042;5370
5369;14421134;60317;239;5371
5370;14426505;7369;1957;5372
5371;14431877;6082;2372;5373
5372;14437250;3607969;4;5374
5373;14442624;91957;157;5375
5374;14447999;1110971;13;5376
5375;14453375;7223999;2;5377
5376;14458752;8297;1742;5378
5377;14464130;307633;47;5379
5378;14469509;14464129;1;5380
5379;14474889;5591;2588;5381
5380;14480270;106433;136;5382
5381;14485652;31007;467;5383
5382;14491035;14485651;1;5384
5383;14496419;381343;38;5385
5384;14501804;5714;2537;5386
5385;14507190;11233;1291;5387
5386;14512577;14507189;1;5388
5387;14517965;17443;832;5389
5388;14523354;24359;596;5390
5389;14528744;58799;247;5391
5390;14534135;14528743;1;5392
5391;14539527;57221;254;5393
5392;14544920;7269763;2;5394
5393;14550314;19843;733;5395
5394;14555709;14550313;1;5396
5395;14561105;68659;212;5397
5396;14566502;910069;16;5398
5397;14571900;856853;17;5399
5398;14577299;14571899;1;5400
5399;14582699;7288649;2;5401
5400;14588100;560873;26;5402
5401;14593502;14588099;1;5403
5402;14598905;59083;247;5404
5403;14604309;14369;1016;5405
5404;14609714;7166;2038;5406
5405;14615120;14609713;1;5407
5406;14620527;37571;389;5408
5407;14625935;7310263;2;5409
5408;14631344;8951;1634;5410
5409;14636754;14631343;1;5411
5410;14642165;218459;67;5412
5411;14647577;3660541;4;5413
5412;14652990;31033;472;5414
5413;14658404;1127153;13;5415
5414;14663819;862259;17;5416
5415;14669235;6337;2314;5417
5416;14674652;138389;106;5418
5417;14680070;14674651;1;5419
5418;14685489;28841;509;5420
5419;14690909;917843;16;5421
5420;14696330;3672727;4;5422
5421;14701752;773491;19;5423
5422;14707175;31891;461;5424
5423;14712599;16091;914;5425
5424;14718024;13207;1114;5426
5425;14723450;145723;101;5427
5426;14728877;87121;169;5428
5427;14734305;9014;1634;5429
5428;14739734;35419;416;5430
5429;14745164;14739733;1;5431
5430;14750595;41771;353;5432
5431;14756027;10454;1411;5433
5432;14761460;156979;94;5434
5433;14766894;14761459;1;5435
5434;14772329;8521;1733;5436
5435;14777765;1846541;8;5437
5436;14783202;16567;892;5438
5437;14788640;13829;1069;5439
5438;14794079;19231;769;5440
5439;14799519;569003;26;5441
5440;14804960;389461;38;5442
5441;14810402;13721;1079;5443
5442;14815845;166409;89;5444
5443;14821289;7906;1874;5445
5444;14826734;17987;824;5446
5445;14832180;14826733;1;5447
5446;14837627;12559;1181;5448
5447;14843075;7418813;2;5449
5448;14848524;8237;1802;5450
5449;14853974;14848523;1;5451
5450;14859425;14853973;1;5452
5451;14864877;10799;1376;5453
5452;14870330;6388;2327;5454
5453;14875784;98479;151;5455
5454;14881239;1144291;13;5456
5455;14886695;7440619;2;5457
5456;14892152;54331;274;5458
5457;14897610;5563;2677;5459
5458;14903069;10253;1453;5460
5459;14908529;5966;2498;5461
5460;14913990;931783;16;5462
5461;14919452;14913989;1;5463
5462;14924915;14919451;1;5464
5463;14930379;7462457;2;5465
5464;14935844;7465189;2;5466
5465;14941310;46241;323;5467
5466;14946777;83471;179;5468
5467;14952245;143719;104;5469
5468;14957714;19571;764;5470
5469;14963184;282221;53;5471
5470;14968655;347981;43;5472
5471;14974127;5546;2699;5473
5472;14979600;8542;1753;5474
5473;14985074;145433;103;5475
5474;14990549;65437;229;5476
5475;14996025;3747637;4;5477
5476;15001502;1874503;8;5478
5477;15006980;223903;67;5479
5478;15012459;60757;247;5480
5479;15017939;159707;94;5481
5480;15023420;577613;26;5482
5481;15028902;15023419;1;5483
5482;15034385;8753;1717;5484
5483;15039869;939649;16;5485
5484;15045354;197893;76;5486
5485;15050840;38677;389;5487
5486;15056327;15050839;1;5488
5487;15061815;7753;1942;5489
5488;15067304;50543;298;5490
5489;15072794;6571;2293;5491
5490;15078285;57311;263;5492
5491;15083777;289967;52;5493
5492;15089270;58921;256;5494
5493;15094764;1160713;13;5495
5494;15100259;351041;43;5496
5495;15105755;21031;718;5497
5496;15111252;20249;746;5498
5497;15116750;795329;19;5499
5498;15122249;51593;293;5500
5499;15127749;7531;2008;5501
5500;15133250;7822;1934;5502
5501;15138752;285533;53;5503
5502;15144255;256589;59;5504
5503;15149759;5818;2603;5505
5504;15155264;6547;2314;5506
5505;15160770;15155263;1;5507
5506;15166277;1166213;13;5508
5507;15171785;3791569;4;5509
5508;15177294;1896473;8;5510
5509;15182804;15177293;1;5511
5510;15188315;226609;67;5512
5511;15193827;7594157;2;5513
5512;15199340;21521;706;5514
5513;15204854;353473;43;5515
5514;15210369;183191;83;5516
5515;15215885;118831;128;5517
5516;15221402;11777;1292;5518
5517;15226920;66469;229;5519
5518;15232439;5969;2551;5520
5519;15237959;585863;26;5521
5520;15243480;9626;1583;5522
5521;15249002;56249;271;5523
5522;15254525;15143;1007;5524
5523;15260049;3813631;4;5525
5524;15265574;11491;1328;5526
5525;15271100;32971;463;5527
5526;15276627;151199;101;5528
5527;15282155;7638313;2;5529
5528;15287684;7641077;2;5530
5529;15293214;15287683;1;5531
5530;15298745;7493;2041;5532
5531;15304277;21487;712;5533
5532;15309810;294313;52;5534
5533;15315344;900577;17;5535
5534;15320879;54503;281;5536
5535;15326415;403181;38;5537
5536;15331952;7663207;2;5538
5537;15337490;6407;2393;5539
5538;15343029;11789;1301;5540
5539;15348569;3835757;4;5541
5540;15354110;1918571;8;5542
5541;15359652;808111;19;5543
5542;15365195;15359651;1;5544
5543;15370739;9958;1543;5545
5544;15376284;16817;914;5546
5545;15381830;1182791;13;5547
5546;15387377;15381829;1;5548
5547;15392925;9337;1648;5549
5548;15398474;3848231;4;5550
5549;15404024;15398473;1;5551
5550;15409575;906119;17;5552
5551;15415127;7704787;2;5553
5552;15420680;6362;2423;5554
5553;15426234;10657;1447;5555
5554;15431789;15319;1007;5556
5555;15437345;14669;1052;5557
5556;15442902;6904;2236;5558
5557;15448460;44249;349;5559
5558;15454019;91411;169;5560
5559;15459579;7727009;2;5561
5560;15465140;9766;1583;5562
5561;15470702;262121;59;5563
5562;15476265;5669;2729;5564
5563;15481829;10102;1532;5565
5564;15487394;3870457;4;5566
5565;15492960;329519;47;5567
5566;15498527;15492959;1;5568
5567;15504095;10183;1522;5569
5568;15509664;7752047;2;5570
5569;15515234;7901;1963;5571
5570;15520805;22133;701;5572
5571;15526377;298477;52;5573
5572;15531950;1940797;8;5574
5573;15537524;17393;893;5575
5574;15543099;15537523;1;5576
5575;15548675;17543;886;5577
5576;15554252;75479;206;5578
5577;15559830;232153;67;5579
5578;15565409;24659;631;5580
5579;15570989;25601;608;5581
5580;15576570;90529;172;5582
5581;15582152;15576569;1;5583
5582;15587735;7319;2129;5584
5583;15593319;77167;202;5585
5584;15598904;35279;442;5586
5585;15604490;5737;2719;5587
5586;15610077;33703;463;5588
5587;15615665;6124;2549;5589
5588;15621254;5924;2636;5590
5589;15626844;15989;977;5591
5590;15632435;15626843;1;5592
5591;15638027;7816217;2;5593
5592;15643620;411527;38;5594
5593;15649214;12193;1283;5595
5594;15654809;16421;953;5596
5595;15660405;11579;1352;5597
5596;15666002;3915101;4;5598
5597;15671600;14519;1079;5599
5598;15677199;824821;19;5600
5599;15682799;18103;866;5601
5600;15688400;7841399;2;5602
5601;15694002;12461;1259;5603
5602;15699605;6791;2311;5604
5603;15705209;3924901;4;5605
5604;15710814;13001;1208;5606
5605;15716420;8317;1889;5607
5606;15722027;32009;491;5608
5607;15727635;8798;1787;5609
5608;15733244;6214;2531;5610
5609;15738854;82373;191;5611
5610;15744465;45097;349;5612
5611;15750077;6184;2546;5613
5612;15755690;83777;188;5614
5613;15761304;15755689;1;5615
5614;15766919;23917;659;5616
5615;15772535;7883459;2;5617
5616;15778152;50231;314;5618
5617;15783770;14383;1097;5619
5618;15789389;928457;17;5620
5619;15795009;6101;2588;5621
5620;15800630;5696;2773;5622
5621;15806252;1215433;13;5623
5622;15811875;27779;569;5624
5623;15817499;14143;1118;5625
5624;15823124;33091;478;5626
5625;15828750;19087;829;5627
5626;15834377;15828749;1;5628
5627;15840005;19597;808;5629
5628;15845634;74717;212;5630
5629;15851264;15845633;1;5631
5630;15856895;834277;19;5632
5631;15862527;44293;358;5633
5632;15868160;7931263;2;5634
5633;15873794;44201;359;5635
5634;15879429;1221061;13;5636
5635;15885065;9962;1594;5637
5636;15890702;8039;1976;5638
5637;15896340;106649;149;5639
5638;15901979;15896339;1;5640
5639;15907619;10694;1487;5641
5640;15913260;58057;274;5642
5641;15918902;34519;461;5643
5642;15924545;370207;43;5644
5643;15930189;248821;64;5645
5644;15935834;59441;268;5646
5645;15941480;22733;701;5647
5646;15947127;12197;1307;5648
5647;15952775;7501;2126;5649
5648;15958424;135193;118;5650
5649;15964074;64609;247;5651
5650;15969725;154991;103;5652
5651;15975377;7652;2087;5653
5652;15981030;58733;272;5654
5653;15986684;8963;1783;5655
5654;15992339;15986683;1;5656
5655;15997995;420851;38;5657
5656;16003652;7846;2039;5658
5657;16009310;126013;127;5659
5658;16014969;36973;433;5660
5659;16020629;8977;1784;5661
5660;16026290;5813;2756;5662
5661;16031952;30643;523;5663
5662;16037615;11219;1429;5664
5663;16043279;8018807;2;5665
5664;16048944;8021639;2;5666
5665;16054610;16048943;1;5667
5666;16060277;373363;43;5668
5667;16065945;85427;188;5669
5668;16071614;11126;1444;5670
5669;16077284;945389;17;5671
5670;16082955;52369;307;5672
5671;16088627;8041477;2;5673
5672;16094300;8044313;2;5674
5673;16099974;1238023;13;5675
5674;16105649;847367;19;5676
5675;16111325;77431;208;5677
5676;16117002;4027831;4;5678
5677;16122680;28627;563;5679
5678;16128359;22177;727;5680
5679;16134039;6077;2654;5681
5680;16139720;6889;2342;5682
5681;16145402;304523;53;5683
5682;16151085;181409;89;5684
5683;16156769;4037771;4;5685
5684;16162454;9998;1616;5686
5685;16168140;17587;919;5687
5686;16173827;6383;2533;5688
5687;16179515;5966;2711;5689
5688;16185204;7982;2027;5690
5689;16190894;16185203;1;5691
5690;16196585;195071;83;5692
5691;16202277;2024573;8;5693
5692;16207970;7892;2053;5694
5693;16213664;7087;2287;5695
5694;16219359;16213663;1;5696
5695;16225055;8109679;2;5697
5696;16230752;8112527;2;5698
5697;16236450;9431;1721;5699
5698;16242149;9137;1777;5700
5699;16247849;312349;52;5701
5700;16253550;2030981;8;5702
5701;16259252;1250273;13;5703
5702;16264955;16259251;1;5704
5703;16270659;7786;2089;5705
5704;16276364;8135329;2;5706
5705;16282070;57923;281;5707
5706;16287777;18233;893;5708
5707;16293485;8627;1888;5709
5708;16299194;4073371;4;5710
5709;16304904;183137;89;5711
5710;16310615;16304903;1;5712
5711;16316327;121721;134;5713
5712;16322040;33029;494;5714
5713;16327754;11819;1381;5715
5714;16333469;26723;611;5716
5715;16339185;7331;2228;5717
5716;16344902;1021199;16;5718
5717;16350620;16344901;1;5719
5718;16356339;16350619;1;5720
5719;16362059;8178169;2;5721
5720;16367780;6374;2567;5722
5721;16373502;16367779;1;5723
5722;16379225;16373501;1;5724
5723;16384949;2047403;8;5725
5724;16390674;9278;1766;5726
5725;16396400;66359;247;5727
5726;16402127;10267;1597;5728
5727;16407855;48527;338;5729
5728;16413584;8686;1889;5730
5729;16419314;13037;1259;5731
5730;16425045;119849;137;5732
5731;16430777;216119;76;5733
5732;16436510;2053847;8;5734
5733;16442244;16436509;1;5735
5734;16447979;310231;53;5736
5735;16453715;8223989;2;5737
5736;16459452;8226857;2;5738
5737;16465190;12869;1279;5739
5738;16470929;21467;767;5740
5739;16476669;1029433;16;5741
5740;16482410;316859;52;5742
5741;16488152;7207;2287;5743
5742;16493895;16488151;1;5744
5743;16499639;8246947;2;5745
5744;16505384;434201;38;5746
5745;16511130;246349;67;5747
5746;16516877;72101;229;5748
5747;16522625;16067;1028;5749
5748;16528374;129083;128;5750
5749;16534124;16528373;1;5751
5750;16539875;65873;251;5752
5751;16545627;636149;26;5753
5752;16551380;192391;86;5754
5753;16557134;12361;1339;5755
5754;16562889;15011;1103;5756
5755;16568645;13711;1208;5757
5756;16574402;4142161;4;5758
5757;16580160;29129;569;5759
5758;16585919;16580159;1;5760
5759;16591679;8292959;2;5761
5760;16597440;8295839;2;5762
5761;16603202;353137;47;5763
5762;16608965;9439;1759;5764
5763;16614729;6308;2633;5765
5764;16620494;12289;1352;5766
5765;16626260;16620493;1;5767
5766;16632027;21677;767;5768
5767;16637795;19753;842;5769
5768;16643564;8318897;2;5770
5769;16649334;11647;1429;5771
5770;16655105;16649333;1;5772
5771;16660877;5848;2848;5773
5772;16666650;32797;508;5774
5773;16672424;13031;1279;5775
5774;16678199;16672423;1;5776
5775;16683975;11338;1471;5777
5776;16689752;8341987;2;5778
5777;16695530;9371;1781;5779
5778;16701309;249187;67;5780
5779;16707089;6617;2524;5781
5780;16712870;1044193;16;5782
5781;16718652;13381;1249;5783
5782;16724435;8543;1957;5784
5783;16730219;23689;706;5785
5784;16736004;65867;254;5786
5785;16741790;165703;101;5787
5786;16747577;112361;149;5788
5787;16753365;39499;424;5789
5788;16759154;12967;1292;5790
5789;16764944;16759153;1;5791
5790;16770735;8593;1951;5792
5791;16776527;28619;586;5793
5792;16782320;7046;2381;5794
5793;16788114;16782319;1;5795
5794;16793909;16788113;1;5796
5795;16799705;10793;1556;5797
5796;16805502;2099963;8;5798
5797;16811300;284839;59;5799
5798;16817099;188891;89;5800
5799;16822899;8408549;2;5801
5800;16828700;8977;1874;5802
5801;16834502;885721;19;5803
5802;16840305;16834501;1;5804
5803;16846109;80963;208;5805
5804;16851914;8266;2038;5806
5805;16857720;76253;221;5807
5806;16863527;8093;2083;5808
5807;16869335;443777;38;5809
5808;16875144;179461;94;5810
5809;16880954;16875143;1;5811
5810;16886765;94307;179;5812
5811;16892577;4221691;4;5813
5812;16898390;7879;2144;5814
5813;16904204;28211;599;5815
5814;16910019;393121;43;5816
5815;16915835;30089;562;5817
5816;16921652;650609;26;5818
5817;16927470;65843;257;5819
5818;16933289;64363;263;5820
5819;16939109;39937;424;5821
5820;16944930;222883;76;5822
5821;16950752;28867;587;5823
5822;16956575;997103;17;5824
5823;16962399;8478287;2;5825
5824;16968224;47381;358;5826
5825;16974050;287597;59;5827
5826;16979877;8873;1913;5828
5827;16985705;4244969;4;5829
5828;16991534;2123213;8;5830
5829;16997364;12941;1313;5831
5830;17003195;16997363;1;5832
5831;17009027;653969;26;5833
5832;17014860;8504513;2;5834
5833;17020694;17014859;1;5835
5834;17026529;17020693;1;5836
5835;17032365;7142;2384;5837
5836;17038202;4258091;4;5838
5837;17044040;17038201;1;5839
5838;17049879;396373;43;5840
5839;17055719;26393;646;5841
5840;17061560;160903;106;5842
5841;17067402;17903;953;5843
5842;17073245;1312877;13;5844
5843;17079089;4268311;4;5845
5844;17084934;6799;2512;5846
5845;17090780;13421;1273;5847
5846;17096627;205913;83;5848
5847;17102475;11233;1522;5849
5848;17108324;18311;934;5850
5849;17114174;17108323;1;5851
5850;17120025;89603;191;5852
5851;17125877;2140003;8;5853
5852;17131730;4281469;4;5854
5853;17137584;17131729;1;5855
5854;17143439;47737;359;5856
5855;17149295;14029;1222;5857
5856;17155152;6077;2822;5858
5857;17161010;30689;559;5859
5858;17166869;903211;19;5860
5859;17172729;4291717;4;5861
5860;17178590;7921;2168;5862
5861;17184452;10111;1699;5863
5862;17190315;16831;1021;5864
5863;17196179;35963;478;5865
5864;17202044;452531;38;5866
5865;17207910;48731;353;5867
5866;17213777;17207909;1;5868
5867;17219645;7853;2192;5869
5868;17225514;331147;52;5870
5869;17231384;46181;373;5871
5870;17237255;1325491;13;5872
5871;17243127;57077;302;5873
5872;17249000;162671;106;5874
5873;17254874;12563;1373;5875
5874;17260749;44357;389;5876
5875;17266625;4315187;4;5877
5876;17272502;269791;64;5878
5877;17278380;11647;1483;5879
5878;17284259;17278379;1;5880
5879;17290139;128987;134;5881
5880;17296020;18917;914;5882
5881;17301902;30941;559;5883
5882;17307785;77587;223;5884
5883;17313669;5993;2888;5885
5884;17319554;73363;236;5886
5885;17325440;168151;103;5887
5886;17331327;171539;101;5888
5887;17337215;97367;178;5889
5888;17343104;11474;1511;5890
5889;17348994;17343103;1;5891
5890;17354885;1020529;17;5892
5891;17360777;4338721;4;5893
5892;17366670;7522;2308;5894
5893;17372564;327673;53;5895
5894;17378459;28433;611;5896
5895;17384355;14653;1186;5897
5896;17390252;6422;2707;5898
5897;17396150;17390251;1;5899
5898;17402049;17396149;1;5900
5899;17407949;8128;2141;5901
5900;17413850;101209;172;5902
5901;17419752;17413849;1;5903
5902;17425655;19507;893;5904
5903;17431559;8712827;2;5905
5904;17437464;8715779;2;5906
5905;17443370;6221;2803;5907
5906;17449277;49981;349;5908
5907;17455185;19739;884;5909
5908;17461094;1090949;16;5910
5909;17467004;1343161;13;5911
5910;17472915;16069;1087;5912
5911;17478827;68791;254;5913
5912;17484740;130439;134;5914
5913;17490654;17484739;1;5915
5914;17496569;127669;137;5916
5915;17502485;7804;2242;5917
5916;17508402;4375621;4;5918
5917;17514320;17508401;1;5919
5918;17520239;29837;587;5920
5919;17526159;8760119;2;5921
5920;17532080;674083;26;5922
5921;17538002;922741;19;5923
5922;17543925;1349077;13;5924
5923;17549849;4385981;4;5925
5924;17555774;6002;2924;5926
5925;17561700;331241;53;5927
5926;17567627;45853;383;5928
5927;17573555;17257;1018;5929
5928;17579484;29989;586;5930
5929;17585414;211801;83;5931
5930;17591345;15857;1109;5932
5931;17597277;1099459;16;5933
5932;17603210;19211;916;5934
5933;17609144;104161;169;5935
5934;17615079;926797;19;5936
5935;17621015;9094;1937;5937
5936;17626952;39509;446;5938
5937;17632890;17626951;1;5939
5938;17638829;17632889;1;5940
5939;17644769;53129;332;5941
5940;17650710;29021;608;5942
5941;17656652;22091;799;5943
5942;17662595;39857;443;5944
5943;17668539;6962;2537;5945
5944;17674484;8834269;2;5946
5945;17680430;17674483;1;5947
5946;17686377;20299;871;5948
5947;17692325;2210797;8;5949
5948;17698274;340237;52;5950
5949;17704224;198857;89;5951
5950;17710175;23957;739;5952
5951;17716127;8855087;2;5953
5952;17722080;7666;2311;5954
5953;17728034;13813;1283;5955
5954;17733989;17728033;1;5956
5955;17739945;4433497;4;5957
5956;17745902;2217493;8;5958
5957;17751860;17745901;1;5959
5958;17757819;1044227;17;5960
5959;17763779;6631;2678;5961
5960;17769740;11054;1607;5962
5961;17775702;1366903;13;5963
5962;17781665;17775701;1;5964
5963;17787629;555677;32;5965
5964;17793594;7499;2372;5966
5965;17799560;17793593;1;5967
5966;17805527;11491;1549;5968
5967;17811495;207041;86;5969
5968;17817464;8905747;2;5970
5969;17823434;17817463;1;5971
5970;17829405;17823433;1;5972
5971;17835377;10378;1718;5973
5972;17841350;9026;1976;5974
5973;17847324;13109;1361;5975
5974;17853299;23269;767;5976
5975;17859275;7786;2293;5977
5976;17865252;100333;178;5978
5977;17871230;58193;307;5979
5978;17877209;17747;1007;5980
5979;17883189;33353;536;5981
5980;17889170;10786;1658;5982
5981;17895152;32117;557;5983
5982;17901135;17895151;1;5984
5983;17907119;11579;1546;5985
5984;17913104;60091;298;5986
5985;17919090;1377931;13;5987
5986;17925077;12083;1483;5988
5987;17931065;6826;2626;5989
5988;17937054;9682;1852;5990
5989;17943044;100207;179;5991
5990;17949035;17943043;1;5992
5991;17955027;7258;2473;5993
5992;17961020;6103;2942;5994
5993;17967014;17961019;1;5995
5994;17973009;17967013;1;5996
5995;17979005;7318;2456;5997
5996;17985002;95633;188;5998
5997;17991000;946579;19;5999
5998;17996999;1383923;13;6000
5999;18002999;169783;106;6001
6000;18009000;692423;26;6002
6001;18015002;39407;457;6003
6002;18021005;305339;59;6004
6003;18027009;25169;716;6005
6004;18033014;8224;2192;6006
6005;18039020;18033013;1;6007
6006;18045027;18039019;1;6008
6007;18051035;9022513;2;6009
6008;18057044;9025517;2;6010
6009;18063054;54553;331;6011
6010;18069065;22109;817;6012
6011;18075077;173741;104;6013
6012;18081090;54443;332;6014
6013;18087104;20759;871;6015
6014;18093119;18087103;1;6016
6015;18099135;7394;2447;6017
6016;18105152;9994;1811;6018
6017;18111170;18105151;1;6019
6018;18117189;40883;443;6020
6019;18123209;4529297;4;6021
6020;18129230;10762;1684;6022
6021;18135252;7243;2503;6023
6022;18141275;12533;1447;6024
6023;18147299;9070637;2;6025
6024;18153324;697973;26;6026
6025;18159350;18153323;1;6027
6026;18165377;8411;2159;6028
6027;18171405;141917;128;6029
6028;18177434;4542851;4;6030
6029;18183464;15523;1171;6031
6030;18189495;18183463;1;6032
6031;18195527;10706;1699;6033
6032;18201560;21011;866;6034
6033;18207594;308501;59;6035
6034;18213629;18207593;1;6036
6035;18219665;10198;1786;6037
6036;18225702;1138729;16;6038
6037;18231740;1401977;13;6039
6038;18237779;11303;1613;6040
6039;18243819;701453;26;6041
6040;18249860;9121909;2;6042
6041;18255902;95549;191;6043
6042;18261945;18255901;1;6044
6043;18267989;6392;2857;6045
6044;18274034;4566997;4;6046
6045;18280080;17191;1063;6047
6046;18286127;16817;1087;6048
6047;18292175;9143063;2;6049
6048;18298224;481373;38;6050
6049;18304274;39521;463;6051
6050;18310325;1408021;13;6052
6051;18316377;33413;548;6053
6052;18322430;6646;2756;6054
6053;18328484;426103;43;6055
6054;18334539;16321;1123;6056
6055;18340595;9167269;2;6057
6056;18346652;9170297;2;6058
6057;18352710;121501;151;6059
6058;18358769;18352709;1;6060
6059;18364829;1147423;16;6061
6060;18370890;270071;68;6062
6061;18376952;311371;59;6063
6062;18383015;178417;103;6064
6063;18389079;7046;2609;6065
6064;18395144;9194539;2;6066
6065;18401210;15041;1223;6067
6066;18407277;49333;373;6068
6067;18413345;242201;76;6069
6068;18419414;575417;32;6070
6069;18425484;18419413;1;6071
6070;18431555;6481;2843;6072
6071;18437627;9215777;2;6073
6072;18443700;214391;86;6074
6073;18449774;970721;19;6075
6074;18455849;71789;257;6076
6075;18461925;2306981;8;6077
6076;18468002;355037;52;6078
6077;18474080;1086353;17;6079
6078;18480159;1421083;13;6080
6079;18486239;6158;3001;6081
6080;18492320;137957;134;6082
6081;18498402;70313;263;6083
6082;18504485;393583;47;6084
6083;18510569;4626121;4;6085
6084;18516654;7897;2344;6086
6085;18522740;14969;1237;6087
6086;18528827;77501;239;6088
6087;18534915;59009;314;6089
6088;18541004;91757;202;6090
6089;18547094;1426231;13;6091
6090;18553185;394619;47;6092
6091;18559277;6928;2678;6093
6092;18565370;8278;2242;6094
6093;18571464;10627;1747;6095
6094;18577559;6953;2671;6096
6095;18583655;111913;166;6097
6096;18589752;12083;1538;6098
6097;18595850;37861;491;6099
6098;18601949;18595849;1;6100
6099;18608049;4650487;4;6101
6100;18614150;1163003;16;6102
6101;18620252;18614149;1;6103
6102;18626355;40391;461;6104
6103;18632459;9631;1934;6105
6104;18638564;716633;26;6106
6105;18644670;11819;1577;6107
6106;18650777;18644669;1;6108
6107;18656885;7054;2644;6109
6108;18662994;4664221;4;6110
6109;18669104;18662993;1;6111
6110;18675215;18669103;1;6112
6111;18681327;28909;646;6113
6112;18687440;7846;2381;6114
6113;18693554;278917;67;6115
6114;18699669;18693553;1;6116
6115;18705785;8363;2236;6117
6116;18711902;7156;2614;6118
6117;18718020;1439377;13;6119
6118;18724139;18718019;1;6120
6119;18730259;9362069;2;6121
6120;18736380;158731;118;6122
6121;18742502;18736379;1;6123
6122;18748625;18742501;1;6124
6123;18754749;1171789;16;6125
6124;18760874;246773;76;6126
6125;18767000;18760873;1;6127
6126;18773127;25603;733;6128
6127;18779255;105467;178;6129
6128;18785384;42487;442;6130
6129;18791514;399689;47;6131
6130;18797645;76079;247;6132
6131;18803777;17341;1084;6133
6132;18809910;6464;2909;6134
6133;18816044;126241;149;6135
6134;18822179;19259;977;6136
6135;18828315;10774;1747;6137
6136;18834452;26669;706;6138
6137;18840590;7561;2491;6139
6138;18846729;18840589;1;6140
6139;18852869;54787;344;6141
6140;18859010;7204;2617;6142
6141;18865152;10589;1781;6143
6142;18871295;18865151;1;6144
6143;18877439;38201;494;6145
6144;18883584;9438719;2;6146
6145;18889730;9571;1973;6147
6146;18895877;18889729;1;6148
6147;18902025;70507;268;6149
6148;18908174;2362753;8;6150
6149;18914324;995167;19;6151
6150;18920475;18914323;1;6152
6151;18926627;160343;118;6153
6152;18932780;9161;2066;6154
6153;18938934;149077;127;6155
6154;18945089;16369;1157;6156
6155;18951245;296017;64;6157
6156;18957402;364447;52;6158
6157;18963560;18957401;1;6159
6158;18969719;6751;2809;6160
6159;18975879;42533;446;6161
6160;18982040;9487939;2;6162
6161;18988202;82891;229;6163
6162;18994365;58787;323;6164
6163;19000529;4748591;4;6165
6164;19006694;7768;2446;6166
6165;19012860;13081;1453;6167
6166;19019027;31741;599;6168
6167;19025195;731501;26;6169
6168;19031364;6802;2797;6170
6169;19037534;13507;1409;6171
6170;19043705;14633;1301;6172
6171;19049877;2380463;8;6173
6172;19056050;4762469;4;6174
6173;19062224;126199;151;6175
6174;19068399;10243;1861;6176
6175;19074575;23311;818;6177
6176;19080752;202921;94;6178
6177;19086930;38861;491;6179
6178;19093109;229963;83;6180
6179;19099289;9518;2006;6181
6180;19105470;6968;2741;6182
6181;19111652;1005551;19;6183
6182;19117835;7697;2483;6184
6183;19124019;9558917;2;6185
6184;19130204;18283;1046;6186
6185;19136390;19130203;1;6187
6186;19142577;19136389;1;6188
6187;19148765;62969;304;6189
6188;19154954;11371;1684;6190
6189;19161144;189653;101;6191
6190;19167335;361531;53;6192
6191;19173527;16843;1138;6193
6192;19179720;9586763;2;6194
6193;19185914;1475363;13;6195
6194;19192109;186271;103;6196
6195;19198305;369079;52;6197
6196;19204502;35291;544;6198
6197;19210700;19204501;1;6199
6198;19216899;19210699;1;6200
6199;19223099;6359;3022;6201
6200;19229300;505871;38;6202
6201;19235502;447193;43;6203
6202;19241705;19235501;1;6204
6203;19247909;2405213;8;6205
6204;19254114;21013;916;6206
6205;19260320;10247;1879;6207
6206;19266527;77977;247;6208
6207;19272735;12527;1538;6209
6208;19278944;9818;1963;6210
6209;19285154;30553;631;6211
6210;19291365;326867;59;6212
6211;19297577;90997;212;6213
6212;19303790;2412197;8;6214
6213;19310004;53771;359;6215
6214;19316219;288209;67;6216
6215;19322435;9658109;2;6217
6216;19328652;108553;178;6218
6217;19334870;19328651;1;6219
6218;19341089;54773;353;6220
6219;19347309;7904;2447;6221
6220;19353530;4836827;4;6222
6221;19359752;66053;293;6223
6222;19365975;19359751;1;6224
6223;19372199;206021;94;6225
6224;19378424;16787;1154;6226
6225;19384650;23719;817;6227
6226;19390877;19384649;1;6228
6227;19397105;4847719;4;6229
6228;19403334;1212319;16;6230
6229;19409564;19403333;1;6231
6230;19415795;1141739;17;6232
6231;19422027;206551;94;6233
6232;19428260;7822;2483;6234
6233;19434494;15049;1291;6235
6234;19440729;114997;169;6236
6235;19446965;2430091;8;6237
6236;19453202;6316;3079;6238
6237;19459440;58771;331;6239
6238;19465679;17359;1121;6240
6239;19471919;9732839;2;6241
6240;19478160;17293;1126;6242
6241;19484402;6469;3011;6243
6242;19490645;52237;373;6244
6243;19496889;9434;2066;6245
6244;19503134;6536;2983;6246
6245;19509380;1500241;13;6247
6246;19515627;19509379;1;6248
6247;19521875;8567;2278;6249
6248;19528124;9760937;2;6250
6249;19534374;19528123;1;6251
6250;19540625;11789;1657;6252
6251;19546877;1221289;16;6253
6252;19553130;19469;1004;6254
6253;19559384;19553129;1;6255
6254;19565639;6983;2801;6256
6255;19571895;28031;698;6257
6256;19578152;6581;2974;6258
6257;19584410;1030429;19;6259
6258;19590669;1506493;13;6260
6259;19596929;6614;2962;6261
6260;19603190;11777;1664;6262
6261;19609452;21331;919;6263
6262;19615715;19609451;1;6264
6263;19621979;7391;2654;6265
6264;19628244;10889;1802;6266
6265;19634510;19628243;1;6267
6266;19640777;30347;647;6268
6267;19647045;8737;2248;6269
6268;19653314;8858;2218;6270
6269;19659584;333107;59;6271
6270;19665855;418289;47;6272
6271;19672127;9113;2158;6273
6272;19678400;17659;1114;6274
6273;19684674;8567;2297;6275
6274;19690949;19684673;1;6276
6275;19697225;7234;2722;6277
6276;19703502;129587;152;6278
6277;19709780;10531;1871;6279
6278;19716059;6439;3061;6280
6279;19722339;37483;526;6281
6280;19728620;77647;254;6282
6281;19734902;17321;1139;6283
6282;19741185;6971;2831;6284
6283;19747469;38557;512;6285
6284;19753754;7982;2474;6286
6285;19760040;19753753;1;6287
6286;19766327;1520003;13;6288
6287;19772615;229841;86;6289
6288;19778904;19423;1018;6290
6289;19785194;19778903;1;6291
6290;19791485;195893;101;6292
6291;19797777;4947871;4;6293
6292;19804070;9743;2032;6294
6293;19810364;42407;467;6295
6294;19816659;19810363;1;6296
6295;19822955;521491;38;6297
6296;19829252;187009;106;6298
6297;19835550;14809;1339;6299
6298;19841849;17663;1123;6300
6299;19848149;190787;104;6301
6300;19854450;4962037;4;6302
6301;19860752;1044971;19;6303
6302;19867055;64693;307;6304
6303;19873359;10898;1823;6305
6304;19879664;9936679;2;6306
6305;19885970;223367;89;6307
6306;19892277;19885969;1;6308
6307;19898585;4973069;4;6309
6308;19904894;7127;2792;6310
6309;19911204;51971;383;6311
6310;19917515;1531631;13;6312
6311;19923827;231599;86;6313
6312;19930140;766301;26;6314
6313;19936454;15607;1277;6315
6314;19942769;15661;1273;6316
6315;19949085;7472;2669;6317
6316;19955402;4987271;4;6318
6317;19961720;8011;2491;6319
6318;19968039;19961719;1;6320
6319;19974359;12527;1594;6321
6320;19980680;525641;38;6322
6321;19987002;18691;1069;6323
6322;19993325;19987001;1;6324
6323;19999649;384487;52;6325
6324;20005974;8278;2416;6326
6325;20012300;6439;3107;6327
6326;20018627;35171;569;6328
6327;20024955;10009313;2;6329
6328;20031284;13157;1522;6330
6329;20037614;52301;383;6331
6330;20043945;10837;1849;6332
6331;20050277;9749;2056;6333
6332;20056610;6626;3026;6334
6333;20062944;1055611;19;6335
6334;20069279;27371;733;6336
6335;20075615;10034639;2;6337
6336;20081952;772139;26;6338
6337;20088290;43943;457;6339
6338;20094629;1545253;13;6340
6339;20100969;264403;76;6341
6340;20107310;7591;2648;6342
6341;20113652;84131;239;6343
6342;20119995;20113651;1;6344
6343;20126339;10059997;2;6345
6344;20132684;21829;922;6346
6345;20139030;20132683;1;6347
6346;20145377;28729;701;6348
6347;20151725;7034;2864;6349
6348;20158074;75193;268;6350
6349;20164424;11713;1721;6351
6350;20170775;20164423;1;6352
6351;20177127;9334;2161;6353
6352;20183480;530977;38;6354
6353;20189834;20183479;1;6355
6354;20196189;243251;83;6356
6355;20202545;5049047;4;6357
6356;20208902;21401;944;6358
6357;20215260;20208901;1;6359
6358;20221619;1063961;19;6360
6359;20227979;66959;302;6361
6360;20234340;10113989;2;6362
6361;20240702;113041;179;6363
6362;20247065;1556977;13;6364
6363;20253429;8572;2362;6365
6364;20259794;8287;2444;6366
6365;20266160;20259793;1;6367
6366;20272527;1192127;17;6368
6367;20278895;19381;1046;6369
6368;20285264;10139447;2;6370
6369;20291634;20285263;1;6371
6370;20298005;382861;53;6372
6371;20304377;7828;2593;6373
6372;20310750;54001;376;6374
6373;20317124;8213;2473;6375
6374;20323499;26839;757;6376
6375;20329875;781673;26;6377
6376;20336252;10164937;2;6378
6377;20342630;69407;293;6379
6378;20349009;18443;1103;6380
6379;20355389;1271813;16;6381
6380;20361770;10862;1874;6382
6381;20368152;303907;67;6383
6382;20374535;33227;613;6384
6383;20380919;599251;34;6385
6384;20387304;13183;1546;6386
6385;20393690;46021;443;6387
6386;20400077;20393689;1;6388
6387;20406465;86441;236;6389
6388;20412854;24527;832;6390
6389;20419244;19993;1021;6391
6390;20425635;6859;2977;6392
6391;20432027;101117;202;6393
6392;20438420;10216013;2;6394
6393;20444814;20438419;1;6395
6394;20451209;229717;89;6396
6395;20457605;6476;3158;6397
6396;20464002;269179;76;6398
6397;20470400;475907;43;6399
6398;20476799;20470399;1;6400
6399;20483199;10238399;2;6401
6400;20489600;11698;1751;6402
6401;20496002;10039;2041;6403
6402;20502405;14363;1427;6404
6403;20508809;8788;2333;6405
6404;20515214;2563601;8;6406
6405;20521620;28219;727;6407
6406;20528027;11471;1789;6408
6407;20534435;80819;254;6409
6408;20540844;17491;1174;6410
6409;20547254;1081097;19;6411
6410;20553665;32563;631;6412
6411;20560077;6833;3008;6413
6412;20566490;8581;2396;6414
6413;20572904;20566489;1;6415
6414;20579319;1582531;13;6416
6415;20585735;7906;2603;6417
6416;20592152;18413;1118;6418
6417;20598570;1211303;17;6419
6418;20604989;20598569;1;6420
6419;20611409;11938;1726;6421
6420;20617830;1288213;16;6422
6421;20624252;231661;89;6423
6422;20630675;20624251;1;6424
6423;20637099;10123;2038;6425
6424;20643524;10318549;2;6426
6425;20649950;13327;1549;6427
6426;20656377;20649949;1;6428
6427;20662805;8632;2393;6429
6428;20669234;271879;76;6430
6429;20675664;1589941;13;6431
6430;20682095;20675663;1;6432
6431;20688527;69403;298;6433
6432;20694960;12979;1594;6434
6433;20701394;90371;229;6435
6434;20707829;64091;323;6436
6435;20714265;51257;404;6437
6436;20720702;10174;2036;6438
6437;20727140;249647;83;6439
6438;20733579;6553;3163;6440
6439;20740019;27793;746;6441
6440;20746460;7267;2854;6442
6441;20752902;49279;421;6443
6442;20759345;1596377;13;6444
6443;20765789;1297459;16;6445
6444;20772234;5191447;4;6446
6445;20778680;20772233;1;6447
6446;20785127;352181;59;6448
6447;20791575;546977;38;6449
6448;20798024;155161;134;6450
6449;20804474;18959;1097;6451
6450;20810925;20804473;1;6452
6451;20817377;7871;2644;6453
6452;20823830;650543;32;6454
6453;20830284;84307;247;6455
6454;20836739;25127;829;6456
6455;20843195;15121;1378;6457
6456;20849652;8161;2554;6458
6457;20856110;11437;1823;6459
6458;20862569;21479;971;6460
6459;20869029;60647;344;6461
6460;20875490;5217257;4;6462
6461;20881952;47123;443;6463
6462;20888415;152423;137;6464
6463;20894879;9206;2269;6465
6464;20901344;10447439;2;6466
6465;20907810;48271;433;6467
6466;20914277;11609;1801;6468
6467;20920745;10814;1934;6469
6468;20927214;11833;1768;6470
6469;20933684;36269;577;6471
6470;20940155;20933683;1;6472
6471;20946627;10470077;2;6473
6472;20953100;7022;2983;6474
6473;20959574;10337;2027;6475
6474;20966049;203491;103;6476
6475;20972525;8678;2416;6477
6476;20979002;98927;212;6478
6477;20985480;20979001;1;6479
6478;20991959;20985479;1;6480
6479;20998439;807383;26;6481
6480;21004920;10499219;2;6482
6481;21011402;1615763;13;6483
6482;21017885;313603;67;6484
6483;21024369;7654;2746;6485
6484;21030854;1314023;16;6486
6485;21037340;65111;323;6487
6486;21043827;21037339;1;6488
6487;21050315;9382;2243;6489
6488;21056804;17749;1186;6490
6489;21063294;59651;353;6491
6490;21069785;34361;613;6492
6491;21076277;138617;152;6493
6492;21082770;8026;2626;6494
6493;21089264;8423;2503;6495
6494;21095759;9841;2143;6496
6495;21102255;10547879;2;6497
6496;21108752;10551127;2;6498
6497;21115250;21108751;1;6499
6498;21121749;21115249;1;6500
6499;21128249;5280437;4;6501
6500;21134750;2641031;8;6502
6501;21141252;21134749;1;6503
6502;21147755;28921;731;6504
6503;21154259;25853;818;6505
6504;21160764;556691;38;6506
6505;21167270;7631;2773;6507
6506;21173777;19801;1069;6508
6507;21180285;101797;208;6509
6508;21186794;99907;212;6510
6509;21193304;21186793;1;6511
6510;21199815;7387;2869;6512
6511;21206327;7523;2818;6513
6512;21212840;22901;926;6514
6513;21219354;451337;47;6515
6514;21225869;72421;293;6516
6515;21232385;79201;268;6517
6516;21238902;82939;256;6518
6517;21245420;21238901;1;6519
6518;21251939;82667;257;6520
6519;21258459;625057;34;6521
6520;21264980;9851;2158;6522
6521;21271502;21264979;1;6523
6522;21278025;21271501;1;6524
6523;21284549;139987;152;6525
6524;21291074;12289;1732;6526
6525;21297600;24671;863;6527
6526;21304127;7697;2767;6528
6527;21310655;10652063;2;6529
6528;21317184;10655327;2;6530
6529;21323714;21169;1007;6531
6530;21330245;21323713;1;6532
6531;21336777;7748;2753;6533
6532;21343310;2667097;8;6534
6533;21349844;27827;767;6535
6534;21356379;168109;127;6536
6535;21362915;10678189;2;6537
6536;21369452;12442;1717;6538
6537;21375990;21369451;1;6539
6538;21382529;38377;557;6540
6539;21389069;167051;128;6541
6540;21395610;29873;716;6542
6541;21402152;21395609;1;6543
6542;21408695;81377;263;6544
6543;21415239;10704347;2;6545
6544;21421784;823663;26;6546
6545;21428330;498181;43;6547
6546;21434877;12979;1651;6548
6547;21441425;11246;1906;6549
6548;21447974;9538;2248;6550
6549;21454524;320119;67;6551
6550;21461075;12197;1759;6552
6551;21467627;48119;446;6553
6552;21474180;12878;1667;6554
6553;21480734;1263187;17;6555
6554;21487289;21480733;1;6556
6555;21493845;2685911;8;6557
6556;21500402;6638;3238;6558
6557;21506960;7709;2789;6559
6558;21513519;136987;157;6560
6559;21520079;827443;26;6561
6560;21526640;9742;2209;6562
6561;21533202;21377;1007;6563
6562;21539765;8887;2423;6564
6563;21546329;11681;1844;6565
6564;21552894;11269;1912;6566
6565;21559460;21552893;1;6567
6566;21566027;22067;977;6568
6567;21572595;567527;38;6569
6568;21579164;32587;662;6570
6569;21585734;501841;43;6571
6570;21592305;97673;221;6572
6571;21598877;7646;2824;6573
6572;21605450;9334;2314;6574
6573;21612024;55541;389;6575
6574;21618599;21612023;1;6576
6575;21625175;10809299;2;6577
6576;21631752;10812587;2;6578
6577;21638330;10609;2039;6579
6578;21644909;21638329;1;6580
6579;21651489;5411227;4;6581
6580;21658070;7648;2831;6582
6581;21664652;21658069;1;6583
6582;21671235;323353;67;6584
6583;21677819;833509;26;6585
6584;21684404;26501;818;6586
6585;21690990;1668031;13;6587
6586;21697577;1141631;19;6588
6587;21704165;159541;136;6589
6588;21710754;11051;1964;6590
6589;21717344;21710753;1;6591
6590;21723935;7481;2903;6592
6591;21730527;35381;614;6593
6592;21737120;184157;118;6594
6593;21743714;8383;2593;6595
6594;21750309;21743713;1;6596
6595;21756905;5437577;4;6597
6596;21763502;209201;104;6598
6597;21770100;21763501;1;6599
6598;21776699;1674623;13;6600
6599;21783299;8366;2603;6601
6600;21789900;10891649;2;6602
6601;21796502;21789899;1;6603
6602;21803105;21796501;1;6604
6603;21809709;8209;2656;6605
6604;21816314;11866;1838;6606
6605;21822920;60433;361;6607
6606;21829527;211873;103;6608
6607;21836135;12361;1766;6609
6608;21842744;14347;1522;6610
6609;21849354;51883;421;6611
6610;21855965;21849353;1;6612
6611;21862577;420307;52;6613
6612;21869190;7396;2956;6614
6613;21875804;10973;1993;6615
6614;21882419;10123;2161;6616
6615;21889035;29333;746;6617
6616;21895652;163351;134;6618
6617;21902270;21895651;1;6619
6618;21908889;1152751;19;6620
6619;21915509;11959;1832;6621
6620;21922130;5478877;4;6622
6621;21928752;1289537;17;6623
6622;21935375;1686827;13;6624
6623;21941999;185893;118;6625
6624;21948624;44417;494;6626
6625;21955250;10691;2053;6627
6626;21961877;145399;151;6628
6627;21968505;9298;2362;6629
6628;21975134;2746063;8;6630
6629;21981764;139969;157;6631
6630;21988395;21981763;1;6632
6631;21995027;255679;86;6633
6632;22001660;10997513;2;6634
6633;22008294;22001659;1;6635
6634;22014929;22008293;1;6636
6635;22021565;7988;2756;6637
6636;22028202;5505391;4;6638
6637;22034840;11479;1919;6639
6638;22041479;1296167;17;6640
6639;22048119;7454;2957;6641
6640;22054760;11024059;2;6642
6641;22061402;9397;2347;6643
6642;22068045;22061401;1;6644
6643;22074689;290369;76;6645
6644;22081334;344917;64;6646
6645;22087980;22081333;1;6647
6646;22094627;469957;47;6648
6647;22101275;11047313;2;6649
6648;22107924;850049;26;6650
6649;22114574;329969;67;6651
6650;22121225;1701121;13;6652
6651;22127877;46867;472;6653
6652;22134530;14221;1556;6654
6653;22141184;22134529;1;6655
6654;22147839;471089;47;6656
6655;22154495;15149;1462;6657
6656;22161152;583013;38;6658
6657;22167810;63499;349;6659
6658;22174469;78889;281;6660
6659;22181129;5543617;4;6661
6660;22187790;7244;3062;6662
6661;22194452;11303;1963;6663
6662;22201115;96919;229;6664
6663;22207779;853889;26;6665
6664;22214444;11103889;2;6666
6665;22221110;22214443;1;6667
6666;22227777;22221109;1;6668
6667;22234445;13106;1696;6669
6668;22241114;11321;1964;6670
6669;22247784;22241113;1;6671
6670;22254455;75931;293;6672
6671;22261127;33617;662;6673
6672;22267800;654739;34;6674
6673;22274474;34417;647;6675
6674;22281149;39847;559;6676
6675;22287825;293173;76;6677
6676;22294502;8632;2582;6678
6677;22301180;22294501;1;6679
6678;22307859;22301179;1;6680
6679;22314539;11153929;2;6681
6680;22321220;15347;1454;6682
6681;22327902;1174801;19;6683
6682;22334585;378439;59;6684
6683;22341269;41669;536;6685
6684;22347954;5585317;4;6686
6685;22354640;22347953;1;6687
6686;22361327;269333;83;6688
6687;22368015;860051;26;6689
6688;22374704;9434;2371;6690
6689;22381394;9607;2329;6691
6690;22388085;22381393;1;6692
6691;22394777;8332;2687;6693
6692;22401470;7309;3064;6694
6693;22408164;10141;2209;6695
6694;22414859;11677;1919;6696
6695;22421555;11207429;2;6697
6696;22428252;12938;1733;6698
6697;22434950;9349;2399;6699
6698;22441649;521743;43;6700
6699;22448349;1402603;16;6701
6700;22455050;22721;988;6702
6701;22461752;477767;47;6703
6702;22468455;1727827;13;6704
6703;22475159;11234227;2;6705
6704;22481864;11237579;2;6706
6705;22488570;125597;179;6707
6706;22495277;1322857;17;6708
6707;22501985;10753;2092;6709
6708;22508694;9008;2498;6710
6709;22515404;218531;103;6711
6710;22522115;21181;1063;6712
6711;22528827;11261057;2;6713
6712;22535540;29411;766;6714
6713;22542254;91237;247;6715
6714;22548969;20549;1097;6716
6715;22555685;8164;2762;6717
6716;22562402;84163;268;6718
6717;22569120;524707;43;6719
6718;22575839;22569119;1;6720
6719;22582559;6802;3319;6721
6720;22589280;213043;106;6722
6721;22596002;22589279;1;6723
6722;22602725;22596001;1;6724
6723;22609449;332393;68;6725
6724;22616174;2826181;8;6726
6725;22622900;22616173;1;6727
6726;22629627;1740223;13;6728
6727;22636355;11314813;2;6729
6728;22643084;870629;26;6730
6729;22649814;151967;149;6731
6730;22656545;11399;1987;6732
6731;22663277;708017;32;6733
6732;22670010;298201;76;6734
6733;22676744;22670009;1;6735
6734;22683479;22676743;1;6736
6735;22690215;11341739;2;6737
6736;22696952;82811;274;6738
6737;22703690;24223;937;6739
6738;22710429;11831;1919;6740
6739;22717169;436739;52;6741
6740;22723910;7108;3196;6742
6741;22730652;7267;3127;6743
6742;22737395;22730651;1;6744
6743;22744139;8462;2687;6745
6744;22750884;11372069;2;6746
6745;22757630;22750883;1;6747
6746;22764377;22757629;1;6748
6747;22771125;2845547;8;6749
6748;22777874;121123;188;6750
6749;22784624;22777873;1;6751
6750;22791375;256007;89;6752
6751;22798127;31567;722;6753
6752;22804880;876851;26;6754
6753;22811634;22804879;1;6755
6754;22818389;6991;3263;6756
6755;22825145;29867;764;6757
6756;22831902;7382;3092;6758
6757;22838660;70687;323;6759
6758;22845419;22838659;1;6760
6759;22852179;137623;166;6761
6760;22858940;20081;1138;6762
6761;22865702;22858939;1;6763
6762;22872465;22865701;1;6764
6763;22879229;1429529;16;6765
6764;22885994;5719807;4;6766
6765;22892760;7787;2939;6767
6766;22899527;22892759;1;6768
6767;22906295;880751;26;6769
6768;22913064;17327;1322;6770
6769;22919834;276061;83;6771
6770;22926605;1206307;19;6772
6771;22933377;5731651;4;6773
6772;22940150;179167;128;6774
6773;22946924;432833;53;6775
6774;22953699;102901;223;6776
6775;22960475;44657;514;6777
6776;22967252;604223;38;6778
6777;22974030;13439;1709;6779
6778;22980809;10457;2197;6780
6779;22987589;2872601;8;6781
6780;22994370;442069;52;6782
6781;23001152;22994369;1;6783
6782;23007935;49253;467;6784
6783;23014719;6901;3334;6785
6784;23021504;267613;86;6786
6785;23028290;23021503;1;6787
6786;23035077;146677;157;6788
6787;23041865;122527;188;6789
6788;23048654;22679;1016;6790
6789;23055444;1213087;19;6791
6790;23062235;23055443;1;6792
6791;23069027;52177;442;6793
6792;23075820;7586;3041;6794
6793;23082614;1775063;13;6795
6794;23089409;24221;953;6796
6795;23096205;7144;3232;6797
6796;23103002;5774051;4;6798
6797;23109800;45389;509;6799
6798;23116599;13183;1753;6800
6799;23123399;46049;502;6801
6800;23130200;7493;3086;6802
6801;23137002;40087;577;6803
6802;23143805;23137001;1;6804
6803;23150609;10277;2252;6805
6804;23157414;111301;208;6806
6805;23164220;50233;461;6807
6806;23171027;1781863;13;6808
6807;23177835;39541;586;6809
6808;23184644;35879;646;6810
6809;23191454;27967;829;6811
6810;23198265;23191453;1;6812
6811;23205077;2899783;8;6813
6812;23211890;15553;1492;6814
6813;23218704;23211889;1;6815
6814;23225519;1222037;19;6816
6815;23232335;11612759;2;6817
6816;23239152;11616167;2;6818
6817;23245970;26681;871;6819
6818;23252789;23245969;1;6820
6819;23259609;7484;3107;6821
6820;23266430;2907451;8;6822
6821;23273252;23266429;1;6823
6822;23280075;23273251;1;6824
6823;23286899;11423;2038;6825
6824;23293724;11643449;2;6826
6825;23300550;1370219;17;6827
6826;23307377;7261;3209;6828
6827;23314205;7132;3268;6829
6828;23321034;13157;1772;6830
6829;23327864;41869;557;6831
6830;23334695;11167;2089;6832
6831;23341527;11667347;2;6833
6832;23348360;897751;26;6834
6833;23355194;1228861;19;6835
6834;23362029;496919;47;6836
6835;23368865;5840507;4;6837
6836;23375702;730277;32;6838
6837;23382540;23375701;1;6839
6838;23389379;23382539;1;6840
6839;23396219;8989;2602;6841
6840;23403060;18539;1262;6842
6841;23409902;23403059;1;6843
6842;23416745;16591;1411;6844
6843;23423589;225161;104;6845
6844;23430434;5855897;4;6846
6845;23437280;7013;3341;6847
6846;23444127;28687;817;6848
6847;23450975;221171;106;6849
6848;23457824;51203;458;6850
6849;23464674;23457823;1;6851
6850;23471525;350219;67;6852
6851;23478377;10022;2342;6853
6852;23485230;7444;3154;6854
6853;23492084;23485229;1;6855
6854;23498939;23492083;1;6856
6855;23505795;11749469;2;6857
6856;23512652;904069;26;6858
6857;23519510;21317;1103;6859
6858;23526369;1809193;13;6860
6859;23533229;8024;2932;6861
6860;23540090;9346;2518;6862
6861;23546952;23540089;1;6863
6862;23553815;55931;421;6864
6863;23560679;11776907;2;6865
6864;23567544;11780339;2;6866
6865;23574410;14611;1613;6867
6866;23581277;264881;89;6868
6867;23588145;5895319;4;6869
6868;23595014;1474259;16;6870
6869;23601884;1815001;13;6871
6870;23608755;11309;2087;6872
6871;23615627;47791;494;6873
6872;23622500;75209;314;6874
6873;23629374;172427;137;6875
6874;23636249;8329;2837;6876
6875;23643125;2954531;8;6877
6876;23650002;9214;2566;6878
6877;23656880;23650001;1;6879
6878;23663759;158771;149;6880
6879;23670639;223243;106;6881
6880;23677520;11835319;2;6882
6881;23684402;503777;47;6883
6882;23691285;1821877;13;6884
6883;23698169;11602;2042;6885
6884;23705054;6968;3401;6886
6885;23711940;23705053;1;6887
6886;23718827;230213;103;6888
6887;23725715;201007;118;6889
6888;23732604;11862857;2;6890
6889;23739494;11743;2021;6891
6890;23746385;9937;2389;6892
6891;23753277;12962;1832;6893
6892;23760170;5938319;4;6894
6893;23767064;1397657;17;6895
6894;23773959;13907;1709;6896
6895;23780855;7397;3214;6897
6896;23787752;117727;202;6898
6897;23794650;1829827;13;6899
6898;23801549;54953;433;6900
6899;23808449;17977;1324;6901
6900;23815350;7019;3392;6902
6901;23822252;13327;1787;6903
6902;23829155;23822251;1;6904
6903;23836059;627083;38;6905
6904;23842964;26903;886;6906
6905;23849870;23842963;1;6907
6906;23856777;36191;659;6908
6907;23863685;2982097;8;6909
6908;23870594;458917;52;6910
6909;23877504;1256347;19;6911
6910;23884415;8311;2873;6912
6911;23891327;8219;2906;6913
6912;23898240;29207;818;6914
6913;23905154;27821;859;6915
6914;23912069;51631;463;6916
6915;23918985;13081;1828;6917
6916;23925902;9739;2456;6918
6917;23932820;357103;67;6919
6918;23939739;405641;59;6920
6919;23946659;7226;3313;6921
6920;23953580;11973329;2;6922
6921;23960502;1842583;13;6923
6922;23967425;1261079;19;6924
6923;23974349;28807;832;6925
6924;23981274;16979;1412;6926
6925;23988200;288931;83;6927
6926;23995127;23988199;1;6928
6927;24002055;11114;2159;6929
6928;24008984;7097;3382;6930
6929;24015914;24008983;1;6931
6930;24022845;24015913;1;6932
6931;24029777;16729;1436;6933
6932;24036710;9116;2636;6934
6933;24043644;24036709;1;6935
6934;24050579;1849511;13;6936
6935;24057515;144883;166;6937
6936;24064452;19687;1222;6938
6937;24071390;24064451;1;6939
6938;24078329;24071389;1;6940
6939;24085269;10711;2248;6941
6940;24092210;59617;404;6942
6941;24099152;1268011;19;6943
6942;24106095;24099151;1;6944
6943;24113039;76771;314;6945
6944;24119984;9214;2617;6946
6945;24126930;47387;509;6947
6946;24133877;11269;2141;6948
6947;24140825;7516;3211;6949
6948;24147774;3017603;8;6950
6949;24154724;1857521;13;6951
6950;24161675;24154723;1;6952
6951;24168627;180311;134;6953
6952;24175580;12084313;2;6954
6953;24182534;18497;1307;6955
6954;24189489;24182533;1;6956
6955;24196445;16987;1424;6957
6956;24203402;140677;172;6958
6957;24210360;55897;433;6959
6958;24217319;24210359;1;6960
6959;24224279;12108659;2;6961
6960;24231240;49037;494;6962
6961;24238202;1425367;17;6963
6962;24245165;62309;389;6964
6963;24252129;20687;1172;6965
6964;24259094;757879;32;6966
6965;24266060;24259093;1;6967
6966;24273027;67219;361;6968
6967;24279995;12136513;2;6969
6968;24286964;7342;3307;6970
6969;24293934;24286963;1;6971
6970;24300905;10831;2243;6972
6971;24307877;3037613;8;6973
6972;24314850;8669;2804;6974
6973;24321824;1870373;13;6975
6974;24328799;24321823;1;6976
6975;24335775;12038;2021;6977
6976;24342752;15823;1538;6978
6977;24349730;412589;59;6979
6978;24356709;9613;2533;6980
6979;24363689;320483;76;6981
6980;24370670;3045461;8;6982
6981;24377652;9341;2609;6983
6982;24384635;24377651;1;6984
6983;24391619;259411;94;6985
6984;24398604;182027;134;6986
6985;24405590;24229;1007;6987
6986;24412577;1877353;13;6988
6987;24419565;762893;32;6989
6988;24426554;9698;2518;6990
6989;24433544;237151;103;6991
6990;24440535;24433543;1;6992
6991;24447527;12220267;2;6993
6992;24454520;12223763;2;6994
6993;24461514;59791;409;6995
6994;24468509;24461513;1;6996
6995;24475505;9979;2452;6997
6996;24482502;8009;3056;6998
6997;24489500;22523;1087;6999
6998;24496499;1288921;19;7000
6999;24503499;21911;1118;7001
7000;24510500;8467;2894;7002
