n;A000124;weight;level;jump
1;2;0;0;2
2;4;0;0;3
3;7;0;0;4
4;11;6;1;5
5;16;10;1;6
6;22;15;1;7
7;29;21;1;8
8;37;14;2;9
9;46;12;3;10
10;56;15;3;11
11;67;55;1;12
12;79;22;3;13
13;92;26;3;14
14;106;91;1;15
15;121;21;5;16
16;137;20;6;17
17;154;34;4;18
18;172;51;3;19
19;191;57;3;20
20;211;38;5;21
21;232;30;7;22
22;254;33;7;23
23;277;253;1;24
24;301;46;6;25
25;326;30;10;26
26;352;65;5;27
27;379;39;9;28
28;407;42;9;29
29;436;58;7;30
30;466;87;5;31
31;497;93;5;32
32;529;62;8;33
33;562;44;12;34
34;596;51;11;35
35;631;85;7;36
36;667;42;15;37
37;704;74;9;38
38;742;703;1;39
39;781;57;13;40
40;821;52;15;41
41;862;82;10;42
42;904;123;7;43
43;947;129;7;44
44;991;86;11;45
45;1036;55;18;46
46;1082;69;15;47
47;1129;1081;1;48
48;1177;94;12;49
49;1226;56;21;50
50;1276;175;7;51
51;1327;75;17;52
52;1379;78;17;53
53;1432;106;13;54
54;1486;159;9;55
55;1541;99;15;56
56;1597;70;22;57
57;1654;76;21;58
58;1712;87;19;59
59;1771;1711;1;60
60;1831;118;15;61
61;1892;122;15;62
62;1954;1891;1;63
63;2017;93;21;64
64;2081;72;28;65
65;2146;80;26;66
66;2212;143;15;67
67;2279;201;11;68
68;2347;134;17;69
69;2416;102;23;70
70;2486;105;23;71
71;2557;355;7;72
72;2629;142;18;73
73;2702;146;18;74
74;2776;2701;1;75
75;2851;111;25;76
76;2927;95;30;77
77;3004;133;22;78
78;3082;91;33;79
79;3161;237;13;80
80;3241;158;20;81
81;3322;90;36;82
82;3404;123;27;83
83;3487;3403;1;84
84;3571;166;21;85
85;3656;102;35;86
86;3742;215;17;87
87;3829;129;29;88
88;3917;116;33;89
89;4006;178;22;90
90;4096;267;15;91
91;4187;105;39;92
92;4279;161;26;93
93;4372;138;31;94
94;4466;141;31;95
95;4561;235;19;96
96;4657;114;40;97
97;4754;194;24;98
98;4852;679;7;99
99;4951;147;33;100
100;5051;110;45;101
101;5152;202;25;102
102;5254;303;17;103
103;5357;309;17;104
104;5461;206;26;105
105;5566;130;42;106
106;5672;159;35;107
107;5779;5671;1;108
108;5887;214;27;109
109;5996;218;27;110
110;6106;545;11;111
111;6217;165;37;112
112;6329;148;42;113
113;6442;226;28;114
114;6556;339;19;115
115;6671;285;23;116
116;6787;145;46;117
117;6904;174;39;118
118;7022;177;39;119
119;7141;413;17;120
120;7261;140;51;121
121;7382;132;55;122
122;7504;671;11;123
123;7627;183;41;124
124;7751;186;41;125
125;7876;155;50;126
126;8002;175;45;127
127;8129;381;21;128
128;8257;254;32;129
129;8386;172;48;130
130;8516;195;43;131
131;8647;655;13;132
132;8779;262;33;133
133;8912;154;57;134
134;9046;469;19;135
135;9181;201;45;136
136;9317;153;60;137
137;9454;274;34;138
138;9592;411;23;139
139;9731;417;23;140
140;9871;278;35;141
141;10012;210;47;142
142;10154;213;47;143
143;10297;781;13;144
144;10441;156;66;145
145;10586;174;60;146
146;10732;365;29;147
147;10879;219;49;148
148;11027;222;49;149
149;11176;298;37;150
150;11326;447;25;151
151;11477;453;25;152
152;11629;302;38;153
153;11782;171;68;154
154;11936;187;63;155
155;12091;217;55;156
156;12247;186;65;157
157;12404;314;39;158
158;12562;12403;1;159
159;12721;237;53;160
160;12881;212;60;161
161;13042;184;70;162
162;13204;189;69;163
163;13367;489;27;164
164;13531;326;41;165
165;13696;205;66;166
166;13862;249;55;167
167;14029;13861;1;168
168;14197;334;42;169
169;14366;182;78;170
170;14536;221;65;171
171;14707;255;57;172
172;14879;258;57;173
173;15052;346;43;174
174;15226;519;29;175
175;15401;203;75;176
176;15577;200;77;177
177;15754;236;66;178
178;15932;267;59;179
179;16111;15931;1;180
180;16291;358;45;181
181;16472;362;45;182
182;16654;1267;13;183
183;16837;273;61;184
184;17021;244;69;185
185;17206;230;74;186
186;17392;465;37;187
187;17579;341;51;188
188;17767;374;47;189
189;17956;282;63;190
190;18146;285;63;191
191;18337;955;19;192
192;18529;382;48;193
193;18722;386;48;194
194;18916;18721;1;195
195;19111;291;65;196
196;19307;210;91;197
197;19504;394;49;198
198;19702;591;33;199
199;19901;597;33;200
200;20101;398;50;201
201;20302;268;75;202
202;20504;303;67;203
203;20707;707;29;204
204;20911;238;87;205
205;21116;246;85;206
206;21322;515;41;207
207;21529;309;69;208
208;21737;234;92;209
209;21946;247;88;210
210;22156;231;95;211
211;22367;633;35;212
212;22579;422;53;213
213;22792;318;71;214
214;23006;321;71;215
215;23221;535;43;216
216;23437;258;90;217
217;23654;252;93;218
218;23872;763;31;219
219;24091;327;73;220
220;24311;330;73;221
221;24532;286;85;222
222;24754;481;51;223
223;24977;669;37;224
224;25201;446;56;225
225;25426;240;105;226
226;25652;339;75;227
227;25879;25651;1;228
228;26107;454;57;229
229;26336;458;57;230
230;26566;1145;23;231
231;26797;253;105;232
232;27029;308;87;233
233;27262;466;58;234
234;27496;699;39;235
235;27731;423;65;236
236;27967;295;94;237
237;28204;354;79;238
238;28442;357;79;239
239;28681;1673;17;240
240;28921;478;60;241
241;29162;482;60;242
242;29404;2651;11;243
243;29647;297;99;244
244;29891;366;81;245
245;30136;305;98;246
246;30382;287;105;247
247;30629;533;57;248
248;30877;403;76;249
249;31126;332;93;250
250;31376;375;83;251
251;31627;1255;25;252
252;31879;502;63;253
253;32132;322;99;254
254;32386;1397;23;255
255;32641;381;85;256
256;32897;272;120;257
257;33154;514;64;258
258;33412;771;43;259
259;33671;301;111;260
260;33931;370;91;261
261;34192;290;117;262
262;34454;393;87;263
263;34717;34453;1;264
264;34981;526;66;265
265;35246;318;110;266
266;35512;371;95;267
267;35779;399;89;268
268;36047;402;89;269
269;36316;538;67;270
270;36586;807;45;271
271;36857;813;45;272
272;37129;542;68;273
273;37402;312;119;274
274;37676;411;91;275
275;37951;685;55;276
276;38227;330;115;277
277;38504;554;69;278
278;38782;38503;1;279
279;39061;417;93;280
280;39341;310;126;281
281;39622;562;70;282
282;39904;843;47;283
283;40187;849;47;284
284;40471;566;71;285
285;40756;355;114;286
286;41042;429;95;287
287;41329;451;91;288
288;41617;328;126;289
289;41906;306;136;290
290;42196;493;85;291
291;42487;435;97;292
292;42779;438;97;293
293;43072;586;73;294
294;43366;879;49;295
295;43661;413;105;296
296;43957;370;118;297
297;44254;333;132;298
298;44552;447;99;299
299;44851;1937;23;300
300;45151;325;138;301
301;45452;350;129;302
302;45754;1057;43;303
303;46057;453;101;304
304;46361;404;114;305
305;46666;380;122;306
306;46972;549;85;307
307;47279;921;51;308
308;47587;614;77;309
309;47896;462;103;310
310;48206;465;103;311
311;48517;1555;31;312
312;48829;622;78;313
313;49142;626;78;314
314;49456;49141;1;315
315;49771;471;105;316
316;50087;395;126;317
317;50404;634;79;318
318;50722;951;53;319
319;51041;583;87;320
320;51361;352;145;321
321;51682;428;120;322
322;52004;483;107;323
323;52327;391;133;324
324;52651;342;153;325
325;52976;351;150;326
326;53302;815;65;327
327;53629;489;109;328
328;53957;436;123;329
329;54286;574;94;330
330;54616;385;141;331
331;54947;993;55;332
332;55279;662;83;333
333;55612;498;111;334
334;55946;501;111;335
335;56281;835;67;336
336;56617;402;140;337
337;56954;674;84;338
338;57292;4381;13;339
339;57631;507;113;340
340;57971;510;113;341
341;58312;374;155;342
342;58654;589;99;343
343;58997;399;147;344
344;59341;602;98;345
345;59686;430;138;346
346;60032;519;115;347
347;60379;60031;1;348
348;60727;694;87;349
349;61076;698;87;350
350;61426;1745;35;351
351;61777;455;135;352
352;62129;396;156;353
353;62482;706;88;354
354;62836;1059;59;355
355;63191;885;71;356
356;63547;445;142;357
357;63904;534;119;358
358;64262;537;119;359
359;64621;64261;1;360
360;64981;718;90;361
361;65342;380;171;362
362;65704;3439;19;363
363;66067;543;121;364
364;66431;429;154;365
365;66796;455;146;366
366;67162;915;73;367
367;67529;1101;61;368
368;67897;734;92;369
369;68266;414;164;370
370;68636;555;123;371
371;69007;1295;53;372
372;69379;434;159;373
373;69752;746;93;374
374;70126;4103;17;375
375;70501;425;165;376
376;70877;470;150;377
377;71254;611;116;378
378;71632;609;117;379
379;72011;1137;63;380
380;72391;758;95;381
381;72772;570;127;382
382;73154;573;127;383
383;73537;73153;1;384
384;73921;766;96;385
385;74306;420;176;386
386;74692;965;77;387
387;75079;579;129;388
388;75467;582;129;389
389;75856;778;97;390
390;76246;1167;65;391
391;76637;663;115;392
392;77029;476;161;393
393;77422;524;147;394
394;77816;591;131;395
395;78211;985;79;396
396;78607;474;165;397
397;79004;794;99;398
398;79402;79003;1;399
399;79801;597;133;400
400;80201;420;190;401
401;80602;802;100;402
402;81004;1203;67;403
403;81407;871;93;404
404;81811;806;101;405
405;82216;505;162;406
406;82622;435;189;407
407;83029;1073;77;408
408;83437;444;187;409
409;83846;818;102;410
410;84256;2045;41;411
411;84667;615;137;412
412;85079;618;137;413
413;85492;721;118;414
414;85906;483;177;415
415;86321;747;115;416
416;86737;520;166;417
417;87154;556;156;418
418;87572;627;139;419
419;87991;4609;19;420
420;88411;838;105;421
421;88832;842;105;422
422;89254;88831;1;423
423;89677;633;141;424
424;90101;477;188;425
425;90526;530;170;426
426;90952;1065;85;427
427;91379;497;183;428
428;91807;749;122;429
429;92236;642;143;430
430;92666;473;195;431
431;93097;2155;43;432
432;93529;862;108;433
433;93962;866;108;434
434;94396;3031;31;435
435;94831;465;203;436
436;95267;545;174;437
437;95704;874;109;438
438;96142;1311;73;439
439;96581;1317;73;440
440;97021;878;110;441
441;97462;462;210;442
442;97904;637;153;443
443;98347;5759;17;444
444;98791;886;111;445
445;99236;534;185;446
446;99682;1115;89;447
447;100129;669;149;448
448;100577;596;168;449
449;101026;898;112;450
450;101476;1347;75;451
451;101927;495;205;452
452;102379;902;113;453
453;102832;678;151;454
454;103286;681;151;455
455;103741;1135;91;456
456;104197;494;210;457
457;104654;914;114;458
458;105112;104653;1;459
459;105571;687;153;460
460;106031;510;207;461
461;106492;922;115;462
462;106954;1383;77;463
463;107417;1389;77;464
464;107881;926;116;465
465;108346;580;186;466
466;108812;699;155;467
467;109279;108811;1;468
468;109747;934;117;469
469;110216;546;201;470
470;110686;1645;67;471
471;111157;705;157;472
472;111629;628;177;473
473;112102;649;172;474
474;112576;869;129;475
475;113051;1185;95;476
476;113527;595;190;477
477;114004;714;159;478
478;114482;717;159;479
479;114961;114481;1;480
480;115441;958;120;481
481;115922;520;222;482
482;116404;3133;37;483
483;116887;723;161;484
484;117371;506;231;485
485;117856;605;194;486
486;118342;873;135;487
487;118829;1461;81;488
488;119317;974;122;489
489;119806;652;183;490
490;120296;735;163;491
491;120787;2455;49;492
492;121279;982;123;493
493;121772;697;174;494
494;122266;551;221;495
495;122761;585;209;496
496;123257;558;220;497
497;123754;568;217;498
498;124252;581;213;499
499;124751;1497;83;500
500;125251;998;125;501
501;125752;750;167;502
502;126254;753;167;503
503;126757;126253;1;504
504;127261;1006;126;505
505;127766;606;210;506
506;128272;1111;115;507
507;128779;759;169;508
508;129287;762;169;509
509;129796;1018;127;510
510;130306;1527;85;511
511;130817;595;219;512
512;131329;584;224;513
513;131842;576;228;514
514;132356;771;171;515
515;132871;1285;103;516
516;133387;618;215;517
517;133904;946;141;518
518;134422;1739;77;519
519;134941;777;173;520
520;135461;692;195;521
521;135982;1042;130;522
522;136504;1563;87;523
523;137027;1569;87;524
524;137551;1046;131;525
525;138076;655;210;526
526;138602;789;175;527
527;139129;4471;31;528
528;139657;561;248;529
529;140186;552;253;530
530;140716;1219;115;531
531;141247;795;177;532
532;141779;798;177;533
533;142312;574;247;534
534;142846;1157;123;535
535;143381;1335;107;536
536;143917;670;214;537
537;144454;716;201;538
538;144992;807;179;539
539;145531;1883;77;540
540;146071;594;245;541
541;146612;1082;135;542
542;147154;146611;1;543
543;147697;813;181;544
544;148241;724;204;545
545;148786;680;218;546
546;149332;763;195;547
547;149879;1641;91;548
548;150427;1094;137;549
549;150976;822;183;550
550;151526;671;225;551
551;152077;725;209;552
552;152629;667;228;553
553;153182;644;237;554
554;153736;1939;79;555
555;154291;831;185;556
556;154847;695;222;557
557;155404;1114;139;558
558;155962;1671;93;559
559;156521;1209;129;560
560;157081;602;260;561
561;157642;595;264;562
562;158204;843;187;563
563;158767;158203;1;564
564;159331;1126;141;565
565;159896;678;235;566
566;160462;1415;113;567
567;161029;849;189;568
568;161597;639;252;569
569;162166;1138;142;570
570;162736;1707;95;571
571;163307;1713;95;572
572;163879;1142;143;573
573;164452;858;191;574
574;165026;861;191;575
575;165601;805;205;576
576;166177;600;276;577
577;166754;1154;144;578
578;167332;9809;17;579
579;167911;867;193;580
580;168491;870;193;581
581;169072;830;203;582
582;169654;679;249;583
583;170237;1067;159;584
584;170821;803;212;585
585;171406;657;260;586
586;171992;879;195;587
587;172579;171991;1;588
588;173167;1174;147;589
589;173756;651;266;590
590;174346;1121;155;591
591;174937;885;197;592
592;175529;788;222;593
593;176122;1186;148;594
594;176716;1779;99;595
595;177311;693;255;596
596;177907;745;238;597
597;178504;894;199;598
598;179102;897;199;599
599;179701;7787;23;600
600;180301;1198;150;601
601;180902;1202;150;602
602;181504;4207;43;603
603;182107;903;201;604
604;182711;906;201;605
605;183316;755;242;606
606;183922;1111;165;607
607;184529;1821;101;608
608;185137;1214;152;609
609;185746;696;266;610
610;186356;915;203;611
611;186967;793;235;612
612;187579;663;282;613
613;188192;1226;153;614
614;188806;188191;1;615
615;189421;921;205;616
616;190037;660;287;617
617;190654;1234;154;618
618;191272;1851;103;619
619;191891;1857;103;620
620;192511;1238;155;621
621;193132;690;279;622
622;193754;933;207;623
623;194377;2177;89;624
624;195001;712;273;625
625;195626;650;300;626
626;196252;1565;125;627
627;196879;939;209;628
628;197507;942;209;629
629;198136;1258;157;630
630;198766;765;259;631
631;199397;1893;105;632
632;200029;1262;158;633
633;200662;844;237;634
634;201296;951;211;635
635;201931;1585;127;636
636;202567;762;265;637
637;203204;689;294;638
638;203842;1001;203;639
639;204481;781;261;640
640;205121;710;288;641
641;205762;1282;160;642
642;206404;1923;107;643
643;207047;1929;107;644
644;207691;1286;161;645
645;208336;690;301;646
646;208982;731;285;647
647;209629;10999;19;648
648;210277;1294;162;649
649;210926;708;297;650
650;211576;715;295;651
651;212227;775;273;652
652;212879;978;217;653
653;213532;1306;163;654
654;214186;1959;109;655
655;214841;1635;131;656
656;215497;820;262;657
657;216154;738;292;658
658;216812;987;219;659
659;217471;4613;47;660
660;218131;1318;165;661
661;218792;1322;165;662
662;219454;218791;1;663
663;220117;993;221;664
664;220781;884;249;665
665;221446;830;266;666
666;222112;703;315;667
667;222779;851;261;668
668;223447;1334;167;669
669;224116;1002;223;670
670;224786;1005;223;671
671;225457;737;305;672
672;226129;732;308;673
673;226802;1346;168;674
674;227476;226801;1;675
675;228151;1011;225;676
676;228827;702;325;677
677;229504;1354;169;678
678;230182;2031;113;679
679;230861;791;291;680
680;231541;970;238;681
681;232222;908;255;682
682;232904;1023;227;683
683;233587;7513;31;684
684;234271;1366;171;685
685;234956;822;285;686
686;235642;959;245;687
687;236329;1029;229;688
688;237017;916;258;689
689;237706;1118;212;690
690;238396;795;299;691
691;239087;2073;115;692
692;239779;1382;173;693
693;240472;1038;231;694
694;241166;1041;231;695
695;241861;1735;139;696
696;242557;834;290;697
697;243254;986;246;698
698;243952;5933;41;699
699;244651;1047;233;700
700;245351;1050;233;701
701;246052;1402;175;702
702;246754;2103;117;703
703;247457;741;333;704
704;248161;814;304;705
705;248866;752;330;706
706;249572;1059;235;707
707;250279;2471;101;708
708;250987;826;303;709
709;251696;1418;177;710
710;252406;3545;71;711
711;253117;1065;237;712
712;253829;801;316;713
713;254542;1426;178;714
714;255256;1173;217;715
715;255971;935;273;716
716;256687;895;286;717
717;257404;1074;239;718
718;258122;1077;239;719
719;258841;258121;1;720
720;259561;1438;180;721
721;260282;824;315;722
722;261004;1957;133;723
723;261727;1083;241;724
724;262451;1086;241;725
725;263176;905;290;726
726;263902;825;319;727
727;264629;2181;121;728
728;265357;1454;182;729
729;266086;756;351;730
730;266816;1095;243;731
731;267547;1241;215;732
732;268279;1037;258;733
733;269012;1466;183;734
734;269746;269011;1;735
735;270481;1101;245;736
736;271217;784;345;737
737;271954;1012;268;738
738;272692;1353;201;739
739;273431;2217;123;740
740;274171;1478;185;741
741;274912;962;285;742
742;275654;1007;273;743
743;276397;5201;53;744
744;277141;1486;186;745
745;277886;894;310;746
746;278632;1865;149;747
747;279379;1119;249;748
748;280127;913;306;749
749;280876;1177;238;750
750;281626;875;321;751
751;282377;2253;125;752
752;283129;1502;188;753
753;283882;1004;282;754
754;284636;1131;251;755
755;285391;1885;151;756
756;286147;906;315;757
757;286904;1514;189;758
758;287662;286903;1;759
759;288421;1137;253;760
760;289181;836;345;761
761;289942;1522;190;762
762;290704;2283;127;763
763;291467;889;327;764
764;292231;1337;218;765
765;292996;955;306;766
766;293762;1149;255;767
767;294529;4979;59;768
768;295297;832;354;769
769;296066;1538;192;770
770;296836;3845;77;771
771;297607;1155;257;772
772;298379;1158;257;773
773;299152;1546;193;774
774;299926;2319;129;775
775;300701;1075;279;776
776;301477;970;310;777
777;302254;1036;291;778
778;303032;1167;259;779
779;303811;7391;41;780
780;304591;1066;285;781
781;305372;858;355;782
782;306154;1207;253;783
783;306937;1173;261;784
784;307721;812;378;785
785;308506;980;314;786
786;309292;1965;157;787
787;310079;2361;131;788
788;310867;1574;197;789
789;311656;1182;263;790
790;312446;1185;263;791
791;313237;2765;113;792
792;314029;924;339;793
793;314822;858;366;794
794;315616;5161;61;795
795;316411;1191;265;796
796;317207;995;318;797
797;318004;1594;199;798
798;318802;2391;133;799
799;319601;893;357;800
800;320401;850;376;801
801;321202;890;360;802
802;322004;1203;267;803
803;322807;4411;73;804
804;323611;1474;219;805
805;324416;938;345;806
806;325222;1085;299;807
807;326029;1209;269;808
808;326837;1076;303;809
809;327646;1618;202;810
810;328456;2427;135;811
811;329267;2433;135;812
812;330079;1622;203;813
813;330892;1218;271;814
814;331706;1221;271;815
815;332521;1793;185;816
816;333337;978;340;817
817;334154;969;344;818
818;334972;7771;43;819
819;335791;1227;273;820
820;336611;861;390;821
821;337432;1642;205;822
822;338254;2463;137;823
823;339077;2469;137;824
824;339901;1646;206;825
825;340726;1030;330;826
826;341552;885;385;827
827;342379;5789;59;828
828;343207;1654;207;829
829;344036;1658;207;830
830;344866;4145;83;831
831;345697;1245;277;832
832;346529;1108;312;833
833;347362;884;392;834
834;348196;973;357;835
835;349031;2085;167;836
836;349867;1045;334;837
837;350704;1023;342;838
838;351542;1257;279;839
839;352381;351541;1;840
840;353221;1678;210;841
841;354062;870;406;842
842;354904;12209;29;843
843;355747;1263;281;844
844;356591;1266;281;845
845;357436;1055;338;846
846;358282;1521;235;847
847;359129;987;363;848
848;359977;968;371;849
849;360826;1132;318;850
850;361676;1275;283;851
851;362527;925;391;852
852;363379;1633;222;853
853;364232;1706;213;854
854;365086;5971;61;855
855;365941;915;399;856
856;366797;963;380;857
857;367654;1714;214;858
858;368512;2571;143;859
859;369371;2577;143;860
860;370231;1718;215;861
861;371092;903;410;862
862;371954;1293;287;863
863;372817;371953;1;864
864;373681;1726;216;865
865;374546;1038;360;866
866;375412;2165;173;867
867;376279;1299;289;868
868;377147;1054;357;869
869;378016;1106;341;870
870;378886;957;395;871
871;379757;1005;377;872
872;380629;1417;268;873
873;381502;981;388;874
874;382376;1311;291;875
875;383251;2185;175;876
876;384127;1022;375;877
877;385004;1754;219;878
878;385882;385003;1;879
879;386761;1317;293;880
880;387641;1172;330;881
881;388522;1762;220;882
882;389404;2643;147;883
883;390287;2649;147;884
884;391171;1766;221;885
885;392056;1003;390;886
886;392942;1329;295;887
887;393829;392941;1;888
888;394717;1774;222;889
889;395606;1036;381;890
890;396496;3115;127;891
891;397387;979;405;892
892;398279;1338;297;893
893;399172;1786;223;894
894;400066;2679;149;895
895;400961;2235;179;896
896;401857;1120;358;897
897;402754;966;416;898
898;403652;1347;299;899
899;404551;13021;31;900
900;405451;930;435;901
901;406352;954;425;902
902;407254;2173;187;903
903;408157;1353;301;904
904;409061;1204;339;905
905;409966;1130;362;906
906;410872;2265;181;907
907;411779;2721;151;908
908;412687;1814;227;909
909;413596;1362;303;910
910;414506;1313;315;911
911;415417;4555;91;912
912;416329;1822;228;913
913;417242;996;418;914
914;418156;5027;83;915
915;419071;1371;305;916
916;419987;1145;366;917
917;420904;1603;262;918
918;421822;1071;393;919
919;422741;2757;153;920
920;423661;1838;230;921
921;424582;1228;345;922
922;425504;1383;307;923
923;426427;5993;71;924
924;427351;994;429;925
925;428276;1050;407;926
926;429202;2315;185;927
927;430129;1389;309;928
928;431057;1044;412;929
929;431986;1858;232;930
930;432916;2787;155;931
931;433847;1085;399;932
932;434779;1631;266;933
933;435712;1398;311;934
934;436646;1401;311;935
935;437581;2335;187;936
936;438517;990;442;937
937;439454;1874;234;938
938;440392;6559;67;939
939;441331;1407;313;940
940;442271;1410;313;941
941;443212;1882;235;942
942;444154;2823;157;943
943;445097;2829;157;944
944;446041;1357;328;945
945;446986;1062;420;946
946;447932;1155;387;947
947;448879;10417;43;948
948;449827;1894;237;949
949;450776;1027;438;950
950;451726;1235;365;951
951;452677;1425;317;952
952;453629;1268;357;953
953;454582;1906;238;954
954;455536;2859;159;955
955;456491;1719;265;956
956;457447;1195;382;957
957;458404;1434;319;958
958;459362;1437;319;959
959;460321;3353;137;960
960;461281;1096;420;961
961;462242;992;465;962
962;463204;1147;403;963
963;464167;1391;333;964
964;465131;1446;321;965
965;466096;1205;386;966
966;467062;1351;345;967
967;468029;2901;161;968
968;468997;1934;242;969
969;469966;1122;418;970
970;470936;1455;323;971
971;471907;4855;97;972
972;472879;1942;243;973
973;473852;1134;417;974
974;474826;3409;139;975
975;475801;1461;325;976
976;476777;1220;390;977
977;477754;1954;244;978
978;478732;2931;163;979
979;479711;1793;267;980
980;480691;1078;445;981
981;481672;1090;441;982
982;482654;1473;327;983
983;483637;482653;1;984
984;484621;1966;246;985
985;485606;1182;410;986
986;486592;2465;197;987
987;487579;1363;357;988
988;488567;1222;399;989
989;489556;1118;437;990
990;490546;1035;473;991
991;491537;2973;165;992
992;492529;1982;248;993
993;493522;1324;372;994
994;494516;1491;331;995
995;495511;1393;355;996
996;496507;1194;415;997
997;497504;1994;249;998
998;498502;497503;1;999
999;499501;1497;333;1000
1000;500501;1110;450;1001
1001;501502;1100;455;1002
1002;502504;1169;429;1003
1003;503507;2839;177;1004
1004;504511;2006;251;1005
1005;505516;1255;402;1006
1006;506522;1509;335;1007
1007;507529;9557;53;1008
1008;508537;1064;477;1009
1009;509546;2018;252;1010
1010;510556;5045;101;1011
1011;511567;1515;337;1012
1012;512579;1518;337;1013
1013;513592;2026;253;1014
1014;514606;3039;169;1015
1015;515621;1131;455;1016
1016;516637;1270;406;1017
1017;517654;1143;452;1018
1018;518672;1527;339;1019
1019;519691;518671;1;1020
1020;520711;2038;255;1021
1021;521732;2042;255;1022
1022;522754;7147;73;1023
1023;523777;1533;341;1024
1024;524801;1056;496;1025
1025;525826;1280;410;1026
1026;526852;1107;475;1027
1027;527879;1501;351;1028
1028;528907;2054;257;1029
1029;529936;1542;343;1030
1030;530966;1545;343;1031
1031;531997;5155;103;1032
1032;533029;2062;258;1033
1033;534062;2066;258;1034
1034;535096;11363;47;1035
1035;536131;1081;495;1036
1036;537167;1110;483;1037
1037;538204;1258;427;1038
1038;539242;2941;183;1039
1039;540281;3117;173;1040
1040;541321;2078;260;1041
1041;542362;1388;390;1042
1042;543404;1563;347;1043
1043;544447;3647;149;1044
1044;545491;1218;447;1045
1045;546536;1102;495;1046
1046;547582;2615;209;1047
1047;548629;1569;349;1048
1048;549677;1396;393;1049
1049;550726;2098;262;1050
1050;551776;3147;175;1051
1051;552827;3153;175;1052
1052;553879;2102;263;1053
1053;554932;1578;351;1054
1054;555986;1209;459;1055
1055;557041;2635;211;1056
1056;558097;1266;440;1057
1057;559154;1208;462;1058
1058;560212;3473;161;1059
1059;561271;1587;353;1060
1060;562331;1590;353;1061
1061;563392;2122;265;1062
1062;564454;3183;177;1063
1063;565517;3189;177;1064
1064;566581;2126;266;1065
1065;567646;1140;497;1066
1066;568712;1599;355;1067
1067;569779;1261;451;1068
1068;570847;1958;291;1069
1069;571916;2138;267;1070
1070;572986;5345;107;1071
1071;574057;1605;357;1072
1072;575129;1139;504;1073
1073;576202;1943;296;1074
1074;577276;3219;179;1075
1075;578351;2685;215;1076
1076;579427;1345;430;1077
1077;580504;1614;359;1078
1078;581582;1617;359;1079
1079;582661;4067;143;1080
1080;583741;1170;498;1081
1081;584822;1242;470;1082
1082;585904;12443;47;1083
1083;586987;1623;361;1084
1084;588071;1626;361;1085
1085;589156;1355;434;1086
1086;590242;1267;465;1087
1087;591329;3261;181;1088
1088;592417;2174;272;1089
1089;593506;1122;528;1090
1090;594596;1199;495;1091
1091;595687;5455;109;1092
1092;596779;2182;273;1093
1093;597872;2186;273;1094
1094;598966;597871;1;1095
1095;600061;1641;365;1096
1096;601157;1370;438;1097
1097;602254;2194;274;1098
1098;603352;3291;183;1099
1099;604451;1281;471;1100
1100;605551;1570;385;1101
1101;606652;1650;367;1102
1102;607754;1653;367;1103
1103;608857;20957;29;1104
1104;609961;2206;276;1105
1105;611066;1173;520;1106
1106;612172;1343;455;1107
1107;613279;1659;369;1108
1108;614387;1662;369;1109
1109;615496;2218;277;1110
1110;616606;3327;185;1111
1111;617717;1221;505;1112
1112;618829;1529;404;1113
1113;619942;1484;417;1114
1114;621056;1671;371;1115
1115;622171;2785;223;1116
1116;623287;1338;465;1117
1117;624404;2234;279;1118
1118;625522;14521;43;1119
1119;626641;1677;373;1120
1120;627761;1492;420;1121
1121;628882;1180;532;1122
1122;630004;1947;323;1123
1123;631127;3369;187;1124
1124;632251;2246;281;1125
1125;633376;1405;450;1126
1126;634502;1689;375;1127
1127;635629;3941;161;1128
1128;636757;1316;483;1129
1129;637886;2258;282;1130
1130;639016;5645;113;1131
1131;640147;1469;435;1132
1132;641279;1698;377;1133
1133;642412;2266;283;1134
1134;643546;2079;309;1135
1135;644681;1589;405;1136
1136;645817;1420;454;1137
1137;646954;1516;426;1138
1138;648092;1707;379;1139
1139;649231;9673;67;1140
1140;650371;1273;510;1141
1141;651512;1330;489;1142
1142;652654;3997;163;1143
1143;653797;1713;381;1144
1144;654941;1287;508;1145
1145;656086;1430;458;1146
1146;657232;2865;229;1147
1147;658379;3441;191;1148
1148;659527;1271;518;1149
1149;660676;1722;383;1150
1150;661826;1725;383;1151
1151;662977;5755;115;1152
1152;664129;2302;288;1153
1153;665282;2306;288;1154
1154;666436;665281;1;1155
1155;667591;1731;385;1156
1156;668747;1190;561;1157
1157;669904;1513;442;1158
1158;671062;2509;267;1159
1159;672221;3477;193;1160
1160;673381;1220;551;1161
1161;674542;1247;540;1162
1162;675704;1743;387;1163
1163;676867;8141;83;1164
1164;678031;2326;291;1165
1165;679196;1398;485;1166
1166;680362;2563;265;1167
1167;681529;1749;389;1168
1168;682697;1556;438;1169
1169;683866;1336;511;1170
1170;685036;1365;501;1171
1171;686207;3513;195;1172
1172;687379;2342;293;1173
1173;688552;1758;391;1174
1174;689726;1761;391;1175
1175;690901;2935;235;1176
1176;692077;1225;564;1177
1177;693254;1284;539;1178
1178;694432;2033;341;1179
1179;695611;1767;393;1180
1180;696791;1310;531;1181
1181;697972;2362;295;1182
1182;699154;3543;197;1183
1183;700337;1379;507;1184
1184;701521;1352;518;1185
1185;702706;1264;555;1186
1186;703892;1779;395;1187
1187;705079;703891;1;1188
1188;706267;2374;297;1189
1189;707456;1353;522;1190
1190;708646;1435;493;1191
1191;709837;1785;397;1192
1192;711029;1588;447;1193
1193;712222;2386;298;1194
1194;713416;3579;199;1195
1195;714611;2985;239;1196
1196;715807;1495;478;1197
1197;717004;1311;546;1198
1198;718202;1797;399;1199
1199;719401;6589;109;1200
1200;720601;1308;550;1201
1201;721802;2402;300;1202
1202;723004;721801;1;1203
1203;724207;1803;401;1204
1204;725411;1806;401;1205
1205;726616;1505;482;1206
1206;727822;2169;335;1207
1207;729029;3417;213;1208
1208;730237;2414;302;1209
1209;731446;1612;453;1210
1210;732656;1573;465;1211
1211;733867;1903;385;1212
1212;735079;1414;519;1213
1213;736292;2426;303;1214
1214;737506;736291;1;1215
1215;738721;1821;405;1216
1216;739937;1296;570;1217
1217;741154;2434;304;1218
1218;742372;3651;203;1219
1219;743591;1537;483;1220
1220;744811;1403;530;1221
1221;746032;1342;555;1222
1222;747254;1443;517;1223
1223;748477;15899;47;1224
1224;749701;2446;306;1225
1225;750926;1260;595;1226
1226;752152;3065;245;1227
1227;753379;1839;409;1228
1228;754607;1842;409;1229
1229;755836;2458;307;1230
1230;757066;3687;205;1231
1231;758297;3693;205;1232
1232;759529;2462;308;1233
1233;760762;1386;548;1234
1234;761996;1851;411;1235
1235;763231;3085;247;1236
1236;764467;1339;570;1237
1237;765704;2474;309;1238
1238;766942;765703;1;1239
1239;768181;1857;413;1240
1240;769421;1302;590;1241
1241;770662;1460;527;1242
1242;771904;1679;459;1243
1243;773147;2277;339;1244
1244;774391;2486;311;1245
1245;775636;1555;498;1246
1246;776882;1335;581;1247
1247;778129;2581;301;1248
1248;779377;1392;559;1249
1249;780626;2498;312;1250
1250;781876;6245;125;1251
1251;783127;1875;417;1252
1252;784379;1878;417;1253
1253;785632;2191;358;1254
1254;786886;1463;537;1255
1255;788141;2761;285;1256
1256;789397;1570;502;1257
1257;790654;1676;471;1258
1258;791912;1887;419;1259
1259;793171;21403;37;1260
1260;794431;2518;315;1261
1261;795692;1358;585;1262
1262;796954;8203;97;1263
1263;798217;1893;421;1264
1264;799481;1684;474;1265
1265;800746;1580;506;1266
1266;802012;2321;345;1267
1267;803279;1477;543;1268
1268;804547;2219;362;1269
1269;805816;1902;423;1270
1270;807086;1905;423;1271
1271;808357;3937;205;1272
1272;809629;1643;492;1273
1273;810902;2014;402;1274
1274;812176;1729;469;1275
1275;813451;1365;595;1276
1276;814727;1450;561;1277
1277;816004;2554;319;1278
1278;817282;3831;213;1279
1279;818561;3837;213;1280
1280;819841;2558;320;1281
1281;821122;1344;610;1282
1282;822404;1923;427;1283
1283;823687;822403;1;1284
1284;824971;2566;321;1285
1285;826256;1542;535;1286
1286;827542;3215;257;1287
1287;828829;1929;429;1288
1288;830117;1386;598;1289
1289;831406;2578;322;1290
1290;832696;3867;215;1291
1291;833987;3873;215;1292
1292;835279;2582;323;1293
1293;836572;1938;431;1294
1294;837866;1941;431;1295
1295;839161;3235;259;1296
1296;840457;1332;630;1297
1297;841754;2594;324;1298
1298;843052;14267;59;1299
1299;844351;1947;433;1300
1300;845651;1950;433;1301
1301;846952;2602;325;1302
1302;848254;3903;217;1303
1303;849557;3909;217;1304
1304;850861;2606;326;1305
1305;852166;1467;580;1306
1306;853472;1959;435;1307
1307;854779;853471;1;1308
1308;856087;2614;327;1309
1309;857396;1526;561;1310
1310;858706;1441;595;1311
1311;860017;1965;437;1312
1312;861329;1558;552;1313
1313;862642;1616;533;1314
1314;863956;2847;303;1315
1315;865271;2367;365;1316
1316;866587;1645;526;1317
1317;867904;1974;439;1318
1318;869222;1977;439;1319
1319;870541;869221;1;1320
1320;871861;2638;330;1321
1321;873182;2642;330;1322
1322;874504;873181;1;1323
1323;875827;1983;441;1324
1324;877151;1986;441;1325
1325;878476;1655;530;1326
1326;879802;2067;425;1327
1327;881129;3981;221;1328
1328;882457;2654;332;1329
1329;883786;1772;498;1330
1330;885116;1995;443;1331
1331;886447;1463;605;1332
1332;887779;2178;407;1333
1333;889112;1591;558;1334
1334;890446;20677;43;1335
1335;891781;2001;445;1336
1336;893117;1670;534;1337
1337;894454;2338;382;1338
1338;895792;1561;573;1339
1339;897131;2899;309;1340
1340;898471;1742;515;1341
1341;899812;1490;603;1342
1342;901154;1639;549;1343
1343;902497;4819;187;1344
1344;903841;1428;632;1345
1345;905186;1614;560;1346
1346;906532;3365;269;1347
1347;907879;2019;449;1348
1348;909227;2022;449;1349
1349;910576;2698;337;1350
1350;911926;1425;639;1351
1351;913277;1575;579;1352
1352;914629;2366;386;1353
1353;915982;1599;572;1354
1354;917336;2031;451;1355
1355;918691;3385;271;1356
1356;920047;1626;565;1357
1357;921404;2599;354;1358
1358;922762;2231;413;1359
1359;924121;2037;453;1360
1360;925481;1510;612;1361
1361;926842;2722;340;1362
1362;928204;4083;227;1363
1363;929567;4089;227;1364
1364;930931;1457;638;1365
1365;932296;1430;651;1366
1366;933662;2049;455;1367
1367;935029;933661;1;1368
1368;936397;2734;342;1369
1369;937766;1406;666;1370
1370;939136;5069;185;1371
1371;940507;2055;457;1372
1372;941879;2058;457;1373
1373;943252;2746;343;1374
1374;944626;4119;229;1375
1375;946001;2519;375;1376
1376;947377;1720;550;1377
1377;948754;1462;648;1378
1378;950132;1431;663;1379
1379;951511;2561;371;1380
1380;952891;1610;591;1381
1381;954272;2762;345;1382
1382;955654;954271;1;1383
1383;957037;2073;461;1384
1384;958421;1844;519;1385
1385;959806;1730;554;1386
1386;961192;1939;495;1387
1387;962579;1463;657;1388
1388;963967;2774;347;1389
1389;965356;2082;463;1390
1390;966746;2085;463;1391
1391;968137;1807;535;1392
1392;969529;1508;642;1393
1393;970922;1592;609;1394
1394;972316;3383;287;1395
1395;973711;1581;615;1396
1396;975107;1745;558;1397
1397;976504;2794;349;1398
1398;977902;2563;381;1399
1399;979301;4197;233;1400
1400;980701;2798;350;1401
1401;982102;1868;525;1402
1402;983504;2103;467;1403
1403;984907;16123;61;1404
1404;986311;1586;621;1405
1405;987716;1686;585;1406
1406;989122;3515;281;1407
1407;990529;2109;469;1408
1408;991937;1474;672;1409
1409;993346;2818;352;1410
1410;994756;4227;235;1411
1411;996167;2397;415;1412
1412;997579;2822;353;1413
1413;998992;2118;471;1414
1414;1000406;2121;471;1415
1415;1001821;1981;505;1416
1416;1003237;1698;590;1417
1417;1004654;1534;654;1418
1418;1006072;9217;109;1419
1419;1007491;2127;473;1420
1420;1008911;1562;645;1421
1421;1010332;2030;497;1422
1422;1011754;1659;609;1423
1423;1013177;4269;237;1424
1424;1014601;2846;356;1425
1425;1016026;1691;600;1426
1426;1017452;1725;589;1427
1427;1018879;32821;31;1428
1428;1020307;2854;357;1429
1429;1021736;2858;357;1430
1430;1023166;7145;143;1431
1431;1024597;1485;689;1432
1432;1026029;1611;636;1433
1433;1027462;2866;358;1434
1434;1028896;4299;239;1435
1435;1030331;1673;615;1436
1436;1031767;1795;574;1437
1437;1033204;2154;479;1438
1438;1034642;2157;479;1439
1439;1036081;1034641;1;1440
1440;1037521;2878;360;1441
1441;1038962;1572;660;1442
1442;1040404;7931;131;1443
1443;1041847;2163;481;1444
1444;1043291;1482;703;1445
1445;1044736;1615;646;1446
1446;1046182;3615;289;1447
1447;1047629;4341;241;1448
1448;1049077;2894;362;1449
1449;1050526;1629;644;1450
1450;1051976;1575;667;1451
1451;1053427;7255;145;1452
1452;1054879;2902;363;1453
1453;1056332;2906;363;1454
1454;1057786;1056331;1;1455
1455;1059241;2181;485;1456
1456;1060697;1560;679;1457
1457;1062154;1612;658;1458
1458;1063612;2511;423;1459
1459;1065071;4377;243;1460
1460;1066531;2918;365;1461
1461;1067992;2190;487;1462
1462;1069454;2193;487;1463
1463;1070917;2261;473;1464
1464;1072381;1596;671;1465
1465;1073846;1758;610;1466
1466;1075312;3665;293;1467
1467;1076779;2199;489;1468
1468;1078247;2202;489;1469
1469;1079716;2938;367;1470
1470;1081186;1695;637;1471
1471;1082657;4413;245;1472
1472;1084129;2942;368;1473
1473;1085602;1964;552;1474
1474;1087076;2211;491;1475
1475;1088551;1675;649;1476
1476;1090027;1770;615;1477
1477;1091504;1722;633;1478
1478;1092982;5173;211;1479
1479;1094461;2217;493;1480
1480;1095941;1740;629;1481
1481;1097422;2962;370;1482
1482;1098904;4443;247;1483
1483;1100387;4449;247;1484
1484;1101871;2966;371;1485
1485;1103356;1590;693;1486
1486;1104842;2229;495;1487
1487;1106329;1104841;1;1488
1488;1107817;2974;372;1489
1489;1109306;2978;372;1490
1490;1110796;7445;149;1491
1491;1112287;2235;497;1492
1492;1113779;2238;497;1493
1493;1115272;2986;373;1494
1494;1116766;4479;249;1495
1495;1118261;1909;585;1496
1496;1119757;1564;715;1497
1497;1121254;1996;561;1498
1498;1122752;2247;499;1499
1499;1124251;10493;107;1500
1500;1125751;2998;375;1501
1501;1127252;1975;570;1502
1502;1128754;14269;79;1503
1503;1130257;2253;501;1504
1504;1131761;1692;668;1505
1505;1133266;1645;688;1506
1506;1134772;1757;645;1507
1507;1136279;2761;411;1508
1508;1137787;1781;638;1509
1509;1139296;2262;503;1510
1510;1140806;2265;503;1511
1511;1142317;7555;151;1512
1512;1143829;3022;378;1513
1513;1145342;1602;714;1514
1514;1146856;12869;89;1515
1515;1148371;2271;505;1516
1516;1149887;1895;606;1517
1517;1151404;3034;379;1518
1518;1152922;2553;451;1519
1519;1154441;1617;713;1520
1520;1155961;1736;665;1521
1521;1157482;1560;741;1522
1522;1159004;2283;507;1523
1523;1160527;1159003;1;1524
1524;1162051;3046;381;1525
1525;1163576;1830;635;1526
1526;1165102;2135;545;1527
1527;1166629;2289;509;1528
1528;1168157;2036;573;1529
1529;1169686;2101;556;1530
1530;1171216;1683;695;1531
1531;1172747;4593;255;1532
1532;1174279;3062;383;1533
1533;1175812;2298;511;1534
1534;1177346;2301;511;1535
1535;1178881;3835;307;1536
1536;1180417;1842;640;1537
1537;1181954;1696;696;1538
1538;1183492;22301;53;1539
1539;1185031;2307;513;1540
1540;1186571;1710;693;1541
1541;1188112;1610;737;1542
1542;1189654;4623;257;1543
1543;1191197;4629;257;1544
1544;1192741;3086;386;1545
1545;1194286;1930;618;1546
1546;1195832;2319;515;1547
1547;1197379;5411;221;1548
1548;1198927;1638;731;1549
1549;1200476;3098;387;1550
1550;1202026;7745;155;1551
1551;1203577;1705;705;1552
1552;1205129;2068;582;1553
1553;1206682;3106;388;1554
1554;1208236;4659;259;1555
1555;1209791;2177;555;1556
1556;1211347;1945;622;1557
1557;1212904;2334;519;1558
1558;1214462;2337;519;1559
1559;1216021;29621;41;1560
1560;1217581;3118;390;1561
1561;1219142;1820;669;1562
1562;1220704;2453;497;1563
1563;1222267;2343;521;1564
1564;1223831;2346;521;1565
1565;1225396;1955;626;1566
1566;1226962;2817;435;1567
1567;1228529;4701;261;1568
1568;1230097;3134;392;1569
1569;1231666;2092;588;1570
1570;1233236;2355;523;1571
1571;1234807;7855;157;1572
1572;1236379;3142;393;1573
1573;1237952;1703;726;1574
1574;1239526;8657;143;1575
1575;1241101;2361;525;1576
1576;1242677;1773;700;1577
1577;1244254;3154;394;1578
1578;1245832;4731;263;1579
1579;1247411;4737;263;1580
1580;1248991;3158;395;1581
1581;1250572;2370;527;1582
1582;1252154;1921;651;1583
1583;1253737;11081;113;1584
1584;1255321;3166;396;1585
1585;1256906;1902;660;1586
1586;1258492;3965;317;1587
1587;1260079;2379;529;1588
1588;1261667;2382;529;1589
1589;1263256;2779;454;1590
1590;1264846;1855;681;1591
1591;1266437;1961;645;1592
1592;1268029;3182;398;1593
1593;1269622;1791;708;1594
1594;1271216;2391;531;1595
1595;1272811;3985;319;1596
1596;1274407;1653;770;1597
1597;1276004;3194;399;1598
1598;1277602;27149;47;1599
1599;1279201;1833;697;1600
1600;1280801;1640;780;1601
1601;1282402;3202;400;1602
1602;1284004;4803;267;1603
1603;1285607;1869;687;1604
1604;1287211;2807;458;1605
1605;1288816;2005;642;1606
1606;1290422;2409;535;1607
1607;1292029;17677;73;1608
1608;1293637;3214;402;1609
1609;1295246;3218;402;1610
1610;1296856;8045;161;1611
1611;1298467;2415;537;1612
1612;1300079;2327;558;1613
1613;1301692;3226;403;1614
1614;1303306;4839;269;1615
1615;1304921;4035;323;1616
1616;1306537;1717;760;1617
1617;1308154;1848;707;1618
1618;1309772;2427;539;1619
1619;1311391;1309771;1;1620
1620;1313011;3238;405;1621
1621;1314632;3242;405;1622
1622;1316254;1314631;1;1623
1623;1317877;2433;541;1624
1624;1319501;2164;609;1625
1625;1321126;1750;754;1626
1626;1322752;3523;375;1627
1627;1324379;4881;271;1628
1628;1326007;3254;407;1629
1629;1327636;1991;666;1630
1630;1329266;2445;543;1631
1631;1330897;5705;233;1632
1632;1332529;1864;714;1633
1633;1334162;1704;782;1634
1634;1335796;3053;437;1635
1635;1337431;2071;645;1636
1636;1339067;2045;654;1637
1637;1340704;3274;409;1638
1638;1342342;4911;273;1639
1639;1343981;1937;693;1640
1640;1345621;1804;745;1641
1641;1347262;2188;615;1642
1642;1348904;2463;547;1643
1643;1350547;25451;53;1644
1644;1352191;3286;411;1645
1645;1353836;1918;705;1646
1646;1355482;4115;329;1647
1647;1357129;2469;549;1648
1648;1358777;1854;732;1649
1649;1360426;1751;776;1650
1650;1362076;2425;561;1651
1651;1363727;1905;715;1652
1652;1365379;1778;767;1653
1653;1367032;1711;798;1654
1654;1368686;2481;551;1655
1655;1370341;4135;331;1656
1656;1371997;1986;690;1657
1657;1373654;3314;414;1658
1658;1375312;1373653;1;1659
1659;1376971;2487;553;1660
1660;1378631;1743;790;1661
1661;1380292;1826;755;1662
1662;1381954;3047;453;1663
1663;1383617;4989;277;1664
1664;1385281;3326;416;1665
1665;1386946;1776;780;1666
1666;1388612;1785;777;1667
1667;1390279;11669;119;1668
1668;1391947;3334;417;1669
1669;1393616;3338;417;1670
1670;1395286;8345;167;1671
1671;1396957;2505;557;1672
1672;1398629;2228;627;1673
1673;1400302;2629;532;1674
1674;1401976;1953;717;1675
1675;1403651;1809;775;1676
1676;1405327;2095;670;1677
1677;1407004;2514;559;1678
1678;1408682;2517;559;1679
1679;1410361;19297;73;1680
1680;1412041;1752;805;1681
1681;1413722;1722;820;1682
1682;1415404;34481;41;1683
1683;1417087;2523;561;1684
1684;1418771;2526;561;1685
1685;1420456;2105;674;1686
1686;1422142;4215;337;1687
1687;1423829;1967;723;1688
1688;1425517;2954;482;1689
1689;1427206;2252;633;1690
1690;1428896;2535;563;1691
1691;1430587;3211;445;1692
1692;1432279;1786;801;1693
1693;1433972;3386;423;1694
1694;1435666;11851;121;1695
1695;1437361;1815;791;1696
1696;1439057;1808;795;1697
1697;1440754;3394;424;1698
1698;1442452;5091;283;1699
1699;1444151;5097;283;1700
1700;1445851;3398;425;1701
1701;1447552;1785;810;1702
1702;1449254;1863;777;1703
1703;1450957;3013;481;1704
1704;1452661;1846;786;1705
1705;1454366;1860;781;1706
1706;1456072;4265;341;1707
1707;1457779;2559;569;1708
1708;1459487;2562;569;1709
1709;1461196;3418;427;1710
1710;1462906;5127;285;1711
1711;1464617;2655;551;1712
1712;1466329;3103;472;1713
1713;1468042;2284;642;1714
1714;1469756;2571;571;1715
1715;1471471;4285;343;1716
1716;1473187;1911;770;1717
1717;1474904;2222;663;1718
1718;1476622;14603;101;1719
1719;1478341;2577;573;1720
1720;1480061;1910;774;1721
1721;1481782;3442;430;1722
1722;1483504;5163;287;1723
1723;1485227;5169;287;1724
1724;1486951;3446;431;1725
1725;1488676;2155;690;1726
1726;1490402;2589;575;1727
1727;1492129;9493;157;1728
1728;1493857;1884;792;1729
1729;1495586;1824;819;1730
1730;1497316;2249;665;1731
1731;1499047;2595;577;1732
1732;1500779;2598;577;1733
1733;1502512;3466;433;1734
1734;1504246;5199;289;1735
1735;1505981;4335;347;1736
1736;1507717;2170;694;1737
1737;1509454;1953;772;1738
1738;1511192;2123;711;1739
1739;1512931;2923;517;1740
1740;1514671;2146;705;1741
1741;1516412;3482;435;1742
1742;1518154;22633;67;1743
1743;1519897;2613;581;1744
1744;1521641;1992;763;1745
1745;1523386;2180;698;1746
1746;1525132;3141;485;1747
1747;1526879;5241;291;1748
1748;1528627;3494;437;1749
1749;1530376;2014;759;1750
1750;1532126;1855;825;1751
1751;1533877;2125;721;1752
1752;1535629;2482;618;1753
1753;1537382;3506;438;1754
1754;1539136;1537381;1;1755
1755;1540891;2631;585;1756
1756;1542647;2195;702;1757
1757;1544404;3073;502;1758
1758;1546162;2051;753;1759
1759;1547921;5277;293;1760
1760;1549681;3518;440;1761
1761;1551442;2348;660;1762
1762;1553204;2643;587;1763
1763;1554967;36121;43;1764
1764;1556731;1806;861;1765
1765;1558496;2118;735;1766
1766;1560262;4415;353;1767
1767;1562029;2649;589;1768
1768;1563797;1938;806;1769
1769;1565566;1972;793;1770
1770;1567336;3599;435;1771
1771;1569107;1947;805;1772
1772;1570879;3101;506;1773
1773;1572652;2658;591;1774
1774;1574426;2661;591;1775
1775;1576201;4435;355;1776
1776;1577977;1850;852;1777
1777;1579754;3554;444;1778
1778;1581532;12439;127;1779
1779;1583311;2667;593;1780
1780;1585091;2670;593;1781
1781;1586872;2314;685;1782
1782;1588654;3699;429;1783
1783;1590437;5349;297;1784
1784;1592221;3566;446;1785
1785;1594006;2230;714;1786
1786;1595792;1995;799;1787
1787;1597579;33953;47;1788
1788;1599367;3574;447;1789
1789;1601156;3578;447;1790
1790;1602946;8945;179;1791
1791;1604737;2685;597;1792
1792;1606529;2016;796;1793
1793;1608322;2282;704;1794
1794;1610116;2119;759;1795
1795;1611911;4485;359;1796
1796;1613707;2245;718;1797
1797;1615504;2694;599;1798
1798;1617302;2697;599;1799
1799;1619101;6293;257;1800
1800;1620901;2100;771;1801
1801;1622702;3602;450;1802
1802;1624504;30617;53;1803
1803;1626307;2703;601;1804
1804;1628111;2706;601;1805
1805;1629916;2090;779;1806
1806;1631722;1995;817;1807
1807;1633529;2919;559;1808
1808;1635337;2938;556;1809
1809;1637146;2034;804;1810
1810;1638956;2715;603;1811
1811;1640767;9055;181;1812
1812;1642579;3622;453;1813
1813;1644392;2114;777;1814
1814;1646206;6349;259;1815
1815;1648021;2721;605;1816
1816;1649837;2270;726;1817
1817;1651654;3634;454;1818
1818;1653472;2323;711;1819
1819;1655291;5151;321;1820
1820;1657111;2210;749;1821
1821;1658932;2730;607;1822
1822;1660754;2733;607;1823
1823;1662577;1660753;1;1824
1824;1664401;3646;456;1825
1825;1666226;1900;876;1826
1826;1668052;2075;803;1827
1827;1669879;2233;747;1828
1828;1671707;2742;609;1829
1829;1673536;3658;457;1830
1830;1675366;1891;885;1831
1831;1677197;5493;305;1832
1832;1679029;3662;458;1833
1833;1680862;2444;687;1834
1834;1682696;2751;611;1835
1835;1684531;2569;655;1836
1836;1686367;2202;765;1837
1837;1688204;2839;594;1838
1838;1690042;10109;167;1839
1839;1691881;2757;613;1840
1840;1693721;2452;690;1841
1841;1695562;2104;805;1842
1842;1697404;2149;789;1843
1843;1699247;5529;307;1844
1844;1701091;3686;461;1845
1845;1702936;2305;738;1846
1846;1704782;2665;639;1847
1847;1706629;24011;71;1848
1848;1708477;3694;462;1849
1849;1710326;1892;903;1850
1850;1712176;7955;215;1851
1851;1714027;2775;617;1852
1852;1715879;2778;617;1853
1853;1717732;3706;463;1854
1854;1719586;5253;327;1855
1855;1721441;2163;795;1856
1856;1723297;2030;848;1857
1857;1725154;2476;696;1858
1858;1727012;2787;619;1859
1859;1728871;10219;169;1860
1860;1730731;2015;858;1861
1861;1732592;3722;465;1862
1862;1734454;13027;133;1863
1863;1736317;2793;621;1864
1864;1738181;2097;828;1865
1865;1740046;2330;746;1866
1866;1741912;4665;373;1867
1867;1743779;5601;311;1868
1868;1745647;3734;467;1869
1869;1747516;2802;623;1870
1870;1749386;2805;623;1871
1871;1751257;9355;187;1872
1872;1753129;3742;468;1873
1873;1755002;3746;468;1874
1874;1756876;1755001;1;1875
1875;1758751;2811;625;1876
1876;1760627;2010;875;1877
1877;1762504;3754;469;1878
1878;1764382;5631;313;1879
1879;1766261;5637;313;1880
1880;1768141;3758;470;1881
1881;1770022;1980;893;1882
1882;1771904;2823;627;1883
1883;1773787;6587;269;1884
1884;1775671;2198;807;1885
1885;1777556;2041;870;1886
1886;1779442;2665;667;1887
1887;1781329;2091;851;1888
1888;1783217;2006;888;1889
1889;1785106;3778;472;1890
1890;1786996;5667;315;1891
1891;1788887;1953;915;1892
1892;1790779;2623;682;1893
1893;1792672;2838;631;1894
1894;1794566;2841;631;1895
1895;1796461;4735;379;1896
1896;1798357;2274;790;1897
1897;1800254;2212;813;1898
1898;1802152;3523;511;1899
1899;1804051;2743;657;1900
1900;1805951;2110;855;1901
1901;1807852;3802;475;1902
1902;1809754;5703;317;1903
1903;1811657;3487;519;1904
1904;1813561;2422;748;1905
1905;1815466;2040;889;1906
1906;1817372;2859;635;1907
1907;1819279;1817371;1;1908
1908;1821187;3814;477;1909
1909;1823096;2438;747;1910
1910;1825006;4393;415;1911
1911;1826917;2483;735;1912
1912;1828829;2548;717;1913
1913;1830742;3826;478;1914
1914;1832656;5739;319;1915
1915;1834571;4213;435;1916
1916;1836487;2395;766;1917
1917;1838404;2874;639;1918
1918;1840322;2877;639;1919
1919;1842241;2603;707;1920
1920;1844161;2020;912;1921
1921;1846082;2040;904;1922
1922;1848004;3503;527;1923
1923;1849927;2883;641;1924
1924;1851851;2886;641;1925
1925;1853776;2002;925;1926
1926;1855702;2247;825;1927
1927;1857629;4387;423;1928
1928;1859557;3854;482;1929
1929;1861486;2572;723;1930
1930;1863416;2895;643;1931
1931;1865347;9655;193;1932
1932;1867279;3862;483;1933
1933;1869212;3866;483;1934
1934;1871146;1869211;1;1935
1935;1873081;2901;645;1936
1936;1875017;1980;946;1937
1937;1876954;3146;596;1938
1938;1878892;2533;741;1939
1939;1880831;2261;831;1940
1940;1882771;2770;679;1941
1941;1884712;2910;647;1942
1942;1886654;2913;647;1943
1943;1888597;28159;67;1944
1944;1890541;2349;804;1945
1945;1892486;2334;810;1946
1946;1894432;2723;695;1947
1947;1896379;2919;649;1948
1948;1898327;2922;649;1949
1949;1900276;3898;487;1950
1950;1902226;5847;325;1951
1951;1904177;5853;325;1952
1952;1906129;3902;488;1953
1953;1908082;2196;868;1954
1954;1910036;2931;651;1955
1955;1911991;4885;391;1956
1956;1913947;2346;815;1957
1957;1915904;3097;618;1958
1958;1917862;9167;209;1959
1959;1919821;2937;653;1960
1960;1921781;2612;735;1961
1961;1923742;2590;742;1962
1962;1925704;4033;477;1963
1963;1927667;4251;453;1964
1964;1929631;3926;491;1965
1965;1931596;2455;786;1966
1966;1933562;2949;655;1967
1967;1935529;6881;281;1968
1968;1937497;2248;861;1969
1969;1939466;2148;902;1970
1970;1941436;2167;895;1971
1971;1943407;2955;657;1972
1972;1945379;2117;918;1973
1973;1947352;3946;493;1974
1974;1949326;5919;329;1975
1975;1951301;2765;705;1976
1976;1953277;2054;950;1977
1977;1955254;2636;741;1978
1978;1957232;2967;659;1979
1979;1959211;45517;43;1980
1980;1961191;3958;495;1981
1981;1963172;2310;849;1982
1982;1965154;6937;283;1983
1983;1967137;2973;661;1984
1984;1969121;2644;744;1985
1985;1971106;2480;794;1986
1986;1973092;4965;397;1987
1987;1975079;5961;331;1988
1988;1977067;3974;497;1989
1989;1979056;2142;923;1990
1990;1981046;2587;765;1991
1991;1983037;2189;905;1992
1992;1985029;2172;913;1993
1993;1987022;3986;498;1994
1994;1989016;1987021;1;1995
1995;1991011;2991;665;1996
1996;1993007;2495;798;1997
1997;1995004;3994;499;1998
1998;1997002;5991;333;1999
1999;1999001;5997;333;2000
2000;2001001;3998;500;2001
2001;2003002;2175;920;2002
2002;2005004;2093;957;2003
2003;2007007;14021;143;2004
2004;2009011;4006;501;2005
2005;2011016;2406;835;2006
2006;2013022;5015;401;2007
2007;2015029;3009;669;2008
2008;2017037;2259;892;2009
2009;2019046;3514;574;2010
2010;2021056;2345;861;2011
2011;2023067;6033;335;2012
2012;2025079;4022;503;2013
2013;2027092;3018;671;2014
2014;2029106;3021;671;2015
2015;2031121;2945;689;2016
2016;2033137;2170;936;2017
2017;2035154;4034;504;2018
2018;2037172;2035153;1;2019
2019;2039191;3027;673;2020
2020;2041211;3030;673;2021
2021;2043232;4042;505;2022
2022;2045254;6063;337;2023
2023;2047277;2359;867;2024
2024;2049301;2618;782;2025
2025;2051326;2070;990;2026
2026;2053352;3039;675;2027
2027;2055379;2053351;1;2028
2028;2057407;4054;507;2029
2029;2059436;4058;507;2030
2030;2061466;10145;203;2031
2031;2063497;3045;677;2032
2032;2065529;2708;762;2033
2033;2067562;2413;856;2034
2034;2069596;2147;963;2035
2035;2071631;3663;565;2036
2036;2073667;2545;814;2037
2037;2075704;3054;679;2038
2038;2077742;3057;679;2039
2039;2079781;2077741;1;2040
2040;2081821;4078;510;2041
2041;2083862;2210;942;2042
2042;2085904;13273;157;2043
2043;2087947;3063;681;2044
2044;2089991;3066;681;2045
2045;2092036;2555;818;2046
2046;2094082;4499;465;2047
2047;2096129;2139;979;2048
2048;2098177;2848;736;2049
2049;2100226;2732;768;2050
2050;2102276;3075;683;2051
2051;2104327;7175;293;2052
2052;2106379;2394;879;2053
2053;2108432;4106;513;2054
2054;2110486;26689;79;2055
2055;2112541;3081;685;2056
2056;2114597;2570;822;2057
2057;2116654;2827;748;2058
2058;2118712;2499;847;2059
2059;2120771;3479;609;2060
2060;2122831;2987;710;2061
2061;2124892;2290;927;2062
2062;2126954;3093;687;2063
2063;2129017;2126953;1;2064
2064;2131081;4126;516;2065
2065;2133146;2360;903;2066
2066;2135212;5165;413;2067
2067;2137279;3099;689;2068
2068;2139347;2491;858;2069
2069;2141416;4138;517;2070
2070;2143486;6207;345;2071
2071;2145557;2185;981;2072
2072;2147629;2812;763;2073
2073;2149702;2764;777;2074
2074;2151776;3111;691;2075
2075;2153851;5063;425;2076
2076;2155927;2490;865;2077
2077;2158004;4154;519;2078
2078;2160082;32209;67;2079
2079;2162161;3117;693;2080
2080;2164241;2145;1008;2081
2081;2166322;4162;520;2082
2082;2168404;6243;347;2083
2083;2170487;6249;347;2084
2084;2172571;4166;521;2085
2085;2174656;2605;834;2086
2086;2176742;2235;973;2087
2087;2178829;14609;149;2088
2088;2180917;4174;522;2089
2089;2183006;4178;522;2090
2090;2185096;10445;209;2091
2091;2187187;2255;969;2092
2092;2189279;3138;697;2093
2093;2191372;3661;598;2094
2094;2193466;2443;897;2095
2095;2195561;5235;419;2096
2096;2197657;2620;838;2097
2097;2199754;2358;932;2098
2098;2201852;3147;699;2099
2099;2203951;2201851;1;2100
2100;2206051;4198;525;2101
2101;2208152;2310;955;2102
2102;2210254;11561;191;2103
2103;2212357;3153;701;2104
2104;2214461;2804;789;2105
2105;2216566;2630;842;2106
2106;2218672;3789;585;2107
2107;2220779;2457;903;2108
2108;2222887;2666;833;2109
2109;2224996;2294;969;2110
2110;2227106;3165;703;2111
2111;2229217;10555;211;2112
2112;2231329;4222;528;2113
2113;2233442;4226;528;2114
2114;2235556;14791;151;2115
2115;2237671;2265;987;2116
2116;2239787;2162;1035;2117
2117;2241904;3358;667;2118
2118;2244022;6351;353;2119
2119;2246141;4589;489;2120
2120;2248261;2756;815;2121
2121;2250382;2226;1010;2122
2122;2252504;3183;707;2123
2123;2254627;11671;193;2124
2124;2256751;3474;649;2125
2125;2258876;2250;1003;2126
2126;2261002;5315;425;2127
2127;2263129;3189;709;2128
2128;2265257;2836;798;2129
2129;2267386;4258;532;2130
2130;2269516;6387;355;2131
2131;2271647;6393;355;2132
2132;2273779;4262;533;2133
2133;2275912;2214;1027;2134
2134;2278046;2607;873;2135
2135;2280181;3355;679;2136
2136;2282317;2492;915;2137
2137;2284454;4274;534;2138
2138;2286592;2284453;1;2139
2139;2288731;3207;713;2140
2140;2290871;2461;930;2141
2141;2293012;4282;535;2142
2142;2295154;6423;357;2143
2143;2297297;6429;357;2144
2144;2299441;4286;536;2145
2145;2301586;2211;1040;2146
2146;2303732;2405;957;2147
2147;2305879;3277;703;2148
2148;2308027;3401;678;2149
2149;2310176;2506;921;2150
2150;2312326;7525;307;2151
2151;2314477;3225;717;2152
2152;2316629;2421;956;2153
2153;2318782;4306;538;2154
2154;2320936;6459;359;2155
2155;2323091;5385;431;2156
2156;2325247;2695;862;2157
2157;2327404;3234;719;2158
2158;2329562;3237;719;2159
2159;2331721;10541;221;2160
2160;2333881;2286;1020;2161
2161;2336042;4322;540;2162
2162;2338204;49703;47;2163
2163;2340367;2369;987;2164
2164;2342531;3246;721;2165
2165;2344696;2705;866;2166
2166;2346862;5415;433;2167
2167;2349029;3743;627;2168
2168;2351197;2981;788;2169
2169;2353366;2439;964;2170
2170;2355536;3255;723;2171
2171;2357707;2821;835;2172
2172;2359879;2353;1002;2173
2173;2362052;4346;543;2174
2174;2364226;44567;53;2175
2175;2366401;3261;725;2176
2176;2368577;2320;1020;2177
2177;2370754;2488;952;2178
2178;2372932;2541;933;2179
2179;2375111;6537;363;2180
2180;2377291;4358;545;2181
2181;2379472;3270;727;2182
2182;2381654;3273;727;2183
2183;2383837;40367;59;2184
2184;2386021;2301;1036;2185
2185;2388206;2415;988;2186
2186;2390392;5465;437;2187
2187;2392579;3279;729;2188
2188;2394767;3282;729;2189
2189;2396956;4378;547;2190
2190;2399146;2409;995;2191
2191;2401337;2555;939;2192
2192;2403529;2504;959;2193
2193;2405722;2329;1032;2194
2194;2407916;3291;731;2195
2195;2410111;5485;439;2196
2196;2412307;2634;915;2197
2197;2414504;2379;1014;2198
2198;2416702;14287;169;2199
2199;2418901;3297;733;2200
2200;2421101;2932;825;2201
2201;2423302;3100;781;2202
2202;2425504;6603;367;2203
2203;2427707;6609;367;2204
2204;2429911;4406;551;2205
2205;2432116;2394;1015;2206
2206;2434322;3309;735;2207
2207;2436529;2434321;1;2208
2208;2438737;4414;552;2209
2209;2440946;2256;1081;2210
2210;2443156;3055;799;2211
2211;2445367;2431;1005;2212
2212;2447579;2607;938;2213
2213;2449792;4426;553;2214
2214;2452006;6639;369;2215
2215;2454221;3987;615;2216
2216;2456437;2770;886;2217
2217;2458654;2956;831;2218
2218;2460872;3327;739;2219
2219;2463091;7763;317;2220
2220;2465311;2590;951;2221
2221;2467532;4442;555;2222
2222;2469754;24431;101;2223
2223;2471977;2717;909;2224
2224;2474201;2502;988;2225
2225;2476426;2780;890;2226
2226;2478652;3115;795;2227
2227;2480879;2703;917;2228
2228;2483107;4454;557;2229
2229;2485336;3342;743;2230
2230;2487566;3345;743;2231
2231;2489797;5129;485;2232
2232;2492029;2852;873;2233
2233;2494262;2387;1044;2234
2234;2496496;7819;319;2235
2235;2498731;3351;745;2236
2236;2500967;2795;894;2237
2237;2503204;4474;559;2238
2238;2505442;6711;373;2239
2239;2507681;6717;373;2240
2240;2509921;4478;560;2241
2241;2512162;2324;1080;2242
2242;2514404;3363;747;2243
2243;2516647;42617;59;2244
2244;2518891;4486;561;2245
2245;2521136;2694;935;2246
2246;2523382;5615;449;2247
2247;2525629;3369;749;2248
2248;2527877;2996;843;2249
2249;2530126;3653;692;2250
2250;2532376;2595;975;2251
2251;2534627;6753;375;2252
2252;2536879;4502;563;2253
2253;2539132;3378;751;2254
2254;2541386;3381;751;2255
2255;2543641;2695;943;2256
2256;2545897;2460;1034;2257
2257;2548154;2867;888;2258
2258;2550412;41773;61;2259
2259;2552671;3387;753;2260
2260;2554931;2510;1017;2261
2261;2557192;3230;791;2262
2262;2559454;2639;969;2263
2263;2561717;2697;949;2264
2264;2563981;4526;566;2265
2265;2566246;2830;906;2266
2266;2568512;3399;755;2267
2267;2570779;24937;103;2268
2268;2573047;4534;567;2269
2269;2575316;4538;567;2270
2270;2577586;11345;227;2271
2271;2579857;3405;757;2272
2272;2582129;3028;852;2273
2273;2584402;4546;568;2274
2274;2586676;6819;379;2275
2275;2588951;2653;975;2276
2276;2591227;2845;910;2277
2277;2593504;3414;759;2278
2278;2595782;3417;759;2279
2279;2598061;2881;901;2280
2280;2600341;2451;1060;2281
2281;2602622;4562;570;2282
2282;2604904;15967;163;2283
2283;2607187;3423;761;2284
2284;2609471;3426;761;2285
2285;2611756;2855;914;2286
2286;2614042;4113;635;2287
2287;2616329;6861;381;2288
2288;2618617;4574;572;2289
2289;2620906;2398;1092;2290
2290;2623196;3435;763;2291
2291;2625487;6641;395;2292
2292;2627779;4582;573;2293
2293;2630072;4586;573;2294
2294;2632366;71083;37;2295
2295;2634661;2635;999;2296
2296;2636957;2380;1107;2297
2297;2639254;4594;574;2298
2298;2641552;6891;383;2299
2299;2643851;4213;627;2300
2300;2646151;2530;1045;2301
2301;2648452;2714;975;2302
2302;2650754;3453;767;2303
2303;2653057;8057;329;2304
2304;2655361;2352;1128;2305
2305;2657666;2766;960;2306
2306;2659972;5765;461;2307
2307;2662279;3459;769;2308
2308;2664587;3462;769;2309
2309;2666896;4618;577;2310
2310;2669206;6927;385;2311
2311;2671517;6933;385;2312
2312;2673829;4622;578;2313
2313;2676142;2601;1028;2314
2314;2678456;3341;801;2315
2315;2680771;5785;463;2316
2316;2683087;2778;965;2317
2317;2685404;2702;993;2318
2318;2687722;6289;427;2319
2319;2690041;3477;773;2320
2320;2692361;3092;870;2321
2321;2694682;2552;1055;2322
2322;2697004;4257;633;2323
2323;2699327;2727;989;2324
2324;2701651;3818;707;2325
2325;2703976;2490;1085;2326
2326;2706302;3489;775;2327
2327;2708629;15119;179;2328
2328;2710957;2522;1074;2329
2329;2713286;3298;822;2330
2330;2715616;3961;685;2331
2331;2717947;3495;777;2332
2332;2720279;2442;1113;2333
2333;2722612;4666;583;2334
2334;2724946;6999;389;2335
2335;2727281;5835;467;2336
2336;2729617;2920;934;2337
2337;2731954;2774;984;2338
2338;2734292;3173;861;2339
2339;2736631;16373;167;2340
2340;2738971;4678;585;2341
2341;2741312;4682;585;2342
2342;2743654;2741311;1;2343
2343;2745997;3513;781;2344
2344;2748341;3124;879;2345
2345;2750686;2930;938;2346
2346;2753032;2415;1139;2347
2347;2755379;7041;391;2348
2348;2757727;4694;587;2349
2349;2760076;3522;783;2350
2350;2762426;3525;783;2351
2351;2764777;11755;235;2352
2352;2767129;4702;588;2353
2353;2769482;2534;1092;2354
2354;2771836;15301;181;2355
2355;2774191;3531;785;2356
2356;2776547;2945;942;2357
2357;2778904;4714;589;2358
2358;2781262;7071;393;2359
2359;2783621;2751;1011;2360
2360;2785981;3370;826;2361
2361;2788342;3148;885;2362
2362;2790704;3543;787;2363
2363;2793067;20077;139;2364
2364;2795431;3349;834;2365
2365;2797796;2838;985;2366
2366;2800162;2795;1001;2367
2367;2802529;3419;819;2368
2368;2804897;2664;1052;2369
2369;2807266;3296;851;2370
2370;2809636;5451;515;2371
2371;2812007;7113;395;2372
2372;2814379;4742;593;2373
2373;2816752;3558;791;2374
2374;2819126;3561;791;2375
2375;2821501;5935;475;2376
2376;2823877;2475;1140;2377
2377;2826254;4754;594;2378
2378;2828632;68933;41;2379
2379;2831011;2501;1131;2380
2380;2833391;2562;1105;2381
2381;2835772;4762;595;2382
2382;2838154;7143;397;2383
2383;2840537;7149;397;2384
2384;2842921;4766;596;2385
2385;2845306;2682;1060;2386
2386;2847692;3579;795;2387
2387;2850079;8351;341;2388
2388;2852467;2786;1023;2389
2389;2854856;4778;597;2390
2390;2857246;11945;239;2391
2391;2859637;3585;797;2392
2392;2862029;3188;897;2393
2393;2864422;4786;598;2394
2394;2866816;7179;399;2395
2395;2869211;3353;855;2396
2396;2871607;2995;958;2397
2397;2874004;3594;799;2398
2398;2876402;3597;799;2399
2399;2878801;26389;109;2400
2400;2881201;4798;600;2401
2401;2883602;2450;1176;2402
2402;2886004;8407;343;2403
2403;2888407;3603;801;2404
2404;2890811;3606;801;2405
2405;2893216;3005;962;2406
2406;2895622;5213;555;2407
2407;2898029;7221;401;2408
2408;2900437;2494;1162;2409
2409;2902846;2838;1022;2410
2410;2905256;2651;1095;2411
2411;2907667;12055;241;2412
2412;2910079;4822;603;2413
2413;2912492;2546;1143;2414
2414;2914906;9017;323;2415
2415;2917321;2485;1173;2416
2416;2919737;2760;1057;2417
2417;2922154;4834;604;2418
2418;2924572;7251;403;2419
2419;2926991;3813;767;2420
2420;2929411;3245;902;2421
2421;2931832;2690;1089;2422
2422;2934254;3633;807;2423
2423;2936677;16961;173;2424
2424;2939101;4846;606;2425
2425;2941526;2525;1164;2426
2426;2943952;6065;485;2427
2427;2946379;3639;809;2428
2428;2948807;3642;809;2429
2429;2951236;4249;694;2430
2430;2953666;2835;1041;2431
2431;2956097;2673;1105;2432
2432;2958529;2584;1144;2433
2433;2960962;3244;912;2434
2434;2963396;3651;811;2435
2435;2965831;6085;487;2436
2436;2968267;2922;1015;2437
2437;2970704;4874;609;2438
2438;2973142;56051;53;2439
2439;2975581;3657;813;2440
2440;2978021;2710;1098;2441
2441;2980462;4882;610;2442
2442;2982904;7323;407;2443
2443;2985347;2849;1047;2444
2444;2987791;4277;698;2445
2445;2990236;3055;978;2446
2446;2992682;3669;815;2447
2447;2995129;2992681;1;2448
2448;2997577;4894;612;2449
2449;3000026;2686;1116;2450
2450;3002476;2765;1085;2451
2451;3004927;2793;1075;2452
2452;3007379;3678;817;2453
2453;3009832;4906;613;2454
2454;3012286;4499;669;2455
2455;3014741;6135;491;2456
2456;3017197;3070;982;2457
2457;3019654;2763;1092;2458
2458;3022112;3687;819;2459
2459;3024571;3022111;1;2460
2460;3027031;4918;615;2461
2461;3029492;2829;1070;2462
2462;3031954;28313;107;2463
2463;3034417;3693;821;2464
2464;3036881;3284;924;2465
2465;3039346;2552;1190;2466
2466;3041812;3973;765;2467
2467;3044279;7401;411;2468
2468;3046747;4934;617;2469
2469;3049216;3702;823;2470
2470;3051686;3705;823;2471
2471;3054157;4589;665;2472
2472;3056629;2884;1059;2473
2473;3059102;4946;618;2474
2474;3061576;3059101;1;2475
2475;3064051;3711;825;2476
2476;3066527;3095;990;2477
2477;3069004;4954;619;2478
2478;3071482;7431;413;2479
2479;3073961;3953;777;2480
2480;3076441;2680;1147;2481
2481;3078922;3308;930;2482
2482;3081404;3723;827;2483
2483;3083887;3247;949;2484
2484;3086371;2691;1146;2485
2485;3088856;2898;1065;2486
2486;3091342;3905;791;2487
2487;3093829;3729;829;2488
2488;3096317;3316;933;2489
2489;3098806;4978;622;2490
2490;3101296;4731;655;2491
2491;3103787;3901;795;2492
2492;3106279;4183;742;2493
2493;3108772;3738;831;2494
2494;3111266;3741;831;2495
2495;3113761;6235;499;2496
2496;3116257;2994;1040;2497
2497;3118754;2724;1144;2498
2498;3121252;13739;227;2499
2499;3123751;3747;833;2500
2500;3126251;2550;1225;2501
2501;3128752;3050;1025;2502
2502;3131254;5699;549;2503
2503;3133757;7509;417;2504
2504;3136261;5006;626;2505
2505;3138766;3130;1002;2506
2506;3141272;2685;1169;2507
2507;3143779;4117;763;2508
2508;3146287;2622;1199;2509
2509;3148796;2717;1158;2510
2510;3151306;3263;965;2511
2511;3153817;3765;837;2512
2512;3156329;2826;1116;2513
2513;3158842;2872;1099;2514
2514;3161356;2933;1077;2515
2515;3163871;6285;503;2516
2516;3166387;3145;1006;2517
2517;3168904;3774;839;2518
2518;3171422;3777;839;2519
2519;3173941;13849;229;2520
2520;3176461;2748;1155;2521
2521;3178982;5042;630;2522
2522;3181504;32773;97;2523
2523;3184027;2813;1131;2524
2524;3186551;3786;841;2525
2525;3189076;3155;1010;2526
2526;3191602;6315;505;2527
2527;3194129;2947;1083;2528
2528;3196657;2888;1106;2529
2529;3199186;2844;1124;2530
2530;3201716;3091;1035;2531
2531;3204247;12655;253;2532
2532;3206779;5062;633;2533
2533;3209312;3587;894;2534
2534;3211846;3077;1043;2535
2535;3214381;2715;1183;2536
2536;3216917;3170;1014;2537
2537;3219454;5074;634;2538
2538;3221992;2773;1161;2539
2539;3224531;7617;423;2540
2540;3227071;5078;635;2541
2541;3229612;2667;1210;2542
2542;3232154;3157;1023;2543
2543;3234697;78833;41;2544
2544;3237241;5086;636;2545
2545;3239786;3054;1060;2546
2546;3242332;6365;509;2547
2547;3244879;3819;849;2548
2548;3247427;3679;882;2549
2549;3249976;5098;637;2550
2550;3252526;7647;425;2551
2551;3255077;7653;425;2552
2552;3257629;5102;638;2553
2553;3260182;2668;1221;2554
2554;3262736;3831;851;2555
2555;3265291;6385;511;2556
2556;3267847;2982;1095;2557
2557;3270404;5114;639;2558
2558;3272962;3270403;1;2559
2559;3275521;3837;853;2560
2560;3278081;3412;960;2561
2561;3280642;3152;1040;2562
2562;3283204;4137;793;2563
2563;3285767;4697;699;2564
2564;3288331;5126;641;2565
2565;3290896;3205;1026;2566
2566;3293462;3849;855;2567
2567;3296029;21811;151;2568
2568;3298597;3638;906;2569
2569;3301166;2996;1101;2570
2570;3303736;8995;367;2571
2571;3306307;3855;857;2572
2572;3308879;3858;857;2573
2573;3311452;5146;643;2574
2574;3314026;2739;1209;2575
2575;3316601;2925;1133;2576
2576;3319177;2884;1150;2577
2577;3321754;3436;966;2578
2578;3324332;3867;859;2579
2579;3326911;3324331;1;2580
2580;3329491;5158;645;2581
2581;3332072;2670;1247;2582
2582;3334654;37439;89;2583
2583;3337237;3873;861;2584
2584;3339821;2788;1197;2585
2585;3342406;3196;1045;2586
2586;3344992;4741;705;2587
2587;3347579;5603;597;2588
2588;3350167;5174;647;2589
2589;3352756;3882;863;2590
2590;3355346;3885;863;2591
2591;3357937;12955;259;2592
2592;3360529;5182;648;2593
2593;3363122;5186;648;2594
2594;3365716;3363121;1;2595
2595;3368311;3891;865;2596
2596;3370907;3245;1038;2597
2597;3373504;2891;1166;2598
2598;3376102;3031;1113;2599
2599;3378701;7797;433;2600
2600;3381301;2825;1196;2601
2601;3383902;2652;1275;2602
2602;3386504;3903;867;2603
2603;3389107;24719;137;2604
2604;3391711;2877;1178;2605
2605;3394316;3126;1085;2606
2606;3396922;6515;521;2607
2607;3399529;3909;869;2608
2608;3402137;3476;978;2609
2609;3404746;5218;652;2610
2610;3407356;7827;435;2611
2611;3409967;3045;1119;2612
2612;3412579;4571;746;2613
2613;3415192;3918;871;2614
2614;3417806;3921;871;2615
2615;3420421;6535;523;2616
2616;3423037;3138;1090;2617
2617;3425654;5234;654;2618
2618;3428272;18319;187;2619
2619;3430891;3201;1071;2620
2620;3433511;2910;1179;2621
2621;3436132;5242;655;2622
2622;3438754;7863;437;2623
2623;3441377;2967;1159;2624
2624;3444001;3526;976;2625
2625;3446626;2800;1230;2626
2626;3449252;3535;975;2627
2627;3451879;3737;923;2628
2628;3454507;2701;1278;2629
2629;3457136;4302;803;2630
2630;3459766;2893;1195;2631
2631;3462397;3945;877;2632
2632;3465029;3508;987;2633
2633;3467662;5266;658;2634
2634;3470296;7899;439;2635
2635;3472931;6585;527;2636
2636;3475567;3295;1054;2637
2637;3478204;3954;879;2638
2638;3480842;3957;879;2639
2639;3483481;9233;377;2640
2640;3486121;2730;1276;2641
2641;3488762;2780;1254;2642
2642;3491404;25099;139;2643
2643;3494047;3963;881;2644
2644;3496691;3966;881;2645
2645;3499336;3305;1058;2646
2646;3501982;3105;1127;2647
2647;3504629;7941;441;2648
2648;3507277;5294;662;2649
2649;3509926;3532;993;2650
2650;3512576;3975;883;2651
2651;3515227;2915;1205;2652
2652;3517879;3133;1122;2653
2653;3520532;3094;1137;2654
2654;3523186;9289;379;2655
2655;3525841;3981;885;2656
2656;3528497;2832;1245;2657
2657;3531154;5314;664;2658
2658;3533812;7971;443;2659
2659;3536471;7977;443;2660
2660;3539131;5318;665;2661
2661;3541792;3990;887;2662
2662;3544454;3993;887;2663
2663;3547117;29293;121;2664
2664;3549781;5326;666;2665
2665;3552446;2886;1230;2666
2666;3555112;2795;1271;2667
2667;3557779;3937;903;2668
2668;3560447;2921;1218;2669
2669;3563116;3611;986;2670
2670;3565786;4539;785;2671
2671;3568457;8013;445;2672
2672;3571129;5342;668;2673
2673;3573802;3006;1188;2674
2674;3576476;4011;891;2675
2675;3579151;3745;955;2676
2676;3581827;3210;1115;2677
2677;3584504;5354;669;2678
2678;3587182;34801;103;2679
2679;3589861;4017;893;2680
2680;3592541;2820;1273;2681
2681;3595222;3830;938;2682
2682;3597904;3129;1149;2683
2683;3600587;8049;447;2684
2684;3603271;5366;671;2685
2685;3605956;3355;1074;2686
2686;3608642;3043;1185;2687
2687;3611329;45679;79;2688
2688;3614017;5374;672;2689
2689;3616706;5378;672;2690
2690;3619396;13445;269;2691
2691;3622087;3497;1035;2692
2692;3624779;4038;897;2693
2693;3627472;5386;673;2694
2694;3630166;8079;449;2695
2695;3632861;3143;1155;2696
2696;3635557;3370;1078;2697
2697;3638254;3596;1011;2698
2698;3640952;4047;899;2699
2699;3643651;51281;71;2700
2700;3646351;5398;675;2701
2701;3649052;2775;1314;2702
2702;3651754;7141;511;2703
2703;3654457;3281;1113;2704
2704;3657161;2756;1326;2705
2705;3659866;3380;1082;2706
2706;3662572;5951;615;2707
2707;3665279;8121;451;2708
2708;3667987;5414;677;2709
2709;3670696;4062;903;2710
2710;3673406;4065;903;2711
2711;3676117;13555;271;2712
2712;3678829;5422;678;2713
2713;3681542;5426;678;2714
2714;3684256;62399;59;2715
2715;3686971;4071;905;2716
2716;3689687;2910;1267;2717
2717;3692404;2926;1261;2718
2718;3695122;2869;1287;2719
2719;3697841;8157;453;2720
2720;3700561;5438;680;2721
2721;3703282;3628;1020;2722
2722;3706004;4083;907;2723
2723;3708727;9527;389;2724
2724;3711451;3178;1167;2725
2725;3714176;3270;1135;2726
2726;3716902;3161;1175;2727
2727;3719629;2929;1269;2728
2728;3722357;3069;1212;2729
2729;3725086;5458;682;2730
2730;3727816;8187;455;2731
2731;3730547;8193;455;2732
2732;3733279;5462;683;2733
2733;3736012;4098;911;2734
2734;3738746;4101;911;2735
2735;3741481;6835;547;2736
2736;3744217;3282;1140;2737
2737;3746954;2856;1311;2738
2738;3749692;4403;851;2739
2739;3752431;3071;1221;2740
2740;3755171;3014;1245;2741
2741;3757912;5482;685;2742
2742;3760654;8223;457;2743
2743;3763397;5941;633;2744
2744;3766141;2954;1274;2745
2745;3768886;2940;1281;2746
2746;3771632;4119;915;2747
2747;3774379;56293;67;2748
2748;3777127;5494;687;2749
2749;3779876;5498;687;2750
2750;3782626;13745;275;2751
2751;3785377;3275;1155;2752
2752;3788129;3144;1204;2753
2753;3790882;5506;688;2754
2754;3793636;8259;459;2755
2755;3796391;2907;1305;2756
2756;3799147;3074;1235;2757
2757;3801904;4134;919;2758
2758;3804662;4137;919;2759
2759;3807421;6107;623;2760
2760;3810181;2852;1335;2761
2761;3812942;3012;1265;2762
2762;3815704;15191;251;2763
2763;3818467;4143;921;2764
2764;3821231;4146;921;2765
2765;3823996;3455;1106;2766
2766;3826762;3227;1185;2767
2767;3829529;8301;461;2768
2768;3832297;5534;692;2769
2769;3835066;3692;1038;2770
2770;3837836;3601;1065;2771
2771;3840607;4709;815;2772
2772;3843379;2934;1309;2773
2773;3846152;2961;1298;2774
2774;3848926;3431;1121;2775
2775;3851701;3515;1095;2776
2776;3854477;3470;1110;2777
2777;3857254;5554;694;2778
2778;3860032;8331;463;2779
2779;3862811;3241;1191;2780
2780;3865591;3970;973;2781
2781;3868372;3090;1251;2782
2782;3871154;2889;1339;2783
2783;3873937;3289;1177;2784
2784;3876721;2904;1334;2785
2785;3879506;3342;1160;2786
2786;3882292;3899;995;2787
2787;3885079;4179;929;2788
2788;3887867;4182;929;2789
2789;3890656;5578;697;2790
2790;3893446;8367;465;2791
2791;3896237;8373;465;2792
2792;3899029;5582;698;2793
2793;3901822;3724;1047;2794
2794;3904616;4191;931;2795
2795;3907411;5461;715;2796
2796;3910207;3029;1290;2797
2797;3913004;5594;699;2798
2798;3915802;3913003;1;2799
2799;3918601;4197;933;2800
2800;3921401;3110;1260;2801
2801;3924202;5602;700;2802
2802;3927004;8403;467;2803
2803;3929807;8409;467;2804
2804;3932611;5606;701;2805
2805;3935416;3505;1122;2806
2806;3938222;3111;1265;2807
2807;3941029;9223;427;2808
2808;3943837;3276;1203;2809
2809;3946646;2862;1378;2810
2810;3949456;14045;281;2811
2811;3952267;4215;937;2812
2812;3955079;4218;937;2813
2813;3957892;3589;1102;2814
2814;3960706;5829;679;2815
2815;3963521;3941;1005;2816
2816;3966337;3520;1126;2817
2817;3969154;3168;1252;2818
2818;3971972;4227;939;2819
2819;3974791;3971971;1;2820
2820;3977611;5638;705;2821
2821;3980432;2914;1365;2822
2822;3983254;3689;1079;2823
2823;3986077;4233;941;2824
2824;3988901;3764;1059;2825
2825;3991726;3530;1130;2826
2826;3994552;3925;1017;2827
2827;3997379;5181;771;2828
2828;4000207;3598;1111;2829
2829;4003036;4141;966;2830
2830;4005866;4245;943;2831
2831;4008697;5377;745;2832
2832;4011529;3363;1192;2833
2833;4014362;5666;708;2834
2834;4017196;36829;109;2835
2835;4020031;2943;1365;2836
2836;4022867;3545;1134;2837
2837;4025704;5674;709;2838
2838;4028542;8511;473;2839
2839;4031381;5511;731;2840
2840;4034221;3340;1207;2841
2841;4037062;3788;1065;2842
2842;4039904;4263;947;2843
2843;4042747;19901;203;2844
2844;4045591;5686;711;2845
2845;4048436;3414;1185;2846
2846;4051282;7115;569;2847
2847;4054129;4269;949;2848
2848;4056977;3471;1168;2849
2849;4059826;3256;1246;2850
2850;4062676;3135;1295;2851
2851;4065527;8553;475;2852
2852;4068379;5702;713;2853
2853;4071232;4278;951;2854
2854;4074086;4281;951;2855
2855;4076941;7135;571;2856
2856;4079797;3426;1190;2857
2857;4082654;5714;714;2858
2858;4085512;4082653;1;2859
2859;4088371;4287;953;2860
2860;4091231;4290;953;2861
2861;4094092;5722;715;2862
2862;4096954;8583;477;2863
2863;4099817;3339;1227;2864
2864;4102681;3272;1253;2865
2865;4105546;3580;1146;2866
2866;4108412;4299;955;2867
2867;4111279;67351;61;2868
2868;4114147;5734;717;2869
2869;4117016;4541;906;2870
2870;4119886;3895;1057;2871
2871;4122757;3045;1353;2872
2872;4125629;3231;1276;2873
2873;4128502;4667;884;2874
2874;4131376;6227;663;2875
2875;4134251;7185;575;2876
2876;4137127;3595;1150;2877
2877;4140004;4314;959;2878
2878;4142882;4317;959;2879
2879;4145761;4142881;1;2880
2880;4148641;5758;720;2881
2881;4151522;3015;1376;2882
2882;4154404;5633;737;2883
2883;4157287;4061;1023;2884
2884;4160171;3193;1302;2885
2885;4163056;3605;1154;2886
2886;4165942;7215;577;2887
2887;4168829;8661;481;2888
2888;4171717;5774;722;2889
2889;4174606;3249;1284;2890
2890;4177496;4335;963;2891
2891;4180387;4165;1003;2892
2892;4183279;3374;1239;2893
2893;4186172;5302;789;2894
2894;4189066;15917;263;2895
2895;4191961;4341;965;2896
2896;4194857;3620;1158;2897
2897;4197754;5794;724;2898
2898;4200652;8691;483;2899
2899;4203551;4683;897;2900
2900;4206451;3770;1115;2901
2901;4209352;4350;967;2902
2902;4212254;4353;967;2903
2903;4215157;4212253;1;2904
2904;4218061;5806;726;2905
2905;4220966;3388;1245;2906
2906;4223872;7265;581;2907
2907;4226779;4359;969;2908
2908;4229687;4362;969;2909
2909;4232596;5818;727;2910
2910;4235506;8727;485;2911
2911;4238417;3977;1065;2912
2912;4241329;3692;1148;2913
2913;4244242;3884;1092;2914
2914;4247156;4371;971;2915
2915;4250071;7285;583;2916
2916;4252987;2970;1431;2917
2917;4255904;5834;729;2918
2918;4258822;4255903;1;2919
2919;4261741;4377;973;2920
2920;4264661;3066;1390;2921
2921;4267582;3358;1270;2922
2922;4270504;8763;487;2923
2923;4273427;8769;487;2924
2924;4276351;3182;1343;2925
2925;4279276;3225;1326;2926
2926;4282202;3003;1425;2927
2927;4285129;20489;209;2928
2928;4288057;5854;732;2929
2929;4290986;3538;1212;2930
2930;4293916;8497;505;2931
2931;4296847;4395;977;2932
2932;4299779;4398;977;2933
2933;4302712;5131;838;2934
2934;4305646;3423;1257;2935
2935;4308581;5283;815;2936
2936;4311517;3670;1174;2937
2937;4314454;3916;1101;2938
2938;4317392;3471;1243;2939
2939;4320331;38207;113;2940
2940;4323271;5878;735;2941
2941;4326212;3570;1211;2942
2942;4329154;25007;173;2943
2943;4332097;4413;981;2944
2944;4335041;3312;1308;2945
2945;4337986;3040;1426;2946
2946;4340932;7365;589;2947
2947;4343879;3437;1263;2948
2948;4346827;4631;938;2949
2949;4349776;4422;983;2950
2950;4352726;4425;983;2951
2951;4355677;3835;1135;2952
2952;4358629;3198;1362;2953
2953;4361582;5906;738;2954
2954;4364536;20671;211;2955
2955;4367491;3165;1379;2956
2956;4370447;3695;1182;2957
2957;4373404;5914;739;2958
2958;4376362;8871;493;2959
2959;4379321;4573;957;2960
2960;4382281;3256;1345;2961
2961;4385242;3108;1410;2962
2962;4388204;4443;987;2963
2963;4391167;4388203;1;2964
2964;4394131;5926;741;2965
2965;4397096;3558;1235;2966
2966;4400062;7415;593;2967
2967;4403029;4449;989;2968
2968;4405997;3612;1219;2969
2969;4408966;5938;742;2970
2970;4411936;8907;495;2971
2971;4414907;8913;495;2972
2972;4417879;5942;743;2973
2973;4420852;4458;991;2974
2974;4423826;4461;991;2975
2975;4426801;7435;595;2976
2976;4429777;3100;1428;2977
2977;4432754;3224;1374;2978
2978;4435732;19357;229;2979
2979;4438711;4467;993;2980
2980;4441691;3310;1341;2981
2981;4444672;3278;1355;2982
2982;4447654;5467;813;2983
2983;4450637;3297;1349;2984
2984;4453621;5966;746;2985
2985;4456606;3730;1194;2986
2986;4459592;4479;995;2987
2987;4462579;43297;103;2988
2988;4465567;4814;927;2989
2989;4468556;3486;1281;2990
2990;4471546;3185;1403;2991
2991;4474537;4485;997;2992
2992;4477529;3988;1122;2993
2993;4480522;3212;1394;2994
2994;4483516;8979;499;2995
2995;4486511;7485;599;2996
2996;4489507;3745;1198;2997
2997;4492504;3959;1134;2998
2998;4495502;4497;999;2999
2999;4498501;4495501;1;3000
3000;4501501;5998;750;3001
3001;4504502;6002;750;3002
3002;4507504;57019;79;3003
3003;4510507;3081;1463;3004
3004;4513511;4506;1001;3005
3005;4516516;3755;1202;3006
3006;4519522;5409;835;3007
3007;4522529;5177;873;3008
3008;4525537;3104;1457;3009
3009;4528546;3196;1416;3010
3010;4531556;3655;1239;3011
3011;4534567;15055;301;3012
3012;4537579;6022;753;3013
3013;4540592;5773;786;3014
3014;4543606;3151;1441;3015
3015;4546621;3685;1233;3016
3016;4549637;3393;1340;3017
3017;4552654;5278;862;3018
3018;4555672;3521;1293;3019
3019;4558691;9057;503;3020
3020;4561711;6038;755;3021
3021;4564732;4530;1007;3022
3022;4567754;4533;1007;3023
3023;4570777;4567753;1;3024
3024;4573801;6046;756;3025
3025;4576826;3080;1485;3026
3026;4579852;4675;979;3027
3027;4582879;4539;1009;3028
3028;4585907;4542;1009;3029
3029;4588936;6058;757;3030
3030;4591966;3495;1313;3031
3031;4594997;3535;1299;3032
3032;4598029;5306;866;3033
3033;4601062;3411;1348;3034
3034;4604096;4551;1011;3035
3035;4607131;7585;607;3036
3036;4610167;3642;1265;3037
3037;4613204;6074;759;3038
3038;4616242;21259;217;3039
3039;4619281;4557;1013;3040
3040;4622321;4052;1140;3041
3041;4625362;6082;760;3042
3042;4628404;9123;507;3043
3043;4631447;6981;663;3044
3044;4634491;6086;761;3045
3045;4637536;3805;1218;3046
3046;4640582;4569;1015;3047
3047;4643629;16753;277;3048
3048;4646677;3324;1397;3049
3049;4649726;6098;762;3050
3050;4652776;15245;305;3051
3051;4655827;4575;1017;3052
3052;4658879;4578;1017;3053
3053;4661932;4687;994;3054
3054;4664986;9159;509;3055
3055;4668041;6617;705;3056
3056;4671097;3820;1222;3057
3057;4674154;4076;1146;3058
3058;4677212;4587;1019;3059
3059;4680271;3197;1463;3060
3060;4683331;3230;1449;3061
3061;4686392;6122;765;3062
3062;4689454;4686391;1;3063
3063;4692517;4593;1021;3064
3064;4695581;4084;1149;3065
3065;4698646;3830;1226;3066
3066;4701712;4291;1095;3067
3067;4704779;9201;511;3068
3068;4707847;6134;767;3069
3069;4710916;3627;1298;3070
3070;4713986;3377;1395;3071
3071;4717057;11359;415;3072
3072;4720129;3552;1328;3073
3073;4723202;3512;1344;3074
3074;4726276;10759;439;3075
3075;4729351;3567;1325;3076
3076;4732427;3845;1230;3077
3077;4735504;6154;769;3078
3078;4738582;3439;1377;3079
3079;4741661;9237;513;3080
3080;4744741;6158;770;3081
3081;4747822;3318;1430;3082
3082;4750904;4623;1027;3083
3083;4753987;70909;67;3084
3084;4757071;6166;771;3085
3085;4760156;3702;1285;3086
3086;4763242;7715;617;3087
3087;4766329;4629;1029;3088
3088;4769417;3474;1372;3089
3089;4772506;6178;772;3090
3090;4775596;9267;515;3091
3091;4778687;3399;1405;3092
3092;4781779;6182;773;3093
3093;4784872;4638;1031;3094
3094;4787966;4641;1031;3095
3095;4791061;4333;1105;3096
3096;4794157;3714;1290;3097
3097;4797254;3268;1467;3098
3098;4800352;29431;163;3099
3099;4803451;4647;1033;3100
3100;4806551;4650;1033;3101
3101;4809652;4430;1085;3102
3102;4812754;3619;1329;3103
3103;4815857;3531;1363;3104
3104;4818961;5626;856;3105
3105;4822066;3312;1455;3106
3106;4825172;4659;1035;3107
3107;4828279;20189;239;3108
3108;4831387;3346;1443;3109
3109;4834496;6218;777;3110
3110;4837606;15545;311;3111
3111;4840717;4665;1037;3112
3112;4843829;4148;1167;3113
3113;4846942;4279;1132;3114
3114;4850056;5709;849;3115
3115;4853171;3633;1335;3116
3116;4856287;3382;1435;3117
3117;4859404;4674;1039;3118
3118;4862522;4677;1039;3119
3119;4865641;4862521;1;3120
3120;4868761;6238;780;3121
3121;4871882;6242;780;3122
3122;4875004;21847;223;3123
3123;4878127;4683;1041;3124
3124;4881251;3817;1278;3125
3125;4884376;3550;1375;3126
3126;4887502;7815;625;3127
3127;4890629;9381;521;3128
3128;4893757;3604;1357;3129
3129;4896886;3427;1428;3130
3130;4900016;4695;1043;3131
3131;4903147;9703;505;3132
3132;4906279;5394;909;3133
3133;4909412;3393;1446;3134
3134;4912546;20371;241;3135
3135;4915681;4701;1045;3136
3136;4918817;3192;1540;3137
3137;4921954;6274;784;3138
3138;4925092;9411;523;3139
3139;4928231;9417;523;3140
3140;4931371;6278;785;3141
3141;4934512;3490;1413;3142
3142;4937654;4713;1047;3143
3143;4940797;10997;449;3144
3144;4943941;3668;1347;3145
3145;4947086;3774;1310;3146
3146;4950232;4477;1105;3147
3147;4953379;4719;1049;3148
3148;4956527;4722;1049;3149
3149;4959676;6298;787;3150
3150;4962826;3525;1407;3151
3151;4965977;3425;1449;3152
3152;4969129;4531;1096;3153
3153;4972282;4204;1182;3154
3154;4975436;4731;1051;3155
3155;4978591;7885;631;3156
3156;4981747;3786;1315;3157
3157;4984904;3682;1353;3158
3158;4988062;11053;451;3159
3159;4991221;4737;1053;3160
3160;4994381;3510;1422;3161
3161;4997542;4582;1090;3162
3162;5000704;3379;1479;3163
3163;5003867;9489;527;3164
3164;5007031;6326;791;3165
3165;5010196;3390;1477;3166
3166;5013362;4749;1055;3167
3167;5016529;5013361;1;3168
3168;5019697;6334;792;3169
3169;5022866;6338;792;3170
3170;5026036;15845;317;3171
3171;5029207;4755;1057;3172
3172;5032379;3926;1281;3173
3173;5035552;4342;1159;3174
3174;5038726;3841;1311;3175
3175;5041901;7935;635;3176
3176;5045077;3970;1270;3177
3177;5048254;3573;1412;3178
3178;5051432;4767;1059;3179
3179;5054611;3859;1309;3180
3180;5057791;3498;1445;3181
3181;5060972;6362;795;3182
3182;5064154;117697;43;3183
3183;5067337;4773;1061;3184
3184;5070521;4244;1194;3185
3185;5073706;3640;1393;3186
3186;5076892;3717;1365;3187
3187;5080079;9561;531;3188
3188;5083267;6374;797;3189
3189;5086456;4782;1063;3190
3190;5089646;4785;1063;3191
3191;5092837;15955;319;3192
3192;5096029;6382;798;3193
3193;5099222;3534;1442;3194
3194;5102416;49507;103;3195
3195;5105611;4791;1065;3196
3196;5108807;3337;1530;3197
3197;5112004;4726;1081;3198
3198;5115202;5421;943;3199
3199;5118401;3731;1371;3200
3200;5121601;3656;1400;3201
3201;5124802;3300;1552;3202
3202;5128004;4803;1067;3203
3203;5131207;5128003;1;3204
3204;5134411;6406;801;3205
3205;5137616;3846;1335;3206
3206;5140822;4487;1145;3207
3207;5144029;4809;1069;3208
3208;5147237;4276;1203;3209
3209;5150446;6418;802;3210
3210;5153656;9627;535;3211
3211;5156867;3705;1391;3212
3212;5160079;3718;1387;3213
3213;5163292;3366;1533;3214
3214;5166506;4821;1071;3215
3215;5169721;8035;643;3216
3216;5172937;3858;1340;3217
3217;5176154;6434;804;3218
3218;5179372;5176153;1;3219
3219;5182591;4827;1073;3220
3220;5185811;3335;1554;3221
3221;5189032;6442;805;3222
3222;5192254;9663;537;3223
3223;5195477;5907;879;3224
3224;5198701;3809;1364;3225
3225;5201926;3354;1550;3226
3226;5205152;4839;1075;3227
3227;5208379;11291;461;3228
3228;5211607;3766;1383;3229
3229;5214836;6458;807;3230
3230;5218066;16145;323;3231
3231;5221297;4845;1077;3232
3232;5224529;3636;1436;3233
3233;5227762;5353;976;3234
3234;5230996;4081;1281;3235
3235;5234231;4529;1155;3236
3236;5237467;4045;1294;3237
3237;5240704;4854;1079;3238
3238;5243942;4857;1079;3239
3239;5247181;66379;79;3240
3240;5250421;3321;1580;3241
3241;5253662;3780;1389;3242
3242;5256904;11347;463;3243
3243;5260147;4863;1081;3244
3244;5263391;4866;1081;3245
3245;5266636;4055;1298;3246
3246;5269882;5951;885;3247
3247;5273129;9197;573;3248
3248;5276377;3451;1528;3249
3249;5279626;3306;1596;3250
3250;5282876;3705;1425;3251
3251;5286127;16255;325;3252
3252;5289379;6502;813;3253
3253;5292632;6506;813;3254
3254;5295886;5292631;1;3255
3255;5299141;4881;1085;3256
3256;5302397;3410;1554;3257
3257;5305654;6514;814;3258
3258;5308912;9771;543;3259
3259;5312171;9777;543;3260
3260;5315431;6518;815;3261
3261;5318692;4890;1087;3262
3262;5321954;4893;1087;3263
3263;5325217;21203;251;3264
3264;5328481;3536;1506;3265
3265;5331746;3918;1360;3266
3266;5335012;8165;653;3267
3267;5338279;4899;1089;3268
3268;5341547;3762;1419;3269
3269;5344816;5719;934;3270
3270;5348086;3815;1401;3271
3271;5351357;9813;545;3272
3272;5354629;6542;818;3273
3273;5357902;4364;1227;3274
3274;5361176;4911;1091;3275
3275;5364451;8185;655;3276
3276;5367727;3406;1575;3277
3277;5371004;3393;1582;3278
3278;5374282;4321;1243;3279
3279;5377561;4917;1093;3280
3280;5380841;4372;1230;3281
3281;5384122;3485;1544;3282
3282;5387404;9299;579;3283
3283;5390687;3829;1407;3284
3284;5393971;5747;938;3285
3285;5397256;4105;1314;3286
3286;5400542;3869;1395;3287
3287;5403829;5363;1007;3288
3288;5407117;5206;1038;3289
3289;5410406;3562;1518;3290
3290;5413696;3619;1495;3291
3291;5416987;4935;1097;3292
3292;5420279;4938;1097;3293
3293;5423572;6586;823;3294
3294;5426866;5429;999;3295
3295;5430161;5931;915;3296
3296;5433457;4120;1318;3297
3297;5436754;3768;1442;3298
3298;5440052;4947;1099;3299
3299;5443351;56083;97;3300
3300;5446651;6598;825;3301
3301;5449952;6602;825;3302
3302;5453254;42913;127;3303
3303;5456557;4771;1143;3304
3304;5459861;3717;1468;3305
3305;5463166;4130;1322;3306
3306;5466472;8265;661;3307
3307;5469779;9921;551;3308
3308;5473087;6614;827;3309
3309;5476396;4962;1103;3310
3310;5479706;4965;1103;3311
3311;5483017;3641;1505;3312
3312;5486329;3542;1548;3313
3313;5489642;6626;828;3314
3314;5492956;5489641;1;3315
3315;5496271;4971;1105;3316
3316;5499587;4145;1326;3317
3317;5502904;6634;829;3318
3318;5506222;7347;749;3319
3319;5509541;9957;553;3320
3320;5512861;6638;830;3321
3321;5516182;3403;1620;3322
3322;5519504;4059;1359;3323
3323;5522827;36553;151;3324
3324;5526151;6646;831;3325
3325;5529476;3878;1425;3326
3326;5532802;8315;665;3327
3327;5536129;4989;1109;3328
3328;5539457;4436;1248;3329
3329;5542786;6658;832;3330
3330;5546116;9987;555;3331
3331;5549447;9993;555;3332
3332;5552779;6662;833;3333
3333;5556112;3434;1617;3334
3334;5559446;5001;1111;3335
3335;5562781;8335;667;3336
3336;5566117;4002;1390;3337
3337;5569454;6533;852;3338
3338;5572792;78443;71;3339
3339;5576131;5007;1113;3340
3340;5579471;3507;1590;3341
3341;5582812;4342;1285;3342
3342;5586154;7241;771;3343
3343;5589497;10029;557;3344
3344;5592841;6686;836;3345
3345;5596186;4180;1338;3346
3346;5599532;3585;1561;3347
3347;5602879;23429;239;3348
3348;5606227;6694;837;3349
3349;5609576;3546;1581;3350
3350;5612926;4925;1139;3351
3351;5616277;5025;1117;3352
3352;5619629;4468;1257;3353
3353;5622982;5866;958;3354
3354;5626336;3913;1437;3355
3355;5629691;3965;1419;3356
3356;5633047;4195;1342;3357
3357;5636404;5034;1119;3358
3358;5639762;5037;1119;3359
3359;5643121;77257;73;3360
3360;5646481;6718;840;3361
3361;5649842;6722;840;3362
3362;5653204;137801;41;3363
3363;5656567;5043;1121;3364
3364;5659931;3422;1653;3365
3365;5663296;4205;1346;3366
3366;5666662;6057;935;3367
3367;5670029;3663;1547;3368
3368;5673397;5473;1036;3369
3369;5676766;4492;1263;3370
3370;5680136;5055;1123;3371
3371;5683507;16855;337;3372
3372;5686879;6742;843;3373
3373;5690252;6746;843;3374
3374;5693626;23611;241;3375
3375;5697001;3615;1575;3376
3376;5700377;3798;1500;3377
3377;5703754;4642;1228;3378
3378;5707132;6193;921;3379
3379;5710511;10137;563;3380
3380;5713891;4030;1417;3381
3381;5717272;3549;1610;3382
3382;5720654;4361;1311;3383
3383;5724037;3781;1513;3384
3384;5727421;3582;1598;3385
3385;5730806;4062;1410;3386
3386;5734192;8465;677;3387
3387;5737579;5079;1129;3388
3388;5740967;5082;1129;3389
3389;5744356;6778;847;3390
3390;5747746;10167;565;3391
3391;5751137;10173;565;3392
3392;5754529;6782;848;3393
3393;5757922;3744;1537;3394
3394;5761316;5091;1131;3395
3395;5764711;8485;679;3396
3396;5768107;3962;1455;3397
3397;5771504;6794;849;3398
3398;5774902;73057;79;3399
3399;5778301;5097;1133;3400
3400;5781701;3502;1650;3401
3401;5785102;3580;1615;3402
3402;5788504;3591;1611;3403
3403;5791907;5229;1107;3404
3404;5795311;3818;1517;3405
3405;5798716;4255;1362;3406
3406;5802122;5109;1135;3407
3407;5805529;44291;131;3408
3408;5808937;6814;852;3409
3409;5812346;3896;1491;3410
3410;5815756;5357;1085;3411
3411;5819167;4169;1395;3412
3412;5822579;5118;1137;3413
3413;5825992;6826;853;3414
3414;5829406;10239;569;3415
3415;5832821;8535;683;3416
3416;5836237;4270;1366;3417
3417;5839654;4087;1428;3418
3418;5843072;5127;1139;3419
3419;5846491;22217;263;3420
3420;5849911;3705;1578;3421
3421;5853332;3762;1555;3422
3422;5856754;9019;649;3423
3423;5860177;4727;1239;3424
3424;5863601;3912;1498;3425
3425;5867026;4280;1370;3426
3426;5870452;8565;685;3427
3427;5873879;10281;571;3428
3428;5877307;6854;857;3429
3429;5880736;5142;1143;3430
3430;5884166;4445;1323;3431
3431;5887597;3577;1645;3432
3432;5891029;3666;1606;3433
3433;5894462;6866;858;3434
3434;5897896;58361;101;3435
3435;5901331;3893;1515;3436
3436;5904767;4295;1374;3437
3437;5908204;6013;982;3438
3438;5911642;4011;1473;3439
3439;5915081;3629;1629;3440
3440;5918521;3620;1634;3441
3441;5921962;3720;1591;3442
3442;5925404;5163;1147;3443
3443;5928847;18931;313;3444
3444;5932291;4382;1353;3445
3445;5935736;3710;1599;3446
3446;5939182;8615;689;3447
3447;5942629;5169;1149;3448
3448;5946077;3879;1532;3449
3449;5949526;6898;862;3450
3450;5952976;10347;575;3451
3451;5956427;4025;1479;3452
3452;5959879;6041;986;3453
3453;5963332;5178;1151;3454
3454;5966786;5181;1151;3455
3455;5970241;7601;785;3456
3456;5973697;4146;1440;3457
3457;5977154;6914;864;3458
3458;5980612;24199;247;3459
3459;5984071;5187;1153;3460
3460;5987531;5190;1153;3461
3461;5990992;6922;865;3462
3462;5994454;10383;577;3463
3463;5997917;10389;577;3464
3464;6001381;6926;866;3465
3465;6004846;3897;1540;3466
3466;6008312;5199;1155;3467
3467;6011779;6008311;1;3468
3468;6015247;6934;867;3469
3469;6018716;6938;867;3470
3470;6022186;17345;347;3471
3471;6025657;4511;1335;3472
3472;6029129;3738;1612;3473
3473;6032602;4228;1426;3474
3474;6036076;4439;1359;3475
3475;6039551;4825;1251;3476
3476;6043027;3950;1529;3477
3477;6046504;4026;1501;3478
3478;6049982;5217;1159;3479
3479;6053461;12173;497;3480
3480;6056941;4060;1491;3481
3481;6060422;3540;1711;3482
3482;6063904;102719;59;3483
3483;6067387;5223;1161;3484
3484;6070871;3618;1677;3485
3485;6074356;4355;1394;3486
3486;6077842;4233;1435;3487
3487;6081329;6391;951;3488
3488;6084817;4796;1268;3489
3489;6088306;4652;1308;3490
3490;6091796;5235;1163;3491
3491;6095287;17455;349;3492
3492;6098779;6982;873;3493
3493;6102272;4074;1497;3494
3494;6105766;12229;499;3495
3495;6109261;5241;1165;3496
3496;6112757;4370;1398;3497
3497;6116254;5111;1196;3498
3498;6119752;7579;807;3499
3499;6123251;10497;583;3500
3500;6126751;6998;875;3501
3501;6130252;3890;1575;3502
3502;6133754;5253;1167;3503
3503;6137257;11639;527;3504
3504;6140761;4526;1356;3505
3505;6144266;4206;1460;3506
3506;6147772;8765;701;3507
3507;6151279;5259;1169;3508
3508;6154787;5262;1169;3509
3509;6158296;7018;877;3510
3510;6161806;3861;1595;3511
3511;6165317;10533;585;3512
3512;6168829;7022;878;3513
3513;6172342;4684;1317;3514
3514;6175856;5271;1171;3515
3515;6179371;4769;1295;3516
3516;6182887;4218;1465;3517
3517;6186404;7034;879;3518
3518;6189922;6186403;1;3519
3519;6193441;5277;1173;3520
3520;6196961;3680;1683;3521
3521;6200482;4024;1540;3522
3522;6204004;4109;1509;3523
3523;6207527;7631;813;3524
3524;6211051;7046;881;3525
3525;6214576;4405;1410;3526
3526;6218102;5289;1175;3527
3527;6221629;144607;43;3528
3528;6225157;7054;882;3529
3529;6228686;7058;882;3530
3530;6232216;17645;353;3531
3531;6235747;3883;1605;3532
3532;6239279;5298;1177;3533
3533;6242812;7066;883;3534
3534;6246346;10599;589;3535
3535;6249881;4123;1515;3536
3536;6253417;3640;1717;3537
3537;6256954;3672;1703;3538
3538;6260492;3799;1647;3539
3539;6264031;102631;61;3540
3540;6267571;7078;885;3541
3541;6271112;7082;885;3542
3542;6274654;24787;253;3543
3543;6278197;5313;1181;3544
3544;6281741;4724;1329;3545
3545;6285286;4430;1418;3546
3546;6288832;6381;985;3547
3547;6292379;10641;591;3548
3548;6295927;7094;887;3549
3549;6299476;5322;1183;3550
3550;6303026;4225;1491;3551
3551;6306577;3763;1675;3552
3552;6310129;3922;1608;3553
3553;6313682;3774;1672;3554
3554;6317236;19547;323;3555
3555;6320791;5331;1185;3556
3556;6324347;3810;1659;3557
3557;6327904;7114;889;3558
3558;6331462;10671;593;3559
3559;6335021;10677;593;3560
3560;6338581;7118;890;3561
3561;6342142;4748;1335;3562
3562;6345704;5343;1187;3563
3563;6349267;6617;959;3564
3564;6352831;4158;1527;3565
3565;6356396;3726;1705;3566
3566;6359962;8915;713;3567
3567;6363529;5349;1189;3568
3568;6367097;4756;1338;3569
3569;6370666;7138;892;3570
3570;6374236;3655;1743;3571
3571;6377807;10713;595;3572
3572;6381379;7142;893;3573
3573;6384952;5358;1191;3574
3574;6388526;5361;1191;3575
3575;6392101;8935;715;3576
3576;6395677;3725;1716;3577
3577;6399254;4172;1533;3578
3578;6402832;12523;511;3579
3579;6406411;5367;1193;3580
3580;6409991;5370;1193;3581
3581;6413572;7162;895;3582
3582;6417154;10743;597;3583
3583;6420737;10749;597;3584
3584;6424321;7166;896;3585
3585;6427906;3824;1680;3586
3586;6431492;5379;1195;3587
3587;6435079;30481;211;3588
3588;6438667;4853;1326;3589
3589;6442256;3783;1702;3590
3590;6445846;13283;485;3591
3591;6449437;5385;1197;3592
3592;6453029;4041;1596;3593
3593;6456622;7186;898;3594
3594;6460216;10779;599;3595
3595;6463811;8985;719;3596
3596;6467407;4495;1438;3597
3597;6471004;5394;1199;3598
3598;6474602;5397;1199;3599
3599;6478201;15163;427;3600
3600;6481801;3660;1770;3601
3601;6485402;3900;1662;3602
3602;6489004;23413;277;3603
3603;6492607;5403;1201;3604
3604;6496211;5406;1201;3605
3605;6499816;3710;1751;3606
3606;6503422;4207;1545;3607
3607;6507029;10821;601;3608
3608;6510637;7214;902;3609
3609;6514246;4059;1604;3610
3610;6517856;5415;1203;3611
3611;6521467;8303;785;3612
3612;6525079;5934;1099;3613
3613;6528692;7226;903;3614
3614;6532306;46969;139;3615
3615;6535921;5421;1205;3616
3616;6539537;3856;1695;3617
3617;6543154;7234;904;3618
3618;6546772;10851;603;3619
3619;6550391;4221;1551;3620
3620;6554011;3982;1645;3621
3621;6557632;5430;1207;3622
3622;6561254;5433;1207;3623
3623;6564877;6561253;1;3624
3624;6568501;7246;906;3625
3625;6572126;3775;1740;3626
3626;6575752;4625;1421;3627
3627;6579379;4329;1519;3628
3628;6583007;5442;1209;3629
3629;6586636;7258;907;3630
3630;6590266;6303;1045;3631
3631;6593897;10893;605;3632
3632;6597529;7262;908;3633
3633;6601162;4152;1589;3634
3634;6604796;3979;1659;3635
3635;6608431;9085;727;3636
3636;6612067;4362;1515;3637
3637;6615704;7274;909;3638
3638;6619342;61829;107;3639
3639;6622981;5457;1213;3640
3640;6626621;4852;1365;3641
3641;6630262;4004;1655;3642
3642;6633904;6677;993;3643
3643;6637547;10929;607;3644
3644;6641191;7286;911;3645
3645;6644836;4555;1458;3646
3646;6648482;5469;1215;3647
3647;6652129;12761;521;3648
3648;6655777;4168;1596;3649
3649;6659426;3936;1691;3650
3650;6663076;6497;1025;3651
3651;6666727;5475;1217;3652
3652;6670379;5478;1217;3653
3653;6674032;6182;1079;3654
3654;6677686;5901;1131;3655
3655;6681341;3741;1785;3656
3656;6684997;4570;1462;3657
3657;6688654;4876;1371;3658
3658;6692312;4071;1643;3659
3659;6695971;113429;59;3660
3660;6699631;7318;915;3661
3661;6703292;4270;1569;3662
3662;6706954;12817;523;3663
3663;6710617;5493;1221;3664
3664;6714281;4122;1628;3665
3665;6717946;4580;1466;3666
3666;6721612;9165;733;3667
3667;6725279;7527;893;3668
3668;6728947;4978;1351;3669
3669;6732616;5502;1223;3670
3670;6736286;5505;1223;3671
3671;6739957;18355;367;3672
3672;6743629;7342;918;3673
3673;6747302;7346;918;3674
3674;6750976;40403;167;3675
3675;6754651;4175;1617;3676
3676;6758327;4595;1470;3677
3677;6762004;7354;919;3678
3678;6765682;11031;613;3679
3679;6769361;7969;849;3680
3680;6773041;4528;1495;3681
3681;6776722;4090;1656;3682
3682;6780404;5523;1227;3683
3683;6784087;7627;889;3684
3684;6787771;7366;921;3685
3685;6791456;4422;1535;3686
3686;6795142;5335;1273;3687
3687;6798829;5529;1229;3688
3688;6802517;4916;1383;3689
3689;6806206;6454;1054;3690
3690;6809896;3813;1785;3691
3691;6813587;11073;615;3692
3692;6817279;7382;923;3693
3693;6820972;5538;1231;3694
3694;6824666;5541;1231;3695
3695;6828361;9235;739;3696
3696;6832057;4434;1540;3697
3697;6835754;7394;924;3698
3698;6839452;158971;43;3699
3699;6843151;5547;1233;3700
3700;6846851;4110;1665;3701
3701;6850552;7402;925;3702
3702;6854254;11103;617;3703
3703;6857957;4319;1587;3704
3704;6861661;6482;1058;3705
3705;6865366;4630;1482;3706
3706;6869072;4199;1635;3707
3707;6872779;5729;1199;3708
3708;6876487;6066;1133;3709
3709;6880196;7418;927;3710
3710;6883906;18545;371;3711
3711;6887617;5565;1237;3712
3712;6891329;4948;1392;3713
3713;6895042;4582;1504;3714
3714;6898756;11139;619;3715
3715;6902471;9285;743;3716
3716;6906187;4645;1486;3717
3717;6909904;5574;1239;3718
3718;6913622;4543;1521;3719
3719;6917341;40909;169;3720
3720;6921061;7438;930;3721
3721;6924782;3782;1830;3722
3722;6928504;113521;61;3723
3723;6932227;5583;1241;3724
3724;6935951;4161;1666;3725
3725;6939676;4655;1490;3726
3726;6943402;4023;1725;3727
3727;6947129;11181;621;3728
3728;6950857;7454;932;3729
3729;6954586;4972;1398;3730
3730;6958316;4103;1695;3731
3731;6962047;4849;1435;3732
3732;6965779;4043;1722;3733
3733;6969512;7466;933;3734
3734;6973246;6969511;1;3735
3735;6976981;5601;1245;3736
3736;6980717;4203;1660;3737
3737;6984454;7474;934;3738
3738;6988192;8989;777;3739
3739;6991931;11217;623;3740
3740;6995671;7478;935;3741
3741;6999412;4386;1595;3742
3742;7003154;5613;1247;3743
3743;7006897;35549;197;3744
3744;7010641;3952;1773;3745
3745;7014386;3852;1820;3746
3746;7018132;9365;749;3747
3747;7021879;5619;1249;3748
3748;7025627;5622;1249;3749
3749;7029376;7498;937;3750
3750;7033126;4075;1725;3751
3751;7036877;3875;1815;3752
3752;7040629;4154;1694;3753
3753;7044382;3892;1809;3754
3754;7048136;5631;1251;3755
3755;7051891;9385;751;3756
3756;7055647;4506;1565;3757
3757;7059404;4069;1734;3758
3758;7063162;24427;289;3759
3759;7066921;5637;1253;3760
3760;7070681;3948;1790;3761
3761;7074442;7522;940;3762
3762;7078204;11283;627;3763
3763;7081967;4047;1749;3764
3764;7085731;7526;941;3765
3765;7089496;4705;1506;3766
3766;7093262;4035;1757;3767
3767;7097029;26369;269;3768
3768;7100797;7534;942;3769
3769;7104566;7538;942;3770
3770;7108336;18845;377;3771
3771;7112107;5447;1305;3772
3772;7115879;5658;1257;3773
3773;7119652;4018;1771;3774
3774;7123426;3927;1813;3775
3775;7127201;5587;1275;3776
3776;7130977;4720;1510;3777
3777;7134754;5036;1416;3778
3778;7138532;5667;1259;3779
3779;7142311;7138531;1;3780
3780;7146091;7558;945;3781
3781;7149872;3990;1791;3782
3782;7153654;6169;1159;3783
3783;7157437;5673;1261;3784
3784;7161221;4171;1716;3785
3785;7165006;4730;1514;3786
3786;7168792;9465;757;3787
3787;7172579;4417;1623;3788
3788;7176367;6629;1082;3789
3789;7180156;5682;1263;3790
3790;7183946;5685;1263;3791
3791;7187737;6443;1115;3792
3792;7191529;4029;1784;3793
3793;7195322;7586;948;3794
3794;7199116;26551;271;3795
3795;7202911;4065;1771;3796
3796;7206707;4015;1794;3797
3797;7210504;7594;949;3798
3798;7214302;11391;633;3799
3799;7218101;6119;1179;3800
3800;7221901;4978;1450;3801
3801;7225702;3990;1810;3802
3802;7229504;5703;1267;3803
3803;7233307;7229503;1;3804
3804;7237111;7606;951;3805
3805;7240916;4566;1585;3806
3806;7244722;8371;865;3807
3807;7248529;4653;1557;3808
3808;7252337;3948;1836;3809
3809;7256146;4102;1768;3810
3810;7259956;4395;1651;3811
3811;7263767;4699;1545;3812
3812;7267579;7622;953;3813
3813;7271392;5718;1271;3814
3814;7275206;5721;1271;3815
3815;7279021;9535;763;3816
3816;7282837;3924;1855;3817
3817;7286654;4164;1749;3818
3818;7290472;7981;913;3819
3819;7294291;4623;1577;3820
3820;7298111;5730;1273;3821
3821;7301932;7642;955;3822
3822;7305754;11463;637;3823
3823;7309577;11469;637;3824
3824;7313401;7646;956;3825
3825;7317226;4063;1800;3826
3826;7321052;5739;1275;3827
3827;7324879;82259;89;3828
3828;7328707;5162;1419;3829
3829;7332536;4466;1641;3830
3830;7336366;13405;547;3831
3831;7340197;5745;1277;3832
3832;7344029;5108;1437;3833
3833;7347862;7666;958;3834
3834;7351696;11499;639;3835
3835;7355531;4189;1755;3836
3836;7359367;4130;1781;3837
3837;7363204;5754;1279;3838
3838;7367042;5757;1279;3839
3839;7370881;6631;1111;3840
3840;7374721;4188;1760;3841
3841;7378562;4008;1840;3842
3842;7382404;18871;391;3843
3843;7386247;5763;1281;3844
3844;7390091;3906;1891;3845
3845;7393936;4805;1538;3846
3846;7397782;9615;769;3847
3847;7401629;11541;641;3848
3848;7405477;7694;962;3849
3849;7409326;5132;1443;3850
3850;7413176;5775;1283;3851
3851;7417027;19255;385;3852
3852;7420879;7702;963;3853
3853;7424732;7706;963;3854
3854;7428586;157973;47;3855
3855;7432441;5781;1285;3856
3856;7436297;4820;1542;3857
3857;7440154;4408;1687;3858
3858;7444012;4501;1653;3859
3859;7447871;10931;681;3860
3860;7451731;6562;1135;3861
3861;7455592;4246;1755;3862
3862;7459454;5793;1287;3863
3863;7463317;7459453;1;3864
3864;7467181;7726;966;3865
3865;7471046;4638;1610;3866
3866;7474912;9665;773;3867
3867;7478779;5799;1289;3868
3868;7482647;5802;1289;3869
3869;7486516;7738;967;3870
3870;7490386;6837;1095;3871
3871;7494257;4515;1659;3872
3872;7498129;4312;1738;3873
3873;7502002;5164;1452;3874
3874;7505876;5811;1291;3875
3875;7509751;4619;1625;3876
3876;7513627;4250;1767;3877
3877;7517504;7754;969;3878
3878;7521382;27139;277;3879
3879;7525261;5817;1293;3880
3880;7529141;4310;1746;3881
3881;7533022;7762;970;3882
3882;7536904;11643;647;3883
3883;7540787;7117;1059;3884
3884;7544671;7766;971;3885
3885;7548556;4855;1554;3886
3886;7552442;5365;1407;3887
3887;7556329;4901;1541;3888
3888;7560217;4056;1863;3889
3889;7564106;7778;972;3890
3890;7567996;19445;389;3891
3891;7571887;5835;1297;3892
3892;7575779;5838;1297;3893
3893;7579672;4726;1603;3894
3894;7583566;7557;1003;3895
3895;7587461;5605;1353;3896
3896;7591357;4870;1558;3897
3897;7595254;4383;1732;3898
3898;7599152;5847;1299;3899
3899;7603051;13643;557;3900
3900;7606951;4550;1671;3901
3901;7610852;4150;1833;3902
3902;7614754;91697;83;3903
3903;7618657;5853;1301;3904
3904;7622561;5204;1464;3905
3905;7626466;4331;1760;3906
3906;7630372;4473;1705;3907
3907;7634279;11721;651;3908
3908;7638187;7814;977;3909
3909;7642096;5862;1303;3910
3910;7646006;5865;1303;3911
3911;7649917;19555;391;3912
3912;7653829;7822;978;3913
3913;7657742;4238;1806;3914
3914;7661656;4429;1729;3915
3915;7665571;4635;1653;3916
3916;7669487;4005;1914;3917
3917;7673404;7834;979;3918
3918;7677322;11751;653;3919
3919;7681241;11757;653;3920
3920;7685161;7838;980;3921
3921;7689082;5228;1470;3922
3922;7693004;5883;1307;3923
3923;7696927;145151;53;3924
3924;7700851;7846;981;3925
3925;7704776;4710;1635;3926
3926;7708702;9815;785;3927
3927;7712629;4641;1661;3928
3928;7716557;5236;1473;3929
3929;7720486;7858;982;3930
3930;7724416;11787;655;3931
3931;7728347;11793;655;3932
3932;7732279;7862;983;3933
3933;7736212;5898;1311;3934
3934;7740146;5339;1449;3935
3935;7744081;5509;1405;3936
3936;7748017;4722;1640;3937
3937;7751954;5084;1524;3938
3938;7755892;5549;1397;3939
3939;7759831;5907;1313;3940
3940;7763771;5122;1515;3941
3941;7767712;5630;1379;3942
3942;7771654;4599;1689;3943
3943;7775597;11829;657;3944
3944;7779541;7886;986;3945
3945;7783486;4471;1740;3946
3946;7787432;5919;1315;3947
3947;7791379;7787431;1;3948
3948;7795327;7894;987;3949
3949;7799276;5026;1551;3950
3950;7803226;4345;1795;3951
3951;7807177;5925;1317;3952
3952;7811129;4446;1756;3953
3953;7815082;4484;1742;3954
3954;7819036;11859;659;3955
3955;7822991;4613;1695;3956
3956;7826947;4859;1610;3957
3957;7830904;5934;1319;3958
3958;7834862;5937;1319;3959
3959;7838821;73223;107;3960
3960;7842781;4070;1926;3961
3961;7846742;4194;1870;3962
3962;7850704;4811;1631;3963
3963;7854667;5943;1321;3964
3964;7858631;5946;1321;3965
3965;7862596;4955;1586;3966
3966;7866562;8593;915;3967
3967;7870529;11901;661;3968
3968;7874497;7934;992;3969
3969;7878466;4032;1953;3970
3970;7882436;5955;1323;3971
3971;7886407;4367;1805;3972
3972;7890379;6289;1254;3973
3973;7894352;7946;993;3974
3974;7898326;57623;137;3975
3975;7902301;5961;1325;3976
3976;7906277;4260;1855;3977
3977;7910254;5822;1358;3978
3978;7914232;4797;1649;3979
3979;7918211;5083;1557;3980
3980;7922191;4577;1730;3981
3981;7926172;5970;1327;3982
3982;7930154;5973;1327;3983
3983;7934137;6259;1267;3984
3984;7938121;4552;1743;3985
3985;7942106;4782;1660;3986
3986;7946092;9965;797;3987
3987;7950079;5979;1329;3988
3988;7954067;5982;1329;3989
3989;7958056;7978;997;3990
3990;7962046;11967;665;3991
3991;7966037;4605;1729;3992
3992;7970029;6487;1228;3993
3993;7974022;5324;1497;3994
3994;7978016;5991;1331;3995
3995;7982011;9985;799;3996
3996;7986007;4230;1887;3997
3997;7990004;4662;1713;3998
3998;7994002;13993;571;3999
3999;7998001;5997;1333;4000
4000;8002001;4300;1860;4001
4001;8006002;8002;1000;4002
4002;8010004;12003;667;4003
4003;8014007;12009;667;4004
4004;8018011;8006;1001;4005
4005;8022016;4095;1958;4006
4006;8026022;6009;1335;4007
4007;8030029;8026021;1;4008
4008;8034037;8014;1002;4009
4009;8038046;6346;1266;4010
4010;8042056;7619;1055;4011
4011;8046067;6015;1337;4012
4012;8050079;6018;1337;4013
4013;8054092;8026;1003;4014
4014;8058106;12039;669;4015
4015;8062121;7227;1115;4016
4016;8066137;5020;1606;4017
4017;8070154;5356;1506;4018
4018;8074172;4223;1911;4019
4019;8078191;28133;287;4020
4020;8082211;8038;1005;4021
4021;8086232;8042;1005;4022
4022;8090254;8086231;1;4023
4023;8094277;6033;1341;4024
4024;8098301;4527;1788;4025
4025;8102326;5030;1610;4026
4026;8106352;4209;1925;4027
4027;8110379;12081;671;4028
4028;8114407;8054;1007;4029
4029;8118436;4187;1938;4030
4030;8122466;5135;1581;4031
4031;8126497;4309;1885;4032
4032;8130529;4176;1946;4033
4033;8134562;4144;1962;4034
4034;8138596;74629;109;4035
4035;8142631;6051;1345;4036
4036;8146667;5045;1614;4037
4037;8150704;8074;1009;4038
4038;8154742;7403;1101;4039
4039;8158781;4711;1731;4040
4040;8162821;5770;1414;4041
4041;8166862;4490;1818;4042
4042;8170904;6063;1347;4043
4043;8174947;13373;611;4044
4044;8178991;4381;1866;4045
4045;8183036;4854;1685;4046
4046;8187082;5663;1445;4047
4047;8191129;5491;1491;4048
4048;8195177;4686;1748;4049
4049;8199226;8098;1012;4050
4050;8203276;12147;675;4051
4051;8207327;12153;675;4052
4052;8211379;8102;1013;4053
4053;8215432;6078;1351;4054
4054;8219486;6081;1351;4055
4055;8223541;10135;811;4056
4056;8227597;4866;1690;4057
4057;8231654;8114;1014;4058
4058;8235712;8231653;1;4059
4059;8239771;6087;1353;4060
4060;8243831;4305;1914;4061
4061;8247892;4495;1834;4062
4062;8251954;12183;677;4063
4063;8256017;11509;717;4064
4064;8260081;4318;1912;4065
4065;8264146;4336;1905;4066
4066;8268212;5149;1605;4067
4067;8272279;5243;1577;4068
4068;8276347;4746;1743;4069
4069;8280416;4407;1878;4070
4070;8284486;5291;1565;4071
4071;8288557;4255;1947;4072
4072;8292629;5428;1527;4073
4073;8296702;8146;1018;4074
4074;8300776;12219;679;4075
4075;8304851;5705;1455;4076
4076;8308927;5095;1630;4077
4077;8313004;6114;1359;4078
4078;8317082;6117;1359;4079
4079;8321161;8317081;1;4080
4080;8325241;8158;1020;4081
4081;8329322;4452;1870;4082
4082;8333404;4823;1727;4083
4083;8337487;6123;1361;4084
4084;8341571;6126;1361;4085
4085;8345656;5105;1634;4086
4086;8349742;4313;1935;4087
4087;8353829;12261;681;4088
4088;8357917;4453;1876;4089
4089;8362006;4234;1974;4090
4090;8366096;6135;1363;4091
4091;8370187;20455;409;4092
4092;8374279;8182;1023;4093
4093;8378372;8186;1023;4094
4094;8382466;94139;89;4095
4095;8386561;4485;1869;4096
4096;8390657;4160;2016;4097
4097;8394754;4352;1928;4098
4098;8398852;11611;723;4099
4099;8402951;12297;683;4100
4100;8407051;8198;1025;4101
4101;8411152;6150;1367;4102
4102;8415254;6153;1367;4103
4103;8419357;22561;373;4104
4104;8423461;4476;1881;4105
4105;8427566;4926;1710;4106
4106;8431672;10265;821;4107
4107;8435779;6159;1369;4108
4108;8439887;5846;1443;4109
4109;8443996;7189;1174;4110
4110;8448106;4795;1761;4111
4111;8452217;12333;685;4112
4112;8456329;8222;1028;4113
4113;8460442;4626;1828;4114
4114;8464556;5027;1683;4115
4115;8468671;9053;935;4116
4116;8472787;4938;1715;4117
4117;8476904;6762;1253;4118
4118;8481022;5191;1633;4119
4119;8485141;6177;1373;4120
4120;8489261;5492;1545;4121
4121;8493382;5356;1585;4122
4122;8497504;8931;951;4123
4123;8501627;4351;1953;4124
4124;8505751;7217;1178;4125
4125;8509876;5155;1650;4126
4126;8514002;6189;1375;4127
4127;8518129;8514001;1;4128
4128;8522257;8254;1032;4129
4129;8526386;8258;1032;4130
4130;8530516;20645;413;4131
4131;8534647;4779;1785;4132
4132;8538779;6198;1377;4133
4133;8542912;8266;1033;4134
4134;8547046;12399;689;4135
4135;8551181;10335;827;4136
4136;8555317;5170;1654;4137
4137;8559454;4334;1974;4138
4138;8563592;6207;1379;4139
4139;8567731;8563591;1;4140
4140;8571871;8278;1035;4141
4141;8576012;4545;1886;4142
4142;8580154;4469;1919;4143
4143;8584297;6213;1381;4144
4144;8588441;5524;1554;4145
4145;8592586;5180;1658;4146
4146;8596732;10365;829;4147
4147;8600879;7601;1131;4148
4148;8605027;4862;1769;4149
4149;8609176;6222;1383;4150
4150;8613326;6225;1383;4151
4151;8617477;14525;593;4152
4152;8621629;4844;1779;4153
4153;8625782;8306;1038;4154
4154;8629936;128743;67;4155
4155;8634091;6231;1385;4156
4156;8638247;5195;1662;4157
4157;8642404;8314;1039;4158
4158;8646562;12471;693;4159
4159;8650721;12477;693;4160
4160;8654881;8318;1040;4161
4161;8659042;4380;1976;4162
4162;8663204;6243;1387;4163
4163;8667367;47863;181;4164
4164;8671531;7981;1086;4165
4165;8675696;4858;1785;4166
4166;8679862;10415;833;4167
4167;8684029;6249;1389;4168
4168;8688197;4689;1852;4169
4169;8692366;5731;1516;4170
4170;8696536;4587;1895;4171
4171;8700707;5977;1455;4172
4172;8704879;6407;1358;4173
4173;8709052;4494;1937;4174
4174;8713226;6261;1391;4175
4175;8717401;10435;835;4176
4176;8721577;4350;2004;4177
4177;8725754;8354;1044;4178
4178;8729932;8725753;1;4179
4179;8734111;6267;1393;4180
4180;8738291;4378;1995;4181
4181;8742472;4294;2035;4182
4182;8746654;4551;1921;4183
4183;8750837;4539;1927;4184
4184;8755021;8366;1046;4185
4185;8759206;4707;1860;4186
4186;8763392;4347;2015;4187
4187;8767579;4823;1817;4188
4188;8771767;8374;1047;4189
4189;8775956;8378;1047;4190
4190;8780146;20945;419;4191
4191;8784337;4609;1905;4192
4192;8788529;4323;2032;4193
4193;8792722;4792;1834;4194
4194;8796916;4893;1797;4195
4195;8801111;7551;1165;4196
4196;8805307;5245;1678;4197
4197;8809504;6294;1399;4198
4198;8813702;6297;1399;4199
4199;8817901;27287;323;4200
4200;8822101;4420;1995;4201
4201;8826302;8402;1050;4202
4202;8830504;46211;191;4203
4203;8834707;5137;1719;4204
4204;8838911;6306;1401;4205
4205;8843116;5255;1682;4206
4206;8847322;10515;841;4207
4207;8851529;4907;1803;4208
4208;8855737;4808;1841;4209
4209;8859946;5612;1578;4210
4210;8864156;6315;1403;4211
4211;8868367;21055;421;4212
4212;8872579;8422;1053;4213
4213;8876792;4979;1782;4214
4214;8881006;16469;539;4215
4215;8885221;4515;1967;4216
4216;8889437;4777;1860;4217
4217;8893654;8434;1054;4218
4218;8897872;12651;703;4219
4219;8902091;12657;703;4220
4220;8906311;8438;1055;4221
4221;8910532;4431;2010;4222
4222;8914754;6333;1407;4223
4223;8918977;86551;103;4224
4224;8923201;4532;1968;4225
4225;8927426;4290;2080;4226
4226;8931652;10565;845;4227
4227;8935879;6339;1409;4228
4228;8940107;6342;1409;4229
4229;8944336;8458;1057;4230
4230;8948566;12687;705;4231
4231;8952797;12693;705;4232
4232;8957029;8462;1058;4233
4233;8961262;4692;1909;4234
4234;8965496;6059;1479;4235
4235;8969731;5621;1595;4236
4236;8973967;4942;1815;4237
4237;8978204;6707;1338;4238
4238;8982442;36349;247;4239
4239;8986681;4401;2041;4240
4240;8990921;4710;1908;4241
4241;8995162;8482;1060;4242
4242;8999404;12723;707;4243
4243;9003647;12729;707;4244
4244;9007891;8486;1061;4245
4245;9012136;5305;1698;4246
4246;9016382;6369;1415;4247
4247;9020629;5983;1507;4248
4248;9024877;4932;1829;4249
4249;9029126;4956;1821;4250
4250;9033376;10319;875;4251
4251;9037627;4875;1853;4252
4252;9041879;6378;1417;4253
4253;9046132;8506;1063;4254
4254;9050386;12759;709;4255
4255;9054641;10635;851;4256
4256;9058897;4370;2072;4257
4257;9063154;4389;2064;4258
4258;9067412;6387;1419;4259
4259;9071671;9067411;1;4260
4260;9075931;8518;1065;4261
4261;9080192;8522;1065;4262
4262;9084454;9080191;1;4263
4263;9088717;6393;1421;4264
4264;9092981;4524;2009;4265
4265;9097246;5330;1706;4266
4266;9101512;7677;1185;4267
4267;9105779;6777;1343;4268
4268;9110047;5522;1649;4269
4269;9114316;6402;1423;4270
4270;9118586;6405;1423;4271
4271;9122857;21355;427;4272
4272;9127129;8542;1068;4273
4273;9131402;8546;1068;4274
4274;9135676;9131401;1;4275
4275;9139951;6411;1425;4276
4276;9144227;5345;1710;4277
4277;9148504;7483;1222;4278
4278;9152782;4371;2093;4279
4279;9157061;7843;1167;4280
4280;9161341;4708;1945;4281
4281;9165622;5708;1605;4282
4282;9169904;6423;1427;4283
4283;9174187;9169903;1;4284
4284;9178471;8566;1071;4285
4285;9182756;5142;1785;4286
4286;9187042;10715;857;4287
4287;9191329;6429;1429;4288
4288;9195617;5716;1608;4289
4289;9199906;8578;1072;4290
4290;9204196;12867;715;4291
4291;9208487;5005;1839;4292
4292;9212779;7511;1226;4293
4293;9217072;4611;1998;4294
4294;9221366;5989;1539;4295
4295;9225661;10735;859;4296
4296;9229957;5154;1790;4297
4297;9234254;8594;1074;4298
4298;9238552;30079;307;4299
4299;9242851;6447;1433;4300
4300;9247151;6450;1433;4301
4301;9251452;4675;1978;4302
4302;9255754;5497;1683;4303
4303;9260057;9321;993;4304
4304;9264361;6994;1324;4305
4305;9268666;4920;1883;4306
4306;9272972;6459;1435;4307
4307;9277279;127027;73;4308
4308;9281587;8614;1077;4309
4309;9285896;8618;1077;4310
4310;9290206;13361;695;4311
4311;9294517;6465;1437;4312
4312;9298829;4851;1916;4313
4313;9303142;4994;1862;4314
4314;9307456;12939;719;4315
4315;9311771;10785;863;4316
4316;9316087;5395;1726;4317
4317;9320404;6474;1439;4318
4318;9324722;6477;1439;4319
4319;9329041;10489;889;4320
4320;9333361;4936;1890;4321
4321;9337682;4470;2088;4322
4322;9342004;62669;149;4323
4323;9346327;6483;1441;4324
4324;9350651;6026;1551;4325
4325;9354976;5405;1730;4326
4326;9359302;6055;1545;4327
4327;9363629;12981;721;4328
4328;9367957;8654;1082;4329
4329;9372286;4869;1924;4330
4330;9376616;5629;1665;4331
4331;9380947;21655;433;4332
4332;9385279;6954;1349;4333
4333;9389612;5054;1857;4334
4334;9393946;6809;1379;4335
4335;9398281;6501;1445;4336
4336;9402617;4607;2040;4337
4337;9406954;8674;1084;4338
4338;9411292;13011;723;4339
4339;9415631;13017;723;4340
4340;9419971;8678;1085;4341
4341;9424312;6510;1447;4342
4342;9428654;6513;1447;4343
4343;9432997;7181;1313;4344
4344;9437341;7783;1212;4345
4345;9441686;4740;1991;4346
4346;9446032;10865;869;4347
4347;9450379;6519;1449;4348
4348;9454727;6522;1449;4349
4349;9459076;8698;1087;4350
4350;9463426;13047;725;4351
4351;9467777;5725;1653;4352
4352;9472129;5168;1832;4353
4353;9476482;5804;1632;4354
4354;9480836;6531;1451;4355
4355;9485191;6097;1555;4356
4356;9489547;4422;2145;4357
4357;9493904;8714;1089;4358
4358;9498262;9493903;1;4359
4359;9502621;6537;1453;4360
4360;9506981;5812;1635;4361
4361;9511342;5341;1780;4362
4362;9515704;5089;1869;4363
4363;9520067;13089;727;4364
4364;9524431;8726;1091;4365
4365;9528796;5455;1746;4366
4366;9533162;5723;1665;4367
4367;9537529;14689;649;4368
4368;9541897;4764;2002;4369
4369;9546266;4641;2056;4370
4370;9550636;4883;1955;4371
4371;9555007;4465;2139;4372
4372;9559379;6558;1457;4373
4373;9563752;8746;1093;4374
4374;9568126;13119;729;4375
4375;9572501;4725;2025;4376
4376;9576877;5470;1750;4377
4377;9581254;5836;1641;4378
4378;9585632;6567;1459;4379
4379;9590011;5771;1661;4380
4380;9594391;4530;2117;4381
4381;9598772;4745;2022;4382
4382;9603154;28483;337;4383
4383;9607537;6573;1461;4384
4384;9611921;4932;1948;4385
4385;9616306;5480;1754;4386
4386;9620692;10965;877;4387
4387;9625079;4601;2091;4388
4388;9629467;8774;1097;4389
4389;9633856;6582;1463;4390
4390;9638246;4829;1995;4391
4391;9642637;21955;439;4392
4392;9647029;8782;1098;4393
4393;9651422;5612;1719;4394
4394;9655816;32279;299;4395
4395;9660211;6591;1465;4396
4396;9664607;4710;2051;4397
4397;9669004;8794;1099;4398
4398;9673402;13191;733;4399
4399;9677801;13197;733;4400
4400;9682201;4565;2120;4401
4401;9686602;4890;1980;4402
4402;9691004;5053;1917;4403
4403;9695407;8029;1207;4404
4404;9699811;5138;1887;4405
4405;9704216;5286;1835;4406
4406;9708622;11015;881;4407
4407;9713029;6609;1469;4408
4408;9717437;4524;2147;4409
4409;9721846;8818;1102;4410
4410;9726256;13227;735;4411
4411;9730667;4851;2005;4412
4412;9735079;8822;1103;4413
4413;9739492;6618;1471;4414
4414;9743906;6621;1471;4415
4415;9748321;11035;883;4416
4416;9752737;5298;1840;4417
4417;9757154;5048;1932;4418
4418;9761572;15463;631;4419
4419;9765991;6627;1473;4420
4420;9770411;4910;1989;4421
4421;9774832;8842;1105;4422
4422;9779254;13263;737;4423
4423;9783677;13269;737;4424
4424;9788101;8846;1106;4425
4425;9792526;4661;2100;4426
4426;9796952;6639;1475;4427
4427;9801379;42047;233;4428
4428;9805807;4674;2097;4429
4429;9810236;5289;1854;4430
4430;9814666;19049;515;4431
4431;9819097;6645;1477;4432
4432;9823529;5064;1939;4433
4433;9827962;6094;1612;4434
4434;9832396;8129;1209;4435
4435;9836831;11085;887;4436
4436;9841267;5545;1774;4437
4437;9845704;6654;1479;4438
4438;9850142;5389;1827;4439
4439;9854581;7291;1351;4440
4440;9859021;5106;1930;4441
4441;9863462;8882;1110;4442
4442;9867904;9863461;1;4443
4443;9872347;6663;1481;4444
4444;9876791;6666;1481;4445
4445;9881236;5555;1778;4446
4446;9885682;4953;1995;4447
4447;9890129;13341;741;4448
4448;9894577;8894;1112;4449
4449;9899026;5932;1668;4450
4450;9903476;6675;1483;4451
4451;9907927;22255;445;4452
4452;9912379;8902;1113;4453
4453;9916832;6466;1533;4454
4454;9921286;7991;1241;4455
4455;9925741;5049;1965;4456
4456;9930197;5013;1980;4457
4457;9934654;8914;1114;4458
4458;9939112;13371;743;4459
4459;9943571;5201;1911;4460
4460;9948031;5798;1715;4461
4461;9952492;6690;1487;4462
4462;9956954;6693;1487;4463
4463;9961417;102649;97;4464
4464;9965881;8926;1116;4465
4465;9970346;4712;2115;4466
4466;9974812;6061;1645;4467
4467;9979279;6699;1489;4468
4468;9983747;6702;1489;4469
4469;9988216;8938;1117;4470
4470;9992686;6109;1635;4471
4471;9997157;7599;1315;4472
4472;10001629;6838;1462;4473
4473;10006102;5031;1988;4474
4474;10010576;6711;1491;4475
4475;10015051;11185;895;4476
4476;10019527;5370;1865;4477
4477;10024004;8206;1221;4478
4478;10028482;24629;407;4479
4479;10032961;6717;1493;4480
4480;10037441;5972;1680;4481
4481;10041922;8962;1120;4482
4482;10046404;13443;747;4483
4483;10050887;13449;747;4484
4484;10055371;8966;1121;4485
4485;10059856;4602;2185;4486
4486;10064342;6729;1495;4487
4487;10068829;15701;641;4488
4488;10073317;5236;1923;4489
4489;10077806;4556;2211;4490
4490;10082296;22445;449;4491
4491;10086787;6735;1497;4492
4492;10091279;6738;1497;4493
4493;10095772;8986;1123;4494
4494;10100266;13479;749;4495
4495;10104761;6293;1605;4496
4496;10109257;5620;1798;4497
4497;10113754;5996;1686;4498
4498;10118252;6747;1499;4499
4499;10122751;5317;1903;4500
4500;10127251;4950;2045;4501
4501;10131752;5250;1929;4502
4502;10136254;15757;643;4503
4503;10140757;6753;1501;4504
4504;10145261;6004;1689;4505
4505;10149766;5630;1802;4506
4506;10154272;11265;901;4507
4507;10158779;13521;751;4508
4508;10163287;9014;1127;4509
4509;10167796;6762;1503;4510
4510;10172306;5511;1845;4511
4511;10176817;5863;1735;4512
4512;10181329;4888;2082;4513
4513;10185842;9026;1128;4514
4514;10190356;166981;61;4515
4515;10194871;4773;2135;4516
4516;10199387;5645;1806;4517
4517;10203904;9034;1129;4518
4518;10208422;13551;753;4519
4519;10212941;13557;753;4520
4520;10217461;9038;1130;4521
4521;10221982;4972;2055;4522
4522;10226504;6783;1507;4523
4523;10231027;31661;323;4524
4524;10235551;9046;1131;4525
4525;10240076;4706;2175;4526
4526;10244602;5611;1825;4527
4527;10249129;6789;1509;4528
4528;10253657;5094;2012;4529
4529;10258186;5176;1981;4530
4530;10262716;5285;1941;4531
4531;10267247;10419;985;4532
4532;10271779;4738;2167;4533
4533;10276312;6798;1511;4534
4534;10280846;6801;1511;4535
4535;10285381;11335;907;4536
4536;10289917;5442;1890;4537
4537;10294454;4886;2106;4538
4538;10298992;29497;349;4539
4539;10303531;6807;1513;4540
4540;10308071;6810;1513;4541
4541;10312612;8626;1195;4542
4542;10317154;13623;757;4543
4543;10321697;5299;1947;4544
4544;10326241;5192;1988;4545
4545;10330786;4848;2130;4546
4546;10335332;6819;1515;4547
4547;10339879;10335331;1;4548
4548;10344427;9094;1137;4549
4549;10348976;9098;1137;4550
4550;10353526;22745;455;4551
4551;10358077;6475;1599;4552
4552;10362629;6068;1707;4553
4553;10367182;9106;1138;4554
4554;10371736;5181;2001;4555
4555;10376291;8199;1265;4556
4556;10380847;5695;1822;4557
4557;10385404;4998;2077;4558
4558;10389962;4929;2107;4559
4559;10394521;5141;2021;4560
4560;10399081;5358;1940;4561
4561;10403642;9122;1140;4562
4562;10408204;10403641;1;4563
4563;10412767;6843;1521;4564
4564;10417331;4914;2119;4565
4565;10421896;5705;1826;4566
4566;10426462;8371;1245;4567
4567;10431029;13701;761;4568
4568;10435597;9134;1142;4569
4569;10440166;6092;1713;4570
4570;10444736;6855;1523;4571
4571;10449307;15995;653;4572
4572;10453879;5334;1959;4573
4573;10458452;4842;2159;4574
4574;10463026;38879;269;4575
4575;10467601;6861;1525;4576
4576;10472177;4758;2200;4577
4577;10476754;4784;2189;4578
4578;10481332;7521;1393;4579
4579;10485911;5061;2071;4580
4580;10490491;8702;1205;4581
4581;10495072;5090;2061;4582
4582;10499654;6873;1527;4583
4583;10504237;132907;79;4584
4584;10508821;9166;1146;4585
4585;10513406;5348;1965;4586
4586;10517992;11465;917;4587
4587;10522579;6879;1529;4588
4588;10527167;5143;2046;4589
4589;10531756;9178;1147;4590
4590;10536346;5295;1989;4591
4591;10540937;13773;765;4592
4592;10545529;9182;1148;4593
4593;10550122;6124;1722;4594
4594;10554716;6891;1531;4595
4595;10559311;11485;919;4596
4596;10563907;5514;1915;4597
4597;10568504;9194;1149;4598
4598;10573102;50567;209;4599
4599;10577701;5621;1881;4600
4600;10582301;4830;2190;4601
4601;10586902;4922;2150;4602
4602;10591504;6313;1677;4603
4603;10596107;13809;767;4604
4604;10600711;9206;1151;4605
4605;10605316;5755;1842;4606
4606;10609922;4935;2149;4607
4607;10614529;5593;1897;4608
4608;10619137;4878;2176;4609
4609;10623746;5028;2112;4610
4610;10628356;5071;2095;4611
4611;10632967;6915;1537;4612
4612;10637579;6918;1537;4613
4613;10642192;8071;1318;4614
4614;10646806;5383;1977;4615
4615;10651421;9997;1065;4616
4616;10656037;5770;1846;4617
4617;10660654;5193;2052;4618
4618;10665272;6927;1539;4619
4619;10669891;71579;149;4620
4620;10674511;4774;2235;4621
4621;10679132;9242;1155;4622
4622;10683754;10679131;1;4623
4623;10688377;6933;1541;4624
4624;10693001;4692;2278;4625
4625;10697626;5032;2125;4626
4626;10702252;6425;1665;4627
4627;10706879;5397;1983;4628
4628;10711507;8099;1322;4629
4629;10716136;6942;1543;4630
4630;10720766;6945;1543;4631
4631;10725397;5093;2105;4632
4632;10730029;5052;2123;4633
4633;10734662;7913;1356;4634
4634;10739296;13571;791;4635
4635;10743931;4965;2163;4636
4636;10748567;5490;1957;4637
4637;10753204;9274;1159;4638
4638;10757842;13911;773;4639
4639;10762481;13917;773;4640
4640;10767121;9278;1160;4641
4641;10771762;4760;2262;4642
4642;10776404;6963;1547;4643
4643;10781047;51073;211;4644
4644;10785691;9286;1161;4645
4645;10790336;5574;1935;4646
4646;10794982;11615;929;4647
4647;10799629;6969;1549;4648
4648;10804277;6196;1743;4649
4649;10808926;9298;1162;4650
4650;10813576;13947;775;4651
4651;10818227;13953;775;4652
4652;10822879;9302;1163;4653
4653;10827532;6978;1551;4654
4654;10832186;5499;1969;4655
4655;10836841;6265;1729;4656
4656;10841497;4753;2280;4657
4657;10846154;9314;1164;4658
4658;10850812;79169;137;4659
4659;10855471;6987;1553;4660
4660;10860131;6990;1553;4661
4661;10864792;9322;1165;4662
4662;10869454;4977;2183;4663
4663;10874117;13989;777;4664
4664;10878781;9326;1166;4665
4665;10883446;5830;1866;4666
4666;10888112;6999;1555;4667
4667;10892779;30329;359;4668
4668;10897447;5057;2154;4669
4669;10902116;5446;2001;4670
4670;10906786;10741;1015;4671
4671;10911457;7005;1557;4672
4672;10916129;5256;2076;4673
4673;10920802;9346;1168;4674
4674;10925476;14019;779;4675
4675;10930151;4845;2255;4676
4676;10934827;5678;1925;4677
4677;10939504;7014;1559;4678
4678;10944182;7017;1559;4679
4679;10948861;10944181;1;4680
4680;10953541;9358;1170;4681
4681;10958222;4836;2265;4682
4682;10962904;72571;151;4683
4683;10967587;7023;1561;4684
4684;10972271;7026;1561;4685
4685;10976956;5855;1874;4686
4686;10981642;10307;1065;4687
4687;10986329;7739;1419;4688
4688;10991017;9374;1172;4689
4689;10995706;5274;2084;4690
4690;11000396;7035;1563;4691
4691;11005087;23455;469;4692
4692;11009779;9382;1173;4693
4693;11014472;5083;2166;4694
4694;11019166;30511;361;4695
4695;11023861;7041;1565;4696
4696;11028557;5870;1878;4697
4697;11033254;6457;1708;4698
4698;11037952;4941;2233;4699
4699;11042651;9657;1143;4700
4700;11047351;5969;1850;4701
4701;11052052;7050;1567;4702
4702;11056754;7053;1567;4703
4703;11061457;11056753;1;4704
4704;11066161;9406;1176;4705
4705;11070866;5646;1960;4706
4706;11075572;11765;941;4707
4707;11080279;6799;1629;4708
4708;11084987;5753;1926;4709
4709;11089696;6094;1819;4710
4710;11094406;8007;1385;4711
4711;11099117;5495;2019;4712
4712;11103829;8246;1346;4713
4713;11108542;6284;1767;4714
4714;11113256;7071;1571;4715
4715;11117971;11785;943;4716
4716;11122687;5371;2070;4717
4717;11127404;6943;1602;4718
4718;11132122;17861;623;4719
4719;11136841;7077;1573;4720
4720;11141561;4840;2301;4721
4721;11146282;9442;1180;4722
4722;11151004;14163;787;4723
4723;11155727;14169;787;4724
4724;11160451;9446;1181;4725
4725;11165176;5905;1890;4726
4726;11169902;4865;2295;4727
4727;11174629;22657;493;4728
4728;11179357;5713;1956;4729
4729;11184086;9458;1182;4730
4730;11188816;23645;473;4731
4731;11193547;7095;1577;4732
4732;11198279;5187;2158;4733
4733;11203012;9466;1183;4734
4734;11207746;14199;789;4735
4735;11212481;8523;1315;4736
4736;11217217;5920;1894;4737
4737;11221954;6316;1776;4738
4738;11226692;7107;1579;4739
4739;11231431;15571;721;4740
4740;11236171;5530;2031;4741
4741;11240912;5214;2155;4742
4742;11245654;26081;431;4743
4743;11250397;7113;1581;4744
4744;11255141;5337;2108;4745
4745;11259886;5930;1898;4746
4746;11264632;6643;1695;4747
4747;11269379;5311;2121;4748
4748;11274127;9494;1187;4749
4749;11278876;7122;1583;4750
4750;11283626;7125;1583;4751
4751;11288377;23755;475;4752
4752;11293129;9502;1188;4753
4753;11297882;4851;2328;4754
4754;11302636;16639;679;4755
4755;11307391;7131;1585;4756
4756;11312147;5945;1902;4757
4757;11316904;5494;2059;4758
4758;11321662;12261;923;4759
4759;11326421;14277;793;4760
4760;11331181;9518;1190;4761
4761;11335942;4830;2346;4762
4762;11340704;7143;1587;4763
4763;11345467;26191;433;4764
4764;11350231;8734;1299;4765
4765;11354996;5718;1985;4766
4766;11359762;11915;953;4767
4767;11364529;7149;1589;4768
4768;11369297;5448;2086;4769
4769;11374066;5662;2008;4770
4770;11378836;5035;2259;4771
4771;11383607;5505;2067;4772
4772;11388379;9542;1193;4773
4773;11393152;7158;1591;4774
4774;11397926;7161;1591;4775
4775;11402701;5425;2101;4776
4776;11407477;4975;2292;4777
4777;11412254;6766;1686;4778
4778;11417032;40613;281;4779
4779;11421811;7167;1593;4780
4780;11426591;5310;2151;4781
4781;11431372;6830;1673;4782
4782;11436154;5579;2049;4783
4783;11440937;14349;797;4784
4784;11445721;9566;1196;4785
4785;11450506;5060;2262;4786
4786;11455292;7179;1595;4787
4787;11460079;11455291;1;4788
4788;11464867;9574;1197;4789
4789;11469656;9578;1197;4790
4790;11474446;23945;479;4791
4791;11479237;7185;1597;4792
4792;11484029;6388;1797;4793
4793;11488822;9586;1198;4794
4794;11493616;14379;799;4795
4795;11498411;4935;2329;4796
4796;11503207;5995;1918;4797
4797;11508004;5863;1962;4798
4798;11512802;7197;1599;4799
4799;11517601;11512801;1;4800
4800;11522401;9598;1200;4801
4801;11527202;9602;1200;4802
4802;11532004;33607;343;4803
4803;11536807;7203;1601;4804
4804;11541611;7206;1601;4805
4805;11546416;6005;1922;4806
4806;11551222;8277;1395;4807
4807;11556029;5073;2277;4808
4808;11560837;6611;1748;4809
4809;11565646;6412;1803;4810
4810;11570456;7215;1603;4811
4811;11575267;8177;1415;4812
4812;11580079;6817;1698;4813
4813;11584892;9626;1203;4814
4814;11589706;139577;83;4815
4815;11594521;7221;1605;4816
4816;11599337;5160;2247;4817
4817;11604154;9634;1204;4818
4818;11608972;14451;803;4819
4819;11613791;5767;2013;4820
4820;11618611;9638;1205;4821
4821;11623432;7230;1607;4822
4822;11628254;7233;1607;4823
4823;11633077;16877;689;4824
4824;11637901;5226;2226;4825
4825;11642726;5025;2316;4826
4826;11647552;12065;965;4827
4827;11652379;7239;1609;4828
4828;11657207;7242;1609;4829
4829;11662036;7463;1562;4830
4830;11666866;5313;2195;4831
4831;11671697;14493;805;4832
4832;11676529;9662;1208;4833
4833;11681362;5436;2148;4834
4834;11686196;7251;1611;4835
4835;11691031;12085;967;4836
4836;11695867;5802;2015;4837
4837;11700704;5642;2073;4838
4838;11705542;16933;691;4839
4839;11710381;7257;1613;4840
4840;11715221;6452;1815;4841
4841;11720062;5170;2266;4842
4842;11724904;12643;927;4843
4843;11729747;7801;1503;4844
4844;11734591;5017;2338;4845
4845;11739436;5190;2261;4846
4846;11744282;7269;1615;4847
4847;11749129;89651;131;4848
4848;11753977;7474;1572;4849
4849;11758826;5252;2238;4850
4850;11763676;6305;1865;4851
4851;11768527;5335;2205;4852
4852;11773379;7278;1617;4853
4853;11778232;9706;1213;4854
4854;11783086;14559;809;4855
4855;11787941;12135;971;4856
4856;11792797;6070;1942;4857
4857;11797654;6476;1821;4858
4858;11802512;7287;1619;4859
4859;11807371;14921;791;4860
4860;11812231;5085;2322;4861
4861;11817092;9722;1215;4862
4862;11821954;53471;221;4863
4863;11826817;7293;1621;4864
4864;11831681;6484;1824;4865
4865;11836546;5282;2240;4866
4866;11841412;5677;2085;4867
4867;11846279;14601;811;4868
4868;11851147;9734;1217;4869
4869;11856016;7302;1623;4870
4870;11860886;7305;1623;4871
4871;11865757;24355;487;4872
4872;11870629;9742;1218;4873
4873;11875502;5316;2233;4874
4874;11880376;26807;443;4875
4875;11885251;7311;1625;4876
4876;11890127;5750;2067;4877
4877;11895004;9754;1219;4878
4878;11899882;14631;813;4879
4879;11904761;5691;2091;4880
4880;11909641;5002;2380;4881
4881;11914522;6508;1830;4882
4882;11919404;7323;1627;4883
4883;11924287;46379;257;4884
4884;11929171;5654;2109;4885
4885;11934056;5862;2035;4886
4886;11938942;6839;1745;4887
4887;11943829;7329;1629;4888
4888;11948717;5076;2353;4889
4889;11953606;9778;1222;4890
4890;11958496;14667;815;4891
4891;11963387;10921;1095;4892
4892;11968279;9782;1223;4893
4893;11973172;7338;1631;4894
4894;11978066;7341;1631;4895
4895;11982961;12235;979;4896
4896;11987857;5340;2244;4897
4897;11992754;5644;2124;4898
4898;11997652;6557;1829;4899
4899;12002551;5451;2201;4900
4900;12007451;4970;2415;4901
4901;12012352;5075;2366;4902
4902;12017254;7163;1677;4903
4903;12022157;14709;817;4904
4904;12027061;9806;1226;4905
4905;12031966;5517;2180;4906
4906;12036872;5995;2007;4907
4907;12041779;7711;1561;4908
4908;12046687;5726;2103;4909
4909;12051596;9818;1227;4910
4910;12056506;24545;491;4911
4911;12061417;7365;1637;4912
4912;12066329;6548;1842;4913
4913;12071242;5219;2312;4914
4914;12076156;5967;2023;4915
4915;12081071;6881;1755;4916
4916;12085987;6145;1966;4917
4917;12090904;7374;1639;4918
4918;12095822;7377;1639;4919
4919;12100741;12095821;1;4920
4920;12105661;9838;1230;4921
4921;12110582;5180;2337;4922
4922;12115504;5957;2033;4923
4923;12120427;7383;1641;4924
4924;12125351;7386;1641;4925
4925;12130276;6155;1970;4926
4926;12135202;12315;985;4927
4927;12140129;10673;1137;4928
4928;12145057;5306;2288;4929
4929;12149986;5088;2387;4930
4930;12154916;7395;1643;4931
4931;12159847;24655;493;4932
4932;12164779;9862;1233;4933
4933;12169712;9866;1233;4934
4934;12174646;12169711;1;4935
4935;12179581;7401;1645;4936
4936;12184517;6170;1974;4937
4937;12189454;9874;1234;4938
4938;12194392;14811;823;4939
4939;12199331;9053;1347;4940
4940;12204271;5434;2245;4941
4941;12209212;5130;2379;4942
4942;12214154;7413;1647;4943
4943;12219097;34601;353;4944
4944;12224041;9886;1236;4945
4945;12228986;5160;2369;4946
4946;12233932;12365;989;4947
4947;12238879;7419;1649;4948
4948;12243827;7422;1649;4949
4949;12248776;8659;1414;4950
4950;12253726;5555;2205;4951
4951;12258677;14853;825;4952
4952;12263629;9902;1238;4953
4953;12268582;6604;1857;4954
4954;12273536;7431;1651;4955
4955;12278491;12385;991;4956
4956;12283447;5946;2065;4957
4957;12288404;9914;1239;4958
4958;12293362;183409;67;4959
4959;12298321;5829;2109;4960
4960;12303281;5220;2356;4961
4961;12308242;5084;2420;4962
4962;12313204;9097;1353;4963
4963;12318167;5789;2127;4964
4964;12323131;8687;1418;4965
4965;12328096;5627;2190;4966
4966;12333062;7449;1655;4967
4967;12338029;64571;191;4968
4968;12342997;9934;1242;4969
4969;12347966;9938;1242;4970
4970;12352936;24845;497;4971
4971;12357907;7455;1657;4972
4972;12362879;7458;1657;4973
4973;12367852;9946;1243;4974
4974;12372826;14919;829;4975
4975;12377801;12435;995;4976
4976;12382777;6220;1990;4977
4977;12387754;5598;2212;4978
4978;12392732;7467;1659;4979
4979;12397711;7277;1703;4980
4980;12402691;5395;2298;4981
4981;12407672;7055;1758;4982
4982;12412654;13771;901;4983
4983;12417637;7097;1749;4984
4984;12422621;5874;2114;4985
4985;12427606;6230;1994;4986
4986;12432592;8973;1385;4987
4987;12437579;14961;831;4988
4988;12442567;9974;1247;4989
4989;12447556;7482;1663;4990
4990;12452546;7485;1663;4991
4991;12457537;11477;1085;4992
4992;12462529;5152;2418;4993
4993;12467522;9986;1248;4994
4994;12472516;54923;227;4995
4995;12477511;6105;2043;4996
4996;12482507;6245;1998;4997
4997;12487504;9994;1249;4998
4998;12492502;5523;2261;4999
4999;12497501;14997;833;5000
5000;12502501;9998;1250;5001
5001;12507502;6668;1875;5002
5002;12512504;7503;1667;5003
5003;12517507;205123;61;5004
5004;12522511;10006;1251;5005
5005;12527516;5421;2310;5006
5006;12532522;12515;1001;5007
5007;12537529;7509;1669;5008
5008;12542537;6676;1878;5009
5009;12547546;10018;1252;5010
5010;12552556;15027;835;5011
5011;12557567;15033;835;5012
5012;12562579;10022;1253;5013
5013;12567592;7518;1671;5014
5014;12572606;7521;1671;5015
5015;12577621;6431;1955;5016
5016;12582637;5605;2244;5017
5017;12587654;5709;2204;5018
5018;12592672;5597;2249;5019
5019;12597691;7527;1673;5020
5020;12602711;5271;2390;5021
5021;12607732;10042;1255;5022
5022;12612754;15063;837;5023
5023;12617777;15069;837;5024
5024;12622801;10046;1256;5025
5025;12627826;5360;2355;5026
5026;12632852;5385;2345;5027
5027;12637879;27643;457;5028
5028;12642907;9218;1371;5029
5029;12647936;10058;1257;5030
5030;12652966;23641;535;5031
5031;12657997;6539;1935;5032
5032;12663029;5661;2236;5033
5033;12668062;8806;1438;5034
5034;12673096;5873;2157;5035
5035;12678131;12585;1007;5036
5036;12683167;6295;2014;5037
5037;12688204;7554;1679;5038
5038;12693242;5267;2409;5039
5039;12698281;55429;229;5040
5040;12703321;10078;1260;5041
5041;12708362;5112;2485;5042
5042;12713404;178991;71;5043
5043;12718447;7563;1681;5044
5044;12723491;7566;1681;5045
5045;12728536;6305;2018;5046
5046;12733582;12615;1009;5047
5047;12738629;5887;2163;5048
5048;12743677;8834;1442;5049
5049;12748726;5679;2244;5050
5050;12753776;5151;2475;5051
5051;12758827;25255;505;5052
5052;12763879;10102;1263;5053
5053;12768932;10106;1263;5054
5054;12773986;11191;1141;5055
5055;12779041;5415;2359;5056
5056;12784097;5392;2370;5057
5057;12789154;6224;2054;5058
5058;12794212;10959;1167;5059
5059;12799271;15177;843;5060
5060;12804331;10118;1265;5061
5061;12809392;5302;2415;5062
5062;12814454;7593;1687;5063
5063;12819517;154391;83;5064
5064;12824581;10126;1266;5065
5065;12829646;6078;2110;5066
5066;12834712;12665;1013;5067
5067;12839779;7599;1689;5068
5068;12844847;7602;1689;5069
5069;12849916;6697;1918;5070
5070;12854986;5343;2405;5071
5071;12860057;5577;2305;5072
5072;12865129;6974;1844;5073
5073;12870202;6023;2136;5074
5074;12875276;5251;2451;5075
5075;12880351;6235;2065;5076
5076;12885427;5481;2350;5077
5077;12890504;10154;1269;5078
5078;12895582;12890503;1;5079
5079;12900661;7617;1693;5080
5080;12905741;6772;1905;5081
5081;12910822;10162;1270;5082
5082;12915904;15243;847;5083
5083;12920987;5313;2431;5084
5084;12926071;6851;1886;5085
5085;12931156;6355;2034;5086
5086;12936242;7629;1695;5087
5087;12941329;12936241;1;5088
5088;12946417;10174;1272;5089
5089;12951506;5816;2226;5090
5090;12956596;17815;727;5091
5091;12961687;7635;1697;5092
5092;12966779;7638;1697;5093
5093;12971872;8797;1474;5094
5094;12976966;9339;1389;5095
5095;12982061;9171;1415;5096
5096;12987157;6370;2038;5097
5097;12992254;6796;1911;5098
5098;12997352;7647;1699;5099
5099;13002451;12997351;1;5100
5100;13007551;10198;1275;5101
5101;13012652;10202;1275;5102
5102;13017754;13012651;1;5103
5103;13022857;7653;1701;5104
5104;13027961;5346;2436;5105
5105;13033066;6380;2042;5106
5106;13038172;12765;1021;5107
5107;13043279;15321;851;5108
5108;13048387;10214;1277;5109
5109;13053496;7662;1703;5110
5110;13058606;6643;1965;5111
5111;13063717;6935;1883;5112
5112;13068829;5396;2421;5113
5113;13073942;10226;1278;5114
5114;13079056;13073941;1;5115
5115;13084171;7671;1705;5116
5116;13089287;6395;2046;5117
5117;13094404;8953;1462;5118
5118;13099522;5971;2193;5119
5119;13104641;15357;853;5120
5120;13109761;10238;1280;5121
5121;13114882;5690;2304;5122
5122;13120004;7397;1773;5123
5123;13125127;9259;1417;5124
5124;13130251;5734;2289;5125
5125;13135376;5250;2501;5126
5126;13140502;5825;2255;5127
5127;13145629;7689;1709;5128
5128;13150757;6836;1923;5129
5129;13155886;10258;1282;5130
5130;13161016;6021;2185;5131
5131;13166147;5985;2199;5132
5132;13171279;8981;1466;5133
5133;13176412;7698;1711;5134
5134;13181546;7701;1711;5135
5135;13186681;6715;1963;5136
5136;13191817;5564;2370;5137
5137;13196954;5604;2354;5138
5138;13202092;28259;467;5139
5139;13207231;7707;1713;5140
5140;13212371;5710;2313;5141
5141;13217512;10282;1285;5142
5142;13222654;15423;857;5143
5143;13227797;15429;857;5144
5144;13232941;10286;1286;5145
5145;13238086;6430;2058;5146
5146;13243232;7595;1743;5147
5147;13248379;159557;83;5148
5148;13253527;10294;1287;5149
5149;13258676;5434;2439;5150
5150;13263826;6775;1957;5151
5151;13268977;5253;2525;5152
5152;13274129;5474;2424;5153
5153;13279282;10306;1288;5154
5154;13284436;15459;859;5155
5155;13289591;12885;1031;5156
5156;13294747;6445;2062;5157
5157;13299904;7734;1719;5158
5158;13305062;7737;1719;5159
5159;13310221;18053;737;5160
5160;13315381;5628;2365;5161
5161;13320542;5590;2382;5162
5162;13325704;11513;1157;5163
5163;13330867;7743;1721;5164
5164;13336031;7746;1721;5165
5165;13341196;6455;2066;5166
5166;13346362;7231;1845;5167
5167;13351529;15501;861;5168
5168;13356697;10334;1292;5169
5169;13361866;6892;1938;5170
5170;13367036;7755;1723;5171
5171;13372207;25855;517;5172
5172;13377379;10342;1293;5173
5173;13382552;6034;2217;5174
5174;13387726;9607;1393;5175
5175;13392901;7475;1791;5176
5176;13398077;5823;2300;5177
5177;13403254;10354;1294;5178
5178;13408432;15531;863;5179
5179;13413611;15537;863;5180
5180;13418791;10358;1295;5181
5181;13423972;5495;2442;5182
5182;13429154;7773;1727;5183
5183;13434337;183961;73;5184
5184;13439521;5256;2556;5185
5185;13444706;5490;2448;5186
5186;13449892;12965;1037;5187
5187;13455079;7779;1729;5188
5188;13460267;7782;1729;5189
5189;13465456;10378;1297;5190
5190;13470646;15567;865;5191
5191;13475837;15051;895;5192
5192;13481029;6844;1969;5193
5193;13486222;5841;2308;5194
5194;13491416;7791;1731;5195
5195;13496611;7273;1855;5196
5196;13501807;6234;2165;5197
5197;13507004;10394;1299;5198
5198;13512202;119531;113;5199
5199;13517401;7797;1733;5200
5200;13522601;6932;1950;5201
5201;13527802;5944;2275;5202
5202;13533004;6069;2229;5203
5203;13538207;6171;2193;5204
5204;13543411;10406;1301;5205
5205;13548616;6505;2082;5206
5206;13553822;6593;2055;5207
5207;13559029;5617;2413;5208
5208;13564237;5334;2542;5209
5209;13569446;10418;1302;5210
5210;13574656;26045;521;5211
5211;13579867;7815;1737;5212
5212;13585079;7818;1737;5213
5213;13590292;10426;1303;5214
5214;13595506;11297;1203;5215
5215;13600721;6083;2235;5216
5216;13605937;5705;2384;5217
5217;13611154;6031;2256;5218
5218;13616372;7827;1739;5219
5219;13621591;44353;307;5220
5220;13626811;5526;2465;5221
5221;13632032;6003;2270;5222
5222;13637254;8579;1589;5223
5223;13642477;7833;1741;5224
5224;13647701;6964;1959;5225
5225;13652926;6530;2090;5226
5226;13658152;6175;2211;5227
5227;13663379;15681;871;5228
5228;13668607;10454;1307;5229
5229;13673836;7842;1743;5230
5230;13679066;7845;1743;5231
5231;13684297;26155;523;5232
5232;13689529;10462;1308;5233
5233;13694762;10466;1308;5234
5234;13699996;13694761;1;5235
5235;13705231;7851;1745;5236
5236;13710467;5610;2443;5237
5237;13715704;10474;1309;5238
5238;13720942;15711;873;5239
5239;13726181;9021;1521;5240
5240;13731421;6812;2015;5241
5241;13736662;6988;1965;5242
5242;13741904;7863;1747;5243
5243;13747147;18347;749;5244
5244;13752391;5586;2461;5245
5245;13757636;6294;2185;5246
5246;13762882;13115;1049;5247
5247;13768129;6039;2279;5248
5248;13773377;5412;2544;5249
5249;13778626;5792;2378;5250
5250;13783876;6335;2175;5251
5251;13789127;6195;2225;5252
5252;13794379;5959;2314;5253
5253;13799632;7878;1751;5254
5254;13804886;7313;1887;5255
5255;13810141;13135;1051;5256
5256;13815397;6306;2190;5257
5257;13820654;6132;2253;5258
5258;13825912;8261;1673;5259
5259;13831171;7887;1753;5260
5260;13836431;7890;1753;5261
5261;13841692;10522;1315;5262
5262;13846954;15783;877;5263
5263;13852217;15789;877;5264
5264;13857481;6251;2216;5265
5265;13862746;5460;2538;5266
5266;13868012;7899;1755;5267
5267;13873279;60559;229;5268
5268;13878547;10097;1374;5269
5269;13883816;9658;1437;5270
5270;13889086;5797;2395;5271
5271;13894357;7781;1785;5272
5272;13899629;7028;1977;5273
5273;13904902;10546;1318;5274
5274;13910176;15819;879;5275
5275;13915451;7325;1899;5276
5276;13920727;6595;2110;5277
5277;13926004;7914;1759;5278
5278;13931282;7917;1759;5279
5279;13936561;36953;377;5280
5280;13941841;10558;1320;5281
5281;13947122;10562;1320;5282
5282;13952404;100339;139;5283
5283;13957687;7923;1761;5284
5284;13962971;7926;1761;5285
5285;13968256;6605;2114;5286
5286;13973542;6167;2265;5287
5287;13978829;14977;933;5288
5288;13984117;10574;1322;5289
5289;13989406;7052;1983;5290
5290;13994696;7935;1763;5291
5291;13999987;5819;2405;5292
5292;14005279;5439;2574;5293
5293;14010572;6566;2133;5294
5294;14015866;177349;79;5295
5295;14021161;7941;1765;5296
5296;14026457;6620;2118;5297
5297;14031754;10594;1324;5298
5298;14037052;15891;883;5299
5299;14042351;6181;2271;5300
5300;14047651;7570;1855;5301
5301;14052952;5890;2385;5302
5302;14058254;6479;2169;5303
5303;14063557;58333;241;5304
5304;14068861;10606;1326;5305
5305;14074166;6366;2210;5306
5306;14079472;7427;1895;5307
5307;14084779;7959;1769;5308
5308;14090087;7962;1769;5309
5309;14095396;10618;1327;5310
5310;14100706;15927;885;5311
5311;14106017;6667;2115;5312
5312;14111329;7802;1808;5313
5313;14116642;5478;2576;5314
5314;14121956;7971;1771;5315
5315;14127271;13285;1063;5316
5316;14132587;6378;2215;5317
5317;14137904;5759;2454;5318
5318;14143222;34567;409;5319
5319;14148541;7977;1773;5320
5320;14153861;5516;2565;5321
5321;14159182;5947;2380;5322
5322;14164504;15079;939;5323
5323;14169827;15969;887;5324
5324;14175151;10646;1331;5325
5325;14180476;6050;2343;5326
5326;14185802;7989;1775;5327
5327;14191129;18641;761;5328
5328;14196457;6088;2331;5329
5329;14201786;5402;2628;5330
5330;14207116;14965;949;5331
5331;14212447;7995;1777;5332
5332;14217779;7998;1777;5333
5333;14223112;10666;1333;5334
5334;14228446;15999;889;5335
5335;14233781;6985;2037;5336
5336;14239117;5626;2530;5337
5337;14244454;6003;2372;5338
5338;14249792;8007;1779;5339
5339;14255131;44117;323;5340
5340;14260471;8430;1691;5341
5341;14265812;6230;2289;5342
5342;14271154;18697;763;5343
5343;14276497;8013;1781;5344
5344;14281841;6513;2192;5345
5345;14287186;6680;2138;5346
5346;14292532;9621;1485;5347
5347;14297879;16041;891;5348
5348;14303227;10694;1337;5349
5349;14308576;8022;1783;5350
5350;14313926;8025;1783;5351
5351;14319277;26755;535;5352
5352;14324629;10702;1338;5353
5353;14329982;10706;1338;5354
5354;14335336;141881;101;5355
5355;14340691;8031;1785;5356
5356;14346047;6489;2210;5357
5357;14351404;6331;2266;5358
5358;14356762;9253;1551;5359
5359;14362121;10951;1311;5360
5360;14367481;6164;2330;5361
5361;14372842;7148;2010;5362
5362;14378204;8043;1787;5363
5363;14383567;11873;1211;5364
5364;14388931;9238;1557;5365
5365;14394296;5513;2610;5366
5366;14399662;13415;1073;5367
5367;14405029;8049;1789;5368
5368;14410397;7156;2013;5369
5369;14415766;5551;2596;5370
5370;14421136;6195;2327;5371
5371;14426507;7339;1965;5372
5372;14431879;6478;2227;5373
5373;14437252;6766;2133;5374
5374;14442626;8061;1791;5375
5375;14448001;13435;1075;5376
5376;14453377;5504;2625;5377
5377;14458754;5943;2432;5378
5378;14464132;51091;283;5379
5379;14469511;8067;1793;5380
5380;14474891;5918;2445;5381
5381;14480272;10762;1345;5382
5382;14485654;16143;897;5383
5383;14491037;6279;2307;5384
5384;14496421;9422;1538;5385
5385;14501806;6730;2154;5386
5386;14507192;8079;1795;5387
5387;14512579;14507191;1;5388
5388;14517967;10774;1347;5389
5389;14523356;7633;1902;5390
5390;14528746;6545;2219;5391
5391;14534137;6589;2205;5392
5392;14539529;6066;2396;5393
5393;14544922;10786;1348;5394
5394;14550316;16179;899;5395
5395;14555711;5655;2573;5396
5396;14561107;5893;2470;5397
5397;14566504;8094;1799;5398
5398;14571902;8097;1799;5399
5399;14577301;14571901;1;5400
5400;14582701;10798;1350;5401
5401;14588102;5892;2475;5402
5402;14593504;18167;803;5403
5403;14598907;8103;1801;5404
5404;14604311;8106;1801;5405
5405;14609716;6755;2162;5406
5406;14615122;5865;2491;5407
5407;14620529;16221;901;5408
5408;14625937;10814;1352;5409
5409;14631346;6084;2404;5410
5410;14636756;8115;1803;5411
5411;14642167;18935;773;5412
5412;14647579;6314;2319;5413
5413;14652992;10826;1353;5414
5414;14658406;14652991;1;5415
5415;14663821;8121;1805;5416
5416;14669237;6770;2166;5417
5417;14674654;10834;1354;5418
5418;14680072;16251;903;5419
5419;14685491;16257;903;5420
5420;14690911;10838;1355;5421
5421;14696332;7046;2085;5422
5422;14701754;8133;1807;5423
5423;14707177;29821;493;5424
5424;14712601;5763;2552;5425
5425;14718026;5650;2604;5426
5426;14723452;13565;1085;5427
5427;14728879;8139;1809;5428
5428;14734307;7906;1863;5429
5429;14739736;7198;2047;5430
5430;14745166;11041;1335;5431
5431;14750597;16293;905;5432
5432;14756029;10862;1358;5433
5433;14761462;7244;2037;5434
5434;14766896;8151;1811;5435
5435;14772331;11957;1235;5436
5436;14777767;6522;2265;5437
5437;14783204;10874;1359;5438
5438;14788642;14783203;1;5439
5439;14794081;8157;1813;5440
5440;14799521;5712;2590;5441
5441;14804962;10882;1360;5442
5442;14810404;16323;907;5443
5443;14815847;16329;907;5444
5444;14821291;10886;1361;5445
5445;14826736;6805;2178;5446
5446;14832182;5835;2541;5447
5447;14837629;35399;419;5448
5448;14843077;5902;2514;5449
5449;14848526;10898;1362;5450
5450;14853976;27245;545;5451
5451;14859427;5925;2507;5452
5452;14864879;6486;2291;5453
5453;14870332;6251;2378;5454
5454;14875786;5757;2583;5455
5455;14881241;9819;1515;5456
5456;14886697;6820;2182;5457
5457;14892154;5797;2568;5458
5458;14897612;8187;1819;5459
5459;14903071;144637;103;5460
5460;14908531;5565;2678;5461
5461;14913992;5590;2667;5462
5462;14919454;117433;127;5463
5463;14924917;8193;1821;5464
5464;14930381;6147;2428;5465
5465;14935846;6830;2186;5466
5466;14941312;13665;1093;5467
5467;14946779;6377;2343;5468
5468;14952247;9569;1562;5469
5469;14957716;8202;1823;5470
5470;14963186;8205;1823;5471
5471;14968657;27355;547;5472
5472;14974129;10942;1368;5473
5473;14979602;5928;2526;5474
5474;14985076;7157;2093;5475
5475;14990551;5865;2555;5476
5476;14996027;5550;2701;5477
5477;15001504;10954;1369;5478
5478;15006982;16431;913;5479
5479;15012461;16437;913;5480
5480;15017941;10958;1370;5481
5481;15023422;5754;2610;5482
5482;15028904;8223;1827;5483
5483;15034387;15028903;1;5484
5484;15039871;10966;1371;5485
5485;15045356;6582;2285;5486
5486;15050842;13715;1097;5487
5487;15056329;6541;2301;5488
5488;15061817;5782;2604;5489
5489;15067306;6986;2156;5490
5490;15072796;6039;2495;5491
5491;15078287;5795;2601;5492
5492;15083779;10982;1373;5493
5493;15089272;8238;1831;5494
5494;15094766;8241;1831;5495
5495;15100261;6437;2345;5496
5496;15105757;6412;2355;5497
5497;15111254;10534;1434;5498
5498;15116752;63227;239;5499
5499;15122251;8247;1833;5500
5500;15127751;5850;2585;5501
5501;15133252;11002;1375;5502
5502;15138754;16503;917;5503
5503;15144257;16509;917;5504
5504;15149761;11006;1376;5505
5505;15155266;5872;2580;5506
5506;15160772;8259;1835;5507
5507;15166279;15160771;1;5508
5508;15171787;11014;1377;5509
5509;15177296;6426;2361;5510
5510;15182806;14953;1015;5511
5511;15188317;6061;2505;5512
5512;15193829;6513;2332;5513
5513;15199342;7748;1961;5514
5514;15204856;16539;919;5515
5515;15210371;13785;1103;5516
5516;15215887;6895;2206;5517
5517;15221404;8274;1839;5518
5518;15226922;8277;1839;5519
5519;15232441;171089;89;5520
5520;15237961;11038;1380;5521
5521;15243482;11042;1380;5522
5522;15249004;60731;251;5523
5523;15254527;8283;1841;5524
5524;15260051;8286;1841;5525
5525;15265576;6905;2210;5526
5526;15271102;7675;1989;5527
5527;15276629;16581;921;5528
5528;15282157;11054;1382;5529
5529;15287686;7372;2073;5530
5530;15293216;7505;2037;5531
5531;15298747;27655;553;5532
5532;15304279;11062;1383;5533
5533;15309812;10142;1509;5534
5534;15315346;30437;503;5535
5535;15320881;8301;1845;5536
5536;15326417;5904;2595;5537
5537;15331954;6328;2422;5538
5538;15337492;6461;2373;5539
5539;15343031;6177;2483;5540
5540;15348571;8033;1910;5541
5541;15354112;8310;1847;5542
5542;15359654;8313;1847;5543
5543;15365197;39283;391;5544
5544;15370741;5796;2651;5545
5545;15376286;6654;2310;5546
5546;15381832;13865;1109;5547
5547;15387379;6063;2537;5548
5548;15392927;6278;2451;5549
5549;15398476;6802;2263;5550
5550;15404026;5735;2685;5551
5551;15409577;6405;2405;5552
5552;15415129;6344;2429;5553
5553;15420682;6246;2468;5554
5554;15426236;8331;1851;5555
5555;15431791;13885;1111;5556
5556;15437347;6666;2315;5557
5557;15442904;11114;1389;5558
5558;15448462;38899;397;5559
5559;15454021;6749;2289;5560
5560;15459581;6540;2363;5561
5561;15465142;9313;1660;5562
5562;15470704;6901;2241;5563
5563;15476267;16689;927;5564
5564;15481831;11126;1391;5565
5565;15487396;5671;2730;5566
5566;15492962;6095;2541;5567
5567;15498529;6739;2299;5568
5568;15504097;6612;2344;5569
5569;15509666;11138;1392;5570
5570;15515236;27845;557;5571
5571;15520807;8355;1857;5572
5572;15526379;8358;1857;5573
5573;15531952;11146;1393;5574
5574;15537526;16719;929;5575
5575;15543101;13935;1115;5576
5576;15548677;6970;2230;5577
5577;15554254;5746;2706;5578
5578;15559832;8367;1859;5579
5579;15565411;19523;797;5580
5580;15570991;6510;2391;5581
5581;15576572;11162;1395;5582
5582;15582154;15576571;1;5583
5583;15587737;8373;1861;5584
5584;15593321;7444;2094;5585
5585;15598906;6980;2234;5586
5586;15604492;7819;1995;5587
5587;15610079;7399;2109;5588
5588;15615667;9398;1661;5589
5589;15621256;5842;2673;5590
5590;15626846;5805;2691;5591
5591;15632437;27955;559;5592
5592;15638029;11182;1398;5593
5593;15643622;6524;2397;5594
5594;15649216;19579;799;5595
5595;15654811;8391;1865;5596
5596;15660407;6995;2238;5597
5597;15666004;11194;1399;5598
5598;15671602;9019;1737;5599
5599;15677201;10263;1527;5600
5600;15682801;6160;2545;5601
5601;15688402;7468;2100;5602
5602;15694004;8403;1867;5603
5603;15699607;36413;431;5604
5604;15705211;6071;2586;5605
5605;15710816;6726;2335;5606
5606;15716422;14015;1121;5607
5607;15722029;8409;1869;5608
5608;15727637;6309;2492;5609
5609;15733246;11218;1402;5610
5610;15738856;6035;2607;5611
5611;15744467;5797;2715;5612
5612;15750079;8326;1891;5613
5613;15755692;8418;1871;5614
5614;15761306;8421;1871;5615
5615;15766921;7861;2005;5616
5616;15772537;6738;2340;5617
5617;15778154;6396;2466;5618
5618;15783772;7261;2173;5619
5619;15789391;8427;1873;5620
5620;15795011;8430;1873;5621
5621;15800632;6182;2555;5622
5622;15806254;6559;2409;5623
5623;15811877;16869;937;5624
5624;15817501;11246;1406;5625
5625;15823126;5700;2775;5626
5626;15828752;6525;2425;5627
5627;15834379;9599;1649;5628
5628;15840007;6834;2317;5629
5629;15845636;6062;2613;5630
5630;15851266;7319;2165;5631
5631;15856897;8445;1877;5632
5632;15862529;7508;2112;5633
5633;15868162;5764;2752;5634
5634;15873796;13459;1179;5635
5635;15879431;6573;2415;5636
5636;15885067;7045;2254;5637
5637;15890704;8454;1879;5638
5638;15896342;8457;1879;5639
5639;15901981;15896341;1;5640
5640;15907621;11278;1410;5641
5641;15913262;11282;1410;5642
5642;15918904;39487;403;5643
5643;15924547;5859;2717;5644
5644;15930191;5814;2739;5645
5645;15935836;7055;2258;5646
5646;15941482;14115;1129;5647
5647;15947129;16941;941;5648
5648;15952777;11294;1412;5649
5649;15958426;6456;2471;5650
5650;15964076;6725;2373;5651
5651;15969727;28255;565;5652
5652;15975379;11302;1413;5653
5653;15981032;11306;1413;5654
5654;15986686;62183;257;5655
5655;15992341;7453;2145;5656
5656;15997997;5858;2730;5657
5657;16003654;11314;1414;5658
5658;16009312;16971;943;5659
5659;16014971;16977;943;5660
5660;16020631;11318;1415;5661
5661;16026292;6290;2547;5662
5662;16031954;6327;2533;5663
5663;16037617;15371;1043;5664
5664;16043281;6472;2478;5665
5665;16048946;6077;2640;5666
5666;16054612;14165;1133;5667
5667;16060279;8499;1889;5668
5668;16065947;8502;1889;5669
5669;16071616;11338;1417;5670
5670;16077286;17007;945;5671
5671;16082957;6741;2385;5672
5672;16088629;11342;1418;5673
5673;16094302;7564;2127;5674
5674;16099976;8511;1891;5675
5675;16105651;14185;1135;5676
5676;16111327;6450;2497;5677
5677;16117004;6622;2433;5678
5678;16122682;13787;1169;5679
5679;16128361;8517;1893;5680
5680;16134041;6310;2556;5681
5681;16139722;5980;2698;5682
5682;16145404;12311;1311;5683
5683;16151087;17049;947;5684
5684;16156771;11366;1421;5685
5685;16162456;6090;2653;5686
5686;16168142;8529;1895;5687
5687;16173829;31273;517;5688
5688;16179517;6204;2607;5689
5689;16185206;11378;1422;5690
5690;16190896;28445;569;5691
5691;16196587;8535;1897;5692
5692;16202279;8538;1897;5693
5693;16207972;11386;1423;5694
5694;16213666;17079;949;5695
5695;16219361;6205;2613;5696
5696;16225057;5963;2720;5697
5697;16230754;6408;2532;5698
5698;16236452;6963;2331;5699
5699;16242151;10619;1529;5700
5700;16247851;6150;2641;5701
5701;16253552;11402;1425;5702
5702;16259254;16253551;1;5703
5703;16264957;8553;1901;5704
5704;16270661;7604;2139;5705
5705;16276366;7130;2282;5706
5706;16282072;6657;2445;5707
5707;16287779;12363;1317;5708
5708;16293487;11414;1427;5709
5709;16299196;8562;1903;5710
5710;16304906;6281;2595;5711
5711;16310617;28555;571;5712
5712;16316329;11422;1428;5713
5713;16322042;5916;2758;5714
5714;16327756;82853;197;5715
5715;16333471;8571;1905;5716
5716;16339187;7145;2286;5717
5717;16344904;11434;1429;5718
5718;16350622;17151;953;5719
5719;16356341;6671;2451;5720
5720;16362061;5852;2795;5721
5721;16367782;7628;2145;5722
5722;16373504;8583;1907;5723
5723;16379227;168799;97;5724
5724;16384951;6254;2619;5725
5725;16390676;6183;2650;5726
5726;16396402;8015;2045;5727
5727;16402129;8589;1909;5728
5728;16407857;7636;2148;5729
5729;16413586;6086;2696;5730
5730;16419316;9741;1685;5731
5731;16425047;6303;2605;5732
5732;16430779;11462;1433;5733
5733;16436512;8598;1911;5734
5734;16442246;6909;2379;5735
5735;16447981;7285;2257;5736
5736;16453717;6882;2390;5737
5737;16459454;11474;1434;5738
5738;16465192;109003;151;5739
5739;16470931;8607;1913;5740
5740;16476671;8610;1913;5741
5741;16482412;11482;1435;5742
5742;16488154;17223;957;5743
5743;16493897;17229;957;5744
5744;16499641;11486;1436;5745
5745;16505386;7180;2298;5746
5746;16511132;6511;2535;5747
5747;16516879;10673;1547;5748
5748;16522627;6706;2463;5749
5749;16528376;11498;1437;5750
5750;16534126;28745;575;5751
5751;16539877;8165;2025;5752
5752;16545629;6471;2556;5753
5753;16551382;7909;2092;5754
5754;16557136;10549;1569;5755
5755;16562891;8057;2055;5756
5756;16568647;7195;2302;5757
5757;16574404;8634;1919;5758
5758;16580162;8637;1919;5759
5759;16585921;37427;443;5760
5760;16591681;6240;2658;5761
5761;16597442;6584;2520;5762
5762;16603204;20167;823;5763
5763;16608967;7571;2193;5764
5764;16614731;6681;2486;5765
5765;16620496;7205;2306;5766
5766;16626262;14415;1153;5767
5767;16632029;6789;2449;5768
5768;16637797;7519;2212;5769
5769;16643566;6489;2564;5770
5770;16649336;8655;1923;5771
5771;16655107;16733;995;5772
5772;16660879;6438;2587;5773
5773;16666652;6526;2553;5774
5774;16672426;66401;251;5775
5775;16678201;8661;1925;5776
5776;16683977;5852;2850;5777
5777;16689754;8056;2071;5778
5778;16695532;11663;1431;5779
5779;16701311;17337;963;5780
5780;16707091;11558;1445;5781
5781;16712872;6970;2397;5782
5782;16718654;6027;2773;5783
5783;16724437;40481;413;5784
5784;16730221;11566;1446;5785
5785;16736006;6266;2670;5786
5786;16741792;12727;1315;5787
5787;16747579;7073;2367;5788
5788;16753367;8682;1929;5789
5789;16759156;10129;1654;5790
5790;16764946;6755;2481;5791
5791;16770737;17373;965;5792
5792;16776529;11582;1448;5793
5793;16782322;7724;2172;5794
5794;16788116;8691;1931;5795
5795;16793911;14485;1159;5796
5796;16799707;5985;2806;5797
5797;16805504;6138;2737;5798
5798;16811302;6851;2453;5799
5799;16817101;8697;1933;5800
5800;16822901;7732;2175;5801
5801;16828702;11602;1450;5802
5802;16834504;17403;967;5803
5803;16840307;6769;2487;5804
5804;16846111;10157;1658;5805
5805;16851916;7255;2322;5806
5806;16857722;8709;1935;5807
5807;16863529;16857721;1;5808
5808;16869337;11614;1452;5809
5809;16875146;6908;2442;5810
5810;16880956;13031;1295;5811
5811;16886767;7553;2235;5812
5812;16892579;8718;1937;5813
5813;16898392;11626;1453;5814
5814;16904206;17439;969;5815
5815;16910021;10467;1615;5816
5816;16915837;7270;2326;5817
5817;16921654;7756;2181;5818
5818;16927472;8727;1939;5819
5819;16933291;31999;529;5820
5820;16939111;6402;2645;5821
5821;16944932;11642;1455;5822
5822;16950754;238661;71;5823
5823;16956577;8733;1941;5824
5824;16962401;6552;2588;5825
5825;16968226;6058;2800;5826
5826;16974052;14565;1165;5827
5827;16979879;17481;971;5828
5828;16985707;11654;1457;5829
5829;16991536;6231;2726;5830
5830;16997366;7685;2211;5831
5831;17003197;6307;2695;5832
5832;17009029;6174;2754;5833
5833;17014862;6156;2763;5834
5834;17020696;55423;307;5835
5835;17026531;8751;1945;5836
5836;17032367;7295;2334;5837
5837;17038204;11674;1459;5838
5838;17044042;9429;1807;5839
5839;17049881;17517;973;5840
5840;17055721;11678;1460;5841
5841;17061562;6424;2655;5842
5842;17067404;7493;2277;5843
5843;17073247;134389;127;5844
5844;17079091;11686;1461;5845
5845;17084936;6818;2505;5846
5846;17090782;6179;2765;5847
5847;17096629;8769;1949;5848
5848;17102477;7796;2193;5849
5849;17108326;11698;1462;5850
5850;17114176;17547;975;5851
5851;17120027;17553;975;5852
5852;17125879;11702;1463;5853
5853;17131732;8778;1951;5854
5854;17137586;8781;1951;5855
5855;17143441;14635;1171;5856
5856;17149297;7026;2440;5857
5857;17155154;11714;1464;5858
5858;17161012;169853;101;5859
5859;17166871;6293;2727;5860
5860;17172731;6153;2790;5861
5861;17178592;11722;1465;5862
5862;17184454;17583;977;5863
5863;17190317;10747;1599;5864
5864;17196181;8063;2132;5865
5865;17202046;7330;2346;5866
5866;17207912;6285;2737;5867
5867;17213779;41069;419;5868
5868;17219647;11734;1467;5869
5869;17225516;11738;1467;5870
5870;17231386;29345;587;5871
5871;17237257;8805;1957;5872
5872;17243129;6973;2472;5873
5873;17249002;6712;2569;5874
5874;17254876;6853;2517;5875
5875;17260751;6675;2585;5876
5876;17266627;6110;2825;5877
5877;17272504;8489;2034;5878
5878;17278382;8817;1959;5879
5879;17284261;17278381;1;5880
5880;17290141;11758;1470;5881
5881;17296022;11762;1470;5882
5882;17301904;99977;173;5883
5883;17307787;6401;2703;5884
5884;17313671;8826;1961;5885
5885;17319556;7355;2354;5886
5886;17325442;5995;2889;5887
5887;17331329;6867;2523;5888
5888;17337217;6496;2668;5889
5889;17343106;6946;2496;5890
5890;17348996;6045;2869;5891
5891;17354887;6665;2603;5892
5892;17360779;11782;1473;5893
5893;17366672;11786;1473;5894
5894;17372566;29891;581;5895
5895;17378461;6315;2751;5896
5896;17384357;6030;2882;5897
5897;17390254;11794;1474;5898
5898;17396152;17691;983;5899
5899;17402051;16711;1041;5900
5900;17407951;8675;2006;5901
5901;17413852;6195;2810;5902
5902;17419754;8853;1967;5903
5903;17425657;76739;227;5904
5904;17431561;11806;1476;5905
5905;17437466;7086;2460;5906
5906;17443372;14765;1181;5907
5907;17449279;8859;1969;5908
5908;17455187;6963;2506;5909
5909;17461096;8018;2177;5910
5910;17467006;11229;1555;5911
5911;17472917;13593;1285;5912
5912;17478829;11822;1478;5913
5913;17484742;6651;2628;5914
5914;17490656;8871;1971;5915
5915;17496571;14785;1183;5916
5916;17502487;6090;2873;5917
5917;17508404;6222;2813;5918
5918;17514322;16409;1067;5919
5919;17520241;8877;1973;5920
5920;17526161;7892;2220;5921
5921;17532082;7067;2480;5922
5922;17538004;8977;1953;5923
5923;17543927;17769;987;5924
5924;17549851;11846;1481;5925
5925;17555776;7405;2370;5926
5926;17561702;8889;1975;5927
5927;17567629;17561701;1;5928
5928;17573557;11854;1482;5929
5929;17579486;6006;2926;5930
5930;17585416;6523;2695;5931
5931;17591347;8895;1977;5932
5932;17597279;8898;1977;5933
5933;17603212;11866;1483;5934
5934;17609146;8027;2193;5935
5935;17615081;14835;1187;5936
5936;17621017;7420;2374;5937
5937;17626954;7916;2226;5938
5938;17632892;8907;1979;5939
5939;17638831;17632891;1;5940
5940;17644771;11878;1485;5941
5941;17650712;6435;2742;5942
5942;17656654;38623;457;5943
5943;17662597;8913;1981;5944
5944;17668541;7924;2229;5945
5945;17674486;7430;2378;5946
5946;17680432;14865;1189;5947
5947;17686379;17841;991;5948
5948;17692327;11894;1487;5949
5949;17698276;8922;1983;5950
5950;17704226;8925;1983;5951
5951;17710177;6545;2705;5952
5952;17716129;6492;2728;5953
5953;17722082;11906;1488;5954
5954;17728036;77389;229;5955
5955;17733991;8931;1985;5956
5956;17739947;7445;2382;5957
5957;17745904;10423;1702;5958
5958;17751862;6951;2553;5959
5959;17757821;17877;993;5960
5960;17763781;8791;2020;5961
5961;17769742;7948;2235;5962
5962;17775704;8943;1987;5963
5963;17781667;18157;979;5964
5964;17787631;6319;2814;5965
5965;17793596;7158;2485;5966
5966;17799562;14915;1193;5967
5967;17805529;6123;2907;5968
5968;17811497;6341;2808;5969
5969;17817466;11938;1492;5970
5970;17823436;9353;1905;5971
5971;17829407;6965;2559;5972
5972;17835379;10451;1706;5973
5973;17841352;8958;1991;5974
5974;17847326;8961;1991;5975
5975;17853301;6931;2575;5976
5976;17859277;6225;2868;5977
5977;17865254;7138;2502;5978
5978;17871232;6811;2623;5979
5979;17877211;8967;1993;5980
5980;17883191;8970;1993;5981
5981;17889172;11962;1495;5982
5982;17895154;17943;997;5983
5983;17901137;17949;997;5984
5984;17907121;6562;2728;5985
5985;17913106;6120;2926;5986
5986;17919092;6935;2583;5987
5987;17925079;245467;73;5988
5988;17931067;11974;1497;5989
5989;17937056;11978;1497;5990
5990;17943046;29945;599;5991
5991;17949037;8985;1997;5992
5992;17955029;7988;2247;5993
5993;17961022;6454;2782;5994
5994;17967016;12447;1443;5995
5995;17973011;6105;2943;5996
5996;17979007;7495;2398;5997
5997;17985004;8994;1999;5998
5998;17991002;8997;1999;5999
5999;17997001;20993;857;6000
6000;18003001;6856;2625;6001
6001;18009002;6375;2824;6002
6002;18015004;51017;353;6003
6003;18021007;9003;2001;6004
6004;18027011;6873;2622;6005
6005;18033016;7505;2402;6006
6006;18039022;8407;2145;6007
6007;18045029;18021;1001;6008
6008;18051037;12014;1502;6009
6009;18057046;8012;2253;6010
6010;18063056;9015;2003;6011
6011;18069067;30055;601;6012
6012;18075079;12022;1503;6013
6013;18081092;7014;2577;6014
6014;18087106;21049;859;6015
6015;18093121;9021;2005;6016
6016;18099137;6416;2820;6017
6017;18105154;8272;2188;6018
6018;18111172;9299;1947;6019
6019;18117191;7871;2301;6020
6020;18123211;6482;2795;6021
6021;18129232;6690;2709;6022
6022;18135254;9033;2007;6023
6023;18141277;57209;317;6024
6024;18147301;9538;1902;6025
6025;18153326;6275;2892;6026
6026;18159352;15065;1205;6027
6027;18165379;6419;2829;6028
6028;18171407;6314;2877;6029
6029;18177436;12058;1507;6030
6030;18183466;18087;1005;6031
6031;18189497;7335;2479;6032
6032;18195529;8476;2146;6033
6033;18201562;8044;2262;6034
6034;18207596;9051;2011;6035
6035;18213631;7327;2485;6036
6036;18219667;7242;2515;6037
6037;18225704;12074;1509;6038
6038;18231742;18225703;1;6039
6039;18237781;9057;2013;6040
6040;18243821;6644;2745;6041
6041;18249862;8630;2114;6042
6042;18255904;7049;2589;6043
6043;18261947;18129;1007;6044
6044;18267991;12086;1511;6045
6045;18274036;7555;2418;6046
6046;18280082;9069;2015;6047
6047;18286129;18280081;1;6048
6048;18292177;12094;1512;6049
6049;18298226;6312;2898;6050
6050;18304276;6325;2893;6051
6051;18310327;9075;2017;6052
6052;18316379;9078;2017;6053
6053;18322432;12106;1513;6054
6054;18328486;18159;1009;6055
6055;18334541;7063;2595;6056
6056;18340597;7570;2422;6057
6057;18346654;6813;2692;6058
6058;18352712;8749;2097;6059
6059;18358771;17009;1079;6060
6060;18364831;7373;2490;6061
6061;18370892;6270;2929;6062
6062;18376954;8227;2233;6063
6063;18383017;9093;2021;6064
6064;18389081;8084;2274;6065
6065;18395146;7580;2426;6066
6066;18401212;10917;1685;6067
6067;18407279;18201;1011;6068
6068;18413347;12134;1517;6069
6069;18419416;8806;2091;6070
6070;18425486;9105;2023;6071
6071;18431557;7891;2335;6072
6072;18437629;6578;2802;6073
6073;18443702;12146;1518;6074
6074;18449776;18443701;1;6075
6075;18455851;9111;2025;6076
6076;18461927;6510;2835;6077
6077;18468004;6386;2891;6078
6078;18474082;18231;1013;6079
6079;18480161;18237;1013;6080
6080;18486241;12158;1520;6081
6081;18492322;8108;2280;6082
6082;18498404;9123;2027;6083
6083;18504487;21287;869;6084
6084;18510571;6162;3003;6085
6085;18516656;7302;2535;6086
6086;18522742;15215;1217;6087
6087;18528829;9129;2029;6088
6088;18534917;8116;2283;6089
6089;18541006;12178;1522;6090
6090;18547096;18267;1015;6091
6091;18553187;18273;1015;6092
6092;18559279;12182;1523;6093
6093;18565372;9138;2031;6094
6094;18571466;7447;2493;6095
6095;18577561;6371;2915;6096
6096;18583657;6360;2921;6097
6097;18589754;6604;2814;6098
6098;18595852;21343;871;6099
6099;18601951;9147;2033;6100
6100;18608051;6527;2850;6101
6101;18614152;12202;1525;6102
6102;18620254;18303;1017;6103
6103;18626357;9693;1921;6104
6104;18632461;7412;2513;6105
6105;18638566;6540;2849;6106
6106;18644672;7095;2627;6107
6107;18650779;8471;2201;6108
6108;18656887;12214;1527;6109
6109;18662996;12218;1527;6110
6110;18669106;7003;2665;6111
6111;18675217;6305;2961;6112
6112;18681329;6876;2716;6113
6113;18687442;12226;1528;6114
6114;18693556;18339;1019;6115
6115;18699671;15285;1223;6116
6116;18705787;7645;2446;6117
6117;18711904;9174;2039;6118
6118;18718022;9177;2039;6119
6119;18724141;12673;1477;6120
6120;18730261;6330;2958;6121
6121;18736382;12242;1530;6122
6122;18742504;18736381;1;6123
6123;18748627;9183;2041;6124
6124;18754751;9186;2041;6125
6125;18760876;7655;2450;6126
6126;18767002;7147;2625;6127
6127;18773129;11231;1671;6128
6128;18779257;8426;2228;6129
6129;18785386;6894;2724;6130
6130;18791516;9195;2043;6131
6131;18797647;30655;613;6132
6132;18803779;12262;1533;6133
6133;18809912;12266;1533;6134
6134;18816046;18809911;1;6135
6135;18822181;9201;2045;6136
6136;18828317;7670;2454;6137
6137;18834454;8398;2242;6138
6138;18840592;6479;2907;6139
6139;18846731;7161;2631;6140
6140;18852871;8770;2149;6141
6141;18859012;7061;2670;6142
6142;18865154;7387;2553;6143
6143;18871297;227291;83;6144
6144;18877441;12286;1536;6145
6145;18883586;7374;2560;6146
6146;18889732;8603;2195;6147
6147;18895879;9219;2049;6148
6148;18902027;9222;2049;6149
6149;18908176;7579;2494;6150
6150;18914326;6765;2795;6151
6151;18920477;18453;1025;6152
6152;18926629;12302;1538;6153
6153;18932782;8204;2307;6154
6154;18938936;9231;2051;6155
6155;18945091;15385;1231;6156
6156;18951247;7386;2565;6157
6157;18957404;7074;2679;6158
6158;18963562;144713;131;6159
6159;18969721;9237;2053;6160
6160;18975881;8212;2310;6161
6161;18982042;6710;2828;6162
6162;18988204;7979;2379;6163
6163;18994367;18489;1027;6164
6164;19000531;12326;1541;6165
6165;19006696;6302;3015;6166
6166;19012862;9249;2055;6167
6167;19019029;21581;881;6168
6168;19025197;7196;2643;6169
6169;19031366;7967;2388;6170
6170;19037536;19127;995;6171
6171;19043707;6787;2805;6172
6172;19049879;9258;2057;6173
6173;19056052;12346;1543;6174
6174;19062226;18519;1029;6175
6175;19068401;6517;2925;6176
6176;19074577;7334;2600;6177
6177;19080754;8236;2316;6178
6178;19086932;9267;2059;6179
6179;19093111;114293;167;6180
6180;19099291;7622;2505;6181
6181;19105472;7210;2649;6182
6182;19111654;9713;1967;6183
6183;19117837;7557;2529;6184
6184;19124021;6957;2748;6185
6185;19130206;7730;2474;6186
6186;19136392;15465;1237;6187
6187;19142579;18561;1031;6188
6188;19148767;6994;2737;6189
6189;19154956;9282;2063;6190
6190;19161146;9285;2063;6191
6191;19167337;25379;755;6192
6192;19173529;6493;2952;6193
6193;19179722;6756;2838;6194
6194;19185916;10697;1793;6195
6195;19192111;7847;2445;6196
6196;19198307;7745;2478;6197
6197;19204504;12394;1549;6198
6198;19210702;18591;1033;6199
6199;19216901;18597;1033;6200
6200;19223101;12398;1550;6201
6201;19229302;6572;2925;6202
6202;19235504;9303;2067;6203
6203;19241707;43421;443;6204
6204;19247911;12406;1551;6205
6205;19254116;6862;2805;6206
6206;19260322;7811;2465;6207
6207;19266529;9309;2069;6208
6208;19272737;8276;2328;6209
6209;19278946;7096;2716;6210
6210;19285156;7245;2661;6211
6211;19291367;18633;1035;6212
6212;19297579;12422;1553;6213
6213;19303792;9318;2071;6214
6214;19310006;9321;2071;6215
6215;19316221;7345;2629;6216
6216;19322437;6780;2849;6217
6217;19328654;12434;1554;6218
6218;19334872;19328653;1;6219
6219;19341091;9327;2073;6220
6220;19347311;6910;2799;6221
6221;19353532;12442;1555;6222
6222;19359754;18663;1037;6223
6223;19365977;6477;2989;6224
6224;19372201;7112;2723;6225
6225;19378426;7780;2490;6226
6226;19384652;7075;2739;6227
6227;19390879;40469;479;6228
6228;19397107;6747;2874;6229
6229;19403336;12458;1557;6230
6230;19409566;31145;623;6231
6231;19415797;7035;2759;6232
6232;19422029;7068;2747;6233
6233;19428262;10298;1886;6234
6234;19434496;18699;1039;6235
6235;19440731;15585;1247;6236
6236;19446967;7795;2494;6237
6237;19453204;9354;2079;6238
6238;19459442;9357;2079;6239
6239;19465681;53023;367;6240
6240;19471921;6630;2936;6241
6241;19478162;6320;3081;6242
6242;19484404;246559;79;6243
6243;19490647;9363;2081;6244
6244;19496891;9366;2081;6245
6245;19503136;7805;2498;6246
6246;19509382;11241;1735;6247
6247;19515629;18741;1041;6248
6248;19521877;12494;1562;6249
6249;19528126;8332;2343;6250
6250;19534376;9375;2083;6251
6251;19540627;8225;2375;6252
6252;19546879;7294;2679;6253
6253;19553132;6773;2886;6254
6254;19559386;8957;2183;6255
6255;19565641;7367;2655;6256
6256;19571897;6394;3060;6257
6257;19578154;12514;1564;6258
6258;19584412;18771;1043;6259
6259;19590671;11473;1707;6260
6260;19596931;6886;2845;6261
6261;19603192;9390;2087;6262
6262;19609454;9393;2087;6263
6263;19615717;194153;101;6264
6264;19621981;12526;1566;6265
6265;19628246;6444;3045;6266
6266;19634512;8435;2327;6267
6267;19640779;9399;2089;6268
6268;19647047;9402;2089;6269
6269;19653316;12538;1567;6270
6270;19659586;18807;1045;6271
6271;19665857;18813;1045;6272
6272;19672129;12542;1568;6273
6273;19678402;6664;2952;6274
6274;19684676;9411;2091;6275
6275;19690951;15685;1255;6276
6276;19697227;7530;2615;6277
6277;19703504;12554;1569;6278
6278;19709782;269911;73;6279
6279;19716061;6643;2967;6280
6280;19722341;6594;2990;6281
6281;19728622;6908;2855;6282
6282;19734904;11517;1713;6283
6283;19741187;18849;1047;6284
6284;19747471;12566;1571;6285
6285;19753756;7855;2514;6286
6286;19760042;6735;2933;6287
6287;19766329;44009;449;6288
6288;19772617;12574;1572;6289
6289;19778906;7467;2648;6290
6290;19785196;11951;1655;6291
6291;19791487;8621;2295;6292
6292;19797779;6534;3029;6293
6293;19804072;7018;2821;6294
6294;19810366;7343;2697;6295
6295;19816661;15735;1259;6296
6296;19822957;7870;2518;6297
6297;19829254;8396;2361;6298
6298;19835552;9447;2099;6299
6299;19841851;296053;67;6300
6300;19848151;12598;1575;6301
6301;19854452;12602;1575;6302
6302;19860754;144923;137;6303
6303;19867057;9453;2101;6304
6304;19873361;6501;3056;6305
6305;19879666;7760;2561;6306
6306;19885972;13663;1455;6307
6307;19892279;7357;2703;6308
6308;19898587;7049;2822;6309
6309;19904896;9462;2103;6310
6310;19911206;9465;2103;6311
6311;19917517;31555;631;6312
6312;19923829;12622;1578;6313
6313;19930142;12626;1578;6314
6314;19936456;8239;2419;6315
6315;19942771;6765;2947;6316
6316;19949087;7895;2526;6317
6317;19955404;12634;1579;6318
6318;19961722;18951;1053;6319
6319;19968041;7209;2769;6320
6320;19974361;7031;2840;6321
6321;19980682;6636;3010;6322
6322;19987004;8729;2289;6323
6323;19993327;183367;109;6324
6324;19999651;12646;1581;6325
6325;20005976;7130;2805;6326
6326;20012302;15815;1265;6327
6327;20018629;9489;2109;6328
6328;20024957;6441;3108;6329
6329;20031286;12658;1582;6330
6330;20037616;18987;1055;6331
6331;20043947;7305;2743;6332
6332;20050279;12662;1583;6333
6333;20056612;9498;2111;6334
6334;20062946;9501;2111;6335
6335;20069281;15835;1267;6336
6336;20075617;6516;3080;6337
6337;20081954;12674;1584;6338
6338;20088292;20081953;1;6339
6339;20094631;9507;2113;6340
6340;20100971;9510;2113;6341
6341;20107312;10778;1865;6342
6342;20113654;7701;2611;6343
6343;20119997;19029;1057;6344
6344;20126341;12686;1586;6345
6345;20132686;6588;3055;6346
6346;20139032;7515;2679;6347
6347;20145379;10963;1837;6348
6348;20151727;11638;1731;6349
6349;20158076;7406;2721;6350
6350;20164426;22225;907;6351
6351;20170777;9271;2175;6352
6352;20177129;8468;2382;6353
6353;20183482;12706;1588;6354
6354;20189836;19059;1059;6355
6355;20196191;10943;1845;6356
6356;20202547;7037;2870;6357
6357;20208904;6846;2951;6358
6358;20215262;7293;2771;6359
6359;20221621;69949;289;6360
6360;20227981;12718;1590;6361
6361;20234342;12722;1590;6362
6362;20240704;20234341;1;6363
6363;20247067;9543;2121;6364
6364;20253431;7474;2709;6365
6365;20259796;7030;2881;6366
6366;20266162;15915;1273;6367
6367;20272529;19101;1061;6368
6368;20278897;12734;1592;6369
6369;20285266;6567;3088;6370
6370;20291636;6755;3003;6371
6371;20298007;9695;2093;6372
6372;20304379;7479;2714;6373
6373;20310752;12746;1593;6374
6374;20317126;20310751;1;6375
6375;20323501;9561;2125;6376
6376;20329877;7970;2550;6377
6377;20336254;11158;1822;6378
6378;20342632;7441;2733;6379
6379;20349011;19137;1063;6380
6380;20355391;12758;1595;6381
6381;20361772;7090;2871;6382
6382;20368154;9573;2127;6383
6383;20374537;41483;491;6384
6384;20380921;6874;2964;6385
6385;20387306;7662;2660;6386
6386;20393692;15965;1277;6387
6387;20400079;9579;2129;6388
6388;20406467;9582;2129;6389
6389;20412856;12778;1597;6390
6390;20419246;19167;1065;6391
6391;20425637;7029;2905;6392
6392;20432029;7238;2822;6393
6393;20438422;8524;2397;6394
6394;20444816;9591;2131;6395
6395;20451211;15985;1279;6396
6396;20457607;7674;2665;6397
6397;20464004;12794;1599;6398
6398;20470402;44779;457;6399
6399;20476801;9597;2133;6400
6400;20483201;6480;3160;6401
6401;20489602;6920;2960;6402
6402;20496004;10767;1903;6403
6403;20502407;11121;1843;6404
6404;20508811;12806;1601;6405
6405;20515216;8005;2562;6406
6406;20521622;9609;2135;6407
6407;20528029;137729;149;6408
6408;20534437;7654;2682;6409
6409;20540846;6786;3026;6410
6410;20547256;8333;2465;6411
6411;20553667;9615;2137;6412
6412;20560079;9618;2137;6413
6413;20566492;8162;2519;6414
6414;20572906;11759;1749;6415
6415;20579321;16035;1283;6416
6416;20585737;8020;2566;6417
6417;20592154;7218;2852;6418
6418;20598572;9627;2139;6419
6419;20604991;22463;917;6420
6420;20611411;7490;2751;6421
6421;20617832;12842;1605;6422
6422;20624254;83473;247;6423
6423;20630677;9633;2141;6424
6424;20637101;8564;2409;6425
6425;20643526;7300;2827;6426
6426;20649952;6939;2975;6427
6427;20656379;19281;1071;6428
6428;20662807;12854;1607;6429
6429;20669236;9642;2143;6430
6430;20675666;9645;2143;6431
6431;20682097;32155;643;6432
6432;20688529;7303;2832;6433
6433;20694962;7352;2814;6434
6434;20701396;22519;919;6435
6435;20707831;9651;2145;6436
6436;20714267;8045;2574;6437
6437;20720704;12874;1609;6438
6438;20727142;13659;1517;6439
6439;20733581;11919;1739;6440
6440;20740021;6580;3151;6441
6441;20746462;6555;3164;6442
6442;20752904;9663;2147;6443
6443;20759347;54757;379;6444
6444;20765791;6822;3043;6445
6445;20772236;7734;2685;6446
6446;20778682;14179;1465;6447
6447;20785129;9669;2149;6448
6448;20791577;7368;2821;6449
6449;20798026;12898;1612;6450
6450;20804476;19347;1075;6451
6451;20810927;19353;1075;6452
6452;20817379;12902;1613;6453
6453;20823832;9678;2151;6454
6454;20830286;9681;2151;6455
6455;20836741;9037;2305;6456
6456;20843197;7746;2690;6457
6457;20849654;7044;2959;6458
6458;20856112;35519;587;6459
6459;20862571;9687;2153;6460
6460;20869031;9690;2153;6461
6461;20875492;6745;3094;6462
6462;20881954;7539;2769;6463
6463;20888417;8257;2529;6464
6464;20894881;8992;2323;6465
6465;20901346;6896;3030;6466
6466;20907812;9699;2155;6467
6467;20914279;11819;1769;6468
6468;20920747;6699;3122;6469
6469;20927216;12938;1617;6470
6470;20933686;32345;647;6471
6471;20940157;9705;2157;6472
6472;20946629;7281;2876;6473
6473;20953102;12946;1618;6474
6474;20959576;19419;1079;6475
6475;20966051;6825;3071;6476
6476;20972527;8095;2590;6477
6477;20979004;9714;2159;6478
6478;20985482;9717;2159;6479
6479;20991961;8569;2449;6480
6480;20998441;6696;3135;6481
6481;21004922;12962;1620;6482
6482;21011404;45367;463;6483
6483;21017887;9723;2161;6484
6484;21024371;9726;2161;6485
6485;21030856;8105;2594;6486
6486;21037342;16215;1297;6487
6487;21043829;11477;1833;6488
6488;21050317;10543;1996;6489
6489;21056806;7299;2884;6490
6490;21063296;7931;2655;6491
6491;21069787;32455;649;6492
6492;21076279;12982;1623;6493
6493;21082772;12986;1623;6494
6494;21089266;8213;2567;6495
6495;21095761;7361;2865;6496
6496;21102257;6928;3045;6497
6497;21108754;8176;2581;6498
6498;21115252;12483;1691;6499
6499;21121751;11457;1843;6500
6500;21128251;8375;2522;6501
6501;21134752;7150;2955;6502
6502;21141254;9753;2167;6503
6503;21147757;22757;929;6504
6504;21154261;7588;2787;6505
6505;21160766;7806;2710;6506
6506;21167272;16265;1301;6507
6507;21173779;9759;2169;6508
6508;21180287;9762;2169;6509
6509;21186796;13018;1627;6510
6510;21193306;8773;2415;6511
6511;21199817;7905;2681;6512
6512;21206329;6919;3064;6513
6513;21212842;7348;2886;6514
6514;21219356;9771;2171;6515
6515;21225871;16285;1303;6516
6516;21232387;7818;2715;6517
6517;21238904;6878;3087;6518
6518;21245422;22813;931;6519
6519;21251941;9777;2173;6520
6520;21258461;6683;3180;6521
6521;21264982;13042;1630;6522
6522;21271504;19563;1087;6523
6523;21278027;11957;1779;6524
6524;21284551;8302;2563;6525
6525;21291076;6757;3150;6526
6526;21297602;7279;2925;6527
6527;21304129;15311;1391;6528
6528;21310657;6848;3111;6529
6529;21317186;13058;1632;6530
6530;21323716;32645;653;6531
6531;21330247;9795;2177;6532
6532;21336779;7153;2982;6533
6533;21343312;6674;3197;6534
6534;21349846;13761;1551;6535
6535;21356381;11763;1815;6536
6536;21362917;8170;2614;6537
6537;21369454;8716;2451;6538
6538;21375992;9807;2179;6539
6539;21382531;42497;503;6540
6540;21389071;7085;3018;6541
6541;21395612;6758;3165;6542
6542;21402154;101401;211;6543
6543;21408697;9813;2181;6544
6544;21415241;7362;2908;6545
6545;21421786;6953;3080;6546
6546;21428332;7637;2805;6547
6547;21434879;19641;1091;6548
6548;21441427;13094;1637;6549
6549;21447976;9822;2183;6550
6550;21454526;7729;2775;6551
6551;21461077;32755;655;6552
6552;21467629;13102;1638;6553
6553;21474182;13106;1638;6554
6554;21480736;190037;113;6555
6555;21487291;7797;2755;6556
6556;21493847;6854;3135;6557
6557;21500404;11771;1826;6558
6558;21506962;19671;1093;6559
6559;21513521;7651;2811;6560
6560;21520081;7496;2870;6561
6561;21526642;6642;3240;6562
6562;21533204;9843;2187;6563
6563;21539767;111571;193;6564
6564;21546331;13126;1641;6565
6565;21552896;7111;3030;6566
6566;21559462;6767;3185;6567
6567;21566029;9751;2211;6568
6568;21572597;8756;2463;6569
6569;21579166;13138;1642;6570
6570;21585736;19707;1095;6571
6571;21592307;19713;1095;6572
6572;21598879;13142;1643;6573
6573;21605452;9703;2226;6574
6574;21612026;9861;2191;6575
6575;21618601;16435;1315;6576
6576;21625177;6850;3156;6577
6577;21631754;13154;1644;6578
6578;21638332;72347;299;6579
6579;21644911;7293;2967;6580
6580;21651491;7191;3010;6581
6581;21658072;13162;1645;6582
6582;21664654;19743;1097;6583
6583;21671237;19749;1097;6584
6584;21677821;13166;1646;6585
6585;21684406;8230;2634;6586
6586;21690992;9879;2195;6587
6587;21697579;23051;941;6588
6588;21704167;7686;2823;6589
6589;21710756;10782;2013;6590
6590;21717346;7249;2995;6591
6591;21723937;8567;2535;6592
6592;21730529;8034;2704;6593
6593;21737122;7828;2776;6594
6594;21743716;7287;2983;6595
6595;21750311;9233;2355;6596
6596;21756907;8245;2638;6597
6597;21763504;9894;2199;6598
6598;21770102;9897;2199;6599
6599;21776701;21770101;1;6600
6600;21783301;13198;1650;6601
6601;21789902;6765;3220;6602
6602;21796504;23107;943;6603
6603;21803107;9903;2201;6604
6604;21809711;7874;2769;6605
6605;21816316;8255;2642;6606
6606;21822922;11889;1835;6607
6607;21829529;19821;1101;6608
6608;21836137;13214;1652;6609
6609;21842746;8812;2478;6610
6610;21849356;9915;2203;6611
6611;21855967;7271;3005;6612
6612;21862579;11419;1914;6613
6613;21869192;7391;2958;6614
6614;21875806;56219;389;6615
6615;21882421;9921;2205;6616
6616;21889037;7443;2940;6617
6617;21895654;10751;2036;6618
6618;21902272;14339;1527;6619
6619;21908891;19857;1103;6620
6620;21915511;13238;1655;6621
6621;21922132;9930;2207;6622
6622;21928754;9933;2207;6623
6623;21935377;7697;2849;6624
6624;21942001;6808;3222;6625
6625;21948626;6900;3180;6626
6626;21955252;16565;1325;6627
6627;21961879;9939;2209;6628
6628;21968507;9942;2209;6629
6629;21975136;11599;1894;6630
6630;21981766;7735;2841;6631
6631;21988397;12597;1745;6632
6632;21995029;13262;1658;6633
6633;22001662;7461;2948;6634
6634;22008296;7169;3069;6635
6635;22014931;16585;1327;6636
6636;22021567;7962;2765;6637
6637;22028204;13274;1659;6638
6638;22034842;22028203;1;6639
6639;22041481;9957;2213;6640
6640;22048121;8852;2490;6641
6641;22054762;9160;2407;6642
6642;22061404;9389;2349;6643
6643;22068047;7371;2993;6644
6644;22074691;10439;2114;6645
6645;22081336;8305;2658;6646
6646;22087982;9969;2215;6647
6647;22094629;56491;391;6648
6648;22101277;9418;2346;6649
6649;22107926;13298;1662;6650
6650;22114576;8113;2725;6651
6651;22121227;9975;2217;6652
6652;22127879;9978;2217;6653
6653;22134532;13306;1663;6654
6654;22141186;19959;1109;6655
6655;22147841;12199;1815;6656
6656;22154497;7040;3146;6657
6657;22161154;7608;2912;6658
6658;22167812;9987;2219;6659
6659;22174471;22167811;1;6660
6660;22181131;13318;1665;6661
6661;22187792;13322;1665;6662
6662;22194454;22187791;1;6663
6663;22201117;9993;2221;6664
6664;22207781;8884;2499;6665
6665;22214446;7310;3038;6666
6666;22221112;7095;3131;6667
6667;22227779;11413;1947;6668
6668;22234447;13334;1667;6669
6669;22241116;10002;2223;6670
6670;22247786;7163;3105;6671
6671;22254457;21919;1015;6672
6672;22261129;7624;2919;6673
6673;22267802;13346;1668;6674
6674;22274476;313631;71;6675
6675;22281151;10011;2225;6676
6676;22287827;8345;2670;6677
6677;22294504;13354;1669;6678
6678;22301182;12243;1821;6679
6679;22307861;20037;1113;6680
6680;22314541;13358;1670;6681
6681;22321222;7860;2839;6682
6682;22327904;10023;2227;6683
6683;22334587;10537;2119;6684
6684;22341271;13366;1671;6685
6685;22347956;7798;2865;6686
6686;22354642;16715;1337;6687
6687;22361329;10029;2229;6688
6688;22368017;7524;2972;6689
6689;22374706;13378;1672;6690
6690;22381396;20067;1115;6691
6691;22388087;20073;1115;6692
6692;22394779;13382;1673;6693
6693;22401472;10038;2231;6694
6694;22408166;10041;2231;6695
6695;22414861;16735;1339;6696
6696;22421557;7020;3193;6697
6697;22428254;6882;3258;6698
6698;22434952;7289;3077;6699
6699;22441651;10047;2233;6700
6700;22448351;7035;3190;6701
6701;22455052;13402;1675;6702
6702;22461754;20103;1117;6703
6703;22468457;20109;1117;6704
6704;22475161;13406;1676;6705
6705;22481866;7542;2980;6706
6706;22488572;7185;3129;6707
6707;22495279;9101;2471;6708
6708;22501987;9178;2451;6709
6709;22508696;13418;1677;6710
6710;22515406;33545;671;6711
6711;22522117;10065;2237;6712
6712;22528829;8948;2517;6713
6713;22535542;11746;1918;6714
6714;22542256;7833;2877;6715
6715;22548971;12087;1865;6716
6716;22555687;8395;2686;6717
6717;22562404;10074;2239;6718
6718;22569122;10077;2239;6719
6719;22575841;22569121;1;6720
6720;22582561;13438;1680;6721
6721;22589282;6864;3290;6722
6722;22596004;36971;611;6723
6723;22602727;10083;2241;6724
6724;22609451;6806;3321;6725
6725;22616176;8405;2690;6726
6726;22622902;15333;1475;6727
6727;22629629;7847;2883;6728
6728;22636357;11774;1922;6729
6729;22643086;8972;2523;6730
6730;22649816;10095;2243;6731
6731;22656547;33655;673;6732
6732;22663279;8109;2794;6733
6733;22670012;13466;1683;6734
6734;22676746;47131;481;6735
6735;22683481;7215;3143;6736
6736;22690217;8420;2694;6737
6737;22696954;13474;1684;6738
6738;22703692;20211;1123;6739
6739;22710431;20217;1123;6740
6740;22717171;7751;2930;6741
6741;22723912;7077;3210;6742
6742;22730654;10113;2247;6743
6743;22737397;37081;613;6744
6744;22744141;7356;3091;6745
6745;22750886;8094;2810;6746
6746;22757632;16865;1349;6747
6747;22764379;10119;2249;6748
6748;22771127;7266;3133;6749
6749;22777876;8194;2779;6750
6750;22784626;9925;2295;6751
6751;22791377;7065;3225;6752
6752;22798129;9073;2512;6753
6753;22804882;9004;2532;6754
6754;22811636;10131;2251;6755
6755;22818391;10615;2149;6756
6756;22825147;7882;2895;6757
6757;22831904;13514;1689;6758
6758;22838662;7223;3161;6759
6759;22845421;10137;2253;6760
6760;22852181;7510;3042;6761
6761;22858942;13522;1690;6762
6762;22865704;20283;1127;6763
6763;22872467;20289;1127;6764
6764;22879231;13526;1691;6765
6765;22885996;7298;3135;6766
6766;22892762;7667;2985;6767
6767;22899529;13333;1717;6768
6768;22906297;7272;3149;6769
6769;22913066;7736;2961;6770
6770;22919836;23695;967;6771
6771;22926607;10155;2257;6772
6772;22933379;10158;2257;6773
6773;22940152;13546;1693;6774
6774;22946926;14677;1563;6775
6775;22953701;16935;1355;6776
6776;22960477;7588;3025;6777
6777;22967254;7028;3267;6778
6778;22974032;10167;2259;6779
6779;22980811;22974031;1;6780
6780;22987591;13558;1695;6781
6781;22994372;13562;1695;6782
6782;23001154;22994371;1;6783
6783;23007937;10173;2261;6784
6784;23014721;7049;3264;6785
6785;23021506;7360;3127;6786
6786;23028292;6903;3335;6787
6787;23035079;8021;2871;6788
6788;23041867;13574;1697;6789
6789;23048656;10182;2263;6790
6790;23055446;7081;3255;6791
6791;23062237;33955;679;6792
6792;23069029;13582;1698;6793
6793;23075822;13586;1698;6794
6794;23082616;292099;79;6795
6795;23089411;10191;2265;6796
6796;23096207;8495;2718;6797
6797;23103004;11893;1942;6798
6798;23109802;7931;2913;6799
6799;23116601;14729;1569;6800
6800;23123401;8840;2615;6801
6801;23130202;9068;2550;6802
6802;23137004;10203;2267;6803
6803;23143807;129257;179;6804
6804;23150611;13606;1701;6805
6805;23157416;8166;2835;6806
6806;23164222;17015;1361;6807
6807;23171029;10209;2269;6808
6808;23177837;9076;2553;6809
6809;23184646;9361;2476;6810
6810;23191456;7491;3095;6811
6811;23198267;7945;2919;6812
6812;23205079;11921;1946;6813
6813;23211892;9841;2358;6814
6814;23218706;10221;2271;6815
6815;23225521;17035;1363;6816
6816;23232337;6960;3337;6817
6817;23239154;7242;3208;6818
6818;23245972;8279;2807;6819
6819;23252791;10227;2273;6820
6820;23259611;10230;2273;6821
6821;23266432;7898;2945;6822
6822;23273254;7201;3231;6823
6823;23280077;20469;1137;6824
6824;23286901;13646;1706;6825
6825;23293726;8530;2730;6826
6826;23300552;10239;2275;6827
6827;23307379;23300551;1;6828
6828;23314207;13654;1707;6829
6829;23321036;13658;1707;6830
6830;23327866;34145;683;6831
6831;23334697;7513;3105;6832
6832;23341529;7084;3294;6833
6833;23348362;13666;1708;6834
6834;23355196;20499;1139;6835
6835;23362031;17085;1367;6836
6836;23368867;8545;2734;6837
6837;23375704;10254;2279;6838
6838;23382542;10257;2279;6839
6839;23389381;12701;1841;6840
6840;23396221;7980;2931;6841
6841;23403062;13682;1710;6842
6842;23409904;75251;311;6843
6843;23416747;10263;2281;6844
6844;23423591;10266;2281;6845
6845;23430436;8555;2738;6846
6846;23437282;9583;2445;6847
6847;23444129;20049;1169;6848
6848;23450977;8774;2672;6849
6849;23457826;7704;3044;6850
6850;23464676;10275;2283;6851
6851;23471527;8905;2635;6852
6852;23478379;7423;3162;6853
6853;23485232;7994;2937;6854
6854;23492086;11473;2047;6855
6855;23498941;10281;2285;6856
6856;23505797;8570;2742;6857
6857;23512654;13714;1714;6858
6858;23519512;20571;1143;6859
6859;23526371;7239;3249;6860
6860;23533231;9310;2527;6861
6861;23540092;10290;2287;6862
6862;23546954;10293;2287;6863
6863;23553817;322561;73;6864
6864;23560681;13726;1716;6865
6865;23567546;8238;2860;6866
6866;23574412;17165;1373;6867
6867;23581279;10299;2289;6868
6868;23588147;10302;2289;6869
6869;23595016;13738;1717;6870
6870;23601886;20607;1145;6871
6871;23608757;20613;1145;6872
6872;23615629;13742;1718;6873
6873;23622502;9164;2577;6874
6874;23629376;10311;2291;6875
6875;23636251;9625;2455;6876
6876;23643127;8250;2865;6877
6877;23650004;7449;3174;6878
6878;23656882;10051;2353;6879
6879;23663761;10317;2293;6880
6880;23670641;9172;2580;6881
6881;23677522;7864;3010;6882
6882;23684404;8029;2949;6883
6883;23691287;20649;1147;6884
6884;23698171;13766;1721;6885
6885;23705056;8605;2754;6886
6886;23711942;8415;2817;6887
6887;23718829;22223;1067;6888
6888;23725717;7954;2982;6889
6889;23732606;6972;3403;6890
6890;23739496;21995;1079;6891
6891;23746387;10335;2297;6892
6892;23753279;10338;2297;6893
6893;23760172;13786;1723;6894
6894;23767066;20679;1149;6895
6895;23773961;8043;2955;6896
6896;23780857;7880;3017;6897
6897;23787754;8189;2904;6898
6898;23794652;10347;2299;6899
6899;23801551;23794651;1;6900
6900;23808451;13798;1725;6901
6901;23815352;7107;3350;6902
6902;23822254;7973;2987;6903
6903;23829157;7021;3393;6904
6904;23836061;7767;3068;6905
6905;23842966;8630;2762;6906
6906;23849872;17265;1381;6907
6907;23856779;20721;1151;6908
6908;23863687;13814;1727;6909
6909;23870596;7238;3297;6910
6910;23877506;10365;2303;6911
6911;23884417;34555;691;6912
6912;23891329;13822;1728;6913
6913;23898242;7136;3348;6914
6914;23905156;107167;223;6915
6915;23912071;10371;2305;6916
6916;23918987;7410;3227;6917
6917;23925904;13834;1729;6918
6918;23932822;20751;1153;6919
6919;23939741;12683;1887;6920
6920;23946661;7612;3145;6921
6921;23953582;7690;3114;6922
6922;23960504;10383;2307;6923
6923;23967427;24227;989;6924
6924;23974351;8078;2967;6925
6925;23981276;8310;2885;6926
6926;23988202;17315;1385;6927
6927;23995129;10389;2309;6928
6928;24002057;9236;2598;6929
6929;24008986;11258;2132;6930
6930;24015916;7605;3157;6931
6931;24022847;7887;3045;6932
6932;24029779;13862;1733;6933
6933;24036712;10398;2311;6934
6934;24043646;10401;2311;6935
6935;24050581;17335;1387;6936
6936;24057517;7446;3230;6937
6937;24064454;8092;2973;6938
6938;24071392;24283;991;6939
6939;24078331;10407;2313;6940
6940;24085271;7710;3123;6941
6941;24092212;7634;3155;6942
6942;24099154;8203;2937;6943
6943;24106097;11659;2067;6944
6944;24113041;7336;3286;6945
6945;24119986;7408;3255;6946
6946;24126932;10419;2315;6947
6947;24133879;159781;151;6948
6948;24140827;13894;1737;6949
6949;24147776;13898;1737;6950
6950;24154726;34745;695;6951
6951;24161677;8275;2919;6952
6952;24168629;7282;3318;6953
6953;24175582;8998;2686;6954
6954;24182536;7771;3111;6955
6955;24189491;10165;2379;6956
6956;24196447;7918;3055;6957
6957;24203404;10434;2319;6958
6958;24210362;10437;2319;6959
6959;24217321;48713;497;6960
6960;24224281;13918;1740;6961
6961;24231242;13922;1740;6962
6962;24238204;410699;59;6963
6963;24245167;10443;2321;6964
6964;24252131;10446;2321;6965
6965;24259096;8705;2786;6966
6966;24266062;8127;2985;6967
6967;24273029;20901;1161;6968
6968;24279997;13934;1742;6969
6969;24286966;7878;3082;6970
6970;24293936;8585;2829;6971
6971;24300907;34855;697;6972
6972;24307879;13942;1743;6973
6973;24314852;7707;3154;6974
6974;24321826;66253;367;6975
6975;24328801;7925;3069;6976
6976;24335777;7200;3379;6977
6977;24342754;13954;1744;6978
6978;24349732;20931;1163;6979
6979;24356711;8141;2991;6980
6980;24363691;9970;2443;6981
6981;24370672;9074;2685;6982
6982;24377654;10473;2327;6983
6983;24384637;24377653;1;6984
6984;24391621;13966;1746;6985
6985;24398606;7620;3201;6986
6986;24405592;9779;2495;6987
6987;24412579;8483;2877;6988
6988;24419567;10482;2329;6989
6989;24426556;13978;1747;6990
6990;24433546;20271;1205;6991
6991;24440537;20973;1165;6992
6992;24447529;13982;1748;6993
6993;24454522;7182;3404;6994
6994;24461516;7263;3367;6995
6995;24468511;17485;1399;6996
6996;24475507;8394;2915;6997
6997;24482504;13994;1749;6998
6998;24489502;24482503;1;6999
6999;24496501;10497;2333;7000
7000;24503501;9332;2625;7001
7001;24510502;14002;1750;7002
7002;24517504;21003;1167;7003
7003;24524507;18283;1341;7004
7004;24531511;9682;2533;7005
7005;24538516;7939;3090;7006
7006;24545522;10509;2335;7007
7007;24552529;8701;2821;7008
7008;24559537;7154;3432;7009
7009;24566546;7824;3139;7010
7010;24573556;30143;815;7011
7011;24580567;10515;2337;7012
7012;24587579;10518;2337;7013
7013;24594592;14026;1753;7014
7014;24601606;21039;1169;7015
7015;24608621;9821;2505;7016
7016;24615637;8770;2806;7017
7017;24622654;9356;2631;7018
7018;24629672;10527;2339;7019
7019;24636691;77209;319;7020
7020;24643711;14038;1755;7021
7021;24650732;7434;3315;7022
7022;24657754;24577;1003;7023
7023;24664777;10533;2341;7024
7024;24671801;9364;2634;7025
7025;24678826;8780;2810;7026
7026;24685852;17565;1405;7027
7027;24692879;21081;1171;7028
7028;24699907;14054;1757;7029
7029;24706936;8283;2982;7030
7030;24713966;7733;3195;7031
7031;24720997;7505;3293;7032
7032;24728029;14062;1758;7033
7033;24735062;7618;3246;7034
7034;24742096;45721;541;7035
7035;24749131;10551;2345;7036
7036;24756167;8795;2814;7037
7037;24763204;14074;1759;7038
7038;24770242;11577;2139;7039
7039;24777281;21117;1173;7040
7040;24784321;14078;1760;7041
7041;24791362;9388;2640;7042
7042;24798404;10563;2347;7043
7043;24805447;49301;503;7044
7044;24812491;14086;1761;7045
7045;24819536;8454;2935;7046
7046;24826582;17615;1409;7047
7047;24833629;7317;3393;7048
7048;24840677;7929;3132;7049
7049;24847726;12334;2014;7050
7050;24854776;7473;3325;7051
7051;24861827;7755;3205;7052
7052;24868879;14102;1763;7053
7053;24875932;10578;2351;7054
7054;24882986;10581;2351;7055
7055;24890041;17635;1411;7056
7056;24897097;7140;3486;7057
7057;24904154;14114;1764;7058
7058;24911212;24904153;1;7059
7059;24918271;10587;2353;7060
7060;24925331;9178;2715;7061
7061;24932392;8119;3070;7062
7062;24939454;7383;3377;7063
7063;24946517;8239;3027;7064
7064;24953581;12362;2018;7065
7065;24960646;7947;3140;7066
7066;24967712;10599;2355;7067
7067;24974779;130721;191;7068
7068;24981847;7258;3441;7069
7069;24988916;14138;1767;7070
7070;24995986;35345;707;7071
7071;25003057;10605;2357;7072
7072;25010129;9428;2652;7073
7073;25017202;8359;2992;7074
7074;25024276;12969;1929;7075
7075;25031351;7641;3275;7076
7076;25038427;8207;3050;7077
7077;25045504;9773;2562;7078
7078;25052582;10617;2359;7079
7079;25059661;25052581;1;7080
7080;25066741;14158;1770;7081
7081;25073822;8614;2910;7082
7082;25080904;258493;97;7083
7083;25087987;10623;2361;7084
7084;25095071;8657;2898;7085
7085;25102156;7630;3289;7086
7086;25109242;15353;1635;7087
7087;25116329;21261;1181;7088
7088;25123417;8417;2984;7089
7089;25130506;7531;3336;7090
7090;25137596;10635;2363;7091
7091;25144687;24815;1013;7092
7092;25151779;8274;3039;7093
7093;25158872;8077;3114;7094
7094;25165966;145427;173;7095
7095;25173061;10641;2365;7096
7096;25180157;8870;2838;7097
7097;25187254;14194;1774;7098
7098;25194352;7943;3171;7099
7099;25201451;8463;2977;7100
7100;25208551;11005;2290;7101
7101;25215652;7890;3195;7102
7102;25222754;10653;2367;7103
7103;25229857;376459;67;7104
7104;25236961;14206;1776;7105
7105;25244066;7252;3480;7106
7106;25251172;7315;3451;7107
7107;25258279;7429;3399;7108
7108;25265387;10662;2369;7109
7109;25272496;14218;1777;7110
7110;25279606;21327;1185;7111
7111;25286717;8205;3081;7112
7112;25293829;7658;3302;7113
7113;25300942;9484;2667;7114
7114;25308056;10671;2371;7115
7115;25315171;17785;1423;7116
7116;25322287;8538;2965;7117
7117;25329404;13046;1941;7118
7118;25336522;39149;647;7119
7119;25343641;10677;2373;7120
7120;25350761;7476;3390;7121
7121;25357882;14242;1780;7122
7122;25365004;21363;1187;7123
7123;25372127;20179;1257;7124
7124;25379251;10894;2329;7125
7125;25386376;7410;3425;7126
7126;25393502;7635;3325;7127
7127;25400629;49889;509;7128
7128;25407757;14254;1782;7129
7129;25414886;14258;1782;7130
7130;25422016;35645;713;7131
7131;25429147;10695;2377;7132
7132;25436279;10698;2377;7133
7133;25443412;12481;2038;7134
7134;25450546;8323;3057;7135
7135;25457681;17835;1427;7136
7136;25464817;8920;2854;7137
7137;25471954;8028;3172;7138
7138;25479092;7869;3237;7139
7139;25486231;10043;2537;7140
7140;25493371;7854;3245;7141
7141;25500512;7770;3281;7142
7142;25507654;132127;193;7143
7143;25514797;10713;2381;7144
7144;25521941;9524;2679;7145
7145;25529086;8930;2858;7146
7146;25536232;12861;1985;7147
7147;25543379;8337;3063;7148
7148;25550527;12509;2042;7149
7149;25557676;10722;2383;7150
7150;25564826;10725;2383;7151
7151;25571977;35755;715;7152
7152;25579129;14302;1788;7153
7153;25586282;7464;3427;7154
7154;25593436;11753;2177;7155
7155;25600591;7665;3339;7156
7156;25607747;8945;2862;7157
7157;25614904;14314;1789;7158
7158;25622062;20281;1263;7159
7159;25629221;21477;1193;7160
7160;25636381;14318;1790;7161
7161;25643542;7518;3410;7162
7162;25650704;10743;2387;7163
7163;25657867;46553;551;7164
7164;25665031;7562;3393;7165
7165;25672196;8598;2985;7166
7166;25679362;17915;1433;7167
7167;25686529;10749;2389;7168
7168;25693697;9556;2688;7169
7169;25700866;7504;3424;7170
7170;25708036;16013;1605;7171
7171;25715207;16969;1515;7172
7172;25722379;11573;2222;7173
7173;25729552;8767;2934;7174
7174;25736726;10761;2391;7175
7175;25743901;7385;3485;7176
7176;25751077;7462;3450;7177
7177;25758254;14354;1794;7178
7178;25765432;265549;97;7179
7179;25772611;10767;2393;7180
7180;25779791;10770;2393;7181
7181;25786972;14362;1795;7182
7182;25794154;7353;3507;7183
7183;25801337;12407;2079;7184
7184;25808521;9878;2612;7185
7185;25815706;8980;2874;7186
7186;25822892;10779;2395;7187
7187;25830079;25822891;1;7188
7188;25837267;14374;1797;7189
7189;25844456;7787;3318;7190
7190;25851646;9347;2765;7191
7191;25858837;10785;2397;7192
7192;25866029;8091;3196;7193
7193;25873222;14386;1798;7194
7194;25880416;21579;1199;7195
7195;25887611;15829;1635;7196
7196;25894807;8995;2878;7197
7197;25902004;10794;2399;7198
7198;25909202;10797;2399;7199
7199;25916401;18467;1403;7200
7200;25923601;7512;3450;7201
7201;25930802;7580;3420;7202
7202;25938004;68419;379;7203
7203;25945207;10803;2401;7204
7204;25952411;10806;2401;7205
7205;25959616;9005;2882;7206
7206;25966822;13211;1965;7207
7207;25974029;21621;1201;7208
7208;25981237;14414;1802;7209
7209;25988446;8109;3204;7210
7210;25995656;8343;3115;7211
7211;26002867;36055;721;7212
7212;26010079;14422;1803;7213
7213;26017292;14426;1803;7214
7214;26024506;26017291;1;7215
7215;26031721;10821;2405;7216
7216;26038937;7585;3432;7217
7217;26046154;8248;3157;7218
7218;26053372;8421;3093;7219
7219;26060591;21657;1203;7220
7220;26067811;14438;1805;7221
7221;26075032;7885;3306;7222
7222;26082254;10833;2407;7223
7223;26089477;36581;713;7224
7224;26096701;7998;3262;7225
7225;26103926;7310;3570;7226
7226;26111152;18065;1445;7227
7227;26118379;10839;2409;7228
7228;26125607;8541;3058;7229
7229;26132836;14458;1807;7230
7230;26140066;21687;1205;7231
7231;26147297;8435;3099;7232
7232;26154529;8264;3164;7233
7233;26161762;9644;2712;7234
7234;26168996;10851;2411;7235
7235;26176231;18085;1447;7236
7236;26183467;8682;3015;7237
7237;26190704;14474;1809;7238
7238;26197942;50659;517;7239
7239;26205181;9779;2679;7240
7240;26212421;7620;3439;7241
7241;26219662;9412;2785;7242
7242;26226904;9469;2769;7243
7243;26234147;21729;1207;7244
7244;26241391;14486;1811;7245
7245;26248636;9055;2898;7246
7246;26255882;10869;2415;7247
7247;26263129;26255881;1;7248
7248;26270377;14494;1812;7249
7249;26277626;7908;3322;7250
7250;26284876;7975;3295;7251
7251;26292127;10875;2417;7252
7252;26299379;10878;2417;7253
7253;26306632;14506;1813;7254
7254;26313886;21759;1209;7255
7255;26321141;13059;2015;7256
7256;26328397;9070;2902;7257
7257;26335654;9676;2721;7258
7258;26342912;7831;3363;7259
7259;26350171;8113;3247;7260
7260;26357431;7381;3570;7261
7261;26364692;7535;3498;7262
7262;26371954;192443;137;7263
7263;26379217;10893;2421;7264
7264;26386481;8172;3228;7265
7265;26393746;9080;2906;7266
7266;26401012;10171;2595;7267
7267;26408279;7439;3549;7268
7268;26415547;7774;3397;7269
7269;26422816;10902;2423;7270
7270;26430086;10905;2423;7271
7271;26437357;7997;3305;7272
7272;26444629;7932;3333;7273
7273;26451902;8484;3117;7274
7274;26459176;25459;1039;7275
7275;26466451;10911;2425;7276
7276;26473727;8025;3298;7277
7277;26481004;13022;2033;7278
7278;26488282;21831;1213;7279
7279;26495561;21837;1213;7280
7280;26502841;7540;3514;7281
7281;26510122;8090;3276;7282
7282;26517404;8899;2979;7283
7283;26524687;80113;331;7284
7284;26531971;14566;1821;7285
7285;26539256;8742;3035;7286
7286;26546542;18215;1457;7287
7287;26553829;10929;2429;7288
7288;26561117;9716;2733;7289
7289;26568406;14578;1822;7290
7290;26575696;8865;2997;7291
7291;26582987;8559;3105;7292
7292;26590279;14582;1823;7293
7293;26597572;10938;2431;7294
7294;26604866;8857;3003;7295
7295;26612161;10213;2605;7296
7296;26619457;8754;3040;7297
7297;26626754;14594;1824;7298
7298;26634052;299177;89;7299
7299;26641351;10947;2433;7300
7300;26648651;8110;3285;7301
7301;26655952;7450;3577;7302
7302;26663254;8519;3129;7303
7303;26670557;21909;1217;7304
7304;26677861;9047;2948;7305
7305;26685166;9130;2922;7306
7306;26692472;10959;2435;7307
7307;26699779;94991;281;7308
7308;26707087;14614;1827;7309
7309;26714396;14618;1827;7310
7310;26721706;36545;731;7311
7311;26729017;10965;2437;7312
7312;26736329;9748;2742;7313
7313;26743642;14626;1828;7314
7314;26750956;11289;2369;7315
7315;26758271;8533;3135;7316
7316;26765587;7847;3410;7317
7317;26772904;8401;3186;7318
7318;26780222;10977;2439;7319
7319;26787541;47567;563;7320
7320;26794861;7930;3378;7321
7321;26802182;14642;1830;7322
7322;26809504;51247;523;7323
7323;26816827;10983;2441;7324
7324;26824151;10986;2441;7325
7325;26831476;9155;2930;7326
7326;26838802;8325;3223;7327
7327;26846129;14223;1887;7328
7328;26853457;7786;3448;7329
7329;26860786;8376;3206;7330
7330;26868116;10995;2443;7331
7331;26875447;36655;733;7332
7332;26882779;14662;1833;7333
7333;26890112;14666;1833;7334
7334;26897446;139327;193;7335
7335;26904781;8685;3097;7336
7336;26912117;7860;3423;7337
7337;26919454;7598;3542;7338
7338;26926792;13453;2001;7339
7339;26934131;22017;1223;7340
7340;26941471;14678;1835;7341
7341;26948812;11010;2447;7342
7342;26956154;11013;2447;7343
7343;26963497;25697;1049;7344
7344;26970841;8392;3213;7345
7345;26978186;7684;3510;7346
7346;26985532;18365;1469;7347
7347;26992879;11019;2449;7348
7348;27000227;10354;2607;7349
7349;27007576;14698;1837;7350
7350;27014926;22047;1225;7351
7351;27022277;22053;1225;7352
7352;27029629;14702;1838;7353
7353;27036982;8271;3268;7354
7354;27044336;11031;2451;7355
7355;27051691;18385;1471;7356
7356;27059047;8826;3065;7357
7357;27066404;8582;3153;7358
7358;27073762;13663;1981;7359
7359;27081121;8697;3113;7360
7360;27088481;7590;3568;7361
7361;27095842;7820;3464;7362
7362;27103204;20859;1299;7363
7363;27110567;15133;1791;7364
7364;27117931;9731;2786;7365
7365;27125296;7890;3437;7366
7366;27132662;11049;2455;7367
7367;27140029;17653;1537;7368
7368;27147397;14734;1842;7369
7369;27154766;14738;1842;7370
7370;27162136;36845;737;7371
7371;27169507;7839;3465;7372
7372;27176879;7566;3591;7373
7373;27184252;9797;2774;7374
7374;27191626;22119;1229;7375
7375;27199001;18435;1475;7376
7376;27206377;9220;2950;7377
7377;27213754;9836;2766;7378
7378;27221132;11067;2459;7379
7379;27228511;10199;2669;7380
7380;27235891;9635;2826;7381
7381;27243272;7503;3630;7382
7382;27250654;40601;671;7383
7383;27258037;11073;2461;7384
7384;27265421;7597;3588;7385
7385;27272806;9230;2954;7386
7386;27280192;8617;3165;7387
7387;27287579;22161;1231;7388
7388;27294967;14774;1847;7389
7389;27302356;11082;2463;7390
7390;27309746;11085;2463;7391
7391;27317137;14041;1945;7392
7392;27324529;8169;3344;7393
7393;27331922;14786;1848;7394
7394;27339316;27331921;1;7395
7395;27346711;11091;2465;7396
7396;27354107;7482;3655;7397
7397;27361504;14794;1849;7398
7398;27368902;15363;1781;7399
7399;27376301;8631;3171;7400
7400;27383701;7550;3626;7401
7401;27391102;9868;2775;7402
7402;27398504;11103;2467;7403
7403;27405907;40711;673;7404
7404;27413311;13574;2019;7405
7405;27420716;8886;3085;7406
7406;27428122;10367;2645;7407
7407;27435529;11109;2469;7408
7408;27442937;8334;3292;7409
7409;27450346;14353;1912;7410
7410;27457756;7657;3585;7411
7411;27465167;22233;1235;7412
7412;27472579;14822;1853;7413
7413;27479992;11118;2471;7414
7414;27487406;11121;2471;7415
7415;27494821;16313;1685;7416
7416;27502237;8898;3090;7417
7417;27509654;14834;1854;7418
7418;27517072;27509653;1;7419
7419;27524491;11127;2473;7420
7420;27531911;11130;2473;7421
7421;27539332;9593;2870;7422
7422;27546754;22263;1237;7423
7423;27554177;16081;1713;7424
7424;27561601;9136;3016;7425
7425;27569026;7656;3600;7426
7426;27576452;7755;3555;7427
7427;27583879;25991;1061;7428
7428;27591307;8666;3183;7429
7429;27598736;10523;2622;7430
7430;27606166;12631;2185;7431
7431;27613597;11145;2477;7432
7432;27621029;9908;2787;7433
7433;27628462;14866;1858;7434
7434;27635896;22299;1239;7435
7435;27643331;10409;2655;7436
7436;27650767;9295;2974;7437
7437;27658204;9581;2886;7438
7438;27665642;11157;2479;7439
7439;27673081;159917;173;7440
7440;27680521;7998;3460;7441
7441;27687962;8504;3255;7442
7442;27695404;26047;1063;7443
7443;27702847;11163;2481;7444
7444;27710291;11166;2481;7445
7445;27717736;9305;2978;7446
7446;27725182;18615;1489;7447
7447;27732629;11509;2409;7448
7448;27740077;9478;2926;7449
7449;27747526;7644;3629;7450
7450;27754976;9685;2865;7451
7451;27762427;37255;745;7452
7452;27769879;14902;1863;7453
7453;27777332;11822;2349;7454
7454;27784786;108083;257;7455
7455;27792241;11181;2485;7456
7456;27799697;7952;3495;7457
7457;27807154;14914;1864;7458
7458;27814612;22371;1243;7459
7459;27822071;22377;1243;7460
7460;27829531;14918;1865;7461
7461;27836992;8290;3357;7462
7462;27844454;10777;2583;7463
7463;27851917;9061;3073;7464
7464;27859381;10574;2634;7465
7465;27866846;8958;3110;7466
7466;27874312;18665;1493;7467
7467;27881779;11199;2489;7468
7468;27889247;11202;2489;7469
7469;27896716;13069;2134;7470
7470;27904186;8051;3465;7471
7471;27911657;7719;3615;7472
7472;27919129;14477;1928;7473
7473;27926602;9964;2802;7474
7474;27934076;11211;2491;7475
7475;27941551;11063;2525;7476
7476;27949027;8050;3471;7477
7477;27956504;14954;1869;7478
7478;27963982;27956503;1;7479
7479;27971461;11217;2493;7480
7480;27978941;8310;3366;7481
7481;27986422;14962;1870;7482
7482;27993904;22443;1247;7483
7483;28001387;8729;3207;7484
7484;28008871;13097;2138;7485
7485;28016356;9355;2994;7486
7486;28023842;9481;2955;7487
7487;28031329;142253;197;7488
7488;28038817;14974;1872;7489
7489;28046306;14978;1872;7490
7490;28053796;37445;749;7491
7491;28061287;7945;3531;7492
7492;28068779;11238;2497;7493
7493;28076272;14986;1873;7494
7494;28083766;22479;1249;7495
7495;28091261;18735;1499;7496
7496;28098757;9370;2998;7497
7497;28106254;8433;3332;7498
7498;28113752;7987;3519;7499
7499;28121251;172477;163;7500
7500;28128751;14998;1875;7501
7501;28136252;8125;3462;7502
7502;28143754;17887;1573;7503
7503;28151257;11253;2501;7504
7504;28158761;8174;3444;7505
7505;28166266;8911;3160;7506
7506;28173772;7923;3555;7507
7507;28181279;22521;1251;7508
7508;28188787;15014;1877;7509
7509;28196296;11262;2503;7510
7510;28203806;11265;2503;7511
7511;28211317;21779;1295;7512
7512;28218829;8764;3219;7513
7513;28226342;8196;3443;7514
7514;28233856;8879;3179;7515
7515;28241371;8517;3315;7516
7516;28248887;9395;3006;7517
7517;28256404;15034;1879;7518
7518;28263922;22551;1253;7519
7519;28271441;13067;2163;7520
7520;28278961;8240;3431;7521
7521;28286482;8648;3270;7522
7522;28294004;11283;2507;7523
7523;28301527;28294003;1;7524
7524;28309051;15046;1881;7525
7525;28316576;8170;3465;7526
7526;28324102;9275;3053;7527
7527;28331629;10229;2769;7528
7528;28339157;10036;2823;7529
7529;28346686;15058;1882;7530
7530;28354216;22587;1255;7531
7531;28361747;12801;2215;7532
7532;28369279;9146;3101;7533
7533;28376812;8339;3402;7534
7534;28384346;11301;2511;7535
7535;28391881;18835;1507;7536
7536;28399417;8220;3454;7537
7537;28406954;15074;1884;7538
7538;28414492;28406953;1;7539
7539;28422031;11307;2513;7540
7540;28429571;7917;3590;7541
7541;28437112;15082;1885;7542
7542;28444654;22623;1257;7543
7543;28452197;7961;3573;7544
7544;28459741;9131;3116;7545
7545;28467286;9430;3018;7546
7546;28474832;8085;3521;7547
7547;28482379;52829;539;7548
7548;28489927;15094;1887;7549
7549;28497476;15098;1887;7550
7550;28505026;37745;755;7551
7551;28512577;11325;2517;7552
7552;28520129;8496;3356;7553
7553;28527682;8632;3304;7554
7554;28535236;8813;3237;7555
7555;28542791;18885;1511;7556
7556;28550347;9445;3022;7557
7557;28557904;11334;2519;7558
7558;28565462;11337;2519;7559
7559;28573021;28565461;1;7560
7560;28580581;15118;1890;7561
7561;28588142;15122;1890;7562
7562;28595704;143659;199;7563
7563;28603267;11343;2521;7564
7564;28610831;11346;2521;7565
7565;28618396;9455;3026;7566
7566;28625962;8245;3471;7567
7567;28633529;8827;3243;7568
7568;28641097;7912;3619;7569
7569;28648666;7656;3741;7570
7570;28656236;11355;2523;7571
7571;28663807;37855;757;7572
7572;28671379;15142;1893;7573
7573;28678952;15146;1893;7574
7574;28686526;53011;541;7575
7575;28694101;8115;3535;7576
7576;28701677;9470;3030;7577
7577;28709254;15154;1894;7578
7578;28716832;22731;1263;7579
7579;28724411;13893;2067;7580
7580;28731991;8338;3445;7581
7581;28739572;7959;3610;7582
7582;28747154;11373;2527;7583
7583;28754737;128911;223;7584
7584;28762321;15166;1896;7585
7585;28769906;8769;3280;7586
7586;28777492;18965;1517;7587
7587;28785079;11379;2529;7588
7588;28792667;11382;2529;7589
7589;28800256;15178;1897;7590
7590;28807846;22767;1265;7591
7591;28815437;22773;1265;7592
7592;28823029;15182;1898;7593
7593;28830622;10124;2847;7594
7594;28838216;11391;2531;7595
7595;28845811;18985;1519;7596
7596;28853407;8862;3255;7597
7597;28861004;14981;1926;7598
7598;28868602;9301;3103;7599
7599;28876201;11397;2533;7600
7600;28883801;7752;3725;7601
7601;28891402;8360;3455;7602
7602;28899004;13937;2073;7603
7603;28906607;22809;1267;7604
7604;28914211;15206;1901;7605
7605;28921816;9505;3042;7606
7606;28929422;11409;2535;7607
7607;28937029;28929421;1;7608
7608;28944637;15214;1902;7609
7609;28952246;8876;3261;7610
7610;28959856;26635;1087;7611
7611;28967467;11415;2537;7612
7612;28975079;10207;2838;7613
7613;28982692;7958;3641;7614
7614;28990306;8937;3243;7615
7615;28997921;13707;2115;7616
7616;29005537;9520;3046;7617
7617;29013154;10156;2856;7618
7618;29020772;11427;2539;7619
7619;29028391;72371;401;7620
7620;29036011;12030;2413;7621
7621;29043632;15242;1905;7622
7622;29051254;281977;103;7623
7623;29058877;7931;3663;7624
7624;29066501;8577;3388;7625
7625;29074126;9530;3050;7626
7626;29081752;9455;3075;7627
7627;29089379;8153;3567;7628
7628;29097007;15254;1907;7629
7629;29104636;11442;2543;7630
7630;29112266;11445;2543;7631
7631;29119897;9919;2935;7632
7632;29127529;8268;3522;7633
7633;29135162;8082;3604;7634
7634;29142796;64889;449;7635
7635;29150431;11451;2545;7636
7636;29158067;9545;3054;7637
7637;29165704;13363;2182;7638
7638;29173342;8911;3273;7639
7639;29180981;22917;1273;7640
7640;29188621;15278;1910;7641
7641;29196262;8490;3438;7642
7642;29203904;11463;2547;7643
7643;29211547;29203903;1;7644
7644;29219191;15286;1911;7645
7645;29226836;8085;3614;7646
7646;29234482;19115;1529;7647
7647;29242129;11469;2549;7648
7648;29249777;10196;2868;7649
7649;29257426;15298;1912;7650
7650;29265076;22947;1275;7651
7651;29272727;8925;3279;7652
7652;29280379;13391;2186;7653
7653;29288032;11478;2551;7654
7654;29295686;11481;2551;7655
7655;29303341;19135;1531;7656
7656;29310997;9186;3190;7657
7657;29318654;8151;3596;7658
7658;29326312;10393;2821;7659
7659;29333971;11487;2553;7660
7660;29341631;8510;3447;7661
7661;29349292;15322;1915;7662
7662;29356954;22983;1277;7663
7663;29364617;22989;1277;7664
7664;29372281;15326;1916;7665
7665;29379946;8760;3353;7666
7666;29387612;11499;2555;7667
7667;29395279;42163;697;7668
7668;29402947;8118;3621;7669
7669;29410616;15338;1917;7670
7670;29418286;38345;767;7671
7671;29425957;11505;2557;7672
7672;29433629;10228;2877;7673
7673;29441302;15346;1918;7674
7674;29448976;23019;1279;7675
7675;29456651;19185;1535;7676
7676;29464327;9595;3070;7677
7677;29472004;11514;2559;7678
7678;29479682;9383;3141;7679
7679;29487361;12067;2443;7680
7680;29495041;8776;3360;7681
7681;29502722;15362;1920;7682
7682;29510404;176663;167;7683
7683;29518087;11523;2561;7684
7684;29525771;8814;3349;7685
7685;29533456;9010;3277;7686
7686;29541142;8845;3339;7687
7687;29548829;23061;1281;7688
7688;29556517;15374;1922;7689
7689;29564206;10252;2883;7690
7690;29571896;8459;3495;7691
7691;29579587;38455;769;7692
7692;29587279;15382;1923;7693
7693;29594972;8974;3297;7694
7694;29602666;26929;1099;7695
7695;29610361;11541;2565;7696
7696;29618057;7992;3705;7697
7697;29625754;9308;3182;7698
7698;29633452;23091;1283;7699
7699;29641151;23097;1283;7700
7700;29648851;15398;1925;7701
7701;29656552;7854;3775;7702
7702;29664254;11553;2567;7703
7703;29671957;29664253;1;7704
7704;29679661;15406;1926;7705
7705;29687366;9246;3210;7706
7706;29695072;19265;1541;7707
7707;29702779;11559;2569;7708
7708;29710487;11562;2569;7709
7709;29718196;15418;1927;7710
7710;29725906;8895;3341;7711
7711;29733617;8481;3505;7712
7712;29741329;10604;2804;7713
7713;29749042;8676;3428;7714
7714;29756756;11571;2571;7715
7715;29764471;10801;2755;7716
7716;29772187;9258;3215;7717
7717;29779904;15434;1929;7718
7718;29787622;131189;227;7719
7719;29795341;11577;2573;7720
7720;29803061;10292;2895;7721
7721;29810782;11030;2702;7722
7722;29818504;9009;3309;7723
7723;29826227;23169;1287;7724
7724;29833951;15446;1931;7725
7725;29841676;9655;3090;7726
7726;29849402;11589;2575;7727
7727;29857129;29849401;1;7728
7728;29864857;15454;1932;7729
7729;29872586;8142;3668;7730
7730;29880316;38645;773;7731
7731;29888047;11595;2577;7732
7732;29895779;11598;2577;7733
7733;29903512;15466;1933;7734
7734;29911246;14179;2109;7735
7735;29918981;9023;3315;7736
7736;29926717;9670;3094;7737
7737;29934454;10316;2901;7738
7738;29942192;11607;2579;7739
7739;29949931;7957;3763;7740
7740;29957671;9159;3270;7741
7741;29965412;15482;1935;7742
7742;29973154;54187;553;7743
7743;29980897;11613;2581;7744
7744;29988641;7832;3828;7745
7745;29996386;9680;3098;7746
7746;30004132;19365;1549;7747
7747;30011879;23241;1291;7748
7748;30019627;9089;3302;7749
7749;30027376;8046;3731;7750
7750;30035126;7875;3813;7751
7751;30042877;8425;3565;7752
7752;30050629;11458;2622;7753
7753;30058382;15506;1938;7754
7754;30066136;30058381;1;7755
7755;30073891;11631;2585;7756
7756;30081647;8310;3619;7757
7757;30089404;15514;1939;7758
7758;30097162;23271;1293;7759
7759;30104921;23277;1293;7760
7760;30112681;15518;1940;7761
7761;30120442;7960;3783;7762
7762;30128204;11643;2587;7763
7763;30135967;27167;1109;7764
7764;30143731;9058;3327;7765
7765;30151496;9318;3235;7766
7766;30159262;17083;1765;7767
7767;30167029;9493;3177;7768
7768;30174797;8739;3452;7769
7769;30182566;15538;1942;7770
7770;30190336;9435;3199;7771
7771;30198107;8589;3515;7772
7772;30205879;11861;2546;7773
7773;30213652;11658;2591;7774
7774;30221426;11661;2591;7775
7775;30229201;19435;1555;7776
7776;30236977;8100;3732;7777
7777;30244754;8181;3696;7778
7778;30252532;27223;1111;7779
7779;30260311;11667;2593;7780
7780;30268091;11670;2593;7781
7781;30275872;12059;2510;7782
7782;30283654;23343;1297;7783
7783;30291437;23349;1297;7784
7784;30299221;11954;2534;7785
7785;30307006;8340;3633;7786
7786;30314792;8823;3435;7787
7787;30322579;10183;2977;7788
7788;30330367;8437;3594;7789
7789;30338156;15578;1947;7790
7790;30345946;38945;779;7791
7791;30353737;10045;3021;7792
7792;30361529;8904;3409;7793
7793;30369322;15586;1948;7794
7794;30377116;23379;1299;7795
7795;30384911;14031;2165;7796
7796;30392707;9745;3118;7797
7797;30400504;11694;2599;7798
7798;30408302;11697;2599;7799
7799;30416101;42889;709;7800
7800;30423901;8508;3575;7801
7801;30431702;8070;3770;7802
7802;30439504;12643;2407;7803
7803;30447307;11703;2601;7804
7804;30455111;11706;2601;7805
7805;30462916;9755;3122;7806
7806;30470722;9107;3345;7807
7807;30478529;23421;1301;7808
7808;30486337;9028;3376;7809
7809;30494146;8357;3648;7810
7810;30501956;9727;3135;7811
7811;30509767;25915;1177;7812
7812;30517579;9198;3317;7813
7813;30525392;8414;3627;7814
7814;30533206;50791;601;7815
7815;30541021;11721;2605;7816
7816;30548837;9770;3126;7817
7817;30556654;15634;1954;7818
7818;30564472;23451;1303;7819
7819;30572291;9121;3351;7820
7820;30580111;11170;2737;7821
7821;30587932;8058;3795;7822
7822;30595754;11733;2607;7823
7823;30603577;30595753;1;7824
7824;30611401;15646;1956;7825
7825;30619226;8150;3756;7826
7826;30627052;10955;2795;7827
7827;30634879;11739;2609;7828
7828;30642707;11742;2609;7829
7829;30650536;15658;1957;7830
7830;30658366;23487;1305;7831
7831;30666197;8595;3567;7832
7832;30674029;8404;3649;7833
7833;30681862;8206;3738;7834
7834;30689696;11751;2611;7835
7835;30697531;19585;1567;7836
7836;30705367;9402;3265;7837
7837;30713204;11101;2766;7838
7838;30721042;66623;461;7839
7839;30728881;11757;2613;7840
7840;30736721;8040;3822;7841
7841;30744562;15682;1960;7842
7842;30752404;23523;1307;7843
7843;30760247;14377;2139;7844
7844;30768091;9361;3286;7845
7845;30775936;9805;3138;7846
7846;30783782;11769;2615;7847
7847;30791629;27461;1121;7848
7848;30799477;8284;3717;7849
7849;30807326;10246;3006;7850
7850;30815176;26219;1175;7851
7851;30823027;11775;2617;7852
7852;30830879;11778;2617;7853
7853;30838732;15706;1963;7854
7854;30846586;23559;1309;7855
7855;30854441;10997;2805;7856
7856;30862297;9820;3142;7857
7857;30870154;8838;3492;7858
7858;30878012;11787;2619;7859
7859;30885871;113941;271;7860
7860;30893731;8130;3799;7861
7861;30901592;9170;3369;7862
7862;30909454;27517;1123;7863
7863;30917317;11793;2621;7864
7864;30925181;10484;2949;7865
7865;30933046;9830;3146;7866
7866;30940912;8151;3795;7867
7867;30948779;23601;1311;7868
7868;30956647;15734;1967;7869
7869;30964516;11802;2623;7870
7870;30972386;11805;2623;7871
7871;30980257;13379;2315;7872
7872;30988129;8364;3704;7873
7873;30996002;15746;1968;7874
7874;31003876;244063;127;7875
7875;31011751;8001;3875;7876
7876;31019627;8055;3850;7877
7877;31027504;15754;1969;7878
7878;31035382;23631;1313;7879
7879;31043261;23637;1313;7880
7880;31051141;15758;1970;7881
7881;31059022;10508;2955;7882
7882;31066904;11823;2627;7883
7883;31074787;55181;563;7884
7884;31082671;15766;1971;7885
7885;31090556;8322;3735;7886
7886;31098442;19715;1577;7887
7887;31106329;11829;2629;7888
7888;31114217;8126;3828;7889
7889;31122106;9016;3451;7890
7890;31129996;9205;3381;7891
7891;31137887;9105;3419;7892
7892;31145779;15782;1973;7893
7893;31153672;11838;2631;7894
7894;31161566;11841;2631;7895
7895;31169461;19735;1579;7896
7896;31177357;9474;3290;7897
7897;31185254;9964;3129;7898
7898;31193152;19027;1639;7899
7899;31201051;11847;2633;7900
7900;31208951;11850;2633;7901
7901;31216852;15802;1975;7902
7902;31224754;23703;1317;7903
7903;31232657;9219;3387;7904
7904;31240561;9032;3458;7905
7905;31248466;8060;3876;7906
7906;31256372;9145;3417;7907
7907;31264279;466513;67;7908
7908;31272187;15814;1977;7909
7909;31280096;14498;2157;7910
7910;31288006;8701;3595;7911
7911;31295917;10255;3051;7912
7912;31303829;8901;3516;7913
7913;31311742;8299;3772;7914
7914;31319656;23739;1319;7915
7915;31327571;19785;1583;7916
7916;31335487;9895;3166;7917
7917;31343404;11874;2639;7918
7918;31351322;9309;3367;7919
7919;31359241;293003;107;7920
7920;31367161;15838;1980;7921
7921;31375082;8010;3916;7922
7922;31383004;20737;1513;7923
7923;31390927;11883;2641;7924
7924;31398851;10754;2919;7925
7925;31406776;9905;3170;7926
7926;31414702;19815;1585;7927
7927;31422629;23781;1321;7928
7928;31430557;15854;1982;7929
7929;31438486;8919;3524;7930
7930;31446416;11453;2745;7931
7931;31454347;8723;3605;7932
7932;31462279;9254;3399;7933
7933;31470212;15866;1983;7934
7934;31478146;31470211;1;7935
7935;31486081;11901;2645;7936
7936;31494017;8464;3720;7937
7937;31501954;15874;1984;7938
7938;31509892;23811;1323;7939
7939;31517831;9639;3269;7940
7940;31525771;13498;2335;7941
7941;31533712;11910;2647;7942
7942;31541654;11913;2647;7943
7943;31549597;9823;3211;7944
7944;31557541;8606;3666;7945
7945;31565486;9268;3405;7946
7946;31573432;19865;1589;7947
7947;31581379;11919;2649;7948
7948;31589327;11922;2649;7949
7949;31597276;15898;1987;7950
7950;31605226;23847;1325;7951
7951;31613177;23853;1325;7952
7952;31621129;15902;1988;7953
7953;31629082;9372;3374;7954
7954;31637036;9881;3201;7955
7955;31644991;8815;3589;7956
7956;31652947;8177;3870;7957
7957;31660904;8502;3723;7958
7958;31668862;12629;2507;7959
7959;31676821;8717;3633;7960
7960;31684781;8358;3790;7961
7961;31692742;8380;3781;7962
7962;31700704;23883;1327;7963
7963;31708667;23889;1327;7964
7964;31716631;15926;1991;7965
7965;31724596;8145;3894;7966
7966;31732562;8535;3717;7967
7967;31740529;17639;1799;7968
7968;31748497;10292;3084;7969
7969;31756466;8632;3678;7970
7970;31764436;10361;3065;7971
7971;31772407;11955;2657;7972
7972;31780379;11958;2657;7973
7973;31788352;13951;2278;7974
7974;31796326;9303;3417;7975
7975;31804301;11075;2871;7976
7976;31812277;9970;3190;7977
7977;31820254;10636;2991;7978
7978;31828232;11967;2659;7979
7979;31836211;315131;101;7980
7980;31844191;8295;3838;7981
7981;31852172;9177;3470;7982
7982;31860154;91793;347;7983
7983;31868137;11531;2763;7984
7984;31876121;8982;3548;7985
7985;31884106;9980;3194;7986
7986;31892092;17567;1815;7987
7987;31900079;9317;3423;7988
7988;31908067;13979;2282;7989
7989;31916056;11982;2663;7990
7990;31924046;11985;2663;7991
7991;31932037;11135;2867;7992
7992;31940029;9028;3537;7993
7993;31948022;15986;1998;7994
7994;31956016;55951;571;7995
7995;31964011;8565;3731;7996
7996;31972007;9995;3198;7997
7997;31980004;15994;1999;7998
7998;31988002;14663;2181;7999
7999;31996001;13051;2451;8000
8000;32004001;8420;3800;8001
8001;32012002;8400;3810;8002
8002;32020004;12003;2667;8003
8003;32028007;212053;151;8004
8004;32036011;8758;3657;8005
8005;32044016;9606;3335;8006
8006;32052022;20015;1601;8007
8007;32060029;12009;2669;8008
8008;32068037;8164;3927;8009
8009;32076046;16018;2002;8010
8010;32084056;24027;1335;8011
8011;32092067;24033;1335;8012
8012;32100079;16022;2003;8013
8013;32108092;12018;2671;8014
8014;32116106;12021;2671;8015
8015;32124121;20035;1603;8016
8016;32132137;9160;3507;8017
8017;32140154;16034;2004;8018
8018;32148172;152323;211;8019
8019;32156191;12027;2673;8020
8020;32164211;8822;3645;8021
8021;32172232;10426;3085;8022
8022;32180254;12957;2483;8023
8023;32188277;13561;2373;8024
8024;32196301;8378;3842;8025
8025;32204326;8850;3638;8026
8026;32212352;12039;2675;8027
8027;32220379;92299;349;8028
8028;32228407;10258;3141;8029
8029;32236436;8251;3906;8030
8030;32244466;11315;2849;8031
8031;32252497;12045;2677;8032
8032;32260529;10708;3012;8033
8033;32268562;14558;2216;8034
8034;32276596;8961;3601;8035
8035;32284631;20085;1607;8036
8036;32292667;10045;3214;8037
8037;32300704;8379;3854;8038
8038;32308742;12057;2679;8039
8039;32316781;32308741;1;8040
8040;32324821;16078;2010;8041
8041;32332862;8643;3740;8042
8042;32340904;44231;731;8043
8043;32348947;12063;2681;8044
8044;32356991;12066;2681;8045
8045;32365036;10055;3218;8046
8046;32373082;14481;2235;8047
8047;32381129;16713;1937;8048
8048;32389177;13078;2476;8049
8049;32397226;10732;3018;8050
8050;32405276;12075;2683;8051
8051;32413327;9545;3395;8052
8052;32421379;10126;3201;8053
8053;32429432;16106;2013;8054
8054;32437486;32429431;1;8055
8055;32445541;12081;2685;8056
8056;32453597;9063;3580;8057
8057;32461654;14098;2302;8058
8058;32469712;9401;3453;8059
8059;32477771;24177;1343;8060
8060;32485831;16118;2015;8061
8061;32493892;12090;2687;8062
8062;32501954;12093;2687;8063
8063;32510017;21257;1529;8064
8064;32518081;8796;3696;8065
8065;32526146;9678;3360;8066
8066;32534212;20165;1613;8067
8067;32542279;12099;2689;8068
8068;32550347;12102;2689;8069
8069;32558416;16138;2017;8070
8070;32566486;24207;1345;8071
8071;32574557;9415;3459;8072
8072;32582629;14126;2306;8073
8073;32590702;9081;3588;8074
8074;32598776;8441;3861;8075
8075;32606851;9175;3553;8076
8076;32614927;9690;3365;8077
8077;32623004;16154;2019;8078
8078;32631082;23657;1379;8079
8079;32639161;12117;2693;8080
8080;32647241;10772;3030;8081
8081;32655322;16162;2020;8082
8082;32663404;24243;1347;8083
8083;32671487;24249;1347;8084
8084;32679571;11782;2773;8085
8085;32687656;9030;3619;8086
8086;32695742;9555;3421;8087
8087;32703829;105131;311;8088
8088;32711917;16174;2022;8089
8089;32720006;16178;2022;8090
8090;32728096;40445;809;8091
8091;32736187;12135;2697;8092
8092;32744279;8381;3906;8093
8093;32752372;16186;2023;8094
8094;32760466;24279;1349;8095
8095;32768561;20235;1619;8096
8096;32776657;10120;3238;8097
8097;32784754;10796;3036;8098
8098;32792852;12147;2699;8099
8099;32800951;28343;1157;8100
8100;32809051;8190;4005;8101
8101;32817152;16202;2025;8102
8102;32825254;32817151;1;8103
8103;32833357;12153;2701;8104
8104;32841461;10804;3039;8105
8105;32849566;10130;3242;8106
8106;32857672;11347;2895;8107
8107;32865779;12931;2541;8108
8108;32873887;16214;2027;8109
8109;32881996;12162;2703;8110
8110;32890106;12165;2703;8111
8111;32898217;40555;811;8112
8112;32906329;16222;2028;8113
8113;32914442;9272;3549;8114
8114;32922556;28399;1159;8115
8115;32930671;12171;2705;8116
8116;32938787;10145;3246;8117
8117;32946904;16234;2029;8118
8118;32955022;24351;1353;8119
8119;32963141;8487;3883;8120
8120;32971261;9338;3530;8121
8121;32979382;10828;3045;8122
8122;32987504;12183;2707;8123
8123;32995627;251813;131;8124
8124;33003751;16246;2031;8125
8125;33011876;8801;3750;8126
8126;33020002;10625;3107;8127
8127;33028129;10277;3213;8128
8128;33036257;9144;3612;8129
8129;33044386;11176;2956;8130
8130;33052516;8943;3695;8131
8131;33060647;12737;2595;8132
8132;33068779;10058;3287;8133
8133;33076912;12198;2711;8134
8134;33085046;12201;2711;8135
8135;33093181;11389;2905;8136
8136;33101317;9762;3390;8137
8137;33109454;8927;3708;8138
8138;33117592;24727;1339;8139
8139;33125731;12207;2713;8140
8140;33133871;12210;2713;8141
8141;33142012;11630;2849;8142
8142;33150154;9499;3489;8143
8143;33158297;11017;3009;8144
8144;33166441;8653;3832;8145
8145;33174586;9162;3620;8146
8146;33182732;12219;2715;8147
8147;33190879;33182731;1;8148
8148;33199027;16294;2037;8149
8149;33207176;8439;3934;8150
8150;33215326;23635;1405;8151
8151;33223477;8965;3705;8152
8152;33231629;10868;3057;8153
8153;33239782;16306;2038;8154
8154;33247936;14043;2367;8155
8155;33256091;9513;3495;8156
8156;33264247;10195;3262;8157
8157;33272404;12234;2719;8158
8158;33280562;12237;2719;8159
8159;33288721;167239;199;8160
8160;33296881;8364;3980;8161
8161;33305042;16322;2040;8162
8162;33313204;57127;583;8163
8163;33321367;9977;3339;8164
8164;33329531;11791;2826;8165
8165;33337696;9230;3611;8166
8166;33345862;20415;1633;8167
8167;33354029;24501;1361;8168
8168;33362197;16334;2042;8169
8169;33370366;10892;3063;8170
8170;33378536;12255;2723;8171
8171;33386707;40855;817;8172
8172;33394879;16342;2043;8173
8173;33403052;13374;2497;8174
8174;33411226;44957;743;8175
8175;33419401;12261;2725;8176
8176;33427577;8760;3815;8177
8177;33435754;8687;3848;8178
8178;33443932;10387;3219;8179
8179;33452111;24537;1363;8180
8180;33460291;16358;2045;8181
8181;33468472;9090;3681;8182
8182;33476654;12273;2727;8183
8183;33484837;28637;1169;8184
8184;33493021;9114;3674;8185
8185;33501206;9822;3410;8186
8186;33509392;20465;1637;8187
8187;33517579;12279;2729;8188
8188;33525767;12282;2729;8189
8189;33533956;9913;3382;8190
8190;33542146;8645;3879;8191
8191;33550337;24573;1365;8192
8192;33558529;16382;2048;8193
8193;33566722;10924;3072;8194
8194;33574916;12291;2731;8195
8195;33583111;12665;2651;8196
8196;33591307;9834;3415;8197
8197;33599504;9562;3513;8198
8198;33607702;28693;1171;8199
8199;33615901;12297;2733;8200
8200;33624101;9110;3690;8201
8201;33632302;9676;3475;8202
8202;33640504;24603;1367;8203
8203;33648707;17771;1893;8204
8204;33656911;8834;3809;8205
8205;33665116;8790;3829;8206
8206;33673322;12309;2735;8207
8207;33681529;10817;3113;8208
8208;33689737;9918;3396;8209
8209;33697946;16418;2052;8210
8210;33706156;41045;821;8211
8211;33714367;12315;2737;8212
8212;33722579;12318;2737;8213
8213;33730792;16426;2053;8214
8214;33739006;21201;1591;8215
8215;33747221;9805;3441;8216
8216;33755437;8374;4030;8217
8217;33763654;9243;3652;8218
8218;33771872;12327;2739;8219
8219;33780091;57533;587;8220
8220;33788311;16438;2055;8221
8221;33796532;16442;2055;8222
8222;33804754;33796531;1;8223
8223;33812977;12333;2741;8224
8224;33821201;10964;3084;8225
8225;33829426;8995;3760;8226
8226;33837652;9597;3525;8227
8227;33845879;8683;3897;8228
8228;33854107;9526;3553;8229
8229;33862336;9438;3587;8230
8230;33870566;10699;3165;8231
8231;33878797;41155;823;8232
8232;33887029;16462;2058;8233
8233;33895262;16466;2058;8234
8234;33903496;189359;179;8235
8235;33911731;10919;3105;8236
8236;33919967;8662;3915;8237
8237;33928204;16474;2059;8238
8238;33936442;24711;1373;8239
8239;33944681;9611;3531;8240
8240;33952921;9064;3745;8241
8241;33961162;8446;4020;8242
8242;33969404;12363;2747;8243
8243;33977647;107159;317;8244
8244;33985891;16486;2061;8245
8245;33994136;8730;3893;8246
8246;34002382;9215;3689;8247
8247;34010629;12369;2749;8248
8248;34018877;10996;3093;8249
8249;34027126;16498;2062;8250
8250;34035376;8475;4015;8251
8251;34043627;10175;3345;8252
8252;34051879;16502;2063;8253
8253;34060132;12378;2751;8254
8254;34068386;12381;2751;8255
8255;34076641;20635;1651;8256
8256;34084897;8385;4064;8257
8257;34093154;8616;3956;8258
8258;34101412;94967;359;8259
8259;34109671;12387;2753;8260
8260;34117931;12390;2753;8261
8261;34126192;9086;3755;8262
8262;34134454;12767;2673;8263
8263;34142717;24789;1377;8264
8264;34150981;16526;2066;8265
8265;34159246;10330;3306;8266
8266;34167512;12399;2755;8267
8267;34175779;28931;1181;8268
8268;34184047;9646;3543;8269
8269;34192316;16538;2067;8270
8270;34200586;41345;827;8271
8271;34208857;12405;2757;8272
8272;34217129;9306;3676;8273
8273;34225402;16546;2068;8274
8274;34233676;24819;1379;8275
8275;34241951;11585;2955;8276
8276;34250227;10345;3310;8277
8277;34258504;12414;2759;8278
8278;34266782;12417;2759;8279
8279;34275061;70363;487;8280
8280;34283341;8766;3910;8281
8281;34291622;8372;4095;8282
8282;34299904;9191;3731;8283
8283;34308187;10291;3333;8284
8284;34316471;9538;3597;8285
8285;34324756;10355;3314;8286
8286;34333042;20715;1657;8287
8287;34341329;24861;1381;8288
8288;34349617;16574;2072;8289
8289;34357906;8596;3996;8290
8290;34366196;12435;2763;8291
8291;34374487;41455;829;8292
8292;34382779;16582;2073;8293
8293;34391072;16586;2073;8294
8294;34399366;91223;377;8295
8295;34407661;11165;3081;8296
8296;34415957;8540;4029;8297
8297;34424254;16594;2074;8298
8298;34432552;24891;1383;8299
8299;34440851;19823;1737;8300
8300;34449151;9650;3569;8301
8301;34457452;12450;2767;8302
8302;34465754;12453;2767;8303
8303;34474057;11267;3059;8304
8304;34482361;8664;3979;8305
8305;34490666;9060;3806;8306
8306;34498972;20765;1661;8307
8307;34507279;12459;2769;8308
8308;34515587;9514;3627;8309
8309;34523896;14539;2374;8310
8310;34532206;9695;3561;8311
8311;34540517;24933;1385;8312
8312;34548829;16622;2078;8313
8313;34557142;11084;3117;8314
8314;34565456;12471;2771;8315
8315;34573771;20785;1663;8316
8316;34582087;9978;3465;8317
8317;34590404;16634;2079;8318
8318;34598722;34590403;1;8319
8319;34607041;12477;2773;8320
8320;34615361;9024;3835;8321
8321;34623682;8480;4082;8322
8322;34632004;8949;3869;8323
8323;34640327;8979;3857;8324
8324;34648651;14567;2378;8325
8325;34656976;10405;3330;8326
8326;34665302;12489;2775;8327
8327;34673629;17411;1991;8328
8328;34681957;9084;3817;8329
8329;34690286;16658;2082;8330
8330;34698616;41645;833;8331
8331;34706947;12495;2777;8332
8332;34715279;12498;2777;8333
8333;34723612;16666;2083;8334
8334;34731946;18057;1923;8335
8335;34740281;15003;2315;8336
8336;34748617;10420;3334;8337
8337;34756954;9528;3647;8338
8338;34765292;12507;2779;8339
8339;34773631;11749;2959;8340
8340;34781971;8618;4035;8341
8341;34790312;13170;2641;8342
8342;34798654;18877;1843;8343
8343;34806997;9991;3483;8344
8344;34815341;8652;4023;8345
8345;34823686;10430;3338;8346
8346;34832032;20865;1669;8347
8347;34840379;19149;1819;8348
8348;34848727;16694;2087;8349
8349;34857076;12522;2783;8350
8350;34865426;9075;3841;8351
8351;34873777;29225;1193;8352
8352;34882129;9544;3654;8353
8353;34890482;16706;2088;8354
8354;34898836;34890481;1;8355
8355;34907191;12531;2785;8356
8356;34915547;10445;3342;8357
8357;34923904;16714;2089;8358
8358;34932262;12139;2877;8359
8359;34940621;13503;2587;8360
8360;34948981;10868;3215;8361
8361;34957342;9290;3762;8362
8362;34965704;12543;2787;8363
8363;34974067;309431;113;8364
8364;34982431;16726;2091;8365
8365;34990796;8610;4063;8366
8366;34999162;11233;3115;8367
8367;35007529;12549;2789;8368
8368;35015897;11156;3138;8369
8369;35024266;16738;2092;8370
8370;35032636;25107;1395;8371
8371;35041007;9207;3805;8372
8372;35049379;9893;3542;8373
8373;35057752;12558;2791;8374
8374;35066126;12561;2791;8375
8375;35074501;9875;3551;8376
8376;35082877;8725;4020;8377
8377;35091254;16754;2094;8378
8378;35099632;494243;71;8379
8379;35108011;8673;4047;8380
8380;35116391;8799;3990;8381
8381;35124772;12151;2890;8382
8382;35133154;9537;3683;8383
8383;35141537;10541;3333;8384
8384;35149921;10873;3232;8385
8385;35158306;8515;4128;8386
8386;35166692;8985;3913;8387
8387;35175079;58709;599;8388
8388;35183467;16774;2097;8389
8389;35191856;16778;2097;8390
8390;35200246;41945;839;8391
8391;35208637;12585;2797;8392
8392;35217029;11188;3147;8393
8393;35225422;11539;3052;8394
8394;35233816;9793;3597;8395
8395;35242211;20985;1679;8396
8396;35250607;10495;3358;8397
8397;35259004;12594;2799;8398
8398;35267402;8721;4043;8399
8399;35275801;9139;3859;8400
8400;35284201;9080;3885;8401
8401;35292602;8680;4065;8402
8402;35301004;130231;271;8403
8403;35309407;12603;2801;8404
8404;35317811;12606;2801;8405
8405;35326216;10505;3362;8406
8406;35334622;15129;2335;8407
8407;35343029;9807;3603;8408
8408;35351437;14714;2402;8409
8409;35359846;11212;3153;8410
8410;35368256;12615;2803;8411
8411;35376667;10933;3235;8412
8412;35385079;9113;3882;8413
8413;35393492;16826;2103;8414
8414;35401906;28247;1253;8415
8415;35410321;9015;3927;8416
8416;35418737;8679;4080;8417
8417;35427154;9994;3544;8418
8418;35435572;10189;3477;8419
8419;35443991;25257;1403;8420
8420;35452411;16838;2105;8421
8421;35460832;8841;4010;8422
8422;35469254;12633;2807;8423
8423;35477677;35469253;1;8424
8424;35486101;16846;2106;8425
8425;35494526;8762;4050;8426
8426;35502952;9575;3707;8427
8427;35511379;12639;2809;8428
8428;35519807;12642;2809;8429
8429;35528236;16858;2107;8430
8430;35536666;25287;1405;8431
8431;35545097;25293;1405;8432
8432;35553529;16862;2108;8433
8433;35561962;9486;3748;8434
8434;35570396;12651;2811;8435
8435;35578831;21085;1687;8436
8436;35587267;8917;3990;8437
8437;35595704;9139;3894;8438
8438;35604142;46409;767;8439
8439;35612581;12657;2813;8440
8440;35621021;11252;3165;8441
8441;35629462;9706;3670;8442
8442;35637904;10787;3303;8443
8443;35646347;25329;1407;8444
8444;35654791;16886;2111;8445
8445;35663236;10555;3378;8446
8446;35671682;12669;2815;8447
8447;35680129;346327;103;8448
8448;35688577;16894;2112;8449
8449;35697026;8976;3976;8450
8450;35705476;11999;2975;8451
8451;35713927;8775;4069;8452
8452;35722379;12678;2817;8453
8453;35730832;16906;2113;8454
8454;35739286;25359;1409;8455
8455;35747741;21135;1691;8456
8456;35756197;10570;3382;8457
8457;35764654;11276;3171;8458
8458;35773112;12687;2819;8459
8459;35781571;46519;769;8460
8460;35790031;9306;3845;8461
8461;35798492;16922;2115;8462
8462;35806954;35798491;1;8463
8463;35815417;12693;2821;8464
8464;35823881;8556;4186;8465
8465;35832346;10580;3386;8466
8466;35840812;21165;1693;8467
8467;35849279;25401;1411;8468
8468;35857747;16934;2117;8469
8469;35866216;12702;2823;8470
8470;35874686;10351;3465;8471
8471;35883157;10835;3311;8472
8472;35891629;15179;2364;8473
8473;35900102;13061;2748;8474
8474;35908576;51067;703;8475
8475;35917051;10735;3345;8476
8476;35925527;8814;4075;8477
8477;35934004;14833;2422;8478
8478;35942482;9891;3633;8479
8479;35950961;9577;3753;8480
8480;35959441;11120;3233;8481
8481;35967922;8745;4112;8482
8482;35976404;12723;2827;8483
8483;35984887;72097;499;8484
8484;35993371;10302;3493;8485
8485;36001856;10182;3535;8486
8486;36010342;21215;1697;8487
8487;36018829;12729;2829;8488
8488;36027317;9549;3772;8489
8489;36035806;13793;2612;8490
8490;36044296;9795;3679;8491
8491;36052787;9905;3639;8492
8492;36061279;13343;2702;8493
8493;36069772;9834;3667;8494
8494;36078266;12741;2831;8495
8495;36086761;21235;1699;8496
8496;36095257;10194;3540;8497
8497;36103754;10266;3516;8498
8498;36112252;17603;2051;8499
8499;36120751;12747;2833;8500
8500;36129251;12750;2833;8501
8501;36137752;17002;2125;8502
8502;36146254;25503;1417;8503
8503;36154757;10049;3597;8504
8504;36163261;11693;3092;8505
8505;36171766;9567;3780;8506
8506;36180272;12759;2835;8507
8507;36188779;199891;181;8508
8508;36197287;17014;2127;8509
8509;36205796;17018;2127;8510
8510;36214306;12395;2921;8511
8511;36222817;12765;2837;8512
8512;36231329;11348;3192;8513
8513;36239842;17026;2128;8514
8514;36248356;25539;1419;8515
8515;36256871;12969;2795;8516
8516;36265387;10645;3406;8517
8517;36273904;12774;2839;8518
8518;36282422;12777;2839;8519
8519;36290941;29813;1217;8520
8520;36299461;9940;3651;8521
8521;36307982;17042;2130;8522
8522;36316504;36307981;1;8523
8523;36325027;12783;2841;8524
8524;36333551;12786;2841;8525
8525;36342076;10655;3410;8526
8526;36350602;9889;3675;8527
8527;36359129;25581;1421;8528
8528;36367657;17054;2132;8529
8529;36376186;11372;3198;8530
8530;36384716;12795;2843;8531
8531;36393247;16207;2245;8532
8532;36401779;9006;4041;8533
8533;36410312;8694;4187;8534
8534;36418846;13303;2737;8535
8535;36427381;9673;3765;8536
8536;36435917;10670;3414;8537
8537;36444454;17074;2134;8538
8538;36452992;25611;1423;8539
8539;36461531;25617;1423;8540
8540;36470071;17078;2135;8541
8541;36478612;8906;4095;8542
8542;36487154;12813;2847;8543
8543;36495697;36487153;1;8544
8544;36504241;17086;2136;8545
8545;36512786;10254;3560;8546
8546;36521332;21365;1709;8547
8547;36529879;12819;2849;8548
8548;36538427;12822;2849;8549
8549;36546976;17098;2137;8550
8550;36555526;9785;3735;8551
8551;36564077;9557;3825;8552
8552;36572629;17102;2138;8553
8553;36581182;11404;3207;8554
8554;36589736;12831;2851;8555
8555;36598291;9541;3835;8556
8556;36606847;8990;4071;8557
8557;36615404;9154;3999;8558
8558;36623962;16727;2189;8559
8559;36632521;10461;3501;8560
8560;36641081;9510;3852;8561
8561;36649642;9784;3745;8562
8562;36658204;9989;3669;8563
8563;36666767;25689;1427;8564
8564;36675331;17126;2141;8565
8565;36683896;10705;3426;8566
8566;36692462;12849;2855;8567
8567;36701029;55679;659;8568
8568;36709597;9226;3978;8569
8569;36718166;8778;4182;8570
8570;36726736;9427;3895;8571
8571;36735307;12855;2857;8572
8572;36743879;12858;2857;8573
8573;36752452;17146;2143;8574
8574;36761026;25719;1429;8575
8575;36769601;10003;3675;8576
8576;36778177;9380;3920;8577
8577;36786754;9648;3812;8578
8578;36795332;12867;2859;8579
8579;36803911;98647;373;8580
8580;36812491;8970;4103;8581
8581;36821072;17162;2145;8582
8582;36829654;60067;613;8583
8583;36838237;12873;2861;8584
8584;36846821;11444;3219;8585
8585;36855406;9860;3737;8586
8586;36863992;13515;2727;8587
8587;36872579;14681;2511;8588
8588;36881167;10526;3503;8589
8589;36889756;12882;2863;8590
8590;36898346;12885;2863;8591
8591;36906937;9449;3905;8592
8592;36915529;9372;3938;8593
8593;36924122;9308;3966;8594
8594;36932716;55861;661;8595
8595;36941311;12891;2865;8596
8596;36949907;9210;4011;8597
8597;36958504;17194;2149;8598
8598;36967102;25791;1433;8599
8599;36975701;25797;1433;8600
8600;36984301;17198;2150;8601
8601;36992902;9150;4042;8602
8602;37001504;8789;4209;8603
8603;37010107;13519;2737;8604
8604;37018711;10038;3687;8605
8605;37027316;10326;3585;8606
8606;37035922;21515;1721;8607
8607;37044529;12909;2869;8608
8608;37053137;10222;3624;8609
8609;37061746;17218;2152;8610
8610;37070356;25827;1435;8611
8611;37078967;9717;3815;8612
8612;37087579;17222;2153;8613
8613;37096192;12918;2871;8614
8614;37104806;12921;2871;8615
8615;37113421;21535;1723;8616
8616;37122037;10338;3590;8617
8617;37130654;10052;3693;8618
8618;37139272;30163;1231;8619
8619;37147891;12927;2873;8620
8620;37156511;11206;3315;8621
8621;37165132;15947;2330;8622
8622;37173754;17723;2097;8623
8623;37182377;25869;1437;8624
8624;37191001;17246;2156;8625
8625;37199626;8855;4200;8626
8626;37208252;10925;3405;8627
8627;37216879;163913;227;8628
8628;37225507;17254;2157;8629
8629;37234136;17258;2157;8630
8630;37242766;43145;863;8631
8631;37251397;12945;2877;8632
8632;37260029;9711;3836;8633
8633;37268662;14774;2522;8634
8634;37277296;25899;1439;8635
8635;37285931;15829;2355;8636
8636;37294567;10795;3454;8637
8637;37303204;12954;2879;8638
8638;37311842;12957;2879;8639
8639;37320481;32701;1141;8640
8640;37329121;8802;4240;8641
8641;37337762;17282;2160;8642
8642;37346404;250589;149;8643
8643;37355047;9983;3741;8644
8644;37363691;12966;2881;8645
8645;37372336;10805;3458;8646
8646;37380982;10087;3705;8647
8647;37389629;25941;1441;8648
8648;37398277;17294;2162;8649
8649;37406926;8742;4278;8650
8650;37415576;12975;2883;8651
8651;37424227;35465;1055;8652
8652;37432879;8862;4223;8653
8653;37441532;10506;3563;8654
8654;37450186;73559;509;8655
8655;37458841;12981;2885;8656
8656;37467497;10820;3462;8657
8657;37476154;11902;3148;8658
8658;37484812;10231;3663;8659
8659;37493471;10101;3711;8660
8660;37502131;12370;3031;8661
8661;37510792;12990;2887;8662
8662;37519454;12993;2887;8663
8663;37528117;528443;71;8664
8664;37536781;17326;2166;8665
8665;37545446;10398;3610;8666
8666;37554112;12131;3095;8667
8667;37562779;12999;2889;8668
8668;37571447;10593;3546;8669
8669;37580116;17338;2167;8670
8670;37588786;26007;1445;8671
8671;37597457;10005;3757;8672
8672;37606129;10672;3523;8673
8673;37614802;9912;3794;8674
8674;37623476;13011;2891;8675
8675;37632151;21685;1735;8676
8676;37640827;10410;3615;8677
8677;37649504;17354;2169;8678
8678;37658182;37649503;1;8679
8679;37666861;13017;2893;8680
8680;37675541;9205;4092;8681
8681;37684222;17362;2170;8682
8682;37692904;26043;1447;8683
8683;37701587;26049;1447;8684
8684;37710271;11882;3173;8685
8685;37718956;10855;3474;8686
8686;37727642;13029;2895;8687
8687;37736329;12019;3139;8688
8688;37745017;9231;4088;8689
8689;37753706;17378;2172;8690
8690;37762396;43445;869;8691
8691;37771087;13035;2897;8692
8692;37779779;13038;2897;8693
8693;37788472;17386;2173;8694
8694;37797166;26079;1449;8695
8695;37805861;8883;4255;8696
8696;37814557;10870;3478;8697
8697;37823254;11596;3261;8698
8698;37831952;13047;2899;8699
8699;37840651;37831951;1;8700
8700;37849351;17398;2175;8701
8701;37858052;9570;3955;8702
8702;37866754;15029;2519;8703
8703;37875457;13053;2901;8704
8704;37884161;9792;3868;8705
8705;37892866;10880;3482;8706
8706;37901572;21765;1741;8707
8707;37910279;26121;1451;8708
8708;37918987;17414;2177;8709
8709;37927696;13062;2903;8710
8710;37936406;13065;2903;8711
8711;37945117;10385;3653;8712
8712;37953829;9273;4092;8713
8713;37962542;17426;2178;8714
8714;37971256;37962541;1;8715
8715;37979971;13071;2905;8716
8716;37988687;10895;3486;8717
8717;37997404;17434;2179;8718
8718;38006122;26151;1453;8719
8719;38014841;26157;1453;8720
8720;38023561;17438;2180;8721
8721;38032282;9180;4142;8722
8722;38041004;10591;3591;8723
8723;38049727;12727;2989;8724
8724;38058451;9451;4026;8725
8725;38067176;10470;3635;8726
8726;38075902;21815;1745;8727
8727;38084629;13089;2909;8728
8728;38093357;11636;3273;8729
8729;38102086;15274;2494;8730
8730;38110816;9135;4171;8731
8731;38119547;26193;1455;8732
8732;38128279;17462;2183;8733
8733;38137012;9102;4189;8734
8734;38145746;13101;2911;8735
8735;38154481;19217;1985;8736
8736;38163217;10482;3640;8737
8737;38171954;17474;2184;8738
8738;38180692;148529;257;8739
8739;38189431;13107;2913;8740
8740;38198171;9710;3933;8741
8741;38206912;17482;2185;8742
8742;38215654;26223;1457;8743
8743;38224397;10199;3747;8744
8744;38233141;15302;2498;8745
8745;38241886;10930;3498;8746
8746;38250632;13119;2915;8747
8747;38259379;38250631;1;8748
8748;38268127;17494;2187;8749
8749;38276876;9477;4038;8750
8750;38285626;11375;3365;8751
8751;38294377;13125;2917;8752
8752;38303129;11668;3282;8753
8753;38311882;17506;2188;8754
8754;38320636;26259;1459;8755
8755;38329391;21885;1751;8756
8756;38338147;10945;3502;8757
8757;38346904;9174;4179;8758
8758;38355662;9513;4031;8759
8759;38364421;13369;2869;8760
8760;38373181;9220;4161;8761
8761;38381942;17522;2190;8762
8762;38390704;113893;337;8763
8763;38399467;13143;2921;8764
8764;38408231;13146;2921;8765
8765;38416996;10955;3506;8766
8766;38425762;15777;2435;8767
8767;38434529;16071;2391;8768
8768;38443297;12056;3188;8769
8769;38452066;10138;3792;8770
8770;38460836;13155;2923;8771
8771;38469607;30695;1253;8772
8772;38478379;9129;4214;8773
8773;38487152;9622;3999;8774
8774;38495926;11603;3317;8775
8775;38504701;9225;4173;8776
8776;38513477;9873;3900;8777
8777;38522254;17554;2194;8778
8778;38531032;8911;4323;8779
8779;38539811;26337;1463;8780
8780;38548591;17558;2195;8781
8781;38557372;13170;2927;8782
8782;38566154;13173;2927;8783
8783;38574937;38566153;1;8784
8784;38583721;17566;2196;8785
8785;38592506;9036;4270;8786
8786;38601292;21965;1757;8787
8787;38610079;13179;2929;8788
8788;38618867;9802;3939;8789
8789;38627656;10387;3718;8790
8790;38636446;9669;3995;8791
8791;38645237;17287;2235;8792
8792;38654029;9263;4172;8793
8793;38662822;9891;3908;8794
8794;38671616;13191;2931;8795
8795;38680411;21985;1759;8796
8796;38689207;10554;3665;8797
8797;38698004;13927;2778;8798
8798;38706802;24539;1577;8799
8799;38715601;13197;2933;8800
8800;38724401;9218;4200;8801
8801;38733202;10832;3575;8802
8802;38742004;18279;2119;8803
8803;38750807;26409;1467;8804
8804;38759611;17606;2201;8805
8805;38768416;11005;3522;8806
8806;38777222;9435;4109;8807
8807;38786029;61649;629;8808
8808;38794837;17614;2202;8809
8809;38803646;16882;2298;8810
8810;38812456;20263;1915;8811
8811;38821267;9691;4005;8812
8812;38830079;13218;2937;8813
8813;38838892;15421;2518;8814
8814;38847706;10283;3777;8815
8815;38856521;13899;2795;8816
8816;38865337;9512;4085;8817
8817;38874154;11756;3306;8818
8818;38882972;13227;2939;8819
8819;38891791;38882971;1;8820
8820;38900611;17638;2205;8821
8821;38909432;17642;2205;8822
8822;38918254;97031;401;8823
8823;38927077;13233;2941;8824
8824;38935901;11764;3309;8825
8825;38944726;11030;3530;8826
8826;38953552;22065;1765;8827
8827;38962379;10297;3783;8828
8828;38971207;15449;2522;8829
8829;38980036;13242;2943;8830
8830;38988866;13245;2943;8831
8831;38997697;44155;883;8832
8832;39006529;17662;2208;8833
8833;39015362;9636;4048;8834
8834;39024196;46063;847;8835
8835;39033031;9465;4123;8836
8836;39041867;8930;4371;8837
8837;39050704;17674;2209;8838
8838;39059542;26511;1473;8839
8839;39068381;26517;1473;8840
8840;39077221;17678;2210;8841
8841;39086062;9282;4210;8842
8842;39094904;13263;2947;8843
8843;39103747;163577;239;8844
8844;39112591;14874;2629;8845
8845;39121436;9570;4087;8846
8846;39130282;22115;1769;8847
8847;39139129;13269;2949;8848
8848;39147977;9954;3932;8849
8849;39156826;17698;2212;8850
8850;39165676;26547;1475;8851
8851;39174527;9381;4175;8852
8852;39183379;17702;2213;8853
8853;39192232;13278;2951;8854
8854;39201086;9087;4313;8855
8855;39209941;12815;3059;8856
8856;39218797;9020;4347;8857
8857;39227654;9378;4182;8858
8858;39236512;22403;1751;8859
8859;39245371;13287;2953;8860
8860;39254231;13290;2953;8861
8861;39263092;17722;2215;8862
8862;39271954;26583;1477;8863
8863;39280817;26589;1477;8864
8864;39289681;17726;2216;8865
8865;39298546;9456;4155;8866
8866;39307412;10835;3627;8867
8867;39316279;97537;403;8868
8868;39325147;17734;2217;8869
8869;39334016;10346;3801;8870
8870;39342886;31045;1267;8871
8871;39351757;13305;2957;8872
8872;39360629;11828;3327;8873
8873;39369502;17746;2218;8874
8874;39378376;9367;4203;8875
8875;39387251;10295;3825;8876
8876;39396127;11095;3550;8877
8877;39405004;10461;3766;8878
8878;39413882;13317;2959;8879
8879;39422761;15709;2509;8880
8880;39431641;9620;4098;8881
8881;39440522;9213;4280;8882
8882;39449404;368603;107;8883
8883;39458287;13323;2961;8884
8884;39467171;13326;2961;8885
8885;39476056;11105;3554;8886
8886;39484942;22215;1777;8887
8887;39493829;26661;1481;8888
8888;39502717;17774;2222;8889
8889;39511606;11852;3333;8890
8890;39520496;13335;2963;8891
8891;39529387;10795;3661;8892
8892;39538279;9414;4199;8893
8893;39547172;17786;2223;8894
8894;39556066;39547171;1;8895
8895;39564961;13341;2965;8896
8896;39573857;9488;4170;8897
8897;39582754;9184;4309;8898
8898;39591652;10381;3813;8899
8899;39600551;16313;2427;8900
8900;39609451;9790;4045;8901
8901;39618352;9675;4094;8902
8902;39627254;13353;2967;8903
8903;39636157;129079;307;8904
8904;39645061;9222;4298;8905
8905;39653966;9590;4134;8906
8906;39662872;10001;3965;8907
8907;39671779;13359;2969;8908
8908;39680687;13362;2969;8909
8909;39689596;15458;2567;8910
8910;39698506;9735;4077;8911
8911;39707417;9045;4389;8912
8912;39716329;10184;3899;8913
8913;39725242;11884;3342;8914
8914;39734156;13371;2971;8915
8915;39743071;22285;1783;8916
8916;39751987;10698;3715;8917
8917;39760904;17834;2229;8918
8918;39769822;11809;3367;8919
8919;39778741;12883;3087;8920
8920;39787661;9910;4014;8921
8921;39796582;9812;4055;8922
8922;39805504;16357;2433;8923
8923;39814427;26769;1487;8924
8924;39823351;17846;2231;8925
8925;39832276;9775;4074;8926
8926;39841202;13389;2975;8927
8927;39850129;352577;113;8928
8928;39859057;9796;4068;8929
8929;39867986;17858;2232;8930
8930;39876916;44645;893;8931
8931;39885847;9165;4351;8932
8932;39894779;9618;4147;8933
8933;39903712;17866;2233;8934
8934;39912646;26799;1489;8935
8935;39921581;22335;1787;8936
8936;39930517;11170;3574;8937
8937;39939454;10053;3972;8938
8938;39948392;13407;2979;8939
8939;39957331;31283;1277;8940
8940;39966271;10430;3831;8941
8941;39975212;17882;2235;8942
8942;39984154;151997;263;8943
8943;39993097;13413;2981;8944
8944;40002041;10569;3784;8945
8945;40010986;11180;3578;8946
8946;40019932;12523;3195;8947
8947;40028879;11431;3501;8948
8948;40037827;17894;2237;8949
8949;40046776;13422;2983;8950
8950;40055726;10203;3925;8951
8951;40064677;44755;895;8952
8952;40073629;17902;2238;8953
8953;40082582;10444;3837;8954
8954;40091536;14069;2849;8955
8955;40100491;10945;3663;8956
8956;40109447;11195;3582;8957
8957;40118404;17914;2239;8958
8958;40127362;19409;2067;8959
8959;40136321;25381;1581;8960
8960;40145281;9248;4340;8961
8961;40154242;9280;4326;8962
8962;40163204;13443;2987;8963
8963;40172167;40163203;1;8964
8964;40181131;17926;2241;8965
8965;40190096;9130;4401;8966
8966;40199062;22415;1793;8967
8967;40208029;13449;2989;8968
8968;40216997;10797;3724;8969
8969;40225966;17938;2242;8970
8970;40234936;26907;1495;8971
8971;40243907;26913;1495;8972
8972;40252879;17942;2243;8973
8973;40261852;13458;2991;8974
8974;40270826;13461;2991;8975
8975;40279801;12565;3205;8976
8976;40288777;9350;4308;8977
8977;40297754;9588;4202;8978
8978;40306732;12797;3149;8979
8979;40315711;13467;2993;8980
8980;40324691;13470;2993;8981
8981;40333672;12830;3143;8982
8982;40342654;10479;3849;8983
8983;40351637;19461;2073;8984
8984;40360621;14599;2764;8985
8985;40369606;11230;3594;8986
8986;40378592;13479;2995;8987
8987;40387579;49423;817;8988
8988;40396567;9202;4389;8989
8989;40405556;9523;4242;8990
8990;40414546;12905;3131;8991
8991;40423537;9657;4185;8992
8992;40432529;10116;3996;8993
8993;40441522;9554;4232;8994
8994;40450516;25483;1587;8995
8995;40459511;10493;3855;8996
8996;40468507;11245;3598;8997
8997;40477504;13494;2999;8998
8998;40486502;13497;2999;8999
8999;40495501;98989;409;9000
9000;40504501;17998;2250;9001
9001;40513502;18002;2250;9002
9002;40522504;63007;643;9003
9003;40531507;13503;3001;9004
9004;40540511;13506;3001;9005
9005;40549516;11255;3602;9006
9006;40558522;22515;1801;9007
9007;40567529;27021;1501;9008
9008;40576537;18014;2252;9009
9009;40585546;10134;4004;9010
9010;40594556;9911;4095;9011
9011;40603567;45055;901;9012
9012;40612579;18022;2253;9013
9013;40621592;18026;2253;9014
9014;40630606;40621591;1;9015
9015;40639621;13521;3005;9016
9016;40648637;9660;4207;9017
9017;40657654;11431;3556;9018
9018;40666672;11857;3429;9019
9019;40675691;14529;2799;9020
9020;40684711;11890;3421;9021
9021;40693732;10230;3977;9022
9022;40702754;10757;3783;9023
9023;40711777;16757;2429;9024
9024;40720801;10312;3948;9025
9025;40729826;9120;4465;9026
9026;40738852;22565;1805;9027
9027;40747879;13539;3009;9028
9028;40756907;9333;4366;9029
9029;40765936;18058;2257;9030
9030;40774966;27087;1505;9031
9031;40783997;9933;4105;9032
9032;40793029;12419;3284;9033
9033;40802062;12044;3387;9034
9034;40811096;13551;3011;9035
9035;40820131;22585;1807;9036
9036;40829167;9789;4170;9037
9037;40838204;10542;3873;9038
9038;40847242;31633;1291;9039
9039;40856281;13557;3013;9040
9040;40865321;10396;3930;9041
9041;40874362;18082;2260;9042
9042;40883404;27123;1507;9043
9043;40892447;27129;1507;9044
9044;40901491;18086;2261;9045
9045;40910536;9690;4221;9046
9046;40919582;13569;3015;9047
9047;40928629;375409;109;9048
9048;40937677;9483;4316;9049
9049;40946726;18098;2262;9050
9050;40955776;45245;905;9051
9051;40964827;10775;3801;9052
9052;40973879;13361;3066;9053
9053;40982932;18106;2263;9054
9054;40991986;16599;2469;9055
9055;41001041;16299;2515;9056
9056;41010097;11320;3622;9057
9057;41019154;12076;3396;9058
9058;41028212;13587;3019;9059
9059;41037271;63413;647;9060
9060;41046331;18118;2265;9061
9061;41055392;9815;4182;9062
9062;41064454;12259;3349;9063
9063;41073517;10441;3933;9064
9064;41082581;10197;4028;9065
9065;41091646;10094;4070;9066
9066;41100712;10577;3885;9067
9067;41109779;27201;1511;9068
9068;41118847;18134;2267;9069
9069;41127916;13602;3023;9070
9070;41136986;13605;3023;9071
9071;41146057;42629;965;9072
9072;41155129;10152;4053;9073
9073;41164202;9288;4431;9074
9074;41173276;15007;2743;9075
9075;41182351;10725;3839;9076
9076;41191427;11345;3630;9077
9077;41200504;18154;2269;9078
9078;41209582;15963;2581;9079
9079;41218661;10591;3891;9080
9080;41227741;12970;3178;9081
9081;41236822;10090;4086;9082
9082;41245904;13623;3027;9083
9083;41254987;70027;589;9084
9084;41264071;18166;2271;9085
9085;41273156;10902;3785;9086
9086;41282242;9499;4345;9087
9087;41291329;13629;3029;9088
9088;41300417;11076;3728;9089
9089;41309506;9536;4331;9090
9090;41318596;15049;2745;9091
9091;41327687;27273;1515;9092
9092;41336779;18182;2273;9093
9093;41345872;13638;3031;9094
9094;41354966;13641;3031;9095
9095;41364061;22735;1819;9096
9096;41373157;10914;3790;9097
9097;41382254;9924;4169;9098
9098;41391352;50039;827;9099
9099;41400451;13647;3033;9100
9100;41409551;9450;4381;9101
9101;41418652;11975;3458;9102
9102;41427754;17723;2337;9103
9103;41436857;27309;1517;9104
9104;41445961;18206;2276;9105
9105;41455066;11380;3642;9106
9106;41464172;13659;3035;9107
9107;41473279;31871;1301;9108
9108;41482387;10626;3903;9109
9109;41491496;18218;2277;9110
9110;41500606;45545;911;9111
9111;41509717;13665;3037;9112
9112;41518829;12148;3417;9113
9113;41527942;11917;3484;9114
9114;41537056;14721;2821;9115
9115;41546171;12761;3255;9116
9116;41555287;11395;3646;9117
9117;41564404;13674;3039;9118
9118;41573522;13677;3039;9119
9119;41582641;38963;1067;9120
9120;41591761;9948;4180;9121
9121;41600882;10424;3990;9122
9122;41610004;31927;1303;9123
9123;41619127;13683;3041;9124
9124;41628251;13686;3041;9125
9125;41637376;11405;3650;9126
9126;41646502;9855;4225;9127
9127;41655629;27381;1521;9128
9128;41664757;18254;2282;9129
9129;41673886;11084;3759;9130
9130;41683016;9845;4233;9131
9131;41692147;9545;4367;9132
9132;41701279;17503;2382;9133
9133;41710412;18266;2283;9134
9134;41719546;41710411;1;9135
9135;41728681;13701;3045;9136
9136;41737817;10278;4060;9137
9137;41746954;18274;2284;9138
9138;41756092;27411;1523;9139
9139;41765231;19799;2109;9140
9140;41774371;11882;3515;9141
9141;41783512;10054;4155;9142
9142;41792654;13713;3047;9143
9143;41801797;26773;1561;9144
9144;41810941;10414;4014;9145
9145;41820086;10620;3937;9146
9146;41829232;15871;2635;9147
9147;41838379;13719;3049;9148
9148;41847527;13722;3049;9149
9149;41856676;16009;2614;9150
9150;41865826;10675;3921;9151
9151;41874977;27453;1525;9152
9152;41884129;18302;2288;9153
9153;41893282;9504;4407;9154
9154;41902436;13731;3051;9155
9155;41911591;22885;1831;9156
9156;41920747;10986;3815;9157
9157;41929904;18314;2289;9158
9158;41939062;173983;241;9159
9159;41948221;10363;4047;9160
9160;41957381;9847;4260;9161
9161;41966542;18322;2290;9162
9162;41975704;27483;1527;9163
9163;41984867;10689;3927;9164
9164;41994031;9401;4466;9165
9165;42003196;10270;4089;9166
9166;42012362;13749;3055;9167
9167;42021529;407887;103;9168
9168;42030697;16999;2472;9169
9169;42039866;10123;4152;9170
9170;42049036;22663;1855;9171
9171;42058207;13755;3057;9172
9172;42067379;13758;3057;9173
9173;42076552;18346;2293;9174
9174;42085726;27519;1529;9175
9175;42094901;10425;4037;9176
9176;42104077;11377;3700;9177
9177;42113254;9842;4278;9178
9178;42122432;13767;3059;9179
9179;42131611;23651;1781;9180
9180;42140791;10251;4110;9181
9181;42149972;18362;2295;9182
9182;42159154;42149971;1;9183
9183;42168337;13773;3061;9184
9184;42177521;12244;3444;9185
9185;42186706;9352;4510;9186
9186;42195892;16841;2505;9187
9187;42205079;27561;1531;9188
9188;42214267;18374;2297;9189
9189;42223456;13782;3063;9190
9190;42232646;13785;3063;9191
9191;42241837;11947;3535;9192
9192;42251029;9958;4242;9193
9193;42260222;11107;3804;9194
9194;42269416;133313;317;9195
9195;42278611;13791;3065;9196
9196;42287807;11495;3678;9197
9197;42297004;10279;4114;9198
9198;42306202;11169;3787;9199
9199;42315401;27597;1533;9200
9200;42324601;18398;2300;9201
9201;42333802;12268;3450;9202
9202;42343004;13803;3067;9203
9203;42352207;395729;107;9204
9204;42361411;18406;2301;9205
9205;42370616;10257;4130;9206
9206;42379822;23015;1841;9207
9207;42389029;13809;3069;9208
9208;42398237;10359;4092;9209
9209;42407446;18418;2302;9210
9210;42416656;27627;1535;9211
9211;42425867;18727;2265;9212
9212;42435079;14194;2989;9213
9213;42444292;10434;4067;9214
9214;42453506;10027;4233;9215
9215;42462721;23035;1843;9216
9216;42471937;9312;4560;9217
9217;42481154;9984;4254;9218
9218;42490372;59917;709;9219
9219;42499591;13827;3073;9220
9220;42508811;9681;4390;9221
9221;42518032;18442;2305;9222
9222;42527254;27663;1537;9223
9223;42536477;11629;3657;9224
9224;42545701;18446;2306;9225
9225;42554926;10377;4100;9226
9226;42564152;9885;4305;9227
9227;42573379;64589;659;9228
9228;42582607;18454;2307;9229
9229;42591836;16918;2517;9230
9230;42601066;10153;4195;9231
9231;42610297;11765;3621;9232
9232;42619529;9809;4344;9233
9233;42628762;10552;4039;9234
9234;42637996;10773;3957;9235
9235;42647231;16623;2565;9236
9236;42656467;11545;3694;9237
9237;42665704;13854;3079;9238
9238;42674942;13857;3079;9239
9239;42684181;286409;149;9240
9240;42693421;18478;2310;9241
9241;42702662;18482;2310;9242
9242;42711904;42702661;1;9243
9243;42721147;13863;3081;9244
9244;42730391;13866;3081;9245
9245;42739636;11555;3698;9246
9246;42748882;14405;2967;9247
9247;42758129;10787;3963;9248
9248;42767377;10568;4046;9249
9249;42776626;12332;3468;9250
9250;42785876;13875;3083;9251
9251;42795127;10175;4205;9252
9252;42804379;14906;2871;9253
9253;42813632;9766;4383;9254
9254;42822886;12559;3409;9255
9255;42832141;9915;4319;9256
9256;42841397;11570;3702;9257
9257;42850654;18514;2314;9258
9258;42859912;27771;1543;9259
9259;42869171;27777;1543;9260
9260;42878431;18518;2315;9261
9261;42887692;9723;4410;9262
9262;42896954;11319;3789;9263
9263;42906217;24839;1727;9264
9264;42915481;11387;3768;9265
9265;42924746;9843;4360;9266
9266;42934012;9605;4469;9267
9267;42943279;13899;3089;9268
9268;42952547;13902;3089;9269
9269;42961816;9982;4303;9270
9270;42971086;9579;4485;9271
9271;42980357;13081;3285;9272
9272;42989629;9652;4453;9273
9273;42998902;10678;4026;9274
9274;43008176;13911;3091;9275
9275;43017451;23185;1855;9276
9276;43026727;10822;3975;9277
9277;43036004;18554;2319;9278
9278;43045282;43036003;1;9279
9279;43054561;13917;3093;9280
9280;43063841;10310;4176;9281
9281;43073122;18562;2320;9282
9282;43082404;27843;1547;9283
9283;43091687;27849;1547;9284
9284;43100971;18566;2321;9285
9285;43110256;11605;3714;9286
9286;43119542;13929;3095;9287
9287;43128829;171791;251;9288
9288;43138117;9546;4518;9289
9289;43147406;10836;3981;9290
9290;43156696;32515;1327;9291
9291;43165987;13935;3097;9292
9292;43175279;11247;3838;9293
9293;43184572;18586;2323;9294
9294;43193866;27879;1549;9295
9295;43203161;17039;2535;9296
9296;43212457;9464;4565;9297
9297;43221754;10458;4132;9298
9298;43231052;13947;3099;9299
9299;43240351;79033;547;9300
9300;43249651;13175;3282;9301
9301;43258952;9825;4402;9302
9302;43268254;330221;131;9303
9303;43277557;13953;3101;9304
9304;43286861;12404;3489;9305
9305;43296166;11630;3722;9306
9306;43305472;16749;2585;9307
9307;43314779;10669;4059;9308
9308;43324087;14678;2951;9309
9309;43333396;10382;4173;9310
9310;43342706;10165;4263;9311
9311;43352017;46555;931;9312
9312;43361329;18622;2328;9313
9313;43370642;12998;3336;9314
9314;43379956;312019;139;9315
9315;43389271;13971;3105;9316
9316;43398587;9453;4590;9317
9317;43407904;10549;4114;9318
9318;43417222;10871;3993;9319
9319;43426541;27957;1553;9320
9320;43435861;18638;2330;9321
9321;43445182;12116;3585;9322
9322;43454504;13983;3107;9323
9323;43463827;550057;79;9324
9324;43473151;18646;2331;9325
9325;43482476;11190;3885;9326
9326;43491802;23315;1865;9327
9327;43501129;13989;3109;9328
9328;43510457;12436;3498;9329
9329;43519786;10802;4028;9330
9330;43529116;17727;2455;9331
9331;43538447;9641;4515;9332
9332;43547779;16331;2666;9333
9333;43557112;13998;3111;9334
9334;43566446;13481;3231;9335
9335;43575781;23335;1867;9336
9336;43585117;11202;3890;9337
9337;43594454;18674;2334;9338
9338;43603792;65359;667;9339
9339;43613131;14007;3113;9340
9340;43622471;10274;4245;9341
9341;43631812;18682;2335;9342
9342;43641154;28023;1557;9343
9343;43650497;28029;1557;9344
9344;43659841;18686;2336;9345
9345;43669186;9968;4380;9346
9346;43678532;14019;3115;9347
9347;43687879;60749;719;9348
9348;43697227;10127;4314;9349
9349;43706576;18698;2337;9350
9350;43715926;46745;935;9351
9351;43725277;11429;3825;9352
9352;43734629;10521;4156;9353
9353;43743982;15698;2786;9354
9354;43753336;28059;1559;9355
9355;43762691;23385;1871;9356
9356;43772047;11695;3742;9357
9357;43781404;14034;3119;9358
9358;43790762;14037;3119;9359
9359;43800121;32753;1337;9360
9360;43809481;9555;4584;9361
9361;43818842;9620;4554;9362
9362;43828204;12617;3473;9363
9363;43837567;14043;3121;9364
9364;43846931;14046;3121;9365
9365;43856296;11705;3746;9366
9366;43865662;13111;3345;9367
9367;43875029;10353;4237;9368
9368;43884397;18734;2342;9369
9369;43893766;10539;4164;9370
9370;43903136;14055;3123;9371
9371;43912507;46855;937;9372
9372;43921879;18742;2343;9373
9373;43931252;10153;4326;9374
9374;43940626;9919;4429;9375
9375;43950001;13625;3225;9376
9376;43959377;10000;4395;9377
9377;43968754;18754;2344;9378
9378;43978132;28131;1563;9379
9379;43987511;28137;1563;9380
9380;43996891;11122;3955;9381
9381;44006272;10653;4130;9382
9382;44015654;14073;3127;9383
9383;44025037;51601;853;9384
9384;44034421;10236;4301;9385
9385;44043806;11262;3910;9386
9386;44053192;23465;1877;9387
9387;44062579;13559;3249;9388
9388;44071967;14082;3129;9389
9389;44081356;18778;2347;9390
9390;44090746;12833;3435;9391
9391;44100137;28173;1565;9392
9392;44109529;18782;2348;9393
9393;44118922;12524;3522;9394
9394;44128316;13237;3333;9395
9395;44137711;13153;3355;9396
9396;44147107;11274;3915;9397
9397;44156504;18794;2349;9398
9398;44165902;347689;127;9399
9399;44175301;14097;3133;9400
9400;44184701;11327;3900;9401
9401;44194102;11060;3995;9402
9402;44203504;10969;4029;9403
9403;44212907;28209;1567;9404
9404;44222311;18806;2351;9405
9405;44231716;11755;3762;9406
9406;44241122;14109;3135;9407
9407;44250529;108169;409;9408
9408;44259937;9816;4508;9409
9409;44269346;9506;4656;9410
9410;44278756;47045;941;9411
9411;44288167;14115;3137;9412
9412;44297579;14118;3137;9413
9413;44306992;18826;2353;9414
9414;44316406;28239;1569;9415
9415;44325821;10983;4035;9416
9416;44335237;11770;3766;9417
9417;44344654;9636;4601;9418
9418;44354072;11911;3723;9419
9419;44363491;160123;277;9420
9420;44372911;18838;2355;9421
9421;44382332;18842;2355;9422
9422;44391754;65947;673;9423
9423;44401177;14133;3141;9424
9424;44410601;10602;4188;9425
9425;44420026;9880;4495;9426
9426;44429452;20423;2175;9427
9427;44438879;17281;2571;9428
9428;44448307;18854;2357;9429
9429;44457736;14142;3143;9430
9430;44467166;10327;4305;9431
9431;44476597;47155;943;9432
9432;44486029;18862;2358;9433
9433;44495462;18866;2358;9434
9434;44504896;499949;89;9435
9435;44514331;9805;4539;9436
9436;44523767;10110;4403;9437
9437;44533204;18874;2359;9438
9438;44542642;28311;1573;9439
9439;44552081;28317;1573;9440
9440;44561521;18878;2360;9441
9441;44570962;10490;4248;9442
9442;44580404;14163;3147;9443
9443;44589847;33047;1349;9444
9444;44599291;11018;4047;9445
9445;44608736;11334;3935;9446
9446;44618182;23615;1889;9447
9447;44627629;14169;3149;9448
9448;44637077;12596;3543;9449
9449;44646526;12991;3436;9450
9450;44655976;10395;4295;9451
9451;44665427;10905;4095;9452
9452;44674879;12359;3614;9453
9453;44684332;9591;4658;9454
9454;44693786;11247;3973;9455
9455;44703241;9943;4495;9456
9456;44712697;11346;3940;9457
9457;44722154;9653;4632;9458
9458;44731612;33103;1351;9459
9459;44741071;14187;3153;9460
9460;44750531;10510;4257;9461
9461;44759992;18922;2365;9462
9462;44769454;28383;1577;9463
9463;44778917;28389;1577;9464
9464;44788381;18926;2366;9465
9465;44797846;10140;4417;9466
9466;44807312;14199;3155;9467
9467;44816779;44807311;1;9468
9468;44826247;18934;2367;9469
9469;44835716;10026;4471;9470
9470;44845186;16099;2785;9471
9471;44854657;10417;4305;9472
9472;44864129;9768;4592;9473
9473;44873602;18946;2368;9474
9474;44883076;28419;1579;9475
9475;44892551;23685;1895;9476
9476;44902027;11845;3790;9477
9477;44911504;11178;4017;9478
9478;44920982;14217;3159;9479
9479;44930461;66353;677;9480
9480;44939941;18958;2370;9481
9481;44949422;9980;4503;9482
9482;44958904;90079;499;9483
9483;44968387;12499;3597;9484
9484;44977871;14226;3161;9485
9485;44987356;11855;3794;9486
9486;44996842;9765;4607;9487
9487;45006329;14787;3043;9488
9488;45015817;18974;2372;9489
9489;45025306;12652;3558;9490
9490;45034796;14235;3163;9491
9491;45044287;47455;949;9492
9492;45053779;18982;2373;9493
9493;45063272;12082;3729;9494
9494;45072766;40561;1111;9495
9495;45082261;9917;4545;9496
9496;45091757;10683;4220;9497
9497;45101254;18994;2374;9498
9498;45110752;28491;1583;9499
9499;45120251;11081;4071;9500
9500;45129751;10325;4370;9501
9501;45139252;14250;3167;9502
9502;45148754;14253;3167;9503
9503;45158257;61763;731;9504
9504;45167761;9724;4644;9505
9505;45177266;11406;3960;9506
9506;45186772;13307;3395;9507
9507;45196279;14259;3169;9508
9508;45205787;14262;3169;9509
9509;45215296;19018;2377;9510
9510;45224806;11729;3855;9511
9511;45234317;28533;1585;9512
9512;45243829;19022;2378;9513
9513;45253342;10332;4379;9514
9514;45262856;10117;4473;9515
9515;45272371;11591;3905;9516
9516;45281887;10065;4498;9517
9517;45291404;11346;3991;9518
9518;45300922;147529;307;9519
9519;45310441;14277;3173;9520
9520;45319961;9690;4676;9521
9521;45329482;19042;2380;9522
9522;45339004;28563;1587;9523
9523;45348527;18423;2461;9524
9524;45358051;19046;2381;9525
9525;45367576;11905;3810;9526
9526;45377102;10825;4191;9527
9527;45386629;14971;3031;9528
9528;45396157;11116;4083;9529
9529;45405686;10322;4398;9530
9530;45415216;12389;3665;9531
9531;45424747;14295;3177;9532
9532;45434279;14298;3177;9533
9533;45443812;19066;2383;9534
9534;45453346;28599;1589;9535
9535;45462881;13349;3405;9536
9536;45472417;11920;3814;9537
9537;45481954;9834;4624;9538
9538;45491492;10659;4267;9539
9539;45501031;181241;251;9540
9540;45510571;19078;2385;9541
9541;45520112;9870;4611;9542
9542;45529654;10643;4277;9543
9543;45539197;14313;3181;9544
9544;45548741;12724;3579;9545
9545;45558286;11930;3818;9546
9546;45567832;10707;4255;9547
9547;45577379;28641;1591;9548
9548;45586927;19094;2387;9549
9549;45596476;11671;3906;9550
9550;45606026;14325;3183;9551
9551;45615577;47755;955;9552
9552;45625129;19102;2388;9553
9553;45634682;16318;2796;9554
9554;45644236;11521;3961;9555
9555;45653791;9835;4641;9556
9556;45663347;11945;3822;9557
9557;45672904;19114;2389;9558
9558;45682462;10089;4527;9559
9559;45692021;9801;4661;9560
9560;45701581;10516;4345;9561
9561;45711142;12748;3585;9562
9562;45720704;14343;3187;9563
9563;45730267;49859;917;9564
9564;45739831;19126;2391;9565
9565;45749396;11478;3985;9566
9566;45758962;23915;1913;9567
9567;45768529;14349;3189;9568
9568;45778097;10764;4252;9569
9569;45787666;10936;4186;9570
9570;45797236;11165;4101;9571
9571;45806807;16269;2815;9572
9572;45816379;19142;2393;9573
9573;45825952;14358;3191;9574
9574;45835526;14361;3191;9575
9575;45845101;23935;1915;9576
9576;45854677;9975;4596;9577
9577;45864254;9891;4636;9578
9578;45873832;292129;157;9579
9579;45883411;14367;3193;9580
9580;45892991;14370;3193;9581
9581;45902572;10538;4355;9582
9582;45912154;17567;2613;9583
9583;45921737;11179;4107;9584
9584;45931321;10952;4193;9585
9585;45940906;10782;4260;9586
9586;45950492;14379;3195;9587
9587;45960079;45950491;1;9588
9588;45969667;19174;2397;9589
9589;45979256;10481;4386;9590
9590;45988846;29455;1561;9591
9591;45998437;14385;3197;9592
9592;46008029;10028;4587;9593
9593;46017622;11554;3982;9594
9594;46027216;19557;2353;9595
9595;46036811;10127;4545;9596
9596;46046407;11995;3838;9597
9597;46056004;14394;3199;9598
9598;46065602;14397;3199;9599
9599;46075201;139171;331;9600
9600;46084801;9930;4640;9601
9601;46094402;19202;2400;9602
9602;46104004;46094401;1;9603
9603;46113607;14403;3201;9604
9604;46123211;9702;4753;9605
9605;46132816;11074;4165;9606
9606;46142422;24015;1921;9607
9607;46152029;20813;2217;9608
9608;46161637;15613;2956;9609
9609;46171246;12812;3603;9610
9610;46180856;14415;3203;9611
9611;46190467;33635;1373;9612
9612;46200079;11214;4119;9613
9613;46209692;19226;2403;9614
9614;46219306;105743;437;9615
9615;46228921;12179;3795;9616
9616;46238537;12020;3846;9617
9617;46248154;19234;2404;9618
9618;46257772;13511;3423;9619
9619;46267391;28857;1603;9620
9620;46277011;19238;2405;9621
9621;46286632;10690;4329;9622
9622;46296254;14433;3207;9623
9623;46305877;163591;283;9624
9624;46315501;19246;2406;9625
9625;46325126;10025;4620;9626
9626;46334752;24065;1925;9627
9627;46344379;14439;3209;9628
9628;46354007;14442;3209;9629
9629;46363636;19258;2407;9630
9630;46373266;28887;1605;9631
9631;46382897;28893;1605;9632
9632;46392529;19262;2408;9633
9633;46402162;9804;4732;9634
9634;46411796;14451;3211;9635
9635;46421431;24085;1927;9636
9636;46431067;10293;4510;9637
9637;46440704;10074;4609;9638
9638;46450342;25559;1817;9639
9639;46459981;11529;4029;9640
9640;46469621;10122;4590;9641
9641;46479262;14942;3110;9642
9642;46488904;28923;1607;9643
9643;46498547;28929;1607;9644
9644;46508191;19286;2411;9645
9645;46517836;12055;3858;9646
9646;46527482;10335;4501;9647
9647;46537129;11401;4081;9648
9648;46546777;10524;4422;9649
9649;46556426;19298;2412;9650
9650;46566076;48245;965;9651
9651;46575727;14475;3217;9652
9652;46585379;14478;3217;9653
9653;46595032;12446;3743;9654
9654;46604686;11263;4137;9655
9655;46614341;24135;1931;9656
9656;46623997;12070;3862;9657
9657;46633654;10508;4437;9658
9658;46643312;11803;3951;9659
9659;46652971;62777;743;9660
9660;46662631;10402;4485;9661
9661;46672292;19322;2415;9662
9662;46681954;46672291;1;9663
9663;46691617;14493;3221;9664
9664;46701281;12884;3624;9665
9665;46710946;12080;3866;9666
9666;46720612;17397;2685;9667
9667;46730279;11277;4143;9668
9668;46739947;16919;2762;9669
9669;46749616;14502;3223;9670
9670;46759286;10637;4395;9671
9671;46768957;18373;2545;9672
9672;46778629;13234;3534;9673
9673;46788302;13702;3414;9674
9674;46797976;11747;3983;9675
9675;46807651;10365;4515;9676
9676;46817327;10578;4425;9677
9677;46827004;19354;2419;9678
9678;46836682;29031;1613;9679
9679;46846361;29037;1613;9680
9680;46856041;19358;2420;9681
9681;46865722;10142;4620;9682
9682;46875404;14523;3227;9683
9683;46885087;19787;2369;9684
9684;46894771;12374;3789;9685
9685;46904456;10491;4470;9686
9686;46914142;10855;4321;9687
9687;46923829;14529;3229;9688
9688;46933517;12916;3633;9689
9689;46943206;19378;2422;9690
9690;46952896;29067;1615;9691
9691;46962587;10659;4405;9692
9692;46972279;19382;2423;9693
9693;46981972;14538;3231;9694
9694;46991666;13283;3537;9695
9695;47001361;10249;4585;9696
9696;47011057;10605;4432;9697
9697;47020754;19394;2424;9698
9698;47030452;126061;373;9699
9699;47040151;14547;3233;9700
9700;47049851;10282;4575;9701
9701;47059552;10573;4450;9702
9702;47069254;10791;4361;9703
9703;47078957;10329;4557;9704
9704;47088661;19406;2426;9705
9705;47098366;12130;3882;9706
9706;47108072;14559;3235;9707
9707;47117779;13133;3587;9708
9708;47127487;13753;3426;9709
9709;47137196;11326;4161;9710
9710;47146906;18449;2555;9711
9711;47156617;12623;3735;9712
9712;47166329;10926;4316;9713
9713;47176042;13354;3532;9714
9714;47185756;17809;2649;9715
9715;47195471;24285;1943;9716
9716;47205187;10063;4690;9717
9717;47214904;14227;3318;9718
9718;47224622;10191;4633;9719
9719;47234341;417917;113;9720
9720;47244061;19438;2430;9721
9721;47253782;19442;2430;9722
9722;47263504;47253781;1;9723
9723;47273227;14583;3241;9724
9724;47282951;10186;4641;9725
9725;47292676;10114;4675;9726
9726;47302402;24315;1945;9727
9727;47312129;29181;1621;9728
9728;47321857;10412;4544;9729
9729;47331586;10488;4512;9730
9730;47341316;14595;3243;9731
9731;47351047;25715;1841;9732
9732;47360779;19462;2433;9733
9733;47370512;19466;2433;9734
9734;47380246;301723;157;9735
9735;47389981;14601;3245;9736
9736;47399717;12170;3894;9737
9737;47409454;15821;2996;9738
9738;47419192;11361;4173;9739
9739;47428931;29217;1623;9740
9740;47438671;19478;2435;9741
9741;47448412;14610;3247;9742
9742;47458154;14613;3247;9743
9743;47467897;47458153;1;9744
9744;47477641;19486;2436;9745
9745;47487386;11694;4060;9746
9746;47497132;21439;2215;9747
9747;47506879;11913;3987;9748
9748;47516627;14622;3249;9749
9749;47526376;19498;2437;9750
9750;47536126;29247;1625;9751
9751;47545877;11375;4179;9752
9752;47555629;10388;4577;9753
9753;47565382;13004;3657;9754
9754;47575136;14631;3251;9755
9755;47584891;24385;1951;9756
9756;47594647;11706;4065;9757
9757;47604404;15966;2981;9758
9758;47614162;15079;3157;9759
9759;47623921;14637;3253;9760
9760;47633681;13012;3660;9761
9761;47643442;10492;4540;9762
9762;47653204;29283;1627;9763
9763;47662967;21151;2253;9764
9764;47672731;19526;2441;9765
9765;47682496;12205;3906;9766
9766;47692262;11565;4123;9767
9767;47702029;185573;257;9768
9768;47711797;19534;2442;9769
9769;47721566;19538;2442;9770
9770;47731336;48845;977;9771
9771;47741107;14655;3257;9772
9772;47750879;14658;3257;9773
9773;47760652;10121;4718;9774
9774;47770426;15747;3033;9775
9775;47780201;10557;4525;9776
9776;47789977;10166;4700;9777
9777;47799754;13036;3666;9778
9778;47809532;14667;3259;9779
9779;47819311;34223;1397;9780
9780;47829091;10758;4445;9781
9781;47838872;19562;2445;9782
9782;47848654;655327;73;9783
9783;47858437;14673;3261;9784
9784;47868221;11007;4348;9785
9785;47878006;12230;3914;9786
9786;47887792;10815;4427;9787
9787;47897579;29361;1631;9788
9788;47907367;19574;2447;9789
9789;47917156;14682;3263;9790
9790;47926946;12727;3765;9791
9791;47936737;48955;979;9792
9792;47946529;19582;2448;9793
9793;47956322;11192;4284;9794
9794;47966116;34279;1399;9795
9795;47975911;14691;3265;9796
9796;47985707;12245;3918;9797
9797;47995504;15326;3131;9798
9798;48005302;20661;2323;9799
9799;48015101;16491;2911;9800
9800;48024901;10045;4780;9801
9801;48034702;9900;4851;9802
9802;48044504;10179;4719;9803
9803;48054307;127439;377;9804
9804;48064111;19606;2451;9805
9805;48073916;10070;4773;9806
9806;48083722;24515;1961;9807
9807;48093529;14709;3269;9808
9808;48103337;11208;4291;9809
9809;48113146;10421;4616;9810
9810;48122956;16677;2885;9811
9811;48132767;29433;1635;9812
9812;48142579;19622;2453;9813
9813;48152392;14718;3271;9814
9814;48162206;14721;3271;9815
9815;48172021;13741;3505;9816
9816;48181837;10634;4530;9817
9817;48191654;19634;2454;9818
9818;48201472;48191653;1;9819
9819;48211291;14727;3273;9820
9820;48221111;10910;4419;9821
9821;48230932;11293;4270;9822
9822;48240754;11459;4209;9823
9823;48250577;18007;2679;9824
9824;48260401;11666;4136;9825
9825;48270226;10480;4605;9826
9826;48280052;11135;4335;9827
9827;48289879;91613;527;9828
9828;48299707;10881;4438;9829
9829;48309536;19658;2457;9830
9830;48319366;49145;983;9831
9831;48329197;14745;3277;9832
9832;48339029;13108;3687;9833
9833;48348862;19666;2458;9834
9834;48358696;29499;1639;9835
9835;48368531;11473;4215;9836
9836;48378367;12295;3934;9837
9837;48388204;14754;3279;9838
9838;48398042;14757;3279;9839
9839;48407881;48398041;1;9840
9840;48417721;19678;2460;9841
9841;48427562;10660;4542;9842
9842;48437404;14383;3367;9843
9843;48447247;11001;4403;9844
9844;48457091;10914;4439;9845
9845;48466936;11770;4117;9846
9846;48476782;17721;2735;9847
9847;48486629;23521;2061;9848
9848;48496477;19694;2462;9849
9849;48506326;13132;3693;9850
9850;48516176;11725;4137;9851
9851;48526027;49255;985;9852
9852;48535879;19702;2463;9853
9853;48545732;19706;2463;9854
9854;48555586;22361;2171;9855
9855;48565441;10233;4745;9856
9856;48575297;10080;4818;9857
9857;48585154;19714;2464;9858
9858;48595012;29571;1643;9859
9859;48604871;29577;1643;9860
9860;48614731;19718;2465;9861
9861;48624592;10034;4845;9862
9862;48634454;14793;3287;9863
9863;48644317;34517;1409;9864
9864;48654181;11508;4227;9865
9865;48664046;11838;4110;9866
9866;48673912;24665;1973;9867
9867;48683779;14799;3289;9868
9868;48693647;14802;3289;9869
9869;48703516;19738;2467;9870
9870;48713386;10011;4865;9871
9871;48723257;29613;1645;9872
9872;48733129;19742;2468;9873
9873;48743002;11106;4388;9874
9874;48752876;14811;3291;9875
9875;48762751;24685;1975;9876
9876;48772627;11850;4115;9877
9877;48782504;11522;4233;9878
9878;48792382;15521;3143;9879
9879;48802261;14817;3293;9880
9880;48812141;10146;4810;9881
9881;48822022;10127;4820;9882
9882;48831904;14701;3321;9883
9883;48841787;29649;1647;9884
9884;48851671;19766;2471;9885
9885;48861556;10590;4613;9886
9886;48871442;14829;3295;9887
9887;48881329;48871441;1;9888
9888;48891217;19774;2472;9889
9889;48901106;10788;4532;9890
9890;48910996;10879;4495;9891
9891;48920887;10833;4515;9892
9892;48930779;14838;3297;9893
9893;48940672;19786;2473;9894
9894;48950566;12937;3783;9895
9895;48960461;24735;1979;9896
9896;48970357;12370;3958;9897
9897;48980254;13196;3711;9898
9898;48990152;14847;3299;9899
9899;49000051;13433;3647;9900
9900;49009951;10450;4689;9901
9901;49019852;19802;2475;9902
9902;49029754;49019851;1;9903
9903;49039657;14853;3301;9904
9904;49049561;13204;3714;9905
9905;49059466;11320;4333;9906
9906;49069372;11037;4445;9907
9907;49079279;29721;1651;9908
9908;49089187;19814;2477;9909
9909;49099096;14862;3303;9910
9910;49109006;14865;3303;9911
9911;49118917;10901;4505;9912
9912;49128829;10812;4543;9913
9913;49138742;12068;4071;9914
9914;49148656;114011;431;9915
9915;49158571;14871;3305;9916
9916;49168487;12395;3966;9917
9917;49178404;14137;3478;9918
9918;49188322;12027;4089;9919
9919;49198241;11571;4251;9920
9920;49208161;11284;4360;9921
9921;49218082;13228;3720;9922
9922;49228004;14883;3307;9923
9923;49237927;109153;451;9924
9924;49247851;19846;2481;9925
9925;49257776;11910;4135;9926
9926;49267702;13895;3545;9927
9927;49277629;14889;3309;9928
9928;49287557;11169;4412;9929
9929;49297486;19858;2482;9930
9930;49307416;29787;1655;9931
9931;49317347;29793;1655;9932
9932;49327279;19862;2483;9933
9933;49337212;11739;4202;9934
9934;49347146;14901;3311;9935
9935;49357081;24835;1987;9936
9936;49367017;11922;4140;9937
9937;49376954;10488;4707;9938
9938;49386892;94411;523;9939
9939;49396831;14907;3313;9940
9940;49406771;14910;3313;9941
9941;49416712;19882;2485;9942
9942;49426654;29823;1657;9943
9943;49436597;29829;1657;9944
9944;49446541;13786;3586;9945
9945;49456486;10170;4862;9946
9946;49466432;14919;3315;9947
9947;49476379;34811;1421;9948
9948;49486327;11606;4263;9949
9949;49496276;19898;2487;9950
9950;49506226;49745;995;9951
9951;49516177;14925;3317;9952
9952;49526129;13268;3732;9953
9953;49536082;11507;4304;9954
9954;49546036;16947;2923;9955
9955;49555991;11403;4345;9956
9956;49565947;12445;3982;9957
9957;49575904;14934;3319;9958
9958;49585862;14937;3319;9959
9959;49595821;114517;433;9960
9960;49605781;11454;4330;9961
9961;49615742;11620;4269;9962
9962;49625704;24191;2051;9963
9963;49635667;12013;4131;9964
9964;49645631;11421;4346;9965
9965;49655596;12455;3986;9966
9966;49665562;21923;2265;9967
9967;49675529;29901;1661;9968
9968;49685497;19934;2492;9969
9969;49695466;13292;3738;9970
9970;49705436;14955;3323;9971
9971;49715407;12961;3835;9972
9972;49725379;10803;4602;9973
9973;49735352;19946;2493;9974
9974;49745326;49735351;1;9975
9975;49755301;14961;3325;9976
9976;49765277;10150;4902;9977
9977;49775254;13717;3628;9978
9978;49785232;18293;2721;9979
9979;49795211;28271;1761;9980
9980;49805191;16966;2935;9981
9981;49815172;11090;4491;9982
9982;49825154;14973;3327;9983
9983;49835137;10787;4619;9984
9984;49845121;10452;4768;9985
9985;49855106;11982;4160;9986
9986;49865092;24965;1997;9987
9987;49875079;14979;3329;9988
9988;49885067;14982;3329;9989
9989;49895056;15697;3178;9990
9990;49905046;11655;4281;9991
9991;49915037;10767;4635;9992
9992;49925029;19982;2498;9993
9993;49935022;13324;3747;9994
9994;49945016;14991;3331;9995
9995;49955011;24985;1999;9996
9996;49965007;11994;4165;9997
9997;49975004;10766;4641;9998
9998;49985002;64987;769;9999
9999;49995001;14997;3333;10000
10000;50005001;10100;4950;10001
