n;A002620;weight;level;jump
1;0;0;0;0
2;0;0;0;1
3;1;0;0;1
4;2;0;0;2
5;4;0;0;2
6;6;0;0;3
7;9;6;1;3
8;12;8;1;4
9;16;6;2;4
10;20;15;1;5
11;25;10;2;5
12;30;8;3;6
13;36;10;3;6
14;42;35;1;7
15;49;14;3;7
16;56;12;4;8
17;64;14;4;8
18;72;21;3;9
19;81;12;6;9
20;90;16;5;10
21;100;15;6;10
22;110;33;3;11
23;121;22;5;11
24;132;15;8;12
25;144;22;6;12
26;156;143;1;13
27;169;26;6;13
28;182;21;8;14
29;196;26;7;14
30;210;39;5;15
31;225;21;10;15
32;240;28;8;16
33;256;20;12;16
34;272;51;5;17
35;289;34;8;17
36;306;24;12;18
37;324;34;9;18
38;342;323;1;19
39;361;38;9;19
40;380;24;15;20
41;400;38;10;20
42;420;57;7;21
43;441;28;15;21
44;462;40;11;22
45;484;33;14;22
46;506;69;7;23
47;529;46;11;23
48;552;33;16;24
49;576;46;12;24
50;600;115;5;25
51;625;30;20;25
52;650;39;16;26
53;676;50;13;26
54;702;45;15;27
55;729;39;18;27
56;756;52;14;28
57;784;36;21;28
58;812;87;9;29
59;841;58;14;29
60;870;35;24;30
61;900;58;15;30
62;930;899;1;31
63;961;62;15;31
64;992;40;24;32
65;1024;62;16;32
66;1056;93;11;33
67;1089;44;24;33
68;1122;64;17;34
69;1156;51;22;34
70;1190;55;21;35
71;1225;70;17;35
72;1260;51;24;36
73;1296;42;30;36
74;1332;185;7;37
75;1369;74;18;37
76;1406;57;24;38
77;1444;74;19;38
78;1482;111;13;39
79;1521;57;26;39
80;1560;76;20;40
81;1600;52;30;40
82;1640;123;13;41
83;1681;82;20;41
84;1722;48;35;42
85;1764;82;21;42
86;1806;1763;1;43
87;1849;86;21;43
88;1892;56;33;44
89;1936;86;22;44
90;1980;129;15;45
91;2025;55;36;45
92;2070;88;23;46
93;2116;69;30;46
94;2162;141;15;47
95;2209;94;23;47
96;2256;69;32;48
97;2304;94;24;48
98;2352;329;7;49
99;2401;56;42;49
100;2450;60;40;50
101;2500;70;35;50
102;2550;119;21;51
103;2601;75;34;51
104;2652;65;40;52
105;2704;68;39;52
106;2756;159;17;53
107;2809;106;26;53
108;2862;72;39;54
109;2916;106;27;54
110;2970;265;11;55
111;3025;66;45;55
112;3080;63;48;56
113;3136;70;44;56
114;3192;95;33;57
115;3249;76;42;57
116;3306;112;29;58
117;3364;87;38;58
118;3422;177;19;59
119;3481;118;29;59
120;3540;87;40;60
121;3600;118;30;60
122;3660;3599;1;61
123;3721;122;30;61
124;3782;93;40;62
125;3844;122;31;62
126;3906;183;21;63
127;3969;93;42;63
128;4032;124;32;64
129;4096;72;56;64
130;4160;91;45;65
131;4225;80;52;65
132;4290;88;48;66
133;4356;78;55;66
134;4422;335;13;67
135;4489;134;33;67
136;4556;88;51;68
137;4624;134;34;68
138;4692;201;23;69
139;4761;92;51;69
140;4830;85;56;70
141;4900;105;46;70
142;4970;213;23;71
143;5041;142;35;71
144;5112;80;63;72
145;5184;142;36;72
146;5256;5183;1;73
147;5329;146;36;73
148;5402;111;48;74
149;5476;146;37;74
150;5550;219;25;75
151;5625;111;50;75
152;5700;148;38;76
153;5776;95;60;76
154;5852;105;55;77
155;5929;133;44;77
156;6006;104;57;78
157;6084;91;66;78
158;6162;553;11;79
159;6241;158;39;79
160;6320;96;65;80
161;6400;158;40;80
162;6480;237;27;81
163;6561;90;72;81
164;6642;160;41;82
165;6724;123;54;82
166;6806;249;27;83
167;6889;166;41;83
168;6972;123;56;84
169;7056;166;42;84
170;7140;415;17;85
171;7225;102;70;85
172;7310;129;56;86
173;7396;170;43;86
174;7482;145;51;87
175;7569;129;58;87
176;7656;172;44;88
177;7744;116;66;88
178;7832;267;29;89
179;7921;178;44;89
180;8010;99;80;90
181;8100;178;45;90
182;8190;623;13;91
183;8281;105;78;91
184;8372;115;72;92
185;8464;161;52;92
186;8556;217;39;93
187;8649;124;69;93
188;8742;184;47;94
189;8836;141;62;94
190;8930;155;57;95
191;9025;190;47;95
192;9120;141;64;96
193;9216;114;80;96
194;9312;485;19;97
195;9409;194;48;97
196;9506;112;84;98
197;9604;194;49;98
198;9702;291;33;99
199;9801;126;77;99
200;9900;140;70;100
201;10000;110;90;100
202;10100;303;33;101
203;10201;202;50;101
204;10302;120;85;102
205;10404;202;51;102
206;10506;10403;1;103
207;10609;206;51;103
208;10712;136;78;104
209;10816;206;52;104
210;10920;309;35;105
211;11025;120;91;105
212;11130;208;53;106
213;11236;159;70;106
214;11342;321;35;107
215;11449;214;53;107
216;11556;159;72;108
217;11664;214;54;108
218;11772;11663;1;109
219;11881;218;54;109
220;11990;120;99;110
221;12100;218;55;110
222;12210;327;37;111
223;12321;165;74;111
224;12432;140;88;112
225;12544;148;84;112
226;12656;339;37;113
227;12769;226;56;113
228;12882;133;96;114
229;12996;226;57;114
230;13110;565;23;115
231;13225;138;95;115
232;13340;152;87;116
233;13456;145;92;116
234;13572;195;69;117
235;13689;156;87;117
236;13806;232;59;118
237;13924;177;78;118
238;14042;153;91;119
239;14161;238;59;119
240;14280;177;80;120
241;14400;136;105;120
242;14520;187;77;121
243;14641;132;110;121
244;14762;183;80;122
245;14884;242;61;122
246;15006;363;41;123
247;15129;183;82;123
248;15252;244;62;124
249;15376;164;93;124
250;15500;205;75;125
251;15625;155;100;125
252;15750;168;93;126
253;15876;150;105;126
254;16002;635;25;127
255;16129;254;63;127
256;16256;144;112;128
257;16384;254;64;128
258;16512;381;43;129
259;16641;172;96;129
260;16770;160;104;130
261;16900;195;86;130
262;17030;393;43;131
263;17161;262;65;131
264;17292;143;120;132
265;17424;262;66;132
266;17556;917;19;133
267;17689;154;114;133
268;17822;201;88;134
269;17956;266;67;134
270;18090;171;105;135
271;18225;201;90;135
272;18360;268;68;136
273;18496;153;120;136
274;18632;411;45;137
275;18769;274;68;137
276;18906;184;102;138
277;19044;274;69;138
278;19182;19043;1;139
279;19321;278;69;139
280;19460;161;120;140
281;19600;278;70;140
282;19740;417;47;141
283;19881;188;105;141
284;20022;280;71;142
285;20164;213;94;142
286;20306;429;47;143
287;20449;286;71;143
288;20592;213;96;144
289;20736;156;132;144
290;20880;319;65;145
291;21025;174;120;145
292;21170;219;96;146
293;21316;290;73;146
294;21462;203;105;147
295;21609;219;98;147
296;21756;292;74;148
297;21904;196;111;148
298;22052;447;49;149
299;22201;298;74;149
300;22350;185;120;150
301;22500;298;75;150
302;22650;22499;1;151
303;22801;302;75;151
304;22952;190;120;152
305;23104;302;76;152
306;23256;453;51;153
307;23409;171;136;153
308;23562;176;133;154
309;23716;187;126;154
310;23870;255;93;155
311;24025;217;110;155
312;24180;168;143;156
313;24336;186;130;156
314;24492;785;31;157
315;24649;314;78;157
316;24806;237;104;158
317;24964;314;79;158
318;25122;471;53;159
319;25281;237;106;159
320;25440;316;80;160
321;25600;212;120;160
322;25760;371;69;161
323;25921;184;140;161
324;26082;180;144;162
325;26244;189;138;162
326;26406;1141;23;163
327;26569;326;81;163
328;26732;216;123;164
329;26896;326;82;164
330;27060;489;55;165
331;27225;205;132;165
332;27390;328;83;166
333;27556;249;110;166
334;27722;501;55;167
335;27889;334;83;167
336;28056;249;112;168
337;28224;334;84;168
338;28392;2171;13;169
339;28561;182;156;169
340;28730;204;140;170
341;28900;221;130;170
342;29070;247;117;171
343;29241;190;153;171
344;29412;215;136;172
345;29584;228;129;172
346;29756;519;57;173
347;29929;346;86;173
348;30102;232;129;174
349;30276;346;87;174
350;30450;865;35;175
351;30625;203;150;175
352;30800;232;132;176
353;30976;200;154;176
354;31152;295;105;177
355;31329;236;132;177
356;31506;352;89;178
357;31684;267;118;178
358;31862;537;59;179
359;32041;358;89;179
360;32220;267;120;180
361;32400;358;90;180
362;32580;32399;1;181
363;32761;362;90;181
364;32942;195;168;182
365;33124;362;91;182
366;33306;543;61;183
367;33489;273;122;183
368;33672;208;161;184
369;33856;244;138;184
370;34040;305;111;185
371;34225;230;148;185
372;34410;248;138;186
373;34596;222;155;186
374;34782;407;85;187
375;34969;341;102;187
376;35156;248;141;188
377;35344;374;94;188
378;35532;231;153;189
379;35721;252;141;189
380;35910;235;152;190
381;36100;210;171;190
382;36290;573;63;191
383;36481;382;95;191
384;36672;228;160;192
385;36864;382;96;192
386;37056;36863;1;193
387;37249;386;96;193
388;37442;291;128;194
389;37636;386;97;194
390;37830;579;65;195
391;38025;291;130;195
392;38220;388;98;196
393;38416;210;182;196
394;38612;591;65;197
395;38809;394;98;197
396;39006;231;168;198
397;39204;394;99;198
398;39402;39203;1;199
399;39601;398;99;199
400;39800;220;180;200
401;40000;398;100;200
402;40200;597;67;201
403;40401;268;150;201
404;40602;400;101;202
405;40804;303;134;202
406;41006;469;87;203
407;41209;406;101;203
408;41412;303;136;204
409;41616;238;174;204
410;41820;287;145;205
411;42025;246;170;205
412;42230;309;136;206
413;42436;410;103;206
414;42642;345;123;207
415;42849;309;138;207
416;43056;412;104;208
417;43264;234;184;208
418;43472;253;171;209
419;43681;247;176;209
420;43890;224;195;210
421;44100;231;190;210
422;44310;2321;19;211
423;44521;422;105;211
424;44732;265;168;212
425;44944;422;106;212
426;45156;633;71;213
427;45369;284;159;213
428;45582;424;107;214
429;45796;321;142;214
430;46010;355;129;215
431;46225;430;107;215
432;46440;321;144;216
433;46656;258;180;216
434;46872;301;155;217
435;47089;248;189;217
436;47306;327;144;218
437;47524;434;109;218
438;47742;511;93;219
439;47961;327;146;219
440;48180;436;110;220
441;48400;292;165;220
442;48620;663;73;221
443;48841;260;187;221
444;49062;264;185;222
445;49284;442;111;222
446;49506;2899;17;223
447;49729;446;111;223
448;49952;259;192;224
449;50176;446;112;224
450;50400;669;75;225
451;50625;240;210;225
452;50850;448;113;226
453;51076;339;150;226
454;51302;681;75;227
455;51529;454;113;227
456;51756;339;152;228
457;51984;454;114;228
458;52212;51983;1;229
459;52441;458;114;229
460;52670;276;190;230
461;52900;458;115;230
462;53130;687;77;231
463;53361;253;210;231
464;53592;290;184;232
465;53824;264;203;232
466;54056;699;77;233
467;54289;466;116;233
468;54522;261;208;234
469;54756;466;117;234
470;54990;1165;47;235
471;55225;282;195;235
472;55460;312;177;236
473;55696;295;188;236
474;55932;395;141;237
475;56169;316;177;237
476;56406;413;136;238
477;56644;357;158;238
478;56882;717;79;239
479;57121;478;119;239
480;57360;255;224;240
481;57600;478;120;240
482;57840;57599;1;241
483;58081;482;120;241
484;58322;264;220;242
485;58564;482;121;242
486;58806;723;81;243
487;59049;297;198;243
488;59292;484;122;244
489;59536;324;183;244
490;59780;315;189;245
491;60025;305;196;245
492;60270;328;183;246
493;60516;287;210;246
494;60762;455;133;247
495;61009;494;123;247
496;61256;328;186;248
497;61504;403;152;248
498;61752;741;83;249
499;62001;332;186;249
500;62250;310;200;250
501;62500;375;166;250
502;62750;753;83;251
503;63001;502;125;251
504;63252;280;225;252
505;63504;502;126;252
506;63756;2761;23;253
507;64009;276;231;253
508;64262;381;168;254
509;64516;506;127;254
510;64770;345;187;255
511;65025;381;170;255
512;65280;508;128;256
513;65536;272;240;256
514;65792;771;85;257
515;66049;514;128;257
516;66306;344;192;258
517;66564;514;129;258
518;66822;1799;37;259
519;67081;301;222;259
520;67340;312;215;260
521;67600;364;185;260
522;67860;333;203;261
523;68121;290;234;261
524;68382;520;131;262
525;68644;393;174;262
526;68906;789;87;263
527;69169;526;131;263
528;69432;393;176;264
529;69696;526;132;264
530;69960;1315;53;265
531;70225;318;220;265
532;70490;304;231;266
533;70756;371;190;266
534;71022;445;159;267
535;71289;399;178;267
536;71556;469;152;268
537;71824;356;201;268
538;72092;807;89;269
539;72361;538;134;269
540;72630;335;216;270
541;72900;538;135;270
542;73170;72899;1;271
543;73441;542;135;271
544;73712;288;255;272
545;73984;542;136;272
546;74256;813;91;273
547;74529;312;238;273
548;74802;544;137;274
549;75076;411;182;274
550;75350;325;231;275
551;75625;550;137;275
552;75900;411;184;276
553;76176;300;253;276
554;76452;1385;55;277
555;76729;554;138;277
556;77006;417;184;278
557;77284;554;139;278
558;77562;831;93;279
559;77841;417;186;279
560;78120;556;140;280
561;78400;310;252;280
562;78680;843;93;281
563;78961;562;140;281
564;79242;329;240;282
565;79524;562;141;282
566;79806;79523;1;283
567;80089;566;141;283
568;80372;376;213;284
569;80656;566;142;284
570;80940;849;95;285
571;81225;355;228;285
572;81510;568;143;286
573;81796;330;247;286
574;82082;399;205;287
575;82369;451;182;287
576;82656;312;264;288
577;82944;328;252;288
578;83232;697;119;289
579;83521;306;272;289
580;83810;320;261;290
581;84100;493;170;290
582;84390;867;97;291
583;84681;435;194;291
584;84972;365;232;292
585;85264;388;219;292
586;85556;879;97;293
587;85849;586;146;293
588;86142;392;219;294
589;86436;586;147;294
590;86730;1465;59;295
591;87025;354;245;295
592;87320;336;259;296
593;87616;370;236;296
594;87912;495;177;297
595;88209;333;264;297
596;88506;592;149;298
597;88804;447;198;298
598;89102;351;253;299
599;89401;598;149;299
600;89700;447;200;300
601;90000;325;276;300
602;90300;559;161;301
603;90601;350;258;301
604;90902;453;200;302
605;91204;602;151;302
606;91506;707;129;303
607;91809;453;202;303
608;92112;604;152;304
609;92416;404;228;304
610;92720;505;183;305
611;93025;380;244;305
612;93330;323;288;306
613;93636;366;255;306
614;93942;1535;61;307
615;94249;614;153;307
616;94556;357;264;308
617;94864;614;154;308
618;95172;921;103;309
619;95481;412;231;309
620;95790;341;280;310
621;96100;465;206;310
622;96410;933;103;311
623;96721;622;155;311
624;97032;372;260;312
625;97344;622;156;312
626;97656;97343;1;313
627;97969;626;156;313
628;98282;471;208;314
629;98596;626;157;314
630;98910;939;105;315
631;99225;471;210;315
632;99540;628;158;316
633;99856;395;252;316
634;100172;951;105;317
635;100489;634;158;317
636;100806;424;237;318
637;101124;634;159;318
638;101442;3487;29;319
639;101761;583;174;319
640;102080;384;265;320
641;102400;352;290;320
642;102720;957;107;321
643;103041;428;240;321
644;103362;368;280;322
645;103684;483;214;322
646;104006;969;107;323
647;104329;391;266;323
648;104652;378;276;324
649;104976;342;306;324
650;105300;425;247;325
651;105625;351;300;325
652;105950;489;216;326
653;106276;650;163;326
654;106602;545;195;327
655;106929;489;218;327
656;107256;652;164;328
657;107584;436;246;328
658;107912;763;141;329
659;108241;376;287;329
660;108570;410;264;330
661;108900;385;282;330
662;109230;2317;47;331
663;109561;662;165;331
664;109892;415;264;332
665;110224;662;166;332
666;110556;993;111;333
667;110889;444;249;333
668;111222;664;167;334
669;111556;501;222;334
670;111890;555;201;335
671;112225;670;167;335
672;112560;501;224;336
673;112896;402;280;336
674;113232;1685;67;337
675;113569;674;168;337
676;113906;364;312;338
677;114244;674;169;338
678;114582;1011;113;339
679;114921;507;226;339
680;115260;442;260;340
681;115600;452;255;340
682;115940;1023;113;341
683;116281;374;310;341
684;116622;360;323;342
685;116964;418;279;342
686;117306;539;217;343
687;117649;399;294;343
688;117992;387;304;344
689;118336;392;301;344
690;118680;483;245;345
691;119025;430;276;345
692;119370;688;173;346
693;119716;519;230;346
694;120062;1041;115;347
695;120409;694;173;347
696;120756;519;232;348
697;121104;694;174;348
698;121452;121103;1;349
699;121801;698;174;349
700;122150;406;300;350
701;122500;698;175;350
702;122850;1047;117;351
703;123201;378;325;351
704;123552;385;320;352
705;123904;396;312;352
706;124256;1059;117;353
707;124609;706;176;353
708;124962;472;264;354
709;125316;706;177;354
710;125670;1765;71;355
711;126025;426;295;355
712;126380;472;267;356
713;126736;445;284;356
714;127092;497;255;357
715;127449;476;267;357
716;127806;712;179;358
717;128164;537;238;358
718;128522;1077;119;359
719;128881;718;179;359
720;129240;537;240;360
721;129600;718;180;360
722;129960;6821;19;361
723;130321;380;342;361
724;130682;543;240;362
725;131044;722;181;362
726;131406;627;209;363
727;131769;543;242;363
728;132132;724;182;364
729;132496;429;308;364
730;132860;605;219;365
731;133225;455;292;365
732;133590;427;312;366
733;133956;438;305;366
734;134322;1835;73;367
735;134689;734;183;367
736;135056;488;276;368
737;135424;734;184;368
738;135792;1101;123;369
739;136161;414;328;369
740;136530;460;296;370
741;136900;410;333;370
742;137270;477;287;371
743;137641;518;265;371
744;138012;444;310;372
745;138384;434;318;372
746;138756;2611;53;373
747;139129;746;186;373
748;139502;408;341;374
749;139876;746;187;374
750;140250;1119;125;375
751;140625;425;330;375
752;141000;517;272;376
753;141376;470;300;376
754;141752;435;325;377
755;142129;611;232;377
756;142506;423;336;378
757;142884;406;351;378
758;143262;4927;29;379
759;143641;758;189;379
760;144020;399;360;380
761;144400;758;190;380
762;144780;1137;127;381
763;145161;508;285;381
764;145542;760;191;382
765;145924;573;254;382
766;146306;1149;127;383
767;146689;766;191;383
768;147072;573;256;384
769;147456;766;192;384
770;147840;1915;77;385
771;148225;420;352;385
772;148610;579;256;386
773;148996;770;193;386
774;149382;473;315;387
775;149769;579;258;387
776;150156;772;194;388
777;150544;516;291;388
778;150932;1167;129;389
779;151321;778;194;389
780;151710;485;312;390
781;152100;778;195;390
782;152490;6613;23;391
783;152881;442;345;391
784;153272;420;364;392
785;153664;476;322;392
786;154056;1173;131;393
787;154449;524;294;393
788;154842;784;197;394
789;155236;591;262;394
790;155630;655;237;395
791;156025;790;197;395
792;156420;591;264;396
793;156816;474;330;396
794;157212;1985;79;397
795;157609;794;198;397
796;158006;597;264;398
797;158404;794;199;398
798;158802;1191;133;399
799;159201;597;266;399
800;159600;796;200;400
801;160000;420;380;400
802;160400;1203;133;401
803;160801;802;200;401
804;161202;480;335;402
805;161604;802;201;402
806;162006;5213;31;403
807;162409;806;201;403
808;162812;536;303;404
809;163216;806;202;404
810;163620;465;351;405
811;164025;505;324;405
812;164430;707;232;406
813;164836;435;378;406
814;165242;495;333;407
815;165649;518;319;407
816;166056;464;357;408
817;166464;444;374;408
818;166872;4499;37;409
819;167281;818;204;409
820;167690;492;340;410
821;168100;818;205;410
822;168510;1227;137;411
823;168921;615;274;411
824;169332;515;328;412
825;169744;548;309;412
826;170156;959;177;413
827;170569;721;236;413
828;170982;552;309;414
829;171396;483;354;414
830;171810;581;295;415
831;172225;498;345;415
832;172640;468;368;416
833;173056;520;332;416
834;173472;695;249;417
835;173889;556;312;417
836;174306;494;352;418
837;174724;627;278;418
838;175142;1257;139;419
839;175561;838;209;419
840;175980;440;399;420
841;176400;838;210;420
842;176820;176399;1;421
843;177241;842;210;421
844;177662;633;280;422
845;178084;842;211;422
846;178506;1263;141;423
847;178929;633;282;423
848;179352;844;212;424
849;179776;477;376;424
850;180200;705;255;425
851;180625;530;340;425
852;181050;568;318;426
853;181476;510;355;426
854;181902;595;305;427
855;182329;497;366;427
856;182756;568;321;428
857;183184;749;244;428
858;183612;671;273;429
859;184041;572;321;429
860;184470;535;344;430
861;184900;473;390;430
862;185330;1293;143;431
863;185761;862;215;431
864;186192;480;387;432
865;186624;862;216;432
866;187056;186623;1;433
867;187489;866;216;433
868;187922;496;378;434
869;188356;866;217;434
870;188790;1299;145;435
871;189225;465;406;435
872;189660;763;248;436
873;190096;545;348;436
874;190532;551;345;437
875;190969;874;218;437
876;191406;584;327;438
877;191844;874;219;438
878;192282;8341;23;439
879;192721;878;219;439
880;193160;528;365;440
881;193600;878;220;440
882;194040;1317;147;441
883;194481;462;420;441
884;194922;520;374;442
885;195364;546;357;442
886;195806;1329;147;443
887;196249;886;221;443
888;196692;481;408;444
889;197136;886;222;444
890;197580;2215;89;445
891;198025;534;370;445
892;198470;669;296;446
893;198916;890;223;446
894;199362;745;267;447
895;199809;669;298;447
896;200256;892;224;448
897;200704;596;336;448
898;201152;1347;149;449
899;201601;898;224;449
900;202050;480;420;450
901;202500;898;225;450
902;202950;4939;41;451
903;203401;495;410;451
904;203852;565;360;452
905;204304;902;226;452
906;204756;1353;151;453
907;205209;604;339;453
908;205662;904;227;454
909;206116;681;302;454
910;206570;755;273;455
911;207025;910;227;455
912;207480;681;304;456
913;207936;494;420;456
914;208392;2285;91;457
915;208849;914;228;457
916;209306;687;304;458
917;209764;914;229;458
918;210222;1371;153;459
919;210681;687;306;459
920;211140;916;230;460
921;211600;510;414;460
922;212060;1383;153;461
923;212521;922;230;461
924;212982;483;440;462
925;213444;922;231;462
926;213906;213443;1;463
927;214369;926;231;463
928;214832;528;406;464
929;215296;926;232;464
930;215760;1389;155;465
931;216225;496;435;465
932;216690;928;233;466
933;217156;699;310;466
934;217622;1401;155;467
935;218089;934;233;467
936;218556;699;312;468
937;219024;934;234;468
938;219492;3269;67;469
939;219961;546;402;469
940;220430;520;423;470
941;220900;658;335;470
942;221370;1099;201;471
943;221841;705;314;471
944;222312;590;376;472
945;222784;628;354;472
946;223256;1419;157;473
947;223729;649;344;473
948;224202;632;354;474
949;224676;869;258;474
950;225150;817;275;475
951;225625;570;395;475
952;226100;553;408;476
953;226576;532;425;476
954;227052;795;285;477
955;227529;612;371;477
956;228006;952;239;478
957;228484;717;318;478
958;228962;1437;159;479
959;229441;958;239;479
960;229920;717;320;480
961;230400;958;240;480
962;230880;6227;37;481
963;231361;520;444;481
964;231842;723;320;482
965;232324;962;241;482
966;232806;777;299;483
967;233289;723;322;483
968;233772;964;242;484
969;234256;506;462;484
970;234740;679;345;485
971;235225;605;388;485
972;235710;594;396;486
973;236196;582;405;486
974;236682;2435;97;487
975;237169;974;243;487
976;237656;549;432;488
977;238144;974;244;488
978;238632;1461;163;489
979;239121;652;366;489
980;239610;560;427;490
981;240100;735;326;490
982;240590;1473;163;491
983;241081;982;245;491
984;241572;574;420;492
985;242064;982;246;492
986;242556;8347;29;493
987;243049;697;348;493
988;243542;533;456;494
989;244036;551;442;494
990;244530;561;435;495
991;245025;570;429;495
992;245520;589;416;496
993;246016;528;465;496
994;246512;639;385;497
995;247009;568;434;497
996;247506;664;372;498
997;248004;581;426;498
998;248502;3493;71;499
999;249001;998;249;499
1000;249500;600;415;500
1001;250000;998;250;500
1002;250500;1497;167;501
1003;251001;668;375;501
1004;251502;1000;251;502
1005;252004;753;334;502
1006;252506;1509;167;503
1007;253009;1006;251;503
1008;253512;753;336;504
1009;254016;1006;252;504
1010;254520;2515;101;505
1011;255025;606;420;505
1012;255530;528;483;506
1013;256036;1010;253;506
1014;256542;845;303;507
1015;257049;598;429;507
1016;257556;1012;254;508
1017;258064;676;381;508
1018;258572;1527;169;509
1019;259081;1018;254;509
1020;259590;635;408;510
1021;260100;1018;255;510
1022;260610;3563;73;511
1023;261121;595;438;511
1024;261632;544;480;512
1025;262144;584;448;512
1026;262656;657;399;513
1027;263169;576;456;513
1028;263682;1024;257;514
1029;264196;771;342;514
1030;264710;855;309;515
1031;265225;1030;257;515
1032;265740;771;344;516
1033;266256;618;430;516
1034;266772;1133;235;517
1035;267289;564;473;517
1036;267806;602;444;518
1037;268324;658;407;518
1038;268842;1551;173;519
1039;269361;777;346;519
1040;269880;560;481;520
1041;270400;692;390;520
1042;270920;1563;173;521
1043;271441;1042;260;521
1044;271962;580;468;522
1045;272484;1042;261;522
1046;273006;272483;1;523
1047;273529;1046;261;523
1048;274052;696;393;524
1049;274576;1046;262;524
1050;275100;1569;175;525
1051;275625;655;420;525
1052;276150;1048;263;526
1053;276676;789;350;526
1054;277202;595;465;527
1055;277729;1054;263;527
1056;278256;789;352;528
1057;278784;561;496;528
1058;279312;713;391;529
1059;279841;552;506;529
1060;280370;583;480;530
1061;280900;1058;265;530
1062;281430;1357;207;531
1063;281961;590;477;531
1064;282492;665;424;532
1065;283024;684;413;532
1066;283556;767;369;533
1067;284089;574;494;533
1068;284622;623;456;534
1069;285156;1066;267;534
1070;285690;1391;205;535
1071;286225;642;445;535
1072;286760;712;402;536
1073;287296;670;428;536
1074;287832;895;321;537
1075;288369;716;402;537
1076;288906;1072;269;538
1077;289444;807;358;538
1078;289982;1253;231;539
1079;290521;1078;269;539
1080;291060;807;360;540
1081;291600;588;495;540
1082;292140;3787;77;541
1083;292681;1082;270;541
1084;293222;813;360;542
1085;293764;1082;271;542
1086;294306;1623;181;543
1087;294849;813;362;543
1088;295392;1084;272;544
1089;295936;724;408;544
1090;296480;905;327;545
1091;297025;680;436;545
1092;297570;624;476;546
1093;298116;654;455;546
1094;298662;2735;109;547
1095;299209;1094;273;547
1096;299756;728;411;548
1097;300304;1094;274;548
1098;300852;1641;183;549
1099;301401;732;411;549
1100;301950;685;440;550
1101;302500;610;495;550
1102;303050;1159;261;551
1103;303601;638;475;551
1104;304152;575;528;552
1105;304704;667;456;552
1106;305256;1501;203;553
1107;305809;632;483;553
1108;306362;831;368;554
1109;306916;1106;277;554
1110;307470;777;395;555
1111;308025;831;370;555
1112;308580;1108;278;556
1113;309136;695;444;556
1114;309692;1671;185;557
1115;310249;1114;278;557
1116;310806;744;417;558
1117;311364;1114;279;558
1118;311922;7241;43;559
1119;312481;774;403;559
1120;313040;620;504;560
1121;313600;602;520;560
1122;314160;663;473;561
1123;314721;595;528;561
1124;315282;1120;281;562
1125;315844;843;374;562
1126;316406;1689;187;563
1127;316969;1126;281;563
1128;317532;843;376;564
1129;318096;1126;282;564
1130;318660;2815;113;565
1131;319225;678;470;565
1132;319790;849;376;566
1133;320356;1130;283;566
1134;320922;791;405;567
1135;321489;849;378;567
1136;322056;1132;284;568
1137;322624;639;504;568
1138;323192;1707;189;569
1139;323761;1138;284;569
1140;324330;710;456;570
1141;324900;1138;285;570
1142;325470;324899;1;571
1143;326041;1142;285;571
1144;326612;627;520;572
1145;327184;1142;286;572
1146;327756;1713;191;573
1147;328329;764;429;573
1148;328902;616;533;574
1149;329476;861;382;574
1150;330050;955;345;575
1151;330625;805;410;575
1152;331200;656;504;576
1153;331776;600;552;576
1154;332352;2885;115;577
1155;332929;1154;288;577
1156;333506;612;544;578
1157;334084;1154;289;578
1158;334662;1731;193;579
1159;335241;867;386;579
1160;335820;680;493;580
1161;336400;772;435;580
1162;336980;1351;249;581
1163;337561;812;415;581
1164;338142;696;485;582
1165;338724;679;498;582
1166;339306;913;371;583
1167;339889;1067;318;583
1168;340472;776;438;584
1169;341056;803;424;584
1170;341640;689;495;585
1171;342225;657;520;585
1172;342810;1168;293;586
1173;343396;879;390;586
1174;343982;1761;195;587
1175;344569;1174;293;587
1176;345156;879;392;588
1177;345744;1174;294;588
1178;346332;11153;31;589
1179;346921;651;532;589
1180;347510;708;490;590
1181;348100;1121;310;590
1182;348690;1767;197;591
1183;349281;885;394;591
1184;349872;740;472;592
1185;350464;788;444;592
1186;351056;1779;197;593
1187;351649;1186;296;593
1188;352242;666;528;594
1189;352836;1186;297;594
1190;353430;2965;119;595
1191;354025;630;561;595
1192;354620;792;447;596
1193;355216;745;476;596
1194;355812;995;357;597
1195;356409;796;447;597
1196;357006;1192;299;598
1197;357604;897;398;598
1198;358202;1797;199;599
1199;358801;1198;299;599
1200;359400;624;575;600
1201;360000;1198;300;600
1202;360600;359999;1;601
1203;361201;1202;300;601
1204;361802;645;560;602
1205;362404;1202;301;602
1206;363006;1803;201;603
1207;363609;774;469;603
1208;364212;1057;344;604
1209;364816;804;453;604
1210;365420;737;495;605
1211;366025;755;484;605
1212;366630;808;453;606
1213;367236;726;505;606
1214;367842;3035;121;607
1215;368449;1214;303;607
1216;369056;808;456;608
1217;369664;1214;304;608
1218;370272;1821;203;609
1219;370881;672;551;609
1220;371490;760;488;610
1221;372100;854;435;610
1222;372710;987;377;611
1223;373321;793;470;611
1224;373932;680;549;612
1225;374544;663;564;612
1226;375156;7969;47;613
1227;375769;1226;306;613
1228;376382;921;408;614
1229;376996;1226;307;614
1230;377610;1839;205;615
1231;378225;921;410;615
1232;378840;1228;308;616
1233;379456;660;574;616
1234;380072;1851;205;617
1235;380689;1234;308;617
1236;381306;721;528;618
1237;381924;1234;309;618
1238;382542;381923;1;619
1239;383161;1238;309;619
1240;383780;744;515;620
1241;384400;1238;310;620
1242;385020;1857;207;621
1243;385641;690;558;621
1244;386262;1240;311;622
1245;386884;933;414;622
1246;387506;801;483;623
1247;388129;1246;311;623
1248;388752;933;416;624
1249;389376;712;546;624
1250;390000;875;445;625
1251;390625;650;600;625
1252;391250;939;416;626
1253;391876;1250;313;626
1254;392502;825;475;627
1255;393129;939;418;627
1256;393756;1252;314;628
1257;394384;836;471;628
1258;395012;703;561;629
1259;395641;1258;314;629
1260;396270;785;504;630
1261;396900;666;595;630
1262;397530;10727;37;631
1263;398161;1262;315;631
1264;398792;711;560;632
1265;399424;1262;316;632
1266;400056;1893;211;633
1267;400689;844;474;633
1268;401322;1264;317;634
1269;401956;951;422;634
1270;402590;1055;381;635
1271;403225;1270;317;635
1272;403860;951;424;636
1273;404496;762;530;636
1274;405132;889;455;637
1275;405769;689;588;637
1276;406406;696;583;638
1277;407044;754;539;638
1278;407682;819;497;639
1279;408321;781;522;639
1280;408960;704;580;640
1281;409600;710;576;640
1282;410240;1923;213;641
1283;410881;1282;320;641
1284;411522;768;535;642
1285;412164;1282;321;642
1286;412806;412163;1;643
1287;413449;1286;321;643
1288;414092;749;552;644
1289;414736;1286;322;644
1290;415380;1929;215;645
1291;416025;690;602;645
1292;416670;782;532;646
1293;417316;731;570;646
1294;417962;1941;215;647
1295;418609;1294;323;647
1296;419256;684;612;648
1297;419904;1294;324;648
1298;420552;7117;59;649
1299;421201;708;594;649
1300;421850;675;624;650
1301;422500;715;590;650
1302;423150;1023;413;651
1303;423801;775;546;651
1304;424452;815;520;652
1305;425104;868;489;652
1306;425756;1959;217;653
1307;426409;1306;326;653
1308;427062;872;489;654
1309;427716;1306;327;654
1310;428370;3265;131;655
1311;429025;786;545;655
1312;429680;872;492;656
1313;430336;820;524;656
1314;430992;1095;393;657
1315;431649;738;584;657
1316;432306;752;574;658
1317;432964;846;511;658
1318;433622;1977;219;659
1319;434281;1318;329;659
1320;434940;705;616;660
1321;435600;1318;330;660
1322;436260;435599;1;661
1323;436921;1322;330;661
1324;437582;993;440;662
1325;438244;1322;331;662
1326;438906;1983;221;663
1327;439569;993;442;663
1328;440232;1324;332;664
1329;440896;884;498;664
1330;441560;741;595;665
1331;442225;760;581;665
1332;442890;747;592;666
1333;443556;703;630;666
1334;444222;805;551;667
1335;444889;851;522;667
1336;445556;888;501;668
1337;446224;1334;334;668
1338;446892;2001;223;669
1339;447561;892;501;669
1340;448230;835;536;670
1341;448900;1005;446;670
1342;449570;2013;223;671
1343;450241;737;610;671
1344;450912;804;560;672
1345;451584;732;616;672
1346;452256;7403;61;673
1347;452929;1346;336;673
1348;453602;1011;448;674
1349;454276;1346;337;674
1350;454950;2019;225;675
1351;455625;1011;450;675
1352;456300;1348;338;676
1353;456976;702;650;676
1354;457652;2031;225;677
1355;458329;1354;338;677
1356;459006;904;507;678
1357;459684;1354;339;678
1358;460362;4739;97;679
1359;461041;791;582;679
1360;461720;816;565;680
1361;462400;776;595;680
1362;463080;1589;291;681
1363;463761;908;510;681
1364;464442;748;620;682
1365;465124;1023;454;682
1366;465806;2049;227;683
1367;466489;1366;341;683
1368;467172;744;627;684
1369;467856;1366;342;684
1370;468540;3415;137;685
1371;469225;822;570;685
1372;469910;798;588;686
1373;470596;959;490;686
1374;471282;1145;411;687
1375;471969;1029;458;687
1376;472656;784;602;688
1377;473344;916;516;688
1378;474032;2067;229;689
1379;474721;848;559;689
1380;475410;736;645;690
1381;476100;795;598;690
1382;476790;8983;53;691
1383;477481;1382;345;691
1384;478172;865;552;692
1385;478864;1382;346;692
1386;479556;2073;231;693
1387;480249;924;519;693
1388;480942;1384;347;694
1389;481636;1041;462;694
1390;482330;973;495;695
1391;483025;1390;347;695
1392;483720;1041;464;696
1393;484416;834;580;696
1394;485112;2363;205;697
1395;485809;984;493;697
1396;486506;1047;464;698
1397;487204;1394;349;698
1398;487902;2091;233;699
1399;488601;1047;466;699
1400;489300;1396;350;700
1401;490000;932;525;700
1402;490700;2103;233;701
1403;491401;1402;350;701
1404;492102;728;675;702
1405;492804;1402;351;702
1406;493506;13319;37;703
1407;494209;741;666;703
1408;494912;792;624;704
1409;495616;814;608;704
1410;496320;893;555;705
1411;497025;752;660;705
1412;497730;1408;353;706
1413;498436;1059;470;706
1414;499142;987;505;707
1415;499849;1414;353;707
1416;500556;1059;472;708
1417;501264;826;606;708
1418;501972;4963;101;709
1419;502681;1418;354;709
1420;503390;852;590;710
1421;504100;1418;355;710
1422;504810;2127;237;711
1423;505521;790;639;711
1424;506232;890;568;712
1425;506944;801;632;712
1426;507656;1817;279;713
1427;508369;1426;356;713
1428;509082;816;623;714
1429;509796;782;651;714
1430;510510;1265;403;715
1431;511225;770;663;715
1432;511940;952;537;716
1433;512656;895;572;716
1434;513372;1195;429;717
1435;514089;956;537;717
1436;514806;1432;359;718
1437;515524;1077;478;718
1438;516242;2157;239;719
1439;516961;1438;359;719
1440;517680;1077;480;720
1441;518400;1438;360;720
1442;519120;5033;103;721
1443;519841;824;630;721
1444;520562;760;684;722
1445;521284;1442;361;722
1446;522006;1687;309;723
1447;522729;1083;482;723
1448;523452;1444;362;724
1449;524176;964;543;724
1450;524900;1205;435;725
1451;525625;905;580;725
1452;526350;968;543;726
1453;527076;825;638;726
1454;527802;3635;145;727
1455;528529;1454;363;727
1456;529256;847;624;728
1457;529984;1454;364;728
1458;530712;2181;243;729
1459;531441;756;702;729
1460;532170;910;584;730
1461;532900;810;657;730
1462;533630;1161;459;731
1463;534361;1241;430;731
1464;535092;876;610;732
1465;535824;1037;516;732
1466;536556;12461;43;733
1467;537289;1466;366;733
1468;538022;1101;488;734
1469;538756;1466;367;734
1470;539490;2199;245;735
1471;540225;1101;490;735
1472;540960;1468;368;736
1473;541696;784;690;736
1474;542432;1005;539;737
1475;543169;1012;536;737
1476;543906;828;656;738
1477;544644;902;603;738
1478;545382;8129;67;739
1479;546121;1478;369;739
1480;546860;820;666;740
1481;547600;1478;370;740
1482;548340;2217;247;741
1483;549081;780;703;741
1484;549822;1036;530;742
1485;550564;798;689;742
1486;551306;2229;247;743
1487;552049;1486;371;743
1488;552792;848;651;744
1489;553536;1486;372;744
1490;554280;3715;149;745
1491;555025;894;620;745
1492;555770;1119;496;746
1493;556516;1490;373;746
1494;557262;1245;447;747
1495;558009;1119;498;747
1496;558756;1492;374;748
1497;559504;913;612;748
1498;560252;963;581;749
1499;561001;1177;476;749
1500;561750;825;680;750
1501;562500;875;642;750
1502;563250;5257;107;751
1503;564001;1502;375;751
1504;564752;800;705;752
1505;565504;1502;376;752
1506;566256;2253;251;753
1507;567009;1004;564;753
1508;567762;928;611;754
1509;568516;1131;502;754
1510;569270;1255;453;755
1511;570025;1510;377;755
1512;570780;783;728;756
1513;571536;906;630;756
1514;572292;3785;151;757
1515;573049;1514;378;757
1516;573806;1137;504;758
1517;574564;1514;379;758
1518;575322;2271;253;759
1519;576081;1137;506;759
1520;576840;1516;380;760
1521;577600;836;690;760
1522;578360;2283;253;761
1523;579121;1522;380;761
1524;579882;912;635;762
1525;580644;1522;381;762
1526;581406;5327;109;763
1527;582169;889;654;763
1528;582932;1016;573;764
1529;583696;1337;436;764
1530;584460;981;595;765
1531;585225;955;612;765
1532;585990;1528;383;766
1533;586756;1149;510;766
1534;587522;885;663;767
1535;588289;1534;383;767
1536;589056;1149;512;768
1537;589824;832;708;768
1538;590592;9997;59;769
1539;591361;1538;384;769
1540;592130;840;704;770
1541;592900;1538;385;770
1542;593670;2307;257;771
1543;594441;1155;514;771
1544;595212;965;616;772
1545;595984;1028;579;772
1546;596756;2319;257;773
1547;597529;1546;386;773
1548;598302;1032;579;774
1549;599076;1546;387;774
1550;599850;3865;155;775
1551;600625;930;645;775
1552;601400;873;688;776
1553;602176;970;620;776
1554;602952;925;651;777
1555;603729;888;679;777
1556;604506;1552;389;778
1557;605284;1167;518;778
1558;606062;861;703;779
1559;606841;1558;389;779
1560;607620;1167;520;780
1561;608400;820;741;780
1562;609180;1349;451;781
1563;609961;852;715;781
1564;610742;884;690;782
1565;611524;1207;506;782
1566;612306;957;639;783
1567;613089;918;667;783
1568;613872;833;736;784
1569;614656;812;756;784
1570;615440;1305;471;785
1571;616225;980;628;785
1572;617010;917;672;786
1573;617796;942;655;786
1574;618582;3935;157;787
1575;619369;1574;393;787
1576;620156;1048;591;788
1577;620944;1574;394;788
1578;621732;2361;263;789
1579;622521;1052;591;789
1580;623310;985;632;790
1581;624100;1185;526;790
1582;624890;1841;339;791
1583;625681;1106;565;791
1584;626472;869;720;792
1585;627264;904;693;792
1586;628056;1469;427;793
1587;628849;858;732;793
1588;629642;1191;528;794
1589;630436;1586;397;794
1590;631230;915;689;795
1591;632025;1191;530;795
1592;632820;1588;398;796
1593;633616;995;636;796
1594;634412;2391;265;797
1595;635209;1594;398;797
1596;636006;1064;597;798
1597;636804;1594;399;798
1598;637602;13549;47;799
1599;638401;893;714;799
1600;639200;840;760;800
1601;640000;850;752;800
1602;640800;1513;423;801
1603;641601;890;720;801
1604;642402;1600;401;802
1605;643204;1203;534;802
1606;644006;979;657;803
1607;644809;1606;401;803
1608;645612;1203;536;804
1609;646416;876;737;804
1610;647220;1265;511;805
1611;648025;938;690;805
1612;648830;871;744;806
1613;649636;910;713;806
1614;650442;1345;483;807
1615;651249;1209;538;807
1616;652056;1313;496;808
1617;652864;1076;606;808
1618;653672;2427;269;809
1619;654481;1618;404;809
1620;655290;909;720;810
1621;656100;1618;405;810
1622;656910;656099;1;811
1623;657721;1622;405;811
1624;658532;840;783;812
1625;659344;1622;406;812
1626;660156;2433;271;813
1627;660969;1084;609;813
1628;661782;1036;638;814
1629;662596;1221;542;814
1630;663410;1355;489;815
1631;664225;1630;407;815
1632;665040;888;748;816
1633;665856;978;680;816
1634;666672;3097;215;817
1635;667489;912;731;817
1636;668306;1227;544;818
1637;669124;1634;409;818
1638;669942;903;741;819
1639;670761;1227;546;819
1640;671580;1636;410;820
1641;672400;861;780;820
1642;673220;2463;273;821
1643;674041;1642;410;821
1644;674862;984;685;822
1645;675684;1642;411;822
1646;676506;675683;1;823
1647;677329;1646;411;823
1648;678152;1096;618;824
1649;678976;1646;412;824
1650;679800;2469;275;825
1651;680625;1030;660;825
1652;681450;944;721;826
1653;682276;885;770;826
1654;683102;2481;275;827
1655;683929;1654;413;827
1656;684756;966;708;828
1657;685584;1654;414;828
1658;686412;685583;1;829
1659;687241;1658;414;829
1660;688070;920;747;830
1661;688900;1658;415;830
1662;689730;2487;277;831
1663;690561;1245;554;831
1664;691392;1040;664;832
1665;692224;1108;624;832
1666;693056;1939;357;833
1667;693889;884;784;833
1668;694722;1112;624;834
1669;695556;973;714;834
1670;696390;1169;595;835
1671;697225;1002;695;835
1672;698060;1112;627;836
1673;698896;1045;668;836
1674;699732;1395;501;837
1675;700569;1023;684;837
1676;701406;1672;419;838
1677;702244;1257;558;838
1678;703082;2517;279;839
1679;703921;1678;419;839
1680;704760;1257;560;840
1681;705600;1678;420;840
1682;706440;24331;29;841
1683;707281;870;812;841
1684;708122;1263;560;842
1685;708964;1682;421;842
1686;709806;2523;281;843
1687;710649;1263;562;843
1688;711492;1684;422;844
1689;712336;1124;633;844
1690;713180;1405;507;845
1691;714025;1055;676;845
1692;714870;1128;633;846
1693;715716;1014;705;846
1694;716562;1001;715;847
1695;717409;987;726;847
1696;718256;954;752;848
1697;719104;968;742;848
1698;719952;1981;363;849
1699;720801;1132;636;849
1700;721650;901;800;850
1701;722500;1275;566;850
1702;723350;2553;283;851
1703;724201;925;782;851
1704;725052;1020;710;852
1705;725904;1633;444;852
1706;726756;19619;37;853
1707;727609;1706;426;853
1708;728462;994;732;854
1709;729316;1706;427;854
1710;730170;2559;285;855
1711;731025;915;798;855
1712;731880;976;749;856
1713;732736;963;760;856
1714;733592;2571;285;857
1715;734449;1714;428;857
1716;735306;1144;642;858
1717;736164;1714;429;858
1718;737022;736163;1;859
1719;737881;1718;429;859
1720;738740;946;780;860
1721;739600;1718;430;860
1722;740460;2577;287;861
1723;741321;903;820;861
1724;742182;1720;431;862
1725;743044;1293;574;862
1726;743906;2589;287;863
1727;744769;1726;431;863
1728;745632;1293;576;864
1729;746496;1726;432;864
1730;747360;4315;173;865
1731;748225;1038;720;865
1732;749090;1299;576;866
1733;749956;1730;433;866
1734;750822;1445;519;867
1735;751689;1299;578;867
1736;752556;1732;434;868
1737;753424;1054;714;868
1738;754292;1343;561;869
1739;755161;1106;682;869
1740;756030;899;840;870
1741;756900;957;790;870
1742;757770;1027;737;871
1743;758641;1005;754;871
1744;759512;1090;696;872
1745;760384;1417;536;872
1746;761256;1261;603;873
1747;762129;981;776;873
1748;763002;1744;437;874
1749;763876;1311;582;874
1750;764750;1125;679;875
1751;765625;950;805;875
1752;766500;1311;584;876
1753;767376;1022;750;876
1754;768252;4385;175;877
1755;769129;1754;438;877
1756;770006;1317;584;878
1757;770884;1754;439;878
1758;771762;2631;293;879
1759;772641;1317;586;879
1760;773520;1756;440;880
1761;774400;1172;660;880
1762;775280;2643;293;881
1763;776161;1762;440;881
1764;777042;924;840;882
1765;777924;1762;441;882
1766;778806;777923;1;883
1767;779689;1766;441;883
1768;780572;936;833;884
1769;781456;1766;442;884
1770;782340;2649;295;885
1771;783225;1003;780;885
1772;784110;1768;443;886
1773;784996;1329;590;886
1774;785882;2661;295;887
1775;786769;1774;443;887
1776;787656;1329;592;888
1777;788544;1774;444;888
1778;789432;6209;127;889
1779;790321;1016;777;889
1780;791210;1068;740;890
1781;792100;1246;635;890
1782;792990;1143;693;891
1783;793881;979;810;891
1784;794772;1115;712;892
1785;795664;1188;669;892
1786;796556;1269;627;893
1787;797449;1786;446;893
1788;798342;1192;669;894
1789;799236;1786;447;894
1790;800130;3401;235;895
1791;801025;1074;745;895
1792;801920;1043;768;896
1793;802816;1120;716;896
1794;803712;1495;537;897
1795;804609;966;832;897
1796;805506;1792;449;898
1797;806404;1347;598;898
1798;807302;1131;713;899
1799;808201;1798;449;899
1800;809100;1347;600;900
1801;810000;930;870;900
1802;810900;1537;527;901
1803;811801;954;850;901
1804;812702;984;825;902
1805;813604;1166;697;902
1806;814506;1113;731;903
1807;815409;946;861;903
1808;816312;1243;656;904
1809;817216;1032;791;904
1810;818120;1267;645;905
1811;819025;1130;724;905
1812;819930;1208;678;906
1813;820836;1086;755;906
1814;821742;4535;181;907
1815;822649;1814;453;907
1816;823556;1208;681;908
1817;824464;1814;454;908
1818;825372;2721;303;909
1819;826281;1212;681;909
1820;827190;1135;728;910
1821;828100;1010;819;910
1822;829010;2733;303;911
1823;829921;1822;455;911
1824;830832;988;840;912
1825;831744;1822;456;912
1826;832656;10021;83;913
1827;833569;996;836;913
1828;834482;1371;608;914
1829;835396;1826;457;914
1830;836310;1245;671;915
1831;837225;1371;610;915
1832;838140;1828;458;916
1833;839056;1145;732;916
1834;839972;1281;655;917
1835;840889;1603;524;917
1836;841806;1224;687;918
1837;842724;1071;786;918
1838;843642;6433;131;919
1839;844561;1838;459;919
1840;845480;1020;828;920
1841;846400;1838;460;920
1842;847320;2757;307;921
1843;848241;1228;690;921
1844;849162;1840;461;922
1845;850084;1383;614;922
1846;851006;2769;307;923
1847;851929;1846;461;923
1848;852852;1383;616;924
1849;853776;994;858;924
1850;854700;1775;481;925
1851;855625;1036;825;925
1852;856550;1389;616;926
1853;857476;1850;463;926
1854;858402;1545;555;927
1855;859329;1389;618;927
1856;860256;1852;464;928
1857;861184;1044;824;928
1858;862112;2787;309;929
1859;863041;1858;464;929
1860;863970;960;899;930
1861;864900;1858;465;930
1862;865830;6503;133;931
1863;866761;1085;798;931
1864;867692;1165;744;932
1865;868624;1631;532;932
1866;869556;2177;399;933
1867;870489;1244;699;933
1868;871422;1864;467;934
1869;872356;1401;622;934
1870;873290;1555;561;935
1871;874225;1870;467;935
1872;875160;1401;624;936
1873;876096;990;884;936
1874;877032;4685;187;937
1875;877969;1874;468;937
1876;878906;1008;871;938
1877;879844;1874;469;938
1878;880782;2811;313;939
1879;881721;1407;626;939
1880;882660;1316;670;940
1881;883600;1252;705;940
1882;884540;2823;313;941
1883;885481;1882;470;941
1884;886422;1128;785;942
1885;887364;1882;471;942
1886;888306;21643;41;943
1887;889249;1886;471;943
1888;890192;1256;708;944
1889;891136;1357;656;944
1890;892080;1035;861;945
1891;893025;1008;885;945
1892;893970;1298;688;946
1893;894916;990;903;946
1894;895862;2841;315;947
1895;896809;1894;473;947
1896;897756;1032;869;948
1897;898704;1894;474;948
1898;899652;12311;73;949
1899;900601;1027;876;949
1900;901550;1140;790;950
1901;902500;1235;730;950
1902;903450;2847;317;951
1903;904401;1425;634;951
1904;905352;1064;850;952
1905;906304;1268;714;952
1906;907256;2859;317;953
1907;908209;1906;476;953
1908;909162;1008;901;954
1909;910116;1906;477;954
1910;911070;4765;191;955
1911;912025;1146;795;955
1912;912980;1272;717;956
1913;913936;1195;764;956
1914;914892;1595;573;957
1915;915849;1276;717;957
1916;916806;1912;479;958
1917;917764;1437;638;958
1918;918722;1507;609;959
1919;919681;1918;479;959
1920;920640;1437;640;960
1921;921600;1096;840;960
1922;922560;4247;217;961
1923;923521;992;930;961
1924;924482;1040;888;962
1925;925444;1147;806;962
1926;926406;2883;321;963
1927;927369;1391;666;963
1928;928332;1924;482;964
1929;929296;1284;723;964
1930;930260;1605;579;965
1931;931225;1205;772;965
1932;932190;1288;723;966
1933;933156;1158;805;966
1934;934122;4835;193;967
1935;935089;1934;483;967
1936;936056;1012;924;968
1937;937024;1934;484;968
1938;937992;2901;323;969
1939;938961;1122;836;969
1940;939930;1067;880;970
1941;940900;1455;646;970
1942;941870;2913;323;971
1943;942841;1942;485;971
1944;943812;1080;873;972
1945;944784;1942;486;972
1946;945756;6797;139;973
1947;946729;1134;834;973
1948;947702;1461;648;974
1949;948676;1946;487;974
1950;949650;1365;695;975
1951;950625;1461;650;975
1952;951600;1948;488;976
1953;952576;1040;915;976
1954;953552;2931;325;977
1955;954529;1954;488;977
1956;955506;1304;732;978
1957;956484;1954;489;978
1958;957462;10747;89;979
1959;958441;1793;534;979
1960;959420;1141;840;980
1961;960400;1078;890;980
1962;961380;1199;801;981
1963;962361;1090;882;981
1964;963342;1960;491;982
1965;964324;1473;654;982
1966;965306;2949;327;983
1967;966289;1966;491;983
1968;967272;1473;656;984
1969;968256;1966;492;984
1970;969240;4915;197;985
1971;970225;1182;820;985
1972;971210;1189;816;986
1973;972196;1970;493;986
1974;973182;1379;705;987
1975;974169;1218;799;987
1976;975156;1102;884;988
1977;976144;1092;893;988
1978;977132;1081;903;989
1979;978121;1118;874;989
1980;979110;1045;936;990
1981;980100;1035;946;990
1982;981090;22793;43;991
1983;982081;1982;495;991
1984;983072;1023;960;992
1985;984064;1982;496;992
1986;985056;2973;331;993
1987;986049;1324;744;993
1988;987042;1136;868;994
1989;988036;1491;662;994
1990;989030;1655;597;995
1991;990025;1393;710;995
1992;991020;1162;852;996
1993;992016;1194;830;996
1994;993012;4985;199;997
1995;994009;1994;498;997
1996;995006;1497;664;998
1997;996004;1994;499;998
1998;997002;2991;333;999
1999;998001;1497;666;999
2000;999000;1996;500;1000
2001;1000000;1080;925;1000
2002;1001000;1221;819;1001
2003;1002001;1100;910;1001
2004;1003002;1200;835;1002
2005;1004004;1169;858;1002
2006;1005006;1309;767;1003
2007;1006009;2006;501;1003
2008;1007012;1336;753;1004
2009;1008016;2006;502;1004
2010;1009020;1139;885;1005
2011;1010025;1255;804;1005
2012;1011030;2008;503;1006
2013;1012036;1509;670;1006
2014;1013042;1273;795;1007
2015;1014049;2014;503;1007
2016;1015056;1509;672;1008
2017;1016064;1064;954;1008
2018;1017072;19171;53;1009
2019;1018081;2018;504;1009
2020;1019090;1120;909;1010
2021;1020100;2018;505;1010
2022;1021110;3027;337;1011
2023;1022121;1515;674;1011
2024;1023132;1111;920;1012
2025;1024144;1348;759;1012
2026;1025156;3039;337;1013
2027;1026169;2026;506;1013
2028;1027182;1144;897;1014
2029;1028196;2026;507;1014
2030;1029210;5065;203;1015
2031;1030225;1131;910;1015
2032;1031240;1352;762;1016
2033;1032256;1160;889;1016
2034;1033272;1305;791;1017
2035;1034289;1143;904;1017
2036;1035306;2032;509;1018
2037;1036324;1527;678;1018
2038;1037342;3057;339;1019
2039;1038361;2038;509;1019
2040;1039380;1527;680;1020
2041;1040400;2038;510;1020
2042;1041420;1040399;1;1021
2043;1042441;2042;510;1021
2044;1043462;1095;952;1022
2045;1044484;2042;511;1022
2046;1045506;3063;341;1023
2047;1046529;1302;803;1023
2048;1047552;1168;896;1024
2049;1048576;1056;992;1024
2050;1049600;1271;825;1025
2051;1050625;1280;820;1025
2052;1051650;1152;912;1026
2053;1052676;1107;950;1026
2054;1053702;1975;533;1027
2055;1054729;1422;741;1027
2056;1055756;1368;771;1028
2057;1056784;2054;514;1028
2058;1057812;1659;637;1029
2059;1058841;1372;771;1029
2060;1059870;1285;824;1030
2061;1060900;1442;735;1030
2062;1061930;3093;343;1031
2063;1062961;2062;515;1031
2064;1063992;1236;860;1032
2065;1065024;2062;516;1032
2066;1066056;1065023;1;1033
2067;1067089;2066;516;1033
2068;1068122;1128;946;1034
2069;1069156;2066;517;1034
2070;1070190;3099;345;1035
2071;1071225;1081;990;1035
2072;1072260;1316;814;1036
2073;1073296;1110;966;1036
2074;1074332;1173;915;1037
2075;1075369;1258;854;1037
2076;1076406;1211;888;1038
2077;1077444;2074;519;1038
2078;1078482;17663;61;1039
2079;1079521;2078;519;1039
2080;1080560;1248;865;1040
2081;1081600;2078;520;1040
2082;1082640;3117;347;1041
2083;1083681;1388;780;1041
2084;1084722;2080;521;1042
2085;1085764;1563;694;1042
2086;1086806;2429;447;1043
2087;1087849;2086;521;1043
2088;1088892;1563;696;1044
2089;1089936;1218;894;1044
2090;1090980;1463;745;1045
2091;1092025;1102;990;1045
2092;1093070;1569;696;1046
2093;1094116;2090;523;1046
2094;1095162;1745;627;1047
2095;1096209;1569;698;1047
2096;1097256;2092;524;1048
2097;1098304;1396;786;1048
2098;1099352;3147;349;1049
2099;1100401;2098;524;1049
2100;1101450;1200;917;1050
2101;1102500;2098;525;1050
2102;1103550;1102499;1;1051
2103;1104601;2102;525;1051
2104;1105652;1315;840;1052
2105;1106704;2102;526;1052
2106;1107756;3153;351;1053
2107;1108809;1404;789;1053
2108;1109862;2104;527;1054
2109;1110916;1209;918;1054
2110;1111970;1755;633;1055
2111;1113025;2110;527;1055
2112;1114080;1088;1023;1056
2113;1115136;1266;880;1056
2114;1116192;1477;755;1057
2115;1117249;1208;924;1057
2116;1118306;1104;1012;1058
2117;1119364;2114;529;1058
2118;1120422;2471;453;1059
2119;1121481;1587;706;1059
2120;1122540;1219;920;1060
2121;1123600;1412;795;1060
2122;1124660;3183;353;1061
2123;1125721;2122;530;1061
2124;1126782;1180;954;1062
2125;1127844;2122;531;1062
2126;1128906;1127843;1;1063
2127;1129969;2126;531;1063
2128;1131032;1121;1008;1064
2129;1132096;2126;532;1064
2130;1133160;3189;355;1065
2131;1134225;1140;994;1065
2132;1135290;1148;988;1066
2133;1136356;1230;923;1066
2134;1137422;1455;781;1067
2135;1138489;1261;902;1067
2136;1139556;1157;984;1068
2137;1140624;1164;979;1068
2138;1141692;11759;97;1069
2139;1142761;2138;534;1069
2140;1143830;1284;890;1070
2141;1144900;2138;535;1070
2142;1145970;3207;357;1071
2143;1147041;1190;963;1071
2144;1148112;1340;856;1072
2145;1149184;1139;1008;1072
2146;1150256;1479;777;1073
2147;1151329;1943;592;1073
2148;1152402;1432;804;1074
2149;1153476;2146;537;1074
2150;1154550;1247;925;1075
2151;1155625;1290;895;1075
2152;1156700;1432;807;1076
2153;1157776;1345;860;1076
2154;1158852;1795;645;1077
2155;1159929;1436;807;1077
2156;1161006;1883;616;1078
2157;1162084;1617;718;1078
2158;1163162;3237;359;1079
2159;1164241;1162;1001;1079
2160;1165320;1155;1008;1080
2161;1166400;1170;996;1080
2162;1167480;1909;611;1081
2163;1168561;1128;1035;1081
2164;1169642;1623;720;1082
2165;1170724;2162;541;1082
2166;1171806;1311;893;1083
2167;1172889;1623;722;1083
2168;1173972;2164;542;1084
2169;1175056;1444;813;1084
2170;1176140;1767;665;1085
2171;1177225;1355;868;1085
2172;1178310;1448;813;1086
2173;1179396;1267;930;1086
2174;1180482;5435;217;1087
2175;1181569;2174;543;1087
2176;1182656;1448;816;1088
2177;1183744;2174;544;1088
2178;1184832;3261;363;1089
2179;1185921;1122;1056;1089
2180;1187010;1360;872;1090
2181;1188100;1199;990;1090
2182;1189190;3273;363;1091
2183;1190281;2182;545;1091
2184;1191372;1308;910;1092
2185;1192464;2182;546;1092
2186;1193556;1192463;1;1093
2187;1194649;2186;546;1093
2188;1195742;1641;728;1094
2189;1196836;2186;547;1094
2190;1197930;3279;365;1095
2191;1199025;1641;730;1095
2192;1200120;2188;548;1096
2193;1201216;1370;876;1096
2194;1202312;3291;365;1097
2195;1203409;2194;548;1097
2196;1204506;1233;976;1098
2197;1205604;2194;549;1098
2198;1206702;7679;157;1099
2199;1207801;1281;942;1099
2200;1208900;1220;990;1100
2201;1210000;1540;785;1100
2202;1211100;2569;471;1101
2203;1212201;1468;825;1101
2204;1213302;1160;1045;1102
2205;1214404;1653;734;1102
2206;1215506;3309;367;1103
2207;1216609;2206;551;1103
2208;1217712;1311;928;1104
2209;1218816;2206;552;1104
2210;1219920;5515;221;1105
2211;1221025;1173;1040;1105
2212;1222130;1264;966;1106
2213;1223236;1190;1027;1106
2214;1224342;1599;765;1107
2215;1225449;1422;861;1107
2216;1226556;1939;632;1108
2217;1227664;1476;831;1108
2218;1228772;3327;369;1109
2219;1229881;2218;554;1109
2220;1230990;1385;888;1110
2221;1232100;2218;555;1110
2222;1233210;12199;101;1111
2223;1234321;1221;1010;1111
2224;1235432;1390;888;1112
2225;1236544;1529;808;1112
2226;1237656;1749;707;1113
2227;1238769;1272;973;1113
2228;1239882;2224;557;1114
2229;1240996;1671;742;1114
2230;1242110;1561;795;1115
2231;1243225;2230;557;1115
2232;1244340;1671;744;1116
2233;1245456;1338;930;1116
2234;1246572;5585;223;1117
2235;1247689;2234;558;1117
2236;1248806;1209;1032;1118
2237;1249924;2234;559;1118
2238;1251042;3351;373;1119
2239;1252161;1677;746;1119
2240;1253280;1204;1040;1120
2241;1254400;1492;840;1120
2242;1255520;3363;373;1121
2243;1256641;1180;1064;1121
2244;1257762;1155;1088;1122
2245;1258884;1254;1003;1122
2246;1260006;21337;59;1123
2247;1261129;2246;561;1123
2248;1262252;1496;843;1124
2249;1263376;2246;562;1124
2250;1264500;3369;375;1125
2251;1265625;1405;900;1125
2252;1266750;2248;563;1126
2253;1267876;1689;750;1126
2254;1269002;1225;1035;1127
2255;1270129;2254;563;1127
2256;1271256;1689;752;1128
2257;1272384;1176;1081;1128
2258;1273512;7903;161;1129
2259;1274641;2258;564;1129
2260;1275770;1356;940;1130
2261;1276900;2258;565;1130
2262;1278030;3387;377;1131
2263;1279161;1469;870;1131
2264;1280292;1415;904;1132
2265;1281424;1508;849;1132
2266;1282556;1339;957;1133
2267;1283689;2266;566;1133
2268;1284822;1512;849;1134
2269;1285956;1386;927;1134
2270;1287090;2497;515;1135
2271;1288225;1362;945;1135
2272;1289360;1278;1008;1136
2273;1290496;1420;908;1136
2274;1291632;1895;681;1137
2275;1292769;1516;852;1137
2276;1293906;2272;569;1138
2277;1295044;1707;758;1138
2278;1296182;3417;379;1139
2279;1297321;2278;569;1139
2280;1298460;1707;760;1140
2281;1299600;1273;1020;1140
2282;1300740;2771;469;1141
2283;1301881;1330;978;1141
2284;1303022;1713;760;1142
2285;1304164;2282;571;1142
2286;1305306;1467;889;1143
2287;1306449;1713;762;1143
2288;1307592;2284;572;1144
2289;1308736;1287;1016;1144
2290;1309880;1905;687;1145
2291;1311025;1430;916;1145
2292;1312170;1528;858;1146
2293;1313316;1374;955;1146
2294;1314462;5735;229;1147
2295;1315609;2294;573;1147
2296;1316756;1337;984;1148
2297;1317904;1271;1036;1148
2298;1319052;3441;383;1149
2299;1320201;1532;861;1149
2300;1321350;1288;1025;1150
2301;1322500;1725;766;1150
2302;1323650;3453;383;1151
2303;1324801;2302;575;1151
2304;1325952;1200;1104;1152
2305;1327104;2302;576;1152
2306;1328256;1327103;1;1153
2307;1329409;2306;576;1153
2308;1330562;1731;768;1154
2309;1331716;2306;577;1154
2310;1332870;3459;385;1155
2311;1334025;1731;770;1155
2312;1335180;2308;578;1156
2313;1336336;1190;1122;1156
2314;1337492;1335;1001;1157
2315;1338649;1513;884;1157
2316;1339806;1544;867;1158
2317;1340964;2314;579;1158
2318;1342122;1691;793;1159
2319;1343281;2318;579;1159
2320;1344440;1392;965;1160
2321;1345600;1220;1102;1160
2322;1346760;1647;817;1161
2323;1347921;1247;1080;1161
2324;1349082;1328;1015;1162
2325;1350244;1494;903;1162
2326;1351406;3489;387;1163
2327;1352569;2326;581;1163
2328;1353732;1358;996;1164
2329;1354896;2326;582;1164
2330;1356060;5815;233;1165
2331;1357225;1398;970;1165
2332;1358390;1272;1067;1166
2333;1359556;2330;583;1166
2334;1360722;1945;699;1167
2335;1361889;1749;778;1167
2336;1363056;1606;848;1168
2337;1364224;1556;876;1168
2338;1365392;2723;501;1169
2339;1366561;1336;1022;1169
2340;1367730;1248;1095;1170
2341;1368900;1365;1002;1170
2342;1370070;8197;167;1171
2343;1371241;2342;585;1171
2344;1372412;1465;936;1172
2345;1373584;2342;586;1172
2346;1374756;3513;391;1173
2347;1375929;1564;879;1173
2348;1377102;2344;587;1174
2349;1378276;1761;782;1174
2350;1379450;1275;1081;1175
2351;1380625;2350;587;1175
2352;1381800;1761;784;1176
2353;1382976;1225;1128;1176
2354;1384152;2585;535;1177
2355;1385329;1284;1078;1177
2356;1386506;1302;1064;1178
2357;1387684;2033;682;1178
2358;1388862;1441;963;1179
2359;1390041;1767;786;1179
2360;1391220;1240;1121;1180
2361;1392400;1310;1062;1180
2362;1393580;3543;393;1181
2363;1394761;2362;590;1181
2364;1395942;1416;985;1182
2365;1397124;2362;591;1182
2366;1398306;8267;169;1183
2367;1399489;1379;1014;1183
2368;1400672;1576;888;1184
2369;1401856;1352;1036;1184
2370;1403040;1365;1027;1185
2371;1404225;1264;1110;1185
2372;1405410;2368;593;1186
2373;1406596;1779;790;1186
2374;1407782;3561;395;1187
2375;1408969;2374;593;1187
2376;1410156;1779;792;1188
2377;1411344;2374;594;1188
2378;1412532;34423;41;1189
2379;1413721;1276;1107;1189
2380;1414910;1224;1155;1190
2381;1416100;1394;1015;1190
2382;1417290;3567;397;1191
2383;1418481;1785;794;1191
2384;1419672;1360;1043;1192
2385;1420864;1588;894;1192
2386;1422056;3579;397;1193
2387;1423249;2386;596;1193
2388;1424442;1592;894;1194
2389;1425636;2386;597;1194
2390;1426830;5965;239;1195
2391;1428025;1434;995;1195
2392;1429220;1592;897;1196
2393;1430416;1495;956;1196
2394;1431612;1673;855;1197
2395;1432809;1311;1092;1197
2396;1434006;2392;599;1198
2397;1435204;1797;798;1198
2398;1436402;1463;981;1199
2399;1437601;2398;599;1199
2400;1438800;1797;800;1200
2401;1440000;1308;1100;1200
2402;1441200;13211;109;1201
2403;1442401;2402;600;1201
2404;1443602;1803;800;1202
2405;1444804;2402;601;1202
2406;1446006;3603;401;1203
2407;1447209;1803;802;1203
2408;1448412;2404;602;1204
2409;1449616;1604;903;1204
2410;1450820;2005;723;1205
2411;1452025;1505;964;1205
2412;1453230;1407;1032;1206
2413;1454436;1446;1005;1206
2414;1455642;4097;355;1207
2415;1456849;1278;1139;1207
2416;1458056;1359;1072;1208
2417;1459264;2414;604;1208
2418;1460472;1581;923;1209
2419;1461681;1612;906;1209
2420;1462890;1510;968;1210
2421;1464100;1430;1023;1210
2422;1465310;2249;651;1211
2423;1466521;1694;865;1211
2424;1467732;1320;1111;1212
2425;1468944;1414;1038;1212
2426;1470156;8491;173;1213
2427;1471369;2426;606;1213
2428;1472582;1821;808;1214
2429;1473796;2426;607;1214
2430;1475010;3639;405;1215
2431;1476225;1821;810;1215
2432;1477440;2428;608;1216
2433;1478656;1296;1140;1216
2434;1479872;3651;405;1217
2435;1481089;2434;608;1217
2436;1482306;1344;1102;1218
2437;1483524;2434;609;1218
2438;1484742;27991;53;1219
2439;1485961;1334;1113;1219
2440;1487180;1281;1160;1220
2441;1488400;1403;1060;1220
2442;1489620;1749;851;1221
2443;1490841;1342;1110;1221
2444;1492062;1586;940;1222
2445;1493284;1443;1034;1222
2446;1494506;3669;407;1223
2447;1495729;2446;611;1223
2448;1496952;1326;1128;1224
2449;1498176;2446;612;1224
2450;1499400;6115;245;1225
2451;1500625;1260;1190;1225
2452;1501850;1839;816;1226
2453;1503076;2450;613;1226
2454;1504302;2045;735;1227
2455;1505529;1839;818;1227
2456;1506756;2452;614;1228
2457;1507984;1636;921;1228
2458;1509212;3687;409;1229
2459;1510441;2458;614;1229
2460;1511670;1535;984;1230
2461;1512900;2458;615;1230
2462;1514130;1512899;1;1231
2463;1515361;2462;615;1231
2464;1516592;1312;1155;1232
2465;1517824;2462;616;1232
2466;1519056;3693;411;1233
2467;1520289;1386;1096;1233
2468;1521522;2464;617;1234
2469;1522756;1851;822;1234
2470;1523990;1781;855;1235
2471;1525225;2470;617;1235
2472;1526460;1851;824;1236
2473;1527696;1339;1140;1236
2474;1528932;6185;247;1237
2475;1530169;2474;618;1237
2476;1531406;1857;824;1238
2477;1532644;2474;619;1238
2478;1533882;3711;413;1239
2479;1535121;1857;826;1239
2480;1536360;2476;620;1240
2481;1537600;1302;1180;1240
2482;1538840;1533;1003;1241
2483;1540081;1460;1054;1241
2484;1541322;1380;1116;1242
2485;1542564;1314;1173;1242
2486;1543806;1921;803;1243
2487;1545049;1518;1017;1243
2488;1546292;1656;933;1244
2489;1547536;2486;622;1244
2490;1548780;1695;913;1245
2491;1550025;1555;996;1245
2492;1551270;2177;712;1246
2493;1552516;1335;1162;1246
2494;1553762;2407;645;1247
2495;1555009;2494;623;1247
2496;1556256;1344;1157;1248
2497;1557504;1376;1131;1248
2498;1558752;36221;43;1249
2499;1560001;2498;624;1249
2500;1561250;1300;1200;1250
2501;1562500;2498;625;1250
2502;1563750;3747;417;1251
2503;1565001;1390;1125;1251
2504;1566252;1565;1000;1252
2505;1567504;1668;939;1252
2506;1568756;1611;973;1253
2507;1570009;2191;716;1253
2508;1571262;1672;939;1254
2509;1572516;1463;1074;1254
2510;1573770;1757;895;1255
2511;1575025;1506;1045;1255
2512;1576280;1672;942;1256
2513;1577536;1570;1004;1256
2514;1578792;2095;753;1257
2515;1580049;1676;942;1257
2516;1581306;2512;629;1258
2517;1582564;1887;838;1258
2518;1583822;3777;419;1259
2519;1585081;2518;629;1259
2520;1586340;1295;1224;1260
2521;1587600;2518;630;1260
2522;1588860;16367;97;1261
2523;1590121;1358;1170;1261
2524;1591382;1893;840;1262
2525;1592644;2522;631;1262
2526;1593906;3783;421;1263
2527;1595169;1893;842;1263
2528;1596432;2524;632;1264
2529;1597696;1684;948;1264
2530;1598960;2105;759;1265
2531;1600225;1580;1012;1265
2532;1601490;1688;948;1266
2533;1602756;1518;1055;1266
2534;1604022;1771;905;1267
2535;1605289;1477;1086;1267
2536;1606556;1688;951;1268
2537;1607824;2219;724;1268
2538;1609092;1629;987;1269
2539;1610361;1692;951;1269
2540;1611630;1585;1016;1270
2541;1612900;1410;1143;1270
2542;1614170;1457;1107;1271
2543;1615441;2542;635;1271
2544;1616712;1524;1060;1272
2545;1617984;1643;984;1272
2546;1619256;2077;779;1273
2547;1620529;1608;1007;1273
2548;1621802;1378;1176;1274
2549;1623076;1729;938;1274
2550;1624350;1425;1139;1275
2551;1625625;1326;1225;1275
2552;1626900;1421;1144;1276
2553;1628176;1450;1122;1276
2554;1629452;3831;425;1277
2555;1630729;2554;638;1277
2556;1632006;1562;1044;1278
2557;1633284;2554;639;1278
2558;1634562;1633283;1;1279
2559;1635841;2558;639;1279
2560;1637120;1420;1152;1280
2561;1638400;2558;640;1280
2562;1639680;3837;427;1281
2563;1640961;1344;1220;1281
2564;1642242;2560;641;1282
2565;1643524;1923;854;1282
2566;1644806;3849;427;1283
2567;1646089;2566;641;1283
2568;1647372;1923;856;1284
2569;1648656;2566;642;1284
2570;1649940;6415;257;1285
2571;1651225;1542;1070;1285
2572;1652510;1929;856;1286
2573;1653796;2570;643;1286
2574;1655082;2145;771;1287
2575;1656369;1929;858;1287
2576;1657656;2572;644;1288
2577;1658944;1386;1196;1288
2578;1660232;3867;429;1289
2579;1661521;2578;644;1289
2580;1662810;1380;1204;1290
2581;1664100;2578;645;1290
2582;1665390;1664099;1;1291
2583;1666681;2582;645;1291
2584;1667972;1462;1140;1292
2585;1669264;2582;646;1292
2586;1670556;3873;431;1293
2587;1671849;1724;969;1293
2588;1673142;2584;647;1294
2589;1674436;1941;862;1294
2590;1675730;2155;777;1295
2591;1677025;2590;647;1295
2592;1678320;1941;864;1296
2593;1679616;1332;1260;1296
2594;1680912;6485;259;1297
2595;1682209;2594;648;1297
2596;1683506;1416;1188;1298
2597;1684804;2594;649;1298
2598;1686102;3891;433;1299
2599;1687401;1947;866;1299
2600;1688700;1430;1180;1300
2601;1690000;1732;975;1300
2602;1691300;3903;433;1301
2603;1692601;2602;650;1301
2604;1693902;1365;1240;1302
2605;1695204;2602;651;1302
2606;1696506;1695203;1;1303
2607;1697809;2606;651;1303
2608;1699112;1488;1141;1304
2609;1700416;2606;652;1304
2610;1701720;3909;435;1305
2611;1703025;1467;1160;1305
2612;1704330;2608;653;1306
2613;1705636;1959;870;1306
2614;1706942;3921;435;1307
2615;1708249;2614;653;1307
2616;1709556;1959;872;1308
2617;1710864;2614;654;1308
2618;1712172;9149;187;1309
2619;1713481;1428;1199;1309
2620;1714790;1572;1090;1310
2621;1716100;1441;1190;1310
2622;1717410;1463;1173;1311
2623;1718721;1965;874;1311
2624;1720032;1640;1048;1312
2625;1721344;1558;1104;1312
2626;1722656;1919;897;1313
2627;1723969;1616;1066;1313
2628;1725282;1476;1168;1314
2629;1726596;1818;949;1314
2630;1727910;3419;505;1315
2631;1729225;1578;1095;1315
2632;1730540;1533;1128;1316
2633;1731856;1645;1052;1316
2634;1733172;2195;789;1317
2635;1734489;1756;987;1317
2636;1735806;2632;659;1318
2637;1737124;1977;878;1318
2638;1738442;3957;439;1319
2639;1739761;2638;659;1319
2640;1741080;1977;880;1320
2641;1742400;2638;660;1320
2642;1743720;1742399;1;1321
2643;1745041;2642;660;1321
2644;1746362;1983;880;1322
2645;1747684;2642;661;1322
2646;1749006;3963;441;1323
2647;1750329;1983;882;1323
2648;1751652;2644;662;1324
2649;1752976;1764;993;1324
2650;1754300;1431;1225;1325
2651;1755625;1655;1060;1325
2652;1756950;1768;993;1326
2653;1758276;1378;1275;1326
2654;1759602;6635;265;1327
2655;1760929;2654;663;1327
2656;1762256;1411;1248;1328
2657;1763584;2654;664;1328
2658;1764912;3981;443;1329
2659;1766241;1772;996;1329
2660;1767570;1520;1162;1330
2661;1768900;1995;886;1330
2662;1770230;3993;443;1331
2663;1771561;1463;1210;1331
2664;1772892;1368;1295;1332
2665;1774224;1452;1221;1332
2666;1775556;3751;473;1333
2667;1776889;1548;1147;1333
2668;1778222;1656;1073;1334
2669;1779556;1426;1247;1334
2670;1780890;2759;645;1335
2671;1782225;2001;890;1335
2672;1783560;2668;668;1336
2673;1784896;1670;1068;1336
2674;1786232;1869;955;1337
2675;1787569;1528;1169;1337
2676;1788906;1784;1002;1338
2677;1790244;1561;1146;1338
2678;1791582;2483;721;1339
2679;1792921;2678;669;1339
2680;1794260;1608;1115;1340
2681;1795600;1742;1030;1340
2682;1796940;1937;927;1341
2683;1798281;1490;1206;1341
2684;1799622;1474;1220;1342
2685;1800964;1639;1098;1342
2686;1802306;2533;711;1343
2687;1803649;1738;1037;1343
2688;1804992;1408;1281;1344
2689;1806336;1428;1264;1344
2690;1807680;4573;395;1345
2691;1809025;1614;1120;1345
2692;1810370;2019;896;1346
2693;1811716;2690;673;1346
2694;1813062;2245;807;1347
2695;1814409;2019;898;1347
2696;1815756;2692;674;1348
2697;1817104;1796;1011;1348
2698;1818452;4047;449;1349
2699;1819801;2698;674;1349
2700;1821150;1685;1080;1350
2701;1822500;1425;1278;1350
2702;1823850;3667;497;1351
2703;1825201;1575;1158;1351
2704;1826552;1404;1300;1352
2705;1827904;1544;1183;1352
2706;1829256;2123;861;1353
2707;1830609;1599;1144;1353
2708;1831962;2704;677;1354
2709;1833316;2031;902;1354
2710;1834670;2255;813;1355
2711;1836025;2710;677;1355
2712;1837380;2031;904;1356
2713;1838736;1626;1130;1356
2714;1840092;6233;295;1357
2715;1841449;2599;708;1357
2716;1842806;1582;1164;1358
2717;1844164;2231;826;1358
2718;1845522;3473;531;1359
2719;1846881;1746;1057;1359
2720;1848240;1552;1190;1360
2721;1849600;1510;1224;1360
2722;1850960;4083;453;1361
2723;1852321;2722;680;1361
2724;1853682;1632;1135;1362
2725;1855044;2722;681;1362
2726;1856406;39469;47;1363
2727;1857769;2726;681;1363
2728;1859132;1816;1023;1364
2729;1860496;1457;1276;1364
2730;1861860;1645;1131;1365
2731;1863225;1430;1302;1365
2732;1864590;2728;683;1366
2733;1865956;2049;910;1366
2734;1867322;4101;455;1367
2735;1868689;2734;683;1367
2736;1870056;2049;912;1368
2737;1871424;2734;684;1368
2738;1872792;50579;37;1369
2739;1874161;1406;1332;1369
2740;1875530;1520;1233;1370
2741;1876900;2738;685;1370
2742;1878270;4107;457;1371
2743;1879641;2055;914;1371
2744;1881012;1715;1096;1372
2745;1882384;1828;1029;1372
2746;1883756;4119;457;1373
2747;1885129;2746;686;1373
2748;1886502;1603;1176;1374
2749;1887876;2746;687;1374
2750;1889250;6865;275;1375
2751;1890625;1650;1145;1375
2752;1892000;1832;1032;1376
2753;1893376;1720;1100;1376
2754;1894752;1485;1275;1377
2755;1896129;1462;1296;1377
2756;1897506;1696;1118;1378
2757;1898884;1431;1326;1378
2758;1900262;1773;1071;1379
2759;1901641;2561;742;1379
2760;1903020;1495;1272;1380
2761;1904400;1610;1182;1380
2762;1905780;9667;197;1381
2763;1907161;2762;690;1381
2764;1908542;2073;920;1382
2765;1909924;2762;691;1382
2766;1911306;4143;461;1383
2767;1912689;2073;922;1383
2768;1914072;2764;692;1384
2769;1915456;1844;1038;1384
2770;1916840;2305;831;1385
2771;1918225;1730;1108;1385
2772;1919610;1557;1232;1386
2773;1920996;1662;1155;1386
2774;1922382;5263;365;1387
2775;1923769;1463;1314;1387
2776;1925156;1848;1041;1388
2777;1926544;2774;694;1388
2778;1927932;4161;463;1389
2779;1929321;1852;1041;1389
2780;1930710;1735;1112;1390
2781;1932100;2085;926;1390
2782;1933490;4173;463;1391
2783;1934881;1807;1070;1391
2784;1936272;1668;1160;1392
2785;1937664;1508;1284;1392
2786;1939056;2587;749;1393
2787;1940449;1592;1218;1393
2788;1941842;1479;1312;1394
2789;1943236;2786;697;1394
2790;1944630;1791;1085;1395
2791;1946025;1530;1271;1395
2792;1947420;2788;698;1396
2793;1948816;1745;1116;1396
2794;1950212;1705;1143;1397
2795;1951609;2794;698;1397
2796;1953006;1864;1047;1398
2797;1954404;2563;762;1398
2798;1955802;15389;127;1399
2799;1957201;2798;699;1399
2800;1958600;1631;1200;1400
2801;1960000;2798;700;1400
2802;1961400;4197;467;1401
2803;1962801;1868;1050;1401
2804;1964202;2800;701;1402
2805;1965604;2103;934;1402
2806;1967006;4209;467;1403
2807;1968409;2806;701;1403
2808;1969812;2103;936;1404
2809;1971216;1586;1242;1404
2810;1972620;6463;305;1405
2811;1974025;1686;1170;1405
2812;1975430;1443;1368;1406
2813;1976836;2810;703;1406
2814;1978242;1967;1005;1407
2815;1979649;1554;1273;1407
2816;1981056;1628;1216;1408
2817;1982464;1474;1344;1408
2818;1983872;4227;469;1409
2819;1985281;2818;704;1409
2820;1986690;1504;1320;1410
2821;1988100;2818;705;1410
2822;1989510;23953;83;1411
2823;1990921;1598;1245;1411
2824;1992332;1765;1128;1412
2825;1993744;2822;706;1412
2826;1995156;2669;747;1413
2827;1996569;1884;1059;1413
2828;1997982;2471;808;1414
2829;1999396;1818;1099;1414
2830;2000810;2355;849;1415
2831;2002225;1981;1010;1415
2832;2003640;1616;1239;1416
2833;2005056;1698;1180;1416
2834;2006472;3679;545;1417
2835;2007889;1534;1308;1417
2836;2009306;2127;944;1418
2837;2010724;2834;709;1418
2838;2012142;1677;1199;1419
2839;2013561;2127;946;1419
2840;2014980;2836;710;1420
2841;2016400;1562;1290;1420
2842;2017820;1617;1247;1421
2843;2019241;1988;1015;1421
2844;2020662;1580;1278;1422
2845;2022084;1659;1218;1422
2846;2023506;9961;203;1423
2847;2024929;2846;711;1423
2848;2026352;1602;1264;1424
2849;2027776;2846;712;1424
2850;2029200;4269;475;1425
2851;2030625;1520;1335;1425
2852;2032050;2047;992;1426
2853;2033476;1550;1311;1426
2854;2034902;4281;475;1427
2855;2036329;2854;713;1427
2856;2037756;1564;1302;1428
2857;2039184;2854;714;1428
2858;2040612;2039183;1;1429
2859;2042041;2858;714;1429
2860;2043470;1496;1365;1430
2861;2044900;2858;715;1430
2862;2046330;4287;477;1431
2863;2047761;1485;1378;1431
2864;2049192;1790;1144;1432
2865;2050624;1611;1272;1432
2866;2052056;4299;477;1433
2867;2053489;2866;716;1433
2868;2054922;1912;1074;1434
2869;2056356;2866;717;1434
2870;2057790;7165;287;1435
2871;2059225;1673;1230;1435
2872;2060660;1912;1077;1436
2873;2062096;1795;1148;1436
2874;2063532;2395;861;1437
2875;2064969;1916;1077;1437
2876;2066406;2872;719;1438
2877;2067844;2157;958;1438
2878;2069282;4317;479;1439
2879;2070721;2878;719;1439
2880;2072160;2157;960;1440
2881;2073600;2878;720;1440
2882;2075040;15829;131;1441
2883;2076481;1572;1320;1441
2884;2077922;1545;1344;1442
2885;2079364;1834;1133;1442
2886;2080806;1703;1221;1443
2887;2082249;1554;1339;1443
2888;2083692;1957;1064;1444
2889;2085136;1482;1406;1444
2890;2086580;1887;1105;1445
2891;2088025;1615;1292;1445
2892;2089470;1928;1083;1446
2893;2090916;1734;1205;1446
2894;2092362;7235;289;1447
2895;2093809;2894;723;1447
2896;2095256;1928;1086;1448
2897;2096704;2894;724;1448
2898;2098152;4341;483;1449
2899;2099601;1629;1288;1449
2900;2101050;1810;1160;1450
2901;2102500;1575;1334;1450
2902;2103950;4353;483;1451
2903;2105401;2902;725;1451
2904;2106852;1595;1320;1452
2905;2108304;2902;726;1452
2906;2109756;2108303;1;1453
2907;2111209;2906;726;1453
2908;2112662;2181;968;1454
2909;2114116;2906;727;1454
2910;2115570;4359;485;1455
2911;2117025;2181;970;1455
2912;2118480;2908;728;1456
2913;2119936;1552;1365;1456
2914;2121392;3007;705;1457
2915;2122849;1612;1316;1457
2916;2124306;1512;1404;1458
2917;2125764;1674;1269;1458
2918;2127222;45229;47;1459
2919;2128681;2918;729;1459
2920;2130140;1620;1314;1460
2921;2131600;2918;730;1460
2922;2133060;4377;487;1461
2923;2134521;1948;1095;1461
2924;2135982;1720;1241;1462
2925;2137444;2193;974;1462
2926;2138906;3409;627;1463
2927;2140369;1634;1309;1463
2928;2141832;2064;1037;1464
2929;2143296;1596;1342;1464
2930;2144760;2051;1045;1465
2931;2146225;1758;1220;1465
2932;2147690;2199;976;1466
2933;2149156;2930;733;1466
2934;2150622;2445;879;1467
2935;2152089;2199;978;1467
2936;2153556;2932;734;1468
2937;2155024;1956;1101;1468
2938;2156492;2119;1017;1469
2939;2157961;2938;734;1469
2940;2159430;1835;1176;1470
2941;2160900;1582;1365;1470
2942;2162370;19123;113;1471
2943;2163841;2942;735;1471
2944;2165312;1568;1380;1472
2945;2166784;2942;736;1472
2946;2168256;4413;491;1473
2947;2169729;1964;1104;1473
2948;2171202;1541;1408;1474
2949;2172676;2211;982;1474
2950;2174150;2455;885;1475
2951;2175625;1675;1298;1475
2952;2177100;1608;1353;1476
2953;2178576;1770;1230;1476
2954;2180052;2065;1055;1477
2955;2181529;1722;1266;1477
2956;2183006;2217;984;1478
2957;2184484;2954;739;1478
2958;2185962;3451;633;1479
2959;2187441;2217;986;1479
2960;2188920;2956;740;1480
2961;2190400;1740;1258;1480
2962;2191880;4443;493;1481
2963;2193361;2962;740;1481
2964;2194842;1520;1443;1482
2965;2196324;2962;741;1482
2966;2197806;2196323;1;1483
2967;2199289;2966;741;1483
2968;2200772;1596;1378;1484
2969;2202256;2966;742;1484
2970;2203740;4449;495;1485
2971;2205225;1540;1431;1485
2972;2206710;2968;743;1486
2973;2208196;2229;990;1486
2974;2209682;4461;495;1487
2975;2211169;2974;743;1487
2976;2212656;2229;992;1488
2977;2214144;2974;744;1488
2978;2215632;2214143;1;1489
2979;2217121;2978;744;1489
2980;2218610;1788;1240;1490
2981;2220100;2978;745;1490
2982;2221590;4467;497;1491
2983;2223081;2086;1065;1491
2984;2224572;1865;1192;1492
2985;2226064;1988;1119;1492
2986;2227556;4479;497;1493
2987;2229049;2986;746;1493
2988;2230542;1992;1119;1494
2989;2232036;2986;747;1494
2990;2233530;7465;299;1495
2991;2235025;1794;1245;1495
2992;2236520;1584;1411;1496
2993;2238016;1564;1430;1496
2994;2239512;2495;897;1497
2995;2241009;1996;1122;1497
2996;2242506;1712;1309;1498
2997;2244004;2247;998;1498
2998;2245502;4497;499;1499
2999;2247001;2998;749;1499
3000;2248500;1605;1400;1500
3001;2250000;2998;750;1500
3002;2251500;28481;79;1501
3003;2253001;1580;1425;1501
3004;2254502;2253;1000;1502
3005;2256004;3002;751;1502
3006;2257506;3173;711;1503
3007;2259009;2253;1002;1503
3008;2260512;3004;752;1504
3009;2262016;1692;1336;1504
3010;2263520;1935;1169;1505
3011;2265025;1645;1376;1505
3012;2266530;2008;1128;1506
3013;2268036;1757;1290;1506
3014;2269542;2365;959;1507
3015;2271049;2761;822;1507
3016;2272556;2008;1131;1508
3017;2274064;1781;1276;1508
3018;2275572;4521;503;1509
3019;2277081;2012;1131;1509
3020;2278590;1885;1208;1510
3021;2280100;2265;1006;1510
3022;2281610;4533;503;1511
3023;2283121;3022;755;1511
3024;2284632;1680;1359;1512
3025;2286144;3022;756;1512
3026;2287656;25687;89;1513
3027;2289169;1602;1428;1513
3028;2290682;2271;1008;1514
3029;2292196;3026;757;1514
3030;2293710;1717;1335;1515
3031;2295225;2271;1010;1515
3032;2296740;3028;758;1516
3033;2298256;1895;1212;1516
3034;2299772;3737;615;1517
3035;2301289;3034;758;1517
3036;2302806;2024;1137;1518
3037;2304324;1702;1353;1518
3038;2305842;1813;1271;1519
3039;2307361;1617;1426;1519
3040;2308880;1672;1380;1520
3041;2310400;1736;1330;1520
3042;2311920;1911;1209;1521
3043;2313441;1560;1482;1521
3044;2314962;3040;761;1522
3045;2316484;2283;1014;1522
3046;2318006;4569;507;1523
3047;2319529;3046;761;1523
3048;2321052;2283;1016;1524
3049;2322576;3046;762;1524
3050;2324100;7615;305;1525
3051;2325625;1830;1270;1525
3052;2327150;1778;1308;1526
3053;2328676;2135;1090;1526
3054;2330202;2545;915;1527
3055;2331729;2289;1018;1527
3056;2333256;1744;1337;1528
3057;2334784;2036;1146;1528
3058;2336312;4587;509;1529
3059;2337841;2101;1112;1529
3060;2339370;1719;1360;1530
3061;2340900;1683;1390;1530
3062;2342430;16841;139;1531
3063;2343961;3062;765;1531
3064;2345492;1915;1224;1532
3065;2347024;3062;766;1532
3066;2348556;4593;511;1533
3067;2350089;2044;1149;1533
3068;2351622;3064;767;1534
3069;2353156;1898;1239;1534
3070;2354690;2149;1095;1535
3071;2356225;3070;767;1535
3072;2357760;1664;1416;1536
3073;2359296;1842;1280;1536
3074;2360832;7685;307;1537
3075;2362369;1696;1392;1537
3076;2363906;2307;1024;1538
3077;2365444;3074;769;1538
3078;2366982;1653;1431;1539
3079;2368521;2307;1026;1539
3080;2370060;3076;770;1540
3081;2371600;1596;1485;1540
3082;2373140;1809;1311;1541
3083;2374681;1610;1474;1541
3084;2376222;1799;1320;1542
3085;2377764;3082;771;1542
3086;2379306;35489;67;1543
3087;2380849;3086;771;1543
3088;2382392;2056;1158;1544
3089;2383936;3086;772;1544
3090;2385480;4629;515;1545
3091;2387025;1930;1236;1545
3092;2388570;3088;773;1546
3093;2390116;2319;1030;1546
3094;2391662;1751;1365;1547
3095;2393209;3094;773;1547
3096;2394756;2319;1032;1548
3097;2396304;1638;1462;1548
3098;2397852;10843;221;1549
3099;2399401;3098;774;1549
3100;2400950;1720;1395;1550
3101;2402500;3098;775;1550
3102;2404050;4647;517;1551
3103;2405601;1650;1457;1551
3104;2407152;1940;1240;1552
3105;2408704;2068;1164;1552
3106;2410256;4659;517;1553
3107;2411809;3106;776;1553
3108;2413362;1776;1358;1554
3109;2414916;3106;777;1554
3110;2416470;7765;311;1555
3111;2418025;1866;1295;1555
3112;2419580;2072;1167;1556
3113;2421136;1945;1244;1556
3114;2422692;2595;933;1557
3115;2424249;2076;1167;1557
3116;2425806;3112;779;1558
3117;2427364;2337;1038;1558
3118;2428922;4677;519;1559
3119;2430481;3118;779;1559
3120;2432040;1599;1520;1560
3121;2433600;3118;780;1560
3122;2435160;10913;223;1561
3123;2436721;1784;1365;1561
3124;2438282;1704;1430;1562
3125;2439844;2453;994;1562
3126;2441406;3647;669;1563
3127;2442969;2343;1042;1563
3128;2444532;1633;1496;1564
3129;2446096;2084;1173;1564
3130;2447660;2605;939;1565
3131;2449225;1955;1252;1565
3132;2450790;1656;1479;1566
3133;2452356;1878;1305;1566
3134;2453922;7835;313;1567
3135;2455489;3134;783;1567
3136;2457056;1624;1512;1568
3137;2458624;3134;784;1568
3138;2460192;4701;523;1569
3139;2461761;2092;1176;1569
3140;2463330;1960;1256;1570
3141;2464900;2355;1046;1570
3142;2466470;4713;523;1571
3143;2468041;3142;785;1571
3144;2469612;1884;1310;1572
3145;2471184;3142;786;1572
3146;2472756;17281;143;1573
3147;2474329;1703;1452;1573
3148;2475902;2361;1048;1574
3149;2477476;3146;787;1574
3150;2479050;1815;1365;1575
3151;2480625;2361;1050;1575
3152;2482200;3148;788;1576
3153;2483776;1773;1400;1576
3154;2485352;1743;1425;1577
3155;2486929;3154;788;1577
3156;2488506;2104;1182;1578
3157;2490084;3154;789;1578
3158;2491662;30001;83;1579
3159;2493241;3158;789;1579
3160;2494820;1896;1315;1580
3161;2496400;3158;790;1580
3162;2497980;4737;527;1581
3163;2499561;1860;1343;1581
3164;2501142;2212;1130;1582
3165;2502724;1921;1302;1582
3166;2504306;4749;527;1583
3167;2505889;3166;791;1583
3168;2507472;1808;1386;1584
3169;2509056;3166;792;1584
3170;2510640;7915;317;1585
3171;2512225;1902;1320;1585
3172;2513810;1716;1464;1586
3173;2515396;3170;793;1586
3174;2516982;2645;951;1587
3175;2518569;1794;1403;1587
3176;2520156;3172;794;1588
3177;2521744;2116;1191;1588
3178;2523332;3703;681;1589
3179;2524921;2779;908;1589
3180;2526510;1985;1272;1590
3181;2528100;1855;1362;1590
3182;2529690;8399;301;1591
3183;2531281;1961;1290;1591
3184;2532872;1990;1272;1592
3185;2534464;3182;796;1592
3186;2536056;2183;1161;1593
3187;2537649;1791;1416;1593
3188;2539242;3184;797;1594
3189;2540836;2391;1062;1594
3190;2542430;1711;1485;1595
3191;2544025;3190;797;1595
3192;2545620;2391;1064;1596
3193;2547216;1653;1540;1596
3194;2548812;7985;319;1597
3195;2550409;3194;798;1597
3196;2552006;1786;1428;1598
3197;2553604;3194;799;1598
3198;2555202;4791;533;1599
3199;2556801;1833;1394;1599
3200;2558400;1700;1504;1600
3201;2560000;1640;1560;1600
3202;2561600;4803;533;1601
3203;2563201;3202;800;1601
3204;2564802;1780;1440;1602
3205;2566404;3202;801;1602
3206;2568006;11207;229;1603
3207;2569609;1869;1374;1603
3208;2571212;2136;1203;1604
3209;2572816;2807;916;1604
3210;2574420;2247;1145;1605
3211;2576025;2005;1284;1605
3212;2577630;3208;803;1606
3213;2579236;2190;1177;1606
3214;2580842;4821;535;1607
3215;2582449;3214;803;1607
3216;2584056;1752;1474;1608
3217;2585664;3214;804;1608
3218;2587272;2585663;1;1609
3219;2588881;3218;804;1609
3220;2590490;1680;1541;1610
3221;2592100;3218;805;1610
3222;2593710;4827;537;1611
3223;2595321;1790;1449;1611
3224;2596932;1736;1495;1612
3225;2598544;2148;1209;1612
3226;2600156;4839;537;1613
3227;2601769;3226;806;1613
3228;2603382;2152;1209;1614
3229;2604996;3226;807;1614
3230;2606610;8065;323;1615
3231;2608225;1938;1345;1615
3232;2609840;2152;1212;1616
3233;2611456;1717;1520;1616
3234;2613072;1785;1463;1617
3235;2614689;1848;1414;1617
3236;2616306;3232;809;1618
3237;2617924;2427;1078;1618
3238;2619542;4857;539;1619
3239;2621161;3238;809;1619
3240;2622780;2427;1080;1620
3241;2624400;3238;810;1620
3242;2626020;2624399;1;1621
3243;2627641;3242;810;1621
3244;2629262;2433;1080;1622
3245;2630884;3242;811;1622
3246;2632506;4863;541;1623
3247;2634129;2433;1082;1623
3248;2635752;3244;812;1624
3249;2637376;2164;1218;1624
3250;2639000;2705;975;1625
3251;2640625;1750;1508;1625
3252;2642250;1897;1392;1626
3253;2643876;1950;1355;1626
3254;2645502;8135;325;1627
3255;2647129;3254;813;1627
3256;2648756;2168;1221;1628
3257;2650384;3254;814;1628
3258;2652012;4881;543;1629
3259;2653641;1991;1332;1629
3260;2655270;1793;1480;1630
3261;2656900;1810;1467;1630
3262;2658530;2097;1267;1631
3263;2660161;2282;1165;1631
3264;2661792;1956;1360;1632
3265;2663424;1864;1428;1632
3266;2665056;5359;497;1633
3267;2666689;1704;1564;1633
3268;2668322;1824;1462;1634
3269;2669956;1978;1349;1634
3270;2671590;2507;1065;1635
3271;2673225;2071;1290;1635
3272;2674860;3268;818;1636
3273;2676496;2045;1308;1636
3274;2678132;4911;545;1637
3275;2679769;3274;818;1637
3276;2681406;2184;1227;1638
3277;2683044;3274;819;1638
3278;2684682;18007;149;1639
3279;2686321;1937;1386;1639
3280;2687960;1680;1599;1640
3281;2689600;1804;1490;1640
3282;2691240;4917;547;1641
3283;2692881;2188;1230;1641
3284;2694522;3280;821;1642
3285;2696164;2463;1094;1642
3286;2697806;4929;547;1643
3287;2699449;3286;821;1643
3288;2701092;2463;1096;1644
3289;2702736;3286;822;1644
3290;2704380;1855;1457;1645
3291;2706025;1918;1410;1645
3292;2707670;2469;1096;1646
3293;2709316;3290;823;1646
3294;2710962;2115;1281;1647
3295;2712609;2469;1098;1647
3296;2714256;3292;824;1648
3297;2715904;1854;1464;1648
3298;2717552;2619;1037;1649
3299;2719201;1751;1552;1649
3300;2720850;1760;1545;1650
3301;2722500;1870;1455;1650
3302;2724150;2159;1261;1651
3303;2725801;1905;1430;1651
3304;2727452;1770;1540;1652
3305;2729104;1778;1534;1652
3306;2730756;2413;1131;1653
3307;2732409;1711;1596;1653
3308;2734062;3304;827;1654
3309;2735716;2481;1102;1654
3310;2737370;2755;993;1655
3311;2739025;3310;827;1655
3312;2740680;2481;1104;1656
3313;2742336;1986;1380;1656
3314;2743992;8285;331;1657
3315;2745649;3314;828;1657
3316;2747306;2487;1104;1658
3317;2748964;3314;829;1658
3318;2750622;4971;553;1659
3319;2752281;2487;1106;1659
3320;2753940;3316;830;1660
3321;2755600;1743;1580;1660
3322;2757260;2607;1057;1661
3323;2758921;1826;1510;1661
3324;2760582;1992;1385;1662
3325;2762244;3047;906;1662
3326;2763906;18293;151;1663
3327;2765569;3326;831;1663
3328;2767232;2216;1248;1664
3329;2768896;3326;832;1664
3330;2770560;4989;555;1665
3331;2772225;1776;1560;1665
3332;2773890;1768;1568;1666
3333;2775556;1785;1554;1666
3334;2777222;5001;555;1667
3335;2778889;3334;833;1667
3336;2780556;1946;1428;1668
3337;2782224;3334;834;1668
3338;2783892;2782223;1;1669
3339;2785561;3338;834;1669
3340;2787230;2004;1390;1670
3341;2788900;3338;835;1670
3342;2790570;5007;557;1671
3343;2792241;2505;1114;1671
3344;2793912;1837;1520;1672
3345;2795584;2228;1254;1672
3346;2797256;3899;717;1673
3347;2798929;1912;1463;1673
3348;2800602;1767;1584;1674
3349;2802276;1953;1434;1674
3350;2803950;2345;1195;1675
3351;2805625;1809;1550;1675
3352;2807300;2232;1257;1676
3353;2808976;2095;1340;1676
3354;2810652;2613;1075;1677
3355;2812329;2236;1257;1677
3356;2814006;3352;839;1678
3357;2815684;2517;1118;1678
3358;2817362;2847;989;1679
3359;2819041;3358;839;1679
3360;2820720;2517;1120;1680
3361;2822400;1752;1610;1680
3362;2824080;2993;943;1681
3363;2825761;1722;1640;1681
3364;2827442;1740;1624;1682
3365;2829124;2378;1189;1682
3366;2830806;2091;1353;1683
3367;2832489;1914;1479;1683
3368;2834172;3364;842;1684
3369;2835856;2244;1263;1684
3370;2837540;2805;1011;1685
3371;2839225;2105;1348;1685
3372;2840910;2248;1263;1686
3373;2842596;2022;1405;1686
3374;2844282;2359;1205;1687
3375;2845969;1967;1446;1687
3376;2847656;2248;1266;1688
3377;2849344;1928;1477;1688
3378;2851032;3941;723;1689
3379;2852721;2252;1266;1689
3380;2854410;2110;1352;1690
3381;2856100;2535;1126;1690
3382;2857790;5073;563;1691
3383;2859481;2314;1235;1691
3384;2861172;1833;1560;1692
3385;2862864;1786;1602;1692
3386;2864556;32167;89;1693
3387;2866249;3386;846;1693
3388;2867942;1848;1551;1694
3389;2869636;3386;847;1694
3390;2871330;5079;565;1695
3391;2873025;1815;1582;1695
3392;2874720;1936;1484;1696
3393;2876416;1808;1590;1696
3394;2878112;5091;565;1697
3395;2879809;3394;848;1697
3396;2881506;2264;1272;1698
3397;2883204;3394;849;1698
3398;2884902;2883203;1;1699
3399;2886601;3398;849;1699
3400;2888300;2040;1415;1700
3401;2890000;3398;850;1700
3402;2891700;5097;567;1701
3403;2893401;1785;1620;1701
3404;2895102;1850;1564;1702
3405;2896804;1863;1554;1702
3406;2898506;2457;1179;1703
3407;2900209;3013;962;1703
3408;2901912;1776;1633;1704
3409;2903616;1846;1572;1704
3410;2905320;2015;1441;1705
3411;2907025;1860;1562;1705
3412;2908730;2559;1136;1706
3413;2910436;3410;853;1706
3414;2912142;2845;1023;1707
3415;2913849;2559;1138;1707
3416;2915556;3412;854;1708
3417;2917264;2276;1281;1708
3418;2918972;5127;569;1709
3419;2920681;3418;854;1709
3420;2922390;1830;1596;1710
3421;2924100;3418;855;1710
3422;2925810;49561;59;1711
3423;2927521;1770;1653;1711
3424;2929232;1824;1605;1712
3425;2930944;3103;944;1712
3426;2932656;5133;571;1713
3427;2934369;2284;1284;1713
3428;2936082;3424;857;1714
3429;2937796;2571;1142;1714
3430;2939510;2855;1029;1715
3431;2941225;3430;857;1715
3432;2942940;2571;1144;1716
3433;2944656;1820;1617;1716
3434;2946372;3535;833;1717
3435;2948089;2222;1326;1717
3436;2949806;2577;1144;1718
3437;2951524;3434;859;1718
3438;2953242;3247;909;1719
3439;2954961;2577;1146;1719
3440;2956680;3436;860;1720
3441;2958400;1910;1548;1720
3442;2960120;5163;573;1721
3443;2961841;3442;860;1721
3444;2963562;1763;1680;1722
3445;2965284;3442;861;1722
3446;2967006;2965283;1;1723
3447;2968729;3446;861;1723
3448;2970452;2296;1293;1724
3449;2972176;3446;862;1724
3450;2973900;5169;575;1725
3451;2975625;2155;1380;1725
3452;2977350;3448;863;1726
3453;2979076;2589;1150;1726
3454;2980802;2355;1265;1727
3455;2982529;3454;863;1727
3456;2984256;2589;1152;1728
3457;2985984;1884;1584;1728
3458;2987712;2041;1463;1729
3459;2989441;1824;1638;1729
3460;2991170;1920;1557;1730
3461;2992900;2249;1330;1730
3462;2994630;4039;741;1731
3463;2996361;2595;1154;1731
3464;2998092;2165;1384;1732
3465;2999824;2308;1299;1732
3466;3001556;5199;577;1733
3467;3003289;3466;866;1733
3468;3005022;2312;1299;1734
3469;3006756;3466;867;1734
3470;3008490;8665;347;1735
3471;3010225;2082;1445;1735
3472;3011960;1904;1581;1736
3473;3013696;2170;1388;1736
3474;3015432;2895;1041;1737
3475;3017169;1953;1544;1737
3476;3018906;2212;1364;1738
3477;3020644;2123;1422;1738
3478;3022382;5217;579;1739
3479;3024121;2923;1034;1739
3480;3025860;1896;1595;1740
3481;3027600;2146;1410;1740
3482;3029340;64417;47;1741
3483;3031081;3482;870;1741
3484;3032822;1885;1608;1742
3485;3034564;3482;871;1742
3486;3036306;5223;581;1743
3487;3038049;2158;1407;1743
3488;3039792;2144;1417;1744
3489;3041536;1992;1526;1744
3490;3043280;2443;1245;1745
3491;3045025;2180;1396;1745
3492;3046770;1962;1552;1746
3493;3048516;2094;1455;1746
3494;3050262;8735;349;1747
3495;3052009;3494;873;1747
3496;3053756;1843;1656;1748
3497;3055504;3494;874;1748
3498;3057252;5241;583;1749
3499;3059001;2014;1518;1749
3500;3060750;1900;1610;1750
3501;3062500;1855;1650;1750
3502;3064250;2703;1133;1751
3503;3066001;2125;1442;1751
3504;3067752;1825;1680;1752
3505;3069504;2472;1241;1752
3506;3071256;29801;103;1753
3507;3073009;3506;876;1753
3508;3074762;2631;1168;1754
3509;3076516;3506;877;1754
3510;3078270;5259;585;1755
3511;3080025;2631;1170;1755
3512;3081780;3508;878;1756
3513;3083536;2195;1404;1756
3514;3085292;2259;1365;1757
3515;3087049;3073;1004;1757
3516;3088806;2344;1317;1758
3517;3090564;2051;1506;1758
3518;3092322;12313;251;1759
3519;3094081;3518;879;1759
3520;3095840;2112;1465;1760
3521;3097600;3518;880;1760
3522;3099360;5277;587;1761
3523;3101121;2348;1320;1761
3524;3102882;3520;881;1762
3525;3104644;2643;1174;1762
3526;3106406;5289;587;1763
3527;3108169;3526;881;1763
3528;3109932;2643;1176;1764
3529;3111696;1806;1722;1764
3530;3113460;8815;353;1765
3531;3115225;2118;1470;1765
3532;3116990;2649;1176;1766
3533;3118756;3530;883;1766
3534;3120522;2945;1059;1767
3535;3122289;2649;1178;1767
3536;3124056;3532;884;1768
3537;3125824;1938;1612;1768
3538;3127592;1891;1653;1769
3539;3129361;1972;1586;1769
3540;3131130;2006;1560;1770
3541;3132900;1830;1711;1770
3542;3134670;2233;1403;1771
3543;3136441;1947;1610;1771
3544;3138212;2215;1416;1772
3545;3139984;3101;1012;1772
3546;3141756;2167;1449;1773
3547;3143529;2364;1329;1773
3548;3145302;3544;887;1774
3549;3147076;2661;1182;1774
3550;3148850;2955;1065;1775
3551;3150625;3550;887;1775
3552;3152400;2661;1184;1776
3553;3154176;1850;1704;1776
3554;3155952;8885;355;1777
3555;3157729;3554;888;1777
3556;3159506;2032;1554;1778
3557;3161284;3554;889;1778
3558;3163062;5331;593;1779
3559;3164841;2667;1186;1779
3560;3166620;2492;1270;1780
3561;3168400;2372;1335;1780
3562;3170180;5343;593;1781
3563;3171961;2314;1370;1781
3564;3173742;1958;1620;1782
3565;3175524;2106;1507;1782
3566;3177306;23179;137;1783
3567;3179089;3566;891;1783
3568;3180872;2007;1584;1784
3569;3182656;3566;892;1784
3570;3184440;5349;595;1785
3571;3186225;2040;1561;1785
3572;3188010;3568;893;1786
3573;3189796;1938;1645;1786
3574;3191582;5361;595;1787
3575;3193369;3574;893;1787
3576;3195156;2679;1192;1788
3577;3196944;3574;894;1788
3578;3198732;3196943;1;1789
3579;3200521;3578;894;1789
3580;3202310;2148;1490;1790
3581;3204100;3578;895;1790
3582;3205890;5367;597;1791
3583;3207681;1990;1611;1791
3584;3209472;2240;1432;1792
3585;3211264;2016;1592;1792
3586;3213056;2189;1467;1793
3587;3214849;2282;1408;1793
3588;3216642;1932;1664;1794
3589;3218436;2119;1518;1794
3590;3220230;3949;815;1795
3591;3222025;2154;1495;1795
3592;3223820;2392;1347;1796
3593;3225616;2245;1436;1796
3594;3227412;2995;1077;1797
3595;3229209;2396;1347;1797
3596;3231006;3592;899;1798
3597;3232804;2697;1198;1798
3598;3234602;4193;771;1799
3599;3236401;3598;899;1799
3600;3238200;1860;1740;1800
3601;3240000;2056;1575;1800
3602;3241800;12607;257;1801
3603;3243601;3602;900;1801
3604;3245402;1908;1700;1802
3605;3247204;3602;901;1802
3606;3249006;5403;601;1803
3607;3250809;2703;1202;1803
3608;3252612;2173;1496;1804
3609;3254416;2404;1353;1804
3610;3256220;3005;1083;1805
3611;3258025;2090;1558;1805
3612;3259830;1848;1763;1806
3613;3261636;1995;1634;1806
3614;3263442;2641;1235;1807
3615;3265249;1946;1677;1807
3616;3267056;2064;1582;1808
3617;3268864;2224;1469;1808
3618;3270672;2613;1251;1809
3619;3272481;2034;1608;1809
3620;3274290;2260;1448;1810
3621;3276100;2010;1629;1810
3622;3277910;5433;603;1811
3623;3279721;3622;905;1811
3624;3281532;2172;1510;1812
3625;3283344;3622;906;1812
3626;3285156;12677;259;1813
3627;3286969;2114;1554;1813
3628;3288782;2721;1208;1814
3629;3290596;3626;907;1814
3630;3292410;2035;1617;1815
3631;3294225;2721;1210;1815
3632;3296040;3628;908;1816
3633;3297856;2270;1452;1816
3634;3299672;2607;1265;1817
3635;3301489;3634;908;1817
3636;3303306;2043;1616;1818
3637;3305124;2323;1422;1818
3638;3306942;2461;1343;1819
3639;3308761;1926;1717;1819
3640;3310580;2020;1638;1820
3641;3312400;2140;1547;1820
3642;3314220;5457;607;1821
3643;3316041;2428;1365;1821
3644;3317862;3640;911;1822
3645;3319684;2733;1214;1822
3646;3321506;5469;607;1823
3647;3323329;3646;911;1823
3648;3325152;2733;1216;1824
3649;3326976;3646;912;1824
3650;3328800;9115;365;1825
3651;3330625;1900;1752;1825
3652;3332450;1992;1672;1826
3653;3334276;2075;1606;1826
3654;3336102;2117;1575;1827
3655;3337929;1914;1743;1827
3656;3339756;3652;914;1828
3657;3341584;2436;1371;1828
3658;3343412;1953;1711;1829
3659;3345241;3658;914;1829
3660;3347070;2285;1464;1830
3661;3348900;1891;1770;1830
3662;3350730;56761;59;1831
3663;3352561;3662;915;1831
3664;3354392;2290;1464;1832
3665;3356224;3662;916;1832
3666;3358056;5493;611;1833
3667;3359889;2444;1374;1833
3668;3361722;2096;1603;1834
3669;3363556;1974;1703;1834
3670;3365390;3055;1101;1835
3671;3367225;2569;1310;1835
3672;3369060;2142;1572;1836
3673;3370896;2202;1530;1836
3674;3372732;4037;835;1837
3675;3374569;2004;1683;1837
3676;3376406;2757;1224;1838
3677;3378244;3674;919;1838
3678;3380082;5511;613;1839
3679;3381921;2757;1226;1839
3680;3383760;3676;920;1840
3681;3385600;2452;1380;1840
3682;3387440;4291;789;1841
3683;3389281;2104;1610;1841
3684;3391122;2208;1535;1842
3685;3392964;2149;1578;1842
3686;3394806;4997;679;1843
3687;3396649;3686;921;1843
3688;3398492;2456;1383;1844
3689;3400336;3686;922;1844
3690;3402180;2337;1455;1845
3691;3404025;2305;1476;1845
3692;3405870;3688;923;1846
3693;3407716;2130;1599;1846
3694;3409562;5541;615;1847
3695;3411409;3694;923;1847
3696;3413256;1988;1716;1848
3697;3415104;3694;924;1848
3698;3416952;79421;43;1849
3699;3418801;1892;1806;1849
3700;3420650;1925;1776;1850
3701;3422500;2150;1591;1850
3702;3424350;5547;617;1851
3703;3426201;2775;1234;1851
3704;3428052;2315;1480;1852
3705;3429904;2468;1389;1852
3706;3431756;5559;617;1853
3707;3433609;3706;926;1853
3708;3435462;2472;1389;1854
3709;3437316;1962;1751;1854
3710;3439170;3815;901;1855
3711;3441025;2163;1590;1855
3712;3442880;2088;1648;1856
3713;3444736;2030;1696;1856
3714;3446592;3095;1113;1857
3715;3448449;2476;1392;1857
3716;3450306;3712;929;1858
3717;3452164;2787;1238;1858
3718;3454022;5577;619;1859
3719;3455881;3718;929;1859
3720;3457740;2787;1240;1860
3721;3459600;2015;1716;1860
3722;3461460;20471;169;1861
3723;3463321;3722;930;1861
3724;3465182;1960;1767;1862
3725;3467044;3722;931;1862
3726;3468906;5583;621;1863
3727;3470769;2254;1539;1863
3728;3472632;2128;1631;1864
3729;3474496;2097;1656;1864
3730;3476360;3105;1119;1865
3731;3478225;2330;1492;1865
3732;3480090;2488;1398;1866
3733;3481956;2238;1555;1866
3734;3483822;9335;373;1867
3735;3485689;3734;933;1867
3736;3487556;2488;1401;1868
3737;3489424;3734;934;1868
3738;3491292;5601;623;1869
3739;3493161;2492;1401;1869
3740;3495030;2335;1496;1870
3741;3496900;1958;1785;1870
3742;3498770;5613;623;1871
3743;3500641;3742;935;1871
3744;3502512;1980;1768;1872
3745;3504384;3742;936;1872
3746;3506256;3504383;1;1873
3747;3508129;3746;936;1873
3748;3510002;2811;1248;1874
3749;3511876;3746;937;1874
3750;3513750;5619;625;1875
3751;3515625;2811;1250;1875
3752;3517500;3748;938;1876
3753;3519376;2010;1750;1876
3754;3521252;5631;625;1877
3755;3523129;3754;938;1877
3756;3525006;2191;1608;1878
3757;3526884;3754;939;1878
3758;3528762;3526883;1;1879
3759;3530641;3758;939;1879
3760;3532520;2256;1565;1880
3761;3534400;3758;940;1880
3762;3536280;5637;627;1881
3763;3538161;1980;1786;1881
3764;3540042;3760;941;1882
3765;3541924;2823;1254;1882
3766;3543806;2421;1463;1883
3767;3545689;3766;941;1883
3768;3547572;2823;1256;1884
3769;3549456;2198;1614;1884
3770;3551340;2639;1345;1885
3771;3553225;2041;1740;1885
3772;3555110;2829;1256;1886
3773;3556996;2378;1495;1886
3774;3558882;2405;1479;1887
3775;3560769;2091;1702;1887
3776;3562656;2419;1472;1888
3777;3564544;2006;1776;1888
3778;3566432;5667;629;1889
3779;3568321;3778;944;1889
3780;3570210;2016;1770;1890
3781;3572100;3778;945;1890
3782;3573990;58559;61;1891
3783;3575881;1953;1830;1891
3784;3577772;1935;1848;1892
3785;3579664;2623;1364;1892
3786;3581556;5673;631;1893
3787;3583449;2524;1419;1893
3788;3585342;3784;947;1894
3789;3587236;2841;1262;1894
3790;3589130;3155;1137;1895
3791;3591025;3790;947;1895
3792;3592920;2841;1264;1896
3793;3594816;2274;1580;1896
3794;3596712;2653;1355;1897
3795;3598609;2168;1659;1897
3796;3600506;2054;1752;1898
3797;3602404;3523;1022;1898
3798;3604302;2439;1477;1899
3799;3606201;2743;1314;1899
3800;3608100;1976;1825;1900
3801;3610000;2110;1710;1900
3802;3611900;5703;633;1901
3803;3613801;3802;950;1901
3804;3615702;2280;1585;1902
3805;3617604;3802;951;1902
3806;3619506;20911;173;1903
3807;3621409;3487;1038;1903
3808;3623312;2219;1632;1904
3809;3625216;2422;1496;1904
3810;3627120;2595;1397;1905
3811;3629025;2032;1785;1905
3812;3630930;3808;953;1906
3813;3632836;2859;1270;1906
3814;3634742;5721;635;1907
3815;3636649;3814;953;1907
3816;3638556;2859;1272;1908
3817;3640464;3814;954;1908
3818;3642372;43861;83;1909
3819;3644281;2438;1494;1909
3820;3646190;2120;1719;1910
3821;3648100;3818;955;1910
3822;3650010;2093;1743;1911
3823;3651921;2483;1470;1911
3824;3653832;2390;1528;1912
3825;3655744;2184;1673;1912
3826;3657656;5739;637;1913
3827;3659569;3826;956;1913
3828;3661482;2552;1434;1914
3829;3663396;3826;957;1914
3830;3665310;9565;383;1915
3831;3667225;2298;1595;1915
3832;3669140;2552;1437;1916
3833;3671056;2395;1532;1916
3834;3672972;3195;1149;1917
3835;3674889;2556;1437;1917
3836;3676806;3353;1096;1918
3837;3678724;2466;1491;1918
3838;3680642;2727;1349;1919
3839;3682561;2603;1414;1919
3840;3684480;2055;1792;1920
3841;3686400;2020;1824;1920
3842;3688320;2147;1717;1921
3843;3690241;2040;1808;1921
3844;3692162;1984;1860;1922
3845;3694084;3503;1054;1922
3846;3696006;5763;641;1923
3847;3697929;2883;1282;1923
3848;3699852;2294;1612;1924
3849;3701776;2564;1443;1924
3850;3703700;3205;1155;1925
3851;3705625;2002;1850;1925
3852;3707550;2568;1443;1926
3853;3709476;2247;1650;1926
3854;3711402;2255;1645;1927
3855;3713329;3854;963;1927
3856;3715256;2169;1712;1928
3857;3717184;3854;964;1928
3858;3719112;5781;643;1929
3859;3721041;2572;1446;1929
3860;3722970;2410;1544;1930
3861;3724900;2895;1286;1930
3862;3726830;5793;643;1931
3863;3728761;3862;965;1931
3864;3730692;2316;1610;1932
3865;3732624;3862;966;1932
3866;3734556;3732623;1;1933
3867;3736489;3866;966;1933
3868;3738422;2901;1288;1934
3869;3740356;3866;967;1934
3870;3742290;5799;645;1935
3871;3744225;2901;1290;1935
3872;3746160;3868;968;1936
3873;3748096;1980;1892;1936
3874;3750032;2235;1677;1937
3875;3751969;2288;1639;1937
3876;3753906;2057;1824;1938
3877;3755844;2533;1482;1938
3878;3757782;3601;1043;1939
3879;3759721;2261;1662;1939
3880;3761660;2040;1843;1940
3881;3763600;2716;1385;1940
3882;3765540;4529;831;1941
3883;3767481;2588;1455;1941
3884;3769422;3880;971;1942
3885;3771364;2913;1294;1942
3886;3773306;5829;647;1943
3887;3775249;3886;971;1943
3888;3777192;2913;1296;1944
3889;3779136;2088;1809;1944
3890;3781080;9715;389;1945
3891;3783025;2334;1620;1945
3892;3784970;2224;1701;1946
3893;3786916;2723;1390;1946
3894;3788862;3245;1167;1947
3895;3790809;2478;1529;1947
3896;3792756;3409;1112;1948
3897;3794704;2596;1461;1948
3898;3796652;5847;649;1949
3899;3798601;3898;974;1949
3900;3800550;2435;1560;1950
3901;3802500;3898;975;1950
3902;3804450;3802499;1;1951
3903;3806401;3902;975;1951
3904;3808352;2080;1830;1952
3905;3810304;3902;976;1952
3906;3812256;5853;651;1953
3907;3814209;2016;1891;1953
3908;3816162;3904;977;1954
3909;3818116;2931;1302;1954
3910;3820070;2139;1785;1955
3911;3822025;3910;977;1955
3912;3823980;2931;1304;1956
3913;3825936;2346;1630;1956
3914;3827892;2185;1751;1957
3915;3829849;3097;1236;1957
3916;3831806;2136;1793;1958
3917;3833764;2266;1691;1958
3918;3835722;5871;653;1959
3919;3837681;2937;1306;1959
3920;3839640;2156;1780;1960
3921;3841600;2612;1470;1960
3922;3843560;5883;653;1961
3923;3845521;2072;1855;1961
3924;3847482;2180;1764;1962
3925;3849444;3922;981;1962
3926;3851406;5587;689;1963
3927;3853369;2718;1417;1963
3928;3855332;2616;1473;1964
3929;3857296;3926;982;1964
3930;3859260;2265;1703;1965
3931;3861225;2455;1572;1965
3932;3863190;3928;983;1966
3933;3865156;2949;1310;1966
3934;3867122;2751;1405;1967
3935;3869089;3934;983;1967
3936;3871056;2949;1312;1968
3937;3873024;2248;1722;1968
3938;3874992;3091;1253;1969
3939;3876961;2148;1804;1969
3940;3878930;2364;1640;1970
3941;3880900;2167;1790;1970
3942;3882870;2409;1611;1971
3943;3884841;2190;1773;1971
3944;3886812;2465;1576;1972
3945;3888784;2117;1836;1972
3946;3890756;5919;657;1973
3947;3892729;3946;986;1973
3948;3894702;2397;1624;1974
3949;3896676;3946;987;1974
3950;3898650;9865;395;1975
3951;3900625;2350;1659;1975
3952;3902600;2128;1833;1976
3953;3904576;2054;1900;1976
3954;3906552;3295;1185;1977
3955;3908529;2636;1482;1977
3956;3910506;2236;1748;1978
3957;3912484;2967;1318;1978
3958;3914462;5937;659;1979
3959;3916441;3958;989;1979
3960;3918420;2024;1935;1980
3961;3920400;3958;990;1980
3962;3922380;13853;283;1981
3963;3924361;2310;1698;1981
3964;3926342;2973;1320;1982
3965;3928324;3962;991;1982
3966;3930306;4627;849;1983
3967;3932289;2973;1322;1983
3968;3934272;3964;992;1984
3969;3936256;2644;1488;1984
3970;3938240;3305;1191;1985
3971;3940225;2480;1588;1985
3972;3942210;2648;1488;1986
3973;3944196;2382;1655;1986
3974;3946182;9935;397;1987
3975;3948169;3974;993;1987
3976;3950156;2317;1704;1988
3977;3952144;3974;994;1988
3978;3954132;5961;663;1989
3979;3956121;2142;1846;1989
3980;3958110;2485;1592;1990
3981;3960100;2210;1791;1990
3982;3962090;2353;1683;1991
3983;3964081;2189;1810;1991
3984;3966072;2388;1660;1992
3985;3968064;2172;1826;1992
3986;3970056;21923;181;1993
3987;3972049;3986;996;1993
3988;3974042;2991;1328;1994
3989;3976036;3986;997;1994
3990;3978030;5979;665;1995
3991;3980025;2991;1330;1995
3992;3982020;3988;998;1996
3993;3984016;2495;1596;1996
3994;3986012;5991;665;1997
3995;3988009;3994;998;1997
3996;3990006;2664;1497;1998
3997;3992004;3994;999;1998
3998;3994002;3992003;1;1999
3999;3996001;3998;999;1999
4000;3998000;2160;1850;2000
4001;4000000;3998;1000;2000
4002;4002000;5997;667;2001
4003;4004001;2175;1840;2001
4004;4006002;2080;1925;2002
4005;4008004;2093;1914;2002
4006;4010006;6009;667;2003
4007;4012009;4006;1001;2003
4008;4014012;2171;1848;2004
4009;4016016;4006;1002;2004
4010;4018020;10015;401;2005
4011;4020025;2406;1670;2005
4012;4022030;2839;1416;2006
4013;4024036;4010;1003;2006
4014;4026042;3345;1203;2007
4015;4028049;3009;1338;2007
4016;4030056;4012;1004;2008
4017;4032064;2259;1784;2008
4018;4034072;2583;1561;2009
4019;4036081;2296;1757;2009
4020;4038090;2510;1608;2010
4021;4040100;2345;1722;2010
4022;4042110;14077;287;2011
4023;4044121;4022;1005;2011
4024;4046132;2515;1608;2012
4025;4048144;4022;1006;2012
4026;4050156;6033;671;2013
4027;4052169;2684;1509;2013
4028;4054182;4024;1007;2014
4029;4056196;2318;1749;2014
4030;4058210;2145;1891;2015
4031;4060225;2470;1643;2015
4032;4062240;2128;1908;2016
4033;4064256;2080;1953;2016
4034;4066272;10085;403;2017
4035;4068289;4034;1008;2017
4036;4070306;3027;1344;2018
4037;4072324;4034;1009;2018
4038;4074342;6051;673;2019
4039;4076361;3027;1346;2019
4040;4078380;4036;1010;2020
4041;4080400;2692;1515;2020
4042;4082420;6063;673;2021
4043;4084441;4042;1010;2021
4044;4086462;2424;1685;2022
4045;4088484;4042;1011;2022
4046;4090506;5117;799;2023
4047;4092529;2359;1734;2023
4048;4094552;2696;1518;2024
4049;4096576;2312;1771;2024
4050;4098600;2295;1785;2025
4051;4100625;2070;1980;2025
4052;4102650;4048;1013;2026
4053;4104676;3039;1350;2026
4054;4106702;6081;675;2027
4055;4108729;4054;1013;2027
4056;4110756;3039;1352;2028
4057;4112784;4054;1014;2028
4058;4114812;4112783;1;2029
4059;4116841;4058;1014;2029
4060;4118870;2184;1885;2030
4061;4120900;4058;1015;2030
4062;4122930;6087;677;2031
4063;4124961;3045;1354;2031
4064;4126992;2320;1778;2032
4065;4129024;2708;1524;2032
4066;4131056;6099;677;2033
4067;4133089;2413;1712;2033
4068;4135122;2286;1808;2034
4069;4137156;2147;1926;2034
4070;4139190;3515;1177;2035
4071;4141225;2442;1695;2035
4072;4143260;2712;1527;2036
4073;4145296;2545;1628;2036
4074;4147332;2849;1455;2037
4075;4149369;2716;1527;2037
4076;4151406;4072;1019;2038
4077;4153444;3057;1358;2038
4078;4155482;6117;679;2039
4079;4157521;4078;1019;2039
4080;4159560;3057;1360;2040
4081;4161600;4078;1020;2040
4082;4163640;26507;157;2041
4083;4165681;2210;1884;2041
4084;4167722;3063;1360;2042
4085;4169764;4082;1021;2042
4086;4171806;2951;1413;2043
4087;4173849;3063;1362;2043
4088;4175892;4084;1022;2044
4089;4177936;2628;1589;2044
4090;4179980;3405;1227;2045
4091;4182025;2555;1636;2045
4092;4184070;2263;1848;2046
4093;4186116;2454;1705;2046
4094;4188162;9407;445;2047
4095;4190209;2139;1958;2047
4096;4192256;2112;1984;2048
4097;4194304;2848;1472;2048
4098;4196352;6141;683;2049
4099;4198401;2732;1536;2049
4100;4200450;2560;1640;2050
4101;4202500;3075;1366;2050
4102;4204550;4781;879;2051
4103;4206601;2870;1465;2051
4104;4208652;2214;1900;2052
4105;4210704;2394;1758;2052
4106;4212756;14371;293;2053
4107;4214809;4106;1026;2053
4108;4216862;2133;1976;2054
4109;4218916;4106;1027;2054
4110;4220970;6159;685;2055
4111;4223025;2370;1781;2055
4112;4225080;3341;1264;2056
4113;4227136;2570;1644;2056
4114;4229192;2329;1815;2057
4115;4231249;2827;1496;2057
4116;4233306;2352;1799;2058
4117;4235364;2499;1694;2058
4118;4237422;3509;1207;2059
4119;4239481;2842;1491;2059
4120;4241540;2163;1960;2060
4121;4243600;2987;1420;2060
4122;4245660;6177;687;2061
4123;4247721;2290;1854;2061
4124;4249782;4120;1031;2062
4125;4251844;3093;1374;2062
4126;4253906;6189;687;2063
4127;4255969;4126;1031;2063
4128;4258032;3093;1376;2064
4129;4260096;4126;1032;2064
4130;4262160;10315;413;2065
4131;4264225;2360;1806;2065
4132;4266290;3099;1376;2066
4133;4268356;4130;1033;2066
4134;4270422;2301;1855;2067
4135;4272489;3099;1378;2067
4136;4274556;4132;1034;2068
4137;4276624;2332;1833;2068
4138;4278692;6207;689;2069
4139;4280761;4138;1034;2069
4140;4282830;2115;2024;2070
4141;4284900;4138;1035;2070
4142;4286970;39311;109;2071
4143;4289041;2185;1962;2071
4144;4291112;2220;1932;2072
4145;4293184;2812;1526;2072
4146;4295256;6213;691;2073
4147;4297329;2764;1554;2073
4148;4299402;2257;1904;2074
4149;4301476;3111;1382;2074
4150;4303550;3455;1245;2075
4151;4305625;2822;1525;2075
4152;4307700;2941;1464;2076
4153;4309776;2490;1730;2076
4154;4311852;2573;1675;2077
4155;4313929;4154;1038;2077
4156;4316006;3117;1384;2078
4157;4318084;4154;1039;2078
4158;4320162;2211;1953;2079
4159;4322241;3117;1386;2079
4160;4324320;4156;1040;2080
4161;4326400;2145;2016;2080
4162;4328480;6243;693;2081
4163;4330561;4162;1040;2081
4164;4332642;2496;1735;2082
4165;4334724;4162;1041;2082
4166;4336806;4334723;1;2083
4167;4338889;4166;1041;2083
4168;4340972;2776;1563;2084
4169;4343056;4166;1042;2084
4170;4345140;6249;695;2085
4171;4347225;2605;1668;2085
4172;4349310;3647;1192;2086
4173;4351396;2235;1946;2086
4174;4353482;6261;695;2087
4175;4355569;4174;1043;2087
4176;4357656;2384;1827;2088
4177;4359744;4174;1044;2088
4178;4361832;4359743;1;2089
4179;4363921;4178;1044;2089
4180;4366010;2204;1980;2090
4181;4368100;4178;1045;2090
4182;4370190;6267;697;2091
4183;4372281;2255;1938;2091
4184;4374372;2615;1672;2092
4185;4376464;2788;1569;2092
4186;4378556;2737;1599;2093
4187;4380649;3661;1196;2093
4188;4382742;2792;1569;2094
4189;4384836;2443;1794;2094
4190;4386930;2933;1495;2095
4191;4389025;2514;1745;2095
4192;4391120;2792;1572;2096
4193;4393216;2620;1676;2096
4194;4395312;3495;1257;2097
4195;4397409;2358;1864;2097
4196;4399506;4192;1049;2098
4197;4401604;3147;1398;2098
4198;4403702;6297;699;2099
4199;4405801;4198;1049;2099
4200;4407900;3147;1400;2100
4201;4410000;4198;1050;2100
4202;4412100;23089;191;2101
4203;4414201;2292;1925;2101
4204;4416302;3153;1400;2102
4205;4418404;4202;1051;2102
4206;4420506;6303;701;2103
4207;4422609;3153;1402;2103
4208;4424712;4204;1052;2104
4209;4426816;2804;1578;2104
4210;4428920;3505;1263;2105
4211;4431025;2630;1684;2105
4212;4433130;2367;1872;2106
4213;4435236;2526;1755;2106
4214;4437342;2947;1505;2107
4215;4439449;2322;1911;2107
4216;4441556;2232;1989;2108
4217;4443664;2666;1666;2108
4218;4445772;2451;1813;2109
4219;4447881;2294;1938;2109
4220;4449990;2635;1688;2110
4221;4452100;3165;1406;2110
4222;4454210;6333;703;2111
4223;4456321;4222;1055;2111
4224;4458432;2321;1920;2112
4225;4460544;4222;1056;2112
4226;4462656;4460543;1;2113
4227;4464769;4226;1056;2113
4228;4466882;2416;1848;2114
4229;4468996;4226;1057;2114
4230;4471110;6339;705;2115
4231;4473225;2265;1974;2115
4232;4475340;3473;1288;2116
4233;4477456;2162;2070;2116
4234;4479572;3285;1363;2117
4235;4481689;2668;1679;2117
4236;4483806;2824;1587;2118
4237;4485924;4234;1059;2118
4238;4488042;4727;949;2119
4239;4490161;4238;1059;2119
4240;4492280;2544;1765;2120
4241;4494400;2756;1630;2120
4242;4496520;3423;1313;2121
4243;4498641;2226;2020;2121
4244;4500762;4240;1061;2122
4245;4502884;3183;1414;2122
4246;4505006;3333;1351;2123
4247;4507129;4246;1061;2123
4248;4509252;3183;1416;2124
4249;4511376;2316;1947;2124
4250;4513500;3281;1375;2125
4251;4515625;2250;2006;2125
4252;4517750;3189;1416;2126
4253;4519876;4250;1063;2126
4254;4522002;3545;1275;2127
4255;4524129;3189;1418;2127
4256;4526256;4252;1064;2128
4257;4528384;2836;1596;2128
4258;4530512;6387;709;2129
4259;4532641;4258;1064;2129
4260;4534770;2272;1995;2130
4261;4536900;4258;1065;2130
4262;4539030;4536899;1;2131
4263;4541161;4262;1065;2131
4264;4543292;2460;1846;2132
4265;4545424;4262;1066;2132
4266;4547556;6393;711;2133
4267;4549689;2214;2054;2133
4268;4551822;2522;1804;2134
4269;4553956;2607;1746;2134
4270;4556090;2745;1659;2135
4271;4558225;3355;1358;2135
4272;4560360;2328;1958;2136
4273;4562496;2440;1869;2136
4274;4564632;10685;427;2137
4275;4566769;4274;1068;2137
4276;4568906;3207;1424;2138
4277;4571044;4274;1069;2138
4278;4573182;6411;713;2139
4279;4575321;3207;1426;2139
4280;4577460;4276;1070;2140
4281;4579600;2461;1860;2140
4282;4581740;6423;713;2141
4283;4583881;4282;1070;2141
4284;4586022;2247;2040;2142
4285;4588164;4282;1071;2142
4286;4590306;4588163;1;2143
4287;4592449;4286;1071;2143
4288;4594592;2278;2016;2144
4289;4596736;4286;1072;2144
4290;4598880;6429;715;2145
4291;4601025;2211;2080;2145
4292;4603170;2368;1943;2146
4293;4605316;2262;2035;2146
4294;4607462;2717;1695;2147
4295;4609609;3277;1406;2147
4296;4611756;3219;1432;2148
4297;4613904;3401;1356;2148
4298;4616052;5833;791;2149
4299;4618201;2506;1842;2149
4300;4620350;2580;1790;2150
4301;4622500;3010;1535;2150
4302;4624650;2763;1673;2151
4303;4626801;2390;1935;2151
4304;4628952;2690;1720;2152
4305;4631104;2421;1912;2152
4306;4633256;6459;717;2153
4307;4635409;4306;1076;2153
4308;4637562;2872;1614;2154
4309;4639716;4306;1077;2154
4310;4641870;10765;431;2155
4311;4644025;2586;1795;2155
4312;4646180;2513;1848;2156
4313;4648336;2695;1724;2156
4314;4650492;3595;1293;2157
4315;4652649;2876;1617;2157
4316;4654806;2324;2002;2158
4317;4656964;3237;1438;2158
4318;4659122;6477;719;2159
4319;4661281;2822;1651;2159
4320;4663440;2241;2080;2160
4321;4665600;2286;2040;2160
4322;4667760;36737;127;2161
4323;4669921;4322;1080;2161
4324;4672082;2208;2115;2162
4325;4674244;4322;1081;2162
4326;4676406;6483;721;2163
4327;4678569;2369;1974;2163
4328;4680732;4324;1082;2164
4329;4682896;2884;1623;2164
4330;4685060;3031;1545;2165
4331;4687225;2705;1732;2165
4332;4689390;2888;1623;2166
4333;4691556;2598;1805;2166
4334;4693722;4763;985;2167
4335;4695889;3743;1254;2167
4336;4698056;2888;1626;2168
4337;4700224;2981;1576;2168
4338;4702392;2651;1773;2169
4339;4704561;2439;1928;2169
4340;4706730;2480;1897;2170
4341;4708900;2410;1953;2170
4342;4711070;3133;1503;2171
4343;4713241;2338;2015;2171
4344;4715412;2534;1860;2172
4345;4717584;2353;2004;2172
4346;4719756;6847;689;2173
4347;4721929;4346;1086;2173
4348;4724102;3261;1448;2174
4349;4726276;4346;1087;2174
4350;4728450;3075;1537;2175
4351;4730625;3261;1450;2175
4352;4732800;4348;1088;2176
4353;4734976;2320;2040;2176
4354;4737152;3045;1555;2177
4355;4739329;2488;1904;2177
4356;4741506;2244;2112;2178
4357;4743684;2541;1866;2178
4358;4745862;15253;311;2179
4359;4748041;4358;1089;2179
4360;4750220;2398;1980;2180
4361;4752400;4358;1090;2180
4362;4754580;6537;727;2181
4363;4756761;2908;1635;2181
4364;4758942;4360;1091;2182
4365;4761124;3273;1454;2182
4366;4763306;6549;727;2183
4367;4765489;4366;1091;2183
4368;4767672;3273;1456;2184
4369;4769856;2301;2072;2184
4370;4772040;3515;1357;2185
4371;4774225;2280;2093;2185
4372;4776410;3279;1456;2186
4373;4778596;4370;1093;2186
4374;4780782;2565;1863;2187
4375;4782969;3279;1458;2187
4376;4785156;4372;1094;2188
4377;4787344;2916;1641;2188
4378;4789532;2673;1791;2189
4379;4791721;4378;1094;2189
4380;4793910;2735;1752;2190
4381;4796100;2409;1990;2190
4382;4798290;3443;1393;2191
4383;4800481;2555;1878;2191
4384;4802672;2336;2055;2192
4385;4804864;2504;1918;2192
4386;4807056;5117;939;2193
4387;4809249;2329;2064;2193
4388;4811442;4384;1097;2194
4389;4813636;3291;1462;2194
4390;4815830;3655;1317;2195
4391;4818025;4390;1097;2195
4392;4820220;3291;1464;2196
4393;4822416;2634;1830;2196
4394;4824612;5707;845;2197
4395;4826809;2379;2028;2197
4396;4829006;2562;1884;2198
4397;4831204;2366;2041;2198
4398;4833402;6591;733;2199
4399;4835601;3297;1466;2199
4400;4837800;2512;1925;2200
4401;4840000;2932;1650;2200
4402;4842200;6603;733;2201
4403;4844401;2728;1775;2201
4404;4846602;2640;1835;2202
4405;4848804;4402;1101;2202
4406;4851006;68293;71;2203
4407;4853209;4406;1101;2203
4408;4855412;2936;1653;2204
4409;4857616;4406;1102;2204
4410;4859820;6609;735;2205
4411;4862025;2394;2030;2205
4412;4864230;4408;1103;2206
4413;4866436;3309;1470;2206
4414;4868642;6621;735;2207
4415;4870849;4414;1103;2207
4416;4873056;3309;1472;2208
4417;4875264;4414;1104;2208
4418;4877472;103729;47;2209
4419;4879681;2256;2162;2209
4420;4881890;2346;2080;2210
4421;4884100;3055;1598;2210
4422;4886310;3149;1551;2211
4423;4888521;2278;2145;2211
4424;4890732;2380;2054;2212
4425;4892944;2607;1876;2212
4426;4895156;6639;737;2213
4427;4897369;4426;1106;2213
4428;4899582;2296;2133;2214
4429;4901796;4426;1107;2214
4430;4904010;11065;443;2215
4431;4906225;2658;1845;2215
4432;4908440;2493;1968;2216
4433;4910656;2770;1772;2216
4434;4912872;3695;1329;2217
4435;4915089;2956;1662;2217
4436;4917306;4432;1109;2218
4437;4919524;3327;1478;2218
4438;4921742;5173;951;2219
4439;4923961;4438;1109;2219
4440;4926180;3327;1480;2220
4441;4928400;2590;1902;2220
4442;4930620;15547;317;2221
4443;4932841;4442;1110;2221
4444;4935062;2424;2035;2222
4445;4937284;4442;1111;2222
4446;4939506;6663;741;2223
4447;4941729;2574;1919;2223
4448;4943952;3058;1616;2224
4449;4946176;2502;1976;2224
4450;4948400;2925;1691;2225
4451;4950625;2780;1780;2225
4452;4952850;2544;1946;2226
4453;4955076;2650;1869;2226
4454;4957302;3275;1513;2227
4455;4959529;2703;1834;2227
4456;4961756;2968;1671;2228
4457;4963984;4454;1114;2228
4458;4966212;6681;743;2229
4459;4968441;2972;1671;2229
4460;4970670;2785;1784;2230
4461;4972900;3345;1486;2230
4462;4975130;6693;743;2231
4463;4977361;4462;1115;2231
4464;4979592;2480;2007;2232
4465;4981824;2328;2139;2232
4466;4984056;2813;1771;2233
4467;4986289;2387;2088;2233
4468;4988522;3351;1488;2234
4469;4990756;4466;1117;2234
4470;4992990;3045;1639;2235
4471;4995225;3351;1490;2235
4472;4997460;4468;1118;2236
4473;4999696;2580;1937;2236
4474;5001932;6711;745;2237
4475;5004169;4474;1118;2237
4476;5006406;2984;1677;2238
4477;5008644;4474;1119;2238
4478;5010882;5008643;1;2239
4479;5013121;4478;1119;2239
4480;5015360;2611;1920;2240
4481;5017600;4478;1120;2240
4482;5019840;6717;747;2241
4483;5022081;2324;2160;2241
4484;5024322;2360;2128;2242
4485;5026564;3154;1593;2242
4486;5028806;6729;747;2243
4487;5031049;4486;1121;2243
4488;5033292;2508;2006;2244
4489;5035536;4486;1122;2244
4490;5037780;11215;449;2245
4491;5040025;2694;1870;2245
4492;5042270;3369;1496;2246
4493;5044516;4490;1123;2246
4494;5046762;3143;1605;2247
4495;5049009;3369;1498;2247
4496;5051256;4492;1124;2248
4497;5053504;2568;1967;2248
4498;5055752;3633;1391;2249
4499;5058001;3653;1384;2249
4500;5060250;2529;2000;2250
4501;5062500;2595;1950;2250
4502;5064750;29263;173;2251
4503;5067001;4502;1125;2251
4504;5069252;2815;1800;2252
4505;5071504;4502;1126;2252
4506;5073756;6753;751;2253
4507;5076009;3004;1689;2253
4508;5078262;3941;1288;2254
4509;5080516;3381;1502;2254
4510;5082770;3755;1353;2255
4511;5085025;2530;2009;2255
4512;5087280;2303;2208;2256
4513;5089536;2460;2068;2256
4514;5091792;2501;2035;2257
4515;5094049;2867;1776;2257
4516;5096306;3387;1504;2258
4517;5098564;4514;1129;2258
4518;5100822;6771;753;2259
4519;5103081;3387;1506;2259
4520;5105340;4516;1130;2260
4521;5107600;2510;2034;2260
4522;5109860;2907;1757;2261
4523;5112121;2380;2147;2261
4524;5114382;2712;1885;2262
4525;5116644;2639;1938;2262
4526;5118906;3689;1387;2263
4527;5121169;2418;2117;2263
4528;5123432;3016;1698;2264
4529;5125696;4526;1132;2264
4530;5127960;4681;1095;2265
4531;5130225;2830;1812;2265
4532;5132490;3113;1648;2266
4533;5134756;3090;1661;2266
4534;5137022;6801;755;2267
4535;5139289;4534;1133;2267
4536;5141556;2376;2163;2268
4537;5143824;4534;1134;2268
4538;5146092;5143823;1;2269
4539;5148361;4538;1134;2269
4540;5150630;2520;2043;2270
4541;5152900;4538;1135;2270
4542;5155170;6807;757;2271
4543;5157441;3405;1514;2271
4544;5159712;2840;1816;2272
4545;5161984;3028;1704;2272
4546;5164256;6819;757;2273
4547;5166529;4546;1136;2273
4548;5168802;3032;1704;2274
4549;5171076;4546;1137;2274
4550;5173350;11365;455;2275
4551;5175625;2653;1950;2275
4552;5177900;3032;1707;2276
4553;5180176;2845;1820;2276
4554;5182452;2415;2145;2277
4555;5184729;3036;1707;2277
4556;5187006;4552;1139;2278
4557;5189284;2346;2211;2278
4558;5191562;2967;1749;2279
4559;5193841;2881;1802;2279
4560;5196120;2546;2040;2280
4561;5198400;2451;2120;2280
4562;5200680;98083;53;2281
4563;5202961;4562;1140;2281
4564;5205242;2445;2128;2282
4565;5207524;4562;1141;2282
4566;5209806;6843;761;2283
4567;5212089;3423;1522;2283
4568;5214372;3997;1304;2284
4569;5216656;3044;1713;2284
4570;5218940;3805;1371;2285
4571;5221225;2855;1828;2285
4572;5223510;3048;1713;2286
4573;5225796;2742;1905;2286
4574;5228082;11435;457;2287
4575;5230369;4574;1143;2287
4576;5232656;2574;2032;2288
4577;5234944;4574;1144;2288
4578;5237232;6861;763;2289
4579;5239521;2398;2184;2289
4580;5241810;2519;2080;2290
4581;5244100;3206;1635;2290
4582;5246390;3161;1659;2291
4583;5248681;4582;1145;2291
4584;5250972;2748;1910;2292
4585;5253264;4582;1146;2292
4586;5255556;66497;79;2293
4587;5257849;4586;1146;2293
4588;5260142;3441;1528;2294
4589;5262436;4586;1147;2294
4590;5264730;6879;765;2295
4591;5267025;2635;1998;2295
4592;5269320;2542;2072;2296
4593;5271616;2380;2214;2296
4594;5273912;6891;765;2297
4595;5276209;4594;1148;2297
4596;5278506;2681;1968;2298
4597;5280804;4594;1149;2298
4598;5283102;25267;209;2299
4599;5285401;4213;1254;2299
4600;5287700;2760;1915;2300
4601;5290000;2420;2185;2300
4602;5292300;2717;1947;2301
4603;5294601;2714;1950;2301
4604;5296902;4600;1151;2302
4605;5299204;3453;1534;2302
4606;5301506;2773;1911;2303
4607;5303809;4606;1151;2303
4608;5306112;3453;1536;2304
4609;5308416;2352;2256;2304
4610;5310720;3227;1645;2305
4611;5313025;2766;1920;2305
4612;5315330;3459;1536;2306
4613;5317636;4610;1153;2306
4614;5319942;3845;1383;2307
4615;5322249;3459;1538;2307
4616;5324556;4612;1154;2308
4617;5326864;3076;1731;2308
4618;5329172;6927;769;2309
4619;5331481;4618;1154;2309
4620;5333790;2885;1848;2310
4621;5336100;4618;1155;2310
4622;5338410;5336099;1;2311
4623;5340721;4622;1155;2311
4624;5343032;2380;2244;2312
4625;5345344;4622;1156;2312
4626;5347656;6933;771;2313
4627;5349969;2601;2056;2313
4628;5352282;3026;1768;2314
4629;5354596;3341;1602;2314
4630;5356910;3855;1389;2315
4631;5359225;4630;1157;2315
4632;5361540;2509;2136;2316
4633;5363856;2778;1930;2316
4634;5366172;3241;1655;2317
4635;5368489;2702;1986;2317
4636;5370806;3477;1544;2318
4637;5373124;4634;1159;2318
4638;5375442;5411;993;2319
4639;5377761;3477;1546;2319
4640;5380080;2440;2204;2320
4641;5382400;3092;1740;2320
4642;5384720;6963;773;2321
4643;5387041;2552;2110;2321
4644;5389362;2494;2160;2322
4645;5391684;2838;1899;2322
4646;5394006;4853;1111;2323
4647;5396329;2727;1978;2323
4648;5398652;2408;2241;2324
4649;5400976;2828;1909;2324
4650;5403300;2525;2139;2325
4651;5405625;2490;2170;2325
4652;5407950;4648;1163;2326
4653;5410276;3489;1550;2326
4654;5412602;2685;2015;2327
4655;5414929;4654;1163;2327
4656;5417256;3489;1552;2328
4657;5419584;2522;2148;2328
4658;5421912;3043;1781;2329
4659;5424241;3288;1649;2329
4660;5426570;2796;1940;2330
4661;5428900;3961;1370;2330
4662;5431230;2877;1887;2331
4663;5433561;2590;2097;2331
4664;5435892;2563;2120;2332
4665;5438224;2442;2226;2332
4666;5440556;6999;777;2333
4667;5442889;4666;1166;2333
4668;5445222;3112;1749;2334
4669;5447556;4666;1167;2334
4670;5449890;11665;467;2335
4671;5452225;2802;1945;2335
4672;5454560;3112;1752;2336
4673;5456896;2920;1868;2336
4674;5459232;3895;1401;2337
4675;5461569;2774;1968;2337
4676;5463906;2672;2044;2338
4677;5466244;3173;1722;2338
4678;5468582;7017;779;2339
4679;5470921;4678;1169;2339
4680;5473260;2505;2184;2340
4681;5475600;4678;1170;2340
4682;5477940;5475599;1;2341
4683;5480281;4682;1170;2341
4684;5482622;3513;1560;2342
4685;5484964;4682;1171;2342
4686;5487306;7023;781;2343
4687;5489649;3513;1562;2343
4688;5491992;4684;1172;2344
4689;5494336;3124;1758;2344
4690;5496680;2485;2211;2345
4691;5499025;2680;2051;2345
4692;5501370;3128;1758;2346
4693;5503716;2415;2278;2346
4694;5506062;11735;469;2347
4695;5508409;4694;1173;2347
4696;5510756;3128;1761;2348
4697;5513104;4694;1174;2348
4698;5515452;7041;783;2349
4699;5517801;3132;1761;2349
4700;5520150;2935;1880;2350
4701;5522500;2538;2175;2350
4702;5524850;7053;783;2351
4703;5527201;4702;1175;2351
4704;5529552;2400;2303;2352
4705;5531904;4702;1176;2352
4706;5534256;30563;181;2353
4707;5536609;2534;2184;2353
4708;5538962;2464;2247;2354
4709;5541316;2782;1991;2354
4710;5543670;2715;2041;2355
4711;5546025;3210;1727;2355
4712;5548380;2728;2033;2356
4713;5550736;2945;1884;2356
4714;5553092;7071;785;2357
4715;5555449;4714;1178;2357
4716;5557806;2489;2232;2358
4717;5560164;4714;1179;2358
4718;5562522;16499;337;2359
4719;5564881;2751;2022;2359
4720;5567240;2620;2124;2360
4721;5569600;2696;2065;2360
4722;5571960;5509;1011;2361
4723;5574321;3148;1770;2361
4724;5576682;4720;1181;2362
4725;5579044;3543;1574;2362
4726;5581406;7089;787;2363
4727;5583769;4726;1181;2363
4728;5586132;3543;1576;2364
4729;5588496;3349;1668;2364
4730;5590860;3655;1529;2365
4731;5593225;2580;2167;2365
4732;5595590;2561;2184;2366
4733;5597956;2795;2002;2366
4734;5600322;2893;1935;2367
4735;5602689;3042;1841;2367
4736;5605056;2704;2072;2368
4737;5607424;2664;2104;2368
4738;5609792;6049;927;2369
4739;5612161;3296;1702;2369
4740;5614530;2528;2220;2370
4741;5616900;3090;1817;2370
4742;5619270;54533;103;2371
4743;5621641;4742;1185;2371
4744;5624012;2965;1896;2372
4745;5626384;4742;1186;2372
4746;5628756;7113;791;2373
4747;5631129;3164;1779;2373
4748;5633502;4744;1187;2374
4749;5635876;3561;1582;2374
4750;5638250;2625;2147;2375
4751;5640625;4750;1187;2375
4752;5643000;3561;1584;2376
4753;5645376;2475;2280;2376
4754;5647752;11885;475;2377
4755;5650129;4754;1188;2377
4756;5652506;2552;2214;2378
4757;5654884;4754;1189;2378
4758;5657262;7131;793;2379
4759;5659641;2501;2262;2379
4760;5662020;2465;2296;2380
4761;5664400;2562;2210;2380
4762;5666780;7143;793;2381
4763;5669161;4762;1190;2381
4764;5671542;2779;2040;2382
4765;5673924;4762;1191;2382
4766;5676306;5673923;1;2383
4767;5678689;4766;1191;2383
4768;5681072;3176;1788;2384
4769;5683456;4766;1192;2384
4770;5685840;7149;795;2385
4771;5688225;2544;2235;2385
4772;5690610;4768;1193;2386
4773;5692996;3579;1590;2386
4774;5695382;2915;1953;2387
4775;5697769;4774;1193;2387
4776;5700156;3579;1592;2388
4777;5702544;2604;2189;2388
4778;5704932;16723;341;2389
4779;5707321;4778;1194;2389
4780;5709710;2868;1990;2390
4781;5712100;4778;1195;2390
4782;5714490;7167;797;2391
4783;5716881;3585;1594;2391
4784;5719272;2990;1912;2392
4785;5721664;3188;1794;2392
4786;5724056;7179;797;2393
4787;5726449;4786;1196;2393
4788;5728842;2576;2223;2394
4789;5731236;4786;1197;2394
4790;5733630;11965;479;2395
4791;5736025;2874;1995;2395
4792;5738420;3192;1797;2396
4793;5740816;2995;1916;2396
4794;5743212;3995;1437;2397
4795;5745609;3196;1797;2397
4796;5748006;4792;1199;2398
4797;5750404;3102;1853;2398
4798;5752802;7197;799;2399
4799;5755201;4798;1199;2399
4800;5757600;2616;2200;2400
4801;5760000;4798;1200;2400
4802;5762400;16793;343;2401
4803;5764801;2450;2352;2401
4804;5767202;3603;1600;2402
4805;5769604;4802;1201;2402
4806;5772006;3087;1869;2403
4807;5774409;3603;1602;2403
4808;5776812;4804;1202;2404
4809;5779216;3204;1803;2404
4810;5781620;3293;1755;2405
4811;5784025;3005;1924;2405
4812;5786430;3208;1803;2406
4813;5788836;2886;2005;2406
4814;5791242;3071;1885;2407
4815;5793649;4814;1203;2407
4816;5796056;2807;2064;2408
4817;5798464;2494;2324;2408
4818;5800872;2739;2117;2409
4819;5803281;2838;2044;2409
4820;5805690;3010;1928;2410
4821;5808100;2651;2190;2410
4822;5810510;7233;803;2411
4823;5812921;4822;1205;2411
4824;5815332;2680;2169;2412
4825;5817744;4822;1206;2412
4826;5820156;45809;127;2413
4827;5822569;2546;2286;2413
4828;5824982;2556;2278;2414
4829;5827396;2698;2159;2414
4830;5829810;2667;2185;2415
4831;5832225;2485;2346;2415
4832;5834640;2567;2272;2416
4833;5837056;2576;2265;2416
4834;5839472;7251;805;2417
4835;5841889;4834;1208;2417
4836;5844306;2976;1963;2418
4837;5846724;4834;1209;2418
4838;5849142;99097;59;2419
4839;5851561;2542;2301;2419
4840;5853980;2728;2145;2420
4841;5856400;2596;2255;2420
4842;5858820;7257;807;2421
4843;5861241;2690;2178;2421
4844;5863662;3080;1903;2422
4845;5866084;3114;1883;2422
4846;5868506;7269;807;2423
4847;5870929;4846;1211;2423
4848;5873352;2768;2121;2424
4849;5875776;4846;1212;2424
4850;5878200;12115;485;2425
4851;5880625;2525;2328;2425
4852;5883050;3639;1616;2426
4853;5885476;4850;1213;2426
4854;5887902;4045;1455;2427
4855;5890329;3639;1618;2427
4856;5892756;4852;1214;2428
4857;5895184;3236;1821;2428
4858;5897612;5663;1041;2429
4859;5900041;4249;1388;2429
4860;5902470;3035;1944;2430
4861;5904900;2835;2082;2430
4862;5907330;3817;1547;2431
4863;5909761;2574;2295;2431
4864;5912192;2565;2304;2432
4865;5914624;2584;2288;2432
4866;5917056;7293;811;2433
4867;5919489;3244;1824;2433
4868;5921922;4864;1217;2434
4869;5924356;3651;1622;2434
4870;5926790;4055;1461;2435
4871;5929225;4870;1217;2435
4872;5931660;3651;1624;2436
4873;5934096;2922;2030;2436
4874;5936532;12185;487;2437
4875;5938969;4874;1218;2437
4876;5941406;2668;2226;2438
4877;5943844;4874;1219;2438
4878;5946282;7311;813;2439
4879;5948721;3657;1626;2439
4880;5951160;2806;2120;2440
4881;5953600;2710;2196;2440
4882;5956040;7323;813;2441
4883;5958481;4882;1220;2441
4884;5960922;2640;2257;2442
4885;5963364;4882;1221;2442
4886;5965806;17087;349;2443
4887;5968249;2849;2094;2443
4888;5970692;2886;2068;2444
4889;5973136;4277;1396;2444
4890;5975580;3423;1745;2445
4891;5978025;2820;2119;2445
4892;5980470;4888;1223;2446
4893;5982916;3669;1630;2446
4894;5985362;7341;815;2447
4895;5987809;4894;1223;2447
4896;5990256;3669;1632;2448
4897;5992704;4894;1224;2448
4898;5995152;75857;79;2449
4899;5997601;2686;2232;2449
4900;6000050;2499;2400;2450
4901;6002500;2765;2170;2450
4902;6004950;3397;1767;2451
4903;6007401;2793;2150;2451
4904;6009852;3065;1960;2452
4905;6012304;3268;1839;2452
4906;6014756;4237;1419;2453
4907;6017209;4906;1226;2453
4908;6019662;3272;1839;2454
4909;6022116;4499;1338;2454
4910;6024570;5401;1115;2455
4911;6027025;2946;2045;2455
4912;6029480;3272;1842;2456
4913;6031936;3070;1964;2456
4914;6034392;3437;1755;2457
4915;6036849;2763;2184;2457
4916;6039306;4912;1229;2458
4917;6041764;3687;1638;2458
4918;6044222;7377;819;2459
4919;6046681;4918;1229;2459
4920;6049140;3687;1640;2460
4921;6051600;4918;1230;2460
4922;6054060;56557;107;2461
4923;6056521;2829;2140;2461
4924;6058982;3693;1640;2462
4925;6061444;4922;1231;2462
4926;6063906;7383;821;2463
4927;6066369;3693;1642;2463
4928;6068832;4924;1232;2464
4929;6071296;3284;1848;2464
4930;6073760;4105;1479;2465
4931;6076225;2552;2380;2465
4932;6078690;2772;2192;2466
4933;6081156;2610;2329;2466
4934;6083622;12335;493;2467
4935;6086089;4934;1233;2467
4936;6088556;3288;1851;2468
4937;6091024;4934;1234;2468
4938;6093492;7401;823;2469
4939;6095961;3292;1851;2469
4940;6098430;3085;1976;2470
4941;6100900;3705;1646;2470
4942;6103370;5761;1059;2471
4943;6105841;3458;1765;2471
4944;6108312;2678;2280;2472
4945;6110784;2824;2163;2472
4946;6113256;17311;353;2473
4947;6115729;4946;1236;2473
4948;6118202;3711;1648;2474
4949;6120676;4946;1237;2474
4950;6123150;7419;825;2475
4951;6125625;3711;1650;2475
4952;6128100;4948;1238;2476
4953;6130576;3095;1980;2476
4954;6133052;7431;825;2477
4955;6135529;4954;1238;2477
4956;6138006;3304;1857;2478
4957;6140484;4954;1239;2478
4958;6142962;91649;67;2479
4959;6145441;2814;2183;2479
4960;6147920;2604;2360;2480
4961;6150400;2680;2294;2480
4962;6152880;7437;827;2481
4963;6155361;3308;1860;2481
4964;6157842;2635;2336;2482
4965;6160324;3723;1654;2482
4966;6162806;7449;827;2483
4967;6165289;3247;1898;2483
4968;6167772;2628;2346;2484
4969;6170256;2691;2292;2484
4970;6172740;4615;1337;2485
4971;6175225;2556;2415;2485
4972;6177710;2599;2376;2486
4973;6180196;3905;1582;2486
4974;6182682;4145;1491;2487
4975;6185169;3729;1658;2487
4976;6187656;3421;1808;2488
4977;6190144;3316;1866;2488
4978;6192632;7467;829;2489
4979;6195121;4978;1244;2489
4980;6197610;3110;1992;2490
4981;6200100;3154;1965;2490
4982;6202590;6157;1007;2491
4983;6205081;3901;1590;2491
4984;6207572;2670;2324;2492
4985;6210064;4183;1484;2492
4986;6212556;7473;831;2493
4987;6215049;3204;1939;2493
4988;6217542;2581;2408;2494
4989;6220036;3741;1662;2494
4990;6222530;4155;1497;2495
4991;6225025;4990;1247;2495
4992;6227520;2752;2262;2496
4993;6230016;2994;2080;2496
4994;6232512;5489;1135;2497
4995;6235009;2724;2288;2497
4996;6237506;3747;1664;2498
4997;6240004;4994;1249;2498
4998;6242502;3859;1617;2499
4999;6245001;3747;1666;2499
5000;6247500;4996;1250;2500
5001;6250000;2550;2450;2500
5002;6252500;2989;2091;2501
5003;6255001;3050;2050;2501
5004;6257502;2780;2250;2502
5005;6260004;5002;1251;2502
5006;6262506;102623;61;2503
5007;6265009;5006;1251;2503
5008;6267512;2817;2224;2504
5009;6270016;5006;1252;2504
5010;6272520;7509;835;2505
5011;6275025;3130;2004;2505
5012;6277530;2864;2191;2506
5013;6280036;2685;2338;2506
5014;6282542;3841;1635;2507
5015;6285049;4117;1526;2507
5016;6287556;2926;2148;2508
5017;6290064;2622;2398;2508
5018;6292572;4439;1417;2509
5019;6295081;2717;2316;2509
5020;6297590;2761;2280;2510
5021;6300100;3263;1930;2510
5022;6302610;3627;1737;2511
5023;6305121;2790;2259;2511
5024;6307632;3140;2008;2512
5025;6310144;2826;2232;2512
5026;6312656;3231;1953;2513
5027;6315169;2872;2198;2513
5028;6317682;3352;1884;2514
5029;6320196;2933;2154;2514
5030;6322710;3521;1795;2515
5031;6325225;3018;2095;2515
5032;6327740;3352;1887;2516
5033;6330256;3145;2012;2516
5034;6332772;4195;1509;2517
5035;6335289;3356;1887;2517
5036;6337806;5032;1259;2518
5037;6340324;3777;1678;2518
5038;6342842;7557;839;2519
5039;6345361;5038;1259;2519
5040;6347880;3777;1680;2520
5041;6350400;2748;2310;2520
5042;6352920;27731;229;2521
5043;6355441;5042;1260;2521
5044;6357962;2716;2340;2522
5045;6360484;5042;1261;2522
5046;6363006;7563;841;2523
5047;6365529;2813;2262;2523
5048;6368052;5044;1262;2524
5049;6370576;3364;1893;2524
5050;6373100;2929;2175;2525
5051;6375625;3155;2020;2525
5052;6378150;3368;1893;2526
5053;6380676;3030;2105;2526
5054;6383202;3325;1919;2527
5055;6385729;2947;2166;2527
5056;6388256;3368;1896;2528
5057;6390784;2888;2212;2528
5058;6393312;3249;1967;2529
5059;6395841;2844;2248;2529
5060;6398370;3160;2024;2530
5061;6400900;2810;2277;2530
5062;6403430;7593;843;2531
5063;6405961;5062;1265;2531
5064;6408492;2760;2321;2532
5065;6411024;5062;1266;2532
5066;6413556;43027;149;2533
5067;6416089;3587;1788;2533
5068;6418622;2954;2172;2534
5069;6421156;3077;2086;2534
5070;6423690;2873;2235;2535
5071;6426225;2715;2366;2535
5072;6428760;2896;2219;2536
5073;6431296;3170;2028;2536
5074;6433832;2795;2301;2537
5075;6436369;5074;1268;2537
5076;6438906;2853;2256;2538
5077;6441444;2773;2322;2538
5078;6443982;109177;59;2539
5079;6446521;5078;1269;2539
5080;6449060;2820;2286;2540
5081;6451600;5078;1270;2540
5082;6454140;7617;847;2541
5083;6456681;2667;2420;2541
5084;6459222;3937;1640;2542
5085;6461764;2706;2387;2542
5086;6464306;7629;847;2543
5087;6466849;5086;1271;2543
5088;6469392;2976;2173;2544
5089;6471936;5086;1272;2544
5090;6474480;12715;509;2545
5091;6477025;3054;2120;2545
5092;6479570;3021;2144;2546
5093;6482116;5090;1273;2546
5094;6484662;4245;1527;2547
5095;6487209;3819;1698;2547
5096;6489756;3283;1976;2548
5097;6492304;3276;1981;2548
5098;6494852;7647;849;2549
5099;6497401;5098;1274;2549
5100;6499950;2600;2499;2550
5101;6502500;5098;1275;2550
5102;6505050;6502499;1;2551
5103;6507601;5102;1275;2551
5104;6510152;2640;2465;2552
5105;6512704;5102;1276;2552
5106;6515256;7653;851;2553
5107;6517809;2668;2442;2553
5108;6520362;5104;1277;2554
5109;6522916;3831;1702;2554
5110;6525470;2701;2415;2555
5111;6528025;5110;1277;2555
5112;6530580;3831;1704;2556
5113;6533136;2628;2485;2556
5114;6535692;12785;511;2557
5115;6538249;5114;1278;2557
5116;6540806;3837;1704;2558
5117;6543364;5114;1279;2558
5118;6545922;7671;853;2559
5119;6548481;3837;1706;2559
5120;6551040;5116;1280;2560
5121;6553600;3412;1920;2560
5122;6556160;7683;853;2561
5123;6558721;3152;2080;2561
5124;6561282;2688;2440;2562
5125;6563844;2758;2379;2562
5126;6566406;3029;2167;2563
5127;6568969;3262;2013;2563
5128;6571532;3416;1923;2564
5129;6574096;5126;1282;2564
5130;6576660;3135;2097;2565
5131;6579225;3205;2052;2565
5132;6581790;5128;1283;2566
5133;6584356;3849;1710;2566
5134;6586922;2869;2295;2567
5135;6589489;5134;1283;2567
5136;6592056;3849;1712;2568
5137;6594624;3624;1819;2568
5138;6597192;6239;1057;2569
5139;6599761;2936;2247;2569
5140;6602330;3084;2140;2570
5141;6604900;3598;1835;2570
5142;6607470;5999;1101;2571
5143;6610041;3855;1714;2571
5144;6612612;3215;2056;2572
5145;6615184;3428;1929;2572
5146;6617756;7719;857;2573
5147;6620329;5146;1286;2573
5148;6622902;3432;1929;2574
5149;6625476;2739;2418;2574
5150;6628050;3193;2075;2575
5151;6630625;2678;2475;2575
5152;6633200;2691;2464;2576
5153;6635776;2800;2369;2576
5154;6638352;4295;1545;2577
5155;6640929;3436;1932;2577
5156;6643506;5152;1289;2578
5157;6646084;3867;1718;2578
5158;6648662;7737;859;2579
5159;6651241;5158;1289;2579
5160;6653820;3867;1720;2580
5161;6656400;5158;1290;2580
5162;6658980;74791;89;2581
5163;6661561;2670;2494;2581
5164;6664142;3873;1720;2582
5165;6666724;5162;1291;2582
5166;6669306;3567;1869;2583
5167;6671889;3873;1722;2583
5168;6674472;5164;1292;2584
5169;6677056;2788;2394;2584
5170;6679640;2961;2255;2585
5171;6682225;3196;2090;2585
5172;6684810;3448;1938;2586
5173;6687396;3102;2155;2586
5174;6689982;3055;2189;2587
5175;6692569;5174;1293;2587
5176;6695156;3448;1941;2588
5177;6697744;5174;1294;2588
5178;6700332;7761;863;2589
5179;6702921;3452;1941;2589
5180;6705510;3235;2072;2590
5181;6708100;3885;1726;2590
5182;6710690;7773;863;2591
5183;6713281;5182;1295;2591
5184;6715872;2664;2520;2592
5185;6718464;5182;1296;2592
5186;6721056;6718463;1;2593
5187;6723649;5186;1296;2593
5188;6726242;3891;1728;2594
5189;6728836;5186;1297;2594
5190;6731430;7779;865;2595
5191;6734025;3891;1730;2595
5192;6736620;5188;1298;2596
5193;6739216;3245;2076;2596
5194;6741812;3633;1855;2597
5195;6744409;2891;2332;2597
5196;6747006;3464;1947;2598
5197;6749604;3031;2226;2598
5198;6752202;5537;1219;2599
5199;6754801;5198;1299;2599
5200;6757400;3120;2165;2600
5201;6760000;2825;2392;2600
5202;6762600;3519;1921;2601
5203;6765201;2652;2550;2601
5204;6767802;5200;1301;2602
5205;6770404;3903;1734;2602
5206;6773006;2907;2329;2603
5207;6775609;5206;1301;2603
5208;6778212;3903;1736;2604
5209;6780816;2877;2356;2604
5210;6783420;9899;685;2605
5211;6786025;3126;2170;2605
5212;6788630;3909;1736;2606
5213;6791236;5210;1303;2606
5214;6793842;4345;1563;2607
5215;6796449;3909;1738;2607
5216;6799056;5212;1304;2608
5217;6801664;3476;1956;2608
5218;6804272;7827;869;2609
5219;6806881;5218;1304;2609
5220;6809490;2784;2445;2610
5221;6812100;5218;1305;2610
5222;6814710;18263;373;2611
5223;6817321;3045;2238;2611
5224;6819932;3265;2088;2612
5225;6822544;4571;1492;2612
5226;6825156;4849;1407;2613
5227;6827769;3484;1959;2613
5228;6830382;5224;1307;2614
5229;6832996;3921;1742;2614
5230;6835610;4355;1569;2615
5231;6838225;5230;1307;2615
5232;6840840;3921;1744;2616
5233;6843456;3138;2180;2616
5234;6846072;13085;523;2617
5235;6848689;5234;1308;2617
5236;6851306;2856;2398;2618
5237;6853924;5234;1309;2618
5238;6856542;7851;873;2619
5239;6859161;3201;2142;2619
5240;6861780;2882;2380;2620
5241;6864400;2910;2358;2620
5242;6867020;7863;873;2621
5243;6869641;5242;1310;2621
5244;6872262;2760;2489;2622
5245;6874884;5242;1311;2622
5246;6877506;112703;61;2623
5247;6880129;2806;2451;2623
5248;6882752;2829;2432;2624
5249;6885376;2752;2501;2624
5250;6888000;3225;2135;2625
5251;6890625;2800;2460;2625
5252;6893250;3232;2132;2626
5253;6895876;2730;2525;2626
5254;6898502;2775;2485;2627
5255;6901129;3737;1846;2627
5256;6903756;2847;2424;2628
5257;6906384;2701;2556;2628
5258;6909012;8843;781;2629
5259;6911641;2868;2409;2629
5260;6914270;2920;2367;2630
5261;6916900;2893;2390;2630
5262;6919530;7887;877;2631
5263;6922161;3945;1754;2631
5264;6924792;3290;2104;2632
5265;6927424;3508;1974;2632
5266;6930056;7899;877;2633
5267;6932689;5266;1316;2633
5268;6935322;3073;2256;2634
5269;6937956;5266;1317;2634
5270;6940590;13165;527;2635
5271;6943225;3162;2195;2635
5272;6945860;3512;1977;2636
5273;6948496;3295;2108;2636
5274;6951132;4395;1581;2637
5275;6953769;3516;1977;2637
5276;6956406;5272;1319;2638
5277;6959044;3957;1758;2638
5278;6961682;3393;2051;2639
5279;6964321;5278;1319;2639
5280;6966960;3957;1760;2640
5281;6969600;2730;2552;2640
5282;6972240;3857;1807;2641
5283;6974881;2780;2508;2641
5284;6977522;3963;1760;2642
5285;6980164;5282;1321;2642
5286;6982806;7923;881;2643
5287;6985449;3963;1762;2643
5288;6988092;5284;1322;2644
5289;6990736;3524;1983;2644
5290;6993380;4405;1587;2645
5291;6996025;3305;2116;2645
5292;6998670;3528;1983;2646
5293;7001316;2898;2415;2646
5294;7003962;13235;529;2647
5295;7006609;5294;1323;2647
5296;7009256;2979;2352;2648
5297;7011904;5294;1324;2648
5298;7014552;7941;883;2649
5299;7017201;3532;1986;2649
5300;7019850;3310;2120;2650
5301;7022500;3975;1766;2650
5302;7025150;7953;883;2651
5303;7027801;2915;2410;2651
5304;7030452;2703;2600;2652
5305;7033104;2892;2431;2652
5306;7035756;4169;1687;2653
5307;7038409;3094;2274;2653
5308;7041062;3981;1768;2654
5309;7043716;5306;1327;2654
5310;7046370;3411;2065;2655
5311;7049025;3981;1770;2655
5312;7051680;5308;1328;2656
5313;7054336;2832;2490;2656
5314;7056992;7971;885;2657
5315;7059649;5314;1328;2657
5316;7062306;3544;1992;2658
5317;7064964;5314;1329;2658
5318;7067622;7064963;1;2659
5319;7070281;5318;1329;2659
5320;7072940;3101;2280;2660
5321;7075600;5318;1330;2660
5322;7078260;7977;887;2661
5323;7080921;3548;1995;2661
5324;7083582;2926;2420;2662
5325;7086244;3993;1774;2662
5326;7088906;7989;887;2663
5327;7091569;5326;1331;2663
5328;7094232;2904;2442;2664
5329;7096896;5326;1332;2664
5330;7099560;13315;533;2665
5331;7102225;2886;2460;2665
5332;7104890;3096;2294;2666
5333;7107556;2795;2542;2666
5334;7110222;3731;1905;2667
5335;7112889;3937;1806;2667
5336;7115556;2852;2494;2668
5337;7118224;2921;2436;2668
5338;7120892;3297;2159;2669
5339;7123561;3611;1972;2669
5340;7126230;2760;2581;2670
5341;7128900;3026;2355;2670
5342;7131570;45407;157;2671
5343;7134241;5342;1335;2671
5344;7136912;2848;2505;2672
5345;7139584;5342;1336;2672
5346;7142256;8013;891;2673
5347;7144929;3006;2376;2673
5348;7147602;3056;2338;2674
5349;7150276;3402;2101;2674
5350;7152950;2889;2475;2675
5351;7155625;3745;1910;2675
5352;7158300;3122;2292;2676
5353;7160976;3210;2230;2676
5354;7163652;13385;535;2677
5355;7166329;5354;1338;2677
5356;7169006;2899;2472;2678
5357;7171684;5354;1339;2678
5358;7174362;8031;893;2679
5359;7177041;3666;1957;2679
5360;7179720;3484;2060;2680
5361;7182400;2820;2546;2680
5362;7185080;6251;1149;2681
5363;7187761;3064;2345;2681
5364;7190442;2980;2412;2682
5365;7193124;3129;2298;2682
5366;7195806;18781;383;2683
5367;7198489;5366;1341;2683
5368;7201172;3278;2196;2684
5369;7203856;5366;1342;2684
5370;7206540;8049;895;2685
5371;7209225;3355;2148;2685
5372;7211910;3476;2074;2686
5373;7214596;3043;2370;2686
5374;7217282;8061;895;2687
5375;7219969;5374;1343;2687
5376;7222656;2856;2528;2688
5377;7225344;5374;1344;2688
5378;7228032;7225343;1;2689
5379;7230721;5378;1344;2689
5380;7233410;3228;2240;2690
5381;7236100;5378;1345;2690
5382;7238790;8067;897;2691
5383;7241481;2990;2421;2691
5384;7244172;3365;2152;2692
5385;7246864;3588;2019;2692
5386;7249556;8079;897;2693
5387;7252249;5386;1346;2693
5388;7254942;3592;2019;2694
5389;7257636;5386;1347;2694
5390;7260330;13465;539;2695
5391;7263025;3143;2310;2695
5392;7265720;3592;2022;2696
5393;7268416;3080;2359;2696
5394;7271112;3045;2387;2697
5395;7273809;3596;2022;2697
5396;7276506;5392;1349;2698
5397;7279204;3306;2201;2698
5398;7281902;8097;899;2699
5399;7284601;5398;1349;2699
5400;7287300;2840;2565;2700
5401;7290000;5398;1350;2700
5402;7292700;99863;73;2701
5403;7295401;2775;2628;2701
5404;7298102;2895;2520;2702
5405;7300804;5402;1351;2702
5406;7303506;3723;1961;2703
5407;7306209;3281;2226;2703
5408;7308912;2912;2509;2704
5409;7311616;2756;2652;2704
5410;7314320;4505;1623;2705
5411;7317025;3380;2164;2705
5412;7319730;3198;2288;2706
5413;7322436;3246;2255;2706
5414;7325142;13535;541;2707
5415;7327849;5414;1353;2707
5416;7330556;3608;2031;2708
5417;7333264;5414;1354;2708
5418;7335972;8121;903;2709
5419;7338681;3612;2031;2709
5420;7341390;3385;2168;2710
5421;7344100;3010;2439;2710
5422;7346810;8133;903;2711
5423;7349521;5422;1355;2711
5424;7352232;3252;2260;2712
5425;7354944;5422;1356;2712
5426;7357656;7354943;1;2713
5427;7360369;5426;1356;2713
5428;7363082;2832;2599;2714
5429;7365796;5426;1357;2714
5430;7368510;8139;905;2715
5431;7371225;4071;1810;2715
5432;7373940;3304;2231;2716
5433;7376656;2910;2534;2716
5434;7379372;3135;2353;2717
5435;7382089;2926;2522;2717
5436;7384806;3171;2328;2718
5437;7387524;2869;2574;2718
5438;7390242;29909;247;2719
5439;7392961;5438;1359;2719
5440;7395680;2880;2567;2720
5441;7398400;5438;1360;2720
5442;7401120;8157;907;2721
5443;7403841;3628;2040;2721
5444;7406562;5440;1361;2722
5445;7409284;4083;1814;2722
5446;7412006;6349;1167;2723
5447;7414729;5446;1361;2723
5448;7417452;4083;1816;2724
5449;7420176;3178;2334;2724
5450;7422900;3815;1945;2725
5451;7425625;3270;2270;2725
5452;7428350;4089;1816;2726
5453;7431076;3161;2350;2726
5454;7433802;2943;2525;2727
5455;7436529;2929;2538;2727
5456;7439256;2914;2552;2728
5457;7441984;3069;2424;2728
5458;7444712;8187;909;2729
5459;7447441;5458;1364;2729
5460;7450170;2821;2640;2730
5461;7452900;5458;1365;2730
5462;7455630;7452899;1;2731
5463;7458361;5462;1365;2731
5464;7461092;3415;2184;2732
5465;7463824;5462;1366;2732
5466;7466556;8193;911;2733
5467;7469289;3644;2049;2733
5468;7472022;5464;1367;2734
5469;7474756;4101;1822;2734
5470;7477490;4555;1641;2735
5471;7480225;5470;1367;2735
5472;7482960;4101;1824;2736
5473;7485696;3282;2280;2736
5474;7488432;3829;1955;2737
5475;7491169;2856;2622;2737
5476;7493906;2812;2664;2738
5477;7496644;4403;1702;2738
5478;7499382;3927;1909;2739
5479;7502121;3071;2442;2739
5480;7504860;5069;1480;2740
5481;7507600;3014;2490;2740
5482;7510340;8223;913;2741
5483;7513081;5482;1370;2741
5484;7515822;3288;2285;2742
5485;7518564;5482;1371;2742
5486;7521306;35633;211;2743
5487;7524049;5486;1371;2743
5488;7526792;3199;2352;2744
5489;7529536;2954;2548;2744
5490;7532280;3165;2379;2745
5491;7535025;2940;2562;2745
5492;7537770;5488;1373;2746
5493;7540516;4119;1830;2746
5494;7543262;3015;2501;2747
5495;7546009;5494;1373;2747
5496;7548756;4119;1832;2748
5497;7551504;5494;1374;2748
5498;7554252;112709;67;2749
5499;7557001;5498;1374;2749
5500;7559750;3000;2519;2750
5501;7562500;5498;1375;2750
5502;7565250;8247;917;2751
5503;7568001;2882;2625;2751
5504;7570752;3200;2365;2752
5505;7573504;3144;2408;2752
5506;7576256;8259;917;2753
5507;7579009;5506;1376;2753
5508;7581762;2924;2592;2754
5509;7584516;5506;1377;2754
5510;7587270;13765;551;2755
5511;7590025;2907;2610;2755
5512;7592780;2808;2703;2756
5513;7595536;3074;2470;2756
5514;7598292;4595;1653;2757
5515;7601049;3676;2067;2757
5516;7603806;2968;2561;2758
5517;7606564;4137;1838;2758
5518;7609322;8277;919;2759
5519;7612081;5518;1379;2759
5520;7614840;2955;2576;2760
5521;7617600;2852;2670;2760
5522;7620360;7781;979;2761
5523;7623121;3012;2530;2761
5524;7625882;4143;1840;2762
5525;7628644;5522;1381;2762
5526;7631406;3377;2259;2763
5527;7634169;4143;1842;2763
5528;7636932;5524;1382;2764
5529;7639696;3684;2073;2764
5530;7642460;3555;2149;2765
5531;7645225;3455;2212;2765
5532;7647990;3688;2073;2766
5533;7650756;3227;2370;2766
5534;7653522;13835;553;2767
5535;7656289;5534;1383;2767
5536;7659056;3688;2076;2768
5537;7661824;5534;1384;2768
5538;7664592;8301;923;2769
5539;7667361;3408;2249;2769
5540;7670130;3460;2216;2770
5541;7672900;3601;2130;2770
5542;7675670;3621;2119;2771
5543;7678441;4709;1630;2771
5544;7681212;3047;2520;2772
5545;7683984;2934;2618;2772
5546;7686756;7661;1003;2773
5547;7689529;2961;2596;2773
5548;7692302;2926;2628;2774
5549;7695076;3431;2242;2774
5550;7697850;3525;2183;2775
5551;7700625;2850;2701;2775
5552;7703400;5548;1388;2776
5553;7706176;3470;2220;2776
5554;7708952;8331;925;2777
5555;7711729;5554;1388;2777
5556;7714506;3704;2082;2778
5557;7717284;5554;1389;2778
5558;7720062;19439;397;2779
5559;7722841;3241;2382;2779
5560;7725620;3336;2315;2780
5561;7728400;3892;1985;2780
5562;7731180;3573;2163;2781
5563;7733961;3090;2502;2781
5564;7736742;3614;2140;2782
5565;7739524;2889;2678;2782
5566;7742306;3267;2369;2783
5567;7745089;3146;2461;2783
5568;7747872;3016;2568;2784
5569;7750656;2904;2668;2784
5570;7753440;6127;1265;2785
5571;7756225;3342;2320;2785
5572;7759010;3184;2436;2786
5573;7761796;3899;1990;2786
5574;7764582;4645;1671;2787
5575;7767369;4179;1858;2787
5576;7770156;3383;2296;2788
5577;7772944;3716;2091;2788
5578;7775732;8367;929;2789
5579;7778521;5578;1394;2789
5580;7781310;2952;2635;2790
5581;7784100;5578;1395;2790
5582;7786890;7784099;1;2791
5583;7789681;5582;1395;2791
5584;7792472;3141;2480;2792
5585;7795264;5582;1396;2792
5586;7798056;8373;931;2793
5587;7800849;3192;2443;2793
5588;7803642;3839;2032;2794
5589;7806436;2926;2667;2794
5590;7809230;3185;2451;2795
5591;7812025;3302;2365;2795
5592;7814820;3048;2563;2796
5593;7817616;3029;2580;2796
5594;7820412;13985;559;2797
5595;7823209;5594;1398;2797
5596;7826006;4197;1864;2798
5597;7828804;5594;1399;2798
5598;7831602;8391;933;2799
5599;7834401;4197;1866;2799
5600;7837200;5596;1400;2800
5601;7840000;3110;2520;2800
5602;7842800;8403;933;2801
5603;7845601;5602;1400;2801
5604;7848402;3269;2400;2802
5605;7851204;5602;1401;2802
5606;7854006;7851203;1;2803
5607;7856809;5606;1401;2803
5608;7859612;3736;2103;2804
5609;7862416;5606;1402;2804
5610;7865220;8409;935;2805
5611;7868025;3505;2244;2805
5612;7870830;5608;1403;2806
5613;7873636;3111;2530;2806
5614;7876442;3927;2005;2807
5615;7879249;5614;1403;2807
5616;7882056;2928;2691;2808
5617;7884864;3208;2457;2808
5618;7887672;19663;401;2809
5619;7890481;2862;2756;2809
5620;7893290;3120;2529;2810
5621;7896100;5618;1405;2810
5622;7898910;8427;937;2811
5623;7901721;4215;1874;2811
5624;7904532;3515;2248;2812
5625;7907344;3748;2109;2812
5626;7910156;8439;937;2813
5627;7912969;3589;2204;2813
5628;7915782;3108;2546;2814
5629;7918596;3886;2037;2814
5630;7921410;14065;563;2815
5631;7924225;3378;2345;2815
5632;7927040;2948;2688;2816
5633;7929856;3520;2252;2816
5634;7932672;4695;1689;2817
5635;7935489;3168;2504;2817
5636;7938306;5632;1409;2818
5637;7941124;4227;1878;2818
5638;7943942;8457;939;2819
5639;7946761;5638;1409;2819
5640;7949580;4227;1880;2820
5641;7952400;5638;1410;2820
5642;7955220;19733;403;2821
5643;7958041;2914;2730;2821
5644;7960862;3196;2490;2822
5645;7963684;3094;2573;2822
5646;7966506;6587;1209;2823
5647;7969329;4233;1882;2823
5648;7972152;5644;1412;2824
5649;7974976;3764;2118;2824
5650;7977800;4705;1695;2825
5651;7980625;3530;2260;2825
5652;7983450;3177;2512;2826
5653;7986276;3390;2355;2826
5654;7989102;6215;1285;2827
5655;7991929;3454;2313;2827
5656;7994756;3297;2424;2828
5657;7997584;3598;2222;2828
5658;8000412;5911;1353;2829
5659;8003241;3444;2323;2829
5660;8006070;3535;2264;2830
5661;8008900;4245;1886;2830
5662;8011730;3427;2337;2831
5663;8014561;5377;1490;2831
5664;8017392;3396;2360;2832
5665;8020224;3363;2384;2832
5666;8023056;53827;149;2833
5667;8025889;5666;1416;2833
5668;8028722;3068;2616;2834
5669;8031556;5666;1417;2834
5670;8034390;8499;945;2835
5671;8037225;2943;2730;2835
5672;8040060;5668;1418;2836
5673;8042896;3545;2268;2836
5674;8045732;8511;945;2837
5675;8048569;5674;1418;2837
5676;8051406;3784;2127;2838
5677;8054244;5674;1419;2838
5678;8057082;48229;167;2839
5679;8059921;3674;2193;2839
5680;8062760;3053;2640;2840
5681;8065600;3340;2414;2840
5682;8068440;8517;947;2841
5683;8071281;3788;2130;2841
5684;8074122;3248;2485;2842
5685;8076964;4263;1894;2842
5686;8079806;8529;947;2843
5687;8082649;5686;1421;2843
5688;8085492;3318;2436;2844
5689;8088336;5686;1422;2844
5690;8091180;14215;569;2845
5691;8094025;3414;2370;2845
5692;8096870;4269;1896;2846
5693;8099716;5690;1423;2846
5694;8102562;4745;1707;2847
5695;8105409;4269;1898;2847
5696;8108256;5692;1424;2848
5697;8111104;3471;2336;2848
5698;8113952;3003;2701;2849
5699;8116801;3256;2492;2849
5700;8119650;3040;2670;2850
5701;8122500;2926;2775;2850
5702;8125350;19957;407;2851
5703;8128201;5702;1425;2851
5704;8131052;2945;2760;2852
5705;8133904;5702;1426;2852
5706;8136756;8553;951;2853
5707;8139609;3804;2139;2853
5708;8142462;5704;1427;2854
5709;8145316;4281;1902;2854
5710;8148170;4755;1713;2855
5711;8151025;5710;1427;2855
5712;8153880;4281;1904;2856
5713;8156736;3426;2380;2856
5714;8159592;14285;571;2857
5715;8162449;5714;1428;2857
5716;8165306;4287;1904;2858
5717;8168164;5714;1429;2858
5718;8171022;8571;953;2859
5719;8173881;4287;1906;2859
5720;8176740;5716;1430;2860
5721;8179600;3812;2145;2860
5722;8182460;8583;953;2861
5723;8185321;5722;1430;2861
5724;8188182;2915;2808;2862
5725;8191044;5722;1431;2862
5726;8193906;20027;409;2863
5727;8196769;3339;2454;2863
5728;8199632;3222;2544;2864
5729;8202496;3272;2506;2864
5730;8205360;4011;2045;2865
5731;8208225;3056;2685;2865
5732;8211090;5728;1433;2866
5733;8213956;4299;1910;2866
5734;8216822;8601;955;2867
5735;8219689;5734;1433;2867
5736;8222556;4299;1912;2868
5737;8225424;5734;1434;2868
5738;8228292;7097;1159;2869
5739;8231161;4541;1812;2869
5740;8234030;3346;2460;2870
5741;8236900;3895;2114;2870
5742;8239770;4379;1881;2871
5743;8242641;3045;2706;2871
5744;8245512;3280;2513;2872
5745;8248384;3231;2552;2872
5746;8251256;3393;2431;2873
5747;8254129;4667;1768;2873
5748;8257002;3832;2154;2874
5749;8259876;5746;1437;2874
5750;8262750;3887;2125;2875
5751;8265625;3450;2395;2875
5752;8268500;3832;2157;2876
5753;8271376;3595;2300;2876
5754;8274252;3151;2625;2877
5755;8277129;3836;2157;2877
5756;8280006;5752;1439;2878
5757;8282884;4317;1918;2878
5758;8285762;8637;959;2879
5759;8288641;5758;1439;2879
5760;8291520;4317;1920;2880
5761;8294400;5758;1440;2880
5762;8297280;123797;67;2881
5763;8300161;3015;2752;2881
5764;8303042;3144;2640;2882
5765;8305924;5633;1474;2882
5766;8308806;3999;2077;2883
5767;8311689;4061;2046;2883
5768;8314572;3668;2266;2884
5769;8317456;3193;2604;2884
5770;8320340;4805;1731;2885
5771;8323225;3605;2308;2885
5772;8326110;3108;2678;2886
5773;8328996;3462;2405;2886
5774;8331882;14435;577;2887
5775;8334769;5774;1443;2887
5776;8337656;2964;2812;2888
5777;8340544;5774;1444;2888
5778;8343432;8661;963;2889
5779;8346321;3249;2568;2889
5780;8349210;3230;2584;2890
5781;8352100;3210;2601;2890
5782;8354990;3717;2247;2891
5783;8357881;4046;2065;2891
5784;8360772;3468;2410;2892
5785;8363664;3374;2478;2892
5786;8366556;4543;1841;2893
5787;8369449;3156;2651;2893
5788;8372342;4341;1928;2894
5789;8375236;5786;1447;2894
5790;8378130;3945;2123;2895
5791;8381025;4341;1930;2895
5792;8383920;5788;1448;2896
5793;8386816;3088;2715;2896
5794;8389712;8691;965;2897
5795;8392609;5794;1448;2897
5796;8395506;3258;2576;2898
5797;8398404;5794;1449;2898
5798;8401302;37661;223;2899
5799;8404201;3122;2691;2899
5800;8407100;3045;2760;2900
5801;8410000;3770;2230;2900
5802;8412900;8697;967;2901
5803;8415801;3868;2175;2901
5804;8418702;5800;1451;2902
5805;8421604;4353;1934;2902
5806;8424506;8709;967;2903
5807;8427409;5806;1451;2903
5808;8430312;4353;1936;2904
5809;8433216;5806;1452;2904
5810;8436120;14515;581;2905
5811;8439025;3080;2739;2905
5812;8441930;4359;1936;2906
5813;8444836;5810;1453;2906
5814;8447742;3735;2261;2907
5815;8450649;4359;1938;2907
5816;8453556;5812;1454;2908
5817;8456464;3876;2181;2908
5818;8459372;8727;969;2909
5819;8462281;5818;1454;2909
5820;8465190;3635;2328;2910
5821;8468100;5818;1455;2910
5822;8471010;119269;71;2911
5823;8473921;3977;2130;2911
5824;8476832;3104;2730;2912
5825;8479744;3692;2296;2912
5826;8482656;8733;971;2913
5827;8485569;3884;2184;2913
5828;8488482;3008;2821;2914
5829;8491396;4371;1942;2914
5830;8494310;4855;1749;2915
5831;8497225;3286;2585;2915
5832;8500140;3348;2538;2916
5833;8503056;2970;2862;2916
5834;8505972;14585;583;2917
5835;8508889;5834;1458;2917
5836;8511806;4377;1944;2918
5837;8514724;5834;1459;2918
5838;8517642;8751;973;2919
5839;8520561;4377;1946;2919
5840;8523480;5836;1460;2920
5841;8526400;3066;2780;2920
5842;8529320;3197;2667;2921
5843;8532241;3358;2540;2921
5844;8535162;3504;2435;2922
5845;8538084;5842;1461;2922
5846;8541006;4699;1817;2923
5847;8543929;5846;1461;2923
5848;8546852;3896;2193;2924
5849;8549776;3182;2686;2924
5850;8552700;3081;2775;2925
5851;8555625;3060;2795;2925
5852;8558550;3268;2618;2926
5853;8561476;3003;2850;2926
5854;8564402;8781;975;2927
5855;8567329;5854;1463;2927
5856;8570256;3192;2684;2928
5857;8573184;5854;1464;2928
5858;8576112;84883;101;2929
5859;8579041;3538;2424;2929
5860;8581970;3516;2440;2930
5861;8584900;5858;1465;2930
5862;8587830;8787;977;2931
5863;8590761;4395;1954;2931
5864;8593692;3665;2344;2932
5865;8596624;3908;2199;2932
5866;8599556;6839;1257;2933
5867;8602489;5131;1676;2933
5868;8605422;3912;2199;2934
5869;8608356;3423;2514;2934
5870;8611290;4109;2095;2935
5871;8614225;3522;2445;2935
5872;8617160;3303;2608;2936
5873;8620096;3670;2348;2936
5874;8623032;4895;1761;2937
5875;8625969;3916;2202;2937
5876;8628906;4771;1808;2938
5877;8631844;3471;2486;2938
5878;8634782;8817;979;2939
5879;8637721;5878;1469;2939
5880;8640660;3164;2730;2940
5881;8643600;5878;1470;2940
5882;8646540;49963;173;2941
5883;8649481;3332;2595;2941
5884;8652422;4413;1960;2942
5885;8655364;5882;1471;2942
5886;8658306;4671;1853;2943
5887;8661249;4413;1962;2943
5888;8664192;5884;1472;2944
5889;8667136;3312;2616;2944
5890;8670080;3379;2565;2945
5891;8673025;3040;2852;2945
5892;8675970;3928;2208;2946
5893;8678916;3534;2455;2946
5894;8681862;4123;2105;2947
5895;8684809;3437;2526;2947
5896;8687756;3928;2211;2948
5897;8690704;4631;1876;2948
5898;8693652;6881;1263;2949
5899;8696601;3932;2211;2949
5900;8699550;3245;2680;2950
5901;8702500;4425;1966;2950
5902;8705450;8853;983;2951
5903;8708401;3835;2270;2951
5904;8711352;3075;2832;2952
5905;8714304;3198;2724;2952
5906;8717256;38389;227;2953
5907;8720209;5906;1476;2953
5908;8723162;3376;2583;2954
5909;8726116;5906;1477;2954
5910;8729070;8859;985;2955
5911;8732025;3165;2758;2955
5912;8734980;5173;1688;2956
5913;8737936;3695;2364;2956
5914;8740892;8871;985;2957
5915;8743849;5914;1478;2957
5916;8746806;3944;2217;2958
5917;8749764;5914;1479;2958
5918;8752722;32527;269;2959
5919;8755681;4573;1914;2959
5920;8758640;3145;2784;2960
5921;8761600;3256;2690;2960
5922;8764560;3619;2421;2961
5923;8767521;3108;2820;2961
5924;8770482;5920;1481;2962
5925;8773444;4443;1974;2962
5926;8776406;8889;987;2963
5927;8779369;5926;1481;2963
5928;8782332;4443;1976;2964
5929;8785296;5926;1482;2964
5930;8788260;14815;593;2965
5931;8791225;3558;2470;2965
5932;8794190;4449;1976;2966
5933;8797156;5930;1483;2966
5934;8800122;4945;1779;2967
5935;8803089;4449;1978;2967
5936;8806056;5932;1484;2968
5937;8809024;3612;2438;2968
5938;8811992;8907;989;2969
5939;8814961;5938;1484;2969
5940;8817930;3024;2915;2970
5941;8820900;5938;1485;2970
5942;8823870;8820899;1;2971
5943;8826841;5942;1485;2971
5944;8829812;3715;2376;2972
5945;8832784;5942;1486;2972
5946;8835756;8913;991;2973
5947;8838729;3964;2229;2973
5948;8841702;5944;1487;2974
5949;8844676;4461;1982;2974
5950;8847650;4955;1785;2975
5951;8850625;5950;1487;2975
5952;8853600;4461;1984;2976
5953;8856576;3100;2856;2976
5954;8859552;3893;2275;2977
5955;8862529;3224;2748;2977
5956;8865506;4467;1984;2978
5957;8868484;5954;1489;2978
5958;8871462;4303;2061;2979
5959;8874441;4467;1986;2979
5960;8877420;5956;1490;2980
5961;8880400;3310;2682;2980
5962;8883380;3641;2439;2981
5963;8886361;3278;2710;2981
5964;8889342;3129;2840;2982
5965;8892324;3794;2343;2982
5966;8895306;5149;1727;2983
5967;8898289;3297;2698;2983
5968;8901272;3408;2611;2984
5969;8904256;5966;1492;2984
5970;8907240;3781;2355;2985
5971;8910225;3730;2388;2985
5972;8913210;5968;1493;2986
5973;8916196;4479;1990;2986
5974;8919182;5771;1545;2987
5975;8922169;5974;1493;2987
5976;8925156;4479;1992;2988
5977;8928144;3708;2407;2988
5978;8931132;5047;1769;2989
5979;8934121;3486;2562;2989
5980;8937110;3237;2760;2990
5981;8940100;3185;2806;2990
5982;8943090;6979;1281;2991
5983;8946081;4485;1994;2991
5984;8949072;3128;2860;2992
5985;8952064;3988;2244;2992
5986;8955056;8979;997;2993
5987;8958049;3212;2788;2993
5988;8961042;3992;2244;2994
5989;8964036;5986;1497;2994
5990;8967030;14965;599;2995
5991;8970025;3594;2495;2995
5992;8973020;3493;2568;2996
5993;8976016;3745;2396;2996
5994;8979012;4995;1797;2997
5995;8982009;3108;2889;2997
5996;8985006;5992;1499;2998
5997;8988004;4497;1998;2998
5998;8991002;8997;999;2999
5999;8994001;5998;1499;2999
6000;8997000;4497;2000;3000
6001;9000000;5998;1500;3000
6002;9003000;8999999;1;3001
6003;9006001;6002;1500;3001
6004;9009002;3160;2850;3002
6005;9012004;6002;1501;3002
6006;9015006;9003;1001;3003
6007;9018009;3081;2926;3003
6008;9021012;6004;1502;3004
6009;9024016;4004;2253;3004
6010;9027020;4207;2145;3005
6011;9030025;3755;2404;3005
6012;9033030;4008;2253;3006
6013;9036036;3606;2505;3006
6014;9039042;15035;601;3007
6015;9042049;5177;1746;3007
6016;9045056;3384;2672;3008
6017;9048064;3104;2914;3008
6018;9051072;4947;1829;3009
6019;9054081;3196;2832;3009
6020;9057090;3290;2752;3010
6021;9060100;3570;2537;3010
6022;9063110;9033;1003;3011
6023;9066121;6022;1505;3011
6024;9069132;3514;2580;3012
6025;9072144;6022;1506;3012
6026;9075156;69253;131;3013
6027;9078169;5773;1572;3013
6028;9081182;3288;2761;3014
6029;9084196;3151;2882;3014
6030;9087210;4623;1965;3015
6031;9090225;3685;2466;3015
6032;9093240;3562;2552;3016
6033;9096256;3393;2680;3016
6034;9099272;3879;2345;3017
6035;9102289;3448;2639;3017
6036;9105306;4024;2262;3018
6037;9108324;3521;2586;3018
6038;9111342;21133;431;3019
6039;9114361;6038;1509;3019
6040;9117380;3624;2515;3020
6041;9120400;6038;1510;3020
6042;9123420;9057;1007;3021
6043;9126441;3180;2869;3021
6044;9129462;6040;1511;3022
6045;9132484;4533;2014;3022
6046;9135506;9069;1007;3023
6047;9138529;6046;1511;3023
6048;9141552;4533;2016;3024
6049;9144576;6046;1512;3024
6050;9147600;15115;605;3025
6051;9150625;3080;2970;3025
6052;9153650;3204;2856;3026
6053;9156676;4114;2225;3026
6054;9159702;5045;1815;3027
6055;9162729;4539;2018;3027
6056;9165756;6052;1514;3028
6057;9168784;4036;2271;3028
6058;9171812;9087;1009;3029
6059;9174841;6058;1514;3029
6060;9177870;3785;2424;3030
6061;9180900;3495;2626;3030
6062;9183930;5629;1631;3031
6063;9186961;3535;2598;3031
6064;9189992;3790;2424;3032
6065;9193024;3464;2653;3032
6066;9196056;3897;2359;3033
6067;9199089;3411;2696;3033
6068;9202122;6064;1517;3034
6069;9205156;4551;2022;3034
6070;9208190;5055;1821;3035
6071;9211225;6070;1517;3035
6072;9214260;3256;2829;3036
6073;9217296;3642;2530;3036
6074;9220332;15185;607;3037
6075;9223369;6074;1518;3037
6076;9226406;3234;2852;3038
6077;9229444;6074;1519;3038
6078;9232482;9111;1013;3039
6079;9235521;4557;2026;3039
6080;9238560;3136;2945;3040
6081;9241600;4052;2280;3040
6082;9244640;9123;1013;3041
6083;9247681;6082;1520;3041
6084;9250722;3120;2964;3042
6085;9253764;6082;1521;3042
6086;9256806;51697;179;3043
6087;9259849;3222;2873;3043
6088;9262892;4056;2283;3044
6089;9265936;6086;1522;3044
6090;9268980;3451;2685;3045
6091;9272025;3805;2436;3045
6092;9275070;6088;1523;3046
6093;9278116;4569;2030;3046
6094;9281162;4155;2233;3047
6095;9284209;6094;1523;3047
6096;9287256;4569;2032;3048
6097;9290304;3324;2794;3048
6098;9293352;33539;277;3049
6099;9296401;6098;1524;3049
6100;9299450;3175;2928;3050
6101;9302500;6098;1525;3050
6102;9305550;9147;1017;3051
6103;9308601;3294;2825;3051
6104;9311652;3416;2725;3052
6105;9314704;3164;2943;3052
6106;9317756;4859;1917;3053
6107;9320809;4687;1988;3053
6108;9323862;3563;2616;3054
6109;9326916;6106;1527;3054
6110;9329970;3337;2795;3055
6111;9333025;3666;2545;3055
6112;9336080;4072;2292;3056
6113;9339136;3760;2483;3056
6114;9342192;5095;1833;3057
6115;9345249;4076;2292;3057
6116;9348306;4202;2224;3058
6117;9351364;4587;2038;3058
6118;9354422;7133;1311;3059
6119;9357481;3197;2926;3059
6120;9360540;3336;2805;3060
6121;9363600;3220;2907;3060
6122;9366660;21427;437;3061
6123;9369721;6122;1530;3061
6124;9372782;4593;2040;3062
6125;9375844;6122;1531;3062
6126;9378906;9183;1021;3063
6127;9381969;4593;2042;3063
6128;9385032;6124;1532;3064
6129;9388096;4084;2298;3064
6130;9391160;5105;1839;3065
6131;9394225;3830;2452;3065
6132;9397290;3504;2681;3066
6133;9400356;3678;2555;3066
6134;9403422;15335;613;3067
6135;9406489;6134;1533;3067
6136;9409556;3304;2847;3068
6137;9412624;6134;1534;3068
6138;9415692;9201;1023;3069
6139;9418761;3627;2596;3069
6140;9421830;3835;2456;3070
6141;9424900;3377;2790;3070
6142;9427970;3441;2739;3071
6143;9431041;6142;1535;3071
6144;9434112;3684;2560;3072
6145;9437184;3552;2656;3072
6146;9440256;16243;581;3073
6147;9443329;3512;2688;3073
6148;9446402;3392;2784;3074
6149;9449476;6146;1537;3074
6150;9452550;4305;2195;3075
6151;9455625;3567;2650;3075
6152;9458700;6148;1538;3076
6153;9461776;3845;2460;3076
6154;9464852;3485;2715;3077
6155;9467929;6154;1538;3077
6156;9471006;4104;2307;3078
6157;9474084;3258;2907;3078
6158;9477162;52343;181;3079
6159;9480241;6158;1539;3079
6160;9483320;3135;3024;3080
6161;9486400;6158;1540;3080
6162;9489480;9237;1027;3081
6163;9492561;3160;3003;3081
6164;9495642;3220;2948;3082
6165;9498724;3634;2613;3082
6166;9501806;9249;1027;3083
6167;9504889;6166;1541;3083
6168;9507972;4623;2056;3084
6169;9511056;6166;1542;3084
6170;9514140;15415;617;3085
6171;9517225;3702;2570;3085
6172;9520310;4629;2056;3086
6173;9523396;6170;1543;3086
6174;9526482;4319;2205;3087
6175;9529569;4629;2058;3087
6176;9532656;6172;1544;3088
6177;9535744;3474;2744;3088
6178;9538832;9267;1029;3089
6179;9541921;6178;1544;3089
6180;9545010;3296;2895;3090
6181;9548100;6178;1545;3090
6182;9551190;33979;281;3091
6183;9554281;3399;2810;3091
6184;9557372;3865;2472;3092
6185;9560464;6182;1546;3092
6186;9563556;9273;1031;3093
6187;9566649;4124;2319;3093
6188;9569742;5411;1768;3094
6189;9572836;4641;2062;3094
6190;9575930;5155;1857;3095
6191;9579025;4333;2210;3095
6192;9582120;3276;2924;3096
6193;9585216;3714;2580;3096
6194;9588312;11761;815;3097
6195;9591409;3268;2934;3097
6196;9594506;4647;2064;3098
6197;9597604;6194;1549;3098
6198;9600702;9291;1033;3099
6199;9603801;4647;2066;3099
6200;9606900;6196;1550;3100
6201;9610000;4132;2325;3100
6202;9613100;7231;1329;3101
6203;9616201;4340;2215;3101
6204;9619302;3300;2914;3102
6205;9622404;3619;2658;3102
6206;9625506;12847;749;3103
6207;9628609;3531;2726;3103
6208;9631712;3201;3008;3104
6209;9634816;3424;2813;3104
6210;9637920;3335;2889;3105
6211;9641025;3312;2910;3105
6212;9644130;6208;1553;3106
6213;9647236;4659;2070;3106
6214;9650342;3585;2691;3107
6215;9653449;6214;1553;3107
6216;9656556;4659;2072;3108
6217;9659664;3346;2886;3108
6218;9662772;40417;239;3109
6219;9665881;6218;1554;3109
6220;9668990;3732;2590;3110
6221;9672100;6218;1555;3110
6222;9675210;9327;1037;3111
6223;9678321;4665;2074;3111
6224;9681432;3890;2488;3112
6225;9684544;4148;2334;3112
6226;9687656;4811;2013;3113
6227;9690769;4279;2264;3113
6228;9693882;3501;2768;3114
6229;9696996;3806;2547;3114
6230;9700110;4895;1981;3115
6231;9703225;3633;2670;3115
6232;9706340;3287;2952;3116
6233;9709456;3382;2870;3116
6234;9712572;5195;1869;3117
6235;9715689;4156;2337;3117
6236;9718806;6232;1559;3118
6237;9721924;4677;2078;3118
6238;9725042;9357;1039;3119
6239;9728161;6238;1559;3119
6240;9731280;4677;2080;3120
6241;9734400;6238;1560;3120
6242;9737520;9734399;1;3121
6243;9740641;6242;1560;3121
6244;9743762;3345;2912;3122
6245;9746884;6242;1561;3122
6246;9750006;9363;1041;3123
6247;9753129;4014;2429;3123
6248;9756252;3976;2453;3124
6249;9759376;3817;2556;3124
6250;9762500;5205;1875;3125
6251;9765625;3550;2750;3125
6252;9768750;4168;2343;3126
6253;9771876;3750;2605;3126
6254;9775002;6625;1475;3127
6255;9778129;6254;1563;3127
6256;9781256;4168;2346;3128
6257;9784384;3604;2714;3128
6258;9787512;7897;1239;3129
6259;9790641;3427;2856;3129
6260;9793770;3910;2504;3130
6261;9796900;4382;2235;3130
6262;9800030;4619;2121;3131
6263;9803161;6262;1565;3131
6264;9806292;3480;2817;3132
6265;9809424;3348;2929;3132
6266;9812556;7471;1313;3133
6267;9815689;3393;2892;3133
6268;9818822;4701;2088;3134
6269;9821956;6266;1567;3134
6270;9825090;3615;2717;3135
6271;9828225;4701;2090;3135
6272;9831360;6268;1568;3136
6273;9834496;3192;3080;3136
6274;9837632;9411;1045;3137
6275;9840769;6274;1568;3137
6276;9843906;3661;2688;3138
6277;9847044;6274;1569;3138
6278;9850182;134891;73;3139
6279;9853321;6278;1569;3139
6280;9856460;3768;2615;3140
6281;9859600;6278;1570;3140
6282;9862740;9417;1047;3141
6283;9865881;3490;2826;3141
6284;9869022;6280;1571;3142
6285;9872164;4713;2094;3142
6286;9875306;4041;2443;3143
6287;9878449;6286;1571;3143
6288;9881592;4713;2096;3144
6289;9884736;3592;2751;3144
6290;9887880;4403;2245;3145
6291;9891025;3774;2620;3145
6292;9894170;3406;2904;3146
6293;9897316;4070;2431;3146
6294;9900462;5245;1887;3147
6295;9903609;4719;2098;3147
6296;9906756;6292;1574;3148
6297;9909904;4196;2361;3148
6298;9913052;9447;1049;3149
6299;9916201;6298;1574;3149
6300;9919350;3935;2520;3150
6301;9922500;3290;3015;3150
6302;9925650;6439;1541;3151
6303;9928801;3425;2898;3151
6304;9931952;3360;2955;3152
6305;9935104;4531;2192;3152
6306;9938256;9453;1051;3153
6307;9941409;4204;2364;3153
6308;9944562;3743;2656;3154
6309;9947716;4731;2102;3154
6310;9950870;5255;1893;3155
6311;9954025;6310;1577;3155
6312;9957180;4731;2104;3156
6313;9960336;3786;2630;3156
6314;9963492;4417;2255;3157
6315;9966649;3444;2893;3157
6316;9969806;4737;2104;3158
6317;9972964;6314;1579;3158
6318;9976122;3321;3003;3159
6319;9979281;4737;2106;3159
6320;9982440;6316;1580;3160
6321;9985600;3240;3081;3160
6322;9988760;3393;2943;3161
6323;9991921;4360;2291;3161
6324;9995082;3720;2686;3162
6325;9998244;3379;2958;3162
6326;10001406;91727;109;3163
6327;10004569;6326;1581;3163
6328;10007732;3503;2856;3164
6329;10010896;6326;1582;3164
6330;10014060;9489;1055;3165
6331;10017225;3390;2954;3165
6332;10020390;6328;1583;3166
6333;10023556;4749;2110;3166
6334;10026722;9501;1055;3167
6335;10029889;6334;1583;3167
6336;10033056;4749;2112;3168
6337;10036224;6334;1584;3168
6338;10039392;10036223;1;3169
6339;10042561;6338;1584;3169
6340;10045730;3487;2880;3170
6341;10048900;6338;1585;3170
6342;10052070;9507;1057;3171
6343;10055241;4438;2265;3171
6344;10058412;3965;2536;3172
6345;10061584;3926;2562;3172
6346;10064756;3507;2869;3173
6347;10067929;4342;2318;3173
6348;10071102;3588;2806;3174
6349;10074276;3841;2622;3174
6350;10077450;4175;2413;3175
6351;10080625;3450;2921;3175
6352;10083800;4232;2382;3176
6353;10086976;3970;2540;3176
6354;10090152;5295;1905;3177
6355;10093329;3573;2824;3177
6356;10096506;3632;2779;3178
6357;10099684;4086;2471;3178
6358;10102862;3883;2601;3179
6359;10106041;3859;2618;3179
6360;10109220;3405;2968;3180
6361;10112400;3468;2915;3180
6362;10115580;34991;289;3181
6363;10118761;6362;1590;3181
6364;10121942;3922;2580;3182
6365;10125124;6362;1591;3182
6366;10128306;9543;1061;3183
6367;10131489;4773;2122;3183
6368;10134672;6364;1592;3184
6369;10137856;4244;2388;3184
6370;10141040;5305;1911;3185
6371;10144225;3640;2786;3185
6372;10147410;3582;2832;3186
6373;10150596;3510;2891;3186
6374;10153782;15935;637;3187
6375;10156969;6374;1593;3187
6376;10160156;4248;2391;3188
6377;10163344;6374;1594;3188
6378;10166532;9561;1063;3189
6379;10169721;4252;2391;3189
6380;10172910;3985;2552;3190
6381;10176100;4785;2126;3190
6382;10179290;9573;1063;3191
6383;10182481;6382;1595;3191
6384;10185672;3248;3135;3192
6385;10188864;6382;1596;3192
6386;10192056;98921;103;3193
6387;10195249;3534;2884;3193
6388;10198442;4791;2128;3194
6389;10201636;6386;1597;3194
6390;10204830;4635;2201;3195
6391;10208025;4791;2130;3195
6392;10211220;6388;1598;3196
6393;10214416;3337;3060;3196
6394;10217612;4899;2085;3197
6395;10220809;4324;2363;3197
6396;10224006;3666;2788;3198
6397;10227204;3614;2829;3198
6398;10230402;10511;973;3199
6399;10233601;3731;2742;3199
6400;10236800;3280;3120;3200
6401;10240000;3656;2800;3200
6402;10243200;5027;2037;3201
6403;10246401;3300;3104;3201
6404;10249602;6400;1601;3202
6405;10252804;4803;2134;3202
6406;10256006;9609;1067;3203
6407;10259209;6406;1601;3203
6408;10262412;4803;2136;3204
6409;10265616;6406;1602;3204
6410;10268820;16015;641;3205
6411;10272025;3846;2670;3205
6412;10275230;3738;2748;3206
6413;10278436;4487;2290;3206
6414;10281642;5345;1923;3207
6415;10284849;4809;2138;3207
6416;10288056;3664;2807;3208
6417;10291264;4276;2406;3208
6418;10294472;9627;1069;3209
6419;10297681;6418;1604;3209
6420;10300890;4010;2568;3210
6421;10304100;6418;1605;3210
6422;10307310;41717;247;3211
6423;10310521;3705;2782;3211
6424;10313732;3531;2920;3212
6425;10316944;3718;2774;3212
6426;10320156;3549;2907;3213
6427;10323369;3366;3066;3213
6428;10326582;6424;1607;3214
6429;10329796;4821;2142;3214
6430;10333010;4501;2295;3215
6431;10336225;6430;1607;3215
6432;10339440;4821;2144;3216
6433;10342656;3858;2680;3216
6434;10345872;16085;643;3217
6435;10349089;6434;1608;3217
6436;10352306;4827;2144;3218
6437;10355524;6434;1609;3218
6438;10358742;9651;1073;3219
6439;10361961;4827;2146;3219
6440;10365180;6436;1610;3220
6441;10368400;3335;3108;3220
6442;10371620;9663;1073;3221
6443;10374841;6442;1610;3221
6444;10378062;3580;2898;3222
6445;10381284;6442;1611;3222
6446;10384506;35431;293;3223
6447;10387729;3938;2637;3223
6448;10390952;3627;2864;3224
6449;10394176;3809;2728;3224
6450;10397400;4395;2365;3225
6451;10400625;3354;3100;3225
6452;10403850;6448;1613;3226
6453;10407076;4839;2150;3226
6454;10410302;4515;2305;3227
6455;10413529;6454;1613;3227
6456;10416756;4839;2152;3228
6457;10419984;3766;2766;3228
6458;10423212;22603;461;3229
6459;10426441;6458;1614;3229
6460;10429670;3876;2690;3230
6461;10432900;6458;1615;3230
6462;10436130;9687;1077;3231
6463;10439361;3590;2907;3231
6464;10442592;3434;3040;3232
6465;10445824;3636;2872;3232
6466;10449056;9699;1077;3233
6467;10452289;5353;1952;3233
6468;10455522;3333;3136;3234
6469;10458756;3498;2989;3234
6470;10461990;16165;647;3235
6471;10465225;3882;2695;3235
6472;10468460;4312;2427;3236
6473;10471696;4045;2588;3236
6474;10474932;5395;1941;3237
6475;10478169;4316;2427;3237
6476;10481406;6472;1619;3238
6477;10484644;4857;2158;3238
6478;10487882;3403;3081;3239
6479;10491121;6478;1619;3239
6480;10494360;4857;2160;3240
6481;10497600;3321;3160;3240
6482;10500840;18983;553;3241
6483;10504081;3704;2835;3241
6484;10507322;4863;2160;3242
6485;10510564;6482;1621;3242
6486;10513806;7567;1389;3243
6487;10517049;4863;2162;3243
6488;10520292;6484;1622;3244
6489;10523536;4324;2433;3244
6490;10526780;3795;2773;3245
6491;10530025;4055;2596;3245
6492;10533270;4328;2433;3246
6493;10536516;3894;2705;3246
6494;10539762;5015;2101;3247
6495;10543009;6494;1623;3247
6496;10546256;3787;2784;3248
6497;10549504;3451;3056;3248
6498;10552752;3629;2907;3249
6499;10556001;3306;3192;3249
6500;10559250;3500;3016;3250
6501;10562500;3610;2925;3250
6502;10565750;9753;1083;3251
6503;10569001;6502;1625;3251
6504;10572252;3523;3000;3252
6505;10575504;6502;1626;3252
6506;10578756;10575503;1;3253
6507;10582009;6506;1626;3253
6508;10585262;4881;2168;3254
6509;10588516;6506;1627;3254
6510;10591770;9759;1085;3255
6511;10595025;4881;2170;3255
6512;10598280;6508;1628;3256
6513;10601536;3410;3108;3256
6514;10604792;9771;1085;3257
6515;10608049;6514;1628;3257
6516;10611306;3663;2896;3258
6517;10614564;6514;1629;3258
6518;10617822;10614563;1;3259
6519;10621081;6518;1629;3259
6520;10624340;3620;2934;3260
6521;10627600;6518;1630;3260
6522;10630860;9777;1087;3261
6523;10634121;4348;2445;3261
6524;10637382;4564;2330;3262
6525;10640644;4893;2174;3262
6526;10643906;9789;1087;3263
6527;10647169;3514;3029;3263
6528;10650432;3728;2856;3264
6529;10653696;3536;3012;3264
6530;10656960;8489;1255;3265
6531;10660225;3918;2720;3265
6532;10663490;3408;3128;3266
6533;10666756;6530;1633;3266
6534;10670022;5445;1959;3267
6535;10673289;3834;2783;3267
6536;10676556;3496;3053;3268
6537;10679824;3762;2838;3268
6538;10683092;4203;2541;3269
6539;10686361;5719;1868;3269
6540;10689630;4085;2616;3270
6541;10692900;3815;2802;3270
6542;10696170;22897;467;3271
6543;10699441;6542;1635;3271
6544;10702712;4090;2616;3272
6545;10705984;6542;1636;3272
6546;10709256;9813;1091;3273
6547;10712529;4364;2454;3273
6548;10715802;6544;1637;3274
6549;10719076;4911;2182;3274
6550;10722350;5455;1965;3275
6551;10725625;6550;1637;3275
6552;10728900;4911;2184;3276
6553;10732176;3406;3150;3276
6554;10735452;3799;2825;3277
6555;10738729;3393;3164;3277
6556;10742006;3432;3129;3278
6557;10745284;4321;2486;3278
6558;10748562;9831;1093;3279
6559;10751841;4917;2186;3279
6560;10755120;3608;2980;3280
6561;10758400;4372;2460;3280
6562;10761680;9843;1093;3281
6563;10764961;3485;3088;3281
6564;10768242;3936;2735;3282
6565;10771524;6562;1641;3282
6566;10774806;7973;1351;3283
6567;10778089;3829;2814;3283
6568;10781372;4376;2463;3284
6569;10784656;5747;1876;3284
6570;10787940;3577;3015;3285
6571;10791225;4105;2628;3285
6572;10794510;6568;1643;3286
6573;10797796;3869;2790;3286
6574;10801082;4161;2595;3287
6575;10804369;5363;2014;3287
6576;10807656;4247;2544;3288
6577;10810944;4152;2603;3288
6578;10814232;3979;2717;3289
6579;10817521;3432;3151;3289
6580;10820810;3760;2877;3290
6581;10824100;3542;3055;3290
6582;10827390;9867;1097;3291
6583;10830681;4935;2194;3291
6584;10833972;4115;2632;3292
6585;10837264;4388;2469;3292
6586;10840556;9879;1097;3293
6587;10843849;6586;1646;3293
6588;10847142;4392;2469;3294
6589;10850436;4514;2403;3294
6590;10853730;16465;659;3295
6591;10857025;3954;2745;3295
6592;10860320;3708;2928;3296
6593;10863616;4120;2636;3296
6594;10866912;4613;2355;3297
6595;10870209;3768;2884;3297
6596;10873506;3502;3104;3298
6597;10876804;4074;2669;3298
6598;10880102;9897;1099;3299
6599;10883401;6598;1649;3299
6600;10886700;3400;3201;3300
6601;10890000;6598;1650;3300
6602;10893300;10889999;1;3301
6603;10896601;6602;1650;3301
6604;10899902;3432;3175;3302
6605;10903204;6602;1651;3302
6606;10906506;9903;1101;3303
6607;10909809;4771;2286;3303
6608;10913112;3556;3068;3304
6609;10916416;3717;2936;3304
6610;10919720;5505;1983;3305
6611;10923025;4130;2644;3305
6612;10926330;3363;3248;3306
6613;10929636;3966;2755;3306
6614;10932942;16535;661;3307
6615;10936249;6614;1653;3307
6616;10939556;4408;2481;3308
6617;10942864;6614;1654;3308
6618;10946172;9921;1103;3309
6619;10949481;4412;2481;3309
6620;10952790;4135;2648;3310
6621;10956100;4965;2206;3310
6622;10959410;7721;1419;3311
6623;10962721;3641;3010;3311
6624;10966032;3680;2979;3312
6625;10969344;3542;3096;3312
6626;10972656;23191;473;3313
6627;10975969;6626;1656;3313
6628;10979282;4971;2208;3314
6629;10982596;6626;1657;3314
6630;10985910;9939;1105;3315
6631;10989225;4971;2210;3315
6632;10992540;6628;1658;3316
6633;10995856;4145;2652;3316
6634;10999172;4173;2635;3317
6635;11002489;6634;1658;3317
6636;11005806;4424;2487;3318
6637;11009124;4494;2449;3318
6638;11012442;102889;107;3319
6639;11015761;6638;1659;3319
6640;11019080;3486;3160;3320
6641;11022400;6638;1660;3320
6642;11025720;9957;1107;3321
6643;11029041;3403;3240;3321
6644;11032362;3652;3020;3322
6645;11035684;4059;2718;3322
6646;11039006;9969;1107;3323
6647;11042329;6646;1661;3323
6648;11045652;3624;3047;3324
6649;11048976;6646;1662;3324
6650;11052300;16615;665;3325
6651;11055625;3878;2850;3325
6652;11058950;4989;2216;3326
6653;11062276;6650;1663;3326
6654;11065602;5545;1995;3327
6655;11068929;4989;2218;3327
6656;11072256;6652;1664;3328
6657;11075584;4436;2496;3328
6658;11078912;9987;1109;3329
6659;11082241;6658;1664;3329
6660;11085570;3552;3120;3330
6661;11088900;6658;1665;3330
6662;11092230;11088899;1;3331
6663;11095561;6662;1665;3331
6664;11098892;3528;3145;3332
6665;11102224;6662;1666;3332
6666;11105556;9993;1111;3333
6667;11108889;3434;3234;3333
6668;11112222;6664;1667;3334
6669;11115556;5001;2222;3334
6670;11118890;3795;2929;3335
6671;11122225;6670;1667;3335
6672;11125560;5001;2224;3336
6673;11128896;3480;3197;3336
6674;11132232;5405;2059;3337
6675;11135569;6533;1704;3337
6676;11138906;5007;2224;3338
6677;11142244;6674;1669;3338
6678;11145582;3763;2961;3339
6679;11148921;5007;2226;3339
6680;11152260;6676;1670;3340
6681;11155600;3507;3180;3340
6682;11158940;4823;2313;3341
6683;11162281;4342;2570;3341
6684;11165622;4008;2785;3342
6685;11168964;6682;1671;3342
6686;11172306;43459;257;3343
6687;11175649;6686;1671;3343
6688;11178992;4456;2508;3344
6689;11182336;6686;1672;3344
6690;11185680;10029;1115;3345
6691;11189025;3568;3135;3345
6692;11192370;3824;2926;3346
6693;11195716;3585;3122;3346
6694;11199062;10041;1115;3347
6695;11202409;6694;1673;3347
6696;11205756;3906;2868;3348
6697;11209104;6694;1674;3348
6698;11212452;56899;197;3349
6699;11215801;3546;3162;3349
6700;11219150;3618;3100;3350
6701;11222500;4925;2278;3350
6702;11225850;10047;1117;3351
6703;11229201;5025;2234;3351
6704;11232552;4190;2680;3352
6705;11235904;4468;2514;3352
6706;11239256;7819;1437;3353
6707;11242609;3832;2933;3353
6708;11245962;4472;2514;3354
6709;11249316;3913;2874;3354
6710;11252670;4697;2395;3355
6711;11256025;3965;2838;3355
6712;11259380;4472;2517;3356
6713;11262736;4195;2684;3356
6714;11266092;4103;2745;3357
6715;11269449;4476;2517;3357
6716;11272806;6712;1679;3358
6717;11276164;5037;2238;3358
6718;11279522;10077;1119;3359
6719;11282881;6718;1679;3359
6720;11286240;3504;3220;3360
6721;11289600;6718;1680;3360
6722;11292960;11289599;1;3361
6723;11296321;6722;1680;3361
6724;11299682;3444;3280;3362
6725;11303044;6722;1681;3362
6726;11306406;10083;1121;3363
6727;11309769;4674;2419;3363
6728;11313132;4756;2378;3364
6729;11316496;3422;3306;3364
6730;11319860;5605;2019;3365
6731;11323225;4205;2692;3365
6732;11326590;3828;2958;3366
6733;11329956;4038;2805;3366
6734;11333322;4711;2405;3367
6735;11336689;3663;3094;3367
6736;11340056;3789;2992;3368
6737;11343424;3848;2947;3368
6738;11346792;7861;1443;3369
6739;11350161;4492;2526;3369
6740;11353530;4210;2696;3370
6741;11356900;5055;2246;3370
6742;11360270;10113;1123;3371
6743;11363641;6742;1685;3371
6744;11367012;4044;2810;3372
6745;11370384;6742;1686;3372
6746;11373756;11370383;1;3373
6747;11377129;6746;1686;3373
6748;11380502;3934;2892;3374
6749;11383876;6746;1687;3374
6750;11387250;10119;1125;3375
6751;11390625;3615;3150;3375
6752;11394000;3856;2954;3376
6753;11397376;3600;3165;3376
6754;11400752;4125;2763;3377
6755;11404129;4642;2456;3377
6756;11407506;4504;2532;3378
6757;11410884;6193;1842;3378
6758;11414262;9517;1199;3379
6759;11417641;6758;1689;3379
6760;11421020;4056;2815;3380
6761;11424400;4030;2834;3380
6762;11427780;4557;2507;3381
6763;11431161;3549;3220;3381
6764;11434542;3560;3211;3382
6765;11437924;3738;3059;3382
6766;11441306;4179;2737;3383
6767;11444689;3781;3026;3383
6768;11448072;3572;3204;3384
6769;11451456;3582;3196;3384
6770;11454840;11509;995;3385
6771;11458225;4062;2820;3385
6772;11461610;5079;2256;3386
6773;11464996;6770;1693;3386
6774;11468382;5645;2031;3387
6775;11471769;5079;2258;3387
6776;11475156;6772;1694;3388
6777;11478544;4516;2541;3388
6778;11481932;10167;1129;3389
6779;11485321;6778;1694;3389
6780;11488710;3630;3164;3390
6781;11492100;6778;1695;3390
6782;11495490;11492099;1;3391
6783;11498881;6782;1695;3391
6784;11502272;3616;3180;3392
6785;11505664;6782;1696;3392
6786;11509056;10173;1131;3393
6787;11512449;3744;3074;3393
6788;11515842;6784;1697;3394
6789;11519236;5091;2262;3394
6790;11522630;3783;3045;3395
6791;11526025;6790;1697;3395
6792;11529420;5091;2264;3396
6793;11532816;3962;2910;3396
6794;11536212;4171;2765;3397
6795;11539609;6794;1698;3397
6796;11543006;5097;2264;3398
6797;11546404;6794;1699;3398
6798;11549802;4429;2607;3399
6799;11553201;5097;2266;3399
6800;11556600;6796;1700;3400
6801;11560000;3502;3300;3400
6802;11563400;5871;1969;3401
6803;11566801;3580;3230;3401
6804;11570202;3570;3240;3402
6805;11573604;3591;3222;3402
6806;11577006;7339;1577;3403
6807;11580409;3486;3321;3403
6808;11583812;3726;3108;3404
6809;11587216;3772;3071;3404
6810;11590620;9307;1245;3405
6811;11594025;4255;2724;3405
6812;11597430;3848;3013;3406
6813;11600836;3930;2951;3406
6814;11604242;10221;1135;3407
6815;11607649;6814;1703;3407
6816;11611056;3692;3144;3408
6817;11614464;6814;1704;3408
6818;11617872;23849;487;3409
6819;11621281;3896;2982;3409
6820;11624690;3720;3124;3410
6821;11628100;4774;2435;3410
6822;11631510;4383;2653;3411
6823;11634921;3790;3069;3411
6824;11638332;4265;2728;3412
6825;11641744;4548;2559;3412
6826;11645156;10239;1137;3413
6827;11648569;6826;1706;3413
6828;11651982;4552;2559;3414
6829;11655396;6826;1707;3414
6830;11658810;17065;683;3415
6831;11662225;4098;2845;3415
6832;11665640;3983;2928;3416
6833;11669056;4270;2732;3416
6834;11672472;5695;2049;3417
6835;11675889;3752;3111;3417
6836;11679306;6832;1709;3418
6837;11682724;5127;2278;3418
6838;11686142;4471;2613;3419
6839;11689561;6838;1709;3419
6840;11692980;5127;2280;3420
6841;11696400;3705;3156;3420
6842;11699820;4043;2893;3421
6843;11703241;3732;3135;3421
6844;11706662;3480;3363;3422
6845;11710084;6842;1711;3422
6846;11713506;5379;2177;3423
6847;11716929;4727;2478;3423
6848;11720352;3776;3103;3424
6849;11723776;3912;2996;3424
6850;11727200;4075;2877;3425
6851;11730625;4280;2740;3425
6852;11734050;4568;2568;3426
6853;11737476;4110;2855;3426
6854;11740902;3725;3151;3427
6855;11744329;6854;1713;3427
6856;11747756;4568;2571;3428
6857;11751184;6854;1714;3428
6858;11754612;4023;2921;3429
6859;11758041;4572;2571;3429
6860;11761470;4285;2744;3430
6861;11764900;3810;3087;3430
6862;11768330;5969;1971;3431
6863;11771761;3577;3290;3431
6864;11775192;3640;3234;3432
6865;11778624;3666;3212;3432
6866;11782056;161351;73;3433
6867;11785489;6866;1716;3433
6868;11788922;3536;3333;3434
6869;11792356;6866;1717;3434
6870;11795790;10299;1145;3435
6871;11799225;3893;3030;3435
6872;11802660;6868;1718;3436
6873;11806096;4295;2748;3436
6874;11809532;4809;2455;3437
6875;11812969;6013;1964;3437
6876;11816406;4584;2577;3438
6877;11819844;4011;2946;3438
6878;11823282;9329;1267;3439
6879;11826721;3629;3258;3439
6880;11830160;3820;3096;3440
6881;11833600;3620;3268;3440
6882;11837040;5611;2109;3441
6883;11840481;3720;3182;3441
6884;11843922;6880;1721;3442
6885;11847364;5163;2294;3442
6886;11850806;9703;1221;3443
6887;11854249;6886;1721;3443
6888;11857692;5163;2296;3444
6889;11861136;3756;3157;3444
6890;11864580;4069;2915;3445
6891;11868025;3710;3198;3445
6892;11871470;5169;2296;3446
6893;11874916;6890;1723;3446
6894;11878362;4979;2385;3447
6895;11881809;5169;2298;3447
6896;11885256;6892;1724;3448
6897;11888704;3879;3064;3448
6898;11892152;10347;1149;3449
6899;11895601;6898;1724;3449
6900;11899050;4310;2760;3450
6901;11902500;6898;1725;3450
6902;11905950;24143;493;3451
6903;11909401;3570;3335;3451
6904;11912852;4315;2760;3452
6905;11916304;6041;1972;3452
6906;11919756;8057;1479;3453
6907;11923209;4604;2589;3453
6908;11926662;6904;1727;3454
6909;11930116;5181;2302;3454
6910;11933570;5755;2073;3455
6911;11937025;6910;1727;3455
6912;11940480;3768;3168;3456
6913;11943936;4146;2880;3456
6914;11947392;17285;691;3457
6915;11950849;6914;1728;3457
6916;11954306;3591;3328;3458
6917;11957764;6914;1729;3458
6918;11961222;10371;1153;3459
6919;11964681;5187;2306;3459
6920;11968140;3640;3287;3460
6921;11971600;4612;2595;3460
6922;11975060;10383;1153;3461
6923;11978521;6922;1730;3461
6924;11981982;4152;2885;3462
6925;11985444;6922;1731;3462
6926;11988906;11985443;1;3463
6927;11992369;6926;1731;3463
6928;11995832;4616;2598;3464
6929;11999296;6926;1732;3464
6930;12002760;10389;1155;3465
6931;12006225;3897;3080;3465
6932;12009690;6928;1733;3466
6933;12013156;5199;2310;3466
6934;12016622;10401;1155;3467
6935;12020089;6934;1733;3467
6936;12023556;5199;2312;3468
6937;12027024;6934;1734;3468
6938;12030492;12027023;1;3469
6939;12033961;6938;1734;3469
6940;12037430;4164;2890;3470
6941;12040900;6938;1735;3470
6942;12044370;10407;1157;3471
6943;12047841;4511;2670;3471
6944;12051312;4340;2776;3472
6945;12054784;3738;3224;3472
6946;12058256;5889;2047;3473
6947;12061729;4228;2852;3473
6948;12065202;3906;3088;3474
6949;12068676;4439;2718;3474
6950;12072150;3775;3197;3475
6951;12075625;4170;2895;3475
6952;12079100;4246;2844;3476
6953;12082576;3950;3058;3476
6954;12086052;4575;2641;3477
6955;12089529;4026;3002;3477
6956;12093006;3713;3256;3478
6957;12096484;4218;2867;3478
6958;12099962;4047;2989;3479
6959;12103441;3626;3337;3479
6960;12106920;3760;3219;3480
6961;12110400;3976;3045;3480
6962;12113880;4189;2891;3481
6963;12117361;3540;3422;3481
6964;12120842;5223;2320;3482
6965;12124324;6962;1741;3482
6966;12127806;4779;2537;3483
6967;12131289;5223;2322;3483
6968;12134772;6964;1742;3484
6969;12138256;3618;3354;3484
6970;12141740;3655;3321;3485
6971;12145225;4355;2788;3485
6972;12148710;3752;3237;3486
6973;12152196;3570;3403;3486
6974;12155682;5389;2255;3487
6975;12159169;4438;2739;3487
6976;12162656;3984;3052;3488
6977;12166144;4796;2536;3488
6978;12169632;10461;1163;3489
6979;12173121;4652;2616;3489
6980;12176610;4360;2792;3490
6981;12180100;5235;2326;3490
6982;12183590;10473;1163;3491
6983;12187081;6982;1745;3491
6984;12190572;3880;3141;3492
6985;12194064;6982;1746;3492
6986;12197556;24437;499;3493
6987;12201049;4074;2994;3493
6988;12204542;5241;2328;3494
6989;12208036;6986;1747;3494
6990;12211530;4893;2495;3495
6991;12215025;5241;2330;3495
6992;12218520;6988;1748;3496
6993;12222016;4370;2796;3496
6994;12225512;4035;3029;3497
6995;12229009;5111;2392;3497
6996;12232506;3657;3344;3498
6997;12236004;4134;2959;3498
6998;12239502;45487;269;3499
6999;12243001;6998;1749;3499
7000;12246500;3710;3300;3500
7001;12250000;6998;1750;3500
7002;12253500;10497;1167;3501
7003;12257001;3890;3150;3501
7004;12260502;3605;3400;3502
7005;12264004;5253;2334;3502
7006;12267506;10509;1167;3503
7007;12271009;3842;3193;3503
7008;12274512;3723;3296;3504
7009;12278016;4526;2712;3504
7010;12281520;17515;701;3505
7011;12285025;4206;2920;3505
7012;12288530;5259;2336;3506
7013;12292036;7010;1753;3506
7014;12295542;4907;2505;3507
7015;12299049;5259;2338;3507
7016;12302556;7012;1754;3508
7017;12306064;4676;2631;3508
7018;12309572;4843;2541;3509
7019;12313081;7018;1754;3509
7020;12316590;4385;2808;3510
7021;12320100;3630;3393;3510
7022;12323610;38621;319;3511
7023;12327121;7022;1755;3511
7024;12330632;3951;3120;3512
7025;12334144;7022;1756;3512
7026;12337656;10533;1171;3513
7027;12341169;4684;2634;3513
7028;12344682;4016;3073;3514
7029;12348196;5271;2342;3514
7030;12351710;5855;2109;3515
7031;12355225;4769;2590;3515
7032;12358740;4102;3012;3516
7033;12362256;4218;2930;3516
7034;12365772;17585;703;3517
7035;12369289;7034;1758;3517
7036;12372806;5277;2344;3518
7037;12376324;7034;1759;3518
7038;12379842;10551;1173;3519
7039;12383361;5277;2346;3519
7040;12386880;7036;1760;3520
7041;12390400;3680;3366;3520
7042;12393920;4527;2737;3521
7043;12397441;4024;3080;3521
7044;12400962;4224;2935;3522
7045;12404484;4109;3018;3522
7046;12408006;6539;1897;3523
7047;12411529;7046;1761;3523
7048;12415052;4696;2643;3524
7049;12418576;7046;1762;3524
7050;12422100;4065;3055;3525
7051;12425625;4405;2820;3525
7052;12429150;7048;1763;3526
7053;12432676;3854;3225;3526
7054;12436202;10581;1175;3527
7055;12439729;7054;1763;3527
7056;12443256;3612;3444;3528
7057;12446784;7054;1764;3528
7058;12450312;12446783;1;3529
7059;12453841;7058;1764;3529
7060;12457370;3920;3177;3530
7061;12460900;7058;1765;3530
7062;12464430;10587;1177;3531
7063;12467961;3883;3210;3531
7064;12471492;4415;2824;3532
7065;12475024;4708;2649;3532
7066;12478556;10599;1177;3533
7067;12482089;7066;1766;3533
7068;12485622;4712;2649;3534
7069;12489156;7066;1767;3534
7070;12492690;17665;707;3535
7071;12496225;3838;3255;3535
7072;12499760;3876;3224;3536
7073;12503296;3640;3434;3536
7074;12506832;4545;2751;3537
7075;12510369;3672;3406;3537
7076;12513906;3944;3172;3538
7077;12517444;3799;3294;3538
7078;12520982;10617;1179;3539
7079;12524521;7078;1769;3539
7080;12528060;3599;3480;3540
7081;12531600;7078;1770;3540
7082;12535140;12531599;1;3541
7083;12538681;7082;1770;3541
7084;12542222;3795;3304;3542
7085;12545764;7082;1771;3542
7086;12549306;10623;1181;3543
7087;12552849;5313;2362;3543
7088;12556392;4048;3101;3544
7089;12559936;4724;2658;3544
7090;12563480;5905;2127;3545
7091;12567025;4430;2836;3545
7092;12570570;3987;3152;3546
7093;12574116;4254;2955;3546
7094;12577662;17735;709;3547
7095;12581209;7094;1773;3547
7096;12584756;4728;2661;3548
7097;12588304;7094;1774;3548
7098;12591852;10641;1183;3549
7099;12595401;4732;2661;3549
7100;12598950;4435;2840;3550
7101;12602500;4225;2982;3550
7102;12606050;4823;2613;3551
7103;12609601;3763;3350;3551
7104;12613152;3700;3408;3552
7105;12616704;3922;3216;3552
7106;12620256;9911;1273;3553
7107;12623809;3774;3344;3553
7108;12627362;5331;2368;3554
7109;12630916;7106;1777;3554
7110;12634470;4029;3135;3555
7111;12638025;5331;2370;3555
7112;12641580;7108;1778;3556
7113;12645136;3810;3318;3556
7114;12648692;10671;1185;3557
7115;12652249;7114;1778;3557
7116;12655806;4151;3048;3558
7117;12659364;7114;1779;3558
7118;12662922;12659363;1;3559
7119;12666481;7118;1779;3559
7120;12670040;4272;2965;3560
7121;12673600;7118;1780;3560
7122;12677160;10677;1187;3561
7123;12680721;4748;2670;3561
7124;12684282;4628;2740;3562
7125;12687844;5343;2374;3562
7126;12691406;8309;1527;3563
7127;12694969;6617;1918;3563
7128;12698532;3699;3432;3564
7129;12702096;4158;3054;3564
7130;12705660;4991;2545;3565
7131;12709225;3726;3410;3565
7132;12712790;5349;2376;3566
7133;12716356;7130;1783;3566
7134;12719922;3813;3335;3567
7135;12723489;5349;2378;3567
7136;12727056;7132;1784;3568
7137;12730624;4756;2676;3568
7138;12734192;3741;3403;3569
7139;12737761;7138;1784;3569
7140;12741330;3791;3360;3570
7141;12744900;3655;3486;3570
7142;12748470;153553;83;3571
7143;12752041;7142;1785;3571
7144;12755612;3876;3290;3572
7145;12759184;7142;1786;3572
7146;12762756;10713;1191;3573
7147;12766329;4764;2679;3573
7148;12769902;7144;1787;3574
7149;12773476;5361;2382;3574
7150;12777050;4367;2925;3575
7151;12780625;7150;1787;3575
7152;12784200;5361;2384;3576
7153;12787776;3725;3432;3576
7154;12791352;4015;3185;3577
7155;12794929;4088;3129;3577
7156;12798506;5367;2384;3578
7157;12802084;7154;1789;3578
7158;12805662;8351;1533;3579
7159;12809241;5367;2386;3579
7160;12812820;7156;1790;3580
7161;12816400;4772;2685;3580
7162;12819980;10743;1193;3581
7163;12823561;7162;1790;3581
7164;12827142;3980;3222;3582
7165;12830724;7162;1791;3582
7166;12834306;12830723;1;3583
7167;12837889;7166;1791;3583
7168;12841472;4032;3184;3584
7169;12845056;7166;1792;3584
7170;12848640;10749;1195;3585
7171;12852225;3824;3360;3585
7172;12855810;4564;2816;3586
7173;12859396;4890;2629;3586
7174;12862982;4063;3165;3587
7175;12866569;4642;2771;3587
7176;12870156;3749;3432;3588
7177;12873744;4692;2743;3588
7178;12877332;7807;1649;3589
7179;12880921;3783;3404;3589
7180;12884510;4308;2990;3590
7181;12888100;7178;1795;3590
7182;12891690;4921;2619;3591
7183;12895281;3990;3231;3591
7184;12898872;4490;2872;3592
7185;12902464;4041;3192;3592
7186;12906056;10779;1197;3593
7187;12909649;7186;1796;3593
7188;12913242;4792;2694;3594
7189;12916836;7186;1797;3594
7190;12920430;17965;719;3595
7191;12924025;4314;2995;3595
7192;12927620;4792;2697;3596
7193;12931216;4495;2876;3596
7194;12934812;5995;2157;3597
7195;12938409;3828;3379;3597
7196;12942006;6293;2056;3598
7197;12945604;4578;2827;3598
7198;12949202;6431;2013;3599
7199;12952801;7198;1799;3599
7200;12956400;3855;3360;3600
7201;12960000;3660;3540;3600
7202;12963600;16343;793;3601
7203;12967201;3900;3324;3601
7204;12970802;5403;2400;3602
7205;12974404;7202;1801;3602
7206;12978006;10803;1201;3603
7207;12981609;5403;2402;3603
7208;12985212;7204;1802;3604
7209;12988816;4804;2703;3604
7210;12992420;6005;2163;3605
7211;12996025;3710;3502;3605
7212;12999630;4808;2703;3606
7213;13003236;4207;3090;3606
7214;13006842;18035;721;3607
7215;13010449;7214;1803;3607
7216;13014056;4808;2706;3608
7217;13017664;7214;1804;3608
7218;13021272;10821;1203;3609
7219;13024881;4059;3208;3609
7220;13028490;3895;3344;3610
7221;13032100;4010;3249;3610
7222;13035710;9223;1413;3611
7223;13039321;4370;2983;3611
7224;13042932;3990;3268;3612
7225;13046544;3956;3297;3612
7226;13050156;83099;157;3613
7227;13053769;7226;1806;3613
7228;13057382;3892;3354;3614
7229;13060996;7226;1807;3614
7230;13064610;10839;1205;3615
7231;13068225;4170;3133;3615
7232;13071840;4448;2938;3616
7233;13075456;3856;3390;3616
7234;13079072;10851;1205;3617
7235;13082689;7234;1808;3617
7236;13086306;4068;3216;3618
7237;13089924;7234;1809;3618
7238;13093542;25319;517;3619
7239;13097161;4158;3149;3619
7240;13100780;4020;3258;3620
7241;13104400;3982;3290;3620
7242;13108020;3927;3337;3621
7243;13111641;4260;3077;3621
7244;13115262;7240;1811;3622
7245;13118884;5433;2414;3622
7246;13122506;10869;1207;3623
7247;13126129;7246;1811;3623
7248;13129752;5433;2416;3624
7249;13133376;7246;1812;3624
7250;13137000;18115;725;3625
7251;13140625;3775;3480;3625
7252;13144250;4144;3171;3626
7253;13147876;4625;2842;3626
7254;13151502;3875;3393;3627
7255;13155129;3822;3441;3627
7256;13158756;6349;2072;3628
7257;13162384;4836;2721;3628
7258;13166012;5301;2483;3629
7259;13169641;7258;1814;3629
7260;13173270;4535;2904;3630
7261;13176900;4202;3135;3630
7262;13180530;68989;191;3631
7263;13184161;7262;1815;3631
7264;13187792;3872;3405;3632
7265;13191424;7262;1816;3632
7266;13195056;10893;1211;3633
7267;13198689;4152;3178;3633
7268;13202322;5221;2528;3634
7269;13205956;3979;3318;3634
7270;13209590;5089;2595;3635
7271;13213225;7270;1817;3635
7272;13216860;4646;2844;3636
7273;13220496;4362;3030;3636
7274;13224132;18185;727;3637
7275;13227769;7274;1818;3637
7276;13231406;3852;3434;3638
7277;13235044;7274;1819;3638
7278;13238682;10911;1213;3639
7279;13242321;5457;2426;3639
7280;13245960;3745;3536;3640
7281;13249600;4852;2730;3640
7282;13253240;10923;1213;3641
7283;13256881;4004;3310;3641
7284;13260522;4249;3120;3642
7285;13264164;6677;1986;3642
7286;13267806;40073;331;3643
7287;13271449;7286;1821;3643
7288;13275092;4856;2733;3644
7289;13278736;7286;1822;3644
7290;13282380;10929;1215;3645
7291;13286025;4555;2916;3645
7292;13289670;7288;1823;3646
7293;13293316;5469;2430;3646
7294;13296962;4689;2835;3647
7295;13300609;7294;1823;3647
7296;13304256;5469;2432;3648
7297;13307904;4168;3192;3648
7298;13311552;21361;623;3649
7299;13315201;3936;3382;3649
7300;13318850;3800;3504;3650
7301;13322500;4450;2993;3650
7302;13326150;10947;1217;3651
7303;13329801;5475;2434;3651
7304;13333452;4015;3320;3652
7305;13337104;4868;2739;3652
7306;13340756;10959;1217;3653
7307;13344409;4316;3091;3653
7308;13348062;3828;3486;3654
7309;13351716;3934;3393;3654
7310;13355370;4777;2795;3655
7311;13359025;3741;3570;3655
7312;13362680;4113;3248;3656
7313;13366336;4570;2924;3656
7314;13369992;4505;2967;3657
7315;13373649;4876;2742;3657
7316;13377306;7312;1829;3658
7317;13380964;4071;3286;3658
7318;13384622;10977;1219;3659
7319;13388281;7318;1829;3659
7320;13391940;3720;3599;3660
7321;13395600;7318;1830;3660
7322;13399260;25613;523;3661
7323;13402921;4270;3138;3661
7324;13406582;5493;2440;3662
7325;13410244;7322;1831;3662
7326;13413906;4707;2849;3663
7327;13417569;5493;2442;3663
7328;13421232;7324;1832;3664
7329;13424896;4122;3256;3664
7330;13428560;6105;2199;3665
7331;13432225;4580;2932;3665
7332;13435890;4512;2977;3666
7333;13439556;4398;3055;3666
7334;13443222;13927;965;3667
7335;13446889;5018;2679;3667
7336;13450556;3948;3406;3668
7337;13454224;4978;2702;3668
7338;13457892;11001;1223;3669
7339;13461561;4892;2751;3669
7340;13465230;4585;2936;3670
7341;13468900;5505;2446;3670
7342;13472570;11013;1223;3671
7343;13476241;7342;1835;3671
7344;13479912;4080;3303;3672
7345;13483584;7342;1836;3672
7346;13487256;13483583;1;3673
7347;13490929;7346;1836;3673
7348;13494602;4008;3366;3674
7349;13498276;7346;1837;3674
7350;13501950;11019;1225;3675
7351;13505625;3850;3507;3675
7352;13509300;7348;1838;3676
7353;13512976;4595;2940;3676
7354;13516652;11031;1225;3677
7355;13520329;7354;1838;3677
7356;13524006;4904;2757;3678
7357;13527684;7354;1839;3678
7358;13531362;47801;283;3679
7359;13535041;7358;1839;3679
7360;13538720;4416;3065;3680
7361;13542400;4528;2990;3680
7362;13546080;5317;2547;3681
7363;13549761;4090;3312;3681
7364;13553442;4208;3220;3682
7365;13557124;4734;2863;3682
7366;13560806;11049;1227;3683
7367;13564489;7366;1841;3683
7368;13568172;4298;3156;3684
7369;13571856;7366;1842;3684
7370;13575540;6985;1943;3685
7371;13579225;4020;3377;3685
7372;13582910;5529;2456;3686
7373;13586596;5335;2546;3686
7374;13590282;6145;2211;3687
7375;13593969;5529;2458;3687
7376;13597656;7372;1844;3688
7377;13601344;4916;2766;3688
7378;13605032;8603;1581;3689
7379;13608721;4216;3227;3689
7380;13612410;4149;3280;3690
7381;13616100;3813;3570;3690
7382;13619790;25837;527;3691
7383;13623481;7382;1845;3691
7384;13627172;4260;3198;3692
7385;13630864;7382;1846;3692
7386;13634556;11073;1231;3693
7387;13638249;4924;2769;3693
7388;13641942;7384;1847;3694
7389;13645636;5541;2462;3694
7390;13649330;6155;2217;3695
7391;13653025;7390;1847;3695
7392;13656720;5541;2464;3696
7393;13660416;4434;3080;3696
7394;13664112;18485;739;3697
7395;13667809;7394;1848;3697
7396;13671506;3784;3612;3698
7397;13675204;7394;1849;3698
7398;13678902;11091;1233;3699
7399;13682601;5547;2466;3699
7400;13686300;4300;3182;3700
7401;13690000;3996;3425;3700
7402;13693700;11103;1233;3701
7403;13697401;7402;1850;3701
7404;13701102;4440;3085;3702
7405;13704804;7402;1851;3702
7406;13708506;25907;529;3703
7407;13712209;4319;3174;3703
7408;13715912;4936;2778;3704
7409;13719616;4232;3241;3704
7410;13723320;4485;3059;3705
7411;13727025;4630;2964;3705
7412;13730730;7408;1853;3706
7413;13734436;4142;3315;3706
7414;13738142;4381;3135;3707
7415;13741849;5729;2398;3707
7416;13745556;3924;3502;3708
7417;13749264;4044;3399;3708
7418;13752972;40799;337;3709
7419;13756681;7418;1854;3709
7420;13760390;3816;3605;3710
7421;13764100;7418;1855;3710
7422;13767810;11127;1237;3711
7423;13771521;5565;2474;3711
7424;13775232;4060;3392;3712
7425;13778944;4948;2784;3712
7426;13782656;11139;1237;3713
7427;13786369;4582;3008;3713
7428;13790082;4952;2784;3714
7429;13793796;7426;1857;3714
7430;13797510;18565;743;3715
7431;13801225;4458;3095;3715
7432;13804940;4952;2787;3716
7433;13808656;4645;2972;3716
7434;13812372;5201;2655;3717
7435;13816089;4956;2787;3717
7436;13819806;7432;1859;3718
7437;13823524;3894;3549;3718
7438;13827242;11157;1239;3719
7439;13830961;7438;1859;3719
7440;13834680;4030;3432;3720
7441;13838400;7438;1860;3720
7442;13842120;226859;61;3721
7443;13845841;3782;3660;3721
7444;13849562;5583;2480;3722
7445;13853284;7442;1861;3722
7446;13857006;4453;3111;3723
7447;13860729;5583;2482;3723
7448;13864452;7444;1862;3724
7449;13868176;3876;3577;3724
7450;13871900;5475;2533;3725
7451;13875625;4172;3325;3725
7452;13879350;3864;3591;3726
7453;13883076;4023;3450;3726
7454;13886802;18635;745;3727
7455;13890529;7454;1863;3727
7456;13894256;4194;3312;3728
7457;13897984;7454;1864;3728
7458;13901712;11181;1243;3729
7459;13905441;4972;2796;3729
7460;13909170;4660;2984;3730
7461;13912900;4103;3390;3730
7462;13916630;4407;3157;3731
7463;13920361;4849;2870;3731
7464;13924092;4476;3110;3732
7465;13927824;4043;3444;3732
7466;13931556;26131;533;3733
7467;13935289;7466;1866;3733
7468;13939022;5601;2488;3734
7469;13942756;7466;1867;3734
7470;13946490;11199;1245;3735
7471;13950225;5601;2490;3735
7472;13953960;7468;1868;3736
7473;13957696;4203;3320;3736
7474;13961432;4545;3071;3737
7475;13965169;7474;1868;3737
7476;13968906;4272;3269;3738
7477;13972644;4242;3293;3738
7478;13976382;138343;101;3739
7479;13980121;7478;1869;3739
7480;13983860;3916;3570;3740
7481;13987600;7478;1870;3740
7482;13991340;11217;1247;3741
7483;13995081;3828;3655;3741
7484;13998822;7480;1871;3742
7485;14002564;5613;2494;3742
7486;14006306;5713;2451;3743
7487;14010049;7486;1871;3743
7488;14013792;5613;2496;3744
7489;14017536;3952;3546;3744
7490;14021280;6895;2033;3745
7491;14025025;3852;3640;3745
7492;14028770;5619;2496;3746
7493;14032516;7490;1873;3746
7494;14036262;6245;2247;3747
7495;14040009;5619;2498;3747
7496;14043756;7492;1874;3748
7497;14047504;4996;2811;3748
7498;14051252;11247;1249;3749
7499;14055001;7498;1874;3749
7500;14058750;4685;3000;3750
7501;14062500;4075;3450;3750
7502;14066250;5053;2783;3751
7503;14070001;3875;3630;3751
7504;14073752;4020;3500;3752
7505;14077504;4154;3388;3752
7506;14081256;4309;3267;3753
7507;14085009;3892;3618;3753
7508;14088762;7504;1877;3754
7509;14092516;5631;2502;3754
7510;14096270;6255;2253;3755
7511;14100025;7510;1877;3755
7512;14103780;5631;2504;3756
7513;14107536;4506;3130;3756
7514;14111292;9763;1445;3757
7515;14115049;4069;3468;3757
7516;14118806;5637;2504;3758
7517;14122564;7514;1879;3758
7518;14126322;4641;3043;3759
7519;14130081;5637;2506;3759
7520;14133840;7516;1880;3760
7521;14137600;3948;3580;3760
7522;14141360;11283;1253;3761
7523;14145121;7522;1880;3761
7524;14148882;3960;3572;3762
7525;14152644;7522;1881;3762
7526;14156406;199333;71;3763
7527;14160169;4047;3498;3763
7528;14163932;5016;2823;3764
7529;14167696;7526;1882;3764
7530;14171460;11289;1255;3765
7531;14175225;4705;3012;3765
7532;14178990;6587;2152;3766
7533;14182756;4035;3514;3766
7534;14186522;11301;1255;3767
7535;14190289;7534;1883;3767
7536;14194056;4304;3297;3768
7537;14197824;7534;1884;3768
7538;14201592;14197823;1;3769
7539;14205361;7538;1884;3769
7540;14209130;4082;3480;3770
7541;14212900;7538;1885;3770
7542;14216670;11307;1257;3771
7543;14220441;4190;3393;3771
7544;14224212;4264;3335;3772
7545;14227984;5028;2829;3772
7546;14231756;4609;3087;3773
7547;14235529;4018;3542;3773
7548;14239302;4182;3404;3774
7549;14243076;3927;3626;3774
7550;14246850;5285;2695;3775
7551;14250625;4530;3145;3775
7552;14254400;4012;3552;3776
7553;14258176;4720;3020;3776
7554;14261952;6295;2265;3777
7555;14265729;5036;2832;3777
7556;14269506;7552;1889;3778
7557;14273284;5667;2518;3778
7558;14277062;11337;1259;3779
7559;14280841;7558;1889;3779
7560;14284620;5667;2520;3780
7561;14288400;7558;1890;3780
7562;14292180;71801;199;3781
7563;14295961;3980;3591;3781
7564;14299742;3843;3720;3782
7565;14303524;6169;2318;3782
7566;14307306;5529;2587;3783
7567;14311089;4758;3007;3783
7568;14314872;5246;2728;3784
7569;14318656;4171;3432;3784
7570;14322440;6305;2271;3785
7571;14326225;4730;3028;3785
7572;14330010;5048;2838;3786
7573;14333796;4542;3155;3786
7574;14337582;5299;2705;3787
7575;14341369;4417;3246;3787
7576;14345156;5048;2841;3788
7577;14348944;6629;2164;3788
7578;14352732;4869;2947;3789
7579;14356521;5052;2841;3789
7580;14360310;4735;3032;3790
7581;14364100;4210;3411;3790
7582;14367890;7157;2007;3791
7583;14371681;6443;2230;3791
7584;14375472;4548;3160;3792
7585;14379264;4029;3568;3792
7586;14383056;64481;223;3793
7587;14386849;7586;1896;3793
7588;14390642;4336;3318;3794
7589;14394436;7586;1897;3794
7590;14398230;11379;1265;3795
7591;14402025;4065;3542;3795
7592;14405820;4088;3523;3796
7593;14409616;4015;3588;3796
7594;14413412;11391;1265;3797
7595;14417209;7594;1898;3797
7596;14421006;5064;2847;3798
7597;14424804;7594;1899;3798
7598;14428602;110113;131;3799
7599;14432401;6119;2358;3799
7600;14436200;4009;3600;3800
7601;14440000;4408;3275;3800
7602;14443800;5249;2751;3801
7603;14447601;3990;3620;3801
7604;14451402;7600;1901;3802
7605;14455204;5703;2534;3802
7606;14459006;11409;1267;3803
7607;14462809;7606;1901;3803
7608;14466612;5703;2536;3804
7609;14470416;7606;1902;3804
7610;14474220;19015;761;3805
7611;14478025;4566;3170;3805
7612;14481830;4152;3487;3806
7613;14485636;7610;1903;3806
7614;14489442;6345;2283;3807
7615;14493249;4653;3114;3807
7616;14497056;4844;2992;3808
7617;14500864;3948;3672;3808
7618;14504672;5499;2637;3809
7619;14508481;4102;3536;3809
7620;14512290;4064;3570;3810
7621;14516100;4395;3302;3810
7622;14519910;10841;1339;3811
7623;14523721;4699;3090;3811
7624;14527532;4765;3048;3812
7625;14531344;7622;1906;3812
7626;14535156;4223;3441;3813
7627;14538969;5084;2859;3813
7628;14542782;7624;1907;3814
7629;14546596;5721;2542;3814
7630;14550410;4305;3379;3815
7631;14554225;7630;1907;3815
7632;14558040;5721;2544;3816
7633;14561856;3924;3710;3816
7634;14565672;5995;2429;3817
7635;14569489;4164;3498;3817
7636;14573306;3984;3657;3818
7637;14577124;7634;1909;3818
7638;14580942;6593;2211;3819
7639;14584761;4623;3154;3819
7640;14588580;4393;3320;3820
7641;14592400;4020;3629;3820
7642;14596220;11463;1273;3821
7643;14600041;7642;1910;3821
7644;14603862;4011;3640;3822
7645;14607684;7642;1911;3822
7646;14611506;14607683;1;3823
7647;14615329;7646;1911;3823
7648;14619152;4368;3346;3824
7649;14622976;7646;1912;3824
7650;14626800;11469;1275;3825
7651;14630625;4063;3600;3825
7652;14634450;7648;1913;3826
7653;14638276;5739;2550;3826
7654;14642102;4005;3655;3827
7655;14645929;7654;1913;3827
7656;14649756;5739;2552;3828
7657;14653584;3916;3741;3828
7658;14657412;23521;623;3829
7659;14661241;4466;3282;3829
7660;14665070;4213;3480;3830
7661;14668900;5362;2735;3830
7662;14672730;8939;1641;3831
7663;14676561;5745;2554;3831
7664;14680392;4790;3064;3832
7665;14684224;5108;2874;3832
7666;14688056;11499;1277;3833
7667;14691889;7666;1916;3833
7668;14695722;4311;3408;3834
7669;14699556;7666;1917;3834
7670;14703390;19165;767;3835
7671;14707225;4189;3510;3835
7672;14711060;3976;3699;3836
7673;14714896;4130;3562;3836
7674;14718732;6395;2301;3837
7675;14722569;5116;2877;3837
7676;14726406;5206;2828;3838
7677;14730244;5757;2558;3838
7678;14734082;11517;1279;3839
7679;14737921;6631;2222;3839
7680;14741760;4040;3648;3840
7681;14745600;4188;3520;3840
7682;14749440;8027;1837;3841
7683;14753281;4008;3680;3841
7684;14757122;4080;3616;3842
7685;14760964;5198;2839;3842
7686;14764806;4209;3507;3843
7687;14768649;4746;3111;3843
7688;14772492;4216;3503;3844
7689;14776336;3906;3782;3844
7690;14780180;5383;2745;3845
7691;14784025;4805;3076;3845
7692;14787870;5128;2883;3846
7693;14791716;4614;3205;3846
7694;14795562;19235;769;3847
7695;14799409;7694;1923;3847
7696;14803256;5128;2886;3848
7697;14807104;7694;1924;3848
7698;14810952;11541;1283;3849
7699;14814801;5132;2886;3849
7700;14818650;4004;3700;3850
7701;14822500;5775;2566;3850
7702;14826350;11553;1283;3851
7703;14830201;7702;1925;3851
7704;14834052;3960;3745;3852
7705;14837904;7702;1926;3852
7706;14841756;14837903;1;3853
7707;14845609;7706;1926;3853
7708;14849462;4387;3384;3854
7709;14853316;7706;1927;3854
7710;14857170;11559;1285;3855
7711;14861025;5781;2570;3855
7712;14864880;7708;1928;3856
7713;14868736;4112;3615;3856
7714;14872592;4883;3045;3857
7715;14876449;4408;3374;3857
7716;14880306;5144;2892;3858
7717;14884164;4501;3306;3858
7718;14888022;4313;3451;3859
7719;14891881;7718;1929;3859
7720;14895740;4632;3215;3860
7721;14899600;4540;3281;3860
7722;14903460;5049;2951;3861
7723;14907321;4246;3510;3861
7724;14911182;7720;1931;3862
7725;14915044;5793;2574;3862
7726;14918906;11589;1287;3863
7727;14922769;7726;1931;3863
7728;14926632;5793;2576;3864
7729;14930496;7726;1932;3864
7730;14934360;19315;773;3865
7731;14938225;4638;3220;3865
7732;14942090;5799;2576;3866
7733;14945956;7730;1933;3866
7734;14949822;6445;2319;3867
7735;14953689;5799;2578;3867
7736;14957556;7732;1934;3868
7737;14961424;5156;2901;3868
7738;14965292;11607;1289;3869
7739;14969161;7738;1934;3869
7740;14973030;4835;3096;3870
7741;14976900;4558;3285;3870
7742;14980770;4187;3577;3871
7743;14984641;4214;3555;3871
7744;14988512;3960;3784;3872
7745;14992384;4312;3476;3872
7746;14996256;9037;1659;3873
7747;15000129;5164;2904;3873
7748;15004002;4576;3278;3874
7749;15007876;5811;2582;3874
7750;15011750;6455;2325;3875
7751;15015625;4030;3725;3875
7752;15019500;4199;3576;3876
7753;15023376;4250;3534;3876
7754;15027252;19385;775;3877
7755;15031129;7754;1938;3877
7756;15035006;4522;3324;3878
7757;15038884;7754;1939;3878
7758;15042762;11631;1293;3879
7759;15046641;4986;3017;3879
7760;15050520;4432;3395;3880
7761;15054400;4310;3492;3880
7762;15058280;11643;1293;3881
7763;15062161;7762;1940;3881
7764;15066042;4656;3235;3882
7765;15069924;7762;1941;3882
7766;15073806;42691;353;3883
7767;15077689;7117;2118;3883
7768;15081572;5176;2913;3884
7769;15085456;7766;1942;3884
7770;15089340;5295;2849;3885
7771;15093225;4855;3108;3885
7772;15097110;7768;1943;3886
7773;15100996;4690;3219;3886
7774;15104882;4255;3549;3887
7775;15108769;4901;3082;3887
7776;15112656;4176;3618;3888
7777;15116544;4056;3726;3888
7778;15120432;50557;299;3889
7779;15124321;7778;1944;3889
7780;15128210;4320;3501;3890
7781;15132100;7778;1945;3890
7782;15135990;11667;1297;3891
7783;15139881;5835;2594;3891
7784;15143772;4865;3112;3892
7785;15147664;5188;2919;3892
7786;15151556;11679;1297;3893
7787;15155449;4726;3206;3893
7788;15159342;4543;3336;3894
7789;15163236;5038;3009;3894
7790;15167130;4351;3485;3895
7791;15171025;4510;3363;3895
7792;15174920;5192;2922;3896
7793;15178816;4870;3116;3896
7794;15182712;6495;2337;3897
7795;15186609;4383;3464;3897
7796;15190506;7792;1949;3898
7797;15194404;5847;2598;3898
7798;15198302;5013;3031;3899
7799;15202201;7798;1949;3899
7800;15206100;5847;2600;3900
7801;15210000;4550;3342;3900
7802;15213900;26179;581;3901
7803;15217801;4150;3666;3901
7804;15221702;5853;2600;3902
7805;15225604;7802;1951;3902
7806;15229506;11703;1301;3903
7807;15233409;5853;2602;3903
7808;15237312;7804;1952;3904
7809;15241216;5204;2928;3904
7810;15245120;6505;2343;3905
7811;15249025;4331;3520;3905
7812;15252930;3968;3843;3906
7813;15256836;4402;3465;3906
7814;15260742;19535;781;3907
7815;15264649;7814;1953;3907
7816;15268556;5208;2931;3908
7817;15272464;7814;1954;3908
7818;15276372;11721;1303;3909
7819;15280281;5212;2931;3909
7820;15284190;4885;3128;3910
7821;15288100;5865;2606;3910
7822;15292010;11733;1303;3911
7823;15295921;7822;1955;3911
7824;15299832;4080;3749;3912
7825;15303744;7822;1956;3912
7826;15307656;27377;559;3913
7827;15311569;4238;3612;3913
7828;15315482;4944;3097;3914
7829;15319396;4429;3458;3914
7830;15323310;4095;3741;3915
7831;15327225;4635;3306;3915
7832;15331140;4532;3382;3916
7833;15335056;4005;3828;3916
7834;15338972;11751;1305;3917
7835;15342889;7834;1958;3917
7836;15346806;5224;2937;3918
7837;15350724;7834;1959;3918
7838;15354642;15350723;1;3919
7839;15358561;7838;1959;3919
7840;15362480;4571;3360;3920
7841;15366400;7838;1960;3920
7842;15370320;11757;1307;3921
7843;15374241;5228;2940;3921
7844;15378162;4144;3710;3922
7845;15382084;5883;2614;3922
7846;15386006;11769;1307;3923
7847;15389929;7846;1961;3923
7848;15393852;4033;3816;3924
7849;15397776;7846;1962;3924
7850;15401700;19615;785;3925
7851;15405625;4710;3270;3925
7852;15409550;4251;3624;3926
7853;15413476;4082;3775;3926
7854;15417402;4675;3297;3927
7855;15421329;4641;3322;3927
7856;15425256;6383;2416;3928
7857;15429184;4488;3437;3928
7858;15433112;11787;1309;3929
7859;15437041;7858;1964;3929
7860;15440970;4910;3144;3930
7861;15444900;7858;1965;3930
7862;15448830;15444899;1;3931
7863;15452761;7862;1965;3931
7864;15456692;4915;3144;3932
7865;15460624;7862;1966;3932
7866;15464556;11793;1311;3933
7867;15468489;5244;2949;3933
7868;15472422;6881;2248;3934
7869;15476356;5058;3059;3934
7870;15480290;6555;2361;3935
7871;15484225;5509;2810;3935
7872;15488160;4496;3444;3936
7873;15492096;4722;3280;3936
7874;15496032;19685;787;3937
7875;15499969;4064;3813;3937
7876;15503906;4296;3608;3938
7877;15507844;5549;2794;3938
7878;15511782;4953;3131;3939
7879;15515721;4654;3333;3939
7880;15519660;4334;3580;3940
7881;15523600;5122;3030;3940
7882;15527540;7319;2121;3941
7883;15531481;5516;2815;3941
7884;15535422;4380;3546;3942
7885;15539364;4599;3378;3942
7886;15543306;27601;563;3943
7887;15547249;7886;1971;3943
7888;15551192;4176;3723;3944
7889;15555136;7886;1972;3944
7890;15559080;11829;1315;3945
7891;15563025;4471;3480;3945
7892;15566970;7888;1973;3946
7893;15570916;5919;2630;3946
7894;15574862;11841;1315;3947
7895;15578809;7894;1973;3947
7896;15582756;5919;2632;3948
7897;15586704;7894;1974;3948
7898;15590652;43417;359;3949
7899;15594601;4308;3619;3949
7900;15598550;4200;3713;3950
7901;15602500;4345;3590;3950
7902;15606450;4829;3231;3951
7903;15610401;4390;3555;3951
7904;15614352;4108;3800;3952
7905;15618304;4446;3512;3952
7906;15622256;11859;1317;3953
7907;15626209;4484;3484;3953
7908;15630162;5272;2964;3954
7909;15634116;7906;1977;3954
7910;15638070;6667;2345;3955
7911;15642025;4613;3390;3955
7912;15645980;5272;2967;3956
7913;15649936;4859;3220;3956
7914;15653892;6595;2373;3957
7915;15657849;5276;2967;3957
7916;15661806;7912;1979;3958
7917;15665764;5937;2638;3958
7918;15669722;11877;1319;3959
7919;15673681;7918;1979;3959
7920;15677640;5937;2640;3960
7921;15681600;4070;3852;3960
7922;15685560;8621;1819;3961
7923;15689521;4194;3740;3961
7924;15693482;4245;3696;3962
7925;15697444;4811;3262;3962
7926;15701406;11883;1321;3963
7927;15705369;5943;2642;3963
7928;15709332;6937;2264;3964
7929;15713296;5284;2973;3964
7930;15717260;6605;2379;3965
7931;15721225;4955;3172;3965
7932;15725190;5288;2973;3966
7933;15729156;4758;3305;3966
7934;15733122;19835;793;3967
7935;15737089;7934;1983;3967
7936;15741056;5288;2976;3968
7937;15745024;7934;1984;3968
7938;15748992;11901;1323;3969
7939;15752961;4032;3906;3969
7940;15756930;4960;3176;3970
7941;15760900;4410;3573;3970
7942;15764870;4389;3591;3971
7943;15768841;4367;3610;3971
7944;15772812;4764;3310;3972
7945;15776784;4332;3641;3972
7946;15780756;6061;2603;3973
7947;15784729;7946;1986;3973
7948;15788702;5961;2648;3974
7949;15792676;7946;1987;3974
7950;15796650;4611;3425;3975
7951;15800625;5961;2650;3975
7952;15804600;7948;1988;3976
7953;15808576;4200;3763;3976
7954;15812552;5141;3075;3977
7955;15816529;5432;2911;3977
7956;15820506;4284;3692;3978
7957;15824484;4182;3783;3978
7958;15828462;7093;2231;3979
7959;15832441;4498;3519;3979
7960;15836420;4420;3582;3980
7961;15840400;4577;3460;3980
7962;15844380;11937;1327;3981
7963;15848361;5308;2985;3981
7964;15852342;4378;3620;3982
7965;15856324;5973;2654;3982
7966;15860306;9289;1707;3983
7967;15864289;6259;2534;3983
7968;15868272;4344;3652;3984
7969;15872256;4552;3486;3984
7970;15876240;5579;2845;3985
7971;15880225;4782;3320;3985
7972;15884210;5979;2656;3986
7973;15888196;7970;1993;3986
7974;15892182;6645;2391;3987
7975;15896169;5979;2658;3987
7976;15900156;7972;1994;3988
7977;15904144;5316;2991;3988
7978;15908132;11967;1329;3989
7979;15912121;7978;1994;3989
7980;15916110;4985;3192;3990
7981;15920100;7978;1995;3990
7982;15924090;51857;307;3991
7983;15928081;4298;3705;3991
7984;15932072;4560;3493;3992
7985;15936064;6487;2456;3992
7986;15940056;4719;3377;3993
7987;15944049;5324;2994;3993
7988;15948042;7984;1997;3994
7989;15952036;5991;2662;3994
7990;15956030;5687;2805;3995
7991;15960025;7990;1997;3995
7992;15964020;5991;2664;3996
7993;15968016;4230;3774;3996
7994;15972012;5593;2855;3997
7995;15976009;4662;3426;3997
7996;15980006;5997;2664;3998
7997;15984004;7994;1999;3998
7998;15988002;9331;1713;3999
7999;15992001;5997;2666;3999
8000;15996000;7996;2000;4000
8001;16000000;4128;3875;4000
8002;16004000;12003;1333;4001
8003;16008001;8002;2000;4001
8004;16012002;4350;3680;4002
8005;16016004;8002;2001;4002
8006;16020006;16016003;1;4003
8007;16024009;8006;2001;4003
8008;16028012;4147;3864;4004
8009;16032016;8006;2002;4004
8010;16036020;12009;1335;4005
8011;16040025;4095;3916;4005
8012;16044030;8008;2003;4006
8013;16048036;6009;2670;4006
8014;16052042;12021;1335;4007
8015;16056049;8014;2003;4007
8016;16060056;6009;2672;4008
8017;16064064;8014;2004;4008
8018;16068072;76133;211;4009
8019;16072081;5064;3173;4009
8020;16076090;4812;3340;4010
8021;16080100;7619;2110;4010
8022;16084110;4431;3629;4011
8023;16088121;5614;2865;4011
8024;16092132;5015;3208;4012
8025;16096144;4956;3247;4012
8026;16100156;12039;1337;4013
8027;16104169;8026;2006;4013
8028;16108182;4248;3791;4014
8029;16112196;8026;2007;4014
8030;16116210;20065;803;4015
8031;16120225;4818;3345;4015
8032;16124240;4518;3568;4016
8033;16128256;5020;3212;4016
8034;16132272;4745;3399;4017
8035;16136289;4944;3263;4017
8036;16140306;4592;3514;4018
8037;16144324;4223;3822;4018
8038;16148342;12057;1339;4019
8039;16152361;8038;2009;4019
8040;16156380;4305;3752;4020
8041;16160400;8038;2010;4020
8042;16164420;16160399;1;4021
8043;16168441;8042;2010;4021
8044;16172462;6033;2680;4022
8045;16176484;8042;2011;4022
8046;16180506;12063;1341;4023
8047;16184529;6033;2682;4023
8048;16188552;8044;2012;4024
8049;16192576;4527;3576;4024
8050;16196600;4347;3725;4025
8051;16200625;4600;3521;4025
8052;16204650;5368;3018;4026
8053;16208676;4209;3850;4026
8054;16212702;20135;805;4027
8055;16216729;8054;2013;4027
8056;16220756;4636;3498;4028
8057;16224784;8054;2014;4028
8058;16228812;12081;1343;4029
8059;16232841;4187;3876;4029
8060;16236870;4712;3445;4030
8061;16240900;4898;3315;4030
8062;16244930;6873;2363;4031
8063;16248961;4309;3770;4031
8064;16252992;4095;3968;4032
8065;16257024;4176;3892;4032
8066;16261056;5143;3161;4033
8067;16265089;4144;3924;4033
8068;16269122;6051;2688;4034
8069;16273156;8066;2017;4034
8070;16277190;9953;1635;4035
8071;16281225;6051;2690;4035
8072;16285260;8068;2018;4036
8073;16289296;5045;3228;4036
8074;16293332;5505;2959;4037
8075;16297369;8074;2018;4037
8076;16301406;5384;3027;4038
8077;16305444;7403;2202;4038
8078;16309482;6347;2569;4039
8079;16313521;4711;3462;4039
8080;16317560;4848;3365;4040
8081;16321600;4616;3535;4040
8082;16325640;5193;3143;4041
8083;16329681;4490;3636;4041
8084;16333722;4343;3760;4042
8085;16337764;6063;2694;4042
8086;16341806;5837;2799;4043
8087;16345849;8086;2021;4043
8088;16349892;6063;2696;4044
8089;16353936;4381;3732;4044
8090;16357980;10517;1555;4045
8091;16362025;4854;3370;4045
8092;16366070;4718;3468;4046
8093;16370116;5663;2890;4046
8094;16374162;6745;2427;4047
8095;16378209;4522;3621;4047
8096;16382256;4301;3808;4048
8097;16386304;4686;3496;4048
8098;16390352;12147;1349;4049
8099;16394401;8098;2024;4049
8100;16398450;4140;3960;4050
8101;16402500;8098;2025;4050
8102;16406550;16402499;1;4051
8103;16410601;8102;2025;4051
8104;16414652;5065;3240;4052
8105;16418704;8102;2026;4052
8106;16422756;12153;1351;4053
8107;16426809;5404;3039;4053
8108;16430862;8104;2027;4054
8109;16434916;6081;2702;4054
8110;16438970;5677;2895;4055
8111;16443025;8110;2027;4055
8112;16447080;6081;2704;4056
8113;16451136;4866;3380;4056
8114;16455192;20285;811;4057
8115;16459249;8114;2028;4057
8116;16463306;6087;2704;4058
8117;16467364;8114;2029;4058
8118;16471422;12171;1353;4059
8119;16475481;6087;2706;4059
8120;16479540;8116;2030;4060
8121;16483600;4305;3828;4060
8122;16487660;4323;3813;4061
8123;16491721;4340;3799;4061
8124;16495782;4739;3480;4062
8125;16499844;8122;2031;4062
8126;16503906;7409;2227;4063
8127;16507969;8126;2031;4063
8128;16512032;5416;3048;4064
8129;16516096;4318;3824;4064
8130;16520160;4607;3585;4065
8131;16524225;4336;3810;4065
8132;16528290;4826;3424;4066
8133;16532356;5149;3210;4066
8134;16536422;5691;2905;4067
8135;16540489;5243;3154;4067
8136;16544556;4294;3852;4068
8137;16548624;4746;3486;4068
8138;16552692;7553;2191;4069
8139;16556761;4407;3756;4069
8140;16560830;4181;3960;4070
8141;16564900;4810;3443;4070
8142;16568970;7199;2301;4071
8143;16573041;4255;3894;4071
8144;16577112;5090;3256;4072
8145;16581184;5428;3054;4072
8146;16585256;12219;1357;4073
8147;16589329;8146;2036;4073
8148;16593402;4656;3563;4074
8149;16597476;8146;2037;4074
8150;16601550;20365;815;4075
8151;16605625;4850;3423;4075
8152;16609700;5432;3057;4076
8153;16613776;5095;3260;4076
8154;16617852;4401;3775;4077
8155;16621929;5436;3057;4077
8156;16626006;8152;2039;4078
8157;16630084;6117;2718;4078
8158;16634162;12237;1359;4079
8159;16638241;8158;2039;4079
8160;16642320;6117;2720;4080
8161;16646400;8158;2040;4080
8162;16650480;28553;583;4081
8163;16654561;4240;3927;4081
8164;16658642;4420;3768;4082
8165;16662724;4823;3454;4082
8166;16666806;9527;1749;4083
8167;16670889;6123;2722;4083
8168;16674972;8164;2042;4084
8169;16679056;5444;3063;4084
8170;16683140;6805;2451;4085
8171;16687225;5105;3268;4085
8172;16691310;5448;3063;4086
8173;16695396;4313;3870;4086
8174;16699482;5795;2881;4087
8175;16703569;8174;2043;4087
8176;16707656;4599;3632;4088
8177;16711744;4453;3752;4088
8178;16715832;5307;3149;4089
8179;16719921;4234;3948;4089
8180;16724010;5110;3272;4090
8181;16728100;6135;2726;4090
8182;16732190;12273;1363;4091
8183;16736281;8182;2045;4091
8184;16740372;4499;3720;4092
8185;16744464;8182;2046;4092
8186;16748556;16744463;1;4093
8187;16752649;8186;2046;4093
8188;16756742;4278;3916;4094
8189;16760836;8186;2047;4094
8190;16764930;12279;1365;4095
8191;16769025;4186;4005;4095
8192;16773120;5696;2944;4096
8193;16777216;4160;4032;4096
8194;16781312;4641;3615;4097
8195;16785409;4352;3856;4097
8196;16789506;5464;3072;4098
8197;16793604;8194;2049;4098
8198;16797702;69683;241;4099
8199;16801801;8198;2049;4099
8200;16805900;4920;3415;4100
8201;16810000;8198;2050;4100
8202;16814100;12297;1367;4101
8203;16818201;5468;3075;4101
8204;16822302;5740;2930;4102
8205;16826404;6153;2734;4102
8206;16830506;12309;1367;4103
8207;16834609;5222;3223;4103
8208;16838712;4688;3591;4104
8209;16842816;4476;3762;4104
8210;16846920;9031;1865;4105
8211;16851025;4926;3420;4105
8212;16855130;6159;2736;4106
8213;16859236;8210;2053;4106
8214;16863342;6845;2463;4107
8215;16867449;6159;2738;4107
8216;16871556;8212;2054;4108
8217;16875664;5476;3081;4108
8218;16879772;9583;1761;4109
8219;16883881;7189;2348;4109
8220;16887990;4740;3562;4110
8221;16892100;4795;3522;4110
8222;16896210;28777;587;4111
8223;16900321;8222;2055;4111
8224;16904432;4384;3855;4112
8225;16908544;8222;2056;4112
8226;16912656;12333;1371;4113
8227;16916769;4626;3656;4113
8228;16920882;4369;3872;4114
8229;16924996;5027;3366;4114
8230;16929110;6855;2469;4115
8231;16933225;8230;2057;4115
8232;16937340;4312;3927;4116
8233;16941456;4938;3430;4116
8234;16945572;18929;895;4117
8235;16949689;4508;3759;4117
8236;16953806;4263;3976;4118
8237;16957924;5191;3266;4118
8238;16962042;12351;1373;4119
8239;16966161;6177;2746;4119
8240;16970280;5680;2987;4120
8241;16974400;5492;3090;4120
8242;16978520;12363;1373;4121
8243;16982641;5356;3170;4121
8244;16986762;4580;3708;4122
8245;16990884;5706;2977;4122
8246;16995006;6023;2821;4123
8247;16999129;4351;3906;4123
8248;17003252;5496;3093;4124
8249;17007376;7217;2356;4124
8250;17011500;4389;3875;4125
8251;17015625;5155;3300;4125
8252;17019750;8248;2063;4126
8253;17023876;6189;2750;4126
8254;17028002;12381;1375;4127
8255;17032129;8254;2063;4127
8256;17036256;6189;2752;4128
8257;17040384;8254;2064;4128
8258;17044512;17040383;1;4129
8259;17048641;8258;2064;4129
8260;17052770;4515;3776;4130
8261;17056900;8258;2065;4130
8262;17061030;12387;1377;4131
8263;17065161;4590;3717;4131
8264;17069292;5165;3304;4132
8265;17073424;5508;3099;4132
8266;17077556;12399;1377;4133
8267;17081689;8266;2066;4133
8268;17085822;5512;3099;4134
8269;17089956;8266;2067;4134
8270;17094090;20665;827;4135
8271;17098225;4962;3445;4135
8272;17102360;4664;3666;4136
8273;17106496;5170;3308;4136
8274;17110632;5789;2955;4137
8275;17114769;4334;3948;4137
8276;17118906;8272;2069;4138
8277;17123044;6207;2758;4138
8278;17127182;12417;1379;4139
8279;17131321;8278;2069;4139
8280;17135460;6207;2760;4140
8281;17139600;8278;2070;4140
8282;17143740;169699;101;4141
8283;17147881;4545;3772;4141
8284;17152022;4360;3933;4142
8285;17156164;4469;3838;4142
8286;17160306;12423;1381;4143
8287;17164449;6213;2762;4143
8288;17168592;4256;4033;4144
8289;17172736;5524;3108;4144
8290;17176880;6905;2487;4145
8291;17181025;5180;3316;4145
8292;17185170;4837;3552;4146
8293;17189316;4974;3455;4146
8294;17193462;9119;1885;4147
8295;17197609;7601;2262;4147
8296;17201756;5528;3111;4148
8297;17205904;4862;3538;4148
8298;17210052;5071;3393;4149
8299;17214201;5532;3111;4149
8300;17218350;5063;3400;4150
8301;17222500;4610;3735;4150
8302;17226650;5337;3227;4151
8303;17230801;5810;2965;4151
8304;17234952;4325;3984;4152
8305;17239104;4744;3633;4152
8306;17243256;29071;593;4153
8307;17247409;8306;2076;4153
8308;17251562;5363;3216;4154
8309;17255716;8306;2077;4154
8310;17259870;12459;1385;4155
8311;17264025;6231;2770;4155
8312;17268180;8308;2078;4156
8313;17272336;5195;3324;4156
8314;17276492;12471;1385;4157
8315;17280649;8314;2078;4157
8316;17284806;5544;3117;4158
8317;17288964;8314;2079;4158
8318;17293122;17288963;1;4159
8319;17297281;8318;2079;4159
8320;17301440;4224;4095;4160
8321;17305600;8318;2080;4160
8322;17309760;12477;1387;4161
8323;17313921;4380;3952;4161
8324;17318082;8320;2081;4162
8325;17322244;6243;2774;4162
8326;17326406;5037;3439;4163
8327;17330569;8326;2081;4163
8328;17334732;6243;2776;4164
8329;17338896;7981;2172;4164
8330;17343060;5635;3077;4165
8331;17347225;4858;3570;4165
8332;17351390;6249;2776;4166
8333;17355556;8330;2083;4166
8334;17359722;5355;3241;4167
8335;17363889;6249;2778;4167
8336;17368056;8332;2084;4168
8337;17372224;4689;3704;4168
8338;17376392;5093;3411;4169
8339;17380561;5731;3032;4169
8340;17384730;5210;3336;4170
8341;17388900;4587;3790;4170
8342;17393070;16297;1067;4171
8343;17397241;5977;2910;4171
8344;17401412;4470;3892;4172
8345;17405584;6407;2716;4172
8346;17409756;4601;3783;4173
8347;17413929;4494;3874;4173
8348;17418102;8344;2087;4174
8349;17422276;6261;2782;4174
8350;17426450;6513;2675;4175
8351;17430625;8350;2087;4175
8352;17434800;6261;2784;4176
8353;17438976;4350;4008;4176
8354;17443152;20885;835;4177
8355;17447329;8354;2088;4177
8356;17451506;6267;2784;4178
8357;17455684;8354;2089;4178
8358;17459862;12531;1393;4179
8359;17464041;6267;2786;4179
8360;17468220;8356;2090;4180
8361;17472400;4378;3990;4180
8362;17476580;7363;2373;4181
8363;17480761;4294;4070;4181
8364;17484942;4488;3895;4182
8365;17489124;4551;3842;4182
8366;17493306;5311;3293;4183
8367;17497489;4539;3854;4183
8368;17501672;5576;3138;4184
8369;17505856;8366;2092;4184
8370;17510040;4371;4005;4185
8371;17514225;4707;3720;4185
8372;17518410;4784;3661;4186
8373;17522596;4278;4095;4186
8374;17526782;4929;3555;4187
8375;17530969;4823;3634;4187
8376;17535156;4537;3864;4188
8377;17539344;8374;2094;4188
8378;17543532;4661;3763;4189
8379;17547721;8378;2094;4189
8380;17551910;5028;3490;4190
8381;17556100;8378;2095;4190
8382;17560290;7493;2343;4191
8383;17564481;4609;3810;4191
8384;17568672;5240;3352;4192
8385;17572864;4323;4064;4192
8386;17577056;6589;2667;4193
8387;17581249;4792;3668;4193
8388;17585442;4716;3728;4194
8389;17589636;4893;3594;4194
8390;17593830;5873;2995;4195
8391;17598025;5034;3495;4195
8392;17602220;5592;3147;4196
8393;17606416;5245;3356;4196
8394;17610612;6995;2517;4197
8395;17614809;5596;3147;4197
8396;17619006;8392;2099;4198
8397;17623204;6297;2798;4198
8398;17627402;12597;1399;4199
8399;17631601;8398;2099;4199
8400;17635800;6297;2800;4200
8401;17640000;4420;3990;4200
8402;17644200;54613;323;4201
8403;17648401;8402;2100;4201
8404;17652602;4400;4011;4202
8405;17656804;8402;2101;4202
8406;17661006;12603;1401;4203
8407;17665209;5137;3438;4203
8408;17669412;8404;2102;4204
8409;17673616;5604;3153;4204
8410;17677820;7005;2523;4205
8411;17682025;5255;3364;4205
8412;17686230;5608;3153;4206
8413;17690436;5046;3505;4206
8414;17694642;5887;3005;4207
8415;17698849;4907;3606;4207
8416;17703056;5608;3156;4208
8417;17707264;4808;3682;4208
8418;17711472;9821;1803;4209
8419;17715681;5612;3156;4209
8420;17719890;5260;3368;4210
8421;17724100;6315;2806;4210
8422;17728310;12633;1403;4211
8423;17732521;8422;2105;4211
8424;17736732;4680;3789;4212
8425;17740944;8422;2106;4212
8426;17745156;46321;383;4213
8427;17749369;4596;3861;4213
8428;17753582;4472;3969;4214
8429;17757796;5362;3311;4214
8430;17762010;5745;3091;4215
8431;17766225;4515;3934;4215
8432;17770440;4816;3689;4216
8433;17774656;4777;3720;4216
8434;17778872;12651;1405;4217
8435;17783089;8434;2108;4217
8436;17787306;4588;3876;4218
8437;17791524;8434;2109;4218
8438;17795742;17791523;1;4219
8439;17799961;8438;2109;4219
8440;17804180;4440;4009;4220
8441;17808400;8438;2110;4220
8442;17812620;12657;1407;4221
8443;17816841;4431;4020;4221
8444;17821062;8440;2111;4222
8445;17825284;6333;2814;4222
8446;17829506;6489;2747;4223
8447;17833729;8446;2111;4223
8448;17837952;6333;2816;4224
8449;17842176;4532;3936;4224
8450;17846400;6695;2665;4225
8451;17850625;4290;4160;4225
8452;17854850;6339;2816;4226
8453;17859076;8450;2113;4226
8454;17863302;7045;2535;4227
8455;17867529;6339;2818;4227
8456;17871756;8452;2114;4228
8457;17875984;5636;3171;4228
8458;17880212;12687;1409;4229
8459;17884441;8458;2114;4229
8460;17888670;4530;3948;4230
8461;17892900;8458;2115;4230
8462;17897130;17892899;1;4231
8463;17901361;8462;2115;4231
8464;17905592;4324;4140;4232
8465;17909824;8462;2116;4232
8466;17914056;12693;1411;4233
8467;17918289;4692;3818;4233
8468;17922522;5336;3358;4234
8469;17926756;4814;3723;4234
8470;17930990;4565;3927;4235
8471;17935225;4466;4015;4235
8472;17939460;6351;2824;4236
8473;17943696;4620;3883;4236
8474;17947932;7315;2453;4237
8475;17952169;6707;2676;4237
8476;17956406;4589;3912;4238
8477;17960644;5798;3097;4238
8478;17964882;6021;2983;4239
8479;17969121;4401;4082;4239
8480;17973360;5216;3445;4240
8481;17977600;4710;3816;4240
8482;17981840;12723;1413;4241
8483;17986081;8482;2120;4241
8484;17990322;4452;4040;4242
8485;17994564;8482;2121;4242
8486;17998806;17994563;1;4243
8487;18003049;8486;2121;4243
8488;18007292;5656;3183;4244
8489;18011536;8486;2122;4244
8490;18015780;12729;1415;4245
8491;18020025;5305;3396;4245
8492;18024270;8488;2123;4246
8493;18028516;5790;3113;4246
8494;18032762;8773;2055;4247
8495;18037009;5983;3014;4247
8496;18041256;4632;3894;4248
8497;18045504;4932;3658;4248
8498;18049752;18817;959;4249
8499;18054001;4856;3717;4249
8500;18058250;4425;4080;4250
8501;18062500;5950;3035;4250
8502;18066750;7891;2289;4251
8503;18071001;4875;3706;4251
8504;18075252;5315;3400;4252
8505;18079504;5668;3189;4252
8506;18083756;12759;1417;4253
8507;18088009;8506;2126;4253
8508;18092262;5672;3189;4254
8509;18096516;8506;2127;4254
8510;18100770;21265;851;4255
8511;18105025;5106;3545;4255
8512;18109280;4963;3648;4256
8513;18113536;4370;4144;4256
8514;18117792;4773;3795;4257
8515;18122049;4389;4128;4257
8516;18126306;8512;2129;4258
8517;18130564;6387;2838;4258
8518;18134822;12777;1419;4259
8519;18139081;8518;2129;4259
8520;18143340;6387;2840;4260
8521;18147600;8518;2130;4260
8522;18151860;18147599;1;4261
8523;18156121;8522;2130;4261
8524;18160382;6393;2840;4262
8525;18164644;8522;2131;4262
8526;18168906;12783;1421;4263
8527;18173169;6393;2842;4263
8528;18177432;8524;2132;4264
8529;18181696;4524;4018;4264
8530;18185960;5971;3045;4265
8531;18190225;5330;3412;4265
8532;18194490;4428;4108;4266
8533;18198756;5118;3555;4266
8534;18203022;14501;1255;4267
8535;18207289;4518;4029;4267
8536;18211556;5214;3492;4268
8537;18215824;5522;3298;4268
8538;18220092;12801;1423;4269
8539;18224361;5692;3201;4269
8540;18228630;4697;3880;4270
8541;18232900;6405;2846;4270
8542;18237170;12813;1423;4271
8543;18241441;8542;2135;4271
8544;18245712;4880;3738;4272
8545;18249984;8542;2136;4272
8546;18254256;18249983;1;4273
8547;18258529;8546;2136;4273
8548;18262802;6411;2848;4274
8549;18267076;8546;2137;4274
8550;18271350;12819;1425;4275
8551;18275625;6411;2850;4275
8552;18279900;8548;2138;4276
8553;18284176;5345;3420;4276
8554;18288452;4465;4095;4277
8555;18292729;7483;2444;4277
8556;18297006;5704;3207;4278
8557;18301284;4371;4186;4278
8558;18305562;5057;3619;4279
8559;18309841;7843;2334;4279
8560;18314120;4922;3720;4280
8561;18318400;4708;3890;4280
8562;18322680;12837;1427;4281
8563;18326961;5708;3210;4281
8564;18331242;8560;2141;4282
8565;18335524;6423;2854;4282
8566;18339806;12849;1427;4283
8567;18344089;8566;2141;4283
8568;18348372;6423;2856;4284
8569;18352656;8566;2142;4284
8570;18356940;21415;857;4285
8571;18361225;5142;3570;4285
8572;18365510;6429;2856;4286
8573;18369796;8570;2143;4286
8574;18374082;7145;2571;4287
8575;18378369;6429;2858;4287
8576;18382656;8572;2144;4288
8577;18386944;5716;3216;4288
8578;18391232;12867;1429;4289
8579;18395521;8578;2144;4289
8580;18399810;4355;4224;4290
8581;18404100;8578;2145;4290
8582;18408390;30023;613;4291
8583;18412681;5005;3678;4291
8584;18416972;4440;4147;4292
8585;18421264;7511;2452;4292
8586;18425556;5517;3339;4293
8587;18429849;4611;3996;4293
8588;18434142;4408;4181;4294
8589;18438436;5989;3078;4294
8590;18442730;7155;2577;4295
8591;18447025;8590;2147;4295
8592;18451320;5424;3401;4296
8593;18455616;5154;3580;4296
8594;18459912;21485;859;4297
8595;18464209;8594;2148;4297
8596;18468506;4912;3759;4298
8597;18472804;8594;2149;4298
8598;18477102;12891;1433;4299
8599;18481401;6447;2866;4299
8600;18485700;6020;3070;4300
8601;18490000;5732;3225;4300
8602;18494300;12903;1433;4301
8603;18498601;4675;3956;4301
8604;18502902;4780;3870;4302
8605;18507204;4554;4063;4302
8606;18511506;5083;3641;4303
8607;18515809;5958;3107;4303
8608;18520112;4842;3824;4304
8609;18524416;5296;3497;4304
8610;18528720;4965;3731;4305
8611;18533025;4592;4035;4305
8612;18537330;8608;2153;4306
8613;18541636;6459;2870;4306
8614;18545942;6195;2993;4307
8615;18550249;8614;2153;4307
8616;18554556;6459;2872;4308
8617;18558864;8614;2154;4308
8618;18563172;8201;2263;4309
8619;18567481;8618;2154;4309
8620;18571790;5172;3590;4310
8621;18576100;8618;2155;4310
8622;18580410;12927;1437;4311
8623;18584721;4790;3879;4311
8624;18589032;4741;3920;4312
8625;18593344;4851;3832;4312
8626;18597656;9101;2043;4313
8627;18601969;4994;3724;4313
8628;18606282;5033;3696;4314
8629;18610596;8626;2157;4314
8630;18614910;16397;1135;4315
8631;18619225;5178;3595;4315
8632;18623540;5752;3237;4316
8633;18627856;5395;3452;4316
8634;18632172;7195;2589;4317
8635;18636489;5756;3237;4317
8636;18640806;5644;3302;4318
8637;18645124;6477;2878;4318
8638;18649442;10073;1851;4319
8639;18653761;8638;2159;4319
8640;18658080;4572;4080;4320
8641;18662400;4936;3780;4320
8642;18666720;17893;1043;4321
8643;18671041;4470;4176;4321
8644;18675362;6483;2880;4322
8645;18679684;8642;2161;4322
8646;18684006;4917;3799;4323
8647;18688329;6483;2882;4323
8648;18692652;8644;2162;4324
8649;18696976;5764;3243;4324
8650;18701300;5709;3275;4325
8651;18705625;4700;3979;4325
8652;18709950;4738;3948;4326
8653;18714276;5150;3633;4326
8654;18718602;21635;865;4327
8655;18722929;8654;2163;4327
8656;18727256;4944;3787;4328
8657;18731584;8654;2164;4328
8658;18735912;12981;1443;4329
8659;18740241;4869;3848;4329
8660;18744570;5410;3464;4330
8661;18748900;4810;3897;4330
8662;18753230;6771;2769;4331
8663;18757561;8662;2165;4331
8664;18761892;5196;3610;4332
8665;18766224;4636;4047;4332
8666;18770556;30317;619;4333
8667;18774889;5054;3714;4333
8668;18779222;4728;3971;4334
8669;18783556;6809;2758;4334
8670;18787890;6069;3095;4335
8671;18792225;5610;3349;4335
8672;18796560;5962;3152;4336
8673;18800896;4607;4080;4336
8674;18805232;13011;1445;4337
8675;18809569;8674;2168;4337
8676;18813906;4878;3856;4338
8677;18818244;8674;2169;4338
8678;18822582;18818243;1;4339
8679;18826921;8678;2169;4339
8680;18831260;4820;3906;4340
8681;18835600;8678;2170;4340
8682;18839940;13017;1447;4341
8683;18844281;5788;3255;4341
8684;18848622;4676;4030;4342
8685;18852964;6513;2894;4342
8686;18857306;13029;1447;4343
8687;18861649;7181;2626;4343
8688;18865992;4706;4008;4344
8689;18870336;7783;2424;4344
8690;18874680;5555;3397;4345
8691;18879025;4740;3982;4345
8692;18883370;6519;2896;4346
8693;18887716;4510;4187;4346
8694;18892062;4977;3795;4347
8695;18896409;5166;3657;4347
8696;18900756;8692;2174;4348
8697;18905104;5796;3261;4348
8698;18909452;13047;1449;4349
8699;18913801;8698;2174;4349
8700;18918150;5435;3480;4350
8701;18922500;8698;2175;4350
8702;18926850;82631;229;4351
8703;18931201;5510;3435;4351
8704;18935552;4640;4080;4352
8705;18939904;4864;3893;4352
8706;18944256;13053;1451;4353
8707;18948609;5804;3264;4353
8708;18952962;4976;3808;4354
8709;18957316;6531;2902;4354
8710;18961670;7255;2613;4355
8711;18966025;4690;4043;4355
8712;18970380;5082;3732;4356
8713;18974736;4422;4290;4356
8714;18979092;21785;871;4357
8715;18983449;8714;2178;4357
8716;18987806;6537;2904;4358
8717;18992164;8714;2179;4358
8718;18996522;13071;1453;4359
8719;19000881;6537;2906;4359
8720;19005240;8716;2180;4360
8721;19009600;5812;3270;4360
8722;19013960;10171;1869;4361
8723;19018321;4984;3815;4361
8724;19022682;5232;3635;4362
8725;19027044;5089;3738;4362
8726;19031406;30541;623;4363
8727;19035769;8726;2181;4363
8728;19040132;5816;3273;4364
8729;19044496;8726;2182;4364
8730;19048860;13089;1455;4365
8731;19053225;5455;3492;4365
8732;19057590;8728;2183;4366
8733;19061956;5310;3589;4366
8734;19066322;5335;3573;4367
8735;19070689;8734;2183;4367
8736;19075056;4602;4144;4368
8737;19079424;4764;4004;4368
8738;19083792;6749;2827;4369
8739;19088161;4641;4112;4369
8740;19092530;4485;4256;4370
8741;19096900;4883;3910;4370
8742;19101270;7967;2397;4371
8743;19105641;4465;4278;4371
8744;19110012;5465;3496;4372
8745;19114384;5828;3279;4372
8746;19118756;13119;1457;4373
8747;19123129;8746;2186;4373
8748;19127502;5832;3279;4374
8749;19131876;8746;2187;4374
8750;19136250;21865;875;4375
8751;19140625;4725;4050;4375
8752;19145000;4923;3888;4376
8753;19149376;5000;3829;4376
8754;19153752;7295;2625;4377
8755;19158129;5836;3282;4377
8756;19162506;6017;3184;4378
8757;19166884;6567;2918;4378
8758;19171262;13137;1459;4379
8759;19175641;5771;3322;4379
8760;19180020;4776;4015;4380
8761;19184400;4530;4234;4380
8762;19188780;9773;1963;4381
8763;19193161;4745;4044;4381
8764;19197542;4695;4088;4382
8765;19201924;4718;4069;4382
8766;19206306;6331;3033;4383
8767;19210689;5634;3409;4383
8768;19215072;5008;3836;4384
8769;19219456;4932;3896;4384
8770;19223840;7305;2631;4385
8771;19228225;5480;3508;4385
8772;19232610;4658;4128;4386
8773;19236996;5262;3655;4386
8774;19241382;21935;877;4387
8775;19245769;4601;4182;4387
8776;19250156;5848;3291;4388
8777;19254544;8774;2194;4388
8778;19258932;5453;3531;4389
8779;19263321;5852;3291;4389
8780;19267710;5485;3512;4390
8781;19272100;4829;3990;4390
8782;19276490;13173;1463;4391
8783;19280881;8782;2195;4391
8784;19285272;4880;3951;4392
8785;19289664;8782;2196;4392
8786;19294056;100993;191;4393
8787;19298449;4584;4209;4393
8788;19302842;4758;4056;4394
8789;19307236;4966;3887;4394
8790;19311630;6739;2865;4395
8791;19316025;5070;3809;4395
8792;19320420;4732;4082;4396
8793;19324816;4710;4102;4396
8794;19329212;13191;1465;4397
8795;19333609;8794;2198;4397
8796;19338006;5131;3768;4398
8797;19342404;8794;2199;4398
8798;19346802;233041;83;4399
8799;19351201;8798;2199;4399
8800;19355600;5280;3665;4400
8801;19360000;4565;4240;4400
8802;19364400;8639;2241;4401
8803;19368801;4752;4075;4401
8804;19373202;4960;3905;4402
8805;19377604;5053;3834;4402
8806;19382006;5661;3423;4403
8807;19386409;5254;3689;4403
8808;19390812;6603;2936;4404
8809;19395216;5138;3774;4404
8810;19399620;6167;3145;4405
8811;19404025;5286;3670;4405
8812;19408430;6609;2936;4406
8813;19412836;8810;2203;4406
8814;19417242;7345;2643;4407
8815;19421649;6609;2938;4407
8816;19426056;8812;2204;4408
8817;19430464;4524;4294;4408
8818;19434872;13227;1469;4409
8819;19439281;8818;2204;4409
8820;19443690;4560;4263;4410
8821;19448100;8818;2205;4410
8822;19452510;48499;401;4411
8823;19456921;4851;4010;4411
8824;19461332;5515;3528;4412
8825;19465744;8822;2206;4412
8826;19470156;13233;1471;4413
8827;19474569;5884;3309;4413
8828;19478982;8824;2207;4414
8829;19483396;6621;2942;4414
8830;19487810;7355;2649;4415
8831;19492225;8830;2207;4415
8832;19496640;6621;2944;4416
8833;19501056;5298;3680;4416
8834;19505472;6181;3155;4417
8835;19509889;5048;3864;4417
8836;19514306;4512;4324;4418
8837;19518724;8834;2209;4418
8838;19523142;5679;3437;4419
8839;19527561;6627;2946;4419
8840;19531980;4888;3995;4420
8841;19536400;4910;3978;4420
8842;19540820;13263;1473;4421
8843;19545241;8842;2210;4421
8844;19549662;4488;4355;4422
8845;19554084;8842;2211;4422
8846;19558506;19554083;1;4423
8847;19562929;8846;2211;4423
8848;19567352;5159;3792;4424
8849;19571776;8846;2212;4424
8850;19576200;13269;1475;4425
8851;19580625;4661;4200;4425
8852;19585050;8848;2213;4426
8853;19589476;6639;2950;4426
8854;19593902;5605;3495;4427
8855;19598329;8854;2213;4427
8856;19602756;6639;2952;4428
8857;19607184;4674;4194;4428
8858;19611612;10019;1957;4429
8859;19616041;4644;4223;4429
8860;19620470;4920;3987;4430
8861;19624900;8858;2215;4430
8862;19629330;9073;2163;4431
8863;19633761;6202;3165;4431
8864;19638192;5540;3544;4432
8865;19642624;5064;3878;4432
8866;19647056;6541;3003;4433
8867;19651489;5456;3601;4433
8868;19655922;5912;3324;4434
8869;19660356;8129;2418;4434
8870;19664790;9757;2015;4435
8871;19669225;5322;3695;4435
8872;19673660;5912;3327;4436
8873;19678096;5545;3548;4436
8874;19682532;7395;2661;4437
8875;19686969;5916;3327;4437
8876;19691406;7763;2536;4438
8877;19695844;5389;3654;4438
8878;19700282;5597;3519;4439
8879;19704721;7291;2702;4439
8880;19709160;4755;4144;4440
8881;19713600;4632;4255;4440
8882;19718040;102143;193;4441
8883;19722481;8882;2220;4441
8884;19726922;6663;2960;4442
8885;19731364;8882;2221;4442
8886;19735806;13323;1481;4443
8887;19740249;6663;2962;4443
8888;19744692;8884;2222;4444
8889;19749136;5924;3333;4444
8890;19753580;7405;2667;4445
8891;19758025;5555;3556;4445
8892;19762470;5016;3939;4446
8893;19766916;4826;4095;4446
8894;19771362;22235;889;4447
8895;19775809;8894;2223;4447
8896;19780256;5004;3952;4448
8897;19784704;8894;2224;4448
8898;19789152;13341;1483;4449
8899;19793601;5932;3336;4449
8900;19798050;5560;3560;4450
8901;19802500;6675;2966;4450
8902;19806950;13353;1483;4451
8903;19811401;8902;2225;4451
8904;19815852;4717;4200;4452
8905;19820304;8902;2226;4452
8906;19824756;271511;73;4453
8907;19829209;5124;3869;4453
8908;19833662;5406;3668;4454
8909;19838116;7991;2482;4454
8910;19842570;4941;4015;4455
8911;19847025;4590;4323;4455
8912;19851480;8908;2228;4456
8913;19855936;5013;3960;4456
8914;19860392;13371;1485;4457
8915;19864849;8914;2228;4457
8916;19869306;5944;3342;4458
8917;19873764;8914;2229;4458
8918;19878222;31199;637;4459
8919;19882681;5201;3822;4459
8920;19887140;5352;3715;4460
8921;19891600;5798;3430;4460
8922;19896060;10409;1911;4461
8923;19900521;5948;3345;4461
8924;19904982;5129;3880;4462
8925;19909444;6693;2974;4462
8926;19913906;13389;1487;4463
8927;19918369;8926;2231;4463
8928;19922832;4656;4278;4464
8929;19927296;8926;2232;4464
8930;19931760;22315;893;4465
8931;19936225;4560;4371;4465
8932;19940690;4774;4176;4466
8933;19945156;5170;3857;4466
8934;19949622;7445;2679;4467
8935;19954089;6699;2978;4467
8936;19958556;7819;2552;4468
8937;19963024;5956;3351;4468
8938;19967492;13407;1489;4469
8939;19971961;8938;2234;4469
8940;19976430;5585;3576;4470
8941;19980900;6109;3270;4470
8942;19985370;10783;1853;4471
8943;19989841;5066;3945;4471
8944;19994312;5160;3874;4472
8945;19998784;5848;3419;4472
8946;20003256;5523;3621;4473
8947;20007729;5031;3976;4473
8948;20012202;8944;2237;4474
8949;20016676;6711;2982;4474
8950;20021150;5325;3759;4475
8951;20025625;8950;2237;4475
8952;20030100;6711;2984;4476
8953;20034576;5370;3730;4476
8954;20039052;6623;3025;4477
8955;20043529;4884;4103;4477
8956;20048006;6717;2984;4478
8957;20052484;8954;2239;4478
8958;20056962;13431;1493;4479
8959;20061441;6717;2986;4479
8960;20065920;8956;2240;4480
8961;20070400;5972;3360;4480
8962;20074880;13443;1493;4481
8963;20079361;8962;2240;4481
8964;20083842;4648;4320;4482
8965;20088324;8962;2241;4482
8966;20092806;20088323;1;4483
8967;20097289;8966;2241;4483
8968;20101772;4731;4248;4484
8969;20106256;8966;2242;4484
8970;20110740;13449;1495;4485
8971;20115225;4602;4370;4485
8972;20119710;8968;2243;4486
8973;20124196;6729;2990;4486
8974;20128682;6279;3205;4487
8975;20133169;8974;2243;4487
8976;20137656;6729;2992;4488
8977;20142144;5128;3927;4488
8978;20146632;31423;641;4489
8979;20151121;4556;4422;4489
8980;20155610;4939;4080;4490
8981;20160100;8978;2245;4490
8982;20164590;13467;1497;4491
8983;20169081;4990;4041;4491
8984;20173572;5615;3592;4492
8985;20178064;5988;3369;4492
8986;20182556;13479;1497;4493
8987;20187049;8986;2246;4493
8988;20191542;5992;3369;4494
8989;20196036;8986;2247;4494
8990;20200530;22465;899;4495
8991;20205025;5394;3745;4495
8992;20209520;5136;3934;4496
8993;20214016;5620;3596;4496
8994;20218512;7495;2697;4497
8995;20223009;5996;3372;4497
8996;20227506;5536;3653;4498
8997;20232004;6747;2998;4498
8998;20236502;13497;1499;4499
8999;20241001;5317;3806;4499
9000;20245500;4680;4325;4500
9001;20250000;4908;4125;4500
9002;20254500;7073;2863;4501
9003;20259001;5250;3858;4501
9004;20263502;6753;3000;4502
9005;20268004;9002;2251;4502
9006;20272506;10507;1929;4503
9007;20277009;6753;3002;4503
9008;20281512;9004;2252;4504
9009;20286016;6004;3378;4504
9010;20290520;4845;4187;4505
9011;20295025;5630;3604;4505
9012;20299530;6008;3378;4506
9013;20304036;5406;3755;4506
9014;20308542;22535;901;4507
9015;20313049;9014;2253;4507
9016;20317556;5257;3864;4508
9017;20322064;9014;2254;4508
9018;20326572;13521;1503;4509
9019;20331081;4676;4347;4509
9020;20335590;4715;4312;4510
9021;20340100;5010;4059;4510
9022;20344610;6513;3123;4511
9023;20349121;5330;3817;4511
9024;20353632;4920;4136;4512
9025;20358144;4888;4164;4512
9026;20362656;58669;347;4513
9027;20367169;9026;2256;4513
9028;20371682;5217;3904;4514
9029;20376196;9026;2257;4514
9030;20380710;13539;1505;4515
9031;20385225;4773;4270;4515
9032;20389740;9028;2258;4516
9033;20394256;5645;3612;4516
9034;20398772;13551;1505;4517
9035;20403289;9034;2258;4517
9036;20407806;6024;3387;4518
9037;20412324;9034;2259;4518
9038;20416842;20412323;1;4519
9039;20421361;9038;2259;4519
9040;20425880;5020;4068;4520
9041;20430400;9038;2260;4520
9042;20434920;13557;1507;4521
9043;20439441;4972;4110;4521
9044;20443962;4760;4294;4522
9045;20448484;4658;4389;4522
9046;20453006;13569;1507;4523
9047;20457529;9046;2261;4523
9048;20462052;4641;4408;4524
9049;20466576;9046;2262;4524
9050;20471100;22615;905;4525
9051;20475625;4706;4350;4525
9052;20480150;4836;4234;4526
9053;20484676;5611;3650;4526
9054;20489202;7545;2715;4527
9055;20493729;6789;3018;4527
9056;20498256;8773;2336;4528
9057;20502784;5094;4024;4528
9058;20507312;5823;3521;4529
9059;20511841;5176;3962;4529
9060;20516370;4832;4245;4530
9061;20520900;5285;3882;4530
9062;20525430;14881;1379;4531
9063;20529961;5910;3473;4531
9064;20534492;4983;4120;4532
9065;20539024;4738;4334;4532
9066;20543556;13593;1511;4533
9067;20548089;6044;3399;4533
9068;20552622;9064;2267;4534
9069;20557156;6801;3022;4534
9070;20561690;7555;2721;4535
9071;20566225;9070;2267;4535
9072;20570760;6801;3024;4536
9073;20575296;5442;3780;4536
9074;20579832;11791;1745;4537
9075;20584369;4886;4212;4537
9076;20588906;6807;3024;4538
9077;20593444;9074;2269;4538
9078;20597982;5933;3471;4539
9079;20602521;6807;3026;4539
9080;20607060;9076;2270;4540
9081;20611600;5340;3859;4540
9082;20616140;5073;4063;4541
9083;20620681;4780;4313;4541
9084;20625222;5448;3785;4542
9085;20629764;9082;2271;4542
9086;20634306;7847;2629;4543
9087;20638849;5299;3894;4543
9088;20643392;6056;3408;4544
9089;20647936;4928;4189;4544
9090;20652480;5555;3717;4545
9091;20657025;4848;4260;4545
9092;20661570;9088;2273;4546
9093;20666116;6819;3030;4546
9094;20670662;13641;1515;4547
9095;20675209;9094;2273;4547
9096;20679756;6819;3032;4548
9097;20684304;9094;2274;4548
9098;20688852;20684303;1;4549
9099;20693401;9098;2274;4549
9100;20697950;4927;4200;4550
9101;20702500;9098;2275;4550
9102;20707050;13647;1517;4551
9103;20711601;4810;4305;4551
9104;20716152;5200;3983;4552
9105;20720704;6068;3414;4552
9106;20725256;5809;3567;4553
9107;20729809;9106;2276;4553
9108;20734362;5121;4048;4554
9109;20738916;5181;4002;4554
9110;20743470;22765;911;4555
9111;20748025;5466;3795;4555
9112;20752580;4623;4488;4556
9113;20757136;5695;3644;4556
9114;20761692;6377;3255;4557
9115;20766249;4998;4154;4557
9116;20770806;5762;3604;4558
9117;20775364;4929;4214;4558
9118;20779922;4753;4371;4559
9119;20784481;4982;4171;4559
9120;20789040;4902;4240;4560
9121;20793600;4656;4465;4560
9122;20798160;214367;97;4561
9123;20802721;9122;2280;4561
9124;20807282;6843;3040;4562
9125;20811844;9122;2281;4562
9126;20816406;13683;1521;4563
9127;20820969;6843;3042;4563
9128;20825532;9124;2282;4564
9129;20830096;4732;4401;4564
9130;20834660;5395;3861;4565
9131;20839225;5705;3652;4565
9132;20843790;5327;3912;4566
9133;20848356;5478;3805;4566
9134;20852922;22835;913;4567
9135;20857489;9134;2283;4567
9136;20862056;6088;3426;4568
9137;20866624;9134;2284;4568
9138;20871192;13701;1523;4569
9139;20875761;6092;3426;4569
9140;20880330;5710;3656;4570
9141;20884900;6855;3046;4570
9142;20889470;10661;1959;4571
9143;20894041;6398;3265;4571
9144;20898612;5080;4113;4572
9145;20903184;5334;3918;4572
9146;20907756;11101;1883;4573
9147;20912329;4842;4318;4573
9148;20916902;6861;3048;4574
9149;20921476;9146;2287;4574
9150;20926050;5185;4035;4575
9151;20930625;6861;3050;4575
9152;20935200;9148;2288;4576
9153;20939776;4758;4400;4576
9154;20944352;4975;4209;4577
9155;20948929;4784;4378;4577
9156;20953506;4796;4368;4578
9157;20958084;5014;4179;4578
9158;20962662;5543;3781;4579
9159;20967241;5061;4142;4579
9160;20971820;4809;4360;4580
9161;20976400;4820;4351;4580
9162;20980980;9671;2169;4581
9163;20985561;5090;4122;4581
9164;20990142;6641;3160;4582
9165;20994724;6873;3054;4582
9166;20999306;13749;1527;4583
9167;21003889;9166;2291;4583
9168;21008472;5539;3792;4584
9169;21013056;9166;2292;4584
9170;21017640;22915;917;4585
9171;21022225;5240;4011;4585
9172;21026810;6879;3056;4586
9173;21031396;9170;2293;4586
9174;21035982;4865;4323;4587
9175;21040569;6879;3058;4587
9176;21045156;9172;2294;4588
9177;21049744;4884;4309;4588
9178;21054332;5421;3883;4589
9179;21058921;9178;2294;4589
9180;21063510;4743;4440;4590
9181;21068100;5295;3978;4590
9182;21072690;59683;353;4591
9183;21077281;9182;2295;4591
9184;21081872;4760;4428;4592
9185;21086464;9182;2296;4592
9186;21091056;13773;1531;4593
9187;21095649;6124;3444;4593
9188;21100242;9184;2297;4594
9189;21104836;6891;3062;4594
9190;21109430;7655;2757;4595
9191;21114025;9190;2297;4595
9192;21118620;6891;3064;4596
9193;21123216;5514;3830;4596
9194;21127812;22985;919;4597
9195;21132409;9194;2298;4597
9196;21137006;5016;4213;4598
9197;21141604;9194;2299;4598
9198;21146202;13791;1533;4599
9199;21150801;4818;4389;4599
9200;21155400;4807;4400;4600
9201;21160000;4830;4380;4600
9202;21164600;6741;3139;4601
9203;21169201;4922;4300;4601
9204;21173802;4720;4485;4602
9205;21178404;5074;4173;4602
9206;21183006;197929;107;4603
9207;21187609;9206;2301;4603
9208;21192212;6136;3453;4604
9209;21196816;9206;2302;4604
9210;21201420;13809;1535;4605
9211;21206025;5755;3684;4605
9212;21210630;8057;2632;4606
9213;21215236;4935;4298;4606
9214;21219842;5219;4065;4607
9215;21224449;5593;3794;4607
9216;21229056;4704;4512;4608
9217;21233664;4878;4352;4608
9218;21238272;7123;2981;4609
9219;21242881;5028;4224;4609
9220;21247490;5120;4149;4610
9221;21252100;5071;4190;4610
9222;21256710;12151;1749;4611
9223;21261321;6915;3074;4611
9224;21265932;5765;3688;4612
9225;21270544;6148;3459;4612
9226;21275156;10759;1977;4613
9227;21279769;8071;2636;4613
9228;21284382;6152;3459;4614
9229;21288996;5383;3954;4614
9230;21293610;6461;3295;4615
9231;21298225;5538;3845;4615
9232;21302840;6152;3462;4616
9233;21307456;5770;3692;4616
9234;21312072;5265;4047;4617
9235;21316689;5193;4104;4617
9236;21321306;9232;2309;4618
9237;21325924;6927;3078;4618
9238;21330542;5301;4023;4619
9239;21335161;9238;2309;4619
9240;21339780;6927;3080;4620
9241;21344400;4774;4470;4620
9242;21349020;143251;149;4621
9243;21353641;9242;2310;4621
9244;21358262;6933;3080;4622
9245;21362884;9242;2311;4622
9246;21367506;13863;1541;4623
9247;21372129;6933;3082;4623
9248;21376752;9244;2312;4624
9249;21381376;4692;4556;4624
9250;21386000;5025;4255;4625
9251;21390625;5032;4250;4625
9252;21395250;4896;4369;4626
9253;21399876;5550;3855;4626
9254;21404502;6475;3305;4627
9255;21409129;5397;3966;4627
9256;21413756;6168;3471;4628
9257;21418384;8099;2644;4628
9258;21423012;10801;1983;4629
9259;21427641;6172;3471;4629
9260;21432270;5785;3704;4630
9261;21436900;6945;3086;4630
9262;21441530;13893;1543;4631
9263;21446161;5093;4210;4631
9264;21450792;5556;3860;4632
9265;21455424;5052;4246;4632
9266;21460056;17261;1243;4633
9267;21464689;7913;2712;4633
9268;21469322;5296;4053;4634
9269;21473956;9266;2317;4634
9270;21478590;5085;4223;4635
9271;21483225;4965;4326;4635
9272;21487860;6289;3416;4636
9273;21492496;5490;3914;4636
9274;21497132;13911;1545;4637
9275;21501769;9274;2318;4637
9276;21506406;6184;3477;4638
9277;21511044;9274;2319;4638
9278;21515682;21511043;1;4639
9279;21520321;9278;2319;4639
9280;21524960;5568;3865;4640
9281;21529600;9278;2320;4640
9282;21534240;13917;1547;4641
9283;21538881;4760;4524;4641
9284;21543522;5104;4220;4642
9285;21548164;4862;4431;4642
9286;21552806;13929;1547;4643
9287;21557449;9286;2321;4643
9288;21562092;5064;4257;4644
9289;21566736;9286;2322;4644
9290;21571380;23215;929;4645
9291;21576025;5574;3870;4645
9292;21580670;4968;4343;4646
9293;21585316;9290;2323;4646
9294;21589962;7745;2787;4647
9295;21594609;6969;3098;4647
9296;21599256;5656;3818;4648
9297;21603904;6196;3486;4648
9298;21608552;13947;1549;4649
9299;21613201;9298;2324;4649
9300;21617850;4980;4340;4650
9301;21622500;9298;2325;4650
9302;21627150;21622499;1;4651
9303;21631801;9302;2325;4651
9304;21636452;5815;3720;4652
9305;21641104;9302;2326;4652
9306;21645756;13953;1551;4653
9307;21650409;6204;3489;4653
9308;21655062;9304;2327;4654
9309;21659716;5499;3938;4654
9310;21664370;4851;4465;4655
9311;21669025;6265;3458;4655
9312;21673680;5044;4296;4656
9313;21678336;4753;4560;4656
9314;21682992;23285;931;4657
9315;21687649;9314;2328;4657
9316;21692306;4947;4384;4658
9317;21696964;9314;2329;4658
9318;21701622;13971;1553;4659
9319;21706281;6987;3106;4659
9320;21710940;5480;3961;4660
9321;21715600;6212;3495;4660
9322;21720260;13983;1553;4661
9323;21724921;9322;2330;4661
9324;21729582;4893;4440;4662
9325;21734244;4977;4366;4662
9326;21738906;275117;79;4663
9327;21743569;9326;2331;4663
9328;21748232;4884;4452;4664
9329;21752896;9326;2332;4664
9330;21757560;13989;1555;4665
9331;21762225;5830;3732;4665
9332;21766890;9328;2333;4666
9333;21771556;6999;3110;4666
9334;21776222;5385;4043;4667
9335;21780889;9334;2333;4667
9336;21785556;6999;3112;4668
9337;21790224;5057;4308;4668
9338;21794892;8257;2639;4669
9339;21799561;5446;4002;4669
9340;21804230;5604;3890;4670
9341;21808900;6538;3335;4670
9342;21813570;5017;4347;4671
9343;21818241;5190;4203;4671
9344;21822912;5840;3736;4672
9345;21827584;5256;4152;4672
9346;21832256;14019;1557;4673
9347;21836929;9346;2336;4673
9348;21841602;5248;4161;4674
9349;21846276;9346;2337;4674
9350;21850950;23365;935;4675
9351;21855625;4845;4510;4675
9352;21860300;5453;4008;4676
9353;21864976;5236;4175;4676
9354;21869652;7795;2805;4677
9355;21874329;6236;3507;4677
9356;21879006;9352;2339;4678
9357;21883684;7017;3118;4678
9358;21888362;14037;1559;4679
9359;21893041;9358;2339;4679
9360;21897720;7017;3120;4680
9361;21902400;9358;2340;4680
9362;21907080;145049;151;4681
9363;21911761;4836;4530;4681
9364;21916442;7023;3120;4682
9365;21921124;9362;2341;4682
9366;21925806;6913;3171;4683
9367;21930489;7023;3122;4683
9368;21935172;9364;2342;4684
9369;21939856;6244;3513;4684
9370;21944540;6559;3345;4685
9371;21949225;5855;3748;4685
9372;21953910;6248;3513;4686
9373;21958596;5622;3905;4686
9374;21963282;23435;937;4687
9375;21967969;6106;3597;4687
9376;21972656;6248;3516;4688
9377;21977344;9374;2344;4688
9378;21982032;14061;1563;4689
9379;21986721;5274;4168;4689
9380;21991410;5360;4102;4690
9381;21996100;5210;4221;4690
9382;22000790;14073;1563;4691
9383;22005481;9382;2345;4691
9384;22010172;4760;4623;4692
9385;22014864;9382;2346;4692
9386;22019556;60983;361;4693
9387;22024249;5083;4332;4693
9388;22028942;7041;3128;4694
9389;22033636;9386;2347;4694
9390;22038330;5415;4069;4695
9391;22043025;7041;3130;4695
9392;22047720;9388;2348;4696
9393;22052416;5870;3756;4696
9394;22057112;6405;3443;4697
9395;22061809;5368;4109;4697
9396;22066506;5283;4176;4698
9397;22071204;4941;4466;4698
9398;22075902;7747;2849;4699
9399;22080601;5994;3683;4699
9400;22085300;5076;4350;4700
9401;22090000;5969;3700;4700
9402;22094700;14097;1567;4701
9403;22099401;6268;3525;4701
9404;22104102;9400;2351;4702
9405;22108804;7053;3134;4702
9406;22113506;14109;1567;4703
9407;22118209;9406;2351;4703
9408;22122912;7053;3136;4704
9409;22127616;9406;2352;4704
9410;22132320;23515;941;4705
9411;22137025;5646;3920;4705
9412;22141730;5068;4368;4706
9413;22146436;9410;2353;4706
9414;22151142;7845;2823;4707
9415;22155849;6799;3258;4707
9416;22160556;5564;3982;4708
9417;22165264;5753;3852;4708
9418;22169972;8891;2493;4709
9419;22174681;6094;3638;4709
9420;22179390;5181;4280;4710
9421;22184100;5338;4155;4710
9422;22188810;11441;1939;4711
9423;22193521;5495;4038;4711
9424;22198232;4867;4560;4712
9425;22202944;5384;4123;4712
9426;22207656;10997;2019;4713
9427;22212369;6284;3534;4713
9428;22217082;9424;2357;4714
9429;22221796;7071;3142;4714
9430;22226510;7855;2829;4715
9431;22231225;9430;2357;4715
9432;22235940;7071;3144;4716
9433;22240656;5371;4140;4716
9434;22245372;6095;3649;4717
9435;22250089;6943;3204;4717
9436;22254806;5502;4044;4718
9437;22259524;9434;2359;4718
9438;22264242;6413;3471;4719
9439;22268961;5082;4381;4719
9440;22273680;5392;4130;4720
9441;22278400;4840;4602;4720
9442;22283120;14163;1573;4721
9443;22287841;9442;2360;4721
9444;22292562;5664;3935;4722
9445;22297284;9442;2361;4722
9446;22302006;22297283;1;4723
9447;22306729;9446;2361;4723
9448;22311452;6296;3543;4724
9449;22316176;9446;2362;4724
9450;22320900;14169;1575;4725
9451;22325625;5905;3780;4725
9452;22330350;9448;2363;4726
9453;22335076;4865;4590;4726
9454;22339802;5075;4401;4727
9455;22344529;5542;4031;4727
9456;22349256;6672;3349;4728
9457;22353984;5713;3912;4728
9458;22358712;137141;163;4729
9459;22363441;9458;2364;4729
9460;22368170;5160;4334;4730
9461;22372900;9458;2365;4730
9462;22377630;14187;1577;4731
9463;22382361;4902;4565;4731
9464;22387092;5005;4472;4732
9465;22391824;5187;4316;4732
9466;22396556;14199;1577;4733
9467;22401289;9466;2366;4733
9468;22406022;5523;4056;4734
9469;22410756;9466;2367;4734
9470;22415490;23665;947;4735
9471;22420225;5682;3945;4735
9472;22424960;5328;4208;4736
9473;22429696;5920;3788;4736
9474;22434432;7895;2841;4737
9475;22439169;6316;3552;4737
9476;22443906;5888;3811;4738
9477;22448644;7107;3158;4738
9478;22453382;11053;2031;4739
9479;22458121;9478;2369;4739
9480;22462860;5451;4120;4740
9481;22467600;5530;4062;4740
9482;22472340;7447;3017;4741
9483;22477081;5172;4345;4741
9484;22481822;7113;3160;4742
9485;22486564;9482;2371;4742
9486;22491306;5797;3879;4743
9487;22496049;7113;3162;4743
9488;22500792;9484;2372;4744
9489;22505536;5337;4216;4744
9490;22510280;6045;3723;4745
9491;22515025;5930;3796;4745
9492;22519770;5424;4151;4746
9493;22524516;5110;4407;4746
9494;22529262;6565;3431;4747
9495;22534009;5311;4242;4747
9496;22538756;6328;3561;4748
9497;22543504;9494;2374;4748
9498;22548252;14241;1583;4749
9499;22553001;6332;3561;4749
9500;22557750;5935;3800;4750
9501;22562500;7125;3166;4750
9502;22567250;14253;1583;4751
9503;22572001;9502;2375;4751
9504;22576752;4950;4560;4752
9505;22581504;9502;2376;4752
9506;22586256;33257;679;4753
9507;22591009;4851;4656;4753
9508;22595762;7131;3168;4754
9509;22600516;9506;2377;4754
9510;22605270;6657;3395;4755
9511;22610025;7131;3170;4755
9512;22614780;9508;2378;4756
9513;22619536;5945;3804;4756
9514;22624292;14271;1585;4757
9515;22629049;5494;4118;4757
9516;22633806;5002;4524;4758
9517;22638564;5226;4331;4758
9518;22643322;318853;71;4759
9519;22648081;9518;2379;4759
9520;22652840;4880;4641;4760
9521;22657600;9518;2380;4760
9522;22662360;14277;1587;4761
9523;22667121;4830;4692;4761
9524;22671882;9520;2381;4762
9525;22676644;7143;3174;4762
9526;22681406;5819;3897;4763
9527;22686169;9526;2381;4763
9528;22690932;7143;3176;4764
9529;22695696;5196;4367;4764
9530;22700460;10483;2165;4765
9531;22705225;5718;3970;4765
9532;22709990;7149;3176;4766
9533;22714756;9530;2383;4766
9534;22719522;6671;3405;4767
9535;22724289;7149;3178;4767
9536;22729056;9532;2384;4768
9537;22733824;5448;4172;4768
9538;22738592;5271;4313;4769
9539;22743361;5662;4016;4769
9540;22748130;5088;4470;4770
9541;22752900;5035;4518;4770
9542;22757670;6973;3263;4771
9543;22762441;5505;4134;4771
9544;22767212;5965;3816;4772
9545;22771984;9542;2386;4772
9546;22776756;13579;1677;4773
9547;22781529;6364;3579;4773
9548;22786302;8351;2728;4774
9549;22791076;5698;3999;4774
9550;22795850;7067;3225;4775
9551;22800625;5425;4202;4775
9552;22805400;5208;4378;4776
9553;22810176;4975;4584;4776
9554;22814952;7025;3247;4777
9555;22819729;6744;3383;4777
9556;22824506;7167;3184;4778
9557;22829284;9554;2389;4778
9558;22834062;7587;3009;4779
9559;22838841;7167;3186;4779
9560;22843620;9556;2390;4780
9561;22848400;5310;4302;4780
9562;22853180;6147;3717;4781
9563;22857961;6692;3415;4781
9564;22862742;5736;3985;4782
9565;22867524;5579;4098;4782
9566;22872306;33481;683;4783
9567;22877089;9566;2391;4783
9568;22881872;6376;3588;4784
9569;22886656;9566;2392;4784
9570;22891440;14349;1595;4785
9571;22896225;5060;4524;4785
9572;22901010;9568;2393;4786
9573;22905796;7179;3190;4786
9574;22910582;14361;1595;4787
9575;22915369;9574;2393;4787
9576;22920156;7179;3192;4788
9577;22924944;9574;2394;4788
9578;22929732;22924943;1;4789
9579;22934521;9578;2394;4789
9580;22939310;5320;4311;4790
9581;22944100;9578;2395;4790
9582;22948890;14367;1597;4791
9583;22953681;7185;3194;4791
9584;22958472;5990;3832;4792
9585;22963264;6388;3594;4792
9586;22968056;14379;1597;4793
9587;22972849;9586;2396;4793
9588;22977642;6392;3594;4794
9589;22982436;9586;2397;4794
9590;22987230;23965;959;4795
9591;22992025;4935;4658;4795
9592;22996820;5123;4488;4796
9593;23001616;5995;3836;4796
9594;23006412;5343;4305;4797
9595;23011209;5148;4469;4797
9596;23016006;9592;2399;4798
9597;23020804;7197;3198;4798
9598;23025602;14397;1599;4799
9599;23030401;9598;2399;4799
9600;23035200;7197;3200;4800
9601;23040000;9598;2400;4800
9602;23044800;23039999;1;4801
9603;23049601;9602;2400;4801
9604;23054402;4900;4704;4802
9605;23059204;9602;2401;4802
9606;23064006;14403;1601;4803
9607;23068809;7203;3202;4803
9608;23073612;8407;2744;4804
9609;23078416;6404;3603;4804
9610;23083220;8005;2883;4805
9611;23088025;6005;3844;4805
9612;23092830;6408;3603;4806
9613;23097636;5518;4185;4806
9614;23102442;6479;3565;4807
9615;23107249;5073;4554;4807
9616;23112056;5409;4272;4808
9617;23116864;6611;3496;4808
9618;23121672;5267;4389;4809
9619;23126481;5496;4207;4809
9620;23131290;6010;3848;4810
9621;23136100;5954;3885;4810
9622;23140910;5943;3893;4811
9623;23145721;6290;3679;4811
9624;23150532;5213;4440;4812
9625;23155344;6817;3396;4812
9626;23160156;81821;283;4813
9627;23164969;9626;2406;4813
9628;23169782;7221;3208;4814
9629;23174596;9626;2407;4814
9630;23179410;14439;1605;4815
9631;23184225;6206;3735;4815
9632;23189040;4988;4648;4816
9633;23193856;5040;4601;4816
9634;23198672;14451;1605;4817
9635;23203489;9634;2408;4817
9636;23208306;5621;4128;4818
9637;23213124;9634;2409;4818
9638;23217942;293837;79;4819
9639;23222761;5214;4453;4819
9640;23227580;5302;4380;4820
9641;23232400;9638;2410;4820
9642;23237220;14457;1607;4821
9643;23242041;6428;3615;4821
9644;23246862;9640;2411;4822
9645;23251684;7233;3214;4822
9646;23256506;11249;2067;4823
9647;23261329;9646;2411;4823
9648;23266152;7233;3216;4824
9649;23270976;5226;4452;4824
9650;23275800;6755;3445;4825
9651;23280625;5025;4632;4825
9652;23285450;5092;4572;4826
9653;23290276;6350;3667;4826
9654;23295102;8045;2895;4827
9655;23299929;7239;3218;4827
9656;23304756;5396;4318;4828
9657;23309584;6436;3621;4828
9658;23314412;14487;1609;4829
9659;23319241;7463;3124;4829
9660;23324070;4899;4760;4830
9661;23328900;5313;4390;4830
9662;23333730;53141;439;4831
9663;23338561;9662;2415;4831
9664;23343392;5152;4530;4832
9665;23348224;9662;2416;4832
9666;23353056;14493;1611;4833
9667;23357889;5436;4296;4833
9668;23362722;9664;2417;4834
9669;23367556;7251;3222;4834
9670;23372390;8055;2901;4835
9671;23377225;9670;2417;4835
9672;23382060;7251;3224;4836
9673;23386896;5802;4030;4836
9674;23391732;6769;3455;4837
9675;23396569;5642;4146;4837
9676;23401406;5084;4602;4838
9677;23406244;9674;2419;4838
9678;23411082;11291;2073;4839
9679;23415921;7257;3226;4839
9680;23420760;4961;4720;4840
9681;23425600;6452;3630;4840
9682;23430440;14523;1613;4841
9683;23435281;5170;4532;4841
9684;23440122;5380;4356;4842
9685;23444964;9682;2421;4842
9686;23449806;7849;2987;4843
9687;23454649;7801;3006;4843
9688;23459492;5649;4152;4844
9689;23464336;5017;4676;4844
9690;23469180;7395;3173;4845
9691;23474025;5190;4522;4845
9692;23478870;9688;2423;4846
9693;23483716;7269;3230;4846
9694;23488562;6681;3515;4847
9695;23493409;9694;2423;4847
9696;23498256;7269;3232;4848
9697;23503104;6288;3737;4848
9698;23507952;13801;1703;4849
9699;23512801;5252;4476;4849
9700;23517650;5050;4656;4850
9701;23522500;6305;3730;4850
9702;23527350;5733;4103;4851
9703;23532201;4950;4753;4851
9704;23537052;6065;3880;4852
9705;23541904;6468;3639;4852
9706;23546756;5313;4431;4853
9707;23551609;9706;2426;4853
9708;23556462;6472;3639;4854
9709;23561316;9706;2427;4854
9710;23566170;22333;1055;4855
9711;23571025;5826;4045;4855
9712;23575880;6472;3642;4856
9713;23580736;6070;3884;4856
9714;23585592;8095;2913;4857
9715;23590449;6476;3642;4857
9716;23595306;5552;4249;4858
9717;23600164;7287;3238;4858
9718;23605022;14577;1619;4859
9719;23609881;9718;2429;4859
9720;23614740;5205;4536;4860
9721;23619600;5085;4644;4860
9722;23624460;209023;113;4861
9723;23629321;9722;2430;4861
9724;23634182;5049;4680;4862
9725;23639044;9722;2431;4862
9726;23643906;14583;1621;4863
9727;23648769;7293;3242;4863
9728;23653632;5168;4576;4864
9729;23658496;6484;3648;4864
9730;23663360;8105;2919;4865
9731;23668225;5282;4480;4865
9732;23673090;6488;3648;4866
9733;23677956;5677;4170;4866
9734;23682822;5495;4309;4867
9735;23687689;9734;2433;4867
9736;23692556;6488;3651;4868
9737;23697424;9734;2434;4868
9738;23702292;14601;1623;4869
9739;23707161;6492;3651;4869
9740;23712030;6085;3896;4870
9741;23716900;5410;4383;4870
9742;23721770;14613;1623;4871
9743;23726641;9742;2435;4871
9744;23731512;5844;4060;4872
9745;23736384;9742;2436;4872
9746;23741256;53581;443;4873
9747;23746129;5316;4466;4873
9748;23751002;7311;3248;4874
9749;23755876;9746;2437;4874
9750;23760750;5759;4125;4875
9751;23765625;7311;3250;4875
9752;23770500;9748;2438;4876
9753;23775376;5300;4485;4876
9754;23780252;14631;1625;4877
9755;23785129;9754;2438;4877
9756;23790006;6233;3816;4878
9757;23794884;9754;2439;4878
9758;23799762;34139;697;4879
9759;23804641;5166;4607;4879
9760;23809520;5420;4392;4880
9761;23814400;5002;4760;4880
9762;23819280;11389;2091;4881
9763;23824161;6508;3660;4881
9764;23829042;9760;2441;4882
9765;23833924;7323;3254;4882
9766;23838806;14649;1627;4883
9767;23843689;9766;2441;4883
9768;23848572;7323;3256;4884
9769;23853456;5654;4218;4884
9770;23858340;18563;1285;4885
9771;23863225;5862;4070;4885
9772;23868110;5698;4188;4886
9773;23872996;6839;3490;4886
9774;23877882;8145;2931;4887
9775;23882769;6282;3801;4887
9776;23887656;5264;4537;4888
9777;23892544;5076;4706;4888
9778;23897432;14667;1629;4889
9779;23902321;9778;2444;4889
9780;23907210;5640;4238;4890
9781;23912100;9778;2445;4890
9782;23916990;327563;73;4891
9783;23921881;9782;2445;4891
9784;23926772;6115;3912;4892
9785;23931664;9782;2446;4892
9786;23936556;14673;1631;4893
9787;23941449;6524;3669;4893
9788;23946342;9784;2447;4894
9789;23951236;7341;3262;4894
9790;23956130;6853;3495;4895
9791;23961025;9790;2447;4895
9792;23965920;7341;3264;4896
9793;23970816;5280;4539;4896
9794;23975712;5251;4565;4897
9795;23980609;5644;4248;4897
9796;23985506;5056;4743;4898
9797;23990404;5146;4661;4898
9798;23995302;5727;4189;4899
9799;24000201;5451;4402;4899
9800;24005100;5425;4424;4900
9801;24010000;4970;4830;4900
9802;24014900;6177;3887;4901
9803;24019801;5075;4732;4901
9804;24024702;5160;4655;4902
9805;24029604;6422;3741;4902
9806;24034506;63739;377;4903
9807;24039409;9806;2451;4903
9808;24044312;6536;3678;4904
9809;24049216;9806;2452;4904
9810;24054120;14709;1635;4905
9811;24059025;5517;4360;4905
9812;24063930;6743;3568;4906
9813;24068836;5995;4014;4906
9814;24073742;6309;3815;4907
9815;24078649;7711;3122;4907
9816;24083556;5352;4499;4908
9817;24088464;5726;4206;4908
9818;24093372;34363;701;4909
9819;24098281;9818;2454;4909
9820;24103190;5892;4090;4910
9821;24108100;9818;2455;4910
9822;24113010;14727;1637;4911
9823;24117921;7365;3274;4911
9824;24122832;6140;3928;4912
9825;24127744;6548;3684;4912
9826;24132656;14739;1637;4913
9827;24137569;5219;4624;4913
9828;24142482;5526;4368;4914
9829;24147396;5202;4641;4914
9830;24152310;16711;1445;4915
9831;24157225;5898;4095;4915
9832;24162140;6552;3687;4916
9833;24167056;6145;3932;4916
9834;24171972;8195;2949;4917
9835;24176889;6556;3687;4917
9836;24181806;9832;2459;4918
9837;24186724;7377;3278;4918
9838;24191642;14757;1639;4919
9839;24196561;9838;2459;4919
9840;24201480;7377;3280;4920
9841;24206400;9838;2460;4920
9842;24211320;34433;703;4921
9843;24216241;5180;4674;4921
9844;24221162;5136;4715;4922
9845;24226084;5957;4066;4922
9846;24231006;6327;3829;4923
9847;24235929;7383;3282;4923
9848;24240852;9844;2462;4924
9849;24245776;6564;3693;4924
9850;24250700;8205;2955;4925
9851;24255625;6155;3940;4925
9852;24260550;6568;3693;4926
9853;24265476;5910;4105;4926
9854;24270402;9475;2561;4927
9855;24275329;9854;2463;4927
9856;24280256;5747;4224;4928
9857;24285184;5306;4576;4928
9858;24290112;11749;2067;4929
9859;24295041;5088;4774;4929
9860;24299970;5104;4760;4930
9861;24304900;5270;4611;4930
9862;24309830;14793;1643;4931
9863;24314761;9862;2465;4931
9864;24319692;5220;4658;4932
9865;24324624;9862;2466;4932
9866;24329556;24324623;1;4933
9867;24334489;9866;2466;4933
9868;24339422;7401;3288;4934
9869;24344356;9866;2467;4934
9870;24349290;14799;1645;4935
9871;24354225;7401;3290;4935
9872;24359160;9868;2468;4936
9873;24364096;5640;4319;4936
9874;24369032;14811;1645;4937
9875;24373969;9874;2468;4937
9876;24378906;6584;3702;4938
9877;24383844;9874;2469;4938
9878;24388782;54307;449;4939
9879;24393721;9053;2694;4939
9880;24398660;5928;4115;4940
9881;24403600;5434;4490;4940
9882;24408540;6039;4041;4941
9883;24413481;5130;4758;4941
9884;24418422;5320;4589;4942
9885;24423364;6354;3843;4942
9886;24428306;14829;1647;4943
9887;24433249;9886;2471;4943
9888;24438192;5648;4326;4944
9889;24443136;9886;2472;4944
9890;24448080;24715;989;4945
9891;24453025;5160;4738;4945
9892;24457970;7419;3296;4946
9893;24462916;9890;2473;4946
9894;24467862;5865;4171;4947
9895;24472809;7419;3298;4947
9896;24477756;9892;2474;4948
9897;24482704;6596;3711;4948
9898;24487652;5151;4753;4949
9899;24492601;8659;2828;4949
9900;24497550;6185;3960;4950
9901;24502500;5050;4851;4950
9902;24507450;34657;707;4951
9903;24512401;9902;2475;4951
9904;24517352;5571;4400;4952
9905;24522304;9902;2476;4952
9906;24527256;14853;1651;4953
9907;24532209;6604;3714;4953
9908;24537162;9904;2477;4954
9909;24542116;7431;3302;4954
9910;24547070;8255;2973;4955
9911;24552025;9910;2477;4955
9912;24556980;7431;3304;4956
9913;24561936;5946;4130;4956
9914;24566892;24785;991;4957
9915;24571849;9914;2478;4957
9916;24576806;5628;4366;4958
9917;24581764;9914;2479;4958
9918;24586722;14871;1653;4959
9919;24591681;5829;4218;4959
9920;24596640;5360;4588;4960
9921;24601600;5220;4712;4960
9922;24606560;6061;4059;4961
9923;24611521;5084;4840;4961
9924;24616482;5952;4135;4962
9925;24621444;9097;2706;4962
9926;24626406;7799;3157;4963
9927;24631369;5789;4254;4963
9928;24636332;6616;3723;4964
9929;24641296;8687;2836;4964
9930;24646260;6951;3545;4965
9931;24651225;5627;4380;4965
9932;24656190;6494;3796;4966
9933;24661156;5730;4303;4966
9934;24666122;14901;1655;4967
9935;24671089;9934;2483;4967
9936;24676056;5157;4784;4968
9937;24681024;9934;2484;4968
9938;24685992;24681023;1;4969
9939;24690961;9938;2484;4969
9940;24695930;5040;4899;4970
9941;24700900;9938;2485;4970
9942;24705870;14907;1657;4971
9943;24710841;7455;3314;4971
9944;24715812;5467;4520;4972
9945;24720784;6628;3729;4972
9946;24725756;14919;1657;4973
9947;24730729;9946;2486;4973
9948;24735702;6632;3729;4974
9949;24740676;9946;2487;4974
9950;24745650;24865;995;4975
9951;24750625;5970;4145;4975
9952;24755600;6632;3732;4976
9953;24760576;6220;3980;4976
9954;24765552;5925;4179;4977
9955;24770529;5598;4424;4977
9956;24775506;5909;4192;4978
9957;24780484;5502;4503;4978
9958;24785462;7189;3447;4979
9959;24790441;7277;3406;4979
9960;24795420;5240;4731;4980
9961;24800400;5395;4596;4980
9962;24805380;6511;3809;4981
9963;24810361;5644;4395;4981
9964;24815342;5640;4399;4982
9965;24820324;9962;2491;4982
9966;24825306;7701;3223;4983
9967;24830289;7097;3498;4983
9968;24835272;5264;4717;4984
9969;24840256;5874;4228;4984
9970;24845240;8305;2991;4985
9971;24850225;6230;3988;4985
9972;24855210;5607;4432;4986
9973;24860196;5982;4155;4986
9974;24865182;24935;997;4987
9975;24870169;9974;2493;4987
9976;24875156;6648;3741;4988
9977;24880144;9974;2494;4988
9978;24885132;14961;1663;4989
9979;24890121;6652;3741;4989
9980;24895110;6235;3992;4990
9981;24900100;7485;3326;4990
9982;24905090;11641;2139;4991
9983;24910081;6986;3565;4991
9984;24915072;5988;4160;4992
9985;24920064;5152;4836;4992
9986;24925056;34951;713;4993
9987;24930049;9986;2496;4993
9988;24935042;5448;4576;4994
9989;24940036;9986;2497;4994
9990;24945030;14979;1665;4995
9991;24950025;6105;4086;4995
9992;24955020;9988;2498;4996
9993;24960016;6245;3996;4996
9994;24965012;6327;3945;4997
9995;24970009;9994;2498;4997
9996;24975006;6664;3747;4998
9997;24980004;5523;4522;4998
9998;24985002;94981;263;4999
9999;24990001;9998;2499;4999
10000;24995000;5100;4900;5000
