n;A004613;weight;level;jump
1;1;0;0;4
2;5;0;0;8
3;13;9;1;4
4;17;9;1;8
5;25;7;3;4
6;29;21;1;8
7;37;11;3;4
8;41;29;1;12
9;53;9;5;8
10;61;19;3;4
11;65;19;3;8
12;73;61;1;12
13;85;9;9;4
14;89;9;9;8
15;97;31;3;4
16;101;31;3;8
17;109;5;21;4
18;113;101;1;12
19;125;113;1;12
20;137;43;3;8
21;145;47;3;4
22;149;47;3;8
23;157;29;5;12
24;169;5;33;4
25;173;11;15;8
26;181;59;3;4
27;185;59;3;8
28;193;7;27;4
29;197;9;21;8
30;205;21;9;16
31;221;71;3;8
32;229;5;45;4
33;233;9;25;8
34;241;25;9;16
35;257;83;3;8
36;265;9;29;4
37;269;9;29;8
38;277;7;39;4
39;281;13;21;8
40;289;5;57;4
41;293;281;1;12
42;305;9;33;8
43;313;103;3;4
44;317;103;3;8
45;325;313;1;12
46;337;13;25;12
47;349;5;69;4
48;353;31;11;12
49;365;17;21;8
50;373;9;41;4
51;377;73;5;12
52;389;127;3;8
53;397;131;3;4
54;401;131;3;8
55;409;397;1;12
56;421;139;3;4
57;425;139;3;8
58;433;421;1;12
59;445;7;63;4
60;449;9;49;8
61;457;151;3;4
62;461;21;21;20
63;481;9;53;4
64;485;9;53;8
65;493;13;37;12
66;505;167;3;4
67;509;71;7;12
68;521;509;1;12
69;533;15;35;8
70;541;179;3;4
71;545;13;41;12
72;557;9;61;8
73;565;11;51;4
74;569;11;51;8
75;577;17;33;16
76;593;9;65;8
77;601;19;31;12
78;613;7;87;4
79;617;21;29;8
80;625;9;69;4
81;629;617;1;12
82;641;17;37;12
83;653;15;43;8
84;661;59;11;12
85;673;223;3;4
86;677;223;3;8
87;685;227;3;4
88;689;227;3;8
89;697;7;99;4
90;701;9;77;8
91;709;21;33;16
92;725;239;3;8
93;733;103;7;12
94;745;733;1;12
95;757;251;3;4
96;761;251;3;8
97;769;5;153;4
98;773;761;1;12
99;785;21;37;8
100;793;263;3;4
101;797;157;5;12
102;809;797;1;12
103;821;271;3;8
104;829;19;43;12
105;841;9;93;4
106;845;9;93;8
107;853;283;3;4
108;857;283;3;8
109;865;853;1;12
110;877;9;97;4
111;881;21;41;20
112;901;13;69;4
113;905;59;15;20
114;925;307;3;4
115;929;307;3;8
116;937;311;3;4
117;941;311;3;8
118;949;5;189;4
119;953;941;1;12
120;965;953;1;12
121;977;17;57;8
122;985;139;7;12
123;997;197;5;12
124;1009;5;201;4
125;1013;15;67;8
126;1021;9;113;4
127;1025;9;113;8
128;1033;7;147;4
129;1037;25;41;12
130;1049;17;61;12
131;1061;9;117;8
132;1069;5;213;4
133;1073;27;39;20
134;1093;9;121;4
135;1097;9;121;8
136;1105;367;3;4
137;1109;367;3;8
138;1117;13;85;12
139;1129;21;53;16
140;1145;379;3;8
141;1153;383;3;4
142;1157;383;3;8
143;1165;383;3;16
144;1181;17;69;8
145;1189;5;237;4
146;1193;15;79;8
147;1201;7;171;4
148;1205;9;133;8
149;1213;13;93;4
150;1217;241;5;12
151;1229;11;111;8
152;1237;9;137;4
153;1241;9;137;8
154;1249;1237;1;12
155;1261;83;15;16
156;1277;9;141;8
157;1285;7;183;4
158;1289;21;61;8
159;1297;431;3;4
160;1301;1289;1;12
161;1313;9;145;8
162;1321;439;3;4
163;1325;29;45;20
164;1345;443;3;16
165;1361;11;123;8
166;1369;5;273;4
167;1373;13;105;8
168;1381;9;153;4
169;1385;21;65;20
170;1405;467;3;4
171;1409;467;3;8
172;1417;281;5;12
173;1429;5;285;4
174;1433;29;49;12
175;1445;479;3;8
176;1453;131;11;12
177;1465;487;3;4
178;1469;31;47;12
179;1481;491;3;8
180;1489;5;297;4
181;1493;491;3;20
182;1513;503;3;4
183;1517;503;3;8
184;1525;17;89;12
185;1537;25;61;12
186;1549;5;309;4
187;1553;23;67;12
188;1565;103;15;20
189;1585;13;121;12
190;1597;9;177;4
191;1601;9;177;8
192;1609;5;321;4
193;1613;15;107;8
194;1621;7;231;4
195;1625;1613;1;12
196;1637;13;125;12
197;1649;547;3;8
198;1657;35;47;12
199;1669;1657;1;12
200;1681;13;129;4
201;1685;13;129;8
202;1693;563;3;4
203;1697;337;5;12
204;1709;9;189;8
205;1717;571;3;4
206;1721;1709;1;12
207;1733;15;115;8
208;1741;9;193;4
209;1745;9;193;8
210;1753;1741;1;12
211;1765;587;3;4
212;1769;587;3;8
213;1777;9;197;4
214;1781;9;197;8
215;1789;1777;1;12
216;1801;1777;1;24
217;1825;599;3;28
218;1853;9;205;8
219;1861;619;3;4
220;1865;619;3;8
221;1873;7;267;4
222;1877;21;89;8
223;1885;9;209;4
224;1889;1877;1;12
225;1901;1889;1;12
226;1913;15;127;8
227;1921;23;83;12
228;1933;643;3;4
229;1937;643;3;8
230;1945;647;3;4
231;1949;13;149;12
232;1961;1949;1;12
233;1973;37;53;12
234;1985;659;3;8
235;1993;9;221;4
236;1997;9;221;8
237;2005;1993;1;12
238;2017;401;5;12
239;2029;2017;1;12
240;2041;7;291;4
241;2045;21;97;8
242;2053;21;97;16
243;2069;17;121;12
244;2081;691;3;8
245;2089;691;3;16
246;2105;9;233;8
247;2113;19;111;4
248;2117;19;111;8
249;2125;7;303;4
250;2129;21;101;8
251;2137;9;237;4
252;2141;2129;1;12
253;2153;11;195;8
254;2161;719;3;4
255;2165;719;3;8
256;2173;307;7;24
257;2197;727;3;16
258;2213;9;245;8
259;2221;739;3;4
260;2225;2213;1;12
261;2237;743;3;8
262;2245;9;249;4
263;2249;9;249;8
264;2257;449;5;12
265;2269;5;453;4
266;2273;15;151;8
267;2281;9;253;4
268;2285;9;253;8
269;2293;7;327;4
270;2297;21;109;8
271;2305;13;177;4
272;2309;21;109;20
273;2329;5;465;4
274;2333;15;155;8
275;2341;17;137;12
276;2353;9;261;4
277;2357;41;57;20
278;2377;7;339;4
279;2381;21;113;8
280;2389;5;477;4
281;2393;2381;1;12
282;2405;2393;1;12
283;2417;11;219;8
284;2425;19;127;12
285;2437;811;3;4
286;2441;2417;1;24
287;2465;9;273;8
288;2473;823;3;4
289;2477;223;11;24
290;2501;9;277;8
291;2509;227;11;12
292;2521;839;3;4
293;2525;839;3;8
294;2533;2521;1;12
295;2545;7;363;4
296;2549;11;231;8
297;2557;23;111;4
298;2561;21;121;20
299;2581;367;7;12
300;2593;29;89;12
301;2605;9;289;4
302;2609;9;289;8
303;2617;13;201;4
304;2621;2609;1;12
305;2633;2609;1;24
306;2657;883;3;8
307;2665;887;3;4
308;2669;887;3;8
309;2677;13;205;12
310;2689;5;537;4
311;2693;15;179;8
312;2701;29;93;4
313;2705;29;93;8
314;2713;37;73;12
315;2725;907;3;4
316;2729;13;209;12
317;2741;911;3;8
318;2749;5;549;4
319;2753;2729;1;24
320;2777;13;213;8
321;2785;9;309;4
322;2789;9;309;8
323;2797;7;399;4
324;2801;19;147;8
325;2809;5;561;4
326;2813;2801;1;12
327;2825;9;313;8
328;2833;23;123;4
329;2837;23;123;8
330;2845;2833;1;12
331;2857;9;317;4
332;2861;37;77;12
333;2873;2861;1;12
334;2885;13;221;12
335;2897;577;5;12
336;2909;967;3;8
337;2917;35;83;12
338;2929;2917;1;12
339;2941;29;101;12
340;2953;983;3;4
341;2957;983;3;8
342;2965;7;423;4
343;2969;9;329;8
344;2977;21;141;16
345;2993;15;199;8
346;3001;9;333;4
347;3005;271;11;24
348;3029;19;159;8
349;3037;9;337;4
350;3041;9;337;8
351;3049;3037;1;12
352;3061;1019;3;4
353;3065;43;71;12
354;3077;9;341;8
355;3085;13;237;4
356;3089;31;99;20
357;3109;19;163;12
358;3121;1039;3;4
359;3125;1039;3;8
360;3133;7;447;4
361;3137;21;149;8
362;3145;21;149;16
363;3161;1051;3;8
364;3169;41;77;12
365;3181;41;77;24
366;3205;11;291;4
367;3209;11;291;8
368;3217;7;459;4
369;3221;9;357;8
370;3229;5;645;4
371;3233;21;153;20
372;3253;9;361;4
373;3257;9;361;8
374;3265;3253;1;12
375;3277;1091;3;4
376;3281;467;7;12
377;3293;9;365;8
378;3301;7;471;4
379;3305;21;157;8
380;3313;21;157;16
381;3329;31;107;12
382;3341;11;303;8
383;3349;47;71;12
384;3361;9;373;4
385;3365;9;373;8
386;3373;3361;1;12
387;3385;7;483;4
388;3389;673;5;24
389;3413;19;179;12
390;3425;17;201;8
391;3433;311;11;12
392;3445;31;111;4
393;3449;31;111;8
394;3457;1151;3;4
395;3461;1151;3;8
396;3469;1151;3;16
397;3485;23;151;12
398;3497;1163;3;8
399;3505;499;7;12
400;3517;701;5;12
401;3529;5;705;4
402;3533;15;235;8
403;3541;9;393;4
404;3545;3533;1;12
405;3557;3533;1;24
406;3581;9;397;8
407;3589;5;717;4
408;3593;15;239;8
409;3601;37;97;12
410;3613;9;401;4
411;3617;9;401;8
412;3625;3613;1;12
413;3637;25;145;12
414;3649;5;729;4
415;3653;331;11;12
416;3665;23;159;8
417;3673;1223;3;4
418;3677;23;159;20
419;3697;1231;3;4
420;3701;1231;3;8
421;3709;3697;1;12
422;3721;7;531;4
423;3725;9;413;8
424;3733;11;339;4
425;3737;21;177;20
426;3757;9;417;4
427;3761;9;417;8
428;3769;27;139;16
429;3785;1259;3;8
430;3793;9;421;4
431;3797;9;421;8
432;3805;7;543;4
433;3809;3797;1;12
434;3821;13;293;12
435;3833;3821;1;12
436;3845;1279;3;8
437;3853;23;167;12
438;3865;9;429;4
439;3869;9;429;8
440;3877;1291;3;4
441;3881;1291;3;8
442;3889;5;777;4
443;3893;53;73;24
444;3917;1303;3;8
445;3925;1307;3;4
446;3929;433;9;32
447;3961;1319;3;4
448;3965;1319;3;8
449;3973;7;567;4
450;3977;9;441;8
451;3985;1327;3;4
452;3989;41;97;12
453;4001;3989;1;12
454;4013;9;445;8
455;4021;19;211;12
456;4033;4021;1;12
457;4045;9;449;4
458;4049;9;449;8
459;4057;809;5;12
460;4069;5;813;4
461;4073;21;193;20
462;4093;29;141;4
463;4097;29;141;8
464;4105;29;141;16
465;4121;9;457;8
466;4129;5;825;4
467;4133;11;375;8
468;4141;7;591;4
469;4145;21;197;8
470;4153;9;461;4
471;4157;21;197;20
472;4177;13;321;4
473;4181;57;73;20
474;4201;1399;3;4
475;4205;599;7;12
476;4217;23;183;8
477;4225;7;603;4
478;4229;4217;1;12
479;4241;4229;1;12
480;4253;15;283;8
481;4261;9;473;4
482;4265;9;473;8
483;4273;4261;1;12
484;4285;1427;3;4
485;4289;1427;3;8
486;4297;4273;1;24
487;4321;1439;3;4
488;4325;19;227;12
489;4337;25;173;12
490;4349;1447;3;8
491;4357;55;79;12
492;4369;5;873;4
493;4373;9;485;8
494;4381;1459;3;4
495;4385;4373;1;12
496;4397;11;399;8
497;4405;9;489;4
498;4409;4397;1;12
499;4421;27;163;20
500;4441;43;103;12
501;4453;1483;3;4
502;4457;35;127;12
503;4469;4457;1;12
504;4481;41;109;12
505;4493;4481;1;12
506;4505;1499;3;8
507;4513;9;501;4
508;4517;9;501;8
509;4525;4513;1;12
510;4537;25;181;12
511;4549;5;909;4
512;4553;9;505;8
513;4561;4549;1;12
514;4573;21;217;16
515;4589;9;509;8
516;4597;269;17;24
517;4621;9;513;4
518;4625;9;513;8
519;4633;1543;3;4
520;4637;1543;3;8
521;4645;7;663;4
522;4649;13;357;8
523;4657;17;273;16
524;4673;59;79;12
525;4685;311;15;20
526;4705;1567;3;4
527;4709;1567;3;8
528;4717;1571;3;4
529;4721;1571;3;8
530;4729;5;945;4
531;4733;4721;1;12
532;4745;21;225;20
533;4765;49;97;12
534;4777;953;5;12
535;4789;5;957;4
536;4793;11;435;8
537;4801;4789;1;12
538;4813;7;687;4
539;4817;21;229;8
540;4825;4801;1;24
541;4849;691;7;12
542;4861;17;285;16
543;4877;9;541;8
544;4885;1627;3;4
545;4889;4877;1;12
546;4901;21;233;8
547;4909;5;981;4
548;4913;13;377;12
549;4925;11;447;8
550;4933;31;159;4
551;4937;33;149;20
552;4957;23;215;12
553;4969;5;993;4
554;4973;15;331;8
555;4981;7;711;4
556;4985;9;553;8
557;4993;21;237;16
558;5009;1667;3;8
559;5017;9;557;4
560;5021;263;19;24
561;5045;719;7;12
562;5057;9;561;8
563;5065;7;723;4
564;5069;21;241;8
565;5077;19;267;4
566;5081;21;241;20
567;5101;1699;3;4
568;5105;1699;3;8
569;5113;5101;1;12
570;5125;39;131;16
571;5141;23;223;12
572;5153;15;343;8
573;5161;9;573;4
574;5165;21;245;20
575;5185;11;471;4
576;5189;11;471;8
577;5197;17;305;12
578;5209;5;1041;4
579;5213;577;9;20
580;5233;7;747;4
581;5237;9;581;8
582;5245;1747;3;4
583;5249;5237;1;12
584;5261;29;181;12
585;5273;9;585;8
586;5281;27;195;16
587;5297;41;129;8
588;5305;9;589;4
589;5309;9;589;8
590;5317;7;759;4
591;5321;11;483;8
592;5329;5;1065;4
593;5333;17;313;12
594;5345;9;593;8
595;5353;49;109;12
596;5365;1783;3;16
597;5381;9;597;8
598;5389;5;1077;4
599;5393;27;199;20
600;5413;9;601;4
601;5417;23;235;12
602;5429;13;417;8
603;5437;1811;3;4
604;5441;1811;3;8
605;5449;1811;3;16
606;5465;17;321;8
607;5473;1823;3;4
608;5477;1823;3;8
609;5485;1823;3;16
610;5501;499;11;12
611;5513;15;367;8
612;5521;9;613;4
613;5525;367;15;20
614;5545;503;11;12
615;5557;1109;5;12
616;5569;5;1113;4
617;5573;15;371;8
618;5581;11;507;4
619;5585;5573;1;12
620;5597;33;169;20
621;5617;19;295;12
622;5629;41;137;12
623;5641;1879;3;4
624;5645;1879;3;8
625;5653;7;807;4
626;5657;1129;5;12
627;5669;21;269;20
628;5689;5;1137;4
629;5693;15;379;8
630;5701;5689;1;12
631;5713;11;519;4
632;5717;11;519;8
633;5725;1907;3;4
634;5729;1907;3;8
635;5737;7;819;4
636;5741;9;637;8
637;5749;21;273;16
638;5765;523;11;12
639;5777;9;641;8
640;5785;641;9;16
641;5801;1931;3;8
642;5809;5;1161;4
643;5813;9;645;8
644;5821;7;831;4
645;5825;5813;1;12
646;5837;25;233;12
647;5849;9;649;8
648;5857;1951;3;4
649;5861;1951;3;8
650;5869;5857;1;12
651;5881;17;345;16
652;5897;13;453;8
653;5905;71;83;12
654;5917;21;281;16
655;5933;15;395;8
656;5941;1979;3;4
657;5945;1979;3;8
658;5953;13;457;12
659;5965;661;9;16
660;5981;11;543;8
661;5989;5;1197;4
662;5993;9;665;8
663;6001;1999;3;4
664;6005;21;285;20
665;6025;9;669;4
666;6029;9;669;8
667;6037;27;223;16
668;6053;863;7;12
669;6065;9;673;8
670;6073;19;319;12
671;6085;2027;3;4
672;6089;59;103;12
673;6101;9;677;8
674;6109;5;1221;4
675;6113;11;555;8
676;6121;41;149;12
677;6133;6121;1;12
678;6145;27;227;16
679;6161;13;473;12
680;6173;61;101;12
681;6185;6173;1;12
682;6197;2063;3;8
683;6205;563;11;12
684;6217;19;327;4
685;6221;19;327;8
686;6229;19;327;16
687;6245;9;693;8
688;6253;2083;3;4
689;6257;1249;5;12
690;6269;2087;3;8
691;6277;37;169;24
692;6301;2099;3;4
693;6305;29;217;12
694;6317;13;485;12
695;6329;21;301;8
696;6337;2111;3;4
697;6341;6329;1;12
698;6353;9;705;8
699;6361;907;7;12
700;6373;6361;1;12
701;6385;9;709;4
702;6389;9;709;8
703;6397;2131;3;4
704;6401;2131;3;8
705;6409;6397;1;12
706;6421;9;713;4
707;6425;53;121;12
708;6437;2143;3;8
709;6445;19;339;4
710;6449;2143;3;20
711;6469;5;1293;4
712;6473;15;431;8
713;6481;17;381;4
714;6485;6473;1;12
715;6497;9;721;8
716;6505;21;309;16
717;6521;13;501;8
718;6529;1301;5;24
719;6553;31;211;12
720;6565;9;729;4
721;6569;9;729;8
722;6577;7;939;4
723;6581;79;83;24
724;6605;9;733;8
725;6613;2203;3;4
726;6617;2203;3;8
727;6625;17;389;12
728;6637;9;737;4
729;6641;9;737;8
730;6649;5;1329;4
731;6653;15;443;8
732;6661;61;109;12
733;6673;21;317;16
734;6689;17;393;8
735;6697;23;291;4
736;6701;23;291;8
737;6709;23;291;16
738;6725;2239;3;8
739;6733;2243;3;4
740;6737;25;269;12
741;6749;9;749;8
742;6757;2251;3;4
743;6761;17;397;12
744;6773;11;615;8
745;6781;967;7;12
746;6793;6781;1;12
747;6805;6793;1;12
748;6817;1361;5;12
749;6829;5;1365;4
750;6833;13;525;8
751;6841;43;159;4
752;6845;6833;1;12
753;6857;9;761;8
754;6865;2287;3;4
755;6869;37;185;24
756;6893;983;7;12
757;6905;61;113;12
758;6917;21;329;8
759;6925;9;769;4
760;6929;21;329;20
761;6949;5;1389;4
762;6953;15;463;8
763;6961;463;15;16
764;6977;35;199;12
765;6989;13;537;8
766;6997;7;999;4
767;7001;29;241;12
768;7013;7001;1;12
769;7025;2339;3;8
770;7033;17;413;12
771;7045;13;541;12
772;7057;1409;5;12
773;7069;7057;1;12
774;7081;7;1011;4
775;7085;21;337;8
776;7093;21;337;16
777;7109;47;151;12
778;7121;2371;3;8
779;7129;647;11;12
780;7141;9;793;4
781;7145;1019;7;12
782;7157;2383;3;8
783;7165;23;311;12
784;7177;21;341;16
785;7193;797;9;20
786;7213;19;379;12
787;7225;29;249;4
788;7229;29;249;8
789;7237;2411;3;4
790;7241;7229;1;12
791;7253;9;805;8
792;7261;41;177;4
793;7265;557;13;24
794;7289;9;809;8
795;7297;31;235;12
796;7309;7297;1;12
797;7321;9;813;4
798;7325;9;813;8
799;7333;7321;1;12
800;7345;2447;3;4
801;7349;23;319;12
802;7361;9;817;8
803;7369;5;1473;4
804;7373;43;171;20
805;7393;9;821;4
806;7397;9;821;8
807;7405;7393;1;12
808;7417;7;1059;4
809;7421;31;239;12
810;7433;41;181;12
811;7445;37;201;8
812;7453;13;573;4
813;7457;13;573;8
814;7465;29;257;12
815;7477;47;159;4
816;7481;47;159;8
817;7489;7477;1;12
818;7501;499;15;16
819;7517;19;395;12
820;7529;23;327;8
821;7537;9;837;4
822;7541;9;837;8
823;7549;7537;1;12
824;7561;11;687;4
825;7565;11;687;8
826;7573;9;841;4
827;7577;9;841;8
828;7585;7;1083;4
829;7589;33;229;32
830;7621;2539;3;4
831;7625;2539;3;8
832;7633;2539;3;16
833;7649;2543;3;20
834;7669;5;1533;4
835;7673;15;511;8
836;7681;9;853;4
837;7685;47;163;24
838;7709;17;453;8
839;7717;49;157;24
840;7741;2579;3;4
841;7745;2579;3;8
842;7753;7;1107;4
843;7757;9;861;8
844;7765;13;597;4
845;7769;21;369;20
846;7789;5;1557;4
847;7793;9;865;8
848;7801;7789;1;12
849;7813;19;411;4
850;7817;19;411;8
851;7825;9;869;4
852;7829;9;869;8
853;7837;7;1119;4
854;7841;7829;1;12
855;7853;21;373;20
856;7873;43;183;4
857;7877;27;291;20
858;7897;9;877;4
859;7901;23;343;12
860;7913;15;527;8
861;7921;7;1131;4
862;7925;13;609;8
863;7933;9;881;4
864;7937;25;317;12
865;7949;2647;3;8
866;7957;35;227;12
867;7969;33;241;16
868;7985;2659;3;8
869;7993;23;347;12
870;8005;7;1143;4
871;8009;9;889;8
872;8017;2671;3;4
873;8021;8009;1;12
874;8033;13;617;12
875;8045;9;893;8
876;8053;17;473;12
877;8065;2687;3;4
878;8069;2687;3;8
879;8077;9;897;4
880;8081;9;897;8
881;8089;5;1617;4
882;8093;11;735;8
883;8101;2699;3;4
884;8105;8093;1;12
885;8117;9;901;8
886;8125;8101;1;24
887;8149;79;103;12
888;8161;45;181;16
889;8177;21;389;8
890;8185;8161;1;24
891;8209;1171;7;12
892;8221;8209;1;12
893;8233;13;633;4
894;8237;13;633;8
895;8245;41;201;4
896;8249;39;211;20
897;8269;5;1653;4
898;8273;751;11;12
899;8285;31;267;8
900;8293;9;921;4
901;8297;31;267;20
902;8317;17;489;4
903;8321;17;489;8
904;8329;5;1665;4
905;8333;53;157;12
906;8345;21;397;8
907;8353;11;759;4
908;8357;1669;5;12
909;8369;9;929;8
910;8377;2791;3;4
911;8381;2791;3;8
912;8389;2791;3;16
913;8405;39;215;20
914;8425;7;1203;4
915;8429;311;27;32
916;8461;2819;3;4
917;8465;2819;3;8
918;8473;8461;1;12
919;8485;11;771;4
920;8489;11;771;8
921;8497;19;447;4
922;8501;13;653;12
923;8513;9;945;8
924;8521;21;405;16
925;8537;2843;3;8
926;8545;51;167;28
927;8573;15;571;8
928;8581;9;953;4
929;8585;9;953;8
930;8593;7;1227;4
931;8597;21;409;8
932;8605;47;183;4
933;8609;8597;1;12
934;8621;9;957;8
935;8629;5;1725;4
936;8633;15;575;8
937;8641;8629;1;12
938;8653;8641;1;12
939;8665;2887;3;4
940;8669;2887;3;8
941;8677;7;1239;4
942;8681;21;413;8
943;8689;5;1737;4
944;8693;8681;1;12
945;8705;13;669;8
946;8713;77;113;12
947;8725;8713;1;12
948;8737;41;213;4
949;8741;41;213;8
950;8749;5;1749;4
951;8753;11;795;8
952;8761;7;1251;4
953;8765;43;203;36
954;8801;2927;3;20
955;8821;2939;3;4
956;8825;1259;7;12
957;8837;9;981;8
958;8845;7;1263;4
959;8849;21;421;8
960;8857;13;681;4
961;8861;8837;1;24
962;8885;11;807;8
963;8893;83;107;12
964;8905;8893;1;12
965;8917;13;685;12
966;8929;5;1785;4
967;8933;15;595;8
968;8941;9;993;4
969;8945;8933;1;12
970;8957;1789;5;12
971;8969;57;157;20
972;8989;47;191;12
973;9001;2999;3;4
974;9005;2999;3;8
975;9013;2999;3;16
976;9029;71;127;12
977;9041;3011;3;8
978;9049;1291;7;12
979;9061;27;335;16
980;9077;35;259;12
981;9089;3023;3;20
982;9109;5;1821;4
983;9113;19;479;12
984;9125;9;1013;8
985;9133;17;537;4
986;9137;1013;9;20
987;9157;9;1017;4
988;9161;9;1017;8
989;9169;5;1833;4
990;9173;13;705;8
991;9181;53;173;12
992;9193;9;1021;4
993;9197;55;167;12
994;9209;3067;3;8
995;9217;37;249;4
996;9221;3067;3;20
997;9241;25;369;16
998;9257;3083;3;8
999;9265;19;487;12
1000;9277;11;843;4
1001;9281;13;713;12
1002;9293;9281;1;12
1003;9305;619;15;20
1004;9325;67;139;12
1005;9337;9;1037;4
1006;9341;9;1037;8
1007;9349;17;549;16
1008;9365;47;199;12
1009;9377;9;1041;8
1010;9385;53;177;4
1011;9389;53;177;8
1012;9397;1877;5;12
1013;9409;5;1881;4
1014;9413;9;1045;8
1015;9421;43;219;4
1016;9425;43;219;8
1017;9433;7;1347;4
1018;9437;21;449;8
1019;9445;21;449;16
1020;9461;23;411;8
1021;9469;5;1893;4
1022;9473;859;11;24
1023;9497;3163;3;8
1024;9505;3167;3;4
1025;9509;9497;1;12
1026;9521;9;1057;8
1027;9529;5;1905;4
1028;9533;21;453;20
1029;9553;29;329;12
1030;9565;41;233;12
1031;9577;3187;3;16
1032;9593;9;1065;8
1033;9601;7;1371;4
1034;9605;21;457;8
1035;9613;21;457;16
1036;9629;3203;3;20
1037;9649;23;419;12
1038;9661;9;1073;4
1039;9665;9;1073;8
1040;9673;11;879;4
1041;9677;11;879;8
1042;9685;7;1383;4
1043;9689;21;461;8
1044;9697;9;1077;4
1045;9701;21;461;20
1046;9721;41;237;4
1047;9725;41;237;8
1048;9733;9721;1;12
1049;9745;17;573;4
1050;9749;23;423;20
1051;9769;5;1953;4
1052;9773;9;1085;8
1053;9781;21;465;16
1054;9797;13;753;8
1055;9805;9;1089;4
1056;9809;9;1089;8
1057;9817;37;265;12
1058;9829;5;1965;4
1059;9833;15;655;8
1060;9841;25;393;16
1061;9857;21;469;8
1062;9865;21;469;16
1063;9881;71;139;12
1064;9893;15;659;8
1065;9901;83;119;24
1066;9925;3307;3;4
1067;9929;47;211;12
1068;9941;11;903;8
1069;9949;5;1989;4
1070;9953;9941;1;12
1071;9965;3319;3;8
1072;9973;1423;7;12
1073;9985;9973;1;12
1074;9997;3331;3;4
1075;10001;3331;3;8
1076;10009;3331;3;16
1077;10025;17;589;12
1078;10037;25;401;12
1079;10049;3347;3;8
1080;10057;9;1117;4
1081;10061;9;1117;8
1082;10069;89;113;12
1083;10081;3359;3;4
1084;10085;3359;3;8
1085;10093;33;305;28
1086;10121;919;11;12
1087;10133;9;1125;8
1088;10141;31;327;4
1089;10145;29;349;24
1090;10169;9;1129;8
1091;10177;3391;3;4
1092;10181;10169;1;12
1093;10193;15;679;8
1094;10201;9;1133;4
1095;10205;10193;1;12
1096;10217;41;249;8
1097;10225;3407;3;4
1098;10229;3407;3;8
1099;10237;25;409;12
1100;10249;5;2049;4
1101;10253;19;539;12
1102;10265;13;789;8
1103;10273;39;263;16
1104;10289;43;239;12
1105;10301;47;219;8
1106;10309;5;2061;4
1107;10313;9;1145;8
1108;10321;13;793;12
1109;10333;11;939;4
1110;10337;11;939;8
1111;10345;10333;1;12
1112;10357;7;1479;4
1113;10361;17;609;8
1114;10369;383;27;28
1115;10397;3463;3;8
1116;10405;3463;3;16
1117;10421;9;1157;8
1118;10429;5;2085;4
1119;10433;15;695;8
1120;10441;7;1491;4
1121;10445;21;497;8
1122;10453;9;1161;4
1123;10457;21;497;20
1124;10477;13;805;12
1125;10489;10477;1;12
1126;10501;17;617;12
1127;10513;31;339;4
1128;10517;31;339;8
1129;10525;7;1503;4
1130;10529;9;1169;8
1131;10537;21;501;16
1132;10553;83;127;12
1133;10565;9;1173;8
1134;10573;59;179;12
1135;10585;3527;3;4
1136;10589;3527;3;8
1137;10597;9;1177;4
1138;10601;10589;1;12
1139;10613;10601;1;12
1140;10625;21;505;20
1141;10645;31;343;12
1142;10657;3547;3;16
1143;10673;1523;7;12
1144;10685;3559;3;8
1145;10693;971;11;12
1146;10705;9;1189;4
1147;10709;21;509;20
1148;10729;5;2145;4
1149;10733;3571;3;20
1150;10753;23;467;12
1151;10765;10753;1;12
1152;10777;7;1539;4
1153;10781;9;1197;8
1154;10789;19;567;16
1155;10805;43;251;12
1156;10817;9;1201;8
1157;10825;983;11;12
1158;10837;23;471;4
1159;10841;13;833;12
1160;10853;9;1205;8
1161;10861;7;1551;4
1162;10865;10853;1;12
1163;10877;41;265;12
1164;10889;9;1209;8
1165;10897;35;311;12
1166;10909;35;311;24
1167;10933;3643;3;4
1168;10937;19;575;12
1169;10949;21;521;8
1170;10957;9;1217;4
1171;10961;10949;1;12
1172;10973;97;113;12
1173;10985;3659;3;8
1174;10993;3659;3;16
1175;11009;27;407;20
1176;11029;23;479;12
1177;11041;21;525;16
1178;11057;29;381;8
1179;11065;9;1229;4
1180;11069;29;381;20
1181;11089;5;2217;4
1182;11093;15;739;8
1183;11101;9;1233;4
1184;11105;9;1233;8
1185;11113;7;1587;4
1186;11117;21;529;8
1187;11125;21;529;16
1188;11141;9;1237;8
1189;11149;37;301;12
1190;11161;11149;1;12
1191;11173;9;1241;4
1192;11177;9;1241;8
1193;11185;11173;1;12
1194;11197;3727;3;16
1195;11213;23;487;12
1196;11225;11213;1;12
1197;11237;19;591;8
1198;11245;47;239;12
1199;11257;11;1023;4
1200;11261;1607;7;12
1201;11273;15;751;8
1202;11281;7;1611;4
1203;11285;33;341;32
1204;11317;9;1257;4
1205;11321;9;1257;8
1206;11329;27;419;16
1207;11345;3779;3;8
1208;11353;9;1261;4
1209;11357;9;1261;8
1210;11365;7;1623;4
1211;11369;2269;5;24
1212;11393;9;1265;8
1213;11401;29;393;4
1214;11405;29;393;8
1215;11413;13;877;12
1216;11425;101;113;12
1217;11437;37;309;4
1218;11441;1039;11;12
1219;11453;15;763;8
1220;11461;9;1273;4
1221;11465;21;545;20
1222;11485;43;267;4
1223;11489;43;267;8
1224;11497;2297;5;12
1225;11509;5;2301;4
1226;11513;13;885;8
1227;11521;11;1047;4
1228;11525;39;295;20
1229;11545;3847;3;4
1230;11549;33;349;32
1231;11581;23;503;12
1232;11593;3863;3;4
1233;11597;51;227;20
1234;11617;7;1659;4
1235;11621;21;553;8
1236;11629;5;2325;4
1237;11633;11621;1;12
1238;11645;11633;1;12
1239;11657;11;1059;8
1240;11665;43;271;12
1241;11677;9;1297;4
1242;11681;9;1297;8
1243;11689;11677;1;12
1244;11701;7;1671;4
1245;11705;21;557;8
1246;11713;9;1301;4
1247;11717;2341;5;12
1248;11729;1063;11;36
1249;11765;3919;3;8
1250;11773;3923;3;4
1251;11777;3923;3;8
1252;11785;7;1683;4
1253;11789;11777;1;12
1254;11801;11789;1;12
1255;11813;15;787;8
1256;11821;49;241;12
1257;11833;39;303;16
1258;11849;19;623;12
1259;11861;3947;3;20
1260;11881;37;321;4
1261;11885;31;383;12
1262;11897;9;1321;8
1263;11905;3967;3;4
1264;11909;3967;3;8
1265;11917;3967;3;16
1266;11933;9;1325;8
1267;11941;23;519;4
1268;11945;23;519;8
1269;11953;11941;1;12
1270;11965;9;1329;4
1271;11969;1087;11;12
1272;11981;569;21;32
1273;12013;4003;3;4
1274;12017;4003;3;8
1275;12025;41;293;12
1276;12037;7;1719;4
1277;12041;9;1337;8
1278;12049;5;2409;4
1279;12053;21;573;20
1280;12073;9;1341;4
1281;12077;9;1341;8
1282;12085;12073;1;12
1283;12097;29;417;4
1284;12101;29;417;8
1285;12109;5;2421;4
1286;12113;12101;1;12
1287;12125;12113;1;12
1288;12137;25;485;12
1289;12149;9;1349;8
1290;12157;4051;3;4
1291;12161;57;213;20
1292;12181;9;1353;4
1293;12185;9;1353;8
1294;12193;17;717;4
1295;12197;17;717;8
1296;12205;7;1743;4
1297;12209;2437;5;24
1298;12233;15;815;8
1299;12241;1747;7;12
1300;12253;4079;3;16
1301;12269;61;201;8
1302;12277;4091;3;4
1303;12281;4091;3;8
1304;12289;12277;1;12
1305;12301;21;585;16
1306;12317;11;1119;8
1307;12325;9;1369;4
1308;12329;9;1369;8
1309;12337;17;725;12
1310;12349;4111;3;16
1311;12365;9;1373;8
1312;12373;7;1767;4
1313;12377;19;651;8
1314;12385;4127;3;4
1315;12389;12377;1;12
1316;12401;9;1377;8
1317;12409;5;2481;4
1318;12413;15;827;8
1319;12421;12409;1;12
1320;12433;9;1381;4
1321;12437;4139;3;20
1322;12457;7;1779;4
1323;12461;21;593;8
1324;12469;5;2493;4
1325;12473;59;211;24
1326;12497;23;543;8
1327;12505;13;961;12
1328;12517;31;403;24
1329;12541;7;1791;4
1330;12545;9;1393;8
1331;12553;47;267;4
1332;12557;13;965;12
1333;12569;53;237;8
1334;12577;35;359;12
1335;12589;12577;1;12
1336;12601;13;969;4
1337;12605;13;969;8
1338;12613;12601;1;12
1339;12625;7;1803;4
1340;12629;21;601;8
1341;12637;4211;3;4
1342;12641;73;173;12
1343;12653;12641;1;12
1344;12665;12641;1;24
1345;12689;9;1409;8
1346;12697;4231;3;4
1347;12701;12689;1;12
1348;12713;11;1155;8
1349;12721;9;1413;4
1350;12725;21;605;20
1351;12745;17;749;12
1352;12757;2549;5;12
1353;12769;5;2553;4
1354;12773;15;851;8
1355;12781;4259;3;4
1356;12785;23;555;20
1357;12805;17;753;4
1358;12809;67;191;12
1359;12821;4271;3;8
1360;12829;5;2565;4
1361;12833;9;1425;8
1362;12841;12829;1;12
1363;12853;33;389;16
1364;12869;4283;3;20
1365;12889;5;2577;4
1366;12893;1171;11;12
1367;12905;9;1433;8
1368;12913;13;993;4
1369;12917;1433;9;20
1370;12937;9;1437;4
1371;12941;1847;7;12
1372;12953;15;863;8
1373;12961;7;1851;4
1374;12965;21;617;8
1375;12973;563;23;24
1376;12997;61;213;4
1377;13001;61;213;8
1378;13009;41;317;12
1379;13021;4339;3;4
1380;13025;4339;3;8
1381;13033;43;303;4
1382;13037;43;303;8
1383;13045;7;1863;4
1384;13049;13037;1;12
1385;13061;13049;1;12
1386;13073;37;353;12
1387;13085;9;1453;8
1388;13093;103;127;12
1389;13105;11;1191;4
1390;13109;11;1191;8
1391;13117;9;1457;4
1392;13121;33;397;20
1393;13141;1009;13;24
1394;13165;41;321;4
1395;13169;41;321;8
1396;13177;773;17;36
1397;13213;7;1887;4
1398;13217;19;695;12
1399;13229;13217;1;12
1400;13241;11;1203;8
1401;13249;5;2649;4
1402;13253;15;883;8
1403;13261;13249;1;12
1404;13273;89;149;12
1405;13285;19;699;4
1406;13289;19;699;8
1407;13297;2657;5;12
1408;13309;5;2661;4
1409;13313;47;283;12
1410;13325;13313;1;12
1411;13337;9;1481;8
1412;13345;77;173;24
1413;13369;19;703;12
1414;13381;7;1911;4
1415;13385;43;311;12
1416;13397;21;637;20
1417;13417;17;789;4
1418;13421;17;789;8
1419;13429;13417;1;12
1420;13441;9;1493;4
1421;13445;19;707;12
1422;13457;4483;3;8
1423;13465;7;1923;4
1424;13469;21;641;8
1425;13477;9;1497;4
1426;13481;13457;1;24
1427;13505;11;1227;8
1428;13513;23;587;12
1429;13525;13513;1;12
1430;13537;25;541;12
1431;13549;5;2709;4
1432;13553;1231;11;12
1433;13565;13553;1;12
1434;13577;4519;3;20
1435;13597;27;503;16
1436;13613;15;907;8
1437;13621;9;1513;4
1438;13625;9;1513;8
1439;13633;7;1947;4
1440;13637;11;1239;8
1441;13645;4547;3;4
1442;13649;21;649;20
1443;13669;1951;7;12
1444;13681;13669;1;12
1445;13693;9;1521;4
1446;13697;9;1521;8
1447;13705;4567;3;4
1448;13709;13697;1;12
1449;13721;21;653;8
1450;13729;21;653;16
1451;13745;19;723;8
1452;13753;4583;3;4
1453;13757;4583;3;8
1454;13765;4583;3;16
1455;13781;4591;3;8
1456;13789;5;2757;4
1457;13793;15;919;8
1458;13801;919;15;16
1459;13817;55;251;12
1460;13829;17;813;8
1461;13837;9;1537;4
1462;13841;4603;3;32
1463;13873;9;1541;4
1464;13877;9;1541;8
1465;13885;13873;1;12
1466;13897;11;1263;4
1467;13901;17;817;12
1468;13913;9;1545;8
1469;13921;4639;3;4
1470;13925;4639;3;8
1471;13933;13921;1;12
1472;13945;9;1549;4
1473;13949;9;1549;8
1474;13957;2789;5;12
1475;13969;5;2793;4
1476;13973;23;607;12
1477;13985;89;157;12
1478;13997;4663;3;8
1479;14005;13;1077;4
1480;14009;4663;3;20
1481;14029;5;2805;4
1482;14033;2003;7;12
1483;14045;14033;1;12
1484;14057;9;1561;8
1485;14065;21;669;16
1486;14081;4691;3;8
1487;14089;5;2817;4
1488;14093;43;327;32
1489;14125;59;239;24
1490;14149;5;2829;4
1491;14153;79;179;12
1492;14165;9;1573;8
1493;14173;4723;3;4
1494;14177;4723;3;8
1495;14185;14173;1;12
1496;14197;2837;5;12
1497;14209;5;2841;4
1498;14213;15;947;8
1499;14221;7;2031;4
1500;14225;1291;11;24
1501;14249;47;303;8
1502;14257;4751;3;4
1503;14261;47;303;20
1504;14281;4759;3;4
1505;14285;4759;3;8
1506;14293;11;1299;4
1507;14297;11;1299;8
1508;14305;7;2043;4
1509;14309;17;841;12
1510;14321;21;681;20
1511;14341;103;139;24
1512;14365;4787;3;4
1513;14369;49;293;12
1514;14381;9;1597;8
1515;14389;5;2877;4
1516;14393;15;959;8
1517;14401;21;685;16
1518;14417;9;1601;8
1519;14425;29;497;12
1520;14437;25;577;12
1521;14449;5;2889;4
1522;14453;9;1605;8
1523;14461;14449;1;12
1524;14473;14461;1;12
1525;14485;9;1609;4
1526;14489;31;467;12
1527;14501;1609;9;20
1528;14521;1319;11;12
1529;14533;29;501;4
1530;14537;29;501;8
1531;14545;37;393;4
1532;14549;37;393;8
1533;14557;7;2079;4
1534;14561;9;1617;8
1535;14569;21;693;16
1536;14585;43;339;8
1537;14593;971;15;28
1538;14621;4871;3;8
1539;14629;5;2925;4
1540;14633;14621;1;12
1541;14645;17;861;8
1542;14653;19;771;4
1543;14657;29;505;12
1544;14669;9;1629;8
1545;14677;67;219;4
1546;14681;67;219;8
1547;14689;13;1129;12
1548;14701;9;1633;4
1549;14705;9;1633;8
1550;14713;4903;3;4
1551;14717;23;639;20
1552;14737;9;1637;4
1553;14741;13;1133;12
1554;14753;15;983;8
1555;14761;4919;3;4
1556;14765;983;15;20
1557;14785;17;869;12
1558;14797;39;379;16
1559;14813;9;1645;8
1560;14821;11;1347;4
1561;14825;14813;1;12
1562;14837;4943;3;8
1563;14845;14821;1;24
1564;14869;4951;3;16
1565;14885;9;1653;8
1566;14893;7;2127;4
1567;14897;13;1145;12
1568;14909;21;709;20
1569;14929;5;2985;4
1570;14933;877;17;24
1571;14957;9;1661;8
1572;14965;4987;3;4
1573;14969;4987;3;8
1574;14977;41;365;12
1575;14989;21;713;16
1576;15005;4999;3;8
1577;15013;5003;3;4
1578;15017;5003;3;8
1579;15025;5003;3;16
1580;15041;5011;3;8
1581;15049;5;3009;4
1582;15053;15;1003;8
1583;15061;101;149;12
1584;15073;5023;3;4
1585;15077;15053;1;24
1586;15101;9;1677;8
1587;15109;31;487;12
1588;15121;29;521;12
1589;15133;9;1681;4
1590;15137;9;1681;8
1591;15145;7;2163;4
1592;15149;15137;1;12
1593;15161;15149;1;12
1594;15173;15161;1;12
1595;15185;5059;3;8
1596;15193;17;893;12
1597;15205;15193;1;12
1598;15217;3041;5;12
1599;15229;5;3045;4
1600;15233;15;1015;8
1601;15241;9;1693;4
1602;15245;31;491;24
1603;15269;5087;3;8
1604;15277;43;355;12
1605;15289;5;3057;4
1606;15293;37;413;12
1607;15305;5099;3;8
1608;15313;7;2187;4
1609;15317;9;1701;8
1610;15325;5107;3;4
1611;15329;21;729;20
1612;15349;5;3069;4
1613;15353;9;1705;8
1614;15361;15349;1;12
1615;15373;47;327;4
1616;15377;47;327;8
1617;15385;15373;1;12
1618;15397;7;2199;4
1619;15401;1399;11;12
1620;15413;15401;1;12
1621;15425;39;395;20
1622;15445;23;671;12
1623;15457;9;1717;4
1624;15461;2207;7;12
1625;15473;15;1031;8
1626;15481;31;499;12
1627;15493;9;1721;4
1628;15497;19;815;12
1629;15509;1721;9;20
1630;15529;59;263;12
1631;15541;5179;3;4
1632;15545;83;187;24
1633;15569;9;1729;8
1634;15577;29;537;4
1635;15581;21;741;20
1636;15601;9;1733;4
1637;15605;9;1733;8
1638;15613;15601;1;12
1639;15625;41;381;4
1640;15629;23;679;12
1641;15641;9;1737;8
1642;15649;19;823;12
1643;15661;17;921;4
1644;15665;1423;11;12
1645;15677;9;1741;8
1646;15685;5227;3;4
1647;15689;1423;11;36
1648;15725;13;1209;8
1649;15733;7;2247;4
1650;15737;17;925;12
1651;15749;15737;1;12
1652;15761;59;267;8
1653;15769;5;3153;4
1654;15773;59;267;20
1655;15793;19;831;4
1656;15797;19;831;8
1657;15805;23;687;4
1658;15809;23;687;8
1659;15817;7;2259;4
1660;15821;15797;1;24
1661;15845;71;223;12
1662;15857;5279;3;20
1663;15877;11;1443;4
1664;15881;11;1443;8
1665;15889;15877;1;12
1666;15901;7;2271;4
1667;15905;21;757;8
1668;15913;21;757;16
1669;15929;9;1769;8
1670;15937;13;1225;12
1671;15949;25;637;24
1672;15973;5323;3;4
1673;15977;27;591;20
1674;15997;9;1777;4
1675;16001;21;761;20
1676;16021;19;843;4
1677;16025;19;843;8
1678;16033;37;433;12
1679;16045;16033;1;12
1680;16057;5351;3;4
1681;16061;5351;3;8
1682;16069;5;3213;4
1683;16073;9;1785;8
1684;16081;23;699;4
1685;16085;16073;1;12
1686;16097;31;519;8
1687;16105;9;1789;4
1688;16109;3217;5;24
1689;16133;15;1075;8
1690;16141;9;1793;4
1691;16145;9;1793;8
1692;16153;16141;1;12
1693;16165;16141;1;24
1694;16189;5;3237;4
1695;16193;13;1245;8
1696;16201;39;415;16
1697;16217;35;463;12
1698;16229;5407;3;8
1699;16237;7;2319;4
1700;16241;21;773;8
1701;16249;5;3249;4
1702;16253;109;149;12
1703;16265;5419;3;8
1704;16273;11;1479;4
1705;16277;11;1479;8
1706;16285;17;957;16
1707;16301;41;397;24
1708;16325;9;1813;8
1709;16333;21;777;16
1710;16349;17;961;12
1711;16361;9;1817;8
1712;16369;1487;11;12
1713;16381;53;309;4
1714;16385;53;309;8
1715;16393;16381;1;12
1716;16405;7;2343;4
1717;16409;11;1491;8
1718;16417;5471;3;4
1719;16421;61;269;12
1720;16433;9;1825;8
1721;16441;2347;7;12
1722;16453;41;401;12
1723;16465;16453;1;12
1724;16477;17;969;4
1725;16481;43;383;12
1726;16493;15;1099;8
1727;16501;9;1833;4
1728;16505;21;785;20
1729;16525;5507;3;4
1730;16529;3301;5;24
1731;16553;15;1103;8
1732;16561;5519;3;4
1733;16565;5519;3;8
1734;16573;5519;3;16
1735;16589;121;137;12
1736;16601;5531;3;8
1737;16609;5;3321;4
1738;16613;5531;3;20
1739;16633;1511;11;12
1740;16645;9;1849;4
1741;16649;9;1849;8
1742;16657;7;2379;4
1743;16661;16649;1;12
1744;16673;21;793;20
1745;16693;2383;7;12
1746;16705;16693;1;12
1747;16717;13;1285;12
1748;16729;5;3345;4
1749;16733;15;1115;8
1750;16741;7;2391;4
1751;16745;29;577;12
1752;16757;17;985;12
1753;16769;13;1289;12
1754;16781;37;453;20
1755;16801;11;1527;4
1756;16805;45;373;20
1757;16825;7;2403;4
1758;16829;9;1869;8
1759;16837;43;391;24
1760;16861;9;1873;4
1761;16865;1531;11;24
1762;16889;17;993;8
1763;16897;9;1877;4
1764;16901;9;1877;8
1765;16909;5;3381;4
1766;16913;15;1127;8
1767;16921;5639;3;4
1768;16925;13;1301;12
1769;16937;9;1881;8
1770;16945;5647;3;4
1771;16949;5639;3;32
1772;16981;71;239;12
1773;16993;5659;3;16
1774;17009;23;739;12
1775;17021;53;321;8
1776;17029;5;3405;4
1777;17033;15;1135;8
1778;17041;17029;1;12
1779;17053;5683;3;4
1780;17057;5683;3;8
1781;17065;11;1551;4
1782;17069;11;1551;8
1783;17077;33;517;16
1784;17093;21;813;20
1785;17113;9;1901;4
1786;17117;9;1901;8
1787;17125;109;157;12
1788;17137;5711;3;4
1789;17141;2447;7;12
1790;17153;61;281;12
1791;17165;19;903;8
1792;17173;59;291;4
1793;17177;3433;5;12
1794;17189;9;1909;8
1795;17197;35;491;12
1796;17209;29;593;12
1797;17221;9;1913;4
1798;17225;31;555;20
1799;17245;19;907;12
1800;17257;9;1917;4
1801;17261;1567;11;24
1802;17285;13;1329;8
1803;17293;1571;11;12
1804;17305;17293;1;12
1805;17317;29;597;4
1806;17321;19;911;12
1807;17333;9;1925;8
1808;17341;5779;3;4
1809;17345;17333;1;12
1810;17357;5779;3;20
1811;17377;23;755;12
1812;17389;5;3477;4
1813;17393;15;1159;8
1814;17401;19;915;16
1815;17417;21;829;8
1816;17425;5807;3;4
1817;17429;21;829;20
1818;17449;25;697;24
1819;17473;9;1941;4
1820;17477;9;1941;8
1821;17485;5827;3;4
1822;17489;5827;3;8
1823;17497;13;1345;12
1824;17509;17;1029;16
1825;17525;5839;3;8
1826;17533;17509;1;24
1827;17557;5851;3;4
1828;17561;5851;3;8
1829;17569;5;3513;4
1830;17573;15;1171;8
1831;17581;7;2511;4
1832;17585;9;1953;8
1833;17593;11;1599;4
1834;17597;3517;5;12
1835;17609;33;533;20
1836;17629;19;927;16
1837;17645;77;229;12
1838;17657;9;1961;8
1839;17665;7;2523;4
1840;17669;17657;1;12
1841;17681;17669;1;12
1842;17693;17681;1;12
1843;17705;17;1041;8
1844;17713;31;571;12
1845;17725;9;1969;4
1846;17729;9;1969;8
1847;17737;23;771;4
1848;17741;23;771;8
1849;17749;5;3549;4
1850;17753;13;1365;8
1851;17761;21;845;16
1852;17777;5923;3;8
1853;17785;5927;3;4
1854;17789;5927;3;8
1855;17797;17761;1;36
1856;17833;7;2547;4
1857;17837;23;775;12
1858;17849;17837;1;12
1859;17861;13;1373;12
1860;17873;9;1985;8
1861;17881;107;167;12
1862;17893;17881;1;12
1863;17905;9;1989;4
1864;17909;1627;11;12
1865;17921;21;853;8
1866;17929;21;853;16
1867;17945;9;1993;8
1868;17953;31;579;4
1869;17957;31;579;8
1870;17965;13;1381;12
1871;17977;9;1997;4
1872;17981;9;1997;8
1873;17989;1997;9;16
1874;18005;21;857;8
1875;18013;17989;1;24
1876;18037;6011;3;4
1877;18041;6011;3;8
1878;18049;17;1061;12
1879;18061;13;1389;4
1880;18065;2579;7;12
1881;18077;19;951;8
1882;18085;7;2583;4
1883;18089;9;2009;8
1884;18097;31;583;24
1885;18121;9;2013;4
1886;18125;9;2013;8
1887;18133;27;671;16
1888;18149;6043;3;20
1889;18169;5;3633;4
1890;18173;15;1211;8
1891;18181;73;249;4
1892;18185;2017;9;32
1893;18217;55;331;12
1894;18229;5;3645;4
1895;18233;9;2025;8
1896;18241;6079;3;4
1897;18245;6079;3;8
1898;18253;7;2607;4
1899;18257;11;1659;8
1900;18265;9;2029;4
1901;18269;18257;1;12
1902;18281;6091;3;8
1903;18289;49;373;12
1904;18301;18289;1;12
1905;18313;17;1077;4
1906;18317;17;1077;8
1907;18325;31;591;4
1908;18329;13;1409;12
1909;18341;18329;1;12
1910;18353;18341;1;12
1911;18365;1223;15;20
1912;18385;19;967;12
1913;18397;6131;3;4
1914;18401;6131;3;8
1915;18409;5;3681;4
1916;18413;9;2045;8
1917;18421;41;449;12
1918;18433;41;449;24
1919;18457;6151;3;4
1920;18461;27;683;20
1921;18481;9;2053;4
1922;18485;9;2053;8
1923;18493;6163;3;4
1924;18497;6163;3;8
1925;18505;18493;1;12
1926;18517;9;2057;4
1927;18521;21;881;20
1928;18541;37;501;4
1929;18545;37;501;8
1930;18553;2647;7;24
1931;18577;41;453;4
1932;18581;41;453;8
1933;18589;5;3717;4
1934;18593;17;1093;12
1935;18605;18593;1;12
1936;18617;6203;3;8
1937;18625;9;2069;4
1938;18629;9;2069;8
1939;18637;25;745;12
1940;18649;18637;1;12
1941;18661;9;2073;4
1942;18665;33;565;20
1943;18685;21;889;16
1944;18701;9;2077;8
1945;18709;5;3741;4
1946;18713;15;1247;8
1947;18721;29;645;16
1948;18737;25;749;12
1949;18749;6247;3;8
1950;18757;7;2679;4
1951;18761;19;987;8
1952;18769;5;3753;4
1953;18773;73;257;12
1954;18785;11;1707;8
1955;18793;6263;3;4
1956;18797;6263;3;8
1957;18805;33;569;28
1958;18833;29;649;12
1959;18845;9;2093;8
1960;18853;61;309;4
1961;18857;3769;5;12
1962;18869;61;309;20
1963;18889;43;439;12
1964;18901;13;1453;12
1965;18913;9;2101;4
1966;18917;9;2101;8
1967;18925;18913;1;12
1968;18937;33;573;28
1969;18965;71;267;8
1970;18973;67;283;12
1971;18985;9;2109;4
1972;18989;2711;7;12
1973;19001;13;1461;8
1974;19009;5;3801;4
1975;19013;19001;1;12
1976;19025;19013;1;12
1977;19037;6343;3;8
1978;19045;827;23;24
1979;19069;5;3813;4
1980;19073;15;1271;8
1981;19081;19069;1;12
1982;19093;7;2727;4
1983;19097;9;2121;8
1984;19105;6367;3;4
1985;19109;13;1469;12
1986;19121;6367;3;20
1987;19141;17;1125;16
1988;19157;13;1473;8
1989;19165;9;2129;4
1990;19169;19157;1;12
1991;19181;29;661;12
1992;19193;21;913;20
1993;19213;13;1477;12
1994;19225;19213;1;12
1995;19237;25;769;12
1996;19249;5;3849;4
1997;19253;71;271;12
1998;19265;21;917;8
1999;19273;9;2141;4
2000;19277;3853;5;12
2001;19289;37;521;12
2002;19301;59;327;8
2003;19309;59;327;16
2004;19325;47;411;8
2005;19333;17;1137;4
2006;19337;17;1137;8
2007;19345;19333;1;12
2008;19357;21;921;16
2009;19373;15;1291;8
2010;19381;9;2153;4
2011;19385;1291;15;20
2012;19405;29;669;4
2013;19409;29;669;8
2014;19417;9;2157;4
2015;19421;9;2157;8
2016;19429;5;3885;4
2017;19433;15;1295;8
2018;19441;11;1767;4
2019;19445;19433;1;12
2020;19457;9;2161;8
2021;19465;13;1497;4
2022;19469;13;1497;8
2023;19477;17;1145;12
2024;19489;5;3897;4
2025;19493;9;2165;8
2026;19501;45;433;16
2027;19517;101;193;24
2028;19541;17;1149;8
2029;19549;5;3909;4
2030;19553;59;331;24
2031;19577;11;1779;8
2032;19585;23;851;12
2033;19597;7;2799;4
2034;19601;9;2177;8
2035;19609;21;933;16
2036;19625;13;1509;8
2037;19633;9;2181;4
2038;19637;9;2181;8
2039;19645;27;727;16
2040;19661;6551;3;8
2041;19669;1787;11;12
2042;19681;19;1035;16
2043;19697;31;635;12
2044;19709;9;2189;8
2045;19717;6571;3;4
2046;19721;6571;3;8
2047;19729;35;563;24
2048;19753;17;1161;16
2049;19769;21;941;8
2050;19777;21;941;16
2051;19793;15;1319;8
2052;19801;6599;3;4
2053;19805;6599;3;8
2054;19813;19801;1;12
2055;19825;31;639;16
2056;19841;79;251;12
2057;19853;9;2205;8
2058;19861;6619;3;4
2059;19865;21;945;20
2060;19885;9;2209;4
2061;19889;9;2209;8
2062;19897;47;423;16
2063;19913;2843;7;12
2064;19925;19913;1;12
2065;19937;13;1533;8
2066;19945;17;1173;4
2067;19949;19937;1;12
2068;19961;19949;1;12
2069;19973;11;1815;8
2070;19981;19;1051;12
2071;19993;9;2221;4
2072;19997;9;2221;8
2073;20005;19993;1;12
2074;20017;7;2859;4
2075;20021;21;953;8
2076;20029;19993;1;36
2077;20065;1823;11;12
2078;20077;4013;5;12
2079;20089;17;1181;12
2080;20101;7;2871;4
2081;20105;9;2233;8
2082;20113;6703;3;4
2083;20117;4021;5;12
2084;20129;19;1059;8
2085;20137;23;875;12
2086;20149;13;1549;12
2087;20161;6719;3;4
2088;20165;6719;3;8
2089;20173;9;2241;4
2090;20177;37;545;12
2091;20189;20177;1;12
2092;20201;13;1553;12
2093;20213;9;2245;8
2094;20221;23;879;4
2095;20225;23;879;8
2096;20233;73;277;12
2097;20245;9;2249;4
2098;20249;49;413;12
2099;20261;43;471;8
2100;20269;47;431;12
2101;20281;9;2253;4
2102;20285;19;1067;12
2103;20297;35;579;32
2104;20329;5;4065;4
2105;20333;15;1355;8
2106;20341;6779;3;4
2107;20345;6779;3;8
2108;20353;7;2907;4
2109;20357;9;2261;8
2110;20365;11;1851;4
2111;20369;20357;1;12
2112;20381;6791;3;8
2113;20389;5;4077;4
2114;20393;6791;3;20
2115;20413;6803;3;4
2116;20417;20393;1;24
2117;20441;31;659;12
2118;20453;20441;1;12
2119;20465;113;181;12
2120;20477;6823;3;8
2121;20485;37;553;24
2122;20509;5;4101;4
2123;20513;15;1367;8
2124;20521;7;2931;4
2125;20525;21;977;8
2126;20533;21;977;16
2127;20549;41;501;8
2128;20557;13;1581;4
2129;20561;2281;9;32
2130;20593;1871;11;12
2131;20605;7;2943;4
2132;20609;9;2289;8
2133;20617;6871;3;4
2134;20621;21;981;20
2135;20641;9;2293;4
2136;20645;25;825;20
2137;20665;6883;3;16
2138;20681;9;2297;8
2139;20689;5;4137;4
2140;20693;20681;1;12
2141;20705;20693;1;12
2142;20717;9;2301;8
2143;20725;77;269;12
2144;20737;25;829;12
2145;20749;5;4149;4
2146;20753;9;2305;8
2147;20761;11;1887;4
2148;20765;11;1887;8
2149;20773;13;1597;12
2150;20785;9;2309;4
2151;20789;21;989;20
2152;20809;5;4161;4
2153;20813;79;263;36
2154;20849;6947;3;8
2155;20857;55;379;12
2156;20869;5;4173;4
2157;20873;23;907;12
2158;20885;6959;3;8
2159;20893;9;2321;4
2160;20897;9;2321;8
2161;20905;17;1229;12
2162;20917;6971;3;4
2163;20921;6971;3;8
2164;20929;99;211;40
2165;20969;19;1103;12
2166;20981;51;411;20
2167;21001;9;2333;4
2168;21005;9;2333;8
2169;21013;47;447;4
2170;21017;47;447;8
2171;21025;7;3003;4
2172;21029;11;1911;8
2173;21037;9;2337;4
2174;21041;17;1237;12
2175;21053;15;1403;8
2176;21061;31;679;12
2177;21073;21061;1;12
2178;21085;7027;3;4
2179;21089;7027;3;8
2180;21097;79;267;4
2181;21101;7027;3;20
2182;21121;7039;3;4
2183;21125;21;1005;20
2184;21145;9;2349;4
2185;21149;9;2349;8
2186;21157;4229;5;12
2187;21169;4229;5;24
2188;21193;59;359;12
2189;21205;21;1009;16
2190;21221;127;167;12
2191;21233;2357;9;20
2192;21253;9;2361;4
2193;21257;9;2361;8
2194;21265;19;1119;4
2195;21269;19;1119;8
2196;21277;7;3039;4
2197;21281;21;1013;8
2198;21289;21;1013;16
2199;21305;31;687;8
2200;21313;7103;3;4
2201;21317;7103;3;8
2202;21325;7103;3;16
2203;21341;13;1641;8
2204;21349;19;1123;12
2205;21361;7;3051;4
2206;21365;131;163;12
2207;21377;4273;5;12
2208;21389;7127;3;8
2209;21397;9;2377;4
2210;21401;21377;1;24
2211;21425;11;1947;8
2212;21433;9;2381;4
2213;21437;9;2381;8
2214;21445;7;3063;4
2215;21449;25;857;24
2216;21473;9;2385;8
2217;21481;7159;3;4
2218;21485;7159;3;8
2219;21493;7159;3;16
2220;21509;9;2389;8
2221;21517;71;303;4
2222;21521;71;303;8
2223;21529;5;4305;4
2224;21533;15;1435;8
2225;21541;21;1025;16
2226;21557;31;695;12
2227;21569;7187;3;8
2228;21577;19;1135;12
2229;21589;21577;1;12
2230;21601;23;939;4
2231;21605;23;939;8
2232;21613;7;3087;4
2233;21617;9;2401;8
2234;21625;21601;1;24
2235;21649;77;281;12
2236;21661;21649;1;12
2237;21673;31;699;4
2238;21677;31;699;8
2239;21685;21673;1;12
2240;21697;7;3099;4
2241;21701;21;1033;8
2242;21709;5;4341;4
2243;21713;41;529;24
2244;21737;7243;3;8
2245;21745;103;211;12
2246;21757;7247;3;16
2247;21773;47;463;12
2248;21785;47;463;24
2249;21809;13;1677;8
2250;21817;11;1983;4
2251;21821;39;559;20
2252;21841;29;753;4
2253;21845;29;753;8
2254;21853;21841;1;12
2255;21865;7283;3;16
2256;21881;19;1151;12
2257;21893;21881;1;12
2258;21905;9;2433;8
2259;21913;121;181;12
2260;21925;7307;3;4
2261;21929;7307;3;8
2262;21937;9;2437;4
2263;21941;21929;1;12
2264;21953;11;1995;8
2265;21961;19;1155;16
2266;21977;9;2441;8
2267;21985;43;511;12
2268;21997;4397;5;12
2269;22009;5;4401;4
2270;22013;49;449;12
2271;22025;22013;1;12
2272;22037;21;1049;8
2273;22045;9;2449;4
2274;22049;22037;1;12
2275;22061;7351;3;8
2276;22069;5;4413;4
2277;22073;7351;3;20
2278;22093;71;311;12
2279;22105;53;417;4
2280;22109;53;417;8
2281;22117;4421;5;12
2282;22129;5;4425;4
2283;22133;21;1053;20
2284;22153;9;2461;4
2285;22157;22133;1;24
2286;22181;19;1167;8
2287;22189;5;4437;4
2288;22193;9;2465;8
2289;22201;7;3171;4
2290;22205;21;1057;8
2291;22213;11;2019;4
2292;22217;4441;5;12
2293;22229;9;2469;8
2294;22237;97;229;24
2295;22261;9;2473;4
2296;22265;9;2473;8
2297;22273;13;1713;4
2298;22277;13;1713;8
2299;22285;39;571;16
2300;22301;31;719;12
2301;22313;15;1487;8
2302;22321;2027;11;24
2303;22345;11;2031;4
2304;22349;27;827;20
2305;22369;5;4473;4
2306;22373;9;2485;8
2307;22381;21;1065;16
2308;22397;17;1317;8
2309;22405;9;2489;4
2310;22409;9;2489;8
2311;22417;19;1179;16
2312;22433;13;1725;8
2313;22441;2039;11;12
2314;22453;7;3207;4
2315;22457;21;1069;8
2316;22465;7487;3;4
2317;22469;17;1321;12
2318;22481;7487;3;20
2319;22501;91;247;24
2320;22525;7507;3;4
2321;22529;23;979;12
2322;22541;21;1073;8
2323;22549;21;1073;16
2324;22565;73;309;8
2325;22573;77;293;12
2326;22585;7523;3;16
2327;22601;49;461;12
2328;22613;11;2055;8
2329;22621;7;3231;4
2330;22625;9;2513;8
2331;22633;19;1191;4
2332;22637;33;685;32
2333;22669;139;163;12
2334;22681;7559;3;4
2335;22685;41;553;12
2336;22697;13;1745;12
2337;22709;21;1081;8
2338;22717;67;339;4
2339;22721;21;1081;20
2340;22741;11;2067;4
2341;22745;11;2067;8
2342;22753;22741;1;12
2343;22765;9;2529;4
2344;22769;9;2529;8
2345;22777;29;785;12
2346;22789;7591;3;16
2347;22805;23;991;12
2348;22817;4561;5;12
2349;22829;7607;3;8
2350;22837;25;913;12
2351;22849;5;4569;4
2352;22853;15;1523;8
2353;22861;19;1203;4
2354;22865;19;1203;8
2355;22873;7;3267;4
2356;22877;22853;1;24
2357;22901;29;789;20
2358;22921;45;509;16
2359;22937;7643;3;8
2360;22945;9;2549;4
2361;22949;22937;1;12
2362;22961;53;433;12
2363;22973;22961;1;12
2364;22985;9;2553;8
2365;22993;79;291;4
2366;22997;23;999;20
2367;23017;9;2557;4
2368;23021;9;2557;8
2369;23029;23017;1;12
2370;23041;23029;1;12
2371;23053;9;2561;4
2372;23057;31;743;24
2373;23081;7687;3;20
2374;23101;7699;3;4
2375;23105;7699;3;8
2376;23113;7703;3;4
2377;23117;7703;3;8
2378;23125;7;3303;4
2379;23129;9;2569;8
2380;23137;11;2103;4
2381;23141;101;229;12
2382;23153;73;317;12
2383;23165;9;2573;8
2384;23173;19;1219;12
2385;23185;7727;3;4
2386;23189;7727;3;8
2387;23197;9;2577;4
2388;23201;9;2577;8
2389;23209;27;859;16
2390;23225;21;1105;20
2391;23245;3319;7;12
2392;23257;4649;5;12
2393;23269;5;4653;4
2394;23273;3323;7;12
2395;23285;7759;3;8
2396;23293;7;3327;4
2397;23297;37;629;24
2398;23321;19;1227;8
2399;23329;5;4665;4
2400;23333;15;1555;8
2401;23341;25;933;16
2402;23357;43;543;8
2403;23365;13;1797;4
2404;23369;13;1797;8
2405;23377;39;599;16
2406;23393;21;1113;20
2407;23413;9;2601;4
2408;23417;9;2601;8
2409;23425;1231;19;36
2410;23461;131;179;12
2411;23473;7823;3;4
2412;23477;21;1117;20
2413;23497;35;671;12
2414;23509;41;573;16
2415;23525;9;2613;8
2416;23533;11;2139;4
2417;23537;11;2139;8
2418;23545;7;3363;4
2419;23549;19;1239;8
2420;23557;9;2617;4
2421;23561;21;1121;20
2422;23581;29;813;4
2423;23585;29;813;8
2424;23593;23581;1;12
2425;23605;7867;3;4
2426;23609;2621;9;20
2427;23629;5;4725;4
2428;23633;13;1817;12
2429;23645;23633;1;12
2430;23657;7883;3;8
2431;23665;9;2629;4
2432;23669;9;2629;8
2433;23677;4733;5;12
2434;23689;23677;1;12
2435;23701;1579;15;16
2436;23717;21;1129;8
2437;23725;7907;3;4
2438;23729;37;641;12
2439;23741;61;389;12
2440;23753;15;1583;8
2441;23761;17;1397;12
2442;23773;7919;3;16
2443;23789;7927;3;8
2444;23797;7;3399;4
2445;23801;11;2163;8
2446;23809;5;4761;4
2447;23813;23801;1;12
2448;23825;17;1401;8
2449;23833;29;821;24
2450;23857;19;1255;12
2451;23869;5;4773;4
2452;23873;107;223;12
2453;23885;9;2653;8
2454;23893;21;1137;16
2455;23909;31;771;8
2456;23917;35;683;12
2457;23929;23917;1;12
2458;23941;79;303;4
2459;23945;79;303;8
2460;23953;9;2661;4
2461;23957;9;2661;8
2462;23965;17;1409;12
2463;23977;61;393;4
2464;23981;2179;11;12
2465;23993;9;2665;8
2466;24001;19;1263;4
2467;24005;23981;1;24
2468;24029;47;511;12
2469;24041;8011;3;8
2470;24049;13;1849;12
2471;24061;9;2673;4
2472;24065;67;359;12
2473;24077;71;339;8
2474;24085;23;1047;4
2475;24089;23;1047;8
2476;24097;4817;5;12
2477;24109;5;4821;4
2478;24113;15;1607;8
2479;24121;8039;3;4
2480;24125;8039;3;8
2481;24133;7;3447;4
2482;24137;24113;1;24
2483;24161;83;291;8
2484;24169;17;1421;12
2485;24181;24169;1;12
2486;24193;11;2199;4
2487;24197;8059;3;20
2488;24217;7;3459;4
2489;24221;21;1153;8
2490;24229;21;1153;16
2491;24245;43;563;36
2492;24281;3467;7;12
2493;24293;24281;1;12
2494;24305;13;1869;8
2495;24313;9;2701;4
2496;24317;4861;5;12
2497;24329;11;2211;8
2498;24337;8111;3;4
2499;24341;8111;3;8
2500;24349;24337;1;12
2501;24361;13;1873;12
2502;24373;17;1433;12
2503;24385;7;3483;4
2504;24389;19;1283;12
2505;24401;29;841;12
2506;24413;15;1627;8
2507;24421;9;2713;4
2508;24425;9;2713;8
2509;24433;24421;1;12
2510;24445;53;461;12
2511;24457;9;2717;4
2512;24461;9;2717;8
2513;24469;5;4893;4
2514;24473;15;1631;8
2515;24481;37;661;24
2516;24505;8167;3;4
2517;24509;8167;3;8
2518;24517;8167;3;16
2519;24533;31;791;12
2520;24545;24533;1;12
2521;24557;21;1169;8
2522;24565;8179;3;28
2523;24593;11;2235;8
2524;24601;3511;7;24
2525;24625;39;631;16
2526;24641;9;2737;8
2527;24649;5;4929;4
2528;24653;41;601;12
2529;24665;89;277;12
2530;24677;9;2741;8
2531;24685;2243;11;12
2532;24697;8231;3;4
2533;24701;8231;3;8
2534;24709;5;4941;4
2535;24713;8231;3;20
2536;24733;8243;3;4
2537;24737;23;1075;12
2538;24749;33;749;32
2539;24781;9;2753;4
2540;24785;9;2753;8
2541;24793;8263;3;4
2542;24797;4957;5;12
2543;24809;137;181;12
2544;24821;21;1181;20
2545;24841;17;1461;4
2546;24845;17;1461;8
2547;24853;24841;1;12
2548;24865;8287;3;4
2549;24869;8287;3;8
2550;24877;4973;5;12
2551;24889;24877;1;12
2552;24901;43;579;4
2553;24905;31;803;12
2554;24917;19;1311;8
2555;24925;9;2769;4
2556;24929;23;1083;20
2557;24949;5;4989;4
2558;24953;15;1663;8
2559;24961;9;2773;4
2560;24965;9;2773;8
2561;24973;7;3567;4
2562;24977;4993;5;12
2563;24989;21;1189;20
2564;25009;5;5001;4
2565;25013;2777;9;20
2566;25033;9;2781;4
2567;25037;9;2781;8
2568;25045;17;1473;4
2569;25049;17;1473;8
2570;25057;17;1473;16
2571;25073;19;1319;12
2572;25085;25073;1;12
2573;25097;8363;3;8
2574;25105;23;1091;12
2575;25117;11;2283;4
2576;25121;11;2283;8
2577;25129;5;5025;4
2578;25133;33;761;20
2579;25153;19;1323;16
2580;25169;8387;3;8
2581;25177;9;2797;4
2582;25181;9;2797;8
2583;25189;25153;1;36
2584;25225;7;3603;4
2585;25229;21;1201;8
2586;25237;21;1201;16
2587;25253;9;2805;8
2588;25261;25237;1;24
2589;25285;127;199;12
2590;25297;8431;3;4
2591;25301;8431;3;8
2592;25309;5;5061;4
2593;25313;15;1687;8
2594;25321;9;2813;4
2595;25325;17;1489;12
2596;25337;8443;3;8
2597;25345;8447;3;4
2598;25349;8447;3;8
2599;25357;8447;3;16
2600;25373;15;1691;8
2601;25381;11;2307;4
2602;25385;25373;1;12
2603;25397;9;2821;8
2604;25405;8467;3;4
2605;25409;5077;5;24
2606;25433;43;591;20
2607;25453;17;1497;4
2608;25457;35;727;12
2609;25469;9;2829;8
2610;25477;23;1107;16
2611;25493;83;307;12
2612;25505;1699;15;20
2613;25525;31;823;12
2614;25537;9;2837;4
2615;25541;9;2837;8
2616;25549;25537;1;12
2617;25561;7;3651;4
2618;25565;23;1111;12
2619;25577;5113;5;12
2620;25589;25577;1;12
2621;25601;19;1347;8
2622;25609;13;1969;12
2623;25621;8539;3;4
2624;25625;8539;3;8
2625;25633;8539;3;16
2626;25649;9;2849;8
2627;25657;21;1221;16
2628;25673;15;1711;8
2629;25681;19;1351;12
2630;25693;61;421;12
2631;25705;25693;1;12
2632;25717;9;2857;4
2633;25721;47;547;12
2634;25733;15;1715;8
2635;25741;25717;1;24
2636;25765;31;831;4
2637;25769;31;831;8
2638;25777;5153;5;12
2639;25789;5;5157;4
2640;25793;9;2865;8
2641;25801;8599;3;4
2642;25805;27;955;20
2643;25825;21;1229;16
2644;25841;79;327;8
2645;25849;25;1033;24
2646;25873;8623;3;4
2647;25877;35;739;12
2648;25889;8623;3;20
2649;25909;5;5181;4
2650;25913;59;439;12
2651;25925;53;489;8
2652;25933;9;2881;4
2653;25937;9;2881;8
2654;25945;25933;1;12
2655;25957;41;633;4
2656;25961;41;633;8
2657;25969;101;257;12
2658;25981;7;3711;4
2659;25985;19;1367;12
2660;25997;21;1237;20
2661;26017;13;2001;4
2662;26021;13;2001;8
2663;26029;26017;1;12
2664;26041;9;2893;4
2665;26045;9;2893;8
2666;26053;26041;1;12
2667;26065;26053;1;12
2668;26077;17;1533;16
2669;26093;2897;9;20
2670;26113;8699;3;16
2671;26129;13;2009;12
2672;26141;17;1537;12
2673;26153;9;2905;8
2674;26161;8719;3;4
2675;26165;26153;1;12
2676;26177;11;2379;8
2677;26185;9;2909;4
2678;26189;33;793;20
2679;26209;17;1541;12
2680;26221;9;2913;4
2681;26225;9;2913;8
2682;26233;7;3747;4
2683;26237;21;1249;8
2684;26245;8747;3;4
2685;26249;26237;1;12
2686;26261;9;2917;8
2687;26269;31;847;12
2688;26281;109;241;12
2689;26293;9;2921;4
2690;26297;9;2921;8
2691;26305;11;2391;4
2692;26309;11;2391;8
2693;26317;7;3759;4
2694;26321;21;1253;8
2695;26329;5;5265;4
2696;26333;26309;1;24
2697;26357;8783;3;8
2698;26365;19;1387;12
2699;26377;29;909;16
2700;26393;15;1759;8
2701;26401;7;3771;4
2702;26405;9;2933;8
2703;26413;8803;3;4
2704;26417;21;1257;20
2705;26437;9;2937;4
2706;26441;9;2937;8
2707;26449;61;433;36
2708;26485;7;3783;4
2709;26489;13;2037;8
2710;26497;8831;3;4
2711;26501;26489;1;12
2712;26513;26501;1;12
2713;26525;8839;3;8
2714;26533;2411;11;12
2715;26545;13;2041;12
2716;26557;53;501;4
2717;26561;139;191;12
2718;26573;26561;1;12
2719;26585;26573;1;12
2720;26597;8863;3;8
2721;26605;2953;9;28
2722;26633;15;1775;8
2723;26641;13;2049;4
2724;26645;25;1065;20
2725;26665;8887;3;4
2726;26669;19;1403;12
2727;26681;17;1569;8
2728;26689;5;5337;4
2729;26693;9;2965;8
2730;26701;13;2053;12
2731;26713;29;921;4
2732;26717;29;921;8
2733;26725;9;2969;4
2734;26729;9;2969;8
2735;26737;29;921;28
2736;26765;9;2973;8
2737;26773;8923;3;4
2738;26777;31;863;24
2739;26801;43;623;12
2740;26813;15;1787;8
2741;26821;7;3831;4
2742;26825;21;1277;8
2743;26833;21;1277;16
2744;26849;47;571;12
2745;26861;8951;3;8
2746;26869;107;251;12
2747;26881;97;277;12
2748;26893;8963;3;4
2749;26897;8963;3;8
2750;26905;8963;3;16
2751;26921;21;1281;20
2752;26941;9;2993;4
2753;26945;9;2993;8
2754;26953;29;929;12
2755;26965;11;2451;4
2756;26969;11;2451;8
2757;26977;9;2997;4
2758;26981;9;2997;8
2759;26989;5;5397;4
2760;26993;149;181;24
2761;27017;26981;1;36
2762;27053;9;3005;8
2763;27061;29;933;4
2764;27065;29;933;8
2765;27073;7;3867;4
2766;27077;21;1289;8
2767;27085;21;1289;16
2768;27101;11;2463;8
2769;27109;49;553;12
2770;27121;49;553;24
2771;27145;83;327;4
2772;27149;83;327;8
2773;27157;7;3879;4
2774;27161;9;3017;8
2775;27169;5;5433;4
2776;27173;157;173;12
2777;27185;29;937;12
2778;27197;9;3021;8
2779;27205;71;383;12
2780;27217;5441;5;12
2781;27229;5;5445;4
2782;27233;9;3025;8
2783;27241;7;3891;4
2784;27245;21;1297;8
2785;27253;31;879;4
2786;27257;21;1297;20
2787;27277;9091;3;4
2788;27281;9091;3;8
2789;27289;27253;1;36
2790;27325;7;3903;4
2791;27329;21;1301;8
2792;27337;21;1301;16
2793;27353;15;1823;8
2794;27361;11;2487;4
2795;27365;1823;15;20
2796;27385;9127;3;4
2797;27389;9127;3;8
2798;27397;5477;5;12
2799;27409;27397;1;12
2800;27421;13;2109;4
2801;27425;79;347;12
2802;27437;25;1097;12
2803;27449;9;3049;8
2804;27457;55;499;12
2805;27469;27457;1;12
2806;27481;27457;1;24
2807;27505;89;309;4
2808;27509;31;887;12
2809;27521;9;3057;8
2810;27529;3931;7;12
2811;27541;25;1101;16
2812;27557;9;3061;8
2813;27565;3061;9;16
2814;27581;19;1451;12
2815;27593;27581;1;12
2816;27605;9199;3;8
2817;27613;9203;3;4
2818;27617;9203;3;8
2819;27625;53;521;12
2820;27637;27;1023;16
2821;27653;61;453;20
2822;27673;23;1203;4
2823;27677;55;503;12
2824;27689;9227;3;8
2825;27697;9;3077;4
2826;27701;2129;13;24
2827;27725;9239;3;8
2828;27733;9;3081;4
2829;27737;25;1109;12
2830;27749;21;1321;8
2831;27757;21;1321;16
2832;27773;9;3085;8
2833;27781;47;591;4
2834;27785;47;591;8
2835;27793;47;591;16
2836;27809;9;3089;8
2837;27817;67;415;12
2838;27829;5;5565;4
2839;27833;43;647;12
2840;27845;13;2141;12
2841;27857;9283;3;8
2842;27865;23;1211;12
2843;27877;37;753;16
2844;27893;11;2535;8
2845;27901;17;1641;4
2846;27905;27893;1;12
2847;27917;9;3101;8
2848;27925;21;1329;16
2849;27941;2539;11;12
2850;27953;9;3105;8
2851;27961;23;1215;16
2852;27977;9323;3;8
2853;27985;9;3109;4
2854;27989;9;3109;8
2855;27997;7;3999;4
2856;28001;21;1333;8
2857;28009;5;5601;4
2858;28013;21;1333;20
2859;28033;37;757;24
2860;28057;71;395;12
2861;28069;28057;1;12
2862;28081;7;4011;4
2863;28085;21;1337;8
2864;28093;9;3121;4
2865;28097;41;685;12
2866;28109;28097;1;12
2867;28121;28097;1;24
2868;28145;4019;7;12
2869;28157;13;2165;12
2870;28169;37;761;12
2871;28181;21;1341;20
2872;28201;9;3133;4
2873;28205;9;3133;8
2874;28213;28201;1;12
2875;28225;23;1227;4
2876;28229;9403;3;20
2877;28249;3137;9;16
2878;28265;19;1487;12
2879;28277;9;3141;8
2880;28285;11;2571;4
2881;28289;11;2571;8
2882;28297;5657;5;12
2883;28309;5657;5;24
2884;28333;127;223;12
2885;28345;9;3149;4
2886;28349;25;1133;24
2887;28373;15;1891;8
2888;28381;2579;11;12
2889;28393;9463;3;4
2890;28397;35;811;12
2891;28409;9467;3;8
2892;28417;7;4059;4
2893;28421;9;3157;8
2894;28429;5;5685;4
2895;28433;97;293;12
2896;28445;9479;3;8
2897;28453;17;1673;12
2898;28465;37;769;12
2899;28477;53;537;16
2900;28493;19;1499;12
2901;28505;21;1357;8
2902;28513;13;2193;4
2903;28517;21;1357;20
2904;28537;9511;3;4
2905;28541;9511;3;8
2906;28549;28537;1;12
2907;28561;9;3173;4
2908;28565;9;3173;8
2909;28573;89;321;4
2910;28577;89;321;8
2911;28585;28573;1;12
2912;28597;9;3177;4
2913;28601;21;1361;20
2914;28621;9539;3;4
2915;28625;1907;15;20
2916;28645;9547;3;4
2917;28649;9547;3;8
2918;28657;9551;3;4
2919;28661;9551;3;8
2920;28669;5;5733;4
2921;28673;28661;1;12
2922;28685;53;541;12
2923;28697;73;393;8
2924;28705;29;989;24
2925;28729;13;2209;12
2926;28741;9;3193;4
2927;28745;9;3193;8
2928;28753;7;4107;4
2929;28757;5749;5;12
2930;28769;149;193;12
2931;28781;9;3197;8
2932;28789;5;5757;4
2933;28793;23;1251;20
2934;28813;9;3201;4
2935;28817;9;3201;8
2936;28825;28813;1;12
2937;28837;25;1153;12
2938;28849;25;1153;24
2939;28873;19;1519;12
2940;28885;9623;3;16
2941;28901;9631;3;8
2942;28909;5;5781;4
2943;28913;15;1927;8
2944;28921;7;4131;4
2945;28925;9;3213;8
2946;28933;17;1701;16
2947;28949;19;1523;12
2948;28961;33;877;20
2949;28981;1259;23;24
2950;29005;7;4143;4
2951;29009;21;1381;8
2952;29017;19;1527;4
2953;29021;29009;1;12
2954;29033;9;3225;8
2955;29041;9679;3;4
2956;29045;9679;3;8
2957;29053;113;257;12
2958;29065;9;3229;4
2959;29069;9;3229;8
2960;29077;11;2643;4
2961;29081;3229;9;20
2962;29101;9;3233;4
2963;29105;21;1385;20
2964;29125;17;1713;4
2965;29129;17;1713;8
2966;29137;17;1713;16
2967;29153;27;1079;20
2968;29173;121;241;12
2969;29185;71;411;4
2970;29189;163;179;12
2971;29201;37;789;8
2972;29209;43;679;12
2973;29221;33;885;16
2974;29237;9743;3;8
2975;29245;23;1271;12
2976;29257;7;4179;4
2977;29261;21;1393;8
2978;29269;5;5853;4
2979;29273;29;1009;12
2980;29285;73;401;12
2981;29297;13;2253;8
2982;29305;39;751;16
2983;29321;53;553;12
2984;29333;15;1955;8
2985;29341;7;4191;4
2986;29345;11;2667;8
2987;29353;139;211;24
2988;29377;35;839;12
2989;29389;29;1013;12
2990;29401;41;717;4
2991;29405;2671;11;24
2992;29429;9;3269;8
2993;29437;21;1401;16
2994;29453;13;2265;8
2995;29461;49;601;12
2996;29473;17;1733;12
2997;29485;31;951;4
2998;29489;31;951;8
2999;29497;9;3277;4
3000;29501;31;951;20
3001;29521;9839;3;4
3002;29525;2683;11;12
3003;29537;25;1181;12
3004;29549;51;579;20
3005;29569;5;5913;4
3006;29573;9;3285;8
3007;29581;9859;3;4
3008;29585;9859;3;8
3009;29593;7;4227;4
3010;29597;61;485;12
3011;29609;21;1409;20
3012;29629;5;5925;4
3013;29633;15;1975;8
3014;29641;29629;1;12
3015;29653;29641;1;12
3016;29665;9887;3;4
3017;29669;29633;1;36
3018;29705;23;1291;12
3019;29717;9;3301;8
3020;29725;3301;9;16
3021;29741;31;959;12
3022;29753;9;3305;8
3023;29761;7;4251;4
3024;29765;29741;1;24
3025;29789;2707;11;12
3026;29801;9931;3;8
3027;29809;9931;3;16
3028;29825;9;3313;8
3029;29833;61;489;4
3030;29837;3313;9;20
3031;29857;9;3317;4
3032;29861;19;1571;12
3033;29873;11;2715;8
3034;29881;73;409;24
3035;29905;167;179;12
3036;29917;13;2301;4
3037;29921;13;2301;8
3038;29929;5;5985;4
3039;29933;29921;1;12
3040;29945;37;809;12
3041;29957;67;447;8
3042;29965;79;379;24
3043;29989;5;5997;4
3044;29993;4283;7;12
3045;30005;9;3333;8
3046;30013;7;4287;4
3047;30017;21;1429;8
3048;30025;10007;3;4
3049;30029;85;353;24
3050;30053;47;639;20
3051;30073;43;699;16
3052;30089;37;813;8
3053;30097;55;547;12
3054;30109;5;6021;4
3055;30113;31;971;12
3056;30125;10039;3;8
3057;30133;11;2739;4
3058;30137;11;2739;8
3059;30145;30133;1;12
3060;30157;19;1587;4
3061;30161;19;1587;8
3062;30169;53;569;12
3063;30181;7;4311;4
3064;30185;9;3353;8
3065;30193;29;1041;4
3066;30197;6037;5;12
3067;30209;63;479;32
3068;30241;19;1591;12
3069;30253;30241;1;12
3070;30265;7;4323;4
3071;30269;11;2751;8
3072;30277;21;1441;16
3073;30293;9;3365;8
3074;30301;4327;7;12
3075;30313;157;193;12
3076;30325;9;3369;4
3077;30329;61;497;12
3078;30341;27;1123;20
3079;30361;9;3373;4
3080;30365;127;239;12
3081;30377;6073;5;12
3082;30389;13;2337;8
3083;30397;19;1599;16
3084;30413;15;2027;8
3085;30421;10139;3;4
3086;30425;10139;3;8
3087;30433;29;1049;12
3088;30445;73;417;4
3089;30449;21;1449;20
3090;30469;6089;5;24
3091;30493;10163;3;4
3092;30497;10163;3;8
3093;30505;9;3389;4
3094;30509;9;3389;8
3095;30517;6101;5;12
3096;30529;21;1453;16
3097;30545;9;3393;8
3098;30553;17;1797;4
3099;30557;17;1797;8
3100;30565;30553;1;12
3101;30577;9;3397;4
3102;30581;9;3397;8
3103;30589;5;6117;4
3104;30593;53;577;12
3105;30605;30593;1;12
3106;30617;6121;5;12
3107;30629;59;519;8
3108;30637;10211;3;4
3109;30641;10211;3;8
3110;30649;30637;1;12
3111;30661;11;2787;4
3112;30665;11;2787;8
3113;30673;10223;3;4
3114;30677;6133;5;12
3115;30689;9;3409;8
3116;30697;21;1461;16
3117;30713;2791;11;12
3118;30725;9;3413;8
3119;30733;3413;9;16
3120;30749;10247;3;8
3121;30757;13;2365;12
3122;30769;5;6153;4
3123;30773;15;2051;8
3124;30781;30757;1;24
3125;30805;10267;3;4
3126;30809;10267;3;8
3127;30817;61;505;12
3128;30829;30817;1;12
3129;30841;30829;1;12
3130;30853;30841;1;12
3131;30865;9;3429;4
3132;30869;59;523;12
3133;30881;30869;1;12
3134;30893;15;2059;8
3135;30901;77;401;24
3136;30925;11;2811;4
3137;30929;11;2811;8
3138;30937;7;4419;4
3139;30941;9;3437;8
3140;30949;5;6189;4
3141;30953;157;197;24
3142;30977;9;3441;8
3143;30985;27;1147;16
3144;31001;19;1631;12
3145;31013;29;1069;12
3146;31025;21;1477;8
3147;31033;10343;3;4
3148;31037;17;1825;12
3149;31049;9;3449;8
3150;31057;11;2823;4
3151;31061;11;2823;8
3152;31069;13;2389;12
3153;31081;9;3453;4
3154;31085;57;545;20
3155;31105;7;4443;4
3156;31109;21;1481;8
3157;31117;9;3457;4
3158;31121;121;257;24
3159;31145;97;321;8
3160;31153;4447;7;24
3161;31177;10391;3;4
3162;31181;10391;3;8
3163;31189;5;6237;4
3164;31193;9;3465;8
3165;31201;31177;1;24
3166;31225;13;2401;12
3167;31237;25;1249;12
3168;31249;5;6249;4
3169;31253;4463;7;12
3170;31265;31253;1;12
3171;31277;21;1489;8
3172;31285;21;1489;16
3173;31301;67;467;12
3174;31313;15;2087;8
3175;31321;131;239;12
3176;31333;9;3481;4
3177;31337;9;3481;8
3178;31345;31333;1;12
3179;31357;31;1011;16
3180;31373;2851;11;12
3181;31385;10459;3;8
3182;31393;10463;3;4
3183;31397;10459;3;20
3184;31417;37;849;4
3185;31421;37;849;8
3186;31429;10463;3;40
3187;31469;10487;3;8
3188;31477;9;3497;4
3189;31481;9;3497;8
3190;31489;31477;1;12
3191;31501;10499;3;4
3192;31505;10499;3;8
3193;31513;9;3501;4
3194;31517;9;3501;8
3195;31525;7;4503;4
3196;31529;31517;1;12
3197;31541;21;1501;20
3198;31561;4507;7;12
3199;31573;37;853;12
3200;31585;17;1857;16
3201;31601;10531;3;8
3202;31609;5;6321;4
3203;31613;31;1019;24
3204;31637;13;2433;8
3205;31645;53;597;4
3206;31649;53;597;8
3207;31657;4519;7;24
3208;31681;10559;3;4
3209;31685;10559;3;8
3210;31693;7;4527;4
3211;31697;9;3521;8
3212;31705;10567;3;4
3213;31709;29;1093;12
3214;31721;11;2883;8
3215;31729;5;6345;4
3216;31733;9;3525;8
3217;31741;31729;1;12
3218;31753;31741;1;12
3219;31765;9;3529;4
3220;31769;2887;11;12
3221;31781;31769;1;12
3222;31793;61;521;12
3223;31805;9;3533;8
3224;31813;23;1383;4
3225;31817;31793;1;24
3226;31841;9;3537;8
3227;31849;5;6369;4
3228;31853;17;1873;12
3229;31865;21;1517;8
3230;31873;79;403;36
3231;31909;167;191;12
3232;31921;10639;3;4
3233;31925;47;679;12
3234;31937;29;1101;8
3235;31945;2903;11;12
3236;31957;21;1521;16
3237;31973;15;2131;8
3238;31981;9;3553;4
3239;31985;2131;15;20
3240;32005;10667;3;4
3241;32009;10667;3;8
3242;32017;37;865;12
3243;32029;3557;9;16
3244;32045;103;311;12
3245;32057;13;2465;12
3246;32069;10687;3;8
3247;32077;53;605;12
3248;32089;10691;3;16
3249;32105;13;2469;8
3250;32113;7;4587;4
3251;32117;11;2919;8
3252;32125;21;1529;16
3253;32141;10711;3;8
3254;32149;4591;7;12
3255;32161;13;2473;12
3256;32173;29;1109;12
3257;32185;17;1893;4
3258;32189;23;1399;12
3259;32201;32189;1;12
3260;32213;13;2477;12
3261;32225;10739;3;8
3262;32233;9;3581;4
3263;32237;9;3581;8
3264;32245;32233;1;12
3265;32257;13;2481;4
3266;32261;1289;25;36
3267;32297;55;587;12
3268;32309;9;3589;8
3269;32317;10771;3;4
3270;32321;37;873;20
3271;32341;9;3593;4
3272;32345;9;3593;8
3273;32353;32341;1;12
3274;32365;7;4623;4
3275;32369;21;1541;8
3276;32377;9;3597;4
3277;32381;32369;1;12
3278;32393;15;2159;8
3279;32401;10799;3;4
3280;32405;10799;3;8
3281;32413;32401;1;12
3282;32425;101;321;4
3283;32429;77;421;12
3284;32441;19;1707;8
3285;32449;32413;1;36
3286;32485;9;3609;4
3287;32489;9;3609;8
3288;32497;27;1203;16
3289;32513;11;2955;8
3290;32521;9;3613;4
3291;32525;9;3613;8
3292;32533;7;4647;4
3293;32537;41;793;24
3294;32561;9;3617;8
3295;32569;5;6513;4
3296;32573;121;269;24
3297;32597;9;3621;8
3298;32605;10867;3;4
3299;32609;10867;3;8
3300;32617;7;4659;4
3301;32621;32609;1;12
3302;32633;32621;1;12
3303;32645;11;2967;8
3304;32653;10883;3;4
3305;32657;23;1419;20
3306;32677;47;695;12
3307;32689;5;6537;4
3308;32693;15;2179;8
3309;32701;97;337;12
3310;32713;10903;3;4
3311;32717;32693;1;24
3312;32741;9;3637;8
3313;32749;19;1723;12
3314;32761;61;537;4
3315;32765;61;537;8
3316;32773;9;3641;4
3317;32777;6553;5;12
3318;32789;21;1561;8
3319;32797;17;1929;4
3320;32801;73;449;24
3321;32825;10939;3;8
3322;32833;23;1427;12
3323;32845;31;1059;16
3324;32861;47;699;8
3325;32869;47;699;16
3326;32885;21;1565;20
3327;32905;11;2991;4
3328;32909;11;2991;8
3329;32917;6581;5;12
3330;32929;5;6585;4
3331;32933;15;2195;8
3332;32941;25;1317;16
3333;32957;55;599;12
3334;32969;55;599;24
3335;32993;9;3665;8
3336;33001;2999;11;12
3337;33013;11003;3;4
3338;33017;11003;3;8
3339;33025;9;3669;4
3340;33029;9;3669;8
3341;33037;25;1321;12
3342;33049;5;6609;4
3343;33053;19;1739;12
3344;33065;9;3673;8
3345;33073;4723;7;12
3346;33085;4723;7;24
3347;33109;5;6621;4
3348;33113;79;419;12
3349;33125;19;1743;8
3350;33133;9;3681;4
3351;33137;25;1325;12
3352;33149;13;2549;12
3353;33161;43;771;8
3354;33169;71;467;12
3355;33181;11059;3;4
3356;33185;49;677;12
3357;33197;13;2553;8
3358;33205;41;809;36
3359;33241;9;3693;4
3360;33245;25;1329;20
3361;33265;2557;13;24
3362;33289;5;6657;4
3363;33293;15;2219;8
3364;33301;11;3027;4
3365;33305;13;2561;12
3366;33317;6661;5;12
3367;33329;29;1149;8
3368;33337;25;1333;12
3369;33349;5;6669;4
3370;33353;9;3705;8
3371;33361;11119;3;4
3372;33365;33353;1;12
3373;33377;6673;5;12
3374;33389;21;1589;20
3375;33409;5;6681;4
3376;33413;173;193;24
3377;33437;11;3039;8
3378;33445;67;499;12
3379;33457;7;4779;4
3380;33461;9;3717;8
3381;33469;21;1593;16
3382;33485;11159;3;8
3383;33493;4783;7;12
3384;33505;61;549;16
3385;33521;11171;3;8
3386;33529;5;6705;4
3387;33533;9;3725;8
3388;33541;7;4791;4
3389;33545;21;1597;8
3390;33553;21;1597;16
3391;33569;9;3729;8
3392;33577;19;1767;4
3393;33581;19;1767;8
3394;33589;33577;1;12
3395;33601;33589;1;12
3396;33613;17;1977;4
3397;33617;17;1977;8
3398;33625;7;4803;4
3399;33629;21;1601;8
3400;33637;9;3737;4
3401;33641;33629;1;12
3402;33653;15;2243;8
3403;33661;13;2589;4
3404;33665;2243;15;20
3405;33685;41;821;24
3406;33709;5;6741;4
3407;33713;9;3745;8
3408;33721;31;1087;24
3409;33745;9;3749;4
3410;33749;9;3749;8
3411;33757;17;1985;12
3412;33769;5;6753;4
3413;33773;13;2597;12
3414;33785;33773;1;12
3415;33797;21;1609;8
3416;33805;19;1779;4
3417;33809;21;1609;20
3418;33829;6761;5;24
3419;33853;9;3761;4
3420;33857;9;3761;8
3421;33865;3761;9;16
3422;33881;21;1613;8
3423;33889;5;6777;4
3424;33893;17;1993;12
3425;33905;33893;1;12
3426;33917;11299;3;20
3427;33937;11311;3;4
3428;33941;11311;3;8
3429;33949;33937;1;12
3430;33961;7;4851;4
3431;33965;9;3773;8
3432;33973;13;2613;4
3433;33977;6793;5;12
3434;33989;47;723;8
3435;33997;53;641;24
3436;34021;17;2001;4
3437;34025;17;2001;8
3438;34033;9;3781;4
3439;34037;23;1479;20
3440;34057;11351;3;4
3441;34061;79;431;12
3442;34073;9;3785;8
3443;34081;37;921;4
3444;34085;11351;3;32
3445;34117;83;411;4
3446;34121;83;411;8
3447;34129;109;313;12
3448;34141;9;3793;4
3449;34145;29;1177;12
3450;34157;11383;3;8
3451;34165;65;525;40
3452;34205;11399;3;8
3453;34213;7;4887;4
3454;34217;9;3801;8
3455;34225;11;3111;4
3456;34229;34217;1;12
3457;34241;11411;3;8
3458;34249;5;6849;4
3459;34253;9;3805;8
3460;34261;29;1181;12
3461;34273;34261;1;12
3462;34285;9;3809;4
3463;34289;9;3809;8
3464;34297;7;4899;4
3465;34301;17;2017;12
3466;34313;34301;1;12
3467;34325;34313;1;12
3468;34337;11443;3;8
3469;34345;11443;3;16
3470;34361;9;3817;8
3471;34369;5;6873;4
3472;34373;15;2291;8
3473;34381;11447;3;40
3474;34421;11471;3;8
3475;34429;11467;3;28
3476;34457;11483;3;8
3477;34465;7;4923;4
3478;34469;34457;1;12
3479;34481;34469;1;12
3480;34493;11;3135;8
3481;34501;13;2653;12
3482;34513;34501;1;12
3483;34525;34513;1;12
3484;34537;9;3837;4
3485;34541;9;3837;8
3486;34549;5;6909;4
3487;34553;37;933;32
3488;34585;11527;3;4
3489;34589;11527;3;8
3490;34597;6917;5;12
3491;34609;5;6921;4
3492;34613;9;3845;8
3493;34621;11;3147;4
3494;34625;45;769;20
3495;34645;9;3849;4
3496;34649;21;1649;20
3497;34669;5;6933;4
3498;34673;11551;3;20
3499;34693;31;1119;4
3500;34697;35;991;12
3501;34709;43;807;8
3502;34717;7;4959;4
3503;34721;9;3857;8
3504;34729;19;1827;16
3505;34745;47;739;12
3506;34757;9;3861;8
3507;34765;27;1287;16
3508;34781;11587;3;20
3509;34801;7;4971;4
3510;34805;3163;11;12
3511;34817;6961;5;12
3512;34829;37;941;12
3513;34841;17;2049;8
3514;34849;53;657;28
3515;34877;59;591;8
3516;34885;43;811;12
3517;34897;9;3877;4
3518;34901;139;251;12
3519;34913;3877;9;20
3520;34933;47;743;12
3521;34945;19;1839;4
3522;34949;19;1839;8
3523;34957;61;573;4
3524;34961;34949;1;12
3525;34973;9;3885;8
3526;34981;89;393;4
3527;34985;21;1665;20
3528;35005;9;3889;4
3529;35009;6997;5;24
3530;35033;33;1061;20
3531;35053;67;523;12
3532;35065;13;2697;4
3533;35069;3187;11;12
3534;35081;9;3897;8
3535;35089;7013;5;24
3536;35113;9;3901;4
3537;35117;9;3901;8
3538;35125;23;1527;4
3539;35129;23;1527;8
3540;35137;7;5019;4
3541;35141;21;1673;8
3542;35149;5;7029;4
3543;35153;35141;1;12
3544;35165;11719;3;8
3545;35173;19;1851;4
3546;35177;11719;3;20
3547;35197;11731;3;4
3548;35201;11731;3;8
3549;35209;61;577;12
3550;35221;7;5031;4
3551;35225;35201;1;24
3552;35249;17;2073;8
3553;35257;9;3917;4
3554;35261;9;3917;8
3555;35269;35257;1;12
3556;35281;11;3207;4
3557;35285;11;3207;8
3558;35293;2713;13;24
3559;35317;21;1681;16
3560;35333;13;2717;12
3561;35345;11779;3;8
3562;35353;11779;3;16
3563;35369;9;3929;8
3564;35377;13;2721;4
3565;35381;113;313;12
3566;35393;15;2359;8
3567;35401;9;3933;4
3568;35405;21;1685;20
3569;35425;5059;7;12
3570;35437;13;2725;12
3571;35449;35437;1;12
3572;35461;53;669;4
3573;35465;121;293;12
3574;35477;51;695;32
3575;35509;5;7101;4
3576;35513;9;3945;8
3577;35521;35509;1;12
3578;35533;13;2733;4
3579;35537;13;2733;8
3580;35545;35521;1;24
3581;35569;5;7113;4
3582;35573;21;1693;20
3583;35593;11863;3;4
3584;35597;11863;3;8
3585;35605;35593;1;12
3586;35617;11867;3;16
3587;35633;15;2375;8
3588;35641;7;5091;4
3589;35645;21;1697;8
3590;35653;9;3961;4
3591;35657;7129;5;12
3592;35669;11887;3;8
3593;35677;35;1019;12
3594;35689;23;1551;16
3595;35705;39;915;20
3596;35725;7;5103;4
3597;35729;9;3969;8
3598;35737;21;1701;16
3599;35753;49;729;32
3600;35785;11927;3;4
3601;35789;11927;3;8
3602;35797;9;3977;4
3603;35801;9;3977;8
3604;35809;35797;1;12
3605;35821;11939;3;4
3606;35825;59;607;12
3607;35837;33;1085;32
3608;35869;5;7173;4
3609;35873;9;3985;8
3610;35881;11959;3;4
3611;35885;29;1237;12
3612;35897;7177;5;12
3613;35909;35897;1;12
3614;35921;149;241;12
3615;35933;11971;3;20
3616;35953;23;1563;4
3617;35957;23;1563;8
3618;35965;11987;3;4
3619;35969;11987;3;8
3620;35977;7193;5;12
3621;35989;5;7197;4
3622;35993;21;1713;20
3623;36013;9;4001;4
3624;36017;39;923;20
3625;36037;36013;1;24
3626;36061;7;5151;4
3627;36065;17;2121;8
3628;36073;47;767;24
3629;36097;53;681;4
3630;36101;53;681;8
3631;36109;36097;1;12
3632;36121;9;4013;4
3633;36125;49;737;12
3634;36137;12043;3;8
3635;36145;7;5163;4
3636;36149;36137;1;12
3637;36161;37;977;12
3638;36173;15;2411;8
3639;36181;31;1167;4
3640;36185;31;1167;8
3641;36193;97;373;12
3642;36205;11;3291;4
3643;36209;11;3291;8
3644;36217;12071;3;4
3645;36221;12071;3;8
3646;36229;36217;1;12
3647;36241;21;1725;16
3648;36257;43;843;8
3649;36265;9;4029;4
3650;36269;9;4029;8
3651;36277;17;2133;16
3652;36293;71;511;12
3653;36305;9;4033;8
3654;36313;31;1171;12
3655;36325;12107;3;4
3656;36329;23;1579;12
3657;36341;17;2137;12
3658;36353;15;2423;8
3659;36361;163;223;12
3660;36373;12119;3;16
3661;36389;67;543;8
3662;36397;7;5199;4
3663;36401;36389;1;12
3664;36413;21;1733;20
3665;36433;43;847;12
3666;36445;36433;1;12
3667;36457;37;985;12
3668;36469;5;7293;4
3669;36473;19;1919;12
3670;36485;9;4053;8
3671;36493;12163;3;4
3672;36497;21;1737;20
3673;36517;35;1043;12
3674;36529;13;2809;12
3675;36541;19;1923;4
3676;36545;59;619;24
3677;36569;139;263;12
3678;36581;21;1741;20
3679;36601;11;3327;4
3680;36605;27;1355;20
3681;36625;9;4069;4
3682;36629;9;4069;8
3683;36637;39;939;16
3684;36653;15;2443;8
3685;36661;9;4073;4
3686;36665;36653;1;12
3687;36677;4073;9;20
3688;36697;23;1595;12
3689;36709;5;7341;4
3690;36713;15;2447;8
3691;36721;12239;3;4
3692;36725;12239;3;8
3693;36733;7;5247;4
3694;36737;9;4081;8
3695;36745;37;993;4
3696;36749;17;2161;12
3697;36761;37;993;20
3698;36781;83;443;12
3699;36793;36781;1;12
3700;36805;9;4089;4
3701;36809;31;1187;12
3702;36821;21;1753;8
3703;36829;5;7365;4
3704;36833;36821;1;12
3705;36845;9;4093;8
3706;36853;71;519;4
3707;36857;71;519;8
3708;36865;137;269;12
3709;36877;9;4097;4
3710;36881;9;4097;8
3711;36889;36877;1;12
3712;36901;37;997;12
3713;36913;21;1757;16
3714;36929;19;1943;12
3715;36941;29;1273;24
3716;36965;97;381;8
3717;36973;23;1607;12
3718;36985;36973;1;12
3719;36997;21;1761;16
3720;37013;15;2467;8
3721;37021;9;4113;4
3722;37025;9;4113;8
3723;37033;27;1371;16
3724;37049;12347;3;8
3725;37057;9;4117;4
3726;37061;37;1001;24
3727;37085;131;283;12
3728;37097;9;4121;8
3729;37105;49;757;12
3730;37117;49;757;24
3731;37141;107;347;12
3732;37153;7;5307;4
3733;37157;21;1769;8
3734;37165;21;1769;16
3735;37181;12391;3;8
3736;37189;5;7437;4
3737;37193;15;2479;8
3738;37201;37;1005;16
3739;37217;79;471;8
3740;37225;37201;1;24
3741;37249;5;7449;4
3742;37253;167;223;12
3743;37265;11;3387;8
3744;37273;9;4141;4
3745;37277;9;4141;8
3746;37285;5323;7;24
3747;37309;5;7461;4
3748;37313;9;4145;8
3749;37321;7;5331;4
3750;37325;21;1777;8
3751;37333;23;1623;4
3752;37337;25;1493;12
3753;37349;9;4149;8
3754;37357;12451;3;4
3755;37361;12451;3;8
3756;37369;37357;1;12
3757;37381;9;4153;4
3758;37385;9;4153;8
3759;37393;11;3399;4
3760;37397;11;3399;8
3761;37405;7;5343;4
3762;37409;4153;9;32
3763;37441;12479;3;4
3764;37445;1627;23;24
3765;37469;5351;7;12
3766;37481;12491;3;8
3767;37489;5;7497;4
3768;37493;9;4165;8
3769;37501;29;1293;4
3770;37505;37493;1;12
3771;37517;13;2885;12
3772;37529;9;4169;8
3773;37537;19;1975;12
3774;37549;37537;1;12
3775;37561;37549;1;12
3776;37573;7;5367;4
3777;37577;21;1789;8
3778;37585;12527;3;4
3779;37589;55;683;24
3780;37613;15;2507;8
3781;37621;13;2893;12
3782;37633;9;4181;4
3783;37637;9;4181;8
3784;37645;12547;3;4
3785;37649;12547;3;8
3786;37657;7;5379;4
3787;37661;37649;1;12
3788;37673;13;2897;12
3789;37685;19;1983;8
3790;37693;49;769;12
3791;37705;37693;1;12
3792;37717;7541;5;12
3793;37729;5;7545;4
3794;37733;67;563;12
3795;37745;97;389;12
3796;37757;21;1797;20
3797;37777;9;4197;4
3798;37781;2221;17;24
3799;37805;43;879;8
3800;37813;9;4201;4
3801;37817;9;4201;8
3802;37825;37813;1;12
3803;37837;21;1801;16
3804;37853;9;4205;8
3805;37861;12619;3;4
3806;37865;29;1305;20
3807;37885;9;4209;4
3808;37889;9;4209;8
3809;37897;121;313;24
3810;37921;9;4213;4
3811;37925;21;1805;20
3812;37945;12647;3;4
3813;37949;12647;3;8
3814;37957;2917;13;36
3815;37993;7;5427;4
3816;37997;127;299;24
3817;38021;12671;3;8
3818;38029;5;7605;4
3819;38033;9;4225;8
3820;38041;17;2237;12
3821;38053;31;1227;16
3822;38069;9;4229;8
3823;38077;7;5439;4
3824;38081;21;1813;8
3825;38089;21;1813;16
3826;38105;9;4233;8
3827;38113;5443;7;12
3828;38125;5443;7;24
3829;38149;5;7629;4
3830;38153;43;887;12
3831;38165;38153;1;12
3832;38177;17;2245;12
3833;38189;11;3471;8
3834;38197;29;1317;4
3835;38201;33;1157;20
3836;38221;19;2011;12
3837;38233;12743;3;4
3838;38237;12743;3;8
3839;38245;12743;3;16
3840;38261;23;1663;12
3841;38273;15;2551;8
3842;38281;49;781;12
3843;38293;4253;9;16
3844;38309;17;2253;8
3845;38317;9;4257;4
3846;38321;9;4257;8
3847;38329;5;7665;4
3848;38333;38321;1;12
3849;38345;21;1825;20
3850;38365;19;2019;4
3851;38369;19;2019;8
3852;38377;7673;5;12
3853;38389;5;7677;4
3854;38393;5483;7;12
3855;38405;38393;1;12
3856;38417;21;1829;8
3857;38425;21;1829;16
3858;38441;23;1671;8
3859;38449;5;7689;4
3860;38453;11;3495;8
3861;38461;33;1165;16
3862;38477;4273;9;20
3863;38497;7;5499;4
3864;38501;9;4277;8
3865;38509;101;381;28
3866;38537;9;4281;8
3867;38545;31;1243;12
3868;38557;71;543;4
3869;38561;71;543;8
3870;38569;5;7713;4
3871;38573;9;4285;8
3872;38581;7;5511;4
3873;38585;11;3507;8
3874;38593;19;2031;4
3875;38597;7717;5;12
3876;38609;57;677;20
3877;38629;23;1679;12
3878;38641;38629;1;12
3879;38653;27;1431;16
3880;38669;21;1841;8
3881;38677;21;1841;16
3882;38693;15;2579;8
3883;38701;12899;3;4
3884;38705;12899;3;8
3885;38713;13;2977;12
3886;38725;12907;3;4
3887;38729;12907;3;8
3888;38737;25;1549;12
3889;38749;12911;3;16
3890;38765;13;2981;12
3891;38777;12923;3;8
3892;38785;83;467;24
3893;38809;5;7761;4
3894;38813;13;2985;8
3895;38821;9;4313;4
3896;38825;9;4313;8
3897;38833;38821;1;12
3898;38845;11;3531;4
3899;38849;71;547;12
3900;38861;53;733;12
3901;38873;53;733;24
3902;38897;35;1111;12
3903;38909;12967;3;8
3904;38917;7;5559;4
3905;38921;13;2993;12
3906;38933;38921;1;12
3907;38945;12979;3;8
3908;38953;5563;7;12
3909;38965;38953;1;12
3910;38977;11;3543;4
3911;38981;19;2051;12
3912;38993;17;2293;12
3913;39005;9;4333;8
3914;39013;69;565;28
3915;39041;9;4337;8
3916;39049;4337;9;16
3917;39065;47;831;8
3918;39073;53;737;12
3919;39085;7;5583;4
3920;39089;21;1861;8
3921;39097;83;471;4
3922;39101;39089;1;12
3923;39113;61;641;12
3924;39125;13;3009;8
3925;39133;19;2059;12
3926;39145;39133;1;12
3927;39157;31;1263;4
3928;39161;4349;9;20
3929;39181;9;4353;4
3930;39185;21;1865;20
3931;39205;73;537;4
3932;39209;73;537;8
3933;39217;7841;5;12
3934;39229;5;7845;4
3935;39233;15;2615;8
3936;39241;39229;1;12
3937;39253;7;5607;4
3938;39257;9;4361;8
3939;39265;39241;1;24
3940;39289;5;7857;4
3941;39293;9;4365;8
3942;39301;101;389;12
3943;39313;13103;3;4
3944;39317;39293;1;24
3945;39341;39317;1;24
3946;39365;9;4373;8
3947;39373;11;3579;4
3948;39377;11;3579;8
3949;39385;39373;1;12
3950;39397;7877;5;12
3951;39409;13127;3;28
3952;39437;3583;11;24
3953;39461;13151;3;8
3954;39469;17;2321;12
3955;39481;13159;3;4
3956;39485;13159;3;8
3957;39493;13;3037;12
3958;39505;7;5643;4
3959;39509;127;311;12
3960;39521;39509;1;12
3961;39533;15;2635;8
3962;39541;5647;7;12
3963;39553;39541;1;12
3964;39565;13187;3;4
3965;39569;5651;7;12
3966;39581;39569;1;12
3967;39593;39581;1;12
3968;39605;17;2329;12
3969;39617;9;4401;8
3970;39625;5659;7;12
3971;39637;5659;7;24
3972;39661;13219;3;4
3973;39665;13219;3;8
3974;39673;17;2333;12
3975;39685;21;1889;16
3976;39701;101;393;8
3977;39709;7937;5;24
3978;39733;23;1727;12
3979;39745;13;3057;4
3980;39749;79;503;12
3981;39761;9;4417;8
3982;39769;21;1893;16
3983;39785;13259;3;8
3984;39793;9;4421;4
3985;39797;13259;3;20
3986;39817;23;1731;4
3987;39821;23;1731;8
3988;39829;5;7965;4
3989;39833;9;4425;8
3990;39841;7;5691;4
3991;39845;61;653;12
3992;39857;13;3065;12
3993;39869;9;4429;8
3994;39877;17;2345;12
3995;39889;39877;1;12
3996;39901;39877;1;24
3997;39925;7;5703;4
3998;39929;21;1901;8
3999;39937;21;1901;16
4000;39953;15;2663;8
4001;39961;19;2103;4
4002;39965;3631;11;24
4003;39989;5711;7;12
4004;40001;13331;3;8
4005;40009;5;8001;4
4006;40013;13;3077;12
4007;40025;40013;1;12
4008;40037;11;3639;8
4009;40045;9;4449;4
4010;40049;9;4449;8
4011;40057;8009;5;12
4012;40069;41;977;12
4013;40081;9;4453;4
4014;40085;9;4453;8
4015;40093;7;5727;4
4016;40097;21;1909;8
4017;40105;21;1909;16
4018;40121;9;4457;8
4019;40129;77;521;12
4020;40141;40129;1;12
4021;40153;9;4461;4
4022;40157;9;4461;8
4023;40165;11;3651;4
4024;40169;11;3651;8
4025;40177;29;1385;12
4026;40189;5;8037;4
4027;40193;21;1913;20
4028;40213;5743;7;12
4029;40225;40213;1;12
4030;40237;13411;3;4
4031;40241;49;821;12
4032;40253;40241;1;12
4033;40265;40253;1;12
4034;40277;8053;5;12
4035;40289;31;1299;20
4036;40309;59;683;12
4037;40321;89;453;4
4038;40325;89;453;8
4039;40333;61;661;12
4040;40345;7;5763;4
4041;40349;17;2373;8
4042;40357;13451;3;4
4043;40361;193;209;24
4044;40385;23;1755;20
4045;40405;9;4489;4
4046;40409;9;4489;8
4047;40417;8081;5;12
4048;40429;5;8085;4
4049;40433;11;3675;8
4050;40441;9;4493;4
4051;40445;21;1925;20
4052;40465;5779;7;12
4053;40477;13487;3;16
4054;40493;15;2699;8
4055;40501;13499;3;4
4056;40505;2699;15;20
4057;40525;13;3117;4
4058;40529;2699;15;44
4059;40573;13523;3;4
4060;40577;13523;3;8
4061;40585;9;4509;4
4062;40589;9;4509;8
4063;40597;8117;5;12
4064;40609;5;8121;4
4065;40613;3691;11;12
4066;40625;17;2389;12
4067;40637;4513;9;20
4068;40657;9;4517;4
4069;40661;5807;7;12
4070;40673;15;2711;8
4071;40681;67;607;12
4072;40693;9;4521;4
4073;40697;79;515;12
4074;40709;27;1507;20
4075;40729;41;993;16
4076;40745;23;1771;12
4077;40757;77;529;24
4078;40781;21;1941;20
4079;40801;9;4533;4
4080;40805;9;4533;8
4081;40813;27;1511;16
4082;40829;11;3711;8
4083;40837;9;4537;4
4084;40841;9;4537;8
4085;40849;5;8169;4
4086;40853;15;2723;8
4087;40861;21;1945;16
4088;40877;9;4541;8
4089;40885;5839;7;12
4090;40897;57;717;28
4091;40925;23;1779;8
4092;40933;23;1779;16
4093;40949;13;3149;12
4094;40961;11;3723;8
4095;40969;5;8193;4
4096;40973;33;1241;20
4097;40993;53;773;24
4098;41017;59;695;12
4099;41029;5;8205;4
4100;41033;17;2413;12
4101;41045;13679;3;8
4102;41053;9;4561;4
4103;41057;13679;3;20
4104;41077;13691;3;4
4105;41081;13691;3;8
4106;41089;5;8217;4
4107;41093;41081;1;12
4108;41105;19;2163;8
4109;41113;71;579;4
4110;41117;29;1417;24
4111;41141;13711;3;8
4112;41149;31;1327;12
4113;41161;9;4573;4
4114;41165;5879;7;12
4115;41177;13723;3;8
4116;41185;7;5883;4
4117;41189;21;1961;8
4118;41197;9;4577;4
4119;41201;41189;1;12
4120;41213;15;2747;8
4121;41221;11;3747;4
4122;41225;11;3747;8
4123;41233;41221;1;12
4124;41245;41233;1;12
4125;41257;73;565;12
4126;41269;5;8253;4
4127;41273;9;4585;8
4128;41281;21;1965;16
4129;41297;23;1795;12
4130;41309;13763;3;20
4131;41329;5;8265;4
4132;41333;15;2755;8
4133;41341;9;4593;4
4134;41345;9;4593;8
4135;41353;7;5907;4
4136;41357;11;3759;8
4137;41365;17;2433;4
4138;41369;41357;1;12
4139;41381;9;4597;8
4140;41389;8273;5;24
4141;41413;19;2179;12
4142;41425;13807;3;4
4143;41429;83;499;12
4144;41441;21;1973;8
4145;41449;5;8289;4
4146;41453;29;1429;12
4147;41465;27;1535;20
4148;41485;67;619;12
4149;41497;33;1257;16
4150;41513;15;2767;8
4151;41521;13;3193;12
4152;41533;109;381;4
4153;41537;25;1661;12
4154;41549;61;681;8
4155;41557;109;381;28
4156;41585;13859;3;8
4157;41593;9;4621;4
4158;41597;9;4621;8
4159;41605;7;5943;4
4160;41609;21;1981;8
4161;41617;11;3783;4
4162;41621;21;1981;20
4163;41641;13879;3;4
4164;41645;25;1665;20
4165;41665;9;4629;4
4166;41669;77;541;12
4167;41681;41669;1;12
4168;41693;41669;1;24
4169;41717;13903;3;8
4170;41725;13907;3;4
4171;41729;13907;3;8
4172;41737;59;707;24
4173;41761;31;1347;4
4174;41765;31;1347;8
4175;41773;7;5967;4
4176;41777;9;4641;8
4177;41785;17;2457;16
4178;41801;13931;3;8
4179;41809;5;8361;4
4180;41813;9;4645;8
4181;41821;49;853;24
4182;41845;9;4649;4
4183;41849;17;2461;12
4184;41861;21;1993;8
4185;41869;5;8373;4
4186;41873;41;1021;12
4187;41885;9;4653;8
4188;41893;13963;3;4
4189;41897;13963;3;8
4190;41905;149;281;36
4191;41941;7;5991;4
4192;41945;21;1997;8
4193;41953;9;4661;4
4194;41957;8389;5;12
4195;41969;71;591;8
4196;41977;17;2469;4
4197;41981;71;591;20
4198;42001;199;211;12
4199;42013;11;3819;4
4200;42017;11;3819;8
4201;42025;7;6003;4
4202;42029;42017;1;12
4203;42041;21;2001;20
4204;42061;6007;7;12
4205;42073;4673;9;16
4206;42089;6011;7;12
4207;42101;9;4677;8
4208;42109;43;979;12
4209;42121;101;417;4
4210;42125;23;1831;12
4211;42137;9;4681;8
4212;42145;11;3831;4
4213;42149;11;3831;8
4214;42157;8429;5;12
4215;42169;5;8433;4
4216;42173;9;4685;8
4217;42181;42169;1;12
4218;42193;7;6027;4
4219;42197;13;3245;12
4220;42209;42197;1;12
4221;42221;42209;1;12
4222;42233;15;2815;8
4223;42241;25;1689;16
4224;42257;157;269;24
4225;42281;9;4697;8
4226;42289;5;8457;4
4227;42293;42281;1;12
4228;42305;2819;15;20
4229;42325;17;2489;12
4230;42337;103;411;4
4231;42341;103;411;8
4232;42349;5;8469;4
4233;42353;13;3257;12
4234;42365;21;2017;8
4235;42373;42349;1;24
4236;42397;13;3261;4
4237;42401;13;3261;8
4238;42409;39;1087;16
4239;42425;9;4713;8
4240;42433;14143;3;4
4241;42437;14143;3;8
4242;42445;42433;1;12
4243;42457;9;4717;4
4244;42461;17;2497;12
4245;42473;42461;1;12
4246;42485;57;745;20
4247;42505;31;1371;4
4248;42509;31;1371;8
4249;42517;37;1149;4
4250;42521;42509;1;12
4251;42533;42509;1;24
4252;42557;13;3273;8
4253;42565;9;4729;4
4254;42569;9;4729;8
4255;42577;8513;5;12
4256;42589;42577;1;12
4257;42601;9;4733;4
4258;42605;42569;1;36
4259;42641;9;4737;8
4260;42649;5;8529;4
4261;42653;15;2843;8
4262;42661;2843;15;16
4263;42677;9;4741;8
4264;42685;41;1041;4
4265;42689;41;1041;8
4266;42697;7;6099;4
4267;42701;19;2247;8
4268;42709;19;2247;16
4269;42725;121;353;12
4270;42737;121;353;24
4271;42761;31;1379;12
4272;42773;14251;3;20
4273;42793;17;2517;4
4274;42797;43;995;12
4275;42809;42797;1;12
4276;42821;9;4757;8
4277;42829;47;911;12
4278;42841;42829;1;12
4279;42853;9;4761;4
4280;42857;9;4761;8
4281;42865;42853;1;12
4282;42877;31;1383;4
4283;42881;21;2041;20
4284;42901;79;543;4
4285;42905;79;543;8
4286;42913;42901;1;12
4287;42925;9;4769;4
4288;42929;9;4769;8
4289;42937;17;2525;12
4290;42949;5;8589;4
4291;42953;15;2863;8
4292;42961;9;4773;4
4293;42965;21;2045;20
4294;42985;14327;3;4
4295;42989;14323;3;20
4296;43009;5;8601;4
4297;43013;6143;7;12
4298;43025;43013;1;12
4299;43037;9;4781;8
4300;43045;14347;3;4
4301;43049;43037;1;12
4302;43061;113;381;8
4303;43069;8609;5;24
4304;43093;67;643;12
4305;43105;43093;1;12
4306;43117;4789;9;16
4307;43133;13;3317;12
4308;43145;23;1875;20
4309;43165;3923;11;12
4310;43177;9;4797;4
4311;43181;9;4797;8
4312;43189;43177;1;12
4313;43201;7;6171;4
4314;43205;39;1107;32
4315;43237;13;3325;12
4316;43249;43237;1;12
4317;43261;14419;3;4
4318;43265;14419;3;8
4319;43273;14423;3;4
4320;43277;17;2545;12
4321;43289;9;4809;8
4322;43297;21;2061;16
4323;43313;15;2887;8
4324;43321;9;4813;4
4325;43325;9;4813;8
4326;43333;43321;1;12
4327;43345;2887;15;40
4328;43385;3943;11;12
4329;43397;9;4821;8
4330;43405;47;923;24
4331;43429;5;8685;4
4332;43433;9;4825;8
4333;43441;14479;3;4
4334;43445;13;3341;12
4335;43457;21;2069;8
4336;43465;9;4829;4
4337;43469;43457;1;12
4338;43481;43;1011;8
4339;43489;6211;7;12
4340;43501;157;277;12
4341;43513;14503;3;4
4342;43517;14503;3;8
4343;43525;53;821;12
4344;43537;7;6219;4
4345;43541;19;2291;12
4346;43553;43541;1;12
4347;43565;14519;3;8
4348;43573;9;4841;4
4349;43577;14519;3;20
4350;43597;23;1895;12
4351;43609;5;8721;4
4352;43613;9;4845;8
4353;43621;7;6231;4
4354;43625;21;2077;8
4355;43633;21;2077;16
4356;43649;9;4849;8
4357;43657;14551;3;4
4358;43661;14551;3;8
4359;43669;14551;3;16
4360;43685;9;4853;8
4361;43693;14563;3;4
4362;43697;14563;3;8
4363;43705;7;6243;4
4364;43709;21;2081;8
4365;43717;9;4857;4
4366;43721;109;401;12
4367;43733;43721;1;12
4368;43745;61;717;8
4369;43753;17;2573;12
4370;43765;43753;1;12
4371;43777;14591;3;4
4372;43781;14591;3;8
4373;43789;5;8757;4
4374;43793;9;4865;8
4375;43801;13;3369;4
4376;43805;21;2085;20
4377;43825;9;4869;4
4378;43829;51;859;20
4379;43849;5;8769;4
4380;43853;57;769;20
4381;43873;7;6267;4
4382;43877;31;1415;12
4383;43889;31;1415;24
4384;43913;4877;9;20
4385;43933;9;4881;4
4386;43937;14639;3;20
4387;43957;7;6279;4
4388;43961;13;3381;8
4389;43969;5;8793;4
4390;43973;21;2093;20
4391;43993;11;3999;4
4392;43997;11;3999;8
4393;44005;29;1517;12
4394;44017;17;2589;4
4395;44021;17;2589;8
4396;44029;44017;1;12
4397;44041;44029;1;12
4398;44053;14683;3;4
4399;44057;4003;11;24
4400;44081;9;4897;8
4401;44089;4007;11;12
4402;44101;14699;3;4
4403;44105;6299;7;12
4404;44117;9;4901;8
4405;44125;7;6303;4
4406;44129;157;281;12
4407;44141;14699;3;44
4408;44185;9;4909;4
4409;44189;9;4909;8
4410;44197;14731;3;4
4411;44201;4909;9;20
4412;44221;9;4913;4
4413;44225;21;2105;20
4414;44245;14747;3;4
4415;44249;14747;3;8
4416;44257;8849;5;12
4417;44269;5;8853;4
4418;44273;13;3405;8
4419;44281;14759;3;4
4420;44285;14759;3;8
4421;44293;44281;1;12
4422;44305;44281;1;24
4423;44329;8861;5;24
4424;44353;14783;3;4
4425;44357;35;1267;12
4426;44369;44357;1;12
4427;44381;21;2113;8
4428;44389;31;1431;28
4429;44417;113;393;8
4430;44425;23;1931;12
4431;44437;25;1777;12
4432;44449;5;8889;4
4433;44453;15;2963;8
4434;44461;7;6351;4
4435;44465;2339;19;24
4436;44489;14827;3;8
4437;44497;14831;3;4
4438;44501;79;563;24
4439;44525;11;4047;8
4440;44533;14843;3;4
4441;44537;13;3425;12
4442;44549;9;4949;8
4443;44557;21;2121;16
4444;44573;15;2971;8
4445;44581;9;4953;4
4446;44585;14851;3;32
4447;44617;9;4957;4
4448;44621;9;4957;8
4449;44629;5;8925;4
4450;44633;15;2975;8
4451;44641;14879;3;4
4452;44645;44633;1;12
4453;44657;9;4961;8
4454;44665;3433;13;36
4455;44701;47;951;4
4456;44705;47;951;8
4457;44713;7;6387;4
4458;44717;21;2129;8
4459;44725;9;4969;4
4460;44729;97;461;12
4461;44741;13;3441;8
4462;44749;5;8949;4
4463;44753;15;2983;8
4464;44761;73;613;12
4465;44773;14923;3;4
4466;44777;14923;3;8
4467;44785;11;4071;4
4468;44789;11;4071;8
4469;44797;13;3445;12
4470;44809;5;8961;4
4471;44813;44789;1;24
4472;44837;9;4981;8
4473;44845;17;2637;16
4474;44861;14947;3;20
4475;44881;4079;11;12
4476;44893;21;2137;16
4477;44909;9;4989;8
4478;44917;11;4083;4
4479;44921;27;1663;20
4480;44941;9;4993;4
4481;44945;9;4993;8
4482;44953;4993;9;16
4483;44969;21;2141;8
4484;44977;21;2141;16
4485;44993;31;1451;12
4486;45005;53;849;8
4487;45013;4091;11;12
4488;45025;43;1047;4
4489;45029;43;1047;8
4490;45037;17;2649;4
4491;45041;37;1217;12
4492;45053;9;5005;8
4493;45061;23;1959;4
4494;45065;45053;1;12
4495;45077;23;1959;20
4496;45097;5009;9;16
4497;45113;15;3007;8
4498;45121;31;1455;16
4499;45137;21;2149;8
4500;45145;21;2149;16
4501;45161;9;5017;8
4502;45169;6451;7;12
4503;45181;3011;15;16
4504;45197;9;5021;8
4505;45205;13;3477;4
4506;45209;35;1291;24
4507;45233;4111;11;12
4508;45245;53;853;36
4509;45281;15091;3;8
4510;45289;5;9057;4
4511;45293;15;3019;8
4512;45301;7;6471;4
4513;45305;9;5033;8
4514;45313;11;4119;4
4515;45317;13;3485;12
4516;45329;15107;3;8
4517;45337;9;5037;4
4518;45341;9;5037;8
4519;45349;45337;1;12
4520;45361;101;449;12
4521;45373;9;5041;4
4522;45377;9;5041;8
4523;45385;7;6483;4
4524;45389;43;1055;24
4525;45413;9;5045;8
4526;45421;13;3493;12
4527;45433;53;857;12
4528;45445;19;2391;16
4529;45461;109;417;8
4530;45469;5;9093;4
4531;45473;15;3031;8
4532;45481;21;2165;16
4533;45497;55;827;12
4534;45509;55;827;24
4535;45533;15;3035;8
4536;45541;43;1059;4
4537;45545;43;1059;8
4538;45553;7;6507;4
4539;45557;9;5061;8
4540;45565;15187;3;4
4541;45569;21;2169;20
4542;45589;65;701;24
4543;45613;31;1471;12
4544;45625;23;1983;16
4545;45641;29;1573;24
4546;45665;9;5073;8
4547;45673;13;3513;4
4548;45677;13;3513;8
4549;45685;45673;1;12
4550;45697;15227;3;16
4551;45713;11;4155;8
4552;45721;33;1385;16
4553;45737;21;2177;20
4554;45757;35;1307;12
4555;45769;45757;1;12
4556;45781;15259;3;4
4557;45785;13;3521;12
4558;45797;15263;3;8
4559;45805;23;1991;12
4560;45817;15271;3;4
4561;45821;19;2411;12
4562;45833;13;3525;8
4563;45841;9;5093;4
4564;45845;9;5093;8
4565;45853;45841;1;12
4566;45865;15287;3;4
4567;45869;15287;3;8
4568;45877;9173;5;12
4569;45889;5;9177;4
4570;45893;15;3059;8
4571;45901;15299;3;4
4572;45905;45893;1;12
4573;45917;9181;5;12
4574;45929;5101;9;20
4575;45949;5;9189;4
4576;45953;6563;7;12
4577;45965;45;1021;20
4578;45985;9;5109;4
4579;45989;23;1999;12
4580;46001;27;1703;20
4581;46021;139;331;12
4582;46033;46021;1;12
4583;46045;103;447;4
4584;46049;19;2423;12
4585;46061;46049;1;12
4586;46073;46061;1;12
4587;46085;15359;3;8
4588;46093;29;1589;12
4589;46105;27;1707;16
4590;46121;49;941;12
4591;46133;9;5125;8
4592;46141;163;283;12
4593;46153;15383;3;4
4594;46157;55;839;12
4595;46169;9;5129;8
4596;46177;15391;3;4
4597;46181;101;457;24
4598;46205;9;5133;8
4599;46213;73;633;4
4600;46217;9241;5;12
4601;46229;21;2201;8
4602;46237;9;5137;4
4603;46241;21;2201;20
4604;46261;6607;7;12
4605;46273;46261;1;12
4606;46285;15427;3;4
4607;46289;77;601;12
4608;46301;13;3561;8
4609;46309;5;9261;4
4610;46313;46301;1;12
4611;46325;29;1597;12
4612;46337;17;2725;12
4613;46349;15443;3;20
4614;46369;151;307;12
4615;46381;9;5153;4
4616;46385;9;5153;8
4617;46393;46381;1;12
4618;46405;21;2209;16
4619;46421;9;5157;8
4620;46429;19;2443;12
4621;46441;25;1857;16
4622;46457;9;5161;8
4623;46465;41;1133;12
4624;46477;7;6639;4
4625;46481;21;2213;8
4626;46489;9293;5;24
4627;46513;37;1257;4
4628;46517;37;1257;8
4629;46525;193;241;12
4630;46537;25;1861;12
4631;46549;5;9309;4
4632;46553;15;3103;8
4633;46561;46549;1;12
4634;46573;21;2217;16
4635;46589;15527;3;8
4636;46597;9;5177;4
4637;46601;47;991;24
4638;46625;41;1137;8
4639;46633;9;5181;4
4640;46637;25;1865;12
4641;46649;21;2221;8
4642;46657;15551;3;4
4643;46661;21;2221;20
4644;46681;15559;3;4
4645;46685;15559;3;8
4646;46693;46681;1;12
4647;46705;9;5189;4
4648;46709;9337;5;24
4649;46733;19;2459;12
4650;46745;17;2749;12
4651;46757;9349;5;12
4652;46769;11;4251;8
4653;46777;33;1417;16
4654;46793;15;3119;8
4655;46801;71;659;12
4656;46813;7;6687;4
4657;46817;9;5201;8
4658;46825;15607;3;4
4659;46829;37;1265;24
4660;46853;9;5205;8
4661;46861;27;1735;16
4662;46877;17;2757;8
4663;46885;9;5209;4
4664;46889;46877;1;12
4665;46901;11;4263;8
4666;46909;21;2233;16
4667;46925;9;5213;8
4668;46933;6703;7;12
4669;46945;46933;1;12
4670;46957;41;1145;12
4671;46969;27;1739;16
4672;46985;21;2237;8
4673;46993;9;5221;4
4674;46997;9397;5;12
4675;47009;15667;3;8
4676;47017;15671;3;4
4677;47021;15667;3;20
4678;47041;15679;3;4
4679;47045;6719;7;12
4680;47057;15683;3;8
4681;47065;15679;3;28
4682;47093;23;2047;12
4683;47105;43;1095;20
4684;47125;113;417;4
4685;47129;113;417;8
4686;47137;13;3625;12
4687;47149;5;9429;4
4688;47153;15;3143;8
4689;47161;11;4287;4
4690;47165;21;2245;20
4691;47185;15727;3;4
4692;47189;15727;3;8
4693;47197;9437;5;12
4694;47209;109;433;12
4695;47221;15739;3;4
4696;47225;15739;3;8
4697;47233;7;6747;4
4698;47237;25;1889;12
4699;47249;21;2249;20
4700;47269;5;9453;4
4701;47273;15;3151;8
4702;47281;47269;1;12
4703;47293;11;4299;4
4704;47297;11;4299;8
4705;47305;15767;3;4
4706;47309;15767;3;8
4707;47317;33;1433;28
4708;47345;31;1527;8
4709;47353;6763;7;12
4710;47365;5261;9;16
4711;47381;15791;3;8
4712;47389;9473;5;24
4713;47413;15803;3;4
4714;47417;21;2257;20
4715;47437;97;489;4
4716;47441;15803;3;32
4717;47473;15823;3;4
4718;47477;15823;3;8
4719;47485;7;6783;4
4720;47489;17;2793;8
4721;47497;9;5277;4
4722;47501;13;3653;12
4723;47513;15;3167;8
4724;47521;47;1011;4
4725;47525;47;1011;8
4726;47533;47521;1;12
4727;47545;13;3657;4
4728;47549;5281;9;20
4729;47569;5;9513;4
4730;47573;9;5285;8
4731;47581;2503;19;24
4732;47605;9;5289;4
4733;47609;9;5289;8
4734;47617;9521;5;12
4735;47629;59;807;16
4736;47645;9;5293;8
4737;47653;7;6807;4
4738;47657;21;2269;8
4739;47665;15887;3;4
4740;47669;47657;1;12
4741;47681;73;653;12
4742;47693;11;4335;8
4743;47701;103;463;12
4744;47713;9;5301;4
4745;47717;39;1223;20
4746;47737;7;6819;4
4747;47741;21;2273;8
4748;47749;5;9549;4
4749;47753;47741;1;12
4750;47765;17;2809;12
4751;47777;15919;3;20
4752;47797;89;537;4
4753;47801;89;537;8
4754;47809;5;9561;4
4755;47813;15;3187;8
4756;47821;7;6831;4
4757;47825;137;349;12
4758;47837;21;2277;20
4759;47857;35;1367;12
4760;47869;47857;1;12
4761;47881;15959;3;4
4762;47885;39;1227;32
4763;47917;15971;3;4
4764;47921;23;2083;12
4765;47933;2281;21;32
4766;47965;9;5329;4
4767;47969;9;5329;8
4768;47977;15991;3;4
4769;47981;15991;3;8
4770;47989;15991;3;16
4771;48005;4363;11;12
4772;48017;13;3693;8
4773;48025;16007;3;4
4774;48029;39;1231;20
4775;48049;5;9609;4
4776;48053;15;3203;8
4777;48061;83;579;4
4778;48065;83;579;8
4779;48073;121;397;36
4780;48109;5;9621;4
4781;48113;9;5345;8
4782;48121;45;1069;16
4783;48137;61;789;8
4784;48145;9;5349;4
4785;48149;9;5349;8
4786;48157;7;6879;4
4787;48161;61;789;32
4788;48193;16063;3;4
4789;48197;53;909;20
4790;48217;9;5357;4
4791;48221;9;5357;8
4792;48229;33;1461;16
4793;48245;21;2297;8
4794;48253;75;643;28
4795;48281;41;1177;24
4796;48305;17;2841;8
4797;48313;4391;11;12
4798;48325;48313;1;12
4799;48337;16111;3;4
4800;48341;31;1559;12
4801;48353;11;4395;8
4802;48361;9;5373;4
4803;48365;9;5373;8
4804;48373;137;353;12
4805;48385;13;3721;12
4806;48397;9;5377;4
4807;48401;9;5377;8
4808;48409;5;9681;4
4809;48413;15;3227;8
4810;48421;16139;3;4
4811;48425;48413;1;12
4812;48437;9;5381;8
4813;48445;67;723;4
4814;48449;25;1937;24
4815;48473;9;5385;8
4816;48481;11;4407;4
4817;48485;48473;1;12
4818;48497;21;2309;8
4819;48505;48481;1;24
4820;48529;5;9705;4
4821;48533;15;3235;8
4822;48541;103;471;28
4823;48569;59;823;12
4824;48581;9;5397;8
4825;48589;5;9717;4
4826;48593;13;3737;12
4827;48605;97;501;8
4828;48613;9;5401;4
4829;48617;9;5401;8
4830;48625;173;281;12
4831;48637;25;1945;12
4832;48649;17;2861;12
4833;48661;7;6951;4
4834;48665;21;2317;8
4835;48673;16223;3;4
4836;48677;9733;5;12
4837;48689;4423;11;36
4838;48725;9;5413;8
4839;48733;83;587;12
4840;48745;7;6963;4
4841;48749;11;4431;8
4842;48757;9;5417;4
4843;48761;21;2321;20
4844;48781;5417;9;28
4845;48809;16267;3;8
4846;48817;53;921;4
4847;48821;16267;3;20
4848;48841;73;669;4
4849;48845;47;1039;12
4850;48857;19;2571;8
4851;48865;9;5429;4
4852;48869;9;5429;8
4853;48877;29;1685;12
4854;48889;5;9777;4
4855;48893;6983;7;12
4856;48905;9;5433;8
4857;48913;27;1811;16
4858;48929;4447;11;12
4859;48941;113;433;12
4860;48953;5437;9;20
4861;48973;4451;11;12
4862;48985;29;1689;4
4863;48989;29;1689;8
4864;48997;97;505;12
4865;49009;21;2333;16
4866;49025;16339;3;8
4867;49033;59;831;4
4868;49037;59;831;8
4869;49045;49033;1;12
4870;49057;17;2885;12
4871;49069;49057;1;12
4872;49081;7;7011;4
4873;49085;31;1583;12
4874;49097;9817;5;12
4875;49109;13;3777;8
4876;49117;9;5457;4
4877;49121;9;5457;8
4878;49129;49117;1;12
4879;49141;11;4467;4
4880;49145;7019;7;12
4881;49157;9;5461;8
4882;49165;7;7023;4
4883;49169;21;2341;8
4884;49177;21;2341;16
4885;49193;9;5465;8
4886;49201;23;2139;4
4887;49205;23;2139;8
4888;49213;7027;7;24
4889;49237;16411;3;4
4890;49241;16411;3;8
4891;49249;5;9849;4
4892;49253;15;3283;8
4893;49261;21;2345;16
4894;49277;11;4479;8
4895;49285;7039;7;12
4896;49297;9857;5;12
4897;49309;5477;9;16
4898;49325;17;2901;8
4899;49333;17;2901;16
4900;49349;103;479;12
4901;49361;16451;3;8
4902;49369;5;9873;4
4903;49373;16451;3;20
4904;49393;19;2599;12
4905;49405;9;5489;4
4906;49409;9;5489;8
4907;49417;7;7059;4
4908;49421;13;3801;8
4909;49429;5;9885;4
4910;49433;21;2353;20
4911;49453;49;1009;12
4912;49465;17;2909;12
4913;49477;9;5497;4
4914;49481;137;361;24
4915;49505;43;1151;12
4916;49517;9901;5;12
4917;49529;17;2913;8
4918;49537;25;1981;12
4919;49549;49537;1;12
4920;49561;49549;1;12
4921;49573;16519;3;16
4922;49589;9;5509;8
4923;49597;61;813;4
4924;49601;17;2917;12
4925;49613;193;257;12
4926;49625;9;5513;8
4927;49633;13;3817;12
4928;49645;71;699;16
4929;49661;9;5517;8
4930;49669;5;9933;4
4931;49673;11;4515;8
4932;49681;21;2365;16
4933;49697;9;5521;8
4934;49705;29;1713;28
4935;49733;9;5525;8
4936;49741;59;843;4
4937;49745;41;1213;12
4938;49757;21;2369;8
4939;49765;9;5529;4
4940;49769;21;2369;20
4941;49789;5;9957;4
4942;49793;15;3319;8
4943;49801;49789;1;12
4944;49813;49801;1;12
4945;49825;16607;3;4
4946;49829;35;1423;24
4947;49853;23;2167;12
4948;49865;16619;3;8
4949;49873;9;5541;4
4950;49877;16619;3;20
4951;49897;55;907;12
4952;49909;41;1217;12
4953;49921;7;7131;4
4954;49925;19;2627;12
4955;49937;21;2377;20
4956;49957;33;1513;28
4957;49985;9;5553;8
4958;49993;19;2631;4
4959;49997;19;2631;8
4960;50005;19;2631;16
4961;50021;43;1163;12
4962;50033;50021;1;12
4963;50045;13;3849;8
4964;50053;39;1283;16
4965;50069;11;4551;8
4966;50077;16691;3;4
4967;50081;16691;3;8
4968;50089;5;10017;4
4969;50093;9;5565;8
4970;50101;50077;1;24
4971;50125;9;5569;4
4972;50129;9;5569;8
4973;50137;5569;9;16
4974;50153;50129;1;24
4975;50177;21;2389;8
4976;50185;21;2389;16
4977;50201;31;1619;12
4978;50213;15;3347;8
4979;50221;71;707;24
4980;50245;16747;3;4
4981;50249;16747;3;8
4982;50257;7;7179;4
4983;50261;21;2393;8
4984;50269;5;10053;4
4985;50273;50261;1;12
4986;50285;50273;1;12
4987;50297;16763;3;8
4988;50305;16763;3;16
4989;50321;31;1623;8
4990;50329;5;10065;4
4991;50333;11;4575;8
4992;50341;7;7191;4
4993;50345;50333;1;12
4994;50357;21;2397;20
4995;50377;35;1439;12
4996;50389;50377;1;12
4997;50401;107;471;4
4998;50405;23;2191;12
4999;50417;9;5601;8
5000;50425;27;1867;16
5001;50441;211;239;12
5002;50453;9;5605;8
5003;50461;11;4587;4
5004;50465;11;4587;8
5005;50473;33;1529;16
5006;50489;9;5609;8
5007;50497;23;2195;12
5008;50509;5;10101;4
5009;50513;29;1741;24
5010;50537;25;2021;12
5011;50549;17;2973;8
5012;50557;55;919;12
5013;50569;13;3889;12
5014;50581;61;829;12
5015;50593;50581;1;12
5016;50605;101;501;4
5017;50609;21;2409;20
5018;50629;49;1033;12
5019;50641;197;257;12
5020;50653;89;569;12
5021;50665;89;569;24
5022;50689;19;2667;16
5023;50705;163;311;12
5024;50717;16903;3;8
5025;50725;13;3901;12
5026;50737;9;5637;4
5027;50741;7247;7;12
5028;50753;27;1879;20
5029;50773;9;5641;4
5030;50777;13;3905;12
5031;50789;50777;1;12
5032;50801;16927;3;20
5033;50821;31;1639;12
5034;50833;16943;3;4
5035;50837;16943;3;8
5036;50845;7;7263;4
5037;50849;9;5649;8
5038;50857;11;4623;4
5039;50861;50849;1;12
5040;50873;15;3391;8
5041;50881;9;5653;4
5042;50885;9;5653;8
5043;50893;17;2993;12
5044;50905;19;2679;4
5045;50909;77;661;12
5046;50921;9;5657;8
5047;50929;47;1083;28
5048;50957;9;5661;8
5049;50965;16987;3;4
5050;50969;27;1887;20
5051;50989;5;10197;4
5052;50993;9;5665;8
5053;51001;89;573;4
5054;51005;50993;1;12
5055;51017;21;2429;8
5056;51025;50989;1;36
5057;51061;41;1245;16
5058;51077;29;1761;8
5059;51085;4643;11;12
5060;51097;7;7299;4
5061;51101;9;5677;8
5062;51109;21;2433;16
5063;51125;11;4647;8
5064;51133;9;5681;4
5065;51137;9;5681;8
5066;51145;51133;1;12
5067;51157;53;965;12
5068;51169;5;10233;4
5069;51173;4651;11;12
5070;51185;21;2437;8
5071;51193;113;453;4
5072;51197;29;1765;12
5073;51209;9;5689;8
5074;51217;19;2695;12
5075;51229;51217;1;12
5076;51241;9;5693;4
5077;51245;13;3941;12
5078;51257;11;4659;8
5079;51265;51229;1;36
5080;51301;47;1091;24
5081;51325;17107;3;4
5082;51329;7331;7;12
5083;51341;71;723;8
5084;51349;5;10269;4
5085;51353;9;5705;8
5086;51361;17;3021;4
5087;51365;17107;3;44
5088;51409;5;10281;4
5089;51413;15;3427;8
5090;51421;23;2235;16
5091;51437;21;2449;8
5092;51445;13;3957;4
5093;51449;51437;1;12
5094;51461;51449;1;12
5095;51473;15;3431;8
5096;51481;4679;11;12
5097;51493;51481;1;12
5098;51505;13;3961;12
5099;51517;7;7359;4
5100;51521;19;2711;12
5101;51533;51521;1;12
5102;51545;25;2061;20
5103;51565;31;1663;12
5104;51577;17191;3;4
5105;51581;53;973;12
5106;51593;51581;1;12
5107;51605;9;5733;8
5108;51613;21;2457;16
5109;51629;17207;3;8
5110;51637;9;5737;4
5111;51641;9;5737;8
5112;51649;5737;9;16
5113;51665;67;771;8
5114;51673;19;2719;12
5115;51685;51673;1;12
5116;51697;17231;3;4
5117;51701;37;1397;12
5118;51713;9;5745;8
5119;51721;17239;3;4
5120;51725;41;1261;24
5121;51749;9;5749;8
5122;51757;79;655;12
5123;51769;73;709;12
5124;51781;9;5753;4
5125;51785;23;2251;12
5126;51797;61;849;8
5127;51805;49;1057;12
5128;51817;13;3985;12
5129;51829;5;10365;4
5130;51833;77;673;12
5131;51845;37;1401;8
5132;51853;7;7407;4
5133;51857;10369;5;12
5134;51869;13;3989;12
5135;51881;51869;1;12
5136;51893;17291;3;20
5137;51913;11;4719;4
5138;51917;35;1483;12
5139;51929;193;269;12
5140;51941;21;2473;8
5141;51949;25;2077;24
5142;51973;17;3057;4
5143;51977;17;3057;8
5144;51985;17;3057;16
5145;52001;9;5777;8
5146;52009;5;10401;4
5147;52013;15;3467;8
5148;52021;7;7431;4
5149;52025;21;2477;8
5150;52033;9;5781;4
5151;52037;21;2477;20
5152;52057;35;1487;12
5153;52069;52057;1;12
5154;52081;52069;1;12
5155;52093;52081;1;12
5156;52105;97;537;16
5157;52121;107;487;12
5158;52133;52121;1;12
5159;52145;9;5793;8
5160;52153;23;2267;12
5161;52165;17387;3;4
5162;52169;17387;3;8
5163;52177;9;5797;4
5164;52181;9;5797;8
5165;52189;52177;1;12
5166;52201;127;411;4
5167;52205;21;2485;20
5168;52225;13;4017;4
5169;52229;13;4017;8
5170;52237;25;2089;12
5171;52249;5;10449;4
5172;52253;17;3073;12
5173;52265;17419;3;8
5174;52273;7;7467;4
5175;52277;19;2751;8
5176;52285;9;5809;4
5177;52289;61;857;12
5178;52301;17431;3;8
5179;52309;5;10461;4
5180;52313;11;4755;8
5181;52321;10457;5;36
5182;52357;7;7479;4
5183;52361;9;5817;8
5184;52369;21;2493;16
5185;52385;73;717;44
5186;52429;5;10485;4
5187;52433;9;5825;8
5188;52441;7;7491;4
5189;52445;11;4767;8
5190;52453;17483;3;4
5191;52457;21;2497;20
5192;52477;35;1499;12
5193;52489;97;541;12
5194;52501;9;5833;4
5195;52505;9;5833;8
5196;52513;23;2283;4
5197;52517;10501;5;12
5198;52529;52517;1;12
5199;52541;52529;1;12
5200;52553;15;3503;8
5201;52561;17519;3;4
5202;52565;31;1695;20
5203;52585;19;2767;12
5204;52597;13;4045;12
5205;52609;149;353;12
5206;52621;17539;3;4
5207;52625;4783;11;12
5208;52637;53;993;8
5209;52645;17539;3;28
5210;52673;7523;7;12
5211;52685;52673;1;12
5212;52697;41;1285;12
5213;52709;52697;1;12
5214;52721;52709;1;12
5215;52733;15;3515;8
5216;52741;19;2775;16
5217;52757;9;5861;8
5218;52765;43;1227;4
5219;52769;43;1227;8
5220;52777;4057;13;36
5221;52813;29;1821;4
5222;52817;29;1821;8
5223;52825;52813;1;12
5224;52837;11;4803;4
5225;52841;11;4803;8
5226;52849;5;10569;4
5227;52853;13;4065;8
5228;52861;7;7551;4
5229;52865;9;5873;8
5230;52873;21;2517;16
5231;52889;17627;3;8
5232;52897;9;5877;4
5233;52901;9;5877;8
5234;52909;27;1959;16
5235;52925;7559;7;12
5236;52937;9;5881;8
5237;52945;7;7563;4
5238;52949;21;2521;8
5239;52957;21;2521;16
5240;52973;9;5885;8
5241;52981;17659;3;4
5242;52985;17659;3;8
5243;52993;52981;1;12
5244;53005;197;269;12
5245;53017;41;1293;4
5246;53021;61;869;12
5247;53033;61;869;24
5248;53057;17683;3;8
5249;53065;23;2307;4
5250;53069;23;2307;8
5251;53077;10613;5;12
5252;53089;5;10617;4
5253;53093;15;3539;8
5254;53101;53089;1;12
5255;53113;7;7587;4
5256;53117;9;5901;8
5257;53125;17707;3;4
5258;53129;21;2529;20
5259;53149;7591;7;12
5260;53161;53149;1;12
5261;53173;37;1437;4
5262;53177;31;1715;12
5263;53189;9;5909;8
5264;53197;7;7599;4
5265;53201;17;3129;8
5266;53209;17;3129;16
5267;53225;9;5913;8
5268;53233;3547;15;28
5269;53261;9;5917;8
5270;53269;19;2803;12
5271;53281;7;7611;4
5272;53285;21;2537;8
5273;53293;21;2537;16
5274;53309;31;1719;20
5275;53329;37;1441;12
5276;53341;17;3137;12
5277;53353;17783;3;4
5278;53357;17783;3;8
5279;53365;53353;1;12
5280;53377;17791;3;4
5281;53381;21;2541;20
5282;53401;53377;1;24
5283;53425;31;1723;12
5284;53437;9;5937;4
5285;53441;23;2323;12
5286;53453;15;3563;8
5287;53461;103;519;4
5288;53465;53453;1;12
5289;53477;17;3145;12
5290;53489;17827;3;8
5291;53497;19;2815;12
5292;53509;33;1621;16
5293;53525;29;1845;20
5294;53545;9;5949;4
5295;53549;21;2549;20
5296;53569;5;10713;4
5297;53573;17851;3;20
5298;53593;17863;3;4
5299;53597;35;1531;12
5300;53609;17;3153;8
5301;53617;71;755;12
5302;53629;5;10725;4
5303;53633;29;1849;12
5304;53645;19;2823;8
5305;53653;9;5961;4
5306;53657;9;5961;8
5307;53665;53653;1;12
5308;53677;17891;3;4
5309;53681;17891;3;8
5310;53689;5;10737;4
5311;53693;41;1309;24
5312;53717;23;2335;12
5313;53729;9;5969;8
5314;53737;17911;3;4
5315;53741;47;1143;20
5316;53761;9;5973;4
5317;53765;9;5973;8
5318;53773;17923;3;4
5319;53777;61;881;36
5320;53813;67;803;12
5321;53825;17939;3;8
5322;53833;17939;3;16
5323;53849;131;411;8
5324;53857;29;1857;4
5325;53861;53849;1;12
5326;53873;9;5985;8
5327;53881;17959;3;4
5328;53885;17;3169;12
5329;53897;11;4899;8
5330;53905;7699;7;12
5331;53917;33;1633;28
5332;53945;7703;7;24
5333;53969;21;2569;20
5334;53989;5;10797;4
5335;53993;15;3599;8
5336;54001;13;4153;12
5337;54013;54001;1;12
5338;54025;11;4911;4
5339;54029;11;4911;8
5340;54037;7;7719;4
5341;54041;21;2573;8
5342;54049;33;1637;28
5343;54077;67;807;8
5344;54085;67;807;16
5345;54101;7727;7;12
5346;54113;15;3607;8
5347;54121;7;7731;4
5348;54125;9;6013;8
5349;54133;21;2577;16
5350;54149;43;1259;12
5351;54161;18047;3;20
5352;54181;18059;3;4
5353;54185;18059;3;8
5354;54193;54181;1;12
5355;54205;54193;1;12
5356;54217;21;2581;16
5357;54233;87;623;32
5358;54265;9;6029;4
5359;54269;9;6029;8
5360;54277;10853;5;12
5361;54289;5;10857;4
5362;54293;11;4935;8
5363;54301;9;6033;4
5364;54305;54293;1;12
5365;54317;43;1263;8
5366;54325;2011;27;28
5367;54353;15;3623;8
5368;54361;3623;15;16
5369;54377;9;6041;8
5370;54385;18127;3;4
5371;54389;54377;1;12
5372;54401;18131;3;8
5373;54409;5;10881;4
5374;54413;9;6045;8
5375;54421;54409;1;12
5376;54433;18143;3;4
5377;54437;18143;3;8
5378;54445;9;6049;4
5379;54449;18143;3;20
5380;54469;21;2593;16
5381;54485;9;6053;8
5382;54493;41;1329;4
5383;54497;6053;9;20
5384;54517;9;6057;4
5385;54521;37;1473;20
5386;54541;7;7791;4
5387;54545;21;2597;8
5388;54553;9;6061;4
5389;54557;10909;5;12
5390;54569;13;4197;8
5391;54577;18191;3;4
5392;54581;39;1399;20
5393;54601;79;691;12
5394;54613;109;501;4
5395;54617;67;815;12
5396;54629;54617;1;12
5397;54641;54617;1;24
5398;54665;9;6073;8
5399;54673;47;1163;12
5400;54685;11;4971;4
5401;54689;18223;3;20
5402;54709;5;10941;4
5403;54713;15;3647;8
5404;54721;83;659;24
5405;54745;71;771;4
5406;54749;71;771;8
5407;54757;71;771;16
5408;54773;9;6085;8
5409;54781;19;2883;4
5410;54785;19;2883;8
5411;54793;7;7827;4
5412;54797;21;2609;8
5413;54805;21;2609;16
5414;54821;11;4983;8
5415;54829;5;10965;4
5416;54833;15;3655;8
5417;54841;41;1337;24
5418;54865;18287;3;4
5419;54869;18287;3;8
5420;54877;7;7839;4
5421;54881;54869;1;12
5422;54893;21;2613;20
5423;54913;9;6101;4
5424;54917;9;6101;8
5425;54925;89;617;12
5426;54937;18311;3;4
5427;54941;18311;3;8
5428;54949;137;401;12
5429;54961;7;7851;4
5430;54965;21;2617;8
5431;54973;73;753;4
5432;54977;179;307;24
5433;55001;23;2391;8
5434;55009;43;1279;12
5435;55021;43;1279;24
5436;55045;7;7863;4
5437;55049;21;2621;8
5438;55057;9;6117;4
5439;55061;55049;1;12
5440;55073;27;2039;20
5441;55093;33;1669;16
5442;55109;18367;3;8
5443;55117;103;535;12
5444;55129;5;11025;4
5445;55133;5011;11;12
5446;55145;18367;3;44
5447;55189;5;11037;4
5448;55193;13;4245;8
5449;55201;9;6133;4
5450;55205;9;6133;8
5451;55213;7;7887;4
5452;55217;61;905;12
5453;55229;55217;1;12
5454;55241;9;6137;8
5455;55249;13;4249;12
5456;55261;91;607;24
5457;55285;18427;3;4
5458;55289;167;331;12
5459;55301;13;4253;12
5460;55313;17;3253;12
5461;55325;18439;3;8
5462;55333;18443;3;4
5463;55337;18443;3;8
5464;55345;55333;1;12
5465;55357;11069;5;12
5466;55369;5;11073;4
5467;55373;15;3691;8
5468;55381;17;3257;12
5469;55393;3691;15;28
5470;55421;59;939;20
5471;55441;17;3261;4
5472;55445;7919;7;12
5473;55457;9;6161;8
5474;55465;7;7923;4
5475;55469;19;2919;8
5476;55477;11;5043;4
5477;55481;21;2641;20
5478;55501;13;4269;4
5479;55505;27;2055;20
5480;55525;9;6169;4
5481;55529;49;1133;12
5482;55541;107;519;8
5483;55549;5;11109;4
5484;55553;55541;1;12
5485;55565;73;761;12
5486;55577;18523;3;8
5487;55585;97;573;4
5488;55589;97;573;8
5489;55597;11117;5;12
5490;55609;53;1049;12
5491;55621;18539;3;4
5492;55625;18539;3;8
5493;55633;33;1685;28
5494;55661;5059;11;12
5495;55673;9;6185;8
5496;55681;45;1237;16
5497;55697;19;2931;8
5498;55705;9;6189;4
5499;55709;9;6189;8
5500;55717;7;7959;4
5501;55721;17;3277;12
5502;55733;55721;1;12
5503;55745;55733;1;12
5504;55757;33;1689;20
5505;55777;18587;3;16
5506;55793;15;3719;8
5507;55801;7;7971;4
5508;55805;21;2657;8
5509;55813;9;6201;4
5510;55817;11161;5;12
5511;55829;23;2427;8
5512;55837;25;2233;12
5513;55849;55837;1;12
5514;55861;43;1299;4
5515;55865;45;1241;20
5516;55885;7;7983;4
5517;55889;9;6209;8
5518;55897;31;1803;4
5519;55901;21;2661;20
5520;55921;9;6213;4
5521;55925;9;6213;8
5522;55933;19;2943;16
5523;55949;103;543;20
5524;55969;5087;11;12
5525;55981;47;1191;4
5526;55985;223;251;12
5527;55997;11197;5;12
5528;56009;11197;5;24
5529;56033;9;6225;8
5530;56041;43;1303;12
5531;56053;7;8007;4
5532;56057;17;3297;8
5533;56065;17;3297;16
5534;56081;13;4313;12
5535;56093;15;3739;8
5536;56101;5099;11;12
5537;56113;59;951;4
5538;56117;59;951;8
5539;56125;13;4317;4
5540;56129;13;4317;8
5541;56137;25;2245;12
5542;56149;5;11229;4
5543;56153;21;2673;20
5544;56173;71;791;12
5545;56185;13;4321;12
5546;56197;17;3305;12
5547;56209;18731;3;16
5548;56225;21;2677;8
5549;56233;18743;3;4
5550;56237;13;4325;12
5551;56249;9;6249;8
5552;56257;35;1607;12
5553;56269;17;3309;16
5554;56285;9;6253;8
5555;56293;23;2447;12
5556;56305;29;1941;16
5557;56321;5119;11;12
5558;56333;49;1149;32
5559;56365;18787;3;4
5560;56369;18787;3;8
5561;56377;19;2967;4
5562;56381;56369;1;12
5563;56393;9;6265;8
5564;56401;11;5127;4
5565;56405;56393;1;12
5566;56417;18803;3;8
5567;56425;9;6269;4
5568;56429;9;6269;8
5569;56437;6269;9;16
5570;56453;39;1447;20
5571;56473;7;8067;4
5572;56477;23;2455;12
5573;56489;56477;1;12
5574;56501;9;6277;8
5575;56509;49;1153;12
5576;56521;56509;1;12
5577;56533;9;6281;4
5578;56537;17;3325;12
5579;56549;33;1713;20
5580;56569;21;2693;16
5581;56585;18859;3;8
5582;56593;13;4353;4
5583;56597;13;4353;8
5584;56605;39;1451;16
5585;56621;113;501;8
5586;56629;5;11325;4
5587;56633;15;3775;8
5588;56641;7;8091;4
5589;56645;9;6293;8
5590;56653;23;2463;4
5591;56657;11329;5;12
5592;56669;53;1069;12
5593;56681;33;1717;20
5594;56701;83;683;12
5595;56713;56701;1;12
5596;56725;56713;1;12
5597;56737;6301;9;28
5598;56765;18919;3;8
5599;56773;31;1831;12
5600;56785;9;6309;4
5601;56789;9;6309;8
5602;56797;41;1385;12
5603;56809;5;11361;4
5604;56813;15;3787;8
5605;56821;9;6313;4
5606;56825;21;2705;20
5607;56845;18947;3;4
5608;56849;18947;3;8
5609;56857;11369;5;12
5610;56869;5;11373;4
5611;56873;6317;9;20
5612;56893;7;8127;4
5613;56897;31;1835;12
5614;56909;56897;1;12
5615;56921;61;933;8
5616;56929;5;11385;4
5617;56933;9;6325;8
5618;56941;56929;1;12
5619;56953;41;1389;4
5620;56957;41;1389;8
5621;56965;56941;1;24
5622;56989;5;11397;4
5623;56993;19;2999;12
5624;57005;29;1965;20
5625;57025;71;803;12
5626;57037;9;6337;4
5627;57041;9;6337;8
5628;57049;6337;9;16
5629;57065;11;5187;8
5630;57073;9;6341;4
5631;57077;101;565;12
5632;57089;53;1077;8
5633;57097;51;1119;28
5634;57125;41;1393;12
5635;57137;25;2285;12
5636;57149;9;6349;8
5637;57157;19051;3;4
5638;57161;57149;1;12
5639;57173;13;4397;12
5640;57185;9;6353;8
5641;57193;211;271;12
5642;57205;57193;1;12
5643;57217;9;6357;4
5644;57221;23;2487;20
5645;57241;29;1973;24
5646;57265;19087;3;4
5647;57269;19079;3;32
5648;57301;71;807;4
5649;57305;71;807;8
5650;57313;7;8187;4
5651;57317;21;2729;8
5652;57325;9;6369;4
5653;57329;13;4409;12
5654;57341;29;1977;8
5655;57349;25;2293;24
5656;57373;13;4413;4
5657;57377;35;1639;12
5658;57389;31;1851;8
5659;57397;7;8199;4
5660;57401;57389;1;12
5661;57413;61;941;12
5662;57425;43;1335;20
5663;57445;79;727;12
5664;57457;11;5223;4
5665;57461;11;5223;8
5666;57469;5;11493;4
5667;57473;37;1553;12
5668;57485;17;3381;8
5669;57493;101;569;24
5670;57517;19;3027;4
5671;57521;19;3027;8
5672;57529;19;3027;16
5673;57545;8219;7;12
5674;57557;19183;3;8
5675;57565;2131;27;28
5676;57593;11;5235;8
5677;57601;73;789;4
5678;57605;73;789;8
5679;57613;57601;1;12
5680;57625;17;3389;12
5681;57637;19211;3;4
5682;57641;19211;3;8
5683;57649;5;11529;4
5684;57653;31;1859;24
5685;57677;19;3035;12
5686;57689;9;6409;8
5687;57697;83;695;12
5688;57709;5;11541;4
5689;57713;15;3847;8
5690;57721;9;6413;4
5691;57725;9;6413;8
5692;57733;7;8247;4
5693;57737;21;2749;8
5694;57745;197;293;24
5695;57769;5;11553;4
5696;57773;15;3851;8
5697;57781;41;1409;12
5698;57793;9;6421;4
5699;57797;13;4445;12
5700;57809;6421;9;20
5701;57829;55;1051;24
5702;57853;45;1285;28
5703;57881;101;573;8
5704;57889;31;1867;12
5705;57901;7;8271;4
5706;57905;9;6433;8
5707;57913;97;597;4
5708;57917;37;1565;12
5709;57929;57917;1;12
5710;57941;43;1347;20
5711;57961;19319;3;4
5712;57965;19319;3;8
5713;57973;9;6441;4
5714;57977;9;6441;8
5715;57985;19319;3;28
5716;58013;9;6445;8
5717;58021;39;1487;28
5718;58049;9;6449;8
5719;58057;37;1569;4
5720;58061;58049;1;12
5721;58073;15;3871;8
5722;58081;9;6453;4
5723;58085;58073;1;12
5724;58097;17;3417;8
5725;58105;107;543;4
5726;58109;107;543;8
5727;58117;11621;5;12
5728;58129;5;11625;4
5729;58133;15;3875;8
5730;58141;19379;3;4
5731;58145;19379;3;8
5732;58153;53;1097;12
5733;58165;19387;3;4
5734;58169;17;3421;12
5735;58181;19391;3;8
5736;58189;5;11637;4
5737;58193;58169;1;24
5738;58217;19403;3;8
5739;58225;9;6469;4
5740;58229;9;6469;8
5741;58237;6469;9;16
5742;58253;58229;1;24
5743;58277;19423;3;8
5744;58285;19;3067;12
5745;58297;9;6477;4
5746;58301;9;6477;8
5747;58309;5;11661;4
5748;58313;13;4485;8
5749;58321;7;8331;4
5750;58325;58313;1;12
5751;58337;58313;1;24
5752;58361;53;1101;8
5753;58369;53;1101;16
5754;58385;11;5307;8
5755;58393;79;739;12
5756;58405;7;8343;4
5757;58409;9;6489;8
5758;58417;58393;1;24
5759;58441;9;6493;4
5760;58445;9;6493;8
5761;58453;119;491;24
5762;58477;9;6497;4
5763;58481;59;991;12
5764;58493;58481;1;12
5765;58505;21;2785;20
5766;58525;13;4501;12
5767;58537;25;2341;12
5768;58549;58537;1;12
5769;58561;131;447;4
5770;58565;131;447;8
5771;58573;157;373;12
5772;58585;9;6509;4
5773;58589;19;3083;12
5774;58601;41;1429;12
5775;58613;19531;3;20
5776;58633;31;1891;12
5777;58645;17;3449;12
5778;58657;7;8379;4
5779;58661;9;6517;8
5780;58669;37;1585;24
5781;58693;3911;15;28
5782;58721;8387;7;12
5783;58733;9;6525;8
5784;58741;19;3091;12
5785;58753;19583;3;4
5786;58757;31;1895;12
5787;58769;9;6529;8
5788;58777;23;2555;12
5789;58789;41;1433;36
5790;58825;7;8403;4
5791;58829;21;2801;8
5792;58837;9;6537;4
5793;58841;89;661;12
5794;58853;29;2029;12
5795;58865;23;2559;8
5796;58873;5351;11;12
5797;58885;19;3099;4
5798;58889;19;3099;8
5799;58897;67;879;4
5800;58901;67;879;8
5801;58909;5;11781;4
5802;58913;9;6545;8
5803;58921;41;1437;4
5804;58925;58913;1;12
5805;58937;13;4533;8
5806;58945;58921;1;24
5807;58969;5;11793;4
5808;58973;15;3931;8
5809;58981;3931;15;16
5810;58997;21;2809;8
5811;59005;71;831;4
5812;59009;58997;1;12
5813;59021;9;6557;8
5814;59029;11801;5;24
5815;59053;9;6561;4
5816;59057;9;6561;8
5817;59065;19687;3;4
5818;59069;19687;3;8
5819;59077;11813;5;12
5820;59089;5;11817;4
5821;59093;41;1441;12
5822;59105;19699;3;8
5823;59113;37;1597;24
5824;59137;23;2571;4
5825;59141;23;2571;8
5826;59149;5;11829;4
5827;59153;59141;1;12
5828;59165;59141;1;24
5829;59189;19727;3;8
5830;59197;9;6577;4
5831;59201;9;6577;8
5832;59209;59197;1;12
5833;59221;59209;1;12
5834;59233;9;6581;4
5835;59237;9;6581;8
5836;59245;19739;3;28
5837;59273;9;6585;8
5838;59281;8467;7;12
5839;59293;59281;1;12
5840;59305;19763;3;16
5841;59321;127;467;12
5842;59333;15;3955;8
5843;59341;21;2825;16
5844;59357;13;4565;12
5845;59369;47;1263;8
5846;59377;47;1263;16
5847;59393;17;3493;12
5848;59405;59393;1;12
5849;59417;9;6601;8
5850;59425;21;2829;16
5851;59441;11;5403;8
5852;59449;5;11889;4
5853;59453;9;6605;8
5854;59461;13;4573;12
5855;59473;97;613;12
5856;59485;59473;1;12
5857;59497;11897;5;12
5858;59509;5;11901;4
5859;59513;13;4577;12
5860;59525;9;6613;8
5861;59533;19843;3;4
5862;59537;19843;3;8
5863;59545;37;1609;12
5864;59557;9;6617;4
5865;59561;47;1267;12
5866;59573;11;5415;8
5867;59581;7;8511;4
5868;59585;41;1453;12
5869;59597;21;2837;20
5870;59617;31;1923;4
5871;59621;31;1923;8
5872;59629;19867;3;28
5873;59657;59;1011;8
5874;59665;7;8523;4
5875;59669;13;4589;12
5876;59681;59669;1;12
5877;59693;37;1613;12
5878;59705;23;2595;20
5879;59725;17;3513;4
5880;59729;39;1531;20
5881;59749;5;11949;4
5882;59753;15;3983;8
5883;59761;19919;3;4
5884;59765;5431;11;24
5885;59789;19927;3;8
5886;59797;55;1087;12
5887;59809;19;3147;16
5888;59825;127;471;8
5889;59833;7;8547;4
5890;59837;11;5439;8
5891;59845;9;6649;4
5892;59849;127;471;32
5893;59881;19;3151;12
5894;59893;19963;3;4
5895;59897;19963;3;8
5896;59905;19963;3;16
5897;59921;9;6657;8
5898;59929;5;11985;4
5899;59933;139;431;24
5900;59957;19979;3;20
5901;59977;19991;3;4
5902;59981;13;4613;12
5903;59993;9;6665;8
5904;60001;239;251;12
5905;60013;83;723;4
5906;60017;55;1091;12
5907;60029;9;6669;8
5908;60037;20011;3;4
5909;60041;27;2223;20
5910;60061;9;6673;4
5911;60065;9;6673;8
5912;60073;20023;3;4
5913;60077;20023;3;8
5914;60085;7;8583;4
5915;60089;60077;1;12
5916;60101;60077;1;24
5917;60125;29;2073;8
5918;60133;29;2073;16
5919;60149;71;847;12
5920;60161;20051;3;8
5921;60169;20051;3;16
5922;60185;19;3167;12
5923;60197;20063;3;8
5924;60205;9;6689;4
5925;60209;9;6689;8
5926;60217;12041;5;12
5927;60229;20071;3;16
5928;60245;9;6693;8
5929;60253;7;8607;4
5930;60257;19;3171;8
5931;60265;19;3171;16
5932;60281;9;6697;8
5933;60289;5;12057;4
5934;60293;5479;11;24
5935;60317;101;597;20
5936;60337;19;3175;12
5937;60349;5;12069;4
5938;60353;83;727;12
5939;60365;11;5487;8
5940;60373;20123;3;4
5941;60377;20123;3;8
5942;60385;60373;1;12
5943;60397;13;4645;12
5944;60409;5;12081;4
5945;60413;17;3553;12
5946;60425;60413;1;12
5947;60437;25;2417;12
5948;60449;20147;3;8
5949;60457;35;1727;12
5950;60469;27;2239;16
5951;60485;19;3183;8
5952;60493;9;6721;4
5953;60497;9;6721;8
5954;60505;7;8643;4
5955;60509;21;2881;8
5956;60517;23;2631;4
5957;60521;21;2881;20
5958;60541;17;3561;4
5959;60545;25;2421;20
5960;60565;9;6729;4
5961;60569;41;1477;12
5962;60581;61;993;8
5963;60589;5507;11;12
5964;60601;21;2885;16
5965;60617;89;681;8
5966;60625;49;1237;12
5967;60637;25;2425;12
5968;60649;60637;1;12
5969;60661;60637;1;24
5970;60685;113;537;4
5971;60689;47;1291;12
5972;60701;60689;1;12
5973;60713;9;6745;8
5974;60721;5519;11;12
5975;60733;31;1959;4
5976;60737;31;1959;8
5977;60745;9;6749;4
5978;60749;9;6749;8
5979;60757;7;8679;4
5980;60761;13;4673;12
5981;60773;60761;1;12
5982;60785;9;6753;8
5983;60793;19;3199;12
5984;60805;60793;1;12
5985;60817;9;6757;4
5986;60821;60773;1;48
5987;60869;20287;3;8
5988;60877;35;1739;12
5989;60889;17;3581;12
5990;60901;53;1149;4
5991;60905;53;1149;8
5992;60913;79;771;4
5993;60917;79;771;8
5994;60925;60913;1;12
5995;60937;19;3207;4
5996;60941;29;2101;12
5997;60953;15;4063;8
5998;60961;9;6773;4
5999;60965;51;1195;20
6000;60985;23;2651;12
6001;60997;9;6777;4
6002;61001;71;859;12
6003;61013;61001;1;12
6004;61025;21;2905;20
6005;61045;20347;3;4
6006;61049;20347;3;8
6007;61057;29;2105;12
6008;61069;5;12213;4
6009;61073;9;6785;8
6010;61081;47;1299;28
6011;61109;107;571;12
6012;61121;13;4701;8
6013;61129;5;12225;4
6014;61133;15;4075;8
6015;61141;61129;1;12
6016;61153;61141;1;12
6017;61165;19;3219;4
6018;61169;23;2659;12
6019;61181;2659;23;24
6020;61205;20399;3;8
6021;61213;9;6801;4
6022;61217;193;317;36
6023;61253;9;6805;8
6024;61261;7;8751;4
6025;61265;61253;1;12
6026;61277;21;2917;20
6027;61297;17;3605;12
6028;61309;61297;1;12
6029;61321;37;1657;12
6030;61333;13;4717;12
6031;61345;61333;1;12
6032;61357;21;2921;16
6033;61373;15;4091;8
6034;61381;41;1497;4
6035;61385;41;1497;8
6036;61393;61381;1;12
6037;61405;97;633;4
6038;61409;97;633;8
6039;61417;11;5583;4
6040;61421;97;633;20
6041;61441;20479;3;4
6042;61445;3613;17;24
6043;61469;9;6829;8
6044;61477;19;3235;12
6045;61489;5;12297;4
6046;61493;8783;7;12
6047;61505;9;6833;8
6048;61513;6833;9;16
6049;61529;21;2929;20
6050;61549;5;12309;4
6051;61553;11;5595;8
6052;61561;59;1043;24
6053;61585;6841;9;16
6054;61601;21;2933;8
6055;61609;5;12321;4
6056;61613;229;269;12
6057;61625;61613;1;12
6058;61637;20543;3;8
6059;61645;13;4741;12
6060;61657;20551;3;4
6061;61661;8807;7;12
6062;61673;15;4111;8
6063;61681;7;8811;4
6064;61685;20551;3;32
6065;61717;35;1763;12
6066;61729;61717;1;12
6067;61741;13;4749;4
6068;61745;13;4749;8
6069;61753;9;6861;4
6070;61757;8819;7;24
6071;61781;19;3251;12
6072;61793;59;1047;20
6073;61813;23;2687;12
6074;61825;9;6869;4
6075;61829;9;6869;8
6076;61837;61813;1;24
6077;61861;9;6873;4
6078;61865;21;2945;20
6079;61885;61861;1;24
6080;61909;5;12381;4
6081;61913;37;1673;12
6082;61925;20639;3;8
6083;61933;7;8847;4
6084;61937;9;6881;8
6085;61945;11;5631;4
6086;61949;241;257;12
6087;61961;61949;1;12
6088;61973;9;6885;8
6089;61981;53;1169;24
6090;62005;47;1319;12
6091;62017;7;8859;4
6092;62021;59;1051;12
6093;62033;109;569;12
6094;62045;9;6893;8
6095;62053;13;4773;4
6096;62057;13;4773;8
6097;62065;37;1677;16
6098;62081;9;6897;8
6099;62089;23;2699;12
6100;62101;7;8871;4
6101;62105;62081;1;24
6102;62129;20707;3;8
6103;62137;139;447;4
6104;62141;5647;11;24
6105;62165;13;4781;12
6106;62177;17;3657;8
6107;62185;7;8883;4
6108;62189;9;6909;8
6109;62197;20731;3;4
6110;62201;62189;1;12
6111;62213;20731;3;20
6112;62233;8887;7;24
6113;62257;59;1055;12
6114;62269;5;12453;4
6115;62273;15;4151;8
6116;62281;20759;3;4
6117;62285;62273;1;12
6118;62297;9;6921;8
6119;62305;19;3279;4
6120;62309;19;3279;8
6121;62317;17;3665;12
6122;62329;20771;3;16
6123;62345;25;2493;20
6124;62365;31;2011;24
6125;62389;19;3283;12
6126;62401;89;701;12
6127;62413;71;879;4
6128;62417;27;2311;20
6129;62437;7;8919;4
6130;62441;9;6937;8
6131;62449;25;2497;24
6132;62473;9;6941;4
6133;62477;9;6941;8
6134;62485;62473;1;12
6135;62497;37;1689;4
6136;62501;37;1689;8
6137;62509;37;1689;16
6138;62525;13;4809;8
6139;62533;21;2977;16
6140;62549;23;2719;12
6141;62561;29;2157;8
6142;62569;47;1331;12
6143;62581;9;6953;4
6144;62585;9;6953;8
6145;62593;31;2019;4
6146;62597;12517;5;12
6147;62609;11;5691;8
6148;62617;9;6957;4
6149;62621;137;457;12
6150;62633;15;4175;8
6151;62641;23;2723;12
6152;62653;20879;3;16
6153;62669;20887;3;8
6154;62677;62653;1;24
6155;62701;20899;3;4
6156;62705;21;2985;20
6157;62725;9;6969;4
6158;62729;12541;5;24
6159;62753;15;4183;8
6160;62761;9;6973;4
6161;62765;9;6973;8
6162;62773;62761;1;12
6163;62785;17;3693;4
6164;62789;13;4829;12
6165;62801;57;1101;44
6166;62845;20947;3;4
6167;62849;31;2027;12
6168;62861;21;2993;8
6169;62869;5;12573;4
6170;62873;62861;1;12
6171;62885;20959;3;8
6172;62893;20963;3;4
6173;62897;20959;3;20
6174;62917;67;939;4
6175;62921;67;939;8
6176;62929;17;3701;12
6177;62941;7;8991;4
6178;62945;13;4841;12
6179;62957;12589;5;12
6180;62969;157;401;12
6181;62981;9;6997;8
6182;62989;6997;9;16
6183;63005;11;5727;8
6184;63013;9;7001;4
6185;63017;9;7001;8
6186;63025;7;9003;4
6187;63029;21;3001;8
6188;63037;21;3001;16
6189;63053;121;521;12
6190;63065;21019;3;8
6191;63073;9007;7;24
6192;63097;21031;3;4
6193;63101;13;4853;12
6194;63113;89;709;12
6195;63125;21;3005;20
6196;63145;13;4857;4
6197;63149;13;4857;8
6198;63157;73;865;12
6199;63169;27;2339;16
6200;63185;21059;3;8
6201;63193;7;9027;4
6202;63197;9;7021;8
6203;63205;41;1541;24
6204;63229;5;12645;4
6205;63233;9;7025;8
6206;63241;25;2529;16
6207;63257;29;2181;8
6208;63265;43;1471;12
6209;63277;7;9039;4
6210;63281;87;727;32
6211;63313;47;1347;4
6212;63317;47;1347;8
6213;63325;63313;1;12
6214;63337;9;7037;4
6215;63341;83;763;12
6216;63353;15;4223;8
6217;63361;41;1545;16
6218;63377;19;3335;12
6219;63389;37;1713;8
6220;63397;11;5763;4
6221;63401;11;5763;8
6222;63409;63397;1;12
6223;63421;63409;1;12
6224;63433;63421;1;12
6225;63445;21143;3;16
6226;63461;67;947;12
6227;63473;17;3733;12
6228;63485;9;7053;8
6229;63493;29;2189;12
6230;63505;61;1041;4
6231;63509;47;1351;12
6232;63521;9;7057;8
6233;63529;5;12705;4
6234;63533;11;5775;8
6235;63541;21;3025;16
6236;63557;9;7061;8
6237;63565;49;1297;12
6238;63577;12713;5;12
6239;63589;63577;1;12
6240;63601;17;3741;4
6241;63605;19;3347;12
6242;63617;13;4893;8
6243;63625;9;7069;4
6244;63629;21;3029;20
6245;63649;5;12729;4
6246;63653;21211;3;20
6247;63673;19;3351;4
6248;63677;17;3745;12
6249;63689;21227;3;8
6250;63697;47;1355;12
6251;63709;5;12741;4
6252;63713;5791;11;12
6253;63725;13;4901;12
6254;63737;29;2197;24
6255;63761;49;1301;12
6256;63773;9;7085;8
6257;63781;7;9111;4
6258;63785;21;3037;8
6259;63793;21;3037;16
6260;63809;9;7089;8
6261;63817;63793;1;24
6262;63841;9;7093;4
6263;63845;9;7093;8
6264;63853;21283;3;4
6265;63857;21283;3;8
6266;63865;7;9123;4
6267;63869;113;565;24
6268;63893;15;4259;8
6269;63901;19;3363;4
6270;63905;19;3363;8
6271;63913;63901;1;12
6272;63925;11;5811;4
6273;63929;11;5811;8
6274;63937;25;2557;12
6275;63949;33;1937;28
6276;63977;55;1163;12
6277;63989;9;7109;8
6278;63997;7109;9;16
6279;64013;15;4267;8
6280;64021;9;7113;4
6281;64025;9;7113;8
6282;64033;7;9147;4
6283;64037;21;3049;8
6284;64045;2371;27;28
6285;64073;15;4271;8
6286;64081;9151;7;24
6287;64105;23;2787;4
6288;64109;23;2787;8
6289;64117;7;9159;4
6290;64121;21;3053;8
6291;64129;21;3053;16
6292;64145;21379;3;8
6293;64153;21383;3;4
6294;64157;21383;3;8
6295;64165;64153;1;12
6296;64177;21391;3;4
6297;64181;21391;3;8
6298;64189;21391;3;16
6299;64205;9;7133;8
6300;64213;17;3777;4
6301;64217;21;3057;20
6302;64237;51;1259;28
6303;64265;227;283;24
6304;64289;21;3061;8
6305;64297;29;2217;4
6306;64301;53;1213;12
6307;64313;29;2217;20
6308;64333;131;491;12
6309;64345;9;7149;4
6310;64349;25;2573;24
6311;64373;15;4291;8
6312;64381;57;1129;28
6313;64409;21467;3;8
6314;64417;21467;3;16
6315;64433;15;4295;8
6316;64441;47;1371;4
6317;64445;47;1371;8
6318;64453;13;4957;12
6319;64465;21;3069;16
6320;64481;21491;3;8
6321;64489;61;1057;12
6322;64501;64489;1;12
6323;64513;21503;3;4
6324;64517;21503;3;8
6325;64525;9;7169;4
6326;64529;149;433;12
6327;64541;21;3073;8
6328;64549;5;12909;4
6329;64553;233;277;12
6330;64565;64553;1;12
6331;64577;21523;3;8
6332;64585;31;2083;12
6333;64597;9;7177;4
6334;64601;9;7177;8
6335;64609;5;12921;4
6336;64613;15;4307;8
6337;64621;64609;1;12
6338;64633;9;7181;4
6339;64637;25;2585;12
6340;64649;109;593;12
6341;64661;109;593;24
6342;64685;21559;3;8
6343;64693;71;911;12
6344;64705;7;9243;4
6345;64709;9;7189;8
6346;64717;11;5883;4
6347;64721;21;3081;20
6348;64741;49;1321;12
6349;64753;101;641;12
6350;64765;113;573;16
6351;64781;239;271;12
6352;64793;64781;1;12
6353;64805;64793;1;12
6354;64817;9;7201;8
6355;64825;17;3813;4
6356;64829;57;1137;20
6357;64849;5;12969;4
6358;64853;9;7205;8
6359;64861;13;4989;4
6360;64865;13;4989;8
6361;64873;7;9267;4
6362;64877;64853;1;24
6363;64901;97;669;8
6364;64909;73;889;12
6365;64921;4327;15;16
6366;64937;7213;9;20
6367;64957;31;2095;12
6368;64969;21;3093;16
6369;64985;43;1511;12
6370;64997;9;7221;8
6371;65005;9283;7;24
6372;65029;5;13005;4
6373;65033;9;7225;8
6374;65041;7;9291;4
6375;65045;19;3423;8
6376;65053;79;823;36
6377;65089;59;1103;12
6378;65101;9;7233;4
6379;65105;17;3829;12
6380;65117;11;5919;8
6381;65125;7;9303;4
6382;65129;21;3101;8
6383;65137;9;7237;4
6384;65141;21;3101;20
6385;65161;37;1761;4
6386;65165;37;1761;8
6387;65173;17;3833;12
6388;65185;39;1671;16
6389;65201;31;2103;8
6390;65209;5;13041;4
6391;65213;9;7245;8
6392;65221;21739;3;4
6393;65225;65213;1;12
6394;65237;17;3837;8
6395;65245;9319;7;12
6396;65257;13049;5;12
6397;65269;5;13053;4
6398;65273;15;4351;8
6399;65281;65269;1;12
6400;65293;97;673;12
6401;65305;21767;3;4
6402;65309;57;1145;44
6403;65353;9;7261;4
6404;65357;9;7261;8
6405;65365;53;1233;16
6406;65381;131;499;12
6407;65393;21;3113;20
6408;65413;9343;7;12
6409;65425;65413;1;12
6410;65437;25;2617;12
6411;65449;5;13089;4
6412;65453;31;2111;12
6413;65465;9;7273;8
6414;65473;139;471;4
6415;65477;21;3117;20
6416;65497;9;7277;4
6417;65501;9;7277;8
6418;65509;65497;1;12
6419;65521;21839;3;4
6420;65525;49;1337;12
6421;65537;9;7281;8
6422;65545;13;5041;12
6423;65557;21851;3;4
6424;65561;21;3121;20
6425;65581;21859;3;4
6426;65585;31;2115;20
6427;65605;9;7289;4
6428;65609;9;7289;8
6429;65617;13121;5;12
6430;65629;5;13125;4
6431;65633;15;4375;8
6432;65641;21;3125;16
6433;65657;19;3455;12
6434;65669;43;1527;8
6435;65677;83;791;24
6436;65701;61;1077;4
6437;65705;61;1077;8
6438;65713;7;9387;4
6439;65717;17;3865;12
6440;65729;65717;1;12
6441;65741;21911;3;8
6442;65749;9391;7;12
6443;65761;37;1777;12
6444;65773;11;5979;4
6445;65777;35;1879;12
6446;65789;65777;1;12
6447;65801;13;5061;8
6448;65809;21;3133;16
6449;65825;31;2123;12
6450;65837;21943;3;8
6451;65845;65809;1;36
6452;65881;7;9411;4
6453;65885;19;3467;12
6454;65897;13177;5;12
6455;65909;11;5991;8
6456;65917;127;519;4
6457;65921;127;519;8
6458;65929;35;1883;24
6459;65953;13;5073;4
6460;65957;55;1199;12
6461;65969;9;7329;8
6462;65977;21991;3;4
6463;65981;41;1609;12
6464;65993;15;4399;8
6465;66001;21991;3;28
6466;66029;59;1119;8
6467;66037;9;7337;4
6468;66041;9;7337;8
6469;66049;5;13209;4
6470;66053;66041;1;12
6471;66065;21;3145;20
6472;66085;22027;3;4
6473;66089;22027;3;8
6474;66097;13217;5;12
6475;66109;5;13221;4
6476;66113;22031;3;20
6477;66133;7;9447;4
6478;66137;21;3149;8
6479;66145;9;7349;4
6480;66149;66137;1;12
6481;66161;22051;3;8
6482;66169;5;13233;4
6483;66173;11;6015;8
6484;66181;66169;1;12
6485;66193;22063;3;4
6486;66197;22063;3;8
6487;66205;22063;3;16
6488;66221;53;1249;24
6489;66245;25;2649;20
6490;66265;22079;3;28
6491;66293;9;7365;8
6492;66301;7;9471;4
6493;66305;11;6027;8
6494;66313;151;439;24
6495;66337;5101;13;24
6496;66361;9;7373;4
6497;66365;9;7373;8
6498;66373;22123;3;4
6499;66377;13;5105;12
6500;66389;65;1021;24
6501;66413;23;2887;12
6502;66425;57;1165;20
6503;66445;22147;3;4
6504;66449;22147;3;8
6505;66457;17;3909;4
6506;66461;17;3909;8
6507;66469;17;3909;16
6508;66485;6043;11;12
6509;66497;13297;5;12
6510;66509;37;1797;20
6511;66529;5;13305;4
6512;66533;15;4435;8
6513;66541;9;7393;4
6514;66545;9;7393;8
6515;66553;66541;1;12
6516;66565;11;6051;4
6517;66569;21;3169;20
6518;66589;5;13317;4
6519;66593;15;4439;8
6520;66601;17;3917;12
6521;66613;9;7401;4
6522;66617;9;7401;8
6523;66625;53;1257;4
6524;66629;53;1257;8
6525;66637;53;1257;16
6526;66653;21;3173;20
6527;66673;89;749;12
6528;66685;61;1093;12
6529;66697;11;6063;4
6530;66701;49;1361;12
6531;66713;15;4447;8
6532;66721;7;9531;4
6533;66725;9;7413;8
6534;66733;21;3177;16
6535;66749;22247;3;8
6536;66757;9;7417;4
6537;66761;39;1711;32
6538;66793;9;7421;4
6539;66797;19;3515;12
6540;66809;21;3181;8
6541;66817;22271;3;4
6542;66821;66809;1;12
6543;66833;9;7425;8
6544;66841;22279;3;4
6545;66845;22279;3;8
6546;66853;9547;7;24
6547;66877;43;1555;12
6548;66889;66877;1;12
6549;66901;9;7433;4
6550;66905;151;443;12
6551;66917;22303;3;8
6552;66925;149;449;24
6553;66949;13;5149;12
6554;66961;66949;1;12
6555;66973;7;9567;4
6556;66977;9;7441;8
6557;66985;83;807;4
6558;66989;21;3189;20
6559;67009;17;3941;12
6560;67021;113;593;12
6561;67033;89;753;16
6562;67049;9;7449;8
6563;67057;7;9579;4
6564;67061;67049;1;12
6565;67073;67061;1;12
6566;67085;9;7453;8
6567;67093;11;6099;4
6568;67097;11;6099;8
6569;67105;13;5161;12
6570;67117;9;7457;4
6571;67121;9;7457;8
6572;67129;41;1637;12
6573;67141;7;9591;4
6574;67145;21;3197;8
6575;67153;9;7461;4
6576;67157;13;5165;12
6577;67169;67157;1;12
6578;67181;22391;3;8
6579;67189;22391;3;16
6580;67205;13;5169;8
6581;67213;43;1563;4
6582;67217;43;1563;8
6583;67225;39;1723;28
6584;67253;15;4483;8
6585;67261;13;5173;12
6586;67273;67261;1;12
6587;67285;41;1641;4
6588;67289;41;1641;8
6589;67297;51;1319;28
6590;67325;83;811;12
6591;67337;9;7481;8
6592;67345;22447;3;4
6593;67349;22447;3;8
6594;67357;13469;5;12
6595;67369;5;13473;4
6596;67373;9623;7;12
6597;67385;27;2495;20
6598;67405;9;7489;4
6599;67409;121;557;12
6600;67421;23;2931;8
6601;67429;5;13485;4
6602;67433;23;2931;20
6603;67453;22483;3;4
6604;67457;59;1143;20
6605;67477;7;9639;4
6606;67481;9;7497;8
6607;67489;5;13497;4
6608;67493;21;3213;20
6609;67513;9643;7;12
6610;67525;181;373;12
6611;67537;22511;3;4
6612;67541;71;951;20
6613;67561;7;9651;4
6614;67565;43;1571;12
6615;67577;13513;5;12
6616;67589;67577;1;12
6617;67601;22531;3;8
6618;67609;22531;3;16
6619;67625;67601;1;24
6620;67649;21;3221;8
6621;67657;47;1439;24
6622;67681;17;3981;4
6623;67685;6151;11;24
6624;67709;22567;3;8
6625;67717;22571;3;4
6626;67721;22571;3;8
6627;67729;5;13545;4
6628;67733;9;7525;8
6629;67741;67;1011;4
6630;67745;67733;1;12
6631;67757;11;6159;8
6632;67765;9;7529;4
6633;67769;9;7529;8
6634;67777;13553;5;12
6635;67789;67777;1;12
6636;67801;67789;1;12
6637;67813;7;9687;4
6638;67817;21;3229;8
6639;67825;13;5217;4
6640;67829;71;955;24
6641;67853;37;1833;32
6642;67885;11;6171;4
6643;67889;103;659;12
6644;67901;29;2341;12
6645;67913;21;3233;20
6646;67933;22643;3;4
6647;67937;22639;3;20
6648;67957;22651;3;4
6649;67961;17;3997;12
6650;67973;15;4531;8
6651;67981;7;9711;4
6652;67985;9;7553;8
6653;67993;131;519;4
6654;67997;21;3237;20
6655;68017;29;2345;12
6656;68029;17;4001;12
6657;68041;13;5233;12
6658;68053;68041;1;12
6659;68065;7561;9;16
6660;68081;43;1583;12
6661;68093;13;5237;12
6662;68105;22699;3;8
6663;68113;41;1661;12
6664;68125;9;7569;4
6665;68129;9;7569;8
6666;68137;13;5241;4
6667;68141;27;2523;20
6668;68161;9;7573;4
6669;68165;21;3245;20
6670;68185;68161;1;24
6671;68209;5;13641;4
6672;68213;15;4547;8
6673;68221;22739;3;4
6674;68225;68213;1;12
6675;68237;9;7581;8
6676;68245;19;3591;16
6677;68261;22751;3;8
6678;68269;49;1393;12
6679;68281;13649;5;36
6680;68317;19;3595;12
6681;68329;21;3253;16
6682;68345;9;7593;8
6683;68353;22783;3;4
6684;68357;27;2531;20
6685;68377;55;1243;12
6686;68389;5;13677;4
6687;68393;15;4559;8
6688;68401;7;9771;4
6689;68405;59;1159;24
6690;68429;22807;3;8
6691;68437;22811;3;4
6692;68441;22811;3;8
6693;68449;22811;3;16
6694;68465;19;3603;8
6695;68473;29;2361;4
6696;68477;29;2361;8
6697;68485;7;9783;4
6698;68489;68477;1;12
6699;68501;21;3261;20
6700;68521;9;7613;4
6701;68525;4567;15;20
6702;68545;11;6231;4
6703;68549;9791;7;12
6704;68561;31;2211;20
6705;68581;21;3265;16
6706;68597;9;7621;8
6707;68605;22859;3;28
6708;68633;9803;7;12
6709;68645;137;501;8
6710;68653;137;501;16
6711;68669;71;967;12
6712;68681;11;6243;8
6713;68689;5;13737;4
6714;68693;33;2081;20
6715;68713;23;2987;12
6716;68725;22907;3;4
6717;68729;22907;3;8
6718;68737;7;9819;4
6719;68741;9;7637;8
6720;68749;5;13749;4
6721;68753;53;1297;12
6722;68765;13;5289;8
6723;68773;9;7641;4
6724;68777;9;7641;8
6725;68785;97;709;12
6726;68797;101;681;16
6727;68813;9;7645;8
6728;68821;7;9831;4
6729;68825;21;3277;8
6730;68833;67;1027;24
6731;68857;59;1167;4
6732;68861;59;1167;8
6733;68869;37;1861;12
6734;68881;4591;15;16
6735;68897;22963;3;8
6736;68905;7;9843;4
6737;68909;17;4053;8
6738;68917;9;7657;4
6739;68921;68909;1;12
6740;68933;41;1681;12
6741;68945;11;6267;8
6742;68953;71;971;12
6743;68965;127;543;4
6744;68969;13789;5;24
6745;68993;9;7665;8
6746;69001;109;633;4
6747;69005;68993;1;12
6748;69017;37;1865;12
6749;69029;23003;3;20
6750;69049;17;4061;12
6751;69061;29;2381;12
6752;69073;69061;1;12
6753;69085;69061;1;24
6754;69109;9871;7;12
6755;69121;69109;1;12
6756;69133;13;5317;12
6757;69145;19;3639;4
6758;69149;25;2765;24
6759;69173;23;3007;12
6760;69185;23059;3;8
6761;69193;23063;3;4
6762;69197;23063;3;8
6763;69205;23063;3;16
6764;69221;9887;7;12
6765;69233;13;5325;8
6766;69241;25;2769;16
6767;69257;55;1259;12
6768;69269;23087;3;8
6769;69277;9;7697;4
6770;69281;23087;3;20
6771;69301;6299;11;12
6772;69313;9;7701;4
6773;69317;83;835;12
6774;69329;21;3301;8
6775;69337;11;6303;4
6776;69341;69317;1;24
6777;69365;61;1137;8
6778;69373;139;499;12
6779;69385;9;7709;4
6780;69389;9;7709;8
6781;69397;23131;3;4
6782;69401;69389;1;12
6783;69413;69401;1;12
6784;69425;69401;1;24
6785;69449;79;879;8
6786;69457;79;879;16
6787;69473;11;6315;8
6788;69481;23159;3;4
6789;69485;23159;3;8
6790;69493;7;9927;4
6791;69497;9;7721;8
6792;69505;127;547;36
6793;69541;25;2781;16
6794;69557;97;717;8
6795;69565;9;7729;4
6796;69569;9;7729;8
6797;69577;7;9939;4
6798;69581;21;3313;8
6799;69589;5;13917;4
6800;69593;17;4093;12
6801;69605;4639;15;20
6802;69625;61;1141;24
6803;69649;5;13929;4
6804;69653;15;4643;8
6805;69661;7;9951;4
6806;69665;69653;1;12
6807;69677;21;3317;20
6808;69697;35;1991;12
6809;69709;69697;1;12
6810;69721;17;4101;4
6811;69725;17;4101;8
6812;69733;11;6339;4
6813;69737;11;6339;8
6814;69745;33;2113;16
6815;69761;69737;1;24
6816;69785;69761;1;24
6817;69809;13;5369;12
6818;69821;9;7757;8
6819;69829;5;13965;4
6820;69833;69821;1;12
6821;69845;69833;1;12
6822;69857;9;7761;8
6823;69865;11;6351;4
6824;69869;11;6351;8
6825;69877;29;2409;16
6826;69893;33;2117;32
6827;69925;9;7769;4
6828;69929;139;503;12
6829;69941;69929;1;12
6830;69953;51;1371;32
6831;69985;167;419;12
6832;69997;7;9999;4
6833;70001;9;7777;8
6834;70009;5;14001;4
6835;70013;70001;1;12
6836;70025;39;1795;20
6837;70045;59;1187;12
6838;70057;19;3687;4
6839;70061;19;3687;8
6840;70069;14009;5;24
6841;70093;21;3337;16
6842;70109;9;7789;8
6843;70117;23371;3;4
6844;70121;7789;9;20
6845;70141;9;7793;4
6846;70145;43;1631;12
6847;70157;67;1047;8
6848;70165;31;2263;12
6849;70177;9;7797;4
6850;70181;6379;11;12
6851;70193;15;4679;8
6852;70201;70177;1;24
6853;70225;89;789;4
6854;70229;89;789;8
6855;70237;41;1713;4
6856;70241;41;1713;8
6857;70249;70237;1;12
6858;70261;70237;1;24
6859;70285;9;7809;4
6860;70289;9;7809;8
6861;70297;14057;5;12
6862;70309;5;14061;4
6863;70313;15;4687;8
6864;70321;9;7813;4
6865;70325;9;7813;8
6866;70333;7;10047;4
6867;70337;43;1635;32
6868;70369;5;14073;4
6869;70373;15;4691;8
6870;70381;13;5413;12
6871;70393;9;7821;4
6872;70397;9;7821;8
6873;70405;31;2271;4
6874;70409;17;4141;12
6875;70421;21;3353;8
6876;70429;21;3353;16
6877;70445;19;3707;12
6878;70457;23;3063;8
6879;70465;23;3063;16
6880;70481;13;5421;8
6881;70489;5;14097;4
6882;70493;15;4699;8
6883;70501;39;1807;28
6884;70529;11;6411;8
6885;70537;13;5425;12
6886;70549;70537;1;12
6887;70561;70549;1;12
6888;70573;9;7841;4
6889;70577;55;1283;12
6890;70589;13;5429;12
6891;70601;70589;1;12
6892;70613;9;7845;8
6893;70621;23539;3;4
6894;70625;23531;3;32
6895;70657;71;995;12
6896;70669;5;14133;4
6897;70673;15;4711;8
6898;70681;33;2141;28
6899;70709;23567;3;8
6900;70717;79;895;12
6901;70729;5;14145;4
6902;70733;10103;7;12
6903;70745;17;4161;8
6904;70753;7;10107;4
6905;70757;9;7861;8
6906;70765;103;687;4
6907;70769;173;409;12
6908;70781;31;2283;8
6909;70789;5;14157;4
6910;70793;9;7865;8
6911;70801;10111;7;24
6912;70825;19;3727;12
6913;70837;7;10119;4
6914;70841;21;3373;8
6915;70849;5;14169;4
6916;70853;70841;1;12
6917;70865;70853;1;12
6918;70877;23623;3;8
6919;70885;23623;3;16
6920;70901;13;5453;12
6921;70913;15;4727;8
6922;70921;7;10131;4
6923;70925;11;6447;8
6924;70933;9;7881;4
6925;70937;25;2837;12
6926;70949;13;5457;8
6927;70957;35;2027;12
6928;70969;70957;1;12
6929;70981;59;1203;4
6930;70985;10139;7;12
6931;70997;14197;5;12
6932;71009;10139;7;36
6933;71045;9;7893;8
6934;71053;19;3739;12
6935;71065;23687;3;4
6936;71069;23687;3;8
6937;71077;9;7897;4
6938;71081;9;7897;8
6939;71089;17;4181;12
6940;71101;13;5469;4
6941;71105;21;3385;20
6942;71125;151;471;4
6943;71129;7901;9;20
6944;71149;5;14229;4
6945;71153;9;7905;8
6946;71161;17;4185;16
6947;71177;43;1655;12
6948;71189;109;653;12
6949;71201;19;3747;8
6950;71209;115;619;24
6951;71233;23743;3;4
6952;71237;23743;3;8
6953;71245;23747;3;4
6954;71249;23747;3;8
6955;71257;7;10179;4
6956;71261;71237;1;24
6957;71285;23;3099;8
6958;71293;17;4193;12
6959;71305;71293;1;12
6960;71317;11;6483;4
6961;71321;11;6483;8
6962;71329;5;14265;4
6963;71333;9;7925;8
6964;71341;71329;1;12
6965;71353;71329;1;24
6966;71377;37;1929;4
6967;71381;37;1929;8
6968;71389;37;1929;16
6969;71405;9;7933;8
6970;71413;13;5493;4
6971;71417;13;5493;8
6972;71425;7;10203;4
6973;71429;19;3759;8
6974;71437;19;3759;16
6975;71453;199;359;12
6976;71465;23819;3;8
6977;71473;13;5497;12
6978;71485;23819;3;28
6979;71513;9;7945;8
6980;71521;31;2307;4
6981;71525;13;5501;12
6982;71537;113;633;8
6983;71545;9;7949;4
6984;71549;113;633;20
6985;71569;41;1745;24
6986;71593;7;10227;4
6987;71597;21;3409;8
6988;71605;29;2469;4
6989;71609;103;695;24
6990;71633;71597;1;36
6991;71669;23887;3;8
6992;71677;55;1303;12
6993;71689;5;14337;4
6994;71693;43;1667;12
6995;71705;23899;3;8
6996;71713;11;6519;4
6997;71717;71693;1;24
6998;71741;23911;3;8
6999;71749;23;3119;12
7000;71761;157;457;12
7001;71773;47;1527;4
7002;71777;31;2315;12
7003;71789;47;1527;20
7004;71809;61;1177;12
7005;71821;37;1941;4
7006;71825;37;1941;8
7007;71833;9;7981;4
7008;71837;9;7981;8
7009;71845;7;10263;4
7010;71849;11;6531;8
7011;71857;43;1671;4
7012;71861;71849;1;12
7013;71873;9;7985;8
7014;71881;10267;7;12
7015;71893;71881;1;12
7016;71905;9;7989;4
7017;71909;9;7989;8
7018;71917;27;2663;16
7019;71933;15;4795;8
7020;71941;9;7993;4
7021;71945;21;3425;20
7022;71965;71941;1;24
7023;71989;5;14397;4
7024;71993;15;4799;8
7025;72001;103;699;4
7026;72005;79;911;36
7027;72041;13;5541;8
7028;72049;5;14409;4
7029;72053;39;1847;20
7030;72073;24023;3;4
7031;72077;24023;3;8
7032;72085;9;8009;4
7033;72089;9;8009;8
7034;72097;7;10299;4
7035;72101;21;3433;8
7036;72109;5;14421;4
7037;72113;72101;1;12
7038;72125;9;8013;8
7039;72133;33;2185;28
7040;72161;9;8017;8
7041;72169;5;14433;4
7042;72173;72161;1;12
7043;72185;8017;9;32
7044;72217;24071;3;4
7045;72221;24071;3;8
7046;72229;257;281;12
7047;72241;11;6567;4
7048;72245;11;6567;8
7049;72253;13;5557;12
7050;72265;7;10323;4
7051;72269;9;8029;8
7052;72277;72253;1;24
7053;72301;9;8033;4
7054;72305;9;8033;8
7055;72313;161;449;24
7056;72337;9;8037;4
7057;72341;151;479;12
7058;72353;13;5565;8
7059;72361;89;813;4
7060;72365;72353;1;12
7061;72377;89;813;20
7062;72397;49;1477;24
7063;72421;101;717;4
7064;72425;101;717;8
7065;72433;7;10347;4
7066;72437;21;3449;8
7067;72445;9;8049;4
7068;72449;17;4261;12
7069;72461;24151;3;8
7070;72469;77;941;12
7071;72481;72469;1;12
7072;72493;73;993;4
7073;72497;73;993;8
7074;72505;72481;1;24
7075;72529;5;14505;4
7076;72533;21;3453;20
7077;72553;9;8061;4
7078;72557;24179;3;20
7079;72577;17;4269;4
7080;72581;49;1481;12
7081;72593;181;401;12
7082;72605;21;3457;8
7083;72613;24203;3;4
7084;72617;229;317;24
7085;72641;11;6603;8
7086;72649;19;3823;12
7087;72661;9;8073;4
7088;72665;9;8073;8
7089;72673;72661;1;12
7090;72685;7;10383;4
7091;72689;6607;11;12
7092;72701;6607;11;24
7093;72725;24239;3;8
7094;72733;121;601;12
7095;72745;8081;9;16
7096;72761;24251;3;8
7097;72769;5;14553;4
7098;72773;9;8085;8
7099;72781;17;4281;4
7100;72785;61;1193;12
7101;72797;19;3831;8
7102;72805;10399;7;12
7103;72817;8089;9;16
7104;72833;101;721;12
7105;72845;173;421;12
7106;72857;17;4285;12
7107;72869;21;3469;20
7108;72889;5;14577;4
7109;72893;15;4859;8
7110;72901;72889;1;12
7111;72913;72901;1;12
7112;72925;109;669;4
7113;72929;109;669;8
7114;72937;25;2917;12
7115;72949;5;14589;4
7116;72953;19;3839;12
7117;72965;83;879;8
7118;72973;13;5613;4
7119;72977;83;879;20
7120;72997;29;2517;4
7121;73001;29;2517;8
7122;73009;5;14601;4
7123;73013;15;4867;8
7124;73021;31;2355;16
7125;73037;23;3175;12
7126;73049;73037;1;12
7127;73061;9;8117;8
7128;73069;199;367;36
7129;73105;7;10443;4
7130;73109;67;1091;12
7131;73121;29;2521;12
7132;73133;9;8125;8
7133;73141;24379;3;4
7134;73145;25;2925;20
7135;73165;191;383;12
7136;73177;24391;3;4
7137;73181;24391;3;8
7138;73189;5;14637;4
7139;73193;33;2217;32
7140;73225;10459;7;12
7141;73237;10459;7;24
7142;73261;24419;3;4
7143;73265;17;4309;12
7144;73277;9;8141;8
7145;73285;61;1201;24
7146;73309;14657;5;24
7147;73333;17;4313;12
7148;73345;9;8149;4
7149;73349;9;8149;8
7150;73357;7;10479;4
7151;73361;21;3493;8
7152;73369;21;3493;16
7153;73385;67;1095;20
7154;73405;23;3191;12
7155;73417;9;8157;4
7156;73421;9;8157;8
7157;73429;5;14685;4
7158;73433;73421;1;12
7159;73445;13;5649;8
7160;73453;9;8161;4
7161;73457;21;3497;20
7162;73477;19;3867;4
7163;73481;19;3867;8
7164;73489;19;3867;16
7165;73505;10499;7;12
7166;73517;107;687;8
7167;73525;7;10503;4
7168;73529;73517;1;12
7169;73541;73529;1;12
7170;73553;15;4903;8
7171;73561;9;8173;4
7172;73565;4903;15;20
7173;73585;24527;3;4
7174;73589;24527;3;8
7175;73597;14717;5;12
7176;73609;5;14721;4
7177;73613;73589;1;24
7178;73637;53;1389;20
7179;73657;24547;3;16
7180;73673;9;8185;8
7181;73681;41;1797;4
7182;73685;41;1797;8
7183;73693;7;10527;4
7184;73697;11;6699;8
7185;73705;9;8189;4
7186;73709;13;5669;12
7187;73721;24571;3;8
7188;73729;10531;7;12
7189;73741;25;2949;16
7190;73757;13;5673;8
7191;73765;31;2379;16
7192;73781;9;8197;8
7193;73789;5;14757;4
7194;73793;89;829;12
7195;73805;109;677;12
7196;73817;9;8201;8
7197;73825;59;1251;16
7198;73841;24611;3;8
7199;73849;47;1571;12
7200;73861;27;2735;16
7201;73877;17;4345;12
7202;73889;9;8209;8
7203;73897;31;2383;24
7204;73921;9;8213;4
7205;73925;9;8213;8
7206;73933;43;1719;16
7207;73949;21;3521;8
7208;73957;9;8217;4
7209;73961;73;1013;12
7210;73973;73961;1;12
7211;73985;24659;3;8
7212;73993;24659;3;16
7213;74009;17;4353;8
7214;74017;24671;3;4
7215;74021;24671;3;8
7216;74029;5;14805;4
7217;74033;51;1451;32
7218;74065;9;8229;4
7219;74069;9;8229;8
7220;74077;27;2743;16
7221;74093;11;6735;8
7222;74101;9;8233;4
7223;74105;9;8233;8
7224;74113;7;10587;4
7225;74117;21;3529;8
7226;74125;74101;1;24
7227;74149;5;14829;4
7228;74153;15;4943;8
7229;74161;4943;15;16
7230;74177;9;8241;8
7231;74185;79;939;4
7232;74189;79;939;8
7233;74197;7;10599;4
7234;74201;21;3533;8
7235;74209;21;3533;16
7236;74225;47;1579;12
7237;74237;33;2249;20
7238;74257;31;2395;12
7239;74269;5;14853;4
7240;74273;53;1401;20
7241;74293;24763;3;4
7242;74297;21;3537;20
7243;74317;9;8257;4
7244;74321;24767;3;20
7245;74341;71;1047;4
7246;74345;71;1047;8
7247;74353;9;8261;4
7248;74357;71;1047;20
7249;74377;13;5721;4
7250;74381;33;2253;32
7251;74413;47;1583;12
7252;74425;17;4377;16
7253;74441;43;1731;8
7254;74449;5;14889;4
7255;74453;74441;1;12
7256;74465;74453;1;12
7257;74477;103;723;8
7258;74485;11;6771;4
7259;74489;103;723;20
7260;74509;5;14901;4
7261;74513;15;4967;8
7262;74521;74509;1;12
7263;74533;74521;1;12
7264;74545;21;3549;16
7265;74561;127;587;12
7266;74573;9;8285;8
7267;74581;6779;11;12
7268;74593;23;3243;4
7269;74597;35;2131;12
7270;74609;23;3243;20
7271;74629;5;14925;4
7272;74633;71;1051;12
7273;74645;9;8293;8
7274;74653;10663;7;12
7275;74665;74653;1;12
7276;74677;41;1821;16
7277;74693;8297;9;20
7278;74713;9;8301;4
7279;74717;67;1115;12
7280;74729;24907;3;8
7281;74737;25;2989;12
7282;74749;13;5749;12
7283;74761;5749;13;24
7284;74785;23;3251;12
7285;74797;3251;23;24
7286;74821;9;8313;4
7287;74825;4987;15;20
7288;74845;13;5757;4
7289;74849;13;5757;8
7290;74857;9;8317;4
7291;74861;9;8317;8
7292;74869;5;14973;4
7293;74873;74861;1;12
7294;74885;74873;1;12
7295;74897;17;4405;12
7296;74909;53;1413;20
7297;74929;5;14985;4
7298;74933;9;8325;8
7299;74941;24979;3;4
7300;74945;24979;3;8
7301;74953;24979;3;16
7302;74969;23;3259;12
7303;74981;43;1743;32
7304;75013;11;6819;4
7305;75017;11;6819;8
7306;75025;17;4413;4
7307;75029;17;4413;8
7308;75037;7;10719;4
7309;75041;75017;1;24
7310;75065;127;591;8
7311;75073;9;8341;4
7312;75077;9;8341;8
7313;75085;19;3951;16
7314;75101;25031;3;8
7315;75109;25031;3;16
7316;75125;21;3577;8
7317;75133;21;3577;16
7318;75149;9;8349;8
7319;75157;13;5781;4
7320;75161;13;5781;8
7321;75169;17;4421;12
7322;75181;75169;1;12
7323;75193;71;1059;4
7324;75197;71;1059;8
7325;75205;7;10743;4
7326;75209;21;3581;8
7327;75217;71;1059;28
7328;75245;31;2427;8
7329;75253;67;1123;12
7330;75265;25087;3;4
7331;75269;25087;3;8
7332;75277;15053;5;12
7333;75289;75277;1;12
7334;75301;19;3963;4
7335;75305;83;907;24
7336;75329;9;8369;8
7337;75337;8369;9;16
7338;75353;47;1603;12
7339;75365;75353;1;12
7340;75377;21;3589;8
7341;75385;25127;3;4
7342;75389;75377;1;12
7343;75401;9;8377;8
7344;75409;5;15081;4
7345;75413;8377;9;20
7346;75433;9;8381;4
7347;75437;23;3279;20
7348;75457;69;1093;40
7349;75497;25163;3;8
7350;75505;6863;11;12
7351;75517;25171;3;4
7352;75521;23;3283;12
7353;75533;15;5035;8
7354;75541;7;10791;4
7355;75545;9;8393;8
7356;75553;25183;3;4
7357;75557;29;2605;12
7358;75569;89;849;8
7359;75577;17;4445;12
7360;75589;27;2799;16
7361;75605;10799;7;12
7362;75617;15121;5;12
7363;75629;75617;1;12
7364;75641;75629;1;12
7365;75653;9;8405;8
7366;75661;25219;3;4
7367;75665;25219;3;8
7368;75673;29;2609;12
7369;75685;9;8409;4
7370;75689;19;3983;12
7371;75701;23;3291;8
7372;75709;59;1283;12
7373;75721;9;8413;4
7374;75725;6883;11;12
7375;75737;25243;3;8
7376;75745;75721;1;24
7377;75769;5;15153;4
7378;75773;15;5051;8
7379;75781;17;4457;12
7380;75793;7;10827;4
7381;75797;9;8421;8
7382;75805;21;3609;16
7383;75821;41;1849;12
7384;75833;9;8425;8
7385;75841;13;5833;12
7386;75853;149;509;12
7387;75865;9;8429;4
7388;75869;31;2447;12
7389;75881;75869;1;12
7390;75893;21;3613;20
7391;75913;25303;3;4
7392;75917;25303;3;8
7393;75925;75913;1;12
7394;75937;9;8437;4
7395;75941;9;8437;8
7396;75949;75937;1;12
7397;75961;7;10851;4
7398;75965;21;3617;8
7399;75973;21;3617;16
7400;75989;19;3999;8
7401;75997;73;1041;4
7402;76001;73;1041;8
7403;76009;73;1041;16
7404;76025;10859;7;12
7405;76037;25;3041;12
7406;76049;25339;3;32
7407;76081;9;8453;4
7408;76085;51;1491;44
7409;76129;103;739;12
7410;76141;41;1857;4
7411;76145;19;4007;12
7412;76157;9;8461;8
7413;76165;23;3311;12
7414;76177;15233;5;12
7415;76189;5;15237;4
7416;76193;9;8465;8
7417;76201;11;6927;4
7418;76205;11;6927;8
7419;76213;181;421;12
7420;76225;181;421;24
7421;76249;5;15249;4
7422;76253;13;5865;8
7423;76261;76249;1;12
7424;76273;37;2061;16
7425;76289;47;1623;8
7426;76297;7;10899;4
7427;76301;9;8477;8
7428;76309;55;1387;24
7429;76333;10903;7;12
7430;76345;76333;1;12
7431;76357;15269;5;12
7432;76369;29;2633;12
7433;76381;7;10911;4
7434;76385;53;1441;12
7435;76397;15277;5;12
7436;76409;241;317;12
7437;76421;39;1959;20
7438;76441;9;8493;4
7439;76445;9;8493;8
7440;76453;17;4497;4
7441;76457;17;4497;8
7442;76465;17;4497;16
7443;76481;47;1627;12
7444;76493;15;5099;8
7445;76501;31;2467;24
7446;76525;19;4027;12
7447;76537;97;789;4
7448;76541;103;743;12
7449;76553;9;8505;8
7450;76561;13;5889;4
7451;76565;37;2069;12
7452;76577;25523;3;8
7453;76585;10939;7;12
7454;76597;10939;7;24
7455;76621;9;8513;4
7456;76625;9;8513;8
7457;76633;193;397;12
7458;76645;59;1299;4
7459;76649;6967;11;12
7460;76661;76649;1;12
7461;76673;76649;1;24
7462;76697;61;1257;20
7463;76717;7;10959;4
7464;76721;13;5901;8
7465;76729;5;15345;4
7466;76733;17;4513;12
7467;76745;25579;3;8
7468;76753;25583;3;4
7469;76757;25583;3;8
7470;76765;76753;1;12
7471;76777;157;489;4
7472;76781;157;489;8
7473;76789;5;15357;4
7474;76793;15;5119;8
7475;76801;7;10971;4
7476;76805;76781;1;24
7477;76829;29;2649;8
7478;76837;6983;11;24
7479;76861;11;6987;4
7480;76865;11;6987;8
7481;76873;101;761;12
7482;76885;33;2329;28
7483;76913;9;8545;8
7484;76921;25639;3;4
7485;76925;6991;11;24
7486;76949;9;8549;8
7487;76957;113;681;4
7488;76961;29;2653;24
7489;76985;13;5921;12
7490;76997;11;6999;8
7491;77005;25667;3;4
7492;77009;25667;3;8
7493;77017;15401;5;12
7494;77029;77017;1;12
7495;77041;77029;1;12
7496;77053;77041;1;12
7497;77065;17;4533;4
7498;77069;251;307;12
7499;77081;77069;1;12
7500;77093;9;8565;8
7501;77101;49;1573;24
7502;77125;9;8569;4
7503;77129;9;8569;8
7504;77137;7;11019;4
7505;77141;13;5933;12
7506;77153;21;3673;20
7507;77173;37;2085;28
7508;77201;11027;7;12
7509;77213;77201;1;12
7510;77225;21;3677;8
7511;77233;9;8581;4
7512;77237;25;3089;12
7513;77249;77237;1;12
7514;77261;11;7023;8
7515;77269;23;3359;12
7516;77281;25759;3;4
7517;77285;25759;3;8
7518;77293;109;709;12
7519;77305;7;11043;4
7520;77309;9;8589;8
7521;77317;21;3681;16
7522;77333;63;1227;32
7523;77365;107;723;4
7524;77369;107;723;8
7525;77377;15473;5;12
7526;77389;5;15477;4
7527;77393;11;7035;8
7528;77401;25799;3;4
7529;77405;193;401;12
7530;77417;33;2345;32
7531;77449;5;15489;4
7532;77453;13;5957;12
7533;77465;73;1061;12
7534;77477;17;4557;8
7535;77485;9;8609;4
7536;77489;21;3689;20
7537;77509;5;15501;4
7538;77513;15;5167;8
7539;77521;5167;15;16
7540;77537;43;1803;8
7541;77545;25847;3;4
7542;77549;25847;3;8
7543;77557;13;5965;12
7544;77569;5;15513;4
7545;77573;129;601;44
7546;77617;41;1893;4
7547;77621;41;1893;8
7548;77629;5;15525;4
7549;77633;9;8625;8
7550;77641;7;11091;4
7551;77645;77621;1;24
7552;77669;9;8629;8
7553;77677;17;4569;4
7554;77681;17;4569;8
7555;77689;17;4569;16
7556;77705;9;8633;8
7557;77713;13;5977;12
7558;77725;25903;3;16
7559;77741;19;4091;12
7560;77753;15;5183;8
7561;77761;29;2681;12
7562;77773;29;2681;24
7563;77797;25931;3;4
7564;77801;107;727;12
7565;77813;107;727;24
7566;77837;25943;3;8
7567;77845;9;8649;4
7568;77849;9;8649;8
7569;77857;25943;3;28
7570;77885;9;8653;8
7571;77893;7;11127;4
7572;77897;21;3709;8
7573;77905;23;3387;4
7574;77909;21;3709;20
7575;77929;5;15585;4
7576;77933;15;5195;8
7577;77941;77929;1;12
7578;77953;83;939;16
7579;77969;13;5997;8
7580;77977;7;11139;4
7581;77981;209;373;24
7582;78005;25999;3;8
7583;78013;26003;3;4
7584;78017;26003;3;8
7585;78025;13;6001;12
7586;78037;19;4107;4
7587;78041;19;4107;8
7588;78049;5;15609;4
7589;78053;78041;1;12
7590;78065;9;8673;8
7591;78073;78049;1;24
7592;78097;9;8677;4
7593;78101;51;1531;20
7594;78121;13;6009;4
7595;78125;11159;7;12
7596;78137;9;8681;8
7597;78145;7;11163;4
7598;78149;21;3721;8
7599;78157;21;3721;16
7600;78173;9;8685;8
7601;78181;13;6013;12
7602;78193;37;2113;12
7603;78205;9;8689;4
7604;78209;67;1167;20
7605;78229;5;15645;4
7606;78233;15;5215;8
7607;78241;9;8693;4
7608;78245;87;899;32
7609;78277;49;1597;24
7610;78301;26099;3;4
7611;78305;59;1327;12
7612;78317;9;8701;8
7613;78325;26107;3;4
7614;78329;78317;1;12
7615;78341;33;2373;32
7616;78373;151;519;4
7617;78377;151;519;8
7618;78385;151;519;16
7619;78401;21;3733;8
7620;78409;21;3733;16
7621;78425;9;8713;8
7622;78433;13;6033;4
7623;78437;13;6033;8
7624;78445;8713;9;28
7625;78473;15;5231;8
7626;78481;131;599;12
7627;78493;9;8721;4
7628;78497;55;1427;12
7629;78509;137;573;8
7630;78517;26171;3;4
7631;78521;137;573;20
7632;78541;59;1331;12
7633;78553;26183;3;4
7634;78557;23;3415;12
7635;78569;9;8729;8
7636;78577;21;3741;16
7637;78593;43;1827;32
7638;78625;73;1077;4
7639;78629;26203;3;20
7640;78649;5;15729;4
7641;78653;19;4139;12
7642;78665;78653;1;12
7643;78677;9;8741;8
7644;78685;26227;3;4
7645;78689;26227;3;8
7646;78697;26227;3;16
7647;78713;9;8745;8
7648;78721;27;2915;16
7649;78737;21;3749;8
7650;78745;21;3749;16
7651;78761;7159;11;12
7652;78773;15;5251;8
7653;78781;59;1335;16
7654;78797;26263;3;8
7655;78805;26267;3;4
7656;78809;26267;3;8
7657;78817;15761;5;12
7658;78829;21;3753;16
7659;78845;11;7167;8
7660;78853;9;8761;4
7661;78857;9;8761;8
7662;78865;78853;1;12
7663;78877;15773;5;12
7664;78889;5;15777;4
7665;78893;9;8765;8
7666;78901;45;1753;16
7667;78917;43;1835;12
7668;78929;9;8769;8
7669;78937;83;951;4
7670;78941;83;951;8
7671;78949;193;409;12
7672;78961;9;8773;4
7673;78965;11279;7;12
7674;78977;11;7179;8
7675;78985;7;11283;4
7676;78989;21;3761;8
7677;78997;33;2393;28
7678;79025;26339;3;8
7679;79033;19;4159;12
7680;79045;26347;3;4
7681;79049;49;1613;12
7682;79061;13;6081;8
7683;79069;39;2027;16
7684;79085;21;3765;20
7685;79105;11299;7;12
7686;79117;13;6085;12
7687;79129;5;15825;4
7688;79133;15;5275;8
7689;79141;53;1493;12
7690;79153;7;11307;4
7691;79157;55;1439;12
7692;79169;13;6089;12
7693;79181;17;4657;12
7694;79193;15;5279;8
7695;79201;23;3443;12
7696;79213;9;8801;4
7697;79217;9;8801;8
7698;79225;26407;3;4
7699;79229;37;2141;12
7700;79241;79229;1;12
7701;79253;21;3773;20
7702;79273;13;6097;12
7703;79285;26423;3;16
7704;79301;26431;3;8
7705;79309;5;15861;4
7706;79313;26431;3;20
7707;79333;31;2559;4
7708;79337;19;4175;12
7709;79349;53;1497;8
7710;79357;9;8817;4
7711;79361;79337;1;24
7712;79385;26459;3;8
7713;79393;9;8821;4
7714;79397;9;8821;8
7715;79405;79393;1;12
7716;79417;19;4179;16
7717;79433;9;8825;8
7718;79441;26479;3;4
7719;79445;43;1847;24
7720;79469;11351;7;12
7721;79481;59;1347;8
7722;79489;5;15897;4
7723;79493;79481;1;12
7724;79505;21;3785;20
7725;79525;37;2149;12
7726;79537;25;3181;12
7727;79549;79537;1;12
7728;79561;23;3459;4
7729;79565;23;3459;8
7730;79573;23;3459;16
7731;79589;17;4681;12
7732;79601;43;1851;8
7733;79609;5;15921;4
7734;79613;9;8845;8
7735;79621;79609;1;12
7736;79633;11;7239;4
7737;79637;11;7239;8
7738;79645;79633;1;12
7739;79657;7;11379;4
7740;79661;21;3793;8
7741;79669;21;3793;16
7742;79685;9;8853;8
7743;79693;101;789;4
7744;79697;7243;11;24
7745;79721;9;8857;8
7746;79729;17;4689;16
7747;79745;21;3797;8
7748;79753;9;8861;4
7749;79757;41;1945;12
7750;79769;11;7251;8
7751;79777;35;2279;12
7752;79789;79777;1;12
7753;79801;73;1093;12
7754;79813;37;2157;4
7755;79817;55;1451;12
7756;79829;9;8869;8
7757;79837;13;6141;4
7758;79841;21;3801;20
7759;79861;9;8873;4
7760;79865;9;8873;8
7761;79873;79861;1;12
7762;79885;26627;3;4
7763;79889;26627;3;8
7764;79897;9;8877;4
7765;79901;9;8877;8
7766;79909;5;15981;4
7767;79913;15;5327;8
7768;79921;65;1229;36
7769;79957;26647;3;16
7770;79973;11423;7;12
7771;79985;79973;1;12
7772;79997;13;6153;8
7773;80005;21;3809;16
7774;80021;39;2051;32
7775;80053;191;419;24
7776;80077;7;11439;4
7777;80081;29;2761;12
7778;80093;73;1097;12
7779;80105;13;6161;12
7780;80117;9;8901;8
7781;80125;23;3483;16
7782;80141;26711;3;8
7783;80149;5;16029;4
7784;80153;80141;1;12
7785;80165;11;7287;8
7786;80173;26723;3;4
7787;80177;16033;5;12
7788;80189;26723;3;20
7789;80209;13;6169;12
7790;80221;9;8913;4
7791;80225;9;8913;8
7792;80233;27;2971;16
7793;80249;21;3821;8
7794;80257;21;3821;16
7795;80273;83;967;12
7796;80285;5351;15;20
7797;80305;13;6177;4
7798;80309;13;6177;8
7799;80317;16061;5;12
7800;80329;80317;1;12
7801;80341;61;1317;4
7802;80345;21;3825;20
7803;80365;9;8929;4
7804;80369;16069;5;24
7805;80393;15;5359;8
7806;80401;9;8933;4
7807;80405;9;8933;8
7808;80413;37;2173;12
7809;80425;11;7311;4
7810;80429;29;2773;12
7811;80441;9;8937;8
7812;80449;11491;7;12
7813;80461;80449;1;12
7814;80473;17;4733;12
7815;80485;139;579;4
7816;80489;139;579;8
7817;80497;139;579;16
7818;80513;79;1019;12
7819;80525;26839;3;8
7820;80533;17;4737;4
7821;80537;17;4737;8
7822;80545;29;2777;12
7823;80557;11;7323;4
7824;80561;37;2177;12
7825;80573;15;5371;8
7826;80581;33;2441;28
7827;80609;17;4741;12
7828;80621;9;8957;8
7829;80629;67;1203;28
7830;80657;9;8961;8
7831;80665;7;11523;4
7832;80669;21;3841;8
7833;80677;26891;3;4
7834;80681;21;3841;20
7835;80701;37;2181;4
7836;80705;37;2181;8
7837;80713;80701;1;12
7838;80725;80713;1;12
7839;80737;25;3229;12
7840;80749;80737;1;12
7841;80761;9;8973;4
7842;80765;23;3511;12
7843;80777;29;2785;12
7844;80789;39;2071;20
7845;80809;43;1879;12
7846;80821;11;7347;4
7847;80825;11;7347;8
7848;80833;7;11547;4
7849;80837;25;3233;12
7850;80849;25;3233;24
7851;80873;9;8985;8
7852;80881;17;4757;12
7853;80893;59;1371;4
7854;80897;35;2311;12
7855;80909;9;8989;8
7856;80917;55;1471;12
7857;80929;5;16185;4
7858;80933;19;4259;12
7859;80945;9;8993;8
7860;80953;11;7359;4
7861;80957;11;7359;8
7862;80965;80953;1;12
7863;80977;16193;5;12
7864;80989;13;6229;12
7865;81001;7;11571;4
7866;81005;19;4263;8
7867;81013;9;9001;4
7868;81017;37;2189;24
7869;81041;27011;3;8
7870;81049;113;717;28
7871;81077;61;1329;8
7872;81085;17;4769;12
7873;81097;27031;3;4
7874;81101;131;619;12
7875;81113;33;2457;32
7876;81145;13;6241;12
7877;81157;9;9017;4
7878;81161;19;4271;12
7879;81173;15;5411;8
7880;81181;27059;3;4
7881;81185;81173;1;12
7882;81197;9;9021;8
7883;81205;27067;3;4
7884;81209;27067;3;8
7885;81217;109;745;12
7886;81229;5;16245;4
7887;81233;9;9025;8
7888;81241;13;6249;4
7889;81245;13;6249;8
7890;81253;137;593;12
7891;81265;9;9029;4
7892;81269;83;979;12
7893;81281;27091;3;8
7894;81289;5;16257;4
7895;81293;181;449;24
7896;81317;27103;3;8
7897;81325;27103;3;16
7898;81341;9;9037;8
7899;81349;5;16269;4
7900;81353;13;6257;12
7901;81365;47;1731;8
7902;81373;59;1379;12
7903;81385;9041;9;16
7904;81401;13;6261;8
7905;81409;5;16281;4
7906;81413;9;9045;8
7907;81421;7;11631;4
7908;81425;39;2087;32
7909;81457;19;4287;4
7910;81461;19;4287;8
7911;81469;81457;1;12
7912;81481;5431;15;16
7913;81497;23;3543;8
7914;81505;7;11643;4
7915;81509;21;3881;8
7916;81517;21;3881;16
7917;81533;15;5435;8
7918;81541;19;4291;12
7919;81553;27179;3;16
7920;81569;31;2631;8
7921;81577;81553;1;24
7922;81601;21;3885;16
7923;81617;11;7419;8
7924;81625;9;9069;4
7925;81629;9;9069;8
7926;81637;25;3265;12
7927;81649;27211;3;16
7928;81665;13;6281;12
7929;81677;16333;5;12
7930;81689;81677;1;12
7931;81701;9;9077;8
7932;81709;5;16341;4
7933;81713;81689;1;24
7934;81737;9;9081;8
7935;81745;11;7431;4
7936;81749;81737;1;12
7937;81761;17;4809;8
7938;81769;5;16353;4
7939;81773;81749;1;24
7940;81797;137;597;8
7941;81805;263;311;12
7942;81817;27271;3;4
7943;81821;157;521;24
7944;81845;9;9093;8
7945;81853;21;3897;16
7946;81869;13;6297;8
7947;81877;9;9097;4
7948;81881;9;9097;8
7949;81889;41;1997;12
7950;81901;27299;3;4
7951;81905;27299;3;8
7952;81913;81901;1;12
7953;81925;7;11703;4
7954;81929;21;3901;8
7955;81937;21;3901;16
7956;81953;67;1223;12
7957;81965;17;4821;8
7958;81973;81937;1;36
7959;82009;5;16401;4
7960;82013;11;7455;8
7961;82021;9;9113;4
7962;82025;82013;1;12
7963;82037;37;2217;8
7964;82045;39;2103;28
7965;82073;19;4319;12
7966;82085;82073;1;12
7967;82097;9;9121;8
7968;82105;21;3909;16
7969;82121;101;813;8
7970;82129;11731;7;12
7971;82141;82129;1;12
7972;82153;139;591;4
7973;82157;139;591;8
7974;82165;82153;1;12
7975;82177;16433;5;12
7976;82189;5;16437;4
7977;82193;31;2651;12
7978;82205;82193;1;12
7979;82217;9133;9;20
7980;82237;9;9137;4
7981;82241;9;9137;8
7982;82249;82237;1;12
7983;82261;7;11751;4
7984;82265;21;3917;8
7985;82273;9;9141;4
7986;82277;83;991;24
7987;82301;27431;3;8
7988;82309;27431;3;16
7989;82325;23;3579;8
7990;82333;13;6333;4
7991;82337;25;3293;12
7992;82349;137;601;12
7993;82361;82349;1;12
7994;82373;15;5491;8
7995;82381;9;9153;4
7996;82385;9;9153;8
7997;82393;13;6337;12
7998;82405;82393;1;12
7999;82417;9;9157;4
8000;82421;23;3583;12
8001;82433;3583;23;24
8002;82457;9;9161;8
8003;82465;27487;3;4
8004;82469;55;1499;24
8005;82493;11783;7;12
8006;82505;107;771;8
8007;82513;17;4853;12
8008;82525;9;9169;4
8009;82529;21;3929;20
8010;82549;13;6349;12
8011;82561;33;2501;28
8012;82589;7507;11;12
8013;82601;9;9177;8
8014;82609;5;16521;4
8015;82613;82601;1;12
8016;82625;27539;3;8
8017;82633;9;9181;4
8018;82637;9;9181;8
8019;82645;82633;1;12
8020;82657;82633;1;24
8021;82681;19;4351;12
8022;82693;43;1923;4
8023;82697;21;3937;20
8024;82717;79;1047;4
8025;82721;79;1047;8
8026;82729;181;457;12
8027;82741;25;3309;16
8028;82757;27583;3;8
8029;82765;7;11823;4
8030;82769;82757;1;12
8031;82781;37;2237;12
8032;82793;82781;1;12
8033;82805;11;7527;8
8034;82813;31;2671;12
8035;82825;19;4359;4
8036;82829;19;4359;8
8037;82837;25;3313;12
8038;82849;5;16569;4
8039;82853;17;4873;12
8040;82865;187;443;24
8041;82889;23;3603;20
8042;82909;5;16581;4
8043;82913;15;5527;8
8044;82921;5527;15;16
8045;82937;11;7539;8
8046;82945;27647;3;4
8047;82949;21;3949;20
8048;82969;49;1693;12
8049;82981;29;2861;12
8050;82993;9;9221;4
8051;82997;9;9221;8
8052;83005;73;1137;4
8053;83009;82997;1;12
8054;83021;82997;1;24
8055;83045;43;1931;12
8056;83057;19;4371;8
8057;83065;23;3611;12
8058;83077;37;2245;12
8059;83089;5;16617;4
8060;83093;15;5539;8
8061;83101;83089;1;12
8062;83113;13;6393;4
8063;83117;55;1511;12
8064;83129;103;807;8
8065;83137;4889;17;24
8066;83161;53;1569;4
8067;83165;49;1697;12
8068;83177;16633;5;12
8069;83189;16633;5;24
8070;83213;9;9245;8
8071;83221;27739;3;4
8072;83225;27739;3;8
8073;83233;83221;1;12
8074;83245;83233;1;12
8075;83257;16649;5;12
8076;83269;5;16653;4
8077;83273;139;599;12
8078;83285;21;3965;20
8079;83305;73;1141;12
8080;83317;73;1141;24
8081;83341;25;3333;16
8082;83357;9;9261;8
8083;83365;83341;1;24
8084;83389;5;16677;4
8085;83393;9;9265;8
8086;83401;17;4905;16
8087;83417;27799;3;20
8088;83437;7;11919;4
8089;83441;21;3973;8
8090;83449;5;16689;4
8091;83453;181;461;12
8092;83465;9;9273;8
8093;83473;27823;3;4
8094;83477;27;3091;20
8095;83497;59;1415;12
8096;83509;83497;1;12
8097;83521;7;11931;4
8098;83525;23;3631;12
8099;83537;21;3977;20
8100;83557;27851;3;4
8101;83561;27851;3;8
8102;83569;27851;3;16
8103;83585;11939;7;12
8104;83597;73;1145;12
8105;83609;9;9289;8
8106;83617;47;1779;4
8107;83621;21;3981;20
8108;83641;9;9293;4
8109;83645;9;9293;8
8110;83653;83641;1;12
8111;83665;27883;3;16
8112;83681;9;9297;8
8113;83689;7607;11;12
8114;83701;23;3639;4
8115;83705;127;659;12
8116;83717;9;9301;8
8117;83725;11;7611;4
8118;83729;11;7611;8
8119;83737;17;4925;12
8120;83749;5;16749;4
8121;83753;9;9305;8
8122;83761;89;941;12
8123;83773;7;11967;4
8124;83777;21;3989;8
8125;83785;27919;3;28
8126;83813;15;5587;8
8127;83821;19;4411;12
8128;83833;27943;3;4
8129;83837;27943;3;8
8130;83845;83833;1;12
8131;83857;7;11979;4
8132;83861;9;9317;8
8133;83869;5;16773;4
8134;83873;27947;3;32
8135;83905;27;3107;16
8136;83921;83;1011;8
8137;83929;5;16785;4
8138;83933;83;1011;20
8139;83953;21;3997;16
8140;83969;59;1423;12
8141;83981;59;1423;24
8142;84005;9;9333;8
8143;84013;41;2049;4
8144;84017;41;2049;8
8145;84025;51;1647;28
8146;84053;13;6465;8
8147;84061;9337;9;28
8148;84089;28027;3;8
8149;84097;28031;3;4
8150;84101;28031;3;8
8151;84109;13;6469;12
8152;84121;11;7647;4
8153;84125;19;4427;12
8154;84137;29;2901;8
8155;84145;9;9349;4
8156;84149;29;2901;20
8157;84169;5;16833;4
8158;84173;15;5611;8
8159;84181;9;9353;4
8160;84185;41;2053;12
8161;84197;41;2053;24
8162;84221;9;9357;8
8163;84229;53;1589;12
8164;84241;84229;1;12
8165;84253;9;9361;4
8166;84257;29;2905;12
8167;84269;131;643;36
8168;84305;28099;3;8
8169;84313;157;537;4
8170;84317;157;537;8
8171;84325;12043;7;24
8172;84349;17;4961;12
8173;84361;5623;15;16
8174;84377;47;1795;12
8175;84389;11;7671;8
8176;84397;9;9377;4
8177;84401;33;2557;20
8178;84421;17;4965;16
8179;84437;9;9381;8
8180;84445;7;12063;4
8181;84449;21;4021;8
8182;84457;28151;3;4
8183;84461;84449;1;12
8184;84473;9;9385;8
8185;84481;29;2913;4
8186;84485;45;1877;20
8187;84505;9;9389;4
8188;84509;12071;7;12
8189;84521;11;7683;8
8190;84529;5;16905;4
8191;84533;15;5635;8
8192;84541;9;9393;4
8193;84545;21;4025;20
8194;84565;4973;17;24
8195;84589;5;16917;4
8196;84593;43;1967;12
8197;84605;5639;15;20
8198;84625;67;1263;4
8199;84629;13;6509;12
8200;84641;28211;3;8
8201;84649;5;16929;4
8202;84653;28211;3;20
8203;84673;13;6513;4
8204;84677;13;6513;8
8205;84685;84673;1;12
8206;84697;7;12099;4
8207;84701;7699;11;12
8208;84713;84701;1;12
8209;84725;84713;1;12
8210;84737;61;1389;8
8211;84745;61;1389;16
8212;84761;12107;7;12
8213;84773;15;5651;8
8214;84781;103;823;12
8215;84793;21;4037;16
8216;84809;23;3687;8
8217;84817;35;2423;12
8218;84829;89;953;12
8219;84841;41;2069;12
8220;84853;28283;3;4
8221;84857;71;1195;12
8222;84869;9;9429;8
8223;84877;19;4467;4
8224;84881;84857;1;24
8225;84905;9;9433;8
8226;84913;67;1267;24
8227;84937;9;9437;4
8228;84941;28307;3;20
8229;84961;28319;3;4
8230;84965;7723;11;12
8231;84977;16993;5;12
8232;84989;27;3147;20
8233;85009;7727;11;12
8234;85021;45;1889;16
8235;85037;21;4049;8
8236;85045;9;9449;4
8237;85049;85037;1;12
8238;85061;28351;3;8
8239;85069;5;17013;4
8240;85073;15;5671;8
8241;85081;97;877;12
8242;85093;85081;1;12
8243;85105;19;4479;4
8244;85109;43;1979;12
8245;85121;85109;1;12
8246;85133;85121;1;12
8247;85145;13;6549;8
8248;85153;12163;7;12
8249;85165;12163;7;24
8250;85189;5;17037;4
8251;85193;9;9465;8
8252;85201;7;12171;4
8253;85205;21;4057;8
8254;85213;21;4057;16
8255;85229;9;9469;8
8256;85237;28403;3;28
8257;85265;9;9473;8
8258;85273;43;1983;4
8259;85277;43;1983;8
8260;85285;7;12183;4
8261;85289;21;4061;8
8262;85297;9;9477;4
8263;85301;17;5017;12
8264;85313;11;7755;8
8265;85321;28439;3;4
8266;85325;28439;3;8
8267;85333;41;2081;12
8268;85345;85333;1;12
8269;85357;23;3711;4
8270;85361;23;3711;8
8271;85369;17;5021;12
8272;85381;149;573;4
8273;85385;59;1447;12
8274;85397;149;573;20
8275;85417;19;4495;12
8276;85429;5;17085;4
8277;85433;71;1203;20
8278;85453;7;12207;4
8279;85457;13;6573;8
8280;85465;61;1401;4
8281;85469;21;4069;20
8282;85489;12211;7;12
8283;85501;53;1613;12
8284;85513;9;9501;4
8285;85517;47;1819;24
8286;85541;21;4073;8
8287;85549;5;17109;4
8288;85553;113;757;12
8289;85565;13;6581;12
8290;85577;11;7779;8
8291;85585;83;1031;12
8292;85597;103;831;4
8293;85601;37;2313;20
8294;85621;7;12231;4
8295;85625;43;1991;12
8296;85637;25;3425;12
8297;85649;29;2953;12
8298;85661;9;9517;8
8299;85669;31;2763;16
8300;85685;5711;15;20
8301;85705;67;1279;12
8302;85717;21;4081;16
8303;85733;28571;3;20
8304;85753;179;479;12
8305;85765;101;849;16
8306;85781;199;431;12
8307;85793;199;431;24
8308;85817;28603;3;8
8309;85825;28607;3;4
8310;85829;28607;3;8
8311;85837;25;3433;12
8312;85849;5;17169;4
8313;85853;12263;7;12
8314;85865;59;1455;20
8315;85885;28627;3;4
8316;85889;21;4089;20
8317;85909;5;17181;4
8318;85913;28631;3;20
8319;85933;73;1177;12
8320;85945;9;9549;4
8321;85949;28643;3;20
8322;85969;5;17193;4
8323;85973;67;1283;12
8324;85985;9;9553;8
8325;85993;221;389;24
8326;86017;9;9557;4
8327;86021;9;9557;8
8328;86029;19;4527;16
8329;86045;169;509;24
8330;86069;28687;3;8
8331;86077;7823;11;24
8332;86101;11;7827;4
8333;86105;11;7827;8
8334;86113;28703;3;4
8335;86117;28703;3;8
8336;86125;86113;1;12
8337;86137;21;4101;16
8338;86153;15;5743;8
8339;86161;31;2779;12
8340;86173;31;2779;24
8341;86197;9;9577;4
8342;86201;9;9577;8
8343;86209;5;17241;4
8344;86213;86201;1;12
8345;86225;86201;1;24
8346;86249;17;5073;8
8347;86257;47;1835;12
8348;86269;86257;1;12
8349;86281;28759;3;4
8350;86285;28759;3;8
8351;86293;7;12327;4
8352;86297;21;4109;8
8353;86305;9;9589;4
8354;86309;86297;1;12
8355;86321;17;5077;12
8356;86333;15;5755;8
8357;86341;131;659;12
8358;86353;107;807;4
8359;86357;35;2467;12
8360;86369;11;7851;8
8361;86377;7;12339;4
8362;86381;9;9597;8
8363;86389;115;751;24
8364;86413;12343;7;12
8365;86425;86413;1;12
8366;86437;47;1839;4
8367;86441;12347;7;12
8368;86453;9;9605;8
8369;86461;7;12351;4
8370;86465;86453;1;12
8371;86477;17293;5;12
8372;86489;86477;1;12
8373;86501;11;7863;8
8374;86509;33;2621;16
8375;86525;9;9613;8
8376;86533;86509;1;24
8377;86557;9;9617;4
8378;86561;23;3763;12
8379;86573;86561;1;12
8380;86585;28859;3;8
8381;86593;17;5093;12
8382;86605;28867;3;4
8383;86609;28867;3;8
8384;86617;17321;5;12
8385;86629;5;17325;4
8386;86633;257;337;24
8387;86657;17;5097;8
8388;86665;12379;7;12
8389;86677;17333;5;12
8390;86689;5;17337;4
8391;86693;15;5779;8
8392;86701;9;9633;4
8393;86705;86693;1;12
8394;86717;21;4129;8
8395;86725;137;633;4
8396;86729;21;4129;20
8397;86749;5;17349;4
8398;86753;15;5783;8
8399;86761;12391;7;24
8400;86785;19;4567;12
8401;86797;28927;3;16
8402;86813;59;1471;24
8403;86837;43;2019;20
8404;86857;13;6681;4
8405;86861;13;6681;8
8406;86869;5;17373;4
8407;86873;86861;1;12
8408;86885;109;797;12
8409;86897;17377;5;12
8410;86909;113;769;12
8411;86921;9;9657;8
8412;86929;27;3219;16
8413;86945;28979;3;8
8414;86953;9;9661;4
8415;86957;9;9661;8
8416;86965;7;12423;4
8417;86969;13;6689;12
8418;86981;86969;1;12
8419;86993;86981;1;12
8420;87005;47;1851;8
8421;87013;47;1851;16
8422;87029;9;9669;8
8423;87037;67;1299;4
8424;87041;67;1299;8
8425;87049;87037;1;12
8426;87061;87037;1;24
8427;87085;29027;3;4
8428;87089;55;1583;24
8429;87113;15;5807;8
8430;87121;71;1227;4
8431;87125;71;1227;8
8432;87133;87121;1;12
8433;87145;31;2811;4
8434;87149;21;4149;20
8435;87169;12451;7;12
8436;87181;33;2641;28
8437;87209;9;9689;8
8438;87217;7;12459;4
8439;87221;7927;11;24
8440;87245;9;9693;8
8441;87253;127;687;4
8442;87257;27;3231;20
8443;87277;9;9697;4
8444;87281;9;9697;8
8445;87289;5;17457;4
8446;87293;9697;9;20
8447;87313;9;9701;4
8448;87317;21;4157;20
8449;87337;25;3493;12
8450;87349;43;2031;16
8451;87365;27;3235;20
8452;87385;13;6721;12
8453;87397;19;4599;16
8454;87413;15;5827;8
8455;87421;9;9713;4
8456;87425;9;9713;8
8457;87433;87421;1;12
8458;87445;29147;3;4
8459;87449;25;3497;24
8460;87473;15;5831;8
8461;87481;13;6729;4
8462;87485;7951;11;24
8463;87509;29167;3;8
8464;87517;37;2365;12
8465;87529;87517;1;12
8466;87541;29179;3;4
8467;87545;29179;3;8
8468;87553;7;12507;4
8469;87557;271;323;24
8470;87581;29191;3;8
8471;87589;12511;7;12
8472;87601;87589;1;12
8473;87613;19;4611;4
8474;87617;19;4611;8
8475;87625;29207;3;4
8476;87629;41;2137;12
8477;87641;9;9737;8
8478;87649;21;4173;16
8479;87665;61;1437;8
8480;87673;87649;1;24
8481;87697;29231;3;4
8482;87701;33;2657;20
8483;87721;45;1949;16
8484;87737;29231;3;44
8485;87781;9;9753;4
8486;87785;9;9753;8
8487;87793;13;6753;4
8488;87797;13;6753;8
8489;87805;7;12543;4
8490;87809;21;4181;8
8491;87817;9;9757;4
8492;87821;277;317;12
8493;87833;15;5855;8
8494;87841;19;4623;4
8495;87845;19;4623;8
8496;87853;13;6757;12
8497;87865;29287;3;4
8498;87869;29287;3;8
8499;87877;17;5169;4
8500;87881;87869;1;12
8501;87893;87881;1;12
8502;87905;13;6761;12
8503;87917;29303;3;8
8504;87925;61;1441;24
8505;87949;5;17589;4
8506;87953;11;7995;8
8507;87961;9;9773;4
8508;87965;9;9773;8
8509;87973;7;12567;4
8510;87977;21;4189;8
8511;87985;21;4189;16
8512;88001;73;1205;36
8513;88037;9;9781;8
8514;88045;29347;3;4
8515;88049;29347;3;8
8516;88057;17609;5;12
8517;88069;5;17613;4
8518;88073;21;4193;20
8519;88093;29363;3;4
8520;88097;33;2669;20
8521;88117;67;1315;12
8522;88129;23;3831;16
8523;88145;9;9793;8
8524;88153;21;4197;16
8525;88169;29387;3;8
8526;88177;9;9797;4
8527;88181;9;9797;8
8528;88189;88177;1;12
8529;88201;29;3041;12
8530;88213;193;457;12
8531;88225;17;5189;12
8532;88237;29411;3;4
8533;88241;21;4201;20
8534;88261;49;1801;12
8535;88273;88261;1;12
8536;88285;9;9809;4
8537;88289;12611;7;12
8538;88301;19;4647;8
8539;88309;23;3839;12
8540;88321;9;9813;4
8541;88325;47;1879;12
8542;88337;29443;3;8
8543;88345;11;8031;4
8544;88349;11;8031;8
8545;88357;88321;1;36
8546;88393;7;12627;4
8547;88397;9;9821;8
8548;88405;21;4209;16
8549;88421;61;1449;32
8550;88453;29483;3;4
8551;88457;29483;3;8
8552;88465;9;9829;4
8553;88469;35;2527;24
8554;88493;21;4213;20
8555;88513;47;1883;12
8556;88525;163;543;16
8557;88541;9;9837;8
8558;88549;5;17709;4
8559;88553;37;2393;12
8560;88565;17;5209;12
8561;88577;17713;5;12
8562;88589;101;877;12
8563;88601;29531;3;8
8564;88609;19;4663;12
8565;88621;109;813;4
8566;88625;109;813;8
8567;88633;13;6817;12
8568;88645;61;1453;12
8569;88657;29;3057;4
8570;88661;21;4221;20
8571;88681;9;9853;4
8572;88685;23;3855;20
8573;88705;17;5217;16
8574;88721;9;9857;8
8575;88729;5;17745;4
8576;88733;13;6825;8
8577;88741;11;8067;4
8578;88745;21;4225;20
8579;88765;29587;3;4
8580;88769;29587;3;8
8581;88777;41;2165;12
8582;88789;5;17757;4
8583;88793;9;9865;8
8584;88801;29599;3;4
8585;88805;29599;3;8
8586;88813;7;12687;4
8587;88817;17761;5;12
8588;88829;88817;1;12
8589;88841;13;6833;12
8590;88853;15;5923;8
8591;88861;23;3863;12
8592;88873;88861;1;12
8593;88885;88873;1;12
8594;88897;33;2693;28
8595;88925;107;831;8
8596;88933;9;9881;4
8597;88937;9;9881;8
8598;88945;41;2169;16
8599;88961;149;597;8
8600;88969;5;17793;4
8601;88973;9;9885;8
8602;88981;7;12711;4
8603;88985;19;4683;8
8604;88993;29663;3;4
8605;88997;13;6845;12
8606;89009;9;9889;8
8607;89017;29671;3;4
8608;89021;29671;3;8
8609;89029;89017;1;12
8610;89041;25;3561;16
8611;89057;55;1619;12
8612;89069;21;4241;8
8613;89077;9;9897;4
8614;89081;89069;1;12
8615;89093;15;5939;8
8616;89101;13;6853;12
8617;89113;77;1157;24
8618;89137;11;8103;4
8619;89141;19;4691;12
8620;89153;13;6857;12
8621;89165;21;4245;20
8622;89185;9;9909;4
8623;89189;29723;3;20
8624;89209;5;17841;4
8625;89213;39;2287;20
8626;89233;7;12747;4
8627;89237;21;4249;8
8628;89245;21;4249;16
8629;89261;9;9917;8
8630;89269;5;17853;4
8631;89273;47;1899;20
8632;89293;9;9921;4
8633;89297;9;9921;8
8634;89305;89293;1;12
8635;89317;53;1685;12
8636;89329;5;17865;4
8637;89333;51;1751;32
8638;89365;29;3081;16
8639;89381;17;5257;12
8640;89393;89381;1;12
8641;89405;9;9933;8
8642;89413;29803;3;4
8643;89417;17881;5;12
8644;89429;41;2181;8
8645;89437;25;3577;12
8646;89449;17;5261;12
8647;89461;29819;3;4
8648;89465;13;6881;12
8649;89477;29;3085;12
8650;89489;89477;1;12
8651;89501;109;821;12
8652;89513;9;9945;8
8653;89521;53;1689;4
8654;89525;53;1689;8
8655;89533;89521;1;12
8656;89545;9;9949;4
8657;89549;12791;7;12
8658;89561;9949;9;20
8659;89581;21;4265;16
8660;89597;29863;3;8
8661;89605;29867;3;4
8662;89609;41;2185;24
8663;89633;15;5975;8
8664;89641;29879;3;4
8665;89645;29879;3;8
8666;89653;7;12807;4
8667;89657;17929;5;12
8668;89669;89657;1;12
8669;89681;71;1263;8
8670;89689;5;17937;4
8671;89693;89669;1;24
8672;89717;17;5277;8
8673;89725;9;9969;4
8674;89729;35;2563;24
8675;89753;43;2087;12
8676;89765;89753;1;12
8677;89777;23;3903;8
8678;89785;107;839;12
8679;89797;9;9977;4
8680;89801;9;9977;8
8681;89809;89797;1;12
8682;89821;7;12831;4
8683;89825;13;6909;8
8684;89833;21;4277;16
8685;89849;163;551;36
8686;89885;29959;3;8
8687;89893;19;4731;4
8688;89897;19;4731;8
8689;89905;7;12843;4
8690;89909;9;9989;8
8691;89917;17;5289;4
8692;89921;21;4281;20
8693;89941;9;9993;4
8694;89945;41;2193;32
8695;89977;19;4735;12
8696;89989;89977;1;12
8697;90001;21;4285;16
8698;90017;9;10001;8
8699;90025;37;2433;4
8700;90029;73;1233;20
8701;90049;5;18009;4
8702;90053;9;10005;8
8703;90061;11;8187;4
8704;90065;11;8187;8
8705;90073;7;12867;4
8706;90077;18013;5;12
8707;90089;18013;5;24
8708;90113;15;6007;8
8709;90121;251;359;12
8710;90133;17;5301;16
8711;90149;30047;3;8
8712;90157;7;12879;4
8713;90161;9;10017;8
8714;90169;5;18033;4
8715;90173;29;3109;12
8716;90185;90173;1;12
8717;90197;9;10021;8
8718;90205;19;4747;12
8719;90217;33;2733;28
8720;90245;21;4297;8
8721;90253;45;2005;28
8722;90281;30091;3;8
8723;90289;29;3113;12
8724;90301;9;10033;4
8725;90305;9;10033;8
8726;90313;30103;3;4
8727;90317;30103;3;8
8728;90325;90313;1;12
8729;90337;9;10037;4
8730;90341;59;1531;12
8731;90353;15;6023;8
8732;90361;12907;7;12
8733;90373;109;829;12
8734;90385;47;1923;4
8735;90389;47;1923;8
8736;90397;29;3117;4
8737;90401;12911;7;24
8738;90425;23;3931;12
8739;90437;43;2103;8
8740;90445;12919;7;12
8741;90457;18089;5;12
8742;90469;5;18093;4
8743;90473;15;6031;8
8744;90481;9;10053;4
8745;90485;9;10053;8
8746;90493;27;3351;16
8747;90509;21;4309;20
8748;90529;5;18105;4
8749;90533;29;3121;24
8750;90557;103;879;20
8751;90577;59;1535;12
8752;90589;5;18117;4
8753;90593;239;379;12
8754;90605;17;5329;12
8755;90617;30203;3;8
8756;90625;31;2923;12
8757;90637;30211;3;4
8758;90641;77;1177;12
8759;90653;15;6043;8
8760;90661;7;12951;4
8761;90665;269;337;12
8762;90677;21;4317;20
8763;90697;9;10077;4
8764;90701;9;10077;8
8765;90709;90697;1;12
8766;90721;90709;1;12
8767;90733;257;353;12
8768;90745;7;12963;4
8769;90749;6047;15;44
8770;90793;12967;7;24
8771;90817;30271;3;4
8772;90821;30271;3;8
8773;90829;5;18165;4
8774;90833;15;6055;8
8775;90841;9;10093;4
8776;90845;90833;1;12
8777;90857;11;8259;8
8778;90865;31;2931;4
8779;90869;33;2753;20
8780;90889;19;4783;12
8781;90901;41;2217;4
8782;90905;41;2217;8
8783;90913;7;12987;4
8784;90917;9;10101;8
8785;90925;97;937;36
8786;90961;103;883;12
8787;90973;30323;3;4
8788;90977;23;3955;12
8789;90989;9;10109;8
8790;90997;7;12999;4
8791;91001;21;4333;8
8792;91009;5;18201;4
8793;91013;21;4333;20
8794;91033;6067;15;28
8795;91061;13007;7;12
8796;91073;13;7005;8
8797;91081;7;13011;4
8798;91085;61;1493;12
8799;91097;61;1493;24
8800;91121;11;8283;8
8801;91129;13;7009;12
8802;91141;17;5361;4
8803;91145;17;5361;8
8804;91153;91141;1;12
8805;91165;7;13023;4
8806;91169;9;10129;8
8807;91177;21;4341;16
8808;91193;19;4799;12
8809;91205;9;10133;8
8810;91213;8291;11;12
8811;91225;13;7017;4
8812;91229;13;7017;8
8813;91237;25;3649;12
8814;91249;5;18249;4
8815;91253;23;3967;12
8816;91265;91253;1;12
8817;91277;9;10141;8
8818;91285;13;7021;12
8819;91297;18257;5;12
8820;91309;30431;3;16
8821;91325;127;719;12
8822;91337;21;4349;8
8823;91345;29;3149;24
8824;91369;5;18273;4
8825;91373;15;6091;8
8826;91381;91369;1;12
8827;91393;41;2229;4
8828;91397;41;2229;8
8829;91405;91393;1;12
8830;91417;101;905;12
8831;91429;5;18285;4
8832;91433;8311;11;12
8833;91445;29;3153;8
8834;91453;9;10161;4
8835;91457;29;3153;20
8836;91477;43;2127;16
8837;91493;9;10165;8
8838;91501;7;13071;4
8839;91505;21;4357;8
8840;91513;21;4357;16
8841;91529;23;3979;12
8842;91541;173;529;24
8843;91565;9;10173;8
8844;91573;131;699;4
8845;91577;131;699;8
8846;91585;3391;27;28
8847;91613;15;6107;8
8848;91621;30539;3;4
8849;91625;31;2955;20
8850;91645;11;8331;4
8851;91649;10181;9;20
8852;91669;5;18333;4
8853;91673;9;10185;8
8854;91681;151;607;24
8855;91705;9;10189;4
8856;91709;9;10189;8
8857;91717;23;3987;16
8858;91733;15;6115;8
8859;91741;31;2959;12
8860;91753;7;13107;4
8861;91757;17;5397;8
8862;91765;17;5397;16
8863;91781;73;1257;20
8864;91801;19;4831;12
8865;91813;91801;1;12
8866;91825;127;723;4
8867;91829;127;723;8
8868;91837;7;13119;4
8869;91841;21;4373;8
8870;91849;25;3673;24
8871;91873;53;1733;24
8872;91897;30631;3;4
8873;91901;30631;3;8
8874;91909;13;7069;12
8875;91921;7;13131;4
8876;91925;9;10213;8
8877;91933;30643;3;4
8878;91937;21;4377;20
8879;91957;9;10217;4
8880;91961;9;10217;8
8881;91969;17;5409;16
8882;91985;49;1877;12
8883;91997;9;10221;8
8884;92005;7;13143;4
8885;92009;91997;1;12
8886;92021;92009;1;12
8887;92033;9;10225;8
8888;92041;11;8367;4
8889;92045;11;8367;8
8890;92053;92041;1;12
8891;92065;13;7081;12
8892;92077;18413;5;12
8893;92089;47;1959;16
8894;92105;121;761;24
8895;92129;65;1417;24
8896;92153;13163;7;12
8897;92165;13;7089;8
8898;92173;7;13167;4
8899;92177;18433;5;12
8900;92189;92177;1;12
8901;92201;79;1167;8
8902;92209;13171;7;12
8903;92221;13;7093;12
8904;92233;71;1299;4
8905;92237;17;5425;12
8906;92249;71;1299;20
8907;92269;5;18453;4
8908;92273;13;7097;12
8909;92285;9;10253;8
8910;92293;30763;3;4
8911;92297;30763;3;8
8912;92305;17;5429;12
8913;92317;33;2797;16
8914;92333;27;3419;20
8915;92353;9;10261;4
8916;92357;23;4015;12
8917;92369;17;5433;8
8918;92377;41;2253;4
8919;92381;51;1811;20
8920;92401;19;4863;4
8921;92405;19;4863;8
8922;92413;30803;3;4
8923;92417;30803;3;8
8924;92425;7;13203;4
8925;92429;13;7109;12
8926;92441;21;4401;20
8927;92461;9;10273;4
8928;92465;6163;15;20
8929;92485;29;3189;4
8930;92489;29;3189;8
8931;92497;9;10277;4
8932;92501;77;1201;24
8933;92525;71;1303;12
8934;92537;30839;3;20
8935;92557;83;1115;12
8936;92569;5;18513;4
8937;92573;9;10285;8
8938;92581;30859;3;4
8939;92585;30859;3;8
8940;92593;92581;1;12
8941;92605;30859;3;28
8942;92633;13;7125;8
8943;92641;19;4875;16
8944;92657;35;2647;12
8945;92669;67;1383;8
8946;92677;7;13239;4
8947;92681;92669;1;12
8948;92693;92681;1;12
8949;92705;92693;1;12
8950;92717;9;10301;8
8951;92725;23;4031;12
8952;92737;25;3709;12
8953;92749;5;18549;4
8954;92753;9;10305;8
8955;92761;7;13251;4
8956;92765;21;4417;8
8957;92773;21;4417;16
8958;92789;19;4883;12
8959;92801;30931;3;8
8960;92809;71;1307;12
8961;92821;92809;1;12
8962;92833;10313;9;16
8963;92849;21;4421;8
8964;92857;9;10317;4
8965;92861;21;4421;20
8966;92881;83;1119;4
8967;92885;83;1119;8
8968;92893;293;317;12
8969;92905;173;537;4
8970;92909;23;4039;12
8971;92921;173;537;20
8972;92941;13;7149;4
8973;92945;199;467;12
8974;92957;30983;3;8
8975;92965;49;1897;12
8976;92977;27;3443;16
8977;92993;15;6199;8
8978;93001;109;853;24
8979;93025;101;921;4
8980;93029;191;487;12
8981;93041;41;2269;12
8982;93053;15;6203;8
8983;93061;6203;15;16
8984;93077;9;10341;8
8985;93085;19;4899;4
8986;93089;19;4899;8
8987;93097;7;13299;4
8988;93101;11;8463;8
8989;93109;5;18621;4
8990;93113;157;593;12
8991;93125;31039;3;8
8992;93133;53;1757;12
8993;93145;53;1757;24
8994;93169;31051;3;16
8995;93185;9;10353;8
8996;93193;6211;15;28
8997;93221;9;10357;8
8998;93229;31;3007;12
8999;93241;31079;3;4
9000;93245;31079;3;8
9001;93253;9;10361;4
9002;93257;31079;3;20
9003;93277;31091;3;4
9004;93281;61;1529;12
9005;93293;9;10365;8
9006;93301;137;681;4
9007;93305;27;3455;20
9008;93325;9;10369;4
9009;93329;9;10369;8
9010;93337;25;3733;12
9011;93349;93337;1;12
9012;93361;21;4445;16
9013;93377;35;2667;32
9014;93409;5;18681;4
9015;93413;77;1213;12
9016;93425;31139;3;8
9017;93433;95;983;48
9018;93481;151;619;12
9019;93493;11;8499;4
9020;93497;11;8499;8
9021;93505;9;10389;4
9022;93509;9;10389;8
9023;93517;7;13359;4
9024;93521;21;4453;8
9025;93529;21;4453;16
9026;93545;9;10393;8
9027;93553;31183;3;4
9028;93557;31183;3;8
9029;93565;31183;3;16
9030;93581;13367;7;12
9031;93593;15;6239;8
9032;93601;7;13371;4
9033;93605;93581;1;24
9034;93629;11;8511;8
9035;93637;23;4071;4
9036;93641;33;2837;20
9037;93661;45;2081;16
9038;93677;31223;3;8
9039;93685;31223;3;16
9040;93701;21;4461;20
9041;93721;43;2179;24
9042;93745;31247;3;4
9043;93749;31247;3;8
9044;93757;9;10417;4
9045;93761;9;10417;8
9046;93769;33;2841;16
9047;93785;21;4465;20
9048;93805;31267;3;4
9049;93809;51;1839;20
9050;93829;31271;3;16
9051;93845;103;911;12
9052;93857;21;4469;8
9053;93865;21;4469;16
9054;93881;13;7221;8
9055;93889;5;18777;4
9056;93893;11;8535;8
9057;93901;93889;1;12
9058;93913;93901;1;12
9059;93925;93913;1;12
9060;93937;7;13419;4
9061;93941;9;10437;8
9062;93949;21;4473;16
9063;93965;47;1999;12
9064;93977;9;10441;8
9065;93985;8543;11;12
9066;93997;18797;5;12
9067;94009;5;18801;4
9068;94013;23;4087;12
9069;94025;11;8547;8
9070;94033;21;4477;16
9071;94049;9;10449;8
9072;94057;94033;1;24
9073;94081;6271;15;16
9074;94097;31;3035;12
9075;94109;21;4481;8
9076;94117;9;10457;4
9077;94121;94109;1;12
9078;94133;10457;9;20
9079;94153;47;2003;12
9080;94165;31387;3;4
9081;94169;31387;3;8
9082;94177;31391;3;4
9083;94181;31387;3;20
9084;94201;41;2297;24
9085;94225;9;10469;4
9086;94229;83;1135;24
9087;94253;15;6283;8
9088;94261;9;10473;4
9089;94265;9;10473;8
9090;94273;94261;1;12
9091;94285;11;8571;4
9092;94289;23;4099;12
9093;94301;9;10477;8
9094;94309;5;18861;4
9095;94313;15;6287;8
9096;94321;6287;15;16
9097;94337;9;10481;8
9098;94345;13;7257;4
9099;94349;13;7257;8
9100;94357;94321;1;36
9101;94393;73;1293;4
9102;94397;4967;19;24
9103;94421;11;8583;8
9104;94429;5;18885;4
9105;94433;15;6295;8
9106;94441;7;13491;4
9107;94445;9;10493;8
9108;94453;21;4497;16
9109;94469;23;4107;8
9110;94477;35;2699;12
9111;94489;27;3499;16
9112;94505;13;7269;8
9113;94513;39;2423;16
9114;94529;47;2011;12
9115;94541;21;4501;20
9116;94561;43;2199;4
9117;94565;43;2199;8
9118;94573;94561;1;12
9119;94585;94573;1;12
9120;94597;18917;5;12
9121;94609;5;18921;4
9122;94613;15;6307;8
9123;94621;9;10513;4
9124;94625;94613;1;12
9125;94637;25;3785;12
9126;94649;31543;3;20
9127;94669;5;18933;4
9128;94673;15;6311;8
9129;94681;11;8607;4
9130;94685;11;8607;8
9131;94693;7;13527;4
9132;94697;29;3265;12
9133;94709;29;3265;24
9134;94733;9;10525;8
9135;94741;25;3789;16
9136;94757;35;2707;12
9137;94769;9;10529;8
9138;94777;7;13539;4
9139;94781;21;4513;8
9140;94789;5;18957;4
9141;94793;97;977;24
9142;94817;11;8619;8
9143;94825;59;1607;12
9144;94837;9;10537;4
9145;94841;9;10537;8
9146;94849;94837;1;12
9147;94861;7;13551;4
9148;94865;21;4517;8
9149;94873;9;10541;4
9150;94877;18973;5;12
9151;94889;8623;11;36
9152;94925;29;3273;8
9153;94933;23;4127;12
9154;94945;7;13563;4
9155;94949;9;10549;8
9156;94957;31;3063;4
9157;94961;94949;1;12
9158;94973;31;3063;20
9159;94993;19;4999;12
9160;95005;31667;3;4
9161;95009;31667;3;8
9162;95017;9;10557;4
9163;95021;95009;1;12
9164;95033;15;6335;8
9165;95041;79;1203;4
9166;95045;21;4525;20
9167;95065;101;941;24
9168;95089;5;19017;4
9169;95093;9;10565;8
9170;95101;31;3067;24
9171;95125;21;4529;16
9172;95141;19;5007;8
9173;95149;5;19029;4
9174;95153;57;1669;20
9175;95173;31723;3;4
9176;95177;31723;3;8
9177;95185;31727;3;4
9178;95189;35;2719;24
9179;95213;31;3071;12
9180;95225;17;5601;8
9181;95233;5011;19;24
9182;95257;31751;3;4
9183;95261;77;1237;12
9184;95273;77;1237;24
9185;95297;21;4537;20
9186;95317;35;2723;12
9187;95329;31771;3;16
9188;95345;25;3813;20
9189;95365;7;13623;4
9190;95369;19069;5;24
9191;95393;15;6359;8
9192;95401;31799;3;4
9193;95405;31799;3;8
9194;95413;31799;3;16
9195;95429;43;2219;12
9196;95441;95429;1;12
9197;95453;9;10605;8
9198;95461;47;2031;4
9199;95465;21;4545;20
9200;95485;9;10609;4
9201;95489;9;10609;8
9202;95497;13;7345;12
9203;95509;139;687;16
9204;95525;19;5027;12
9205;95537;21;4549;8
9206;95545;31847;3;4
9207;95549;13;7349;12
9208;95561;9;10617;8
9209;95569;17;5621;12
9210;95581;95569;1;12
9211;95593;9;10621;4
9212;95597;9;10621;8
9213;95605;109;877;12
9214;95617;7;13659;4
9215;95621;21;4553;8
9216;95629;5;19125;4
9217;95633;21;4553;20
9218;95653;95629;1;24
9219;95677;27;3543;16
9220;95693;15;6379;8
9221;95701;7;13671;4
9222;95705;9;10633;8
9223;95713;61;1569;4
9224;95717;19141;5;12
9225;95729;31907;3;8
9226;95737;95701;1;36
9227;95773;17;5633;12
9228;95785;7;13683;4
9229;95789;21;4561;8
9230;95797;37;2589;4
9231;95801;95789;1;12
9232;95813;95801;1;12
9233;95825;45;2129;20
9234;95845;9;10649;4
9235;95849;9;10649;8
9236;95857;89;1077;4
9237;95861;89;1077;8
9238;95869;5;19173;4
9239;95873;11;8715;8
9240;95881;21;4565;16
9241;95897;31963;3;8
9242;95905;19;5047;12
9243;95917;19181;5;12
9244;95929;95917;1;12
9245;95941;25;3837;16
9246;95957;9;10661;8
9247;95965;21;4569;16
9248;95981;31991;3;8
9249;95989;13711;7;12
9250;96001;95989;1;12
9251;96013;32003;3;4
9252;96017;13;7385;12
9253;96029;9;10669;8
9254;96037;47;2043;16
9255;96053;8731;11;12
9256;96065;96053;1;12
9257;96077;39;2463;20
9258;96097;9;10677;4
9259;96101;9;10677;8
9260;96109;27;3559;16
9261;96125;223;431;12
9262;96137;25;3845;12
9263;96149;73;1317;8
9264;96157;32051;3;4
9265;96161;32051;3;8
9266;96169;96157;1;12
9267;96181;32059;3;4
9268;96185;96149;1;36
9269;96221;23;4183;12
9270;96233;15;6415;8
9271;96241;9;10693;4
9272;96245;9;10693;8
9273;96253;157;613;12
9274;96265;11;8751;4
9275;96269;13751;7;12
9276;96281;9;10697;8
9277;96289;5;19257;4
9278;96293;33;2917;32
9279;96325;97;993;4
9280;96329;97;993;8
9281;96337;97;993;16
9282;96353;9;10705;8
9283;96361;32119;3;4
9284;96365;32119;3;8
9285;96373;7;13767;4
9286;96377;13;7413;8
9287;96385;9;10709;4
9288;96389;96377;1;12
9289;96401;11;8763;8
9290;96409;47;2051;12
9291;96421;229;421;12
9292;96433;13;7417;12
9293;96445;73;1321;12
9294;96457;7;13779;4
9295;96461;9;10717;8
9296;96469;5;19293;4
9297;96473;21;4593;20
9298;96493;9;10721;4
9299;96497;9;10721;8
9300;96505;96493;1;12
9301;96517;19;5079;16
9302;96533;9;10725;8
9303;96541;7;13791;4
9304;96545;21;4597;8
9305;96553;32183;3;4
9306;96557;37;2609;24
9307;96581;32191;3;8
9308;96589;13;7429;12
9309;96601;221;437;24
9310;96625;7;13803;4
9311;96629;21;4601;8
9312;96637;9;10737;4
9313;96641;21;4601;20
9314;96661;11;8787;4
9315;96665;11;8787;8
9316;96673;96661;1;12
9317;96685;277;349;12
9318;96697;61;1585;12
9319;96709;5;19341;4
9320;96713;59;1639;12
9321;96725;17;5689;12
9322;96737;25;3869;12
9323;96749;9;10749;8
9324;96757;55;1759;12
9325;96769;96757;1;12
9326;96781;9;10753;4
9327;96785;29;3337;12
9328;96797;29;3337;24
9329;96821;9;10757;8
9330;96829;13831;7;12
9331;96841;25;3873;16
9332;96857;9;10761;8
9333;96865;83;1167;4
9334;96869;27;3587;20
9335;96889;5;19377;4
9336;96893;19;5099;12
9337;96905;96893;1;12
9338;96917;32303;3;8
9339;96925;32303;3;16
9340;96941;61;1589;12
9341;96953;79;1227;20
9342;96973;32323;3;4
9343;96977;41;2365;12
9344;96989;32327;3;8
9345;96997;9;10777;4
9346;97001;32327;3;20
9347;97021;73;1329;4
9348;97025;29;3345;20
9349;97045;73;1329;28
9350;97073;9;10785;8
9351;97081;32359;3;4
9352;97085;27;3595;20
9353;97105;151;643;12
9354;97117;32371;3;4
9355;97121;19;5111;12
9356;97133;17;5713;12
9357;97145;137;709;12
9358;97157;13;7473;8
9359;97165;139;699;4
9360;97169;139;699;8
9361;97177;19433;5;12
9362;97189;97177;1;12
9363;97201;179;543;4
9364;97205;179;543;8
9365;97213;13;7477;12
9366;97225;21;4629;16
9367;97241;8839;11;12
9368;97253;8839;11;24
9369;97277;32423;3;8
9370;97285;37;2629;12
9371;97297;7;13899;4
9372;97301;89;1093;24
9373;97325;39;2495;20
9374;97345;131;743;12
9375;97357;19469;5;12
9376;97369;5;19473;4
9377;97373;15;6491;8
9378;97381;7;13911;4
9379;97385;21;4637;8
9380;97393;9;10821;4
9381;97397;21;4637;20
9382;97417;19;5127;4
9383;97421;19;5127;8
9384;97429;61;1597;12
9385;97441;32479;3;4
9386;97445;32479;3;8
9387;97453;11;8859;4
9388;97457;11;8859;8
9389;97465;7;13923;4
9390;97469;32479;3;32
9391;97501;9;10833;4
9392;97505;9;10833;8
9393;97513;23;4239;16
9394;97529;32503;3;20
9395;97549;5;19509;4
9396;97553;15;6503;8
9397;97561;21;4645;16
9398;97577;9;10841;8
9399;97585;53;1841;12
9400;97597;29;3365;12
9401;97609;5;19521;4
9402;97613;9;10845;8
9403;97621;97609;1;12
9404;97633;39;2503;16
9405;97649;163;599;12
9406;97661;97649;1;12
9407;97673;57;1713;32
9408;97705;32563;3;16
9409;97721;9;10857;8
9410;97729;5;19545;4
9411;97733;13;7517;12
9412;97745;25;3909;20
9413;97765;67;1459;12
9414;97777;13;7521;4
9415;97781;13;7521;8
9416;97789;19553;5;24
9417;97813;32603;3;4
9418;97817;31;3155;12
9419;97829;29;3373;12
9420;97841;32611;3;8
9421;97849;227;431;12
9422;97861;97849;1;12
9423;97873;17;5757;4
9424;97877;17;5757;8
9425;97885;97849;1;36
9426;97921;127;771;4
9427;97925;47;2083;24
9428;97949;17;5761;12
9429;97961;103;951;8
9430;97969;5;19593;4
9431;97973;9;10885;8
9432;97981;11;8907;4
9433;97985;21;4665;20
9434;98005;9;10889;4
9435;98009;9;10889;8
9436;98017;10889;9;16
9437;98033;15;6535;8
9438;98041;9;10893;4
9439;98045;13;7541;12
9440;98057;19609;5;12
9441;98069;98057;1;12
9442;98081;281;349;12
9443;98093;13;7545;8
9444;98101;47;2087;12
9445;98113;98101;1;12
9446;98125;32707;3;4
9447;98129;32707;3;8
9448;98137;25;3925;12
9449;98149;21;4673;16
9450;98165;27;3635;20
9451;98185;37;2653;24
9452;98209;5;19641;4
9453;98213;15;6547;8
9454;98221;7;14031;4
9455;98225;98213;1;12
9456;98237;21;4677;20
9457;98257;9;10917;4
9458;98261;9;10917;8
9459;98269;98257;1;12
9460;98281;98269;1;12
9461;98293;9;10921;4
9462;98297;9;10921;8
9463;98305;7;14043;4
9464;98309;21;4681;8
9465;98317;32771;3;4
9466;98321;98297;1;24
9467;98345;98321;1;24
9468;98369;9;10929;8
9469;98377;103;955;12
9470;98389;5;19677;4
9471;98393;131;751;12
9472;98405;131;751;24
9473;98429;53;1857;8
9474;98437;25;3937;12
9475;98449;5;19689;4
9476;98453;10937;9;20
9477;98473;8951;11;12
9478;98485;17;5793;4
9479;98489;19;5183;12
9480;98501;63;1563;32
9481;98533;83;1187;12
9482;98545;32843;3;16
9483;98561;13;7581;8
9484;98569;5;19713;4
9485;98573;98561;1;12
9486;98585;98573;1;12
9487;98597;59;1671;8
9488;98605;8963;11;12
9489;98617;9;10957;4
9490;98621;14087;7;12
9491;98633;15;6575;8
9492;98641;7;14091;4
9493;98645;53;1861;12
9494;98657;109;905;12
9495;98669;32887;3;8
9496;98677;35;2819;12
9497;98689;101;977;12
9498;98701;98689;1;12
9499;98713;13;7593;4
9500;98717;19;5195;12
9501;98729;9;10969;8
9502;98737;32911;3;4
9503;98741;98729;1;12
9504;98753;293;337;12
9505;98765;9;10973;8
9506;98773;29;3405;28
9507;98801;9;10977;8
9508;98809;31;3187;12
9509;98821;21;4705;16
9510;98837;9;10981;8
9511;98845;47;2103;4
9512;98849;79;1251;20
9513;98869;5;19773;4
9514;98873;9;10985;8
9515;98881;23;4299;4
9516;98885;23;4299;8
9517;98893;7;14127;4
9518;98897;19777;5;12
9519;98909;21;4709;20
9520;98929;131;755;24
9521;98953;32983;3;4
9522;98957;32983;3;8
9523;98965;98953;1;12
9524;98977;7;14139;4
9525;98981;13;7613;12
9526;98993;98981;1;12
9527;99005;32999;3;8
9528;99013;9;11001;4
9529;99017;9;11001;8
9530;99025;99013;1;12
9531;99037;11;9003;4
9532;99041;11;9003;8
9533;99049;5;19809;4
9534;99053;99041;1;12
9535;99065;21;4717;8
9536;99073;21;4717;16
9537;99089;9;11009;8
9538;99097;17;5829;4
9539;99101;17;5829;8
9540;99109;17;5829;16
9541;99125;9;11013;8
9542;99133;173;573;4
9543;99137;13;7625;12
9544;99149;21;4721;8
9545;99157;21;4721;16
9546;99173;11;9015;8
9547;99181;31;3199;12
9548;99193;99181;1;12
9549;99205;103;963;16
9550;99221;33071;3;8
9551;99229;5;19845;4
9552;99233;9;11025;8
9553;99241;21;4725;16
9554;99257;33083;3;8
9555;99265;9;11029;4
9556;99269;9;11029;8
9557;99277;19853;5;12
9558;99289;33091;3;16
9559;99305;31;3203;12
9560;99317;21;4729;8
9561;99325;199;499;24
9562;99349;5;19869;4
9563;99353;71;1399;24
9564;99377;33119;3;20
9565;99397;7;14199;4
9566;99401;21;4733;8
9567;99409;5;19881;4
9568;99413;99401;1;12
9569;99425;31;3207;8
9570;99433;11;9039;4
9571;99437;11;9039;8
9572;99445;49;2029;24
9573;99469;271;367;12
9574;99481;7;14211;4
9575;99485;9;11053;8
9576;99493;13;7653;4
9577;99497;57;1745;32
9578;99529;35;2843;24
9579;99553;9;11061;4
9580;99557;9;11061;8
9581;99565;7;14223;4
9582;99569;11;9051;8
9583;99577;33191;3;4
9584;99581;33179;3;44
9585;99625;23;4331;12
9586;99637;33211;3;4
9587;99641;11069;9;20
9588;99661;5861;17;24
9589;99685;149;669;4
9590;99689;149;669;8
9591;99697;19937;5;12
9592;99709;5;19941;4
9593;99713;15;6647;8
9594;99721;43;2319;4
9595;99725;43;2319;8
9596;99733;99721;1;12
9597;99745;33247;3;4
9598;99749;9067;11;12
9599;99761;13;7673;12
9600;99773;41;2433;20
9601;99793;47;2123;12
9602;99805;9;11089;4
9603;99809;9;11089;8
9604;99817;7;14259;4
9605;99821;21;4753;8
9606;99829;5;19965;4
9607;99833;21;4753;20
9608;99853;83;1203;4
9609;99857;83;1203;8
9610;99865;13;7681;12
9611;99877;9;11097;4
9612;99881;33287;3;20
9613;99901;7;14271;4
9614;99905;191;523;12
9615;99917;13;7685;12
9616;99929;19;5259;8
9617;99937;31;3223;24
9618;99961;11;9087;4
9619;99965;11;9087;8
9620;99973;47;2127;4
9621;99977;47;2127;8
9622;99985;7;14283;4
9623;99989;33;3029;32
9624;100021;9;11113;4
9625;100025;9091;11;24
9626;100049;33347;3;8
9627;100057;17;5885;12
9628;100069;100057;1;12
9629;100081;33359;3;4
9630;100085;21;4765;20
9631;100105;61;1641;4
9632;100109;61;1641;8
9633;100117;20021;5;12
9634;100129;17;5889;16
9635;100145;29;3453;8
9636;100153;29;3453;16
9637;100169;21;4769;20
9638;100189;5;20037;4
9639;100193;15;6679;8
9640;100201;100189;1;12
9641;100213;33403;3;4
9642;100217;35;2863;12
9643;100229;11;9111;8
9644;100237;19;5275;12
9645;100249;5;20049;4
9646;100253;21;4773;20
9647;100273;9;11141;4
9648;100277;23;4359;20
9649;100297;33427;3;16
9650;100313;9;11145;8
9651;100321;7;14331;4
9652;100325;17;5901;8
9653;100333;53;1893;4
9654;100337;21;4777;20
9655;100357;11;9123;4
9656;100361;11;9123;8
9657;100369;100357;1;12
9658;100381;9;11153;4
9659;100385;9;11153;8
9660;100393;29;3461;24
9661;100417;9;11157;4
9662;100421;9127;11;24
9663;100445;137;733;24
9664;100469;113;889;12
9665;100481;107;939;8
9666;100489;5;20097;4
9667;100493;9;11165;8
9668;100501;139;723;4
9669;100505;100493;1;12
9670;100517;33503;3;8
9671;100525;83;1211;12
9672;100537;25;4021;12
9673;100549;5;20109;4
9674;100553;53;1897;12
9675;100565;6703;15;20
9676;100585;13;7737;4
9677;100589;43;2339;12
9678;100601;9;11177;8
9679;100609;5;20121;4
9680;100613;15;6707;8
9681;100621;100609;1;12
9682;100633;9;11181;4
9683;100637;9;11181;8
9684;100645;33547;3;4
9685;100649;27;3727;20
9686;100669;5;20133;4
9687;100673;9151;11;12
9688;100685;37;2721;8
9689;100693;33563;3;4
9690;100697;9151;11;36
9691;100733;15;6715;8
9692;100741;7;14391;4
9693;100745;9;11193;8
9694;100753;21;4797;16
9695;100769;33;3053;20
9696;100789;179;563;12
9697;100801;33599;3;4
9698;100805;33599;3;8
9699;100813;9;11201;4
9700;100817;9;11201;8
9701;100825;7;14403;4
9702;100829;181;557;12
9703;100841;100829;1;12
9704;100853;9;11205;8
9705;100861;33619;3;4
9706;100865;33619;3;8
9707;100873;17;5933;12
9708;100885;9;11209;4
9709;100889;20173;5;24
9710;100913;233;433;24
9711;100937;17;5937;8
9712;100945;14419;7;12
9713;100957;33647;3;16
9714;100973;15;6731;8
9715;100981;53;1905;16
9716;100997;9;11221;8
9717;101005;131;771;4
9718;101009;13;7769;12
9719;101021;97;1041;44
9720;101065;139;727;12
9721;101077;7;14439;4
9722;101081;21;4813;8
9723;101089;21;4813;16
9724;101105;9;11233;8
9725;101113;33703;3;4
9726;101117;33703;3;8
9727;101125;33703;3;16
9728;101141;9;11237;8
9729;101149;19;5323;12
9730;101161;7;14451;4
9731;101165;21;4817;8
9732;101173;101149;1;24
9733;101197;89;1137;4
9734;101201;89;1137;8
9735;101209;101197;1;12
9736;101221;33739;3;4
9737;101225;39;2595;20
9738;101245;9203;11;12
9739;101257;33751;3;4
9740;101261;103;983;12
9741;101273;15;6751;8
9742;101281;17;5957;12
9743;101293;101281;1;12
9744;101305;33767;3;4
9745;101309;47;2155;24
9746;101333;15;6755;8
9747;101341;17;5961;4
9748;101345;11257;9;32
9749;101377;19;5335;12
9750;101389;5;20277;4
9751;101393;49;2069;12
9752;101405;73;1389;8
9753;101413;7;14487;4
9754;101417;11;9219;8
9755;101425;9;11269;4
9756;101429;21;4829;20
9757;101449;43;2359;12
9758;101461;6763;15;16
9759;101477;149;681;8
9760;101485;33827;3;4
9761;101489;101477;1;12
9762;101501;101489;1;12
9763;101513;21;4833;20
9764;101533;9;11281;4
9765;101537;39;2603;20
9766;101557;33851;3;4
9767;101561;33851;3;8
9768;101569;5;20313;4
9769;101573;9;11285;8
9770;101581;51;1991;40
9771;101621;27;3763;20
9772;101641;9;11293;4
9773;101645;9;11293;8
9774;101653;101641;1;12
9775;101665;101653;1;12
9776;101677;9;11297;4
9777;101681;19;5351;12
9778;101693;15;6779;8
9779;101701;109;933;4
9780;101705;109;933;8
9781;101713;101701;1;12
9782;101725;37;2749;12
9783;101737;33911;3;4
9784;101741;33911;3;8
9785;101749;5;20349;4
9786;101753;101741;1;12
9787;101765;97;1049;12
9788;101777;33923;3;8
9789;101785;9;11309;4
9790;101789;9;11309;8
9791;101797;20357;5;12
9792;101809;5;20361;4
9793;101813;14543;7;12
9794;101825;9;11313;8
9795;101833;7;14547;4
9796;101837;13;7833;8
9797;101845;21;4849;16
9798;101861;9;11317;8
9799;101869;5;20373;4
9800;101873;15;6791;8
9801;101881;14551;7;24
9802;101905;33967;3;4
9803;101909;33967;3;8
9804;101917;7;14559;4
9805;101921;21;4853;8
9806;101929;5;20385;4
9807;101933;101921;1;12
9808;101945;13;7841;12
9809;101957;17;5997;8
9810;101965;43;2371;12
9811;101977;11329;9;16
9812;101993;13;7845;8
9813;102001;79;1291;12
9814;102013;37;2757;4
9815;102017;23;4435;12
9816;102029;63;1619;32
9817;102061;34019;3;4
9818;102065;61;1673;12
9819;102077;9;11341;8
9820;102085;7;14583;4
9821;102089;102077;1;12
9822;102101;21;4861;20
9823;102121;29;3521;12
9824;102133;34039;3;16
9825;102149;14591;7;12
9826;102161;27;3783;20
9827;102181;21;4865;16
9828;102197;23;4443;8
9829;102205;13;7861;12
9830;102217;20441;5;12
9831;102229;5;20445;4
9832;102233;15;6815;8
9833;102241;102229;1;12
9834;102253;7;14607;4
9835;102257;9;11361;8
9836;102265;53;1929;28
9837;102293;9;11365;8
9838;102301;17;6017;12
9839;102313;67;1527;4
9840;102317;67;1527;8
9841;102325;9;11369;4
9842;102329;9;11369;8
9843;102337;7;14619;4
9844;102341;11;9303;8
9845;102349;101;1013;36
9846;102385;23;4451;12
9847;102397;9;11377;4
9848;102401;9;11377;8
9849;102409;31;3303;16
9850;102425;21;4877;8
9851;102433;9;11381;4
9852;102437;17;6025;12
9853;102449;34147;3;8
9854;102457;13;7881;4
9855;102461;34147;3;20
9856;102481;43;2383;12
9857;102493;127;807;4
9858;102497;14639;7;24
9859;102521;9319;11;12
9860;102533;15;6835;8
9861;102541;9;11393;4
9862;102545;25;4101;20
9863;102565;17;6033;4
9864;102569;34183;3;20
9865;102589;5;20517;4
9866;102593;19;5399;12
9867;102605;102593;1;12
9868;102617;9;11401;8
9869;102625;79;1299;4
9870;102629;79;1299;8
9871;102637;79;1299;16
9872;102653;9;11405;8
9873;102661;19;5403;4
9874;102665;19;5403;8
9875;102673;7;14667;4
9876;102677;20533;5;12
9877;102689;102677;1;12
9878;102701;29;3541;12
9879;102713;3803;27;32
9880;102745;23;4467;4
9881;102749;71;1447;12
9882;102761;9;11417;8
9883;102769;21;4893;16
9884;102785;34259;3;8
9885;102793;9;11421;4
9886;102797;9;11421;8
9887;102805;27;3807;16
9888;102821;43;2391;8
9889;102829;13;7909;12
9890;102841;25;4113;16
9891;102857;67;1535;12
9892;102869;9;11429;8
9893;102877;53;1941;4
9894;102881;33;3117;20
9895;102901;31;3319;12
9896;102913;34303;3;4
9897;102917;55;1871;12
9898;102929;55;1871;24
9899;102953;311;331;12
9900;102965;34319;3;8
9901;102973;34319;3;16
9902;102989;47;2191;12
9903;103001;47;2191;24
9904;103025;21;4905;20
9905;103045;9;11449;4
9906;103049;9;11449;8
9907;103057;37;2785;12
9908;103069;34351;3;16
9909;103085;9;11453;8
9910;103093;9371;11;12
9911;103105;21;4909;16
9912;103121;9;11457;8
9913;103129;14731;7;12
9914;103141;13;7933;12
9915;103153;7933;13;24
9916;103177;7;14739;4
9917;103181;83;1243;12
9918;103193;13;7937;12
9919;103205;37;2789;12
9920;103217;34403;3;8
9921;103225;121;853;12
9922;103237;13;7941;4
9923;103241;34403;3;32
9924;103273;21;4917;16
9925;103289;173;597;8
9926;103297;61;1693;24
9927;103321;34439;3;4
9928;103325;34439;3;8
9929;103333;9;11481;4
9930;103337;25;4133;12
9931;103349;19;5439;8
9932;103357;47;2199;4
9933;103361;43;2403;32
9934;103393;67;1543;12
9935;103405;9;11489;4
9936;103409;14771;7;12
9937;103421;34471;3;8
9938;103429;19;5443;12
9939;103441;9;11493;4
9940;103445;9403;11;12
9941;103457;34483;3;8
9942;103465;73;1417;24
9943;103489;20693;5;24
9944;103513;7;14787;4
9945;103517;9;11501;8
9946;103525;11;9411;4
9947;103529;21;4929;20
9948;103549;5;20709;4
9949;103553;9;11505;8
9950;103561;103549;1;12
9951;103573;19;5451;4
9952;103577;19;5451;8
9953;103585;103573;1;12
9954;103597;17;6093;16
9955;103613;211;491;12
9956;103625;103613;1;12
9957;103637;29;3573;20
9958;103657;19;5455;12
9959;103669;103657;1;12
9960;103681;7;14811;4
9961;103685;21;4937;8
9962;103693;21;4937;16
9963;103709;13;7977;8
9964;103717;41;2529;28
9965;103745;25;4149;20
9966;103765;7;14823;4
9967;103769;9;11529;8
9968;103777;299;347;24
9969;103801;9;11533;4
9970;103805;9;11533;8
9971;103813;103801;1;12
9972;103825;103813;1;12
9973;103837;9;11537;4
9974;103841;9;11537;8
9975;103849;5;20769;4
9976;103853;103841;1;12
9977;103865;17;6109;12
9978;103877;20773;5;12
9979;103889;27;3847;20
9980;103909;5;20781;4
9981;103913;9;11545;8
9982;103921;11;9447;4
9983;103925;11;9447;8
9984;103933;17;6113;12
9985;103945;6113;17;24
9986;103969;5;20793;4
9987;103973;15;6931;8
9988;103981;103969;1;12
9989;103993;17;6117;4
9990;103997;35;2971;12
9991;104009;103997;1;12
9992;104021;104009;1;12
9993;104033;104021;1;12
9994;104045;34679;3;8
9995;104053;9;11561;4
9996;104057;9;11561;8
9997;104065;33;3153;16
9998;104081;113;921;8
9999;104089;65;1601;24
